# Blender 5.2.2 LTS
# www.blender.org
mtllib environment.mtl
g st_maria_praca_TH_RENDER_st_maria_praca_TH_RENDER_seed
v -17.799999 0.000000 8.000000
v -17.156757 0.000000 8.000000
v -16.513514 0.000000 8.000000
v -15.870271 0.000000 8.000000
v -15.227027 0.000000 8.000000
v -14.583784 0.000000 8.000000
v -13.940540 0.000000 8.000000
v -13.297297 0.000000 8.000000
v -12.654054 0.000000 8.000000
v -12.010811 0.000000 8.000000
v -11.367568 0.000000 8.000000
v -10.724324 0.000000 8.000000
v -10.081081 0.000000 8.000000
v -9.437838 0.000000 8.000000
v -8.794595 0.000000 8.000000
v -8.151351 0.000000 8.000000
v -7.508108 0.000000 8.000000
v -6.864865 0.000000 8.000000
v -6.221622 0.000000 8.000000
v -5.578378 0.000000 8.000000
v -4.935135 0.000000 8.000000
v -4.291892 0.000000 8.000000
v -3.648649 0.000000 8.000000
v -3.005405 0.000000 8.000000
v -2.362162 0.000000 8.000000
v -1.718919 0.000000 8.000000
v -1.075676 0.000000 8.000000
v -0.432432 0.000000 8.000000
v 0.210811 0.000000 8.000000
v 0.854054 0.000000 8.000000
v 1.497297 0.000000 8.000000
v 2.140541 0.000000 8.000000
v 2.783784 0.000000 8.000000
v 3.427027 0.000000 8.000000
v 4.070270 0.000000 8.000000
v 4.713513 0.000000 8.000000
v 5.356757 0.000000 8.000000
v 6.000000 0.000000 8.000000
v -17.799999 0.000000 0.000000
v -17.156757 0.000000 0.000000
v -16.513514 0.000000 0.000000
v -15.870271 0.000000 0.000000
v -15.227027 0.000000 0.000000
v -14.583784 0.000000 0.000000
v -13.940540 0.000000 0.000000
v -13.297297 0.000000 0.000000
v -12.654054 0.000000 0.000000
v -12.010811 0.000000 0.000000
v -11.367568 0.000000 0.000000
v -10.724324 0.000000 0.000000
v -10.081081 0.000000 0.000000
v -9.437838 0.000000 0.000000
v -8.794595 0.000000 0.000000
v -8.151351 0.000000 0.000000
v -7.508108 0.000000 0.000000
v -6.864865 0.000000 0.000000
v -6.221622 0.000000 0.000000
v -5.578378 0.000000 0.000000
v -4.935135 0.000000 0.000000
v -4.291892 0.000000 0.000000
v -3.648649 0.000000 0.000000
v -3.005405 0.000000 0.000000
v -2.362162 0.000000 0.000000
v -1.718919 0.000000 0.000000
v -1.075676 0.000000 0.000000
v -0.432432 0.000000 0.000000
v 0.210811 0.000000 0.000000
v 0.854054 0.000000 0.000000
v 1.497297 0.000000 0.000000
v 2.140541 0.000000 0.000000
v 2.783784 0.000000 0.000000
v 3.427027 0.000000 0.000000
v 4.070270 0.000000 0.000000
v 4.713513 0.000000 0.000000
v 5.356757 0.000000 0.000000
v 6.000000 0.000000 0.000000
v -17.799999 0.000000 -2.000000
v -17.156757 0.000000 -2.000000
v -16.513514 0.000000 -2.000000
v -15.870271 0.000000 -2.000000
v -15.227027 0.000000 -2.000000
v -14.583784 0.000000 -2.000000
v -13.940540 0.000000 -2.000000
v -13.297297 0.000000 -2.000000
v -12.654054 0.000000 -2.000000
v -12.010811 0.000000 -2.000000
v -11.367568 0.000000 -2.000000
v -10.724324 0.000000 -2.000000
v -10.081081 0.000000 -2.000000
v -9.437838 0.000000 -2.000000
v -8.794595 0.000000 -2.000000
v -8.151351 0.000000 -2.000000
v -7.508108 0.000000 -2.000000
v -6.864865 0.000000 -2.000000
v -6.221622 0.000000 -2.000000
v -5.578378 0.000000 -2.000000
v -4.935135 0.000000 -2.000000
v -4.291892 0.000000 -2.000000
v -3.648649 0.000000 -2.000000
v -3.005405 0.000000 -2.000000
v -2.362162 0.000000 -2.000000
v -1.718919 0.000000 -2.000000
v -1.075676 0.000000 -2.000000
v -0.432432 0.000000 -2.000000
v 0.210811 0.000000 -2.000000
v 0.854054 0.000000 -2.000000
v 1.497297 0.000000 -2.000000
v 2.140541 0.000000 -2.000000
v 2.783784 0.000000 -2.000000
v 3.427027 0.000000 -2.000000
v 4.070270 0.000000 -2.000000
v 4.713513 0.000000 -2.000000
v 5.356757 0.000000 -2.000000
v 6.000000 0.000000 -2.000000
v -17.799999 0.300000 -8.000000
v -17.156757 0.300000 -8.000000
v -16.513514 0.300000 -8.000000
v -15.870271 0.300000 -8.000000
v -15.227027 0.300000 -8.000000
v -14.583784 0.300000 -8.000000
v -13.940540 0.300000 -8.000000
v -13.297297 0.300000 -8.000000
v -12.654054 0.300000 -8.000000
v -12.010811 0.300000 -8.000000
v -11.367568 0.300000 -8.000000
v -10.724324 0.300000 -8.000000
v -10.081081 0.300000 -8.000000
v -9.437838 0.300000 -8.000000
v -8.794595 0.300000 -8.000000
v -8.151351 0.300000 -8.000000
v -7.508108 0.300000 -8.000000
v -6.864865 0.300000 -8.000000
v -6.221622 0.300000 -8.000000
v -5.578378 0.300000 -8.000000
v -4.935135 0.300000 -8.000000
v -4.291892 0.300000 -8.000000
v -3.648649 0.300000 -8.000000
v -3.005405 0.300000 -8.000000
v -2.362162 0.300000 -8.000000
v -1.718919 0.300000 -8.000000
v -1.075676 0.300000 -8.000000
v -0.432432 0.300000 -8.000000
v 0.210811 0.300000 -8.000000
v 0.854054 0.300000 -8.000000
v 1.497297 0.300000 -8.000000
v 2.140541 0.300000 -8.000000
v 2.783784 0.300000 -8.000000
v 3.427027 0.300000 -8.000000
v 4.070270 0.300000 -8.000000
v 4.713513 0.300000 -8.000000
v 5.356757 0.300000 -8.000000
v 6.000000 0.300000 -8.000000
v -17.799999 0.300000 -12.000000
v -17.156757 0.300000 -12.000000
v -16.513514 0.300000 -12.000000
v -15.870271 0.300000 -12.000000
v -15.227027 0.300000 -12.000000
v -14.583784 0.300000 -12.000000
v -13.940540 0.300000 -12.000000
v -13.297297 0.300000 -12.000000
v -12.654054 0.300000 -12.000000
v -12.010811 0.300000 -12.000000
v -11.367568 0.300000 -12.000000
v -10.724324 0.300000 -12.000000
v -10.081081 0.300000 -12.000000
v -9.437838 0.300000 -12.000000
v -8.794595 0.300000 -12.000000
v -8.151351 0.300000 -12.000000
v -7.508108 0.300000 -12.000000
v -6.864865 0.300000 -12.000000
v -6.221622 0.300000 -12.000000
v -5.578378 0.300000 -12.000000
v -4.935135 0.300000 -12.000000
v -4.291892 0.300000 -12.000000
v -3.648649 0.300000 -12.000000
v -3.005405 0.300000 -12.000000
v -2.362162 0.300000 -12.000000
v -1.718919 0.300000 -12.000000
v -1.075676 0.300000 -12.000000
v -0.432432 0.300000 -12.000000
v 0.210811 0.300000 -12.000000
v 0.854054 0.300000 -12.000000
v 1.497297 0.300000 -12.000000
v 2.140541 0.300000 -12.000000
v 2.783784 0.300000 -12.000000
v 3.427027 0.300000 -12.000000
v 4.070270 0.300000 -12.000000
v 4.713513 0.300000 -12.000000
v 5.356757 0.300000 -12.000000
v 6.000000 0.300000 -12.000000
v -17.799999 0.300000 -22.000000
v -17.156757 0.300000 -22.000000
v -16.513514 0.300000 -22.000000
v -15.870271 0.300000 -22.000000
v -15.227027 0.300000 -22.000000
v -14.583784 0.300000 -22.000000
v -13.940540 0.300000 -22.000000
v -13.297297 0.300000 -22.000000
v -12.654054 0.300000 -22.000000
v -12.010811 0.300000 -22.000000
v -11.367568 0.300000 -22.000000
v -10.724324 0.300000 -22.000000
v -10.081081 0.300000 -22.000000
v -9.437838 0.300000 -22.000000
v -8.794595 0.300000 -22.000000
v -8.151351 0.300000 -22.000000
v -7.508108 0.300000 -22.000000
v -6.864865 0.300000 -22.000000
v -6.221622 0.300000 -22.000000
v -5.578378 0.300000 -22.000000
v -4.935135 0.300000 -22.000000
v -4.291892 0.300000 -22.000000
v -3.648649 0.300000 -22.000000
v -3.005405 0.300000 -22.000000
v -2.362162 0.300000 -22.000000
v -1.718919 0.300000 -22.000000
v -1.075676 0.300000 -22.000000
v -0.432432 0.300000 -22.000000
v 0.210811 0.300000 -22.000000
v 0.854054 0.300000 -22.000000
v 1.497297 0.300000 -22.000000
v 2.140541 0.300000 -22.000000
v 2.783784 0.300000 -22.000000
v 3.427027 0.300000 -22.000000
v 4.070270 0.300000 -22.000000
v 4.713513 0.300000 -22.000000
v 5.356757 0.300000 -22.000000
v 6.000000 0.300000 -22.000000
v 4.500000 0.300000 1.700000
v 4.950000 0.300000 1.700000
v 4.950000 0.300000 0.175000
v 4.500000 0.300000 0.175000
v 4.500000 1.220000 1.700000
v 4.950000 1.220000 1.700000
v 4.950000 1.220000 0.175000
v 4.500000 1.220000 0.175000
v 4.500000 2.970000 1.700000
v 4.950000 2.970000 1.700000
v 4.950000 2.970000 0.175000
v 4.500000 2.970000 0.175000
v 4.500000 3.800000 1.700000
v 4.950000 3.800000 1.700000
v 4.950000 3.800000 0.175000
v 4.500000 3.800000 0.175000
v 4.950000 0.300000 -1.175000
v 4.500000 0.300000 -1.175000
v 4.950000 1.220000 -1.175000
v 4.500000 1.220000 -1.175000
v 4.950000 2.970000 -1.175000
v 4.500000 2.970000 -1.175000
v 4.950000 3.800000 -1.175000
v 4.500000 3.800000 -1.175000
v 4.950000 0.300000 -2.825000
v 4.500000 0.300000 -2.825000
v 4.950000 1.220000 -2.825000
v 4.500000 1.220000 -2.825000
v 4.950000 2.970000 -2.825000
v 4.500000 2.970000 -2.825000
v 4.950000 3.800000 -2.825000
v 4.500000 3.800000 -2.825000
v 4.950000 0.300000 -4.175000
v 4.500000 0.300000 -4.175000
v 4.950000 1.220000 -4.175000
v 4.500000 1.220000 -4.175000
v 4.950000 2.970000 -4.175000
v 4.500000 2.970000 -4.175000
v 4.950000 3.800000 -4.175000
v 4.500000 3.800000 -4.175000
v 4.950000 0.300000 -6.125000
v 4.500000 0.300000 -6.125000
v 4.950000 1.220000 -6.125000
v 4.500000 1.220000 -6.125000
v 4.950000 2.970000 -6.125000
v 4.500000 2.970000 -6.125000
v 4.950000 3.800000 -6.125000
v 4.500000 3.800000 -6.125000
v 4.950000 0.300000 -7.475000
v 4.500000 0.300000 -7.475000
v 4.950000 1.220000 -7.475000
v 4.500000 1.220000 -7.475000
v 4.950000 2.970000 -7.475000
v 4.950000 3.800000 -7.475000
v 4.500000 3.800000 -7.475000
v 4.950000 0.300000 -8.450000
v 4.950000 1.220000 -8.450000
v 4.500000 1.220000 -8.450000
v 4.500000 2.970000 -7.475000
v 4.950000 2.970000 -8.450000
v 4.500000 2.970000 -8.450000
v 4.950000 3.800000 -8.450000
v 4.500000 3.800000 -8.450000
v 4.500000 0.300000 1.925000
v 9.500000 0.300000 1.925000
v 9.500000 0.300000 1.475000
v 4.500000 0.300000 1.475000
v 4.500000 3.800000 1.925000
v 9.500000 3.800000 1.925000
v 9.500000 3.800000 1.475000
v 4.500000 3.800000 1.475000
v 4.500000 0.300000 -8.224999
v 6.550000 0.300000 -8.224999
v 6.550000 0.300000 -8.675000
v 4.500000 0.300000 -8.675000
v 4.500000 3.800000 -8.224999
v 6.550000 3.800000 -8.224999
v 6.550000 3.800000 -8.675000
v 4.500000 3.800000 -8.675000
v 7.650000 0.300000 -8.224999
v 9.500000 0.300000 -8.224999
v 9.500000 0.300000 -8.675000
v 7.650000 0.300000 -8.675000
v 7.650000 3.800000 -8.224999
v 9.500000 3.800000 -8.224999
v 9.500000 3.800000 -8.675000
v 7.650000 3.800000 -8.675000
v 7.650000 2.600000 -8.224999
v 6.550000 2.600000 -8.675000
v 9.049999 0.300000 1.700000
v 9.500000 0.300000 1.700000
v 9.500000 0.300000 -8.450000
v 9.049999 0.300000 -8.450000
v 9.049999 3.800000 1.700000
v 9.500000 3.800000 1.700000
v 9.500000 3.800000 -8.450000
v 9.049999 3.800000 -8.450000
v 4.500000 0.160000 1.700000
v 9.500000 0.160000 1.700000
v 9.500000 0.160000 -8.450000
v 4.500000 0.160000 -8.450000
v 4.500000 0.300000 -8.450000
v 4.450000 -0.120000 1.750000
v 9.550000 -0.120000 1.750000
v 9.550000 -0.120000 -8.500000
v 4.450000 -0.120000 -8.500000
v 4.450000 0.300000 1.750000
v 9.550000 0.300000 1.750000
v 9.550000 0.300000 -8.500000
v 4.450000 0.300000 -8.500000
v 4.070000 3.800000 2.100000
v 4.070000 3.800000 -8.850000
v 7.000000 5.050000 2.100000
v 7.000000 5.050000 -8.850000
v 9.930000 3.800000 2.100000
v 9.930000 3.800000 -8.850000
v 4.070000 3.640000 2.100000
v 4.070000 3.640000 -8.850000
v 7.000000 4.890000 2.100000
v 7.000000 4.890000 -8.850000
v 9.930000 3.640000 2.100000
v 9.930000 3.640000 -8.850000
v 4.500000 3.700000 1.700000
v 7.000000 4.920000 1.700000
v 9.500000 3.700000 1.700000
v 4.500000 3.700000 -8.450000
v 7.000000 4.920000 -8.450000
v 9.500000 3.700000 -8.450000
v 3.990000 3.570000 2.100000
v 4.220000 3.570000 2.100000
v 4.220000 3.570000 -8.850000
v 3.990000 3.570000 -8.850000
v 3.990000 3.730000 2.100000
v 4.220000 3.730000 2.100000
v 4.220000 3.730000 -8.850000
v 3.990000 3.730000 -8.850000
v 4.420000 1.135000 0.320000
v 4.410000 1.135000 0.310000
v 4.420000 1.125000 0.310000
v 4.770000 1.135000 0.320000
v 4.770000 1.125000 0.310000
v 4.780000 1.135000 0.310000
v 4.770000 1.135000 0.175000
v 4.780000 1.135000 0.185000
v 4.770000 1.125000 0.185000
v 4.410000 1.135000 0.185000
v 4.420000 1.135000 0.175000
v 4.420000 1.125000 0.185000
v 4.410000 3.055000 0.310000
v 4.420000 3.055000 0.320000
v 4.420000 3.065000 0.310000
v 4.770000 3.055000 0.320000
v 4.780000 3.055000 0.310000
v 4.770000 3.065000 0.310000
v 4.780000 3.055000 0.185000
v 4.770000 3.055000 0.175000
v 4.770000 3.065000 0.185000
v 4.410000 3.055000 0.185000
v 4.420000 3.065000 0.185000
v 4.420000 3.055000 0.175000
v 4.420000 1.135000 -1.175000
v 4.410000 1.135000 -1.185000
v 4.420000 1.125000 -1.185000
v 4.770000 1.135000 -1.175000
v 4.770000 1.125000 -1.185000
v 4.780000 1.135000 -1.185000
v 4.770000 1.135000 -1.320000
v 4.780000 1.135000 -1.310000
v 4.770000 1.125000 -1.310000
v 4.410000 1.135000 -1.310000
v 4.420000 1.135000 -1.320000
v 4.420000 1.125000 -1.310000
v 4.410000 3.055000 -1.185000
v 4.420000 3.055000 -1.175000
v 4.420000 3.065000 -1.185000
v 4.770000 3.055000 -1.175000
v 4.780000 3.055000 -1.185000
v 4.770000 3.065000 -1.185000
v 4.780000 3.055000 -1.310000
v 4.770000 3.055000 -1.320000
v 4.770000 3.065000 -1.310000
v 4.410000 3.055000 -1.310000
v 4.420000 3.065000 -1.310000
v 4.420000 3.055000 -1.320000
v 4.420000 2.980000 0.320000
v 4.410000 2.980000 0.310000
v 4.420000 2.970000 0.310000
v 4.770000 2.980000 0.320000
v 4.770000 2.970000 0.310000
v 4.780000 2.980000 0.310000
v 4.770000 2.980000 -1.320000
v 4.780000 2.980000 -1.310000
v 4.770000 2.970000 -1.310000
v 4.410000 2.980000 -1.310000
v 4.420000 2.980000 -1.320000
v 4.420000 2.970000 -1.310000
v 4.410000 3.105000 0.310000
v 4.420000 3.105000 0.320000
v 4.420000 3.115000 0.310000
v 4.770000 3.105000 0.320000
v 4.780000 3.105000 0.310000
v 4.770000 3.115000 0.310000
v 4.780000 3.105000 -1.310000
v 4.770000 3.105000 -1.320000
v 4.770000 3.115000 -1.310000
v 4.410000 3.105000 -1.310000
v 4.420000 3.115000 -1.310000
v 4.420000 3.105000 -1.320000
v 4.168000 1.083000 0.435000
v 4.150000 1.083000 0.417000
v 4.168000 1.065000 0.417000
v 4.752000 1.083000 0.435000
v 4.752000 1.065000 0.417000
v 4.770000 1.083000 0.417000
v 4.752000 1.083000 -1.435000
v 4.770000 1.083000 -1.417000
v 4.752000 1.065000 -1.417000
v 4.150000 1.083000 -1.417000
v 4.168000 1.083000 -1.435000
v 4.168000 1.065000 -1.417000
v 4.150000 1.207000 0.417000
v 4.168000 1.207000 0.435000
v 4.168000 1.225000 0.417000
v 4.752000 1.207000 0.435000
v 4.770000 1.207000 0.417000
v 4.752000 1.225000 0.417000
v 4.770000 1.207000 -1.417000
v 4.752000 1.207000 -1.435000
v 4.752000 1.225000 -1.417000
v 4.150000 1.207000 -1.417000
v 4.168000 1.225000 -1.417000
v 4.168000 1.207000 -1.435000
v 4.675000 1.220000 0.175000
v 4.675000 2.970000 0.175000
v 4.675000 2.970000 -1.175000
v 4.675000 1.220000 -1.175000
v 4.385448 1.220000 0.337262
v 4.380654 1.220000 0.282472
v 3.721671 1.220000 0.340125
v 3.726465 1.220000 0.394916
v 4.385448 2.970000 0.337262
v 4.380654 2.970000 0.282472
v 3.721671 2.970000 0.340125
v 3.726465 2.970000 0.394916
v 4.002674 1.220000 -1.821913
v 3.960542 1.220000 -1.786559
v 4.385746 1.220000 -1.279821
v 4.427878 1.220000 -1.315174
v 4.002674 2.970000 -1.821913
v 3.960542 2.970000 -1.786559
v 4.385746 2.970000 -1.279821
v 4.427878 2.970000 -1.315174
v 4.420000 1.135000 -2.680000
v 4.410000 1.135000 -2.690000
v 4.420000 1.125000 -2.690000
v 4.770000 1.135000 -2.680000
v 4.770000 1.125000 -2.690000
v 4.780000 1.135000 -2.690000
v 4.770000 1.135000 -2.825000
v 4.780000 1.135000 -2.815000
v 4.770000 1.125000 -2.815000
v 4.410000 1.135000 -2.815000
v 4.420000 1.135000 -2.825000
v 4.420000 1.125000 -2.815000
v 4.410000 3.055000 -2.690000
v 4.420000 3.055000 -2.680000
v 4.420000 3.065000 -2.690000
v 4.770000 3.055000 -2.680000
v 4.780000 3.055000 -2.690000
v 4.770000 3.065000 -2.690000
v 4.780000 3.055000 -2.815000
v 4.770000 3.055000 -2.825000
v 4.770000 3.065000 -2.815000
v 4.410000 3.055000 -2.815000
v 4.420000 3.065000 -2.815000
v 4.420000 3.055000 -2.825000
v 4.420000 1.135000 -4.175000
v 4.410000 1.135000 -4.185000
v 4.420000 1.125000 -4.185000
v 4.770000 1.135000 -4.175000
v 4.770000 1.125000 -4.185000
v 4.780000 1.135000 -4.185000
v 4.770000 1.135000 -4.320000
v 4.780000 1.135000 -4.310000
v 4.770000 1.125000 -4.310000
v 4.410000 1.135000 -4.310000
v 4.420000 1.135000 -4.320000
v 4.420000 1.125000 -4.310000
v 4.410000 3.055000 -4.185000
v 4.420000 3.055000 -4.175000
v 4.420000 3.065000 -4.185000
v 4.770000 3.055000 -4.175000
v 4.780000 3.055000 -4.185000
v 4.770000 3.065000 -4.185000
v 4.780000 3.055000 -4.310000
v 4.770000 3.055000 -4.320000
v 4.770000 3.065000 -4.310000
v 4.410000 3.055000 -4.310000
v 4.420000 3.065000 -4.310000
v 4.420000 3.055000 -4.320000
v 4.420000 2.980000 -2.680000
v 4.410000 2.980000 -2.690000
v 4.420000 2.970000 -2.690000
v 4.770000 2.980000 -2.680000
v 4.770000 2.970000 -2.690000
v 4.780000 2.980000 -2.690000
v 4.770000 2.980000 -4.320000
v 4.780000 2.980000 -4.310000
v 4.770000 2.970000 -4.310000
v 4.410000 2.980000 -4.310000
v 4.420000 2.980000 -4.320000
v 4.420000 2.970000 -4.310000
v 4.410000 3.105000 -2.690000
v 4.420000 3.105000 -2.680000
v 4.420000 3.115000 -2.690000
v 4.770000 3.105000 -2.680000
v 4.780000 3.105000 -2.690000
v 4.770000 3.115000 -2.690000
v 4.780000 3.105000 -4.310000
v 4.770000 3.105000 -4.320000
v 4.770000 3.115000 -4.310000
v 4.410000 3.105000 -4.310000
v 4.420000 3.115000 -4.310000
v 4.420000 3.105000 -4.320000
v 4.168000 1.083000 -2.565000
v 4.150000 1.083000 -2.583000
v 4.168000 1.065000 -2.583000
v 4.752000 1.083000 -2.565000
v 4.752000 1.065000 -2.583000
v 4.770000 1.083000 -2.583000
v 4.752000 1.083000 -4.435000
v 4.770000 1.083000 -4.417000
v 4.752000 1.065000 -4.417000
v 4.150000 1.083000 -4.417000
v 4.168000 1.083000 -4.435000
v 4.168000 1.065000 -4.417000
v 4.150000 1.207000 -2.583000
v 4.168000 1.207000 -2.565000
v 4.168000 1.225000 -2.583000
v 4.752000 1.207000 -2.565000
v 4.770000 1.207000 -2.583000
v 4.752000 1.225000 -2.583000
v 4.770000 1.207000 -4.417000
v 4.752000 1.207000 -4.435000
v 4.752000 1.225000 -4.417000
v 4.150000 1.207000 -4.417000
v 4.168000 1.225000 -4.417000
v 4.168000 1.207000 -4.435000
v 4.675000 1.220000 -2.825000
v 4.675000 2.970000 -2.825000
v 4.675000 2.970000 -4.175000
v 4.675000 1.220000 -4.175000
v 4.415849 1.220000 -2.673803
v 4.384302 1.220000 -2.718856
v 3.842433 1.220000 -2.339435
v 3.873980 1.220000 -2.294382
v 4.415849 2.970000 -2.673803
v 4.384302 2.970000 -2.718856
v 3.842433 2.970000 -2.339435
v 3.873980 2.970000 -2.294382
v 3.724864 1.220000 -4.164162
v 3.739099 1.220000 -4.111036
v 4.378059 1.220000 -4.282245
v 4.363823 1.220000 -4.335371
v 3.724864 2.970000 -4.164162
v 3.739099 2.970000 -4.111036
v 4.378059 2.970000 -4.282245
v 4.363823 2.970000 -4.335371
v 4.420000 1.135000 -5.980000
v 4.410000 1.135000 -5.990000
v 4.420000 1.125000 -5.990000
v 4.770000 1.135000 -5.980000
v 4.770000 1.125000 -5.990000
v 4.780000 1.135000 -5.990000
v 4.770000 1.135000 -6.125000
v 4.780000 1.135000 -6.115000
v 4.770000 1.125000 -6.115000
v 4.410000 1.135000 -6.115000
v 4.420000 1.135000 -6.125000
v 4.420000 1.125000 -6.115000
v 4.410000 3.055000 -5.990000
v 4.420000 3.055000 -5.980000
v 4.420000 3.065000 -5.990000
v 4.770000 3.055000 -5.980000
v 4.780000 3.055000 -5.990000
v 4.770000 3.065000 -5.990000
v 4.780000 3.055000 -6.115000
v 4.770000 3.055000 -6.125000
v 4.770000 3.065000 -6.115000
v 4.410000 3.055000 -6.115000
v 4.420000 3.065000 -6.115000
v 4.420000 3.055000 -6.125000
v 4.420000 1.135000 -7.475000
v 4.410000 1.135000 -7.485000
v 4.420000 1.125000 -7.485000
v 4.770000 1.135000 -7.475000
v 4.770000 1.125000 -7.485000
v 4.780000 1.135000 -7.485000
v 4.770000 1.135000 -7.620000
v 4.780000 1.135000 -7.610000
v 4.770000 1.125000 -7.610000
v 4.410000 1.135000 -7.610000
v 4.420000 1.135000 -7.620000
v 4.420000 1.125000 -7.610000
v 4.410000 3.055000 -7.485000
v 4.420000 3.055000 -7.475000
v 4.420000 3.065000 -7.485000
v 4.770000 3.055000 -7.475000
v 4.780000 3.055000 -7.485000
v 4.770000 3.065000 -7.485000
v 4.780000 3.055000 -7.610000
v 4.770000 3.055000 -7.620000
v 4.770000 3.065000 -7.610000
v 4.410000 3.055000 -7.610000
v 4.420000 3.065000 -7.610000
v 4.420000 3.055000 -7.620000
v 4.420000 2.980000 -5.980000
v 4.410000 2.980000 -5.990000
v 4.420000 2.970000 -5.990000
v 4.770000 2.980000 -5.980000
v 4.770000 2.970000 -5.990000
v 4.780000 2.980000 -5.990000
v 4.770000 2.980000 -7.620000
v 4.780000 2.980000 -7.610000
v 4.770000 2.970000 -7.610000
v 4.410000 2.980000 -7.610000
v 4.420000 2.980000 -7.620000
v 4.420000 2.970000 -7.610000
v 4.410000 3.105000 -5.990000
v 4.420000 3.105000 -5.980000
v 4.420000 3.115000 -5.990000
v 4.770000 3.105000 -5.980000
v 4.780000 3.105000 -5.990000
v 4.770000 3.115000 -5.990000
v 4.780000 3.105000 -7.610000
v 4.770000 3.105000 -7.620000
v 4.770000 3.115000 -7.610000
v 4.410000 3.105000 -7.610000
v 4.420000 3.115000 -7.610000
v 4.420000 3.105000 -7.620000
v 4.168000 1.083000 -5.865000
v 4.150000 1.083000 -5.883000
v 4.168000 1.065000 -5.883000
v 4.752000 1.083000 -5.865000
v 4.752000 1.065000 -5.883000
v 4.770000 1.083000 -5.883000
v 4.752000 1.083000 -7.735000
v 4.770000 1.083000 -7.717000
v 4.752000 1.065000 -7.717000
v 4.150000 1.083000 -7.717000
v 4.168000 1.083000 -7.735000
v 4.168000 1.065000 -7.717000
v 4.150000 1.207000 -5.883000
v 4.168000 1.207000 -5.865000
v 4.168000 1.225000 -5.883000
v 4.752000 1.207000 -5.865000
v 4.770000 1.207000 -5.883000
v 4.752000 1.225000 -5.883000
v 4.770000 1.207000 -7.717000
v 4.752000 1.207000 -7.735000
v 4.752000 1.225000 -7.717000
v 4.150000 1.207000 -7.717000
v 4.168000 1.225000 -7.717000
v 4.168000 1.207000 -7.735000
v 4.675000 1.220000 -6.125000
v 4.675000 2.970000 -6.125000
v 4.675000 2.970000 -7.475000
v 4.675000 1.220000 -7.475000
v 4.396177 1.220000 -5.964630
v 4.381941 1.220000 -6.017756
v 3.742982 1.220000 -5.846547
v 3.757217 1.220000 -5.793421
v 4.396177 2.970000 -5.964630
v 4.381941 2.970000 -6.017756
v 3.742982 2.970000 -5.846547
v 3.757217 2.970000 -5.793421
v 3.913436 1.220000 -8.048081
v 3.878083 1.220000 -8.005949
v 4.384821 1.220000 -7.580745
v 4.420175 1.220000 -7.622878
v 3.913436 2.970000 -8.048081
v 3.878083 2.970000 -8.005949
v 4.384821 2.970000 -7.580745
v 4.420175 2.970000 -7.622878
v 4.950000 0.300000 -10.460000
v 4.500000 0.300000 -10.460000
v 4.500000 3.850000 -8.450000
v 4.950000 3.850000 -10.460000
v 4.500000 3.850000 -10.460000
v 4.950000 3.850000 -8.450000
v 4.500000 4.450000 -8.450000
v 4.950000 4.450000 -8.450000
v 4.950000 4.450000 -10.460000
v 4.500000 4.450000 -10.460000
v 4.950000 4.450000 -12.540000
v 4.500000 4.450000 -12.540000
v 4.500000 0.300000 -12.540000
v 4.950000 0.300000 -12.540000
v 4.500000 3.850000 -12.540000
v 4.950000 3.850000 -12.540000
v 4.950000 3.850000 -14.450000
v 4.500000 3.850000 -14.450000
v 4.950000 4.450000 -14.450000
v 4.500000 4.450000 -14.450000
v 4.500000 4.450000 -8.224999
v 6.550000 4.450000 -8.675000
v 4.500000 4.450000 -8.675000
v 10.800000 0.300000 -8.224999
v 10.800000 0.300000 -8.675000
v 10.800000 4.450000 -8.224999
v 10.800000 4.450000 -8.675000
v 7.650001 4.450000 -8.675000
v 6.550000 2.600000 -8.224999
v 7.650000 2.600000 -8.675000
v 6.550000 4.450000 -8.224999
v 7.650001 4.450000 -8.224999
v 4.500000 0.300000 -14.224999
v 6.550000 0.300000 -14.224999
v 6.550000 0.300000 -14.675000
v 4.500000 0.300000 -14.675000
v 4.500000 4.450000 -14.224999
v 6.550000 4.450000 -14.224999
v 6.550000 4.450000 -14.675000
v 4.500000 4.450000 -14.675000
v 10.800000 0.300000 -14.224999
v 10.800000 0.300000 -14.675000
v 7.650001 4.450000 -14.224999
v 10.800000 4.450000 -14.224999
v 10.800000 4.450000 -14.675000
v 7.650001 4.450000 -14.675000
v 6.550000 2.600000 -14.675000
v 10.349999 0.300000 -8.450000
v 10.800000 0.300000 -8.450000
v 10.800000 0.300000 -14.450000
v 10.349999 0.300000 -14.450000
v 10.349999 4.450000 -8.450000
v 10.800000 4.450000 -8.450000
v 10.800000 4.450000 -14.450000
v 10.349999 4.450000 -14.450000
v 10.800000 0.160000 -8.450000
v 10.800000 0.160000 -14.450000
v 4.500000 0.300000 -14.450000
v 4.450000 -0.120000 -8.400000
v 10.850000 -0.120000 -8.400000
v 10.850000 -0.120000 -14.500000
v 4.450000 -0.120000 -14.500000
v 4.450000 0.300000 -8.400000
v 10.850000 0.300000 -8.400000
v 10.850000 0.300000 -14.500000
v 4.450000 0.300000 -14.500000
v 4.070000 4.450000 -8.050000
v 4.070000 4.450000 -14.850000
v 7.650000 5.750000 -8.050000
v 7.650000 5.750000 -14.850000
v 11.230000 4.450000 -8.050000
v 11.230000 4.450000 -14.850000
v 4.070000 4.290000 -8.050000
v 4.070000 4.290000 -14.850000
v 7.650000 5.590000 -8.050000
v 7.650000 5.590000 -14.850000
v 11.230000 4.290000 -8.050000
v 11.230000 4.290000 -14.850000
v 4.500000 4.350000 -8.450000
v 7.650000 5.620000 -8.450000
v 10.800000 4.350000 -8.450000
v 4.500000 4.350000 -14.450000
v 7.650000 5.620000 -14.450000
v 10.800000 4.350000 -14.450000
v 3.990000 4.220000 -8.049999
v 4.220000 4.220000 -8.049999
v 4.220000 4.220000 -14.850000
v 3.990000 4.220000 -14.850000
v 3.990000 4.380000 -8.049999
v 4.220000 4.380000 -8.049999
v 4.220000 4.380000 -14.850000
v 3.990000 4.380000 -14.850000
v 4.950000 0.300000 -14.450001
v 4.950000 0.300000 -16.500000
v 4.500000 0.300000 -16.500000
v 4.500000 1.300000 -14.450001
v 4.950000 1.300000 -14.450001
v 4.950000 1.300000 -16.500000
v 4.500000 1.300000 -16.500000
v 4.500000 2.900000 -14.450001
v 4.950000 2.900000 -14.450001
v 4.950000 2.900000 -16.500000
v 4.500000 2.900000 -16.500000
v 4.500000 3.600000 -14.450001
v 4.950000 3.600000 -14.450001
v 4.950000 3.600000 -16.500000
v 4.500000 3.600000 -16.500000
v 4.950000 0.300000 -17.700001
v 4.500000 0.300000 -17.700001
v 4.950000 1.300000 -17.700001
v 4.500000 1.300000 -17.700001
v 4.950000 2.900000 -17.700001
v 4.950000 3.600000 -17.700001
v 4.500000 3.600000 -17.700001
v 4.950000 0.300000 -21.000000
v 4.500000 0.300000 -21.000000
v 4.950000 1.300000 -21.000000
v 4.500000 1.300000 -21.000000
v 4.500000 2.900000 -17.700001
v 4.950000 2.900000 -21.000000
v 4.500000 2.900000 -21.000000
v 4.950000 3.600000 -21.000000
v 4.500000 3.600000 -21.000000
v 4.500000 3.600000 -14.224999
v 4.500000 3.600000 -14.675000
v 7.650000 0.300000 -14.224999
v 9.500000 0.300000 -14.224999
v 9.500000 0.300000 -14.675000
v 7.650000 0.300000 -14.675000
v 7.650000 3.600000 -14.224999
v 9.500000 3.600000 -14.224999
v 9.500000 3.600000 -14.675000
v 7.650000 3.600000 -14.675000
v 6.550000 2.600000 -14.224999
v 7.650000 2.600000 -14.224999
v 7.650000 2.600000 -14.675000
v 6.550000 3.600000 -14.224999
v 6.550000 3.600000 -14.675000
v 4.500000 0.300000 -20.775000
v 9.500000 0.300000 -20.775000
v 9.500000 0.300000 -21.225000
v 4.500000 0.300000 -21.225000
v 4.500000 3.600000 -20.775000
v 9.500000 3.600000 -20.775000
v 9.500000 3.600000 -21.225000
v 4.500000 3.600000 -21.225000
v 9.049999 0.300000 -14.450001
v 9.500000 0.300000 -14.450001
v 9.500000 0.300000 -21.000000
v 9.049999 0.300000 -21.000000
v 9.049999 3.600000 -14.450001
v 9.500000 3.600000 -14.450001
v 9.500000 3.600000 -21.000000
v 9.049999 3.600000 -21.000000
v 4.500000 0.160000 -14.450001
v 9.500000 0.160000 -14.450001
v 9.500000 0.160000 -21.000000
v 4.500000 0.160000 -21.000000
v 4.450000 -0.120000 -14.400001
v 9.550000 -0.120000 -14.400001
v 9.550000 -0.120000 -21.050001
v 4.450000 -0.120000 -21.050001
v 4.450000 0.300000 -14.400001
v 9.550000 0.300000 -14.400001
v 9.550000 0.300000 -21.050001
v 4.450000 0.300000 -21.050001
v 4.070000 3.600000 -14.050000
v 4.070000 3.600000 -21.400000
v 7.000000 4.850000 -14.050000
v 7.000000 4.850000 -21.400000
v 9.930000 3.600000 -14.050000
v 9.930000 3.600000 -21.400000
v 4.070000 3.440000 -14.050000
v 4.070000 3.440000 -21.400000
v 7.000000 4.690000 -14.050000
v 7.000000 4.690000 -21.400000
v 9.930000 3.440000 -14.050000
v 9.930000 3.440000 -21.400000
v 4.500000 3.500000 -14.450000
v 7.000000 4.720000 -14.450000
v 9.500000 3.500000 -14.450000
v 4.500000 3.500000 -21.000000
v 7.000000 4.720000 -21.000000
v 9.500000 3.500000 -21.000000
v 3.990000 3.370000 -14.050000
v 4.220000 3.370000 -14.050000
v 4.220000 3.370000 -21.400000
v 3.990000 3.370000 -21.400000
v 3.990000 3.530000 -14.050000
v 4.220000 3.530000 -14.050000
v 4.220000 3.530000 -21.400000
v 3.990000 3.530000 -21.400000
v 4.420000 1.215000 -16.355000
v 4.410000 1.215000 -16.365000
v 4.420000 1.205000 -16.365000
v 4.770000 1.215000 -16.355000
v 4.770000 1.205000 -16.365000
v 4.780000 1.215000 -16.365000
v 4.770000 1.215000 -16.500000
v 4.780000 1.215000 -16.490000
v 4.770000 1.205000 -16.490000
v 4.410000 1.215000 -16.490000
v 4.420000 1.215000 -16.500000
v 4.420000 1.205000 -16.490000
v 4.410000 2.985000 -16.365000
v 4.420000 2.985000 -16.355000
v 4.420000 2.995000 -16.365000
v 4.770000 2.985000 -16.355000
v 4.780000 2.985000 -16.365000
v 4.770000 2.995000 -16.365000
v 4.780000 2.985000 -16.490000
v 4.770000 2.985000 -16.500000
v 4.770000 2.995000 -16.490000
v 4.410000 2.985000 -16.490000
v 4.420000 2.995000 -16.490000
v 4.420000 2.985000 -16.500000
v 4.420000 1.215000 -17.699999
v 4.410000 1.215000 -17.709999
v 4.420000 1.205000 -17.709999
v 4.770000 1.215000 -17.699999
v 4.770000 1.205000 -17.709999
v 4.780000 1.215000 -17.709999
v 4.770000 1.215000 -17.844999
v 4.780000 1.215000 -17.834999
v 4.770000 1.205000 -17.834999
v 4.410000 1.215000 -17.834999
v 4.420000 1.215000 -17.844999
v 4.420000 1.205000 -17.834999
v 4.410000 2.985000 -17.709999
v 4.420000 2.985000 -17.699999
v 4.420000 2.995000 -17.709999
v 4.770000 2.985000 -17.699999
v 4.780000 2.985000 -17.709999
v 4.770000 2.995000 -17.709999
v 4.780000 2.985000 -17.834999
v 4.770000 2.985000 -17.844999
v 4.770000 2.995000 -17.834999
v 4.410000 2.985000 -17.834999
v 4.420000 2.995000 -17.834999
v 4.420000 2.985000 -17.844999
v 4.420000 2.910000 -16.355000
v 4.410000 2.910000 -16.365000
v 4.420000 2.900000 -16.365000
v 4.770000 2.910000 -16.355000
v 4.770000 2.900000 -16.365000
v 4.780000 2.910000 -16.365000
v 4.770000 2.910000 -17.845001
v 4.780000 2.910000 -17.835001
v 4.770000 2.900000 -17.835001
v 4.410000 2.910000 -17.835001
v 4.420000 2.910000 -17.845001
v 4.420000 2.900000 -17.835001
v 4.410000 3.035000 -16.365000
v 4.420000 3.035000 -16.355000
v 4.420000 3.045000 -16.365000
v 4.770000 3.035000 -16.355000
v 4.780000 3.035000 -16.365000
v 4.770000 3.045000 -16.365000
v 4.780000 3.035000 -17.835001
v 4.770000 3.035000 -17.845001
v 4.770000 3.045000 -17.835001
v 4.410000 3.035000 -17.835001
v 4.420000 3.045000 -17.835001
v 4.420000 3.035000 -17.845001
v 4.168000 1.163000 -16.240000
v 4.150000 1.163000 -16.257999
v 4.168000 1.145000 -16.257999
v 4.752000 1.163000 -16.240000
v 4.752000 1.145000 -16.257999
v 4.770000 1.163000 -16.257999
v 4.752000 1.163000 -17.960001
v 4.770000 1.163000 -17.942001
v 4.752000 1.145000 -17.942001
v 4.150000 1.163000 -17.942001
v 4.168000 1.163000 -17.960001
v 4.168000 1.145000 -17.942001
v 4.150000 1.287000 -16.257999
v 4.168000 1.287000 -16.240000
v 4.168000 1.305000 -16.257999
v 4.752000 1.287000 -16.240000
v 4.770000 1.287000 -16.257999
v 4.752000 1.305000 -16.257999
v 4.770000 1.287000 -17.942001
v 4.752000 1.287000 -17.960001
v 4.752000 1.305000 -17.942001
v 4.150000 1.287000 -17.942001
v 4.168000 1.305000 -17.942001
v 4.168000 1.287000 -17.960001
v 4.675000 1.300000 -16.500000
v 4.675000 2.900000 -16.500000
v 4.675000 2.900000 -17.700001
v 4.675000 1.300000 -17.700001
v 4.401376 1.300000 -16.341269
v 4.382565 1.300000 -16.392952
v 3.830026 1.300000 -16.191843
v 3.848837 1.300000 -16.140160
v 4.401376 2.900000 -16.341269
v 4.382565 2.900000 -16.392952
v 3.830026 2.900000 -16.191843
v 3.848837 2.900000 -16.140160
v 4.049920 1.300000 -18.290606
v 4.007787 1.300000 -18.255253
v 4.385746 1.300000 -17.804819
v 4.427879 1.300000 -17.840172
v 4.049920 2.900000 -18.290606
v 4.007787 2.900000 -18.255253
v 4.385746 2.900000 -17.804819
v 4.427879 2.900000 -17.840172
v 4.620000 0.300000 -10.610000
v 4.620000 3.030000 -10.610000
v 4.620000 3.030000 -10.790000
v 4.620000 0.300000 -10.790000
v 4.780000 0.300000 -10.610000
v 4.780000 3.030000 -10.610000
v 4.780000 3.030000 -10.790000
v 4.780000 0.300000 -10.790000
v 4.620000 0.300000 -12.210000
v 4.620000 3.030000 -12.210000
v 4.620000 3.030000 -12.390000
v 4.620000 0.300000 -12.390000
v 4.780000 0.300000 -12.210000
v 4.780000 3.030000 -12.210000
v 4.780000 3.030000 -12.390000
v 4.780000 0.300000 -12.390000
v 4.340000 0.300000 -10.580000
v 4.340000 0.460000 -10.580000
v 4.340000 0.460000 -12.420000
v 4.340000 0.300000 -12.420000
v 4.860000 0.300000 -10.580000
v 4.860000 0.460000 -10.580000
v 4.860000 0.460000 -12.420000
v 4.860000 0.300000 -12.420000
v 4.530000 2.850000 -10.540000
v 4.530000 3.090000 -10.540000
v 4.530000 3.090000 -12.460000
v 4.530000 2.850000 -12.460000
v 4.790000 2.850000 -10.540000
v 4.790000 3.090000 -10.540000
v 4.790000 3.090000 -12.460000
v 4.790000 2.850000 -12.460000
v 4.700000 0.300000 -10.790000
v 4.700000 2.850000 -10.790000
v 4.700000 2.850000 -12.210000
v 4.700000 0.300000 -12.210000
v 3.975000 0.315000 -10.490000
v 3.960000 0.315000 -10.505000
v 3.975000 0.300000 -10.505000
v 4.705000 0.315000 -10.490000
v 4.705000 0.300000 -10.505000
v 4.720000 0.315000 -10.505000
v 4.705000 0.315000 -12.510000
v 4.720000 0.315000 -12.495000
v 4.705000 0.300000 -12.495000
v 3.960000 0.315000 -12.495000
v 3.975000 0.315000 -12.510000
v 3.975000 0.300000 -12.495000
v 3.960000 0.345000 -10.505000
v 3.975000 0.345000 -10.490000
v 3.975000 0.360000 -10.505000
v 4.705000 0.345000 -10.490000
v 4.720000 0.345000 -10.505000
v 4.705000 0.360000 -10.505000
v 4.720000 0.345000 -12.495000
v 4.705000 0.345000 -12.510000
v 4.705000 0.360000 -12.495000
v 3.960000 0.345000 -12.495000
v 3.975000 0.360000 -12.495000
v 3.975000 0.345000 -12.510000
v 4.140000 0.325000 -10.200000
v 4.115000 0.325000 -10.225000
v 4.140000 0.300000 -10.225000
v 4.480000 0.325000 -10.200000
v 4.480000 0.300000 -10.225000
v 4.505000 0.325000 -10.225000
v 4.480000 0.325000 -10.460000
v 4.505000 0.325000 -10.434999
v 4.480000 0.300000 -10.434999
v 4.115000 0.325000 -10.434999
v 4.140000 0.325000 -10.460000
v 4.140000 0.300000 -10.434999
v 4.115000 2.785000 -10.225000
v 4.140000 2.785000 -10.200000
v 4.140000 2.810000 -10.225000
v 4.480000 2.785000 -10.200000
v 4.505000 2.785000 -10.225000
v 4.480000 2.810000 -10.225000
v 4.505000 2.785000 -10.434999
v 4.480000 2.785000 -10.460000
v 4.480000 2.810000 -10.434999
v 4.115000 2.785000 -10.434999
v 4.140000 2.810000 -10.434999
v 4.140000 2.785000 -10.460000
v 4.500000 2.810000 -10.460000
v 4.620000 2.810000 -10.610000
v 4.562469 0.300000 -10.410025
v 4.562469 2.810000 -10.410025
v 4.682469 2.810000 -10.560024
v 4.682469 0.300000 -10.560024
v 4.140000 0.325000 -12.540000
v 4.115000 0.325000 -12.565001
v 4.140000 0.300000 -12.565001
v 4.480000 0.325000 -12.540000
v 4.480000 0.300000 -12.565001
v 4.505000 0.325000 -12.565001
v 4.480000 0.325000 -12.800000
v 4.505000 0.325000 -12.775000
v 4.480000 0.300000 -12.775000
v 4.115000 0.325000 -12.775000
v 4.140000 0.325000 -12.800000
v 4.140000 0.300000 -12.775000
v 4.115000 2.785000 -12.565001
v 4.140000 2.785000 -12.540000
v 4.140000 2.810000 -12.565001
v 4.480000 2.785000 -12.540000
v 4.505000 2.785000 -12.565001
v 4.480000 2.810000 -12.565001
v 4.505000 2.785000 -12.775000
v 4.480000 2.785000 -12.800000
v 4.480000 2.810000 -12.775000
v 4.115000 2.785000 -12.775000
v 4.140000 2.810000 -12.775000
v 4.140000 2.785000 -12.800000
v 4.620000 2.810000 -12.390000
v 4.500000 2.810000 -12.540000
v 4.682469 0.300000 -12.439976
v 4.682469 2.810000 -12.439976
v 4.562469 2.810000 -12.589975
v 4.562469 0.300000 -12.589975
v 4.100000 2.810000 -12.540000
v 4.100000 3.058888 -12.509780
v 4.100000 3.121110 -12.762224
v 4.100000 2.810000 -12.800000
v 4.510000 2.810000 -12.540000
v 4.510000 3.058888 -12.509780
v 4.510000 3.121110 -12.762224
v 4.510000 2.810000 -12.800000
v 4.500000 3.058888 -12.509780
v 4.500000 3.850000 -12.509780
v 4.950000 2.810000 -12.540000
v 4.950000 3.058888 -12.509780
v 4.950000 3.850000 -12.509780
v 4.100000 3.293312 -12.420875
v 4.100000 3.414140 -12.651093
v 4.510000 3.293312 -12.420875
v 4.510000 3.414140 -12.651093
v 4.500000 3.293312 -12.420875
v 4.500000 3.850000 -12.420875
v 4.950000 3.293312 -12.420875
v 4.950000 3.850000 -12.420875
v 4.100000 3.499648 -12.278451
v 4.100000 3.672060 -12.473064
v 4.510000 3.499648 -12.278451
v 4.510000 3.672060 -12.473064
v 4.500000 3.499648 -12.278451
v 4.500000 3.850000 -12.278451
v 4.950000 3.499648 -12.278451
v 4.950000 3.850000 -12.278451
v 4.100000 3.665903 -12.090787
v 4.100000 3.879879 -12.238484
v 4.510000 3.665903 -12.090787
v 4.510000 3.879879 -12.238484
v 4.500000 3.665903 -12.090787
v 4.500000 3.850000 -12.090787
v 4.950000 3.665903 -12.090787
v 4.950000 3.850000 -12.090787
v 4.100000 3.782417 -11.868789
v 4.100000 4.025521 -11.960986
v 4.510000 3.782417 -11.868789
v 4.510000 4.025521 -11.960986
v 4.500000 3.782417 -11.868789
v 4.500000 3.850000 -11.868789
v 4.950000 3.782417 -11.868789
v 4.950000 3.850000 -11.868789
v 4.100000 3.842417 -11.625359
v 4.100000 4.100522 -11.656697
v 4.510000 3.842417 -11.625359
v 4.510000 4.100522 -11.656697
v 4.500000 3.842417 -11.625359
v 4.500000 3.850000 -11.625359
v 4.950000 3.842417 -11.625359
v 4.950000 3.850000 -11.625359
v 4.100000 3.842417 -11.374641
v 4.100000 4.100522 -11.343303
v 4.510000 3.842417 -11.374641
v 4.510000 4.100522 -11.343303
v 4.500000 3.842417 -11.374641
v 4.500000 3.850000 -11.374641
v 4.950000 3.842417 -11.374641
v 4.950000 3.850000 -11.374641
v 4.100000 3.782417 -11.131211
v 4.100000 4.025521 -11.039014
v 4.510000 3.782417 -11.131211
v 4.510000 4.025521 -11.039014
v 4.500000 3.782417 -11.131211
v 4.500000 3.850000 -11.131211
v 4.950000 3.782417 -11.131211
v 4.950000 3.850000 -11.131211
v 4.100000 3.665903 -10.909213
v 4.100000 3.879879 -10.761516
v 4.510000 3.665903 -10.909213
v 4.510000 3.879879 -10.761516
v 4.500000 3.665903 -10.909213
v 4.500000 3.850000 -10.909213
v 4.950000 3.665903 -10.909213
v 4.950000 3.850000 -10.909213
v 4.100000 3.499648 -10.721549
v 4.100000 3.672060 -10.526936
v 4.510000 3.499648 -10.721549
v 4.510000 3.672060 -10.526936
v 4.500000 3.499648 -10.721549
v 4.500000 3.850000 -10.721549
v 4.950000 3.499648 -10.721549
v 4.950000 3.850000 -10.721549
v 4.100000 3.293312 -10.579125
v 4.100000 3.414140 -10.348907
v 4.510000 3.293312 -10.579125
v 4.510000 3.414140 -10.348907
v 4.500000 3.293312 -10.579125
v 4.500000 3.850000 -10.579125
v 4.950000 3.293312 -10.579125
v 4.950000 3.850000 -10.579125
v 4.100000 3.058888 -10.490220
v 4.100000 3.121110 -10.237776
v 4.510000 3.058888 -10.490220
v 4.510000 3.121110 -10.237776
v 4.500000 3.058888 -10.490220
v 4.500000 3.850000 -10.490220
v 4.950000 3.058888 -10.490220
v 4.950000 3.850000 -10.490220
v 4.100000 2.810000 -10.460000
v 4.100000 2.810000 -10.200000
v 4.510000 2.810000 -10.460000
v 4.510000 2.810000 -10.200000
v 4.950000 2.810000 -10.460000
v 4.880000 3.230000 -11.500000
v 4.880000 3.230000 -12.451420
v 4.880000 3.362524 -12.381089
v 4.880000 3.483549 -12.292421
v 4.880000 3.590557 -12.187263
v 4.880000 3.681321 -12.067802
v 4.880000 3.753952 -11.936525
v 4.880000 3.806939 -11.796165
v 4.880000 3.839178 -11.649639
v 4.880000 3.850000 -11.500000
v 4.880000 3.839178 -11.350361
v 4.880000 3.806939 -11.203835
v 4.880000 3.753952 -11.063475
v 4.880000 3.681321 -10.932198
v 4.880000 3.590557 -10.812737
v 4.880000 3.483549 -10.707579
v 4.880000 3.362524 -10.618911
v 4.880000 3.230000 -10.548580
v -1.550000 3.380000 -8.080000
v -1.550000 3.380000 -13.780000
v 4.660000 4.140000 -8.080000
v 4.660000 4.140000 -13.780000
v -1.550000 3.240000 -8.080000
v -1.550000 3.240000 -13.780000
v 4.660000 4.000000 -8.080000
v 4.660000 4.000000 -13.780000
v -1.642000 3.203000 -7.955000
v -1.660000 3.203000 -7.973001
v -1.642000 3.185000 -7.973001
v -1.458000 3.203000 -7.955000
v -1.458000 3.185000 -7.973001
v -1.440000 3.203000 -7.973001
v -1.458000 3.203000 -13.905001
v -1.440000 3.203000 -13.887000
v -1.458000 3.185000 -13.887000
v -1.660000 3.203000 -13.887000
v -1.642000 3.203000 -13.905001
v -1.642000 3.185000 -13.887000
v -1.660000 3.397000 -7.973001
v -1.642000 3.397000 -7.955000
v -1.642000 3.415000 -7.973001
v -1.458000 3.397000 -7.955000
v -1.440000 3.397000 -7.973001
v -1.458000 3.415000 -7.973001
v -1.440000 3.397000 -13.887000
v -1.458000 3.397000 -13.905001
v -1.458000 3.415000 -13.887000
v -1.660000 3.397000 -13.887000
v -1.642000 3.415000 -13.887000
v -1.642000 3.397000 -13.905001
v -1.640000 0.395000 -8.125000
v -1.655000 0.395000 -8.139999
v -1.460000 0.395000 -8.125000
v -1.445000 0.395000 -8.139999
v -1.460000 0.395000 -8.334999
v -1.445000 0.395000 -8.320000
v -1.655000 0.395000 -8.320000
v -1.640000 0.395000 -8.334999
v -1.655000 3.195000 -8.139999
v -1.640000 3.195000 -8.125000
v -1.640000 3.210000 -8.139999
v -1.460000 3.195000 -8.125000
v -1.445000 3.195000 -8.139999
v -1.460000 3.210000 -8.139999
v -1.445000 3.195000 -8.320000
v -1.460000 3.195000 -8.334999
v -1.460000 3.210000 -8.320000
v -1.655000 3.195000 -8.320000
v -1.640000 3.210000 -8.320000
v -1.640000 3.195000 -8.334999
v -1.700000 0.325000 -8.054999
v -1.725000 0.325000 -8.080000
v -1.700000 0.300000 -8.080000
v -1.400000 0.325000 -8.054999
v -1.400000 0.300000 -8.080000
v -1.375000 0.325000 -8.080000
v -1.400000 0.325000 -8.405000
v -1.375000 0.325000 -8.379999
v -1.400000 0.300000 -8.379999
v -1.725000 0.325000 -8.379999
v -1.700000 0.325000 -8.405000
v -1.700000 0.300000 -8.379999
v -1.725000 0.525000 -8.080000
v -1.700000 0.525000 -8.054999
v -1.700000 0.550000 -8.080000
v -1.400000 0.525000 -8.054999
v -1.375000 0.525000 -8.080000
v -1.400000 0.550000 -8.080000
v -1.375000 0.525000 -8.379999
v -1.400000 0.525000 -8.405000
v -1.400000 0.550000 -8.379999
v -1.725000 0.525000 -8.379999
v -1.700000 0.550000 -8.379999
v -1.700000 0.525000 -8.405000
v -1.550000 2.490000 -8.295000
v -1.582500 2.522500 -8.275962
v -1.595962 2.535962 -8.230000
v -1.582500 2.522500 -8.184037
v -1.550000 2.490000 -8.165000
v -1.517500 2.457500 -8.184037
v -1.504038 2.444038 -8.230000
v -1.517500 2.457500 -8.275962
v -0.730000 3.310000 -8.294999
v -0.762500 3.342500 -8.275962
v -0.775962 3.355962 -8.230000
v -0.762500 3.342500 -8.184037
v -0.730000 3.310000 -8.164999
v -0.697500 3.277500 -8.184037
v -0.684038 3.264038 -8.230000
v -0.697500 3.277500 -8.275962
v -1.512000 3.593000 -8.165000
v -1.520000 3.593000 -8.172999
v -1.512000 3.585000 -8.172999
v 4.572000 3.593000 -8.165000
v 4.572000 3.585000 -8.172999
v 4.580000 3.593000 -8.172999
v 4.572000 3.593000 -8.294999
v 4.580000 3.593000 -8.287000
v 4.572000 3.585000 -8.287000
v -1.520000 3.593000 -8.287000
v -1.512000 3.593000 -8.294999
v -1.512000 3.585000 -8.287000
v -1.520000 3.767000 -8.172999
v -1.512000 3.767000 -8.165000
v -1.512000 3.775000 -8.172999
v 4.572000 3.767000 -8.165000
v 4.580000 3.767000 -8.172999
v 4.572000 3.775000 -8.172999
v 4.580000 3.767000 -8.287000
v 4.572000 3.767000 -8.294999
v 4.572000 3.775000 -8.287000
v -1.520000 3.767000 -8.287000
v -1.512000 3.775000 -8.287000
v -1.512000 3.767000 -8.294999
v -1.640000 0.395000 -13.425000
v -1.655000 0.395000 -13.440000
v -1.460000 0.395000 -13.425000
v -1.445000 0.395000 -13.440000
v -1.460000 0.395000 -13.634999
v -1.445000 0.395000 -13.620000
v -1.655000 0.395000 -13.620000
v -1.640000 0.395000 -13.634999
v -1.655000 3.195000 -13.440000
v -1.640000 3.195000 -13.425000
v -1.640000 3.210000 -13.440000
v -1.460000 3.195000 -13.425000
v -1.445000 3.195000 -13.440000
v -1.460000 3.210000 -13.440000
v -1.445000 3.195000 -13.620000
v -1.460000 3.195000 -13.634999
v -1.460000 3.210000 -13.620000
v -1.655000 3.195000 -13.620000
v -1.640000 3.210000 -13.620000
v -1.640000 3.195000 -13.634999
v -1.700000 0.325000 -13.355000
v -1.725000 0.325000 -13.380000
v -1.700000 0.300000 -13.380000
v -1.400000 0.325000 -13.355000
v -1.400000 0.300000 -13.380000
v -1.375000 0.325000 -13.380000
v -1.400000 0.325000 -13.705000
v -1.375000 0.325000 -13.679999
v -1.400000 0.300000 -13.679999
v -1.725000 0.325000 -13.679999
v -1.700000 0.325000 -13.705000
v -1.700000 0.300000 -13.679999
v -1.725000 0.525000 -13.380000
v -1.700000 0.525000 -13.355000
v -1.700000 0.550000 -13.380000
v -1.400000 0.525000 -13.355000
v -1.375000 0.525000 -13.380000
v -1.400000 0.550000 -13.380000
v -1.375000 0.525000 -13.679999
v -1.400000 0.525000 -13.705000
v -1.400000 0.550000 -13.679999
v -1.725000 0.525000 -13.679999
v -1.700000 0.550000 -13.679999
v -1.700000 0.525000 -13.705000
v -1.550000 2.490000 -13.595000
v -1.582500 2.522500 -13.575962
v -1.595962 2.535962 -13.530000
v -1.582500 2.522500 -13.484037
v -1.550000 2.490000 -13.465000
v -1.517500 2.457500 -13.484037
v -1.504038 2.444038 -13.530000
v -1.517500 2.457500 -13.575962
v -0.730000 3.310000 -13.594999
v -0.762500 3.342500 -13.575962
v -0.775962 3.355962 -13.530000
v -0.762500 3.342500 -13.484037
v -0.730000 3.310000 -13.464999
v -0.697500 3.277500 -13.484037
v -0.684038 3.264038 -13.530000
v -0.697500 3.277500 -13.575962
v -1.512000 3.593000 -13.465000
v -1.520000 3.593000 -13.473000
v -1.512000 3.585000 -13.473000
v 4.572000 3.593000 -13.465000
v 4.572000 3.585000 -13.473000
v 4.572000 3.593000 -13.594999
v 4.572000 3.585000 -13.587000
v -1.520000 3.593000 -13.587000
v -1.512000 3.593000 -13.594999
v -1.512000 3.585000 -13.587000
v -1.520000 3.767000 -13.473000
v -1.512000 3.767000 -13.465000
v -1.512000 3.775000 -13.473000
v 4.572000 3.767000 -13.465000
v 4.572000 3.775000 -13.473000
v 4.572000 3.767000 -13.594999
v 4.572000 3.775000 -13.587000
v -1.520000 3.767000 -13.587000
v -1.512000 3.775000 -13.587000
v -1.512000 3.767000 -13.594999
v 12.299999 0.000000 10.000000
v 12.750000 0.000000 10.000000
v 12.750000 0.000000 8.229000
v 12.299999 0.000000 8.229000
v 12.299999 4.100000 10.000000
v 12.750000 4.100000 10.000000
v 12.750000 4.100000 8.229000
v 12.299999 4.100000 8.229000
v 12.299999 5.650000 10.000000
v 12.750000 5.650000 10.000000
v 12.750000 5.650001 8.229000
v 12.299999 5.650001 8.229000
v 12.299999 6.300000 10.000000
v 12.750000 6.300000 10.000000
v 12.750000 6.300000 8.229000
v 12.299999 6.300000 8.229000
v 12.750000 0.000000 7.179000
v 12.299999 0.000000 7.179000
v 12.750000 4.100000 7.179000
v 12.299999 4.100000 7.179000
v 12.750000 5.650001 7.179000
v 12.299999 5.650001 7.179000
v 12.750000 6.300000 7.179000
v 12.299999 6.300000 7.179000
v 12.750000 0.000000 4.867000
v 12.750000 4.100000 4.867000
v 12.299999 4.100000 4.867000
v 12.750000 5.650001 4.867000
v 12.299999 5.650001 4.867000
v 12.299999 0.000000 4.867000
v 12.750000 0.000000 3.817000
v 12.299999 0.000000 3.817000
v 12.750000 4.100000 3.817000
v 12.299999 4.100000 3.817000
v 12.750000 5.650001 3.817000
v 12.299999 5.650001 3.817000
v 12.299999 6.300000 4.867000
v 12.750000 6.300000 4.867000
v 12.750000 6.300000 3.817000
v 12.299999 6.300000 3.817000
v 12.750000 0.000000 1.800000
v 12.299999 0.000000 1.800000
v 12.750000 4.100000 1.800000
v 12.299999 4.100000 1.800000
v 12.750000 5.650000 1.800000
v 12.299999 5.650000 1.800000
v 12.750000 6.300000 1.800000
v 12.299999 6.300000 1.800000
v 12.300000 0.000000 10.225000
v 16.299999 0.000000 10.225000
v 16.299999 0.000000 9.775000
v 12.300000 0.000000 9.775000
v 12.300000 6.300000 10.225000
v 16.299999 6.300000 10.225000
v 16.299999 6.300000 9.775000
v 12.300000 6.300000 9.775000
v 12.300000 0.000000 2.025000
v 16.299999 0.000000 2.025000
v 16.299999 0.000000 1.575000
v 12.300000 0.000000 1.575000
v 12.300000 6.300000 2.025000
v 16.299999 6.300000 2.025000
v 16.299999 6.300000 1.575000
v 12.300000 6.300000 1.575000
v 15.850000 0.000000 10.000000
v 16.299999 0.000000 10.000000
v 15.850000 0.000000 1.800000
v 15.850000 6.300000 10.000000
v 16.300001 6.300000 10.000000
v 16.300001 6.300000 1.800000
v 15.850000 6.300000 1.800000
v 12.300000 -0.140000 10.000000
v 16.299999 -0.140000 10.000000
v 16.299999 -0.140000 1.800000
v 12.300000 -0.140000 1.800000
v 16.299999 0.000000 1.800000
v 11.870000 6.300000 10.400000
v 11.870000 6.300000 1.400000
v 14.300000 7.500000 10.400000
v 14.300000 7.500000 1.400000
v 16.730000 6.300000 10.400000
v 16.730000 6.300000 1.400000
v 11.870000 6.140000 10.400000
v 11.870000 6.140000 1.400000
v 14.300000 7.340000 10.400000
v 14.300000 7.340000 1.400000
v 16.730000 6.140000 10.400000
v 16.730000 6.140000 1.400000
v 12.300000 6.200000 10.000000
v 14.300000 7.370000 10.000000
v 16.299999 6.200000 10.000000
v 12.300000 6.200000 1.800000
v 14.300000 7.370000 1.800000
v 16.299999 6.200000 1.800000
v 11.790000 6.070000 10.400000
v 12.020000 6.070000 10.400000
v 12.020000 6.070000 1.400000
v 11.790000 6.070000 1.400000
v 11.790000 6.230000 10.400000
v 12.020000 6.230000 10.400000
v 12.020000 6.230000 1.400000
v 11.790000 6.230000 1.400000
v 12.220000 4.015000 8.374001
v 12.210000 4.015000 8.364000
v 12.220000 4.005000 8.364000
v 12.570001 4.015000 8.374001
v 12.570001 4.005000 8.364000
v 12.580001 4.015000 8.364000
v 12.570001 4.015000 8.229000
v 12.580001 4.015000 8.239000
v 12.570001 4.005000 8.239000
v 12.210000 4.015000 8.239000
v 12.220000 4.015000 8.229000
v 12.220000 4.005000 8.239000
v 12.210000 5.735000 8.364000
v 12.220000 5.735000 8.374001
v 12.220000 5.745000 8.364000
v 12.570001 5.735000 8.374001
v 12.580001 5.735000 8.364000
v 12.570001 5.745000 8.364000
v 12.580001 5.735000 8.239000
v 12.570001 5.735000 8.229000
v 12.570001 5.745000 8.239000
v 12.210000 5.735000 8.239000
v 12.220000 5.745000 8.239000
v 12.220000 5.735000 8.229000
v 12.220000 4.015000 7.179000
v 12.210000 4.015000 7.169000
v 12.220000 4.005000 7.169000
v 12.570001 4.015000 7.179000
v 12.570001 4.005000 7.169000
v 12.580001 4.015000 7.169000
v 12.570001 4.015000 7.034000
v 12.580001 4.015000 7.044000
v 12.570001 4.005000 7.044000
v 12.210000 4.015000 7.044000
v 12.220000 4.015000 7.034000
v 12.220000 4.005000 7.044000
v 12.210000 5.735000 7.169000
v 12.220000 5.735000 7.179000
v 12.220000 5.745000 7.169000
v 12.570001 5.735000 7.179000
v 12.580001 5.735000 7.169000
v 12.570001 5.745000 7.169000
v 12.580001 5.735000 7.044000
v 12.570001 5.735000 7.034000
v 12.570001 5.745000 7.044000
v 12.210000 5.735000 7.044000
v 12.220000 5.745000 7.044000
v 12.220000 5.735000 7.034000
v 12.220000 5.660000 8.374000
v 12.210000 5.660000 8.364000
v 12.220000 5.650000 8.364000
v 12.570001 5.660000 8.374000
v 12.570001 5.650000 8.364000
v 12.580001 5.660000 8.364000
v 12.570001 5.660000 7.034000
v 12.580001 5.660000 7.044000
v 12.570001 5.650000 7.044000
v 12.210000 5.660000 7.044000
v 12.220000 5.660000 7.034000
v 12.220000 5.650000 7.044000
v 12.210000 5.785000 8.364000
v 12.220000 5.785000 8.374000
v 12.220000 5.795000 8.364000
v 12.570001 5.785000 8.374000
v 12.580001 5.785000 8.364000
v 12.570001 5.795000 8.364000
v 12.580001 5.785000 7.044000
v 12.570001 5.785000 7.034000
v 12.570001 5.795000 7.044000
v 12.210000 5.785000 7.044000
v 12.220000 5.795000 7.044000
v 12.220000 5.785000 7.034000
v 11.968000 3.963000 8.489000
v 11.950000 3.963000 8.471000
v 11.968000 3.945000 8.471000
v 12.552000 3.963000 8.489000
v 12.552000 3.945000 8.471000
v 12.570001 3.963000 8.471000
v 12.552000 3.963000 6.919000
v 12.570001 3.963000 6.937000
v 12.552000 3.945000 6.937000
v 11.950000 3.963000 6.937000
v 11.968000 3.963000 6.919000
v 11.968000 3.945000 6.937000
v 11.950000 4.087000 8.471000
v 11.968000 4.087000 8.489000
v 11.968000 4.105000 8.471000
v 12.552000 4.087000 8.489000
v 12.570001 4.087000 8.471000
v 12.552000 4.105000 8.471000
v 12.570001 4.087000 6.937000
v 12.552000 4.087000 6.919000
v 12.552000 4.105000 6.937000
v 11.950000 4.087000 6.937000
v 11.968000 4.105000 6.937000
v 11.968000 4.087000 6.919000
v 12.201376 4.100000 8.387732
v 12.182565 4.100000 8.336049
v 11.699093 4.100000 8.512018
v 11.717904 4.100000 8.563701
v 12.201376 5.650000 8.387732
v 12.182565 5.650000 8.336049
v 11.699093 5.650000 8.512018
v 11.717904 5.650000 8.563701
v 11.897163 4.100000 6.644696
v 11.855031 4.100000 6.680050
v 12.185745 4.100000 7.074180
v 12.227878 4.100000 7.038826
v 11.897163 5.650000 6.644696
v 11.855031 5.650000 6.680050
v 12.185745 5.650000 7.074180
v 12.227878 5.650000 7.038826
v 12.220000 4.015000 5.012000
v 12.210000 4.015000 5.002000
v 12.220000 4.005000 5.002000
v 12.570001 4.015000 5.012000
v 12.570001 4.005000 5.002000
v 12.580001 4.015000 5.002000
v 12.570001 4.015000 4.867000
v 12.580001 4.015000 4.877000
v 12.570001 4.005000 4.877000
v 12.210000 4.015000 4.877000
v 12.220000 4.015000 4.867000
v 12.220000 4.005000 4.877000
v 12.210000 5.735000 5.002000
v 12.220000 5.735000 5.012000
v 12.220000 5.745000 5.002000
v 12.570001 5.735000 5.012000
v 12.580001 5.735000 5.002000
v 12.570001 5.745000 5.002000
v 12.580001 5.735000 4.877000
v 12.570001 5.735000 4.867000
v 12.570001 5.745000 4.877000
v 12.210000 5.735000 4.877000
v 12.220000 5.745000 4.877000
v 12.220000 5.735000 4.867000
v 12.220000 4.015000 3.817000
v 12.210000 4.015000 3.807000
v 12.220000 4.005000 3.807000
v 12.570001 4.015000 3.817000
v 12.570001 4.005000 3.807000
v 12.580001 4.015000 3.807000
v 12.570001 4.015000 3.672000
v 12.580001 4.015000 3.682000
v 12.570001 4.005000 3.682000
v 12.210000 4.015000 3.682000
v 12.220000 4.015000 3.672000
v 12.220000 4.005000 3.682000
v 12.210000 5.735000 3.807000
v 12.220000 5.735000 3.817000
v 12.220000 5.745000 3.807000
v 12.570001 5.735000 3.817000
v 12.580001 5.735000 3.807000
v 12.570001 5.745000 3.807000
v 12.580001 5.735000 3.682000
v 12.570001 5.735000 3.672000
v 12.570001 5.745000 3.682000
v 12.210000 5.735000 3.682000
v 12.220000 5.745000 3.682000
v 12.220000 5.735000 3.672000
v 12.220000 5.660000 5.012000
v 12.210000 5.660000 5.002000
v 12.220000 5.650000 5.002000
v 12.570001 5.660000 5.012000
v 12.570001 5.650000 5.002000
v 12.580001 5.660000 5.002000
v 12.570001 5.660000 3.672000
v 12.580001 5.660000 3.682000
v 12.570001 5.650000 3.682000
v 12.210000 5.660000 3.682000
v 12.220000 5.660000 3.672000
v 12.220000 5.650000 3.682000
v 12.210000 5.785000 5.002000
v 12.220000 5.785000 5.012000
v 12.220000 5.795000 5.002000
v 12.570001 5.785000 5.012000
v 12.580001 5.785000 5.002000
v 12.570001 5.795000 5.002000
v 12.580001 5.785000 3.682000
v 12.570001 5.785000 3.672000
v 12.570001 5.795000 3.682000
v 12.210000 5.785000 3.682000
v 12.220000 5.795000 3.682000
v 12.220000 5.785000 3.672000
v 11.968000 3.963000 5.127000
v 11.950000 3.963000 5.109000
v 11.968000 3.945000 5.109000
v 12.552000 3.963000 5.127000
v 12.552000 3.945000 5.109000
v 12.570001 3.963000 5.109000
v 12.552000 3.963000 3.557000
v 12.570001 3.963000 3.575000
v 12.552000 3.945000 3.575000
v 11.950000 3.963000 3.575000
v 11.968000 3.963000 3.557000
v 11.968000 3.945000 3.575000
v 11.950000 4.087000 5.109000
v 11.968000 4.087000 5.127000
v 11.968000 4.105000 5.109000
v 12.552000 4.087000 5.127000
v 12.570001 4.087000 5.109000
v 12.552000 4.105000 5.109000
v 12.570001 4.087000 3.575000
v 12.552000 4.087000 3.557000
v 12.552000 4.105000 3.575000
v 11.950000 4.087000 3.575000
v 11.968000 4.105000 3.575000
v 11.968000 4.087000 3.557000
v 12.475000 4.100000 4.867000
v 12.475000 5.650000 4.867000
v 12.475000 5.650000 3.817000
v 12.475000 4.100000 3.817000
v 12.201377 4.100000 5.025731
v 12.182566 4.100000 4.974048
v 11.699094 4.100000 5.150017
v 11.717905 4.100000 5.201700
v 12.201377 5.650000 5.025731
v 12.182566 5.650000 4.974048
v 11.699094 5.650000 5.150017
v 11.717905 5.650000 5.201700
v 11.897163 4.100000 3.282696
v 11.855031 4.100000 3.318049
v 12.185745 4.100000 3.712179
v 12.227878 4.100000 3.676826
v 11.897163 5.650000 3.282696
v 11.855031 5.650000 3.318049
v 12.185745 5.650000 3.712179
v 12.227878 5.650000 3.676826
v 12.175000 3.515000 10.000000
v 12.335000 3.515000 10.000000
v 12.335000 3.515000 1.800000
v 12.175000 3.515000 1.800000
v 12.175000 3.685000 10.000000
v 12.335000 3.685000 10.000000
v 12.335000 3.685000 1.800000
v 12.175000 3.685000 1.800000
v 13.980000 6.750000 6.190000
v 14.620000 6.750000 6.190000
v 14.620000 6.750000 5.610000
v 13.980000 6.750000 5.610000
v 13.980000 7.850000 6.190000
v 14.620000 7.850000 6.190000
v 14.620000 7.850000 5.610000
v 13.980000 7.850000 5.610000
v 13.890000 7.800000 6.275000
v 14.710000 7.800000 6.275000
v 14.710000 7.800000 5.525000
v 13.890000 7.800000 5.525000
v 13.890000 7.960000 6.275000
v 14.710000 7.960000 6.275000
v 14.710000 7.960000 5.525000
v 13.890000 7.960000 5.525000
v 13.799999 0.000000 1.800000
v 14.250000 0.000000 1.800000
v 13.799999 4.100000 1.800000
v 14.250000 4.100000 1.800000
v 14.250000 4.100000 -2.239000
v 13.799999 5.650000 1.800000
v 14.250000 5.650000 1.800000
v 13.799999 5.650001 -2.239000
v 13.799999 7.150000 1.800000
v 14.250000 7.150000 1.800000
v 13.799999 0.000000 -2.239000
v 14.250000 0.000000 -2.239000
v 13.799999 4.100000 -2.239000
v 14.250000 4.100000 -3.289000
v 14.250000 5.650001 -2.239000
v 14.250000 5.650001 -3.289000
v 13.799999 5.650001 -3.289000
v 13.799999 7.150000 -2.239000
v 14.250000 7.150000 -2.239000
v 13.799999 0.000000 -3.289000
v 14.250000 0.000000 -3.289000
v 14.250000 0.000000 -8.922000
v 13.799999 0.000000 -8.922000
v 13.799999 4.100000 -3.289000
v 14.250000 4.100000 -8.922000
v 13.799999 4.100000 -8.922000
v 14.250000 5.650001 -8.922000
v 13.799999 5.650001 -8.922000
v 13.799999 7.150000 -3.289000
v 14.250000 7.150000 -3.289000
v 14.250000 7.150000 -8.922000
v 13.799999 7.150000 -8.922000
v 13.799999 0.000000 -9.972000
v 14.250000 0.000000 -9.972000
v 14.250000 0.000000 -14.500000
v 13.799999 0.000000 -14.500000
v 13.799999 4.100000 -9.972000
v 14.250000 4.100000 -9.972000
v 14.250000 4.100000 -14.500000
v 13.799999 4.100000 -14.500000
v 13.799999 5.650001 -9.972000
v 14.250000 5.650001 -9.972000
v 14.250000 5.650000 -14.500000
v 13.799999 5.650000 -14.500000
v 13.799999 7.150000 -9.972000
v 14.250000 7.150000 -9.972000
v 14.250000 7.150000 -14.500000
v 13.799999 7.150000 -14.500000
v 13.800000 0.000000 2.025000
v 17.799999 0.000000 2.025000
v 17.799999 0.000000 1.575000
v 13.800000 0.000000 1.575000
v 13.800000 7.150000 2.025000
v 17.799999 7.150000 2.025000
v 17.799999 7.150000 1.575000
v 13.800000 7.150000 1.575000
v 13.800000 0.000000 -14.275000
v 17.799999 0.000000 -14.275000
v 17.799999 0.000000 -14.725000
v 13.800000 0.000000 -14.725000
v 13.800000 7.150000 -14.275000
v 17.799999 7.150000 -14.275000
v 17.799999 7.150000 -14.725000
v 13.800000 7.150000 -14.725000
v 17.350000 0.000000 1.800000
v 17.799999 0.000000 -14.500000
v 17.350000 0.000000 -14.500000
v 17.350000 7.150000 1.800000
v 17.800001 7.150000 1.800000
v 17.800001 7.150000 -14.500000
v 17.350000 7.150000 -14.500000
v 13.800000 -0.140000 1.800000
v 17.799999 -0.140000 1.800000
v 17.799999 -0.140000 -14.500000
v 13.800000 -0.140000 -14.500000
v 17.799999 0.000000 1.800000
v 13.370000 7.150000 2.200000
v 13.370000 7.150000 -14.900000
v 15.800000 8.400000 2.200000
v 15.800000 8.400000 -14.900000
v 18.230000 7.150000 2.200000
v 18.230000 7.150000 -14.900000
v 13.370000 6.990000 2.200000
v 13.370000 6.990000 -14.900000
v 15.800000 8.240000 2.200000
v 15.800000 8.240000 -14.900000
v 18.230000 6.990000 2.200000
v 18.230000 6.990000 -14.900000
v 13.800000 7.050000 1.800000
v 15.800000 8.270000 1.800000
v 17.799999 7.050000 1.800000
v 13.800000 7.050000 -14.500000
v 15.800000 8.270000 -14.500000
v 17.799999 7.050000 -14.500000
v 13.290000 6.920000 2.200000
v 13.520000 6.920000 2.200000
v 13.520000 6.920000 -14.900000
v 13.290000 6.920000 -14.900000
v 13.290000 7.080000 2.200000
v 13.520000 7.080000 2.200000
v 13.520000 7.080000 -14.900000
v 13.290000 7.080000 -14.900000
v 13.720000 4.015000 -2.094000
v 13.710000 4.015000 -2.104000
v 13.720000 4.005000 -2.104000
v 14.070001 4.015000 -2.094000
v 14.070001 4.005000 -2.104000
v 14.080001 4.015000 -2.104000
v 14.070001 4.015000 -2.239000
v 14.080001 4.015000 -2.229000
v 14.070001 4.005000 -2.229000
v 13.710000 4.015000 -2.229000
v 13.720000 4.015000 -2.239000
v 13.720000 4.005000 -2.229000
v 13.710000 5.735000 -2.104000
v 13.720000 5.735000 -2.094000
v 13.720000 5.745000 -2.104000
v 14.070001 5.735000 -2.094000
v 14.080001 5.735000 -2.104000
v 14.070001 5.745000 -2.104000
v 14.080001 5.735000 -2.229000
v 14.070001 5.735000 -2.239000
v 14.070001 5.745000 -2.229000
v 13.710000 5.735000 -2.229000
v 13.720000 5.745000 -2.229000
v 13.720000 5.735000 -2.239000
v 13.720000 4.015000 -3.289000
v 13.710000 4.015000 -3.299000
v 13.720000 4.005000 -3.299000
v 14.070001 4.015000 -3.289000
v 14.070001 4.005000 -3.299000
v 14.080001 4.015000 -3.299000
v 14.070001 4.015000 -3.434000
v 14.080001 4.015000 -3.424000
v 14.070001 4.005000 -3.424000
v 13.710000 4.015000 -3.424000
v 13.720000 4.015000 -3.434000
v 13.720000 4.005000 -3.424000
v 13.710000 5.735000 -3.299000
v 13.720000 5.735000 -3.289000
v 13.720000 5.745000 -3.299000
v 14.070001 5.735000 -3.289000
v 14.080001 5.735000 -3.299000
v 14.070001 5.745000 -3.299000
v 14.080001 5.735000 -3.424000
v 14.070001 5.735000 -3.434000
v 14.070001 5.745000 -3.424000
v 13.710000 5.735000 -3.424000
v 13.720000 5.745000 -3.424000
v 13.720000 5.735000 -3.434000
v 13.720000 5.660000 -2.094000
v 13.710000 5.660000 -2.104000
v 13.720000 5.650000 -2.104000
v 14.070001 5.660000 -2.094000
v 14.070001 5.650000 -2.104000
v 14.080001 5.660000 -2.104000
v 14.070001 5.660000 -3.434000
v 14.080001 5.660000 -3.424000
v 14.070001 5.650000 -3.424000
v 13.710000 5.660000 -3.424000
v 13.720000 5.660000 -3.434000
v 13.720000 5.650000 -3.424000
v 13.710000 5.785000 -2.104000
v 13.720000 5.785000 -2.094000
v 13.720000 5.795000 -2.104000
v 14.070001 5.785000 -2.094000
v 14.080001 5.785000 -2.104000
v 14.070001 5.795000 -2.104000
v 14.080001 5.785000 -3.424000
v 14.070001 5.785000 -3.434000
v 14.070001 5.795000 -3.424000
v 13.710000 5.785000 -3.424000
v 13.720000 5.795000 -3.424000
v 13.720000 5.785000 -3.434000
v 13.468000 3.963000 -1.979000
v 13.450000 3.963000 -1.997000
v 13.468000 3.945000 -1.997000
v 14.052000 3.963000 -1.979000
v 14.052000 3.945000 -1.997000
v 14.070001 3.963000 -1.997000
v 14.052000 3.963000 -3.549000
v 14.070001 3.963000 -3.531000
v 14.052000 3.945000 -3.531000
v 13.450000 3.963000 -3.531000
v 13.468000 3.963000 -3.549000
v 13.468000 3.945000 -3.531000
v 13.450000 4.087000 -1.997000
v 13.468000 4.087000 -1.979000
v 13.468000 4.105000 -1.997000
v 14.052000 4.087000 -1.979000
v 14.070001 4.087000 -1.997000
v 14.052000 4.105000 -1.997000
v 14.070001 4.087000 -3.531000
v 14.052000 4.087000 -3.549000
v 14.052000 4.105000 -3.531000
v 13.450000 4.087000 -3.531000
v 13.468000 4.105000 -3.531000
v 13.468000 4.087000 -3.549000
v 13.975000 4.100000 -2.239000
v 13.975000 5.650000 -2.239000
v 13.975000 5.650000 -3.289000
v 13.975000 4.100000 -3.289000
v 13.701377 4.100000 -2.080269
v 13.682566 4.100000 -2.131953
v 13.199094 4.100000 -1.955983
v 13.217905 4.100000 -1.904300
v 13.701377 5.650000 -2.080269
v 13.682566 5.650000 -2.131953
v 13.199094 5.650000 -1.955983
v 13.217905 5.650000 -1.904300
v 13.397163 4.100000 -3.823304
v 13.355031 4.100000 -3.787951
v 13.685745 4.100000 -3.393821
v 13.727878 4.100000 -3.429174
v 13.397163 5.650000 -3.823304
v 13.355031 5.650000 -3.787951
v 13.685745 5.650000 -3.393821
v 13.727878 5.650000 -3.429174
v 13.720000 4.015000 -8.776999
v 13.710000 4.015000 -8.787000
v 13.720000 4.005000 -8.787000
v 14.070001 4.015000 -8.776999
v 14.070001 4.005000 -8.787000
v 14.080001 4.015000 -8.787000
v 14.070001 4.015000 -8.922000
v 14.080001 4.015000 -8.912000
v 14.070001 4.005000 -8.912000
v 13.710000 4.015000 -8.912000
v 13.720000 4.015000 -8.922000
v 13.720000 4.005000 -8.912000
v 13.710000 5.735000 -8.787000
v 13.720000 5.735000 -8.776999
v 13.720000 5.745000 -8.787000
v 14.070001 5.735000 -8.776999
v 14.080001 5.735000 -8.787000
v 14.070001 5.745000 -8.787000
v 14.080001 5.735000 -8.912000
v 14.070001 5.735000 -8.922000
v 14.070001 5.745000 -8.912000
v 13.710000 5.735000 -8.912000
v 13.720000 5.745000 -8.912000
v 13.720000 5.735000 -8.922000
v 13.720000 4.015000 -9.972000
v 13.710000 4.015000 -9.982000
v 13.720000 4.005000 -9.982000
v 14.070001 4.015000 -9.972000
v 14.070001 4.005000 -9.982000
v 14.080001 4.015000 -9.982000
v 14.070001 4.015000 -10.117001
v 14.080001 4.015000 -10.107000
v 14.070001 4.005000 -10.107000
v 13.710000 4.015000 -10.107000
v 13.720000 4.015000 -10.117001
v 13.720000 4.005000 -10.107000
v 13.710000 5.735000 -9.982000
v 13.720000 5.735000 -9.972000
v 13.720000 5.745000 -9.982000
v 14.070001 5.735000 -9.972000
v 14.080001 5.735000 -9.982000
v 14.070001 5.745000 -9.982000
v 14.080001 5.735000 -10.107000
v 14.070001 5.735000 -10.117001
v 14.070001 5.745000 -10.107000
v 13.710000 5.735000 -10.107000
v 13.720000 5.745000 -10.107000
v 13.720000 5.735000 -10.117001
v 13.720000 5.660000 -8.776999
v 13.710000 5.660000 -8.787000
v 13.720000 5.650000 -8.787000
v 14.070001 5.660000 -8.776999
v 14.070001 5.650000 -8.787000
v 14.080001 5.660000 -8.787000
v 14.070001 5.660000 -10.117000
v 14.080001 5.660000 -10.106999
v 14.070001 5.650000 -10.106999
v 13.710000 5.660000 -10.106999
v 13.720000 5.660000 -10.117000
v 13.720000 5.650000 -10.106999
v 13.710000 5.785000 -8.787000
v 13.720000 5.785000 -8.776999
v 13.720000 5.795000 -8.787000
v 14.070001 5.785000 -8.776999
v 14.080001 5.785000 -8.787000
v 14.070001 5.795000 -8.787000
v 14.080001 5.785000 -10.106999
v 14.070001 5.785000 -10.117000
v 14.070001 5.795000 -10.106999
v 13.710000 5.785000 -10.106999
v 13.720000 5.795000 -10.106999
v 13.720000 5.785000 -10.117000
v 13.468000 3.963000 -8.662000
v 13.450000 3.963000 -8.679999
v 13.468000 3.945000 -8.679999
v 14.052000 3.963000 -8.662000
v 14.052000 3.945000 -8.679999
v 14.070001 3.963000 -8.679999
v 14.052000 3.963000 -10.231999
v 14.070001 3.963000 -10.214000
v 14.052000 3.945000 -10.214000
v 13.450000 3.963000 -10.214000
v 13.468000 3.963000 -10.231999
v 13.468000 3.945000 -10.214000
v 13.450000 4.087000 -8.679999
v 13.468000 4.087000 -8.662000
v 13.468000 4.105000 -8.679999
v 14.052000 4.087000 -8.662000
v 14.070001 4.087000 -8.679999
v 14.052000 4.105000 -8.679999
v 14.070001 4.087000 -10.214000
v 14.052000 4.087000 -10.231999
v 14.052000 4.105000 -10.214000
v 13.450000 4.087000 -10.214000
v 13.468000 4.105000 -10.214000
v 13.468000 4.087000 -10.231999
v 13.975000 4.100000 -8.922000
v 13.975000 5.650000 -8.922000
v 13.975000 5.650000 -9.972000
v 13.975000 4.100000 -9.972000
v 13.701376 4.100000 -8.763268
v 13.682565 4.100000 -8.814951
v 13.199093 4.100000 -8.638982
v 13.217904 4.100000 -8.587299
v 13.701376 5.650000 -8.763268
v 13.682565 5.650000 -8.814951
v 13.199093 5.650000 -8.638982
v 13.217904 5.650000 -8.587299
v 13.397163 4.100000 -10.506304
v 13.355031 4.100000 -10.470950
v 13.685745 4.100000 -10.076820
v 13.727878 4.100000 -10.112174
v 13.397163 5.650000 -10.506304
v 13.355031 5.650000 -10.470950
v 13.685745 5.650000 -10.076820
v 13.727878 5.650000 -10.112174
v 13.675000 3.515000 1.800000
v 13.835000 3.515000 1.800000
v 13.835000 3.515000 -14.500000
v 13.675000 3.515000 -14.500000
v 13.675000 3.685000 1.800000
v 13.835000 3.685000 1.800000
v 13.835000 3.685000 -14.500000
v 13.675000 3.685000 -14.500000
v 15.480000 7.599999 -6.060000
v 16.120001 7.599999 -6.060000
v 16.120001 7.599999 -6.640000
v 15.480000 7.599999 -6.640000
v 15.480000 8.700000 -6.060000
v 16.120001 8.700000 -6.060000
v 16.120001 8.700000 -6.640000
v 15.480000 8.700000 -6.640000
v 15.390000 8.650000 -5.975000
v 16.210001 8.650000 -5.975000
v 16.210001 8.650000 -6.725000
v 15.390000 8.650000 -6.725000
v 15.390000 8.809999 -5.975000
v 16.210001 8.809999 -5.975000
v 16.210001 8.809999 -6.725000
v 15.390000 8.809999 -6.725000
v 12.100000 0.000000 -14.500000
v 12.550000 0.000000 -14.500000
v 12.550000 0.000000 -17.195000
v 12.099999 0.000000 -17.195000
v 12.099999 4.100000 -14.500000
v 12.550000 4.100000 -14.500000
v 12.550001 4.100000 -17.195000
v 12.100000 4.100000 -17.195000
v 12.099999 5.650000 -14.500000
v 12.550000 5.650000 -14.500000
v 12.550001 5.650001 -17.195000
v 12.100000 5.650001 -17.195000
v 12.099999 6.600000 -14.500000
v 12.550000 6.600000 -14.500000
v 12.550000 6.600000 -17.195000
v 12.099999 6.600000 -17.195000
v 12.550000 0.000000 -18.244999
v 12.099999 0.000000 -18.244999
v 12.550001 4.100000 -18.244999
v 12.100000 4.100000 -18.244999
v 12.550001 5.650001 -18.244999
v 12.100000 5.650001 -18.244999
v 12.550000 6.600000 -18.244999
v 12.099999 6.600000 -18.244999
v 12.550000 0.000000 -21.910000
v 12.099999 0.000000 -21.910000
v 12.550001 4.100000 -21.910000
v 12.100000 4.100000 -21.910000
v 12.550001 5.650001 -21.910000
v 12.100000 5.650001 -21.910000
v 12.550000 6.600000 -21.910000
v 12.099999 6.600000 -21.910000
v 12.550000 0.000000 -22.959999
v 12.099999 0.000000 -22.959999
v 12.550001 4.100000 -22.959999
v 12.100000 4.100000 -22.959999
v 12.550001 5.650001 -22.959999
v 12.100000 5.650001 -22.959999
v 12.550000 6.600000 -22.959999
v 12.099999 6.600000 -22.959999
v 12.550000 0.000000 -26.000000
v 12.100000 0.000000 -26.000000
v 12.550000 4.100000 -26.000000
v 12.099999 4.100000 -26.000000
v 12.550000 5.650000 -26.000000
v 12.099999 5.650000 -26.000000
v 12.550000 6.600000 -26.000000
v 12.099999 6.600000 -26.000000
v 12.100000 0.000000 -14.275000
v 16.100000 0.000000 -14.275000
v 16.100000 0.000000 -14.725000
v 12.100000 0.000000 -14.725000
v 12.100000 6.600000 -14.275000
v 16.100000 6.600000 -14.275000
v 16.100000 6.600000 -14.725000
v 12.100000 6.600000 -14.725000
v 12.100000 0.000000 -25.775000
v 16.100000 0.000000 -25.775000
v 16.100000 0.000000 -26.225000
v 12.100000 0.000000 -26.225000
v 12.100000 6.600000 -25.775000
v 16.100000 6.600000 -25.775000
v 16.100000 6.600000 -26.225000
v 12.100000 6.600000 -26.225000
v 15.650000 0.000000 -14.500000
v 16.100000 0.000000 -14.500000
v 16.100000 0.000000 -26.000000
v 15.650000 0.000000 -26.000000
v 15.650000 6.600000 -14.500000
v 16.100000 6.600000 -14.500000
v 16.100000 6.600000 -26.000000
v 15.650000 6.600000 -26.000000
v 12.100000 -0.140000 -14.500000
v 16.100000 -0.140000 -14.500000
v 16.100000 -0.140000 -26.000000
v 12.100000 -0.140000 -26.000000
v 11.670000 6.600000 -14.100000
v 11.670000 6.600000 -26.400000
v 14.100000 7.800000 -14.100000
v 14.100000 7.800000 -26.400000
v 16.530001 6.600000 -14.100000
v 16.530001 6.600000 -26.400000
v 11.670000 6.440000 -14.100000
v 11.670000 6.440000 -26.400000
v 14.100000 7.640000 -14.100000
v 14.100000 7.640000 -26.400000
v 16.530001 6.440000 -14.100000
v 16.530001 6.440000 -26.400000
v 12.100000 6.500000 -14.500000
v 14.100000 7.670000 -14.500000
v 16.100000 6.500000 -14.500000
v 12.100000 6.500000 -26.000000
v 14.100000 7.670000 -26.000000
v 16.100000 6.500000 -26.000000
v 11.590000 6.370000 -14.100000
v 11.820000 6.370000 -14.100000
v 11.820000 6.370000 -26.400000
v 11.590000 6.370000 -26.400000
v 11.590000 6.530000 -14.100000
v 11.820000 6.530000 -14.100000
v 11.820000 6.530000 -26.400000
v 11.590000 6.530000 -26.400000
v 12.020000 4.015000 -17.049999
v 12.009999 4.015000 -17.059999
v 12.370000 4.015000 -17.049999
v 12.380000 4.015000 -17.059999
v 12.370000 4.015000 -17.195000
v 12.380000 4.015000 -17.184999
v 12.370000 4.005000 -17.184999
v 12.009999 4.015000 -17.184999
v 12.020000 4.015000 -17.195000
v 12.009999 5.735000 -17.059999
v 12.020000 5.735000 -17.049999
v 12.020000 5.745000 -17.059999
v 12.370000 5.735000 -17.049999
v 12.380000 5.735000 -17.059999
v 12.370000 5.745000 -17.059999
v 12.380000 5.735000 -17.184999
v 12.370000 5.735000 -17.195000
v 12.370000 5.745000 -17.184999
v 12.009999 5.735000 -17.184999
v 12.020000 5.745000 -17.184999
v 12.020000 5.735000 -17.195000
v 12.020000 4.015000 -18.244999
v 12.009999 4.015000 -18.254999
v 12.370000 4.015000 -18.244999
v 12.370000 4.005000 -18.254999
v 12.380000 4.015000 -18.254999
v 12.370000 4.015000 -18.389999
v 12.380000 4.015000 -18.379999
v 12.370000 4.005000 -18.379999
v 12.009999 4.015000 -18.379999
v 12.020000 4.015000 -18.389999
v 12.009999 5.735000 -18.254999
v 12.020000 5.735000 -18.244999
v 12.020000 5.745000 -18.254999
v 12.370000 5.735000 -18.244999
v 12.380000 5.735000 -18.254999
v 12.370000 5.745000 -18.254999
v 12.380000 5.735000 -18.379999
v 12.370000 5.735000 -18.389999
v 12.370000 5.745000 -18.379999
v 12.009999 5.735000 -18.379999
v 12.020000 5.745000 -18.379999
v 12.020000 5.735000 -18.389999
v 12.020000 5.660000 -17.049999
v 12.009999 5.660000 -17.059999
v 12.020000 5.650000 -17.059999
v 12.370000 5.660000 -17.049999
v 12.370000 5.650000 -17.059999
v 12.380000 5.660000 -17.059999
v 12.370000 5.660000 -18.389999
v 12.380000 5.660000 -18.379999
v 12.370000 5.650000 -18.379999
v 12.009999 5.660000 -18.379999
v 12.020000 5.660000 -18.389999
v 12.020000 5.650000 -18.379999
v 12.009999 5.785000 -17.059999
v 12.020000 5.785000 -17.049999
v 12.020000 5.795000 -17.059999
v 12.370000 5.785000 -17.049999
v 12.380000 5.785000 -17.059999
v 12.370000 5.795000 -17.059999
v 12.380000 5.785000 -18.379999
v 12.370000 5.785000 -18.389999
v 12.370000 5.795000 -18.379999
v 12.009999 5.785000 -18.379999
v 12.020000 5.795000 -18.379999
v 12.020000 5.785000 -18.389999
v 11.768001 3.963000 -16.934999
v 11.750000 3.963000 -16.952999
v 11.768001 3.945000 -16.952999
v 12.352000 3.963000 -16.934999
v 12.352000 3.945000 -16.952999
v 12.370001 3.963000 -16.952999
v 12.352000 3.963000 -18.504999
v 12.370001 3.963000 -18.487000
v 12.352000 3.945000 -18.487000
v 11.750000 3.963000 -18.487000
v 11.768001 3.963000 -18.504999
v 11.768001 3.945000 -18.487000
v 11.750000 4.087000 -16.952999
v 11.768001 4.087000 -16.934999
v 11.768001 4.105000 -16.952999
v 12.352000 4.087000 -16.934999
v 12.370001 4.087000 -16.952999
v 12.352000 4.105000 -16.952999
v 12.370001 4.087000 -18.487000
v 12.352000 4.087000 -18.504999
v 12.352000 4.105000 -18.487000
v 11.750000 4.087000 -18.487000
v 11.768001 4.105000 -18.487000
v 11.768001 4.087000 -18.504999
v 12.275000 4.100000 -17.195000
v 12.275000 5.650000 -17.195000
v 12.275000 5.650000 -18.245001
v 12.275000 4.100000 -18.245001
v 12.001376 4.100000 -17.036268
v 11.982565 4.100000 -17.087952
v 11.499093 4.100000 -16.911982
v 11.517904 4.100000 -16.860298
v 12.001376 5.650000 -17.036268
v 11.982565 5.650000 -17.087952
v 11.499093 5.650000 -16.911982
v 11.517904 5.650000 -16.860298
v 11.697163 4.100000 -18.779303
v 11.655030 4.100000 -18.743950
v 11.985744 4.100000 -18.349821
v 12.027877 4.100000 -18.385174
v 11.697163 5.650000 -18.779303
v 11.655030 5.650000 -18.743950
v 11.985744 5.650000 -18.349821
v 12.027877 5.650000 -18.385174
v 12.020000 4.015000 -21.764999
v 12.009999 4.015000 -21.775000
v 12.370000 4.015000 -21.764999
v 12.370000 4.005000 -21.775000
v 12.380000 4.015000 -21.775000
v 12.370000 4.015000 -21.910000
v 12.380000 4.015000 -21.900000
v 12.370000 4.005000 -21.900000
v 12.009999 4.015000 -21.900000
v 12.020000 4.015000 -21.910000
v 12.009999 5.735000 -21.775000
v 12.020000 5.735000 -21.764999
v 12.020000 5.745000 -21.775000
v 12.370000 5.735000 -21.764999
v 12.380000 5.735000 -21.775000
v 12.370000 5.745000 -21.775000
v 12.380000 5.735000 -21.900000
v 12.370000 5.735000 -21.910000
v 12.370000 5.745000 -21.900000
v 12.009999 5.735000 -21.900000
v 12.020000 5.745000 -21.900000
v 12.020000 5.735000 -21.910000
v 12.020000 4.015000 -22.959999
v 12.009999 4.015000 -22.969999
v 12.370000 4.015000 -22.959999
v 12.370000 4.005000 -22.969999
v 12.380000 4.015000 -22.969999
v 12.370000 4.015000 -23.105000
v 12.380000 4.015000 -23.094999
v 12.370000 4.005000 -23.094999
v 12.009999 4.015000 -23.094999
v 12.020000 4.015000 -23.105000
v 12.009999 5.735000 -22.969999
v 12.020000 5.735000 -22.959999
v 12.020000 5.745000 -22.969999
v 12.370000 5.735000 -22.959999
v 12.380000 5.735000 -22.969999
v 12.370000 5.745000 -22.969999
v 12.380000 5.735000 -23.094999
v 12.370000 5.735000 -23.105000
v 12.370000 5.745000 -23.094999
v 12.009999 5.735000 -23.094999
v 12.020000 5.745000 -23.094999
v 12.020000 5.735000 -23.105000
v 12.020000 5.660000 -21.764999
v 12.009999 5.660000 -21.775000
v 12.020000 5.650000 -21.775000
v 12.370000 5.660000 -21.764999
v 12.370000 5.650000 -21.775000
v 12.380000 5.660000 -21.775000
v 12.370000 5.660000 -23.105000
v 12.380000 5.660000 -23.094999
v 12.370000 5.650000 -23.094999
v 12.009999 5.660000 -23.094999
v 12.020000 5.660000 -23.105000
v 12.020000 5.650000 -23.094999
v 12.009999 5.785000 -21.775000
v 12.020000 5.785000 -21.764999
v 12.020000 5.795000 -21.775000
v 12.370000 5.785000 -21.764999
v 12.380000 5.785000 -21.775000
v 12.370000 5.795000 -21.775000
v 12.380000 5.785000 -23.094999
v 12.370000 5.785000 -23.105000
v 12.370000 5.795000 -23.094999
v 12.009999 5.785000 -23.094999
v 12.020000 5.795000 -23.094999
v 12.020000 5.785000 -23.105000
v 11.768001 3.963000 -21.650000
v 11.750000 3.963000 -21.667999
v 11.768001 3.945000 -21.667999
v 12.352000 3.963000 -21.650000
v 12.352000 3.945000 -21.667999
v 12.370001 3.963000 -21.667999
v 12.352000 3.963000 -23.219999
v 12.370001 3.963000 -23.202000
v 12.352000 3.945000 -23.202000
v 11.750000 3.963000 -23.202000
v 11.768001 3.963000 -23.219999
v 11.768001 3.945000 -23.202000
v 11.750000 4.087000 -21.667999
v 11.768001 4.087000 -21.650000
v 11.768001 4.105000 -21.667999
v 12.352000 4.087000 -21.650000
v 12.370001 4.087000 -21.667999
v 12.352000 4.105000 -21.667999
v 12.370001 4.087000 -23.202000
v 12.352000 4.087000 -23.219999
v 12.352000 4.105000 -23.202000
v 11.750000 4.087000 -23.202000
v 11.768001 4.105000 -23.202000
v 11.768001 4.087000 -23.219999
v 12.001376 4.100000 -21.751268
v 11.982565 4.100000 -21.802952
v 11.499093 4.100000 -21.626982
v 11.517904 4.100000 -21.575298
v 12.001376 5.650000 -21.751268
v 11.982565 5.650000 -21.802952
v 11.499093 5.650000 -21.626982
v 11.517904 5.650000 -21.575298
v 11.697163 4.100000 -23.494303
v 11.655030 4.100000 -23.458950
v 11.985744 4.100000 -23.064821
v 12.027877 4.100000 -23.100174
v 11.697163 5.650000 -23.494303
v 11.655030 5.650000 -23.458950
v 11.985744 5.650000 -23.064821
v 12.027877 5.650000 -23.100174
v -6.500000 0.000000 2.275000
v -1.350000 0.000000 2.275000
v -1.350000 0.000000 1.925000
v -6.500000 0.000000 1.925000
v -6.500000 0.900000 2.275000
v -1.350000 0.900000 2.275000
v -1.350000 0.900000 1.925000
v -6.500000 0.900000 1.925000
v -6.525000 0.925000 2.340000
v -6.550000 0.925000 2.315000
v -6.525000 0.900000 2.315000
v -1.325000 0.925000 2.340000
v -1.325000 0.900000 2.315000
v -1.300000 0.925000 2.315000
v -1.325000 0.925000 1.860000
v -1.300000 0.925000 1.885000
v -1.325000 0.900000 1.885000
v -6.550000 0.925000 1.885000
v -6.525000 0.925000 1.860000
v -6.525000 0.900000 1.885000
v -6.550000 0.995000 2.315000
v -6.525000 0.995000 2.340000
v -6.525000 1.020000 2.315000
v -1.325000 0.995000 2.340000
v -1.300000 0.995000 2.315000
v -1.325000 1.020000 2.315000
v -1.300000 0.995000 1.885000
v -1.325000 0.995000 1.860000
v -1.325000 1.020000 1.885000
v -6.550000 0.995000 1.885000
v -6.525000 1.020000 1.885000
v -6.525000 0.995000 1.860000
v 1.350000 0.000000 2.275000
v 4.500000 0.000000 2.275000
v 4.500000 0.000000 1.925000
v 1.350000 0.000000 1.925000
v 1.350000 0.900000 2.275000
v 4.500000 0.900000 2.275000
v 4.500000 0.900000 1.925000
v 1.350000 0.900000 1.925000
v 1.325000 0.925000 2.340000
v 1.300000 0.925000 2.315000
v 1.325000 0.900000 2.315000
v 4.525000 0.925000 2.340000
v 4.525000 0.900000 2.315000
v 4.550000 0.925000 2.315000
v 4.525000 0.925000 1.860000
v 4.550000 0.925000 1.885000
v 4.525000 0.900000 1.885000
v 1.300000 0.925000 1.885000
v 1.325000 0.925000 1.860000
v 1.325000 0.900000 1.885000
v 1.300000 0.995000 2.315000
v 1.325000 0.995000 2.340000
v 1.325000 1.020000 2.315000
v 4.525000 0.995000 2.340000
v 4.550000 0.995000 2.315000
v 4.525000 1.020000 2.315000
v 4.550000 0.995000 1.885000
v 4.525000 0.995000 1.860000
v 4.525000 1.020000 1.885000
v 1.300000 0.995000 1.885000
v 1.325000 1.020000 1.885000
v 1.325000 0.995000 1.860000
v -6.500000 0.000000 -14.224999
v 4.500000 0.000000 -14.224999
v 4.500000 0.000000 -14.575000
v -6.500000 0.000000 -14.575000
v -6.500000 0.900000 -14.224999
v 4.500000 0.900000 -14.224999
v 4.500000 0.900000 -14.575000
v -6.500000 0.900000 -14.575000
v -6.525000 0.925000 -14.160000
v -6.550000 0.925000 -14.184999
v -6.525000 0.900000 -14.184999
v 4.525000 0.925000 -14.160000
v 4.525000 0.900000 -14.184999
v 4.550000 0.925000 -14.184999
v 4.525000 0.925000 -14.639999
v 4.550000 0.925000 -14.615000
v 4.525000 0.900000 -14.615000
v -6.550000 0.925000 -14.615000
v -6.525000 0.925000 -14.639999
v -6.525000 0.900000 -14.615000
v -6.550000 0.995000 -14.184999
v -6.525000 0.995000 -14.160000
v -6.525000 1.020000 -14.184999
v 4.525000 0.995000 -14.160000
v 4.550000 0.995000 -14.184999
v 4.525000 1.020000 -14.184999
v 4.550000 0.995000 -14.615000
v 4.525000 0.995000 -14.639999
v 4.525000 1.020000 -14.615000
v -6.550000 0.995000 -14.615000
v -6.525000 1.020000 -14.615000
v -6.525000 0.995000 -14.639999
v -1.635000 0.025000 2.320000
v -1.660000 0.025000 2.295000
v -1.635000 0.000000 2.295000
v -1.365000 0.025000 2.320000
v -1.365000 0.000000 2.295000
v -1.340000 0.025000 2.295000
v -1.365000 0.025000 1.880000
v -1.340000 0.025000 1.905000
v -1.365000 0.000000 1.905000
v -1.660000 0.025000 1.905000
v -1.635000 0.025000 1.880000
v -1.635000 0.000000 1.905000
v -1.660000 2.725000 2.295000
v -1.635000 2.725000 2.320000
v -1.365000 2.725000 2.320000
v -1.340000 2.725000 2.295000
v -1.340000 2.725000 1.905000
v -1.365000 2.725000 1.880000
v -1.660000 2.725000 1.905000
v -1.635000 2.725000 1.880000
v -1.700000 2.770000 2.375000
v -1.720000 2.770000 2.355000
v -1.700000 2.750000 2.355000
v -1.300000 2.770000 2.375000
v -1.300000 2.750000 2.355000
v -1.280000 2.770000 2.355000
v -1.300000 2.770000 1.825000
v -1.280000 2.770000 1.845000
v -1.300000 2.750000 1.845000
v -1.720000 2.770000 1.845000
v -1.700000 2.770000 1.825000
v -1.700000 2.750000 1.845000
v -1.720000 2.890000 2.355000
v -1.700000 2.890000 2.375000
v -1.700000 2.910000 2.355000
v -1.300000 2.890000 2.375000
v -1.280000 2.890000 2.355000
v -1.300000 2.910000 2.355000
v -1.280000 2.890000 1.845000
v -1.300000 2.890000 1.825000
v -1.300000 2.910000 1.845000
v -1.720000 2.890000 1.845000
v -1.700000 2.910000 1.845000
v -1.700000 2.890000 1.825000
v 1.365000 0.025000 2.320000
v 1.340000 0.025000 2.295000
v 1.365000 0.000000 2.295000
v 1.635000 0.025000 2.320000
v 1.635000 0.000000 2.295000
v 1.660000 0.025000 2.295000
v 1.635000 0.025000 1.880000
v 1.660000 0.025000 1.905000
v 1.635000 0.000000 1.905000
v 1.340000 0.025000 1.905000
v 1.365000 0.025000 1.880000
v 1.365000 0.000000 1.905000
v 1.340000 2.725000 2.295000
v 1.365000 2.725000 2.320000
v 1.635000 2.725000 2.320000
v 1.660000 2.725000 2.295000
v 1.660000 2.725000 1.905000
v 1.635000 2.725000 1.880000
v 1.340000 2.725000 1.905000
v 1.365000 2.725000 1.880000
v 1.300000 2.770000 2.375000
v 1.280000 2.770000 2.355000
v 1.300000 2.750000 2.355000
v 1.700000 2.770000 2.375000
v 1.700000 2.750000 2.355000
v 1.720000 2.770000 2.355000
v 1.700000 2.770000 1.825000
v 1.720000 2.770000 1.845000
v 1.700000 2.750000 1.845000
v 1.280000 2.770000 1.845000
v 1.300000 2.770000 1.825000
v 1.300000 2.750000 1.845000
v 1.280000 2.890000 2.355000
v 1.300000 2.890000 2.375000
v 1.300000 2.910000 2.355000
v 1.700000 2.890000 2.375000
v 1.720000 2.890000 2.355000
v 1.700000 2.910000 2.355000
v 1.720000 2.890000 1.845000
v 1.700000 2.890000 1.825000
v 1.700000 2.910000 1.845000
v 1.280000 2.890000 1.845000
v 1.300000 2.910000 1.845000
v 1.300000 2.890000 1.825000
v -1.675000 2.720000 2.325000
v -1.700000 2.720000 2.300000
v -1.675000 2.695000 2.300000
v 1.675000 2.720000 2.325000
v 1.675000 2.695000 2.300000
v 1.700000 2.720000 2.300000
v 1.675000 2.720000 1.875000
v 1.700000 2.720000 1.900000
v 1.675000 2.695000 1.900000
v -1.700000 2.720000 1.900000
v -1.675000 2.720000 1.875000
v -1.675000 2.695000 1.900000
v -1.700000 2.900000 2.300000
v -1.675000 2.900000 2.325000
v -1.675000 2.925000 2.300000
v 1.675000 2.900000 2.325000
v 1.700000 2.900000 2.300000
v 1.675000 2.925000 2.300000
v 1.700000 2.900000 1.900000
v 1.675000 2.900000 1.875000
v 1.675000 2.925000 1.900000
v -1.700000 2.900000 1.900000
v -1.675000 2.925000 1.900000
v -1.675000 2.900000 1.875000
v 4.340000 0.375000 -4.100000
v 4.420000 0.375000 -4.100000
v 4.420000 0.375000 -5.900000
v 4.340000 0.375000 -5.900000
v 4.340000 1.825000 -4.100000
v 4.420000 1.825000 -4.100000
v 4.420000 1.825000 -5.900000
v 4.340000 1.825000 -5.900000
v 3.470000 0.315000 -4.175000
v 3.415000 0.315000 -4.230000
v 3.470000 0.260000 -4.230000
v 4.210000 0.315000 -4.175000
v 4.210000 0.260000 -4.230000
v 4.265000 0.315000 -4.230000
v 4.210000 0.315000 -5.825000
v 4.265000 0.315000 -5.770000
v 4.210000 0.260000 -5.770000
v 3.415000 0.315000 -5.770000
v 3.470000 0.315000 -5.825000
v 3.470000 0.260000 -5.770000
v 3.415000 0.345000 -4.230000
v 3.470000 0.345000 -4.175000
v 3.470000 0.400000 -4.230000
v 4.210000 0.345000 -4.175000
v 4.265000 0.345000 -4.230000
v 4.210000 0.400000 -4.230000
v 4.265000 0.345000 -5.770000
v 4.210000 0.345000 -5.825000
v 4.210000 0.400000 -5.770000
v 3.415000 0.345000 -5.770000
v 3.470000 0.400000 -5.770000
v 3.470000 0.345000 -5.825000
v 3.415000 0.375000 -4.130000
v 3.390000 0.375000 -4.155000
v 3.415000 0.350000 -4.155000
v 4.265000 0.375000 -4.130000
v 4.265000 0.350000 -4.155000
v 4.290000 0.375000 -4.155000
v 4.265000 0.375000 -4.270000
v 4.290000 0.375000 -4.245000
v 4.265000 0.350000 -4.245000
v 3.390000 0.375000 -4.245000
v 3.415000 0.375000 -4.270000
v 3.415000 0.350000 -4.245000
v 3.390000 0.665000 -4.155000
v 3.415000 0.665000 -4.130000
v 3.415000 0.690000 -4.155000
v 4.265000 0.665000 -4.130000
v 4.290000 0.665000 -4.155000
v 4.265000 0.690000 -4.155000
v 4.290000 0.665000 -4.245000
v 4.265000 0.665000 -4.270000
v 4.265000 0.690000 -4.245000
v 3.390000 0.665000 -4.245000
v 3.415000 0.690000 -4.245000
v 3.415000 0.665000 -4.270000
v 3.415000 0.375000 -5.730000
v 3.390000 0.375000 -5.755000
v 3.415000 0.350000 -5.755000
v 4.265000 0.375000 -5.730000
v 4.265000 0.350000 -5.755000
v 4.290000 0.375000 -5.755000
v 4.265000 0.375000 -5.870000
v 4.290000 0.375000 -5.845000
v 4.265000 0.350000 -5.845000
v 3.390000 0.375000 -5.845000
v 3.415000 0.375000 -5.870000
v 3.415000 0.350000 -5.845000
v 3.390000 0.665000 -5.755000
v 3.415000 0.665000 -5.730000
v 3.415000 0.690000 -5.755000
v 4.265000 0.665000 -5.730000
v 4.290000 0.665000 -5.755000
v 4.265000 0.690000 -5.755000
v 4.290000 0.665000 -5.845000
v 4.265000 0.665000 -5.870000
v 4.265000 0.690000 -5.845000
v 3.390000 0.665000 -5.845000
v 3.415000 0.690000 -5.845000
v 3.415000 0.665000 -5.870000
v 3.325000 0.375000 -4.175000
v 3.300000 0.375000 -4.200000
v 3.325000 0.350000 -4.200000
v 3.415000 0.375000 -4.175000
v 3.415000 0.350000 -4.200000
v 3.440000 0.375000 -4.200000
v 3.415000 0.375000 -5.825000
v 3.440000 0.375000 -5.800000
v 3.415000 0.350000 -5.800000
v 3.300000 0.375000 -5.800000
v 3.325000 0.375000 -5.825000
v 3.325000 0.350000 -5.800000
v 3.300000 0.665000 -4.200000
v 3.325000 0.665000 -4.175000
v 3.325000 0.690000 -4.200000
v 3.415000 0.665000 -4.175000
v 3.440000 0.665000 -4.200000
v 3.415000 0.690000 -4.200000
v 3.440000 0.665000 -5.800000
v 3.415000 0.665000 -5.825000
v 3.415000 0.690000 -5.800000
v 3.300000 0.665000 -5.800000
v 3.325000 0.690000 -5.800000
v 3.325000 0.665000 -5.825000
v 3.470000 0.552500 -4.290000
v 4.170000 0.552500 -4.290000
v 4.170000 0.552500 -5.710000
v 3.470000 0.552500 -5.710000
v 3.470000 0.587500 -4.290000
v 4.170000 0.587500 -4.290000
v 4.170000 0.587500 -5.710000
v 3.470000 0.587500 -5.710000
v 4.270000 1.130000 -4.965000
v 4.270000 1.147500 -4.969689
v 4.270000 1.160311 -4.982500
v 4.270000 1.165000 -5.000000
v 4.270000 1.160311 -5.017500
v 4.270000 1.147500 -5.030311
v 4.270000 1.130000 -5.035000
v 4.270000 1.112500 -5.030311
v 4.270000 1.099689 -5.017500
v 4.270000 1.095000 -5.000000
v 4.270000 1.099689 -4.982500
v 4.270000 1.112500 -4.969689
v 3.930000 1.130000 -4.965000
v 3.930000 1.147500 -4.969689
v 3.930000 1.160311 -4.982500
v 3.930000 1.165000 -5.000000
v 3.930000 1.160311 -5.017500
v 3.930000 1.147500 -5.030311
v 3.930000 1.130000 -5.035000
v 3.930000 1.112500 -5.030311
v 3.930000 1.099689 -5.017500
v 3.930000 1.095000 -5.000000
v 3.930000 1.099689 -4.982500
v 3.930000 1.112500 -4.969689
v 4.230000 1.840000 -4.010000
v 4.210000 1.840000 -4.030000
v 4.230000 1.820000 -4.030000
v 4.430000 1.840000 -4.010000
v 4.430000 1.820000 -4.030000
v 4.450000 1.840000 -4.030000
v 4.430000 1.840000 -5.990000
v 4.450000 1.840000 -5.970000
v 4.430000 1.820000 -5.970000
v 4.210000 1.840000 -5.970000
v 4.230000 1.840000 -5.990000
v 4.230000 1.820000 -5.970000
v 4.210000 1.940000 -4.030000
v 4.230000 1.940000 -4.010000
v 4.230000 1.960000 -4.030000
v 4.430000 1.940000 -4.010000
v 4.450000 1.940000 -4.030000
v 4.430000 1.960000 -4.030000
v 4.450000 1.940000 -5.970000
v 4.430000 1.940000 -5.990000
v 4.430000 1.960000 -5.970000
v 4.210000 1.940000 -5.970000
v 4.230000 1.960000 -5.970000
v 4.230000 1.940000 -5.990000
v 3.055000 0.685000 -7.180000
v 3.040000 0.685000 -7.195000
v 3.055000 0.670000 -7.195000
v 3.665000 0.685000 -7.180000
v 3.665000 0.670000 -7.195000
v 3.680000 0.685000 -7.195000
v 3.665000 0.685000 -8.800000
v 3.680000 0.685000 -8.785000
v 3.665000 0.670000 -8.785000
v 3.040000 0.685000 -8.785000
v 3.055000 0.685000 -8.800000
v 3.055000 0.670000 -8.785000
v 3.040000 0.775000 -7.195000
v 3.055000 0.775000 -7.180000
v 3.055000 0.790000 -7.195000
v 3.665000 0.775000 -7.180000
v 3.680000 0.775000 -7.195000
v 3.665000 0.790000 -7.195000
v 3.680000 0.775000 -8.785000
v 3.665000 0.775000 -8.800000
v 3.665000 0.790000 -8.785000
v 3.040000 0.775000 -8.785000
v 3.055000 0.790000 -8.785000
v 3.055000 0.775000 -8.800000
v 3.285000 0.230000 -7.295000
v 3.435000 0.230000 -7.295000
v 3.435000 0.230000 -7.445000
v 3.285000 0.230000 -7.445000
v 3.285000 0.670000 -7.295000
v 3.435000 0.670000 -7.295000
v 3.435000 0.670000 -7.445000
v 3.285000 0.670000 -7.445000
v 3.285000 0.230000 -8.535000
v 3.435000 0.230000 -8.535000
v 3.435000 0.230000 -8.684999
v 3.285000 0.230000 -8.684999
v 3.285000 0.670000 -8.535000
v 3.435000 0.670000 -8.535000
v 3.435000 0.670000 -8.684999
v 3.285000 0.670000 -8.684999
v 3.017500 0.250000 -6.200000
v 3.007033 0.250000 -6.252619
v 2.977227 0.250000 -6.297227
v 2.932619 0.250000 -6.327034
v 2.880000 0.250000 -6.337500
v 2.827381 0.250000 -6.327034
v 2.782773 0.250000 -6.297227
v 2.752967 0.250000 -6.252619
v 2.742500 0.250000 -6.200000
v 2.752967 0.250000 -6.147381
v 2.782773 0.250000 -6.102773
v 2.827381 0.250000 -6.072967
v 2.880000 0.250000 -6.062500
v 2.932619 0.250000 -6.072967
v 2.977227 0.250000 -6.102773
v 3.007033 0.250000 -6.147381
v 3.040000 0.295000 -6.200000
v 3.027821 0.295000 -6.261230
v 2.993137 0.295000 -6.313137
v 2.941229 0.295000 -6.347821
v 2.880000 0.295000 -6.360000
v 2.818771 0.295000 -6.347821
v 2.766863 0.295000 -6.313137
v 2.732179 0.295000 -6.261230
v 2.720000 0.295000 -6.200000
v 2.732179 0.295000 -6.138771
v 2.766863 0.295000 -6.086863
v 2.818771 0.295000 -6.052179
v 2.880000 0.295000 -6.040000
v 2.941229 0.295000 -6.052179
v 2.993137 0.295000 -6.086863
v 3.027821 0.295000 -6.138771
v 3.130000 0.617200 -6.200000
v 3.110970 0.617200 -6.295671
v 3.056777 0.617200 -6.376777
v 2.975671 0.617200 -6.430970
v 2.880000 0.617200 -6.450000
v 2.784329 0.617200 -6.430970
v 2.703223 0.617200 -6.376777
v 2.649030 0.617200 -6.295671
v 2.630000 0.617200 -6.200000
v 2.649030 0.617200 -6.104329
v 2.703223 0.617200 -6.023223
v 2.784329 0.617200 -5.969030
v 2.880000 0.617200 -5.950000
v 2.975671 0.617200 -5.969030
v 3.056777 0.617200 -6.023223
v 3.110970 0.617200 -6.104329
v 3.067500 0.773800 -6.200000
v 3.053227 0.773800 -6.271753
v 3.012583 0.773800 -6.332582
v 2.951753 0.773800 -6.373228
v 2.880000 0.773800 -6.387500
v 2.808247 0.773800 -6.373228
v 2.747417 0.773800 -6.332582
v 2.706773 0.773800 -6.271753
v 2.692500 0.773800 -6.200000
v 2.706773 0.773800 -6.128247
v 2.747417 0.773800 -6.067418
v 2.808247 0.773800 -6.026772
v 2.880000 0.773800 -6.012500
v 2.951753 0.773800 -6.026772
v 3.012583 0.773800 -6.067418
v 3.053227 0.773800 -6.128247
v 3.080000 0.790000 -6.200000
v 3.064776 0.790000 -6.276536
v 3.021421 0.790000 -6.341421
v 2.956537 0.790000 -6.384776
v 2.880000 0.790000 -6.400000
v 2.803463 0.790000 -6.384776
v 2.738579 0.790000 -6.341421
v 2.695224 0.790000 -6.276536
v 2.680000 0.790000 -6.200000
v 2.695224 0.790000 -6.123463
v 2.738579 0.790000 -6.058578
v 2.803463 0.790000 -6.015224
v 2.880000 0.790000 -6.000000
v 2.956537 0.790000 -6.015224
v 3.021421 0.790000 -6.058578
v 3.064776 0.790000 -6.123463
v 3.040000 0.790000 -6.200000
v 3.027821 0.790000 -6.261230
v 2.993137 0.790000 -6.313137
v 2.941229 0.790000 -6.347821
v 2.880000 0.790000 -6.360000
v 2.818771 0.790000 -6.347821
v 2.766863 0.790000 -6.313137
v 2.732179 0.790000 -6.261230
v 2.720000 0.790000 -6.200000
v 2.732179 0.790000 -6.138771
v 2.766863 0.790000 -6.086863
v 2.818771 0.790000 -6.052179
v 2.880000 0.790000 -6.040000
v 2.941229 0.790000 -6.052179
v 2.993137 0.790000 -6.086863
v 3.027821 0.790000 -6.138771
v 3.040000 0.665800 -6.200000
v 3.027821 0.665800 -6.261230
v 2.993137 0.665800 -6.313137
v 2.941229 0.665800 -6.347821
v 2.880000 0.665800 -6.360000
v 2.818771 0.665800 -6.347821
v 2.766863 0.665800 -6.313137
v 2.732179 0.665800 -6.261230
v 2.720000 0.665800 -6.200000
v 2.732179 0.665800 -6.138771
v 2.766863 0.665800 -6.086863
v 2.818771 0.665800 -6.052179
v 2.880000 0.665800 -6.040000
v 2.941229 0.665800 -6.052179
v 2.993137 0.665800 -6.086863
v 3.027821 0.665800 -6.138771
v 2.979000 0.250000 -6.700000
v 2.971464 0.250000 -6.737885
v 2.950004 0.250000 -6.770004
v 2.917886 0.250000 -6.791464
v 2.880000 0.250000 -6.799000
v 2.842114 0.250000 -6.791464
v 2.809996 0.250000 -6.770004
v 2.788536 0.250000 -6.737885
v 2.781000 0.250000 -6.700000
v 2.788536 0.250000 -6.662114
v 2.809996 0.250000 -6.629996
v 2.842114 0.250000 -6.608536
v 2.880000 0.250000 -6.601000
v 2.917886 0.250000 -6.608536
v 2.950004 0.250000 -6.629996
v 2.971464 0.250000 -6.662114
v 2.995200 0.295000 -6.700000
v 2.986431 0.295000 -6.744085
v 2.961459 0.295000 -6.781459
v 2.924085 0.295000 -6.806431
v 2.880000 0.295000 -6.815200
v 2.835915 0.295000 -6.806431
v 2.798541 0.295000 -6.781459
v 2.773569 0.295000 -6.744085
v 2.764800 0.295000 -6.700000
v 2.773569 0.295000 -6.655915
v 2.798541 0.295000 -6.618541
v 2.835915 0.295000 -6.593569
v 2.880000 0.295000 -6.584800
v 2.924085 0.295000 -6.593569
v 2.961459 0.295000 -6.618541
v 2.986431 0.295000 -6.655915
v 3.060000 0.522000 -6.700000
v 3.046298 0.522000 -6.768883
v 3.007279 0.522000 -6.827279
v 2.948883 0.522000 -6.866298
v 2.880000 0.522000 -6.880000
v 2.811117 0.522000 -6.866298
v 2.752721 0.522000 -6.827279
v 2.713702 0.522000 -6.768883
v 2.700000 0.522000 -6.700000
v 2.713702 0.522000 -6.631117
v 2.752721 0.522000 -6.572721
v 2.811117 0.522000 -6.533702
v 2.880000 0.522000 -6.520000
v 2.948883 0.522000 -6.533702
v 3.007279 0.522000 -6.572721
v 3.046298 0.522000 -6.631117
v 3.015000 0.638000 -6.700000
v 3.004724 0.638000 -6.751662
v 2.975459 0.638000 -6.795459
v 2.931662 0.638000 -6.824724
v 2.880000 0.638000 -6.835000
v 2.828338 0.638000 -6.824724
v 2.784541 0.638000 -6.795459
v 2.755276 0.638000 -6.751662
v 2.745000 0.638000 -6.700000
v 2.755276 0.638000 -6.648338
v 2.784541 0.638000 -6.604540
v 2.828338 0.638000 -6.575276
v 2.880000 0.638000 -6.565000
v 2.931662 0.638000 -6.575276
v 2.975459 0.638000 -6.604540
v 3.004724 0.638000 -6.648338
v 3.024000 0.650000 -6.700000
v 3.013039 0.650000 -6.755106
v 2.981823 0.650000 -6.801823
v 2.935107 0.650000 -6.833039
v 2.880000 0.650000 -6.844000
v 2.824893 0.650000 -6.833039
v 2.778177 0.650000 -6.801823
v 2.746961 0.650000 -6.755106
v 2.736000 0.650000 -6.700000
v 2.746961 0.650000 -6.644894
v 2.778177 0.650000 -6.598176
v 2.824893 0.650000 -6.566961
v 2.880000 0.650000 -6.556000
v 2.935107 0.650000 -6.566961
v 2.981823 0.650000 -6.598176
v 3.013039 0.650000 -6.644894
v 2.995200 0.650000 -6.700000
v 2.986431 0.650000 -6.744085
v 2.961459 0.650000 -6.781459
v 2.924085 0.650000 -6.806431
v 2.880000 0.650000 -6.815200
v 2.835915 0.650000 -6.806431
v 2.798541 0.650000 -6.781459
v 2.773569 0.650000 -6.744085
v 2.764800 0.650000 -6.700000
v 2.773569 0.650000 -6.655915
v 2.798541 0.650000 -6.618541
v 2.835915 0.650000 -6.593569
v 2.880000 0.650000 -6.584800
v 2.924085 0.650000 -6.593569
v 2.961459 0.650000 -6.618541
v 2.986431 0.650000 -6.655915
v 2.995200 0.558000 -6.700000
v 2.986431 0.558000 -6.744085
v 2.961459 0.558000 -6.781459
v 2.924085 0.558000 -6.806431
v 2.880000 0.558000 -6.815200
v 2.835915 0.558000 -6.806431
v 2.798541 0.558000 -6.781459
v 2.773569 0.558000 -6.744085
v 2.764800 0.558000 -6.700000
v 2.773569 0.558000 -6.655915
v 2.798541 0.558000 -6.618541
v 2.835915 0.558000 -6.593569
v 2.880000 0.558000 -6.584800
v 2.924085 0.558000 -6.593569
v 2.961459 0.558000 -6.618541
v 2.986431 0.558000 -6.655915
v -6.810000 0.000000 5.812500
v -6.810000 0.240000 5.812500
v -6.810000 0.240000 5.187500
v -6.810000 0.000000 5.187500
v -6.390000 0.000000 5.812500
v -6.390000 0.240000 5.812500
v -6.390000 0.240000 5.187500
v -6.390000 0.000000 5.187500
v -6.810000 0.000000 5.162500
v -6.810000 0.240000 5.162500
v -6.810000 0.240000 4.537500
v -6.810000 0.000000 4.537500
v -6.390000 0.000000 5.162500
v -6.390000 0.240000 5.162500
v -6.390000 0.240000 4.537500
v -6.390000 0.000000 4.537500
v -6.810000 -0.000001 4.512500
v -6.810000 0.239999 4.512500
v -6.810000 0.239999 3.887500
v -6.810000 -0.000001 3.887500
v -6.390000 -0.000001 4.512500
v -6.390000 0.239999 4.512500
v -6.390000 0.239999 3.887500
v -6.390000 -0.000001 3.887500
v -6.810000 0.000000 3.862500
v -6.810000 0.240000 3.862500
v -6.810000 0.240000 3.237500
v -6.810000 0.000000 3.237500
v -6.390000 0.000000 3.862500
v -6.390000 0.240000 3.862500
v -6.390000 0.240000 3.237500
v -6.390000 0.000000 3.237500
v -6.810000 0.000000 3.212500
v -6.810000 0.240000 3.212500
v -6.810000 0.240000 2.587500
v -6.810000 0.000000 2.587500
v -6.390000 0.000000 3.212500
v -6.390000 0.240000 3.212500
v -6.390000 0.240000 2.587500
v -6.390000 0.000000 2.587500
v -6.810000 -0.000001 2.562500
v -6.810000 0.239999 2.562500
v -6.810000 0.239999 1.937500
v -6.810000 -0.000001 1.937500
v -6.390000 -0.000001 2.562500
v -6.390000 0.239999 2.562500
v -6.390000 0.239999 1.937500
v -6.390000 -0.000001 1.937500
v -6.810000 0.000000 1.912500
v -6.810000 0.240000 1.912500
v -6.810000 0.240000 1.287500
v -6.810000 0.000000 1.287500
v -6.390000 0.000000 1.912500
v -6.390000 0.240000 1.912500
v -6.390000 0.240000 1.287500
v -6.390000 0.000000 1.287500
v -6.810000 0.000000 1.262500
v -6.810000 0.240000 1.262500
v -6.810000 0.240000 0.637500
v -6.810000 0.000000 0.637500
v -6.390000 0.000000 1.262500
v -6.390000 0.240000 1.262500
v -6.390000 0.240000 0.637500
v -6.390000 0.000000 0.637500
v -6.810000 0.000000 0.612500
v -6.810000 0.240000 0.612500
v -6.810000 0.240000 -0.012500
v -6.810000 0.000000 -0.012500
v -6.390000 0.000000 0.612500
v -6.390000 0.240000 0.612500
v -6.390000 0.240000 -0.012500
v -6.390000 0.000000 -0.012500
v -6.810000 0.000000 -0.037500
v -6.810000 0.240000 -0.037500
v -6.810000 0.240000 -0.662500
v -6.810000 0.000000 -0.662500
v -6.390000 0.000000 -0.037500
v -6.390000 0.240000 -0.037500
v -6.390000 0.240000 -0.662500
v -6.390000 0.000000 -0.662500
v -6.810000 0.000000 -0.687500
v -6.810000 0.240000 -0.687500
v -6.810000 0.240000 -1.312500
v -6.810000 0.000000 -1.312500
v -6.390000 0.000000 -0.687500
v -6.390000 0.240000 -0.687500
v -6.390000 0.240000 -1.312500
v -6.390000 0.000000 -1.312500
v -6.810000 0.000000 -1.337500
v -6.810000 0.240000 -1.337500
v -6.810000 0.240000 -1.962500
v -6.810000 0.000000 -1.962500
v -6.390000 0.000000 -1.337500
v -6.390000 0.240000 -1.337500
v -6.390000 0.240000 -1.962500
v -6.390000 0.000000 -1.962500
v -6.810000 0.015000 -1.987500
v -6.810000 0.255000 -1.987500
v -6.810000 0.255000 -2.612500
v -6.810000 0.015000 -2.612500
v -6.390000 0.015000 -1.987500
v -6.390000 0.255000 -1.987500
v -6.390000 0.255000 -2.612500
v -6.390000 0.015000 -2.612500
v -6.810000 0.047500 -2.637500
v -6.810000 0.287500 -2.637500
v -6.810000 0.287500 -3.262500
v -6.810000 0.047500 -3.262500
v -6.390000 0.047500 -2.637500
v -6.390000 0.287500 -2.637500
v -6.390000 0.287500 -3.262500
v -6.390000 0.047500 -3.262500
v -6.810000 0.079999 -3.287500
v -6.810000 0.319999 -3.287500
v -6.810000 0.319999 -3.912500
v -6.810000 0.079999 -3.912500
v -6.390000 0.079999 -3.287500
v -6.390000 0.319999 -3.287500
v -6.390000 0.319999 -3.912500
v -6.390000 0.079999 -3.912500
v -6.810000 0.112500 -3.937500
v -6.810000 0.352500 -3.937500
v -6.810000 0.352500 -4.562500
v -6.810000 0.112500 -4.562500
v -6.390000 0.112500 -3.937500
v -6.390000 0.352500 -3.937500
v -6.390000 0.352500 -4.562500
v -6.390000 0.112500 -4.562500
v -6.810000 0.145000 -4.587500
v -6.810000 0.385000 -4.587500
v -6.810000 0.385000 -5.212500
v -6.810000 0.145000 -5.212500
v -6.390000 0.145000 -4.587500
v -6.390000 0.385000 -4.587500
v -6.390000 0.385000 -5.212500
v -6.390000 0.145000 -5.212500
v -6.810000 0.177499 -5.237500
v -6.810000 0.417499 -5.237500
v -6.810000 0.417499 -5.862500
v -6.810000 0.177499 -5.862500
v -6.390000 0.177499 -5.237500
v -6.390000 0.417499 -5.237500
v -6.390000 0.417499 -5.862500
v -6.390000 0.177499 -5.862500
v -6.810000 0.210000 -5.887500
v -6.810000 0.450000 -5.887500
v -6.810000 0.450000 -6.512500
v -6.810000 0.210000 -6.512500
v -6.390000 0.210000 -5.887500
v -6.390000 0.450000 -5.887500
v -6.390000 0.450000 -6.512500
v -6.390000 0.210000 -6.512500
v -6.810000 0.242499 -6.537500
v -6.810000 0.482499 -6.537500
v -6.810000 0.482499 -7.162500
v -6.810000 0.242499 -7.162500
v -6.390000 0.242499 -6.537500
v -6.390000 0.482499 -6.537500
v -6.390000 0.482499 -7.162500
v -6.390000 0.242499 -7.162500
v -6.810000 0.274999 -7.187500
v -6.810000 0.514999 -7.187500
v -6.810000 0.514999 -7.812500
v -6.810000 0.274999 -7.812500
v -6.390000 0.274999 -7.187500
v -6.390000 0.514999 -7.187500
v -6.390000 0.514999 -7.812500
v -6.390000 0.274999 -7.812500
v -6.810000 0.300001 -7.837500
v -6.810000 0.540001 -7.837500
v -6.810000 0.540001 -8.462500
v -6.810000 0.300001 -8.462500
v -6.390000 0.300001 -7.837500
v -6.390000 0.540001 -7.837500
v -6.390000 0.540001 -8.462500
v -6.390000 0.300001 -8.462500
v -6.810000 0.300000 -8.487500
v -6.810000 0.540000 -8.487500
v -6.810000 0.540000 -9.112500
v -6.810000 0.300000 -9.112500
v -6.390000 0.300000 -8.487500
v -6.390000 0.540000 -8.487500
v -6.390000 0.540000 -9.112500
v -6.390000 0.300000 -9.112500
v -6.810000 0.300000 -9.137500
v -6.810000 0.540000 -9.137500
v -6.810000 0.540000 -9.762500
v -6.810000 0.300000 -9.762500
v -6.390000 0.300000 -9.137500
v -6.390000 0.540000 -9.137500
v -6.390000 0.540000 -9.762500
v -6.390000 0.300000 -9.762500
v -6.810000 0.300001 -9.787500
v -6.810000 0.540001 -9.787500
v -6.810000 0.540001 -10.412500
v -6.810000 0.300001 -10.412500
v -6.390000 0.300001 -9.787500
v -6.390000 0.540001 -9.787500
v -6.390000 0.540001 -10.412500
v -6.390000 0.300001 -10.412500
v -6.810000 0.300000 -10.437500
v -6.810000 0.540000 -10.437500
v -6.810000 0.540000 -11.062500
v -6.810000 0.300000 -11.062500
v -6.390000 0.300000 -10.437500
v -6.390000 0.540000 -10.437500
v -6.390000 0.540000 -11.062500
v -6.390000 0.300000 -11.062500
v -6.810000 0.300000 -11.087500
v -6.810000 0.540000 -11.087500
v -6.810000 0.540000 -11.712500
v -6.810000 0.300000 -11.712500
v -6.390000 0.300000 -11.087500
v -6.390000 0.540000 -11.087500
v -6.390000 0.540000 -11.712500
v -6.390000 0.300000 -11.712500
v -6.810000 0.300001 -11.737500
v -6.810000 0.540001 -11.737500
v -6.810000 0.540001 -12.362500
v -6.810000 0.300001 -12.362500
v -6.390000 0.300001 -11.737500
v -6.390000 0.540001 -11.737500
v -6.390000 0.540001 -12.362500
v -6.390000 0.300001 -12.362500
v -6.810000 0.300001 -12.387500
v -6.810000 0.540001 -12.387500
v -6.810000 0.540001 -13.012500
v -6.810000 0.300001 -13.012500
v -6.390000 0.300001 -12.387500
v -6.390000 0.540001 -12.387500
v -6.390000 0.540001 -13.012500
v -6.390000 0.300001 -13.012500
v -6.810000 0.300001 -13.037500
v -6.810000 0.540001 -13.037500
v -6.810000 0.540001 -13.662500
v -6.810000 0.300001 -13.662500
v -6.390000 0.300001 -13.037500
v -6.390000 0.540001 -13.037500
v -6.390000 0.540001 -13.662500
v -6.390000 0.300001 -13.662500
v -6.810000 0.300001 -13.687500
v -6.810000 0.540001 -13.687500
v -6.810000 0.540001 -14.312500
v -6.810000 0.300001 -14.312500
v -6.390000 0.300001 -13.687500
v -6.390000 0.540001 -13.687500
v -6.390000 0.540001 -14.312500
v -6.390000 0.300001 -14.312500
v -6.810000 0.300001 -14.337500
v -6.810000 0.540001 -14.337500
v -6.810000 0.540001 -14.962500
v -6.810000 0.300001 -14.962500
v -6.390000 0.300001 -14.337500
v -6.390000 0.540001 -14.337500
v -6.390000 0.540001 -14.962500
v -6.390000 0.300001 -14.962500
v -6.810000 0.300001 -14.987500
v -6.810000 0.540001 -14.987500
v -6.810000 0.540001 -15.612500
v -6.810000 0.300001 -15.612500
v -6.390000 0.300001 -14.987500
v -6.390000 0.540001 -14.987500
v -6.390000 0.540001 -15.612500
v -6.390000 0.300001 -15.612500
v -6.810000 0.300001 -15.637500
v -6.810000 0.540001 -15.637500
v -6.810000 0.540001 -16.262501
v -6.810000 0.300001 -16.262501
v -6.390000 0.300001 -15.637500
v -6.390000 0.540001 -15.637500
v -6.390000 0.540001 -16.262501
v -6.390000 0.300001 -16.262501
v -6.810000 0.300001 -16.287500
v -6.810000 0.540001 -16.287500
v -6.810000 0.540001 -16.912500
v -6.810000 0.300001 -16.912500
v -6.390000 0.300001 -16.287500
v -6.390000 0.540001 -16.287500
v -6.390000 0.540001 -16.912500
v -6.390000 0.300001 -16.912500
v -6.810000 0.300001 -16.937500
v -6.810000 0.540001 -16.937500
v -6.810000 0.540001 -17.562500
v -6.810000 0.300001 -17.562500
v -6.390000 0.300001 -16.937500
v -6.390000 0.540001 -16.937500
v -6.390000 0.540001 -17.562500
v -6.390000 0.300001 -17.562500
v 4.050000 2.505000 -9.605000
v 4.210000 2.505000 -9.605000
v 4.210000 2.505000 -9.795000
v 4.050000 2.505000 -9.795000
v 4.050000 2.795000 -9.605000
v 4.210000 2.795000 -9.605000
v 4.210000 2.795000 -9.795000
v 4.050000 2.795000 -9.795000
v 4.005000 2.447500 -9.570000
v 4.255000 2.447500 -9.570000
v 4.255000 2.447500 -9.830000
v 4.005000 2.447500 -9.830000
v 4.005000 2.512500 -9.570000
v 4.255000 2.512500 -9.570000
v 4.255000 2.512500 -9.830000
v 4.005000 2.512500 -9.830000
v 4.005000 2.777500 -9.570000
v 4.255000 2.777500 -9.570000
v 4.255000 2.777500 -9.830000
v 4.005000 2.777500 -9.830000
v 4.005000 2.842500 -9.570000
v 4.255000 2.842500 -9.570000
v 4.255000 2.842500 -9.830000
v 4.005000 2.842500 -9.830000
v 4.035000 2.505000 -9.592500
v 4.225000 2.505000 -9.592500
v 4.225000 2.505000 -9.617499
v 4.035000 2.505000 -9.617499
v 4.035000 2.795000 -9.592500
v 4.225000 2.795000 -9.592500
v 4.225000 2.795000 -9.617499
v 4.035000 2.795000 -9.617499
v 4.035000 2.505000 -9.782500
v 4.225000 2.505000 -9.782500
v 4.225000 2.505000 -9.807500
v 4.035000 2.505000 -9.807500
v 4.035000 2.795000 -9.782500
v 4.225000 2.795000 -9.782500
v 4.225000 2.795000 -9.807500
v 4.035000 2.795000 -9.807500
v 4.050000 2.505000 -13.205000
v 4.210000 2.505000 -13.205000
v 4.210000 2.505000 -13.395000
v 4.050000 2.505000 -13.395000
v 4.050000 2.795000 -13.205000
v 4.210000 2.795000 -13.205000
v 4.210000 2.795000 -13.395000
v 4.050000 2.795000 -13.395000
v 4.005000 2.447500 -13.170000
v 4.255000 2.447500 -13.170000
v 4.255000 2.447500 -13.430000
v 4.005000 2.447500 -13.430000
v 4.005000 2.512500 -13.170000
v 4.255000 2.512500 -13.170000
v 4.255000 2.512500 -13.430000
v 4.005000 2.512500 -13.430000
v 4.005000 2.777500 -13.170000
v 4.255000 2.777500 -13.170000
v 4.255000 2.777500 -13.430000
v 4.005000 2.777500 -13.430000
v 4.005000 2.842500 -13.170000
v 4.255000 2.842500 -13.170000
v 4.255000 2.842500 -13.430000
v 4.005000 2.842500 -13.430000
v 4.035000 2.505000 -13.192500
v 4.225000 2.505000 -13.192500
v 4.225000 2.505000 -13.217500
v 4.035000 2.505000 -13.217500
v 4.035000 2.795000 -13.192500
v 4.225000 2.795000 -13.192500
v 4.225000 2.795000 -13.217500
v 4.035000 2.795000 -13.217500
v 4.035000 2.505000 -13.382501
v 4.225000 2.505000 -13.382501
v 4.225000 2.505000 -13.407500
v 4.035000 2.505000 -13.407500
v 4.035000 2.795000 -13.382501
v 4.225000 2.795000 -13.382501
v 4.225000 2.795000 -13.407500
v 4.035000 2.795000 -13.407500
v 2.880000 3.610000 -11.370000
v 3.120000 3.610000 -11.370000
v 3.120000 3.610000 -11.630000
v 2.880000 3.610000 -11.630000
v 2.880000 3.730000 -11.370000
v 3.120000 3.730000 -11.370000
v 3.120000 3.730000 -11.630000
v 2.880000 3.730000 -11.630000
v 2.850000 3.717500 -11.340000
v 3.150000 3.717500 -11.340000
v 3.150000 3.717500 -11.660000
v 2.850000 3.717500 -11.660000
v 2.850000 3.762500 -11.340000
v 3.150000 3.762500 -11.340000
v 3.150000 3.762500 -11.660000
v 2.850000 3.762500 -11.660000
vn -0.0000 1.0000 -0.0000
vn -0.0000 0.9988 0.0499
vn -0.0000 -0.0000 1.0000
vn 1.0000 -0.0000 -0.0000
vn -0.0000 -0.0000 -1.0000
vn -1.0000 -0.0000 -0.0000
vn -0.0000 -1.0000 -0.0000
vn -0.3924 0.9198 -0.0000
vn 0.3924 0.9198 -0.0000
vn -0.3924 -0.9198 -0.0000
vn 0.3924 -0.9198 -0.0000
vn 0.5774 -0.5774 -0.5773
vn -0.5774 0.5774 0.5773
vn 0.5774 0.5774 0.5773
vn 0.5774 0.5774 -0.5773
vn -0.5774 0.5774 -0.5773
vn -0.0000 -0.7071 0.7071
vn -0.0000 -0.7071 -0.7071
vn -0.7071 0.7071 -0.0000
vn -0.0000 0.7071 0.7071
vn 0.7071 0.7071 -0.0000
vn -0.7071 -0.0000 0.7071
vn 0.7071 -0.0000 0.7071
vn 0.7072 -0.0000 -0.7071
vn -0.7071 -0.0000 -0.7071
vn 0.5774 -0.5774 0.5773
vn 0.5774 -0.5773 -0.5773
vn 0.7071 -0.7071 -0.0000
vn -0.0000 0.7071 -0.7071
vn -0.5774 -0.5773 0.5773
vn 0.5774 -0.5773 0.5773
vn -0.5774 -0.5773 -0.5773
vn -0.5774 0.5773 0.5773
vn 0.5774 0.5773 0.5773
vn 0.5774 0.5773 -0.5773
vn -0.5774 0.5773 -0.5773
vn -0.7071 -0.7071 -0.0000
vn 0.7071 -0.0000 -0.7071
vn -0.5774 -0.5774 0.5773
vn -0.5774 -0.5774 -0.5773
vn 0.9962 -0.0000 -0.0871
vn -0.0872 -0.0000 -0.9962
vn -0.9962 -0.0000 0.0872
vn 0.0872 -0.0000 0.9962
vn -0.6428 -0.0000 -0.7660
vn -0.7660 -0.0000 0.6428
vn 0.6428 -0.0000 0.7660
vn 0.7660 -0.0000 -0.6428
vn 0.8192 -0.0000 -0.5736
vn -0.5736 -0.0000 -0.8192
vn -0.8192 -0.0000 0.5736
vn 0.5736 -0.0000 0.8192
vn -0.9659 -0.0000 0.2588
vn 0.2588 -0.0000 0.9659
vn 0.9659 -0.0000 -0.2588
vn -0.2588 -0.0000 -0.9659
vn -0.0000 -0.7072 0.7071
vn -0.7660 -0.0000 -0.6428
vn -0.6428 -0.0000 0.7660
vn 0.7660 -0.0000 0.6428
vn 0.6428 -0.0000 -0.7660
vn -0.3413 0.9399 -0.0000
vn 0.3413 0.9399 -0.0000
vn -0.3413 -0.9399 -0.0000
vn 0.3413 -0.9399 -0.0000
vn 0.5774 -0.5773 -0.5774
vn -0.5774 0.5773 0.5774
vn 0.5774 0.5773 -0.5774
vn -0.5774 0.5773 -0.5774
vn -0.0000 -0.7070 0.7072
vn -0.0000 -0.7070 -0.7072
vn -0.0000 0.7072 0.7070
vn 0.5773 -0.5775 0.5772
vn 0.5773 -0.5774 -0.5773
vn -0.5773 0.5775 0.5772
vn 0.5773 0.5775 0.5772
vn 0.5773 0.5774 -0.5773
vn -0.5773 0.5774 -0.5773
vn -0.0000 -0.7072 0.7070
vn -0.5774 -0.5773 0.5774
vn 0.5774 -0.5773 0.5774
vn -0.5774 -0.5773 -0.5774
vn -0.0000 0.7072 -0.7070
vn -0.5773 -0.5774 0.5773
vn -0.5773 0.5774 0.5773
vn 0.5773 0.5774 0.5773
vn -0.0000 0.7072 0.7071
vn -0.0000 0.7072 -0.7071
vn 0.9397 -0.0000 -0.3420
vn -0.3420 -0.0000 -0.9397
vn -0.9397 -0.0000 0.3420
vn 0.3420 -0.0000 0.9397
vn 0.6428 -0.0000 0.7661
vn 0.5773 -0.5774 0.5774
vn 0.5773 -0.5774 -0.5774
vn 0.5773 0.5774 0.5774
vn 0.5773 0.5774 -0.5774
vn 0.5773 -0.5774 0.5773
vn -0.5773 -0.5774 -0.5773
vn -0.7809 -0.0000 -0.6247
vn 0.7809 -0.0000 0.6247
vn -0.6247 -0.0000 0.7809
vn 0.6247 -0.0000 -0.7809
vn -0.7809 -0.0000 0.6247
vn 0.7809 -0.0000 -0.6247
vn 0.6247 -0.0000 0.7809
vn -0.6247 -0.0000 -0.7809
vn -0.0000 -0.1205 0.9927
vn -0.0000 0.9709 0.2393
vn -0.0000 0.1205 -0.9927
vn -0.0000 -0.3546 0.9350
vn -0.0000 0.8855 0.4647
vn -0.0000 0.3546 -0.9350
vn -0.0000 -0.5681 0.8230
vn -0.0000 0.7485 0.6631
vn -0.0000 0.5681 -0.8230
vn -0.0000 -0.7485 0.6631
vn -0.0000 0.5681 0.8230
vn -0.0000 0.7485 -0.6631
vn -0.0000 -0.8855 0.4647
vn -0.0000 0.3546 0.9350
vn -0.0000 0.8855 -0.4647
vn -0.0000 -0.9709 0.2393
vn -0.0000 0.1205 0.9927
vn -0.0000 0.9709 -0.2393
vn -0.0000 -0.9709 -0.2393
vn -0.0000 -0.8855 -0.4647
vn -0.0000 -0.7485 -0.6631
vn -0.0000 -0.5681 -0.8230
vn -0.0000 -0.3546 -0.9350
vn -0.0000 -0.1205 -0.9927
vn -0.1215 0.9926 -0.0000
vn 0.1215 -0.9926 -0.0000
vn -0.5773 -0.5774 0.5774
vn -0.5773 0.5773 0.5774
vn 0.5773 0.5773 0.5774
vn 0.5773 0.5773 -0.5774
vn -0.5773 0.5773 -0.5774
vn -0.2706 0.2706 -0.9239
vn -0.6533 0.6533 -0.3827
vn -0.6533 0.6533 0.3827
vn -0.2706 0.2706 0.9239
vn 0.2706 -0.2706 0.9239
vn 0.6533 -0.6533 0.3827
vn 0.6533 -0.6533 -0.3827
vn 0.2706 -0.2706 -0.9239
vn 0.5774 -0.5772 0.5775
vn 0.5773 0.5773 0.5775
vn -0.5773 0.5774 0.5774
vn -0.5773 -0.5774 -0.5774
vn -0.5773 0.5774 -0.5774
vn -0.0000 0.7070 -0.7072
vn -0.4428 0.8966 -0.0000
vn 0.4428 0.8966 -0.0000
vn -0.4428 -0.8966 -0.0000
vn 0.4428 -0.8966 -0.0000
vn 0.5773 -0.5773 -0.5774
vn -0.0000 -0.7072 -0.7071
vn -0.5774 -0.5774 -0.5774
vn -0.6428 -0.0000 -0.7661
vn 0.5773 -0.5773 0.5774
vn -0.5774 0.5774 -0.5774
vn 0.5774 -0.5774 -0.5774
vn -0.4574 0.8892 -0.0000
vn 0.4574 0.8892 -0.0000
vn -0.4574 -0.8892 -0.0000
vn 0.4574 -0.8892 -0.0000
vn -0.5773 -0.5773 0.5774
vn -0.5773 -0.5773 -0.5774
vn -0.5774 -0.5774 0.5774
vn -0.0000 -0.7072 -0.7070
vn 0.5774 0.5774 -0.5772
vn 0.5773 0.5773 -0.5775
vn 0.5774 0.5773 0.5774
vn 0.7071 -0.0000 0.7072
vn -0.5774 0.5774 0.5774
vn 0.5774 -0.5774 0.5774
vn 0.5774 0.5774 0.5774
vn 0.5774 0.5774 -0.5774
vn -0.0000 0.2588 0.9659
vn -0.0000 0.9659 0.2588
vn -0.0000 0.9659 -0.2588
vn -0.0000 0.2588 -0.9659
vn -0.0000 -0.2588 -0.9659
vn -0.0000 -0.9659 -0.2588
vn -0.0000 -0.9659 0.2588
vn -0.0000 -0.2588 0.9659
vn 0.8806 -0.4403 -0.1752
vn 0.7465 -0.4403 -0.4988
vn 0.4988 -0.4403 -0.7465
vn 0.1752 -0.4403 -0.8806
vn -0.1752 -0.4403 -0.8806
vn -0.4988 -0.4403 -0.7465
vn -0.7465 -0.4403 -0.4988
vn -0.8806 -0.4403 -0.1752
vn -0.8806 -0.4403 0.1752
vn -0.7465 -0.4403 0.4988
vn -0.4988 -0.4403 0.7465
vn -0.1752 -0.4403 0.8806
vn 0.1752 -0.4403 0.8806
vn 0.4988 -0.4403 0.7465
vn 0.7465 -0.4403 0.4988
vn 0.8806 -0.4403 0.1752
vn 0.9459 -0.2642 -0.1882
vn 0.8019 -0.2642 -0.5358
vn 0.5358 -0.2642 -0.8019
vn 0.1882 -0.2642 -0.9459
vn -0.1882 -0.2642 -0.9459
vn -0.5358 -0.2642 -0.8019
vn -0.8019 -0.2642 -0.5358
vn -0.9459 -0.2642 -0.1882
vn -0.9459 -0.2642 0.1882
vn -0.8019 -0.2642 0.5358
vn -0.5358 -0.2642 0.8019
vn -0.1882 -0.2642 0.9459
vn 0.1882 -0.2642 0.9459
vn 0.5358 -0.2642 0.8019
vn 0.8019 -0.2642 0.5358
vn 0.9459 -0.2642 0.1882
vn 0.9133 0.3645 -0.1817
vn 0.7743 0.3645 -0.5173
vn 0.5173 0.3645 -0.7743
vn 0.1817 0.3645 -0.9133
vn -0.1817 0.3645 -0.9133
vn -0.5173 0.3645 -0.7743
vn -0.7743 0.3645 -0.5173
vn -0.9133 0.3645 -0.1817
vn -0.9133 0.3645 0.1817
vn -0.7743 0.3645 0.5173
vn -0.5173 0.3645 0.7743
vn -0.1817 0.3645 0.9133
vn 0.1817 0.3645 0.9133
vn 0.5174 0.3645 0.7743
vn 0.7743 0.3645 0.5173
vn 0.9133 0.3645 0.1817
vn 0.7821 -0.6034 -0.1556
vn 0.6630 -0.6035 -0.4430
vn 0.4430 -0.6034 -0.6630
vn 0.1556 -0.6035 -0.7821
vn -0.1556 -0.6035 -0.7821
vn -0.4430 -0.6034 -0.6630
vn -0.6630 -0.6035 -0.4430
vn -0.7821 -0.6035 -0.1556
vn -0.7821 -0.6035 0.1556
vn -0.6630 -0.6035 0.4430
vn -0.4430 -0.6034 0.6630
vn -0.1556 -0.6034 0.7821
vn 0.1556 -0.6035 0.7821
vn 0.4430 -0.6035 0.6630
vn 0.6630 -0.6035 0.4430
vn 0.7821 -0.6035 0.1556
vn -0.9808 -0.0000 0.1951
vn -0.8315 -0.0000 0.5556
vn -0.5556 -0.0000 0.8315
vn -0.1951 -0.0000 0.9808
vn 0.1951 -0.0000 0.9808
vn 0.5556 -0.0000 0.8315
vn 0.8315 -0.0000 0.5556
vn 0.9808 -0.0000 0.1951
vn 0.9808 -0.0000 -0.1951
vn 0.8315 -0.0000 -0.5556
vn 0.5556 -0.0000 -0.8315
vn 0.1951 -0.0000 -0.9808
vn -0.1951 -0.0000 -0.9808
vn -0.5556 -0.0000 -0.8315
vn -0.8315 -0.0000 -0.5556
vn -0.9808 -0.0000 -0.1951
vn 0.9248 -0.3329 -0.1840
vn 0.7840 -0.3329 -0.5239
vn 0.5239 -0.3329 -0.7840
vn 0.1840 -0.3329 -0.9248
vn -0.1840 -0.3329 -0.9248
vn -0.5239 -0.3330 -0.7840
vn -0.7840 -0.3329 -0.5239
vn -0.9248 -0.3329 -0.1840
vn -0.9248 -0.3329 0.1840
vn -0.7840 -0.3329 0.5239
vn -0.5239 -0.3329 0.7840
vn -0.1840 -0.3329 0.9248
vn 0.1840 -0.3329 0.9248
vn 0.5239 -0.3330 0.7840
vn 0.7840 -0.3330 0.5239
vn 0.9248 -0.3329 0.1840
vn 0.9445 -0.2696 -0.1879
vn 0.8007 -0.2696 -0.5350
vn 0.5350 -0.2696 -0.8007
vn 0.1879 -0.2696 -0.9445
vn -0.1879 -0.2696 -0.9445
vn -0.5350 -0.2696 -0.8007
vn -0.8007 -0.2696 -0.5350
vn -0.9445 -0.2696 -0.1879
vn -0.9445 -0.2696 0.1879
vn -0.8007 -0.2696 0.5350
vn -0.5350 -0.2696 0.8007
vn -0.1879 -0.2696 0.9445
vn 0.1879 -0.2696 0.9445
vn 0.5350 -0.2696 0.8007
vn 0.8007 -0.2696 0.5350
vn 0.9445 -0.2696 0.1879
vn 0.9167 0.3556 -0.1823
vn 0.7771 0.3556 -0.5193
vn 0.5193 0.3556 -0.7771
vn 0.1823 0.3556 -0.9167
vn -0.1823 0.3556 -0.9167
vn -0.5193 0.3556 -0.7771
vn -0.7771 0.3556 -0.5193
vn -0.9167 0.3556 -0.1823
vn -0.9167 0.3556 0.1823
vn -0.7771 0.3556 0.5193
vn -0.5193 0.3556 0.7771
vn -0.1823 0.3556 0.9167
vn 0.1823 0.3556 0.9167
vn 0.5193 0.3556 0.7771
vn 0.7771 0.3556 0.5193
vn 0.9167 0.3556 0.1823
vn 0.7901 -0.5925 -0.1572
vn 0.6698 -0.5925 -0.4475
vn 0.4475 -0.5926 -0.6698
vn 0.1571 -0.5926 -0.7900
vn -0.1571 -0.5926 -0.7900
vn -0.4475 -0.5926 -0.6698
vn -0.6698 -0.5926 -0.4475
vn -0.7901 -0.5925 -0.1571
vn -0.7901 -0.5925 0.1572
vn -0.6698 -0.5926 0.4475
vn -0.4475 -0.5926 0.6698
vn -0.1572 -0.5925 0.7901
vn 0.1571 -0.5926 0.7900
vn 0.4475 -0.5926 0.6698
vn 0.6698 -0.5925 0.4475
vn 0.7901 -0.5925 0.1572
vn 0.7072 -0.0000 0.7071
vn 0.9962 -0.0000 -0.0872
vn -0.0000 0.7070 0.7072
vn 0.7071 -0.0000 -0.7072
vn 1.0000 -0.0000 0.0001
vn 1.0000 -0.0000 -0.0001
vn -0.5174 0.3645 -0.7743
vn -0.7743 0.3645 -0.5174
vn 0.5173 0.3645 0.7743
vn 0.7821 -0.6035 -0.1556
vn 0.6630 -0.6034 -0.4430
vn -0.4430 -0.6035 -0.6630
vn -0.4430 -0.6035 0.6630
vn -0.1556 -0.6035 0.7821
vn 0.1556 -0.6034 0.7821
vn 0.6630 -0.6034 0.4430
vn 0.7821 -0.6034 0.1556
vn -0.5239 -0.3329 -0.7840
vn -0.7840 -0.3330 0.5239
vn -0.5239 -0.3330 0.7840
vn 0.5239 -0.3329 0.7840
vn 0.7840 -0.3329 0.5239
vn -0.9167 0.3556 -0.1824
vn -0.5192 0.3556 0.7771
vn 0.7901 -0.5926 -0.1572
vn 0.6698 -0.5926 -0.4475
vn 0.4475 -0.5925 -0.6698
vn 0.1572 -0.5925 -0.7901
vn -0.1572 -0.5925 -0.7901
vn -0.4476 -0.5925 -0.6698
vn -0.6698 -0.5925 -0.4475
vn -0.7901 -0.5925 -0.1572
vn -0.7901 -0.5925 0.1571
vn -0.6698 -0.5925 0.4475
vn -0.4475 -0.5925 0.6698
vn -0.1571 -0.5926 0.7901
vn 0.1572 -0.5925 0.7901
vn 0.4475 -0.5925 0.6698
vt 0.318745 0.412955
vt 0.327599 0.302840
vt 0.327599 0.412955
vt 0.309891 0.412955
vt 0.318745 0.302840
vt 0.301037 0.412955
vt 0.309891 0.302840
vt 0.292183 0.412955
vt 0.301037 0.302840
vt 0.283329 0.412955
vt 0.292183 0.302840
vt 0.274475 0.412955
vt 0.283329 0.302840
vt 0.265621 0.412955
vt 0.274475 0.302840
vt 0.256767 0.412955
vt 0.265621 0.302840
vt 0.247913 0.412955
vt 0.256767 0.302840
vt 0.239059 0.412955
vt 0.247913 0.302840
vt 0.230205 0.412955
vt 0.239059 0.302840
vt 0.221351 0.412955
vt 0.230205 0.302840
vt 0.212497 0.412955
vt 0.221351 0.302840
vt 0.203643 0.412955
vt 0.212497 0.302840
vt 0.194789 0.412955
vt 0.203643 0.302840
vt 0.185935 0.412955
vt 0.194789 0.302840
vt 0.177081 0.412955
vt 0.185935 0.302840
vt 0.168227 0.412955
vt 0.177081 0.302840
vt 0.159373 0.412955
vt 0.168227 0.302840
vt 0.150519 0.412955
vt 0.159373 0.302840
vt 0.141665 0.412955
vt 0.150519 0.302840
vt 0.132811 0.412955
vt 0.141665 0.302840
vt 0.123957 0.412955
vt 0.132811 0.302840
vt 0.115103 0.412955
vt 0.123957 0.302840
vt 0.106249 0.412955
vt 0.115103 0.302840
vt 0.097395 0.412955
vt 0.106249 0.302840
vt 0.088541 0.412955
vt 0.097395 0.302840
vt 0.079687 0.412955
vt 0.088541 0.302840
vt 0.070833 0.412955
vt 0.079687 0.302840
vt 0.061979 0.412955
vt 0.070833 0.302840
vt 0.053125 0.412955
vt 0.061979 0.302840
vt 0.044271 0.412955
vt 0.053125 0.302840
vt 0.035417 0.412955
vt 0.044271 0.302840
vt 0.026563 0.412955
vt 0.035417 0.302840
vt 0.017709 0.412955
vt 0.026563 0.302840
vt 0.008855 0.412955
vt 0.017709 0.302840
vt 0.000001 0.412955
vt 0.008855 0.302840
vt 0.327599 0.275311
vt 0.318745 0.275311
vt 0.309891 0.275311
vt 0.301037 0.275311
vt 0.292183 0.275311
vt 0.283329 0.275311
vt 0.274475 0.275311
vt 0.265621 0.275311
vt 0.256767 0.275311
vt 0.247913 0.275311
vt 0.239059 0.275311
vt 0.230205 0.275311
vt 0.221351 0.275311
vt 0.212497 0.275311
vt 0.203643 0.275311
vt 0.194789 0.275311
vt 0.185935 0.275311
vt 0.177081 0.275311
vt 0.168227 0.275311
vt 0.159373 0.275311
vt 0.150519 0.275311
vt 0.141665 0.275311
vt 0.132811 0.275311
vt 0.123957 0.275311
vt 0.115103 0.275311
vt 0.106249 0.275311
vt 0.097395 0.275311
vt 0.088541 0.275311
vt 0.079687 0.275311
vt 0.070833 0.275311
vt 0.061979 0.275311
vt 0.053125 0.275311
vt 0.044271 0.275311
vt 0.035417 0.275311
vt 0.026563 0.275311
vt 0.017709 0.275311
vt 0.000001 0.302840
vt 0.008855 0.275311
vt 0.327598 0.192702
vt 0.318744 0.192702
vt 0.309890 0.192702
vt 0.301036 0.192702
vt 0.292182 0.192702
vt 0.283328 0.192702
vt 0.274474 0.192702
vt 0.265620 0.192702
vt 0.256766 0.192702
vt 0.247912 0.192702
vt 0.239058 0.192702
vt 0.230204 0.192702
vt 0.221350 0.192702
vt 0.212496 0.192702
vt 0.203642 0.192702
vt 0.194788 0.192702
vt 0.185934 0.192702
vt 0.177080 0.192702
vt 0.168226 0.192702
vt 0.159372 0.192702
vt 0.150518 0.192702
vt 0.141664 0.192702
vt 0.132810 0.192702
vt 0.123956 0.192702
vt 0.115102 0.192702
vt 0.106248 0.192702
vt 0.097394 0.192702
vt 0.088540 0.192702
vt 0.079686 0.192702
vt 0.070832 0.192702
vt 0.061978 0.192702
vt 0.053124 0.192702
vt 0.044270 0.192702
vt 0.035416 0.192702
vt 0.026562 0.192702
vt 0.017708 0.192702
vt 0.000001 0.275311
vt 0.008854 0.192702
vt 0.327598 0.137644
vt 0.318744 0.137644
vt 0.309890 0.137644
vt 0.301036 0.137644
vt 0.292182 0.137644
vt 0.283328 0.137644
vt 0.274474 0.137644
vt 0.265620 0.137644
vt 0.256766 0.137644
vt 0.247912 0.137644
vt 0.239058 0.137644
vt 0.230204 0.137644
vt 0.221350 0.137644
vt 0.212496 0.137644
vt 0.203642 0.137644
vt 0.194788 0.137644
vt 0.185934 0.137644
vt 0.177080 0.137644
vt 0.168226 0.137644
vt 0.159372 0.137644
vt 0.150518 0.137644
vt 0.141664 0.137644
vt 0.132810 0.137644
vt 0.123956 0.137644
vt 0.115102 0.137644
vt 0.106248 0.137644
vt 0.097394 0.137644
vt 0.088540 0.137644
vt 0.079686 0.137644
vt 0.070832 0.137644
vt 0.061978 0.137644
vt 0.053124 0.137644
vt 0.044270 0.137644
vt 0.035416 0.137644
vt 0.026562 0.137644
vt 0.017708 0.137644
vt -0.000000 0.192702
vt 0.008854 0.137644
vt 0.327598 0.000000
vt 0.318744 0.000000
vt 0.309890 0.000000
vt 0.301036 0.000000
vt 0.292182 0.000000
vt 0.283328 0.000000
vt 0.274474 0.000000
vt 0.265620 0.000000
vt 0.256766 0.000000
vt 0.247912 0.000000
vt 0.239058 0.000000
vt 0.230204 0.000000
vt 0.221350 0.000000
vt 0.212496 0.000000
vt 0.203642 0.000000
vt 0.194788 0.000000
vt 0.185934 0.000000
vt 0.177080 0.000000
vt 0.168226 0.000000
vt 0.159372 0.000000
vt 0.150518 0.000000
vt 0.141664 0.000000
vt 0.132810 0.000000
vt 0.123956 0.000000
vt 0.115102 0.000000
vt 0.106248 0.000000
vt 0.097394 0.000000
vt 0.088540 0.000000
vt 0.079686 0.000000
vt 0.070832 0.000000
vt 0.061978 0.000000
vt 0.053124 0.000000
vt 0.044270 0.000000
vt 0.035416 0.000000
vt 0.026562 0.000000
vt 0.017708 0.000000
vt 0.000000 0.137644
vt 0.008854 0.000000
vt 0.921223 0.927213
vt 0.927418 0.906222
vt 0.927418 0.927213
vt 0.196831 0.944317
vt 0.203025 0.931654
vt 0.203025 0.944317
vt 0.753847 0.747929
vt 0.766510 0.768918
vt 0.753847 0.768919
vt 0.165863 0.944317
vt 0.172056 0.931654
vt 0.172056 0.944318
vt 0.000000 0.669376
vt 0.012663 0.648385
vt 0.012663 0.669375
vt 0.895427 0.956599
vt 0.901621 0.935608
vt 0.901621 0.956599
vt 0.196831 0.931654
vt 0.203025 0.907567
vt 0.766510 0.747928
vt 0.790598 0.768917
vt 0.165863 0.931654
vt 0.172056 0.907567
vt 0.036751 0.669374
vt 0.924707 0.154329
vt 0.930901 0.133338
vt 0.930901 0.154329
vt 0.196831 0.907566
vt 0.203025 0.896142
vt 0.790598 0.747927
vt 0.802022 0.768917
vt 0.165863 0.907566
vt 0.172056 0.896142
vt 0.036751 0.648384
vt 0.048176 0.669374
vt 0.921223 0.906222
vt 0.927418 0.887640
vt 0.753847 0.729347
vt 0.887773 0.961912
vt 0.893967 0.949249
vt 0.893967 0.961912
vt 0.012663 0.687957
vt 0.000000 0.687957
vt 0.587262 0.962982
vt 0.581067 0.944400
vt 0.587262 0.944400
vt 0.924707 0.133338
vt 0.930901 0.114756
vt 0.790598 0.729346
vt 0.802022 0.747927
vt 0.456980 0.961166
vt 0.463174 0.949742
vt 0.463174 0.961167
vt 0.048176 0.687955
vt 0.036751 0.687956
vt 0.921223 0.887640
vt 0.927418 0.864929
vt 0.753847 0.706637
vt 0.766510 0.729347
vt 0.172056 0.944317
vt 0.178250 0.931654
vt 0.178250 0.944317
vt 0.000000 0.710668
vt 0.012663 0.710667
vt 0.690431 0.948881
vt 0.696626 0.926170
vt 0.696626 0.948881
vt 0.887773 0.949248
vt 0.893966 0.925161
vt 0.893966 0.949249
vt 0.766510 0.706636
vt 0.172056 0.931654
vt 0.178250 0.907566
vt 0.036751 0.710667
vt 0.924707 0.114756
vt 0.930901 0.092045
vt 0.790598 0.706635
vt 0.802022 0.729345
vt 0.172056 0.907566
vt 0.178250 0.896142
vt 0.048176 0.710666
vt 0.921223 0.864929
vt 0.927418 0.846347
vt 0.753847 0.688056
vt 0.857078 0.962191
vt 0.863272 0.949528
vt 0.863272 0.962191
vt 0.012663 0.729249
vt 0.000000 0.729249
vt 0.956359 0.628519
vt 0.950165 0.609937
vt 0.956359 0.609937
vt 0.924707 0.092045
vt 0.930901 0.073463
vt 0.802022 0.688054
vt 0.802022 0.706635
vt 0.945288 0.249664
vt 0.951482 0.238240
vt 0.951482 0.249664
vt 0.048176 0.729248
vt 0.036751 0.729248
vt 0.921223 0.846347
vt 0.927418 0.819506
vt 0.753847 0.661216
vt 0.766510 0.688055
vt 0.178250 0.944317
vt 0.184444 0.931654
vt 0.184444 0.944317
vt 0.012663 0.756089
vt -0.000000 0.756089
vt 0.943971 0.609937
vt 0.950165 0.583096
vt 0.950165 0.609937
vt 0.662216 0.949567
vt 0.668409 0.925480
vt 0.668409 0.949568
vt 0.766510 0.661215
vt 0.790598 0.688054
vt 0.178250 0.931654
vt 0.184444 0.907566
vt 0.036751 0.756088
vt 0.924707 0.073463
vt 0.930901 0.046622
vt 0.790598 0.661214
vt 0.178250 0.907566
vt 0.184444 0.896142
vt 0.048176 0.756087
vt 0.921223 0.819506
vt 0.927418 0.800924
vt 0.753847 0.642635
vt 0.662216 0.962231
vt 0.668409 0.949568
vt 0.668409 0.962231
vt 0.012663 0.774670
vt -0.000000 0.774671
vt 0.950165 0.628519
vt 0.943971 0.609937
vt 0.950165 0.609937
vt 0.924707 0.046622
vt 0.930901 0.028040
vt 0.790598 0.642633
vt 0.802022 0.661214
vt 0.450786 0.961166
vt 0.456980 0.949742
vt 0.456980 0.961167
vt 0.048176 0.774669
vt 0.036751 0.774669
vt 0.921223 0.800924
vt 0.927418 0.787504
vt 0.753847 0.629215
vt 0.766510 0.642634
vt 0.184444 0.944317
vt 0.190638 0.931654
vt 0.190638 0.944318
vt 0.012663 0.788090
vt -0.000000 0.788091
vt 0.319391 0.962416
vt 0.325585 0.948996
vt 0.325585 0.962416
vt 0.668409 0.949567
vt 0.674603 0.925480
vt 0.674603 0.949568
vt 0.766510 0.629214
vt 0.184444 0.931654
vt 0.190638 0.907567
vt 0.036751 0.788089
vt 0.924707 0.028040
vt 0.930901 0.014620
vt 0.790598 0.629213
vt 0.802022 0.642633
vt 0.184444 0.907566
vt 0.190638 0.896142
vt 0.048176 0.788089
vt 0.746703 0.947175
vt 0.752897 0.878352
vt 0.752897 0.947175
vt 0.012388 0.878939
vt 0.018582 0.947762
vt 0.012388 0.947762
vt 0.716586 0.382652
vt 0.764762 0.451467
vt 0.716586 0.451471
vt 0.654644 0.944063
vt 0.660838 0.895887
vt 0.660838 0.944063
vt 0.526359 0.150817
vt 0.574534 0.219633
vt 0.526359 0.219636
vt 0.642257 0.944063
vt 0.648451 0.895887
vt 0.648451 0.944063
vt 0.698788 0.942356
vt 0.704982 0.914139
vt 0.704982 0.942356
vt -0.000000 0.919544
vt 0.006194 0.947762
vt -0.000000 0.947762
vt 0.573431 0.867305
vt 0.601647 0.819131
vt 0.601647 0.867306
vt 0.492765 0.945744
vt 0.498959 0.897568
vt 0.498959 0.945744
vt 0.574534 0.207936
vt 0.602750 0.159762
vt 0.602750 0.207938
vt 0.920027 0.211452
vt 0.926221 0.163276
vt 0.926221 0.211452
vt 0.337647 0.942171
vt 0.343841 0.916707
vt 0.343841 0.942171
vt 0.000000 0.878939
vt 0.006194 0.904403
vt -0.000000 0.904403
vt 0.632483 0.217532
vt 0.657946 0.169358
vt 0.657946 0.217534
vt 0.648451 0.944063
vt 0.654644 0.895887
vt 0.654644 0.944063
vt 0.607020 0.217532
vt 0.632483 0.169358
vt 0.632483 0.217533
vt 0.927418 0.940284
vt 0.933611 0.892109
vt 0.933611 0.940285
vt 0.945999 0.770293
vt 0.952193 0.755152
vt 0.952193 0.770293
vt 0.006194 0.919544
vt 0.082036 0.909257
vt 0.097176 0.892740
vt 0.097176 0.909258
vt 0.944421 0.753094
vt 0.950614 0.736577
vt 0.950614 0.753094
vt 0.830888 0.222302
vt 0.846028 0.205786
vt 0.846028 0.222303
vt 0.932271 0.623702
vt 0.938465 0.607184
vt 0.938465 0.623702
vt 0.921813 0.358181
vt 0.928008 0.218472
vt 0.928008 0.358181
vt 0.190638 0.944317
vt 0.196831 0.896142
vt 0.196831 0.944318
vt 0.767572 0.000002
vt 0.815747 0.139704
vt 0.767572 0.139706
vt 0.159669 0.944317
vt 0.165863 0.896142
vt 0.165863 0.944317
vt 0.740812 0.459823
vt 0.788988 0.599526
vt 0.740812 0.599527
vt 0.671989 0.599530
vt 0.740812 0.459821
vt 0.740812 0.599530
vt 0.968711 0.700976
vt 0.970638 0.769795
vt 0.968711 0.769795
vt 0.961595 0.183918
vt 0.963522 0.252737
vt 0.961595 0.252737
vt 0.325669 0.412955
vt 0.327597 0.552660
vt 0.325669 0.552660
vt 0.229869 0.712332
vt 0.159669 0.571245
vt 0.229869 0.571245
vt 0.646387 0.365441
vt 0.716586 0.224356
vt 0.716586 0.365441
vt 0.042257 0.878939
vt 0.048038 0.949134
vt 0.042257 0.949135
vt 0.927418 0.629213
vt 0.933199 0.770293
vt 0.927418 0.770293
vt 0.036476 0.878939
vt 0.042257 0.949135
vt 0.036476 0.949135
vt 0.926490 0.401404
vt 0.932271 0.542485
vt 0.926490 0.542485
vt 0.566685 0.150721
vt 0.607020 0.000093
vt 0.607020 0.150814
vt 0.526359 0.150814
vt 0.566685 0.000000
vt 0.963798 0.165335
vt 0.966000 0.014620
vt 0.966000 0.165335
vt 0.564753 0.459821
vt 0.524432 0.610597
vt 0.524432 0.459875
vt 0.605093 0.459875
vt 0.564753 0.610543
vt 0.523881 0.448713
vt 0.521679 0.599429
vt 0.521679 0.448713
vt 0.873005 0.080656
vt 0.888009 0.040327
vt 0.890211 0.040327
vt 0.873005 0.000000
vt 0.232071 0.571245
vt 0.247074 0.611572
vt 0.229869 0.571245
vt 0.232071 0.651901
vt 0.249276 0.611572
vt 0.141359 0.842497
vt 0.158152 0.876906
vt 0.141359 0.911317
vt 0.902501 0.808973
vt 0.919293 0.843382
vt 0.902501 0.877792
vt 0.893377 0.217614
vt 0.890211 0.066892
vt 0.893377 0.066892
vt 0.957975 0.770293
vt 0.961140 0.619573
vt 0.961140 0.770293
vt 0.296511 0.975909
vt 0.298713 0.979075
vt 0.296511 0.979075
vt 0.964306 0.619573
vt 0.966509 0.770287
vt 0.964306 0.770288
vt 0.278892 0.975910
vt 0.281095 0.979075
vt 0.278892 0.979075
vt 0.240467 0.813556
vt 0.242669 0.964272
vt 0.240467 0.964272
vt 0.871249 0.972931
vt 0.871388 0.972930
vt 0.871387 0.973069
vt 0.193264 0.981002
vt 0.193126 0.980865
vt 0.193265 0.980865
vt 0.193126 0.976047
vt 0.193264 0.975909
vt 0.193265 0.976047
vt 0.871388 0.946502
vt 0.871249 0.946503
vt 0.871387 0.946365
vt 0.950614 0.727767
vt 0.950752 0.727629
vt 0.950753 0.727766
vt 0.955259 0.609662
vt 0.960078 0.609524
vt 0.960076 0.609663
vt 0.950752 0.754332
vt 0.955571 0.754194
vt 0.955569 0.754333
vt 0.194985 0.980865
vt 0.194985 0.975909
vt 0.221885 0.947357
vt 0.222024 0.973784
vt 0.221885 0.973785
vt 0.955121 0.583097
vt 0.955261 0.609524
vt 0.955121 0.609525
vt 0.950753 0.754194
vt 0.950614 0.754195
vt 0.960078 0.583096
vt 0.246298 0.980727
vt 0.248019 0.975909
vt 0.248019 0.980727
vt 0.223744 0.947356
vt 0.223744 0.973784
vt 0.873109 0.946503
vt 0.873109 0.972930
vt 0.955571 0.727767
vt 0.271917 0.959062
vt 0.271915 0.959200
vt 0.271778 0.959062
vt 0.970243 0.618666
vt 0.970382 0.618665
vt 0.970381 0.618803
vt 0.415943 0.977631
vt 0.415805 0.977768
vt 0.415805 0.977630
vt 0.417044 0.977768
vt 0.416906 0.977631
vt 0.417044 0.977630
vt 0.970382 0.592237
vt 0.970243 0.592238
vt 0.970381 0.592100
vt 0.949482 0.336845
vt 0.949620 0.336708
vt 0.949621 0.336845
vt 0.276734 0.959062
vt 0.276733 0.959200
vt 0.949620 0.363411
vt 0.954439 0.363273
vt 0.954437 0.363411
vt 0.972103 0.618665
vt 0.972102 0.618803
vt 0.415805 0.975909
vt 0.416907 0.975910
vt 0.413807 0.980727
vt 0.413671 0.975909
vt 0.413807 0.975909
vt 0.751796 0.947176
vt 0.751935 0.973603
vt 0.751796 0.973604
vt 0.271778 0.932635
vt 0.949621 0.363272
vt 0.949482 0.363273
vt 0.276734 0.932634
vt 0.237695 0.980727
vt 0.239416 0.975909
vt 0.239416 0.980727
vt 0.753655 0.947175
vt 0.753655 0.973603
vt 0.972103 0.592237
vt 0.954439 0.336845
vt 0.974460 0.384157
vt 0.974460 0.384296
vt 0.974322 0.384295
vt 0.210959 0.976049
vt 0.210821 0.976047
vt 0.210959 0.975909
vt 0.900575 0.719369
vt 0.900576 0.719508
vt 0.900438 0.719506
vt 0.174127 0.975910
vt 0.174128 0.976049
vt 0.173989 0.976047
vt 0.957286 0.966846
vt 0.957149 0.966984
vt 0.957149 0.966845
vt 0.952331 0.966984
vt 0.952194 0.966846
vt 0.952331 0.966845
vt 0.902296 0.719508
vt 0.902296 0.719369
vt 0.902434 0.719506
vt 0.175847 0.975909
vt 0.175985 0.976047
vt 0.175848 0.976048
vt 0.210959 0.980866
vt 0.210821 0.980864
vt 0.974460 0.406594
vt 0.174128 0.980866
vt 0.173989 0.980865
vt 0.900576 0.741805
vt 0.900438 0.741804
vt 0.957149 0.944547
vt 0.952194 0.944548
vt 0.957149 0.944410
vt 0.952331 0.944547
vt 0.952331 0.944410
vt 0.976180 0.384157
vt 0.212679 0.975909
vt 0.212680 0.980866
vt 0.561601 0.964623
vt 0.556784 0.942325
vt 0.561601 0.942325
vt 0.976181 0.406594
vt 0.902296 0.741805
vt 0.175848 0.980866
vt 0.578772 0.944402
vt 0.578773 0.944652
vt 0.578524 0.944650
vt 0.784238 0.938246
vt 0.784239 0.938497
vt 0.783990 0.938494
vt 0.398593 0.960409
vt 0.398594 0.960659
vt 0.398345 0.960657
vt 0.381556 0.924305
vt 0.381309 0.924553
vt 0.381309 0.924303
vt 0.373270 0.924553
vt 0.373022 0.924305
vt 0.373270 0.924303
vt 0.785946 0.938497
vt 0.785945 0.938246
vt 0.786193 0.938494
vt 0.400300 0.960409
vt 0.400547 0.960657
vt 0.400301 0.960659
vt 0.253818 0.962668
vt 0.254068 0.970709
vt 0.253818 0.970706
vt 0.578773 0.969895
vt 0.398594 0.968697
vt 0.398345 0.968695
vt 0.784239 0.963740
vt 0.783990 0.963737
vt 0.381309 0.899059
vt 0.373022 0.899061
vt 0.381309 0.898813
vt 0.373270 0.899059
vt 0.373270 0.898813
vt 0.580479 0.944402
vt 0.254068 0.962671
vt 0.255774 0.970709
vt 0.293050 0.933778
vt 0.285012 0.908533
vt 0.293050 0.908533
vt 0.580480 0.969895
vt 0.785946 0.963740
vt 0.400301 0.968697
vt 0.749069 0.599530
vt 0.767650 0.623618
vt 0.749069 0.623618
vt 0.306903 0.985015
vt 0.306146 0.975909
vt 0.306903 0.975909
vt 0.311445 0.975909
vt 0.310688 0.985015
vt 0.310688 0.975909
vt 0.517622 0.634686
vt 0.518376 0.610597
vt 0.518376 0.634685
vt 0.857078 0.925151
vt 0.866156 0.901059
vt 0.866156 0.925147
vt 0.417690 0.658689
vt 0.418445 0.634601
vt 0.418445 0.658689
vt 0.911352 0.400855
vt 0.920431 0.376763
vt 0.920431 0.400851
vt 0.303875 0.975909
vt 0.304632 0.985015
vt 0.303875 0.985015
vt 0.309931 0.975909
vt 0.309174 0.985015
vt 0.309174 0.975909
vt 0.032183 1.000000
vt 0.032767 0.975909
vt 0.032767 0.999997
vt 0.866156 0.946365
vt 0.873186 0.922256
vt 0.873186 0.946344
vt 0.031597 1.000000
vt 0.032183 0.975909
vt 0.032183 0.999997
vt 0.727253 0.938250
vt 0.734288 0.914139
vt 0.734288 0.938227
vt 0.067035 0.960930
vt 0.067034 0.961068
vt 0.066896 0.960930
vt 0.964306 0.972102
vt 0.964445 0.972101
vt 0.964444 0.972240
vt 0.195123 0.981002
vt 0.194985 0.980865
vt 0.195124 0.980865
vt 0.194985 0.976047
vt 0.195123 0.975909
vt 0.195124 0.976047
vt 0.964445 0.945673
vt 0.964306 0.945674
vt 0.964444 0.945536
vt 0.320629 0.922430
vt 0.320767 0.922293
vt 0.320768 0.922430
vt 0.071853 0.960930
vt 0.071851 0.961068
vt 0.320767 0.948996
vt 0.325585 0.948857
vt 0.325584 0.948996
vt 0.966166 0.972101
vt 0.966165 0.972240
vt 0.196844 0.980865
vt 0.196843 0.975909
vt 0.971877 0.846407
vt 0.972016 0.872834
vt 0.971877 0.872835
vt 0.066896 0.934503
vt 0.320768 0.948857
vt 0.320629 0.948858
vt 0.071853 0.934502
vt 0.248019 0.980727
vt 0.249740 0.975909
vt 0.249740 0.980727
vt 0.973736 0.846406
vt 0.973736 0.872834
vt 0.966166 0.945674
vt 0.325585 0.922430
vt 0.721228 0.961681
vt 0.721227 0.961820
vt 0.721089 0.961682
vt 0.509490 0.972309
vt 0.509629 0.972309
vt 0.509628 0.972447
vt 0.416081 0.977631
vt 0.415943 0.977768
vt 0.415943 0.977630
vt 0.417457 0.977768
vt 0.417319 0.977631
vt 0.417457 0.977630
vt 0.509629 0.945881
vt 0.509490 0.945881
vt 0.509628 0.945744
vt 0.949482 0.363549
vt 0.949620 0.363411
vt 0.949621 0.363548
vt 0.726046 0.961682
vt 0.726044 0.961820
vt 0.949620 0.390114
vt 0.954439 0.389976
vt 0.954437 0.390114
vt 0.511350 0.972309
vt 0.511348 0.972447
vt 0.415943 0.975909
vt 0.417319 0.975910
vt 0.412986 0.980727
vt 0.412849 0.975909
vt 0.412986 0.975909
vt 0.972187 0.439945
vt 0.972326 0.466372
vt 0.972187 0.466373
vt 0.721089 0.935254
vt 0.949621 0.389976
vt 0.949482 0.389976
vt 0.726046 0.935254
vt 0.251460 0.980727
vt 0.253181 0.975909
vt 0.253181 0.980727
vt 0.974047 0.439944
vt 0.974047 0.466372
vt 0.511350 0.945881
vt 0.954439 0.363548
vt 0.974460 0.339284
vt 0.974460 0.339423
vt 0.974322 0.339422
vt 0.212819 0.976049
vt 0.212680 0.976047
vt 0.212818 0.975909
vt 0.972469 0.060348
vt 0.972470 0.060487
vt 0.972332 0.060486
vt 0.176123 0.975909
vt 0.176123 0.976049
vt 0.175985 0.976047
vt 0.516546 0.967391
vt 0.516408 0.967529
vt 0.516408 0.967390
vt 0.511590 0.967529
vt 0.511453 0.967391
vt 0.511590 0.967390
vt 0.974190 0.060487
vt 0.974190 0.060348
vt 0.974327 0.060485
vt 0.177843 0.975909
vt 0.177981 0.976047
vt 0.177844 0.976048
vt 0.212819 0.980866
vt 0.212680 0.980864
vt 0.974460 0.361721
vt 0.176123 0.980866
vt 0.175985 0.980865
vt 0.972470 0.082784
vt 0.972332 0.082783
vt 0.516408 0.945092
vt 0.511453 0.945093
vt 0.516408 0.944955
vt 0.511590 0.945092
vt 0.511590 0.944955
vt 0.976180 0.339284
vt 0.214538 0.975909
vt 0.214539 0.980866
vt 0.063867 0.967306
vt 0.059050 0.945007
vt 0.063867 0.945007
vt 0.976181 0.361721
vt 0.974190 0.082784
vt 0.177844 0.980866
vt 0.775843 0.939456
vt 0.775844 0.939706
vt 0.775595 0.939704
vt 0.479940 0.962381
vt 0.479691 0.962378
vt 0.479939 0.962130
vt 0.963563 0.591809
vt 0.963564 0.592059
vt 0.963316 0.592057
vt 0.906052 0.960379
vt 0.906053 0.960629
vt 0.905804 0.960627
vt 0.373022 0.924305
vt 0.372775 0.924553
vt 0.372775 0.924303
vt 0.364736 0.924553
vt 0.364488 0.924305
vt 0.364736 0.924303
vt 0.965271 0.592059
vt 0.965270 0.591809
vt 0.965518 0.592057
vt 0.907759 0.960379
vt 0.908007 0.960626
vt 0.907760 0.960629
vt 0.479940 0.970419
vt 0.479691 0.970416
vt 0.775844 0.964950
vt 0.906053 0.968667
vt 0.905804 0.968665
vt 0.963564 0.617302
vt 0.963316 0.617300
vt 0.372775 0.899059
vt 0.364488 0.899061
vt 0.372775 0.898813
vt 0.364736 0.899059
vt 0.364736 0.898813
vt 0.777550 0.939456
vt 0.481646 0.962130
vt 0.481647 0.970419
vt 0.074935 0.934502
vt 0.066896 0.909258
vt 0.074935 0.909258
vt 0.777551 0.964950
vt 0.965271 0.617302
vt 0.907760 0.968667
vt 0.711906 0.599530
vt 0.730488 0.623618
vt 0.711906 0.623618
vt 0.304632 0.985015
vt 0.305389 0.975909
vt 0.305389 0.985015
vt 0.308417 0.975909
vt 0.309174 0.985015
vt 0.308417 0.985015
vt 0.026219 0.999999
vt 0.026844 0.975909
vt 0.026844 0.999997
vt 0.777797 0.938246
vt 0.785308 0.914130
vt 0.785308 0.938217
vt 0.026844 0.999999
vt 0.027468 0.975909
vt 0.027468 0.999997
vt 0.753847 0.938248
vt 0.761363 0.914129
vt 0.761363 0.938217
vt 0.307660 0.985015
vt 0.306903 0.975909
vt 0.307660 0.975909
vt 0.305389 0.985015
vt 0.306146 0.975909
vt 0.306146 0.985015
vt 0.242257 0.675990
vt 0.242990 0.651901
vt 0.242990 0.675989
vt 0.887773 0.925160
vt 0.896594 0.901059
vt 0.896594 0.925147
vt 0.158705 0.664438
vt 0.159439 0.640350
vt 0.159439 0.664438
vt 0.259336 0.932634
vt 0.268155 0.908534
vt 0.268155 0.932621
vt 0.711315 0.961681
vt 0.711314 0.961820
vt 0.711176 0.961682
vt 0.970638 0.731116
vt 0.970777 0.731116
vt 0.970776 0.731254
vt 0.191405 0.981002
vt 0.191267 0.980865
vt 0.191406 0.980864
vt 0.191267 0.976047
vt 0.191405 0.975909
vt 0.191406 0.976047
vt 0.970777 0.704688
vt 0.970638 0.704688
vt 0.970776 0.704551
vt 0.950165 0.583234
vt 0.950303 0.583096
vt 0.950304 0.583233
vt 0.716133 0.961682
vt 0.716131 0.961820
vt 0.950303 0.609799
vt 0.955121 0.609661
vt 0.955120 0.609799
vt 0.972498 0.731116
vt 0.972496 0.731254
vt 0.193126 0.980864
vt 0.193126 0.975909
vt 0.971368 0.217740
vt 0.971507 0.244167
vt 0.971368 0.244168
vt 0.711176 0.935254
vt 0.950304 0.609661
vt 0.950165 0.609661
vt 0.716133 0.935254
vt 0.241137 0.975909
vt 0.241137 0.980727
vt 0.973227 0.217739
vt 0.973227 0.244167
vt 0.972498 0.704688
vt 0.955121 0.583233
vt 0.716272 0.961681
vt 0.716270 0.961820
vt 0.716133 0.961682
vt 0.968202 0.142350
vt 0.968341 0.142350
vt 0.968340 0.142488
vt 0.416218 0.977631
vt 0.416081 0.977768
vt 0.416081 0.977630
vt 0.417595 0.977768
vt 0.417457 0.977631
vt 0.417595 0.977630
vt 0.968341 0.115922
vt 0.968202 0.115922
vt 0.968340 0.115785
vt 0.377591 0.924690
vt 0.377729 0.924552
vt 0.377730 0.924689
vt 0.721089 0.961681
vt 0.721088 0.961820
vt 0.377729 0.951255
vt 0.382548 0.951117
vt 0.382546 0.951256
vt 0.970062 0.142350
vt 0.970060 0.142488
vt 0.416081 0.975909
vt 0.417457 0.975910
vt 0.413260 0.980727
vt 0.413123 0.975909
vt 0.413260 0.975909
vt 0.972103 0.592101
vt 0.972242 0.618528
vt 0.972103 0.618528
vt 0.716133 0.935254
vt 0.377730 0.951117
vt 0.377591 0.951118
vt 0.721089 0.935254
vt 0.253181 0.980727
vt 0.254901 0.975910
vt 0.254901 0.980727
vt 0.973962 0.592100
vt 0.973962 0.618528
vt 0.970062 0.115922
vt 0.382548 0.924690
vt 0.974460 0.361721
vt 0.974460 0.361860
vt 0.974322 0.361858
vt 0.214678 0.976049
vt 0.214539 0.976047
vt 0.214677 0.975909
vt 0.972600 0.252755
vt 0.972601 0.252894
vt 0.972463 0.252893
vt 0.178119 0.975909
vt 0.178119 0.976048
vt 0.177981 0.976047
vt 0.578524 0.966838
vt 0.578387 0.966975
vt 0.578387 0.966837
vt 0.573569 0.966975
vt 0.573431 0.966838
vt 0.573569 0.966837
vt 0.974321 0.252894
vt 0.974321 0.252755
vt 0.974459 0.252892
vt 0.179839 0.975909
vt 0.179977 0.976047
vt 0.179840 0.976048
vt 0.214678 0.980866
vt 0.214539 0.980864
vt 0.974460 0.384157
vt 0.178119 0.980866
vt 0.177981 0.980864
vt 0.972601 0.275191
vt 0.972463 0.275190
vt 0.578387 0.944539
vt 0.573431 0.944539
vt 0.578387 0.944402
vt 0.573569 0.944539
vt 0.573569 0.944402
vt 0.976180 0.361721
vt 0.216397 0.975909
vt 0.216398 0.980866
vt 0.497583 0.968043
vt 0.492765 0.945744
vt 0.497583 0.945744
vt 0.976181 0.384157
vt 0.974321 0.275191
vt 0.179840 0.980866
vt 0.968306 0.466788
vt 0.968307 0.467038
vt 0.968058 0.467036
vt 0.034248 0.962462
vt 0.033998 0.962460
vt 0.034246 0.962212
vt 0.214423 0.941564
vt 0.214424 0.941815
vt 0.214176 0.941812
vt 0.460944 0.961167
vt 0.460945 0.961417
vt 0.460696 0.961415
vt 0.225326 0.925759
vt 0.225078 0.926007
vt 0.225078 0.925758
vt 0.217039 0.926007
vt 0.216792 0.925759
vt 0.217039 0.925758
vt 0.216131 0.941815
vt 0.216130 0.941564
vt 0.216378 0.941812
vt 0.462651 0.961167
vt 0.462899 0.961414
vt 0.462652 0.961417
vt 0.034248 0.970500
vt 0.033998 0.970498
vt 0.968307 0.492281
vt 0.460945 0.969455
vt 0.460696 0.969453
vt 0.214424 0.967058
vt 0.214176 0.967055
vt 0.225078 0.900514
vt 0.216792 0.900515
vt 0.225078 0.900268
vt 0.217039 0.900514
vt 0.217039 0.900268
vt 0.970013 0.466788
vt 0.035953 0.962212
vt 0.035954 0.970500
vt 0.285012 0.933778
vt 0.276973 0.908534
vt 0.285012 0.908534
vt 0.970013 0.492281
vt 0.216131 0.967058
vt 0.462652 0.969455
vt 0.730488 0.599530
vt 0.749069 0.623618
vt 0.730488 0.623618
vt 0.307660 0.975909
vt 0.308417 0.985015
vt 0.307660 0.985015
vt 0.309931 0.985015
vt 0.309931 0.975909
vt 0.517643 0.658774
vt 0.518376 0.634686
vt 0.518376 0.658773
vt 0.268155 0.932634
vt 0.276973 0.908534
vt 0.276973 0.932621
vt 0.417712 0.682778
vt 0.418445 0.658689
vt 0.418445 0.682777
vt 0.250515 0.932635
vt 0.259336 0.908534
vt 0.259336 0.932621
vt 0.303118 0.975909
vt 0.303875 0.985015
vt 0.303118 0.985015
vt 0.312202 0.975909
vt 0.311445 0.985015
vt 0.311445 0.975909
vt 0.049018 0.999997
vt 0.049594 0.975911
vt 0.049594 0.999999
vt 0.364488 0.948640
vt 0.371397 0.924589
vt 0.371397 0.948677
vt 0.049594 0.999997
vt 0.050169 0.975911
vt 0.050169 0.999999
vt 0.511453 0.944921
vt 0.518367 0.920867
vt 0.518367 0.944955
vt 0.243082 0.958851
vt 0.249276 0.931184
vt 0.249276 0.958851
vt 0.395042 0.951805
vt 0.401235 0.902942
vt 0.401235 0.951806
vt 0.159669 0.868476
vt 0.208533 0.896140
vt 0.159669 0.896142
vt 0.949482 0.397960
vt 0.943289 0.349096
vt 0.949482 0.349096
vt 0.740812 0.139940
vt 0.789676 0.167604
vt 0.740812 0.167606
vt 0.902501 0.960379
vt 0.908695 0.932712
vt 0.908695 0.960379
vt 0.395042 0.902942
vt 0.401235 0.894684
vt 0.208533 0.868474
vt 0.216792 0.896139
vt 0.949482 0.340838
vt 0.789676 0.139938
vt 0.797935 0.167604
vt 0.788160 0.628160
vt 0.781966 0.599530
vt 0.788160 0.599530
vt 0.902501 0.932712
vt 0.908695 0.904082
vt 0.208533 0.839845
vt 0.216792 0.868474
vt 0.946454 0.196312
vt 0.952648 0.188054
vt 0.952648 0.196312
vt 0.797935 0.196233
vt 0.789676 0.196233
vt 0.243082 0.902554
vt 0.249276 0.876264
vt 0.249276 0.902554
vt 0.937095 0.397271
vt 0.943289 0.348408
vt 0.943289 0.397271
vt 0.159669 0.839847
vt 0.208533 0.813556
vt 0.382654 0.951806
vt 0.388848 0.902942
vt 0.388848 0.951806
vt 0.740812 0.196235
vt 0.789676 0.222522
vt 0.740812 0.222524
vt 0.902501 0.904082
vt 0.908695 0.877792
vt 0.216792 0.839845
vt 0.382654 0.902942
vt 0.388848 0.894684
vt 0.797935 0.222522
vt 0.945999 0.828793
vt 0.952193 0.857010
vt 0.945999 0.857010
vt 0.601647 0.810184
vt 0.498959 0.888621
vt 0.602750 0.150815
vt 0.926221 0.154329
vt 0.343841 0.898813
vt 0.945999 0.770293
vt 0.952193 0.813652
vt 0.945999 0.813652
vt 0.858358 0.458526
vt 0.901713 0.401407
vt 0.901713 0.458529
vt 0.498959 0.945744
vt 0.505153 0.888621
vt 0.505153 0.945744
vt 0.815001 0.458526
vt 0.858358 0.401406
vt 0.858358 0.458529
vt 0.933611 0.883162
vt 0.952193 0.828793
vt 0.097176 0.883794
vt 0.950614 0.727630
vt 0.830888 0.196838
vt 0.846028 0.196839
vt 0.938465 0.598237
vt 0.934067 0.239669
vt 0.940261 0.211452
vt 0.940261 0.239669
vt 0.411563 0.778370
vt 0.417757 0.806588
vt 0.411563 0.806588
vt 0.662216 0.870423
vt 0.690431 0.813302
vt 0.690431 0.870425
vt 0.109564 0.940915
vt 0.115758 0.883793
vt 0.115758 0.940916
vt 0.121951 0.842496
vt 0.150167 0.785375
vt 0.150167 0.842498
vt 0.097176 0.940915
vt 0.103370 0.883793
vt 0.103370 0.940916
vt 0.343841 0.942172
vt 0.350036 0.898813
vt 0.350036 0.942172
vt 0.411563 0.719871
vt 0.417757 0.763229
vt 0.411563 0.763229
vt 0.250515 0.908531
vt 0.293871 0.851411
vt 0.293871 0.908534
vt 0.059050 0.945007
vt 0.065244 0.887884
vt 0.065244 0.945007
vt 0.771645 0.458526
vt 0.815001 0.401406
vt 0.815001 0.458529
vt 0.103370 0.940915
vt 0.109564 0.883793
vt 0.109564 0.940916
vt 0.319475 0.849557
vt 0.325669 0.834416
vt 0.325669 0.849557
vt 0.417757 0.778370
vt 0.066896 0.909257
vt 0.082036 0.883794
vt 0.082036 0.909258
vt 0.355954 0.950468
vt 0.362148 0.925004
vt 0.362148 0.950468
vt 0.830888 0.222303
vt 0.815747 0.196838
vt 0.830888 0.196839
vt 0.371397 0.950017
vt 0.377591 0.924553
vt 0.377591 0.950017
vt 0.952193 0.944410
vt 0.958388 0.861823
vt 0.958388 0.944410
vt 0.388848 0.951805
vt 0.395042 0.894684
vt 0.395042 0.951806
vt 0.844046 0.546543
vt 0.901169 0.629124
vt 0.844046 0.629126
vt 0.505153 0.945743
vt 0.511347 0.888621
vt 0.511347 0.945744
vt 0.605093 0.813302
vt 0.662216 0.895885
vt 0.605093 0.895887
vt 0.518376 0.723465
vt 0.600963 0.810182
vt 0.518376 0.810182
vt 0.970404 0.014620
vt 0.972331 0.101332
vt 0.970404 0.101332
vt 0.970087 0.883157
vt 0.972014 0.969870
vt 0.970087 0.969870
vt 0.327597 0.635245
vt 0.325669 0.635245
vt 0.327599 0.807964
vt 0.411563 0.719871
vt 0.411563 0.807964
vt 0.418445 0.719870
vt 0.502408 0.807963
vt 0.418445 0.807963
vt 0.957047 0.492250
vt 0.962828 0.580338
vt 0.957047 0.580338
vt 0.908695 0.877792
vt 0.914476 0.961752
vt 0.908695 0.961752
vt 0.684514 0.870425
vt 0.690295 0.958514
vt 0.684514 0.958514
vt 0.926490 0.542486
vt 0.932271 0.626446
vt 0.926490 0.626446
vt 0.605190 0.678486
vt 0.698691 0.727768
vt 0.605093 0.727768
vt 0.605093 0.629213
vt 0.698788 0.678486
vt 0.970260 0.439944
vt 0.972463 0.346350
vt 0.972463 0.439944
vt 0.767572 0.049268
vt 0.673916 0.000000
vt 0.767515 0.000000
vt 0.767515 0.098555
vt 0.673973 0.049268
vt 0.971368 0.145819
vt 0.969166 0.239415
vt 0.969166 0.145819
vt 0.307776 0.610054
vt 0.323467 0.560778
vt 0.325669 0.560778
vt 0.307776 0.511505
vt 0.307776 0.412955
vt 0.323467 0.462229
vt 0.305573 0.412955
vt 0.307776 0.511505
vt 0.325670 0.462229
vt 0.048176 0.648384
vt 0.065657 0.691739
vt 0.048176 0.735097
vt 0.216792 0.813556
vt 0.234272 0.856911
vt 0.216792 0.900268
vt 0.964306 0.960933
vt 0.961141 0.867334
vt 0.964306 0.867334
vt 0.964306 0.863886
vt 0.967472 0.770288
vt 0.967472 0.863886
vt 0.287702 0.975909
vt 0.289904 0.979075
vt 0.287702 0.979075
vt 0.970260 0.252755
vt 0.972463 0.346349
vt 0.970260 0.346350
vt 0.281095 0.975910
vt 0.283297 0.979075
vt 0.281095 0.979075
vt 0.969675 0.770288
vt 0.971877 0.863883
vt 0.969675 0.863883
vt 0.945586 0.719370
vt 0.951780 0.691153
vt 0.951780 0.719370
vt 0.555539 0.942324
vt 0.561733 0.928560
vt 0.561733 0.942325
vt 0.857078 0.804021
vt 0.870843 0.832236
vt 0.857078 0.832237
vt 0.543152 0.942324
vt 0.549345 0.928560
vt 0.549345 0.942325
vt 0.850103 0.247932
vt 0.863868 0.219715
vt 0.863868 0.247932
vt 0.555539 0.928560
vt 0.561733 0.906537
vt 0.870843 0.804020
vt 0.892866 0.832235
vt 0.543152 0.928560
vt 0.549345 0.906537
vt 0.885891 0.247931
vt 0.567927 0.925119
vt 0.561733 0.896902
vt 0.567927 0.896902
vt 0.944659 0.582407
vt 0.950853 0.554190
vt 0.950853 0.582407
vt 0.555539 0.906537
vt 0.561733 0.896902
vt 0.892866 0.804019
vt 0.902501 0.832235
vt 0.543152 0.906537
vt 0.549345 0.896902
vt 0.885891 0.219715
vt 0.895526 0.247931
vt 0.945586 0.691153
vt 0.951780 0.674635
vt 0.857078 0.787504
vt 0.690431 0.962646
vt 0.696625 0.948882
vt 0.696625 0.962646
vt 0.863868 0.264448
vt 0.850103 0.264449
vt 0.567927 0.941636
vt 0.561733 0.925119
vt 0.944659 0.554190
vt 0.950853 0.537673
vt 0.892866 0.787503
vt 0.902501 0.804019
vt 0.613489 0.458351
vt 0.619683 0.448716
vt 0.619683 0.458352
vt 0.895526 0.264447
vt 0.885891 0.264448
vt 0.945586 0.674635
vt 0.951780 0.629213
vt 0.857078 0.742083
vt 0.870843 0.787503
vt 0.549345 0.942324
vt 0.555539 0.928560
vt 0.555539 0.942325
vt 0.863868 0.309870
vt 0.850103 0.309870
vt 0.209219 0.941564
vt 0.215413 0.896142
vt 0.215413 0.941564
vt 0.265584 0.954657
vt 0.271778 0.932635
vt 0.271778 0.954657
vt 0.870843 0.742082
vt 0.549345 0.928560
vt 0.555539 0.906537
vt 0.885891 0.309869
vt 0.944659 0.537673
vt 0.950853 0.492250
vt 0.892866 0.742082
vt 0.902501 0.787502
vt 0.549345 0.906537
vt 0.555539 0.896902
vt 0.895526 0.309869
vt 0.006194 0.919545
vt 0.012388 0.947762
vt 0.006194 0.947762
vt 0.690431 0.825002
vt 0.115758 0.895493
vt 0.150167 0.797075
vt 0.103370 0.895493
vt 0.350036 0.916707
vt 0.006194 0.878939
vt 0.012388 0.904403
vt 0.006194 0.904403
vt 0.814451 0.618113
vt 0.839914 0.572692
vt 0.839914 0.618115
vt 0.524570 0.942325
vt 0.530764 0.896902
vt 0.530764 0.942325
vt 0.814451 0.618114
vt 0.788988 0.572690
vt 0.814451 0.572692
vt 0.109564 0.895493
vt 0.012388 0.919545
vt 0.082036 0.895493
vt 0.362148 0.936704
vt 0.815747 0.222302
vt 0.830888 0.208538
vt 0.377591 0.936253
vt 0.740509 0.947175
vt 0.746703 0.878352
vt 0.746703 0.947175
vt 0.018582 0.878939
vt 0.024776 0.947762
vt 0.018582 0.947762
vt 0.802022 0.840503
vt 0.847445 0.909319
vt 0.802022 0.909322
vt 0.530764 0.942325
vt 0.536958 0.896902
vt 0.536958 0.942325
vt 0.857078 0.832239
vt 0.902501 0.901056
vt 0.857078 0.901059
vt 0.518376 0.942325
vt 0.524570 0.896902
vt 0.524570 0.942325
vt 0.939806 0.951296
vt 0.946000 0.861139
vt 0.946000 0.951296
vt 0.755774 0.768920
vt 0.801196 0.859072
vt 0.755774 0.859074
vt 0.536958 0.942324
vt 0.543152 0.896902
vt 0.543152 0.942325
vt 0.857081 0.629214
vt 0.902504 0.719367
vt 0.857081 0.719369
vt 0.250515 0.851408
vt 0.319338 0.761251
vt 0.319338 0.851408
vt 0.231041 0.900268
vt 0.232968 0.969086
vt 0.231041 0.969087
vt 0.753847 0.768920
vt 0.753847 0.859074
vt 0.924012 0.559696
vt 0.925939 0.628516
vt 0.924012 0.628516
vt 0.327597 0.725399
vt 0.325669 0.725399
vt 0.716586 0.456976
vt 0.646387 0.365442
vt 0.716586 0.365441
vt 0.771645 0.401404
vt 0.841845 0.309870
vt 0.841845 0.401404
vt 0.048038 0.878939
vt 0.053819 0.949134
vt 0.048038 0.949134
vt 0.952193 0.770293
vt 0.957975 0.861823
vt 0.952193 0.861823
vt 0.030695 0.878939
vt 0.036476 0.949135
vt 0.030695 0.949135
vt 0.951780 0.629213
vt 0.957561 0.720744
vt 0.951780 0.720744
vt 0.107222 0.785280
vt 0.147557 0.684205
vt 0.147557 0.785374
vt 0.066896 0.785374
vt 0.107222 0.684112
vt 0.968202 0.115785
vt 0.970405 0.014620
vt 0.970405 0.115785
vt 0.199990 0.712332
vt 0.159669 0.813556
vt 0.159669 0.712386
vt 0.240330 0.712386
vt 0.199990 0.813501
vt 0.969166 0.145819
vt 0.966963 0.246985
vt 0.966963 0.145819
vt 0.873006 0.161312
vt 0.888009 0.120983
vt 0.890211 0.120983
vt 0.873006 0.080656
vt 0.494968 0.807964
vt 0.509971 0.848292
vt 0.492766 0.807964
vt 0.494968 0.888621
vt 0.512173 0.848292
vt 0.797935 0.139938
vt 0.814727 0.174347
vt 0.797935 0.208757
vt 0.907914 0.085510
vt 0.924707 0.119918
vt 0.907914 0.154329
vt 0.417482 0.708172
vt 0.414316 0.607002
vt 0.417482 0.607002
vt 0.853639 0.941669
vt 0.856805 0.840500
vt 0.856805 0.941669
vt 0.289904 0.975909
vt 0.292106 0.979075
vt 0.289904 0.979075
vt 0.968058 0.365623
vt 0.970260 0.466788
vt 0.968058 0.466788
vt 0.285499 0.975910
vt 0.287702 0.979075
vt 0.285499 0.979075
vt 0.799131 0.859074
vt 0.801333 0.960240
vt 0.799131 0.960240
vt 0.925554 0.973063
vt 0.925692 0.973062
vt 0.925691 0.973201
vt 0.218395 0.980865
vt 0.218257 0.980727
vt 0.218396 0.980727
vt 0.925692 0.948699
vt 0.925554 0.948700
vt 0.925691 0.948562
vt 0.881298 0.938706
vt 0.881436 0.938569
vt 0.881438 0.938706
vt 0.054160 0.963449
vt 0.058979 0.963311
vt 0.058977 0.963450
vt 0.881436 0.963207
vt 0.886255 0.963069
vt 0.886253 0.963207
vt 0.220116 0.980727
vt 0.218257 0.975909
vt 0.325669 0.949753
vt 0.325808 0.974116
vt 0.325669 0.974117
vt 0.054022 0.938949
vt 0.054162 0.963311
vt 0.054022 0.963312
vt 0.881438 0.963069
vt 0.881298 0.963069
vt 0.058979 0.938948
vt 0.256622 0.980727
vt 0.258342 0.975909
vt 0.258342 0.980727
vt 0.327529 0.949753
vt 0.327529 0.974116
vt 0.927413 0.948699
vt 0.927413 0.973062
vt 0.886255 0.938706
vt 0.847584 0.963279
vt 0.847582 0.963418
vt 0.847445 0.963280
vt 0.053819 0.903440
vt 0.053958 0.903439
vt 0.053957 0.903577
vt 0.415805 0.977631
vt 0.415668 0.977768
vt 0.415668 0.977630
vt 0.417319 0.977768
vt 0.417182 0.977631
vt 0.417319 0.977630
vt 0.053958 0.879076
vt 0.053819 0.879077
vt 0.053957 0.878939
vt 0.876342 0.938706
vt 0.876480 0.938569
vt 0.876481 0.938706
vt 0.852401 0.963280
vt 0.852400 0.963418
vt 0.876480 0.963207
vt 0.881299 0.963069
vt 0.881297 0.963207
vt 0.055678 0.903439
vt 0.055677 0.903577
vt 0.415668 0.975909
vt 0.417182 0.975910
vt 0.413944 0.980727
vt 0.413807 0.975909
vt 0.413944 0.975909
vt 0.972331 0.035985
vt 0.972470 0.060347
vt 0.972331 0.060348
vt 0.847445 0.938917
vt 0.876481 0.963069
vt 0.876342 0.963069
vt 0.852401 0.938917
vt 0.258342 0.980727
vt 0.260063 0.975910
vt 0.260063 0.980727
vt 0.974191 0.035984
vt 0.974191 0.060347
vt 0.055678 0.879076
vt 0.881299 0.938706
vt 0.972600 0.418893
vt 0.972601 0.419032
vt 0.972463 0.419031
vt 0.216537 0.976049
vt 0.216398 0.976047
vt 0.216536 0.975909
vt 0.310086 0.918301
vt 0.310086 0.918440
vt 0.309948 0.918439
vt 0.180114 0.975909
vt 0.180115 0.976048
vt 0.179977 0.976047
vt 0.517963 0.807405
vt 0.517825 0.807543
vt 0.517825 0.807404
vt 0.311807 0.918440
vt 0.311806 0.918301
vt 0.311944 0.918439
vt 0.181835 0.975909
vt 0.181973 0.976047
vt 0.181836 0.976048
vt 0.216537 0.980866
vt 0.216398 0.980864
vt 0.972601 0.439266
vt 0.180115 0.980866
vt 0.179977 0.980864
vt 0.310086 0.938673
vt 0.309948 0.938672
vt 0.517825 0.787171
vt 0.513007 0.807543
vt 0.512870 0.787171
vt 0.513007 0.807404
vt 0.512870 0.807405
vt 0.517825 0.787034
vt 0.513007 0.787171
vt 0.513007 0.787034
vt 0.974321 0.418893
vt 0.218257 0.980866
vt 0.503777 0.965978
vt 0.498959 0.945744
vt 0.503777 0.945744
vt 0.974321 0.439266
vt 0.311807 0.938673
vt 0.181836 0.980866
vt 0.369554 0.948677
vt 0.369555 0.948927
vt 0.369306 0.948924
vt 0.587509 0.944400
vt 0.587510 0.944651
vt 0.587262 0.944648
vt 0.672500 0.961431
vt 0.672501 0.961681
vt 0.672252 0.961679
vt 0.083469 0.932685
vt 0.083221 0.932932
vt 0.083221 0.932683
vt 0.075182 0.932933
vt 0.074935 0.932685
vt 0.075182 0.932683
vt 0.589217 0.944650
vt 0.589216 0.944400
vt 0.589464 0.944648
vt 0.674207 0.961431
vt 0.674454 0.961678
vt 0.674208 0.961681
vt 0.693735 0.962646
vt 0.693984 0.970687
vt 0.693735 0.970684
vt 0.369555 0.972105
vt 0.672501 0.969719
vt 0.672252 0.969717
vt 0.587510 0.967829
vt 0.587262 0.967826
vt 0.083221 0.909504
vt 0.074935 0.909505
vt 0.083221 0.909258
vt 0.075182 0.909504
vt 0.075182 0.909258
vt 0.371260 0.948677
vt 0.693984 0.962649
vt 0.695691 0.970687
vt 0.819696 0.932502
vt 0.811658 0.909322
vt 0.819696 0.909322
vt 0.371261 0.972105
vt 0.589217 0.967829
vt 0.674208 0.969719
vt 0.846028 0.196838
vt 0.862545 0.218862
vt 0.846028 0.218861
vt 0.317582 0.984003
vt 0.318339 0.975909
vt 0.318339 0.984003
vt 0.318339 0.975909
vt 0.319096 0.984003
vt 0.318339 0.984003
vt 0.158705 0.686463
vt 0.159419 0.664438
vt 0.159419 0.686462
vt 0.581068 0.944400
vt 0.588701 0.922362
vt 0.588701 0.944385
vt 0.249276 0.694517
vt 0.249990 0.672493
vt 0.249990 0.694516
vt 0.573431 0.944401
vt 0.581068 0.922362
vt 0.581068 0.944385
vt 0.319096 0.984003
vt 0.319853 0.975909
vt 0.319853 0.984003
vt 0.319853 0.975909
vt 0.320610 0.984003
vt 0.319853 0.984003
vt 0.056535 0.997935
vt 0.057120 0.975909
vt 0.057120 0.997932
vt 0.259336 0.954676
vt 0.265584 0.932634
vt 0.265584 0.954657
vt 0.055950 0.997935
vt 0.056535 0.975909
vt 0.056535 0.997932
vt 0.811658 0.954545
vt 0.817910 0.932502
vt 0.817910 0.954525
vt 0.502408 0.719870
vt 0.504886 0.757447
vt 0.502408 0.757447
vt 0.972015 0.920734
vt 0.974492 0.883157
vt 0.974492 0.920734
vt 0.081128 0.970509
vt 0.083331 0.932933
vt 0.083331 0.970510
vt 0.955571 0.727629
vt 0.957773 0.765206
vt 0.955571 0.765206
vt 0.329903 0.978387
vt 0.327701 0.975909
vt 0.329903 0.975909
vt 0.332106 0.978387
vt 0.334308 0.975909
vt 0.334308 0.978387
vt 0.256712 0.932635
vt 0.259189 0.970212
vt 0.256712 0.970212
vt 0.971877 0.846406
vt 0.974354 0.808829
vt 0.974354 0.846406
vt 0.147553 0.970504
vt 0.149755 0.932927
vt 0.149755 0.970504
vt 0.362148 0.925004
vt 0.364350 0.962581
vt 0.362148 0.962581
vt 0.332106 0.978387
vt 0.329903 0.975909
vt 0.332106 0.975909
vt 0.334308 0.978387
vt 0.336510 0.975909
vt 0.336510 0.978387
vt 0.349763 0.942172
vt 0.347560 0.967497
vt 0.347560 0.942172
vt 0.966509 0.743448
vt 0.968711 0.768774
vt 0.966509 0.768774
vt 0.362148 0.962581
vt 0.364350 0.969738
vt 0.362148 0.969738
vt 0.862584 0.962191
vt 0.860381 0.969348
vt 0.860381 0.962191
vt 0.768521 0.939456
vt 0.768521 0.914129
vt 0.770639 0.939456
vt 0.777797 0.914130
vt 0.777797 0.939456
vt 0.661974 0.944063
vt 0.658671 0.970490
vt 0.658671 0.944063
vt 0.957286 0.944410
vt 0.960590 0.970837
vt 0.957286 0.970837
vt 0.121820 0.975910
vt 0.125123 0.979488
vt 0.121820 0.979488
vt 0.121820 0.975909
vt 0.118516 0.979488
vt 0.118516 0.975909
vt 0.312319 0.965844
vt 0.308740 0.939416
vt 0.312319 0.939416
vt 0.112046 0.967343
vt 0.115625 0.940915
vt 0.115625 0.967343
vt 0.740812 0.098555
vt 0.760357 0.133655
vt 0.740812 0.133654
vt 0.517963 0.658774
vt 0.517963 0.658983
vt 0.517756 0.658981
vt 0.317169 0.976118
vt 0.316961 0.976116
vt 0.317168 0.975909
vt 0.417826 0.607002
vt 0.417827 0.607211
vt 0.417619 0.607209
vt 0.231914 0.975909
vt 0.231915 0.976118
vt 0.231708 0.976116
vt 0.919572 0.723703
vt 0.919365 0.723909
vt 0.919365 0.723701
vt 0.909317 0.723909
vt 0.909111 0.723703
vt 0.909317 0.723701
vt 0.418240 0.607211
vt 0.418239 0.607002
vt 0.418445 0.607209
vt 0.232327 0.975909
vt 0.232534 0.976116
vt 0.232328 0.976118
vt 0.317169 0.986166
vt 0.316961 0.986163
vt 0.517963 0.686373
vt 0.231915 0.986166
vt 0.231708 0.986163
vt 0.417827 0.634601
vt 0.417619 0.634599
vt 0.919365 0.696310
vt 0.909111 0.696311
vt 0.919365 0.696105
vt 0.909317 0.696310
vt 0.909317 0.696105
vt 0.518376 0.658983
vt 0.317582 0.976118
vt 0.317582 0.986166
vt 0.337647 0.926204
vt 0.327599 0.898813
vt 0.337647 0.898813
vt 0.518376 0.686373
vt 0.418240 0.634601
vt 0.232328 0.986166
vt 0.334281 0.960066
vt 0.334628 0.960065
vt 0.334625 0.960411
vt 0.939741 0.761490
vt 0.939737 0.761836
vt 0.939393 0.761492
vt 0.602750 0.222378
vt 0.603097 0.222406
vt 0.603064 0.222750
vt 0.896594 0.935264
vt 0.896941 0.935262
vt 0.896938 0.935608
vt 0.719258 0.628987
vt 0.718914 0.628643
vt 0.719260 0.628642
vt 0.718914 0.623963
vt 0.719258 0.623618
vt 0.719260 0.623963
vt 0.605952 0.188666
vt 0.605605 0.188638
vt 0.605977 0.188324
vt 0.896594 0.901403
vt 0.896938 0.901059
vt 0.896941 0.901401
vt 0.944421 0.761490
vt 0.944417 0.761836
vt 0.337518 0.960065
vt 0.901621 0.935262
vt 0.901617 0.935608
vt 0.605977 0.222650
vt 0.605944 0.222994
vt 0.722150 0.628642
vt 0.722148 0.623618
vt 0.722492 0.628643
vt 0.722150 0.623963
vt 0.722492 0.623963
vt 0.334281 0.926206
vt 0.939393 0.727632
vt 0.944421 0.727630
vt 0.050169 0.980589
vt 0.053059 0.975909
vt 0.053059 0.980589
vt 0.337518 0.926205
vt 0.901621 0.901401
vt 0.317426 0.722919
vt 0.319475 0.757474
vt 0.317426 0.757468
vt 0.968196 0.584248
vt 0.970243 0.618803
vt 0.968196 0.618797
vt 0.158705 0.640345
vt 0.159558 0.605801
vt 0.159558 0.640350
vt 0.397383 0.978553
vt 0.398484 0.975909
vt 0.398484 0.978553
vt 0.606830 0.188328
vt 0.605977 0.222873
vt 0.605977 0.188324
vt 0.960078 0.616958
vt 0.960425 0.616957
vt 0.960422 0.617302
vt 0.940609 0.245312
vt 0.940605 0.245658
vt 0.940261 0.245314
vt 0.674603 0.959534
vt 0.674950 0.959562
vt 0.674917 0.959906
vt 0.054022 0.938604
vt 0.054370 0.938602
vt 0.054367 0.938948
vt 0.722836 0.628987
vt 0.722492 0.628643
vt 0.722838 0.628642
vt 0.722492 0.623963
vt 0.722836 0.623619
vt 0.722838 0.623963
vt 0.677804 0.925821
vt 0.677458 0.925794
vt 0.677830 0.925480
vt 0.054022 0.904743
vt 0.054367 0.904399
vt 0.054370 0.904741
vt 0.945288 0.245312
vt 0.945284 0.245659
vt 0.963316 0.616957
vt 0.059050 0.938602
vt 0.059046 0.938948
vt 0.677830 0.959805
vt 0.677797 0.960149
vt 0.725729 0.628642
vt 0.725727 0.623619
vt 0.407961 0.980589
vt 0.407619 0.975909
vt 0.407961 0.975909
vt 0.960078 0.583097
vt 0.940261 0.211454
vt 0.945288 0.211452
vt 0.053059 0.980589
vt 0.055950 0.975909
vt 0.055950 0.980589
vt 0.963316 0.583096
vt 0.059050 0.904742
vt 0.156087 0.933209
vt 0.158167 0.967752
vt 0.156087 0.967758
vt 0.490636 0.932200
vt 0.492718 0.966743
vt 0.490636 0.966749
vt 0.158705 0.605797
vt 0.159573 0.571244
vt 0.159573 0.605793
vt 0.399585 0.978553
vt 0.398484 0.975909
vt 0.399585 0.975909
vt 0.250143 0.571245
vt 0.249276 0.605797
vt 0.249276 0.571249
vt 0.702214 0.910144
vt 0.698788 0.914139
vt 0.698788 0.910560
vt 0.716551 0.878352
vt 0.719977 0.882347
vt 0.716551 0.881931
vt 0.632080 0.458254
vt 0.637713 0.454803
vt 0.637723 0.458231
vt 0.643466 0.217534
vt 0.646945 0.223177
vt 0.643466 0.223177
vt 0.674603 0.957151
vt 0.668949 0.961408
vt 0.668960 0.957129
vt 0.514113 0.600117
vt 0.517692 0.605760
vt 0.514113 0.605760
vt 0.771076 0.627744
vt 0.781966 0.628159
vt 0.767650 0.628160
vt 0.517550 0.758404
vt 0.506660 0.758821
vt 0.503235 0.758405
vt 0.233785 0.962112
vt 0.239982 0.958682
vt 0.239979 0.962110
vt 0.233789 0.958684
vt 0.239979 0.947793
vt 0.243082 0.902970
vt 0.249276 0.902970
vt 0.946454 0.210627
vt 0.705441 0.908920
vt 0.703070 0.913619
vt 0.720834 0.878872
vt 0.723204 0.883570
vt 0.632070 0.454826
vt 0.637713 0.451568
vt 0.315929 0.964761
vt 0.319107 0.970404
vt 0.315929 0.970404
vt 0.674603 0.953127
vt 0.668960 0.953104
vt 0.774303 0.626520
vt 0.781966 0.627743
vt 0.517550 0.758820
vt 0.509887 0.760044
vt 0.239995 0.955448
vt 0.233801 0.955449
vt 0.239992 0.947785
vt 0.243082 0.904194
vt 0.249276 0.904194
vt 0.708281 0.906960
vt 0.707104 0.912089
vt 0.724867 0.880401
vt 0.726044 0.885530
vt 0.632070 0.451592
vt 0.637723 0.448716
vt 0.945290 0.214143
vt 0.950933 0.211452
vt 0.950934 0.214143
vt 0.674592 0.949590
vt 0.668949 0.949568
vt 0.777143 0.624559
vt 0.781966 0.626519
vt 0.517550 0.760044
vt 0.512727 0.762004
vt 0.240016 0.952596
vt 0.233822 0.952597
vt 0.240014 0.947773
vt 0.243082 0.906154
vt 0.249276 0.906154
vt 0.713514 0.906409
vt 0.710654 0.909638
vt 0.731278 0.886080
vt 0.728417 0.882852
vt 0.135312 0.955117
vt 0.140954 0.952526
vt 0.140956 0.955117
vt 0.322695 0.962439
vt 0.325628 0.968059
vt 0.322695 0.968082
vt 0.945289 0.214665
vt 0.950933 0.214665
vt 0.779432 0.621976
vt 0.781966 0.624559
vt 0.517550 0.762004
vt 0.515016 0.764587
vt 0.250518 0.954065
vt 0.256710 0.951475
vt 0.256712 0.954065
vt 0.144662 0.962865
vt 0.147196 0.969059
vt 0.144662 0.969059
vt 0.243082 0.908737
vt 0.249276 0.908737
vt 0.710569 0.904377
vt 0.715519 0.902590
vt 0.733282 0.889900
vt 0.728333 0.888113
vt 0.135311 0.952526
vt 0.140954 0.949466
vt 0.312590 0.964775
vt 0.315929 0.970404
vt 0.312590 0.970418
vt 0.945289 0.218474
vt 0.950932 0.218474
vt 0.781035 0.618921
vt 0.781966 0.621976
vt 0.517550 0.764587
vt 0.516619 0.767643
vt 0.250516 0.951475
vt 0.256709 0.948414
vt 0.326771 0.975910
vt 0.327701 0.982103
vt 0.326771 0.982103
vt 0.243082 0.911793
vt 0.249276 0.911793
vt 0.712999 0.897970
vt 0.712173 0.901321
vt 0.730762 0.894519
vt 0.729936 0.891169
vt 0.135310 0.949466
vt 0.140953 0.946112
vt 0.632483 0.217539
vt 0.636033 0.223177
vt 0.632483 0.223182
vt 0.945288 0.222657
vt 0.950932 0.222657
vt 0.781861 0.615570
vt 0.781966 0.618921
vt 0.517550 0.767643
vt 0.517445 0.770993
vt 0.250515 0.948414
vt 0.256709 0.945061
vt 0.413944 0.975909
vt 0.414049 0.982103
vt 0.413944 0.982103
vt 0.243082 0.915144
vt 0.249276 0.915144
vt 0.712999 0.894520
vt 0.716551 0.898402
vt 0.734315 0.898401
vt 0.734315 0.894088
vt 0.135310 0.946112
vt 0.140953 0.942661
vt 0.625634 0.217533
vt 0.629189 0.223181
vt 0.625634 0.223177
vt 0.945289 0.226970
vt 0.950932 0.226970
vt 0.781861 0.612119
vt 0.781966 0.615570
vt 0.517550 0.774444
vt 0.517550 0.770993
vt 0.250515 0.945061
vt 0.256709 0.941610
vt 0.414049 0.975909
vt 0.414153 0.982103
vt 0.414049 0.982103
vt 0.243082 0.918595
vt 0.249276 0.918595
vt 0.715519 0.889900
vt 0.716551 0.894088
vt 0.733282 0.902590
vt 0.730762 0.897970
vt 0.135310 0.942661
vt 0.140954 0.939313
vt 0.963522 0.247080
vt 0.966876 0.252737
vt 0.963522 0.252723
vt 0.945289 0.231164
vt 0.950932 0.231164
vt 0.781966 0.608769
vt 0.781966 0.612119
vt 0.517550 0.777795
vt 0.517445 0.774444
vt 0.250515 0.941610
vt 0.256709 0.938262
vt 0.325841 0.975909
vt 0.326771 0.982103
vt 0.325841 0.982103
vt 0.243082 0.921945
vt 0.249276 0.921945
vt 0.710569 0.888113
vt 0.712173 0.891169
vt 0.728333 0.904376
vt 0.729936 0.901321
vt 0.135310 0.939313
vt 0.140954 0.936262
vt 0.757329 0.133655
vt 0.760287 0.139321
vt 0.757329 0.139298
vt 0.945290 0.234995
vt 0.950933 0.234995
vt 0.781035 0.608769
vt 0.781966 0.605713
vt 0.517550 0.780850
vt 0.516619 0.777795
vt 0.250515 0.938262
vt 0.256710 0.935211
vt 0.078238 0.962871
vt 0.080772 0.969064
vt 0.078238 0.969064
vt 0.243082 0.925001
vt 0.249276 0.925001
vt 0.708281 0.885530
vt 0.713514 0.886080
vt 0.731278 0.906409
vt 0.726044 0.906959
vt 0.135311 0.936262
vt 0.140956 0.933687
vt 0.135312 0.933687
vt 0.140954 0.931000
vt 0.945290 0.238239
vt 0.950934 0.238239
vt 0.779432 0.605713
vt 0.781966 0.603130
vt 0.517550 0.783433
vt 0.515016 0.780850
vt 0.250516 0.935211
vt 0.256712 0.932635
vt 0.509291 0.600117
vt 0.514113 0.606310
vt 0.509291 0.606311
vt 0.243082 0.927584
vt 0.249276 0.927584
vt 0.707104 0.880401
vt 0.710654 0.882852
vt 0.724867 0.912088
vt 0.728417 0.909638
vt 0.643375 0.448716
vt 0.637723 0.451589
vt 0.637732 0.448738
vt 0.866156 0.964811
vt 0.869330 0.970453
vt 0.866156 0.970454
vt 0.918243 0.618286
vt 0.923874 0.614776
vt 0.923887 0.618311
vt 0.777143 0.603130
vt 0.781966 0.601170
vt 0.517550 0.785393
vt 0.512727 0.783433
vt 0.524432 0.601061
vt 0.518229 0.603936
vt 0.518238 0.601084
vt 0.716586 0.459133
vt 0.722780 0.451471
vt 0.722780 0.459134
vt 0.243082 0.929544
vt 0.249276 0.929544
vt 0.705441 0.883570
vt 0.703070 0.878872
vt 0.720834 0.913618
vt 0.723204 0.908920
vt 0.643366 0.451567
vt 0.637723 0.454823
vt 0.646945 0.217534
vt 0.650423 0.223177
vt 0.646945 0.223178
vt 0.918243 0.622310
vt 0.923887 0.622335
vt 0.774303 0.601170
vt 0.781966 0.599946
vt 0.517550 0.786617
vt 0.509887 0.785394
vt 0.524423 0.603912
vt 0.518229 0.607169
vt 0.607295 0.459605
vt 0.613489 0.448717
vt 0.613489 0.459606
vt 0.243082 0.930768
vt 0.249276 0.930768
vt 0.702214 0.882347
vt 0.698788 0.878352
vt 0.716551 0.914138
vt 0.719977 0.910144
vt 0.643366 0.454801
vt 0.637732 0.458251
vt 0.622055 0.217533
vt 0.625634 0.223177
vt 0.622055 0.223177
vt 0.918231 0.626589
vt 0.923874 0.626614
vt 0.771076 0.599946
vt 0.781966 0.599530
vt 0.517550 0.787033
vt 0.506660 0.786618
vt 0.524423 0.607146
vt 0.518238 0.610597
vt 0.940260 0.210626
vt 0.946454 0.196311
vt 0.946454 0.210626
vt 0.243082 0.931184
vt 0.355954 0.911908
vt 0.357778 0.924036
vt 0.355954 0.925004
vt 0.359444 0.922815
vt 0.360917 0.921368
vt 0.362167 0.919723
vt 0.363166 0.917916
vt 0.363896 0.915985
vt 0.364339 0.913968
vt 0.364488 0.911908
vt 0.364339 0.909848
vt 0.363896 0.907832
vt 0.363166 0.905900
vt 0.362167 0.904093
vt 0.360917 0.902449
vt 0.359444 0.901001
vt 0.357778 0.899781
vt 0.355954 0.898813
vt 0.605093 0.727820
vt 0.683550 0.813249
vt 0.605093 0.813301
vt 0.601927 0.971224
vt 0.603854 0.892769
vt 0.603854 0.971224
vt 0.850103 0.309840
vt 0.771645 0.224386
vt 0.850103 0.224356
vt 0.698774 0.972166
vt 0.696861 0.886288
vt 0.698774 0.886054
vt 0.685477 0.727768
vt 0.694006 0.813241
vt 0.683550 0.727768
vt 0.964554 0.863886
vt 0.964555 0.864136
vt 0.964306 0.864134
vt 0.264240 0.978580
vt 0.264237 0.978829
vt 0.263990 0.978581
vt 0.964045 0.165335
vt 0.964046 0.165585
vt 0.963798 0.165583
vt 0.220116 0.978827
vt 0.220366 0.978826
vt 0.220364 0.979075
vt 0.150585 0.765762
vt 0.150337 0.766010
vt 0.150337 0.765761
vt 0.147805 0.766010
vt 0.147557 0.765762
vt 0.147805 0.765761
vt 0.966717 0.165585
vt 0.966716 0.165335
vt 0.966963 0.165583
vt 0.220116 0.976157
vt 0.220364 0.975909
vt 0.220366 0.976156
vt 0.266773 0.978580
vt 0.266770 0.978829
vt 0.964555 0.945536
vt 0.222899 0.978826
vt 0.222896 0.979075
vt 0.964046 0.246985
vt 0.963798 0.246983
vt 0.150337 0.684358
vt 0.147557 0.684360
vt 0.150337 0.684112
vt 0.147805 0.684358
vt 0.147805 0.684112
vt 0.967224 0.863886
vt 0.263990 0.975911
vt 0.266773 0.975910
vt 0.971244 0.700976
vt 0.968711 0.619573
vt 0.971244 0.619573
vt 0.967225 0.945536
vt 0.966717 0.246985
vt 0.222899 0.976156
vt 0.414566 0.978388
vt 0.414360 0.978595
vt 0.414360 0.978387
vt 0.414773 0.978595
vt 0.414566 0.978388
vt 0.414773 0.978387
vt 0.863481 0.925356
vt 0.863272 0.925357
vt 0.863479 0.925151
vt 0.487950 0.932400
vt 0.488157 0.932194
vt 0.488159 0.932399
vt 0.414360 0.975909
vt 0.414566 0.975911
vt 0.970638 0.731255
vt 0.970846 0.769795
vt 0.970638 0.769795
vt 0.970405 0.101333
vt 0.970613 0.139872
vt 0.970405 0.139873
vt 0.863481 0.963897
vt 0.863272 0.963898
vt 0.488159 0.970939
vt 0.487950 0.970940
vt 0.973091 0.101332
vt 0.973091 0.139872
vt 0.973324 0.731254
vt 0.973324 0.769795
vt 0.865958 0.925356
vt 0.865958 0.963897
vt 0.490636 0.932399
vt 0.490636 0.970939
vt 0.043166 0.975909
vt 0.043167 0.976257
vt 0.042822 0.976254
vt 0.036970 0.976258
vt 0.036623 0.976254
vt 0.036968 0.975910
vt 0.010667 0.975909
vt 0.010669 0.976257
vt 0.010323 0.976254
vt 0.000344 0.975910
vt 0.000346 0.976257
vt 0.000000 0.976254
vt 0.612764 0.222351
vt 0.612420 0.222007
vt 0.612766 0.222007
vt 0.612420 0.217878
vt 0.612764 0.217533
vt 0.612766 0.217877
vt 0.013422 0.976257
vt 0.013420 0.975909
vt 0.013764 0.976253
vt 0.003097 0.975909
vt 0.003441 0.976253
vt 0.003099 0.976257
vt 0.036970 0.980387
vt 0.036623 0.980383
vt 0.043167 0.980386
vt 0.000346 0.980386
vt 0.000000 0.980383
vt 0.010669 0.980386
vt 0.010323 0.980383
vt 0.616895 0.222007
vt 0.616893 0.217533
vt 0.617237 0.222007
vt 0.616895 0.217877
vt 0.617237 0.217878
vt 0.045919 0.975909
vt 0.039720 0.975909
vt 0.039723 0.980386
vt 0.538747 0.223765
vt 0.542876 0.219636
vt 0.542876 0.223765
vt 0.045920 0.980386
vt 0.013422 0.980386
vt 0.003099 0.980386
vt 0.814178 0.209854
vt 0.814148 0.208960
vt 0.815413 0.208925
vt 0.840824 0.628157
vt 0.840190 0.612199
vt 0.840824 0.612196
vt 0.815063 0.221309
vt 0.815442 0.209819
vt 0.815690 0.221107
vt 0.814816 0.210022
vt 0.216792 0.912104
vt 0.216162 0.896143
vt 0.216792 0.896142
vt 0.215527 0.912104
vt 0.216162 0.912105
vt 0.276056 0.987386
vt 0.275422 0.975909
vt 0.276056 0.976092
vt 0.274786 0.987420
vt 0.274150 0.975909
vt 0.274786 0.976087
vt 0.841456 0.628160
vt 0.841456 0.612199
vt 0.375985 0.978305
vt 0.376096 0.978304
vt 0.376095 0.978415
vt 0.899212 0.459932
vt 0.899102 0.459931
vt 0.899212 0.459821
vt 0.967582 0.883157
vt 0.967583 0.883268
vt 0.967472 0.883267
vt 0.970812 0.584472
vt 0.970702 0.584362
vt 0.970812 0.584362
vt 0.970702 0.500618
vt 0.970812 0.500508
vt 0.970812 0.500618
vt 0.969977 0.883157
vt 0.970088 0.883267
vt 0.969978 0.883268
vt 0.899212 0.543671
vt 0.899102 0.543670
vt 0.377665 0.978304
vt 0.967583 0.967008
vt 0.967472 0.967007
vt 0.379345 0.978415
vt 0.380915 0.978304
vt 0.380914 0.978415
vt 0.972381 0.584362
vt 0.972381 0.500508
vt 0.972491 0.584362
vt 0.972381 0.500618
vt 0.972491 0.500618
vt 0.375985 0.975910
vt 0.901607 0.459821
vt 0.901607 0.543671
vt 0.065244 0.971628
vt 0.066813 0.887884
vt 0.066813 0.971628
vt 0.377665 0.975909
vt 0.379346 0.978304
vt 0.380915 0.975909
vt 0.969978 0.967008
vt 0.414360 0.978388
vt 0.414153 0.978595
vt 0.414153 0.978387
vt 0.414979 0.978595
vt 0.414773 0.978388
vt 0.414979 0.978387
vt 0.808912 0.929073
vt 0.808704 0.929074
vt 0.808910 0.928868
vt 0.289361 0.933984
vt 0.289567 0.933778
vt 0.289569 0.933983
vt 0.414153 0.975909
vt 0.414773 0.975911
vt 0.971877 0.770288
vt 0.972085 0.808828
vt 0.971877 0.808829
vt 0.071853 0.934503
vt 0.072061 0.973042
vt 0.071853 0.973043
vt 0.808912 0.967614
vt 0.808704 0.967615
vt 0.289569 0.972523
vt 0.289361 0.972525
vt 0.074539 0.934502
vt 0.074539 0.973042
vt 0.974563 0.770288
vt 0.974563 0.808828
vt 0.811390 0.929073
vt 0.811390 0.967614
vt 0.292047 0.933983
vt 0.292047 0.972524
vt 0.046264 0.975909
vt 0.046265 0.976257
vt 0.045920 0.976254
vt 0.040069 0.976258
vt 0.039723 0.976254
vt 0.040067 0.975910
vt 0.007226 0.975909
vt 0.007228 0.976257
vt 0.006882 0.976254
vt 0.003785 0.975910
vt 0.003787 0.976257
vt 0.003441 0.976254
vt 0.617581 0.222351
vt 0.617583 0.222007
vt 0.617237 0.217878
vt 0.617581 0.217533
vt 0.617583 0.217877
vt 0.009981 0.976257
vt 0.009979 0.975909
vt 0.010323 0.976253
vt 0.006538 0.975909
vt 0.006882 0.976254
vt 0.006540 0.976257
vt 0.040069 0.980387
vt 0.039723 0.980383
vt 0.046265 0.980386
vt 0.003787 0.980386
vt 0.003441 0.980383
vt 0.007228 0.980386
vt 0.006882 0.980383
vt 0.621713 0.222007
vt 0.621711 0.217533
vt 0.622055 0.222007
vt 0.621713 0.217877
vt 0.622055 0.217878
vt 0.049017 0.975909
vt 0.042820 0.975909
vt 0.042822 0.980386
vt 0.534618 0.223765
vt 0.538747 0.219636
vt 0.538747 0.223765
vt 0.049018 0.980386
vt 0.009981 0.980386
vt 0.006540 0.980386
vt 0.601238 0.209034
vt 0.601208 0.208140
vt 0.602473 0.208106
vt 0.239311 0.711219
vt 0.238677 0.695261
vt 0.239311 0.695258
vt 0.602750 0.220287
vt 0.601876 0.209202
vt 0.602502 0.209000
vt 0.602123 0.220489
vt 0.662216 0.911849
vt 0.661586 0.895888
vt 0.662216 0.895887
vt 0.660950 0.911849
vt 0.661586 0.911850
vt 0.276056 0.987203
vt 0.276690 0.976093
vt 0.276690 0.987386
vt 0.274786 0.987242
vt 0.275422 0.976087
vt 0.275422 0.987420
vt 0.239943 0.711222
vt 0.239943 0.695261
vt 0.377665 0.978305
vt 0.377776 0.978304
vt 0.377775 0.978415
vt 0.922117 0.000000
vt 0.922117 0.000111
vt 0.922007 0.000110
vt 0.971354 0.703427
vt 0.971244 0.703317
vt 0.971354 0.703317
vt 0.924512 0.000000
vt 0.924622 0.000110
vt 0.924512 0.000111
vt 0.968196 0.500508
vt 0.968306 0.584248
vt 0.968196 0.584246
vt 0.379345 0.978305
vt 0.922117 0.083851
vt 0.922007 0.083850
vt 0.972923 0.703317
vt 0.971244 0.619573
vt 0.973033 0.703317
vt 0.972923 0.619573
vt 0.973033 0.619573
vt 0.377665 0.975910
vt 0.968306 0.500509
vt 0.970702 0.584248
vt 0.913833 0.300398
vt 0.915402 0.216654
vt 0.915402 0.300398
vt 0.379345 0.975909
vt 0.924512 0.083851
vt 0.971354 0.619573
vt 0.518367 0.832341
vt 0.512173 0.807964
vt 0.518367 0.807964
vt 0.234272 0.926424
vt 0.240467 0.902047
vt 0.240467 0.926424
vt 0.678320 0.957140
vt 0.684514 0.900707
vt 0.684514 0.957141
vt 0.518376 0.699089
vt 0.574811 0.723463
vt 0.518376 0.723465
vt 0.595730 0.954022
vt 0.601923 0.897589
vt 0.601923 0.954023
vt 0.327599 0.607005
vt 0.384034 0.631380
vt 0.327599 0.631382
vt 0.857078 0.949528
vt 0.863272 0.925151
vt 0.863272 0.949528
vt 0.678320 0.900706
vt 0.684514 0.879372
vt 0.574811 0.699087
vt 0.596146 0.723462
vt 0.595730 0.897588
vt 0.601923 0.876254
vt 0.405369 0.607003
vt 0.405369 0.631379
vt 0.927418 0.883161
vt 0.933612 0.858785
vt 0.933612 0.883161
vt 0.678320 0.879372
vt 0.684514 0.870425
vt 0.596146 0.699086
vt 0.605093 0.723462
vt 0.595730 0.876253
vt 0.601923 0.867307
vt 0.414316 0.631379
vt 0.518367 0.846794
vt 0.512173 0.832341
vt 0.234272 0.902047
vt 0.240467 0.887595
vt 0.518376 0.684637
vt 0.401235 0.951117
vt 0.407429 0.894684
vt 0.407429 0.951118
vt 0.384034 0.645832
vt 0.327599 0.645834
vt 0.018582 0.962215
vt 0.012388 0.947762
vt 0.018582 0.947762
vt 0.927418 0.858785
vt 0.933612 0.844332
vt 0.596146 0.684634
vt 0.605093 0.699086
vt 0.619683 0.457663
vt 0.625876 0.448717
vt 0.625876 0.457663
vt 0.414316 0.645831
vt 0.405369 0.645831
vt 0.518367 0.878618
vt 0.512173 0.846794
vt 0.234272 0.887595
vt 0.240467 0.855771
vt 0.518376 0.652815
vt 0.574811 0.684635
vt 0.933612 0.955425
vt 0.939806 0.898991
vt 0.939806 0.955425
vt 0.384034 0.677654
vt 0.327599 0.677656
vt 0.933199 0.759453
vt 0.939393 0.727629
vt 0.939393 0.759453
vt 0.149893 0.954537
vt 0.156087 0.933203
vt 0.156087 0.954538
vt 0.574811 0.652813
vt 0.933612 0.898991
vt 0.939806 0.877656
vt 0.405369 0.677654
vt 0.927418 0.844332
vt 0.933612 0.812509
vt 0.596146 0.652812
vt 0.605093 0.684633
vt 0.933612 0.877656
vt 0.939806 0.868709
vt 0.414316 0.677653
vt 0.518367 0.893071
vt 0.512173 0.878618
vt 0.234272 0.855771
vt 0.240467 0.841319
vt 0.518376 0.638363
vt 0.407429 0.951117
vt 0.413623 0.894684
vt 0.413623 0.951118
vt 0.384034 0.692107
vt 0.327599 0.692108
vt 0.953528 0.014453
vt 0.947333 -0.000000
vt 0.953528 -0.000000
vt 0.927418 0.812509
vt 0.933612 0.798056
vt 0.596146 0.638360
vt 0.605093 0.652811
vt 0.625876 0.457663
vt 0.632070 0.448717
vt 0.632070 0.457663
vt 0.405369 0.692106
vt 0.414316 0.692106
vt 0.518367 0.920834
vt 0.512173 0.893071
vt 0.234272 0.841319
vt 0.240467 0.813556
vt 0.518376 0.610601
vt 0.574811 0.638360
vt 0.950853 0.488120
vt 0.957046 0.431686
vt 0.957046 0.488120
vt 0.327599 0.719871
vt 0.384034 0.719869
vt 0.704982 0.941901
vt 0.711176 0.914139
vt 0.711176 0.941901
vt 0.276973 0.955113
vt 0.283167 0.933778
vt 0.283167 0.955113
vt 0.574811 0.610599
vt 0.950853 0.431685
vt 0.957046 0.410351
vt 0.405369 0.719868
vt 0.927418 0.798056
vt 0.933612 0.770293
vt 0.596146 0.610598
vt 0.605093 0.638359
vt 0.950853 0.410351
vt 0.957046 0.401404
vt 0.414316 0.719868
vt 0.450786 0.949742
vt 0.456980 0.894683
vt 0.456980 0.949742
vt 0.605093 0.895887
vt 0.611287 0.950945
vt 0.605093 0.950945
vt 0.518376 0.896898
vt 0.573431 0.810186
vt 0.573431 0.896902
vt 0.946454 0.188053
vt 0.952648 0.101337
vt 0.952648 0.188053
vt 0.382654 0.894680
vt 0.437710 0.807967
vt 0.437710 0.894683
vt 0.946000 0.947856
vt 0.952193 0.861139
vt 0.952193 0.947856
vt 0.475562 0.949742
vt 0.481756 0.894683
vt 0.481756 0.949742
vt 0.623675 0.895887
vt 0.629869 0.950945
vt 0.623675 0.950945
vt 0.844047 0.546536
vt 0.899102 0.459825
vt 0.899102 0.546540
vt 0.589536 0.954023
vt 0.595730 0.867307
vt 0.595730 0.954023
vt 0.437710 0.894680
vt 0.492765 0.807968
vt 0.492765 0.894683
vt 0.946454 0.101337
vt 0.952648 0.014620
vt 0.952648 0.101337
vt 0.696625 0.926170
vt 0.690431 0.813301
vt 0.696625 0.813301
vt 0.930901 0.362860
vt 0.937095 0.249992
vt 0.937095 0.362860
vt 0.950853 0.578965
vt 0.957047 0.492250
vt 0.957047 0.578966
vt 0.068823 0.571248
vt 0.155540 0.684108
vt 0.068823 0.684112
vt 0.949483 0.336707
vt 0.955676 0.249992
vt 0.955676 0.336708
vt 0.418445 0.607005
vt 0.505162 0.719867
vt 0.418445 0.719870
vt 0.844047 0.572690
vt 0.788988 0.459821
vt 0.844047 0.459821
vt 0.802022 0.742081
vt 0.857081 0.629213
vt 0.857081 0.742081
vt 0.768521 0.969184
vt 0.770448 0.914129
vt 0.770448 0.969184
vt 0.066896 0.571248
vt 0.066896 0.684112
vt 0.919294 0.808973
vt 0.921221 0.864029
vt 0.919294 0.864029
vt 0.317548 0.610054
vt 0.319475 0.722919
vt 0.317548 0.722919
vt 0.707360 0.222435
vt 0.740812 0.098644
vt 0.740812 0.222524
vt 0.673916 0.222524
vt 0.707360 0.098555
vt 0.966000 0.138495
vt 0.968202 0.014620
vt 0.968202 0.138495
vt 0.283954 0.637318
vt 0.250515 0.761251
vt 0.250515 0.637370
vt 0.317411 0.637370
vt 0.283954 0.761199
vt 0.968058 0.252755
vt 0.965856 0.376631
vt 0.965856 0.252755
vt 0.904706 0.696105
vt 0.919021 0.662658
vt 0.921223 0.662658
vt 0.904706 0.629213
vt 0.296073 0.851408
vt 0.310388 0.884854
vt 0.293871 0.851408
vt 0.296073 0.918301
vt 0.312590 0.884854
vt 0.573431 0.867306
vt 0.589536 0.894833
vt 0.573431 0.922362
vt 0.662216 0.870425
vt 0.678320 0.897951
vt 0.662216 0.925480
vt 0.964306 0.743454
vt 0.961140 0.619573
vt 0.964306 0.619573
vt 0.961140 0.867334
vt 0.964306 0.867334
vt 0.300915 0.975910
vt 0.303118 0.979075
vt 0.300915 0.979075
vt 0.966509 0.619573
vt 0.968711 0.743448
vt 0.966509 0.743448
vt 0.283297 0.975910
vt 0.285499 0.979075
vt 0.283297 0.979075
vt 0.965856 0.376631
vt 0.968058 0.500508
vt 0.965856 0.500508
vt 0.972463 0.370855
vt 0.972602 0.370855
vt 0.972600 0.370993
vt 0.185828 0.981002
vt 0.185691 0.980865
vt 0.185829 0.980865
vt 0.185691 0.976047
vt 0.185828 0.975909
vt 0.185829 0.976047
vt 0.972602 0.347180
vt 0.972463 0.347180
vt 0.972600 0.347042
vt 0.567927 0.940398
vt 0.568065 0.940260
vt 0.568066 0.940397
vt 0.107227 0.964729
vt 0.112046 0.964591
vt 0.112044 0.964729
vt 0.568065 0.964210
vt 0.572883 0.964072
vt 0.572882 0.964211
vt 0.187549 0.980865
vt 0.187549 0.975909
vt 0.973033 0.619573
vt 0.973172 0.643248
vt 0.973033 0.643248
vt 0.107089 0.940916
vt 0.107229 0.964590
vt 0.107089 0.964591
vt 0.568066 0.964072
vt 0.567927 0.964073
vt 0.112046 0.940916
vt 0.232534 0.980727
vt 0.234254 0.975909
vt 0.234254 0.980727
vt 0.974892 0.619573
vt 0.974892 0.643248
vt 0.974322 0.347180
vt 0.974322 0.370855
vt 0.572883 0.940397
vt 0.209358 0.965239
vt 0.209357 0.965378
vt 0.209219 0.965240
vt 0.972463 0.394805
vt 0.972602 0.394805
vt 0.972600 0.394943
vt 0.415117 0.977631
vt 0.414979 0.977768
vt 0.414979 0.977630
vt 0.416494 0.977768
vt 0.416356 0.977631
vt 0.416494 0.977630
vt 0.972602 0.371130
vt 0.972463 0.371130
vt 0.303784 0.939554
vt 0.303921 0.939416
vt 0.303923 0.939553
vt 0.214176 0.965239
vt 0.214174 0.965378
vt 0.303921 0.963366
vt 0.308740 0.963228
vt 0.308739 0.963366
vt 0.974322 0.394805
vt 0.974321 0.394943
vt 0.414979 0.975909
vt 0.416356 0.975910
vt 0.413397 0.980727
vt 0.413260 0.975909
vt 0.413397 0.975909
vt 0.974047 0.439945
vt 0.974186 0.463619
vt 0.974047 0.463620
vt 0.209219 0.941565
vt 0.303923 0.963228
vt 0.303784 0.963228
vt 0.214176 0.941565
vt 0.241137 0.980727
vt 0.242857 0.975909
vt 0.242857 0.980727
vt 0.975906 0.439944
vt 0.975906 0.463619
vt 0.974322 0.371130
vt 0.308740 0.939553
vt 0.974465 0.081712
vt 0.974466 0.081851
vt 0.974327 0.081850
vt 0.205382 0.976049
vt 0.205244 0.976047
vt 0.205381 0.975909
vt 0.972628 0.572359
vt 0.972629 0.572498
vt 0.972491 0.572496
vt 0.162152 0.975910
vt 0.162153 0.976049
vt 0.162014 0.976047
vt 0.096342 0.965075
vt 0.096204 0.965212
vt 0.096204 0.965074
vt 0.091387 0.965212
vt 0.091249 0.965075
vt 0.091387 0.965074
vt 0.974350 0.572498
vt 0.974349 0.572359
vt 0.974487 0.572496
vt 0.163872 0.975909
vt 0.164010 0.976047
vt 0.163873 0.976048
vt 0.205382 0.980866
vt 0.205244 0.980864
vt 0.974466 0.100019
vt 0.162153 0.980866
vt 0.162014 0.980865
vt 0.972629 0.590666
vt 0.972491 0.590665
vt 0.096204 0.946905
vt 0.091249 0.946905
vt 0.096204 0.946768
vt 0.091387 0.946905
vt 0.091387 0.946768
vt 0.976186 0.081712
vt 0.207102 0.975909
vt 0.207103 0.980866
vt 0.023400 0.965931
vt 0.018582 0.947762
vt 0.023400 0.947762
vt 0.976186 0.100019
vt 0.974350 0.590666
vt 0.163873 0.980866
vt 0.974570 0.317920
vt 0.974571 0.318170
vt 0.974322 0.318168
vt 0.972579 0.014620
vt 0.972580 0.014870
vt 0.972331 0.014868
vt 0.485994 0.961789
vt 0.485996 0.962039
vt 0.485747 0.962037
vt 0.130485 0.930753
vt 0.130237 0.931000
vt 0.130237 0.930751
vt 0.122199 0.931000
vt 0.121951 0.930753
vt 0.122199 0.930751
vt 0.974287 0.014870
vt 0.974286 0.014620
vt 0.974534 0.014868
vt 0.487701 0.961789
vt 0.487949 0.962037
vt 0.487703 0.962039
vt 0.968058 0.492281
vt 0.968307 0.500322
vt 0.968058 0.500319
vt 0.974571 0.339284
vt 0.485996 0.970078
vt 0.485747 0.970075
vt 0.972580 0.035984
vt 0.972331 0.035982
vt 0.130237 0.909637
vt 0.121951 0.909638
vt 0.130237 0.909390
vt 0.122199 0.909637
vt 0.122199 0.909390
vt 0.976277 0.317920
vt 0.968307 0.492284
vt 0.970014 0.500322
vt 0.309948 0.939416
vt 0.301909 0.918301
vt 0.309948 0.918301
vt 0.976278 0.339284
vt 0.974287 0.035984
vt 0.487703 0.970077
vt 0.340571 0.975909
vt 0.341328 0.982991
vt 0.340571 0.982991
vt 0.357226 0.975909
vt 0.356469 0.982991
vt 0.356469 0.975909
vt 0.015192 0.997245
vt 0.015906 0.975909
vt 0.015906 0.997244
vt 0.826378 0.952280
vt 0.833057 0.930932
vt 0.833057 0.952267
vt 0.018048 0.997245
vt 0.018762 0.975909
vt 0.018762 0.997244
vt 0.819696 0.952281
vt 0.826378 0.930932
vt 0.826378 0.952267
vt 0.350413 0.975909
vt 0.351170 0.982991
vt 0.350413 0.982991
vt 0.354955 0.975909
vt 0.354198 0.982991
vt 0.354198 0.975909
vt 0.084483 0.997247
vt 0.085067 0.975909
vt 0.085067 0.997244
vt 0.189911 0.965669
vt 0.195378 0.944317
vt 0.195378 0.965652
vt 0.079801 0.997247
vt 0.080386 0.975909
vt 0.080386 0.997244
vt 0.312590 0.964761
vt 0.318062 0.943408
vt 0.318062 0.964743
vt 0.561872 0.965311
vt 0.561870 0.965450
vt 0.561733 0.965312
vt 0.972463 0.418756
vt 0.972602 0.418755
vt 0.972600 0.418893
vt 0.189546 0.981002
vt 0.189408 0.980865
vt 0.189547 0.980865
vt 0.189408 0.976047
vt 0.189546 0.975909
vt 0.189547 0.976047
vt 0.972602 0.395080
vt 0.972463 0.395081
vt 0.972600 0.394943
vt 0.927418 0.940422
vt 0.927555 0.940285
vt 0.927557 0.940421
vt 0.566689 0.965312
vt 0.566688 0.965450
vt 0.927555 0.964235
vt 0.932374 0.964097
vt 0.932373 0.964235
vt 0.974322 0.418755
vt 0.974321 0.418893
vt 0.191267 0.980865
vt 0.191267 0.975909
vt 0.973227 0.217740
vt 0.973366 0.241414
vt 0.973227 0.241415
vt 0.561733 0.941637
vt 0.927557 0.964096
vt 0.927418 0.964097
vt 0.566689 0.941637
vt 0.234254 0.980727
vt 0.235975 0.975909
vt 0.235975 0.980727
vt 0.975087 0.217739
vt 0.975087 0.241414
vt 0.974322 0.395080
vt 0.932374 0.940422
vt 0.102272 0.964590
vt 0.102270 0.964729
vt 0.102133 0.964591
vt 0.972491 0.524320
vt 0.972630 0.524320
vt 0.972628 0.524458
vt 0.415530 0.977631
vt 0.415392 0.977768
vt 0.415392 0.977630
vt 0.417732 0.977768
vt 0.417595 0.977631
vt 0.417732 0.977630
vt 0.972630 0.500645
vt 0.972491 0.500645
vt 0.972628 0.500508
vt 0.298827 0.939554
vt 0.298965 0.939416
vt 0.298966 0.939553
vt 0.107089 0.964591
vt 0.107088 0.964729
vt 0.298965 0.963366
vt 0.303784 0.963228
vt 0.303782 0.963366
vt 0.974350 0.524320
vt 0.974349 0.524458
vt 0.415392 0.975910
vt 0.417595 0.975910
vt 0.413671 0.980727
vt 0.413534 0.975909
vt 0.413671 0.975909
vt 0.973666 0.920735
vt 0.973805 0.944409
vt 0.973666 0.944410
vt 0.102133 0.940916
vt 0.298966 0.963228
vt 0.298827 0.963228
vt 0.107089 0.940916
vt 0.242857 0.980727
vt 0.244578 0.975909
vt 0.244578 0.980727
vt 0.975526 0.920734
vt 0.975526 0.944409
vt 0.974350 0.500645
vt 0.303784 0.939553
vt 0.974492 0.808829
vt 0.974493 0.808968
vt 0.974354 0.808967
vt 0.207241 0.976049
vt 0.207103 0.976047
vt 0.207241 0.975909
vt 0.969812 0.863883
vt 0.969813 0.864022
vt 0.969675 0.864021
vt 0.164148 0.975909
vt 0.164148 0.976049
vt 0.164010 0.976047
vt 0.871249 0.964672
vt 0.871112 0.964810
vt 0.871112 0.964671
vt 0.866294 0.964810
vt 0.866156 0.964672
vt 0.866294 0.964671
vt 0.971533 0.864022
vt 0.971533 0.863883
vt 0.971670 0.864021
vt 0.165868 0.975909
vt 0.166006 0.976047
vt 0.165869 0.976048
vt 0.207241 0.980866
vt 0.207103 0.980864
vt 0.974493 0.827137
vt 0.164148 0.980866
vt 0.164010 0.980865
vt 0.969813 0.882191
vt 0.969675 0.882189
vt 0.871112 0.946502
vt 0.866156 0.946503
vt 0.871112 0.946365
vt 0.866294 0.946502
vt 0.866294 0.946365
vt 0.976213 0.808829
vt 0.208961 0.975909
vt 0.208962 0.980866
vt 0.012388 0.965931
vt 0.007570 0.947762
vt 0.012388 0.947762
vt 0.976213 0.827137
vt 0.971533 0.882191
vt 0.165869 0.980866
vt 0.974575 0.060348
vt 0.974576 0.060598
vt 0.974327 0.060596
vt 0.040441 0.961774
vt 0.040192 0.961771
vt 0.040440 0.961523
vt 0.843969 0.952280
vt 0.843970 0.952531
vt 0.843721 0.952528
vt 0.912246 0.961752
vt 0.912248 0.962003
vt 0.911998 0.962000
vt 0.139019 0.930753
vt 0.138772 0.931000
vt 0.138771 0.930751
vt 0.130733 0.931000
vt 0.130485 0.930753
vt 0.130733 0.930751
vt 0.845677 0.952531
vt 0.845676 0.952280
vt 0.845923 0.952528
vt 0.913953 0.961752
vt 0.914201 0.962000
vt 0.913954 0.962003
vt 0.040441 0.969812
vt 0.040192 0.969809
vt 0.974576 0.081712
vt 0.912248 0.970041
vt 0.911998 0.970038
vt 0.843970 0.973645
vt 0.843721 0.973642
vt 0.138771 0.909637
vt 0.130485 0.909638
vt 0.138772 0.909390
vt 0.130733 0.909637
vt 0.130733 0.909390
vt 0.976282 0.060348
vt 0.042147 0.961523
vt 0.042148 0.969812
vt 0.320629 0.943407
vt 0.312590 0.922293
vt 0.320629 0.922293
vt 0.976283 0.081712
vt 0.845677 0.973644
vt 0.913954 0.970041
vt 0.871533 0.719369
vt 0.885985 0.740704
vt 0.871533 0.740704
vt 0.352684 0.975909
vt 0.353441 0.982991
vt 0.352684 0.982991
vt 0.357983 0.975909
vt 0.357226 0.982991
vt 0.357226 0.975909
vt 0.013764 0.997245
vt 0.014478 0.975909
vt 0.014478 0.997244
vt 0.833057 0.952280
vt 0.839736 0.930932
vt 0.839736 0.952267
vt 0.019476 0.997245
vt 0.020190 0.975909
vt 0.020190 0.997245
vt 0.216792 0.947356
vt 0.223473 0.926007
vt 0.223473 0.947342
vt 0.346627 0.975909
vt 0.347385 0.982991
vt 0.346627 0.982991
vt 0.356469 0.975909
vt 0.355712 0.982991
vt 0.355712 0.975909
vt 0.085652 0.997247
vt 0.086237 0.975909
vt 0.086237 0.997244
vt 0.172056 0.965669
vt 0.177524 0.944317
vt 0.177524 0.965652
vt 0.080386 0.997247
vt 0.080972 0.975909
vt 0.080972 0.997244
vt 0.642257 0.965416
vt 0.647728 0.944063
vt 0.647728 0.965398
vt 0.969675 0.883157
vt 0.967472 0.770288
vt 0.969675 0.770288
vt 0.968058 0.365623
vt 0.970260 0.252755
vt 0.970260 0.365623
vt 0.364834 0.978249
vt 0.367036 0.975910
vt 0.367036 0.978250
vt 0.965856 0.500508
vt 0.968196 0.613372
vt 0.965856 0.613372
vt 0.367036 0.978249
vt 0.369238 0.975910
vt 0.369238 0.978249
vt 0.240330 0.700691
vt 0.242670 0.813556
vt 0.240330 0.813556
vt 0.599312 0.457526
vt 0.607295 0.448716
vt 0.607295 0.457526
vt 0.229869 0.710399
vt 0.238677 0.695259
vt 0.238677 0.710400
vt 0.909111 0.739050
vt 0.917094 0.723909
vt 0.917094 0.739050
vt 0.574534 0.223079
vt 0.583343 0.207938
vt 0.583343 0.223079
vt 0.805918 0.223898
vt 0.813901 0.208758
vt 0.813901 0.223899
vt 0.657946 0.224001
vt 0.668269 0.212714
vt 0.668269 0.224001
vt 0.907908 0.614751
vt 0.918231 0.626038
vt 0.907908 0.626038
vt 0.441702 0.959721
vt 0.443904 0.971007
vt 0.441702 0.971007
vt 0.380070 0.959859
vt 0.382272 0.970181
vt 0.380070 0.970182
vt 0.959393 0.238982
vt 0.961595 0.250269
vt 0.959393 0.250269
vt 0.643375 0.448716
vt 0.645578 0.459039
vt 0.643375 0.459039
vt 0.325669 0.665649
vt 0.319475 0.610054
vt 0.325669 0.610054
vt 0.895526 0.309870
vt 0.901720 0.254276
vt 0.901720 0.309870
vt 0.438398 0.951117
vt 0.444592 0.894684
vt 0.444592 0.951118
vt 0.427943 0.168763
vt 0.484377 0.224354
vt 0.427943 0.224356
vt 0.934067 0.113035
vt 0.940261 0.056602
vt 0.940261 0.113036
vt 0.426016 0.224359
vt 0.482450 0.279950
vt 0.426016 0.279952
vt 0.444592 0.950278
vt 0.450786 0.894683
vt 0.450786 0.950278
vt 0.484377 0.168761
vt 0.505712 0.224353
vt 0.934067 0.056601
vt 0.940261 0.035267
vt 0.503785 0.224357
vt 0.503785 0.279950
vt 0.901720 0.309870
vt 0.907914 0.254276
vt 0.907914 0.309870
vt 0.753847 0.958895
vt 0.760040 0.938249
vt 0.760040 0.958895
vt 0.505712 0.168760
vt 0.526359 0.224352
vt 0.934067 0.035266
vt 0.940261 0.014620
vt 0.524432 0.279949
vt 0.325669 0.680102
vt 0.319475 0.665649
vt 0.895526 0.254276
vt 0.901720 0.239823
vt 0.427943 0.154311
vt 0.432204 0.951117
vt 0.438398 0.894684
vt 0.438398 0.951118
vt 0.482450 0.294403
vt 0.426016 0.294404
vt 0.959722 0.014453
vt 0.953528 0.000000
vt 0.959722 0.000000
vt 0.901720 0.254276
vt 0.907914 0.239823
vt 0.526359 0.154307
vt 0.526359 0.168759
vt 0.727253 0.958896
vt 0.733447 0.938250
vt 0.733447 0.958897
vt 0.524432 0.294401
vt 0.503785 0.294402
vt 0.325669 0.757637
vt 0.319475 0.680102
vt 0.895526 0.239823
vt 0.901720 0.162288
vt 0.427943 0.076779
vt 0.484377 0.154309
vt 0.934067 0.211451
vt 0.940261 0.155018
vt 0.940261 0.211452
vt 0.426016 0.371937
vt 0.482450 0.371935
vt 0.734315 0.955887
vt 0.740509 0.878352
vt 0.740509 0.955887
vt 0.283167 0.955113
vt 0.289361 0.933778
vt 0.289361 0.955113
vt 0.484377 0.076777
vt 0.505712 0.154308
vt 0.934067 0.155017
vt 0.940261 0.133683
vt 0.503785 0.371935
vt 0.901720 0.239823
vt 0.907914 0.162288
vt 0.526359 0.076775
vt 0.934067 0.133682
vt 0.940261 0.113036
vt 0.524432 0.371934
vt 0.325669 0.772090
vt 0.319475 0.757637
vt 0.895526 0.162288
vt 0.901720 0.147835
vt 0.427943 0.062327
vt 0.482450 0.386388
vt 0.426016 0.386389
vt 0.947334 0.014453
vt 0.941139 -0.000000
vt 0.947334 -0.000000
vt 0.901720 0.162288
vt 0.907914 0.147835
vt 0.505712 0.062324
vt 0.505712 0.076776
vt 0.777797 0.958893
vt 0.783990 0.938247
vt 0.783990 0.958893
vt 0.524432 0.386386
vt 0.503785 0.386387
vt 0.325669 0.834416
vt 0.319475 0.772090
vt 0.895526 0.147835
vt 0.901720 0.085510
vt 0.914476 0.955561
vt 0.920670 0.899127
vt 0.920670 0.955561
vt 0.427943 0.000004
vt 0.484377 0.062325
vt 0.426011 0.951117
vt 0.432204 0.894684
vt 0.432204 0.951118
vt 0.482450 0.448711
vt 0.426016 0.448713
vt 0.913833 0.216654
vt 0.920027 0.154329
vt 0.920027 0.216654
vt 0.914476 0.899127
vt 0.920670 0.877793
vt 0.484377 0.000002
vt 0.503785 0.448710
vt 0.901720 0.147835
vt 0.907914 0.085510
vt 0.505712 0.000001
vt 0.526359 0.062323
vt 0.224848 0.958424
vt 0.231041 0.937778
vt 0.231041 0.958425
vt 0.524432 0.448710
vt 0.481756 0.949742
vt 0.487950 0.894683
vt 0.487950 0.949742
vt 0.629869 0.895887
vt 0.636063 0.950945
vt 0.629869 0.950945
vt 0.815747 0.196834
vt 0.870803 0.098423
vt 0.870803 0.196838
vt 0.933199 0.727629
vt 0.939393 0.629213
vt 0.939393 0.727629
vt 0.815747 0.098416
vt 0.870803 0.000003
vt 0.870803 0.098419
vt 0.932271 0.598237
vt 0.938465 0.499821
vt 0.938465 0.598237
vt 0.469368 0.949742
vt 0.475562 0.894683
vt 0.475562 0.949742
vt 0.617481 0.895887
vt 0.623675 0.950945
vt 0.617481 0.950945
vt 0.066896 0.883789
vt 0.121951 0.785377
vt 0.121951 0.883793
vt 0.847445 0.938916
vt 0.853639 0.840500
vt 0.853639 0.938917
vt 0.802022 0.840497
vt 0.857078 0.742084
vt 0.857078 0.840500
vt 0.932271 0.499820
vt 0.938465 0.401404
vt 0.938465 0.499820
vt 0.249276 0.876264
vt 0.243082 0.651902
vt 0.249276 0.651902
vt 0.901713 0.625764
vt 0.907908 0.401404
vt 0.907908 0.625764
vt 0.937095 0.348407
vt 0.943289 0.249992
vt 0.943289 0.348407
vt 0.329526 0.000004
vt 0.427943 0.224352
vt 0.329526 0.224356
vt 0.933612 0.868709
vt 0.939806 0.770293
vt 0.939806 0.868709
vt 0.327599 0.224359
vt 0.426016 0.448710
vt 0.327599 0.448713
vt 0.305573 0.637318
vt 0.250515 0.412955
vt 0.305573 0.412955
vt 0.591328 0.448716
vt 0.646387 0.224356
vt 0.646387 0.448716
vt 0.970260 0.494999
vt 0.972187 0.439944
vt 0.972187 0.494999
vt 0.327599 0.000004
vt 0.327599 0.224356
vt 0.926221 0.154329
vt 0.928148 0.209385
vt 0.926221 0.209385
vt 0.325670 0.725399
vt 0.327597 0.949753
vt 0.325669 0.949753
vt 0.557876 0.459728
vt 0.591328 0.224449
vt 0.591328 0.459821
vt 0.524432 0.459821
vt 0.557876 0.224356
vt 0.957191 0.249983
vt 0.959393 0.014620
vt 0.959393 0.249983
vt 0.033439 0.412955
vt -0.000000 0.648384
vt -0.000000 0.413010
vt 0.066896 0.413010
vt 0.033439 0.648329
vt 0.957191 0.014620
vt 0.954988 0.249985
vt 0.954988 0.014620
vt 0.892413 0.066892
vt 0.907416 0.033445
vt 0.909619 0.033445
vt 0.892413 0.000000
vt 0.124153 0.842497
vt 0.139157 0.875943
vt 0.121951 0.842498
vt 0.124153 0.909390
vt 0.141359 0.875943
vt 0.870803 0.161312
vt 0.887596 0.188839
vt 0.870803 0.216367
vt 0.753847 0.859074
vt 0.770639 0.886600
vt 0.753847 0.914129
vt 0.158705 0.806618
vt 0.155540 0.571244
vt 0.158705 0.571244
vt 0.930901 0.249992
vt 0.934067 0.014620
vt 0.934067 0.249992
vt 0.292106 0.975909
vt 0.294309 0.979075
vt 0.292106 0.979075
vt 0.959249 0.252755
vt 0.961451 0.488118
vt 0.959249 0.488118
vt 0.294309 0.975910
vt 0.296511 0.979075
vt 0.294309 0.979075
vt 0.957047 0.252755
vt 0.959249 0.488120
vt 0.957047 0.488120
vt 0.972491 0.572221
vt 0.972630 0.572220
vt 0.972628 0.572359
vt 0.196982 0.981002
vt 0.196844 0.980865
vt 0.196983 0.980865
vt 0.196844 0.976047
vt 0.196982 0.975909
vt 0.196983 0.976047
vt 0.972630 0.548545
vt 0.972491 0.548546
vt 0.972628 0.548408
vt 0.761363 0.939593
vt 0.761501 0.939456
vt 0.761502 0.939593
vt 0.518514 0.966138
vt 0.523333 0.966000
vt 0.523331 0.966138
vt 0.761501 0.963406
vt 0.766320 0.963268
vt 0.766318 0.963406
vt 0.198703 0.980865
vt 0.198702 0.975909
vt 0.973324 0.731254
vt 0.973463 0.754929
vt 0.973324 0.754929
vt 0.518376 0.942326
vt 0.518516 0.966000
vt 0.518376 0.966000
vt 0.761502 0.963268
vt 0.761363 0.963268
vt 0.523333 0.942325
vt 0.235975 0.980727
vt 0.237695 0.975909
vt 0.237695 0.980727
vt 0.975183 0.731254
vt 0.975183 0.754929
vt 0.974350 0.548545
vt 0.974350 0.572220
vt 0.766320 0.939593
vt 0.705121 0.965576
vt 0.705120 0.965715
vt 0.704982 0.965577
vt 0.972491 0.548271
vt 0.972630 0.548270
vt 0.415392 0.977631
vt 0.415254 0.977768
vt 0.415254 0.977630
vt 0.417182 0.977768
vt 0.417044 0.977631
vt 0.417182 0.977630
vt 0.972630 0.524595
vt 0.972491 0.524596
vt 0.972628 0.524458
vt 0.770639 0.939594
vt 0.770777 0.939456
vt 0.770778 0.939593
vt 0.709939 0.965577
vt 0.709937 0.965715
vt 0.770777 0.963406
vt 0.775595 0.963268
vt 0.775594 0.963407
vt 0.974350 0.548270
vt 0.974349 0.548408
vt 0.415254 0.975909
vt 0.417044 0.975910
vt 0.413534 0.980727
vt 0.413397 0.975909
vt 0.973736 0.846407
vt 0.973875 0.870081
vt 0.973736 0.870082
vt 0.704982 0.941902
vt 0.770778 0.963268
vt 0.770639 0.963269
vt 0.709939 0.941902
vt 0.244578 0.980727
vt 0.246298 0.975909
vt 0.246298 0.980727
vt 0.975596 0.846406
vt 0.975596 0.870081
vt 0.974350 0.524595
vt 0.775595 0.939593
vt 0.974495 0.704551
vt 0.974495 0.704690
vt 0.974357 0.704688
vt 0.209100 0.976049
vt 0.208962 0.976047
vt 0.209100 0.975909
vt 0.972469 0.082785
vt 0.972470 0.082924
vt 0.972332 0.082922
vt 0.166143 0.975910
vt 0.166144 0.976049
vt 0.166006 0.976047
vt 0.745602 0.965482
vt 0.745464 0.965620
vt 0.745464 0.965481
vt 0.740647 0.965620
vt 0.740509 0.965482
vt 0.740646 0.965481
vt 0.974190 0.082923
vt 0.974190 0.082784
vt 0.974327 0.082922
vt 0.167864 0.975909
vt 0.168002 0.976047
vt 0.167865 0.976048
vt 0.209100 0.980866
vt 0.208962 0.980864
vt 0.974495 0.722858
vt 0.166144 0.980866
vt 0.166006 0.980865
vt 0.972470 0.101092
vt 0.972332 0.101091
vt 0.745464 0.947312
vt 0.740509 0.947313
vt 0.745464 0.947175
vt 0.740647 0.947312
vt 0.740647 0.947175
vt 0.976215 0.704551
vt 0.210820 0.975909
vt 0.210821 0.980866
vt 0.907829 0.085061
vt 0.903012 0.066892
vt 0.907829 0.066892
vt 0.976216 0.722858
vt 0.974190 0.101092
vt 0.167865 0.980866
vt 0.974570 0.275192
vt 0.974571 0.275442
vt 0.974322 0.275439
vt 0.972435 0.466373
vt 0.972436 0.466623
vt 0.972187 0.466621
vt 0.087020 0.961507
vt 0.087021 0.961757
vt 0.086772 0.961755
vt 0.845298 0.930684
vt 0.845051 0.930932
vt 0.845051 0.930683
vt 0.837012 0.930932
vt 0.836764 0.930684
vt 0.837012 0.930683
vt 0.974143 0.466623
vt 0.974142 0.466373
vt 0.974390 0.466620
vt 0.088727 0.961507
vt 0.088974 0.961755
vt 0.088728 0.961757
vt 0.599033 0.962625
vt 0.599282 0.970666
vt 0.599033 0.970663
vt 0.974571 0.296556
vt 0.087021 0.969796
vt 0.086772 0.969793
vt 0.972436 0.487737
vt 0.972187 0.487734
vt 0.845051 0.909568
vt 0.836764 0.909570
vt 0.845051 0.909322
vt 0.837012 0.909568
vt 0.837012 0.909322
vt 0.976277 0.275191
vt 0.599282 0.962628
vt 0.600989 0.970666
vt 0.301909 0.939416
vt 0.293871 0.918301
vt 0.301909 0.918301
vt 0.976278 0.296556
vt 0.974143 0.487737
vt 0.088728 0.969796
vt 0.896900 0.376763
vt 0.911352 0.398098
vt 0.896900 0.398098
vt 0.349656 0.975909
vt 0.350413 0.982991
vt 0.349656 0.982991
vt 0.351927 0.975909
vt 0.351170 0.982991
vt 0.351170 0.975909
vt 0.014478 0.997245
vt 0.015192 0.975909
vt 0.015192 0.997244
vt 0.128630 0.952348
vt 0.135310 0.931000
vt 0.135310 0.952335
vt 0.018762 0.997245
vt 0.019476 0.975909
vt 0.019476 0.997244
vt 0.327599 0.947554
vt 0.334281 0.926204
vt 0.334281 0.947539
vt 0.344356 0.975909
vt 0.345113 0.982991
vt 0.344356 0.982991
vt 0.348142 0.975909
vt 0.347385 0.982991
vt 0.347385 0.975909
vt 0.082728 0.997247
vt 0.083313 0.975909
vt 0.083313 0.997244
vt 0.178250 0.965669
vt 0.183717 0.944317
vt 0.183717 0.965652
vt 0.082143 0.997247
vt 0.082728 0.975909
vt 0.082728 0.997244
vt 0.203025 0.964294
vt 0.208496 0.942941
vt 0.208496 0.964276
vt 0.337787 0.965846
vt 0.337785 0.965985
vt 0.337647 0.965847
vt 0.972463 0.299004
vt 0.972602 0.299004
vt 0.972600 0.299142
vt 0.182110 0.981002
vt 0.181973 0.980865
vt 0.182111 0.980865
vt 0.181973 0.976047
vt 0.182110 0.975909
vt 0.182111 0.976047
vt 0.972602 0.275329
vt 0.972463 0.275329
vt 0.972600 0.275191
vt 0.293871 0.939554
vt 0.294008 0.939416
vt 0.294010 0.939553
vt 0.342604 0.965847
vt 0.342602 0.965985
vt 0.294008 0.963366
vt 0.298827 0.963228
vt 0.298826 0.963366
vt 0.974322 0.299004
vt 0.974321 0.299142
vt 0.183832 0.980865
vt 0.183831 0.975909
vt 0.973962 0.592101
vt 0.974101 0.615775
vt 0.973962 0.615776
vt 0.337647 0.942172
vt 0.294010 0.963228
vt 0.293871 0.963228
vt 0.342604 0.942172
vt 0.254901 0.980727
vt 0.256622 0.975909
vt 0.256622 0.980727
vt 0.975822 0.592100
vt 0.975822 0.615775
vt 0.974322 0.275329
vt 0.298827 0.939553
vt 0.342743 0.965846
vt 0.342741 0.965985
vt 0.342604 0.965847
vt 0.415667 0.977631
vt 0.415530 0.977768
vt 0.415530 0.977630
vt 0.416907 0.977768
vt 0.416769 0.977631
vt 0.416906 0.977630
vt 0.973159 0.169907
vt 0.973020 0.169907
vt 0.973157 0.169770
vt 0.097176 0.941053
vt 0.097314 0.940916
vt 0.097315 0.941052
vt 0.347560 0.965847
vt 0.347559 0.965985
vt 0.097314 0.964866
vt 0.102133 0.964728
vt 0.102131 0.964866
vt 0.415530 0.975910
vt 0.416769 0.975910
vt 0.413123 0.980727
vt 0.412986 0.975909
vt 0.413123 0.975909
vt 0.973666 0.944410
vt 0.973805 0.968085
vt 0.973666 0.968085
vt 0.342604 0.942172
vt 0.973159 0.193582
vt 0.973020 0.193582
vt 0.097315 0.964727
vt 0.097176 0.964728
vt 0.347560 0.942172
vt 0.249739 0.980727
vt 0.251460 0.975909
vt 0.251460 0.980727
vt 0.975526 0.944410
vt 0.975526 0.968085
vt 0.974879 0.169907
vt 0.974879 0.193582
vt 0.102133 0.941053
vt 0.974488 0.500508
vt 0.974488 0.500647
vt 0.974350 0.500645
vt 0.201664 0.976049
vt 0.201526 0.976047
vt 0.201663 0.975909
vt 0.973228 0.125007
vt 0.973229 0.125146
vt 0.973091 0.125145
vt 0.168139 0.975910
vt 0.168140 0.976049
vt 0.168002 0.976047
vt 0.221885 0.965663
vt 0.221747 0.965801
vt 0.221747 0.965662
vt 0.216929 0.965801
vt 0.216792 0.965663
vt 0.216929 0.965662
vt 0.974949 0.125146
vt 0.974949 0.125007
vt 0.975087 0.125145
vt 0.169860 0.975909
vt 0.169998 0.976047
vt 0.169861 0.976048
vt 0.201664 0.980866
vt 0.201526 0.980864
vt 0.974488 0.518815
vt 0.168140 0.980866
vt 0.168002 0.980865
vt 0.973229 0.143315
vt 0.973091 0.143313
vt 0.221747 0.947493
vt 0.216792 0.947494
vt 0.221747 0.947356
vt 0.216929 0.947493
vt 0.216929 0.947356
vt 0.976209 0.500508
vt 0.203384 0.975909
vt 0.203385 0.980866
vt 0.369306 0.966846
vt 0.364488 0.948677
vt 0.369306 0.948677
vt 0.976209 0.518815
vt 0.974949 0.143315
vt 0.169861 0.980866
vt 0.817687 0.954545
vt 0.817687 0.954795
vt 0.817439 0.954793
vt 0.374950 0.962315
vt 0.374701 0.962312
vt 0.374949 0.962064
vt 0.392812 0.960409
vt 0.392814 0.960659
vt 0.392565 0.960657
vt 0.149893 0.932679
vt 0.149645 0.932927
vt 0.149645 0.932678
vt 0.141607 0.932927
vt 0.141359 0.932679
vt 0.141607 0.932678
vt 0.418594 0.976082
vt 0.418417 0.976260
vt 0.418417 0.975909
vt 0.394519 0.960409
vt 0.394767 0.960657
vt 0.394521 0.960659
vt 0.374950 0.970353
vt 0.374701 0.970350
vt 0.817687 0.975909
vt 0.392814 0.968697
vt 0.392565 0.968695
vt 0.974322 0.406594
vt 0.974571 0.427710
vt 0.974322 0.427708
vt 0.149645 0.911563
vt 0.141359 0.911565
vt 0.149645 0.911317
vt 0.141607 0.911563
vt 0.141607 0.911317
vt 0.819393 0.954545
vt 0.376655 0.962064
vt 0.376657 0.970353
vt 0.727253 0.935254
vt 0.719215 0.914139
vt 0.727253 0.914139
vt 0.819394 0.975909
vt 0.974571 0.406597
vt 0.976278 0.427710
vt 0.394521 0.968697
vt 0.885985 0.719369
vt 0.900438 0.740704
vt 0.885985 0.740704
vt 0.353441 0.975909
vt 0.353441 0.982991
vt 0.355712 0.975909
vt 0.354955 0.982991
vt 0.354955 0.975909
vt 0.017334 0.997245
vt 0.018048 0.975909
vt 0.018048 0.997244
vt 0.083469 0.952904
vt 0.090148 0.931556
vt 0.090148 0.952891
vt 0.020190 0.997245
vt 0.020904 0.975909
vt 0.020904 0.997244
vt 0.233785 0.947774
vt 0.240467 0.926424
vt 0.240467 0.947759
vt 0.343599 0.975909
vt 0.344356 0.982991
vt 0.343599 0.982991
vt 0.349656 0.975909
vt 0.348899 0.982991
vt 0.348899 0.975909
vt 0.083313 0.997247
vt 0.083898 0.975909
vt 0.083898 0.997244
vt 0.165863 0.965669
vt 0.171330 0.944318
vt 0.171330 0.965653
vt 0.079216 0.997247
vt 0.079801 0.975909
vt 0.079801 0.997244
vt 0.647728 0.965416
vt 0.653199 0.944063
vt 0.653199 0.965398
vt 0.961595 0.238982
vt 0.959393 0.014620
vt 0.961595 0.014620
vt 0.961451 0.477115
vt 0.963653 0.252755
vt 0.963653 0.477115
vt 0.952648 0.014620
vt 0.954988 0.238972
vt 0.952648 0.238972
vt 0.928561 0.154329
vt 0.930901 0.378683
vt 0.928561 0.378683
vt 0.591328 0.457525
vt 0.599312 0.448716
vt 0.599312 0.457525
vt 0.592152 0.223079
vt 0.600961 0.207938
vt 0.600961 0.223079
vt 0.895029 0.082033
vt 0.903012 0.066892
vt 0.903012 0.082033
vt 0.583343 0.223079
vt 0.592152 0.207938
vt 0.592152 0.223079
vt 0.797935 0.223899
vt 0.805918 0.208758
vt 0.805918 0.223899
vt 0.907914 0.085510
vt 0.918238 0.074223
vt 0.918238 0.085510
vt 0.924622 -0.000000
vt 0.934945 0.011287
vt 0.924622 0.011287
vt 0.968806 0.000000
vt 0.971009 0.011286
vt 0.968806 0.011286
vt 0.943109 0.959899
vt 0.945311 0.970222
vt 0.943109 0.970222
vt 0.961451 0.477115
vt 0.963653 0.488401
vt 0.961451 0.488402
vt 0.893966 0.925161
vt 0.896169 0.935484
vt 0.893966 0.935484
vt 0.920296 0.401404
vt 0.914102 0.438499
vt 0.914102 0.401404
vt 0.920296 0.559695
vt 0.926490 0.522600
vt 0.926490 0.559695
vt 0.799131 0.949919
vt 0.792937 0.893485
vt 0.799131 0.893485
vt 0.418445 0.569908
vt 0.474880 0.606999
vt 0.418445 0.607002
vt 0.940261 0.105465
vt 0.946454 0.049031
vt 0.946454 0.105465
vt 0.327599 0.448716
vt 0.384034 0.485808
vt 0.327599 0.485810
vt 0.760357 0.135650
vt 0.766551 0.098555
vt 0.766551 0.135650
vt 0.799131 0.872151
vt 0.474880 0.569906
vt 0.496215 0.606999
vt 0.940261 0.049031
vt 0.946454 0.027696
vt 0.384034 0.448714
vt 0.405369 0.485808
vt 0.921223 0.787504
vt 0.927418 0.750409
vt 0.927418 0.787504
vt 0.792937 0.872150
vt 0.799131 0.859074
vt 0.496215 0.569905
vt 0.509291 0.606998
vt 0.940261 0.027696
vt 0.946454 0.014620
vt 0.405369 0.448713
vt 0.418445 0.485807
vt 0.920296 0.452952
vt 0.920296 0.438499
vt 0.920296 0.522600
vt 0.926490 0.508147
vt 0.418445 0.555456
vt 0.413623 0.951117
vt 0.419817 0.894684
vt 0.419817 0.951118
vt 0.384034 0.500260
vt 0.327599 0.500262
vt 0.941139 0.014453
vt 0.934945 0.000000
vt 0.941139 0.000000
vt 0.921223 0.750409
vt 0.927418 0.735956
vt 0.496215 0.555453
vt 0.509291 0.569904
vt 0.042257 0.962211
vt 0.048451 0.949135
vt 0.048451 0.962211
vt 0.418445 0.500259
vt 0.405369 0.500260
vt 0.920296 0.503399
vt 0.914102 0.452952
vt 0.920296 0.508147
vt 0.926490 0.457700
vt 0.418445 0.505011
vt 0.474880 0.555454
vt 0.940260 0.196311
vt 0.946454 0.139877
vt 0.946454 0.196311
vt 0.384034 0.550706
vt 0.327599 0.550708
vt 0.048176 0.785543
vt 0.054370 0.735097
vt 0.054370 0.785543
vt 0.141359 0.954262
vt 0.147553 0.932928
vt 0.147553 0.954262
vt 0.474880 0.505009
vt 0.940261 0.139876
vt 0.946454 0.118542
vt 0.405369 0.550705
vt 0.921223 0.735956
vt 0.927418 0.685509
vt 0.496215 0.505008
vt 0.509291 0.555452
vt 0.940261 0.118542
vt 0.946454 0.105466
vt 0.418445 0.550705
vt 0.920296 0.517852
vt 0.914102 0.503399
vt 0.920296 0.457700
vt 0.926490 0.443248
vt 0.418445 0.490559
vt 0.419817 0.951117
vt 0.426011 0.894684
vt 0.426011 0.951118
vt 0.384034 0.565158
vt 0.327599 0.565160
vt 0.006194 0.962215
vt 0.000000 0.947762
vt 0.006194 0.947762
vt 0.921223 0.685509
vt 0.927418 0.671057
vt 0.496215 0.490556
vt 0.509291 0.505007
vt 0.030695 0.962211
vt 0.036889 0.949135
vt 0.036889 0.962212
vt 0.418445 0.565157
vt 0.405369 0.565157
vt 0.920296 0.559696
vt 0.914102 0.517852
vt 0.920296 0.401404
vt 0.926490 0.401404
vt 0.418445 0.448717
vt 0.474880 0.490557
vt 0.786743 0.949919
vt 0.792937 0.893485
vt 0.792937 0.949920
vt 0.384034 0.607001
vt 0.327599 0.607002
vt 0.928008 0.400025
vt 0.921814 0.358181
vt 0.928008 0.358181
vt 0.074935 0.954267
vt 0.081128 0.932933
vt 0.081128 0.954268
vt 0.496215 0.448714
vt 0.786743 0.893485
vt 0.792937 0.872151
vt 0.405369 0.607000
vt 0.921223 0.671057
vt 0.927418 0.629213
vt 0.509291 0.490555
vt 0.786743 0.872150
vt 0.792937 0.859074
vt 0.418445 0.606999
vt 0.463174 0.949742
vt 0.469368 0.894683
vt 0.469368 0.949742
vt 0.611287 0.895887
vt 0.617481 0.950945
vt 0.611287 0.950945
vt 0.841845 0.400715
vt 0.896900 0.309874
vt 0.896900 0.400719
vt 0.939392 0.720059
vt 0.945586 0.629213
vt 0.945586 0.720059
vt 0.698788 0.878349
vt 0.753844 0.787507
vt 0.753844 0.878352
vt 0.938465 0.492250
vt 0.944659 0.401404
vt 0.944659 0.492250
vt 0.456980 0.949742
vt 0.463174 0.894683
vt 0.463174 0.949742
vt 0.636063 0.895887
vt 0.642257 0.950945
vt 0.636063 0.950945
vt 0.327599 0.898809
vt 0.382654 0.807968
vt 0.382654 0.898813
vt 0.939806 0.861139
vt 0.945999 0.770293
vt 0.945999 0.861139
vt 0.000000 0.878936
vt 0.055056 0.788094
vt 0.055056 0.878939
vt 0.938465 0.583096
vt 0.944659 0.492250
vt 0.944659 0.583096
vt 0.914102 0.559696
vt 0.907908 0.401404
vt 0.914102 0.401404
vt 0.915619 0.376763
vt 0.921814 0.218472
vt 0.921813 0.376763
vt 0.944659 0.492249
vt 0.950853 0.401404
vt 0.950853 0.492249
vt 0.068823 0.412959
vt 0.159669 0.571240
vt 0.068823 0.571244
vt 0.943289 0.340837
vt 0.949482 0.249992
vt 0.949482 0.340837
vt 0.159669 0.412958
vt 0.250515 0.571242
vt 0.159669 0.571245
vt 0.771645 0.382648
vt 0.716586 0.224356
vt 0.771645 0.224356
vt 0.698788 0.787504
vt 0.753847 0.629213
vt 0.753847 0.787504
vt 0.954439 0.336708
vt 0.956366 0.391763
vt 0.954439 0.391763
vt 0.066896 0.412959
vt 0.066896 0.571244
vt 0.887596 0.161312
vt 0.889523 0.216367
vt 0.887596 0.216367
vt 0.696861 0.727768
vt 0.698788 0.886054
vt 0.696861 0.886054
vt 0.638537 0.629123
vt 0.671989 0.459910
vt 0.671989 0.629213
vt 0.605093 0.629213
vt 0.638537 0.459821
vt 0.963653 0.591347
vt 0.965856 0.422051
vt 0.965856 0.591347
vt 0.640459 0.000000
vt 0.607020 0.169357
vt 0.607020 0.000052
vt 0.673916 0.000052
vt 0.640459 0.169304
vt 0.961141 0.770293
vt 0.958938 0.939591
vt 0.958938 0.770293
vt 0.904703 0.808973
vt 0.919018 0.775526
vt 0.921220 0.775526
vt 0.904703 0.742081
vt 0.899102 0.309870
vt 0.913417 0.343316
vt 0.896900 0.309870
vt 0.899102 0.376763
vt 0.915619 0.343316
vt 0.770639 0.859074
vt 0.786743 0.886601
vt 0.770639 0.914130
vt 0.907908 0.559696
vt 0.924012 0.587223
vt 0.907908 0.614751
vt 0.605093 0.892769
vt 0.601927 0.723465
vt 0.605093 0.723465
vt 0.055884 0.904399
vt 0.059050 0.735097
vt 0.059050 0.904399
vt 0.298713 0.975910
vt 0.300915 0.979075
vt 0.298713 0.979075
vt 0.963653 0.252755
vt 0.965856 0.422051
vt 0.963653 0.422051
vt 0.276690 0.975909
vt 0.278892 0.979075
vt 0.276690 0.979075
vt 0.961595 0.014620
vt 0.963798 0.183918
vt 0.961595 0.183918
vt 0.973020 0.169632
vt 0.973159 0.169631
vt 0.973157 0.169770
vt 0.187687 0.981002
vt 0.187550 0.980865
vt 0.187688 0.980865
vt 0.187550 0.976047
vt 0.187687 0.975909
vt 0.187688 0.976047
vt 0.973159 0.145956
vt 0.973020 0.145957
vt 0.973157 0.145819
vt 0.541914 0.942462
vt 0.542052 0.942325
vt 0.542053 0.942461
vt 0.189408 0.980865
vt 0.189408 0.975909
vt 0.973033 0.643249
vt 0.973172 0.666923
vt 0.973033 0.666924
vt 0.350036 0.942861
vt 0.350175 0.966535
vt 0.350036 0.966535
vt 0.542053 0.966136
vt 0.541914 0.966137
vt 0.354992 0.942860
vt 0.354992 0.966535
vt 0.974892 0.643248
vt 0.974892 0.666923
vt 0.974879 0.145956
vt 0.974879 0.169631
vt 0.546871 0.942462
vt 0.546871 0.966136
vt 0.537097 0.965999
vt 0.537095 0.966138
vt 0.536958 0.966000
vt 0.972463 0.346905
vt 0.972602 0.346904
vt 0.972600 0.347042
vt 0.415254 0.977631
vt 0.415117 0.977768
vt 0.415117 0.977630
vt 0.416631 0.977768
vt 0.416494 0.977631
vt 0.416631 0.977630
vt 0.972602 0.323229
vt 0.972463 0.323230
vt 0.972600 0.323092
vt 0.698788 0.942494
vt 0.698926 0.942356
vt 0.698927 0.942493
vt 0.974322 0.346904
vt 0.974321 0.347043
vt 0.415117 0.975909
vt 0.416494 0.975910
vt 0.412712 0.980727
vt 0.412575 0.975909
vt 0.412712 0.975909
vt 0.973033 0.666924
vt 0.973172 0.690599
vt 0.973033 0.690599
vt 0.536958 0.942325
vt 0.698927 0.966168
vt 0.698788 0.966169
vt 0.541914 0.942325
vt 0.541914 0.966000
vt 0.974892 0.666924
vt 0.974892 0.690599
vt 0.974322 0.323229
vt 0.703744 0.942493
vt 0.703744 0.966168
vt 0.974488 0.518815
vt 0.974488 0.518954
vt 0.974350 0.518953
vt 0.203523 0.976049
vt 0.203385 0.976047
vt 0.203522 0.975909
vt 0.147694 0.766010
vt 0.147695 0.766149
vt 0.147557 0.766148
vt 0.170135 0.975909
vt 0.170136 0.976049
vt 0.169998 0.976047
vt 0.332692 0.965860
vt 0.332554 0.965998
vt 0.332554 0.965860
vt 0.327737 0.965998
vt 0.327599 0.965860
vt 0.327737 0.965860
vt 0.149416 0.766149
vt 0.149415 0.766010
vt 0.149553 0.766148
vt 0.171856 0.975909
vt 0.171993 0.976047
vt 0.171857 0.976048
vt 0.203523 0.980866
vt 0.203385 0.980864
vt 0.974488 0.537123
vt 0.170136 0.980866
vt 0.169998 0.980865
vt 0.147695 0.784318
vt 0.147557 0.784316
vt 0.332554 0.947691
vt 0.327599 0.947691
vt 0.332554 0.947554
vt 0.327737 0.947691
vt 0.327737 0.947554
vt 0.976209 0.518815
vt 0.205243 0.975909
vt 0.205244 0.980866
vt 0.950817 0.966025
vt 0.946000 0.947856
vt 0.950817 0.947856
vt 0.976209 0.537123
vt 0.149416 0.784318
vt 0.171857 0.980866
vt 0.845546 0.909322
vt 0.845547 0.909572
vt 0.845299 0.909570
vt 0.139267 0.909390
vt 0.139268 0.909641
vt 0.139019 0.909638
vt 0.052002 0.961523
vt 0.052003 0.961773
vt 0.051754 0.961771
vt 0.828230 0.930684
vt 0.827982 0.930932
vt 0.827982 0.930683
vt 0.819944 0.930932
vt 0.819696 0.930684
vt 0.819944 0.930683
vt 0.140975 0.909640
vt 0.140974 0.909390
vt 0.141222 0.909638
vt 0.053709 0.961523
vt 0.053956 0.961770
vt 0.053710 0.961773
vt 0.592839 0.962626
vt 0.593089 0.970667
vt 0.592839 0.970664
vt 0.845547 0.930686
vt 0.052003 0.969811
vt 0.051754 0.969809
vt 0.139268 0.930754
vt 0.139019 0.930752
vt 0.827982 0.909568
vt 0.819696 0.909570
vt 0.827982 0.909322
vt 0.819944 0.909568
vt 0.819944 0.909322
vt 0.847253 0.909322
vt 0.593089 0.962629
vt 0.594795 0.970667
vt 0.870583 0.217953
vt 0.862545 0.196838
vt 0.870583 0.196838
vt 0.847254 0.930686
vt 0.140975 0.930754
vt 0.053710 0.969811
vt 0.857081 0.719369
vt 0.871533 0.740704
vt 0.857081 0.740704
vt 0.339814 0.982991
vt 0.340571 0.975909
vt 0.341328 0.975909
vt 0.342085 0.982991
vt 0.341328 0.982991
vt 0.015906 0.997245
vt 0.016620 0.975909
vt 0.016620 0.997244
vt 0.839736 0.952280
vt 0.846415 0.930932
vt 0.846415 0.952267
vt 0.020904 0.997245
vt 0.021617 0.975909
vt 0.021617 0.997244
vt 0.802022 0.950217
vt 0.808704 0.928868
vt 0.808704 0.950202
vt 0.345870 0.982991
vt 0.346627 0.975909
vt 0.346627 0.982991
vt 0.348142 0.975909
vt 0.348899 0.982991
vt 0.348142 0.982991
vt 0.083898 0.997247
vt 0.084483 0.975909
vt 0.084483 0.997244
vt 0.196831 0.965669
vt 0.202299 0.944317
vt 0.202299 0.965652
vt 0.080972 0.997247
vt 0.081557 0.975909
vt 0.081557 0.997244
vt 0.653199 0.965416
vt 0.658671 0.944063
vt 0.658671 0.965398
vt 0.523472 0.966000
vt 0.523471 0.966138
vt 0.523333 0.966000
vt 0.972498 0.728363
vt 0.972637 0.728363
vt 0.972635 0.728501
vt 0.183969 0.981002
vt 0.183832 0.980865
vt 0.183970 0.980865
vt 0.183832 0.976047
vt 0.183969 0.975909
vt 0.183970 0.976047
vt 0.972637 0.704688
vt 0.972498 0.704688
vt 0.972635 0.704551
vt 0.551827 0.942462
vt 0.551965 0.942325
vt 0.551966 0.942461
vt 0.974357 0.728363
vt 0.974356 0.728501
vt 0.185690 0.975909
vt 0.973091 0.101332
vt 0.973230 0.125007
vt 0.973091 0.125007
vt 0.523333 0.942326
vt 0.551966 0.966136
vt 0.551827 0.966137
vt 0.528289 0.942325
vt 0.528289 0.966000
vt 0.974950 0.101332
vt 0.974950 0.125007
vt 0.974357 0.704688
vt 0.556784 0.942462
vt 0.556784 0.966136
vt 0.528429 0.966000
vt 0.528427 0.966138
vt 0.528289 0.966000
vt 0.972463 0.322954
vt 0.972602 0.322954
vt 0.972600 0.323092
vt 0.416356 0.977631
vt 0.416218 0.977768
vt 0.416218 0.977630
vt 0.416769 0.977768
vt 0.416631 0.977631
vt 0.416769 0.977630
vt 0.972602 0.299279
vt 0.972463 0.299279
vt 0.972600 0.299142
vt 0.546871 0.942462
vt 0.547008 0.942325
vt 0.547010 0.942461
vt 0.974322 0.322954
vt 0.974321 0.323092
vt 0.416218 0.975909
vt 0.416631 0.975910
vt 0.412849 0.980727
vt 0.412712 0.975909
vt 0.412849 0.975909
vt 0.973020 0.193583
vt 0.973159 0.217257
vt 0.973020 0.217258
vt 0.528289 0.942326
vt 0.547010 0.966136
vt 0.546871 0.966137
vt 0.533246 0.942325
vt 0.533246 0.966000
vt 0.974879 0.193582
vt 0.974879 0.217257
vt 0.974322 0.299279
vt 0.551827 0.942462
vt 0.551827 0.966137
vt 0.974488 0.537123
vt 0.974488 0.537262
vt 0.974350 0.537260
vt 0.199805 0.976049
vt 0.199667 0.976047
vt 0.199804 0.975909
vt 0.842120 0.610201
vt 0.842121 0.610340
vt 0.841983 0.610338
vt 0.172131 0.975909
vt 0.172132 0.976049
vt 0.171993 0.976047
vt 0.751796 0.965482
vt 0.751658 0.965620
vt 0.751658 0.965481
vt 0.746841 0.965620
vt 0.746703 0.965482
vt 0.746841 0.965481
vt 0.843841 0.610340
vt 0.843841 0.610201
vt 0.843978 0.610338
vt 0.173852 0.975909
vt 0.173989 0.976047
vt 0.173852 0.976048
vt 0.199805 0.980866
vt 0.199667 0.980864
vt 0.974488 0.555430
vt 0.172132 0.980866
vt 0.171993 0.980864
vt 0.842121 0.628508
vt 0.841983 0.628507
vt 0.751658 0.947312
vt 0.746703 0.947313
vt 0.751658 0.947176
vt 0.746841 0.947312
vt 0.746841 0.947176
vt 0.976209 0.537123
vt 0.201525 0.975909
vt 0.201526 0.980866
vt 0.925554 0.966731
vt 0.920736 0.948562
vt 0.925554 0.948562
vt 0.976209 0.555430
vt 0.843841 0.628508
vt 0.173852 0.980866
vt 0.974570 0.296556
vt 0.974571 0.296806
vt 0.974322 0.296803
vt 0.045810 0.962462
vt 0.045560 0.962459
vt 0.045808 0.962211
vt 0.928809 0.378683
vt 0.928810 0.378933
vt 0.928561 0.378931
vt 0.724640 0.961820
vt 0.724642 0.962070
vt 0.724393 0.962068
vt 0.836764 0.930685
vt 0.836517 0.930932
vt 0.836517 0.930683
vt 0.828478 0.930932
vt 0.828230 0.930685
vt 0.828478 0.930683
vt 0.930516 0.378933
vt 0.930516 0.378683
vt 0.930763 0.378931
vt 0.726347 0.961820
vt 0.726595 0.962068
vt 0.726349 0.962070
vt 0.045810 0.970500
vt 0.045560 0.970497
vt 0.974571 0.317920
vt 0.724642 0.970108
vt 0.724393 0.970106
vt 0.928810 0.400047
vt 0.928561 0.400044
vt 0.836517 0.909569
vt 0.828230 0.909570
vt 0.836517 0.909322
vt 0.828478 0.909569
vt 0.828478 0.909322
vt 0.976277 0.296556
vt 0.047515 0.962211
vt 0.047516 0.970499
vt 0.719215 0.935254
vt 0.711176 0.914139
vt 0.719215 0.914139
vt 0.976278 0.317920
vt 0.930516 0.400047
vt 0.726349 0.970108
vt 0.342085 0.982991
vt 0.342842 0.975909
vt 0.342842 0.982991
vt 0.342842 0.975909
vt 0.343599 0.982991
vt 0.342842 0.982991
vt 0.016620 0.997245
vt 0.017334 0.975909
vt 0.017334 0.997244
vt 0.121951 0.952348
vt 0.128630 0.931000
vt 0.128630 0.952335
vt 0.021617 0.997245
vt 0.022331 0.975909
vt 0.022331 0.997244
vt 0.920736 0.948562
vt 0.927418 0.927213
vt 0.927418 0.948548
vt 0.345113 0.982991
vt 0.345870 0.975909
vt 0.345870 0.982991
vt 0.352684 0.982991
vt 0.351927 0.982991
vt 0.085067 0.997247
vt 0.085652 0.975909
vt 0.085652 0.997244
vt 0.184444 0.965669
vt 0.189911 0.944317
vt 0.189911 0.965652
vt 0.081557 0.997247
vt 0.082142 0.975909
vt 0.082142 0.997244
vt 0.159669 0.965670
vt 0.165140 0.944317
vt 0.165140 0.965652
vt 0.115758 0.954680
vt 0.120575 0.883793
vt 0.120575 0.954680
vt 0.312590 0.851409
vt 0.324978 0.922292
vt 0.312590 0.922293
vt 0.477626 0.962130
vt 0.482443 0.949742
vt 0.482443 0.962130
vt 0.909619 0.000001
vt 0.922007 0.070884
vt 0.909619 0.070885
vt 0.463174 0.962130
vt 0.467991 0.949742
vt 0.467991 0.962130
vt 0.260407 0.975909
vt 0.260408 0.976257
vt 0.260063 0.976254
vt 0.120922 0.884141
vt 0.120575 0.884137
vt 0.120920 0.883793
vt 0.160707 0.975909
vt 0.160708 0.976257
vt 0.160362 0.976254
vt 0.971712 0.145819
vt 0.971714 0.146167
vt 0.971368 0.146163
vt 0.765106 0.454913
vt 0.764762 0.454569
vt 0.765108 0.454569
vt 0.764762 0.382993
vt 0.765106 0.382648
vt 0.765108 0.382992
vt 0.161671 0.976257
vt 0.161670 0.975909
vt 0.162014 0.976253
vt 0.972676 0.145819
vt 0.973020 0.146163
vt 0.972677 0.146167
vt 0.120922 0.955712
vt 0.120575 0.955708
vt 0.260408 0.982175
vt 0.971714 0.217739
vt 0.971368 0.217736
vt 0.160708 0.982175
vt 0.160362 0.982172
vt 0.771026 0.454569
vt 0.771025 0.382648
vt 0.771369 0.454569
vt 0.771026 0.382993
vt 0.771369 0.382993
vt 0.261370 0.975909
vt 0.121883 0.883793
vt 0.121885 0.955712
vt 0.024776 0.950515
vt 0.030695 0.878939
vt 0.030695 0.950515
vt 0.261372 0.982175
vt 0.161671 0.982175
vt 0.972677 0.217739
vt 0.567927 0.940260
vt 0.572744 0.896902
vt 0.572744 0.940260
vt 0.229869 0.651902
vt 0.242257 0.695257
vt 0.229869 0.695258
vt 0.472809 0.962130
vt 0.477626 0.949742
vt 0.477626 0.962130
vt 0.657946 0.169357
vt 0.670334 0.212713
vt 0.657946 0.212714
vt 0.048451 0.961523
vt 0.053268 0.949135
vt 0.053268 0.961523
vt 0.263025 0.975909
vt 0.263026 0.976257
vt 0.262681 0.976254
vt 0.054716 0.735445
vt 0.054370 0.735441
vt 0.054714 0.735097
vt 0.972359 0.920734
vt 0.972361 0.921082
vt 0.972015 0.921079
vt 0.902848 0.740840
vt 0.902504 0.740496
vt 0.902850 0.740496
vt 0.902504 0.696449
vt 0.902848 0.696105
vt 0.902850 0.696449
vt 0.973322 0.920734
vt 0.973666 0.921078
vt 0.973324 0.921082
vt 0.054716 0.779489
vt 0.054370 0.779485
vt 0.263026 0.982175
vt 0.972361 0.965127
vt 0.972015 0.965123
vt 0.268082 0.975909
vt 0.268427 0.981831
vt 0.268082 0.981828
vt 0.908769 0.740496
vt 0.908767 0.696105
vt 0.909111 0.740496
vt 0.908769 0.696449
vt 0.909111 0.696449
vt 0.263988 0.975909
vt 0.055678 0.735097
vt 0.055680 0.779489
vt 0.350035 0.942860
vt 0.355954 0.898813
vt 0.355954 0.942860
vt 0.263989 0.982175
vt 0.268427 0.975913
vt 0.269391 0.981831
vt 0.973324 0.965127
vt 0.150722 0.835523
vt 0.155540 0.684112
vt 0.155540 0.835523
vt 0.505162 0.607003
vt 0.517550 0.758403
vt 0.505162 0.758404
vt 0.467991 0.962130
vt 0.472808 0.949742
vt 0.472808 0.962130
vt 0.509291 0.448714
vt 0.521679 0.600116
vt 0.509291 0.600117
vt 0.036889 0.961523
vt 0.041706 0.949135
vt 0.041706 0.961523
vt 0.261716 0.975909
vt 0.261717 0.976257
vt 0.261372 0.976254
vt 0.893721 0.066892
vt 0.893723 0.067240
vt 0.893377 0.067236
vt 0.059394 0.887884
vt 0.059050 0.887540
vt 0.059396 0.887540
vt 0.894684 0.066892
vt 0.895029 0.067236
vt 0.894686 0.067240
vt 0.158359 0.813556
vt 0.158705 0.965649
vt 0.158359 0.965646
vt 0.261717 0.982175
vt 0.893723 0.219331
vt 0.893377 0.219327
vt 0.266773 0.975909
vt 0.267118 0.981831
vt 0.266773 0.981828
vt 0.065314 0.887540
vt 0.059050 0.735441
vt 0.065313 0.735097
vt 0.059396 0.735441
vt 0.059394 0.735097
vt 0.065657 0.887540
vt 0.065314 0.735441
vt 0.065657 0.735441
vt 0.262679 0.975909
vt 0.158705 0.813560
vt 0.159669 0.965649
vt 0.907914 0.306428
vt 0.913833 0.154329
vt 0.913833 0.306428
vt 0.262681 0.982175
vt 0.267118 0.975913
vt 0.268082 0.981831
vt 0.894686 0.219331
vt 0.876342 0.938224
vt 0.876689 0.938223
vt 0.876686 0.938569
vt 0.603098 0.187978
vt 0.603094 0.188324
vt 0.602750 0.187980
vt 0.930901 0.400026
vt 0.931248 0.400024
vt 0.931245 0.400370
vt 0.092278 0.946424
vt 0.092626 0.946422
vt 0.092622 0.946768
vt 0.606815 0.187978
vt 0.606811 0.188324
vt 0.882057 0.938223
vt 0.096342 0.946422
vt 0.096338 0.946768
vt 0.936616 0.400024
vt 0.936613 0.400370
vt 0.876342 0.901060
vt 0.602750 0.150816
vt 0.930901 0.362861
vt 0.092278 0.909260
vt 0.606815 0.150814
vt 0.643466 0.222902
vt 0.639749 0.217534
vt 0.643466 0.217534
vt 0.882057 0.901059
vt 0.936616 0.362860
vt 0.096342 0.909258
vt 0.033043 0.975909
vt 0.033044 0.976187
vt 0.032767 0.976185
vt 0.125400 0.976188
vt 0.125123 0.976185
vt 0.125399 0.975910
vt 0.966275 0.138495
vt 0.966276 0.138773
vt 0.966000 0.138771
vt 0.060772 0.975909
vt 0.060774 0.976188
vt 0.060497 0.976185
vt 0.728837 0.458766
vt 0.728561 0.459041
vt 0.728561 0.458764
vt 0.723055 0.459041
vt 0.722780 0.458766
vt 0.723055 0.458764
vt 0.967928 0.138773
vt 0.967927 0.138495
vt 0.968202 0.138770
vt 0.062424 0.975909
vt 0.062699 0.976185
vt 0.062425 0.976187
vt 0.125400 0.981693
vt 0.125123 0.981690
vt 0.033044 0.983207
vt 0.060774 0.981693
vt 0.060497 0.981690
vt 0.966276 0.145793
vt 0.966000 0.145790
vt 0.728561 0.451744
vt 0.722780 0.451746
vt 0.728561 0.451471
vt 0.723055 0.451744
vt 0.723055 0.451471
vt 0.034694 0.975909
vt 0.127050 0.975909
vt 0.127052 0.981693
vt 0.673775 0.224000
vt 0.668269 0.216981
vt 0.673775 0.216981
vt 0.034695 0.983207
vt 0.967928 0.145793
vt 0.062425 0.981693
vt 0.882058 0.938224
vt 0.882405 0.938223
vt 0.882402 0.938568
vt 0.840262 0.609854
vt 0.840258 0.610200
vt 0.839914 0.609856
vt 0.225326 0.937433
vt 0.225673 0.937432
vt 0.225670 0.937777
vt 0.487950 0.931849
vt 0.488298 0.931847
vt 0.488294 0.932193
vt 0.843978 0.609854
vt 0.843975 0.610201
vt 0.887773 0.938223
vt 0.492014 0.931847
vt 0.492011 0.932194
vt 0.231041 0.937432
vt 0.231038 0.937778
vt 0.882058 0.901060
vt 0.839914 0.572693
vt 0.225326 0.900269
vt 0.487950 0.894685
vt 0.843978 0.572691
vt 0.639749 0.222902
vt 0.636033 0.217534
vt 0.639749 0.217534
vt 0.887773 0.901059
vt 0.231041 0.900268
vt 0.492014 0.894684
vt 0.034971 0.975909
vt 0.034972 0.976187
vt 0.034695 0.976185
vt 0.127329 0.976188
vt 0.127052 0.976185
vt 0.127327 0.975910
vt 0.015967 0.962215
vt 0.015968 0.962493
vt 0.015691 0.962490
vt 0.058570 0.975909
vt 0.058571 0.976188
vt 0.058295 0.976185
vt 0.734893 0.458766
vt 0.734618 0.459041
vt 0.734618 0.458764
vt 0.729112 0.459041
vt 0.728837 0.458766
vt 0.729112 0.458764
vt 0.017620 0.962493
vt 0.017619 0.962215
vt 0.017894 0.962490
vt 0.060222 0.975909
vt 0.060497 0.976185
vt 0.060223 0.976188
vt 0.127329 0.981693
vt 0.127052 0.981690
vt 0.034972 0.983207
vt 0.058571 0.981693
vt 0.058295 0.981690
vt 0.015968 0.969513
vt 0.015691 0.969510
vt 0.734618 0.451744
vt 0.728837 0.451746
vt 0.734618 0.451471
vt 0.729112 0.451744
vt 0.729112 0.451471
vt 0.036622 0.975909
vt 0.128979 0.975909
vt 0.128981 0.981693
vt 0.740399 0.458490
vt 0.734893 0.451471
vt 0.740399 0.451471
vt 0.036623 0.983207
vt 0.017620 0.969512
vt 0.060223 0.981693
vt 0.790391 0.961967
vt 0.790392 0.962314
vt 0.790047 0.962311
vt 0.873532 0.922604
vt 0.873185 0.922601
vt 0.873530 0.922257
vt 0.629533 0.217534
vt 0.629534 0.217881
vt 0.629189 0.217878
vt 0.670678 0.169357
vt 0.670680 0.169704
vt 0.670334 0.169701
vt 0.203369 0.942941
vt 0.203025 0.942597
vt 0.203371 0.942597
vt 0.203025 0.896486
vt 0.203369 0.896142
vt 0.203371 0.896486
vt 0.632012 0.217881
vt 0.632011 0.217533
vt 0.632355 0.217877
vt 0.673156 0.169357
vt 0.673500 0.169701
vt 0.673157 0.169704
vt 0.873532 0.968713
vt 0.873185 0.968709
vt 0.790392 0.967820
vt 0.670680 0.215813
vt 0.670334 0.215810
vt 0.629534 0.223387
vt 0.629189 0.223383
vt 0.208877 0.942597
vt 0.208875 0.896142
vt 0.209219 0.942597
vt 0.208877 0.896486
vt 0.209219 0.896486
vt 0.792869 0.961967
vt 0.876007 0.922256
vt 0.876009 0.968713
vt 0.938465 0.629208
vt 0.943971 0.583096
vt 0.943971 0.629208
vt 0.792870 0.967820
vt 0.632012 0.223387
vt 0.673157 0.215813
vt 0.250378 0.630574
vt 0.249276 0.605797
vt 0.250378 0.605797
vt 0.065657 0.690366
vt 0.066758 0.670407
vt 0.066758 0.690366
vt 0.691948 0.599531
vt 0.711906 0.624305
vt 0.691948 0.624306
vt 0.249276 0.672493
vt 0.250378 0.652534
vt 0.250378 0.672493
vt 0.671989 0.599531
vt 0.691948 0.624305
vt 0.671989 0.624306
vt 0.250033 0.630574
vt 0.250036 0.631338
vt 0.249276 0.631331
vt 0.057882 0.976675
vt 0.057120 0.976666
vt 0.057877 0.975909
vt 0.974948 0.035984
vt 0.974951 0.036749
vt 0.974191 0.036741
vt 0.969923 0.239415
vt 0.969927 0.240180
vt 0.969166 0.240172
vt 0.317273 0.632008
vt 0.316516 0.632765
vt 0.316516 0.632004
vt 0.306331 0.632765
vt 0.305573 0.632008
vt 0.306330 0.632004
vt 0.975364 0.036749
vt 0.975361 0.035984
vt 0.976118 0.036741
vt 0.970336 0.239415
vt 0.971093 0.240172
vt 0.970340 0.240180
vt 0.057882 0.986860
vt 0.057120 0.986852
vt 0.250036 0.652534
vt 0.969927 0.250365
vt 0.969166 0.250357
vt 0.974951 0.057945
vt 0.974191 0.057938
vt 0.316516 0.610807
vt 0.305573 0.610811
vt 0.316516 0.610054
vt 0.306330 0.610807
vt 0.306331 0.610054
vt 0.250446 0.630574
vt 0.058290 0.975909
vt 0.058295 0.986860
vt 0.876342 0.922256
vt 0.866156 0.901059
vt 0.876342 0.901059
vt 0.250449 0.652534
vt 0.975364 0.057945
vt 0.970340 0.250365
vt 0.313789 0.979902
vt 0.314136 0.979901
vt 0.314133 0.980247
vt 0.787090 0.950268
vt 0.786744 0.950264
vt 0.787088 0.949920
vt 0.269391 0.980245
vt 0.269738 0.980244
vt 0.269735 0.980589
vt 0.371742 0.950017
vt 0.371743 0.950365
vt 0.371397 0.950361
vt 0.919638 0.876417
vt 0.919293 0.876073
vt 0.919639 0.876073
vt 0.919293 0.864373
vt 0.919638 0.864029
vt 0.919639 0.864373
vt 0.269738 0.976252
vt 0.269391 0.976253
vt 0.269735 0.975909
vt 0.418417 0.976257
vt 0.418075 0.975911
vt 0.418417 0.975909
vt 0.787090 0.961967
vt 0.786744 0.961963
vt 0.315375 0.979901
vt 0.371743 0.962064
vt 0.371397 0.962061
vt 0.270977 0.980244
vt 0.270973 0.980589
vt 0.920878 0.876073
vt 0.920876 0.864029
vt 0.921220 0.876073
vt 0.920878 0.864373
vt 0.921220 0.864373
vt 0.313789 0.975911
vt 0.791079 0.949920
vt 0.791081 0.961967
vt 0.028707 0.987609
vt 0.029945 0.975909
vt 0.029945 0.987609
vt 0.315375 0.975909
vt 0.270977 0.976252
vt 0.375735 0.962064
vt 0.315375 0.979902
vt 0.315722 0.979901
vt 0.315719 0.980246
vt 0.793283 0.950268
vt 0.792937 0.950264
vt 0.793281 0.949920
vt 0.270977 0.980245
vt 0.271325 0.980244
vt 0.271321 0.980589
vt 0.482787 0.949742
vt 0.482789 0.950090
vt 0.482443 0.950086
vt 0.090492 0.943944
vt 0.090148 0.943600
vt 0.090494 0.943600
vt 0.090148 0.931900
vt 0.090492 0.931556
vt 0.090494 0.931900
vt 0.271325 0.976252
vt 0.270977 0.976253
vt 0.271321 0.975909
vt 0.486779 0.949742
vt 0.487123 0.950086
vt 0.486781 0.950090
vt 0.793283 0.961967
vt 0.792937 0.961963
vt 0.316961 0.979901
vt 0.482789 0.961789
vt 0.482443 0.961786
vt 0.272563 0.980244
vt 0.272560 0.980589
vt 0.091733 0.943600
vt 0.091731 0.931556
vt 0.092075 0.943600
vt 0.091733 0.931900
vt 0.092075 0.931900
vt 0.797273 0.949919
vt 0.797275 0.961967
vt 0.027468 0.987609
vt 0.028707 0.975909
vt 0.028707 0.987609
vt 0.316961 0.975909
vt 0.272563 0.976252
vt 0.486781 0.961789
vt 0.505497 0.945744
vt 0.505498 0.946091
vt 0.505153 0.946088
vt 0.312550 0.979901
vt 0.312546 0.980247
vt 0.312202 0.979903
vt 0.852811 0.941669
vt 0.852813 0.942016
vt 0.852467 0.942013
vt 0.272563 0.980245
vt 0.272911 0.980243
vt 0.272907 0.980589
vt 0.091177 0.975272
vt 0.090833 0.975616
vt 0.090833 0.975270
vt 0.089594 0.975616
vt 0.089250 0.975272
vt 0.089594 0.975270
vt 0.418075 0.975909
vt 0.418073 0.976257
vt 0.417732 0.975909
vt 0.272563 0.976254
vt 0.272907 0.975909
vt 0.272911 0.976252
vt 0.313789 0.979901
vt 0.313785 0.980247
vt 0.505498 0.968113
vt 0.274150 0.980243
vt 0.274146 0.980589
vt 0.852813 0.964038
vt 0.852467 0.964035
vt 0.090833 0.953247
vt 0.089250 0.953248
vt 0.090833 0.952904
vt 0.089594 0.953247
vt 0.089594 0.952904
vt 0.509489 0.945744
vt 0.313789 0.975909
vt 0.066896 0.670407
vt 0.065657 0.648384
vt 0.066896 0.648384
vt 0.509490 0.968113
vt 0.856804 0.964038
vt 0.274150 0.976252
vt 0.512870 0.806579
vt 0.503234 0.787034
vt 0.512870 0.787034
vt 0.802022 0.928868
vt 0.811658 0.909322
vt 0.811658 0.928867
vt 0.371374 0.975909
vt 0.371855 0.985544
vt 0.371374 0.985544
vt 0.199185 0.975909
vt 0.199667 0.995454
vt 0.199185 0.995454
vt 0.370892 0.975909
vt 0.371374 0.985544
vt 0.370892 0.985544
vt 0.198703 0.975909
vt 0.199185 0.995454
vt 0.198703 0.995454
vt 0.411769 0.976715
vt 0.411985 0.975909
vt 0.412575 0.976499
vt 0.411304 0.975909
vt 0.411520 0.976715
vt 0.410714 0.976499
vt 0.389566 0.975911
vt 0.389326 0.980592
vt 0.389326 0.975912
vt 0.381093 0.975909
vt 0.380915 0.980589
vt 0.380915 0.975909
vt 0.381334 0.975909
vt 0.381093 0.980589
vt 0.381574 0.975909
vt 0.381334 0.980589
vt 0.381750 0.975909
vt 0.381574 0.980589
vt 0.389985 0.980592
vt 0.390226 0.975911
vt 0.390226 0.980591
vt 0.389744 0.980591
vt 0.389985 0.975912
vt 0.389566 0.980589
vt 0.389744 0.975911
vt 0.407378 0.975909
vt 0.407137 0.980589
vt 0.407137 0.975909
vt 0.407619 0.975909
vt 0.407378 0.980589
vt 0.389085 0.975911
vt 0.388907 0.980589
vt 0.388907 0.975909
vt 0.389085 0.980591
vt 0.951209 0.211259
vt 0.951210 0.211537
vt 0.950934 0.211534
vt 0.369515 0.976188
vt 0.369238 0.976185
vt 0.369514 0.975909
vt 0.766595 0.939456
vt 0.766596 0.939734
vt 0.766320 0.939731
vt 0.324189 0.975909
vt 0.324190 0.976187
vt 0.323914 0.976185
vt 0.536549 0.969303
vt 0.536274 0.969578
vt 0.536274 0.969302
vt 0.533521 0.969578
vt 0.533246 0.969303
vt 0.533521 0.969302
vt 0.767973 0.939734
vt 0.767971 0.939456
vt 0.768247 0.939731
vt 0.325565 0.975909
vt 0.325841 0.976185
vt 0.325567 0.976187
vt 0.369515 0.978941
vt 0.369238 0.978938
vt 0.951210 0.238239
vt 0.324190 0.978940
vt 0.323914 0.978937
vt 0.766596 0.966436
vt 0.766320 0.966433
vt 0.536274 0.942599
vt 0.533246 0.942600
vt 0.536274 0.942325
vt 0.533521 0.942599
vt 0.533521 0.942325
vt 0.952586 0.211259
vt 0.370890 0.975909
vt 0.370892 0.978940
vt 0.158293 0.833321
vt 0.155540 0.806618
vt 0.158293 0.806618
vt 0.952587 0.238239
vt 0.767973 0.966436
vt 0.325567 0.978940
vt 0.919778 0.696105
vt 0.919779 0.696313
vt 0.919572 0.696311
vt 0.086445 0.976118
vt 0.086237 0.976116
vt 0.086444 0.975910
vt 0.292253 0.933778
vt 0.292254 0.933986
vt 0.292047 0.933984
vt 0.030152 0.975909
vt 0.030153 0.976118
vt 0.029945 0.976116
vt 0.092278 0.931350
vt 0.092072 0.931556
vt 0.092072 0.931349
vt 0.083675 0.931556
vt 0.083469 0.931350
vt 0.083675 0.931349
vt 0.293493 0.933986
vt 0.293492 0.933778
vt 0.293698 0.933984
vt 0.031391 0.975909
vt 0.031597 0.976116
vt 0.031392 0.976118
vt 0.086445 0.984514
vt 0.086237 0.984512
vt 0.919779 0.718198
vt 0.030153 0.984514
vt 0.029945 0.984512
vt 0.292254 0.955871
vt 0.292047 0.955869
vt 0.092072 0.909463
vt 0.083469 0.909464
vt 0.092072 0.909258
vt 0.083675 0.909463
vt 0.083675 0.909258
vt 0.921017 0.696105
vt 0.087682 0.975909
vt 0.087684 0.984514
vt 0.158289 0.933203
vt 0.149893 0.911317
vt 0.158289 0.911317
vt 0.921018 0.718198
vt 0.293493 0.955871
vt 0.031392 0.984514
vt 0.371855 0.977974
vt 0.373920 0.975909
vt 0.373920 0.977974
vt 0.077151 0.981966
vt 0.079216 0.975909
vt 0.079216 0.981966
vt 0.066828 0.981966
vt 0.068893 0.975909
vt 0.068893 0.981966
vt 0.068893 0.981966
vt 0.070957 0.975910
vt 0.070957 0.981966
vt 0.062699 0.981966
vt 0.064764 0.975909
vt 0.064764 0.981966
vt 0.373920 0.977974
vt 0.375985 0.975909
vt 0.375985 0.977974
vt 0.075087 0.981966
vt 0.077151 0.975910
vt 0.077151 0.981966
vt 0.073022 0.981966
vt 0.075087 0.975909
vt 0.075087 0.981966
vt 0.070957 0.981966
vt 0.073022 0.975910
vt 0.073022 0.981966
vt 0.064764 0.981966
vt 0.066828 0.975909
vt 0.066828 0.981966
vt 0.751833 0.458908
vt 0.752562 0.458286
vt 0.752559 0.458907
vt 0.751215 0.458909
vt 0.751718 0.458287
vt 0.749026 0.458911
vt 0.748537 0.458288
vt 0.749247 0.458291
vt 0.748416 0.458909
vt 0.747696 0.458287
vt 0.746967 0.458909
vt 0.747693 0.458908
vt 0.746349 0.458911
vt 0.746852 0.458288
vt 0.758149 0.458907
vt 0.758980 0.458288
vt 0.758759 0.458909
vt 0.757426 0.458907
vt 0.758270 0.458287
vt 0.756700 0.458907
vt 0.757429 0.458286
vt 0.755866 0.458288
vt 0.756584 0.458287
vt 0.744158 0.458912
vt 0.743671 0.458288
vt 0.744380 0.458291
vt 0.742826 0.458909
vt 0.743549 0.458910
vt 0.741985 0.458288
vt 0.742830 0.458287
vt 0.741482 0.458912
vt 0.742100 0.458910
vt 0.753282 0.458908
vt 0.754113 0.458289
vt 0.753892 0.458909
vt 0.753403 0.458287
vt 0.752575 0.453846
vt 0.750131 0.453850
vt 0.751255 0.453847
vt 0.750131 0.453851
vt 0.749023 0.453847
vt 0.746389 0.453847
vt 0.747709 0.453845
vt 0.746132 0.458291
vt 0.759864 0.453850
vt 0.758755 0.453848
vt 0.757440 0.453847
vt 0.756121 0.453848
vt 0.745265 0.453851
vt 0.742843 0.453845
vt 0.744157 0.453846
vt 0.741524 0.453846
vt 0.741265 0.458291
vt 0.753889 0.453847
vt 0.754998 0.453850
vt 0.752566 0.451694
vt 0.750733 0.451697
vt 0.751576 0.451695
vt 0.749517 0.451699
vt 0.747700 0.451695
vt 0.748685 0.451696
vt 0.746710 0.451696
vt 0.745265 0.453851
vt 0.759250 0.451697
vt 0.758418 0.451695
vt 0.757432 0.451694
vt 0.754998 0.453850
vt 0.756443 0.451695
vt 0.743819 0.451696
vt 0.744650 0.451699
vt 0.742833 0.451695
vt 0.740399 0.453851
vt 0.741844 0.451696
vt 0.754383 0.451697
vt 0.753552 0.451695
vt 0.751512 0.451472
vt 0.752568 0.451471
vt 0.749640 0.451475
vt 0.747701 0.451471
vt 0.748753 0.451472
vt 0.745867 0.451699
vt 0.746646 0.451472
vt 0.759373 0.451474
vt 0.758485 0.451471
vt 0.756378 0.451471
vt 0.757434 0.451471
vt 0.755480 0.451474
vt 0.743886 0.451472
vt 0.744773 0.451476
vt 0.742835 0.451471
vt 0.740880 0.451476
vt 0.741780 0.451472
vt 0.753619 0.451472
vt 0.754506 0.451474
vt 0.610257 0.217533
vt 0.609290 0.218073
vt 0.609183 0.217533
vt 0.611249 0.217945
vt 0.610149 0.218073
vt 0.612009 0.218704
vt 0.610943 0.218402
vt 0.611880 0.219804
vt 0.611551 0.219010
vt 0.612420 0.219696
vt 0.611880 0.220663
vt 0.612009 0.221763
vt 0.612420 0.220771
vt 0.610943 0.222065
vt 0.611551 0.221457
vt 0.611249 0.222522
vt 0.610149 0.222393
vt 0.610257 0.222934
vt 0.609290 0.222393
vt 0.609183 0.222934
vt 0.608496 0.222065
vt 0.608190 0.222522
vt 0.607889 0.221457
vt 0.607020 0.220771
vt 0.607431 0.221763
vt 0.607020 0.219696
vt 0.607560 0.220663
vt 0.607431 0.218704
vt 0.607560 0.219804
vt 0.608190 0.217945
vt 0.607889 0.219010
vt 0.608496 0.218402
vt 0.364832 0.978305
vt 0.363122 0.977461
vt 0.364832 0.977461
vt 0.364834 0.979024
vt 0.363123 0.978305
vt 0.359694 0.976619
vt 0.357987 0.975910
vt 0.359697 0.975909
vt 0.359693 0.977459
vt 0.357984 0.976619
vt 0.359694 0.978304
vt 0.357983 0.977459
vt 0.359697 0.979024
vt 0.357984 0.978304
vt 0.363120 0.976619
vt 0.361412 0.975909
vt 0.363122 0.975909
vt 0.363119 0.977460
vt 0.361411 0.976619
vt 0.363120 0.978305
vt 0.361410 0.977460
vt 0.363122 0.979024
vt 0.361411 0.978305
vt 0.361407 0.976619
vt 0.359700 0.975910
vt 0.361410 0.975909
vt 0.361406 0.977460
vt 0.359698 0.976619
vt 0.361407 0.978305
vt 0.359697 0.977460
vt 0.361410 0.979024
vt 0.359698 0.978305
vt 0.364832 0.976619
vt 0.363124 0.975909
vt 0.364834 0.975909
vt 0.363123 0.976619
vt 0.713132 0.629127
vt 0.713656 0.628506
vt 0.713654 0.629127
vt 0.712531 0.628508
vt 0.713048 0.628507
vt 0.656634 0.223045
vt 0.656282 0.222423
vt 0.656793 0.222425
vt 0.656195 0.223043
vt 0.655677 0.222422
vt 0.655152 0.223043
vt 0.655674 0.223043
vt 0.654707 0.223045
vt 0.655069 0.222423
vt 0.717679 0.629127
vt 0.718277 0.628508
vt 0.718118 0.629128
vt 0.717160 0.628506
vt 0.717766 0.628507
vt 0.716636 0.629127
vt 0.717158 0.629127
vt 0.716191 0.629128
vt 0.716552 0.628507
vt 0.652691 0.223044
vt 0.653289 0.222425
vt 0.653129 0.223046
vt 0.652170 0.223043
vt 0.652778 0.222423
vt 0.651648 0.223044
vt 0.652173 0.222422
vt 0.651046 0.222425
vt 0.651565 0.222423
vt 0.714175 0.629127
vt 0.714773 0.628508
vt 0.714614 0.629128
vt 0.714262 0.628507
vt 0.713665 0.625378
vt 0.711906 0.625381
vt 0.712715 0.625379
vt 0.657430 0.219297
vt 0.656632 0.219294
vt 0.654736 0.219294
vt 0.655686 0.219293
vt 0.654551 0.222425
vt 0.718914 0.625381
vt 0.717168 0.625379
vt 0.718115 0.625379
vt 0.716219 0.625379
vt 0.715410 0.625381
vt 0.653926 0.219297
vt 0.653129 0.219294
vt 0.651232 0.219294
vt 0.652183 0.219292
vt 0.715410 0.625381
vt 0.714612 0.625379
vt 0.712947 0.623785
vt 0.713659 0.623784
vt 0.712340 0.623786
vt 0.656389 0.217700
vt 0.656988 0.217702
vt 0.655679 0.217699
vt 0.654360 0.217702
vt 0.654967 0.217700
vt 0.718471 0.623786
vt 0.717872 0.623785
vt 0.717163 0.623784
vt 0.715844 0.623786
vt 0.716450 0.623785
vt 0.653483 0.217703
vt 0.652176 0.217699
vt 0.652885 0.217700
vt 0.650856 0.217703
vt 0.651463 0.217700
vt 0.714967 0.623786
vt 0.714369 0.623785
vt 0.713660 0.623618
vt 0.712900 0.623619
vt 0.656437 0.217534
vt 0.657076 0.217537
vt 0.655680 0.217534
vt 0.654273 0.217537
vt 0.654920 0.217534
vt 0.717921 0.623619
vt 0.718560 0.623621
vt 0.716404 0.623619
vt 0.717164 0.623618
vt 0.715757 0.623621
vt 0.653572 0.217537
vt 0.652934 0.217534
vt 0.651417 0.217534
vt 0.652177 0.217534
vt 0.714417 0.623619
vt 0.715056 0.623621
vt 0.024662 0.975909
vt 0.023966 0.976298
vt 0.023888 0.975909
vt 0.025376 0.976205
vt 0.024584 0.976298
vt 0.025923 0.976752
vt 0.025156 0.976535
vt 0.026219 0.977467
vt 0.025594 0.976973
vt 0.025830 0.978163
vt 0.025830 0.977544
vt 0.026219 0.978240
vt 0.025594 0.978734
vt 0.025923 0.978955
vt 0.025156 0.979172
vt 0.025376 0.979502
vt 0.024584 0.979409
vt 0.023888 0.979797
vt 0.024662 0.979797
vt 0.023174 0.979502
vt 0.023966 0.979409
vt 0.022627 0.978955
vt 0.023394 0.979172
vt 0.022720 0.978163
vt 0.022957 0.978734
vt 0.022331 0.977467
vt 0.022331 0.978240
vt 0.022957 0.976973
vt 0.022720 0.977544
vt 0.022627 0.976752
vt 0.023394 0.976535
vt 0.023174 0.976205
vt 0.404658 0.977634
vt 0.403392 0.977026
vt 0.404658 0.977026
vt 0.404660 0.978152
vt 0.403392 0.977634
vt 0.400852 0.976420
vt 0.399588 0.975910
vt 0.400854 0.975909
vt 0.400852 0.977025
vt 0.399586 0.976420
vt 0.400852 0.977634
vt 0.399585 0.977026
vt 0.400854 0.978152
vt 0.399586 0.977634
vt 0.403390 0.976420
vt 0.402125 0.975910
vt 0.403392 0.975909
vt 0.403390 0.977026
vt 0.402124 0.976420
vt 0.403390 0.977634
vt 0.402123 0.977026
vt 0.403392 0.978152
vt 0.402124 0.977634
vt 0.402121 0.976420
vt 0.400857 0.975909
vt 0.402123 0.975909
vt 0.402121 0.977026
vt 0.400855 0.976420
vt 0.402121 0.977634
vt 0.400854 0.977026
vt 0.402123 0.978152
vt 0.400855 0.977634
vt 0.404658 0.976421
vt 0.403393 0.975909
vt 0.404660 0.975909
vt 0.403392 0.976421
vt 0.437574 0.959721
vt 0.434270 0.968323
vt 0.434270 0.959721
vt 0.908695 0.961753
vt 0.911999 0.970355
vt 0.908695 0.970355
vt 0.074935 0.962871
vt 0.078238 0.968651
vt 0.074935 0.968652
vt 0.949303 0.720059
vt 0.945999 0.725840
vt 0.945999 0.720059
vt 0.793941 0.628160
vt 0.788160 0.619557
vt 0.793941 0.619557
vt 0.250515 0.962668
vt 0.256296 0.954065
vt 0.256296 0.962668
vt 0.441702 0.959721
vt 0.438398 0.968323
vt 0.438398 0.959721
vt 0.482443 0.961789
vt 0.485747 0.970392
vt 0.482443 0.970392
vt 0.567927 0.964211
vt 0.571230 0.969991
vt 0.567927 0.969992
vt 0.476388 0.962130
vt 0.473084 0.967911
vt 0.473084 0.962130
vt 0.817066 0.628160
vt 0.811284 0.619557
vt 0.817066 0.619557
vt 0.589536 0.962626
vt 0.595317 0.954023
vt 0.595317 0.962626
vt 0.411146 0.959721
vt 0.407842 0.968323
vt 0.407842 0.959721
vt 0.823000 0.960884
vt 0.826303 0.969487
vt 0.823000 0.969487
vt 0.293871 0.963367
vt 0.297174 0.969147
vt 0.293871 0.969147
vt 0.479691 0.962130
vt 0.476388 0.967911
vt 0.476388 0.962130
vt 0.629456 0.959548
vt 0.623675 0.950945
vt 0.629456 0.950945
vt 0.611287 0.968151
vt 0.617068 0.959548
vt 0.617068 0.968151
vt 0.627391 0.959548
vt 0.624088 0.968151
vt 0.624088 0.959548
vt 0.711176 0.961820
vt 0.714480 0.970422
vt 0.711176 0.970423
vt 0.297174 0.963366
vt 0.300478 0.969147
vt 0.297174 0.969147
vt 0.033998 0.962212
vt 0.030695 0.967993
vt 0.030695 0.962212
vt 0.431792 0.959721
vt 0.426011 0.951118
vt 0.431792 0.951118
vt 0.024776 0.967720
vt 0.030557 0.959118
vt 0.030557 0.967720
vt 0.630695 0.959548
vt 0.627391 0.968151
vt 0.627391 0.959548
vt 0.714480 0.961820
vt 0.717783 0.970422
vt 0.714480 0.970423
vt 0.300478 0.963366
vt 0.303781 0.969147
vt 0.300478 0.969147
vt 0.045560 0.962211
vt 0.042257 0.967992
vt 0.042257 0.962211
vt 0.938980 0.768056
vt 0.933199 0.759453
vt 0.938980 0.759453
vt 0.116104 0.964315
vt 0.121885 0.955712
vt 0.121885 0.964315
vt 0.620784 0.959548
vt 0.617481 0.968151
vt 0.617481 0.959548
vt 0.233785 0.962112
vt 0.237089 0.970715
vt 0.233785 0.970715
vt 0.303784 0.963367
vt 0.307087 0.969147
vt 0.303784 0.969147
vt 0.003303 0.962215
vt 0.000000 0.967996
vt -0.000000 0.962215
vt 0.437985 0.959721
vt 0.432204 0.951118
vt 0.437985 0.951118
vt 0.734315 0.964490
vt 0.740096 0.955887
vt 0.740096 0.964490
vt 0.633998 0.959548
vt 0.630695 0.968151
vt 0.630695 0.959548
vt 0.717783 0.961820
vt 0.721087 0.970422
vt 0.717783 0.970423
vt 0.203025 0.964295
vt 0.206329 0.970075
vt 0.203025 0.970075
vt 0.006607 0.962215
vt 0.003303 0.967996
vt 0.003303 0.962215
vt 0.807804 0.958820
vt 0.802022 0.950217
vt 0.807804 0.950217
vt 0.074935 0.962870
vt 0.080716 0.954268
vt 0.080716 0.962870
vt 0.414449 0.959721
vt 0.411146 0.968323
vt 0.411146 0.959721
vt 0.066896 0.961069
vt 0.070200 0.969671
vt 0.066896 0.969671
vt 0.054022 0.963450
vt 0.057326 0.969231
vt 0.054022 0.969231
vt 0.015691 0.962215
vt 0.012388 0.967996
vt 0.012388 0.962215
vt 0.635650 0.959548
vt 0.629869 0.950945
vt 0.635650 0.950945
vt 0.243082 0.967453
vt 0.248863 0.958850
vt 0.248863 0.967453
vt 0.637302 0.959548
vt 0.633998 0.968151
vt 0.633998 0.959548
vt 0.036889 0.961523
vt 0.040192 0.970126
vt 0.036889 0.970126
vt 0.581068 0.962983
vt 0.584371 0.968763
vt 0.581068 0.968763
vt 0.857078 0.967972
vt 0.857078 0.962191
vt 0.425185 0.959721
vt 0.419404 0.951118
vt 0.425185 0.951118
vt 0.802022 0.967422
vt 0.807804 0.958820
vt 0.807804 0.967422
vt 0.640605 0.959548
vt 0.637302 0.968151
vt 0.637302 0.959548
vt 0.450786 0.961167
vt 0.454089 0.969769
vt 0.450786 0.969769
vt 0.761363 0.963406
vt 0.764667 0.969187
vt 0.761363 0.969187
vt 0.747419 0.133655
vt 0.744115 0.139436
vt 0.744115 0.133655
vt 0.641844 0.959548
vt 0.636063 0.950945
vt 0.641844 0.950945
vt 0.811658 0.963148
vt 0.817439 0.954545
vt 0.817439 0.963148
vt 0.417753 0.959721
vt 0.414449 0.968323
vt 0.414449 0.959721
vt 0.836288 0.960883
vt 0.839592 0.969486
vt 0.836288 0.969486
vt 0.770639 0.963407
vt 0.773943 0.969187
vt 0.770639 0.969187
vt 0.665519 0.962232
vt 0.662216 0.968013
vt 0.662216 0.962232
vt 0.444179 0.959721
vt 0.444179 0.951118
vt 0.444592 0.967483
vt 0.450373 0.958881
vt 0.450373 0.967483
vt 0.380070 0.959859
vt 0.376767 0.968461
vt 0.376767 0.959859
vt 0.454089 0.961167
vt 0.457393 0.969769
vt 0.454089 0.969769
vt 0.734315 0.964490
vt 0.737618 0.970271
vt 0.734315 0.970271
vt 0.953918 0.721848
vt 0.950614 0.727629
vt 0.950614 0.721849
vt 0.450373 0.958881
vt 0.450373 0.950278
vt 0.265584 0.963260
vt 0.271365 0.954657
vt 0.271365 0.963260
vt 0.943109 0.959899
vt 0.939806 0.968502
vt 0.939806 0.959899
vt 0.819696 0.960884
vt 0.823000 0.969487
vt 0.819696 0.969487
vt 0.847445 0.963419
vt 0.850748 0.969199
vt 0.847445 0.969199
vt 0.955497 0.763755
vt 0.952193 0.769536
vt 0.952193 0.763755
vt 0.822847 0.628160
vt 0.817066 0.619557
vt 0.822847 0.619557
vt 0.224848 0.967027
vt 0.230629 0.958425
vt 0.230629 0.967027
vt 0.404539 0.959721
vt 0.401235 0.968323
vt 0.401235 0.959721
vt 0.829681 0.960883
vt 0.832985 0.969486
vt 0.829681 0.969486
vt 0.149893 0.963141
vt 0.153196 0.968921
vt 0.149893 0.968922
vt 0.923331 0.211452
vt 0.920027 0.217233
vt 0.920027 0.211452
vt 0.939848 0.248272
vt 0.934067 0.239669
vt 0.939848 0.239669
vt 0.684514 0.967117
vt 0.690295 0.958514
vt 0.690295 0.967117
vt 0.624088 0.959548
vt 0.620784 0.968151
vt 0.620784 0.959548
vt 0.832985 0.960883
vt 0.836288 0.969486
vt 0.832985 0.969486
vt 0.116104 0.964315
vt 0.119407 0.970096
vt 0.116104 0.970096
vt 0.668823 0.962232
vt 0.665519 0.968013
vt 0.665519 0.962232
vt 0.382548 0.959859
vt 0.376767 0.951256
vt 0.382548 0.951256
vt 0.895427 0.965201
vt 0.901208 0.956599
vt 0.901208 0.965201
vt 0.954786 0.241061
vt 0.951482 0.249664
vt 0.951482 0.241062
vt 0.457393 0.961167
vt 0.460696 0.969769
vt 0.556784 0.964623
vt 0.560087 0.970404
vt 0.556784 0.970404
vt 0.322695 0.962416
vt 0.319391 0.968197
vt 0.319391 0.962416
vt 0.610874 0.959548
vt 0.605093 0.950945
vt 0.610874 0.950945
vt 0.959722 0.008603
vt 0.965503 -0.000000
vt 0.965503 0.008603
vt 0.955497 0.755152
vt 0.952193 0.763755
vt 0.952193 0.755152
vt 0.721089 0.961820
vt 0.724393 0.970423
vt 0.721089 0.970423
vt 0.135310 0.963720
vt 0.138613 0.969500
vt 0.135310 0.969500
vt 0.957221 0.721848
vt 0.953918 0.727629
vt 0.953918 0.721849
vt 0.956634 0.401404
vt 0.950853 0.392801
vt 0.956634 0.392801
vt 0.727253 0.967499
vt 0.733034 0.958897
vt 0.733034 0.967499
vt 0.959662 0.609937
vt 0.956359 0.618539
vt 0.956359 0.609937
vt 0.902501 0.960379
vt 0.905805 0.968981
vt 0.902501 0.968981
vt 0.811658 0.963148
vt 0.814961 0.968929
vt 0.811658 0.968929
vt 0.744115 0.133655
vt 0.740812 0.139436
vt 0.740812 0.133655
vt 0.407017 0.959721
vt 0.401235 0.951118
vt 0.407017 0.951118
vt 0.141359 0.962865
vt 0.147140 0.954262
vt 0.147140 0.962865
vt 0.275081 0.959201
vt 0.271778 0.967803
vt 0.271778 0.959201
vt 0.887773 0.961912
vt 0.891076 0.970515
vt 0.887773 0.970515
vt 0.276973 0.963716
vt 0.280277 0.969497
vt 0.276973 0.969497
vt 0.963025 0.008603
vt 0.959722 0.014384
vt 0.959722 0.008603
vt 0.413210 0.959721
vt 0.407429 0.951118
vt 0.413210 0.951118
vt 0.777797 0.967496
vt 0.783578 0.958893
vt 0.783578 0.967496
vt 0.677907 0.960149
vt 0.674603 0.968752
vt 0.674603 0.960150
vt 0.048451 0.961523
vt 0.051754 0.970125
vt 0.048451 0.970125
vt 0.876342 0.963207
vt 0.879646 0.968988
vt 0.876342 0.968988
vt 0.599033 0.962625
vt 0.595730 0.968406
vt 0.595730 0.962626
vt 0.419404 0.959721
vt 0.413623 0.951118
vt 0.419404 0.951118
vt 0.259336 0.963279
vt 0.265117 0.954676
vt 0.265117 0.963279
vt 0.968806 0.000000
vt 0.965503 0.008603
vt 0.965503 0.000000
vt 0.826378 0.960883
vt 0.829681 0.969486
vt 0.826378 0.969486
vt 0.879646 0.963207
vt 0.882949 0.968988
vt 0.879646 0.968988
vt 0.750722 0.133655
vt 0.747419 0.139436
vt 0.747419 0.133655
vt 0.799722 0.628160
vt 0.793941 0.619557
vt 0.799722 0.619557
vt 0.837940 0.960883
vt 0.843721 0.952280
vt 0.843721 0.960883
vt 0.421056 0.959721
vt 0.417753 0.968323
vt 0.417753 0.959721
vt 0.891076 0.961912
vt 0.894380 0.970515
vt 0.891076 0.970515
vt 0.690431 0.962646
vt 0.693735 0.968427
vt 0.690431 0.968427
vt 0.966328 0.008603
vt 0.963025 0.014384
vt 0.963025 0.008603
vt 0.945587 0.959899
vt 0.939806 0.951296
vt 0.945587 0.951296
vt 0.135310 0.963719
vt 0.141091 0.955117
vt 0.141091 0.963719
vt 0.801333 0.960240
vt 0.798030 0.968842
vt 0.798030 0.960240
vt 0.839592 0.960883
vt 0.842895 0.969486
vt 0.839592 0.969486
vt 0.102133 0.964729
vt 0.105436 0.970510
vt 0.102133 0.970510
vt 0.754026 0.133655
vt 0.750722 0.139436
vt 0.750722 0.133655
vt 0.617068 0.959548
vt 0.611287 0.950945
vt 0.617068 0.950945
vt 0.276973 0.963716
vt 0.282754 0.955113
vt 0.282754 0.963716
vt 0.424360 0.959721
vt 0.421056 0.968323
vt 0.421056 0.959721
vt 0.121951 0.960951
vt 0.125255 0.969554
vt 0.121951 0.969554
vt 0.280277 0.963716
vt 0.283580 0.969496
vt 0.280277 0.969497
vt 0.757329 0.133655
vt 0.754026 0.139436
vt 0.754026 0.133655
vt 0.623262 0.959548
vt 0.623262 0.950945
vt 0.127732 0.960951
vt 0.133513 0.952348
vt 0.133513 0.960951
vt 0.392565 0.960409
vt 0.389261 0.969012
vt 0.389261 0.960409
vt 0.668949 0.961431
vt 0.672252 0.970033
vt 0.668949 0.970033
vt 0.927418 0.964235
vt 0.930721 0.970016
vt 0.927418 0.970016
vt 0.469781 0.962130
vt 0.466477 0.967911
vt 0.466477 0.962130
vt 0.828628 0.628160
vt 0.822847 0.619557
vt 0.828628 0.619557
vt 0.819696 0.960884
vt 0.825477 0.952281
vt 0.825477 0.960884
vt 0.407842 0.959721
vt 0.404539 0.968323
vt 0.404539 0.959721
vt 0.463174 0.962130
vt 0.466477 0.970733
vt 0.463174 0.970733
vt 0.283580 0.963716
vt 0.286884 0.969496
vt 0.283580 0.969497
vt 0.592839 0.962626
vt 0.589536 0.968407
vt 0.589536 0.962626
vt 0.388435 0.960409
vt 0.382654 0.951806
vt 0.388435 0.951806
vt 0.283167 0.963716
vt 0.288948 0.955113
vt 0.288948 0.963716
vt 0.389261 0.960409
vt 0.385958 0.969012
vt 0.385958 0.960409
vt 0.371397 0.962064
vt 0.374701 0.970666
vt 0.371397 0.970667
vt 0.882949 0.963207
vt 0.886253 0.968988
vt 0.882949 0.968988
vt 0.253818 0.962668
vt 0.250515 0.968449
vt 0.250515 0.962668
vt 0.394629 0.960409
vt 0.388848 0.951806
vt 0.394629 0.951806
vt 0.933612 0.964028
vt 0.939393 0.955425
vt 0.939393 0.964028
vt 0.337584 0.960411
vt 0.334281 0.969013
vt 0.334281 0.960411
vt 0.125255 0.960951
vt 0.128558 0.969554
vt 0.125255 0.969554
vt 0.862655 0.963898
vt 0.865958 0.969679
vt 0.862655 0.969679
vt 0.926634 0.211452
vt 0.923331 0.217233
vt 0.923331 0.211452
vt 0.834409 0.628160
vt 0.828628 0.619557
vt 0.834409 0.619557
vt 0.914476 0.964164
vt 0.920257 0.955561
vt 0.920257 0.964164
vt 0.427663 0.959721
vt 0.424360 0.968323
vt 0.424360 0.959721
vt 0.786743 0.961967
vt 0.790047 0.970570
vt 0.786743 0.970570
vt 0.265584 0.963260
vt 0.268887 0.969041
vt 0.265584 0.969041
vt 0.763167 0.451471
vt 0.759864 0.457252
vt 0.759864 0.451471
vt 0.400823 0.960409
vt 0.395042 0.951806
vt 0.400823 0.951806
vt 0.753847 0.967498
vt 0.759628 0.958895
vt 0.759628 0.967498
vt 0.921541 0.074223
vt 0.918238 0.082826
vt 0.918238 0.074223
vt 0.128558 0.960951
vt 0.131862 0.969554
vt 0.128558 0.969554
vt 0.105436 0.964729
vt 0.108740 0.970510
vt 0.105436 0.970510
vt 0.154025 0.835523
vt 0.150722 0.841304
vt 0.150722 0.835523
vt 0.832159 0.960883
vt 0.826378 0.952280
vt 0.832159 0.952280
vt 0.083469 0.961507
vt 0.089250 0.952904
vt 0.089250 0.961507
vt 0.430967 0.959721
vt 0.427663 0.968323
vt 0.427663 0.959721
vt 0.237089 0.962112
vt 0.240392 0.970715
vt 0.237089 0.970715
vt 0.933612 0.964028
vt 0.936915 0.969809
vt 0.933612 0.969809
vt 0.157329 0.835523
vt 0.154025 0.841304
vt 0.154025 0.835523
vt 0.837940 0.960883
vt 0.832159 0.952280
vt 0.837940 0.952280
vt 0.155674 0.954538
vt 0.155674 0.963141
vt 0.920398 0.723909
vt 0.917094 0.732512
vt 0.917094 0.723909
vt 0.131862 0.960951
vt 0.135165 0.969554
vt 0.131862 0.969554
vt 0.108740 0.964729
vt 0.112043 0.970510
vt 0.108740 0.970510
vt 0.942283 0.762275
vt 0.938980 0.768056
vt 0.938980 0.762275
vt 0.840190 0.628160
vt 0.834409 0.619557
vt 0.840190 0.619557
vt 0.121951 0.960951
vt 0.127732 0.952348
vt 0.127732 0.960951
vt 0.920398 0.732512
vt 0.917094 0.741114
vt 0.917094 0.732512
vt 0.792937 0.961967
vt 0.796241 0.970569
vt 0.792937 0.970569
vt 0.852467 0.964039
vt 0.855771 0.969819
vt 0.852467 0.969819
vt 0.473084 0.962130
vt 0.469781 0.967911
vt 0.469781 0.962130
vt 0.805503 0.628160
vt 0.799722 0.619557
vt 0.805503 0.619557
vt 0.595730 0.962626
vt 0.601511 0.954023
vt 0.601511 0.962626
vt 0.417619 0.708172
vt 0.414316 0.716775
vt 0.414316 0.708172
vt 0.395042 0.960409
vt 0.398345 0.969011
vt 0.395042 0.969011
vt 0.259336 0.963279
vt 0.262639 0.969060
vt 0.259336 0.969060
vt 0.942696 0.720059
vt 0.939392 0.725840
vt 0.939392 0.720059
vt 0.361735 0.959071
vt 0.355954 0.950468
vt 0.361735 0.950468
vt 0.355954 0.967674
vt 0.361735 0.967674
vt 0.385958 0.960409
vt 0.382654 0.969012
vt 0.382654 0.960409
vt 0.961003 0.960933
vt 0.964306 0.969535
vt 0.961003 0.969535
vt 0.141359 0.962865
vt 0.144662 0.968646
vt 0.141359 0.968646
vt 0.945587 0.762275
vt 0.942283 0.768056
vt 0.942283 0.762275
vt 0.811284 0.628160
vt 0.805503 0.619557
vt 0.811284 0.619557
vt 0.605093 0.968151
vt 0.610874 0.959548
vt 0.610874 0.968151
vt 0.434270 0.959721
vt 0.430967 0.968323
vt 0.430967 0.959721
vt 0.083469 0.961507
vt 0.086772 0.970109
vt 0.083469 0.970110
vt 0.914476 0.964164
vt 0.917780 0.969945
vt 0.914476 0.969945
vt 0.945999 0.720059
vt 0.942696 0.725840
vt 0.942696 0.720059
vt 0.030557 0.959118
vt 0.024776 0.950515
vt 0.030557 0.950515
vt 0.678320 0.965743
vt 0.684101 0.957140
vt 0.684101 0.965743
vt 0.227303 0.979901
vt 0.229506 0.975910
vt 0.229506 0.979901
vt 0.134211 0.979901
vt 0.136826 0.975910
vt 0.136826 0.979901
vt 0.222899 0.979901
vt 0.225101 0.975910
vt 0.225101 0.979901
vt 0.128981 0.979901
vt 0.131596 0.975909
vt 0.131596 0.979901
vt 0.091125 0.979488
vt 0.087684 0.975909
vt 0.091125 0.975909
vt 0.108331 0.979488
vt 0.111772 0.975909
vt 0.111772 0.979488
vt 0.395594 0.975909
vt 0.396488 0.979350
vt 0.395594 0.979350
vt 0.385329 0.975909
vt 0.386223 0.979488
vt 0.385329 0.979488
vt 0.390226 0.975909
vt 0.391120 0.979350
vt 0.390226 0.979350
vt 0.382644 0.975909
vt 0.383539 0.979488
vt 0.382644 0.979488
vt 0.094566 0.979488
vt 0.094566 0.975909
vt 0.111772 0.979488
vt 0.115213 0.975909
vt 0.115213 0.979488
vt 0.396488 0.975909
vt 0.397383 0.979350
vt 0.396488 0.979350
vt 0.386223 0.975910
vt 0.387118 0.979488
vt 0.386223 0.979488
vt 0.392015 0.975909
vt 0.392910 0.979350
vt 0.392015 0.979350
vt 0.381750 0.975909
vt 0.382644 0.979488
vt 0.381750 0.979488
vt 0.149902 0.979901
vt 0.152517 0.975910
vt 0.152517 0.979901
vt 0.410026 0.979901
vt 0.410370 0.975909
vt 0.410370 0.979901
vt 0.139441 0.979901
vt 0.142057 0.975910
vt 0.142057 0.979901
vt 0.407961 0.979901
vt 0.408305 0.975909
vt 0.408305 0.979901
vt 0.152517 0.979901
vt 0.155132 0.975910
vt 0.155132 0.979901
vt 0.408994 0.979901
vt 0.409338 0.975909
vt 0.409338 0.979901
vt 0.142057 0.979901
vt 0.144672 0.975910
vt 0.144672 0.979901
vt 0.408649 0.975909
vt 0.408649 0.979901
vt 0.229506 0.979901
vt 0.231708 0.975910
vt 0.231708 0.979901
vt 0.136826 0.979901
vt 0.139441 0.975909
vt 0.139441 0.979901
vt 0.225101 0.979901
vt 0.227303 0.975910
vt 0.227303 0.979901
vt 0.131596 0.979901
vt 0.134211 0.975909
vt 0.134211 0.979901
vt 0.101448 0.979488
vt 0.098007 0.975909
vt 0.101448 0.975909
vt 0.104890 0.979488
vt 0.108331 0.975909
vt 0.108331 0.979488
vt 0.393804 0.975909
vt 0.394699 0.979350
vt 0.393804 0.979350
vt 0.387118 0.975909
vt 0.388013 0.979488
vt 0.387118 0.979488
vt 0.392910 0.975909
vt 0.393804 0.979350
vt 0.384434 0.975909
vt 0.385329 0.979488
vt 0.384434 0.979488
vt 0.098007 0.979488
vt 0.094566 0.975909
vt 0.098007 0.975909
vt 0.101448 0.979488
vt 0.104889 0.975909
vt 0.104889 0.979488
vt 0.394699 0.975909
vt 0.395594 0.979350
vt 0.394699 0.979350
vt 0.388013 0.975909
vt 0.388907 0.979488
vt 0.388013 0.979488
vt 0.391120 0.975909
vt 0.392015 0.979350
vt 0.391120 0.979350
vt 0.383539 0.975909
vt 0.384434 0.979488
vt 0.383539 0.979488
vt 0.155132 0.979901
vt 0.157747 0.975910
vt 0.157747 0.979901
vt 0.410370 0.979901
vt 0.410714 0.975909
vt 0.410714 0.979901
vt 0.144672 0.979901
vt 0.147287 0.975910
vt 0.147287 0.979901
vt 0.408994 0.975909
vt 0.408994 0.979901
vt 0.157747 0.979901
vt 0.160362 0.975910
vt 0.160362 0.979901
vt 0.409338 0.979901
vt 0.409682 0.975909
vt 0.409682 0.979901
vt 0.147287 0.979901
vt 0.149902 0.975910
vt 0.149902 0.979901
vt 0.410026 0.975909
vt 0.410026 0.979901
vt 0.118516 0.979488
vt 0.115213 0.975909
vt 0.118516 0.975909
vt 0.338162 0.975909
vt 0.339814 0.979213
vt 0.338162 0.979213
vt 0.322262 0.975909
vt 0.323914 0.979488
vt 0.322262 0.979488
vt 0.336510 0.975910
vt 0.338162 0.979213
vt 0.336510 0.979213
vt 0.320610 0.975909
vt 0.322262 0.979488
vt 0.320610 0.979488
vt 0.530488 0.224041
vt 0.526359 0.219636
vt 0.530488 0.219636
vt 0.530488 0.224041
vt 0.534618 0.219636
vt 0.534618 0.224041
vt 0.406518 0.975909
vt 0.407137 0.980039
vt 0.406518 0.980039
vt 0.405279 0.975909
vt 0.405898 0.980314
vt 0.405279 0.980314
vt 0.405898 0.975909
vt 0.405898 0.980039
vt 0.405279 0.980314
vt 0.404660 0.980314
vt 0.000000 0.000000
vt 0.000000 0.648386
vt 0.895427 0.935608
vt 0.196831 0.896142
vt 0.165863 0.896142
vt 0.048176 0.648384
vt 0.887773 0.949249
vt 0.581067 0.962982
vt 0.456980 0.949742
vt 0.690431 0.926170
vt 0.887773 0.925161
vt 0.172056 0.896142
vt 0.857078 0.949527
vt 0.950165 0.628519
vt 0.945288 0.238239
vt 0.943971 0.583096
vt 0.662216 0.925480
vt 0.178250 0.896142
vt 0.662216 0.949568
vt 0.943971 0.628519
vt 0.450786 0.949742
vt 0.921223 0.787504
vt 0.319391 0.948996
vt 0.668409 0.925480
vt 0.924707 0.014620
vt 0.802022 0.629213
vt 0.184444 0.896142
vt 0.746703 0.878352
vt 0.018582 0.878939
vt 0.764762 0.382648
vt 0.654644 0.895887
vt 0.574534 0.150814
vt 0.642257 0.895887
vt 0.698788 0.914139
vt 0.573431 0.819129
vt 0.492765 0.897568
vt 0.574534 0.159761
vt 0.920027 0.163276
vt 0.337647 0.916707
vt 0.006194 0.878939
vt 0.632483 0.169356
vt 0.648451 0.895887
vt 0.607020 0.169356
vt 0.927418 0.892109
vt 0.945999 0.755152
vt 0.082036 0.892739
vt 0.944421 0.736576
vt 0.830888 0.205785
vt 0.932271 0.607184
vt 0.921813 0.218472
vt 0.190638 0.896142
vt 0.815747 -0.000000
vt 0.159669 0.896142
vt 0.788988 0.459821
vt 0.671989 0.459821
vt 0.970638 0.700976
vt 0.963522 0.183918
vt 0.327597 0.412955
vt 0.159669 0.712332
vt 0.646387 0.224356
vt 0.048038 0.878939
vt 0.933199 0.629213
vt 0.042257 0.878939
vt 0.932271 0.401404
vt 0.526359 0.000093
vt 0.963798 0.014620
vt 0.605093 0.610597
vt 0.523881 0.599429
vt 0.870803 0.080656
vt 0.870803 0.000000
vt 0.229869 0.651901
vt 0.890211 0.217614
vt 0.957975 0.619573
vt 0.298713 0.975909
vt 0.966509 0.619573
vt 0.281095 0.975909
vt 0.242669 0.813556
vt 0.194985 0.981002
vt 0.222024 0.947356
vt 0.955261 0.583096
vt 0.246298 0.975909
vt 0.415943 0.975910
vt 0.417044 0.975909
vt 0.413671 0.980727
vt 0.751935 0.947175
vt 0.271917 0.932634
vt 0.237695 0.975909
vt 0.974322 0.406593
vt 0.957286 0.944548
vt 0.976181 0.384296
vt 0.212680 0.976049
vt 0.556784 0.964623
vt 0.578524 0.969893
vt 0.381556 0.899061
vt 0.580480 0.944652
vt 0.255774 0.962671
vt 0.285012 0.933778
vt 0.767650 0.599531
vt 0.306146 0.985015
vt 0.311445 0.985015
vt 0.517622 0.610598
vt 0.857078 0.901063
vt 0.417690 0.634602
vt 0.911352 0.376767
vt 0.304632 0.975909
vt 0.309931 0.985015
vt 0.032183 0.975912
vt 0.866156 0.922277
vt 0.031597 0.975912
vt 0.727253 0.914162
vt 0.196843 0.981002
vt 0.196844 0.976047
vt 0.972016 0.846406
vt 0.067035 0.934502
vt 0.248019 0.975909
vt 0.416081 0.975910
vt 0.417457 0.975909
vt 0.412849 0.980727
vt 0.972326 0.439944
vt 0.721228 0.935254
vt 0.974322 0.361719
vt 0.516546 0.945093
vt 0.976181 0.339423
vt 0.214539 0.976049
vt 0.059050 0.967306
vt 0.775595 0.964947
vt 0.777551 0.939706
vt 0.481647 0.962381
vt 0.066896 0.934502
vt 0.730488 0.599530
vt 0.304632 0.975909
vt 0.309174 0.975909
vt 0.026219 0.975911
vt 0.777797 0.914159
vt 0.026844 0.975911
vt 0.753847 0.914161
vt 0.306903 0.985015
vt 0.305389 0.975909
vt 0.242257 0.651902
vt 0.887773 0.901073
vt 0.158705 0.640350
vt 0.259336 0.908546
vt 0.193126 0.981002
vt 0.193126 0.976047
vt 0.971507 0.217739
vt 0.711315 0.935254
vt 0.416218 0.975910
vt 0.417595 0.975909
vt 0.413123 0.980727
vt 0.972242 0.592100
vt 0.716272 0.935254
vt 0.253181 0.975910
vt 0.974322 0.384156
vt 0.578524 0.944539
vt 0.976181 0.361860
vt 0.216398 0.976049
vt 0.492765 0.968043
vt 0.968058 0.492279
vt 0.225326 0.900515
vt 0.970013 0.467038
vt 0.035954 0.962462
vt 0.276973 0.933778
vt 0.749069 0.599531
vt 0.308417 0.975909
vt 0.310688 0.985015
vt 0.517643 0.634686
vt 0.268155 0.908546
vt 0.417712 0.658690
vt 0.250515 0.908547
vt 0.303875 0.975909
vt 0.312202 0.985015
vt 0.049018 0.975909
vt 0.364488 0.924553
vt 0.049594 0.975909
vt 0.511453 0.920834
vt 0.943289 0.397959
vt 0.395042 0.894683
vt 0.943289 0.340837
vt 0.797935 0.139938
vt 0.781966 0.628160
vt 0.946454 0.188053
vt 0.243082 0.876264
vt 0.937095 0.348407
vt 0.159669 0.813558
vt 0.902501 0.877792
vt 0.216792 0.813556
vt 0.382654 0.894683
vt 0.573431 0.810182
vt 0.492765 0.888621
vt 0.574534 0.150814
vt 0.920027 0.154329
vt 0.337647 0.898813
vt 0.952193 0.770293
vt 0.858358 0.401404
vt 0.498959 0.888621
vt 0.815001 0.401404
vt 0.927418 0.883162
vt 0.082036 0.883793
vt 0.944421 0.727629
vt 0.932271 0.598237
vt 0.934067 0.211452
vt 0.662216 0.813301
vt 0.109564 0.883793
vt 0.121951 0.785374
vt 0.097176 0.883793
vt 0.343841 0.898813
vt 0.417757 0.719871
vt 0.250515 0.851408
vt 0.059050 0.887884
vt 0.771645 0.401404
vt 0.103370 0.883793
vt 0.319475 0.834416
vt 0.066896 0.883793
vt 0.355954 0.925004
vt 0.371397 0.924553
vt 0.952193 0.861823
vt 0.388848 0.894683
vt 0.901169 0.546540
vt 0.505153 0.888621
vt 0.662216 0.813300
vt 0.600963 0.723465
vt 0.972331 0.014620
vt 0.972014 0.883157
vt 0.327599 0.719871
vt 0.502408 0.719870
vt 0.962828 0.492250
vt 0.914476 0.877792
vt 0.690295 0.870425
vt 0.932271 0.542485
vt 0.698691 0.629213
vt 0.970260 0.346350
vt 0.673916 0.098555
vt 0.971368 0.239415
vt 0.305573 0.610054
vt 0.305573 0.511505
vt 0.305573 0.511505
vt 0.961141 0.960933
vt 0.289904 0.975909
vt 0.972463 0.252755
vt 0.283297 0.975909
vt 0.971877 0.770288
vt 0.850103 0.219716
vt 0.555539 0.896902
vt 0.543152 0.896902
vt 0.895526 0.219714
vt 0.690431 0.948881
vt 0.561733 0.941637
vt 0.613489 0.448716
vt 0.945586 0.629213
vt 0.209219 0.896142
vt 0.944659 0.492250
vt 0.902501 0.742081
vt 0.549345 0.896902
vt 0.662216 0.825000
vt 0.109564 0.895492
vt 0.121951 0.797073
vt 0.097176 0.895492
vt 0.343841 0.916707
vt 0.012388 0.878939
vt 0.814451 0.572690
vt 0.524570 0.896902
vt 0.788988 0.618113
vt 0.103370 0.895492
vt 0.066896 0.895492
vt 0.355954 0.936704
vt 0.815747 0.208538
vt 0.371397 0.936252
vt 0.740509 0.878352
vt 0.024776 0.878939
vt 0.847445 0.840500
vt 0.530764 0.896902
vt 0.902501 0.832237
vt 0.518376 0.896902
vt 0.939806 0.861139
vt 0.801196 0.768919
vt 0.536958 0.896902
vt 0.902504 0.629213
vt 0.250515 0.761251
vt 0.232968 0.900268
vt 0.925939 0.559696
vt 0.646387 0.456976
vt 0.771645 0.309870
vt 0.053819 0.878939
vt 0.036476 0.878939
vt 0.957561 0.629213
vt 0.066896 0.684205
vt 0.968202 0.014620
vt 0.240330 0.813556
vt 0.969166 0.246985
vt 0.870803 0.161312
vt 0.870803 0.080656
vt 0.492766 0.888621
vt 0.414316 0.708172
vt 0.853639 0.840500
vt 0.292106 0.975909
vt 0.970260 0.365623
vt 0.287702 0.975909
vt 0.801333 0.859074
vt 0.220115 0.980865
vt 0.218396 0.975909
vt 0.325808 0.949753
vt 0.054162 0.938948
vt 0.415805 0.975910
vt 0.417319 0.975909
vt 0.413807 0.980727
vt 0.972470 0.035984
vt 0.847584 0.938917
vt 0.258342 0.975910
vt 0.972463 0.439264
vt 0.517963 0.787171
vt 0.974321 0.419032
vt 0.218257 0.976048
vt 0.498959 0.965978
vt 0.369306 0.972103
vt 0.083469 0.909505
vt 0.371261 0.948927
vt 0.695691 0.962649
vt 0.811658 0.932502
vt 0.862545 0.196838
vt 0.317582 0.975909
vt 0.319096 0.975910
vt 0.158705 0.664439
vt 0.581068 0.922377
vt 0.249276 0.672494
vt 0.573431 0.922378
vt 0.319096 0.975909
vt 0.056535 0.975912
vt 0.259336 0.932653
vt 0.055950 0.975912
vt 0.811658 0.932522
vt 0.504886 0.719870
vt 0.972015 0.883157
vt 0.081128 0.932933
vt 0.957773 0.727630
vt 0.327701 0.978387
vt 0.332106 0.975909
vt 0.259189 0.932635
vt 0.971877 0.808829
vt 0.147553 0.932927
vt 0.364350 0.925004
vt 0.329903 0.978387
vt 0.334308 0.975909
vt 0.349763 0.967497
vt 0.968711 0.743448
vt 0.364350 0.962581
vt 0.862584 0.969348
vt 0.761363 0.939456
vt 0.770639 0.914130
vt 0.661974 0.970490
vt 0.960590 0.944410
vt 0.125123 0.975909
vt 0.121820 0.979488
vt 0.308740 0.965844
vt 0.112046 0.940915
vt 0.760357 0.098555
vt 0.517756 0.686371
vt 0.919572 0.696311
vt 0.518376 0.658774
vt 0.317581 0.975909
vt 0.327599 0.926204
vt 0.337515 0.960411
vt 0.722148 0.628987
vt 0.334628 0.926204
vt 0.939741 0.727629
vt 0.050169 0.975909
vt 0.319475 0.722925
vt 0.970243 0.584254
vt 0.158705 0.605797
vt 0.397383 0.975909
vt 0.606830 0.222877
vt 0.963312 0.617302
vt 0.725727 0.628987
vt 0.725729 0.623963
vt 0.407619 0.980589
vt 0.960425 0.583096
vt 0.940609 0.211452
vt 0.053059 0.975909
vt 0.158167 0.933203
vt 0.492718 0.932194
vt 0.158705 0.571248
vt 0.398484 0.978553
vt 0.250143 0.605794
vt 0.646945 0.217534
vt 0.674592 0.961431
vt 0.517692 0.600117
vt 0.233785 0.947794
vt 0.952648 0.210627
vt 0.319107 0.964760
vt 0.233799 0.947787
vt 0.632080 0.448740
vt 0.945290 0.211452
vt 0.233821 0.947775
vt 0.325628 0.962416
vt 0.147196 0.962865
vt 0.315929 0.964760
vt 0.327701 0.975909
vt 0.636033 0.217534
vt 0.414049 0.975909
vt 0.629189 0.217538
vt 0.414153 0.975909
vt 0.966876 0.247094
vt 0.326771 0.975909
vt 0.760287 0.133678
vt 0.080772 0.962871
vt 0.135311 0.931000
vt 0.250518 0.932635
vt 0.514113 0.600117
vt 0.869330 0.964810
vt 0.918231 0.614751
vt 0.716586 0.451471
vt 0.650423 0.217534
vt 0.607295 0.448716
vt 0.698788 0.881931
vt 0.716551 0.910560
vt 0.643375 0.458229
vt 0.625634 0.217533
vt 0.767650 0.599530
vt 0.503235 0.787034
vt 0.524432 0.610574
vt 0.940260 0.196311
vt 0.683550 0.727768
vt 0.601927 0.892769
vt 0.771645 0.309870
vt 0.696861 0.972400
vt 0.695933 0.813241
vt 0.964306 0.945534
vt 0.150585 0.684360
vt 0.967225 0.864136
vt 0.264240 0.975909
vt 0.968711 0.700976
vt 0.414566 0.975910
vt 0.414773 0.975909
vt 0.970846 0.731254
vt 0.970613 0.101332
vt 0.042822 0.980383
vt 0.616893 0.222351
vt 0.045920 0.976257
vt 0.039723 0.976257
vt 0.815690 0.209365
vt 0.813901 0.209414
vt 0.814775 0.208758
vt 0.840190 0.628160
vt 0.814425 0.221141
vt 0.215527 0.896142
vt 0.275422 0.987203
vt 0.274150 0.987242
vt 0.377664 0.978415
vt 0.972381 0.584472
vt 0.376096 0.975909
vt 0.901607 0.459932
vt 0.065244 0.887884
vt 0.379346 0.975909
vt 0.414360 0.975911
vt 0.414979 0.975909
vt 0.972085 0.770288
vt 0.072061 0.934502
vt 0.045920 0.980383
vt 0.621711 0.222351
vt 0.049018 0.976257
vt 0.042822 0.976257
vt 0.534618 0.219636
vt 0.602750 0.208545
vt 0.600961 0.208594
vt 0.601835 0.207938
vt 0.238677 0.711222
vt 0.601485 0.220321
vt 0.660950 0.895887
vt 0.276056 0.975909
vt 0.274786 0.975909
vt 0.379344 0.978415
vt 0.972923 0.703427
vt 0.377776 0.975909
vt 0.970702 0.500509
vt 0.913833 0.216654
vt 0.384034 0.607004
vt 0.857078 0.925151
vt 0.678320 0.870425
vt 0.595730 0.867306
vt 0.414316 0.607002
vt 0.401235 0.894683
vt 0.012388 0.962215
vt 0.619683 0.448716
vt 0.933199 0.727629
vt 0.149893 0.933203
vt 0.933612 0.868709
vt 0.407429 0.894683
vt 0.947333 0.014453
vt 0.625876 0.448716
vt 0.512173 0.920834
vt 0.234272 0.813556
vt 0.704982 0.914139
vt 0.276973 0.933778
vt 0.927418 0.770293
vt 0.605093 0.610597
vt 0.950853 0.401404
vt 0.450786 0.894683
vt 0.611287 0.895887
vt 0.518376 0.810182
vt 0.946454 0.101337
vt 0.382654 0.807964
vt 0.946000 0.861139
vt 0.475562 0.894683
vt 0.844047 0.459821
vt 0.589536 0.867307
vt 0.437710 0.807964
vt 0.946454 0.014620
vt 0.690431 0.926170
vt 0.930901 0.249992
vt 0.950853 0.492250
vt 0.155540 0.571244
vt 0.949483 0.249992
vt 0.505162 0.607002
vt 0.788988 0.572690
vt 0.802023 0.629213
vt 0.768521 0.914129
vt 0.921221 0.808973
vt 0.319475 0.610054
vt 0.673916 0.098644
vt 0.966000 0.014620
vt 0.317411 0.761251
vt 0.968058 0.376631
vt 0.902504 0.696105
vt 0.902504 0.629213
vt 0.293871 0.918301
vt 0.961140 0.743454
vt 0.961140 0.743454
vt 0.303118 0.975909
vt 0.968711 0.619573
vt 0.285499 0.975909
vt 0.968058 0.376631
vt 0.187549 0.981002
vt 0.187549 0.976047
vt 0.973172 0.619573
vt 0.107229 0.940916
vt 0.232534 0.975909
vt 0.415117 0.975910
vt 0.416494 0.975909
vt 0.413260 0.980727
vt 0.974186 0.439944
vt 0.209358 0.941564
vt 0.241137 0.975909
vt 0.974327 0.100018
vt 0.096342 0.946905
vt 0.976186 0.081851
vt 0.207103 0.976049
vt 0.018582 0.965931
vt 0.974322 0.339282
vt 0.130485 0.909638
vt 0.976278 0.318170
vt 0.970014 0.492284
vt 0.301909 0.939416
vt 0.341328 0.975909
vt 0.357226 0.982991
vt 0.015192 0.975910
vt 0.826378 0.930945
vt 0.018048 0.975910
vt 0.819696 0.930947
vt 0.351170 0.975909
vt 0.354955 0.982991
vt 0.084483 0.975912
vt 0.189911 0.944334
vt 0.079801 0.975912
vt 0.312590 0.943426
vt 0.191267 0.981002
vt 0.191267 0.976047
vt 0.973366 0.217739
vt 0.561872 0.941637
vt 0.415530 0.975910
vt 0.417732 0.975910
vt 0.413534 0.980727
vt 0.973805 0.920734
vt 0.102272 0.940916
vt 0.242857 0.975909
vt 0.974354 0.827135
vt 0.871249 0.946503
vt 0.976213 0.808968
vt 0.208962 0.976048
vt 0.007570 0.965931
vt 0.974327 0.081710
vt 0.139019 0.909638
vt 0.976283 0.060598
vt 0.042148 0.961774
vt 0.312590 0.943407
vt 0.885985 0.719369
vt 0.353441 0.975909
vt 0.357983 0.982991
vt 0.013764 0.975910
vt 0.833057 0.930945
vt 0.019476 0.975910
vt 0.216792 0.926022
vt 0.356469 0.982991
vt 0.085652 0.975912
vt 0.172056 0.944334
vt 0.080386 0.975912
vt 0.642257 0.944081
vt 0.967472 0.883157
vt 0.364834 0.975909
vt 0.968196 0.500508
vt 0.367036 0.975909
vt 0.242670 0.700691
vt 0.599312 0.448716
vt 0.229869 0.695258
vt 0.909111 0.723909
vt 0.574534 0.207938
vt 0.805918 0.208757
vt 0.657946 0.212714
vt 0.918231 0.614751
vt 0.443904 0.959721
vt 0.382272 0.959859
vt 0.961595 0.238982
vt 0.645578 0.448716
vt 0.438398 0.894683
vt 0.482450 0.224357
vt 0.444592 0.894683
vt 0.753847 0.938248
vt 0.934067 0.014620
vt 0.524432 0.224356
vt 0.432204 0.894683
vt 0.953528 0.014453
vt 0.727253 0.938250
vt 0.734315 0.878352
vt 0.283167 0.933778
vt 0.934067 0.113036
vt 0.941139 0.014453
vt 0.777797 0.938246
vt 0.319475 0.834416
vt 0.895526 0.085510
vt 0.426011 0.894683
vt 0.913833 0.154329
vt 0.914476 0.877792
vt 0.901720 0.085510
vt 0.526359 0.000000
vt 0.224848 0.937778
vt 0.815747 0.098419
vt 0.933199 0.629213
vt 0.815747 0.000000
vt 0.932271 0.499821
vt 0.469368 0.894683
vt 0.066896 0.785374
vt 0.847445 0.840500
vt 0.802022 0.742081
vt 0.243082 0.876264
vt 0.901714 0.401404
vt 0.937095 0.249992
vt 0.427943 -0.000000
vt 0.933612 0.770293
vt 0.426016 0.224356
vt 0.250515 0.637318
vt 0.591328 0.224356
vt 0.970260 0.439944
vt 0.928148 0.154329
vt 0.327597 0.725399
vt 0.524432 0.224449
vt 0.957191 0.014620
vt 0.066896 0.648384
vt 0.957191 0.249985
vt 0.890211 0.066892
vt 0.890211 0.000000
vt 0.121951 0.909390
vt 0.930901 0.014620
vt 0.294309 0.975909
vt 0.961451 0.252755
vt 0.296511 0.975909
vt 0.959249 0.252755
vt 0.198702 0.981002
vt 0.198703 0.976047
vt 0.973463 0.731254
vt 0.518516 0.942325
vt 0.235975 0.975909
vt 0.415392 0.975910
vt 0.417182 0.975909
vt 0.413397 0.980727
vt 0.973875 0.846406
vt 0.705121 0.941901
vt 0.244578 0.975909
vt 0.974357 0.722857
vt 0.745602 0.947313
vt 0.976216 0.704690
vt 0.210821 0.976048
vt 0.903012 0.085061
vt 0.974322 0.296553
vt 0.845298 0.909570
vt 0.976278 0.275442
vt 0.600989 0.962628
vt 0.293871 0.939416
vt 0.911352 0.376763
vt 0.350413 0.975909
vt 0.351927 0.982991
vt 0.014478 0.975910
vt 0.128630 0.931014
vt 0.018762 0.975910
vt 0.327599 0.926219
vt 0.345113 0.975909
vt 0.082728 0.975912
vt 0.178250 0.944334
vt 0.082143 0.975912
vt 0.203025 0.942959
vt 0.183831 0.981002
vt 0.183832 0.976047
vt 0.974101 0.592100
vt 0.337787 0.942172
vt 0.254901 0.975909
vt 0.415667 0.975910
vt 0.416907 0.975909
vt 0.412986 0.980727
vt 0.973805 0.944410
vt 0.342743 0.942172
vt 0.249739 0.975909
vt 0.974350 0.518814
vt 0.221885 0.947494
vt 0.976209 0.500647
vt 0.203385 0.976049
vt 0.364488 0.966846
vt 0.817439 0.975907
vt 0.149893 0.911565
vt 0.819394 0.954795
vt 0.376657 0.962315
vt 0.719215 0.935254
vt 0.976278 0.406597
vt 0.900438 0.719369
vt 0.354198 0.975909
vt 0.355712 0.982991
vt 0.017334 0.975910
vt 0.083469 0.931569
vt 0.020190 0.975910
vt 0.233785 0.926439
vt 0.344356 0.975909
vt 0.349656 0.982991
vt 0.083313 0.975912
vt 0.165863 0.944334
vt 0.079216 0.975912
vt 0.647728 0.944081
vt 0.959393 0.238982
vt 0.961451 0.252755
vt 0.954988 0.014620
vt 0.930901 0.154329
vt 0.591328 0.448716
vt 0.592152 0.207938
vt 0.895029 0.066892
vt 0.583343 0.207938
vt 0.797935 0.208758
vt 0.907914 0.074223
vt 0.934945 0.000000
vt 0.971009 0.000000
vt 0.945311 0.959899
vt 0.963653 0.477115
vt 0.896169 0.925161
vt 0.792937 0.949919
vt 0.760357 0.098555
vt 0.792937 0.859074
vt 0.940261 0.014620
vt 0.418445 0.448713
vt 0.413623 0.894683
vt 0.934945 0.014453
vt 0.042257 0.949134
vt 0.048176 0.735097
vt 0.141359 0.932927
vt 0.940260 0.105465
vt 0.920296 0.443248
vt 0.419817 0.894683
vt 0.000000 0.962215
vt 0.030695 0.949135
vt 0.914102 0.559696
vt 0.474880 0.448714
vt 0.921814 0.400025
vt 0.074935 0.932933
vt 0.921223 0.629213
vt 0.509291 0.448713
vt 0.786743 0.859074
vt 0.463174 0.894683
vt 0.617481 0.895887
vt 0.939392 0.629213
vt 0.698788 0.787504
vt 0.938465 0.401404
vt 0.456980 0.894683
vt 0.642257 0.895887
vt 0.327599 0.807964
vt 0.939806 0.770293
vt 0.000000 0.788091
vt 0.938465 0.492250
vt 0.907908 0.559696
vt 0.915619 0.218472
vt 0.944659 0.401404
vt 0.159669 0.412955
vt 0.943289 0.249992
vt 0.250515 0.412955
vt 0.716586 0.382648
vt 0.698788 0.629213
vt 0.956366 0.336708
vt 0.889523 0.161312
vt 0.698788 0.727768
vt 0.605093 0.459910
vt 0.963653 0.422051
vt 0.673916 0.169356
vt 0.961141 0.939591
vt 0.902501 0.808973
vt 0.902501 0.742081
vt 0.896900 0.376763
vt 0.601927 0.892769
vt 0.055884 0.735097
vt 0.300915 0.975909
vt 0.965856 0.252755
vt 0.278892 0.975909
vt 0.963798 0.014620
vt 0.189408 0.981002
vt 0.189408 0.976047
vt 0.973172 0.643248
vt 0.350175 0.942860
vt 0.415254 0.975910
vt 0.416631 0.975909
vt 0.412575 0.980727
vt 0.973172 0.666924
vt 0.537097 0.942325
vt 0.974350 0.537121
vt 0.332692 0.947691
vt 0.976209 0.518954
vt 0.205244 0.976049
vt 0.946000 0.966025
vt 0.845299 0.930684
vt 0.828230 0.909570
vt 0.847254 0.909572
vt 0.594795 0.962629
vt 0.862545 0.217953
vt 0.871533 0.719369
vt 0.339814 0.975909
vt 0.342085 0.975909
vt 0.015906 0.975910
vt 0.839736 0.930945
vt 0.020904 0.975910
vt 0.802022 0.928882
vt 0.345870 0.975909
vt 0.348899 0.975909
vt 0.083898 0.975912
vt 0.196831 0.944334
vt 0.080972 0.975912
vt 0.653199 0.944081
vt 0.185690 0.981002
vt 0.973230 0.101332
vt 0.523472 0.942325
vt 0.416356 0.975910
vt 0.416769 0.975909
vt 0.412712 0.980727
vt 0.973159 0.193582
vt 0.528429 0.942325
vt 0.974350 0.555429
vt 0.751796 0.947313
vt 0.976209 0.537262
vt 0.201526 0.976049
vt 0.920736 0.966731
vt 0.974322 0.317917
vt 0.836764 0.909570
vt 0.976278 0.296806
vt 0.047516 0.962461
vt 0.711176 0.935254
vt 0.342085 0.975909
vt 0.343599 0.975909
vt 0.016620 0.975910
vt 0.121951 0.931014
vt 0.021617 0.975910
vt 0.920736 0.927227
vt 0.345113 0.975909
vt 0.352684 0.975909
vt 0.085067 0.975912
vt 0.184444 0.944334
vt 0.081557 0.975912
vt 0.159669 0.944335
vt 0.115758 0.883793
vt 0.324978 0.851408
vt 0.477626 0.949742
vt 0.922007 0.000000
vt 0.463174 0.949742
vt 0.260063 0.982172
vt 0.771025 0.454913
vt 0.261372 0.976257
vt 0.121885 0.884141
vt 0.024776 0.878939
vt 0.567927 0.896902
vt 0.242257 0.651901
vt 0.472809 0.949742
vt 0.670334 0.169356
vt 0.048451 0.949134
vt 0.262681 0.982172
vt 0.908767 0.740840
vt 0.263989 0.976257
vt 0.055680 0.735445
vt 0.350035 0.898813
vt 0.269391 0.975913
vt 0.150722 0.684112
vt 0.517550 0.607002
vt 0.467991 0.949742
vt 0.521679 0.448713
vt 0.036889 0.949135
vt 0.261372 0.982172
vt 0.065313 0.887884
vt 0.262681 0.976257
vt 0.159669 0.813560
vt 0.907914 0.154329
vt 0.268082 0.975913
vt 0.882054 0.938569
vt 0.876689 0.901059
vt 0.603098 0.150814
vt 0.931248 0.362860
vt 0.092626 0.909258
vt 0.639749 0.222902
vt 0.032767 0.983204
vt 0.728837 0.451746
vt 0.034695 0.976187
vt 0.127052 0.976188
vt 0.668269 0.224000
vt 0.887770 0.938569
vt 0.882405 0.901059
vt 0.840262 0.572690
vt 0.225673 0.900268
vt 0.488298 0.894683
vt 0.636033 0.222902
vt 0.034695 0.983204
vt 0.734893 0.451746
vt 0.036623 0.976187
vt 0.128981 0.976188
vt 0.734893 0.458490
vt 0.790047 0.967817
vt 0.208875 0.942941
vt 0.792870 0.962314
vt 0.876009 0.922604
vt 0.938465 0.583096
vt 0.249276 0.630574
vt 0.065657 0.670407
vt 0.711906 0.599530
vt 0.249276 0.652534
vt 0.691948 0.599530
vt 0.249276 0.652527
vt 0.317273 0.610811
vt 0.250449 0.631338
vt 0.058295 0.976675
vt 0.866156 0.922256
vt 0.315372 0.980247
vt 0.920876 0.876417
vt 0.314136 0.975909
vt 0.791081 0.950267
vt 0.028707 0.975909
vt 0.375735 0.950365
vt 0.316958 0.980246
vt 0.091731 0.943944
vt 0.797275 0.950267
vt 0.027468 0.975909
vt 0.315722 0.975909
vt 0.505153 0.968110
vt 0.091177 0.953248
vt 0.509490 0.946091
vt 0.312550 0.975909
vt 0.065657 0.670407
vt 0.856804 0.942016
vt 0.503234 0.806579
vt 0.802022 0.909322
vt 0.371855 0.975909
vt 0.199667 0.975909
vt 0.371374 0.975909
vt 0.199185 0.975909
vt 0.412451 0.976715
vt 0.412235 0.976840
vt 0.411985 0.976840
vt 0.411645 0.976499
vt 0.411645 0.976250
vt 0.411769 0.976034
vt 0.412235 0.975909
vt 0.412451 0.976034
vt 0.412575 0.976250
vt 0.410714 0.976250
vt 0.410839 0.976034
vt 0.411055 0.975909
vt 0.411520 0.976034
vt 0.411645 0.976250
vt 0.411645 0.976499
vt 0.411304 0.976840
vt 0.411055 0.976840
vt 0.410839 0.976715
vt 0.389566 0.980591
vt 0.381750 0.980589
vt 0.389566 0.975909
vt 0.407619 0.980589
vt 0.950934 0.238237
vt 0.536549 0.942600
vt 0.952587 0.211537
vt 0.370892 0.976188
vt 0.155540 0.833321
vt 0.919572 0.718196
vt 0.092278 0.909464
vt 0.921018 0.696313
vt 0.087684 0.976118
vt 0.149893 0.933203
vt 0.371855 0.975909
vt 0.077151 0.975909
vt 0.066828 0.975909
vt 0.068893 0.975909
vt 0.062699 0.975909
vt 0.373920 0.975909
vt 0.075087 0.975909
vt 0.073022 0.975909
vt 0.070957 0.975909
vt 0.064764 0.975909
vt 0.750998 0.458289
vt 0.756083 0.458909
vt 0.755600 0.451697
vt 0.741000 0.451699
vt 0.750613 0.451474
vt 0.745747 0.451475
vt 0.363124 0.979024
vt 0.357987 0.979024
vt 0.361412 0.979024
vt 0.359700 0.979024
vt 0.712687 0.629128
vt 0.716035 0.628508
vt 0.651202 0.223046
vt 0.653926 0.219297
vt 0.650423 0.219297
vt 0.712253 0.623621
vt 0.650769 0.217537
vt 0.403393 0.978152
vt 0.399588 0.978152
vt 0.402125 0.978152
vt 0.400857 0.978152
vt 0.437574 0.968323
vt 0.911999 0.961752
vt 0.078238 0.962871
vt 0.949303 0.725840
vt 0.788160 0.628160
vt 0.250515 0.954065
vt 0.441702 0.968323
vt 0.485747 0.961789
vt 0.571230 0.964211
vt 0.476388 0.967911
vt 0.811284 0.628160
vt 0.411146 0.968323
vt 0.826303 0.960884
vt 0.297174 0.963366
vt 0.479691 0.967911
vt 0.623675 0.959548
vt 0.611287 0.959548
vt 0.627391 0.968151
vt 0.714480 0.961820
vt 0.300478 0.963366
vt 0.033998 0.967992
vt 0.426011 0.959721
vt 0.024776 0.959118
vt 0.630695 0.968151
vt 0.717783 0.961820
vt 0.303781 0.963366
vt 0.045560 0.967992
vt 0.933199 0.768056
vt 0.116104 0.955712
vt 0.620784 0.968151
vt 0.237089 0.962112
vt 0.307087 0.963366
vt 0.003303 0.967996
vt 0.432204 0.959721
vt 0.734315 0.955887
vt 0.633998 0.968151
vt 0.721087 0.961820
vt 0.206329 0.964294
vt 0.006607 0.967996
vt 0.802022 0.958820
vt 0.074935 0.954268
vt 0.414449 0.968323
vt 0.070200 0.961068
vt 0.057326 0.963450
vt 0.015691 0.967996
vt 0.629869 0.959548
vt 0.243082 0.958850
vt 0.637302 0.968151
vt 0.040192 0.961523
vt 0.584371 0.962982
vt 0.860381 0.967972
vt 0.419404 0.959721
vt 0.802022 0.958820
vt 0.640605 0.968151
vt 0.454089 0.961167
vt 0.764667 0.963406
vt 0.747419 0.139436
vt 0.636063 0.959548
vt 0.811658 0.954545
vt 0.417753 0.968323
vt 0.839592 0.960883
vt 0.773943 0.963407
vt 0.665519 0.968012
vt 0.438398 0.959721
vt 0.444592 0.958881
vt 0.380070 0.968461
vt 0.737618 0.964490
vt 0.953918 0.727629
vt 0.265584 0.954657
vt 0.943109 0.968502
vt 0.850748 0.963418
vt 0.955497 0.769535
vt 0.817066 0.628160
vt 0.224848 0.958425
vt 0.404539 0.968323
vt 0.832985 0.960883
vt 0.153196 0.963141
vt 0.923331 0.217233
vt 0.934067 0.248272
vt 0.624088 0.968151
vt 0.836288 0.960883
vt 0.119407 0.964315
vt 0.668823 0.968012
vt 0.376767 0.959859
vt 0.895427 0.956599
vt 0.954786 0.249664
vt 0.460696 0.961167
vt 0.560087 0.964623
vt 0.322695 0.968197
vt 0.605093 0.959548
vt 0.959722 0.000000
vt 0.955497 0.763755
vt 0.724393 0.961820
vt 0.138613 0.963719
vt 0.957221 0.727629
vt 0.950853 0.401404
vt 0.727253 0.958897
vt 0.959662 0.618539
vt 0.905805 0.960379
vt 0.814961 0.963148
vt 0.744115 0.139436
vt 0.401235 0.959721
vt 0.141359 0.954262
vt 0.275081 0.967803
vt 0.891076 0.961912
vt 0.280277 0.963716
vt 0.963025 0.014384
vt 0.407429 0.959721
vt 0.777797 0.958893
vt 0.677907 0.968752
vt 0.051754 0.961523
vt 0.879646 0.963207
vt 0.599033 0.968406
vt 0.413623 0.959721
vt 0.259336 0.954676
vt 0.968806 0.008603
vt 0.829681 0.960883
vt 0.882949 0.963207
vt 0.750722 0.139436
vt 0.837940 0.952280
vt 0.421056 0.968323
vt 0.894380 0.961912
vt 0.693735 0.962646
vt 0.966328 0.014384
vt 0.939806 0.959899
vt 0.135310 0.955117
vt 0.801333 0.968842
vt 0.842895 0.960883
vt 0.105436 0.964729
vt 0.754026 0.139436
vt 0.276973 0.955113
vt 0.424360 0.968323
vt 0.125255 0.960951
vt 0.283580 0.963716
vt 0.757329 0.139436
vt 0.617481 0.959548
vt 0.127732 0.952349
vt 0.392565 0.969011
vt 0.672252 0.961431
vt 0.930721 0.964235
vt 0.469781 0.967911
vt 0.822847 0.628160
vt 0.819696 0.952281
vt 0.407842 0.968323
vt 0.466477 0.962130
vt 0.286884 0.963716
vt 0.592839 0.968407
vt 0.382654 0.960409
vt 0.283167 0.955113
vt 0.389261 0.969011
vt 0.374701 0.962064
vt 0.886253 0.963207
vt 0.253818 0.968449
vt 0.388848 0.960409
vt 0.933612 0.955425
vt 0.337584 0.969013
vt 0.128558 0.960951
vt 0.865958 0.963898
vt 0.926634 0.217233
vt 0.828628 0.628160
vt 0.914476 0.955561
vt 0.427663 0.968323
vt 0.790047 0.961967
vt 0.268887 0.963260
vt 0.763167 0.457251
vt 0.395042 0.960409
vt 0.753847 0.958895
vt 0.921541 0.082826
vt 0.131862 0.960951
vt 0.108740 0.964729
vt 0.154025 0.841304
vt 0.826378 0.960883
vt 0.083469 0.952904
vt 0.430967 0.968323
vt 0.240392 0.962112
vt 0.936915 0.964028
vt 0.157329 0.841304
vt 0.832159 0.960883
vt 0.149893 0.954538
vt 0.920398 0.732512
vt 0.135165 0.960951
vt 0.112043 0.964729
vt 0.942283 0.768055
vt 0.834409 0.628160
vt 0.121951 0.952348
vt 0.920398 0.741114
vt 0.796241 0.961967
vt 0.855771 0.964038
vt 0.473084 0.967911
vt 0.799722 0.628160
vt 0.595730 0.954023
vt 0.417619 0.716775
vt 0.398345 0.960409
vt 0.262639 0.963279
vt 0.942696 0.725840
vt 0.355954 0.959071
vt 0.355954 0.959071
vt 0.385958 0.969011
vt 0.964306 0.960933
vt 0.144662 0.962865
vt 0.945587 0.768055
vt 0.805503 0.628160
vt 0.605093 0.959548
vt 0.434270 0.968323
vt 0.086772 0.961507
vt 0.917780 0.964164
vt 0.945999 0.725840
vt 0.024776 0.959118
vt 0.678320 0.957140
vt 0.227303 0.975909
vt 0.134211 0.975909
vt 0.222899 0.975909
vt 0.128981 0.975909
vt 0.087684 0.979488
vt 0.108331 0.975909
vt 0.396488 0.975909
vt 0.386223 0.975909
vt 0.391120 0.975909
vt 0.383539 0.975909
vt 0.111772 0.975909
vt 0.397383 0.975909
vt 0.387118 0.975909
vt 0.382644 0.975909
vt 0.149902 0.975909
vt 0.410026 0.975909
vt 0.139441 0.975909
vt 0.407961 0.975909
vt 0.152517 0.975909
vt 0.408994 0.975909
vt 0.142057 0.975909
vt 0.229506 0.975909
vt 0.136826 0.975909
vt 0.225101 0.975909
vt 0.131596 0.975909
vt 0.098007 0.979488
vt 0.104890 0.975909
vt 0.394699 0.975909
vt 0.388013 0.975909
vt 0.393804 0.975909
vt 0.385329 0.975909
vt 0.101448 0.975909
vt 0.388907 0.975909
vt 0.392015 0.975909
vt 0.384434 0.975909
vt 0.155132 0.975909
vt 0.410370 0.975909
vt 0.144672 0.975909
vt 0.157747 0.975909
vt 0.409338 0.975909
vt 0.147287 0.975909
vt 0.409682 0.975909
vt 0.115213 0.979488
vt 0.339814 0.975909
vt 0.323914 0.975909
vt 0.338162 0.975909
vt 0.322262 0.975909
vt 0.526359 0.224041
vt 0.530488 0.219636
vt 0.407137 0.975909
vt 0.405898 0.975909
vt 0.406518 0.975909
vt 0.405279 0.975909
s 0
g st_maria_praca_TH_RENDER_EnvironmentBakedAtlas
usemtl EnvironmentBakedAtlas
f 2/1/1 39/2/1 1/3/1
f 3/4/1 40/5/1 2/1/1
f 4/6/1 41/7/1 3/4/1
f 5/8/1 42/9/1 4/6/1
f 6/10/1 43/11/1 5/8/1
f 7/12/1 44/13/1 6/10/1
f 8/14/1 45/15/1 7/12/1
f 9/16/1 46/17/1 8/14/1
f 10/18/1 47/19/1 9/16/1
f 11/20/1 48/21/1 10/18/1
f 12/22/1 49/23/1 11/20/1
f 13/24/1 50/25/1 12/22/1
f 14/26/1 51/27/1 13/24/1
f 15/28/1 52/29/1 14/26/1
f 16/30/1 53/31/1 15/28/1
f 17/32/1 54/33/1 16/30/1
f 18/34/1 55/35/1 17/32/1
f 19/36/1 56/37/1 18/34/1
f 20/38/1 57/39/1 19/36/1
f 21/40/1 58/41/1 20/38/1
f 22/42/1 59/43/1 21/40/1
f 23/44/1 60/45/1 22/42/1
f 24/46/1 61/47/1 23/44/1
f 25/48/1 62/49/1 24/46/1
f 26/50/1 63/51/1 25/48/1
f 27/52/1 64/53/1 26/50/1
f 28/54/1 65/55/1 27/52/1
f 29/56/1 66/57/1 28/54/1
f 30/58/1 67/59/1 29/56/1
f 31/60/1 68/61/1 30/58/1
f 32/62/1 69/63/1 31/60/1
f 33/64/1 70/65/1 32/62/1
f 34/66/1 71/67/1 33/64/1
f 35/68/1 72/69/1 34/66/1
f 36/70/1 73/71/1 35/68/1
f 37/72/1 74/73/1 36/70/1
f 38/74/1 75/75/1 37/72/1
f 40/5/1 77/76/1 39/2/1
f 41/7/1 78/77/1 40/5/1
f 42/9/1 79/78/1 41/7/1
f 43/11/1 80/79/1 42/9/1
f 44/13/1 81/80/1 43/11/1
f 45/15/1 82/81/1 44/13/1
f 46/17/1 83/82/1 45/15/1
f 47/19/1 84/83/1 46/17/1
f 48/21/1 85/84/1 47/19/1
f 49/23/1 86/85/1 48/21/1
f 50/25/1 87/86/1 49/23/1
f 51/27/1 88/87/1 50/25/1
f 52/29/1 89/88/1 51/27/1
f 53/31/1 90/89/1 52/29/1
f 54/33/1 91/90/1 53/31/1
f 55/35/1 92/91/1 54/33/1
f 56/37/1 93/92/1 55/35/1
f 57/39/1 94/93/1 56/37/1
f 58/41/1 95/94/1 57/39/1
f 59/43/1 96/95/1 58/41/1
f 60/45/1 97/96/1 59/43/1
f 61/47/1 98/97/1 60/45/1
f 62/49/1 99/98/1 61/47/1
f 63/51/1 100/99/1 62/49/1
f 64/53/1 101/100/1 63/51/1
f 65/55/1 102/101/1 64/53/1
f 66/57/1 103/102/1 65/55/1
f 67/59/1 104/103/1 66/57/1
f 68/61/1 105/104/1 67/59/1
f 69/63/1 106/105/1 68/61/1
f 70/65/1 107/106/1 69/63/1
f 71/67/1 108/107/1 70/65/1
f 72/69/1 109/108/1 71/67/1
f 73/71/1 110/109/1 72/69/1
f 74/73/1 111/110/1 73/71/1
f 75/75/1 112/111/1 74/73/1
f 76/112/1 113/113/1 75/75/1
f 78/77/2 115/114/2 77/76/2
f 79/78/2 116/115/2 78/77/2
f 80/79/2 117/116/2 79/78/2
f 81/80/2 118/117/2 80/79/2
f 82/81/2 119/118/2 81/80/2
f 83/82/2 120/119/2 82/81/2
f 84/83/2 121/120/2 83/82/2
f 85/84/2 122/121/2 84/83/2
f 86/85/2 123/122/2 85/84/2
f 87/86/2 124/123/2 86/85/2
f 88/87/2 125/124/2 87/86/2
f 89/88/2 126/125/2 88/87/2
f 90/89/2 127/126/2 89/88/2
f 91/90/2 128/127/2 90/89/2
f 92/91/2 129/128/2 91/90/2
f 93/92/2 130/129/2 92/91/2
f 94/93/2 131/130/2 93/92/2
f 95/94/2 132/131/2 94/93/2
f 96/95/2 133/132/2 95/94/2
f 97/96/2 134/133/2 96/95/2
f 98/97/2 135/134/2 97/96/2
f 99/98/2 136/135/2 98/97/2
f 100/99/2 137/136/2 99/98/2
f 101/100/2 138/137/2 100/99/2
f 102/101/2 139/138/2 101/100/2
f 103/102/2 140/139/2 102/101/2
f 104/103/2 141/140/2 103/102/2
f 105/104/2 142/141/2 104/103/2
f 106/105/2 143/142/2 105/104/2
f 107/106/2 144/143/2 106/105/2
f 108/107/2 145/144/2 107/106/2
f 109/108/2 146/145/2 108/107/2
f 110/109/2 147/146/2 109/108/2
f 111/110/2 148/147/2 110/109/2
f 112/111/2 149/148/2 111/110/2
f 113/113/2 150/149/2 112/111/2
f 114/150/2 151/151/2 113/113/2
f 116/115/1 153/152/1 115/114/1
f 117/116/1 154/153/1 116/115/1
f 118/117/1 155/154/1 117/116/1
f 119/118/1 156/155/1 118/117/1
f 120/119/1 157/156/1 119/118/1
f 121/120/1 158/157/1 120/119/1
f 122/121/1 159/158/1 121/120/1
f 123/122/1 160/159/1 122/121/1
f 124/123/1 161/160/1 123/122/1
f 125/124/1 162/161/1 124/123/1
f 126/125/1 163/162/1 125/124/1
f 127/126/1 164/163/1 126/125/1
f 128/127/1 165/164/1 127/126/1
f 129/128/1 166/165/1 128/127/1
f 130/129/1 167/166/1 129/128/1
f 131/130/1 168/167/1 130/129/1
f 132/131/1 169/168/1 131/130/1
f 133/132/1 170/169/1 132/131/1
f 134/133/1 171/170/1 133/132/1
f 135/134/1 172/171/1 134/133/1
f 136/135/1 173/172/1 135/134/1
f 137/136/1 174/173/1 136/135/1
f 138/137/1 175/174/1 137/136/1
f 139/138/1 176/175/1 138/137/1
f 140/139/1 177/176/1 139/138/1
f 141/140/1 178/177/1 140/139/1
f 142/141/1 179/178/1 141/140/1
f 143/142/1 180/179/1 142/141/1
f 144/143/1 181/180/1 143/142/1
f 145/144/1 182/181/1 144/143/1
f 146/145/1 183/182/1 145/144/1
f 147/146/1 184/183/1 146/145/1
f 148/147/1 185/184/1 147/146/1
f 149/148/1 186/185/1 148/147/1
f 150/149/1 187/186/1 149/148/1
f 151/151/1 188/187/1 150/149/1
f 152/188/1 189/189/1 151/151/1
f 154/153/1 191/190/1 153/152/1
f 155/154/1 192/191/1 154/153/1
f 156/155/1 193/192/1 155/154/1
f 157/156/1 194/193/1 156/155/1
f 158/157/1 195/194/1 157/156/1
f 159/158/1 196/195/1 158/157/1
f 160/159/1 197/196/1 159/158/1
f 161/160/1 198/197/1 160/159/1
f 162/161/1 199/198/1 161/160/1
f 163/162/1 200/199/1 162/161/1
f 164/163/1 201/200/1 163/162/1
f 165/164/1 202/201/1 164/163/1
f 166/165/1 203/202/1 165/164/1
f 167/166/1 204/203/1 166/165/1
f 168/167/1 205/204/1 167/166/1
f 169/168/1 206/205/1 168/167/1
f 170/169/1 207/206/1 169/168/1
f 171/170/1 208/207/1 170/169/1
f 172/171/1 209/208/1 171/170/1
f 173/172/1 210/209/1 172/171/1
f 174/173/1 211/210/1 173/172/1
f 175/174/1 212/211/1 174/173/1
f 176/175/1 213/212/1 175/174/1
f 177/176/1 214/213/1 176/175/1
f 178/177/1 215/214/1 177/176/1
f 179/178/1 216/215/1 178/177/1
f 180/179/1 217/216/1 179/178/1
f 181/180/1 218/217/1 180/179/1
f 182/181/1 219/218/1 181/180/1
f 183/182/1 220/219/1 182/181/1
f 184/183/1 221/220/1 183/182/1
f 185/184/1 222/221/1 184/183/1
f 186/185/1 223/222/1 185/184/1
f 187/186/1 224/223/1 186/185/1
f 188/187/1 225/224/1 187/186/1
f 189/189/1 226/225/1 188/187/1
f 190/226/1 227/227/1 189/189/1
f 234/228/1 236/229/1 233/230/1
f 230/231/3 233/232/3 229/233/3
f 231/234/4 234/235/4 230/236/4
f 232/237/5 235/238/5 231/239/5
f 232/240/6 233/241/6 236/242/6
f 238/243/1 240/244/1 237/245/1
f 234/246/3 237/247/3 233/232/3
f 235/248/4 238/249/4 234/235/4
f 236/250/5 239/251/5 235/238/5
f 233/241/6 240/252/6 236/242/6
f 242/253/1 244/254/1 241/255/1
f 238/256/3 241/257/3 237/247/3
f 239/258/4 242/259/4 238/249/4
f 240/260/5 243/261/5 239/251/5
f 237/262/6 244/263/6 240/252/6
f 235/264/1 248/265/1 236/229/1
f 245/266/4 235/248/4 231/234/4
f 246/267/5 247/268/5 245/269/5
f 232/240/6 248/270/6 246/271/6
f 250/272/7 239/273/7 240/274/7
f 243/275/1 252/276/1 244/254/1
f 249/277/4 243/278/4 239/258/4
f 250/279/5 251/280/5 249/281/5
f 240/252/6 252/282/6 250/283/6
f 247/284/1 256/285/1 248/265/1
f 253/286/4 247/287/4 245/266/4
f 254/288/5 255/289/5 253/290/5
f 254/291/6 248/270/6 256/292/6
f 249/293/1 258/294/1 250/295/1
f 247/296/3 250/297/3 248/298/3
f 255/299/4 249/277/4 247/287/4
f 256/300/5 257/301/5 255/289/5
f 248/270/6 258/302/6 256/292/6
f 251/303/1 260/304/1 252/276/1
f 257/305/4 251/306/4 249/277/4
f 258/307/5 259/308/5 257/301/5
f 250/283/6 260/309/6 258/302/6
f 255/310/1 264/311/1 256/285/1
f 261/312/4 255/299/4 253/286/4
f 262/313/5 263/314/5 261/315/5
f 254/291/6 264/316/6 262/317/6
f 266/318/7 257/319/7 258/320/7
f 259/321/1 268/322/1 260/304/1
f 257/305/4 267/323/4 259/324/4
f 266/325/5 267/326/5 265/327/5
f 258/302/6 268/328/6 266/329/6
f 263/330/1 272/331/1 264/311/1
f 269/332/4 263/333/4 261/312/4
f 270/334/5 271/335/5 269/336/5
f 262/317/6 272/337/6 270/338/6
f 265/339/1 274/340/1 266/341/1
f 263/342/3 266/343/3 264/344/3
f 271/345/4 265/346/4 263/333/4
f 272/347/5 273/348/5 271/335/5
f 264/316/6 274/349/6 272/337/6
f 267/350/1 276/351/1 268/322/1
f 273/352/4 267/323/4 265/346/4
f 274/353/5 275/354/5 273/348/5
f 266/329/6 276/355/6 274/349/6
f 271/356/1 280/357/1 272/331/1
f 277/358/4 271/345/4 269/332/4
f 278/359/5 279/360/5 277/361/5
f 270/338/6 280/362/6 278/363/6
f 287/364/7 273/365/7 274/366/7
f 275/367/1 283/368/1 276/351/1
f 281/369/4 275/370/4 273/352/4
f 287/371/5 282/372/5 281/373/5
f 274/349/6 283/374/6 287/375/6
f 279/376/1 286/377/1 280/357/1
f 284/378/4 279/379/4 277/358/4
f 330/380/5 285/381/5 284/382/5
f 278/363/6 286/383/6 330/384/6
f 281/385/1 289/386/1 287/387/1
f 279/388/3 287/389/3 280/390/3
f 285/391/4 281/369/4 279/379/4
f 286/392/5 288/393/5 285/381/5
f 280/362/6 289/394/6 286/383/6
f 282/395/1 291/396/1 283/368/1
f 288/397/4 282/398/4 281/369/4
f 289/399/5 290/400/5 288/393/5
f 287/375/6 291/401/6 289/394/6
f 295/402/7 293/403/7 292/404/7
f 297/405/1 299/406/1 296/407/1
f 293/408/3 296/409/3 292/410/3
f 294/411/4 297/412/4 293/413/4
f 295/414/5 298/415/5 294/416/5
f 292/417/6 299/418/6 295/419/6
f 303/420/7 301/421/7 300/422/7
f 305/423/1 307/424/1 304/425/1
f 301/426/3 304/427/3 300/428/3
f 302/429/4 305/430/4 301/431/4
f 303/432/5 306/433/5 302/434/5
f 300/435/6 307/436/6 303/437/6
f 311/438/7 309/439/7 308/440/7
f 313/441/1 315/442/1 312/443/1
f 309/444/3 312/445/3 308/446/3
f 310/447/4 313/448/4 309/449/4
f 311/450/5 314/451/5 310/452/5
f 308/453/6 315/454/6 311/455/6
f 317/456/7 316/457/7 741/458/7
f 312/443/1 306/459/1 305/423/1
f 316/460/3 305/461/3 741/462/3
f 742/463/4 312/464/4 316/465/4
f 317/466/5 315/467/5 742/468/5
f 741/469/6 306/470/6 317/471/6
f 323/472/1 325/473/1 322/474/1
f 319/475/3 322/476/3 318/477/3
f 320/478/4 323/479/4 319/480/4
f 321/481/5 324/482/5 320/483/5
f 318/484/6 325/485/6 321/486/6
f 319/487/1 330/488/1 229/489/1
f 327/490/3 229/491/3 326/492/3
f 329/493/5 320/494/5 328/495/5
f 326/496/6 330/497/6 329/498/6
f 334/499/7 332/500/7 331/501/7
f 336/502/1 338/503/1 335/504/1
f 332/505/3 335/506/3 331/507/3
f 333/508/4 336/509/4 332/510/4
f 334/511/5 337/512/5 333/513/5
f 331/514/6 338/515/6 334/516/6
f 341/517/8 340/518/8 339/519/8
f 343/520/9 342/521/9 341/517/9
f 349/522/4 344/523/4 343/524/4
f 347/525/10 350/526/10 349/527/10
f 345/528/11 348/529/11 347/525/11
f 339/530/6 346/531/6 345/532/6
f 339/533/3 347/534/3 341/535/3
f 347/534/3 343/536/3 341/535/3
f 340/537/5 348/538/5 346/539/5
f 344/540/5 348/538/5 342/541/5
f 351/542/5 352/543/5 353/544/5
f 356/545/3 355/546/3 354/547/3
f 360/548/7 358/549/7 357/550/7
f 362/551/1 364/552/1 361/553/1
f 358/554/3 361/555/3 357/556/3
f 359/557/4 362/558/4 358/559/4
f 360/560/5 363/561/5 359/562/5
f 357/563/6 364/564/6 360/565/6
f 371/566/12 372/567/12 373/568/12
f 377/569/13 378/570/13 379/571/13
f 380/572/14 381/573/14 382/574/14
f 383/575/15 384/576/15 385/577/15
f 386/578/16 387/579/16 388/580/16
f 369/581/17 365/582/17 367/583/17
f 376/584/18 371/585/18 373/586/18
f 387/587/19 377/569/19 379/571/19
f 380/572/20 379/571/20 378/570/20
f 383/588/21 382/574/21 381/573/21
f 378/589/22 366/590/22 365/591/22
f 381/592/23 368/593/23 370/594/23
f 384/576/24 372/567/24 371/566/24
f 386/578/25 375/595/25 374/596/25
f 368/593/3 378/597/3 365/582/3
f 376/598/7 369/599/7 367/600/7
f 366/590/6 386/601/6 374/602/6
f 372/567/4 381/603/4 370/604/4
f 375/595/5 384/605/5 371/585/5
f 392/606/26 393/607/26 394/608/26
f 395/609/27 396/610/27 397/611/27
f 401/612/13 402/613/13 403/614/13
f 404/615/14 405/616/14 406/617/14
f 407/618/15 408/619/15 409/620/15
f 410/621/16 411/622/16 412/623/16
f 393/607/17 389/624/17 391/625/17
f 400/626/18 395/627/18 397/628/18
f 397/611/28 394/629/28 393/630/28
f 411/631/19 401/612/19 403/614/19
f 407/632/21 406/617/21 405/616/21
f 412/633/29 409/634/29 408/635/29
f 402/636/22 390/637/22 389/638/22
f 405/639/23 392/606/23 394/608/23
f 408/619/24 396/610/24 395/609/24
f 410/621/25 399/640/25 398/641/25
f 392/606/3 402/642/3 389/624/3
f 400/643/7 393/644/7 391/645/7
f 390/637/6 410/646/6 398/647/6
f 396/610/4 405/648/4 394/629/4
f 399/640/5 408/649/5 395/627/5
f 413/650/30 414/651/30 415/652/30
f 416/653/31 417/654/31 418/655/31
f 419/656/27 420/657/27 421/658/27
f 422/659/32 423/660/32 424/661/32
f 425/662/33 426/663/33 427/664/33
f 428/665/34 429/666/34 430/667/34
f 431/668/35 432/669/35 433/670/35
f 434/671/36 435/672/36 436/673/36
f 417/654/17 413/674/17 415/675/17
f 422/676/37 415/652/37 414/651/37
f 424/661/18 419/677/18 421/678/18
f 421/658/28 418/679/28 417/680/28
f 435/681/19 425/662/19 427/664/19
f 428/665/20 427/664/20 426/663/20
f 431/682/21 430/667/21 429/666/21
f 436/683/29 433/684/29 432/685/29
f 426/686/22 414/651/22 413/650/22
f 429/687/23 416/653/23 418/655/23
f 432/669/38 420/657/38 419/656/38
f 434/671/25 423/660/25 422/659/25
f 416/653/3 426/688/3 413/674/3
f 424/689/7 417/690/7 415/691/7
f 414/651/6 434/692/6 422/676/6
f 420/657/4 429/693/4 418/679/4
f 423/660/5 432/694/5 419/677/5
f 430/667/1 435/681/1 427/664/1
f 437/695/39 438/696/39 439/697/39
f 443/698/12 444/699/12 445/700/12
f 446/701/40 447/702/40 448/703/40
f 449/704/13 450/705/13 451/706/13
f 452/707/14 453/708/14 454/709/14
f 455/710/15 456/711/15 457/712/15
f 458/713/16 459/714/16 460/715/16
f 441/716/17 437/717/17 439/718/17
f 446/719/37 439/697/37 438/696/37
f 448/703/18 443/720/18 445/721/18
f 445/700/28 442/722/28 441/723/28
f 459/724/19 449/704/19 451/706/19
f 452/707/20 451/706/20 450/705/20
f 455/725/21 454/709/21 453/708/21
f 460/726/29 457/727/29 456/728/29
f 450/729/22 438/696/22 437/695/22
f 456/711/38 444/699/38 443/698/38
f 458/713/25 447/702/25 446/701/25
f 440/730/3 450/731/3 437/717/3
f 448/732/7 441/733/7 439/734/7
f 438/696/6 458/735/6 446/719/6
f 444/699/4 453/736/4 442/722/4
f 447/702/5 456/737/5 443/720/5
f 454/709/1 459/724/1 451/706/1
f 462/738/6 464/739/6 461/740/6
f 468/741/7 466/742/7 465/743/7
f 470/744/1 472/745/1 469/746/1
f 466/747/41 469/748/41 465/749/41
f 467/750/42 470/751/42 466/752/42
f 468/753/43 471/754/43 467/755/43
f 465/756/44 472/757/44 468/758/44
f 476/759/7 474/760/7 473/761/7
f 478/762/1 480/763/1 477/764/1
f 474/765/45 477/766/45 473/767/45
f 475/768/46 478/769/46 474/770/46
f 476/771/47 479/772/47 475/773/47
f 473/774/48 480/775/48 476/776/48
f 484/777/26 485/778/26 486/779/26
f 487/780/12 488/781/12 489/782/12
f 493/783/13 494/784/13 495/785/13
f 496/786/14 497/787/14 498/788/14
f 499/789/15 500/790/15 501/791/15
f 502/792/16 503/793/16 504/794/16
f 485/778/17 481/795/17 483/796/17
f 492/797/18 487/798/18 489/799/18
f 489/782/28 486/800/28 485/801/28
f 503/802/19 493/783/19 495/785/19
f 496/786/20 495/785/20 494/784/20
f 499/803/21 498/788/21 497/787/21
f 494/804/22 482/805/22 481/806/22
f 497/807/23 484/777/23 486/779/23
f 500/790/24 488/781/24 487/780/24
f 502/792/25 491/808/25 490/809/25
f 484/777/3 494/810/3 481/795/3
f 492/811/7 485/812/7 483/813/7
f 482/805/6 502/814/6 490/815/6
f 488/781/4 497/816/4 486/800/4
f 491/808/5 500/817/5 487/798/5
f 508/818/26 509/819/26 510/820/26
f 511/821/12 512/822/12 513/823/12
f 517/824/13 518/825/13 519/826/13
f 520/827/14 521/828/14 522/829/14
f 523/830/15 524/831/15 525/832/15
f 526/833/16 527/834/16 528/835/16
f 509/819/17 505/836/17 507/837/17
f 516/838/18 511/839/18 513/840/18
f 513/823/28 510/841/28 509/842/28
f 527/843/19 517/824/19 519/826/19
f 523/844/21 522/829/21 521/828/21
f 528/845/29 525/846/29 524/847/29
f 518/848/22 506/849/22 505/850/22
f 521/851/23 508/818/23 510/820/23
f 524/831/24 512/822/24 511/821/24
f 526/833/25 515/852/25 514/853/25
f 508/818/3 518/854/3 505/836/3
f 516/855/7 509/856/7 507/857/7
f 506/849/6 526/858/6 514/859/6
f 512/822/4 521/860/4 510/841/4
f 515/852/5 524/861/5 511/839/5
f 529/862/39 530/863/39 531/864/39
f 532/865/26 533/866/26 534/867/26
f 535/868/12 536/869/12 537/870/12
f 538/871/40 539/872/40 540/873/40
f 541/874/13 542/875/13 543/876/13
f 544/877/14 545/878/14 546/879/14
f 547/880/15 548/881/15 549/882/15
f 550/883/16 551/884/16 552/885/16
f 533/866/17 529/886/17 531/887/17
f 538/888/37 531/864/37 530/863/37
f 540/873/18 535/889/18 537/890/18
f 537/870/28 534/891/28 533/892/28
f 551/893/19 541/874/19 543/876/19
f 544/877/20 543/876/20 542/875/20
f 547/894/21 546/879/21 545/878/21
f 552/895/29 549/896/29 548/897/29
f 542/898/22 530/863/22 529/862/22
f 545/899/23 532/865/23 534/867/23
f 548/881/38 536/869/38 535/868/38
f 550/883/25 539/872/25 538/871/25
f 532/865/3 542/900/3 529/886/3
f 540/901/7 533/902/7 531/903/7
f 530/863/6 550/904/6 538/888/6
f 536/869/4 545/905/4 534/891/4
f 539/872/5 548/906/5 535/889/5
f 546/879/1 551/893/1 543/876/1
f 553/907/39 554/908/39 555/909/39
f 556/910/26 557/911/26 558/912/26
f 559/913/27 560/914/27 561/915/27
f 562/916/32 563/917/32 564/918/32
f 565/919/13 566/920/13 567/921/13
f 568/922/14 569/923/14 570/924/14
f 571/925/35 572/926/35 573/927/35
f 574/928/36 575/929/36 576/930/36
f 557/911/17 553/931/17 555/932/17
f 562/933/37 555/909/37 554/908/37
f 564/918/18 559/934/18 561/935/18
f 561/915/28 558/936/28 557/937/28
f 575/938/19 565/919/19 567/921/19
f 568/922/20 567/921/20 566/920/20
f 571/939/21 570/924/21 569/923/21
f 576/940/29 573/941/29 572/942/29
f 566/943/22 554/908/22 553/907/22
f 569/944/23 556/910/23 558/912/23
f 572/926/38 560/914/38 559/913/38
f 574/928/25 563/917/25 562/916/25
f 556/910/3 566/945/3 553/931/3
f 564/946/7 557/947/7 555/948/7
f 554/908/6 574/949/6 562/933/6
f 560/914/4 569/950/4 558/936/4
f 563/917/5 572/951/5 559/934/5
f 570/924/1 575/938/1 567/921/1
f 578/952/6 580/953/6 577/954/6
f 581/955/7 583/956/7 582/957/7
f 585/958/1 587/959/1 588/960/1
f 582/961/49 585/962/49 581/963/49
f 583/964/50 586/965/50 582/966/50
f 584/967/51 587/968/51 583/969/51
f 581/970/52 588/971/52 584/972/52
f 592/973/7 590/974/7 589/975/7
f 594/976/1 596/977/1 593/978/1
f 590/979/53 593/980/53 589/981/53
f 591/982/54 594/983/54 590/984/54
f 592/985/55 595/986/55 591/987/55
f 589/988/56 596/989/56 592/990/56
f 600/991/26 601/992/26 602/993/26
f 603/994/27 604/995/27 605/996/27
f 609/997/13 610/998/13 611/999/13
f 612/1000/14 613/1001/14 614/1002/14
f 615/1003/35 616/1004/35 617/1005/35
f 618/1006/36 619/1007/36 620/1008/36
f 601/992/57 597/1009/57 599/1010/57
f 608/1011/18 603/1012/18 605/1013/18
f 605/996/28 602/1014/28 601/1015/28
f 619/1016/19 609/997/19 611/999/19
f 612/1000/20 611/999/20 610/998/20
f 615/1017/21 614/1002/21 613/1001/21
f 610/1018/22 598/1019/22 597/1020/22
f 613/1021/23 600/991/23 602/993/23
f 616/1004/24 604/995/24 603/994/24
f 618/1006/25 607/1022/25 606/1023/25
f 600/991/3 610/1024/3 597/1009/3
f 608/645/7 601/1025/7 599/1026/7
f 598/1019/6 618/1027/6 606/1028/6
f 604/995/4 613/1029/4 602/1014/4
f 607/1022/5 616/1030/5 603/1012/5
f 624/1031/26 625/1032/26 626/1033/26
f 627/1034/12 628/1035/12 629/1036/12
f 633/1037/13 634/1038/13 635/1039/13
f 636/1040/14 637/1041/14 638/1042/14
f 639/1043/15 640/1044/15 641/1045/15
f 642/1046/16 643/1047/16 644/1048/16
f 625/1032/17 621/1049/17 623/1050/17
f 632/1051/18 627/1052/18 629/1053/18
f 629/1036/28 626/1054/28 625/1055/28
f 643/1056/19 633/1037/19 635/1039/19
f 639/1057/21 638/1042/21 637/1041/21
f 644/1058/29 641/1059/29 640/1060/29
f 634/1061/22 622/1062/22 621/1063/22
f 637/1064/23 624/1031/23 626/1033/23
f 640/1044/24 628/1035/24 627/1034/24
f 642/1046/25 631/1065/25 630/1066/25
f 624/1031/3 634/1067/3 621/1049/3
f 632/1068/7 625/1069/7 623/1070/7
f 622/1062/6 642/1071/6 630/1072/6
f 628/1035/4 637/1073/4 626/1054/4
f 631/1065/5 640/1074/5 627/1052/5
f 645/1075/39 646/1076/39 647/1077/39
f 648/1078/26 649/1079/26 650/1080/26
f 651/1081/12 652/1082/12 653/1083/12
f 654/1084/40 655/1085/40 656/1086/40
f 657/1087/13 658/1088/13 659/1089/13
f 660/1090/14 661/1091/14 662/1092/14
f 663/1093/15 664/1094/15 665/1095/15
f 666/1096/16 667/1097/16 668/1098/16
f 649/1079/17 645/1099/17 647/1100/17
f 654/1101/37 647/1077/37 646/1076/37
f 656/1086/18 651/1102/18 653/1103/18
f 653/1083/28 650/1104/28 649/1105/28
f 667/1106/19 657/1087/19 659/1089/19
f 660/1090/20 659/1089/20 658/1088/20
f 663/1107/21 662/1092/21 661/1091/21
f 668/1108/29 665/1109/29 664/1110/29
f 658/1111/22 646/1076/22 645/1075/22
f 661/1112/23 648/1078/23 650/1080/23
f 664/1094/38 652/1082/38 651/1081/38
f 666/1096/25 655/1085/25 654/1084/25
f 648/1078/3 658/1113/3 645/1099/3
f 656/1114/7 649/1115/7 647/1116/7
f 646/1076/6 666/1117/6 654/1101/6
f 652/1082/4 661/1118/4 650/1104/4
f 655/1085/5 664/1119/5 651/1102/5
f 662/1092/1 667/1106/1 659/1089/1
f 669/1120/30 670/1121/30 671/1122/30
f 672/1123/31 673/1124/31 674/1125/31
f 675/1126/12 676/1127/12 677/1128/12
f 678/1129/40 679/1130/40 680/1131/40
f 681/1132/33 682/1133/33 683/1134/33
f 684/1135/34 685/1136/34 686/1137/34
f 687/1138/15 688/1139/15 689/1140/15
f 690/1141/16 691/1142/16 692/1143/16
f 673/1124/17 669/1144/17 671/1145/17
f 678/1146/37 671/1122/37 670/1121/37
f 680/1131/18 675/1147/18 677/1148/18
f 677/1128/28 674/1149/28 673/1150/28
f 691/1151/19 681/1132/19 683/1134/19
f 684/1135/20 683/1134/20 682/1133/20
f 687/1152/21 686/1137/21 685/1136/21
f 692/1153/29 689/1154/29 688/1155/29
f 682/1156/22 670/1121/22 669/1120/22
f 685/1157/23 672/1123/23 674/1125/23
f 688/1139/38 676/1127/38 675/1126/38
f 690/1141/25 679/1130/25 678/1129/25
f 672/1123/3 682/1158/3 669/1144/3
f 680/1159/7 673/1160/7 671/1161/7
f 670/1121/6 690/1162/6 678/1146/6
f 676/1127/4 685/1163/4 674/1149/4
f 679/1130/5 688/1164/5 675/1147/5
f 686/1137/1 691/1151/1 683/1134/1
f 694/1165/6 696/1166/6 693/1167/6
f 700/1168/7 698/1169/7 697/1170/7
f 702/746/1 704/1171/1 701/1172/1
f 698/1173/55 701/1174/55 697/1175/55
f 699/1176/56 702/1177/56 698/1178/56
f 700/1179/53 703/1180/53 699/1181/53
f 697/1182/54 704/1183/54 700/1184/54
f 708/1185/7 706/1186/7 705/1187/7
f 710/1188/1 712/1189/1 709/1190/1
f 706/1191/58 709/1192/58 705/1193/58
f 707/1194/59 710/1195/59 706/1196/59
f 708/1197/60 711/1198/60 707/1199/60
f 705/1200/61 712/1201/61 708/1202/61
f 718/1203/1 717/1204/1 715/1205/1
f 284/1206/3 715/1207/3 330/1208/3
f 713/1209/4 718/1210/4 284/1211/4
f 713/1212/5 717/1213/5 716/1214/5
f 330/1215/6 717/1216/6 714/1217/6
f 720/1218/1 722/1219/1 719/1220/1
f 718/1221/3 719/1222/3 715/1207/3
f 716/1223/4 720/1224/4 718/1210/4
f 717/1213/5 721/1225/5 716/1214/5
f 715/1226/6 722/1227/6 717/1216/6
f 727/1228/7 716/1229/7 717/1230/7
f 721/1231/1 724/1232/1 722/1219/1
f 728/1233/4 721/1234/4 716/1223/4
f 727/1235/5 723/1236/5 728/1237/5
f 717/1216/6 724/1238/6 727/1239/6
f 728/1240/1 730/1241/1 727/1242/1
f 726/1243/3 727/1244/3 725/1245/3
f 726/1246/4 729/1247/4 728/1233/4
f 770/1248/5 729/1249/5 805/1250/5
f 725/1251/6 730/1252/6 770/1253/6
f 723/1254/1 732/1255/1 724/1232/1
f 729/1247/4 723/1256/4 728/1233/4
f 730/1257/5 731/1258/5 729/1249/5
f 727/1239/6 732/1259/6 730/1252/6
f 743/1260/1 735/1261/1 733/1262/1
f 301/426/3 733/1263/3 300/428/3
f 302/429/4 743/1264/4 301/431/4
f 303/432/5 734/1265/5 302/434/5
f 300/435/6 735/1266/6 303/437/6
f 311/438/7 736/1267/7 308/440/7
f 738/1268/1 740/1269/1 744/1270/1
f 736/1271/3 744/1272/3 308/1273/3
f 737/1274/4 738/1275/4 736/1276/4
f 311/1277/5 739/1278/5 737/1279/5
f 308/453/6 740/1280/6 311/455/6
f 744/1270/1 734/1281/1 743/1260/1
f 316/460/3 743/1282/3 741/462/3
f 742/463/4 744/1283/4 316/465/4
f 742/468/5 734/1284/5 740/1285/5
f 741/469/6 734/1286/6 317/471/6
f 748/1287/7 746/1288/7 745/1289/7
f 750/1290/1 752/1291/1 749/1292/1
f 746/1293/3 749/1294/3 745/1295/3
f 747/1296/4 750/1297/4 746/1298/4
f 748/1299/5 751/1300/5 747/1301/5
f 745/1302/6 752/1303/6 748/1304/6
f 841/1305/7 753/1306/7 838/1307/7
f 756/1308/1 758/1309/1 755/1310/1
f 753/1311/3 755/1312/3 838/1313/3
f 754/1314/4 756/1315/4 753/1316/4
f 841/1317/5 757/1318/5 754/1319/5
f 838/1320/6 758/1321/6 841/1322/6
f 759/1323/7 847/1324/7 846/1325/7
f 755/1310/1 751/1326/1 750/1290/1
f 847/1327/3 750/1328/3 846/1329/3
f 848/1330/4 755/1331/4 847/1332/4
f 848/1333/5 751/1334/5 758/1335/5
f 846/1336/6 751/1337/6 759/1338/6
f 765/1339/1 767/1340/1 764/1341/1
f 761/1342/3 764/1343/3 760/1344/3
f 762/1345/4 765/1346/4 761/1347/4
f 763/1348/5 766/1349/5 762/1350/5
f 760/1351/6 767/1352/6 763/1353/6
f 761/1354/1 770/1355/1 330/1356/1
f 768/1357/3 330/1358/3 329/1359/3
f 867/1360/5 762/1361/5 769/1362/5
f 329/498/6 770/1363/6 867/1364/6
f 774/1365/7 772/1366/7 771/1367/7
f 776/1368/1 778/1369/1 775/1370/1
f 772/1371/3 775/1372/3 771/1373/3
f 773/1374/4 776/1375/4 772/1376/4
f 774/1377/5 777/1378/5 773/1379/5
f 771/1380/6 778/1381/6 774/1382/6
f 781/1383/62 780/1384/62 779/1385/62
f 783/1386/63 782/1387/63 781/1383/63
f 789/1388/4 784/1389/4 783/1390/4
f 787/1391/64 790/1392/64 789/1393/64
f 785/1394/65 788/1395/65 787/1391/65
f 779/1396/6 786/1397/6 785/1398/6
f 779/1399/3 787/1400/3 781/1401/3
f 787/1400/3 783/1402/3 781/1401/3
f 780/1403/5 788/1404/5 786/1405/5
f 784/1406/5 788/1404/5 782/1407/5
f 791/1408/5 792/1409/5 793/1410/5
f 796/1411/3 795/1412/3 794/1413/3
f 800/1414/7 798/1415/7 797/1416/7
f 802/1417/1 804/1418/1 801/1419/1
f 798/1420/3 801/1421/3 797/1422/3
f 799/1423/4 802/1424/4 798/1425/4
f 800/1426/5 803/1427/5 799/1428/5
f 797/1429/6 804/1430/6 800/1431/6
f 809/1432/1 811/1433/1 808/1434/1
f 805/1435/3 808/1436/3 770/1437/3
f 806/1438/4 809/1439/4 805/1440/4
f 807/1441/5 810/1442/5 806/1443/5
f 807/1444/6 808/1445/6 811/1446/6
f 809/1447/3 812/1448/3 808/1436/3
f 810/1449/4 813/1450/4 809/1439/4
f 811/1451/5 814/1452/5 810/1442/5
f 808/1445/6 815/1453/6 811/1446/6
f 815/1454/7 813/1455/7 812/1456/7
f 817/1457/1 819/1458/1 816/1459/1
f 813/1460/3 816/1461/3 812/1448/3
f 814/1462/4 817/1463/4 813/1450/4
f 815/1464/5 818/1465/5 814/1452/5
f 812/1466/6 819/1467/6 815/1453/6
f 810/1468/1 823/1469/1 811/1433/1
f 820/1470/4 810/1449/4 806/1438/4
f 821/1471/5 822/1472/5 820/1473/5
f 807/1444/6 823/1474/6 821/1475/6
f 831/1476/7 814/1477/7 815/1454/7
f 818/1478/1 826/1479/1 819/1458/1
f 824/1480/4 818/1481/4 814/1462/4
f 831/1482/5 825/1483/5 824/1484/5
f 815/1453/6 826/1485/6 831/1486/6
f 822/1487/1 830/1488/1 823/1469/1
f 827/1489/4 822/1490/4 820/1470/4
f 828/1491/5 829/1492/5 827/1493/5
f 821/1475/6 830/1494/6 828/1495/6
f 824/1496/1 833/1497/1 831/1498/1
f 822/1499/3 831/1500/3 823/1501/3
f 829/1502/4 824/1480/4 822/1490/4
f 830/1503/5 832/1504/5 829/1492/5
f 823/1474/6 833/1505/6 830/1494/6
f 825/1506/1 835/1507/1 826/1479/1
f 832/1508/4 825/1509/4 824/1480/4
f 833/1510/5 834/1511/5 832/1504/5
f 831/1486/6 835/1512/6 833/1505/6
f 849/1513/1 837/1514/1 836/1515/1
f 746/1293/3 836/1516/3 745/1295/3
f 747/1296/4 849/1517/4 746/1298/4
f 748/1299/5 850/1518/5 747/1301/5
f 745/1302/6 837/1519/6 748/1304/6
f 841/1305/7 839/1520/7 838/1307/7
f 843/1521/1 845/1522/1 842/1523/1
f 839/1524/3 842/1525/3 838/1526/3
f 840/1527/4 843/1528/4 839/1529/4
f 840/1530/5 845/1531/5 844/1532/5
f 838/1320/6 845/1533/6 841/1322/6
f 842/1523/1 850/1534/1 849/1513/1
f 847/1327/3 849/1535/3 846/1329/3
f 848/1330/4 842/1536/4 847/1332/4
f 759/1537/5 845/1538/5 848/1333/5
f 846/1336/6 850/1539/6 759/1338/6
f 854/1540/7 852/1541/7 851/1542/7
f 856/1543/1 858/1544/1 855/1545/1
f 852/1546/3 855/1547/3 851/1548/3
f 853/1549/4 856/1550/4 852/1551/4
f 854/1552/5 857/1553/5 853/1554/5
f 851/1555/6 858/1556/6 854/1557/6
f 864/1558/1 866/1559/1 863/1560/1
f 861/1561/4 864/1562/4 860/1563/4
f 862/1564/5 865/1565/5 861/1566/5
f 859/1567/6 866/1568/6 862/1569/6
f 860/1570/1 828/1571/1 770/1572/1
f 868/1573/3 770/1574/3 867/1575/3
f 869/1576/4 860/1563/4 868/1577/4
f 870/1578/5 861/1579/5 869/1580/5
f 867/1364/6 828/1581/6 870/1582/6
f 874/1583/7 872/1584/7 871/1585/7
f 876/1586/1 878/1587/1 875/1588/1
f 872/1589/3 875/1590/3 871/1591/3
f 873/1592/4 876/1593/4 872/1594/4
f 874/1595/5 877/1596/5 873/1597/5
f 871/1598/6 878/1599/6 874/1600/6
f 881/1601/8 880/1602/8 879/1603/8
f 883/1604/9 882/1605/9 881/1601/9
f 889/1606/4 884/1607/4 883/1608/4
f 887/1609/10 890/1610/10 889/1611/10
f 885/1612/11 888/1613/11 887/1609/11
f 879/1614/6 886/1615/6 885/1616/6
f 879/1617/3 887/1618/3 881/1619/3
f 887/1618/3 883/1620/3 881/1619/3
f 880/1621/5 888/1622/5 886/1623/5
f 884/1624/5 888/1622/5 882/1625/5
f 891/1626/5 892/1627/5 893/1628/5
f 896/1629/3 895/1630/3 894/1631/3
f 900/1632/7 898/1633/7 897/1634/7
f 902/1635/1 904/1636/1 901/1637/1
f 898/1638/3 901/1639/3 897/1640/3
f 899/1641/4 902/1642/4 898/1643/4
f 900/1644/5 903/1645/5 899/1646/5
f 897/1647/6 904/1648/6 900/1649/6
f 911/1650/66 912/1651/66 913/1652/66
f 917/1653/67 918/1654/67 919/1655/67
f 923/1656/68 924/1657/68 925/1658/68
f 926/1659/69 927/1660/69 928/1661/69
f 909/1662/70 905/1663/70 907/1664/70
f 916/1665/71 911/1666/71 913/1667/71
f 927/1668/19 917/1653/19 919/1655/19
f 920/1669/72 919/1655/72 918/1654/72
f 918/1670/22 906/1671/22 905/1672/22
f 921/1673/23 908/1674/23 910/1675/23
f 924/1657/38 912/1651/38 911/1650/38
f 926/1659/25 915/1676/25 914/1677/25
f 908/1674/3 918/1678/3 905/1663/3
f 916/1679/7 909/1680/7 907/1681/7
f 906/1671/6 926/1682/6 914/1683/6
f 912/1651/4 921/1684/4 910/1685/4
f 915/1676/5 924/1686/5 911/1666/5
f 932/1687/73 933/1688/73 934/1689/73
f 935/1690/74 936/1691/74 937/1692/74
f 941/1693/75 942/1694/75 943/1695/75
f 944/1696/76 945/1697/76 946/1698/76
f 947/1699/77 948/1700/77 949/1701/77
f 950/1702/78 951/1703/78 952/1704/78
f 933/1688/79 929/1705/79 931/1706/79
f 940/1707/18 935/1708/18 937/1709/18
f 937/1692/28 934/1710/28 933/1711/28
f 951/1712/19 941/1693/19 943/1695/19
f 947/1713/21 946/1698/21 945/1697/21
f 952/1714/29 949/1715/29 948/1716/29
f 942/1717/22 930/1718/22 929/1719/22
f 945/1720/23 932/1687/23 934/1689/23
f 948/1700/38 936/1691/38 935/1690/38
f 950/1702/25 939/1721/25 938/1722/25
f 932/1687/3 942/1723/3 929/1705/3
f 940/1724/7 933/1725/7 931/1726/7
f 930/1718/6 950/1727/6 938/1728/6
f 936/1691/4 945/1729/4 934/1710/4
f 939/1721/5 948/1730/5 935/1708/5
f 953/1731/80 954/1732/80 955/1733/80
f 956/1734/81 957/1735/81 958/1736/81
f 959/1737/66 960/1738/66 961/1739/66
f 962/1740/82 963/1741/82 964/1742/82
f 965/1743/67 966/1744/67 967/1745/67
f 971/1746/68 972/1747/68 973/1748/68
f 974/1749/69 975/1750/69 976/1751/69
f 957/1735/70 953/1752/70 955/1753/70
f 962/1754/37 955/1733/37 954/1732/37
f 964/1742/71 959/1755/71 961/1756/71
f 961/1739/28 958/1757/28 957/1758/28
f 975/1759/19 965/1743/19 967/1745/19
f 968/1760/72 967/1745/72 966/1744/72
f 971/1761/21 970/1762/21 969/1763/21
f 976/1764/83 973/1765/83 972/1766/83
f 966/1767/22 954/1732/22 953/1731/22
f 972/1747/38 960/1738/38 959/1737/38
f 974/1749/25 963/1741/25 962/1740/25
f 956/1734/3 966/1768/3 953/1752/3
f 964/1769/7 957/1770/7 955/1771/7
f 954/1732/6 974/1772/6 962/1754/6
f 960/1738/4 969/1773/4 958/1757/4
f 963/1741/5 972/1774/5 959/1755/5
f 970/1762/1 975/1759/1 967/1745/1
f 977/1775/84 978/1776/84 979/1777/84
f 983/1778/66 984/1779/66 985/1780/66
f 986/1781/82 987/1782/82 988/1783/82
f 989/1784/85 990/1785/85 991/1786/85
f 992/1787/86 993/1788/86 994/1789/86
f 995/1790/68 996/1791/68 997/1792/68
f 998/1793/69 999/1794/69 1000/1795/69
f 981/1796/17 977/1797/17 979/1798/17
f 986/1799/37 979/1777/37 978/1776/37
f 988/1783/18 983/1800/18 985/1801/18
f 985/1780/28 982/1802/28 981/1803/28
f 999/1804/19 989/1784/19 991/1786/19
f 992/1787/87 991/1786/87 990/1785/87
f 995/1805/21 994/1789/21 993/1788/21
f 1000/1806/88 997/1807/88 996/1808/88
f 990/1809/22 978/1776/22 977/1775/22
f 996/1791/38 984/1779/38 983/1778/38
f 998/1793/25 987/1782/25 986/1781/25
f 980/1810/3 990/1811/3 977/1797/3
f 988/1812/7 981/1813/7 979/1814/7
f 978/1776/6 998/1815/6 986/1799/6
f 984/1779/4 993/1816/4 982/1802/4
f 987/1782/5 996/1817/5 983/1800/5
f 994/1789/1 999/1804/1 991/1786/1
f 1002/1818/6 1004/1819/6 1001/1820/6
f 1005/1821/7 1007/1822/7 1006/1823/7
f 1009/1824/1 1011/1825/1 1012/1826/1
f 1006/1827/89 1009/1828/89 1005/1829/89
f 1007/1830/90 1010/1831/90 1006/1832/90
f 1008/1833/91 1011/1834/91 1007/1835/91
f 1005/1836/92 1012/1837/92 1008/1838/92
f 1013/1839/7 1015/1840/7 1014/1841/7
f 1017/1842/1 1019/1843/1 1020/1844/1
f 1014/1845/45 1017/1846/45 1013/1847/45
f 1015/1848/46 1018/1849/46 1014/1850/46
f 1016/1851/93 1019/1852/93 1015/1853/93
f 1013/1854/48 1020/1855/48 1016/1856/48
f 1022/1857/6 1024/1858/6 1021/1859/6
f 1028/1860/4 1026/1861/4 1025/1862/4
f 1025/1863/3 1022/1864/3 1021/1865/3
f 1023/1866/5 1028/1867/5 1024/1868/5
f 1024/1869/7 1025/1870/7 1021/1871/7
f 1026/1872/1 1023/1873/1 1022/1874/1
f 1030/1875/6 1032/1876/6 1029/1877/6
f 1036/1878/4 1034/1879/4 1033/1880/4
f 1033/1881/3 1030/1882/3 1029/1883/3
f 1031/1884/5 1036/1885/5 1032/1886/5
f 1032/1887/7 1033/1888/7 1029/1889/7
f 1034/1890/1 1031/1891/1 1030/1892/1
f 1038/1893/6 1040/1894/6 1037/1895/6
f 1044/1896/4 1042/1897/4 1041/1898/4
f 1041/1899/3 1038/1900/3 1037/1901/3
f 1039/1902/5 1044/1903/5 1040/1904/5
f 1040/1905/7 1041/971/7 1037/1906/7
f 1042/1907/1 1039/1908/1 1038/1909/1
f 1046/1910/6 1048/1911/6 1045/1912/6
f 1052/1913/4 1050/1914/4 1049/1915/4
f 1049/1916/3 1046/1917/3 1045/1918/3
f 1047/1919/5 1052/1920/5 1048/1921/5
f 1048/1922/7 1049/1923/7 1045/1924/7
f 1050/1925/1 1047/1926/1 1046/1927/1
f 1054/1928/6 1056/1929/6 1053/1930/6
f 1057/1931/39 1058/1932/39 1059/1933/39
f 1060/1934/94 1061/1935/94 1062/1936/94
f 1063/1937/95 1064/1938/95 1065/1939/95
f 1066/1940/40 1067/1941/40 1068/1942/40
f 1069/1943/13 1070/1944/13 1071/1945/13
f 1072/1946/96 1073/1947/96 1074/1948/96
f 1075/1949/97 1076/1950/97 1077/1951/97
f 1078/1952/16 1079/1953/16 1080/1954/16
f 1061/1935/17 1057/1955/17 1059/1956/17
f 1066/1957/37 1059/1933/37 1058/1932/37
f 1068/1942/18 1063/1958/18 1065/1959/18
f 1065/1939/28 1062/1960/28 1061/1961/28
f 1079/1962/19 1069/1943/19 1071/1945/19
f 1072/1946/20 1071/1945/20 1070/1944/20
f 1075/1963/21 1074/1948/21 1073/1947/21
f 1080/1964/29 1077/1965/29 1076/1966/29
f 1057/1931/22 1069/1967/22 1058/1932/22
f 1062/1936/23 1072/1968/23 1060/1934/23
f 1063/1937/38 1075/1949/38 1064/1938/38
f 1066/1940/25 1080/1954/25 1067/1941/25
f 1057/1955/3 1072/1968/3 1070/1969/3
f 1068/1970/7 1061/1971/7 1059/1972/7
f 1058/1932/6 1078/1973/6 1066/1957/6
f 1064/1938/4 1073/1974/4 1062/1960/4
f 1063/1958/5 1080/1954/5 1076/1975/5
f 1074/1948/1 1079/1962/1 1071/1945/1
f 1081/1976/84 1082/1977/84 1083/1978/84
f 1084/1979/98 1085/1980/98 1086/1981/98
f 1087/1982/74 1088/1983/74 1089/1984/74
f 1090/1985/99 1091/1986/99 1092/1987/99
f 1093/1988/85 1094/1989/85 1095/1990/85
f 1096/1991/86 1097/1992/86 1098/1993/86
f 1099/1994/77 1100/1995/77 1101/1996/77
f 1102/1997/78 1103/1998/78 1104/1999/78
f 1085/1980/17 1081/2000/17 1083/2001/17
f 1090/2002/37 1083/1978/37 1082/1977/37
f 1092/1987/18 1087/2003/18 1089/2004/18
f 1089/1984/28 1086/2005/28 1085/2006/28
f 1103/2007/19 1093/1988/19 1095/1990/19
f 1096/1991/20 1095/1990/20 1094/1989/20
f 1099/2008/21 1098/1993/21 1097/1992/21
f 1104/2009/29 1101/2010/29 1100/2011/29
f 1094/2012/22 1082/1977/22 1081/1976/22
f 1097/2013/23 1084/1979/23 1086/1981/23
f 1100/1995/38 1088/1983/38 1087/1982/38
f 1102/1997/25 1091/1986/25 1090/1985/25
f 1084/1979/3 1094/2014/3 1081/2000/3
f 1092/2015/7 1085/2016/7 1083/2017/7
f 1082/1977/6 1102/2018/6 1090/2002/6
f 1091/1986/5 1100/2019/5 1087/2003/5
f 1098/1993/1 1103/2007/1 1095/1990/1
f 1105/2020/100 1021/2021/100 714/2022/100
f 1109/2023/101 1107/2024/101 1110/2025/101
f 1107/2026/102 1105/2027/102 714/2028/102
f 1108/2029/1 1106/2030/1 1105/2031/1
f 1109/2032/103 1021/2033/103 1106/2034/103
f 1111/2035/84 1112/2036/84 1113/2037/84
f 1114/2038/98 1115/2039/98 1116/2040/98
f 1117/2041/74 1118/2042/74 1119/2043/74
f 1120/2044/99 1121/2045/99 1122/2046/99
f 1123/2047/85 1124/2048/85 1125/2049/85
f 1126/2050/86 1127/2051/86 1128/2052/86
f 1129/2053/77 1130/2054/77 1131/2055/77
f 1132/2056/78 1133/2057/78 1134/2058/78
f 1115/2039/17 1111/2059/17 1113/2060/17
f 1120/2061/37 1113/2037/37 1112/2036/37
f 1122/2046/18 1117/2062/18 1119/2063/18
f 1119/2043/28 1116/2064/28 1115/2065/28
f 1133/2066/19 1123/2047/19 1125/2049/19
f 1126/2050/20 1125/2049/20 1124/2048/20
f 1129/2067/21 1128/2052/21 1127/2051/21
f 1134/2068/29 1131/2069/29 1130/2070/29
f 1124/2071/22 1112/2036/22 1111/2035/22
f 1127/2072/23 1114/2038/23 1116/2040/23
f 1130/2054/38 1118/2042/38 1117/2041/38
f 1132/2056/25 1121/2045/25 1120/2044/25
f 1114/2038/3 1124/2073/3 1111/2059/3
f 1122/2074/7 1115/2075/7 1113/2076/7
f 1112/2036/6 1132/2077/6 1120/2061/6
f 1121/2045/5 1130/2078/5 1117/2062/5
f 1135/2079/104 725/2080/104 1032/2081/104
f 1139/2082/105 1137/2083/105 1140/2084/105
f 1137/2085/106 1135/2086/106 1032/2087/106
f 1135/2088/1 1139/2089/1 1136/2090/1
f 1139/2091/107 725/2092/107 1136/2093/107
f 1142/2094/6 1144/2095/6 1141/2096/6
f 1148/2097/4 1146/2098/4 1145/2099/4
f 1145/2100/108 1142/2101/108 1141/2102/108
f 1146/2103/109 1143/2104/109 1142/2105/109
f 1147/2106/110 1144/2107/110 1143/2108/110
f 1148/2109/7 1141/2110/7 1144/2111/7
f 1149/2112/6 727/2113/6 1136/2114/6
f 728/2115/4 1152/2116/4 1151/2117/4
f 1151/2118/108 1149/2119/108 1136/2120/108
f 1152/2121/3 1150/2122/3 1149/2119/3
f 1153/2123/1 727/1242/1 1150/2124/1
f 728/1237/5 1136/2125/5 727/1235/5
f 1154/2126/6 1143/2127/6 1142/2094/6
f 1147/2128/4 1156/2129/4 1146/2098/4
f 1146/2130/111 1154/2131/111 1142/2101/111
f 1156/2132/112 1155/2133/112 1154/2134/112
f 1157/2135/113 1143/2108/113 1155/2136/113
f 1158/2137/6 1150/2138/6 1149/2112/6
f 1153/2139/4 1160/2140/4 1152/2116/4
f 1152/2121/111 1158/2141/111 1149/2119/111
f 1160/2142/3 1159/2143/3 1158/2141/3
f 1161/2144/1 1150/2124/1 1159/2145/1
f 1162/2146/6 1155/2147/6 1154/2126/6
f 1157/2148/4 1164/2149/4 1156/2129/4
f 1156/2150/114 1162/2151/114 1154/2131/114
f 1164/2152/115 1163/2153/115 1162/2154/115
f 1165/2155/116 1155/2136/116 1163/2156/116
f 1166/2157/6 1159/2158/6 1158/2137/6
f 1161/2159/4 1168/2160/4 1160/2140/4
f 1160/2142/114 1166/2161/114 1158/2141/114
f 1168/2162/3 1167/2163/3 1166/2161/3
f 1169/2164/1 1159/2145/1 1167/2165/1
f 1162/2146/6 1171/2166/6 1163/2167/6
f 1173/2168/4 1164/2149/4 1165/2169/4
f 1164/2170/117 1170/2171/117 1162/2172/117
f 1172/2173/118 1171/2174/118 1170/2175/118
f 1173/2176/119 1163/2153/119 1171/2177/119
f 1174/2178/6 1167/2179/6 1166/2157/6
f 1169/2180/4 1176/2181/4 1168/2160/4
f 1168/2182/117 1174/2183/117 1166/2184/117
f 1176/2185/3 1175/2186/3 1174/2187/3
f 1177/2188/1 1167/2165/1 1175/2189/1
f 1170/2190/6 1179/2191/6 1171/2166/6
f 1181/2192/4 1172/2193/4 1173/2168/4
f 1172/2194/120 1178/2195/120 1170/2171/120
f 1180/2196/121 1179/2197/121 1178/2198/121
f 1181/2199/122 1171/2177/122 1179/2200/122
f 1182/2201/6 1175/2202/6 1174/2178/6
f 1177/2203/4 1184/2204/4 1176/2181/4
f 1176/2205/120 1182/2206/120 1174/2183/120
f 1184/2207/3 1183/2208/3 1182/2209/3
f 1185/2210/1 1175/2189/1 1183/2211/1
f 1186/2212/6 1179/2191/6 1178/2213/6
f 1181/2192/4 1188/2214/4 1180/2215/4
f 1180/2216/123 1186/2217/123 1178/2195/123
f 1188/2218/124 1187/2219/124 1186/2220/124
f 1189/2221/125 1179/2200/125 1187/2222/125
f 1190/2223/6 1183/2224/6 1182/2201/6
f 1185/2225/4 1192/2226/4 1184/2204/4
f 1184/2227/123 1190/2228/123 1182/2206/123
f 1192/2229/3 1191/2230/3 1190/2231/3
f 1193/2232/1 1183/2211/1 1191/2233/1
f 1194/2234/6 1187/2235/6 1186/2212/6
f 1197/2236/4 1188/2214/4 1189/2237/4
f 1188/2238/7 1194/2239/7 1186/2217/7
f 1196/2240/108 1195/2241/108 1194/2242/108
f 1197/2243/1 1187/2222/1 1195/2244/1
f 1198/2245/6 1191/2246/6 1190/2223/6
f 1201/2247/4 1192/2226/4 1193/2248/4
f 1192/2249/7 1198/2250/7 1190/2228/7
f 1200/2251/3 1199/2252/3 1198/2253/3
f 1201/2254/1 1191/2233/1 1199/2255/1
f 1194/2234/6 1203/2256/6 1195/2257/6
f 1205/2258/4 1196/2259/4 1197/2236/4
f 1196/2260/126 1202/2261/126 1194/2239/126
f 1204/2262/111 1203/2263/111 1202/2264/111
f 1205/2265/109 1195/2244/109 1203/2266/109
f 1198/2245/6 1207/2267/6 1199/2268/6
f 1209/2269/4 1200/2270/4 1201/2247/4
f 1200/2271/126 1206/2272/126 1198/2250/126
f 1208/2273/3 1207/2274/3 1206/2275/3
f 1209/2276/1 1199/2255/1 1207/2277/1
f 1210/2278/6 1203/2256/6 1202/2279/6
f 1205/2258/4 1212/2280/4 1204/2281/4
f 1204/2282/127 1210/2283/127 1202/2261/127
f 1212/2284/114 1211/2285/114 1210/2286/114
f 1213/2287/112 1203/2266/112 1211/2288/112
f 1206/2289/6 1215/2290/6 1207/2267/6
f 1217/2291/4 1208/2292/4 1209/2269/4
f 1208/2293/127 1214/2294/127 1206/2272/127
f 1216/2295/3 1215/2296/3 1214/2297/3
f 1217/2298/1 1207/2277/1 1215/2299/1
f 1218/2300/6 1211/2301/6 1210/2278/6
f 1213/2302/4 1220/2303/4 1212/2280/4
f 1212/2304/128 1218/2305/128 1210/2283/128
f 1220/2306/117 1219/2307/117 1218/2305/117
f 1221/2308/115 1211/2288/115 1219/2309/115
f 1214/2310/6 1223/2311/6 1215/2290/6
f 1225/2312/4 1216/2313/4 1217/2291/4
f 1216/2314/128 1222/2315/128 1214/2294/128
f 1224/2316/3 1223/2317/3 1222/2318/3
f 1225/2319/1 1215/2299/1 1223/2320/1
f 1218/2300/6 1227/2321/6 1219/2322/6
f 1229/2323/4 1220/2303/4 1221/2324/4
f 1220/2325/129 1226/2326/129 1218/2327/129
f 1228/2328/120 1227/2329/120 1226/2330/120
f 1229/2331/118 1219/2332/118 1227/2333/118
f 1222/2334/6 1231/2335/6 1223/2311/6
f 1233/2336/4 1224/2337/4 1225/2312/4
f 1224/2338/129 1230/2339/129 1222/2340/129
f 1232/2341/3 1231/2342/3 1230/2343/3
f 1233/2344/1 1223/2320/1 1231/2345/1
f 1226/2346/6 1235/2347/6 1227/2321/6
f 1237/2348/4 1228/2349/4 1229/2323/4
f 1228/2350/130 1234/2351/130 1226/2326/130
f 1236/2352/123 1235/2353/123 1234/2354/123
f 1237/2355/121 1227/2333/121 1235/2356/121
f 1230/2357/6 1239/2358/6 1231/2335/6
f 1241/2359/4 1232/2360/4 1233/2336/4
f 1232/2361/130 1238/2362/130 1230/2339/130
f 1240/2363/3 1239/2364/3 1238/2365/3
f 1241/2366/1 1231/2345/1 1239/2367/1
f 1234/2368/6 1243/2369/6 1235/2347/6
f 1245/2370/4 1236/2371/4 1237/2348/4
f 1236/2372/131 1242/2373/131 1234/2351/131
f 1244/2374/7 1243/2375/7 1242/2376/7
f 1245/2377/124 1235/2356/124 1243/2378/124
f 1238/2379/6 717/2380/6 1239/2358/6
f 716/2381/4 1240/2382/4 1241/2359/4
f 1240/2383/131 1105/2384/131 1238/2362/131
f 1246/2385/3 717/2386/3 1105/2387/3
f 716/2388/1 1239/2367/1 717/1204/1
f 1247/2389/6 1249/2390/6 1248/2391/6
f 1247/2389/6 1250/2392/6 1249/2390/6
f 1247/2389/6 1251/2393/6 1250/2392/6
f 1247/2389/6 1252/2394/6 1251/2393/6
f 1247/2389/6 1253/2395/6 1252/2394/6
f 1247/2389/6 1254/2396/6 1253/2395/6
f 1247/2389/6 1255/2397/6 1254/2396/6
f 1247/2389/6 1256/2398/6 1255/2397/6
f 1247/2389/6 1257/2399/6 1256/2398/6
f 1247/2389/6 1258/2400/6 1257/2399/6
f 1247/2389/6 1259/2401/6 1258/2400/6
f 1247/2389/6 1260/2402/6 1259/2401/6
f 1247/2389/6 1261/2403/6 1260/2402/6
f 1247/2389/6 1262/2404/6 1261/2403/6
f 1247/2389/6 1263/2405/6 1262/2404/6
f 1247/2389/6 1264/2406/6 1263/2405/6
f 1267/2407/132 1266/2408/132 1265/2409/132
f 1271/2410/4 1268/2411/4 1267/2412/4
f 1269/2413/133 1272/2414/133 1271/2415/133
f 1265/2416/3 1271/2417/3 1267/2418/3
f 1266/2419/5 1272/2420/5 1270/2421/5
f 1273/2422/134 1274/2423/134 1275/2424/134
f 1276/2425/98 1277/2426/98 1278/2427/98
f 1279/2428/66 1280/2429/66 1281/2430/66
f 1282/2431/82 1283/2432/82 1284/2433/82
f 1285/2434/13 1286/2435/13 1287/2436/13
f 1288/2437/14 1289/2438/14 1290/2439/14
f 1291/2440/68 1292/2441/68 1293/2442/68
f 1294/2443/69 1295/2444/69 1296/2445/69
f 1277/2426/17 1273/2446/17 1275/2447/17
f 1282/2448/37 1275/2424/37 1274/2423/37
f 1284/2433/18 1279/2449/18 1281/2450/18
f 1281/2430/28 1278/2451/28 1277/2452/28
f 1295/2453/19 1285/2434/19 1287/2436/19
f 1288/2437/20 1287/2436/20 1286/2435/20
f 1291/2454/21 1290/2439/21 1289/2438/21
f 1296/2455/29 1293/2456/29 1292/2457/29
f 1286/2458/22 1274/2423/22 1273/2422/22
f 1289/2459/23 1276/2425/23 1278/2427/23
f 1292/2441/38 1280/2429/38 1279/2428/38
f 1294/2443/25 1283/2432/25 1282/2431/25
f 1276/2425/3 1286/2460/3 1273/2446/3
f 1284/2461/7 1277/2462/7 1275/2463/7
f 1274/2423/6 1294/2464/6 1282/2448/6
f 1280/2429/4 1289/2465/4 1278/2451/4
f 1283/2432/5 1292/2466/5 1279/2449/5
f 1290/2439/1 1295/2453/1 1287/2436/1
f 1305/2467/135 1306/2468/135 1307/2469/135
f 1308/2470/136 1309/2471/136 1310/2472/136
f 1311/2473/137 1312/2474/137 1313/2475/137
f 1314/2476/138 1315/2477/138 1316/2478/138
f 1315/2479/19 1305/2467/19 1307/2469/19
f 1311/2480/21 1310/2472/21 1309/2471/21
f 1306/2481/22 1298/2482/22 1297/2483/22
f 1309/2484/23 1299/2485/23 1300/2486/23
f 1312/2474/38 1302/2487/38 1301/2488/38
f 1314/2476/25 1304/2489/25 1303/2490/25
f 1299/2485/3 1306/2491/3 1297/2492/3
f 1298/2482/6 1314/2493/6 1303/2494/6
f 1302/2487/4 1309/2495/4 1300/2496/4
f 1304/2489/5 1312/2497/5 1301/2498/5
f 1317/2499/39 1318/2500/39 1319/2501/39
f 1320/2502/26 1321/2503/26 1322/2504/26
f 1323/2505/74 1324/2506/74 1325/2507/74
f 1326/2508/99 1327/2509/99 1328/2510/99
f 1329/2511/13 1330/2512/13 1331/2513/13
f 1332/2514/14 1333/2515/14 1334/2516/14
f 1335/2517/77 1336/2518/77 1337/2519/77
f 1338/2520/78 1339/2521/78 1340/2522/78
f 1321/2503/17 1317/2523/17 1319/2524/17
f 1326/2525/37 1319/2501/37 1318/2500/37
f 1328/2510/18 1323/2526/18 1325/2527/18
f 1325/2507/28 1322/2528/28 1321/2529/28
f 1339/2530/19 1329/2511/19 1331/2513/19
f 1332/2514/20 1331/2513/20 1330/2512/20
f 1335/2531/21 1334/2516/21 1333/2515/21
f 1340/2532/29 1337/2533/29 1336/2534/29
f 1330/2535/22 1318/2500/22 1317/2499/22
f 1333/2536/23 1320/2502/23 1322/2504/23
f 1336/2518/38 1324/2506/38 1323/2505/38
f 1338/2520/25 1327/2509/25 1326/2508/25
f 1320/2502/3 1330/2537/3 1317/2523/3
f 1328/2538/7 1321/2539/7 1319/2540/7
f 1318/2500/6 1338/2541/6 1326/2525/6
f 1324/2506/4 1333/2542/4 1322/2528/4
f 1327/2509/5 1336/2543/5 1323/2526/5
f 1334/2516/1 1339/2530/1 1331/2513/1
f 1352/2544/21 1354/2545/21 1356/2546/21
f 1341/2547/139 1350/2548/139 1349/2549/139
f 1343/2550/140 1350/2551/140 1342/2552/140
f 1343/2550/141 1352/2544/141 1351/2553/141
f 1344/2554/142 1353/2555/142 1352/2556/142
f 1346/2557/143 1353/2555/143 1345/2558/143
f 1346/2559/144 1355/2560/144 1354/2561/144
f 1347/2562/145 1356/2563/145 1355/2564/145
f 1348/2565/146 1349/2549/146 1356/2566/146
f 1357/2567/80 1358/2568/80 1359/2569/80
f 1360/2570/147 1361/2571/147 1362/2572/147
f 1366/2573/82 1367/2574/82 1368/2575/82
f 1369/2576/67 1370/2577/67 1371/2578/67
f 1372/2579/148 1373/2580/148 1374/2581/148
f 1378/2582/69 1379/2583/69 1380/2584/69
f 1361/2571/17 1357/2585/17 1359/2586/17
f 1366/2587/37 1359/2569/37 1358/2568/37
f 1368/2575/18 1363/2588/18 1365/2589/18
f 1365/2590/28 1362/2591/28 1361/2592/28
f 1379/2593/19 1369/2576/19 1371/2578/19
f 1372/2579/20 1371/2578/20 1370/2577/20
f 1375/2594/21 1374/2581/21 1373/2580/21
f 1380/2595/29 1377/2596/29 1376/2597/29
f 1370/2598/22 1358/2568/22 1357/2567/22
f 1373/2599/23 1360/2570/23 1362/2572/23
f 1378/2582/25 1367/2574/25 1366/2573/25
f 1360/2570/3 1370/2600/3 1357/2585/3
f 1368/2601/7 1361/2602/7 1359/2603/7
f 1358/2568/6 1378/2604/6 1366/2587/6
f 1364/2605/4 1373/2606/4 1362/2591/4
f 1367/2574/5 1376/2607/5 1363/2588/5
f 1374/2581/1 1379/2593/1 1371/2578/1
f 1389/2608/149 1390/2609/149 1391/2610/149
f 1392/2611/96 1393/2612/96 1394/2613/96
f 1395/2614/68 1396/2615/68 1397/2616/68
f 1398/2617/69 1399/2618/69 1400/2619/69
f 1399/2620/19 1389/2608/19 1391/2610/19
f 1395/2621/21 1394/2613/21 1393/2612/21
f 1390/2622/22 1382/2623/22 1381/2624/22
f 1393/2625/23 1383/2626/23 1384/2627/23
f 1396/2615/38 1386/2628/38 1385/2629/38
f 1398/2617/25 1388/2630/25 1387/2631/25
f 1383/2626/3 1390/2632/3 1381/2633/3
f 1382/2623/6 1398/2634/6 1387/2635/6
f 1386/2628/4 1393/2636/4 1384/2637/4
f 1388/2630/5 1396/2638/5 1385/2639/5
f 1401/2640/39 1402/2641/39 1403/2642/39
f 1404/2643/26 1405/2644/26 1406/2645/26
f 1407/2646/12 1408/2647/12 1409/2648/12
f 1410/2649/40 1411/2650/40 1412/2651/40
f 1413/2652/13 1414/2532/13 1415/2653/13
f 1416/2654/14 1417/2655/14 1418/2656/14
f 1419/2657/15 1420/2658/15 1421/2659/15
f 1422/2660/16 1423/2661/16 1424/2662/16
f 1405/2644/17 1401/2663/17 1403/2664/17
f 1410/2665/37 1403/2642/37 1402/2641/37
f 1412/2651/18 1407/2666/18 1409/2667/18
f 1409/2648/28 1406/2668/28 1405/2669/28
f 1423/2670/19 1413/2652/19 1415/2653/19
f 1416/2654/20 1415/2653/20 1414/2532/20
f 1419/2671/21 1418/2656/21 1417/2655/21
f 1424/2672/29 1421/2673/29 1420/2674/29
f 1414/2675/22 1402/2641/22 1401/2640/22
f 1417/2676/23 1404/2643/23 1406/2645/23
f 1420/2658/38 1408/2647/38 1407/2646/38
f 1422/2660/25 1411/2650/25 1410/2649/25
f 1404/2643/3 1414/2677/3 1401/2663/3
f 1412/2678/7 1405/2679/7 1403/2680/7
f 1402/2641/6 1422/2681/6 1410/2665/6
f 1408/2647/4 1417/2682/4 1406/2668/4
f 1411/2650/5 1420/2683/5 1407/2666/5
f 1418/2656/1 1423/2670/1 1415/2653/1
f 1436/2684/21 1438/2685/21 1440/2686/21
f 1425/2687/139 1434/2688/139 1433/2689/139
f 1426/2690/140 1435/2691/140 1434/2692/140
f 1427/2693/141 1436/2684/141 1435/2691/141
f 1428/2694/142 1437/2695/142 1436/2696/142
f 1430/2697/143 1437/2695/143 1429/2698/143
f 1431/2699/144 1438/2700/144 1430/2701/144
f 1432/2702/145 1439/2703/145 1431/2704/145
f 1432/2705/146 1433/2689/146 1440/2706/146
f 1441/2707/134 1442/2708/134 1443/2709/134
f 1448/2710/150 1449/2711/150 1450/2712/150
f 1451/2713/149 1452/2714/149 1453/2715/149
f 1458/2716/151 1459/2717/151 1460/2718/151
f 1445/2719/17 1441/2720/17 1443/2721/17
f 1448/2722/37 1443/2709/37 1442/2708/37
f 1450/2712/18 1446/2723/18 1447/2724/18
f 1459/2725/19 1451/2713/19 1453/2715/19
f 1454/2726/20 1453/2715/20 1452/2714/20
f 1460/2727/152 1457/2728/152 1456/2729/152
f 1452/2730/22 1442/2708/22 1441/2707/22
f 1458/2716/25 1449/2711/25 1448/2710/25
f 1444/2731/3 1452/2732/3 1441/2720/3
f 1450/2733/7 1445/2734/7 1443/2735/7
f 1442/2708/6 1458/2736/6 1448/2722/6
f 1449/2711/5 1456/2737/5 1446/2723/5
f 1455/2738/1 1459/2725/1 1453/2715/1
f 1464/2739/7 1462/2740/7 1461/2741/7
f 1466/2742/1 1468/2743/1 1465/2744/1
f 1462/2745/3 1465/2746/3 1461/2747/3
f 1463/2748/4 1466/2749/4 1462/2750/4
f 1464/2751/5 1467/2752/5 1463/2753/5
f 1461/2754/6 1468/2755/6 1464/2756/6
f 1470/2757/1 1472/2758/1 1469/2759/1
f 1466/2760/3 1469/2761/3 1465/2746/3
f 1467/2762/4 1470/2763/4 1466/2749/4
f 1468/2764/5 1471/2765/5 1467/2752/5
f 1468/2755/6 1469/2766/6 1472/2767/6
f 1474/2768/1 1476/2769/1 1473/2770/1
f 1470/2771/3 1473/2772/3 1469/2761/3
f 1471/2773/4 1474/2774/4 1470/2763/4
f 1472/2775/5 1475/2776/5 1471/2765/5
f 1469/2766/6 1476/2777/6 1472/2767/6
f 1478/2778/7 1463/2779/7 1464/2739/7
f 1467/2780/1 1480/2781/1 1468/2743/1
f 1477/2782/4 1467/2762/4 1463/2748/4
f 1478/2783/5 1479/2784/5 1477/2785/5
f 1464/2756/6 1480/2786/6 1478/2787/6
f 1482/2788/7 1471/2789/7 1472/2790/7
f 1475/2791/1 1484/2792/1 1476/2769/1
f 1481/2793/4 1475/2794/4 1471/2773/4
f 1482/2795/5 1483/2796/5 1481/2797/5
f 1472/2767/6 1484/2798/6 1482/2799/6
f 1490/2800/7 1477/2801/7 1478/2778/7
f 1479/2802/1 1487/2803/1 1480/2781/1
f 1485/2804/4 1479/2805/4 1477/2782/4
f 1490/2806/5 1486/2807/5 1485/2808/5
f 1478/2787/6 1487/2809/6 1490/2810/6
f 1481/2811/1 1489/2812/1 1482/2813/1
f 1479/2814/3 1482/2815/3 1480/2816/3
f 1486/2817/4 1481/2793/4 1479/2805/4
f 1487/2818/5 1488/2819/5 1486/2807/5
f 1480/2786/6 1489/2820/6 1487/2809/6
f 1483/2821/1 1497/2822/1 1484/2792/1
f 1488/2823/4 1483/2824/4 1481/2793/4
f 1489/2825/5 1498/2826/5 1488/2819/5
f 1489/2820/6 1484/2798/6 1497/2827/6
f 1492/2828/7 1485/2829/7 1490/2800/7
f 1486/2830/1 1494/2831/1 1487/2803/1
f 1491/2832/4 1486/2817/4 1485/2804/4
f 1492/2833/5 1493/2834/5 1491/2835/5
f 1490/2810/6 1494/2836/6 1492/2837/6
f 1496/2838/7 1488/2839/7 1489/2840/7
f 1498/2841/1 1500/2842/1 1497/2822/1
f 1495/2843/4 1498/2844/4 1488/2823/4
f 1496/2845/5 1499/2846/5 1495/2847/5
f 1496/2848/6 1497/2827/6 1500/2849/6
f 1502/2850/7 1491/2851/7 1492/2828/7
f 1493/2852/1 1504/2853/1 1494/2831/1
f 1501/2854/4 1493/2855/4 1491/2832/4
f 1502/2856/5 1503/2857/5 1501/2858/5
f 1502/2859/6 1494/2836/6 1504/2860/6
f 1495/2861/1 1506/2862/1 1496/2863/1
f 1493/2864/3 1496/2865/3 1494/2866/3
f 1503/2867/4 1495/2843/4 1493/2855/4
f 1504/2868/5 1505/2869/5 1503/2857/5
f 1494/2836/6 1506/2870/6 1504/2860/6
f 1499/2871/1 1508/2872/1 1500/2842/1
f 1505/2873/4 1499/2874/4 1495/2843/4
f 1506/2875/5 1507/2876/5 1505/2869/5
f 1506/2870/6 1500/2849/6 1508/2877/6
f 1512/2878/7 1510/2879/7 1509/2880/7
f 1514/2881/1 1516/2882/1 1513/2883/1
f 1510/2884/3 1513/2885/3 1509/2886/3
f 1511/2887/4 1514/2888/4 1510/2889/4
f 1512/2890/5 1515/2891/5 1511/2892/5
f 1509/2893/6 1516/2894/6 1512/2895/6
f 1520/2896/7 1518/2897/7 1517/2898/7
f 1522/2899/1 1524/2900/1 1521/2901/1
f 1518/2902/3 1521/2903/3 1517/2904/3
f 1519/2905/4 1522/2906/4 1518/2907/4
f 1520/2908/5 1523/2909/5 1519/2910/5
f 1517/2911/6 1524/2912/6 1520/2913/6
f 1527/2914/7 1526/2915/7 1525/2916/7
f 1529/2917/1 1531/2918/1 1528/2919/1
f 1526/2920/3 1528/2921/3 1525/2922/3
f 1536/2923/4 1529/2924/4 1526/2925/4
f 1527/2926/5 1530/2927/5 1536/2928/5
f 1525/2929/6 1531/2930/6 1527/2931/6
f 1535/2932/7 1533/2933/7 1532/2934/7
f 1526/2935/1 1502/2936/1 1461/2937/1
f 1532/2938/3 1526/2939/3 1461/2940/3
f 1534/2941/4 1526/2925/4 1533/2942/4
f 1535/2943/5 1536/2944/5 1534/2945/5
f 1532/2946/6 1502/2947/6 1535/2948/6
f 1539/2949/153 1538/2950/153 1537/2951/153
f 1541/2952/154 1540/2953/154 1539/2949/154
f 1547/2954/4 1542/2955/4 1541/2956/4
f 1545/2957/155 1548/2958/155 1547/2959/155
f 1543/2960/156 1546/2961/156 1545/2957/156
f 1537/2962/6 1544/2963/6 1543/2964/6
f 1537/2965/3 1545/2966/3 1539/2967/3
f 1545/2966/3 1541/2968/3 1539/2967/3
f 1538/2969/5 1546/2970/5 1544/2971/5
f 1542/2972/5 1546/2970/5 1540/2973/5
f 1549/2974/5 1550/2975/5 1551/2976/5
f 1554/2977/3 1553/2978/3 1552/2979/3
f 1558/2980/7 1556/2981/7 1555/2982/7
f 1560/2983/1 1562/2980/1 1559/2984/1
f 1556/2985/3 1559/2986/3 1555/2987/3
f 1557/2988/4 1560/2989/4 1556/2990/4
f 1558/2991/5 1561/2992/5 1557/2993/5
f 1555/2994/6 1562/2995/6 1558/2996/6
f 1569/2997/157 1570/2998/157 1571/2999/157
f 1575/3000/149 1576/3001/149 1577/3002/149
f 1578/3003/136 1579/3004/136 1580/3005/136
f 1581/3006/137 1582/3007/137 1583/3008/137
f 1584/3009/151 1585/3010/151 1586/3011/151
f 1567/3012/57 1563/3013/57 1565/3014/57
f 1574/3015/18 1569/3016/18 1571/3017/18
f 1585/3018/19 1575/3000/19 1577/3002/19
f 1578/3003/20 1577/3002/20 1576/3001/20
f 1581/3019/21 1580/3005/21 1579/3004/21
f 1576/3020/22 1564/3021/22 1563/3022/22
f 1579/3023/23 1566/3024/23 1568/3025/23
f 1582/3007/38 1570/2998/38 1569/2997/38
f 1584/3009/25 1573/3026/25 1572/3027/25
f 1566/3024/3 1576/3028/3 1563/3013/3
f 1574/3029/7 1567/3030/7 1565/3031/7
f 1564/3021/6 1584/3032/6 1572/3033/6
f 1570/2998/4 1579/3034/4 1568/3035/4
f 1573/3026/5 1582/3036/5 1569/3016/5
f 1590/3037/94 1591/3038/94 1592/3039/94
f 1593/3040/157 1594/3041/157 1595/3042/157
f 1599/3043/85 1600/3044/85 1601/3045/85
f 1602/3046/96 1603/3047/96 1604/3048/96
f 1605/3049/137 1606/3050/137 1607/2999/137
f 1608/3051/151 1609/3052/151 1610/3053/151
f 1591/3038/17 1587/3054/17 1589/3055/17
f 1598/3056/158 1593/3057/158 1595/3058/158
f 1595/3042/28 1592/3059/28 1591/3060/28
f 1609/3061/19 1599/3043/19 1601/3045/19
f 1605/3062/21 1604/3048/21 1603/3047/21
f 1610/3063/29 1607/3064/29 1606/3065/29
f 1600/3066/22 1588/3067/22 1587/3068/22
f 1603/3069/23 1590/3037/23 1592/3039/23
f 1606/3050/38 1594/3041/38 1593/3040/38
f 1608/3051/25 1597/3070/25 1596/3071/25
f 1590/3037/3 1600/3072/3 1587/3054/3
f 1598/3073/7 1591/3074/7 1589/3075/7
f 1588/3067/6 1608/3076/6 1596/3077/6
f 1594/3041/4 1603/3078/4 1592/3059/4
f 1597/3070/5 1606/3079/5 1593/3057/5
f 1611/3080/80 1612/3081/80 1613/3082/80
f 1614/3083/31 1615/3084/31 1616/3085/31
f 1617/3086/12 1618/3087/12 1619/3088/12
f 1620/3089/159 1621/3090/159 1622/3091/159
f 1623/3092/67 1624/3093/67 1625/3094/67
f 1626/3095/34 1627/3096/34 1628/3097/34
f 1629/3098/15 1630/3099/15 1631/3100/15
f 1632/3101/36 1633/3102/36 1634/3103/36
f 1615/3084/70 1611/3104/70 1613/3105/70
f 1620/3106/37 1613/3082/37 1612/3081/37
f 1622/3091/18 1617/3107/18 1619/3108/18
f 1619/3088/28 1616/3109/28 1615/3110/28
f 1633/3111/19 1623/3092/19 1625/3094/19
f 1626/3095/20 1625/3094/20 1624/3093/20
f 1629/3112/21 1628/3097/21 1627/3096/21
f 1634/3113/29 1631/3114/29 1630/3115/29
f 1624/3116/22 1612/3081/22 1611/3080/22
f 1627/3117/23 1614/3083/23 1616/3085/23
f 1630/3099/38 1618/3087/38 1617/3086/38
f 1632/3101/25 1621/3090/25 1620/3089/25
f 1614/3083/3 1624/3118/3 1611/3104/3
f 1622/3119/7 1615/3120/7 1613/3121/7
f 1612/3081/6 1632/3122/6 1620/3106/6
f 1618/3087/4 1627/3123/4 1616/3109/4
f 1621/3090/5 1630/3124/5 1617/3107/5
f 1628/3097/1 1633/3111/1 1625/3094/1
f 1635/3125/80 1636/3126/80 1637/3127/80
f 1641/3128/95 1642/3129/95 1643/3130/95
f 1644/3131/150 1645/3132/150 1646/3133/150
f 1647/3134/135 1648/3135/135 1649/3136/135
f 1650/3137/136 1651/3138/136 1652/3139/136
f 1653/3140/97 1654/3141/97 1655/3142/97
f 1656/3143/151 1657/3144/151 1658/3145/151
f 1639/3146/17 1635/3147/17 1637/3148/17
f 1644/3149/37 1637/3127/37 1636/3126/37
f 1646/3133/18 1641/3150/18 1643/3151/18
f 1643/3130/28 1640/3152/28 1639/3153/28
f 1657/3154/19 1647/3134/19 1649/3136/19
f 1650/3137/20 1649/3136/20 1648/3135/20
f 1653/3155/21 1652/3139/21 1651/3138/21
f 1658/3156/29 1655/3157/29 1654/3158/29
f 1648/3159/22 1636/3126/22 1635/3125/22
f 1654/3141/38 1642/3129/38 1641/3128/38
f 1656/3143/25 1645/3132/25 1644/3131/25
f 1638/3160/3 1648/3161/3 1635/3147/3
f 1646/3162/7 1639/3163/7 1637/3164/7
f 1636/3126/6 1656/3165/6 1644/3149/6
f 1642/3129/4 1651/3166/4 1640/3152/4
f 1645/3132/5 1654/3167/5 1641/3150/5
f 1652/3139/1 1657/3154/1 1649/3136/1
f 1662/3168/7 1660/3169/7 1659/3170/7
f 1664/3171/1 1666/3172/1 1663/3173/1
f 1660/3174/89 1663/3175/89 1659/3176/89
f 1661/3177/90 1664/3178/90 1660/3179/90
f 1662/3180/91 1665/3181/91 1661/3182/91
f 1659/3183/92 1666/3184/92 1662/3185/92
f 1670/3186/7 1668/3187/7 1667/3188/7
f 1672/3189/1 1674/3190/1 1671/3191/1
f 1668/3192/160 1671/3193/160 1667/3194/160
f 1669/3195/46 1672/3196/46 1668/3197/46
f 1670/3198/93 1673/3199/93 1669/3200/93
f 1667/3201/48 1674/3202/48 1670/3203/48
f 1678/3204/94 1679/3205/94 1680/3206/94
f 1681/3207/157 1682/3208/157 1683/3209/157
f 1687/3210/149 1688/3211/149 1689/3212/149
f 1690/3213/96 1691/3214/96 1692/3215/96
f 1693/3216/137 1694/3217/137 1695/3218/137
f 1696/3219/151 1697/3220/151 1698/3221/151
f 1679/3205/17 1675/3222/17 1677/3223/17
f 1686/3224/18 1681/3225/18 1683/3226/18
f 1683/3209/28 1680/3227/28 1679/3228/28
f 1697/3229/19 1687/3210/19 1689/3212/19
f 1690/3213/20 1689/3212/20 1688/3211/20
f 1693/3230/21 1692/3215/21 1691/3214/21
f 1688/3231/22 1676/3232/22 1675/3233/22
f 1691/3234/23 1678/3204/23 1680/3206/23
f 1694/3217/38 1682/3208/38 1681/3207/38
f 1696/3219/25 1685/3235/25 1684/3236/25
f 1678/3204/3 1688/3237/3 1675/3222/3
f 1686/3238/7 1679/3239/7 1677/3240/7
f 1676/3232/6 1696/3241/6 1684/3242/6
f 1682/3208/4 1691/3243/4 1680/3227/4
f 1685/3235/5 1694/3244/5 1681/3225/5
f 1702/3245/161 1703/3246/161 1704/3247/161
f 1705/3248/157 1706/3249/157 1707/3250/157
f 1711/3251/135 1712/3252/135 1713/3253/135
f 1714/3254/136 1715/3255/136 1716/3256/136
f 1717/3257/137 1718/3258/137 1719/3259/137
f 1720/3260/151 1721/3261/151 1722/3262/151
f 1703/3246/17 1699/3263/17 1701/3264/17
f 1710/3265/18 1705/3266/18 1707/3267/18
f 1707/3250/28 1704/3268/28 1703/3269/28
f 1721/3270/19 1711/3251/19 1713/3253/19
f 1717/3271/21 1716/3256/21 1715/3255/21
f 1722/3272/29 1719/3273/29 1718/3274/29
f 1712/3275/22 1700/3276/22 1699/3277/22
f 1715/3278/23 1702/3245/23 1704/3247/23
f 1718/3258/38 1706/3249/38 1705/3248/38
f 1720/3260/25 1709/3279/25 1708/3280/25
f 1702/3245/3 1712/3281/3 1699/3263/3
f 1710/3282/7 1703/3283/7 1701/3284/7
f 1700/3276/6 1720/3285/6 1708/3286/6
f 1706/3249/4 1715/3287/4 1704/3268/4
f 1709/3279/5 1718/3288/5 1705/3266/5
f 1723/3289/84 1724/3290/84 1725/3291/84
f 1726/3292/26 1727/3293/26 1728/3294/26
f 1729/3295/12 1730/3296/12 1731/3297/12
f 1732/3298/159 1733/3299/159 1734/3300/159
f 1735/3301/13 1736/3302/13 1737/3303/13
f 1738/3304/14 1739/3305/14 1740/3306/14
f 1741/3307/15 1742/3308/15 1743/3309/15
f 1744/3310/162 1745/3311/162 1746/3312/162
f 1727/3293/17 1723/3313/17 1725/3314/17
f 1732/3315/37 1725/3291/37 1724/3290/37
f 1734/3300/18 1729/3316/18 1731/3317/18
f 1731/3297/28 1728/3318/28 1727/3319/28
f 1745/3320/19 1735/3301/19 1737/3303/19
f 1738/3304/20 1737/3303/20 1736/3302/20
f 1741/3321/21 1740/3306/21 1739/3305/21
f 1746/3322/29 1743/3323/29 1742/3324/29
f 1736/3325/22 1724/3290/22 1723/3289/22
f 1739/3326/23 1726/3292/23 1728/3294/23
f 1742/3308/38 1730/3296/38 1729/3295/38
f 1744/3310/25 1733/3299/25 1732/3298/25
f 1726/3292/3 1736/3327/3 1723/3313/3
f 1734/3328/7 1727/3329/7 1725/3330/7
f 1724/3290/6 1744/3331/6 1732/3315/6
f 1730/3296/4 1739/3332/4 1728/3318/4
f 1733/3299/5 1742/3333/5 1729/3316/5
f 1740/3306/1 1745/3320/1 1737/3303/1
f 1747/3334/134 1748/3335/134 1749/3336/134
f 1750/3337/94 1751/3338/94 1752/3339/94
f 1753/3340/163 1754/3341/163 1755/3342/163
f 1756/3343/159 1757/3344/159 1758/3345/159
f 1759/3346/149 1760/3347/149 1761/3348/149
f 1762/3349/96 1763/3350/96 1764/3351/96
f 1765/3352/137 1766/3353/137 1767/3354/137
f 1768/3355/138 1769/3356/138 1770/3357/138
f 1751/3338/17 1747/3358/17 1749/3359/17
f 1756/3360/37 1749/3336/37 1748/3335/37
f 1758/3345/18 1753/3361/18 1755/3362/18
f 1755/3342/28 1752/3363/28 1751/3364/28
f 1769/3365/19 1759/3346/19 1761/3348/19
f 1762/3349/20 1761/3348/20 1760/3347/20
f 1765/3366/21 1764/3351/21 1763/3350/21
f 1770/3367/29 1767/3368/29 1766/3369/29
f 1760/3370/22 1748/3335/22 1747/3334/22
f 1763/3371/23 1750/3337/23 1752/3339/23
f 1766/3353/38 1754/3341/38 1753/3340/38
f 1768/3355/25 1757/3344/25 1756/3343/25
f 1750/3337/3 1760/3372/3 1747/3358/3
f 1758/3373/7 1751/3374/7 1749/3375/7
f 1748/3335/6 1768/3376/6 1756/3360/6
f 1754/3341/4 1763/3377/4 1752/3363/4
f 1757/3344/5 1766/3378/5 1753/3361/5
f 1764/3351/1 1769/3365/1 1761/3348/1
f 1772/3379/6 1774/3380/6 1771/3381/6
f 1778/3382/7 1776/3383/7 1775/3384/7
f 1780/3385/1 1782/3386/1 1779/3387/1
f 1776/3388/89 1779/3389/89 1775/3390/89
f 1777/3391/90 1780/3392/90 1776/3393/90
f 1778/3394/91 1781/3395/91 1777/3396/91
f 1775/3397/92 1782/3398/92 1778/3399/92
f 1786/3400/7 1784/3401/7 1783/3402/7
f 1788/3403/1 1790/3404/1 1787/3405/1
f 1784/3406/160 1787/3407/160 1783/3408/160
f 1785/3409/46 1788/3410/46 1784/3411/46
f 1786/3412/93 1789/3413/93 1785/3414/93
f 1783/3415/48 1790/3416/48 1786/3417/48
f 1794/3418/7 1792/3419/7 1791/3420/7
f 1796/3421/1 1798/3422/1 1795/3423/1
f 1792/3424/3 1795/3425/3 1791/3426/3
f 1793/3427/4 1796/3428/4 1792/3429/4
f 1794/3430/5 1797/3431/5 1793/3432/5
f 1791/3433/6 1798/3434/6 1794/3435/6
f 1802/3436/7 1800/3437/7 1799/3438/7
f 1800/3439/3 1803/3440/3 1799/3441/3
f 1801/3442/4 1804/3443/4 1800/3444/4
f 1802/3445/5 1805/3446/5 1801/3447/5
f 1799/3448/6 1806/3449/6 1802/3450/6
f 1810/3451/7 1808/3452/7 1807/3453/7
f 1812/3454/1 1814/3455/1 1811/3456/1
f 1808/3457/3 1811/3458/3 1807/3459/3
f 1809/3460/4 1812/3461/4 1808/3462/4
f 1810/3463/5 1813/3464/5 1809/3465/5
f 1807/3466/6 1814/3467/6 1810/3468/6
f 1825/3469/7 1816/3470/7 1815/3471/7
f 1818/3472/1 1827/3473/1 1817/3474/1
f 1816/3475/3 1817/3476/3 1815/3477/3
f 1826/3478/4 1818/3479/4 1816/3480/4
f 1825/3481/5 1819/3482/5 1826/3483/5
f 1815/3484/6 1827/3485/6 1825/3486/6
f 1821/3487/1 1822/3488/1 1820/3489/1
f 1819/3490/4 1821/3491/4 1818/3479/4
f 1827/3492/5 1829/3493/5 1819/3482/5
f 1827/3485/6 1820/3494/6 1822/3495/6
f 1824/3496/1 1832/3497/1 1823/3498/1
f 1821/3499/3 1823/3500/3 1820/3501/3
f 1829/3502/4 1824/3503/4 1821/3491/4
f 1822/3504/5 1833/3505/5 1829/3493/5
f 1820/3494/6 1832/3506/6 1822/3495/6
f 1834/3507/7 1826/3508/7 1825/3469/7
f 1819/3509/1 1838/3510/1 1827/3473/1
f 1835/3511/4 1819/3490/4 1826/3478/4
f 1834/3512/5 1828/3513/5 1835/3514/5
f 1825/3486/6 1838/3515/6 1834/3516/6
f 1831/3517/7 1829/3518/7 1822/3519/7
f 1833/3520/1 1843/3521/1 1832/3497/1
f 1829/3502/4 1844/3522/4 1833/3523/4
f 1831/3524/5 1844/3525/5 1830/3526/5
f 1822/3495/6 1843/3527/6 1831/3528/6
f 1837/3529/7 1835/3530/7 1834/3507/7
f 1828/3531/1 1840/3532/1 1838/3510/1
f 1836/3533/4 1828/3534/4 1835/3511/4
f 1837/3535/5 1839/3536/5 1836/3537/5
f 1837/3538/6 1838/3515/6 1840/3539/6
f 1830/3540/1 1842/3541/1 1831/3542/1
f 1828/3543/3 1831/3544/3 1838/3545/3
f 1839/3546/4 1830/3547/4 1828/3534/4
f 1840/3548/5 1841/3549/5 1839/3536/5
f 1838/3515/6 1842/3550/6 1840/3539/6
f 1844/3551/1 1846/3552/1 1843/3521/1
f 1830/3547/4 1845/3553/4 1844/3522/4
f 1842/3554/5 1845/3555/5 1841/3549/5
f 1831/3528/6 1846/3556/6 1842/3550/6
f 1847/3557/7 1836/3558/7 1837/3529/7
f 1839/3559/1 1851/3560/1 1840/3532/1
f 1848/3561/4 1839/3546/4 1836/3533/4
f 1837/3538/6 1851/3562/6 1847/3563/6
f 1855/3564/7 1841/3565/7 1842/3566/7
f 1845/3567/1 1859/3568/1 1846/3552/1
f 1856/3569/4 1845/3553/4 1841/3570/4
f 1855/3571/5 1860/3572/5 1856/3573/5
f 1842/3550/6 1859/3574/6 1855/3575/6
f 1850/3576/7 1848/3577/7 1847/3557/7
f 1852/3578/1 1854/3579/1 1851/3560/1
f 1848/3580/3 1851/3581/3 1847/3582/3
f 1849/3583/4 1852/3584/4 1848/3561/4
f 1850/3585/5 1853/3586/5 1849/3587/5
f 1847/3563/6 1854/3588/6 1850/3589/6
f 1856/3590/1 1858/3591/1 1855/3592/1
f 1852/3593/3 1855/3594/3 1851/3581/3
f 1853/3595/4 1856/3569/4 1852/3584/4
f 1851/3562/6 1858/3596/6 1854/3588/6
f 1860/3597/1 1862/3598/1 1859/3568/1
f 1857/3599/4 1860/3600/4 1856/3569/4
f 1858/3601/5 1861/3602/5 1857/3603/5
f 1855/3575/6 1862/3604/6 1858/3596/6
f 1866/3605/7 1864/3606/7 1863/3607/7
f 1868/3608/1 1870/3609/1 1867/3610/1
f 1864/3611/3 1867/3612/3 1863/3613/3
f 1865/3614/4 1868/3615/4 1864/3616/4
f 1866/3617/5 1869/3618/5 1865/3619/5
f 1863/3620/6 1870/3621/6 1866/3622/6
f 1874/3623/7 1872/3624/7 1871/3625/7
f 1876/3626/1 1878/3627/1 1875/3628/1
f 1872/3629/3 1875/3630/3 1871/3631/3
f 1873/3632/4 1876/3633/4 1872/3634/4
f 1874/3635/5 1877/3636/5 1873/3637/5
f 1871/3638/6 1878/3639/6 1874/3640/6
f 1881/3641/7 1890/3642/7 1879/3643/7
f 1883/3644/1 1885/3645/1 1882/3646/1
f 1890/3647/3 1882/3648/3 1879/3649/3
f 1880/3650/4 1883/3651/4 1890/3652/4
f 1881/3653/5 1884/3654/5 1880/3655/5
f 1879/3656/6 1885/3657/6 1881/3658/6
f 1889/3659/7 1887/3660/7 1886/3661/7
f 1890/3662/1 1850/3663/1 1815/3664/1
f 1886/3665/3 1890/3666/3 1815/3667/3
f 1888/3668/4 1890/3652/4 1887/3669/4
f 1889/3670/5 1880/3671/5 1888/3672/5
f 1886/3673/6 1850/3674/6 1889/3675/6
f 1893/3676/164 1892/3677/164 1891/3678/164
f 1895/3679/165 1894/3680/165 1893/3676/165
f 1901/3681/4 1896/3682/4 1895/3683/4
f 1899/3684/166 1902/3685/166 1901/3686/166
f 1897/3687/167 1900/3688/167 1899/3684/167
f 1891/3689/6 1898/3690/6 1897/3691/6
f 1891/3692/3 1899/3693/3 1893/3694/3
f 1899/3693/3 1895/3695/3 1893/3694/3
f 1892/3696/5 1900/3697/5 1898/3698/5
f 1896/3699/5 1900/3697/5 1894/3700/5
f 1903/3701/5 1904/3702/5 1905/3703/5
f 1908/3704/3 1907/3705/3 1906/3706/3
f 1912/3707/7 1910/3708/7 1909/3709/7
f 1914/3710/1 1916/3711/1 1913/3712/1
f 1910/3713/3 1913/3714/3 1909/3715/3
f 1911/3716/4 1914/3717/4 1910/3718/4
f 1912/3719/5 1915/3720/5 1911/3721/5
f 1909/3722/6 1916/3723/6 1912/3724/6
f 1923/3725/95 1924/3726/95 1925/3727/95
f 1929/3728/85 1930/3729/85 1931/3730/85
f 1932/3731/96 1933/3732/96 1934/3733/96
f 1935/3734/97 1936/3735/97 1937/3736/97
f 1938/3737/78 1939/3738/78 1940/3739/78
f 1921/3740/17 1917/3741/17 1919/3742/17
f 1928/3743/18 1923/3744/18 1925/3745/18
f 1939/3746/19 1929/3728/19 1931/3730/19
f 1932/3731/20 1931/3730/20 1930/3729/20
f 1935/3747/21 1934/3733/21 1933/3732/21
f 1930/3748/22 1918/3749/22 1917/3750/22
f 1933/3751/23 1920/3752/23 1922/3753/23
f 1936/3735/38 1924/3726/38 1923/3725/38
f 1938/3737/25 1927/3754/25 1926/3755/25
f 1920/3752/3 1930/3756/3 1917/3741/3
f 1928/3757/7 1921/3758/7 1919/3759/7
f 1918/3749/6 1938/3760/6 1926/3761/6
f 1924/3726/4 1933/3762/4 1922/3763/4
f 1927/3754/5 1936/3764/5 1923/3744/5
f 1944/3765/161 1945/3766/161 1946/3767/161
f 1947/3768/157 1948/3769/157 1949/3736/157
f 1953/3770/13 1954/3771/13 1955/3772/13
f 1956/3773/136 1957/3774/136 1958/3775/136
f 1959/3776/137 1960/3777/137 1961/3778/137
f 1962/3779/16 1963/3780/16 1964/3781/16
f 1945/3766/17 1941/3782/17 1943/3783/17
f 1952/3784/18 1947/3785/18 1949/3786/18
f 1949/3736/28 1946/3787/28 1945/3788/28
f 1963/3789/19 1953/3770/19 1955/3772/19
f 1959/3790/21 1958/3775/21 1957/3774/21
f 1964/3791/29 1961/3792/29 1960/3273/29
f 1954/3793/22 1942/3794/22 1941/3795/22
f 1957/3796/23 1944/3765/23 1946/3767/23
f 1960/3777/38 1948/3769/38 1947/3768/38
f 1962/3779/25 1951/3797/25 1950/3798/25
f 1944/3765/3 1954/3799/3 1941/3782/3
f 1952/3800/7 1945/3801/7 1943/3802/7
f 1942/3794/6 1962/3803/6 1950/3804/6
f 1948/3769/4 1957/3805/4 1946/3787/4
f 1951/3797/5 1960/3806/5 1947/3785/5
f 1965/3807/168 1966/3808/168 1967/3809/168
f 1968/3810/26 1969/3811/26 1970/3812/26
f 1971/3813/12 1972/3814/12 1973/3815/12
f 1974/3816/169 1975/3817/169 1976/3818/169
f 1977/3819/135 1978/3820/135 1979/3821/135
f 1980/3822/14 1981/3823/14 1982/3824/14
f 1983/3825/15 1984/3826/15 1985/3827/15
f 1986/3828/138 1987/3829/138 1988/3830/138
f 1969/3811/17 1965/3831/17 1967/3832/17
f 1974/3833/37 1967/3809/37 1966/3808/37
f 1976/3818/18 1971/3834/18 1973/3835/18
f 1973/3815/28 1970/3836/28 1969/3837/28
f 1987/3838/19 1977/3819/19 1979/3821/19
f 1980/3822/20 1979/3821/20 1978/3820/20
f 1983/3839/21 1982/3824/21 1981/3823/21
f 1988/3840/29 1985/3841/29 1984/3842/29
f 1978/3843/22 1966/3808/22 1965/3807/22
f 1981/3844/23 1968/3810/23 1970/3812/23
f 1984/3826/38 1972/3814/38 1971/3813/38
f 1986/3828/25 1975/3817/25 1974/3816/25
f 1968/3810/3 1978/3845/3 1965/3831/3
f 1976/3846/7 1969/3847/7 1967/3848/7
f 1966/3808/6 1986/3849/6 1974/3833/6
f 1972/3814/4 1981/3850/4 1970/3836/4
f 1975/3817/5 1984/3851/5 1971/3834/5
f 1982/3824/1 1987/3838/1 1979/3821/1
f 1989/3852/170 1990/3853/170 1991/3854/170
f 1995/3855/163 1996/3856/163 1997/3857/163
f 1998/3858/159 1999/3859/159 2000/3860/159
f 2001/3861/135 2002/3862/135 2003/3863/135
f 2004/3864/136 2005/3865/136 2006/3866/136
f 2007/3867/137 2008/3868/137 2009/3869/137
f 2010/3870/138 2011/3871/138 2012/3872/138
f 1993/3873/17 1989/3874/17 1991/3875/17
f 1998/3876/37 1991/3854/37 1990/3853/37
f 2000/3860/18 1995/3877/18 1997/3878/18
f 1997/3857/28 1994/3879/28 1993/3880/28
f 2011/3881/19 2001/3861/19 2003/3863/19
f 2004/3864/20 2003/3863/20 2002/3862/20
f 2007/3882/21 2006/3866/21 2005/3865/21
f 2012/3883/29 2009/3884/29 2008/3885/29
f 2002/3886/22 1990/3853/22 1989/3852/22
f 2008/3868/38 1996/3856/38 1995/3855/38
f 2010/3870/25 1999/3859/25 1998/3858/25
f 1992/3887/3 2002/3888/3 1989/3874/3
f 2000/3889/7 1993/3890/7 1991/3891/7
f 1990/3853/6 2010/3892/6 1998/3876/6
f 1996/3856/4 2005/3893/4 1994/3879/4
f 1999/3859/5 2008/3894/5 1995/3877/5
f 2006/3866/1 2011/3881/1 2003/3863/1
f 2014/3895/6 2016/3896/6 2013/3897/6
f 2020/3898/7 2018/3899/7 2017/3900/7
f 2022/3901/1 2024/3902/1 2021/3903/1
f 2018/3904/89 2021/3905/89 2017/3906/89
f 2019/3907/90 2022/3908/90 2018/3909/90
f 2020/3910/91 2023/3911/91 2019/3912/91
f 2017/3913/92 2024/3914/92 2020/3915/92
f 2028/3916/7 2026/3917/7 2025/3918/7
f 2030/3919/1 2032/3920/1 2029/3921/1
f 2026/3922/160 2029/3923/160 2025/3924/160
f 2027/3925/46 2030/3926/46 2026/3927/46
f 2028/3928/93 2031/3929/93 2027/3930/93
f 2025/3931/48 2032/3932/48 2028/3933/48
f 2036/3934/161 2037/3935/161 2038/3936/161
f 2039/3937/157 2040/3938/157 2041/3939/157
f 2045/3940/13 2046/3941/13 2047/3942/13
f 2048/3943/136 2049/3944/136 2050/3945/136
f 2051/3946/137 2052/3947/137 2053/3948/137
f 2054/3949/16 2055/3950/16 2056/3951/16
f 2037/3935/17 2033/3952/17 2035/3953/17
f 2044/3954/18 2039/3955/18 2041/3956/18
f 2041/3939/28 2038/3957/28 2037/3958/28
f 2055/3959/19 2045/3940/19 2047/3942/19
f 2048/3943/87 2047/3942/87 2046/3941/87
f 2051/3960/21 2050/3945/21 2049/3944/21
f 2046/3961/22 2034/3962/22 2033/3963/22
f 2049/3964/23 2036/3934/23 2038/3936/23
f 2052/3947/38 2040/3938/38 2039/3937/38
f 2054/3949/25 2043/3965/25 2042/3966/25
f 2036/3934/3 2046/3967/3 2033/3952/3
f 2044/3968/7 2037/3969/7 2035/3970/7
f 2034/3962/6 2054/3971/6 2042/3972/6
f 2040/3938/4 2049/3973/4 2038/3957/4
f 2043/3965/5 2052/3974/5 2039/3955/5
f 2060/3975/161 2061/3976/161 2062/3977/161
f 2069/3978/13 2070/3979/13 2071/3980/13
f 2072/3981/136 2073/3982/136 2074/3983/136
f 2075/3984/137 2076/3985/137 2077/3986/137
f 2078/3987/16 2079/3988/16 2080/3989/16
f 2061/3976/17 2057/3990/17 2059/3991/17
f 2068/3992/171 2063/3993/171 2065/3994/171
f 2079/3995/19 2069/3978/19 2071/3980/19
f 2075/3996/21 2074/3983/21 2073/3982/21
f 2080/3997/29 2077/3998/29 2076/3999/29
f 2070/4000/22 2058/4001/22 2057/4002/22
f 2073/4003/23 2060/3975/23 2062/3977/23
f 2076/3985/38 2064/4004/38 2063/4005/38
f 2078/3987/25 2067/4006/25 2066/4007/25
f 2060/3975/3 2070/4008/3 2057/3990/3
f 2068/4009/7 2061/4010/7 2059/4011/7
f 2058/4001/6 2078/4012/6 2066/4013/6
f 2064/4004/4 2073/4014/4 2062/4015/4
f 2067/4006/5 2076/4016/5 2063/3993/5
f 2081/4017/168 2082/4018/168 2083/4019/168
f 2084/4020/26 2085/4021/26 2086/4022/26
f 2087/4023/12 2088/4024/12 2089/4025/12
f 2090/4026/150 2091/4027/150 2092/4028/150
f 2093/4029/67 2094/4030/67 2095/4031/67
f 2096/4032/14 2097/4033/14 2098/4034/14
f 2099/4035/172 2100/4036/172 2101/4037/172
f 2102/4038/151 2103/4039/151 2104/4040/151
f 2085/4021/17 2081/4041/17 2083/4042/17
f 2090/4043/37 2083/4019/37 2082/4018/37
f 2092/4028/18 2087/4044/18 2089/4045/18
f 2089/4025/28 2086/4046/28 2085/4047/28
f 2103/4048/19 2093/4029/19 2095/4031/19
f 2096/4032/20 2095/4031/20 2094/4030/20
f 2099/4049/21 2098/4034/21 2097/4033/21
f 2104/4050/29 2101/4051/29 2100/4052/29
f 2094/4053/22 2082/4018/22 2081/4017/22
f 2097/4054/23 2084/4020/23 2086/4022/23
f 2100/4036/38 2088/4024/38 2087/4023/38
f 2102/4038/25 2091/4027/25 2090/4026/25
f 2084/4020/3 2094/4055/3 2081/4041/3
f 2092/4056/7 2085/4057/7 2083/4058/7
f 2082/4018/6 2102/4059/6 2090/4043/6
f 2088/4024/4 2097/4060/4 2086/4046/4
f 2091/4027/5 2100/4061/5 2087/4044/5
f 2098/4034/1 2103/4048/1 2095/4031/1
f 2105/4062/134 2106/4063/134 2107/4064/134
f 2108/4065/94 2109/4066/94 2110/4067/94
f 2114/4068/82 2115/4069/82 2116/4070/82
f 2117/4071/149 2118/4072/149 2119/4073/149
f 2120/4074/136 2121/4075/136 2122/4076/136
f 2123/4077/173 2124/4078/173 2125/4079/173
f 2126/4080/138 2127/4081/138 2128/4082/138
f 2109/4066/17 2105/4083/17 2107/4084/17
f 2114/4085/37 2107/4064/37 2106/4063/37
f 2116/4070/18 2111/4086/18 2113/4087/18
f 2113/4088/28 2110/4089/28 2109/4090/28
f 2127/4091/19 2117/4071/19 2119/4073/19
f 2120/4074/20 2119/4073/20 2118/4072/20
f 2123/4092/21 2122/4076/21 2121/4075/21
f 2128/4093/29 2125/4094/29 2124/4095/29
f 2118/4096/22 2106/4063/22 2105/4062/22
f 2121/4097/23 2108/4065/23 2110/4067/23
f 2126/4080/25 2115/4069/25 2114/4068/25
f 2108/4065/3 2118/4098/3 2105/4083/3
f 2116/4099/7 2109/4100/7 2107/4101/7
f 2106/4063/6 2126/4102/6 2114/4085/6
f 2112/4103/4 2121/4104/4 2110/4089/4
f 2115/4069/5 2124/4105/5 2111/4086/5
f 2122/4076/1 2127/4091/1 2119/4073/1
f 2130/4106/6 2132/4107/6 2129/4108/6
f 2136/4109/7 2134/3190/7 2133/4110/7
f 2138/4111/1 2140/4112/1 2137/4113/1
f 2134/4114/89 2137/4115/89 2133/4116/89
f 2135/4117/90 2138/4118/90 2134/4119/90
f 2136/4120/91 2139/4121/91 2135/4122/91
f 2133/4123/92 2140/4124/92 2136/4125/92
f 2144/4126/7 2142/4127/7 2141/4128/7
f 2146/4129/1 2148/4130/1 2145/4131/1
f 2142/4132/160 2145/4133/160 2141/4134/160
f 2143/4135/46 2146/4136/46 2142/4137/46
f 2144/4138/93 2147/4139/93 2143/4140/93
f 2141/4141/48 2148/4142/48 2144/4143/48
f 2152/4144/7 2150/4145/7 2149/4146/7
f 2154/4147/1 2156/4148/1 2153/4149/1
f 2151/4150/4 2154/4151/4 2150/4152/4
f 2149/4153/6 2156/4154/6 2152/4155/6
f 2160/4156/7 2158/4157/7 2157/4158/7
f 2158/4159/3 2161/4160/3 2157/4161/3
f 2159/4162/4 2162/4163/4 2158/4164/4
f 2160/4165/5 2163/4166/5 2159/4167/5
f 2157/4168/6 2164/4169/6 2160/4170/6
f 2168/4171/7 2166/4172/7 2165/4173/7
f 2170/4174/1 2172/4175/1 2169/4176/1
f 2166/4177/3 2169/4178/3 2165/4179/3
f 2167/4180/4 2170/4181/4 2166/4182/4
f 2168/4183/5 2171/4184/5 2167/4185/5
f 2165/4186/6 2172/4187/6 2168/4188/6
f 2173/4189/7 2175/4190/7 2174/4191/7
f 2178/4192/1 2180/4193/1 2177/4194/1
f 2173/4195/3 2178/4196/3 2177/4197/3
f 2175/4198/4 2178/4199/4 2174/4200/4
f 2176/4201/5 2179/4202/5 2175/4203/5
f 2173/4204/6 2180/4205/6 2176/4206/6
f 2182/4207/1 2184/4208/1 2181/4209/1
f 2178/4196/3 2181/4210/3 2177/4197/3
f 2179/4211/4 2182/4212/4 2178/4199/4
f 2180/4213/5 2183/4214/5 2179/4202/5
f 2177/4215/6 2184/4216/6 2180/4205/6
f 2186/4217/1 2188/4218/1 2185/4219/1
f 2182/4220/3 2185/4221/3 2181/4210/3
f 2183/4222/4 2186/4223/4 2182/4212/4
f 2184/4224/5 2187/4225/5 2183/4214/5
f 2181/4226/6 2188/4227/6 2184/4216/6
f 2190/4228/7 2175/4190/7 2176/4229/7
f 2179/4230/1 2192/4231/1 2180/4193/1
f 2189/4232/4 2179/4211/4 2175/4198/4
f 2190/4233/5 2191/4234/5 2189/4235/5
f 2176/4206/6 2192/4236/6 2190/4237/6
f 2194/4238/7 2183/4239/7 2184/4240/7
f 2187/4241/1 2196/4242/1 2188/4218/1
f 2193/4243/4 2187/4244/4 2183/4222/4
f 2194/4245/5 2195/4246/5 2193/4247/5
f 2184/4216/6 2196/4248/6 2194/4249/6
f 2198/4250/7 2189/4251/7 2190/4228/7
f 2191/4252/1 2200/4253/1 2192/4231/1
f 2197/4254/4 2191/4255/4 2189/4232/4
f 2198/4256/5 2199/4257/5 2197/4258/5
f 2190/4237/6 2200/4259/6 2198/4260/6
f 2193/4261/1 2202/4262/1 2194/4263/1
f 2191/4264/3 2194/4265/3 2192/4266/3
f 2199/4267/4 2193/4243/4 2191/4255/4
f 2200/4268/5 2201/4269/5 2199/4257/5
f 2192/4236/6 2202/4270/6 2200/4259/6
f 2195/4271/1 2204/4272/1 2196/4242/1
f 2201/4273/4 2195/4274/4 2193/4243/4
f 2202/4275/5 2203/4276/5 2201/4269/5
f 2194/4249/6 2204/4277/6 2202/4270/6
f 2206/4278/7 2197/4279/7 2198/4250/7
f 2199/4280/1 2208/4281/1 2200/4253/1
f 2205/4282/4 2199/4267/4 2197/4254/4
f 2206/4283/5 2207/4284/5 2205/4285/5
f 2198/4260/6 2208/4286/6 2206/4287/6
f 2210/4288/7 2201/4289/7 2202/4290/7
f 2203/4291/1 2212/4292/1 2204/4272/1
f 2209/4293/4 2203/4294/4 2201/4273/4
f 2210/4295/5 2211/4296/5 2209/4297/5
f 2202/4270/6 2212/4298/6 2210/4299/6
f 2214/4300/7 2205/4301/7 2206/4278/7
f 2208/4281/1 2215/4302/1 2216/4303/1
f 2213/4304/4 2207/4305/4 2205/4282/4
f 2214/4306/5 2215/4307/5 2213/4308/5
f 2206/4287/6 2216/4309/6 2214/4310/6
f 2210/4311/1 2217/4312/1 2218/4313/1
f 2207/4314/3 2210/4315/3 2208/4316/3
f 2207/4305/4 2217/4317/4 2209/4293/4
f 2216/4318/5 2217/4319/5 2215/4307/5
f 2208/4286/6 2218/4320/6 2216/4309/6
f 2211/4321/1 2220/4322/1 2212/4292/1
f 2217/4317/4 2211/4323/4 2209/4293/4
f 2218/4324/5 2219/4325/5 2217/4319/5
f 2210/4299/6 2220/4326/6 2218/4320/6
f 2224/4327/7 2222/4328/7 2221/4329/7
f 2226/4330/1 2228/4331/1 2225/4332/1
f 2222/4333/3 2225/4334/3 2221/4335/3
f 2223/4336/4 2226/4337/4 2222/4338/4
f 2224/4339/5 2227/4340/5 2223/4341/5
f 2221/4342/6 2228/4343/6 2224/4344/6
f 2232/4345/7 2230/4346/7 2229/4347/7
f 2234/4348/1 2236/4349/1 2233/4350/1
f 2230/4351/3 2233/4352/3 2229/4353/3
f 2231/4354/4 2234/4355/4 2230/4356/4
f 2232/4357/5 2235/4358/5 2231/4359/5
f 2229/4360/6 2236/4361/6 2232/4362/6
f 2240/4363/7 2238/4364/7 2237/4365/7
f 2242/4366/1 2244/4367/1 2241/4368/1
f 2238/4369/3 2241/4370/3 2237/4371/3
f 2239/4372/4 2242/4373/4 2238/4374/4
f 2240/4375/5 2243/4376/5 2239/4377/5
f 2237/4378/6 2244/4379/6 2240/4380/6
f 2248/4381/7 2246/4382/7 2245/4383/7
f 2238/4384/1 2214/4385/1 2173/4386/1
f 2246/4387/3 2173/4388/3 2245/4389/3
f 2247/4390/4 2238/4374/4 2246/4391/4
f 2248/4392/5 2239/4393/5 2247/4394/5
f 2245/4395/6 2214/4396/6 2248/4397/6
f 2251/4398/153 2250/4399/153 2249/4400/153
f 2253/4401/154 2252/4402/154 2251/4398/154
f 2259/4403/4 2254/4404/4 2253/4405/4
f 2257/4406/155 2260/4407/155 2259/4408/155
f 2255/4409/156 2258/4410/156 2257/4406/156
f 2249/4411/6 2256/4412/6 2255/4413/6
f 2249/4414/3 2257/4415/3 2251/4416/3
f 2257/4415/3 2253/4417/3 2251/4416/3
f 2250/4418/5 2258/4419/5 2256/4420/5
f 2254/4421/5 2258/4419/5 2252/4422/5
f 2261/4423/5 2262/4424/5 2263/4425/5
f 2266/4426/3 2265/4427/3 2264/4428/3
f 2270/4429/7 2268/4430/7 2267/4431/7
f 2272/4432/1 2274/4433/1 2271/4434/1
f 2268/4435/3 2271/4436/3 2267/4437/3
f 2269/4438/4 2272/4439/4 2268/4440/4
f 2270/4441/5 2273/4442/5 2269/4443/5
f 2267/4444/6 2274/4445/6 2270/4446/6
f 2279/4447/66 2280/4448/66 2281/4449/66
f 2284/4450/67 2285/4451/67 2286/4452/67
f 2287/4453/174 2288/4454/174 2289/4455/174
f 2290/4456/68 2291/4457/68 2292/4458/68
f 2293/4459/69 2294/4460/69 2295/4461/69
f 2294/4462/19 2284/4450/19 2286/4452/19
f 2287/4453/20 2286/4452/20 2285/4451/20
f 2290/4463/21 2289/4455/21 2288/4454/21
f 2285/4464/22 2276/4465/22 2275/4466/22
f 2288/4467/23 2277/4468/23 2278/4469/23
f 2291/4457/38 2280/4448/38 2279/4447/38
f 2293/4459/25 2283/4470/25 2282/4471/25
f 2277/4468/3 2285/4472/3 2275/4473/3
f 2276/4465/6 2293/4474/6 2282/4475/6
f 2280/4448/4 2288/4476/4 2278/4477/4
f 2283/4470/5 2291/4478/5 2279/4479/5
f 2298/4480/81 2299/4481/81 2300/4482/81
f 2301/4483/66 2302/4484/66 2303/4485/66
f 2306/4486/67 2307/4487/67 2308/4488/67
f 2309/4489/174 2310/4490/174 2311/4491/174
f 2312/4492/68 2313/4493/68 2314/4494/68
f 2315/4495/69 2316/4496/69 2317/4497/69
f 2303/4485/28 2300/4498/28 2299/4499/28
f 2316/4500/19 2306/4486/19 2308/4488/19
f 2312/4501/21 2311/4491/21 2310/4490/21
f 2317/4502/83 2314/4503/83 2313/4504/83
f 2307/4505/22 2297/4506/22 2296/4507/22
f 2310/4508/23 2298/4480/23 2300/4482/23
f 2313/4493/38 2302/4484/38 2301/4483/38
f 2315/4495/25 2305/4509/25 2304/4510/25
f 2298/4480/3 2307/4511/3 2296/4512/3
f 2297/4506/6 2315/4513/6 2304/4514/6
f 2302/4484/4 2310/4515/4 2300/4498/4
f 2305/4509/5 2313/4516/5 2301/4517/5
f 2318/4518/80 2319/4519/80 2320/4520/80
f 2321/4521/81 2322/4522/81 2323/4523/81
f 2324/4524/66 2325/4525/66 2326/4526/66
f 2327/4527/82 2328/4528/82 2329/4529/82
f 2330/4530/67 2331/4531/67 2332/4532/67
f 2333/4533/174 2334/4534/174 2335/4535/174
f 2336/4536/68 2337/4537/68 2338/4538/68
f 2339/4539/69 2340/4540/69 2341/4541/69
f 2322/4522/17 2318/4542/17 2320/4543/17
f 2327/4544/37 2320/4520/37 2319/4519/37
f 2329/4529/71 2324/4545/71 2326/4546/71
f 2326/4526/28 2323/4547/28 2322/4548/28
f 2340/4549/19 2330/4530/19 2332/4532/19
f 2333/4533/20 2332/4532/20 2331/4531/20
f 2336/4550/21 2335/4535/21 2334/4534/21
f 2341/4551/83 2338/4552/83 2337/4553/83
f 2331/4554/22 2319/4519/22 2318/4518/22
f 2334/4555/23 2321/4521/23 2323/4523/23
f 2337/4537/38 2325/4525/38 2324/4524/38
f 2339/4539/25 2328/4528/25 2327/4527/25
f 2321/4521/3 2331/4556/3 2318/4542/3
f 2329/4557/7 2322/4558/7 2320/4559/7
f 2319/4519/6 2339/4560/6 2327/4544/6
f 2325/4525/4 2334/4561/4 2323/4547/4
f 2328/4528/5 2337/4562/5 2324/4545/5
f 2335/4535/1 2340/4549/1 2332/4532/1
f 2342/4563/80 2343/4564/80 2344/4565/80
f 2348/4566/66 2349/4567/66 2350/4568/66
f 2351/4569/82 2352/4570/82 2353/4571/82
f 2354/4572/67 2355/4573/67 2356/4574/67
f 2357/4575/174 2358/4576/174 2359/4577/174
f 2360/4578/68 2361/4579/68 2362/4580/68
f 2363/4581/69 2364/4582/69 2365/4583/69
f 2346/4584/70 2342/4585/70 2344/4586/70
f 2351/4587/37 2344/4565/37 2343/4564/37
f 2353/4571/18 2348/4588/18 2350/4589/18
f 2350/4568/28 2347/4590/28 2346/4591/28
f 2364/4592/19 2354/4572/19 2356/4574/19
f 2357/4575/20 2356/4574/20 2355/4573/20
f 2360/4593/21 2359/4577/21 2358/4576/21
f 2365/4594/29 2362/4595/29 2361/4596/29
f 2355/4597/22 2343/4564/22 2342/4563/22
f 2361/4579/38 2349/4567/38 2348/4566/38
f 2363/4581/25 2352/4570/25 2351/4569/25
f 2345/4598/3 2355/4599/3 2342/4585/3
f 2353/4600/7 2346/4601/7 2344/4602/7
f 2343/4564/6 2363/4603/6 2351/4587/6
f 2349/4567/4 2358/4604/4 2347/4590/4
f 2352/4570/5 2361/4605/5 2348/4588/5
f 2359/4577/1 2364/4592/1 2356/4574/1
f 2367/4606/6 2369/4607/6 2366/4608/6
f 2370/4609/7 2372/4610/7 2371/3170/7
f 2374/4611/1 2376/4612/1 2377/4613/1
f 2371/4614/89 2374/4615/89 2370/4616/89
f 2372/4617/90 2375/4618/90 2371/4619/90
f 2373/4620/91 2376/4621/91 2372/4622/91
f 2370/4623/92 2377/4624/92 2373/4625/92
f 2378/4626/7 2380/4627/7 2379/4628/7
f 2382/4629/1 2384/4630/1 2385/4631/1
f 2379/4632/45 2382/4633/45 2378/4634/45
f 2380/4635/46 2383/4636/46 2379/4637/46
f 2381/4638/93 2384/4639/93 2380/4640/93
f 2378/4641/48 2385/4642/48 2381/4643/48
f 2388/4644/81 2389/4645/81 2390/4646/81
f 2391/4647/66 2392/4648/66 2393/4649/66
f 2396/4650/67 2397/4651/67 2398/4652/67
f 2399/4653/174 2400/4654/174 2401/4655/174
f 2402/4656/68 2403/4657/68 2404/4658/68
f 2405/4659/69 2406/4660/69 2407/4661/69
f 2393/4649/28 2390/4662/28 2389/4663/28
f 2406/3001/19 2396/4650/19 2398/4652/19
f 2399/4653/20 2398/4652/20 2397/4651/20
f 2402/4664/21 2401/4655/21 2400/4654/21
f 2397/4665/22 2387/4666/22 2386/4667/22
f 2400/4668/23 2388/4644/23 2390/4646/23
f 2403/4657/38 2392/4648/38 2391/4647/38
f 2405/4659/25 2395/4669/25 2394/4670/25
f 2388/4644/3 2397/4671/3 2386/4672/3
f 2387/4666/6 2405/4673/6 2394/4674/6
f 2392/4648/4 2400/4675/4 2390/4662/4
f 2395/4669/5 2403/4676/5 2391/4677/5
f 2410/4678/81 2411/4679/81 2412/4680/81
f 2413/4681/66 2414/4682/66 2415/4683/66
f 2418/4684/67 2419/4685/67 2420/4686/67
f 2421/4687/174 2422/4688/174 2423/4689/174
f 2424/4690/68 2425/4691/68 2426/4692/68
f 2427/4693/69 2428/4694/69 2429/4695/69
f 2415/4683/28 2412/4696/28 2411/4697/28
f 2428/4698/19 2418/4684/19 2420/4686/19
f 2424/4699/21 2423/4689/21 2422/4688/21
f 2429/4700/29 2426/4701/29 2425/4702/29
f 2419/4703/22 2409/4704/22 2408/4705/22
f 2422/4706/23 2410/4678/23 2412/4680/23
f 2425/4691/38 2414/4682/38 2413/4681/38
f 2427/4693/25 2417/4707/25 2416/4708/25
f 2410/4678/3 2419/4709/3 2408/4710/3
f 2409/4704/6 2427/4711/6 2416/4712/6
f 2414/4682/4 2422/4713/4 2412/4696/4
f 2417/4707/5 2425/4714/5 2413/4715/5
f 2430/4716/80 2431/4717/80 2432/4718/80
f 2433/4719/81 2434/4720/81 2435/4721/81
f 2436/4722/66 2437/4723/66 2438/4724/66
f 2439/4725/82 2440/4726/82 2441/4727/82
f 2442/4728/67 2443/4729/67 2444/4730/67
f 2445/4731/174 2446/4732/174 2447/4733/174
f 2448/4734/68 2449/4735/68 2450/4736/68
f 2451/4737/69 2452/4738/69 2453/4739/69
f 2434/4720/17 2430/4740/17 2432/4741/17
f 2439/4742/37 2432/4718/37 2431/4717/37
f 2441/4727/18 2436/4743/18 2438/4744/18
f 2438/4724/28 2435/4745/28 2434/4746/28
f 2452/4747/19 2442/4728/19 2444/4730/19
f 2445/4731/20 2444/4730/20 2443/4729/20
f 2448/4748/21 2447/4733/21 2446/4732/21
f 2453/4749/29 2450/4750/29 2449/4751/29
f 2443/4752/22 2431/4717/22 2430/4716/22
f 2446/4753/23 2433/4719/23 2435/4721/23
f 2449/4735/38 2437/4723/38 2436/4722/38
f 2451/4737/25 2440/4726/25 2439/4725/25
f 2433/4719/3 2443/4754/3 2430/4740/3
f 2441/4755/7 2434/4756/7 2432/4757/7
f 2431/4717/6 2451/4758/6 2439/4742/6
f 2437/4723/4 2446/4759/4 2435/4745/4
f 2440/4726/5 2449/4760/5 2436/4743/5
f 2447/4733/1 2452/4747/1 2444/4730/1
f 2454/4761/39 2455/4762/39 2456/4763/39
f 2457/4764/94 2458/4765/94 2459/4766/94
f 2460/4767/66 2461/4768/66 2462/4769/66
f 2463/4770/82 2464/4771/82 2465/4772/82
f 2466/4773/85 2467/4774/85 2468/4775/85
f 2469/4776/96 2470/4777/96 2471/4778/96
f 2472/4779/68 2473/4780/68 2474/4781/68
f 2475/4782/69 2476/4783/69 2477/4784/69
f 2458/4765/70 2454/4785/70 2456/4786/70
f 2463/4787/37 2456/4763/37 2455/4762/37
f 2465/4772/18 2460/4788/18 2462/4789/18
f 2462/4769/28 2459/4790/28 2458/4791/28
f 2476/4792/19 2466/4773/19 2468/4775/19
f 2469/4776/20 2468/4775/20 2467/4774/20
f 2472/4793/21 2471/4778/21 2470/4777/21
f 2477/4794/29 2474/4795/29 2473/4796/29
f 2467/4797/22 2455/4762/22 2454/4761/22
f 2470/4798/175 2457/4764/175 2459/4766/175
f 2473/4780/38 2461/4768/38 2460/4767/38
f 2475/4782/25 2464/4771/25 2463/4770/25
f 2457/4764/3 2467/4799/3 2454/4785/3
f 2465/4800/7 2458/4801/7 2456/4802/7
f 2455/4762/6 2475/4803/6 2463/4787/6
f 2461/4768/4 2470/4804/4 2459/4790/4
f 2464/4771/5 2473/4805/5 2460/4788/5
f 2471/4778/1 2476/4792/1 2468/4775/1
f 2478/4806/7 2480/4807/7 2479/4808/7
f 2482/4809/1 2484/4810/1 2485/4811/1
f 2479/4812/89 2482/4813/89 2478/4814/89
f 2480/4815/90 2483/4816/90 2479/4817/90
f 2481/4818/91 2484/4819/91 2480/4820/91
f 2478/4821/92 2485/4822/92 2481/4823/92
f 2486/4824/7 2488/4825/7 2487/4826/7
f 2490/3901/1 2492/4827/1 2493/4828/1
f 2487/4829/45 2490/4830/45 2486/4831/45
f 2488/4832/46 2491/4833/46 2487/4834/46
f 2489/4835/93 2492/4836/93 2488/4837/93
f 2486/4838/48 2493/4839/48 2489/4840/48
f 2497/4841/7 2495/4842/7 2494/4843/7
f 2495/4844/3 2498/4845/3 2494/4846/3
f 2496/4847/4 2499/4848/4 2495/4849/4
f 2497/4850/5 2500/4851/5 2496/4852/5
f 2494/4853/6 2501/4854/6 2497/4855/6
f 2502/4856/134 2503/4857/134 2504/4858/134
f 2505/4859/26 2506/4860/26 2507/4861/26
f 2508/4862/95 2509/4863/95 2510/4864/95
f 2511/4865/150 2512/4866/150 2513/4867/150
f 2514/4868/149 2515/4869/149 2516/4870/149
f 2517/4871/86 2518/4872/86 2519/4873/86
f 2520/4874/97 2521/4875/97 2522/4876/97
f 2523/4877/151 2524/4878/151 2525/4879/151
f 2506/4860/17 2502/4880/17 2504/4881/17
f 2511/4882/37 2504/4858/37 2503/4857/37
f 2513/4867/18 2508/4883/18 2510/4884/18
f 2510/4864/28 2507/4885/28 2506/4886/28
f 2524/4887/19 2514/4868/19 2516/4870/19
f 2517/4871/20 2516/4870/20 2515/4869/20
f 2520/4888/21 2519/4873/21 2518/4872/21
f 2525/4889/29 2522/4890/29 2521/4891/29
f 2515/4892/22 2503/4857/22 2502/4856/22
f 2518/4893/23 2505/4859/23 2507/4861/23
f 2521/4875/38 2509/4863/38 2508/4862/38
f 2523/4877/25 2512/4866/25 2511/4865/25
f 2505/4859/3 2515/4894/3 2502/4880/3
f 2513/4895/7 2506/4896/7 2504/4897/7
f 2503/4857/6 2523/4898/6 2511/4882/6
f 2509/4863/4 2518/4899/4 2507/4885/4
f 2512/4866/5 2521/4900/5 2508/4883/5
f 2519/4873/1 2524/4887/1 2516/4870/1
f 2529/4901/7 2527/4902/7 2526/4903/7
f 2527/4904/3 2530/4905/3 2526/4906/3
f 2528/4907/4 2531/4908/4 2527/4909/4
f 2529/4910/5 2532/4911/5 2528/4912/5
f 2526/4913/6 2533/4914/6 2529/4915/6
f 2534/4916/30 2535/4917/30 2536/4918/30
f 2537/4919/161 2538/4920/161 2539/4921/161
f 2543/4922/150 2544/4923/150 2545/4924/150
f 2546/4925/176 2547/4926/176 2548/4927/176
f 2549/4928/96 2550/4929/96 2551/4930/96
f 2555/4931/151 2556/4932/151 2557/4933/151
f 2538/4920/17 2534/4934/17 2536/4935/17
f 2543/4936/37 2536/4918/37 2535/4917/37
f 2545/4924/18 2540/4937/18 2542/4938/18
f 2542/4939/28 2539/4940/28 2538/4941/28
f 2556/4942/19 2546/4925/19 2548/4927/19
f 2549/4928/20 2548/4927/20 2547/4926/20
f 2552/4943/21 2551/4930/21 2550/4929/21
f 2557/4944/29 2554/4945/29 2553/4946/29
f 2547/4947/22 2535/4917/22 2534/4916/22
f 2550/4948/23 2537/4919/23 2539/4921/23
f 2555/4931/25 2544/4923/25 2543/4922/25
f 2537/4919/3 2547/4949/3 2534/4934/3
f 2545/4950/7 2538/4951/7 2536/4952/7
f 2535/4917/6 2555/4953/6 2543/4936/6
f 2541/4954/4 2550/4955/4 2539/4940/4
f 2544/4923/5 2553/4956/5 2540/4937/5
f 2551/4930/1 2556/4942/1 2548/4927/1
f 2561/4957/7 2559/4958/7 2558/4959/7
f 2559/4960/3 2562/4961/3 2558/4962/3
f 2560/4963/4 2563/4964/4 2559/4965/4
f 2561/4966/5 2564/4967/5 2560/4968/5
f 2558/4969/6 2565/4970/6 2561/4971/6
f 2566/4972/80 2567/4973/80 2568/4974/80
f 2575/4975/150 2576/4976/150 2577/4977/150
f 2578/4978/67 2579/4979/67 2580/4980/67
f 2587/4981/151 2588/4982/151 2589/4983/151
f 2570/4984/17 2566/4985/17 2568/4986/17
f 2575/4987/37 2568/4974/37 2567/4973/37
f 2577/4977/18 2572/4988/18 2574/4989/18
f 2574/4990/28 2571/4991/28 2570/4992/28
f 2588/4993/19 2578/4978/19 2580/4980/19
f 2581/4994/20 2580/4980/20 2579/4979/20
f 2584/4995/21 2583/4996/21 2582/4997/21
f 2589/4998/29 2586/4999/29 2585/5000/29
f 2579/5001/22 2567/4973/22 2566/4972/22
f 2587/4981/25 2576/4976/25 2575/4975/25
f 2569/5002/3 2579/5003/3 2566/4985/3
f 2577/5004/7 2570/5005/7 2568/5006/7
f 2567/4973/6 2587/5007/6 2575/4987/6
f 2573/5008/4 2582/5009/4 2571/4991/4
f 2576/4976/5 2585/5010/5 2572/4988/5
f 2583/4996/1 2588/4993/1 2580/4980/1
f 2590/5011/30 2591/5012/30 2592/5013/30
f 2593/5014/31 2594/5015/31 2595/5016/31
f 2596/5017/27 2597/5018/27 2598/5019/27
f 2599/5020/32 2600/5021/32 2601/5022/32
f 2594/5015/17 2590/5023/17 2592/5024/17
f 2599/5025/37 2592/5013/37 2591/5012/37
f 2601/5022/18 2596/5026/18 2598/5027/18
f 2598/5019/28 2595/5028/28 2594/5029/28
f 2603/5030/22 2591/5012/22 2590/5011/22
f 2605/5031/23 2593/5014/23 2595/5016/23
f 2607/5032/38 2597/5018/38 2596/5017/38
f 2608/5033/25 2600/5021/25 2599/5020/25
f 2593/5014/3 2603/5034/3 2590/5023/3
f 2601/5035/7 2594/5036/7 2592/5037/7
f 2591/5012/6 2608/5038/6 2599/5025/6
f 2597/5018/4 2605/5039/4 2595/5028/4
f 2600/5021/5 2607/5040/5 2596/5026/5
f 2610/5041/170 2611/5042/170 2612/5043/170
f 2613/5044/177 2614/5045/177 2615/5046/177
f 2616/5047/163 2617/5048/163 2618/5049/163
f 2619/5050/159 2620/5051/159 2621/5052/159
f 2622/5053/176 2623/5054/176 2624/5055/176
f 2625/5056/178 2626/5057/178 2627/5058/178
f 2628/5059/179 2629/5060/179 2630/5061/179
f 2631/5062/162 2632/5063/162 2633/5064/162
f 2614/5045/17 2610/5065/17 2612/5066/17
f 2619/5067/37 2612/5043/37 2611/5042/37
f 2621/5052/18 2616/5068/18 2618/5069/18
f 2618/5049/28 2615/5070/28 2614/5071/28
f 2632/5072/19 2622/5053/19 2624/5055/19
f 2625/5056/20 2624/5055/20 2623/5054/20
f 2628/5073/21 2627/5058/21 2626/5057/21
f 2633/5074/29 2630/5075/29 2629/5076/29
f 2623/5077/22 2611/5042/22 2610/5041/22
f 2626/5078/23 2613/5044/23 2615/5046/23
f 2629/5060/38 2617/5048/38 2616/5047/38
f 2631/5062/25 2620/5051/25 2619/5050/25
f 2613/5044/3 2623/5079/3 2610/5065/3
f 2621/5080/7 2614/5081/7 2612/5082/7
f 2611/5042/6 2631/5083/6 2619/5067/6
f 2617/5048/4 2626/5084/4 2615/5070/4
f 2620/5051/5 2629/5085/5 2616/5068/5
f 2627/5058/1 2632/5072/1 2624/5055/1
f 2634/5086/30 2635/5087/30 2636/5088/30
f 2637/5089/31 2638/5090/31 2639/5091/31
f 2640/5092/27 2641/5093/27 2642/5094/27
f 2643/5095/32 2644/5096/32 2645/5097/32
f 2638/5090/17 2634/5098/17 2636/5099/17
f 2643/5100/37 2636/5088/37 2635/5087/37
f 2645/5097/18 2640/5101/18 2642/5102/18
f 2642/5094/28 2639/5103/28 2638/5104/28
f 2647/5105/22 2635/5087/22 2634/5086/22
f 2649/5106/23 2637/5089/23 2639/5091/23
f 2651/5107/38 2641/5093/38 2640/5092/38
f 2652/5108/25 2644/5096/25 2643/5095/25
f 2637/5089/3 2647/5109/3 2634/5098/3
f 2645/5110/7 2638/5111/7 2636/5112/7
f 2635/5087/6 2652/5113/6 2643/5100/6
f 2641/5093/4 2649/5114/4 2639/5103/4
f 2644/5096/5 2651/5115/5 2640/5101/5
f 2654/5116/170 2655/5117/170 2656/5118/170
f 2657/5119/177 2658/5120/177 2659/5121/177
f 2660/5122/163 2661/5123/163 2662/5124/163
f 2663/5125/159 2664/5126/159 2665/5127/159
f 2666/5128/176 2667/5129/176 2668/5130/176
f 2669/5131/178 2670/5132/178 2671/5133/178
f 2672/5134/179 2673/5135/179 2674/5136/179
f 2675/5137/162 2676/5138/162 2677/5139/162
f 2658/5120/17 2654/5140/17 2656/5141/17
f 2663/5142/37 2656/5118/37 2655/5117/37
f 2665/5127/18 2660/5143/18 2662/5144/18
f 2662/5124/28 2659/5145/28 2658/5146/28
f 2676/5147/19 2666/5128/19 2668/5130/19
f 2669/5131/20 2668/5130/20 2667/5129/20
f 2672/5148/21 2671/5133/21 2670/5132/21
f 2677/5149/29 2674/5150/29 2673/5151/29
f 2667/5152/22 2655/5117/22 2654/5116/22
f 2670/5153/23 2657/5119/23 2659/5121/23
f 2673/5135/38 2661/5123/38 2660/5122/38
f 2675/5137/25 2664/5126/25 2663/5125/25
f 2657/5119/3 2667/5154/3 2654/5140/3
f 2665/5155/7 2658/5156/7 2656/5157/7
f 2655/5117/6 2675/5158/6 2663/5142/6
f 2661/5123/4 2670/5159/4 2659/5145/4
f 2664/5126/5 2673/5160/5 2660/5143/5
f 2671/5133/1 2676/5147/1 2668/5130/1
f 2678/5161/170 2679/5162/170 2680/5163/170
f 2681/5164/177 2682/5165/177 2683/5166/177
f 2684/5167/163 2685/5168/163 2686/5169/163
f 2687/5170/159 2688/5171/159 2689/5172/159
f 2690/5173/176 2691/5174/176 2692/5175/176
f 2693/5176/178 2694/5177/178 2695/5178/178
f 2696/5179/179 2697/5180/179 2698/5181/179
f 2699/5182/162 2700/5183/162 2701/5184/162
f 2682/5165/17 2678/5185/17 2680/5186/17
f 2687/5187/37 2680/5163/37 2679/5162/37
f 2689/5172/18 2684/5188/18 2686/5189/18
f 2686/5169/28 2683/5190/28 2682/5191/28
f 2700/5192/19 2690/5173/19 2692/5175/19
f 2693/5176/20 2692/5175/20 2691/5174/20
f 2696/5193/21 2695/5178/21 2694/5177/21
f 2701/5194/29 2698/5195/29 2697/5196/29
f 2691/5197/22 2679/5162/22 2678/5161/22
f 2694/5198/23 2681/5164/23 2683/5166/23
f 2697/5180/38 2685/5168/38 2684/5167/38
f 2699/5182/25 2688/5171/25 2687/5170/25
f 2681/5164/3 2691/5199/3 2678/5185/3
f 2689/5200/7 2682/5201/7 2680/5202/7
f 2679/5162/6 2699/5203/6 2687/5187/6
f 2685/5168/4 2694/5204/4 2683/5190/4
f 2688/5171/5 2697/5205/5 2684/5188/5
f 2695/5178/1 2700/5192/1 2692/5175/1
f 2705/5206/7 2703/5207/7 2702/5208/7
f 2703/5209/3 2706/5210/3 2702/5211/3
f 2704/5212/4 2707/5213/4 2703/5214/4
f 2705/5215/5 2708/5216/5 2704/5217/5
f 2702/5218/6 2709/5219/6 2705/5220/6
f 2710/5221/80 2711/5222/80 2712/5223/80
f 2713/5224/161 2714/5225/161 2715/5226/161
f 2716/5227/66 2717/5228/66 2718/5229/66
f 2719/5230/82 2720/5231/82 2721/5232/82
f 2722/5233/67 2723/5234/67 2724/5235/67
f 2725/5236/136 2726/5237/136 2727/5238/136
f 2728/5239/68 2729/5240/68 2730/5241/68
f 2731/5242/69 2732/5243/69 2733/5244/69
f 2714/5225/17 2710/5245/17 2712/5246/17
f 2719/5247/37 2712/5223/37 2711/5222/37
f 2721/5232/18 2716/5248/18 2718/5249/18
f 2718/5229/28 2715/5250/28 2714/5251/28
f 2732/5252/19 2722/5233/19 2724/5235/19
f 2725/5236/20 2724/5235/20 2723/5234/20
f 2728/5253/21 2727/5238/21 2726/5237/21
f 2733/5254/29 2730/5255/29 2729/5256/29
f 2723/5257/22 2711/5222/22 2710/5221/22
f 2726/5258/23 2713/5224/23 2715/5226/23
f 2729/5240/38 2717/5228/38 2716/5227/38
f 2731/5242/25 2720/5231/25 2719/5230/25
f 2713/5224/3 2723/5259/3 2710/5245/3
f 2721/5260/7 2714/5261/7 2712/5262/7
f 2711/5222/6 2731/5263/6 2719/5247/6
f 2717/5228/4 2726/5264/4 2715/5250/4
f 2720/5231/5 2729/5265/5 2716/5248/5
f 2727/5238/1 2732/5252/1 2724/5235/1
f 2734/5266/30 2735/5267/30 2736/5268/30
f 2737/5269/161 2738/5270/161 2739/5271/161
f 2740/5272/157 2741/5273/157 2742/5274/157
f 2743/5275/32 2744/5276/32 2745/5277/32
f 2746/5278/33 2747/5279/33 2748/5280/33
f 2749/5281/174 2750/5282/174 2751/5283/174
f 2752/5284/68 2753/5285/68 2754/5286/68
f 2755/5287/36 2756/5288/36 2757/5289/36
f 2738/5270/17 2734/5290/17 2736/5291/17
f 2743/5292/37 2736/5268/37 2735/5267/37
f 2745/5277/18 2740/5293/18 2742/5294/18
f 2742/5274/28 2739/5295/28 2738/5296/28
f 2756/5297/19 2746/5278/19 2748/5280/19
f 2749/5281/20 2748/5280/20 2747/5279/20
f 2752/5298/21 2751/5283/21 2750/5282/21
f 2757/5299/29 2754/5300/29 2753/5301/29
f 2747/5302/22 2735/5267/22 2734/5266/22
f 2750/5303/23 2737/5269/23 2739/5271/23
f 2753/5285/38 2741/5273/38 2740/5272/38
f 2737/5269/3 2747/5304/3 2734/5290/3
f 2745/5305/7 2738/5306/7 2736/5307/7
f 2735/5267/6 2755/5308/6 2743/5292/6
f 2741/5273/4 2750/5309/4 2739/5295/4
f 2744/5276/5 2753/5310/5 2740/5293/5
f 2751/5283/1 2756/5297/1 2748/5280/1
f 2758/5311/80 2759/5312/80 2760/5313/80
f 2761/5314/81 2762/5315/81 2763/5316/81
f 2764/5317/66 2765/5318/66 2766/5319/66
f 2767/5320/82 2768/5321/82 2769/5322/82
f 2770/5323/67 2771/5324/67 2772/5325/67
f 2773/5326/174 2774/5327/174 2775/5328/174
f 2776/5329/68 2777/5330/68 2778/5331/68
f 2779/5332/69 2780/5333/69 2781/5334/69
f 2762/5315/17 2758/5335/17 2760/5336/17
f 2767/5337/37 2760/5313/37 2759/5312/37
f 2769/5322/18 2764/5338/18 2766/5339/18
f 2766/5319/28 2763/5340/28 2762/5341/28
f 2780/5342/19 2770/5323/19 2772/5325/19
f 2773/5326/20 2772/5325/20 2771/5324/20
f 2776/5343/21 2775/5328/21 2774/5327/21
f 2781/5344/29 2778/5345/29 2777/5346/29
f 2774/5347/23 2761/5314/23 2763/5316/23
f 2777/5330/38 2765/5318/38 2764/5317/38
f 2779/5332/25 2768/5321/25 2767/5320/25
f 2761/5314/3 2771/5348/3 2758/5335/3
f 2769/5349/7 2762/5350/7 2760/5351/7
f 2759/5312/6 2779/5352/6 2767/5337/6
f 2765/5318/4 2774/5353/4 2763/5340/4
f 2768/5321/5 2777/5354/5 2764/5338/5
f 2775/5328/1 2780/5342/1 2772/5325/1
f 2782/5355/30 2783/5356/30 2784/5357/30
f 2785/5358/31 2786/5359/31 2787/5360/31
f 2788/5361/27 2789/5362/27 2790/5363/27
f 2791/5364/32 2792/5365/32 2793/5366/32
f 2794/5367/33 2795/5368/33 2796/5369/33
f 2797/5370/34 2798/5371/34 2799/5372/34
f 2800/5373/35 2801/5374/35 2802/5375/35
f 2803/5376/36 2804/5377/36 2805/5378/36
f 2786/5359/17 2782/5379/17 2784/5380/17
f 2791/5381/37 2784/5357/37 2783/5356/37
f 2793/5366/18 2788/5382/18 2790/5383/18
f 2790/5363/28 2787/5384/28 2786/5385/28
f 2804/5386/19 2794/5367/19 2796/5369/19
f 2797/5370/20 2796/5369/20 2795/5368/20
f 2800/5387/21 2799/5372/21 2798/5371/21
f 2805/5388/29 2802/5389/29 2801/5390/29
f 2795/5391/22 2783/5356/22 2782/5355/22
f 2803/5376/25 2792/5365/25 2791/5364/25
f 2785/5358/3 2795/5392/3 2782/5379/3
f 2793/5393/7 2786/5394/7 2784/5395/7
f 2783/5356/6 2803/5396/6 2791/5381/6
f 2789/5362/4 2798/5397/4 2787/5384/4
f 2792/5365/5 2801/5398/5 2788/5382/5
f 2799/5372/1 2804/5386/1 2796/5369/1
f 2809/5399/7 2807/5400/7 2806/5401/7
f 2811/5402/1 2813/5403/1 2810/5404/1
f 2807/5405/3 2810/5406/3 2806/5407/3
f 2808/5408/4 2811/5409/4 2807/5410/4
f 2809/5411/5 2812/5412/5 2808/5413/5
f 2806/5414/6 2813/5415/6 2809/5416/6
f 2822/5417/4 2818/5418/4 2814/5419/4
f 2829/5420/6 2833/5421/6 2837/5422/6
f 2815/5423/180 2826/5424/180 2814/5425/180
f 2816/5426/20 2827/5427/20 2815/5428/20
f 2817/5429/181 2828/5430/181 2816/5426/181
f 2818/5431/182 2829/5432/182 2817/5429/182
f 2819/5433/29 2830/5434/29 2818/5431/29
f 2820/5435/183 2831/5436/183 2819/5437/183
f 2821/5438/184 2832/5439/184 2820/5435/184
f 2822/5440/18 2833/5441/18 2821/5438/18
f 2823/5442/185 2834/5443/185 2822/5444/185
f 2824/5445/186 2835/5446/186 2823/5442/186
f 2825/5447/17 2836/5448/17 2824/5449/17
f 2814/5425/187 2837/5450/187 2825/5447/187
f 2838/5451/170 2839/5452/170 2840/5453/170
f 2841/5454/177 2842/5455/177 2843/5456/177
f 2844/5457/163 2845/5458/163 2846/5459/163
f 2847/5460/159 2848/5461/159 2849/5462/159
f 2850/5463/176 2851/5464/176 2852/5465/176
f 2853/5466/178 2854/5467/178 2855/5468/178
f 2856/5469/179 2857/5470/179 2858/5471/179
f 2859/5472/162 2860/5473/162 2861/5474/162
f 2842/5455/17 2838/5475/17 2840/5476/17
f 2847/5477/37 2840/5453/37 2839/5452/37
f 2849/5462/18 2844/5478/18 2846/5479/18
f 2846/5459/28 2843/5480/28 2842/5481/28
f 2860/5482/19 2850/5463/19 2852/5465/19
f 2853/5466/20 2852/5465/20 2851/5464/20
f 2856/5483/21 2855/5468/21 2854/5467/21
f 2861/5484/29 2858/5485/29 2857/5486/29
f 2851/5487/22 2839/5452/22 2838/5451/22
f 2854/5488/23 2841/5454/23 2843/5456/23
f 2857/5470/38 2845/5458/38 2844/5457/38
f 2859/5472/25 2848/5461/25 2847/5460/25
f 2841/5454/3 2851/5489/3 2838/5475/3
f 2849/5490/7 2842/5491/7 2840/5492/7
f 2839/5452/6 2859/5493/6 2847/5477/6
f 2845/5458/4 2854/5494/4 2843/5480/4
f 2848/5461/5 2857/5495/5 2844/5478/5
f 2855/5468/1 2860/5482/1 2852/5465/1
f 2862/5496/30 2863/5497/30 2864/5498/30
f 2865/5499/81 2866/5500/81 2867/5501/81
f 2868/5502/66 2869/5503/66 2870/5504/66
f 2871/5505/82 2872/5506/82 2873/5507/82
f 2874/5508/33 2875/5509/33 2876/5510/33
f 2877/5511/174 2878/5512/174 2879/5513/174
f 2880/5514/68 2881/5515/68 2882/5516/68
f 2883/5517/69 2884/5518/69 2885/5519/69
f 2866/5500/17 2862/5520/17 2864/5521/17
f 2871/5522/37 2864/5498/37 2863/5497/37
f 2873/5507/18 2868/5523/18 2870/5524/18
f 2870/5504/28 2867/5525/28 2866/5526/28
f 2884/5527/19 2874/5508/19 2876/5510/19
f 2877/5511/20 2876/5510/20 2875/5509/20
f 2880/5528/21 2879/5513/21 2878/5512/21
f 2885/5529/88 2882/5530/88 2881/5531/88
f 2875/5532/22 2863/5497/22 2862/5496/22
f 2878/5533/23 2865/5499/23 2867/5501/23
f 2881/5515/38 2869/5503/38 2868/5502/38
f 2883/5517/25 2872/5506/25 2871/5505/25
f 2865/5499/3 2875/5534/3 2862/5520/3
f 2873/5535/7 2866/5536/7 2864/5537/7
f 2863/5497/6 2883/5538/6 2871/5522/6
f 2869/5503/4 2878/5539/4 2867/5525/4
f 2872/5506/5 2881/5540/5 2868/5523/5
f 2879/5513/1 2884/5527/1 2876/5510/1
f 2889/5541/7 2887/5542/7 2886/5543/7
f 2887/5544/3 2890/5545/3 2886/5546/3
f 2888/5547/4 2891/5548/4 2887/5549/4
f 2889/5550/5 2892/5551/5 2888/5552/5
f 2886/5553/6 2893/5554/6 2889/5555/6
f 2897/5556/7 2895/5557/7 2894/5558/7
f 2895/5559/3 2898/5560/3 2894/5561/3
f 2896/5562/4 2899/5563/4 2895/5564/4
f 2897/5565/5 2900/5566/5 2896/5567/5
f 2894/5568/6 2901/5569/6 2897/5570/6
f 2903/5571/188 2918/5572/188 2902/5573/188
f 2904/5574/189 2919/5575/189 2903/5571/189
f 2904/5576/190 2921/5577/190 2920/5578/190
f 2905/5579/191 2922/5580/191 2921/5577/191
f 2907/5581/192 2922/5580/192 2906/5582/192
f 2908/5583/193 2923/5584/193 2907/5581/193
f 2909/5585/194 2924/5586/194 2908/5587/194
f 2910/5588/195 2925/5589/195 2909/5585/195
f 2911/5590/196 2926/5591/196 2910/5588/196
f 2911/5590/197 2928/5592/197 2927/5593/197
f 2912/5594/198 2929/5595/198 2928/5596/198
f 2914/5597/199 2929/5595/199 2913/5598/199
f 2914/5597/200 2931/5599/200 2930/5600/200
f 2916/5601/201 2931/5599/201 2915/5602/201
f 2917/5603/202 2932/5604/202 2916/5605/202
f 2902/5573/203 2933/5606/203 2917/5603/203
f 2919/5575/204 2934/5607/204 2918/5572/204
f 2919/5575/205 2936/5608/205 2935/5609/205
f 2921/5577/206 2936/5610/206 2920/5578/206
f 2922/5580/207 2937/5611/207 2921/5577/207
f 2922/5580/208 2939/5612/208 2938/5613/208
f 2924/5614/209 2939/5612/209 2923/5584/209
f 2925/5589/210 2940/5615/210 2924/5586/210
f 2926/5591/211 2941/5616/211 2925/5589/211
f 2927/5593/212 2942/5617/212 2926/5591/212
f 2928/5592/213 2943/5618/213 2927/5593/213
f 2929/5595/214 2944/5619/214 2928/5596/214
f 2929/5595/215 2946/5620/215 2945/5621/215
f 2930/5600/216 2947/5622/216 2946/5620/216
f 2932/5623/217 2947/5622/217 2931/5599/217
f 2932/5604/218 2949/5624/218 2948/5625/218
f 2918/5572/219 2949/5624/219 2933/5606/219
f 2935/5609/220 2950/5626/220 2934/5607/220
f 2935/5609/221 2952/5627/221 2951/5628/221
f 2937/5611/222 2952/5629/222 2936/5610/222
f 2937/5611/223 2954/5630/223 2953/5631/223
f 2938/5613/224 2955/5632/224 2954/5630/224
f 2940/5633/225 2955/5632/225 2939/5612/225
f 2941/5616/226 2956/5634/226 2940/5615/226
f 2942/5617/227 2957/5635/227 2941/5616/227
f 2943/5618/228 2958/5636/228 2942/5617/228
f 2944/5637/229 2959/5638/229 2943/5618/229
f 2944/5619/230 2961/5639/230 2960/5640/230
f 2946/5620/231 2961/5639/231 2945/5621/231
f 2947/5622/232 2962/5641/232 2946/5620/232
f 2948/5642/233 2963/5643/233 2947/5622/233
f 2949/5624/234 2964/5644/234 2948/5625/234
f 2934/5607/235 2965/5645/235 2949/5624/235
f 2950/5626/236 2967/5646/236 2966/5647/236
f 2952/5627/237 2967/5646/237 2951/5628/237
f 2953/5631/238 2968/5648/238 2952/5629/238
f 2953/5631/239 2970/5649/239 2969/5650/239
f 2955/5632/240 2970/5649/240 2954/5630/240
f 2956/5651/241 2971/5652/241 2955/5632/241
f 2957/5635/242 2972/5653/242 2956/5634/242
f 2958/5636/243 2973/5654/243 2957/5635/243
f 2958/5636/244 2975/5655/244 2974/5656/244
f 2959/5638/245 2976/5657/245 2975/5655/245
f 2960/5640/246 2977/5658/246 2976/5659/246
f 2961/5639/247 2978/5660/247 2977/5658/247
f 2963/5643/248 2978/5660/248 2962/5641/248
f 2963/5643/249 2980/5661/249 2979/5662/249
f 2964/5644/250 2981/5663/250 2980/5664/250
f 2950/5626/251 2981/5663/251 2965/5645/251
f 2967/5665/1 2982/5666/1 2966/5667/1
f 2968/5668/1 2983/5669/1 2967/5665/1
f 2969/5670/1 2984/5671/1 2968/5668/1
f 2969/5670/1 2986/5672/1 2985/5673/1
f 2970/5674/1 2987/5675/1 2986/5672/1
f 2972/5676/1 2987/5675/1 2971/5677/1
f 2972/5676/1 2989/5678/1 2988/5679/1
f 2973/5680/1 2990/5681/1 2989/5678/1
f 2974/5682/1 2991/5683/1 2990/5681/1
f 2975/5684/1 2992/5685/1 2991/5683/1
f 2976/5686/1 2993/5687/1 2992/5685/1
f 2978/5688/1 2993/5687/1 2977/5689/1
f 2979/5690/1 2994/5691/1 2978/5688/1
f 2980/5692/1 2995/5693/1 2979/5690/1
f 2981/5694/1 2996/5695/1 2980/5692/1
f 2966/5667/1 2997/5696/1 2981/5694/1
f 2983/5697/252 2998/5698/252 2982/5699/252
f 2984/5700/253 2999/5701/253 2983/5697/253
f 2985/5702/254 3000/5703/254 2984/5704/254
f 2986/5705/255 3001/5706/255 2985/5702/255
f 2987/5707/256 3002/5708/256 2986/5705/256
f 2988/5709/257 3003/5710/257 2987/5707/257
f 2989/5711/258 3004/5712/258 2988/5713/258
f 2990/5714/259 3005/5715/259 2989/5711/259
f 2991/5716/260 3006/5717/260 2990/5714/260
f 2992/5718/261 3007/5719/261 2991/5716/261
f 2993/5720/262 3008/5721/262 2992/5722/262
f 2994/5723/263 3009/5724/263 2993/5720/263
f 2995/5725/264 3010/5726/264 2994/5723/264
f 2996/5727/265 3011/5728/265 2995/5725/265
f 2997/5729/266 3012/5730/266 2996/5731/266
f 2982/5699/267 3013/5732/267 2997/5729/267
f 3015/5733/268 3030/5734/268 3014/5735/268
f 3015/5733/269 3032/5736/269 3031/5737/269
f 3016/5738/270 3033/5739/270 3032/5740/270
f 3017/5741/271 3034/5742/271 3033/5739/271
f 3019/5743/272 3034/5742/272 3018/5744/272
f 3020/5745/273 3035/5746/273 3019/5743/273
f 3021/5747/274 3036/5748/274 3020/5749/274
f 3021/5747/275 3038/5750/275 3037/5751/275
f 3023/5752/276 3038/5750/276 3022/5753/276
f 3024/5754/277 3039/5755/277 3023/5752/277
f 3025/5756/278 3040/5757/278 3024/5758/278
f 3026/5759/279 3041/5760/279 3025/5756/279
f 3027/5761/280 3042/5762/280 3026/5759/280
f 3027/5761/281 3044/5763/281 3043/5764/281
f 3029/5765/282 3044/5766/282 3028/5767/282
f 3029/5765/283 3030/5734/283 3045/5768/283
f 3031/5737/284 3046/5769/284 3030/5734/284
f 3031/5737/285 3048/5770/285 3047/5771/285
f 3033/5739/286 3048/5772/286 3032/5740/286
f 3034/5742/287 3049/5773/287 3033/5739/287
f 3034/5742/288 3051/5774/288 3050/5775/288
f 3036/5776/289 3051/5774/289 3035/5746/289
f 3037/5751/290 3052/5777/290 3036/5748/290
f 3037/5751/291 3054/5778/291 3053/5779/291
f 3038/5750/292 3055/5780/292 3054/5778/292
f 3039/5755/293 3056/5781/293 3055/5780/293
f 3041/5760/294 3056/5782/294 3040/5757/294
f 3042/5762/295 3057/5783/295 3041/5760/295
f 3042/5762/296 3059/5784/296 3058/5785/296
f 3044/5763/297 3059/5784/297 3043/5764/297
f 3045/5768/298 3060/5786/298 3044/5766/298
f 3030/5734/299 3061/5787/299 3045/5768/299
f 3046/5769/300 3063/5788/300 3062/5789/300
f 3047/5771/301 3064/5790/301 3063/5788/301
f 3048/5772/302 3065/5791/302 3064/5792/302
f 3049/5773/303 3066/5793/303 3065/5791/303
f 3051/5774/304 3066/5793/304 3050/5775/304
f 3051/5774/305 3068/5794/305 3067/5795/305
f 3053/5779/306 3068/5796/306 3052/5777/306
f 3054/5778/307 3069/5797/307 3053/5779/307
f 3055/5780/308 3070/5798/308 3054/5778/308
f 3055/5780/309 3072/5799/309 3071/5800/309
f 3057/5783/310 3072/5801/310 3056/5782/310
f 3057/5783/311 3074/5802/311 3073/5803/311
f 3059/5784/312 3074/5802/312 3058/5785/312
f 3059/5784/313 3076/5804/313 3075/5805/313
f 3061/5787/314 3076/5806/314 3060/5786/314
f 3061/5787/315 3062/5789/315 3077/5807/315
f 3063/5788/316 3078/5808/316 3062/5789/316
f 3064/5790/317 3079/5809/317 3063/5788/317
f 3064/5792/318 3081/5810/318 3080/5811/318
f 3066/5793/319 3081/5810/319 3065/5791/319
f 3067/5795/320 3082/5812/320 3066/5793/320
f 3067/5795/321 3084/5813/321 3083/5814/321
f 3068/5796/322 3085/5815/322 3084/5816/322
f 3070/5798/323 3085/5815/323 3069/5797/323
f 3070/5798/324 3087/5817/324 3086/5818/324
f 3071/5800/325 3088/5819/325 3087/5817/325
f 3073/5803/326 3088/5820/326 3072/5801/326
f 3074/5802/327 3089/5821/327 3073/5803/327
f 3074/5802/328 3091/5822/328 3090/5823/328
f 3076/5804/329 3091/5822/329 3075/5805/329
f 3076/5806/330 3093/5824/330 3092/5825/330
f 3062/5789/331 3093/5824/331 3077/5807/331
f 3079/5826/1 3094/5827/1 3078/5828/1
f 3080/5829/1 3095/5830/1 3079/5826/1
f 3081/5831/1 3096/5832/1 3080/5829/1
f 3082/5833/1 3097/5834/1 3081/5831/1
f 3082/5833/1 3099/5835/1 3098/5836/1
f 3083/5837/1 3100/5838/1 3099/5835/1
f 3084/5839/1 3101/5840/1 3100/5838/1
f 3085/5841/1 3102/5842/1 3101/5840/1
f 3087/5843/1 3102/5842/1 3086/5844/1
f 3088/5845/1 3103/5846/1 3087/5843/1
f 3089/5847/1 3104/5848/1 3088/5845/1
f 3089/5847/1 3106/5849/1 3105/5850/1
f 3091/5851/1 3106/5849/1 3090/5852/1
f 3091/5851/1 3108/5853/1 3107/5854/1
f 3092/5855/1 3109/5856/1 3108/5853/1
f 3093/5857/1 3094/5827/1 3109/5856/1
f 3095/5858/252 3110/5859/252 3094/5860/252
f 3096/5861/253 3111/5862/253 3095/5858/253
f 3097/5863/254 3112/5864/254 3096/5865/254
f 3098/5866/255 3113/5867/255 3097/5863/255
f 3099/5868/256 3114/5869/256 3098/5866/256
f 3100/5870/257 3115/5871/257 3099/5868/257
f 3101/5872/258 3116/5873/258 3100/5874/258
f 3102/5875/259 3117/5876/259 3101/5872/259
f 3103/5877/260 3118/5878/260 3102/5875/260
f 3104/5879/261 3119/5880/261 3103/5877/261
f 3105/5881/262 3120/5882/262 3104/5883/262
f 3106/5884/263 3121/5885/263 3105/5881/263
f 3107/5886/264 3122/5887/264 3106/5884/264
f 3108/5888/265 3123/5889/265 3107/5886/265
f 3109/5890/266 3124/5891/266 3108/5892/266
f 3094/5860/267 3125/5893/267 3109/5890/267
f 3127/5894/6 3129/5895/6 3126/5896/6
f 3133/5897/4 3131/5898/4 3130/5899/4
f 3130/5900/3 3127/5901/3 3126/5902/3
f 3128/5903/5 3133/5904/5 3129/5905/5
f 3129/5906/7 3130/5907/7 3126/5908/7
f 3131/5909/1 3128/5910/1 3127/5911/1
f 3135/5912/6 3137/5913/6 3134/5914/6
f 3141/5915/4 3139/5916/4 3138/5917/4
f 3138/5918/3 3135/5919/3 3134/5920/3
f 3136/5921/5 3141/5922/5 3137/5923/5
f 3137/5924/7 3138/5925/7 3134/5926/7
f 3139/5927/1 3136/5928/1 3135/5929/1
f 3143/5930/6 3145/5931/6 3142/5932/6
f 3149/5933/4 3147/5934/4 3146/5935/4
f 3146/5936/3 3143/5937/3 3142/5938/3
f 3144/5939/5 3149/5940/5 3145/5941/5
f 3145/5942/7 3146/5943/7 3142/5944/7
f 3147/5945/1 3144/5946/1 3143/5947/1
f 3151/5948/6 3153/5949/6 3150/5950/6
f 3157/5951/4 3155/5952/4 3154/5953/4
f 3154/5954/3 3151/5955/3 3150/5956/3
f 3152/5957/5 3157/5958/5 3153/5959/5
f 3153/5960/7 3154/5961/7 3150/5962/7
f 3155/5963/1 3152/5964/1 3151/5965/1
f 3159/5966/6 3161/5967/6 3158/5968/6
f 3165/5969/4 3163/5970/4 3162/5971/4
f 3162/5972/3 3159/5973/3 3158/5974/3
f 3160/5975/5 3165/5976/5 3161/5977/5
f 3161/5978/7 3162/5979/7 3158/5980/7
f 3163/5981/1 3160/5982/1 3159/5983/1
f 3167/5984/6 3169/5985/6 3166/5986/6
f 3173/5987/4 3171/5988/4 3170/5989/4
f 3170/5990/3 3167/5991/3 3166/5992/3
f 3168/5993/5 3173/5994/5 3169/5995/5
f 3169/5996/7 3170/5997/7 3166/5998/7
f 3171/5999/1 3168/6000/1 3167/6001/1
f 3175/6002/6 3177/6003/6 3174/6004/6
f 3181/6005/4 3179/6006/4 3178/6007/4
f 3178/6008/3 3175/6009/3 3174/6010/3
f 3176/6011/5 3181/6012/5 3177/6013/5
f 3177/6014/7 3178/6015/7 3174/6016/7
f 3179/6017/1 3176/6018/1 3175/6019/1
f 3183/6020/6 3185/6021/6 3182/6022/6
f 3189/6023/4 3187/6024/4 3186/6025/4
f 3186/6026/3 3183/6027/3 3182/6028/3
f 3184/6029/5 3189/6030/5 3185/6031/5
f 3185/6032/7 3186/6033/7 3182/6034/7
f 3187/6035/1 3184/6036/1 3183/6037/1
f 3191/6038/6 3193/6039/6 3190/6040/6
f 3197/6041/4 3195/6042/4 3194/6043/4
f 3194/6044/3 3191/6045/3 3190/6046/3
f 3192/1904/5 3197/6047/5 3193/6048/5
f 3193/6049/7 3194/6050/7 3190/6051/7
f 3195/6052/1 3192/6053/1 3191/6054/1
f 3199/6055/6 3201/6056/6 3198/6057/6
f 3205/6058/4 3203/6059/4 3202/6060/4
f 3202/6061/3 3199/6062/3 3198/6063/3
f 3200/6064/5 3205/6065/5 3201/6066/5
f 3201/6067/7 3202/6068/7 3198/6069/7
f 3203/6070/1 3200/6071/1 3199/6072/1
f 3207/6073/6 3209/6074/6 3206/6075/6
f 3213/6076/4 3211/6077/4 3210/6078/4
f 3210/6079/3 3207/6080/3 3206/6081/3
f 3208/6082/5 3213/6083/5 3209/6084/5
f 3209/6085/7 3210/3514/7 3206/6086/7
f 3211/6087/1 3208/6088/1 3207/6089/1
f 3215/6090/6 3217/6091/6 3214/6092/6
f 3221/6093/4 3219/6094/4 3218/6095/4
f 3218/6096/3 3215/6097/3 3214/6098/3
f 3216/6099/5 3221/6100/5 3217/6101/5
f 3217/6102/7 3218/3487/7 3214/6103/7
f 3219/6104/1 3216/6105/1 3215/6106/1
f 3223/6107/6 3225/6108/6 3222/6109/6
f 3229/6110/4 3227/6111/4 3226/6112/4
f 3226/6113/3 3223/6114/3 3222/6115/3
f 3224/6116/5 3229/6117/5 3225/6118/5
f 3225/6119/7 3226/6120/7 3222/6121/7
f 3227/6122/1 3224/6123/1 3223/6124/1
f 3231/6125/6 3233/6126/6 3230/6127/6
f 3237/6128/4 3235/6129/4 3234/6130/4
f 3234/6131/3 3231/6132/3 3230/6133/3
f 3232/6134/5 3237/6135/5 3233/6136/5
f 3233/6137/7 3234/6138/7 3230/6139/7
f 3235/6140/1 3232/6141/1 3231/6142/1
f 3239/6143/6 3241/6144/6 3238/6145/6
f 3245/6146/4 3243/6147/4 3242/6148/4
f 3242/6149/3 3239/6150/3 3238/6151/3
f 3240/6152/5 3245/6153/5 3241/6154/5
f 3241/6155/7 3242/6156/7 3238/6157/7
f 3243/6158/1 3240/6159/1 3239/6160/1
f 3247/6161/6 3249/6162/6 3246/6163/6
f 3253/6164/4 3251/6165/4 3250/6094/4
f 3250/6166/3 3247/6167/3 3246/6168/3
f 3248/6169/5 3253/6170/5 3249/6171/5
f 3249/6172/7 3250/6173/7 3246/6174/7
f 3251/6175/1 3248/6176/1 3247/6177/1
f 3255/6178/6 3257/6179/6 3254/6180/6
f 3261/6181/4 3259/6182/4 3258/6183/4
f 3258/6184/3 3255/6185/3 3254/6186/3
f 3256/6187/5 3261/6188/5 3257/6189/5
f 3257/6190/7 3258/6191/7 3254/6192/7
f 3259/6193/1 3256/6194/1 3255/6195/1
f 3263/6196/6 3265/6197/6 3262/6198/6
f 3269/6199/4 3267/6200/4 3266/6201/4
f 3266/6202/3 3263/6203/3 3262/6204/3
f 3264/6205/5 3269/6206/5 3265/6207/5
f 3265/6208/7 3266/6209/7 3262/6210/7
f 3267/6211/1 3264/6212/1 3263/6213/1
f 3271/6214/6 3273/6215/6 3270/6216/6
f 3277/6217/4 3275/6218/4 3274/6219/4
f 3274/6220/3 3271/6221/3 3270/6222/3
f 3272/6223/5 3277/6224/5 3273/6225/5
f 3273/6226/7 3274/6227/7 3270/6228/7
f 3275/6229/1 3272/6230/1 3271/6231/1
f 3279/6232/6 3281/6233/6 3278/6234/6
f 3285/6235/4 3283/6236/4 3282/6237/4
f 3282/6238/3 3279/6239/3 3278/6240/3
f 3280/6241/5 3285/6242/5 3281/6243/5
f 3281/6244/7 3282/6245/7 3278/6246/7
f 3283/6247/1 3280/6248/1 3279/6249/1
f 3287/6250/6 3289/6251/6 3286/6252/6
f 3293/6253/4 3291/6254/4 3290/6255/4
f 3290/6256/3 3287/6257/3 3286/6258/3
f 3288/6259/5 3293/6260/5 3289/6261/5
f 3289/6262/7 3290/6263/7 3286/6264/7
f 3291/6265/1 3288/6266/1 3287/6267/1
f 3295/6268/6 3297/6269/6 3294/6270/6
f 3301/6271/4 3299/6272/4 3298/6273/4
f 3298/6274/3 3295/6275/3 3294/6276/3
f 3296/6277/5 3301/6278/5 3297/6279/5
f 3297/6280/7 3298/6281/7 3294/6282/7
f 3299/6283/1 3296/6284/1 3295/6285/1
f 3303/6286/6 3305/6287/6 3302/6288/6
f 3309/6289/4 3307/6290/4 3306/6291/4
f 3306/6292/3 3303/6293/3 3302/6294/3
f 3304/6295/5 3309/6296/5 3305/6297/5
f 3305/6298/7 3306/6299/7 3302/6300/7
f 3307/6301/1 3304/6302/1 3303/6303/1
f 3311/6304/6 3313/6305/6 3310/6306/6
f 3317/6307/4 3315/6308/4 3314/6309/4
f 3314/6310/3 3311/6311/3 3310/6312/3
f 3312/6313/5 3317/6314/5 3313/6315/5
f 3313/6316/7 3314/3628/7 3310/6317/7
f 3315/6318/1 3312/6319/1 3311/6320/1
f 3319/6321/6 3321/6322/6 3318/6323/6
f 3325/6324/4 3323/6325/4 3322/6326/4
f 3322/6327/3 3319/6328/3 3318/6329/3
f 3320/6330/5 3325/6331/5 3321/6332/5
f 3321/6333/7 3322/6334/7 3318/6335/7
f 3323/6336/1 3320/6337/1 3319/6338/1
f 3327/6339/6 3329/6340/6 3326/6341/6
f 3333/6342/4 3331/6343/4 3330/6344/4
f 3330/6345/3 3327/6346/3 3326/6347/3
f 3328/6348/5 3333/6349/5 3329/6350/5
f 3329/6351/7 3330/6352/7 3326/6353/7
f 3331/6354/1 3328/6355/1 3327/6356/1
f 3335/6357/6 3337/6358/6 3334/6359/6
f 3341/6360/4 3339/6361/4 3338/6362/4
f 3338/6363/3 3335/6364/3 3334/6365/3
f 3336/6366/5 3341/6367/5 3337/6368/5
f 3337/6369/7 3338/6370/7 3334/6371/7
f 3339/6372/1 3336/6373/1 3335/6374/1
f 3343/6375/6 3345/6376/6 3342/6377/6
f 3349/6378/4 3347/6379/4 3346/6380/4
f 3346/6381/3 3343/6382/3 3342/6383/3
f 3344/6384/5 3349/6385/5 3345/6386/5
f 3345/6387/7 3346/6388/7 3342/6389/7
f 3347/6390/1 3344/6391/1 3343/6392/1
f 3351/6393/6 3353/6394/6 3350/6395/6
f 3357/6396/4 3355/6397/4 3354/6398/4
f 3354/6399/3 3351/6400/3 3350/6401/3
f 3352/6402/5 3357/6403/5 3353/6404/5
f 3353/6405/7 3354/6406/7 3350/6407/7
f 3355/6408/1 3352/6409/1 3351/6410/1
f 3359/6411/6 3361/6412/6 3358/6413/6
f 3365/6414/4 3363/6415/4 3362/6416/4
f 3362/6417/3 3359/6418/3 3358/6419/3
f 3360/6420/5 3365/6421/5 3361/6422/5
f 3361/6423/7 3362/6424/7 3358/6425/7
f 3363/6426/1 3360/6427/1 3359/6428/1
f 3367/6429/6 3369/6430/6 3366/6431/6
f 3373/6432/4 3371/6433/4 3370/6434/4
f 3370/6435/3 3367/6436/3 3366/6437/3
f 3368/6438/5 3373/6439/5 3369/6440/5
f 3369/6441/7 3370/6442/7 3366/6443/7
f 3371/6131/1 3368/6444/1 3367/6445/1
f 3375/6446/6 3377/6447/6 3374/6448/6
f 3381/6449/4 3379/6450/4 3378/6451/4
f 3378/6452/3 3375/6453/3 3374/6454/3
f 3376/6455/5 3381/6456/5 3377/6457/5
f 3377/6458/7 3378/6459/7 3374/6460/7
f 3379/6461/1 3376/6462/1 3375/6463/1
f 3383/6464/6 3385/6465/6 3382/6466/6
f 3389/6467/4 3387/6468/4 3386/6469/4
f 3386/6470/3 3383/6471/3 3382/6472/3
f 3384/6473/5 3389/6474/5 3385/6475/5
f 3385/6476/7 3386/6477/7 3382/6478/7
f 3387/6479/1 3384/6480/1 3383/6481/1
f 3391/6482/6 3393/6483/6 3390/6484/6
f 3397/6485/4 3395/6486/4 3394/6487/4
f 3394/6488/3 3391/6489/3 3390/6490/3
f 3392/6491/5 3397/6492/5 3393/6493/5
f 3393/6494/7 3394/6495/7 3390/6496/7
f 3395/6497/1 3392/6494/1 3391/6498/1
f 3399/6499/6 3401/6500/6 3398/6501/6
f 3405/6502/4 3403/6503/4 3402/6504/4
f 3402/6505/3 3399/6506/3 3398/6507/3
f 3400/6508/5 3405/6509/5 3401/6510/5
f 3401/6511/7 3402/6512/7 3398/6513/7
f 3403/6514/1 3400/6515/1 3399/6516/1
f 3407/6517/6 3409/6518/6 3406/6519/6
f 3413/6520/4 3411/6521/4 3410/6522/4
f 3410/6523/3 3407/6524/3 3406/6525/3
f 3408/6526/5 3413/6527/5 3409/6528/5
f 3409/6529/7 3410/6530/7 3406/6531/7
f 3411/6532/1 3408/6533/1 3407/6534/1
f 3415/6535/3 3418/6536/3 3414/6537/3
f 3416/6538/4 3419/6539/4 3415/6540/4
f 3417/6541/5 3420/6542/5 3416/6543/5
f 3414/6544/6 3421/6545/6 3417/6546/6
f 3425/6547/7 3423/6548/7 3422/6549/7
f 3427/6550/1 3429/6551/1 3426/6552/1
f 3423/6553/3 3426/6554/3 3422/6555/3
f 3424/6556/4 3427/6557/4 3423/6558/4
f 3425/6559/5 3428/6560/5 3424/6561/5
f 3422/6562/6 3429/6563/6 3425/6564/6
f 3433/6565/7 3431/6549/7 3430/6566/7
f 3435/6567/1 3437/6568/1 3434/6569/1
f 3431/6570/3 3434/6571/3 3430/6572/3
f 3432/6573/4 3435/6574/4 3431/6575/4
f 3433/6576/5 3436/6577/5 3432/6578/5
f 3430/6579/6 3437/6580/6 3433/6581/6
f 3439/6582/3 3442/6583/3 3438/6584/3
f 3440/6585/4 3443/6586/4 3439/6587/4
f 3441/6588/5 3444/6589/5 3440/6590/5
f 3438/6591/6 3445/6592/6 3441/6593/6
f 3447/6594/3 3450/6595/3 3446/6596/3
f 3448/6597/4 3451/6598/4 3447/6599/4
f 3449/6600/5 3452/6601/5 3448/6602/5
f 3446/6593/6 3453/6603/6 3449/6604/6
f 3455/6605/3 3458/6606/3 3454/6607/3
f 3456/6608/4 3459/6609/4 3455/6610/4
f 3457/6611/5 3460/6612/5 3456/6613/5
f 3454/6614/6 3461/6615/6 3457/6616/6
f 3465/6617/7 3463/6618/7 3462/6619/7
f 3467/6620/1 3469/6621/1 3466/6622/1
f 3463/6623/3 3466/6624/3 3462/6625/3
f 3464/6626/4 3467/6627/4 3463/6628/4
f 3465/6629/5 3468/6630/5 3464/6577/5
f 3462/6631/6 3469/6632/6 3465/6633/6
f 3473/6634/7 3471/6635/7 3470/6636/7
f 3475/6637/1 3477/6638/1 3474/6639/1
f 3471/6640/3 3474/6641/3 3470/6642/3
f 3472/6643/4 3475/6644/4 3471/6645/4
f 3473/6646/5 3476/6647/5 3472/6648/5
f 3470/6649/6 3477/6650/6 3473/6651/6
f 3479/6652/3 3482/6653/3 3478/6654/3
f 3480/6655/4 3483/6656/4 3479/6657/4
f 3481/6658/5 3484/6659/5 3480/6660/5
f 3478/6604/6 3485/6661/6 3481/6662/6
f 3487/6663/3 3490/6664/3 3486/6665/3
f 3488/6666/4 3491/6667/4 3487/6668/4
f 3489/6669/5 3492/6670/5 3488/6671/5
f 3486/6668/6 3493/6672/6 3489/6673/6
f 3497/6674/7 3495/6675/7 3494/6676/7
f 3495/6677/3 3498/6678/3 3494/6679/3
f 3496/6680/4 3499/6681/4 3495/6682/4
f 3497/6683/5 3500/6684/5 3496/6685/5
f 3494/6686/6 3501/6687/6 3497/6688/6
f 3505/6689/7 3503/6690/7 3502/6691/7
f 3507/6692/1 3509/6693/1 3506/6694/1
f 3503/6695/3 3506/6696/3 3502/6697/3
f 3504/6698/4 3507/6699/4 3503/6700/4
f 3505/6701/5 3508/6697/5 3504/6702/5
f 3502/5892/6 3509/6703/6 3505/6704/6
f 2/1/1 40/5/1 39/2/1
f 3/4/1 41/7/1 40/5/1
f 4/6/1 42/9/1 41/7/1
f 5/8/1 43/11/1 42/9/1
f 6/10/1 44/13/1 43/11/1
f 7/12/1 45/15/1 44/13/1
f 8/14/1 46/17/1 45/15/1
f 9/16/1 47/19/1 46/17/1
f 10/18/1 48/21/1 47/19/1
f 11/20/1 49/23/1 48/21/1
f 12/22/1 50/25/1 49/23/1
f 13/24/1 51/27/1 50/25/1
f 14/26/1 52/29/1 51/27/1
f 15/28/1 53/31/1 52/29/1
f 16/30/1 54/33/1 53/31/1
f 17/32/1 55/35/1 54/33/1
f 18/34/1 56/37/1 55/35/1
f 19/36/1 57/39/1 56/37/1
f 20/38/1 58/41/1 57/39/1
f 21/40/1 59/43/1 58/41/1
f 22/42/1 60/45/1 59/43/1
f 23/44/1 61/47/1 60/45/1
f 24/46/1 62/49/1 61/47/1
f 25/48/1 63/51/1 62/49/1
f 26/50/1 64/53/1 63/51/1
f 27/52/1 65/55/1 64/53/1
f 28/54/1 66/57/1 65/55/1
f 29/56/1 67/59/1 66/57/1
f 30/58/1 68/61/1 67/59/1
f 31/60/1 69/63/1 68/61/1
f 32/62/1 70/65/1 69/63/1
f 33/64/1 71/67/1 70/65/1
f 34/66/1 72/69/1 71/67/1
f 35/68/1 73/71/1 72/69/1
f 36/70/1 74/73/1 73/71/1
f 37/72/1 75/75/1 74/73/1
f 38/74/1 76/112/1 75/75/1
f 40/5/1 78/77/1 77/76/1
f 41/7/1 79/78/1 78/77/1
f 42/9/1 80/79/1 79/78/1
f 43/11/1 81/80/1 80/79/1
f 44/13/1 82/81/1 81/80/1
f 45/15/1 83/82/1 82/81/1
f 46/17/1 84/83/1 83/82/1
f 47/19/1 85/84/1 84/83/1
f 48/21/1 86/85/1 85/84/1
f 49/23/1 87/86/1 86/85/1
f 50/25/1 88/87/1 87/86/1
f 51/27/1 89/88/1 88/87/1
f 52/29/1 90/89/1 89/88/1
f 53/31/1 91/90/1 90/89/1
f 54/33/1 92/91/1 91/90/1
f 55/35/1 93/92/1 92/91/1
f 56/37/1 94/93/1 93/92/1
f 57/39/1 95/94/1 94/93/1
f 58/41/1 96/95/1 95/94/1
f 59/43/1 97/96/1 96/95/1
f 60/45/1 98/97/1 97/96/1
f 61/47/1 99/98/1 98/97/1
f 62/49/1 100/99/1 99/98/1
f 63/51/1 101/100/1 100/99/1
f 64/53/1 102/101/1 101/100/1
f 65/55/1 103/102/1 102/101/1
f 66/57/1 104/103/1 103/102/1
f 67/59/1 105/104/1 104/103/1
f 68/61/1 106/105/1 105/104/1
f 69/63/1 107/106/1 106/105/1
f 70/65/1 108/107/1 107/106/1
f 71/67/1 109/108/1 108/107/1
f 72/69/1 110/109/1 109/108/1
f 73/71/1 111/110/1 110/109/1
f 74/73/1 112/111/1 111/110/1
f 75/75/1 113/113/1 112/111/1
f 76/112/1 114/150/1 113/113/1
f 78/77/2 116/115/2 115/114/2
f 79/78/2 117/116/2 116/115/2
f 80/79/2 118/117/2 117/116/2
f 81/80/2 119/118/2 118/117/2
f 82/81/2 120/119/2 119/118/2
f 83/82/2 121/120/2 120/119/2
f 84/83/2 122/121/2 121/120/2
f 85/84/2 123/122/2 122/121/2
f 86/85/2 124/123/2 123/122/2
f 87/86/2 125/124/2 124/123/2
f 88/87/2 126/125/2 125/124/2
f 89/88/2 127/126/2 126/125/2
f 90/89/2 128/127/2 127/126/2
f 91/90/2 129/128/2 128/127/2
f 92/91/2 130/129/2 129/128/2
f 93/92/2 131/130/2 130/129/2
f 94/93/2 132/131/2 131/130/2
f 95/94/2 133/132/2 132/131/2
f 96/95/2 134/133/2 133/132/2
f 97/96/2 135/134/2 134/133/2
f 98/97/2 136/135/2 135/134/2
f 99/98/2 137/136/2 136/135/2
f 100/99/2 138/137/2 137/136/2
f 101/100/2 139/138/2 138/137/2
f 102/101/2 140/139/2 139/138/2
f 103/102/2 141/140/2 140/139/2
f 104/103/2 142/141/2 141/140/2
f 105/104/2 143/142/2 142/141/2
f 106/105/2 144/143/2 143/142/2
f 107/106/2 145/144/2 144/143/2
f 108/107/2 146/145/2 145/144/2
f 109/108/2 147/146/2 146/145/2
f 110/109/2 148/147/2 147/146/2
f 111/110/2 149/148/2 148/147/2
f 112/111/2 150/149/2 149/148/2
f 113/113/2 151/151/2 150/149/2
f 114/150/2 152/188/2 151/151/2
f 116/115/1 154/153/1 153/152/1
f 117/116/1 155/154/1 154/153/1
f 118/117/1 156/155/1 155/154/1
f 119/118/1 157/156/1 156/155/1
f 120/119/1 158/157/1 157/156/1
f 121/120/1 159/158/1 158/157/1
f 122/121/1 160/159/1 159/158/1
f 123/122/1 161/160/1 160/159/1
f 124/123/1 162/161/1 161/160/1
f 125/124/1 163/162/1 162/161/1
f 126/125/1 164/163/1 163/162/1
f 127/126/1 165/164/1 164/163/1
f 128/127/1 166/165/1 165/164/1
f 129/128/1 167/166/1 166/165/1
f 130/129/1 168/167/1 167/166/1
f 131/130/1 169/168/1 168/167/1
f 132/131/1 170/169/1 169/168/1
f 133/132/1 171/170/1 170/169/1
f 134/133/1 172/171/1 171/170/1
f 135/134/1 173/172/1 172/171/1
f 136/135/1 174/173/1 173/172/1
f 137/136/1 175/174/1 174/173/1
f 138/137/1 176/175/1 175/174/1
f 139/138/1 177/176/1 176/175/1
f 140/139/1 178/177/1 177/176/1
f 141/140/1 179/178/1 178/177/1
f 142/141/1 180/179/1 179/178/1
f 143/142/1 181/180/1 180/179/1
f 144/143/1 182/181/1 181/180/1
f 145/144/1 183/182/1 182/181/1
f 146/145/1 184/183/1 183/182/1
f 147/146/1 185/184/1 184/183/1
f 148/147/1 186/185/1 185/184/1
f 149/148/1 187/186/1 186/185/1
f 150/149/1 188/187/1 187/186/1
f 151/151/1 189/189/1 188/187/1
f 152/188/1 190/226/1 189/189/1
f 154/153/1 192/191/1 191/190/1
f 155/154/1 193/192/1 192/191/1
f 156/155/1 194/193/1 193/192/1
f 157/156/1 195/194/1 194/193/1
f 158/157/1 196/195/1 195/194/1
f 159/158/1 197/196/1 196/195/1
f 160/159/1 198/197/1 197/196/1
f 161/160/1 199/198/1 198/197/1
f 162/161/1 200/199/1 199/198/1
f 163/162/1 201/200/1 200/199/1
f 164/163/1 202/201/1 201/200/1
f 165/164/1 203/202/1 202/201/1
f 166/165/1 204/203/1 203/202/1
f 167/166/1 205/204/1 204/203/1
f 168/167/1 206/205/1 205/204/1
f 169/168/1 207/206/1 206/205/1
f 170/169/1 208/207/1 207/206/1
f 171/170/1 209/208/1 208/207/1
f 172/171/1 210/209/1 209/208/1
f 173/172/1 211/210/1 210/209/1
f 174/173/1 212/211/1 211/210/1
f 175/174/1 213/212/1 212/211/1
f 176/175/1 214/213/1 213/212/1
f 177/176/1 215/214/1 214/213/1
f 178/177/1 216/215/1 215/214/1
f 179/178/1 217/216/1 216/215/1
f 180/179/1 218/217/1 217/216/1
f 181/180/1 219/218/1 218/217/1
f 182/181/1 220/219/1 219/218/1
f 183/182/1 221/220/1 220/219/1
f 184/183/1 222/221/1 221/220/1
f 185/184/1 223/222/1 222/221/1
f 186/185/1 224/223/1 223/222/1
f 187/186/1 225/224/1 224/223/1
f 188/187/1 226/225/1 225/224/1
f 189/189/1 227/227/1 226/225/1
f 190/226/1 228/6705/1 227/227/1
f 234/228/1 235/264/1 236/229/1
f 230/231/3 234/246/3 233/232/3
f 231/234/4 235/248/4 234/235/4
f 232/237/5 236/250/5 235/238/5
f 232/240/6 229/6706/6 233/241/6
f 238/243/1 239/6707/1 240/244/1
f 234/246/3 238/256/3 237/247/3
f 235/248/4 239/258/4 238/249/4
f 236/250/5 240/260/5 239/251/5
f 233/241/6 237/262/6 240/252/6
f 242/253/1 243/275/1 244/254/1
f 238/256/3 242/6708/3 241/257/3
f 239/258/4 243/278/4 242/259/4
f 240/260/5 244/6709/5 243/261/5
f 237/262/6 241/6710/6 244/263/6
f 235/264/1 247/284/1 248/265/1
f 245/266/4 247/287/4 235/248/4
f 246/267/5 248/6711/5 247/268/5
f 232/240/6 236/242/6 248/270/6
f 250/272/7 249/6712/7 239/273/7
f 243/275/1 251/303/1 252/276/1
f 249/277/4 251/306/4 243/278/4
f 250/279/5 252/6713/5 251/280/5
f 240/252/6 244/263/6 252/282/6
f 247/284/1 255/310/1 256/285/1
f 253/286/4 255/299/4 247/287/4
f 254/288/5 256/300/5 255/289/5
f 254/291/6 246/271/6 248/270/6
f 249/293/1 257/6714/1 258/294/1
f 247/296/3 249/6715/3 250/297/3
f 255/299/4 257/305/4 249/277/4
f 256/300/5 258/307/5 257/301/5
f 248/270/6 250/283/6 258/302/6
f 251/303/1 259/321/1 260/304/1
f 257/305/4 259/324/4 251/306/4
f 258/307/5 260/6716/5 259/308/5
f 250/283/6 252/282/6 260/309/6
f 255/310/1 263/330/1 264/311/1
f 261/312/4 263/333/4 255/299/4
f 262/313/5 264/6717/5 263/314/5
f 254/291/6 256/292/6 264/316/6
f 266/318/7 265/6718/7 257/319/7
f 259/321/1 267/350/1 268/322/1
f 257/305/4 265/346/4 267/323/4
f 266/325/5 268/6719/5 267/326/5
f 258/302/6 260/309/6 268/328/6
f 263/330/1 271/356/1 272/331/1
f 269/332/4 271/345/4 263/333/4
f 270/334/5 272/347/5 271/335/5
f 262/317/6 264/316/6 272/337/6
f 265/339/1 273/6720/1 274/340/1
f 263/342/3 265/6721/3 266/343/3
f 271/345/4 273/352/4 265/346/4
f 272/347/5 274/353/5 273/348/5
f 264/316/6 266/329/6 274/349/6
f 267/350/1 275/367/1 276/351/1
f 273/352/4 275/370/4 267/323/4
f 274/353/5 276/6722/5 275/354/5
f 266/329/6 268/328/6 276/355/6
f 271/356/1 279/376/1 280/357/1
f 277/358/4 279/379/4 271/345/4
f 278/359/5 280/6723/5 279/360/5
f 270/338/6 272/337/6 280/362/6
f 287/364/7 281/6724/7 273/365/7
f 275/367/1 282/395/1 283/368/1
f 281/369/4 282/398/4 275/370/4
f 287/371/5 283/6725/5 282/372/5
f 274/349/6 276/355/6 283/374/6
f 279/376/1 285/6726/1 286/377/1
f 284/378/4 285/391/4 279/379/4
f 330/380/5 286/392/5 285/381/5
f 278/363/6 280/362/6 286/383/6
f 281/385/1 288/6727/1 289/386/1
f 279/388/3 281/6728/3 287/389/3
f 285/391/4 288/397/4 281/369/4
f 286/392/5 289/399/5 288/393/5
f 280/362/6 287/375/6 289/394/6
f 282/395/1 290/6729/1 291/396/1
f 288/397/4 290/6730/4 282/398/4
f 289/399/5 291/6731/5 290/400/5
f 287/375/6 283/374/6 291/401/6
f 295/402/7 294/6732/7 293/403/7
f 297/405/1 298/6733/1 299/406/1
f 293/408/3 297/6734/3 296/409/3
f 294/411/4 298/6735/4 297/412/4
f 295/414/5 299/6736/5 298/415/5
f 292/417/6 296/6737/6 299/418/6
f 303/420/7 302/6738/7 301/421/7
f 305/423/1 306/459/1 307/424/1
f 301/426/3 305/6739/3 304/427/3
f 302/429/4 306/6740/4 305/430/4
f 303/432/5 307/6741/5 306/433/5
f 300/435/6 304/6742/6 307/436/6
f 311/438/7 310/6743/7 309/439/7
f 313/441/1 314/6744/1 315/442/1
f 309/444/3 313/6745/3 312/445/3
f 310/447/4 314/6746/4 313/448/4
f 311/450/5 315/6747/5 314/451/5
f 308/453/6 312/6748/6 315/454/6
f 317/456/7 742/6749/7 316/457/7
f 312/443/1 315/442/1 306/459/1
f 316/460/3 312/6750/3 305/461/3
f 742/463/4 315/6751/4 312/464/4
f 317/466/5 306/6752/5 315/467/5
f 741/469/6 305/6753/6 306/470/6
f 323/472/1 324/6754/1 325/473/1
f 319/475/3 323/6755/3 322/476/3
f 320/478/4 324/6756/4 323/479/4
f 321/481/5 325/6757/5 324/482/5
f 318/484/6 322/6758/6 325/485/6
f 319/487/1 320/6759/1 330/488/1
f 327/490/3 319/6760/3 229/491/3
f 329/493/5 330/6761/5 320/494/5
f 326/496/6 229/6762/6 330/497/6
f 334/499/7 333/6763/7 332/500/7
f 336/502/1 337/6764/1 338/503/1
f 332/505/3 336/6765/3 335/506/3
f 333/508/4 337/6766/4 336/509/4
f 334/511/5 338/6767/5 337/512/5
f 331/514/6 335/6768/6 338/515/6
f 341/517/8 342/521/8 340/518/8
f 343/520/9 344/6769/9 342/521/9
f 349/522/4 350/6770/4 344/523/4
f 347/525/10 348/529/10 350/526/10
f 345/528/11 346/6771/11 348/529/11
f 339/530/6 340/6772/6 346/531/6
f 339/533/3 345/6773/3 347/534/3
f 347/534/3 349/6774/3 343/536/3
f 340/537/5 342/541/5 348/538/5
f 344/540/5 350/6775/5 348/538/5
f 360/548/7 359/6776/7 358/549/7
f 362/551/1 363/6777/1 364/552/1
f 358/554/3 362/6778/3 361/555/3
f 359/557/4 363/6779/4 362/558/4
f 360/560/5 364/6780/5 363/561/5
f 357/563/6 361/6781/6 364/564/6
f 369/581/17 368/593/17 365/582/17
f 376/584/18 375/595/18 371/585/18
f 387/587/19 386/6782/19 377/569/19
f 380/572/20 382/574/20 379/571/20
f 383/588/21 385/786/21 382/574/21
f 378/589/22 377/6783/22 366/590/22
f 381/592/332 380/6784/332 368/593/332
f 384/576/38 383/575/38 372/567/38
f 386/578/25 388/580/25 375/595/25
f 368/593/3 380/6784/3 378/597/3
f 376/598/7 373/6785/7 369/599/7
f 366/590/6 377/6783/6 386/601/6
f 372/567/4 383/575/4 381/603/4
f 375/595/5 388/580/5 384/605/5
f 393/607/17 392/606/17 389/624/17
f 400/626/18 399/640/18 395/627/18
f 397/611/28 396/610/28 394/629/28
f 411/631/19 410/6786/19 401/612/19
f 407/632/21 409/6787/21 406/617/21
f 412/633/29 411/6788/29 409/634/29
f 402/636/22 401/6789/22 390/637/22
f 405/639/332 404/6790/332 392/606/332
f 408/619/38 407/618/38 396/610/38
f 410/621/25 412/623/25 399/640/25
f 392/606/3 404/6790/3 402/642/3
f 400/643/7 397/6791/7 393/644/7
f 390/637/6 401/6789/6 410/646/6
f 396/610/4 407/618/4 405/648/4
f 399/640/5 412/623/5 408/649/5
f 417/654/17 416/653/17 413/674/17
f 422/676/37 424/6792/37 415/652/37
f 424/661/18 423/660/18 419/677/18
f 421/658/28 420/657/28 418/679/28
f 435/681/19 434/6793/19 425/662/19
f 428/665/20 430/667/20 427/664/20
f 431/682/21 433/684/21 430/667/21
f 436/683/29 435/681/29 433/684/29
f 426/686/22 425/6794/22 414/651/22
f 429/687/23 428/6795/23 416/653/23
f 432/669/38 431/668/38 420/657/38
f 434/671/25 436/673/25 423/660/25
f 416/653/3 428/6795/3 426/688/3
f 424/689/7 421/6796/7 417/690/7
f 414/651/6 425/6794/6 434/692/6
f 420/657/4 431/668/4 429/693/4
f 423/660/5 436/673/5 432/694/5
f 430/667/1 433/684/1 435/681/1
f 441/716/17 440/730/17 437/717/17
f 446/719/37 448/6797/37 439/697/37
f 448/703/18 447/702/18 443/720/18
f 445/700/28 444/699/28 442/722/28
f 459/724/19 458/6798/19 449/704/19
f 452/707/20 454/709/20 451/706/20
f 455/725/21 457/727/21 454/709/21
f 460/726/29 459/724/29 457/727/29
f 450/729/22 449/6799/22 438/696/22
f 456/711/38 455/710/38 444/699/38
f 458/713/25 460/715/25 447/702/25
f 440/730/3 452/6800/3 450/731/3
f 448/732/7 445/6801/7 441/733/7
f 438/696/6 449/6799/6 458/735/6
f 444/699/4 455/710/4 453/736/4
f 447/702/5 460/715/5 456/737/5
f 454/709/1 457/727/1 459/724/1
f 462/738/6 463/6802/6 464/739/6
f 468/741/7 467/6803/7 466/742/7
f 470/744/1 471/6804/1 472/745/1
f 466/747/333 470/6805/333 469/748/333
f 467/750/42 471/6806/42 470/751/42
f 468/753/43 472/6807/43 471/754/43
f 465/756/44 469/6808/44 472/757/44
f 476/759/7 475/6809/7 474/760/7
f 478/762/1 479/6810/1 480/763/1
f 474/765/45 478/6811/45 477/766/45
f 475/768/46 479/6812/46 478/769/46
f 476/771/47 480/6813/47 479/772/47
f 473/774/48 477/6814/48 480/775/48
f 485/778/17 484/777/17 481/795/17
f 492/797/18 491/808/18 487/798/18
f 489/782/28 488/781/28 486/800/28
f 503/802/19 502/6815/19 493/783/19
f 496/786/20 498/788/20 495/785/20
f 499/803/21 501/6816/21 498/788/21
f 494/804/22 493/6817/22 482/805/22
f 497/807/332 496/6818/332 484/777/332
f 500/790/38 499/789/38 488/781/38
f 502/792/25 504/794/25 491/808/25
f 484/777/3 496/6818/3 494/810/3
f 492/811/7 489/6819/7 485/812/7
f 482/805/6 493/6817/6 502/814/6
f 488/781/4 499/789/4 497/816/4
f 491/808/5 504/794/5 500/817/5
f 509/819/17 508/818/17 505/836/17
f 516/838/18 515/852/18 511/839/18
f 513/823/28 512/822/28 510/841/28
f 527/843/19 526/6820/19 517/824/19
f 523/844/21 525/6821/21 522/829/21
f 528/845/29 527/6822/29 525/846/29
f 518/848/22 517/6823/22 506/849/22
f 521/851/332 520/6824/332 508/818/332
f 524/831/38 523/830/38 512/822/38
f 526/833/25 528/835/25 515/852/25
f 508/818/3 520/6824/3 518/854/3
f 516/855/7 513/4010/7 509/856/7
f 506/849/6 517/6823/6 526/858/6
f 512/822/4 523/830/4 521/860/4
f 515/852/5 528/835/5 524/861/5
f 533/866/17 532/865/17 529/886/17
f 538/888/37 540/6825/37 531/864/37
f 540/873/18 539/872/18 535/889/18
f 537/870/28 536/869/28 534/891/28
f 551/893/19 550/6826/19 541/874/19
f 544/877/20 546/879/20 543/876/20
f 547/894/21 549/896/21 546/879/21
f 552/895/29 551/893/29 549/896/29
f 542/898/22 541/6827/22 530/863/22
f 545/899/23 544/6828/23 532/865/23
f 548/881/38 547/880/38 536/869/38
f 550/883/25 552/885/25 539/872/25
f 532/865/3 544/6828/3 542/900/3
f 540/901/7 537/6829/7 533/902/7
f 530/863/6 541/6827/6 550/904/6
f 536/869/4 547/880/4 545/905/4
f 539/872/5 552/885/5 548/906/5
f 546/879/1 549/896/1 551/893/1
f 557/911/17 556/910/17 553/931/17
f 562/933/37 564/6830/37 555/909/37
f 564/918/18 563/917/18 559/934/18
f 561/915/28 560/914/28 558/936/28
f 575/938/19 574/725/19 565/919/19
f 568/922/20 570/924/20 567/921/20
f 571/939/21 573/941/21 570/924/21
f 576/940/29 575/938/29 573/941/29
f 566/943/22 565/6831/22 554/908/22
f 569/944/23 568/6832/23 556/910/23
f 572/926/38 571/925/38 560/914/38
f 574/928/25 576/930/25 563/917/25
f 556/910/3 568/6832/3 566/945/3
f 564/946/7 561/6833/7 557/947/7
f 554/908/6 565/6831/6 574/949/6
f 560/914/4 571/925/4 569/950/4
f 563/917/5 576/930/5 572/951/5
f 570/924/1 573/941/1 575/938/1
f 578/952/6 579/6834/6 580/953/6
f 581/955/7 584/6835/7 583/956/7
f 585/958/1 586/6836/1 587/959/1
f 582/961/49 586/6837/49 585/962/49
f 583/964/50 587/6838/50 586/965/50
f 584/967/51 588/6839/51 587/968/51
f 581/970/52 585/6840/52 588/971/52
f 592/973/7 591/6841/7 590/974/7
f 594/976/1 595/6842/1 596/977/1
f 590/979/53 594/6843/53 593/980/53
f 591/982/54 595/6844/54 594/983/54
f 592/985/55 596/6845/55 595/986/55
f 589/988/56 593/6846/56 596/989/56
f 601/992/17 600/991/17 597/1009/17
f 608/1011/18 607/1022/18 603/1012/18
f 605/996/28 604/995/28 602/1014/28
f 619/1016/19 618/6847/19 609/997/19
f 612/1000/87 614/1002/87 611/999/87
f 615/1017/21 617/6848/21 614/1002/21
f 610/1018/22 609/6849/22 598/1019/22
f 613/1021/332 612/6850/332 600/991/332
f 616/1004/38 615/1003/38 604/995/38
f 618/1006/25 620/1008/25 607/1022/25
f 600/991/3 612/6850/3 610/1024/3
f 608/645/7 605/644/7 601/1025/7
f 598/1019/6 609/6849/6 618/1027/6
f 604/995/4 615/1003/4 613/1029/4
f 607/1022/5 620/1008/5 616/1030/5
f 625/1032/17 624/1031/17 621/1049/17
f 632/1051/18 631/1065/18 627/1052/18
f 629/1036/28 628/1035/28 626/1054/28
f 643/1056/19 642/6851/19 633/1037/19
f 639/1057/21 641/6852/21 638/1042/21
f 644/1058/29 643/6853/29 641/1059/29
f 634/1061/22 633/6854/22 622/1062/22
f 637/1064/332 636/6855/332 624/1031/332
f 640/1044/38 639/1043/38 628/1035/38
f 642/1046/25 644/1048/25 631/1065/25
f 624/1031/3 636/6855/3 634/1067/3
f 632/1068/7 629/6856/7 625/1069/7
f 622/1062/6 633/6854/6 642/1071/6
f 628/1035/4 639/1043/4 637/1073/4
f 631/1065/5 644/1048/5 640/1074/5
f 649/1079/17 648/1078/17 645/1099/17
f 654/1101/37 656/6857/37 647/1077/37
f 656/1086/18 655/1085/18 651/1102/18
f 653/1083/28 652/1082/28 650/1104/28
f 667/1106/19 666/6858/19 657/1087/19
f 660/1090/20 662/1092/20 659/1089/20
f 663/1107/21 665/1109/21 662/1092/21
f 668/1108/29 667/1106/29 665/1109/29
f 658/1111/22 657/6859/22 646/1076/22
f 661/1112/23 660/6860/23 648/1078/23
f 664/1094/38 663/1093/38 652/1082/38
f 666/1096/25 668/1098/25 655/1085/25
f 648/1078/3 660/6860/3 658/1113/3
f 656/1114/7 653/6861/7 649/1115/7
f 646/1076/6 657/6859/6 666/1117/6
f 652/1082/4 663/1093/4 661/1118/4
f 655/1085/5 668/1098/5 664/1119/5
f 662/1092/1 665/1109/1 667/1106/1
f 673/1124/17 672/1123/17 669/1144/17
f 678/1146/37 680/6862/37 671/1122/37
f 680/1131/18 679/1130/18 675/1147/18
f 677/1128/28 676/1127/28 674/1149/28
f 691/1151/19 690/6863/19 681/1132/19
f 684/1135/20 686/1137/20 683/1134/20
f 687/1152/21 689/1154/21 686/1137/21
f 692/1153/29 691/1151/29 689/1154/29
f 682/1156/22 681/6864/22 670/1121/22
f 685/1157/23 684/6865/23 672/1123/23
f 688/1139/38 687/1138/38 676/1127/38
f 690/1141/25 692/1143/25 679/1130/25
f 672/1123/3 684/6865/3 682/1158/3
f 680/1159/7 677/6866/7 673/1160/7
f 670/1121/6 681/6864/6 690/1162/6
f 676/1127/4 687/1138/4 685/1163/4
f 679/1130/5 692/1143/5 688/1164/5
f 686/1137/1 689/1154/1 691/1151/1
f 694/1165/6 695/6867/6 696/1166/6
f 700/1168/7 699/6868/7 698/1169/7
f 702/746/1 703/6869/1 704/1171/1
f 698/1173/55 702/6870/55 701/1174/55
f 699/1176/56 703/6871/56 702/1177/56
f 700/1179/53 704/6872/53 703/1180/53
f 697/1182/54 701/6873/54 704/1183/54
f 708/1185/7 707/6874/7 706/1186/7
f 710/1188/1 711/6875/1 712/1189/1
f 706/1191/58 710/6876/58 709/1192/58
f 707/1194/59 711/6877/59 710/1195/59
f 708/1197/60 712/6878/60 711/1198/60
f 705/1200/61 709/6879/61 712/1201/61
f 718/1203/1 716/2388/1 717/1204/1
f 284/1206/3 718/1221/3 715/1207/3
f 713/1209/4 716/1223/4 718/1210/4
f 713/1212/5 714/6880/5 717/1213/5
f 330/1215/6 715/1226/6 717/1216/6
f 720/1218/1 721/1231/1 722/1219/1
f 718/1221/3 720/6881/3 719/1222/3
f 716/1223/4 721/1234/4 720/1224/4
f 717/1213/5 722/6882/5 721/1225/5
f 715/1226/6 719/6883/6 722/1227/6
f 727/1228/7 728/6884/7 716/1229/7
f 721/1231/1 723/1254/1 724/1232/1
f 728/1233/4 723/1256/4 721/1234/4
f 727/1235/5 724/6885/5 723/1236/5
f 717/1216/6 722/1227/6 724/1238/6
f 728/1240/1 729/6886/1 730/1241/1
f 726/1243/3 728/6887/3 727/1244/3
f 726/1246/4 805/6888/4 729/1247/4
f 770/1248/5 730/1257/5 729/1249/5
f 725/1251/6 727/1239/6 730/1252/6
f 723/1254/1 731/6889/1 732/1255/1
f 729/1247/4 731/6890/4 723/1256/4
f 730/1257/5 732/6891/5 731/1258/5
f 727/1239/6 724/1238/6 732/1259/6
f 743/1260/1 734/1281/1 735/1261/1
f 301/426/3 743/6892/3 733/1263/3
f 302/429/4 734/6893/4 743/1264/4
f 303/432/5 735/6894/5 734/1265/5
f 300/435/6 733/6895/6 735/1266/6
f 311/438/7 737/6896/7 736/1267/7
f 738/1268/1 739/6897/1 740/1269/1
f 736/1271/3 738/6898/3 744/1272/3
f 737/1274/4 739/6899/4 738/1275/4
f 311/1277/5 740/6900/5 739/1278/5
f 308/453/6 744/6901/6 740/1280/6
f 744/1270/1 740/1269/1 734/1281/1
f 316/460/3 744/6902/3 743/1282/3
f 742/463/4 740/6903/4 744/1283/4
f 742/468/5 317/466/5 734/1284/5
f 741/469/6 743/6904/6 734/1286/6
f 748/1287/7 747/6905/7 746/1288/7
f 750/1290/1 751/1326/1 752/1291/1
f 746/1293/3 750/6906/3 749/1294/3
f 747/1296/4 751/6907/4 750/1297/4
f 748/1299/5 752/6908/5 751/1300/5
f 745/1302/6 749/6909/6 752/1303/6
f 841/1305/7 754/6910/7 753/1306/7
f 756/1308/1 757/6911/1 758/1309/1
f 753/1311/3 756/6912/3 755/1312/3
f 754/1314/4 757/6913/4 756/1315/4
f 841/1317/5 758/6914/5 757/1318/5
f 838/1320/6 755/6915/6 758/1321/6
f 759/1323/7 848/6916/7 847/1324/7
f 755/1310/1 758/1309/1 751/1326/1
f 847/1327/3 755/6917/3 750/1328/3
f 848/1330/4 758/6918/4 755/1331/4
f 848/1333/5 759/1537/5 751/1334/5
f 846/1336/6 750/6919/6 751/1337/6
f 765/1339/1 766/6920/1 767/1340/1
f 761/1342/3 765/6921/3 764/1343/3
f 762/1345/4 766/6922/4 765/1346/4
f 763/1348/5 767/6923/5 766/1349/5
f 760/1351/6 764/6924/6 767/1352/6
f 761/1354/1 762/6925/1 770/1355/1
f 768/1357/3 761/6926/3 330/1358/3
f 867/1360/5 770/6927/5 762/1361/5
f 329/498/6 330/497/6 770/1363/6
f 774/1365/7 773/6928/7 772/1366/7
f 776/1368/1 777/6929/1 778/1369/1
f 772/1371/3 776/6930/3 775/1372/3
f 773/1374/4 777/6931/4 776/1375/4
f 774/1377/5 778/6932/5 777/1378/5
f 771/1380/6 775/6933/6 778/1381/6
f 781/1383/62 782/1387/62 780/1384/62
f 783/1386/63 784/6934/63 782/1387/63
f 789/1388/4 790/6935/4 784/1389/4
f 787/1391/64 788/1395/64 790/1392/64
f 785/1394/65 786/6936/65 788/1395/65
f 779/1396/6 780/6937/6 786/1397/6
f 779/1399/3 785/6938/3 787/1400/3
f 787/1400/3 789/6939/3 783/1402/3
f 780/1403/5 782/1407/5 788/1404/5
f 784/1406/5 790/6940/5 788/1404/5
f 800/1414/7 799/6941/7 798/1415/7
f 802/1417/1 803/559/1 804/1418/1
f 798/1420/3 802/6942/3 801/1421/3
f 799/1423/4 803/6943/4 802/1424/4
f 800/1426/5 804/6944/5 803/1427/5
f 797/1429/6 801/6945/6 804/1430/6
f 809/1432/1 810/1468/1 811/1433/1
f 805/1435/3 809/1447/3 808/1436/3
f 806/1438/4 810/1449/4 809/1439/4
f 807/1441/5 811/1451/5 810/1442/5
f 807/1444/6 770/6946/6 808/1445/6
f 809/1447/3 813/1460/3 812/1448/3
f 810/1449/4 814/1462/4 813/1450/4
f 811/1451/5 815/1464/5 814/1452/5
f 808/1445/6 812/1466/6 815/1453/6
f 815/1454/7 814/1477/7 813/1455/7
f 817/1457/1 818/1478/1 819/1458/1
f 813/1460/3 817/6947/3 816/1461/3
f 814/1462/4 818/1481/4 817/1463/4
f 815/1464/5 819/6948/5 818/1465/5
f 812/1466/6 816/6949/6 819/1467/6
f 810/1468/1 822/1487/1 823/1469/1
f 820/1470/4 822/1490/4 810/1449/4
f 821/1471/5 823/6950/5 822/1472/5
f 807/1444/6 811/1446/6 823/1474/6
f 831/1476/7 824/6951/7 814/1477/7
f 818/1478/1 825/1506/1 826/1479/1
f 824/1480/4 825/1509/4 818/1481/4
f 831/1482/5 826/6952/5 825/1483/5
f 815/1453/6 819/1467/6 826/1485/6
f 822/1487/1 829/6953/1 830/1488/1
f 827/1489/4 829/1502/4 822/1490/4
f 828/1491/5 830/1503/5 829/1492/5
f 821/1475/6 823/1474/6 830/1494/6
f 824/1496/1 832/6954/1 833/1497/1
f 822/1499/3 824/1849/3 831/1500/3
f 829/1502/4 832/1508/4 824/1480/4
f 830/1503/5 833/1510/5 832/1504/5
f 823/1474/6 831/1486/6 833/1505/6
f 825/1506/1 834/6955/1 835/1507/1
f 832/1508/4 834/6956/4 825/1509/4
f 833/1510/5 835/6957/5 834/1511/5
f 831/1486/6 826/1485/6 835/1512/6
f 849/1513/1 850/1534/1 837/1514/1
f 746/1293/3 849/6958/3 836/1516/3
f 747/1296/4 850/6959/4 849/1517/4
f 748/1299/5 837/6960/5 850/1518/5
f 745/1302/6 836/6961/6 837/1519/6
f 841/1305/7 840/6962/7 839/1520/7
f 843/1521/1 844/6963/1 845/1522/1
f 839/1524/3 843/6964/3 842/1525/3
f 840/1527/4 844/6965/4 843/1528/4
f 840/1530/5 841/6966/5 845/1531/5
f 838/1320/6 842/6967/6 845/1533/6
f 842/1523/1 845/1522/1 850/1534/1
f 847/1327/3 842/6968/3 849/1535/3
f 848/1330/4 845/6969/4 842/1536/4
f 759/1537/5 850/6970/5 845/1538/5
f 846/1336/6 849/6971/6 850/1539/6
f 854/1540/7 853/6972/7 852/1541/7
f 856/1543/1 857/6973/1 858/1544/1
f 852/1546/3 856/6974/3 855/1547/3
f 853/1549/4 857/6975/4 856/1550/4
f 854/1552/5 858/6976/5 857/1553/5
f 851/1555/6 855/6977/6 858/1556/6
f 864/1558/1 865/6978/1 866/1559/1
f 861/1561/4 865/6979/4 864/1562/4
f 862/1564/5 866/6980/5 865/1565/5
f 859/1567/6 863/6981/6 866/1568/6
f 860/1570/1 861/6982/1 828/1571/1
f 868/1573/3 860/6983/3 770/1574/3
f 869/1576/4 861/1561/4 860/1563/4
f 870/1578/5 828/6984/5 861/1579/5
f 867/1364/6 770/1363/6 828/1581/6
f 874/1583/7 873/6985/7 872/1584/7
f 876/1586/1 877/6986/1 878/1587/1
f 872/1589/3 876/6987/3 875/1590/3
f 873/1592/4 877/551/4 876/1593/4
f 874/1595/5 878/6988/5 877/1596/5
f 871/1598/6 875/6989/6 878/1599/6
f 881/1601/8 882/1605/8 880/1602/8
f 883/1604/9 884/6990/9 882/1605/9
f 889/1606/4 890/6991/4 884/1607/4
f 887/1609/10 888/1613/10 890/1610/10
f 885/1612/11 886/6992/11 888/1613/11
f 879/1614/6 880/6993/6 886/1615/6
f 879/1617/3 885/6994/3 887/1618/3
f 887/1618/3 889/6995/3 883/1620/3
f 880/1621/5 882/1625/5 888/1622/5
f 884/1624/5 890/6996/5 888/1622/5
f 900/1632/7 899/6997/7 898/1633/7
f 902/1635/1 903/6998/1 904/1636/1
f 898/1638/3 902/6999/3 901/1639/3
f 899/1641/4 903/7000/4 902/1642/4
f 900/1644/5 904/7001/5 903/1645/5
f 897/1647/6 901/7002/6 904/1648/6
f 909/1662/79 908/1674/79 905/1663/79
f 916/1665/171 915/1676/171 911/1666/171
f 927/1668/19 926/7003/19 917/1653/19
f 920/1669/334 922/7004/334 919/1655/334
f 918/1670/22 917/7005/22 906/1671/22
f 921/1673/23 920/7006/23 908/1674/23
f 924/1657/38 923/1656/38 912/1651/38
f 926/1659/25 928/1661/25 915/1676/25
f 908/1674/3 920/7006/3 918/1678/3
f 916/1679/7 913/3969/7 909/1680/7
f 906/1671/6 917/7005/6 926/1682/6
f 912/1651/4 923/1656/4 921/1684/4
f 915/1676/5 928/1661/5 924/1686/5
f 933/1688/70 932/1687/70 929/1705/70
f 940/1707/18 939/1721/18 935/1708/18
f 937/1692/28 936/1691/28 934/1710/28
f 951/1712/19 950/7007/19 941/1693/19
f 947/1713/21 949/7008/21 946/1698/21
f 952/1714/29 951/7009/29 949/1715/29
f 942/1717/22 941/7010/22 930/1718/22
f 945/1720/23 944/7011/23 932/1687/23
f 948/1700/38 947/1699/38 936/1691/38
f 950/1702/25 952/1704/25 939/1721/25
f 932/1687/3 944/7011/3 942/1723/3
f 940/1724/7 937/7012/7 933/1725/7
f 930/1718/6 941/7010/6 950/1727/6
f 936/1691/4 947/1699/4 945/1729/4
f 939/1721/5 952/1704/5 948/1730/5
f 957/1735/79 956/1734/79 953/1752/79
f 962/1754/37 964/7013/37 955/1733/37
f 964/1742/171 963/1741/171 959/1755/171
f 961/1739/28 960/1738/28 958/1757/28
f 975/1759/19 974/7014/19 965/1743/19
f 968/1760/334 970/1762/334 967/1745/334
f 971/1761/21 973/1765/21 970/1762/21
f 976/1764/152 975/1759/152 973/1765/152
f 966/1767/22 965/7015/22 954/1732/22
f 972/1747/38 971/1746/38 960/1738/38
f 974/1749/25 976/1751/25 963/1741/25
f 956/1734/3 968/7016/3 966/1768/3
f 964/1769/7 961/7017/7 957/1770/7
f 954/1732/6 965/7015/6 974/1772/6
f 960/1738/4 971/1746/4 969/1773/4
f 963/1741/5 976/1751/5 972/1774/5
f 970/1762/1 973/1765/1 975/1759/1
f 981/1796/57 980/1810/57 977/1797/57
f 986/1799/37 988/7018/37 979/1777/37
f 988/1783/158 987/1782/158 983/1800/158
f 985/1780/28 984/1779/28 982/1802/28
f 999/1804/19 998/7019/19 989/1784/19
f 992/1787/20 994/1789/20 991/1786/20
f 995/1805/21 997/1807/21 994/1789/21
f 1000/1806/29 999/1804/29 997/1807/29
f 990/1809/22 989/7020/22 978/1776/22
f 996/1791/38 995/1790/38 984/1779/38
f 998/1793/25 1000/1795/25 987/1782/25
f 980/1810/3 992/7021/3 990/1811/3
f 988/1812/7 985/7022/7 981/1813/7
f 978/1776/6 989/7020/6 998/1815/6
f 984/1779/4 995/1790/4 993/1816/4
f 987/1782/5 1000/1795/5 996/1817/5
f 994/1789/1 997/1807/1 999/1804/1
f 1002/1818/6 1003/7023/6 1004/1819/6
f 1005/1821/7 1008/7024/7 1007/1822/7
f 1009/1824/1 1010/7025/1 1011/1825/1
f 1006/1827/89 1010/7026/89 1009/1828/89
f 1007/1830/90 1011/7027/90 1010/1831/90
f 1008/1833/91 1012/7028/91 1011/1834/91
f 1005/1836/92 1009/7029/92 1012/1837/92
f 1013/1839/7 1016/7030/7 1015/1840/7
f 1017/1842/1 1018/6686/1 1019/1843/1
f 1014/1845/45 1018/7031/45 1017/1846/45
f 1015/1848/46 1019/7032/46 1018/1849/46
f 1016/1851/47 1020/7033/47 1019/1852/47
f 1013/1854/48 1017/7034/48 1020/1855/48
f 1022/1857/6 1023/7035/6 1024/1858/6
f 1028/1860/4 1027/7036/4 1026/1861/4
f 1025/1863/3 1026/7037/3 1022/1864/3
f 1023/1866/5 1027/7038/5 1028/1867/5
f 1024/1869/7 1028/7039/7 1025/1870/7
f 1026/1872/1 1027/7040/1 1023/1873/1
f 1030/1875/6 1031/7041/6 1032/1876/6
f 1036/1878/4 1035/7042/4 1034/1879/4
f 1033/1881/3 1034/7043/3 1030/1882/3
f 1031/1884/5 1035/7044/5 1036/1885/5
f 1032/1887/7 1036/7045/7 1033/1888/7
f 1034/1890/1 1035/7046/1 1031/1891/1
f 1038/1893/6 1039/7047/6 1040/1894/6
f 1044/1896/4 1043/7048/4 1042/1897/4
f 1041/1899/3 1042/7049/3 1038/1900/3
f 1039/1902/5 1043/7050/5 1044/1903/5
f 1040/1905/7 1044/7051/7 1041/971/7
f 1042/1907/1 1043/7052/1 1039/1908/1
f 1046/1910/6 1047/7053/6 1048/1911/6
f 1052/1913/4 1051/7054/4 1050/1914/4
f 1049/1916/3 1050/7055/3 1046/1917/3
f 1047/1919/5 1051/7056/5 1052/1920/5
f 1048/1922/7 1052/7057/7 1049/1923/7
f 1050/1925/1 1051/7058/1 1047/1926/1
f 1054/1928/6 1055/7059/6 1056/1929/6
f 1061/1935/17 1060/1934/17 1057/1955/17
f 1066/1957/37 1068/7060/37 1059/1933/37
f 1068/1942/18 1067/1941/18 1063/1958/18
f 1065/1939/28 1064/1938/28 1062/1960/28
f 1079/1962/19 1078/7061/19 1069/1943/19
f 1072/1946/20 1074/1948/20 1071/1945/20
f 1075/1963/21 1077/1965/21 1074/1948/21
f 1080/1964/29 1079/1962/29 1077/1965/29
f 1057/1931/22 1070/7062/22 1069/1967/22
f 1062/1936/23 1073/7063/23 1072/1968/23
f 1063/1937/38 1076/1950/38 1075/1949/38
f 1066/1940/25 1078/1952/25 1080/1954/25
f 1057/1955/3 1060/1934/3 1072/1968/3
f 1068/1970/7 1065/7064/7 1061/1971/7
f 1058/1932/6 1069/1967/6 1078/1973/6
f 1064/1938/4 1075/1949/4 1073/1974/4
f 1063/1958/5 1067/1941/5 1080/1954/5
f 1074/1948/1 1077/1965/1 1079/1962/1
f 1085/1980/17 1084/1979/17 1081/2000/17
f 1090/2002/37 1092/7065/37 1083/1978/37
f 1092/1987/18 1091/1986/18 1087/2003/18
f 1089/1984/28 1088/1983/28 1086/2005/28
f 1103/2007/19 1102/7066/19 1093/1988/19
f 1096/1991/20 1098/1993/20 1095/1990/20
f 1099/2008/21 1101/2010/21 1098/1993/21
f 1104/2009/29 1103/2007/29 1101/2010/29
f 1094/2012/22 1093/7067/22 1082/1977/22
f 1097/2013/23 1096/7068/23 1084/1979/23
f 1100/1995/38 1099/1994/38 1088/1983/38
f 1102/1997/25 1104/1999/25 1091/1986/25
f 1084/1979/3 1096/7068/3 1094/2014/3
f 1092/2015/7 1089/7069/7 1085/2016/7
f 1082/1977/6 1093/7067/6 1102/2018/6
f 1091/1986/5 1104/1999/5 1100/2019/5
f 1098/1993/1 1101/2010/1 1103/2007/1
f 1105/2020/100 1106/7070/100 1021/2021/100
f 1109/2023/101 1108/7071/101 1107/2024/101
f 1107/2026/102 1108/7072/102 1105/2027/102
f 1108/2029/1 1109/7073/1 1106/2030/1
f 1109/2032/103 1110/7074/103 1021/2033/103
f 1115/2039/17 1114/2038/17 1111/2059/17
f 1120/2061/37 1122/7075/37 1113/2037/37
f 1122/2046/18 1121/2045/18 1117/2062/18
f 1119/2043/28 1118/2042/28 1116/2064/28
f 1133/2066/19 1132/7076/19 1123/2047/19
f 1126/2050/20 1128/2052/20 1125/2049/20
f 1129/2067/21 1131/7077/21 1128/2052/21
f 1134/2068/29 1133/7078/29 1131/2069/29
f 1124/2071/22 1123/7079/22 1112/2036/22
f 1127/2072/23 1126/7080/23 1114/2038/23
f 1130/2054/38 1129/2053/38 1118/2042/38
f 1132/2056/25 1134/2058/25 1121/2045/25
f 1114/2038/3 1126/7080/3 1124/2073/3
f 1122/2074/7 1119/7081/7 1115/2075/7
f 1112/2036/6 1123/7079/6 1132/2077/6
f 1121/2045/5 1134/2058/5 1130/2078/5
f 1135/2079/104 1136/7082/104 725/2080/104
f 1139/2082/105 1138/7083/105 1137/2083/105
f 1137/2085/106 1138/7084/106 1135/2086/106
f 1135/2088/1 1138/7085/1 1139/2089/1
f 1139/2091/107 1140/7086/107 725/2092/107
f 1142/2094/6 1143/2127/6 1144/2095/6
f 1148/2097/4 1147/2128/4 1146/2098/4
f 1145/2100/108 1146/2130/108 1142/2101/108
f 1146/2103/109 1147/7087/109 1143/2104/109
f 1147/2106/110 1148/7088/110 1144/2107/110
f 1148/2109/7 1145/7089/7 1141/2110/7
f 1149/2112/6 1150/2138/6 727/2113/6
f 728/2115/4 1153/2139/4 1152/2116/4
f 1151/2118/108 1152/2121/108 1149/2119/108
f 1152/2121/3 1153/7090/3 1150/2122/3
f 1153/2123/1 728/1240/1 727/1242/1
f 728/1237/5 1151/7091/5 1136/2125/5
f 1154/2126/6 1155/2147/6 1143/2127/6
f 1147/2128/4 1157/2148/4 1156/2129/4
f 1146/2130/111 1156/2150/111 1154/2131/111
f 1156/2132/112 1157/7092/112 1155/2133/112
f 1157/2135/113 1147/2106/113 1143/2108/113
f 1158/2137/6 1159/2158/6 1150/2138/6
f 1153/2139/4 1161/2159/4 1160/2140/4
f 1152/2121/111 1160/2142/111 1158/2141/111
f 1160/2142/3 1161/7093/3 1159/2143/3
f 1161/2144/1 1153/2123/1 1150/2124/1
f 1162/2146/6 1163/2167/6 1155/2147/6
f 1157/2148/4 1165/2169/4 1164/2149/4
f 1156/2150/114 1164/7094/114 1162/2151/114
f 1164/2152/115 1165/7095/115 1163/2153/115
f 1165/2155/116 1157/2135/116 1155/2136/116
f 1166/2157/6 1167/2179/6 1159/2158/6
f 1161/2159/4 1169/2180/4 1168/2160/4
f 1160/2142/114 1168/2162/114 1166/2161/114
f 1168/2162/3 1169/7096/3 1167/2163/3
f 1169/2164/1 1161/2144/1 1159/2145/1
f 1162/2146/6 1170/2190/6 1171/2166/6
f 1173/2168/4 1172/2193/4 1164/2149/4
f 1164/2170/117 1172/2194/117 1170/2171/117
f 1172/2173/118 1173/7097/118 1171/2174/118
f 1173/2176/119 1165/7095/119 1163/2153/119
f 1174/2178/6 1175/2202/6 1167/2179/6
f 1169/2180/4 1177/2203/4 1176/2181/4
f 1168/2182/117 1176/2205/117 1174/2183/117
f 1176/2185/3 1177/7098/3 1175/2186/3
f 1177/2188/1 1169/2164/1 1167/2165/1
f 1170/2190/6 1178/2213/6 1179/2191/6
f 1181/2192/4 1180/2215/4 1172/2193/4
f 1172/2194/120 1180/2216/120 1178/2195/120
f 1180/2196/121 1181/7099/121 1179/2197/121
f 1181/2199/122 1173/2176/122 1171/2177/122
f 1182/2201/6 1183/2224/6 1175/2202/6
f 1177/2203/4 1185/2225/4 1184/2204/4
f 1176/2205/120 1184/2227/120 1182/2206/120
f 1184/2207/3 1185/7100/3 1183/2208/3
f 1185/2210/1 1177/2188/1 1175/2189/1
f 1186/2212/6 1187/2235/6 1179/2191/6
f 1181/2192/4 1189/2237/4 1188/2214/4
f 1180/2216/123 1188/2238/123 1186/2217/123
f 1188/2218/124 1189/7101/124 1187/2219/124
f 1189/2221/125 1181/2199/125 1179/2200/125
f 1190/2223/6 1191/2246/6 1183/2224/6
f 1185/2225/4 1193/2248/4 1192/2226/4
f 1184/2227/123 1192/2249/123 1190/2228/123
f 1192/2229/3 1193/7102/3 1191/2230/3
f 1193/2232/1 1185/2210/1 1183/2211/1
f 1194/2234/6 1195/2257/6 1187/2235/6
f 1197/2236/4 1196/2259/4 1188/2214/4
f 1188/2238/7 1196/2260/7 1194/2239/7
f 1196/2240/108 1197/7103/108 1195/2241/108
f 1197/2243/1 1189/2221/1 1187/2222/1
f 1198/2245/6 1199/2268/6 1191/2246/6
f 1201/2247/4 1200/2270/4 1192/2226/4
f 1192/2249/7 1200/2271/7 1198/2250/7
f 1200/2251/3 1201/7104/3 1199/2252/3
f 1201/2254/1 1193/2232/1 1191/2233/1
f 1194/2234/6 1202/2279/6 1203/2256/6
f 1205/2258/4 1204/2281/4 1196/2259/4
f 1196/2260/126 1204/2282/126 1202/2261/126
f 1204/2262/111 1205/7105/111 1203/2263/111
f 1205/2265/109 1197/2243/109 1195/2244/109
f 1198/2245/6 1206/2289/6 1207/2267/6
f 1209/2269/4 1208/2292/4 1200/2270/4
f 1200/2271/126 1208/2293/126 1206/2272/126
f 1208/2273/3 1209/7106/3 1207/2274/3
f 1209/2276/1 1201/2254/1 1199/2255/1
f 1210/2278/6 1211/2301/6 1203/2256/6
f 1205/2258/4 1213/2302/4 1212/2280/4
f 1204/2282/127 1212/2304/127 1210/2283/127
f 1212/2284/114 1213/7107/114 1211/2285/114
f 1213/2287/112 1205/2265/112 1203/2266/112
f 1206/2289/6 1214/2310/6 1215/2290/6
f 1217/2291/4 1216/2313/4 1208/2292/4
f 1208/2293/127 1216/2314/127 1214/2294/127
f 1216/2295/3 1217/7108/3 1215/2296/3
f 1217/2298/1 1209/2276/1 1207/2277/1
f 1218/2300/6 1219/2322/6 1211/2301/6
f 1213/2302/4 1221/2324/4 1220/2303/4
f 1212/2304/128 1220/2306/128 1218/2305/128
f 1220/2306/117 1221/7109/117 1219/2307/117
f 1221/2308/115 1213/2287/115 1211/2288/115
f 1214/2310/6 1222/2334/6 1223/2311/6
f 1225/2312/4 1224/2337/4 1216/2313/4
f 1216/2314/128 1224/7110/128 1222/2315/128
f 1224/2316/3 1225/7111/3 1223/2317/3
f 1225/2319/1 1217/2298/1 1215/2299/1
f 1218/2300/6 1226/2346/6 1227/2321/6
f 1229/2323/4 1228/2349/4 1220/2303/4
f 1220/2325/129 1228/2350/129 1226/2326/129
f 1228/2328/120 1229/7112/120 1227/2329/120
f 1229/2331/118 1221/7113/118 1219/2332/118
f 1222/2334/6 1230/2357/6 1231/2335/6
f 1233/2336/4 1232/2360/4 1224/2337/4
f 1224/2338/129 1232/2361/129 1230/2339/129
f 1232/2341/3 1233/7114/3 1231/2342/3
f 1233/2344/1 1225/2319/1 1223/2320/1
f 1226/2346/6 1234/2368/6 1235/2347/6
f 1237/2348/4 1236/2371/4 1228/2349/4
f 1228/2350/130 1236/2372/130 1234/2351/130
f 1236/2352/123 1237/7115/123 1235/2353/123
f 1237/2355/121 1229/2331/121 1227/2333/121
f 1230/2357/6 1238/2379/6 1239/2358/6
f 1241/2359/4 1240/2382/4 1232/2360/4
f 1232/2361/130 1240/2383/130 1238/2362/130
f 1240/2363/3 1241/7116/3 1239/2364/3
f 1241/2366/1 1233/2344/1 1231/2345/1
f 1234/2368/6 1242/7117/6 1243/2369/6
f 1245/2370/4 1244/7118/4 1236/2371/4
f 1236/2372/131 1244/7119/131 1242/2373/131
f 1244/2374/7 1245/7120/7 1243/2375/7
f 1245/2377/124 1237/2355/124 1235/2356/124
f 1238/2379/6 1105/7121/6 717/2380/6
f 716/2381/4 1246/7122/4 1240/2382/4
f 1240/2383/131 1246/7123/131 1105/2384/131
f 1246/2385/3 716/7124/3 717/2386/3
f 716/2388/1 1241/2366/1 1239/2367/1
f 1267/2407/132 1268/7125/132 1266/2408/132
f 1271/2410/4 1272/7126/4 1268/2411/4
f 1269/2413/133 1270/7127/133 1272/2414/133
f 1265/2416/3 1269/7128/3 1271/2417/3
f 1266/2419/5 1268/7129/5 1272/2420/5
f 1277/2426/17 1276/2425/17 1273/2446/17
f 1282/2448/37 1284/7130/37 1275/2424/37
f 1284/2433/18 1283/2432/18 1279/2449/18
f 1281/2430/28 1280/2429/28 1278/2451/28
f 1295/2453/19 1294/7131/19 1285/2434/19
f 1288/2437/20 1290/2439/20 1287/2436/20
f 1291/2454/21 1293/2456/21 1290/2439/21
f 1296/2455/29 1295/2453/29 1293/2456/29
f 1286/2458/22 1285/7132/22 1274/2423/22
f 1289/2459/23 1288/7133/23 1276/2425/23
f 1292/2441/38 1291/2440/38 1280/2429/38
f 1294/2443/25 1296/2445/25 1283/2432/25
f 1276/2425/3 1288/7133/3 1286/2460/3
f 1284/2461/7 1281/7134/7 1277/2462/7
f 1274/2423/6 1285/7132/6 1294/2464/6
f 1280/2429/4 1291/2440/4 1289/2465/4
f 1283/2432/5 1296/2445/5 1292/2466/5
f 1290/2439/1 1293/2456/1 1295/2453/1
f 1315/2479/19 1314/7135/19 1305/2467/19
f 1311/2480/21 1313/7136/21 1310/2472/21
f 1306/2481/22 1305/7137/22 1298/2482/22
f 1309/2484/23 1308/7138/23 1299/2485/23
f 1312/2474/38 1311/2473/38 1302/2487/38
f 1314/2476/25 1316/2478/25 1304/2489/25
f 1299/2485/3 1308/7138/3 1306/2491/3
f 1298/2482/6 1305/7137/6 1314/2493/6
f 1302/2487/4 1311/2473/4 1309/2495/4
f 1304/2489/5 1316/2478/5 1312/2497/5
f 1321/2503/17 1320/2502/17 1317/2523/17
f 1326/2525/37 1328/7139/37 1319/2501/37
f 1328/2510/18 1327/2509/18 1323/2526/18
f 1325/2507/28 1324/2506/28 1322/2528/28
f 1339/2530/19 1338/7140/19 1329/2511/19
f 1332/2514/20 1334/2516/20 1331/2513/20
f 1335/2531/21 1337/2533/21 1334/2516/21
f 1340/2532/29 1339/2530/29 1337/2533/29
f 1330/2535/22 1329/7141/22 1318/2500/22
f 1333/2536/23 1332/7142/23 1320/2502/23
f 1336/2518/38 1335/2517/38 1324/2506/38
f 1338/2520/25 1340/2522/25 1327/2509/25
f 1320/2502/3 1332/7142/3 1330/2537/3
f 1328/2538/7 1325/2679/7 1321/2539/7
f 1318/2500/6 1329/7141/6 1338/2541/6
f 1324/2506/4 1335/2517/4 1333/2542/4
f 1327/2509/5 1340/2522/5 1336/2543/5
f 1334/2516/1 1337/2533/1 1339/2530/1
f 1356/2546/21 1349/7143/21 1350/2551/21
f 1350/2551/21 1351/2553/21 1352/2544/21
f 1352/2544/21 1353/7144/21 1354/2545/21
f 1354/2545/21 1355/7145/21 1356/2546/21
f 1356/2546/21 1350/2551/21 1352/2544/21
f 1341/2547/139 1342/7146/139 1350/2548/139
f 1343/2550/140 1351/2553/140 1350/2551/140
f 1343/2550/141 1344/7147/141 1352/2544/141
f 1344/2554/142 1345/2558/142 1353/2555/142
f 1346/2557/143 1354/7148/143 1353/2555/143
f 1346/2559/144 1347/7149/144 1355/2560/144
f 1347/2562/145 1348/7150/145 1356/2563/145
f 1348/2565/146 1341/2547/146 1349/2549/146
f 1361/2571/17 1360/2570/17 1357/2585/17
f 1366/2587/37 1368/7151/37 1359/2569/37
f 1368/2575/18 1367/2574/18 1363/2588/18
f 1365/2590/28 1364/2605/28 1362/2591/28
f 1379/2593/19 1378/7152/19 1369/2576/19
f 1372/2579/20 1374/2581/20 1371/2578/20
f 1375/2594/21 1377/2596/21 1374/2581/21
f 1380/2595/29 1379/2593/29 1377/2596/29
f 1370/2598/22 1369/7153/22 1358/2568/22
f 1373/2599/23 1372/7154/23 1360/2570/23
f 1378/2582/25 1380/2584/25 1367/2574/25
f 1360/2570/3 1372/7154/3 1370/2600/3
f 1368/2601/7 1365/7155/7 1361/2602/7
f 1358/2568/6 1369/7153/6 1378/2604/6
f 1364/2605/4 1375/7156/4 1373/2606/4
f 1367/2574/5 1380/2584/5 1376/2607/5
f 1374/2581/1 1377/2596/1 1379/2593/1
f 1399/2620/19 1398/7157/19 1389/2608/19
f 1395/2621/21 1397/7158/21 1394/2613/21
f 1390/2622/22 1389/7159/22 1382/2623/22
f 1393/2625/23 1392/7160/23 1383/2626/23
f 1396/2615/38 1395/2614/38 1386/2628/38
f 1398/2617/25 1400/2619/25 1388/2630/25
f 1383/2626/3 1392/7160/3 1390/2632/3
f 1382/2623/6 1389/7159/6 1398/2634/6
f 1386/2628/4 1395/2614/4 1393/2636/4
f 1388/2630/5 1400/2619/5 1396/2638/5
f 1405/2644/17 1404/2643/17 1401/2663/17
f 1410/2665/37 1412/7161/37 1403/2642/37
f 1412/2651/18 1411/2650/18 1407/2666/18
f 1409/2648/28 1408/2647/28 1406/2668/28
f 1423/2670/19 1422/7162/19 1413/2652/19
f 1416/2654/20 1418/2656/20 1415/2653/20
f 1419/2671/21 1421/2673/21 1418/2656/21
f 1424/2672/29 1423/2670/29 1421/2673/29
f 1414/2675/22 1413/7163/22 1402/2641/22
f 1417/2676/23 1416/7164/23 1404/2643/23
f 1420/2658/38 1419/2657/38 1408/2647/38
f 1422/2660/25 1424/2662/25 1411/2650/25
f 1404/2643/3 1416/7164/3 1414/2677/3
f 1412/2678/7 1409/7165/7 1405/2679/7
f 1402/2641/6 1413/7163/6 1422/2681/6
f 1408/2647/4 1419/2657/4 1417/2682/4
f 1411/2650/5 1424/2662/5 1420/2683/5
f 1418/2656/1 1421/2673/1 1423/2670/1
f 1440/2686/21 1433/7166/21 1434/2692/21
f 1434/2692/21 1435/2691/21 1436/2684/21
f 1436/2684/21 1437/7167/21 1438/2685/21
f 1438/2685/21 1439/7168/21 1440/2686/21
f 1440/2686/21 1434/2692/21 1436/2684/21
f 1425/2687/139 1426/7169/139 1434/2688/139
f 1426/2690/140 1427/2693/140 1435/2691/140
f 1427/2693/141 1428/7170/141 1436/2684/141
f 1428/2694/142 1429/2698/142 1437/2695/142
f 1430/2697/143 1438/7171/143 1437/2695/143
f 1431/2699/144 1439/7172/144 1438/2700/144
f 1432/2702/145 1440/7173/145 1439/2703/145
f 1432/2705/146 1425/2687/146 1433/2689/146
f 1445/2719/17 1444/2731/17 1441/2720/17
f 1448/2722/37 1450/7174/37 1443/2709/37
f 1450/2712/71 1449/2711/71 1446/2723/71
f 1459/2725/19 1458/7175/19 1451/2713/19
f 1454/2726/20 1455/2738/20 1453/2715/20
f 1460/2727/29 1459/2725/29 1457/2728/29
f 1452/2730/22 1451/7176/22 1442/2708/22
f 1458/2716/25 1460/2718/25 1449/2711/25
f 1444/2731/3 1454/7177/3 1452/2732/3
f 1450/2733/7 1447/7178/7 1445/2734/7
f 1442/2708/6 1451/7176/6 1458/2736/6
f 1449/2711/5 1460/2718/5 1456/2737/5
f 1455/2738/1 1457/2728/1 1459/2725/1
f 1464/2739/7 1463/2779/7 1462/2740/7
f 1466/2742/1 1467/2780/1 1468/2743/1
f 1462/2745/3 1466/2760/3 1465/2746/3
f 1463/2748/4 1467/2762/4 1466/2749/4
f 1464/2751/5 1468/2764/5 1467/2752/5
f 1461/2754/6 1465/7179/6 1468/2755/6
f 1470/2757/1 1471/7180/1 1472/2758/1
f 1466/2760/3 1470/2771/3 1469/2761/3
f 1467/2762/4 1471/2773/4 1470/2763/4
f 1468/2764/5 1472/2775/5 1471/2765/5
f 1468/2755/6 1465/7179/6 1469/2766/6
f 1474/2768/1 1475/2791/1 1476/2769/1
f 1470/2771/3 1474/7181/3 1473/2772/3
f 1471/2773/4 1475/2794/4 1474/2774/4
f 1472/2775/5 1476/7182/5 1475/2776/5
f 1469/2766/6 1473/7183/6 1476/2777/6
f 1478/2778/7 1477/2801/7 1463/2779/7
f 1467/2780/1 1479/2802/1 1480/2781/1
f 1477/2782/4 1479/2805/4 1467/2762/4
f 1478/2783/5 1480/7184/5 1479/2784/5
f 1464/2756/6 1468/2755/6 1480/2786/6
f 1482/2788/7 1481/7185/7 1471/2789/7
f 1475/2791/1 1483/2821/1 1484/2792/1
f 1481/2793/4 1483/2824/4 1475/2794/4
f 1482/2795/5 1484/7186/5 1483/2796/5
f 1472/2767/6 1476/2777/6 1484/2798/6
f 1490/2800/7 1485/2829/7 1477/2801/7
f 1479/2802/1 1486/2830/1 1487/2803/1
f 1485/2804/4 1486/2817/4 1479/2805/4
f 1490/2806/5 1487/2818/5 1486/2807/5
f 1478/2787/6 1480/2786/6 1487/2809/6
f 1481/2811/1 1488/7187/1 1489/2812/1
f 1479/2814/3 1481/7188/3 1482/2815/3
f 1486/2817/4 1488/2823/4 1481/2793/4
f 1487/2818/5 1489/2825/5 1488/2819/5
f 1480/2786/6 1482/2799/6 1489/2820/6
f 1483/2821/1 1498/2841/1 1497/2822/1
f 1488/2823/4 1498/2844/4 1483/2824/4
f 1489/2825/5 1497/7189/5 1498/2826/5
f 1489/2820/6 1482/2799/6 1484/2798/6
f 1492/2828/7 1491/2851/7 1485/2829/7
f 1486/2830/1 1493/2852/1 1494/2831/1
f 1491/2832/4 1493/2855/4 1486/2817/4
f 1492/2833/5 1494/7190/5 1493/2834/5
f 1490/2810/6 1487/2809/6 1494/2836/6
f 1496/2838/7 1495/7191/7 1488/2839/7
f 1498/2841/1 1499/2871/1 1500/2842/1
f 1495/2843/4 1499/2874/4 1498/2844/4
f 1496/2845/5 1500/7192/5 1499/2846/5
f 1496/2848/6 1489/2820/6 1497/2827/6
f 1502/2850/7 1501/7193/7 1491/2851/7
f 1493/2852/1 1503/7194/1 1504/2853/1
f 1501/2854/4 1503/2867/4 1493/2855/4
f 1502/2856/5 1504/2868/5 1503/2857/5
f 1502/2859/6 1492/2837/6 1494/2836/6
f 1495/2861/1 1505/7195/1 1506/2862/1
f 1493/2864/3 1495/7196/3 1496/2865/3
f 1503/2867/4 1505/2873/4 1495/2843/4
f 1504/2868/5 1506/2875/5 1505/2869/5
f 1494/2836/6 1496/2848/6 1506/2870/6
f 1499/2871/1 1507/7197/1 1508/2872/1
f 1505/2873/4 1507/7198/4 1499/2874/4
f 1506/2875/5 1508/7199/5 1507/2876/5
f 1506/2870/6 1496/2848/6 1500/2849/6
f 1512/2878/7 1511/7200/7 1510/2879/7
f 1514/2881/1 1515/7201/1 1516/2882/1
f 1510/2884/3 1514/7202/3 1513/2885/3
f 1511/2887/4 1515/7203/4 1514/2888/4
f 1512/2890/5 1516/7204/5 1515/2891/5
f 1509/2893/6 1513/7205/6 1516/2894/6
f 1520/2896/7 1519/7206/7 1518/2897/7
f 1522/2899/1 1523/3608/1 1524/2900/1
f 1518/2902/3 1522/7207/3 1521/2903/3
f 1519/2905/4 1523/7208/4 1522/2906/4
f 1520/2908/5 1524/7209/5 1523/2909/5
f 1517/2911/6 1521/7210/6 1524/2912/6
f 1527/2914/7 1536/7211/7 1526/2915/7
f 1529/2917/1 1530/7212/1 1531/2918/1
f 1526/2920/3 1529/7213/3 1528/2921/3
f 1536/2923/4 1530/7214/4 1529/2924/4
f 1527/2926/5 1531/7215/5 1530/2927/5
f 1525/2929/6 1528/7216/6 1531/2930/6
f 1535/2932/7 1534/7217/7 1533/2933/7
f 1526/2935/1 1536/7218/1 1502/2936/1
f 1532/2938/3 1533/7219/3 1526/2939/3
f 1534/2941/4 1536/2923/4 1526/2925/4
f 1535/2943/5 1502/7220/5 1536/2944/5
f 1532/2946/6 1461/7221/6 1502/2947/6
f 1539/2949/153 1540/2953/153 1538/2950/153
f 1541/2952/154 1542/7222/154 1540/2953/154
f 1547/2954/4 1548/7223/4 1542/2955/4
f 1545/2957/155 1546/2961/155 1548/2958/155
f 1543/2960/156 1544/7224/156 1546/2961/156
f 1537/2962/6 1538/7225/6 1544/2963/6
f 1537/2965/3 1543/7226/3 1545/2966/3
f 1545/2966/3 1547/7227/3 1541/2968/3
f 1538/2969/5 1540/2973/5 1546/2970/5
f 1542/2972/5 1548/7228/5 1546/2970/5
f 1558/2980/7 1557/7229/7 1556/2981/7
f 1560/2983/1 1561/7230/1 1562/2980/1
f 1556/2985/3 1560/7231/3 1559/2986/3
f 1557/2988/4 1561/7232/4 1560/2989/4
f 1558/2991/5 1562/7233/5 1561/2992/5
f 1555/2994/6 1559/7234/6 1562/2995/6
f 1567/3012/17 1566/3024/17 1563/3013/17
f 1574/3015/18 1573/3026/18 1569/3016/18
f 1585/3018/19 1584/7235/19 1575/3000/19
f 1578/3003/87 1580/3005/87 1577/3002/87
f 1581/3019/21 1583/7236/21 1580/3005/21
f 1576/3020/22 1575/7237/22 1564/3021/22
f 1579/3023/23 1578/7238/23 1566/3024/23
f 1582/3007/38 1581/3006/38 1570/2998/38
f 1584/3009/25 1586/3011/25 1573/3026/25
f 1566/3024/3 1578/7238/3 1576/3028/3
f 1574/3029/7 1571/7239/7 1567/3030/7
f 1564/3021/6 1575/7237/6 1584/3032/6
f 1570/2998/4 1581/3006/4 1579/3034/4
f 1573/3026/5 1586/3011/5 1582/3036/5
f 1591/3038/17 1590/3037/17 1587/3054/17
f 1598/3056/18 1597/3070/18 1593/3057/18
f 1595/3042/28 1594/3041/28 1592/3059/28
f 1609/3061/19 1608/7240/19 1599/3043/19
f 1605/3062/21 1607/7241/21 1604/3048/21
f 1610/3063/88 1609/7242/88 1607/3064/88
f 1600/3066/22 1599/7243/22 1588/3067/22
f 1603/3069/23 1602/7244/23 1590/3037/23
f 1606/3050/38 1605/3049/38 1594/3041/38
f 1608/3051/25 1610/3053/25 1597/3070/25
f 1590/3037/3 1602/7244/3 1600/3072/3
f 1598/3073/7 1595/7245/7 1591/3074/7
f 1588/3067/6 1599/7243/6 1608/3076/6
f 1594/3041/4 1605/3049/4 1603/3078/4
f 1597/3070/5 1610/3053/5 1606/3079/5
f 1615/3084/17 1614/3083/17 1611/3104/17
f 1620/3106/37 1622/7246/37 1613/3082/37
f 1622/3091/18 1621/3090/18 1617/3107/18
f 1619/3088/28 1618/3087/28 1616/3109/28
f 1633/3111/19 1632/7247/19 1623/3092/19
f 1626/3095/334 1628/3097/334 1625/3094/334
f 1629/3112/21 1631/3114/21 1628/3097/21
f 1634/3113/29 1633/3111/29 1631/3114/29
f 1624/3116/22 1623/7248/22 1612/3081/22
f 1627/3117/23 1626/7249/23 1614/3083/23
f 1630/3099/38 1629/3098/38 1618/3087/38
f 1632/3101/25 1634/3103/25 1621/3090/25
f 1614/3083/3 1626/7249/3 1624/3118/3
f 1622/3119/7 1619/7250/7 1615/3120/7
f 1612/3081/6 1623/7248/6 1632/3122/6
f 1618/3087/4 1629/3098/4 1627/3123/4
f 1621/3090/5 1634/3103/5 1630/3124/5
f 1628/3097/1 1631/3114/1 1633/3111/1
f 1639/3146/17 1638/3160/17 1635/3147/17
f 1644/3149/37 1646/7251/37 1637/3127/37
f 1646/3133/18 1645/3132/18 1641/3150/18
f 1643/3130/28 1642/3129/28 1640/3152/28
f 1657/3154/19 1656/7252/19 1647/3134/19
f 1650/3137/20 1652/3139/20 1649/3136/20
f 1653/3155/21 1655/3157/21 1652/3139/21
f 1658/3156/29 1657/3154/29 1655/3157/29
f 1648/3159/22 1647/7253/22 1636/3126/22
f 1654/3141/38 1653/3140/38 1642/3129/38
f 1656/3143/25 1658/3145/25 1645/3132/25
f 1638/3160/3 1650/7254/3 1648/3161/3
f 1646/3162/7 1643/7255/7 1639/3163/7
f 1636/3126/6 1647/7253/6 1656/3165/6
f 1642/3129/4 1653/3140/4 1651/3166/4
f 1645/3132/5 1658/3145/5 1654/3167/5
f 1652/3139/1 1655/3157/1 1657/3154/1
f 1662/3168/7 1661/7256/7 1660/3169/7
f 1664/3171/1 1665/7257/1 1666/3172/1
f 1660/3174/89 1664/7258/89 1663/3175/89
f 1661/3177/90 1665/7259/90 1664/3178/90
f 1662/3180/91 1666/7260/91 1665/3181/91
f 1659/3183/92 1663/7261/92 1666/3184/92
f 1670/3186/7 1669/7262/7 1668/3187/7
f 1672/3189/1 1673/7263/1 1674/3190/1
f 1668/3192/45 1672/7264/45 1671/3193/45
f 1669/3195/46 1673/7265/46 1672/3196/46
f 1670/3198/47 1674/7266/47 1673/3199/47
f 1667/3201/48 1671/7267/48 1674/3202/48
f 1679/3205/17 1678/3204/17 1675/3222/17
f 1686/3224/18 1685/3235/18 1681/3225/18
f 1683/3209/28 1682/3208/28 1680/3227/28
f 1697/3229/19 1696/7268/19 1687/3210/19
f 1690/3213/20 1692/3215/20 1689/3212/20
f 1693/3230/21 1695/7269/21 1692/3215/21
f 1688/3231/22 1687/7270/22 1676/3232/22
f 1691/3234/23 1690/7271/23 1678/3204/23
f 1694/3217/38 1693/3216/38 1682/3208/38
f 1696/3219/25 1698/3221/25 1685/3235/25
f 1678/3204/3 1690/7271/3 1688/3237/3
f 1686/3238/7 1683/3030/7 1679/3239/7
f 1676/3232/6 1687/7270/6 1696/3241/6
f 1682/3208/4 1693/3216/4 1691/3243/4
f 1685/3235/5 1698/3221/5 1694/3244/5
f 1703/3246/17 1702/3245/17 1699/3263/17
f 1710/3265/18 1709/3279/18 1705/3266/18
f 1707/3250/28 1706/3249/28 1704/3268/28
f 1721/3270/19 1720/7272/19 1711/3251/19
f 1717/3271/21 1719/7273/21 1716/3256/21
f 1722/3272/29 1721/7274/29 1719/3273/29
f 1712/3275/22 1711/7275/22 1700/3276/22
f 1715/3278/23 1714/7276/23 1702/3245/23
f 1718/3258/38 1717/3257/38 1706/3249/38
f 1720/3260/25 1722/3262/25 1709/3279/25
f 1702/3245/3 1714/7276/3 1712/3281/3
f 1710/3282/7 1707/7277/7 1703/3283/7
f 1700/3276/6 1711/7275/6 1720/3285/6
f 1706/3249/4 1717/3257/4 1715/3287/4
f 1709/3279/5 1722/3262/5 1718/3288/5
f 1727/3293/17 1726/3292/17 1723/3313/17
f 1732/3315/37 1734/7278/37 1725/3291/37
f 1734/3300/18 1733/3299/18 1729/3316/18
f 1731/3297/28 1730/3296/28 1728/3318/28
f 1745/3320/19 1744/7279/19 1735/3301/19
f 1738/3304/20 1740/3306/20 1737/3303/20
f 1741/3321/21 1743/3323/21 1740/3306/21
f 1746/3322/29 1745/3320/29 1743/3323/29
f 1736/3325/22 1735/7280/22 1724/3290/22
f 1739/3326/23 1738/7281/23 1726/3292/23
f 1742/3308/38 1741/3307/38 1730/3296/38
f 1744/3310/25 1746/3312/25 1733/3299/25
f 1726/3292/3 1738/7281/3 1736/3327/3
f 1734/3328/7 1731/7282/7 1727/3329/7
f 1724/3290/6 1735/7280/6 1744/3331/6
f 1730/3296/4 1741/3307/4 1739/3332/4
f 1733/3299/5 1746/3312/5 1742/3333/5
f 1740/3306/1 1743/3323/1 1745/3320/1
f 1751/3338/17 1750/3337/17 1747/3358/17
f 1756/3360/37 1758/7283/37 1749/3336/37
f 1758/3345/18 1757/3344/18 1753/3361/18
f 1755/3342/28 1754/3341/28 1752/3363/28
f 1769/3365/19 1768/7284/19 1759/3346/19
f 1762/3349/20 1764/3351/20 1761/3348/20
f 1765/3366/21 1767/3368/21 1764/3351/21
f 1770/3367/29 1769/3365/29 1767/3368/29
f 1760/3370/22 1759/7285/22 1748/3335/22
f 1763/3371/23 1762/7286/23 1750/3337/23
f 1766/3353/38 1765/3352/38 1754/3341/38
f 1768/3355/25 1770/3357/25 1757/3344/25
f 1750/3337/3 1762/7286/3 1760/3372/3
f 1758/3373/7 1755/7287/7 1751/3374/7
f 1748/3335/6 1759/7285/6 1768/3376/6
f 1754/3341/4 1765/3352/4 1763/3377/4
f 1757/3344/5 1770/3357/5 1766/3378/5
f 1764/3351/1 1767/3368/1 1769/3365/1
f 1772/3379/6 1773/7288/6 1774/3380/6
f 1778/3382/7 1777/7289/7 1776/3383/7
f 1780/3385/1 1781/7290/1 1782/3386/1
f 1776/3388/89 1780/7291/89 1779/3389/89
f 1777/3391/90 1781/7292/90 1780/3392/90
f 1778/3394/91 1782/7293/91 1781/3395/91
f 1775/3397/92 1779/7294/92 1782/3398/92
f 1786/3400/7 1785/3921/7 1784/3401/7
f 1788/3403/1 1789/7295/1 1790/3404/1
f 1784/3406/45 1788/7296/45 1787/3407/45
f 1785/3409/46 1789/7297/46 1788/3410/46
f 1786/3412/47 1790/7298/47 1789/3413/47
f 1783/3415/48 1787/7299/48 1790/3416/48
f 1794/3418/7 1793/7300/7 1792/3419/7
f 1796/3421/1 1797/2962/1 1798/3422/1
f 1792/3424/3 1796/7301/3 1795/3425/3
f 1793/3427/4 1797/7302/4 1796/3428/4
f 1794/3430/5 1798/7303/5 1797/3431/5
f 1791/3433/6 1795/7304/6 1798/3434/6
f 1802/3436/7 1801/7305/7 1800/3437/7
f 1800/3439/3 1804/7306/3 1803/3440/3
f 1801/3442/4 1805/7307/4 1804/3443/4
f 1802/3445/5 1806/7308/5 1805/3446/5
f 1799/3448/6 1803/7309/6 1806/3449/6
f 1810/3451/7 1809/7310/7 1808/3452/7
f 1812/3454/1 1813/7311/1 1814/3455/1
f 1808/3457/3 1812/7312/3 1811/3458/3
f 1809/3460/4 1813/7313/4 1812/3461/4
f 1810/3463/5 1814/7314/5 1813/3464/5
f 1807/3466/6 1811/7315/6 1814/3467/6
f 1825/3469/7 1826/3508/7 1816/3470/7
f 1818/3472/1 1819/3509/1 1827/3473/1
f 1816/3475/3 1818/7316/3 1817/3476/3
f 1826/3478/4 1819/3490/4 1818/3479/4
f 1825/3481/5 1827/3492/5 1819/3482/5
f 1815/3484/6 1817/7317/6 1827/3485/6
f 1821/3487/1 1829/7318/1 1822/3488/1
f 1819/3490/4 1829/3502/4 1821/3491/4
f 1827/3492/5 1822/3504/5 1829/3493/5
f 1827/3485/6 1817/7317/6 1820/3494/6
f 1824/3496/1 1833/3520/1 1832/3497/1
f 1821/3499/3 1824/7319/3 1823/3500/3
f 1829/3502/4 1833/3523/4 1824/3503/4
f 1822/3504/5 1832/7320/5 1833/3505/5
f 1820/3494/6 1823/7321/6 1832/3506/6
f 1834/3507/7 1835/3530/7 1826/3508/7
f 1819/3509/1 1828/3531/1 1838/3510/1
f 1835/3511/4 1828/3534/4 1819/3490/4
f 1834/3512/5 1838/7322/5 1828/3513/5
f 1825/3486/6 1827/3485/6 1838/3515/6
f 1831/3517/7 1830/7323/7 1829/3518/7
f 1833/3520/1 1844/3551/1 1843/3521/1
f 1829/3502/4 1830/3547/4 1844/3522/4
f 1831/3524/5 1843/7324/5 1844/3525/5
f 1822/3495/6 1832/3506/6 1843/3527/6
f 1837/3529/7 1836/3558/7 1835/3530/7
f 1828/3531/1 1839/3559/1 1840/3532/1
f 1836/3533/4 1839/3546/4 1828/3534/4
f 1837/3535/5 1840/3548/5 1839/3536/5
f 1837/3538/6 1834/3516/6 1838/3515/6
f 1830/3540/1 1841/7325/1 1842/3541/1
f 1828/3543/3 1830/7326/3 1831/3544/3
f 1839/3546/4 1841/3570/4 1830/3547/4
f 1840/3548/5 1842/3554/5 1841/3549/5
f 1838/3515/6 1831/3528/6 1842/3550/6
f 1844/3551/1 1845/3567/1 1846/3552/1
f 1830/3547/4 1841/3570/4 1845/3553/4
f 1842/3554/5 1846/7327/5 1845/3555/5
f 1831/3528/6 1843/3527/6 1846/3556/6
f 1847/3557/7 1848/3577/7 1836/3558/7
f 1839/3559/1 1852/3578/1 1851/3560/1
f 1848/3561/4 1852/3584/4 1839/3546/4
f 1837/3538/6 1840/3539/6 1851/3562/6
f 1855/3564/7 1856/7328/7 1841/3565/7
f 1845/3567/1 1860/3597/1 1859/3568/1
f 1856/3569/4 1860/3600/4 1845/3553/4
f 1855/3571/5 1859/7329/5 1860/3572/5
f 1842/3550/6 1846/3556/6 1859/3574/6
f 1850/3576/7 1849/7330/7 1848/3577/7
f 1852/3578/1 1853/7331/1 1854/3579/1
f 1848/3580/3 1852/3593/3 1851/3581/3
f 1849/3583/4 1853/3595/4 1852/3584/4
f 1850/3585/5 1854/7332/5 1853/3586/5
f 1847/3563/6 1851/3562/6 1854/3588/6
f 1856/3590/1 1857/7333/1 1858/3591/1
f 1852/3593/3 1856/7334/3 1855/3594/3
f 1853/3595/4 1857/3599/4 1856/3569/4
f 1851/3562/6 1855/3575/6 1858/3596/6
f 1860/3597/1 1861/7335/1 1862/3598/1
f 1857/3599/4 1861/7336/4 1860/3600/4
f 1858/3601/5 1862/7337/5 1861/3602/5
f 1855/3575/6 1859/3574/6 1862/3604/6
f 1866/3605/7 1865/2897/7 1864/3606/7
f 1868/3608/1 1869/4348/1 1870/3609/1
f 1864/3611/3 1868/7338/3 1867/3612/3
f 1865/3614/4 1869/7339/4 1868/3615/4
f 1866/3617/5 1870/7340/5 1869/3618/5
f 1863/3620/6 1867/7341/6 1870/3621/6
f 1874/3623/7 1873/7342/7 1872/3624/7
f 1876/3626/1 1877/2899/1 1878/3627/1
f 1872/3629/3 1876/7343/3 1875/3630/3
f 1873/3632/4 1877/7344/4 1876/3633/4
f 1874/3635/5 1878/7345/5 1877/3636/5
f 1871/3638/6 1875/6768/6 1878/3639/6
f 1881/3641/7 1880/7346/7 1890/3642/7
f 1883/3644/1 1884/7347/1 1885/3645/1
f 1890/3647/3 1883/7348/3 1882/3648/3
f 1880/3650/4 1884/7349/4 1883/3651/4
f 1881/3653/5 1885/7350/5 1884/3654/5
f 1879/3656/6 1882/7351/6 1885/3657/6
f 1889/3659/7 1888/7352/7 1887/3660/7
f 1890/3662/1 1880/7353/1 1850/3663/1
f 1886/3665/3 1887/7354/3 1890/3666/3
f 1888/3668/4 1880/3650/4 1890/3652/4
f 1889/3670/5 1850/7355/5 1880/3671/5
f 1886/3673/6 1815/7356/6 1850/3674/6
f 1893/3676/164 1894/3680/164 1892/3677/164
f 1895/3679/165 1896/7357/165 1894/3680/165
f 1901/3681/4 1902/7358/4 1896/3682/4
f 1899/3684/166 1900/3688/166 1902/3685/166
f 1897/3687/167 1898/7359/167 1900/3688/167
f 1891/3689/6 1892/7360/6 1898/3690/6
f 1891/3692/3 1897/7361/3 1899/3693/3
f 1899/3693/3 1901/7362/3 1895/3695/3
f 1892/3696/5 1894/3700/5 1900/3697/5
f 1896/3699/5 1902/7363/5 1900/3697/5
f 1912/3707/7 1911/5491/7 1910/3708/7
f 1914/3710/1 1915/7364/1 1916/3711/1
f 1910/3713/3 1914/7365/3 1913/3714/3
f 1911/3716/4 1915/7366/4 1914/3717/4
f 1912/3719/5 1916/7367/5 1915/3720/5
f 1909/3722/6 1913/7368/6 1916/3723/6
f 1921/3740/17 1920/3752/17 1917/3741/17
f 1928/3743/18 1927/3754/18 1923/3744/18
f 1939/3746/19 1938/7369/19 1929/3728/19
f 1932/3731/20 1934/3733/20 1931/3730/20
f 1935/3747/21 1937/7370/21 1934/3733/21
f 1930/3748/22 1929/7371/22 1918/3749/22
f 1933/3751/23 1932/7372/23 1920/3752/23
f 1936/3735/38 1935/3734/38 1924/3726/38
f 1938/3737/25 1940/3739/25 1927/3754/25
f 1920/3752/3 1932/7372/3 1930/3756/3
f 1928/3757/7 1925/7373/7 1921/3758/7
f 1918/3749/6 1929/7371/6 1938/3760/6
f 1924/3726/4 1935/3734/4 1933/3762/4
f 1927/3754/5 1940/3739/5 1936/3764/5
f 1945/3766/17 1944/3765/17 1941/3782/17
f 1952/3784/18 1951/3797/18 1947/3785/18
f 1949/3736/28 1948/3769/28 1946/3787/28
f 1963/3789/19 1962/7374/19 1953/3770/19
f 1959/3790/21 1961/7375/21 1958/3775/21
f 1964/3791/29 1963/7376/29 1961/3792/29
f 1954/3793/22 1953/7377/22 1942/3794/22
f 1957/3796/23 1956/7378/23 1944/3765/23
f 1960/3777/38 1959/3776/38 1948/3769/38
f 1962/3779/25 1964/3781/25 1951/3797/25
f 1944/3765/3 1956/7378/3 1954/3799/3
f 1952/3800/7 1949/7379/7 1945/3801/7
f 1942/3794/6 1953/7377/6 1962/3803/6
f 1948/3769/4 1959/3776/4 1957/3805/4
f 1951/3797/5 1964/3781/5 1960/3806/5
f 1969/3811/17 1968/3810/17 1965/3831/17
f 1974/3833/37 1976/7380/37 1967/3809/37
f 1976/3818/18 1975/3817/18 1971/3834/18
f 1973/3815/28 1972/3814/28 1970/3836/28
f 1987/3838/19 1986/7381/19 1977/3819/19
f 1980/3822/20 1982/3824/20 1979/3821/20
f 1983/3839/21 1985/3841/21 1982/3824/21
f 1988/3840/29 1987/3838/29 1985/3841/29
f 1978/3843/22 1977/7382/22 1966/3808/22
f 1981/3844/23 1980/7383/23 1968/3810/23
f 1984/3826/38 1983/3825/38 1972/3814/38
f 1986/3828/25 1988/3830/25 1975/3817/25
f 1968/3810/3 1980/7383/3 1978/3845/3
f 1976/3846/7 1973/7384/7 1969/3847/7
f 1966/3808/6 1977/7382/6 1986/3849/6
f 1972/3814/4 1983/3825/4 1981/3850/4
f 1975/3817/5 1988/3830/5 1984/3851/5
f 1982/3824/1 1985/3841/1 1987/3838/1
f 1993/3873/17 1992/3887/17 1989/3874/17
f 1998/3876/37 2000/7385/37 1991/3854/37
f 2000/3860/18 1999/3859/18 1995/3877/18
f 1997/3857/28 1996/3856/28 1994/3879/28
f 2011/3881/19 2010/7386/19 2001/3861/19
f 2004/3864/20 2006/3866/20 2003/3863/20
f 2007/3882/21 2009/3884/21 2006/3866/21
f 2012/3883/29 2011/3881/29 2009/3884/29
f 2002/3886/22 2001/7387/22 1990/3853/22
f 2008/3868/38 2007/3867/38 1996/3856/38
f 2010/3870/25 2012/3872/25 1999/3859/25
f 1992/3887/3 2004/7388/3 2002/3888/3
f 2000/3889/7 1997/7389/7 1993/3890/7
f 1990/3853/6 2001/7387/6 2010/3892/6
f 1996/3856/4 2007/3867/4 2005/3893/4
f 1999/3859/5 2012/3872/5 2008/3894/5
f 2006/3866/1 2009/3884/1 2011/3881/1
f 2014/3895/6 2015/7390/6 2016/3896/6
f 2020/3898/7 2019/7391/7 2018/3899/7
f 2022/3901/1 2023/7392/1 2024/3902/1
f 2018/3904/89 2022/7393/89 2021/3905/89
f 2019/3907/90 2023/7394/90 2022/3908/90
f 2020/3910/91 2024/7395/91 2023/3911/91
f 2017/3913/92 2021/7396/92 2024/3914/92
f 2028/3916/7 2027/7397/7 2026/3917/7
f 2030/3919/1 2031/4631/1 2032/3920/1
f 2026/3922/45 2030/7398/45 2029/3923/45
f 2027/3925/46 2031/7399/46 2030/3926/46
f 2028/3928/47 2032/7400/47 2031/3929/47
f 2025/3931/48 2029/7401/48 2032/3932/48
f 2037/3935/79 2036/3934/79 2033/3952/79
f 2044/3954/18 2043/3965/18 2039/3955/18
f 2041/3939/28 2040/3938/28 2038/3957/28
f 2055/3959/19 2054/7402/19 2045/3940/19
f 2048/3943/20 2050/3945/20 2047/3942/20
f 2051/3960/21 2053/7403/21 2050/3945/21
f 2046/3961/22 2045/7404/22 2034/3962/22
f 2049/3964/23 2048/7405/23 2036/3934/23
f 2052/3947/38 2051/3946/38 2040/3938/38
f 2054/3949/25 2056/3951/25 2043/3965/25
f 2036/3934/3 2048/7405/3 2046/3967/3
f 2044/3968/7 2041/7406/7 2037/3969/7
f 2034/3962/6 2045/7404/6 2054/3971/6
f 2040/3938/4 2051/3946/4 2049/3973/4
f 2043/3965/5 2056/3951/5 2052/3974/5
f 2061/3976/17 2060/3975/17 2057/3990/17
f 2068/3992/18 2067/4006/18 2063/3993/18
f 2079/3995/19 2078/7407/19 2069/3978/19
f 2075/3996/21 2077/7408/21 2074/3983/21
f 2080/3997/88 2079/7409/88 2077/3998/88
f 2070/4000/22 2069/7410/22 2058/4001/22
f 2073/4003/23 2072/7411/23 2060/3975/23
f 2076/3985/38 2075/3984/38 2064/4004/38
f 2078/3987/25 2080/3989/25 2067/4006/25
f 2060/3975/3 2072/7411/3 2070/4008/3
f 2068/4009/7 2065/7412/7 2061/4010/7
f 2058/4001/6 2069/7410/6 2078/4012/6
f 2064/4004/4 2075/3984/4 2073/4014/4
f 2067/4006/5 2080/3989/5 2076/4016/5
f 2085/4021/17 2084/4020/17 2081/4041/17
f 2090/4043/37 2092/7413/37 2083/4019/37
f 2092/4028/18 2091/4027/18 2087/4044/18
f 2089/4025/28 2088/4024/28 2086/4046/28
f 2103/4048/19 2102/7414/19 2093/4029/19
f 2096/4032/20 2098/4034/20 2095/4031/20
f 2099/4049/21 2101/4051/21 2098/4034/21
f 2104/4050/29 2103/4048/29 2101/4051/29
f 2094/4053/22 2093/7415/22 2082/4018/22
f 2097/4054/23 2096/7416/23 2084/4020/23
f 2100/4036/38 2099/4035/38 2088/4024/38
f 2102/4038/25 2104/4040/25 2091/4027/25
f 2084/4020/3 2096/7416/3 2094/4055/3
f 2092/4056/7 2089/7417/7 2085/4057/7
f 2082/4018/6 2093/7415/6 2102/4059/6
f 2088/4024/4 2099/4035/4 2097/4060/4
f 2091/4027/5 2104/4040/5 2100/4061/5
f 2098/4034/1 2101/4051/1 2103/4048/1
f 2109/4066/17 2108/4065/17 2105/4083/17
f 2114/4085/37 2116/7418/37 2107/4064/37
f 2116/4070/18 2115/4069/18 2111/4086/18
f 2113/4088/28 2112/4103/28 2110/4089/28
f 2127/4091/19 2126/7419/19 2117/4071/19
f 2120/4074/20 2122/4076/20 2119/4073/20
f 2123/4092/21 2125/4094/21 2122/4076/21
f 2128/4093/29 2127/4091/29 2125/4094/29
f 2118/4096/22 2117/7420/22 2106/4063/22
f 2121/4097/23 2120/7421/23 2108/4065/23
f 2126/4080/25 2128/4082/25 2115/4069/25
f 2108/4065/3 2120/7421/3 2118/4098/3
f 2116/4099/7 2113/7422/7 2109/4100/7
f 2106/4063/6 2117/7420/6 2126/4102/6
f 2112/4103/4 2123/7423/4 2121/4104/4
f 2115/4069/5 2128/4082/5 2124/4105/5
f 2122/4076/1 2125/4094/1 2127/4091/1
f 2130/4106/6 2131/7424/6 2132/4107/6
f 2136/4109/7 2135/7425/7 2134/3190/7
f 2138/4111/1 2139/7426/1 2140/4112/1
f 2134/4114/89 2138/7427/89 2137/4115/89
f 2135/4117/90 2139/7428/90 2138/4118/90
f 2136/4120/91 2140/7429/91 2139/4121/91
f 2133/4123/92 2137/7430/92 2140/4124/92
f 2144/4126/7 2143/7431/7 2142/4127/7
f 2146/4129/1 2147/7432/1 2148/4130/1
f 2142/4132/45 2146/7433/45 2145/4133/45
f 2143/4135/46 2147/7434/46 2146/4136/46
f 2144/4138/47 2148/7435/47 2147/4139/47
f 2141/4141/48 2145/7436/48 2148/4142/48
f 2152/4144/7 2151/7437/7 2150/4145/7
f 2154/4147/1 2155/7438/1 2156/4148/1
f 2151/4150/4 2155/7439/4 2154/4151/4
f 2149/4153/6 2153/7440/6 2156/4154/6
f 2160/4156/7 2159/7441/7 2158/4157/7
f 2158/4159/3 2162/7442/3 2161/4160/3
f 2159/4162/4 2163/7443/4 2162/4163/4
f 2160/4165/5 2164/7444/5 2163/4166/5
f 2157/4168/6 2161/7445/6 2164/4169/6
f 2168/4171/7 2167/7446/7 2166/4172/7
f 2170/4174/1 2171/7447/1 2172/4175/1
f 2166/4177/3 2170/7448/3 2169/4178/3
f 2167/4180/4 2171/7449/4 2170/4181/4
f 2168/4183/5 2172/7450/5 2171/4184/5
f 2165/4186/6 2169/7451/6 2172/4187/6
f 2173/4189/7 2176/4229/7 2175/4190/7
f 2178/4192/1 2179/4230/1 2180/4193/1
f 2173/4195/3 2174/7452/3 2178/4196/3
f 2175/4198/4 2179/4211/4 2178/4199/4
f 2176/4201/5 2180/4213/5 2179/4202/5
f 2173/4204/6 2177/4215/6 2180/4205/6
f 2182/4207/1 2183/7453/1 2184/4208/1
f 2178/4196/3 2182/4220/3 2181/4210/3
f 2179/4211/4 2183/4222/4 2182/4212/4
f 2180/4213/5 2184/4224/5 2183/4214/5
f 2177/4215/6 2181/4226/6 2184/4216/6
f 2186/4217/1 2187/4241/1 2188/4218/1
f 2182/4220/3 2186/7454/3 2185/4221/3
f 2183/4222/4 2187/4244/4 2186/4223/4
f 2184/4224/5 2188/7455/5 2187/4225/5
f 2181/4226/6 2185/7456/6 2188/4227/6
f 2190/4228/7 2189/4251/7 2175/4190/7
f 2179/4230/1 2191/4252/1 2192/4231/1
f 2189/4232/4 2191/4255/4 2179/4211/4
f 2190/4233/5 2192/7457/5 2191/4234/5
f 2176/4206/6 2180/4205/6 2192/4236/6
f 2194/4238/7 2193/7458/7 2183/4239/7
f 2187/4241/1 2195/4271/1 2196/4242/1
f 2193/4243/4 2195/4274/4 2187/4244/4
f 2194/4245/5 2196/7459/5 2195/4246/5
f 2184/4216/6 2188/4227/6 2196/4248/6
f 2198/4250/7 2197/4279/7 2189/4251/7
f 2191/4252/1 2199/4280/1 2200/4253/1
f 2197/4254/4 2199/4267/4 2191/4255/4
f 2198/4256/5 2200/4268/5 2199/4257/5
f 2190/4237/6 2192/4236/6 2200/4259/6
f 2193/4261/1 2201/7460/1 2202/4262/1
f 2191/4264/3 2193/7461/3 2194/4265/3
f 2199/4267/4 2201/4273/4 2193/4243/4
f 2200/4268/5 2202/4275/5 2201/4269/5
f 2192/4236/6 2194/4249/6 2202/4270/6
f 2195/4271/1 2203/4291/1 2204/4272/1
f 2201/4273/4 2203/4294/4 2195/4274/4
f 2202/4275/5 2204/7462/5 2203/4276/5
f 2194/4249/6 2196/4248/6 2204/4277/6
f 2206/4278/7 2205/4301/7 2197/4279/7
f 2199/4280/1 2207/7463/1 2208/4281/1
f 2205/4282/4 2207/4305/4 2199/4267/4
f 2206/4283/5 2208/7464/5 2207/4284/5
f 2198/4260/6 2200/4259/6 2208/4286/6
f 2210/4288/7 2209/7465/7 2201/4289/7
f 2203/4291/1 2211/4321/1 2212/4292/1
f 2209/4293/4 2211/4323/4 2203/4294/4
f 2210/4295/5 2212/7466/5 2211/4296/5
f 2202/4270/6 2204/4277/6 2212/4298/6
f 2214/4300/7 2213/7467/7 2205/4301/7
f 2208/4281/1 2207/7463/1 2215/4302/1
f 2213/4304/4 2215/7468/4 2207/4305/4
f 2214/4306/5 2216/4318/5 2215/4307/5
f 2206/4287/6 2208/4286/6 2216/4309/6
f 2210/4311/1 2209/7469/1 2217/4312/1
f 2207/4314/3 2209/7470/3 2210/4315/3
f 2207/4305/4 2215/7468/4 2217/4317/4
f 2216/4318/5 2218/4324/5 2217/4319/5
f 2208/4286/6 2210/4299/6 2218/4320/6
f 2211/4321/1 2219/7471/1 2220/4322/1
f 2217/4317/4 2219/7472/4 2211/4323/4
f 2218/4324/5 2220/7473/5 2219/4325/5
f 2210/4299/6 2212/4298/6 2220/4326/6
f 2224/4327/7 2223/7474/7 2222/4328/7
f 2226/4330/1 2227/7475/1 2228/4331/1
f 2222/4333/3 2226/1587/3 2225/4334/3
f 2223/4336/4 2227/7476/4 2226/4337/4
f 2224/4339/5 2228/7477/5 2227/4340/5
f 2221/4342/6 2225/7478/6 2228/4343/6
f 2232/4345/7 2231/7479/7 2230/4346/7
f 2234/4348/1 2235/7480/1 2236/4349/1
f 2230/4351/3 2234/7481/3 2233/4352/3
f 2231/4354/4 2235/7482/4 2234/4355/4
f 2232/4357/5 2236/7483/5 2235/4358/5
f 2229/4360/6 2233/7484/6 2236/4361/6
f 2240/4363/7 2239/7485/7 2238/4364/7
f 2242/4366/1 2243/7486/1 2244/4367/1
f 2238/4369/3 2242/7487/3 2241/4370/3
f 2239/4372/4 2243/7488/4 2242/4373/4
f 2240/4375/5 2244/7489/5 2243/4376/5
f 2237/4378/6 2241/7490/6 2244/4379/6
f 2248/4381/7 2247/7491/7 2246/4382/7
f 2238/4384/1 2239/7492/1 2214/4385/1
f 2246/4387/3 2238/7493/3 2173/4388/3
f 2247/4390/4 2239/4372/4 2238/4374/4
f 2248/4392/5 2214/7494/5 2239/4393/5
f 2245/4395/6 2173/7495/6 2214/4396/6
f 2251/4398/153 2252/4402/153 2250/4399/153
f 2253/4401/154 2254/7496/154 2252/4402/154
f 2259/4403/4 2260/7497/4 2254/4404/4
f 2257/4406/155 2258/4410/155 2260/4407/155
f 2255/4409/156 2256/7498/156 2258/4410/156
f 2249/4411/6 2250/7499/6 2256/4412/6
f 2249/4414/3 2255/7500/3 2257/4415/3
f 2257/4415/3 2259/7501/3 2253/4417/3
f 2250/4418/5 2252/4422/5 2258/4419/5
f 2254/4421/5 2260/7502/5 2258/4419/5
f 2270/4429/7 2269/7503/7 2268/4430/7
f 2272/4432/1 2273/7504/1 2274/4433/1
f 2268/4435/3 2272/7505/3 2271/4436/3
f 2269/4438/4 2273/7506/4 2272/4439/4
f 2270/4441/5 2274/7507/5 2273/4442/5
f 2267/4444/6 2271/7508/6 2274/4445/6
f 2294/4462/19 2293/7509/19 2284/4450/19
f 2287/4453/20 2289/4455/20 2286/4452/20
f 2290/4463/21 2292/7510/21 2289/4455/21
f 2285/4464/22 2284/7511/22 2276/4465/22
f 2288/4467/23 2287/7512/23 2277/4468/23
f 2291/4457/38 2290/4456/38 2280/4448/38
f 2293/4459/25 2295/4461/25 2283/4470/25
f 2277/4468/3 2287/7512/3 2285/4472/3
f 2276/4465/6 2284/7511/6 2293/4474/6
f 2280/4448/4 2290/4456/4 2288/4476/4
f 2283/4470/5 2295/4461/5 2291/4478/5
f 2303/4485/28 2302/4484/28 2300/4498/28
f 2316/4500/19 2315/7513/19 2306/4486/19
f 2312/4501/21 2314/7514/21 2311/4491/21
f 2317/4502/152 2316/7515/152 2314/4503/152
f 2307/4505/22 2306/7516/22 2297/4506/22
f 2310/4508/23 2309/7517/23 2298/4480/23
f 2313/4493/38 2312/4492/38 2302/4484/38
f 2315/4495/25 2317/4497/25 2305/4509/25
f 2298/4480/3 2309/7517/3 2307/4511/3
f 2297/4506/6 2306/7516/6 2315/4513/6
f 2302/4484/4 2312/4492/4 2310/4515/4
f 2305/4509/5 2317/4497/5 2313/4516/5
f 2322/4522/17 2321/4521/17 2318/4542/17
f 2327/4544/37 2329/7518/37 2320/4520/37
f 2329/4529/171 2328/4528/171 2324/4545/171
f 2326/4526/28 2325/4525/28 2323/4547/28
f 2340/4549/19 2339/7519/19 2330/4530/19
f 2333/4533/20 2335/4535/20 2332/4532/20
f 2336/4550/21 2338/4552/21 2335/4535/21
f 2341/4551/152 2340/4549/152 2338/4552/152
f 2331/4554/22 2330/7520/22 2319/4519/22
f 2334/4555/23 2333/7521/23 2321/4521/23
f 2337/4537/38 2336/4536/38 2325/4525/38
f 2339/4539/25 2341/4541/25 2328/4528/25
f 2321/4521/3 2333/7521/3 2331/4556/3
f 2329/4557/7 2326/7522/7 2322/4558/7
f 2319/4519/6 2330/7520/6 2339/4560/6
f 2325/4525/4 2336/4536/4 2334/4561/4
f 2328/4528/5 2341/4541/5 2337/4562/5
f 2335/4535/1 2338/4552/1 2340/4549/1
f 2346/4584/57 2345/4598/57 2342/4585/57
f 2351/4587/37 2353/7523/37 2344/4565/37
f 2353/4571/18 2352/4570/18 2348/4588/18
f 2350/4568/28 2349/4567/28 2347/4590/28
f 2364/4592/19 2363/7524/19 2354/4572/19
f 2357/4575/334 2359/4577/334 2356/4574/334
f 2360/4593/21 2362/4595/21 2359/4577/21
f 2365/4594/29 2364/4592/29 2362/4595/29
f 2355/4597/22 2354/7525/22 2343/4564/22
f 2361/4579/335 2360/4578/335 2349/4567/335
f 2363/4581/25 2365/4583/25 2352/4570/25
f 2345/4598/3 2357/7526/3 2355/4599/3
f 2353/4600/7 2350/7527/7 2346/4601/7
f 2343/4564/6 2354/7525/6 2363/4603/6
f 2349/4567/4 2360/4578/4 2358/4604/4
f 2352/4570/5 2365/4583/5 2361/4605/5
f 2359/4577/1 2362/4595/1 2364/4592/1
f 2367/4606/6 2368/7528/6 2369/4607/6
f 2370/4609/7 2373/7529/7 2372/4610/7
f 2374/4611/1 2375/7530/1 2376/4612/1
f 2371/4614/89 2375/7531/89 2374/4615/89
f 2372/4617/90 2376/7532/90 2375/4618/90
f 2373/4620/91 2377/7533/91 2376/4621/91
f 2370/4623/92 2374/7534/92 2377/4624/92
f 2378/4626/7 2381/7535/7 2380/4627/7
f 2382/4629/1 2383/7536/1 2384/4630/1
f 2379/4632/45 2383/7537/45 2382/4633/45
f 2380/4635/46 2384/7538/46 2383/4636/46
f 2381/4638/47 2385/7539/47 2384/4639/47
f 2378/4641/48 2382/7540/48 2385/4642/48
f 2393/4649/28 2392/4648/28 2390/4662/28
f 2406/3001/19 2405/7541/19 2396/4650/19
f 2399/4653/20 2401/4655/20 2398/4652/20
f 2402/4664/21 2404/3003/21 2401/4655/21
f 2397/4665/22 2396/7542/22 2387/4666/22
f 2400/4668/23 2399/7543/23 2388/4644/23
f 2403/4657/38 2402/4656/38 2392/4648/38
f 2405/4659/25 2407/4661/25 2395/4669/25
f 2388/4644/3 2399/7543/3 2397/4671/3
f 2387/4666/6 2396/7542/6 2405/4673/6
f 2392/4648/4 2402/4656/4 2400/4675/4
f 2395/4669/5 2407/4661/5 2403/4676/5
f 2415/4683/28 2414/4682/28 2412/4696/28
f 2428/4698/19 2427/7544/19 2418/4684/19
f 2424/4699/21 2426/7545/21 2423/4689/21
f 2429/4700/29 2428/7546/29 2426/4701/29
f 2419/4703/22 2418/7547/22 2409/4704/22
f 2422/4706/23 2421/7548/23 2410/4678/23
f 2425/4691/38 2424/4690/38 2414/4682/38
f 2427/4693/25 2429/4695/25 2417/4707/25
f 2410/4678/3 2421/7548/3 2419/4709/3
f 2409/4704/6 2418/7547/6 2427/4711/6
f 2414/4682/4 2424/4690/4 2422/4713/4
f 2417/4707/5 2429/4695/5 2425/4714/5
f 2434/4720/17 2433/4719/17 2430/4740/17
f 2439/4742/37 2441/7549/37 2432/4718/37
f 2441/4727/18 2440/4726/18 2436/4743/18
f 2438/4724/28 2437/4723/28 2435/4745/28
f 2452/4747/19 2451/7550/19 2442/4728/19
f 2445/4731/20 2447/4733/20 2444/4730/20
f 2448/4748/21 2450/4750/21 2447/4733/21
f 2453/4749/29 2452/4747/29 2450/4750/29
f 2443/4752/22 2442/7551/22 2431/4717/22
f 2446/4753/23 2445/7552/23 2433/4719/23
f 2449/4735/38 2448/4734/38 2437/4723/38
f 2451/4737/25 2453/4739/25 2440/4726/25
f 2433/4719/3 2445/7552/3 2443/4754/3
f 2441/4755/7 2438/7553/7 2434/4756/7
f 2431/4717/6 2442/7551/6 2451/4758/6
f 2437/4723/4 2448/4734/4 2446/4759/4
f 2440/4726/5 2453/4739/5 2449/4760/5
f 2447/4733/1 2450/4750/1 2452/4747/1
f 2458/4765/57 2457/4764/57 2454/4785/57
f 2463/4787/37 2465/7554/37 2456/4763/37
f 2465/4772/158 2464/4771/158 2460/4788/158
f 2462/4769/28 2461/4768/28 2459/4790/28
f 2476/4792/19 2475/7555/19 2466/4773/19
f 2469/4776/334 2471/4778/334 2468/4775/334
f 2472/4793/21 2474/4795/21 2471/4778/21
f 2477/4794/29 2476/4792/29 2474/4795/29
f 2467/4797/22 2466/7556/22 2455/4762/22
f 2470/4798/23 2469/7557/23 2457/4764/23
f 2473/4780/335 2472/4779/335 2461/4768/335
f 2475/4782/25 2477/4784/25 2464/4771/25
f 2457/4764/3 2469/7557/3 2467/4799/3
f 2465/4800/7 2462/7558/7 2458/4801/7
f 2455/4762/6 2466/7556/6 2475/4803/6
f 2461/4768/4 2472/4779/4 2470/4804/4
f 2464/4771/5 2477/4784/5 2473/4805/5
f 2471/4778/1 2474/4795/1 2476/4792/1
f 2478/4806/7 2481/7559/7 2480/4807/7
f 2482/4809/1 2483/7560/1 2484/4810/1
f 2479/4812/89 2483/7561/89 2482/4813/89
f 2480/4815/90 2484/7562/90 2483/4816/90
f 2481/4818/91 2485/7563/91 2484/4819/91
f 2478/4821/92 2482/7564/92 2485/4822/92
f 2486/4824/7 2489/7565/7 2488/4825/7
f 2490/3901/1 2491/7566/1 2492/4827/1
f 2487/4829/45 2491/7567/45 2490/4830/45
f 2488/4832/46 2492/7568/46 2491/4833/46
f 2489/4835/47 2493/7569/47 2492/4836/47
f 2486/4838/48 2490/7570/48 2493/4839/48
f 2497/4841/7 2496/7571/7 2495/4842/7
f 2495/4844/3 2499/7572/3 2498/4845/3
f 2496/4847/4 2500/7573/4 2499/4848/4
f 2497/4850/5 2501/7574/5 2500/4851/5
f 2494/4853/6 2498/7575/6 2501/4854/6
f 2506/4860/17 2505/4859/17 2502/4880/17
f 2511/4882/37 2513/7576/37 2504/4858/37
f 2513/4867/18 2512/4866/18 2508/4883/18
f 2510/4864/28 2509/4863/28 2507/4885/28
f 2524/4887/19 2523/7577/19 2514/4868/19
f 2517/4871/20 2519/4873/20 2516/4870/20
f 2520/4888/21 2522/4890/21 2519/4873/21
f 2525/4889/29 2524/4887/29 2522/4890/29
f 2515/4892/22 2514/7578/22 2503/4857/22
f 2518/4893/23 2517/7579/23 2505/4859/23
f 2521/4875/38 2520/4874/38 2509/4863/38
f 2523/4877/25 2525/4879/25 2512/4866/25
f 2505/4859/3 2517/7579/3 2515/4894/3
f 2513/4895/7 2510/7580/7 2506/4896/7
f 2503/4857/6 2514/7578/6 2523/4898/6
f 2509/4863/4 2520/4874/4 2518/4899/4
f 2512/4866/5 2525/4879/5 2521/4900/5
f 2519/4873/1 2522/4890/1 2524/4887/1
f 2529/4901/7 2528/7581/7 2527/4902/7
f 2527/4904/3 2531/7582/3 2530/4905/3
f 2528/4907/4 2532/7583/4 2531/4908/4
f 2529/4910/5 2533/7584/5 2532/4911/5
f 2526/4913/6 2530/7585/6 2533/4914/6
f 2538/4920/17 2537/4919/17 2534/4934/17
f 2543/4936/37 2545/7586/37 2536/4918/37
f 2545/4924/18 2544/4923/18 2540/4937/18
f 2542/4939/28 2541/4954/28 2539/4940/28
f 2556/4942/19 2555/7587/19 2546/4925/19
f 2549/4928/20 2551/4930/20 2548/4927/20
f 2552/4943/21 2554/4945/21 2551/4930/21
f 2557/4944/29 2556/4942/29 2554/4945/29
f 2547/4947/22 2546/7588/22 2535/4917/22
f 2550/4948/23 2549/7589/23 2537/4919/23
f 2555/4931/25 2557/4933/25 2544/4923/25
f 2537/4919/3 2549/7589/3 2547/4949/3
f 2545/4950/7 2542/7590/7 2538/4951/7
f 2535/4917/6 2546/7588/6 2555/4953/6
f 2541/4954/4 2552/7591/4 2550/4955/4
f 2544/4923/5 2557/4933/5 2553/4956/5
f 2551/4930/1 2554/4945/1 2556/4942/1
f 2561/4957/7 2560/7592/7 2559/4958/7
f 2559/4960/3 2563/7593/3 2562/4961/3
f 2560/4963/4 2564/7594/4 2563/4964/4
f 2561/4966/5 2565/7595/5 2564/4967/5
f 2558/4969/6 2562/7596/6 2565/4970/6
f 2570/4984/17 2569/5002/17 2566/4985/17
f 2575/4987/37 2577/7597/37 2568/4974/37
f 2577/4977/18 2576/4976/18 2572/4988/18
f 2574/4990/28 2573/5008/28 2571/4991/28
f 2588/4993/19 2587/7598/19 2578/4978/19
f 2581/4994/20 2583/4996/20 2580/4980/20
f 2584/4995/21 2586/4999/21 2583/4996/21
f 2589/4998/29 2588/4993/29 2586/4999/29
f 2579/5001/22 2578/7599/22 2567/4973/22
f 2587/4981/25 2589/4983/25 2576/4976/25
f 2569/5002/3 2581/7600/3 2579/5003/3
f 2577/5004/7 2574/7601/7 2570/5005/7
f 2567/4973/6 2578/7599/6 2587/5007/6
f 2573/5008/4 2584/7602/4 2582/5009/4
f 2576/4976/5 2589/4983/5 2585/5010/5
f 2583/4996/1 2586/4999/1 2588/4993/1
f 2594/5015/17 2593/5014/17 2590/5023/17
f 2599/5025/37 2601/7603/37 2592/5013/37
f 2601/5022/18 2600/5021/18 2596/5026/18
f 2598/5019/28 2597/5018/28 2595/5028/28
f 2603/5030/22 2602/7604/22 2591/5012/22
f 2605/5031/23 2604/7605/23 2593/5014/23
f 2607/5032/38 2606/7606/38 2597/5018/38
f 2608/5033/25 2609/7607/25 2600/5021/25
f 2593/5014/3 2604/7605/3 2603/5034/3
f 2601/5035/7 2598/7608/7 2594/5036/7
f 2591/5012/6 2602/7604/6 2608/5038/6
f 2597/5018/4 2606/7606/4 2605/5039/4
f 2600/5021/5 2609/7607/5 2607/5040/5
f 2614/5045/17 2613/5044/17 2610/5065/17
f 2619/5067/37 2621/7609/37 2612/5043/37
f 2621/5052/18 2620/5051/18 2616/5068/18
f 2618/5049/28 2617/5048/28 2615/5070/28
f 2632/5072/19 2631/7610/19 2622/5053/19
f 2625/5056/20 2627/5058/20 2624/5055/20
f 2628/5073/21 2630/5075/21 2627/5058/21
f 2633/5074/29 2632/5072/29 2630/5075/29
f 2623/5077/22 2622/7611/22 2611/5042/22
f 2626/5078/23 2625/7612/23 2613/5044/23
f 2629/5060/38 2628/5059/38 2617/5048/38
f 2631/5062/25 2633/5064/25 2620/5051/25
f 2613/5044/3 2625/7612/3 2623/5079/3
f 2621/5080/7 2618/7613/7 2614/5081/7
f 2611/5042/6 2622/7611/6 2631/5083/6
f 2617/5048/4 2628/5059/4 2626/5084/4
f 2620/5051/5 2633/5064/5 2629/5085/5
f 2627/5058/1 2630/5075/1 2632/5072/1
f 2638/5090/17 2637/5089/17 2634/5098/17
f 2643/5100/37 2645/7614/37 2636/5088/37
f 2645/5097/18 2644/5096/18 2640/5101/18
f 2642/5094/28 2641/5093/28 2639/5103/28
f 2647/5105/22 2646/7615/22 2635/5087/22
f 2649/5106/23 2648/7616/23 2637/5089/23
f 2651/5107/38 2650/7617/38 2641/5093/38
f 2652/5108/25 2653/7618/25 2644/5096/25
f 2637/5089/3 2648/7616/3 2647/5109/3
f 2645/5110/7 2642/7619/7 2638/5111/7
f 2635/5087/6 2646/7615/6 2652/5113/6
f 2641/5093/4 2650/7617/4 2649/5114/4
f 2644/5096/5 2653/7618/5 2651/5115/5
f 2658/5120/17 2657/5119/17 2654/5140/17
f 2663/5142/37 2665/7620/37 2656/5118/37
f 2665/5127/18 2664/5126/18 2660/5143/18
f 2662/5124/28 2661/5123/28 2659/5145/28
f 2676/5147/19 2675/7621/19 2666/5128/19
f 2669/5131/20 2671/5133/20 2668/5130/20
f 2672/5148/21 2674/5150/21 2671/5133/21
f 2677/5149/29 2676/5147/29 2674/5150/29
f 2667/5152/22 2666/7622/22 2655/5117/22
f 2670/5153/23 2669/7623/23 2657/5119/23
f 2673/5135/38 2672/5134/38 2661/5123/38
f 2675/5137/25 2677/5139/25 2664/5126/25
f 2657/5119/3 2669/7623/3 2667/5154/3
f 2665/5155/7 2662/7624/7 2658/5156/7
f 2655/5117/6 2666/7622/6 2675/5158/6
f 2661/5123/4 2672/5134/4 2670/5159/4
f 2664/5126/5 2677/5139/5 2673/5160/5
f 2671/5133/1 2674/5150/1 2676/5147/1
f 2682/5165/17 2681/5164/17 2678/5185/17
f 2687/5187/37 2689/7625/37 2680/5163/37
f 2689/5172/18 2688/5171/18 2684/5188/18
f 2686/5169/28 2685/5168/28 2683/5190/28
f 2700/5192/19 2699/7626/19 2690/5173/19
f 2693/5176/20 2695/5178/20 2692/5175/20
f 2696/5193/21 2698/5195/21 2695/5178/21
f 2701/5194/29 2700/5192/29 2698/5195/29
f 2691/5197/22 2690/7627/22 2679/5162/22
f 2694/5198/23 2693/7628/23 2681/5164/23
f 2697/5180/38 2696/5179/38 2685/5168/38
f 2699/5182/25 2701/5184/25 2688/5171/25
f 2681/5164/3 2693/7628/3 2691/5199/3
f 2689/5200/7 2686/7629/7 2682/5201/7
f 2679/5162/6 2690/7627/6 2699/5203/6
f 2685/5168/4 2696/5179/4 2694/5204/4
f 2688/5171/5 2701/5184/5 2697/5205/5
f 2695/5178/1 2698/5195/1 2700/5192/1
f 2705/5206/7 2704/7630/7 2703/5207/7
f 2703/5209/3 2707/7631/3 2706/5210/3
f 2704/5212/4 2708/7632/4 2707/5213/4
f 2705/5215/5 2709/7633/5 2708/5216/5
f 2702/5218/6 2706/7634/6 2709/5219/6
f 2714/5225/17 2713/5224/17 2710/5245/17
f 2719/5247/37 2721/7635/37 2712/5223/37
f 2721/5232/18 2720/5231/18 2716/5248/18
f 2718/5229/28 2717/5228/28 2715/5250/28
f 2732/5252/19 2731/7636/19 2722/5233/19
f 2725/5236/20 2727/5238/20 2724/5235/20
f 2728/5253/21 2730/5255/21 2727/5238/21
f 2733/5254/29 2732/5252/29 2730/5255/29
f 2723/5257/22 2722/7637/22 2711/5222/22
f 2726/5258/23 2725/7638/23 2713/5224/23
f 2729/5240/38 2728/5239/38 2717/5228/38
f 2731/5242/25 2733/5244/25 2720/5231/25
f 2713/5224/3 2725/7638/3 2723/5259/3
f 2721/5260/7 2718/7639/7 2714/5261/7
f 2711/5222/6 2722/7637/6 2731/5263/6
f 2717/5228/4 2728/5239/4 2726/5264/4
f 2720/5231/5 2733/5244/5 2729/5265/5
f 2727/5238/1 2730/5255/1 2732/5252/1
f 2738/5270/17 2737/5269/17 2734/5290/17
f 2743/5292/37 2745/7640/37 2736/5268/37
f 2745/5277/18 2744/5276/18 2740/5293/18
f 2742/5274/28 2741/5273/28 2739/5295/28
f 2756/5297/19 2755/7641/19 2746/5278/19
f 2749/5281/20 2751/5283/20 2748/5280/20
f 2752/5298/21 2754/5300/21 2751/5283/21
f 2757/5299/29 2756/5297/29 2754/5300/29
f 2747/5302/22 2746/7642/22 2735/5267/22
f 2750/5303/23 2749/7643/23 2737/5269/23
f 2753/5285/38 2752/5284/38 2741/5273/38
f 2737/5269/3 2749/7643/3 2747/5304/3
f 2745/5305/7 2742/7644/7 2738/5306/7
f 2735/5267/6 2746/7642/6 2755/5308/6
f 2741/5273/4 2752/5284/4 2750/5309/4
f 2744/5276/5 2757/7645/5 2753/5310/5
f 2751/5283/1 2754/5300/1 2756/5297/1
f 2762/5315/17 2761/5314/17 2758/5335/17
f 2767/5337/37 2769/7646/37 2760/5313/37
f 2769/5322/18 2768/5321/18 2764/5338/18
f 2766/5319/28 2765/5318/28 2763/5340/28
f 2780/5342/19 2779/7647/19 2770/5323/19
f 2773/5326/20 2775/5328/20 2772/5325/20
f 2776/5343/21 2778/5345/21 2775/5328/21
f 2781/5344/29 2780/5342/29 2778/5345/29
f 2774/5347/23 2773/7648/23 2761/5314/23
f 2777/5330/38 2776/5329/38 2765/5318/38
f 2779/5332/25 2781/5334/25 2768/5321/25
f 2761/5314/3 2773/7648/3 2771/5348/3
f 2769/5349/7 2766/7649/7 2762/5350/7
f 2759/5312/6 2770/7650/6 2779/5352/6
f 2765/5318/4 2776/5329/4 2774/5353/4
f 2768/5321/5 2781/5334/5 2777/5354/5
f 2775/5328/1 2778/5345/1 2780/5342/1
f 2786/5359/17 2785/5358/17 2782/5379/17
f 2791/5381/37 2793/7651/37 2784/5357/37
f 2793/5366/18 2792/5365/18 2788/5382/18
f 2790/5363/28 2789/5362/28 2787/5384/28
f 2804/5386/19 2803/7652/19 2794/5367/19
f 2797/5370/20 2799/5372/20 2796/5369/20
f 2800/5387/21 2802/5389/21 2799/5372/21
f 2805/5388/29 2804/5386/29 2802/5389/29
f 2795/5391/22 2794/7653/22 2783/5356/22
f 2803/5376/25 2805/5378/25 2792/5365/25
f 2785/5358/3 2797/7654/3 2795/5392/3
f 2793/5393/7 2790/7655/7 2786/5394/7
f 2783/5356/6 2794/7653/6 2803/5396/6
f 2789/5362/4 2800/7656/4 2798/5397/4
f 2792/5365/5 2805/5378/5 2801/5398/5
f 2799/5372/1 2802/5389/1 2804/5386/1
f 2809/5399/7 2808/7657/7 2807/5400/7
f 2811/5402/1 2812/7658/1 2813/5403/1
f 2807/5405/3 2811/7659/3 2810/5406/3
f 2808/5408/4 2812/7660/4 2811/5409/4
f 2809/5411/5 2813/7661/5 2812/5412/5
f 2806/5414/6 2810/7662/6 2813/5415/6
f 2814/5419/336 2825/7663/336 2824/7664/336
f 2824/7664/4 2823/7665/4 2822/5417/4
f 2822/5417/337 2821/7666/337 2820/7667/337
f 2820/7667/337 2819/7668/337 2818/5418/337
f 2818/5418/4 2817/7669/4 2816/7670/4
f 2816/7670/336 2815/7671/336 2814/5419/336
f 2814/5419/4 2824/7664/4 2822/5417/4
f 2822/5417/4 2820/7667/4 2818/5418/4
f 2818/5418/4 2816/7670/4 2814/5419/4
f 2837/5422/6 2826/7672/6 2827/7673/6
f 2827/7673/6 2828/7674/6 2829/5420/6
f 2829/5420/6 2830/7675/6 2831/7676/6
f 2831/7676/6 2832/7677/6 2833/5421/6
f 2833/5421/6 2834/7678/6 2835/7679/6
f 2835/7679/6 2836/7680/6 2837/5422/6
f 2837/5422/6 2827/7673/6 2829/5420/6
f 2829/5420/6 2831/7676/6 2833/5421/6
f 2833/5421/6 2835/7679/6 2837/5422/6
f 2815/5423/180 2827/7681/180 2826/5424/180
f 2816/5426/20 2828/5430/20 2827/5427/20
f 2817/5429/181 2829/5432/181 2828/5430/181
f 2818/5431/182 2830/5434/182 2829/5432/182
f 2819/5433/29 2831/7682/29 2830/5434/29
f 2820/5435/183 2832/5439/183 2831/5436/183
f 2821/5438/184 2833/5441/184 2832/5439/184
f 2822/5440/18 2834/7683/18 2833/5441/18
f 2823/5442/185 2835/5446/185 2834/5443/185
f 2824/5445/186 2836/7684/186 2835/5446/186
f 2825/5447/17 2837/5450/17 2836/5448/17
f 2814/5425/187 2826/5424/187 2837/5450/187
f 2842/5455/17 2841/5454/17 2838/5475/17
f 2847/5477/37 2849/7685/37 2840/5453/37
f 2849/5462/18 2848/5461/18 2844/5478/18
f 2846/5459/28 2845/5458/28 2843/5480/28
f 2860/5482/19 2859/7686/19 2850/5463/19
f 2853/5466/20 2855/5468/20 2852/5465/20
f 2856/5483/21 2858/5485/21 2855/5468/21
f 2861/5484/29 2860/5482/29 2858/5485/29
f 2851/5487/22 2850/7687/22 2839/5452/22
f 2854/5488/23 2853/7688/23 2841/5454/23
f 2857/5470/38 2856/5469/38 2845/5458/38
f 2859/5472/25 2861/5474/25 2848/5461/25
f 2841/5454/3 2853/7688/3 2851/5489/3
f 2849/5490/7 2846/7689/7 2842/5491/7
f 2839/5452/6 2850/7687/6 2859/5493/6
f 2845/5458/4 2856/5469/4 2854/5494/4
f 2848/5461/5 2861/5474/5 2857/5495/5
f 2855/5468/1 2858/5485/1 2860/5482/1
f 2866/5500/17 2865/5499/17 2862/5520/17
f 2871/5522/37 2873/7690/37 2864/5498/37
f 2873/5507/158 2872/5506/158 2868/5523/158
f 2870/5504/28 2869/5503/28 2867/5525/28
f 2884/5527/19 2883/7691/19 2874/5508/19
f 2877/5511/20 2879/5513/20 2876/5510/20
f 2880/5528/21 2882/5530/21 2879/5513/21
f 2885/5529/29 2884/5527/29 2882/5530/29
f 2875/5532/22 2874/7692/22 2863/5497/22
f 2878/5533/23 2877/7693/23 2865/5499/23
f 2881/5515/38 2880/5514/38 2869/5503/38
f 2883/5517/25 2885/5519/25 2872/5506/25
f 2865/5499/3 2877/7693/3 2875/5534/3
f 2873/5535/7 2870/7694/7 2866/5536/7
f 2863/5497/6 2874/7692/6 2883/5538/6
f 2869/5503/4 2880/5514/4 2878/5539/4
f 2872/5506/5 2885/5519/5 2881/5540/5
f 2879/5513/1 2882/5530/1 2884/5527/1
f 2889/5541/7 2888/7695/7 2887/5542/7
f 2887/5544/3 2891/7696/3 2890/5545/3
f 2888/5547/4 2892/7697/4 2891/5548/4
f 2889/5550/5 2893/7698/5 2892/5551/5
f 2886/5553/6 2890/7699/6 2893/5554/6
f 2897/5556/7 2896/7700/7 2895/5557/7
f 2895/5559/3 2899/7701/3 2898/5560/3
f 2896/5562/4 2900/7702/4 2899/5563/4
f 2897/5565/5 2901/7703/5 2900/5566/5
f 2894/5568/6 2898/7704/6 2901/5569/6
f 2903/5571/188 2919/5575/188 2918/5572/188
f 2904/5574/189 2920/7705/189 2919/5575/189
f 2904/5576/190 2905/5579/190 2921/5577/190
f 2905/5579/191 2906/5582/191 2922/5580/191
f 2907/5581/192 2923/5584/192 2922/5580/192
f 2908/5583/193 2924/5614/193 2923/5584/193
f 2909/5585/194 2925/5589/194 2924/5586/194
f 2910/5588/195 2926/5591/195 2925/5589/195
f 2911/5590/196 2927/5593/196 2926/5591/196
f 2911/5590/197 2912/7706/197 2928/5592/197
f 2912/5594/198 2913/5598/198 2929/5595/198
f 2914/5597/199 2930/5600/199 2929/5595/199
f 2914/5597/200 2915/5602/200 2931/5599/200
f 2916/5601/201 2932/5623/201 2931/5599/201
f 2917/5603/202 2933/5606/202 2932/5604/202
f 2902/5573/203 2918/5572/203 2933/5606/203
f 2919/5575/204 2935/5609/204 2934/5607/204
f 2919/5575/205 2920/7705/205 2936/5608/205
f 2921/5577/206 2937/5611/206 2936/5610/206
f 2922/5580/207 2938/5613/207 2937/5611/207
f 2922/5580/208 2923/5584/208 2939/5612/208
f 2924/5614/209 2940/5633/209 2939/5612/209
f 2925/5589/210 2941/5616/210 2940/5615/210
f 2926/5591/211 2942/5617/211 2941/5616/211
f 2927/5593/212 2943/5618/212 2942/5617/212
f 2928/5592/213 2944/5637/213 2943/5618/213
f 2929/5595/214 2945/5621/214 2944/5619/214
f 2929/5595/215 2930/5600/215 2946/5620/215
f 2930/5600/216 2931/5599/216 2947/5622/216
f 2932/5623/217 2948/5642/217 2947/5622/217
f 2932/5604/218 2933/5606/218 2949/5624/218
f 2918/5572/219 2934/5607/219 2949/5624/219
f 2935/5609/220 2951/5628/220 2950/5626/220
f 2935/5609/221 2936/5608/221 2952/5627/221
f 2937/5611/222 2953/5631/222 2952/5629/222
f 2937/5611/223 2938/5613/223 2954/5630/223
f 2938/5613/224 2939/5612/224 2955/5632/224
f 2940/5633/338 2956/5651/338 2955/5632/338
f 2941/5616/339 2957/5635/339 2956/5634/339
f 2942/5617/227 2958/5636/227 2957/5635/227
f 2943/5618/228 2959/5638/228 2958/5636/228
f 2944/5637/229 2960/7707/229 2959/5638/229
f 2944/5619/230 2945/5621/230 2961/5639/230
f 2946/5620/231 2962/5641/231 2961/5639/231
f 2947/5622/232 2963/5643/232 2962/5641/232
f 2948/5642/340 2964/7708/340 2963/5643/340
f 2949/5624/234 2965/5645/234 2964/5644/234
f 2934/5607/235 2950/5626/235 2965/5645/235
f 2950/5626/341 2951/5628/341 2967/5646/341
f 2952/5627/342 2968/7709/342 2967/5646/342
f 2953/5631/238 2969/5650/238 2968/5648/238
f 2953/5631/239 2954/5630/239 2970/5649/239
f 2955/5632/240 2971/5652/240 2970/5649/240
f 2956/5651/343 2972/7710/343 2971/5652/343
f 2957/5635/242 2973/5654/242 2972/5653/242
f 2958/5636/243 2974/5656/243 2973/5654/243
f 2958/5636/244 2959/5638/244 2975/5655/244
f 2959/5638/245 2960/7707/245 2976/5657/245
f 2960/5640/344 2961/5639/344 2977/5658/344
f 2961/5639/345 2962/5641/345 2978/5660/345
f 2963/5643/346 2979/5662/346 2978/5660/346
f 2963/5643/249 2964/7708/249 2980/5661/249
f 2964/5644/347 2965/5645/347 2981/5663/347
f 2950/5626/348 2966/5647/348 2981/5663/348
f 2967/5665/1 2983/5669/1 2982/5666/1
f 2968/5668/1 2984/5671/1 2983/5669/1
f 2969/5670/1 2985/5673/1 2984/5671/1
f 2969/5670/1 2970/5674/1 2986/5672/1
f 2970/5674/1 2971/5677/1 2987/5675/1
f 2972/5676/1 2988/5679/1 2987/5675/1
f 2972/5676/1 2973/5680/1 2989/5678/1
f 2973/5680/1 2974/5682/1 2990/5681/1
f 2974/5682/1 2975/5684/1 2991/5683/1
f 2975/5684/1 2976/5686/1 2992/5685/1
f 2976/5686/1 2977/5689/1 2993/5687/1
f 2978/5688/1 2994/5691/1 2993/5687/1
f 2979/5690/1 2995/5693/1 2994/5691/1
f 2980/5692/1 2996/5695/1 2995/5693/1
f 2981/5694/1 2997/5696/1 2996/5695/1
f 2966/5667/1 2982/5666/1 2997/5696/1
f 2983/5697/252 2999/5701/252 2998/5698/252
f 2984/5700/253 3000/7711/253 2999/5701/253
f 2985/5702/254 3001/5706/254 3000/5703/254
f 2986/5705/255 3002/5708/255 3001/5706/255
f 2987/5707/256 3003/5710/256 3002/5708/256
f 2988/5709/257 3004/7712/257 3003/5710/257
f 2989/5711/258 3005/5715/258 3004/5712/258
f 2990/5714/259 3006/5717/259 3005/5715/259
f 2991/5716/260 3007/5719/260 3006/5717/260
f 2992/5718/261 3008/7713/261 3007/5719/261
f 2993/5720/262 3009/5724/262 3008/5721/262
f 2994/5723/263 3010/5726/263 3009/5724/263
f 2995/5725/264 3011/5728/264 3010/5726/264
f 2996/5727/265 3012/7714/265 3011/5728/265
f 2997/5729/266 3013/5732/266 3012/5730/266
f 2982/5699/267 2998/5698/267 3013/5732/267
f 3015/5733/268 3031/5737/268 3030/5734/268
f 3015/5733/269 3016/7715/269 3032/5736/269
f 3016/5738/270 3017/5741/270 3033/5739/270
f 3017/5741/271 3018/5744/271 3034/5742/271
f 3019/5743/272 3035/5746/272 3034/5742/272
f 3020/5745/349 3036/5776/349 3035/5746/349
f 3021/5747/274 3037/5751/274 3036/5748/274
f 3021/5747/275 3022/5753/275 3038/5750/275
f 3023/5752/276 3039/5755/276 3038/5750/276
f 3024/5754/350 3040/7716/350 3039/5755/350
f 3025/5756/351 3041/5760/351 3040/5757/351
f 3026/5759/279 3042/5762/279 3041/5760/279
f 3027/5761/280 3043/5764/280 3042/5762/280
f 3027/5761/352 3028/7717/352 3044/5763/352
f 3029/5765/353 3045/5768/353 3044/5766/353
f 3029/5765/283 3014/5735/283 3030/5734/283
f 3031/5737/284 3047/5771/284 3046/5769/284
f 3031/5737/285 3032/5736/285 3048/5770/285
f 3033/5739/286 3049/5773/286 3048/5772/286
f 3034/5742/287 3050/5775/287 3049/5773/287
f 3034/5742/288 3035/5746/288 3051/5774/288
f 3036/5776/289 3052/7718/289 3051/5774/289
f 3037/5751/290 3053/5779/290 3052/5777/290
f 3037/5751/291 3038/5750/291 3054/5778/291
f 3038/5750/292 3039/5755/292 3055/5780/292
f 3039/5755/293 3040/7716/293 3056/5781/293
f 3041/5760/294 3057/5783/294 3056/5782/294
f 3042/5762/295 3058/5785/295 3057/5783/295
f 3042/5762/296 3043/5764/296 3059/5784/296
f 3044/5763/297 3060/7719/297 3059/5784/297
f 3045/5768/298 3061/5787/298 3060/5786/298
f 3030/5734/299 3046/5769/299 3061/5787/299
f 3046/5769/300 3047/5771/300 3063/5788/300
f 3047/5771/301 3048/5770/301 3064/5790/301
f 3048/5772/302 3049/5773/302 3065/5791/302
f 3049/5773/303 3050/5775/303 3066/5793/303
f 3051/5774/304 3067/5795/304 3066/5793/304
f 3051/5774/305 3052/7718/305 3068/5794/305
f 3053/5779/306 3069/5797/306 3068/5796/306
f 3054/5778/354 3070/5798/354 3069/5797/354
f 3055/5780/308 3071/5800/308 3070/5798/308
f 3055/5780/309 3056/5781/309 3072/5799/309
f 3057/5783/355 3073/5803/355 3072/5801/355
f 3057/5783/311 3058/5785/311 3074/5802/311
f 3059/5784/312 3075/5805/312 3074/5802/312
f 3059/5784/313 3060/7719/313 3076/5804/313
f 3061/5787/314 3077/5807/314 3076/5806/314
f 3061/5787/315 3046/5769/315 3062/5789/315
f 3063/5788/356 3079/5809/356 3078/5808/356
f 3064/5790/357 3080/7720/357 3079/5809/357
f 3064/5792/358 3065/5791/358 3081/5810/358
f 3066/5793/359 3082/5812/359 3081/5810/359
f 3067/5795/360 3083/5814/360 3082/5812/360
f 3067/5795/361 3068/5794/361 3084/5813/361
f 3068/5796/362 3069/5797/362 3085/5815/362
f 3070/5798/363 3086/5818/363 3085/5815/363
f 3070/5798/364 3071/5800/364 3087/5817/364
f 3071/5800/365 3072/5799/365 3088/5819/365
f 3073/5803/366 3089/5821/366 3088/5820/366
f 3074/5802/367 3090/5823/367 3089/5821/367
f 3074/5802/368 3075/5805/368 3091/5822/368
f 3076/5804/369 3092/7721/369 3091/5822/369
f 3076/5806/330 3077/5807/330 3093/5824/330
f 3062/5789/331 3078/5808/331 3093/5824/331
f 3079/5826/1 3095/5830/1 3094/5827/1
f 3080/5829/1 3096/5832/1 3095/5830/1
f 3081/5831/1 3097/5834/1 3096/5832/1
f 3082/5833/1 3098/5836/1 3097/5834/1
f 3082/5833/1 3083/5837/1 3099/5835/1
f 3083/5837/1 3084/5839/1 3100/5838/1
f 3084/5839/1 3085/5841/1 3101/5840/1
f 3085/5841/1 3086/5844/1 3102/5842/1
f 3087/5843/1 3103/5846/1 3102/5842/1
f 3088/5845/1 3104/5848/1 3103/5846/1
f 3089/5847/1 3105/5850/1 3104/5848/1
f 3089/5847/1 3090/5852/1 3106/5849/1
f 3091/5851/1 3107/5854/1 3106/5849/1
f 3091/5851/1 3092/5855/1 3108/5853/1
f 3092/5855/1 3093/5857/1 3109/5856/1
f 3093/5857/1 3078/5828/1 3094/5827/1
f 3095/5858/252 3111/5862/252 3110/5859/252
f 3096/5861/253 3112/7722/253 3111/5862/253
f 3097/5863/254 3113/5867/254 3112/5864/254
f 3098/5866/255 3114/5869/255 3113/5867/255
f 3099/5868/256 3115/5871/256 3114/5869/256
f 3100/5870/257 3116/7723/257 3115/5871/257
f 3101/5872/258 3117/5876/258 3116/5873/258
f 3102/5875/259 3118/5878/259 3117/5876/259
f 3103/5877/260 3119/5880/260 3118/5878/260
f 3104/5879/261 3120/7724/261 3119/5880/261
f 3105/5881/262 3121/5885/262 3120/5882/262
f 3106/5884/263 3122/5887/263 3121/5885/263
f 3107/5886/264 3123/5889/264 3122/5887/264
f 3108/5888/265 3124/7725/265 3123/5889/265
f 3109/5890/266 3125/5893/266 3124/5891/266
f 3094/5860/267 3110/5859/267 3125/5893/267
f 3127/5894/6 3128/7726/6 3129/5895/6
f 3133/5897/4 3132/7727/4 3131/5898/4
f 3130/5900/3 3131/7728/3 3127/5901/3
f 3128/5903/5 3132/7729/5 3133/5904/5
f 3129/5906/7 3133/7730/7 3130/5907/7
f 3131/5909/1 3132/7731/1 3128/5910/1
f 3135/5912/6 3136/7732/6 3137/5913/6
f 3141/5915/4 3140/7733/4 3139/5916/4
f 3138/5918/3 3139/7734/3 3135/5919/3
f 3136/5921/5 3140/7735/5 3141/5922/5
f 3137/5924/7 3141/7736/7 3138/5925/7
f 3139/5927/1 3140/2905/1 3136/5928/1
f 3143/5930/6 3144/7737/6 3145/5931/6
f 3149/5933/4 3148/7738/4 3147/5934/4
f 3146/5936/3 3147/7739/3 3143/5937/3
f 3144/5939/5 3148/7740/5 3149/5940/5
f 3145/5942/7 3149/7741/7 3146/5943/7
f 3147/5945/1 3148/7742/1 3144/5946/1
f 3151/5948/6 3152/7743/6 3153/5949/6
f 3157/5951/4 3156/7744/4 3155/5952/4
f 3154/5954/3 3155/7745/3 3151/5955/3
f 3152/5957/5 3156/7746/5 3157/5958/5
f 3153/5960/7 3157/7747/7 3154/5961/7
f 3155/5963/1 3156/7748/1 3152/5964/1
f 3159/5966/6 3160/7749/6 3161/5967/6
f 3165/5969/4 3164/7750/4 3163/5970/4
f 3162/5972/3 3163/7751/3 3159/5973/3
f 3160/5975/5 3164/7752/5 3165/5976/5
f 3161/5978/7 3165/7753/7 3162/5979/7
f 3163/5981/1 3164/7754/1 3160/5982/1
f 3167/5984/6 3168/7755/6 3169/5985/6
f 3173/5987/4 3172/7756/4 3171/5988/4
f 3170/5990/3 3171/7757/3 3167/5991/3
f 3168/5993/5 3172/7758/5 3173/5994/5
f 3169/5996/7 3173/7759/7 3170/5997/7
f 3171/5999/1 3172/7760/1 3168/6000/1
f 3175/6002/6 3176/7761/6 3177/6003/6
f 3181/6005/4 3180/7762/4 3179/6006/4
f 3178/6008/3 3179/7763/3 3175/6009/3
f 3176/6011/5 3180/7764/5 3181/6012/5
f 3177/6014/7 3181/7765/7 3178/6015/7
f 3179/6017/1 3180/7766/1 3176/6018/1
f 3183/6020/6 3184/7767/6 3185/6021/6
f 3189/6023/4 3188/7768/4 3187/6024/4
f 3186/6026/3 3187/7769/3 3183/6027/3
f 3184/6029/5 3188/7770/5 3189/6030/5
f 3185/6032/7 3189/7771/7 3186/6033/7
f 3187/6035/1 3188/7772/1 3184/6036/1
f 3191/6038/6 3192/7773/6 3193/6039/6
f 3197/6041/4 3196/7774/4 3195/6042/4
f 3194/6044/3 3195/7775/3 3191/6045/3
f 3192/1904/5 3196/7776/5 3197/6047/5
f 3193/6049/7 3197/7777/7 3194/6050/7
f 3195/6052/1 3196/7778/1 3192/6053/1
f 3199/6055/6 3200/7779/6 3201/6056/6
f 3205/6058/4 3204/7780/4 3203/6059/4
f 3202/6061/3 3203/7781/3 3199/6062/3
f 3200/6064/5 3204/7782/5 3205/6065/5
f 3201/6067/7 3205/7783/7 3202/6068/7
f 3203/6070/1 3204/7784/1 3200/6071/1
f 3207/6073/6 3208/7785/6 3209/6074/6
f 3213/6076/4 3212/7786/4 3211/6077/4
f 3210/6079/3 3211/7787/3 3207/6080/3
f 3208/6082/5 3212/7788/5 3213/6083/5
f 3209/6085/7 3213/7789/7 3210/3514/7
f 3211/6087/1 3212/7790/1 3208/6088/1
f 3215/6090/6 3216/7791/6 3217/6091/6
f 3221/6093/4 3220/6164/4 3219/6094/4
f 3218/6096/3 3219/7792/3 3215/6097/3
f 3216/6099/5 3220/7793/5 3221/6100/5
f 3217/6102/7 3221/7790/7 3218/3487/7
f 3219/6104/1 3220/7794/1 3216/6105/1
f 3223/6107/6 3224/7795/6 3225/6108/6
f 3229/6110/4 3228/5933/4 3227/6111/4
f 3226/6113/3 3227/7796/3 3223/6114/3
f 3224/6116/5 3228/7797/5 3229/6117/5
f 3225/6119/7 3229/7798/7 3226/6120/7
f 3227/6122/1 3228/7799/1 3224/6123/1
f 3231/6125/6 3232/7800/6 3233/6126/6
f 3237/6128/4 3236/7801/4 3235/6129/4
f 3234/6131/3 3235/7802/3 3231/6132/3
f 3232/6134/5 3236/7803/5 3237/6135/5
f 3233/6137/7 3237/7804/7 3234/6138/7
f 3235/6140/1 3236/1379/1 3232/6141/1
f 3239/6143/6 3240/7805/6 3241/6144/6
f 3245/6146/4 3244/7806/4 3243/6147/4
f 3242/6149/3 3243/7807/3 3239/6150/3
f 3240/6152/5 3244/7808/5 3245/6153/5
f 3241/6155/7 3245/7809/7 3242/6156/7
f 3243/6158/1 3244/7810/1 3240/6159/1
f 3247/6161/6 3248/7811/6 3249/6162/6
f 3253/6164/4 3252/7812/4 3251/6165/4
f 3250/6166/3 3251/7813/3 3247/6167/3
f 3248/6169/5 3252/7814/5 3253/6170/5
f 3249/6172/7 3253/7815/7 3250/6173/7
f 3251/6175/1 3252/7816/1 3248/6176/1
f 3255/6178/6 3256/7817/6 3257/6179/6
f 3261/6181/4 3260/7818/4 3259/6182/4
f 3258/6184/3 3259/7819/3 3255/6185/3
f 3256/6187/5 3260/7820/5 3261/6188/5
f 3257/6190/7 3261/7821/7 3258/6191/7
f 3259/6193/1 3260/7822/1 3256/6194/1
f 3263/6196/6 3264/7823/6 3265/6197/6
f 3269/6199/4 3268/7824/4 3267/6200/4
f 3266/6202/3 3267/7825/3 3263/6203/3
f 3264/6205/5 3268/7826/5 3269/6206/5
f 3265/6208/7 3269/7827/7 3266/6209/7
f 3267/6211/1 3268/7828/1 3264/6212/1
f 3271/6214/6 3272/7829/6 3273/6215/6
f 3277/6217/4 3276/7830/4 3275/6218/4
f 3274/6220/3 3275/7831/3 3271/6221/3
f 3272/6223/5 3276/7832/5 3277/6224/5
f 3273/6226/7 3277/7833/7 3274/6227/7
f 3275/6229/1 3276/7834/1 3272/6230/1
f 3279/6232/6 3280/7835/6 3281/6233/6
f 3285/6235/4 3284/7836/4 3283/6236/4
f 3282/6238/3 3283/7837/3 3279/6239/3
f 3280/6241/5 3284/7838/5 3285/6242/5
f 3281/6244/7 3285/7839/7 3282/6245/7
f 3283/6247/1 3284/7840/1 3280/6248/1
f 3287/6250/6 3288/7841/6 3289/6251/6
f 3293/6253/4 3292/7842/4 3291/6254/4
f 3290/6256/3 3291/7843/3 3287/6257/3
f 3288/6259/5 3292/7844/5 3293/6260/5
f 3289/6262/7 3293/5906/7 3290/6263/7
f 3291/6265/1 3292/7845/1 3288/6266/1
f 3295/6268/6 3296/7846/6 3297/6269/6
f 3301/6271/4 3300/7847/4 3299/6272/4
f 3298/6274/3 3299/7848/3 3295/6275/3
f 3296/6277/5 3300/7849/5 3301/6278/5
f 3297/6280/7 3301/7850/7 3298/6281/7
f 3299/6283/1 3300/7851/1 3296/6284/1
f 3303/6286/6 3304/7852/6 3305/6287/6
f 3309/6289/4 3308/7853/4 3307/6290/4
f 3306/6292/3 3307/7854/3 3303/6293/3
f 3304/6295/5 3308/7855/5 3309/6296/5
f 3305/6298/7 3309/7742/7 3306/6299/7
f 3307/6301/1 3308/7856/1 3304/6302/1
f 3311/6304/6 3312/7857/6 3313/6305/6
f 3317/6307/4 3316/7858/4 3315/6308/4
f 3314/6310/3 3315/7859/3 3311/6311/3
f 3312/6313/5 3316/7860/5 3317/6314/5
f 3313/6316/7 3317/7861/7 3314/3628/7
f 3315/6318/1 3316/7862/1 3312/6319/1
f 3319/6321/6 3320/7863/6 3321/6322/6
f 3325/6324/4 3324/7864/4 3323/6325/4
f 3322/6327/3 3323/7865/3 3319/6328/3
f 3320/6330/5 3324/7866/5 3325/6331/5
f 3321/6333/7 3325/7867/7 3322/6334/7
f 3323/6336/1 3324/7868/1 3320/6337/1
f 3327/6339/6 3328/7869/6 3329/6340/6
f 3333/6342/4 3332/7870/4 3331/6343/4
f 3330/6345/3 3331/7871/3 3327/6346/3
f 3328/6348/5 3332/7872/5 3333/6349/5
f 3329/6351/7 3333/7873/7 3330/6352/7
f 3331/6354/1 3332/7874/1 3328/6355/1
f 3335/6357/6 3336/7875/6 3337/6358/6
f 3341/6360/4 3340/7876/4 3339/6361/4
f 3338/6363/3 3339/7877/3 3335/6364/3
f 3336/6366/5 3340/7878/5 3341/6367/5
f 3337/6369/7 3341/7879/7 3338/6370/7
f 3339/6372/1 3340/7880/1 3336/6373/1
f 3343/6375/6 3344/7881/6 3345/6376/6
f 3349/6378/4 3348/7882/4 3347/6379/4
f 3346/6381/3 3347/7883/3 3343/6382/3
f 3344/6384/5 3348/7884/5 3349/6385/5
f 3345/6387/7 3349/7885/7 3346/6388/7
f 3347/6390/1 3348/7886/1 3344/6391/1
f 3351/6393/6 3352/7887/6 3353/6394/6
f 3357/6396/4 3356/7888/4 3355/6397/4
f 3354/6399/3 3355/7889/3 3351/6400/3
f 3352/6402/5 3356/7890/5 3357/6403/5
f 3353/6405/7 3357/7891/7 3354/6406/7
f 3355/6408/1 3356/7892/1 3352/6409/1
f 3359/6411/6 3360/7893/6 3361/6412/6
f 3365/6414/4 3364/7894/4 3363/6415/4
f 3362/6417/3 3363/7895/3 3359/6418/3
f 3360/6420/5 3364/7896/5 3365/6421/5
f 3361/6423/7 3365/7897/7 3362/6424/7
f 3363/6426/1 3364/7898/1 3360/6427/1
f 3367/6429/6 3368/7899/6 3369/6430/6
f 3373/6432/4 3372/7900/4 3371/6433/4
f 3370/6435/3 3371/7901/3 3367/6436/3
f 3368/6438/5 3372/7902/5 3373/6439/5
f 3369/6441/7 3373/7903/7 3370/6442/7
f 3371/6131/1 3372/7904/1 3368/6444/1
f 3375/6446/6 3376/7905/6 3377/6447/6
f 3381/6449/4 3380/7906/4 3379/6450/4
f 3378/6452/3 3379/7907/3 3375/6453/3
f 3376/6455/5 3380/7908/5 3381/6456/5
f 3377/6458/7 3381/7909/7 3378/6459/7
f 3379/6461/1 3380/7910/1 3376/6462/1
f 3383/6464/6 3384/7911/6 3385/6465/6
f 3389/6467/4 3388/7912/4 3387/6468/4
f 3386/6470/3 3387/7913/3 3383/6471/3
f 3384/6473/5 3388/7914/5 3389/6474/5
f 3385/6476/7 3389/7915/7 3386/6477/7
f 3387/6479/1 3388/7916/1 3384/6480/1
f 3391/6482/6 3392/7917/6 3393/6483/6
f 3397/6485/4 3396/7918/4 3395/6486/4
f 3394/6488/3 3395/7919/3 3391/6489/3
f 3392/6491/5 3396/7920/5 3397/6492/5
f 3393/6494/7 3397/7921/7 3394/6495/7
f 3395/6497/1 3396/7922/1 3392/6494/1
f 3399/6499/6 3400/7923/6 3401/6500/6
f 3405/6502/4 3404/7924/4 3403/6503/4
f 3402/6505/3 3403/7925/3 3399/6506/3
f 3400/6508/5 3404/7926/5 3405/6509/5
f 3401/6511/7 3405/7927/7 3402/6512/7
f 3403/6514/1 3404/7928/1 3400/6515/1
f 3407/6517/6 3408/7929/6 3409/6518/6
f 3413/6520/4 3412/7930/4 3411/6521/4
f 3410/6523/3 3411/7931/3 3407/6524/3
f 3408/6526/5 3412/7932/5 3413/6527/5
f 3409/6529/7 3413/7933/7 3410/6530/7
f 3411/6532/1 3412/7934/1 3408/6533/1
f 3415/6535/3 3419/7935/3 3418/6536/3
f 3416/6538/4 3420/7936/4 3419/6539/4
f 3417/6541/5 3421/7937/5 3420/6542/5
f 3414/6544/6 3418/7938/6 3421/6545/6
f 3425/6547/7 3424/7939/7 3423/6548/7
f 3427/6550/1 3428/7940/1 3429/6551/1
f 3423/6553/3 3427/7941/3 3426/6554/3
f 3424/6556/4 3428/7942/4 3427/6557/4
f 3425/6559/5 3429/7943/5 3428/6560/5
f 3422/6562/6 3426/7944/6 3429/6563/6
f 3433/6565/7 3432/6547/7 3431/6549/7
f 3435/6567/1 3436/7945/1 3437/6568/1
f 3431/6570/3 3435/7946/3 3434/6571/3
f 3432/6573/4 3436/7947/4 3435/6574/4
f 3433/6576/5 3437/6629/5 3436/6577/5
f 3430/6579/6 3434/7948/6 3437/6580/6
f 3439/6582/3 3443/7949/3 3442/6583/3
f 3440/6585/4 3444/7950/4 3443/6586/4
f 3441/6588/5 3445/7951/5 3444/6589/5
f 3438/6591/6 3442/7952/6 3445/6592/6
f 3447/6594/3 3451/7953/3 3450/6595/3
f 3448/6597/4 3452/7954/4 3451/6598/4
f 3449/6600/5 3453/7955/5 3452/6601/5
f 3446/6593/6 3450/6592/6 3453/6603/6
f 3455/6605/3 3459/7956/3 3458/6606/3
f 3456/6608/4 3460/7957/4 3459/6609/4
f 3457/6611/5 3461/7958/5 3460/6612/5
f 3454/6614/6 3458/7959/6 3461/6615/6
f 3465/6617/7 3464/7960/7 3463/6618/7
f 3467/6620/1 3468/7961/1 3469/6621/1
f 3463/6623/3 3467/7962/3 3466/6624/3
f 3464/6626/4 3468/7963/4 3467/6627/4
f 3465/6629/5 3469/7964/5 3468/6630/5
f 3462/6631/6 3466/7965/6 3469/6632/6
f 3473/6634/7 3472/6565/7 3471/6635/7
f 3475/6637/1 3476/7966/1 3477/6638/1
f 3471/6640/3 3475/6553/3 3474/6641/3
f 3472/6643/4 3476/7967/4 3475/6644/4
f 3473/6646/5 3477/7968/5 3476/6647/5
f 3470/6649/6 3474/7969/6 3477/6650/6
f 3479/6652/3 3483/7970/3 3482/6653/3
f 3480/6655/4 3484/7971/4 3483/6656/4
f 3481/6658/5 3485/7972/5 3484/6659/5
f 3478/6604/6 3482/6603/6 3485/6661/6
f 3487/6663/3 3491/7973/3 3490/6664/3
f 3488/6666/4 3492/7974/4 3491/6667/4
f 3489/6669/5 3493/7975/5 3492/6670/5
f 3486/6668/6 3490/7976/6 3493/6672/6
f 3497/6674/7 3496/7977/7 3495/6675/7
f 3495/6677/3 3499/7978/3 3498/6678/3
f 3496/6680/4 3500/7979/4 3499/6681/4
f 3497/6683/5 3501/7980/5 3500/6684/5
f 3494/6686/6 3498/7981/6 3501/6687/6
f 3505/6689/7 3504/7982/7 3503/6690/7
f 3507/6692/1 3508/7983/1 3509/6693/1
f 3503/6695/3 3507/7984/3 3506/6696/3
f 3504/6698/4 3508/7985/4 3507/6699/4
f 3505/6701/5 3509/7986/5 3508/6697/5
f 3502/5892/6 3506/7987/6 3509/6703/6
