# Blender 5.2.2 LTS
# www.blender.org
mtllib black_robe.mtl
g A_Body.001_A_Body.001
v 1.269001 -1.487500 0.009565
v 1.126851 -1.487500 -0.164321
v 1.090584 -1.487500 -0.314585
v 1.126733 -1.487500 -0.498090
v 1.001712 -1.487500 -0.624082
v 0.769592 -1.487500 -0.660340
v 0.619737 -1.487500 -0.746502
v 0.490410 -1.487500 -0.895295
v 0.266866 -1.487500 -0.928892
v 0.007741 -1.487500 -0.848711
v -0.226634 -1.487500 -0.845988
v -0.474013 -1.487500 -0.902564
v -0.668215 -1.487500 -0.833281
v -0.757442 -1.487500 -0.671850
v -0.898051 -1.487500 -0.579627
v -1.117493 -1.487500 -0.515006
v -1.195987 -1.487500 -0.364941
v -1.123699 -1.487500 -0.181285
v -1.150916 -1.487500 -0.008675
v -1.262963 -1.487500 0.184169
v -1.202479 -1.487500 0.346862
v -1.005303 -1.487500 0.444410
v -0.908499 -1.487500 0.566010
v -0.862551 -1.487500 0.740102
v -0.683322 -1.487500 0.823094
v -0.437558 -1.487500 0.798807
v -0.242033 -1.487500 0.842456
v -0.008676 -1.487500 0.951227
v 0.249887 -1.487500 0.932787
v 0.422928 -1.487500 0.805293
v 0.606036 -1.487500 0.755742
v 0.848933 -1.487500 0.753003
v 0.990191 -1.487500 0.639097
v 0.997059 -1.487500 0.459503
v 1.084697 -1.487500 0.330982
v 1.259430 -1.487500 0.203182
v 0.944978 -1.062500 0.036546
v 0.907339 -1.062500 -0.103501
v 0.947867 -1.062500 -0.241293
v 0.914560 -1.062500 -0.369674
v 0.763658 -1.062500 -0.441639
v 0.636206 -1.062500 -0.509618
v 0.557020 -1.062500 -0.625254
v 0.418464 -1.062500 -0.702616
v 0.224841 -1.062500 -0.685721
v 0.031796 -1.062500 -0.679456
v -0.167465 -1.062500 -0.733442
v -0.351312 -1.062500 -0.732386
v -0.474360 -1.062500 -0.636183
v -0.586297 -1.062500 -0.556898
v -0.753371 -1.062500 -0.522394
v -0.876720 -1.062500 -0.438951
v -0.880623 -1.062500 -0.299564
v -0.894391 -1.062500 -0.173182
v -0.989272 -1.062500 -0.038259
v -1.013887 -1.062500 0.115655
v -0.905427 -1.062500 0.230490
v -0.818450 -1.062500 0.330826
v -0.799452 -1.062500 0.462340
v -0.710914 -1.062500 0.569462
v -0.532080 -1.062500 0.597259
v -0.374488 -1.062500 0.628779
v -0.235379 -1.062500 0.717863
v -0.035529 -1.062500 0.759243
v 0.159966 -1.062500 0.700603
v 0.314393 -1.062500 0.655421
v 0.496595 -1.062500 0.666002
v 0.655145 -1.062500 0.622293
v 0.719640 -1.062500 0.499004
v 0.784587 -1.062500 0.392822
v 0.921900 -1.062500 0.313605
v 0.999419 -1.062500 0.193518
v 0.755958 -0.552500 0.040721
v 0.791718 -0.552500 -0.080909
v 0.794251 -0.552500 -0.188068
v 0.708737 -0.552500 -0.266061
v 0.617480 -0.552500 -0.329601
v 0.564117 -0.552500 -0.414486
v 0.477689 -0.552500 -0.487279
v 0.335188 -0.552500 -0.504069
v 0.190882 -0.552500 -0.510744
v 0.027683 -0.552500 -0.552974
v -0.151974 -0.552500 -0.573968
v -0.283395 -0.552500 -0.529208
v -0.390551 -0.552500 -0.478485
v -0.520204 -0.552500 -0.458552
v -0.635936 -0.552500 -0.414552
v -0.678815 -0.552500 -0.322450
v -0.705815 -0.552500 -0.229379
v -0.779637 -0.552500 -0.144767
v -0.826462 -0.552500 -0.023587
v -0.781781 -0.552500 0.099768
v -0.726495 -0.552500 0.191171
v -0.717745 -0.552500 0.289570
v -0.675069 -0.552500 0.381274
v -0.557037 -0.552500 0.429158
v -0.436938 -0.552500 0.464857
v -0.339448 -0.552500 0.530603
v -0.208685 -0.552500 0.579311
v -0.027336 -0.552500 0.565908
v 0.139009 -0.552500 0.544150
v 0.286997 -0.552500 0.556061
v 0.426976 -0.552500 0.544044
v 0.513675 -0.552500 0.472671
v 0.581685 -0.552500 0.398334
v 0.687443 -0.552500 0.346675
v 0.771643 -0.552500 0.271705
v 0.769852 -0.552500 0.162825
v 0.610961 -0.127500 0.027005
v 0.623946 -0.127500 -0.075186
v 0.592034 -0.127500 -0.150515
v 0.536718 -0.127500 -0.209486
v 0.493375 -0.127500 -0.269482
v 0.441159 -0.127500 -0.327475
v 0.353826 -0.127500 -0.360490
v 0.251488 -0.127500 -0.375770
v 0.147880 -0.127500 -0.399448
v 0.006107 -0.127500 -0.420135
v -0.138421 -0.127500 -0.409610
v -0.240428 -0.127500 -0.381411
v -0.337642 -0.127500 -0.362238
v -0.431379 -0.127500 -0.337479
v -0.493112 -0.127500 -0.285614
v -0.530181 -0.127500 -0.221720
v -0.577679 -0.127500 -0.161078
v -0.621107 -0.127500 -0.089462
v -0.620941 -0.127500 0.012880
v -0.595114 -0.127500 0.110788
v -0.582519 -0.127500 0.187774
v -0.562721 -0.127500 0.260604
v -0.501434 -0.127500 0.314210
v -0.420774 -0.127500 0.351418
v -0.348139 -0.127500 0.394375
v -0.263672 -0.127500 0.434945
v -0.150296 -0.127500 0.446299
v -0.005824 -0.127500 0.439797
v 0.136196 -0.127500 0.442705
v 0.252076 -0.127500 0.440858
v 0.343157 -0.127500 0.408482
v 0.411445 -0.127500 0.360961
v 0.485187 -0.127500 0.320702
v 0.555867 -0.127500 0.273430
v 0.587115 -0.127500 0.204035
v 0.592406 -0.127500 0.124404
v 0.753279 0.255000 0.023282
v 0.742472 0.255000 -0.095934
v 0.700820 0.255000 -0.177579
v 0.652845 0.255000 -0.247645
v 0.599522 0.255000 -0.312938
v 0.519548 0.255000 -0.363157
v 0.414924 0.255000 -0.394012
v 0.301817 0.255000 -0.419203
v 0.172825 0.255000 -0.441624
v -0.013009 0.255000 -0.444406
v -0.195573 0.255000 -0.426468
v -0.326107 0.255000 -0.405266
v -0.444215 0.255000 -0.381242
v -0.540569 0.255000 -0.339628
v -0.608730 0.255000 -0.281160
v -0.667508 0.255000 -0.218341
v -0.722214 0.255000 -0.148991
v -0.748884 0.255000 -0.062834
v -0.742276 0.255000 0.056474
v -0.728527 0.255000 0.173381
v -0.711209 0.255000 0.260804
v -0.665341 0.255000 0.333151
v -0.590765 0.255000 0.387782
v -0.509790 0.255000 0.435585
v -0.421075 0.255000 0.480446
v -0.307594 0.255000 0.507993
v -0.170301 0.255000 0.514589
v 0.012764 0.255000 0.515308
v 0.198472 0.255000 0.513383
v 0.332349 0.255000 0.493789
v 0.437727 0.255000 0.455088
v 0.530417 0.255000 0.412498
v 0.617753 0.255000 0.365921
v 0.680285 0.255000 0.303286
v 0.711665 0.255000 0.226230
v 0.734818 0.255000 0.140903
v 0.797330 0.663000 -0.015189
v 0.775282 0.663000 -0.112800
v 0.737736 0.663000 -0.180967
v 0.693628 0.663000 -0.240889
v 0.629130 0.663000 -0.291198
v 0.537618 0.663000 -0.326927
v 0.431887 0.663000 -0.353176
v 0.315381 0.663000 -0.375391
v 0.175263 0.663000 -0.386463
v -0.021311 0.663000 -0.379067
v -0.214328 0.663000 -0.363006
v -0.356028 0.663000 -0.345759
v -0.477113 0.663000 -0.318709
v -0.572055 0.663000 -0.277953
v -0.648975 0.663000 -0.230339
v -0.718165 0.663000 -0.178581
v -0.767740 0.663000 -0.117211
v -0.785787 0.663000 -0.043904
v -0.784806 0.663000 0.054637
v -0.777079 0.663000 0.153108
v -0.749509 0.663000 0.224174
v -0.692024 0.663000 0.280286
v -0.619249 0.663000 0.326310
v -0.538864 0.663000 0.367731
v -0.438779 0.663000 0.399131
v -0.314652 0.663000 0.414476
v -0.172510 0.663000 0.420078
v 0.021360 0.663000 0.419992
v 0.217748 0.663000 0.409118
v 0.355205 0.663000 0.384913
v 0.469619 0.663000 0.353389
v 0.573381 0.663000 0.318643
v 0.659331 0.663000 0.274333
v 0.716504 0.663000 0.218122
v 0.755681 0.663000 0.155056
v 0.787608 0.663000 0.084052
v 0.373540 0.850000 -0.016851
v 0.365270 0.850000 -0.077648
v 0.347867 0.850000 -0.125979
v 0.321267 0.850000 -0.167929
v 0.285876 0.850000 -0.203792
v 0.242247 0.850000 -0.233282
v 0.190972 0.850000 -0.255999
v 0.132487 0.850000 -0.271561
v 0.066441 0.850000 -0.279635
v -0.015265 0.850000 -0.279656
v -0.096568 0.850000 -0.272281
v -0.161410 0.850000 -0.258302
v -0.217914 0.850000 -0.237553
v -0.266462 0.850000 -0.210332
v -0.306665 0.850000 -0.177060
v -0.337977 0.850000 -0.138189
v -0.359878 0.850000 -0.094051
v -0.371932 0.850000 -0.044391
v -0.373540 0.850000 0.016851
v -0.365270 0.850000 0.077648
v -0.347867 0.850000 0.125979
v -0.321267 0.850000 0.167929
v -0.285876 0.850000 0.203792
v -0.242247 0.850000 0.233282
v -0.190972 0.850000 0.255999
v -0.132487 0.850000 0.271561
v -0.066441 0.850000 0.279635
v 0.015265 0.850000 0.279656
v 0.096568 0.850000 0.272281
v 0.161410 0.850000 0.258302
v 0.217914 0.850000 0.237553
v 0.266462 0.850000 0.210332
v 0.306665 0.850000 0.177060
v 0.337977 0.850000 0.138189
v 0.359878 0.850000 0.094051
v 0.371932 0.850000 0.044391
v 1.221439 -1.507199 0.022313
v 1.076027 -1.504299 -0.153294
v 1.038264 -1.500598 -0.315092
v 1.077806 -1.507074 -0.475309
v 0.977172 -1.505853 -0.583966
v 0.743082 -1.503058 -0.618969
v 0.583662 -1.500315 -0.711899
v 0.470114 -1.504329 -0.849801
v 0.270623 -1.504229 -0.882675
v 0.009699 -1.501345 -0.800700
v -0.233818 -1.498299 -0.798071
v -0.462135 -1.503806 -0.854502
v -0.634774 -1.505775 -0.798669
v -0.724759 -1.502764 -0.633751
v -0.875667 -1.498686 -0.535890
v -1.073464 -1.506758 -0.484800
v -1.146212 -1.507254 -0.362565
v -1.071504 -1.504322 -0.177161
v -1.101655 -1.500539 0.007424
v -1.209116 -1.507161 0.178710
v -1.163966 -1.506873 0.317761
v -0.963954 -1.504034 0.414890
v -0.860432 -1.500787 0.547399
v -0.826202 -1.505841 0.703091
v -0.673736 -1.504810 0.777665
v -0.426641 -1.502027 0.751868
v -0.222117 -1.499426 0.797996
v -0.004672 -1.503187 0.902911
v 0.232211 -1.504667 0.889240
v 0.406616 -1.501649 0.759333
v 0.599542 -1.498075 0.707674
v 0.819994 -1.505274 0.710686
v 0.945004 -1.506863 0.619206
v 0.950789 -1.503924 0.436144
v 1.046538 -1.499761 0.297980
v 1.207039 -1.507138 0.189497
v 0.893810 -1.078110 0.046385
v 0.853314 -1.075501 -0.100061
v 0.893703 -1.074944 -0.237457
v 0.868335 -1.079159 -0.341893
v 0.735797 -1.077222 -0.401127
v 0.601715 -1.075031 -0.471773
v 0.522713 -1.074782 -0.587510
v 0.403242 -1.077593 -0.655428
v 0.226160 -1.076684 -0.638152
v 0.028364 -1.074545 -0.630907
v -0.171767 -1.073685 -0.684847
v -0.337027 -1.077091 -0.684845
v -0.443993 -1.077562 -0.597168
v -0.559621 -1.075132 -0.514021
v -0.726960 -1.073862 -0.479290
v -0.830386 -1.078765 -0.411195
v -0.828601 -1.078149 -0.293052
v -0.842044 -1.075684 -0.160565
v -0.937398 -1.074759 -0.025104
v -0.959820 -1.078965 0.106126
v -0.862649 -1.077557 0.202460
v -0.770151 -1.075202 0.307902
v -0.751266 -1.074739 0.439420
v -0.679263 -1.077905 0.528337
v -0.519769 -1.076179 0.550542
v -0.356360 -1.074083 0.582514
v -0.217367 -1.073684 0.671766
v -0.034722 -1.076278 0.710463
v 0.146136 -1.076442 0.654278
v 0.304110 -1.074026 0.607104
v 0.486694 -1.072920 0.617547
v 0.623675 -1.077419 0.581069
v 0.674762 -1.077681 0.473617
v 0.742082 -1.075043 0.361518
v 0.879509 -1.074170 0.282449
v 0.945530 -1.078927 0.183733
v 0.702454 -0.564119 0.040723
v 0.738037 -0.563385 -0.083246
v 0.740611 -0.565468 -0.173716
v 0.670197 -0.564977 -0.232245
v 0.580103 -0.563760 -0.294576
v 0.525335 -0.563207 -0.380512
v 0.450861 -0.564609 -0.443609
v 0.327551 -0.564436 -0.456112
v 0.185026 -0.563507 -0.462522
v 0.019940 -0.563179 -0.504931
v -0.149051 -0.564666 -0.525064
v -0.264247 -0.565122 -0.484070
v -0.369696 -0.563899 -0.433659
v -0.500668 -0.563241 -0.413116
v -0.600551 -0.565479 -0.375898
v -0.629807 -0.565596 -0.302926
v -0.655937 -0.564263 -0.211385
v -0.730145 -0.563634 -0.125673
v -0.771924 -0.565287 -0.019148
v -0.731230 -0.565073 0.083527
v -0.676485 -0.563634 0.172914
v -0.666837 -0.562903 0.272920
v -0.631787 -0.564183 0.348663
v -0.534227 -0.563208 0.384689
v -0.415596 -0.562133 0.419774
v -0.316543 -0.561775 0.486084
v -0.197585 -0.563052 0.530702
v -0.031377 -0.563367 0.517386
v 0.133916 -0.562338 0.495459
v 0.282930 -0.561766 0.507147
v 0.408590 -0.563706 0.496891
v 0.477625 -0.564415 0.436348
v 0.544059 -0.563113 0.363079
v 0.650861 -0.562424 0.310395
v 0.721999 -0.565035 0.248210
v 0.716540 -0.565327 0.161763
v 0.553900 -0.127750 0.022037
v 0.565656 -0.128888 -0.070615
v 0.540500 -0.129651 -0.125132
v 0.492865 -0.128733 -0.176389
v 0.450098 -0.128731 -0.235912
v 0.406058 -0.130480 -0.285820
v 0.336580 -0.131341 -0.311334
v 0.241801 -0.130766 -0.325793
v 0.138885 -0.130881 -0.349450
v 0.002739 -0.132005 -0.369473
v -0.129781 -0.132659 -0.359275
v -0.224831 -0.131916 -0.332731
v -0.321884 -0.131186 -0.313540
v -0.406234 -0.131216 -0.290738
v -0.449637 -0.130913 -0.250639
v -0.480613 -0.129639 -0.195960
v -0.527830 -0.128804 -0.135672
v -0.564833 -0.129035 -0.074116
v -0.562834 -0.129063 0.008691
v -0.539291 -0.127981 0.098287
v -0.526994 -0.127383 0.174408
v -0.510739 -0.128059 0.235079
v -0.466093 -0.128135 0.272088
v -0.394557 -0.127279 0.305775
v -0.322311 -0.127362 0.348628
v -0.246058 -0.128671 0.385557
v -0.147004 -0.129479 0.394962
v -0.007925 -0.129127 0.388849
v 0.134669 -0.128838 0.391796
v 0.243430 -0.129301 0.389856
v 0.317856 -0.129633 0.361628
v 0.378039 -0.128875 0.319155
v 0.451529 -0.127945 0.279101
v 0.511907 -0.128187 0.238163
v 0.530660 -0.128833 0.188837
v 0.535128 -0.128151 0.119857
v 0.698549 0.262423 0.021394
v 0.688667 0.261909 -0.083714
v 0.653019 0.261182 -0.153173
v 0.608924 0.260769 -0.217787
v 0.561431 0.259517 -0.275930
v 0.494080 0.257318 -0.317810
v 0.400239 0.255854 -0.345526
v 0.291172 0.255373 -0.369871
v 0.167034 0.254558 -0.391465
v -0.011183 0.253625 -0.394094
v -0.187501 0.253736 -0.376732
v -0.314762 0.254326 -0.356076
v -0.427001 0.254867 -0.333262
v -0.510586 0.256248 -0.296676
v -0.569113 0.258239 -0.245919
v -0.624166 0.259734 -0.187427
v -0.672799 0.260879 -0.126156
v -0.693999 0.261753 -0.055847
v -0.687936 0.262181 0.052502
v -0.674777 0.262375 0.165015
v -0.659337 0.261550 0.242503
v -0.622443 0.259868 0.299777
v -0.558960 0.258555 0.346246
v -0.482840 0.257862 0.391192
v -0.400353 0.256604 0.432821
v -0.297922 0.255009 0.457525
v -0.168750 0.254253 0.463788
v 0.012065 0.254138 0.464498
v 0.194207 0.253889 0.462599
v 0.318451 0.254134 0.444235
v 0.414816 0.255271 0.408583
v 0.503550 0.256465 0.367921
v 0.583693 0.257674 0.325380
v 0.633723 0.259441 0.274458
v 0.659357 0.261007 0.210466
v 0.681119 0.262124 0.131543
v 0.738749 0.640445 -0.013763
v 0.719399 0.640655 -0.097769
v 0.687407 0.641153 -0.156246
v 0.648671 0.642479 -0.209406
v 0.594725 0.643842 -0.251761
v 0.515783 0.645826 -0.282165
v 0.417259 0.647854 -0.306340
v 0.305550 0.649445 -0.327472
v 0.172211 0.650635 -0.337775
v -0.018152 0.651188 -0.330486
v -0.207279 0.650776 -0.314847
v -0.344480 0.649262 -0.298499
v -0.457559 0.646839 -0.273741
v -0.542730 0.644843 -0.237238
v -0.612656 0.643520 -0.193767
v -0.674936 0.642296 -0.146859
v -0.714601 0.641177 -0.096556
v -0.728052 0.640314 -0.038371
v -0.727152 0.639968 0.051715
v -0.719783 0.640441 0.143547
v -0.697588 0.640451 0.201754
v -0.652486 0.640421 0.246175
v -0.588563 0.641285 0.287004
v -0.514072 0.642622 0.325570
v -0.422806 0.643937 0.354100
v -0.307785 0.645409 0.367870
v -0.170774 0.646523 0.372961
v 0.020000 0.646783 0.372823
v 0.211142 0.645985 0.362524
v 0.341456 0.644865 0.339851
v 0.450473 0.643851 0.310007
v 0.548700 0.642440 0.277359
v 0.624336 0.640969 0.238154
v 0.670350 0.640201 0.191377
v 0.703437 0.640047 0.136548
v 0.730770 0.640486 0.073654
v 0.346076 0.813112 -0.015397
v 0.338111 0.813518 -0.070033
v 0.321492 0.814323 -0.112982
v 0.296759 0.815558 -0.148422
v 0.265431 0.818443 -0.175238
v 0.226535 0.822550 -0.197548
v 0.179107 0.825888 -0.216124
v 0.125542 0.828743 -0.228544
v 0.065407 0.831188 -0.234670
v -0.012195 0.832280 -0.234271
v -0.090562 0.831777 -0.227395
v -0.151530 0.829480 -0.215249
v -0.202463 0.825452 -0.198765
v -0.245580 0.821407 -0.178248
v -0.282813 0.818612 -0.151044
v -0.312353 0.816114 -0.118468
v -0.332690 0.813999 -0.083145
v -0.344138 0.813340 -0.041370
v -0.345822 0.813289 0.015784
v -0.338309 0.813140 0.072379
v -0.322946 0.813518 0.113134
v -0.299084 0.815053 0.147530
v -0.266113 0.816794 0.178130
v -0.226218 0.818869 0.202228
v -0.180766 0.821950 0.219251
v -0.127530 0.824952 0.231288
v -0.065134 0.826644 0.237839
v 0.013588 0.827001 0.237610
v 0.090896 0.826129 0.231113
v 0.150640 0.824355 0.219525
v 0.203282 0.822280 0.201953
v 0.248543 0.819635 0.179063
v 0.284652 0.816564 0.152977
v 0.312759 0.814661 0.122128
v 0.333272 0.813825 0.083629
v 0.344675 0.813216 0.039492
vn 0.6549 0.5333 -0.5354
vn 0.8732 0.4142 0.2568
vn 0.9083 0.3456 -0.2356
vn 0.6174 0.4934 -0.6127
vn 0.1375 0.4547 -0.8800
vn 0.7498 0.4174 -0.5134
vn 0.4642 0.3057 -0.8313
vn 0.1343 0.4279 -0.8938
vn -0.2625 0.4595 -0.8485
vn 0.2453 0.3467 -0.9053
vn -0.0056 0.2567 -0.9665
vn -0.5524 0.4424 -0.7065
vn -0.7427 0.5291 -0.4105
vn -0.1911 0.3273 -0.9254
vn -0.5363 0.2894 -0.7928
vn -0.7649 0.5049 -0.4001
vn -0.7858 0.5355 0.3093
vn -0.7453 0.4121 -0.5241
vn -0.9277 0.3425 -0.1484
vn -0.8018 0.5180 0.2981
vn -0.3877 0.4855 0.7836
vn -0.8946 0.4278 0.1292
vn -0.7268 0.3330 0.6007
vn -0.3737 0.4573 0.8070
vn 0.0882 0.4428 0.8923
vn -0.4978 0.3848 0.7773
vn -0.1947 0.2787 0.9404
vn 0.2619 0.4110 0.8732
vn 0.5164 0.4921 0.7008
vn -0.0549 0.3196 0.9460
vn 0.2564 0.2625 0.9302
vn 0.7775 0.4796 0.4067
vn 0.8383 0.5442 0.0321
vn 0.4662 0.3599 0.8082
vn 0.7945 0.3253 0.5128
vn 0.8518 0.5221 0.0421
vn 0.9046 0.3331 0.2660
vn 0.9752 0.2201 0.0231
vn 0.9225 0.3028 -0.2393
vn 0.4054 0.3363 -0.8500
vn 0.7967 0.3384 -0.5008
vn 0.6273 0.2276 -0.7448
vn 0.4654 0.2979 -0.8335
vn -0.0814 0.3500 -0.9332
vn 0.2365 0.3294 -0.9141
vn 0.1127 0.2400 -0.9642
vn -0.3083 0.2924 -0.9052
vn -0.5727 0.3681 -0.7325
vn -0.1443 0.3139 -0.9384
vn -0.3466 0.2207 -0.9117
vn -0.5361 0.2910 -0.7924
vn -0.9299 0.3668 -0.0260
vn -0.7115 0.3293 -0.6208
vn -0.9091 0.2241 -0.3513
vn -0.9405 0.3046 -0.1504
vn -0.6857 0.3322 0.6476
vn -0.7206 0.3010 0.6246
vn -0.8867 0.2085 0.4127
vn -0.7404 0.2779 0.6120
vn -0.1464 0.3032 0.9416
vn -0.1883 0.2796 0.9415
vn -0.3420 0.2002 0.9181
vn -0.1954 0.2666 0.9438
vn 0.2705 0.3375 0.9017
vn -0.0768 0.2895 0.9541
vn 0.0839 0.1949 0.9772
vn 0.6134 0.2619 0.7451
vn 0.8278 0.3567 0.4330
vn 0.4208 0.2839 0.8616
vn 0.6528 0.1907 0.7332
vn 0.9595 0.2814 -0.0158
vn 0.8755 0.3758 -0.3036
vn 0.9385 0.3240 0.1192
vn 0.9300 0.3668 0.0220
vn 0.6287 0.3600 -0.6893
vn 0.5409 0.3223 -0.7769
vn 0.8057 0.3069 -0.5065
vn 0.6094 0.3244 -0.7235
vn 0.1111 0.3137 -0.9430
vn 0.0441 0.2967 -0.9540
vn 0.2413 0.2686 -0.9325
vn 0.1107 0.3016 -0.9470
vn -0.3017 0.3522 -0.8859
vn -0.4029 0.3367 -0.8511
vn -0.2449 0.2840 -0.9270
vn -0.6067 0.3325 -0.7221
vn -0.8320 0.3971 -0.3874
vn -0.8911 0.3729 -0.2585
vn -0.8093 0.3229 -0.4907
vn -0.8676 0.3673 -0.3352
vn -0.8652 0.3915 0.3134
vn -0.8045 0.3407 0.4866
vn -0.9436 0.3203 0.0839
vn -0.8532 0.3383 0.3970
vn -0.3601 0.2872 0.8876
vn -0.2753 0.2577 0.9262
vn -0.5419 0.2465 0.8035
vn -0.3367 0.2635 0.9040
vn 0.0706 0.2891 0.9547
vn 0.1246 0.2765 0.9529
vn 0.0155 0.2322 0.9725
vn 0.3223 0.2722 0.9066
vn 0.5958 0.3483 0.7237
vn 0.4528 0.3270 0.8295
vn 0.5356 0.2679 0.8008
vn 0.8598 0.3329 0.3872
vn 0.9180 0.3962 -0.0151
vn 0.9210 0.3751 -0.1048
vn 0.9310 -0.3453 0.1183
vn 0.8531 -0.2879 -0.4352
vn 0.7957 -0.2648 -0.5448
vn 0.7422 -0.2858 -0.6062
vn 0.5167 -0.2369 -0.8228
vn 0.2798 -0.1459 -0.9489
vn 0.2158 -0.1194 -0.9691
vn 0.1697 -0.1332 -0.9764
vn 0.1434 -0.1177 -0.9826
vn -0.0725 -0.0668 -0.9951
vn -0.2655 -0.0820 -0.9606
vn -0.1924 -0.1040 -0.9758
vn -0.2536 -0.1184 -0.9600
vn -0.6322 -0.1847 -0.7525
vn -0.8380 -0.2476 -0.4862
vn -0.7587 -0.2671 -0.5942
vn -0.8175 -0.2932 -0.4957
vn -0.9484 -0.3169 0.0015
vn -0.9166 -0.3183 0.2418
vn -0.9254 -0.3475 0.1514
vn -0.9036 -0.3509 0.2456
vn -0.5642 -0.2974 0.7702
vn -0.4890 -0.2735 0.8283
vn -0.4321 -0.2886 0.8544
vn -0.2281 -0.2549 0.9397
vn -0.0471 -0.1926 0.9801
vn -0.0039 -0.1760 0.9844
vn -0.0201 -0.1927 0.9811
vn 0.0157 -0.1841 0.9828
vn 0.3284 -0.1968 0.9238
vn 0.5553 -0.2345 0.7979
vn 0.4629 -0.2582 0.8479
vn 0.5338 -0.2794 0.7981
vn 0.8662 -0.3122 0.3901
vn 0.9166 -0.3129 0.2487
vn 0.9201 -0.3501 0.1753
vn 0.9893 -0.1153 -0.0897
vn 0.8724 -0.0900 -0.4805
vn 0.8029 -0.0776 -0.5910
vn 0.6143 -0.0484 -0.7876
vn 0.3636 0.0232 -0.9313
vn 0.2403 0.0753 -0.9678
vn 0.1865 0.0902 -0.9783
vn 0.0783 0.1039 -0.9915
vn 0.0148 0.1339 -0.9909
vn -0.0966 0.1555 -0.9831
vn -0.1586 0.1446 -0.9767
vn -0.1977 0.1273 -0.9720
vn -0.3942 0.1081 -0.9127
vn -0.6497 0.0644 -0.7574
vn -0.7301 0.0131 -0.6832
vn -0.7846 -0.0371 -0.6189
vn -0.9520 -0.0833 -0.2947
vn -0.9942 -0.0925 0.0551
vn -0.9916 -0.1030 0.0778
vn -0.9283 -0.0926 0.3601
vn -0.6985 -0.0013 0.7156
vn -0.5330 0.0743 0.8428
vn -0.4557 0.1014 0.8843
vn -0.2966 0.1361 0.9453
vn -0.1205 0.1890 0.9746
vn -0.0384 0.2226 0.9741
vn -0.0038 0.2256 0.9742
vn 0.0101 0.2273 0.9738
vn 0.1406 0.2389 0.9608
vn 0.3359 0.2252 0.9146
vn 0.4099 0.1903 0.8921
vn 0.4651 0.1516 0.8722
vn 0.7051 0.0862 0.7039
vn 0.9261 -0.0035 0.3772
vn 0.9635 -0.0583 0.2614
vn 0.9824 -0.1056 0.1542
vn 0.4023 0.9110 -0.0909
vn 0.3900 0.8954 -0.2148
vn 0.3824 0.8801 -0.2815
vn 0.3361 0.8374 -0.4309
vn 0.2443 0.7408 -0.6257
vn 0.1821 0.6549 -0.7334
vn 0.1497 0.6009 -0.7852
vn 0.0666 0.5334 -0.8432
vn -0.0330 0.4812 -0.8760
vn -0.0797 0.4699 -0.8791
vn -0.1802 0.5189 -0.8357
vn -0.2695 0.6236 -0.7338
vn -0.3362 0.7262 -0.5996
vn -0.3849 0.7972 -0.4651
vn -0.4120 0.8486 -0.3318
vn -0.4143 0.8866 -0.2056
vn -0.4100 0.9066 -0.0995
vn -0.4118 0.9112 -0.0108
vn -0.4090 0.9108 0.0556
vn -0.3859 0.9103 0.1497
vn -0.3286 0.8825 0.3366
vn -0.2875 0.8431 0.4546
vn -0.2664 0.8135 0.5169
vn -0.1954 0.7576 0.6227
vn -0.0902 0.6779 0.7296
vn -0.0307 0.6257 0.7795
vn 0.0004 0.6004 0.7997
vn 0.0723 0.6002 0.7966
vn 0.1604 0.6485 0.7441
vn 0.2446 0.7045 0.6662
vn 0.3133 0.7679 0.5588
vn 0.3549 0.8308 0.4288
vn 0.3790 0.8736 0.3053
vn 0.4001 0.8947 0.1985
vn 0.4124 0.9055 0.1001
vn 0.4094 0.9123 0.0108
vn -0.6567 -0.5315 0.5350
vn -0.9146 -0.3481 0.2055
vn -0.9026 -0.3771 -0.2075
vn -0.6398 -0.4962 0.5870
vn -0.1371 -0.4530 0.8809
vn -0.4830 -0.3087 0.8194
vn -0.7081 -0.3816 0.5941
vn -0.1471 -0.4290 0.8912
vn 0.2618 -0.4585 0.8493
vn 0.0072 -0.2586 0.9660
vn -0.2217 -0.3034 0.9267
vn 0.2706 -0.5060 0.8190
vn 0.7425 -0.5260 0.4147
vn 0.5156 -0.2880 0.8070
vn 0.2500 -0.3003 0.9205
vn 0.7454 -0.4993 0.4416
vn 0.7877 -0.5330 -0.3090
vn 0.9252 -0.3448 0.1582
vn 0.7905 -0.3787 0.4813
vn 0.8137 -0.5183 -0.2631
vn 0.3880 -0.4831 -0.7849
vn 0.7460 -0.3368 -0.5745
vn 0.8953 -0.3930 -0.2096
vn 0.3926 -0.4600 -0.7964
vn -0.0883 -0.4414 -0.8929
vn 0.2146 -0.2798 -0.9358
vn 0.4017 -0.3527 -0.8451
vn -0.0533 -0.4886 -0.8709
vn -0.5154 -0.4895 -0.7034
vn -0.2450 -0.2629 -0.9332
vn 0.0037 -0.2884 -0.9575
vn -0.5002 -0.5436 -0.6740
vn -0.8403 -0.5410 -0.0352
vn -0.7732 -0.3234 -0.5456
vn -0.5375 -0.3387 -0.7722
vn -0.8507 -0.5205 -0.0731
vn -0.9094 -0.3358 0.2455
vn -0.9299 -0.2451 -0.2743
vn -0.8900 -0.3924 0.2320
vn -0.3888 -0.3330 0.8590
vn -0.4472 -0.3097 0.8391
vn -0.7966 -0.2654 0.5432
vn -0.4503 -0.3802 0.8079
vn 0.0892 -0.3492 0.9328
vn 0.0312 -0.3214 0.9464
vn -0.2510 -0.2797 0.9267
vn 0.0076 -0.3660 0.9306
vn 0.5909 -0.3660 0.7190
vn 0.5477 -0.3247 0.7711
vn 0.1954 -0.2419 0.9504
vn 0.5236 -0.3669 0.7689
vn 0.9322 -0.3618 -0.0122
vn 0.9381 -0.3313 0.1013
vn 0.7882 -0.2625 0.5566
vn 0.9067 -0.3971 0.1422
vn 0.6678 -0.3265 -0.6689
vn 0.7211 -0.2972 -0.6259
vn 0.9589 -0.2487 -0.1368
vn 0.7407 -0.2818 -0.6099
vn 0.1347 -0.3014 -0.9439
vn 0.1879 -0.2777 -0.9421
vn 0.5243 -0.2456 -0.8154
vn 0.1897 -0.3470 -0.9185
vn -0.2796 -0.3366 -0.8992
vn -0.2698 -0.2901 -0.9182
vn 0.0570 -0.2219 -0.9734
vn -0.2531 -0.3287 -0.9099
vn -0.8451 -0.3537 -0.4009
vn -0.8379 -0.1998 -0.5079
vn -0.4868 -0.2077 -0.8484
vn -0.7805 -0.3696 -0.5042
vn -0.8689 -0.3735 0.3250
vn -0.9000 -0.3495 -0.2604
vn -0.9093 -0.4157 -0.0163
vn -0.5990 -0.3551 0.7177
vn -0.5420 -0.3198 0.7771
vn -0.7969 -0.3303 0.5058
vn -0.6075 -0.3260 0.7243
vn -0.0962 -0.3138 0.9446
vn -0.0448 -0.2956 0.9543
vn -0.2379 -0.2997 0.9239
vn -0.1077 -0.3520 0.9298
vn 0.3150 -0.3523 0.8813
vn 0.4033 -0.3343 0.8518
vn 0.1464 -0.2991 0.9429
vn 0.3321 -0.3659 0.8694
vn 0.8531 -0.3946 0.3414
vn 0.8922 -0.3692 0.2601
vn 0.7090 -0.3428 0.6163
vn 0.8670 -0.3695 0.3343
vn 0.8567 -0.3890 -0.3387
vn 0.8053 -0.3371 -0.4878
vn 0.9424 -0.3226 -0.0886
vn 0.8512 -0.3403 -0.3996
vn 0.3346 -0.2849 -0.8983
vn 0.2763 -0.2562 -0.9263
vn 0.5396 -0.2475 -0.8047
vn 0.3362 -0.2645 -0.9039
vn -0.0770 -0.2897 -0.9540
vn -0.1247 -0.2754 -0.9532
vn 0.0766 -0.2545 -0.9640
vn -0.0821 -0.3121 -0.9465
vn -0.6200 -0.3486 -0.7029
vn -0.6962 -0.3306 -0.6371
vn -0.4234 -0.2789 -0.8620
vn -0.6200 -0.3664 -0.6938
vn -0.9171 -0.3942 0.0592
vn -0.9221 -0.3727 0.1036
vn -0.9307 0.3448 -0.1223
vn -0.8732 0.2800 0.3990
vn -0.7010 0.2787 0.6565
vn -0.7793 0.2812 0.5600
vn -0.7353 0.2198 0.6411
vn -0.3429 0.1384 0.9291
vn -0.1487 0.1309 0.9802
vn -0.2225 0.1217 0.9673
vn -0.1457 0.0578 0.9876
vn 0.0762 0.0663 0.9949
vn 0.2686 0.0835 0.9596
vn 0.1937 0.1041 0.9755
vn 0.2591 0.1195 0.9584
vn 0.6669 0.1906 0.7204
vn 0.8442 0.2535 0.4723
vn 0.7604 0.2674 0.5918
vn 0.8191 0.2927 0.4935
vn 0.9489 0.3147 -0.0228
vn 0.9153 0.3200 -0.2444
vn 0.9254 0.3472 -0.1522
vn 0.9058 0.3500 -0.2388
vn 0.6114 0.2882 -0.7370
vn 0.4055 0.2855 -0.8684
vn 0.4899 0.2806 -0.8254
vn 0.4281 0.2222 -0.8760
vn 0.0944 0.1809 -0.9790
vn -0.0436 0.1956 -0.9797
vn 0.0199 0.1926 -0.9811
vn -0.0167 0.1844 -0.9827
vn -0.3468 0.1979 -0.9168
vn -0.5620 0.2382 -0.7921
vn -0.4648 0.2586 -0.8468
vn -0.5380 0.2798 -0.7951
vn -0.8871 0.3107 -0.3413
vn -0.9470 0.3159 -0.0582
vn -0.9204 0.3495 -0.1752
vn -0.9892 0.1138 0.0924
vn -0.8869 0.0839 0.4543
vn -0.8240 0.0735 0.5618
vn -0.7745 0.0273 0.6320
vn -0.5263 -0.0485 0.8489
vn -0.2811 -0.0834 0.9561
vn -0.2164 -0.0966 0.9715
vn -0.1691 -0.1302 0.9770
vn -0.0139 -0.1341 0.9909
vn 0.0967 -0.1556 0.9831
vn 0.1579 -0.1444 0.9768
vn 0.1970 -0.1269 0.9722
vn 0.3972 -0.1074 0.9114
vn 0.6527 -0.0615 0.7551
vn 0.7280 -0.0105 0.6855
vn 0.7830 0.0381 0.6208
vn 0.9544 0.0826 0.2868
vn 0.9942 0.0920 -0.0560
vn 0.9871 0.1109 -0.1156
vn 0.9779 0.0779 -0.1940
vn 0.8405 -0.0099 -0.5417
vn 0.5877 -0.0792 -0.8052
vn 0.5049 -0.1051 -0.8567
vn 0.4433 -0.1538 -0.8831
vn 0.2260 -0.2126 -0.9507
vn 0.0459 -0.2251 -0.9733
vn 0.0037 -0.2256 -0.9742
vn -0.0105 -0.2272 -0.9738
vn -0.1415 -0.2391 -0.9606
vn -0.3358 -0.2246 -0.9148
vn -0.4069 -0.1894 -0.8936
vn -0.4617 -0.1511 -0.8741
vn -0.7093 -0.0840 -0.6998
vn -0.9283 0.0082 -0.3717
vn -0.9625 0.0603 -0.2645
vn -0.9823 0.1052 -0.1551
vn -0.4012 -0.9115 0.0901
vn -0.3915 -0.8967 0.2066
vn -0.3877 -0.8842 0.2604
vn -0.3440 -0.8443 0.4110
vn -0.2546 -0.7485 0.6123
vn -0.1916 -0.6610 0.7255
vn -0.1563 -0.6048 0.7809
vn -0.0698 -0.5348 0.8421
vn 0.0321 -0.4812 0.8760
vn 0.0737 -0.4720 0.8785
vn 0.1074 -0.5094 0.8538
vn 0.1844 -0.5925 0.7842
vn 0.2924 -0.7072 0.6437
vn 0.3435 -0.7761 0.5289
vn 0.3566 -0.8176 0.4521
vn 0.3868 -0.8769 0.2855
vn 0.4101 -0.9084 0.0813
vn 0.4132 -0.9106 -0.0076
vn 0.4079 -0.9126 -0.0280
vn 0.3851 -0.9111 -0.1467
vn 0.3288 -0.8832 -0.3345
vn 0.2946 -0.8466 -0.4433
vn 0.2755 -0.8187 -0.5038
vn 0.2032 -0.7621 -0.6148
vn 0.0957 -0.6805 -0.7265
vn 0.0340 -0.6265 -0.7787
vn 0.0002 -0.6002 -0.7999
vn -0.0452 -0.6083 -0.7924
vn -0.1360 -0.6474 -0.7499
vn -0.1965 -0.6925 -0.6941
vn -0.2236 -0.7343 -0.6410
vn -0.2855 -0.8047 -0.5205
vn -0.3588 -0.8698 -0.3387
vn -0.3863 -0.8931 -0.2306
vn -0.3891 -0.9044 -0.1754
vn -0.4021 -0.9149 -0.0363
vn 0.2599 -0.9377 -0.2307
vn 0.2428 -0.9669 -0.0788
vn 0.4018 -0.9123 0.0792
vn 0.2646 -0.9279 -0.2626
vn 0.0381 -0.9431 -0.3302
vn 0.1193 -0.9651 -0.2331
vn 0.2635 -0.9371 -0.2291
vn 0.0516 -0.9377 -0.3436
vn -0.0961 -0.9574 -0.2722
vn -0.0146 -0.9750 -0.2219
vn 0.0772 -0.9382 -0.3374
vn -0.1293 -0.9230 -0.3624
vn -0.2833 -0.9492 -0.1372
vn -0.1411 -0.9741 -0.1769
vn -0.1191 -0.9068 -0.4045
vn -0.3548 -0.9163 -0.1856
vn -0.3138 -0.9389 0.1413
vn -0.2494 -0.9682 -0.0209
vn -0.3540 -0.9124 -0.2057
vn -0.3622 -0.9223 0.1347
vn -0.1435 -0.9355 0.3229
vn -0.1976 -0.9640 0.1780
vn -0.3678 -0.9248 0.0971
vn -0.1501 -0.9340 0.3242
vn 0.0425 -0.9516 0.3044
vn -0.0421 -0.9696 0.2412
vn -0.1377 -0.9454 0.2955
vn 0.0255 -0.9335 0.3577
vn 0.1864 -0.9556 0.2280
vn 0.0729 -0.9761 0.2049
vn 0.0043 -0.9230 0.3847
vn 0.2536 -0.9148 0.3145
vn 0.3365 -0.9417 -0.0045
vn 0.2108 -0.9705 0.1168
vn 0.2502 -0.9058 0.3420
vn 0.3870 -0.9219 0.0191
vn -0.7940 0.5959 0.1202
vn -0.7355 0.6094 0.2960
vn -0.6262 0.6302 0.4590
vn -0.4520 0.6609 0.5991
vn -0.2760 0.7370 0.6169
vn -0.1604 0.8156 0.5560
vn -0.0701 0.8627 0.5008
vn -0.0085 0.8970 0.4419
vn 0.0150 0.9223 0.3862
vn 0.0328 0.9318 0.3616
vn 0.0789 0.9273 0.3659
vn 0.1462 0.9056 0.3981
vn 0.2495 0.8601 0.4450
vn 0.3831 0.7993 0.4629
vn 0.5208 0.7435 0.4195
vn 0.6540 0.6834 0.3245
vn 0.7569 0.6272 0.1837
vn 0.7959 0.6051 0.0209
vn 0.7923 0.6012 -0.1036
vn 0.7525 0.5917 -0.2891
vn 0.6416 0.6045 -0.4721
vn 0.4978 0.6507 -0.5734
vn 0.3455 0.6939 -0.6318
vn 0.1910 0.7408 -0.6440
vn 0.0878 0.8034 -0.5889
vn 0.0321 0.8505 -0.5250
vn -0.0054 0.8729 -0.4879
vn -0.0434 0.8772 -0.4781
vn -0.1052 0.8665 -0.4879
vn -0.1857 0.8425 -0.5056
vn -0.2872 0.8094 -0.5122
vn -0.4143 0.7601 -0.5006
vn -0.5605 0.6942 -0.4515
vn -0.6855 0.6438 -0.3401
vn -0.7653 0.6163 -0.1857
vn -0.8019 0.5970 -0.0211
vn 0.8512 0.4724 -0.2288
vn 0.9126 0.3444 -0.2203
vn 0.9009 0.3961 0.1775
vn 0.3644 0.5322 -0.7642
vn 0.4274 0.4184 -0.8014
vn 0.4746 0.3055 -0.8255
vn 0.6946 0.3913 -0.6037
vn -0.0758 0.4895 -0.8687
vn -0.0301 0.3713 -0.9280
vn -0.0112 0.2574 -0.9662
vn 0.2120 0.3099 -0.9268
vn -0.2894 0.5082 -0.8112
vn -0.5264 0.4130 -0.7432
vn -0.5254 0.2867 -0.8011
vn -0.2681 0.3148 -0.9105
vn -0.8012 0.5980 -0.0224
vn -0.8753 0.4741 -0.0954
vn -0.9280 0.3428 -0.1463
vn -0.7955 0.3917 -0.4622
vn -0.5967 0.5713 0.5635
vn -0.6739 0.4524 0.5842
vn -0.7378 0.3326 0.5874
vn -0.8826 0.4084 0.2329
vn -0.1329 0.5015 0.8549
vn -0.1807 0.3883 0.9036
vn -0.2093 0.2781 0.9375
vn -0.3946 0.3575 0.8465
vn 0.0621 0.4886 0.8703
vn 0.2598 0.3795 0.8880
vn 0.2521 0.2616 0.9317
vn 0.0108 0.2984 0.9544
vn 0.5248 0.5486 0.6508
vn 0.7605 0.4532 0.4651
vn 0.7823 0.3215 0.5335
vn 0.5519 0.3548 0.7546
vn 0.7591 0.5954 -0.2633
vn 0.9411 0.2246 -0.2529
vn 0.9286 0.2512 0.2731
vn 0.6208 0.3888 -0.6807
vn 0.5403 0.3253 -0.7760
vn 0.4585 0.2252 -0.8597
vn 0.7943 0.2707 -0.5439
vn 0.1084 0.3760 -0.9203
vn 0.0437 0.3268 -0.9441
vn -0.0315 0.2404 -0.9702
vn 0.2509 0.2819 -0.9260
vn -0.0053 0.3707 -0.9287
vn -0.4038 0.3302 -0.8532
vn -0.5630 0.2262 -0.7949
vn -0.1960 0.2459 -0.9493
vn -0.8273 0.4090 -0.3851
vn -0.9014 0.3450 -0.2615
vn -0.9689 0.2239 -0.1056
vn -0.7882 0.2676 -0.5543
vn -0.8611 0.4016 0.3119
vn -0.8101 0.3220 0.4900
vn -0.9760 0.1997 0.0868
vn -0.9569 0.2554 0.1382
vn -0.3528 0.3456 0.8695
vn -0.2728 0.2891 0.9176
vn -0.5485 0.1942 0.8133
vn -0.5223 0.2489 0.8156
vn 0.0690 0.3527 0.9332
vn 0.1239 0.2957 0.9472
vn 0.2752 0.1981 0.9407
vn -0.0565 0.2249 0.9727
vn 0.2503 0.3358 0.9080
vn 0.7001 0.3158 0.6405
vn 0.8349 0.2052 0.5107
vn 0.4882 0.2134 0.8462
vn 0.7771 0.3800 0.5017
vn 0.9321 0.3463 -0.1061
vn 0.8983 0.3511 0.2641
vn 0.8325 0.4273 -0.3527
vn 0.6804 0.3603 -0.6382
vn 0.7721 0.3044 -0.5578
vn 0.7010 0.3320 -0.6312
vn 0.3303 0.3569 -0.8738
vn 0.1403 0.3114 -0.9399
vn 0.2147 0.2677 -0.9393
vn 0.1377 0.3018 -0.9434
vn -0.0677 0.3617 -0.9298
vn -0.2505 0.3405 -0.9063
vn -0.1857 0.2807 -0.9417
vn -0.1450 0.2990 -0.9432
vn -0.3296 0.3738 -0.8670
vn -0.7971 0.3884 -0.4624
vn -0.7462 0.3189 -0.5844
vn -0.7075 0.3442 -0.6173
vn -0.9003 0.4352 0.0015
vn -0.8921 0.3857 0.2353
vn -0.9356 0.3182 0.1531
vn -0.9051 0.3469 0.2460
vn -0.6138 0.3615 0.7018
vn -0.4012 0.2877 0.8697
vn -0.4940 0.2417 0.8352
vn -0.4169 0.2697 0.8680
vn -0.0948 0.3092 0.9463
vn 0.0431 0.2822 0.9584
vn -0.0199 0.2320 0.9725
vn -0.0776 0.2549 0.9639
vn 0.0811 0.3174 0.9448
vn 0.5386 0.3330 0.7740
vn 0.7085 0.2793 0.6482
vn 0.4215 0.2792 0.8628
vn 0.6158 0.3775 0.6916
vn 0.9191 0.3893 0.0611
vn 0.9297 0.3229 0.1771
vn 0.9503 -0.2991 -0.0862
vn 0.8845 -0.2781 -0.3747
vn 0.7006 -0.2782 -0.6571
vn 0.7782 -0.2798 -0.5622
vn 0.7266 -0.2099 -0.6542
vn 0.3503 -0.1372 -0.9266
vn 0.1464 -0.1306 -0.9806
vn 0.2211 -0.1211 -0.9677
vn 0.0149 -0.0626 -0.9979
vn -0.0976 -0.0584 -0.9935
vn -0.1596 -0.0970 -0.9824
vn -0.1983 -0.1037 -0.9747
vn -0.3937 -0.1175 -0.9117
vn -0.6399 -0.1847 -0.7459
vn -0.7074 -0.2481 -0.6619
vn -0.7566 -0.2670 -0.5968
vn -0.9154 -0.2861 -0.2833
vn -0.9501 -0.3074 0.0526
vn -0.9328 -0.3433 0.1097
vn -0.9208 -0.3446 0.1824
vn -0.8025 -0.3118 0.5088
vn -0.6309 -0.2861 0.7212
vn -0.4015 -0.2850 0.8704
vn -0.4888 -0.2792 0.8265
vn -0.4227 -0.2166 0.8800
vn -0.0980 -0.1799 0.9788
vn 0.0441 -0.1956 0.9797
vn 0.0102 -0.1833 0.9830
vn 0.1428 -0.1650 0.9759
vn 0.3381 -0.1958 0.9205
vn 0.4048 -0.2446 0.8811
vn 0.4546 -0.2583 0.8524
vn 0.6805 -0.2744 0.6794
vn 0.8812 -0.3078 0.3589
vn 0.9345 -0.3506 0.0621
vn 0.9277 -0.3438 0.1456
vn 0.9717 -0.0872 -0.2195
vn 0.8876 -0.0841 -0.4528
vn 0.8229 -0.0729 -0.5635
vn 0.7743 -0.0225 -0.6324
vn 0.5311 0.0516 -0.8458
vn 0.2819 0.0839 -0.9558
vn 0.2164 0.0971 -0.9715
vn 0.1698 0.1310 -0.9767
vn -0.0371 0.1573 -0.9869
vn -0.0820 0.1495 -0.9854
vn -0.1197 0.1347 -0.9836
vn -0.2161 0.1309 -0.9676
vn -0.3922 0.1078 -0.9136
vn -0.5256 0.0539 -0.8490
vn -0.5990 0.0037 -0.8007
vn -0.7773 -0.0378 -0.6279
vn -0.9682 -0.0765 -0.2383
vn -0.9946 -0.1036 0.0099
vn -0.9869 -0.1117 0.1161
vn -0.9782 -0.0744 0.1938
vn -0.8445 0.0141 0.5354
vn -0.5891 0.0800 0.8041
vn -0.5055 0.1064 0.8563
vn -0.4457 0.1563 0.8814
vn -0.2304 0.2136 0.9493
vn -0.0468 0.2252 0.9732
vn 0.0004 0.2275 0.9738
vn 0.0536 0.2449 0.9681
vn 0.1681 0.2454 0.9547
vn 0.2595 0.2144 0.9416
vn 0.3122 0.1816 0.9325
vn 0.4530 0.1511 0.8786
vn 0.6985 0.0863 0.7104
vn 0.8494 0.0004 0.5277
vn 0.9104 -0.0607 0.4093
vn 0.9905 -0.0978 0.0970
vn 0.4103 0.9102 -0.0558
vn 0.4107 0.8997 -0.1479
vn 0.3949 0.8840 -0.2504
vn 0.3714 0.8531 -0.3665
vn 0.3415 0.7925 -0.5053
vn 0.2869 0.7060 -0.6475
vn 0.2020 0.6190 -0.7590
vn 0.1023 0.5377 -0.8369
vn 0.0002 0.4694 -0.8830
vn -0.0731 0.4722 -0.8784
vn -0.1041 0.5082 -0.8550
vn -0.1764 0.5874 -0.7899
vn -0.2822 0.6988 -0.6573
vn -0.3360 0.7697 -0.5428
vn -0.3497 0.8119 -0.4675
vn -0.3819 0.8712 -0.3085
vn -0.4098 0.9066 -0.1009
vn -0.4136 0.9105 0.0041
vn -0.4084 0.9123 0.0320
vn -0.3895 0.9103 0.1403
vn -0.3783 0.8941 0.2399
vn -0.3563 0.8657 0.3517
vn -0.3129 0.8293 0.4630
vn -0.2547 0.7776 0.5749
vn -0.1828 0.7032 0.6871
vn -0.0941 0.6314 0.7697
vn -0.0002 0.6002 0.7998
vn 0.0439 0.6083 0.7925
vn 0.1324 0.6461 0.7517
vn 0.1921 0.6905 0.6973
vn 0.2168 0.7307 0.6473
vn 0.2758 0.7985 0.5350
vn 0.3518 0.8650 0.3578
vn 0.3845 0.8917 0.2388
vn 0.3899 0.9040 0.1753
vn 0.4033 0.9142 0.0395
vn -0.8524 -0.4709 0.2273
vn -0.8702 -0.4200 -0.2575
vn -0.9067 -0.3507 0.2344
vn -0.3529 -0.5282 0.7723
vn -0.4290 -0.4172 0.8012
vn -0.7489 -0.4228 0.5103
vn -0.4645 -0.3091 0.8299
vn 0.0822 -0.4883 0.8688
vn 0.0300 -0.3706 0.9283
vn -0.2453 -0.3491 0.9044
vn 0.0053 -0.2584 0.9660
vn 0.5697 -0.4424 0.6926
vn 0.5264 -0.4116 0.7440
vn 0.1893 -0.3318 0.9241
vn 0.5354 -0.2930 0.7921
vn 0.8044 -0.5940 -0.0091
vn 0.8758 -0.4726 0.0977
vn 0.7417 -0.4174 0.5250
vn 0.9265 -0.3462 0.1472
vn 0.5844 -0.5663 -0.5812
vn 0.6759 -0.4509 -0.5829
vn 0.8917 -0.4346 -0.1265
vn 0.7255 -0.3379 -0.5995
vn 0.1248 -0.4992 -0.8575
vn 0.1818 -0.3875 -0.9038
vn 0.4987 -0.3885 -0.7748
vn 0.1951 -0.2808 -0.9397
vn -0.2707 -0.4114 -0.8703
vn -0.2595 -0.3785 -0.8885
vn 0.0560 -0.3229 -0.9448
vn -0.2562 -0.2651 -0.9296
vn -0.7937 -0.4781 -0.3762
vn -0.7603 -0.4513 -0.4672
vn -0.4624 -0.3656 -0.8078
vn -0.7920 -0.3296 -0.5138
vn -0.7552 -0.5923 0.2808
vn -0.9409 -0.2029 -0.2713
vn -0.9755 -0.2188 -0.0227
vn -0.6153 -0.2772 0.7379
vn -0.5410 -0.3250 0.7757
vn -0.8240 -0.2163 0.5237
vn -0.6271 -0.2265 0.7453
vn -0.0972 -0.2828 0.9542
vn -0.0446 -0.3267 0.9441
vn -0.2422 -0.2358 0.9411
vn -0.1128 -0.2394 0.9643
vn 0.3212 -0.2966 0.8993
vn 0.4040 -0.3300 0.8531
vn 0.1506 -0.2079 0.9665
vn 0.3450 -0.2196 0.9126
vn 0.8876 -0.2930 0.3554
vn 0.9014 -0.3445 0.2623
vn 0.7392 -0.2052 0.6415
vn 0.9088 -0.2226 0.3530
vn 0.8912 -0.2853 -0.3526
vn 0.8098 -0.3216 -0.4908
vn 0.9748 -0.2029 -0.0926
vn 0.8865 -0.2070 -0.4137
vn 0.3289 -0.3387 -0.8815
vn 0.2739 -0.2889 -0.9173
vn 0.5460 -0.1958 -0.8146
vn 0.3423 -0.1994 -0.9182
vn -0.0776 -0.2627 -0.9618
vn -0.1238 -0.2956 -0.9473
vn 0.0775 -0.1879 -0.9791
vn -0.0828 -0.1942 -0.9775
vn -0.6366 -0.2689 -0.7228
vn -0.7002 -0.3154 -0.6405
vn -0.4217 -0.2915 -0.8586
vn -0.6502 -0.1891 -0.7359
vn -0.9547 -0.2912 0.0613
vn -0.9324 -0.3460 0.1051
vn -0.9388 -0.3245 -0.1151
vn -0.8492 -0.3484 0.3967
vn -0.6866 -0.3600 0.6316
vn -0.7732 -0.3060 0.5555
vn -0.7105 -0.2983 0.6374
vn -0.3187 -0.3527 0.8798
vn -0.1452 -0.3110 0.9393
vn -0.2155 -0.2684 0.9389
vn -0.1382 -0.2642 0.9545
vn 0.0747 -0.2962 0.9522
vn 0.2505 -0.3395 0.9066
vn 0.1841 -0.2817 0.9417
vn 0.2503 -0.2845 0.9254
vn 0.6379 -0.3358 0.6930
vn 0.7986 -0.3865 0.4614
vn 0.7435 -0.3208 0.5868
vn 0.8116 -0.3234 0.4866
vn 0.9021 -0.4310 -0.0219
vn 0.8939 -0.3847 -0.2302
vn 0.9356 -0.3201 -0.1486
vn 0.9052 -0.3464 -0.2464
vn 0.5967 -0.3533 -0.7205
vn 0.4108 -0.2882 -0.8650
vn 0.4947 -0.2427 -0.8345
vn 0.4160 -0.2693 -0.8686
vn 0.0875 -0.3069 -0.9477
vn -0.0414 -0.2815 -0.9587
vn 0.0206 -0.2326 -0.9724
vn -0.0183 -0.2325 -0.9724
vn -0.3420 -0.2749 -0.8986
vn -0.5412 -0.3317 -0.7727
vn -0.4594 -0.2615 -0.8489
vn -0.5413 -0.2688 -0.7967
vn -0.8815 -0.3371 -0.3307
vn -0.9196 -0.3877 -0.0634
vn -0.9289 -0.3239 -0.1796
vn -0.9493 0.3018 0.0878
vn -0.8544 0.2835 0.4355
vn -0.7965 0.2682 0.5419
vn -0.7451 0.2861 0.6025
vn -0.5189 0.2336 0.8223
vn -0.2824 0.1424 0.9487
vn -0.2168 0.1212 0.9687
vn -0.1707 0.1333 0.9763
vn -0.0152 0.1095 0.9939
vn 0.0979 0.0595 0.9934
vn 0.1599 0.0966 0.9824
vn 0.1986 0.1039 0.9746
vn 0.3997 0.1216 0.9086
vn 0.6470 0.1897 0.7386
vn 0.7088 0.2468 0.6608
vn 0.7572 0.2671 0.5960
vn 0.9172 0.2904 0.2729
vn 0.9493 0.3096 -0.0543
vn 0.9331 0.3426 -0.1097
vn 0.9212 0.3450 -0.1799
vn 0.8019 0.3155 -0.5073
vn 0.5688 0.2920 -0.7689
vn 0.4905 0.2763 -0.8265
vn 0.4348 0.2888 -0.8529
vn 0.2306 0.2529 -0.9396
vn 0.0487 0.1905 -0.9805
vn 0.0040 0.1768 -0.9842
vn -0.0100 0.1834 -0.9830
vn -0.1445 0.1666 -0.9754
vn -0.3422 0.1982 -0.9185
vn -0.4067 0.2439 -0.8804
vn -0.4560 0.2585 -0.8516
vn -0.6898 0.2793 -0.6680
vn -0.8848 0.3113 -0.3468
vn -0.9057 0.3461 -0.2448
vn -0.9277 0.3437 -0.1459
vn -0.9707 0.0871 0.2238
vn -0.8735 0.0886 0.4786
vn -0.8048 0.0776 0.5884
vn -0.6161 0.0469 0.7862
vn -0.3599 -0.0275 0.9326
vn -0.2391 -0.0755 0.9681
vn -0.1864 -0.0897 0.9784
vn -0.0775 -0.1039 0.9916
vn 0.0373 -0.1572 0.9869
vn 0.0818 -0.1495 0.9854
vn 0.1187 -0.1345 0.9838
vn 0.2147 -0.1302 0.9680
vn 0.3938 -0.1071 0.9129
vn 0.5279 -0.0551 0.8475
vn 0.6017 -0.0048 0.7987
vn 0.7843 0.0380 0.6193
vn 0.9712 0.0769 0.2257
vn 0.9946 0.1032 -0.0095
vn 0.9915 0.1028 -0.0801
vn 0.9305 0.0906 -0.3548
vn 0.7017 -0.0058 -0.7125
vn 0.5375 -0.0759 -0.8399
vn 0.4588 -0.1011 -0.8827
vn 0.2974 -0.1370 -0.9449
vn 0.1191 -0.1911 -0.9743
vn 0.0380 -0.2227 -0.9741
vn -0.0004 -0.2274 -0.9738
vn -0.0532 -0.2448 -0.9681
vn -0.1682 -0.2452 -0.9548
vn -0.2597 -0.2150 -0.9414
vn -0.3125 -0.1822 -0.9323
vn -0.4572 -0.1510 -0.8764
vn -0.7111 -0.0839 -0.6981
vn -0.8562 -0.0012 -0.5167
vn -0.9157 0.0593 -0.3975
vn -0.9912 0.0970 -0.0905
vn -0.4091 -0.9109 0.0529
vn -0.4097 -0.9011 0.1417
vn -0.3937 -0.8863 0.2438
vn -0.3754 -0.8598 0.3461
vn -0.3554 -0.8073 0.4711
vn -0.2973 -0.7171 0.6303
vn -0.2079 -0.6242 0.7531
vn -0.1070 -0.5400 0.8348
vn -0.0021 -0.4691 0.8831
vn 0.0802 -0.4697 0.8792
vn 0.1855 -0.5219 0.8326
vn 0.2829 -0.6350 0.7189
vn 0.3455 -0.7372 0.5807
vn 0.3887 -0.8043 0.4494
vn 0.4142 -0.8558 0.3099
vn 0.4131 -0.8918 0.1844
vn 0.4075 -0.9080 0.0973
vn 0.4109 -0.9116 0.0113
vn 0.4087 -0.9109 -0.0567
vn 0.3883 -0.9112 -0.1379
vn 0.3808 -0.8971 -0.2241
vn 0.3594 -0.8699 -0.3378
vn 0.3166 -0.8337 -0.4524
vn 0.2636 -0.7841 -0.5619
vn 0.1932 -0.7095 -0.6777
vn 0.0978 -0.6333 -0.7677
vn 0.0004 -0.6001 -0.7999
vn -0.0737 -0.6002 -0.7965
vn -0.1632 -0.6502 -0.7420
vn -0.2486 -0.7077 -0.6613
vn -0.3209 -0.7746 -0.5450
vn -0.3633 -0.8395 -0.4040
vn -0.3803 -0.8775 -0.2923
vn -0.3997 -0.8960 -0.1935
vn -0.4120 -0.9063 -0.0939
vn -0.4077 -0.9131 -0.0087
vn 0.3111 -0.9157 -0.2543
vn 0.2989 -0.9516 -0.0721
vn 0.2408 -0.9656 0.0985
vn 0.2576 -0.9336 -0.2490
vn 0.0601 -0.9211 -0.3846
vn 0.1506 -0.9533 -0.2620
vn 0.2072 -0.9679 -0.1424
vn 0.0532 -0.9441 -0.3255
vn -0.1025 -0.9380 -0.3312
vn -0.0032 -0.9609 -0.2769
vn 0.0751 -0.9751 -0.2085
vn -0.0865 -0.9497 -0.3008
vn -0.3231 -0.9294 -0.1786
vn -0.1608 -0.9561 -0.2451
vn -0.0217 -0.9712 -0.2373
vn -0.2902 -0.9405 -0.1766
vn -0.3709 -0.9171 0.1460
vn -0.3030 -0.9518 -0.0478
vn -0.2020 -0.9656 -0.1640
vn -0.3311 -0.9372 0.1094
vn -0.1816 -0.9123 0.3670
vn -0.2424 -0.9508 0.1930
vn -0.2573 -0.9660 0.0252
vn -0.1490 -0.9364 0.3177
vn 0.0358 -0.9313 0.3624
vn -0.0629 -0.9574 0.2817
vn -0.1172 -0.9711 0.2080
vn 0.0119 -0.9508 0.3097
vn 0.2092 -0.9357 0.2840
vn 0.0730 -0.9602 0.2697
vn -0.0348 -0.9751 0.2192
vn 0.1855 -0.9448 0.2700
vn 0.3883 -0.9214 0.0148
vn 0.2515 -0.9525 0.1715
vn 0.1113 -0.9667 0.2304
vn 0.3439 -0.9385 0.0300
vn -0.7867 0.6080 0.1070
vn -0.7279 0.6336 0.2621
vn -0.6264 0.6707 0.3972
vn -0.4796 0.7389 0.4733
vn -0.3256 0.8135 0.4818
vn -0.2044 0.8634 0.4613
vn -0.1132 0.8979 0.4254
vn -0.0470 0.9219 0.3846
vn -0.0001 0.9315 0.3637
vn 0.0268 0.9275 0.3730
vn 0.0496 0.9060 0.4204
vn 0.0955 0.8579 0.5049
vn 0.1998 0.7925 0.5762
vn 0.3583 0.7420 0.5667
vn 0.5113 0.6871 0.5163
vn 0.6599 0.6248 0.4173
vn 0.7685 0.6008 0.2201
vn 0.7982 0.6020 0.0240
vn 0.7950 0.5969 -0.1081
vn 0.7484 0.6061 -0.2695
vn 0.6439 0.6470 -0.4083
vn 0.5118 0.6949 -0.5051
vn 0.3739 0.7444 -0.5532
vn 0.2417 0.8025 -0.5455
vn 0.1360 0.8487 -0.5111
vn 0.0594 0.8722 -0.4856
vn 0.0001 0.8773 -0.4799
vn -0.0321 0.8666 -0.4980
vn -0.0787 0.8414 -0.5346
vn -0.1570 0.8095 -0.5658
vn -0.2558 0.7627 -0.5940
vn -0.3828 0.6925 -0.6115
vn -0.5495 0.6376 -0.5400
vn -0.6892 0.6165 -0.3806
vn -0.7725 0.6001 -0.2078
vn -0.8023 0.5965 -0.0216
vt 0.027778 0.000000
vt 0.000000 0.166667
vt 0.000000 0.000000
vt 0.055556 0.166667
vt 0.027778 0.166667
vt 0.055556 0.000000
vt 0.083333 0.166667
vt 0.111111 0.000000
vt 0.083333 0.000000
vt 0.138889 0.000000
vt 0.111111 0.166667
vt 0.166667 0.166667
vt 0.138889 0.166667
vt 0.166667 0.000000
vt 0.194444 0.166667
vt 0.222222 0.000000
vt 0.194444 0.000000
vt 0.250000 0.000000
vt 0.222222 0.166667
vt 0.277778 0.166667
vt 0.250000 0.166667
vt 0.277778 0.000000
vt 0.305556 0.166667
vt 0.305556 0.000000
vt 0.333333 0.166667
vt 0.361111 0.000000
vt 0.333333 0.000000
vt 0.388889 0.166667
vt 0.361111 0.166667
vt 0.388889 0.000000
vt 0.416667 0.166667
vt 0.444444 0.000000
vt 0.416667 0.000000
vt 0.472222 0.000000
vt 0.444444 0.166667
vt 0.500000 0.166667
vt 0.472222 0.166667
vt 0.500000 0.000000
vt 0.527778 0.166667
vt 0.555556 0.000000
vt 0.527778 0.000000
vt 0.583333 0.000000
vt 0.555556 0.166667
vt 0.611111 0.166667
vt 0.583333 0.166667
vt 0.611111 0.000000
vt 0.638889 0.166667
vt 0.666667 0.000000
vt 0.638889 0.000000
vt 0.694444 0.000000
vt 0.666667 0.166667
vt 0.722222 0.166667
vt 0.694444 0.166667
vt 0.722222 0.000000
vt 0.750000 0.166667
vt 0.750000 0.000000
vt 0.777778 0.166667
vt 0.805556 0.000000
vt 0.777778 0.000000
vt 0.833333 0.166667
vt 0.805556 0.166667
vt 0.833333 0.000000
vt 0.861111 0.166667
vt 0.861111 0.000000
vt 0.888889 0.166667
vt 0.916667 0.000000
vt 0.888889 0.000000
vt 0.944444 0.166667
vt 0.916667 0.166667
vt 0.944444 0.000000
vt 0.972222 0.166667
vt 1.000000 0.000000
vt 0.972222 0.000000
vt 0.027778 0.333333
vt 0.000000 0.333333
vt 0.055556 0.333333
vt 0.083333 0.333333
vt 0.138889 0.333333
vt 0.111111 0.333333
vt 0.166667 0.333333
vt 0.194444 0.333333
vt 0.250000 0.333333
vt 0.222222 0.333333
vt 0.277778 0.333333
vt 0.305556 0.333333
vt 0.361111 0.333333
vt 0.333333 0.333333
vt 0.388889 0.333333
vt 0.416667 0.333333
vt 0.472222 0.333333
vt 0.444444 0.333333
vt 0.500000 0.333333
vt 0.527778 0.333333
vt 0.555556 0.333333
vt 0.611111 0.333333
vt 0.583333 0.333333
vt 0.638889 0.333333
vt 0.666667 0.333333
vt 0.722222 0.333333
vt 0.694444 0.333333
vt 0.750000 0.333333
vt 0.805556 0.333333
vt 0.777778 0.333333
vt 0.833333 0.333333
vt 0.861111 0.333333
vt 0.916667 0.333333
vt 0.888889 0.333333
vt 0.944444 0.333333
vt 0.972222 0.333333
vt 1.000000 0.166667
vt 0.027778 0.500000
vt 0.000000 0.500000
vt 0.055556 0.500000
vt 0.083333 0.500000
vt 0.111111 0.500000
vt 0.138889 0.500000
vt 0.166667 0.500000
vt 0.194444 0.500000
vt 0.222222 0.500000
vt 0.250000 0.500000
vt 0.277778 0.500000
vt 0.305556 0.500000
vt 0.361111 0.500000
vt 0.333333 0.500000
vt 0.388889 0.500000
vt 0.416667 0.500000
vt 0.472222 0.500000
vt 0.444444 0.500000
vt 0.500000 0.500000
vt 0.527778 0.500000
vt 0.555556 0.500000
vt 0.583333 0.500000
vt 0.611111 0.500000
vt 0.638889 0.500000
vt 0.666667 0.500000
vt 0.694444 0.500000
vt 0.722222 0.500000
vt 0.750000 0.500000
vt 0.805556 0.500000
vt 0.777778 0.500000
vt 0.833333 0.500000
vt 0.888889 0.500000
vt 0.861111 0.500000
vt 0.916667 0.500000
vt 0.944444 0.500000
vt 1.000000 0.333333
vt 0.972222 0.500000
vt 0.000000 0.666667
vt 0.055556 0.666667
vt 0.027778 0.666667
vt 0.083333 0.666667
vt 0.111111 0.666667
vt 0.138889 0.666667
vt 0.166667 0.666667
vt 0.194444 0.666667
vt 0.222222 0.666667
vt 0.250000 0.666667
vt 0.277778 0.666667
vt 0.305556 0.666667
vt 0.333333 0.666667
vt 0.361111 0.666667
vt 0.388889 0.666667
vt 0.416667 0.666667
vt 0.444444 0.666667
vt 0.472222 0.666667
vt 0.500000 0.666667
vt 0.527778 0.666667
vt 0.555556 0.666667
vt 0.611111 0.666667
vt 0.583333 0.666667
vt 0.638889 0.666667
vt 0.666667 0.666667
vt 0.694444 0.666667
vt 0.722222 0.666667
vt 0.750000 0.666667
vt 0.777778 0.666667
vt 0.805556 0.666667
vt 0.833333 0.666667
vt 0.861111 0.666667
vt 0.888889 0.666667
vt 0.916667 0.666667
vt 0.972222 0.666667
vt 0.944444 0.666667
vt 1.000000 0.500000
vt 0.000000 0.833333
vt 0.055556 0.833333
vt 0.027778 0.833333
vt 0.083333 0.833333
vt 0.111111 0.833333
vt 0.138889 0.833333
vt 0.166667 0.833333
vt 0.194444 0.833333
vt 0.222222 0.833333
vt 0.250000 0.833333
vt 0.277778 0.833333
vt 0.305556 0.833333
vt 0.333333 0.833333
vt 0.361111 0.833333
vt 0.388889 0.833333
vt 0.416667 0.833333
vt 0.444444 0.833333
vt 0.472222 0.833333
vt 0.527778 0.833333
vt 0.500000 0.833333
vt 0.555556 0.833333
vt 0.583333 0.833333
vt 0.611111 0.833333
vt 0.638889 0.833333
vt 0.666667 0.833333
vt 0.694444 0.833333
vt 0.722222 0.833333
vt 0.750000 0.833333
vt 0.777778 0.833333
vt 0.805556 0.833333
vt 0.833333 0.833333
vt 0.861111 0.833333
vt 0.888889 0.833333
vt 0.916667 0.833333
vt 0.944444 0.833333
vt 1.000000 0.666667
vt 0.972222 0.833333
vt 0.000000 1.000000
vt 0.027778 1.000000
vt 0.055556 1.000000
vt 0.083333 1.000000
vt 0.111111 1.000000
vt 0.138889 1.000000
vt 0.166667 1.000000
vt 0.194444 1.000000
vt 0.222222 1.000000
vt 0.277778 1.000000
vt 0.250000 1.000000
vt 0.305556 1.000000
vt 0.333333 1.000000
vt 0.361111 1.000000
vt 0.388889 1.000000
vt 0.416667 1.000000
vt 0.444444 1.000000
vt 0.472222 1.000000
vt 0.500000 1.000000
vt 0.527778 1.000000
vt 0.555556 1.000000
vt 0.583333 1.000000
vt 0.611111 1.000000
vt 0.638889 1.000000
vt 0.666667 1.000000
vt 0.694444 1.000000
vt 0.722222 1.000000
vt 0.777778 1.000000
vt 0.750000 1.000000
vt 0.805556 1.000000
vt 0.833333 1.000000
vt 0.861111 1.000000
vt 0.888889 1.000000
vt 0.916667 1.000000
vt 0.944444 1.000000
vt 0.972222 1.000000
vt 1.000000 1.000000
vt 1.000000 0.833333
s 0
g A_Body.001_black_robe_cloth
usemtl black_robe_cloth
f 2/1/1 37/2/1 1/3/1
f 2/1/2 39/4/2 38/5/2
f 3/6/3 40/7/3 39/4/3
f 5/8/4 40/7/4 4/9/4
f 6/10/5 41/11/5 5/8/5
f 6/10/6 43/12/6 42/13/6
f 7/14/7 44/15/7 43/12/7
f 9/16/8 44/15/8 8/17/8
f 10/18/9 45/19/9 9/16/9
f 10/18/10 47/20/10 46/21/10
f 11/22/11 48/23/11 47/20/11
f 12/24/12 49/25/12 48/23/12
f 14/26/13 49/25/13 13/27/13
f 14/26/14 51/28/14 50/29/14
f 15/30/15 52/31/15 51/28/15
f 17/32/16 52/31/16 16/33/16
f 18/34/17 53/35/17 17/32/17
f 18/34/18 55/36/18 54/37/18
f 19/38/19 56/39/19 55/36/19
f 21/40/20 56/39/20 20/41/20
f 22/42/21 57/43/21 21/40/21
f 22/42/22 59/44/22 58/45/22
f 23/46/23 60/47/23 59/44/23
f 25/48/24 60/47/24 24/49/24
f 26/50/25 61/51/25 25/48/25
f 26/50/26 63/52/26 62/53/26
f 27/54/27 64/55/27 63/52/27
f 28/56/28 65/57/28 64/55/28
f 30/58/29 65/57/29 29/59/29
f 30/58/30 67/60/30 66/61/30
f 31/62/31 68/63/31 67/60/31
f 32/64/32 69/65/32 68/63/32
f 34/66/33 69/65/33 33/67/33
f 34/66/34 71/68/34 70/69/34
f 35/70/35 72/71/35 71/68/35
f 1/72/36 72/71/36 36/73/36
f 37/2/37 74/74/37 73/75/37
f 38/5/38 75/76/38 74/74/38
f 40/7/39 75/76/39 39/4/39
f 41/11/40 76/77/40 40/7/40
f 41/11/41 78/78/41 77/79/41
f 42/13/42 79/80/42 78/78/42
f 44/15/43 79/80/43 43/12/43
f 45/19/44 80/81/44 44/15/44
f 45/19/45 82/82/45 81/83/45
f 46/21/46 83/84/46 82/82/46
f 47/20/47 84/85/47 83/84/47
f 49/25/48 84/85/48 48/23/48
f 49/25/49 86/86/49 85/87/49
f 50/29/50 87/88/50 86/86/50
f 52/31/51 87/88/51 51/28/51
f 53/35/52 88/89/52 52/31/52
f 53/35/53 90/90/53 89/91/53
f 54/37/54 91/92/54 90/90/54
f 56/39/55 91/92/55 55/36/55
f 57/43/56 92/93/56 56/39/56
f 58/45/57 93/94/57 57/43/57
f 58/45/58 95/95/58 94/96/58
f 60/47/59 95/95/59 59/44/59
f 61/51/60 96/97/60 60/47/60
f 62/53/61 97/98/61 61/51/61
f 62/53/62 99/99/62 98/100/62
f 64/55/63 99/99/63 63/52/63
f 65/57/64 100/101/64 64/55/64
f 65/57/65 102/102/65 101/103/65
f 66/61/66 103/104/66 102/102/66
f 67/60/67 104/105/67 103/104/67
f 69/65/68 104/105/68 68/63/68
f 69/65/69 106/106/69 105/107/69
f 70/69/70 107/108/70 106/106/70
f 71/68/71 108/109/71 107/108/71
f 37/110/72 108/109/72 72/71/72
f 73/75/73 110/111/73 109/112/73
f 75/76/74 110/111/74 74/74/74
f 76/77/75 111/113/75 75/76/75
f 77/79/76 112/114/76 76/77/76
f 78/78/77 113/115/77 77/79/77
f 79/80/78 114/116/78 78/78/78
f 80/81/79 115/117/79 79/80/79
f 81/83/80 116/118/80 80/81/80
f 82/82/81 117/119/81 81/83/81
f 83/84/82 118/120/82 82/82/82
f 84/85/83 119/121/83 83/84/83
f 85/87/84 120/122/84 84/85/84
f 85/87/85 122/123/85 121/124/85
f 86/86/86 123/125/86 122/123/86
f 88/89/87 123/125/87 87/88/87
f 89/91/88 124/126/88 88/89/88
f 89/91/89 126/127/89 125/128/89
f 91/92/90 126/127/90 90/90/90
f 92/93/91 127/129/91 91/92/91
f 93/94/92 128/130/92 92/93/92
f 94/96/93 129/131/93 93/94/93
f 95/95/94 130/132/94 94/96/94
f 96/97/95 131/133/95 95/95/95
f 97/98/96 132/134/96 96/97/96
f 98/100/97 133/135/97 97/98/97
f 99/99/98 134/136/98 98/100/98
f 100/101/99 135/137/99 99/99/99
f 101/103/100 136/138/100 100/101/100
f 101/103/101 138/139/101 137/140/101
f 102/102/102 139/141/102 138/139/102
f 104/105/103 139/141/103 103/104/103
f 104/105/104 141/142/104 140/143/104
f 105/107/105 142/144/105 141/142/105
f 106/106/106 143/145/106 142/144/106
f 108/109/107 143/145/107 107/108/107
f 73/146/108 144/147/108 108/109/108
f 110/111/109 145/148/109 109/112/109
f 110/111/110 147/149/110 146/150/110
f 111/113/111 148/151/111 147/149/111
f 112/114/112 149/152/112 148/151/112
f 113/115/113 150/153/113 149/152/113
f 114/116/114 151/154/114 150/153/114
f 115/117/115 152/155/115 151/154/115
f 116/118/116 153/156/116 152/155/116
f 118/120/117 153/156/117 117/119/117
f 119/121/118 154/157/118 118/120/118
f 120/122/119 155/158/119 119/121/119
f 121/124/120 156/159/120 120/122/120
f 122/123/121 157/160/121 121/124/121
f 123/125/122 158/161/122 122/123/122
f 124/126/123 159/162/123 123/125/123
f 125/128/124 160/163/124 124/126/124
f 126/127/125 161/164/125 125/128/125
f 127/129/126 162/165/126 126/127/126
f 128/130/127 163/166/127 127/129/127
f 129/131/128 164/167/128 128/130/128
f 130/132/129 165/168/129 129/131/129
f 130/132/130 167/169/130 166/170/130
f 131/133/131 168/171/131 167/169/131
f 132/134/132 169/172/132 168/171/132
f 133/135/133 170/173/133 169/172/133
f 134/136/134 171/174/134 170/173/134
f 135/137/135 172/175/135 171/174/135
f 137/140/136 172/175/136 136/138/136
f 138/139/137 173/176/137 137/140/137
f 139/141/138 174/177/138 138/139/138
f 140/143/139 175/178/139 139/141/139
f 141/142/140 176/179/140 140/143/140
f 142/144/141 177/180/141 141/142/141
f 143/145/142 178/181/142 142/144/142
f 143/145/143 180/182/143 179/183/143
f 109/184/144 180/182/144 144/147/144
f 146/150/145 181/185/145 145/148/145
f 146/150/146 183/186/146 182/187/146
f 147/149/147 184/188/147 183/186/147
f 148/151/148 185/189/148 184/188/148
f 149/152/149 186/190/149 185/189/149
f 150/153/150 187/191/150 186/190/150
f 151/154/151 188/192/151 187/191/151
f 152/155/152 189/193/152 188/192/152
f 154/157/153 189/193/153 153/156/153
f 155/158/154 190/194/154 154/157/154
f 156/159/155 191/195/155 155/158/155
f 157/160/156 192/196/156 156/159/156
f 158/161/157 193/197/157 157/160/157
f 159/162/158 194/198/158 158/161/158
f 160/163/159 195/199/159 159/162/159
f 161/164/160 196/200/160 160/163/160
f 162/165/161 197/201/161 161/164/161
f 163/166/162 198/202/162 162/165/162
f 163/166/163 200/203/163 199/204/163
f 164/167/164 201/205/164 200/203/164
f 165/168/165 202/206/165 201/205/165
f 166/170/166 203/207/166 202/206/166
f 167/169/167 204/208/167 203/207/167
f 168/171/168 205/209/168 204/208/168
f 169/172/169 206/210/169 205/209/169
f 170/173/170 207/211/170 206/210/170
f 172/175/171 207/211/171 171/174/171
f 173/176/172 208/212/172 172/175/172
f 174/177/173 209/213/173 173/176/173
f 175/178/174 210/214/174 174/177/174
f 176/179/175 211/215/175 175/178/175
f 177/180/176 212/216/176 176/179/176
f 178/181/177 213/217/177 177/180/177
f 179/183/178 214/218/178 178/181/178
f 180/182/179 215/219/179 179/183/179
f 145/220/180 216/221/180 180/182/180
f 182/187/181 217/222/181 181/185/181
f 183/186/182 218/223/182 182/187/182
f 184/188/183 219/224/183 183/186/183
f 185/189/184 220/225/184 184/188/184
f 186/190/185 221/226/185 185/189/185
f 187/191/186 222/227/186 186/190/186
f 188/192/187 223/228/187 187/191/187
f 189/193/188 224/229/188 188/192/188
f 190/194/189 225/230/189 189/193/189
f 190/194/190 227/231/190 226/232/190
f 191/195/191 228/233/191 227/231/191
f 192/196/192 229/234/192 228/233/192
f 193/197/193 230/235/193 229/234/193
f 194/198/194 231/236/194 230/235/194
f 195/199/195 232/237/195 231/236/195
f 196/200/196 233/238/196 232/237/196
f 197/201/197 234/239/197 233/238/197
f 198/202/198 235/240/198 234/239/198
f 199/204/199 236/241/199 235/240/199
f 201/205/200 236/241/200 200/203/200
f 202/206/201 237/242/201 201/205/201
f 203/207/202 238/243/202 202/206/202
f 204/208/203 239/244/203 203/207/203
f 205/209/204 240/245/204 204/208/204
f 206/210/205 241/246/205 205/209/205
f 207/211/206 242/247/206 206/210/206
f 208/212/207 243/248/207 207/211/207
f 208/212/208 245/249/208 244/250/208
f 209/213/209 246/251/209 245/249/209
f 210/214/210 247/252/210 246/251/210
f 211/215/211 248/253/211 247/252/211
f 212/216/212 249/254/212 248/253/212
f 213/217/213 250/255/213 249/254/213
f 214/218/214 251/256/214 250/255/214
f 215/219/215 252/257/215 251/256/215
f 216/221/216 217/258/216 252/257/216
f 289/2/217 254/1/217 253/3/217
f 254/1/218 291/4/218 255/6/218
f 255/6/219 292/7/219 256/9/219
f 292/7/220 257/8/220 256/9/220
f 293/11/221 258/10/221 257/8/221
f 258/10/222 295/12/222 259/14/222
f 259/14/223 296/15/223 260/17/223
f 296/15/224 261/16/224 260/17/224
f 297/19/225 262/18/225 261/16/225
f 262/18/226 299/20/226 263/22/226
f 263/22/227 300/23/227 264/24/227
f 264/24/228 301/25/228 265/27/228
f 301/25/229 266/26/229 265/27/229
f 266/26/230 303/28/230 267/30/230
f 267/30/231 304/31/231 268/33/231
f 304/31/232 269/32/232 268/33/232
f 305/35/233 270/34/233 269/32/233
f 270/34/234 307/36/234 271/38/234
f 271/38/235 308/39/235 272/41/235
f 308/39/236 273/40/236 272/41/236
f 309/43/237 274/42/237 273/40/237
f 274/42/238 311/44/238 275/46/238
f 275/46/239 312/47/239 276/49/239
f 312/47/240 277/48/240 276/49/240
f 313/51/241 278/50/241 277/48/241
f 278/50/242 315/52/242 279/54/242
f 279/54/243 316/55/243 280/56/243
f 280/56/244 317/57/244 281/59/244
f 317/57/245 282/58/245 281/59/245
f 282/58/246 319/60/246 283/62/246
f 283/62/247 320/63/247 284/64/247
f 284/64/248 321/65/248 285/67/248
f 321/65/249 286/66/249 285/67/249
f 286/66/250 323/68/250 287/70/250
f 287/70/251 324/71/251 288/73/251
f 324/71/252 253/72/252 288/73/252
f 325/75/253 290/5/253 289/2/253
f 290/5/254 327/76/254 291/4/254
f 291/4/255 328/77/255 292/7/255
f 328/77/256 293/11/256 292/7/256
f 329/79/257 294/13/257 293/11/257
f 294/13/258 331/80/258 295/12/258
f 295/12/259 332/81/259 296/15/259
f 332/81/260 297/19/260 296/15/260
f 333/83/261 298/21/261 297/19/261
f 298/21/262 335/84/262 299/20/262
f 299/20/263 336/85/263 300/23/263
f 336/85/264 301/25/264 300/23/264
f 337/87/265 302/29/265 301/25/265
f 302/29/266 339/88/266 303/28/266
f 303/28/267 340/89/267 304/31/267
f 340/89/268 305/35/268 304/31/268
f 341/91/269 306/37/269 305/35/269
f 306/37/270 343/92/270 307/36/270
f 307/36/271 344/93/271 308/39/271
f 344/93/272 309/43/272 308/39/272
f 345/94/273 310/45/273 309/43/273
f 310/45/274 347/95/274 311/44/274
f 347/95/275 312/47/275 311/44/275
f 348/97/276 313/51/276 312/47/276
f 349/98/277 314/53/277 313/51/277
f 314/53/278 351/99/278 315/52/278
f 315/52/279 352/101/279 316/55/279
f 352/101/280 317/57/280 316/55/280
f 353/103/281 318/61/281 317/57/281
f 318/61/282 355/104/282 319/60/282
f 319/60/283 356/105/283 320/63/283
f 356/105/284 321/65/284 320/63/284
f 321/65/285 358/106/285 322/69/285
f 322/69/286 359/108/286 323/68/286
f 323/68/287 360/109/287 324/71/287
f 360/109/288 289/110/288 324/71/288
f 325/75/289 362/111/289 326/74/289
f 326/74/290 363/113/290 327/76/290
f 363/113/291 328/77/291 327/76/291
f 364/114/292 329/79/292 328/77/292
f 329/79/293 366/116/293 330/78/293
f 366/116/294 331/80/294 330/78/294
f 367/117/295 332/81/295 331/80/295
f 368/118/296 333/83/296 332/81/296
f 333/83/297 370/120/297 334/82/297
f 334/82/298 371/121/298 335/84/298
f 371/121/299 336/85/299 335/84/299
f 372/122/300 337/87/300 336/85/300
f 337/87/301 374/123/301 338/86/301
f 338/86/302 375/125/302 339/88/302
f 375/125/303 340/89/303 339/88/303
f 376/126/304 341/91/304 340/89/304
f 341/91/305 378/127/305 342/90/305
f 378/127/306 343/92/306 342/90/306
f 379/129/307 344/93/307 343/92/307
f 380/130/308 345/94/308 344/93/308
f 381/131/309 346/96/309 345/94/309
f 382/132/310 347/95/310 346/96/310
f 383/133/311 348/97/311 347/95/311
f 384/134/312 349/98/312 348/97/312
f 385/135/313 350/100/313 349/98/313
f 386/136/314 351/99/314 350/100/314
f 387/137/315 352/101/315 351/99/315
f 388/138/316 353/103/316 352/101/316
f 353/103/317 390/139/317 354/102/317
f 354/102/318 391/141/318 355/104/318
f 391/141/319 356/105/319 355/104/319
f 392/143/320 357/107/320 356/105/320
f 357/107/321 394/144/321 358/106/321
f 358/106/322 395/145/322 359/108/322
f 395/145/323 360/109/323 359/108/323
f 396/147/324 325/146/324 360/109/324
f 397/148/325 362/111/325 361/112/325
f 362/111/326 399/149/326 363/113/326
f 363/113/327 400/151/327 364/114/327
f 364/114/328 401/152/328 365/115/328
f 365/115/329 402/153/329 366/116/329
f 366/116/330 403/154/330 367/117/330
f 367/117/331 404/155/331 368/118/331
f 368/118/332 405/156/332 369/119/332
f 369/119/333 406/157/333 370/120/333
f 406/157/334 371/121/334 370/120/334
f 407/158/335 372/122/335 371/121/335
f 408/159/336 373/124/336 372/122/336
f 409/160/337 374/123/337 373/124/337
f 410/161/338 375/125/338 374/123/338
f 411/162/339 376/126/339 375/125/339
f 412/163/340 377/128/340 376/126/340
f 413/164/341 378/127/341 377/128/341
f 414/165/342 379/129/342 378/127/342
f 415/166/343 380/130/343 379/129/343
f 416/167/344 381/131/344 380/130/344
f 417/168/345 382/132/345 381/131/345
f 382/132/346 419/169/346 383/133/346
f 383/133/347 420/171/347 384/134/347
f 384/134/348 421/172/348 385/135/348
f 385/135/349 422/173/349 386/136/349
f 386/136/350 423/174/350 387/137/350
f 387/137/351 424/175/351 388/138/351
f 424/175/352 389/140/352 388/138/352
f 425/176/353 390/139/353 389/140/353
f 426/177/354 391/141/354 390/139/354
f 427/178/355 392/143/355 391/141/355
f 428/179/356 393/142/356 392/143/356
f 429/180/357 394/144/357 393/142/357
f 430/181/358 395/145/358 394/144/358
f 431/183/359 396/147/359 395/145/359
f 432/182/360 361/184/360 396/147/360
f 433/185/361 398/150/361 397/148/361
f 398/150/362 435/186/362 399/149/362
f 399/149/363 436/188/363 400/151/363
f 400/151/364 437/189/364 401/152/364
f 401/152/365 438/190/365 402/153/365
f 402/153/366 439/191/366 403/154/366
f 403/154/367 440/192/367 404/155/367
f 404/155/368 441/193/368 405/156/368
f 441/193/369 406/157/369 405/156/369
f 442/194/370 407/158/370 406/157/370
f 443/195/371 408/159/371 407/158/371
f 444/196/372 409/160/372 408/159/372
f 445/197/373 410/161/373 409/160/373
f 446/198/374 411/162/374 410/161/374
f 447/199/375 412/163/375 411/162/375
f 448/200/376 413/164/376 412/163/376
f 449/201/377 414/165/377 413/164/377
f 450/202/378 415/166/378 414/165/378
f 415/166/379 452/203/379 416/167/379
f 416/167/380 453/205/380 417/168/380
f 417/168/381 454/206/381 418/170/381
f 418/170/382 455/207/382 419/169/382
f 419/169/383 456/208/383 420/171/383
f 420/171/384 457/209/384 421/172/384
f 421/172/385 458/210/385 422/173/385
f 422/173/386 459/211/386 423/174/386
f 459/211/387 424/175/387 423/174/387
f 460/212/388 425/176/388 424/175/388
f 461/213/389 426/177/389 425/176/389
f 462/214/390 427/178/390 426/177/390
f 463/215/391 428/179/391 427/178/391
f 464/216/392 429/180/392 428/179/392
f 465/217/393 430/181/393 429/180/393
f 466/218/394 431/183/394 430/181/394
f 467/219/395 432/182/395 431/183/395
f 468/221/396 397/220/396 432/182/396
f 469/222/397 434/187/397 433/185/397
f 470/223/398 435/186/398 434/187/398
f 471/224/399 436/188/399 435/186/399
f 472/225/400 437/189/400 436/188/400
f 473/226/401 438/190/401 437/189/401
f 474/227/402 439/191/402 438/190/402
f 475/228/403 440/192/403 439/191/403
f 476/229/404 441/193/404 440/192/404
f 477/230/405 442/194/405 441/193/405
f 442/194/406 479/231/406 443/195/406
f 443/195/407 480/233/407 444/196/407
f 444/196/408 481/234/408 445/197/408
f 445/197/409 482/235/409 446/198/409
f 446/198/410 483/236/410 447/199/410
f 447/199/411 484/237/411 448/200/411
f 448/200/412 485/238/412 449/201/412
f 449/201/413 486/239/413 450/202/413
f 450/202/414 487/240/414 451/204/414
f 451/204/415 488/241/415 452/203/415
f 488/241/416 453/205/416 452/203/416
f 489/242/417 454/206/417 453/205/417
f 490/243/418 455/207/418 454/206/418
f 491/244/419 456/208/419 455/207/419
f 492/245/420 457/209/420 456/208/420
f 493/246/421 458/210/421 457/209/421
f 494/247/422 459/211/422 458/210/422
f 495/248/423 460/212/423 459/211/423
f 460/212/424 497/249/424 461/213/424
f 461/213/425 498/251/425 462/214/425
f 462/214/426 499/252/426 463/215/426
f 463/215/427 500/253/427 464/216/427
f 464/216/428 501/254/428 465/217/428
f 465/217/429 502/255/429 466/218/429
f 466/218/430 503/256/430 467/219/430
f 467/219/431 504/257/431 468/221/431
f 468/221/432 469/258/432 433/259/432
f 2/1/433 253/3/433 254/1/433
f 3/6/434 254/1/434 255/6/434
f 3/6/435 256/9/435 4/9/435
f 4/9/436 257/8/436 5/8/436
f 6/10/437 257/8/437 258/10/437
f 7/14/438 258/10/438 259/14/438
f 7/14/439 260/17/439 8/17/439
f 8/17/440 261/16/440 9/16/440
f 10/18/441 261/16/441 262/18/441
f 11/22/442 262/18/442 263/22/442
f 11/22/443 264/24/443 12/24/443
f 12/24/444 265/27/444 13/27/444
f 14/26/445 265/27/445 266/26/445
f 15/30/446 266/26/446 267/30/446
f 15/30/447 268/33/447 16/33/447
f 16/33/448 269/32/448 17/32/448
f 18/34/449 269/32/449 270/34/449
f 19/38/450 270/34/450 271/38/450
f 19/38/451 272/41/451 20/41/451
f 20/41/452 273/40/452 21/40/452
f 22/42/453 273/40/453 274/42/453
f 23/46/454 274/42/454 275/46/454
f 23/46/455 276/49/455 24/49/455
f 24/49/456 277/48/456 25/48/456
f 26/50/457 277/48/457 278/50/457
f 27/54/458 278/50/458 279/54/458
f 27/54/459 280/56/459 28/56/459
f 28/56/460 281/59/460 29/59/460
f 30/58/461 281/59/461 282/58/461
f 31/62/462 282/58/462 283/62/462
f 31/62/463 284/64/463 32/64/463
f 32/64/464 285/67/464 33/67/464
f 34/66/465 285/67/465 286/66/465
f 35/70/466 286/66/466 287/70/466
f 35/70/467 288/73/467 36/73/467
f 36/73/468 253/72/468 1/72/468
f 217/222/469 470/223/469 469/222/469
f 218/223/470 471/224/470 470/223/470
f 219/224/471 472/225/471 471/224/471
f 220/225/472 473/226/472 472/225/472
f 221/226/473 474/227/473 473/226/473
f 222/227/474 475/228/474 474/227/474
f 223/228/475 476/229/475 475/228/475
f 224/229/476 477/230/476 476/229/476
f 225/230/477 478/232/477 477/230/477
f 227/231/478 478/232/478 226/232/478
f 228/233/479 479/231/479 227/231/479
f 229/234/480 480/233/480 228/233/480
f 230/235/481 481/234/481 229/234/481
f 231/236/482 482/235/482 230/235/482
f 232/237/483 483/236/483 231/236/483
f 233/238/484 484/237/484 232/237/484
f 234/239/485 485/238/485 233/238/485
f 235/240/486 486/239/486 234/239/486
f 235/240/487 488/241/487 487/240/487
f 236/241/488 489/242/488 488/241/488
f 237/242/489 490/243/489 489/242/489
f 238/243/490 491/244/490 490/243/490
f 239/244/491 492/245/491 491/244/491
f 240/245/492 493/246/492 492/245/492
f 241/246/493 494/247/493 493/246/493
f 242/247/494 495/248/494 494/247/494
f 243/248/495 496/250/495 495/248/495
f 245/249/496 496/250/496 244/250/496
f 246/251/497 497/249/497 245/249/497
f 247/252/498 498/251/498 246/251/498
f 248/253/499 499/252/499 247/252/499
f 249/254/500 500/253/500 248/253/500
f 250/255/501 501/254/501 249/254/501
f 251/256/502 502/255/502 250/255/502
f 252/257/503 503/256/503 251/256/503
f 217/258/504 504/257/504 252/257/504
f 2/1/505 38/5/505 37/2/505
f 2/1/506 3/6/506 39/4/506
f 3/6/507 4/9/507 40/7/507
f 5/8/508 41/11/508 40/7/508
f 6/10/509 42/13/509 41/11/509
f 6/10/510 7/14/510 43/12/510
f 7/14/511 8/17/511 44/15/511
f 9/16/512 45/19/512 44/15/512
f 10/18/513 46/21/513 45/19/513
f 10/18/514 11/22/514 47/20/514
f 11/22/515 12/24/515 48/23/515
f 12/24/516 13/27/516 49/25/516
f 14/26/517 50/29/517 49/25/517
f 14/26/518 15/30/518 51/28/518
f 15/30/519 16/33/519 52/31/519
f 17/32/520 53/35/520 52/31/520
f 18/34/521 54/37/521 53/35/521
f 18/34/522 19/38/522 55/36/522
f 19/38/523 20/41/523 56/39/523
f 21/40/524 57/43/524 56/39/524
f 22/42/525 58/45/525 57/43/525
f 22/42/526 23/46/526 59/44/526
f 23/46/527 24/49/527 60/47/527
f 25/48/528 61/51/528 60/47/528
f 26/50/529 62/53/529 61/51/529
f 26/50/530 27/54/530 63/52/530
f 27/54/531 28/56/531 64/55/531
f 28/56/532 29/59/532 65/57/532
f 30/58/533 66/61/533 65/57/533
f 30/58/534 31/62/534 67/60/534
f 31/62/535 32/64/535 68/63/535
f 32/64/536 33/67/536 69/65/536
f 34/66/537 70/69/537 69/65/537
f 34/66/538 35/70/538 71/68/538
f 35/70/539 36/73/539 72/71/539
f 1/72/540 37/110/540 72/71/540
f 37/2/541 38/5/541 74/74/541
f 38/5/542 39/4/542 75/76/542
f 40/7/543 76/77/543 75/76/543
f 41/11/544 77/79/544 76/77/544
f 41/11/545 42/13/545 78/78/545
f 42/13/546 43/12/546 79/80/546
f 44/15/547 80/81/547 79/80/547
f 45/19/548 81/83/548 80/81/548
f 45/19/549 46/21/549 82/82/549
f 46/21/550 47/20/550 83/84/550
f 47/20/551 48/23/551 84/85/551
f 49/25/552 85/87/552 84/85/552
f 49/25/553 50/29/553 86/86/553
f 50/29/554 51/28/554 87/88/554
f 52/31/555 88/89/555 87/88/555
f 53/35/556 89/91/556 88/89/556
f 53/35/557 54/37/557 90/90/557
f 54/37/558 55/36/558 91/92/558
f 56/39/559 92/93/559 91/92/559
f 57/43/560 93/94/560 92/93/560
f 58/45/561 94/96/561 93/94/561
f 58/45/562 59/44/562 95/95/562
f 60/47/563 96/97/563 95/95/563
f 61/51/564 97/98/564 96/97/564
f 62/53/565 98/100/565 97/98/565
f 62/53/566 63/52/566 99/99/566
f 64/55/567 100/101/567 99/99/567
f 65/57/568 101/103/568 100/101/568
f 65/57/569 66/61/569 102/102/569
f 66/61/570 67/60/570 103/104/570
f 67/60/571 68/63/571 104/105/571
f 69/65/572 105/107/572 104/105/572
f 69/65/573 70/69/573 106/106/573
f 70/69/574 71/68/574 107/108/574
f 71/68/575 72/71/575 108/109/575
f 37/110/576 73/146/576 108/109/576
f 73/75/577 74/74/577 110/111/577
f 75/76/578 111/113/578 110/111/578
f 76/77/579 112/114/579 111/113/579
f 77/79/580 113/115/580 112/114/580
f 78/78/581 114/116/581 113/115/581
f 79/80/582 115/117/582 114/116/582
f 80/81/583 116/118/583 115/117/583
f 81/83/584 117/119/584 116/118/584
f 82/82/585 118/120/585 117/119/585
f 83/84/586 119/121/586 118/120/586
f 84/85/587 120/122/587 119/121/587
f 85/87/588 121/124/588 120/122/588
f 85/87/589 86/86/589 122/123/589
f 86/86/590 87/88/590 123/125/590
f 88/89/591 124/126/591 123/125/591
f 89/91/592 125/128/592 124/126/592
f 89/91/593 90/90/593 126/127/593
f 91/92/594 127/129/594 126/127/594
f 92/93/595 128/130/595 127/129/595
f 93/94/596 129/131/596 128/130/596
f 94/96/597 130/132/597 129/131/597
f 95/95/598 131/133/598 130/132/598
f 96/97/599 132/134/599 131/133/599
f 97/98/600 133/135/600 132/134/600
f 98/100/601 134/136/601 133/135/601
f 99/99/602 135/137/602 134/136/602
f 100/101/603 136/138/603 135/137/603
f 101/103/604 137/140/604 136/138/604
f 101/103/605 102/102/605 138/139/605
f 102/102/606 103/104/606 139/141/606
f 104/105/607 140/143/607 139/141/607
f 104/105/608 105/107/608 141/142/608
f 105/107/609 106/106/609 142/144/609
f 106/106/610 107/108/610 143/145/610
f 108/109/611 144/147/611 143/145/611
f 73/146/612 109/184/612 144/147/612
f 110/111/613 146/150/613 145/148/613
f 110/111/614 111/113/614 147/149/614
f 111/113/615 112/114/615 148/151/615
f 112/114/616 113/115/616 149/152/616
f 113/115/617 114/116/617 150/153/617
f 114/116/618 115/117/618 151/154/618
f 115/117/619 116/118/619 152/155/619
f 116/118/620 117/119/620 153/156/620
f 118/120/621 154/157/621 153/156/621
f 119/121/622 155/158/622 154/157/622
f 120/122/623 156/159/623 155/158/623
f 121/124/624 157/160/624 156/159/624
f 122/123/625 158/161/625 157/160/625
f 123/125/626 159/162/626 158/161/626
f 124/126/627 160/163/627 159/162/627
f 125/128/628 161/164/628 160/163/628
f 126/127/629 162/165/629 161/164/629
f 127/129/630 163/166/630 162/165/630
f 128/130/631 164/167/631 163/166/631
f 129/131/632 165/168/632 164/167/632
f 130/132/633 166/170/633 165/168/633
f 130/132/634 131/133/634 167/169/634
f 131/133/635 132/134/635 168/171/635
f 132/134/636 133/135/636 169/172/636
f 133/135/637 134/136/637 170/173/637
f 134/136/638 135/137/638 171/174/638
f 135/137/639 136/138/639 172/175/639
f 137/140/640 173/176/640 172/175/640
f 138/139/641 174/177/641 173/176/641
f 139/141/642 175/178/642 174/177/642
f 140/143/643 176/179/643 175/178/643
f 141/142/644 177/180/644 176/179/644
f 142/144/645 178/181/645 177/180/645
f 143/145/646 179/183/646 178/181/646
f 143/145/647 144/147/647 180/182/647
f 109/184/648 145/220/648 180/182/648
f 146/150/649 182/187/649 181/185/649
f 146/150/650 147/149/650 183/186/650
f 147/149/651 148/151/651 184/188/651
f 148/151/652 149/152/652 185/189/652
f 149/152/653 150/153/653 186/190/653
f 150/153/654 151/154/654 187/191/654
f 151/154/655 152/155/655 188/192/655
f 152/155/656 153/156/656 189/193/656
f 154/157/657 190/194/657 189/193/657
f 155/158/658 191/195/658 190/194/658
f 156/159/659 192/196/659 191/195/659
f 157/160/660 193/197/660 192/196/660
f 158/161/661 194/198/661 193/197/661
f 159/162/662 195/199/662 194/198/662
f 160/163/663 196/200/663 195/199/663
f 161/164/664 197/201/664 196/200/664
f 162/165/665 198/202/665 197/201/665
f 163/166/666 199/204/666 198/202/666
f 163/166/667 164/167/667 200/203/667
f 164/167/668 165/168/668 201/205/668
f 165/168/669 166/170/669 202/206/669
f 166/170/670 167/169/670 203/207/670
f 167/169/671 168/171/671 204/208/671
f 168/171/672 169/172/672 205/209/672
f 169/172/673 170/173/673 206/210/673
f 170/173/674 171/174/674 207/211/674
f 172/175/675 208/212/675 207/211/675
f 173/176/676 209/213/676 208/212/676
f 174/177/677 210/214/677 209/213/677
f 175/178/678 211/215/678 210/214/678
f 176/179/679 212/216/679 211/215/679
f 177/180/680 213/217/680 212/216/680
f 178/181/681 214/218/681 213/217/681
f 179/183/682 215/219/682 214/218/682
f 180/182/683 216/221/683 215/219/683
f 145/220/684 181/259/684 216/221/684
f 182/187/685 218/223/685 217/222/685
f 183/186/686 219/224/686 218/223/686
f 184/188/687 220/225/687 219/224/687
f 185/189/688 221/226/688 220/225/688
f 186/190/689 222/227/689 221/226/689
f 187/191/690 223/228/690 222/227/690
f 188/192/691 224/229/691 223/228/691
f 189/193/692 225/230/692 224/229/692
f 190/194/693 226/232/693 225/230/693
f 190/194/694 191/195/694 227/231/694
f 191/195/695 192/196/695 228/233/695
f 192/196/696 193/197/696 229/234/696
f 193/197/697 194/198/697 230/235/697
f 194/198/698 195/199/698 231/236/698
f 195/199/699 196/200/699 232/237/699
f 196/200/700 197/201/700 233/238/700
f 197/201/701 198/202/701 234/239/701
f 198/202/702 199/204/702 235/240/702
f 199/204/703 200/203/703 236/241/703
f 201/205/704 237/242/704 236/241/704
f 202/206/705 238/243/705 237/242/705
f 203/207/706 239/244/706 238/243/706
f 204/208/707 240/245/707 239/244/707
f 205/209/708 241/246/708 240/245/708
f 206/210/709 242/247/709 241/246/709
f 207/211/710 243/248/710 242/247/710
f 208/212/711 244/250/711 243/248/711
f 208/212/712 209/213/712 245/249/712
f 209/213/713 210/214/713 246/251/713
f 210/214/714 211/215/714 247/252/714
f 211/215/715 212/216/715 248/253/715
f 212/216/716 213/217/716 249/254/716
f 213/217/717 214/218/717 250/255/717
f 214/218/718 215/219/718 251/256/718
f 215/219/719 216/221/719 252/257/719
f 216/221/720 181/259/720 217/258/720
f 289/2/721 290/5/721 254/1/721
f 254/1/722 290/5/722 291/4/722
f 255/6/723 291/4/723 292/7/723
f 292/7/724 293/11/724 257/8/724
f 293/11/725 294/13/725 258/10/725
f 258/10/726 294/13/726 295/12/726
f 259/14/727 295/12/727 296/15/727
f 296/15/728 297/19/728 261/16/728
f 297/19/729 298/21/729 262/18/729
f 262/18/730 298/21/730 299/20/730
f 263/22/731 299/20/731 300/23/731
f 264/24/732 300/23/732 301/25/732
f 301/25/733 302/29/733 266/26/733
f 266/26/734 302/29/734 303/28/734
f 267/30/735 303/28/735 304/31/735
f 304/31/736 305/35/736 269/32/736
f 305/35/737 306/37/737 270/34/737
f 270/34/738 306/37/738 307/36/738
f 271/38/739 307/36/739 308/39/739
f 308/39/740 309/43/740 273/40/740
f 309/43/741 310/45/741 274/42/741
f 274/42/742 310/45/742 311/44/742
f 275/46/743 311/44/743 312/47/743
f 312/47/744 313/51/744 277/48/744
f 313/51/745 314/53/745 278/50/745
f 278/50/746 314/53/746 315/52/746
f 279/54/747 315/52/747 316/55/747
f 280/56/748 316/55/748 317/57/748
f 317/57/749 318/61/749 282/58/749
f 282/58/750 318/61/750 319/60/750
f 283/62/751 319/60/751 320/63/751
f 284/64/752 320/63/752 321/65/752
f 321/65/753 322/69/753 286/66/753
f 286/66/754 322/69/754 323/68/754
f 287/70/755 323/68/755 324/71/755
f 324/71/756 289/110/756 253/72/756
f 325/75/757 326/74/757 290/5/757
f 290/5/758 326/74/758 327/76/758
f 291/4/759 327/76/759 328/77/759
f 328/77/760 329/79/760 293/11/760
f 329/79/761 330/78/761 294/13/761
f 294/13/762 330/78/762 331/80/762
f 295/12/763 331/80/763 332/81/763
f 332/81/764 333/83/764 297/19/764
f 333/83/765 334/82/765 298/21/765
f 298/21/766 334/82/766 335/84/766
f 299/20/767 335/84/767 336/85/767
f 336/85/768 337/87/768 301/25/768
f 337/87/769 338/86/769 302/29/769
f 302/29/770 338/86/770 339/88/770
f 303/28/771 339/88/771 340/89/771
f 340/89/772 341/91/772 305/35/772
f 341/91/773 342/90/773 306/37/773
f 306/37/774 342/90/774 343/92/774
f 307/36/775 343/92/775 344/93/775
f 344/93/776 345/94/776 309/43/776
f 345/94/777 346/96/777 310/45/777
f 310/45/778 346/96/778 347/95/778
f 347/95/779 348/97/779 312/47/779
f 348/97/780 349/98/780 313/51/780
f 349/98/781 350/100/781 314/53/781
f 314/53/782 350/100/782 351/99/782
f 315/52/783 351/99/783 352/101/783
f 352/101/784 353/103/784 317/57/784
f 353/103/785 354/102/785 318/61/785
f 318/61/786 354/102/786 355/104/786
f 319/60/787 355/104/787 356/105/787
f 356/105/788 357/107/788 321/65/788
f 321/65/789 357/107/789 358/106/789
f 322/69/790 358/106/790 359/108/790
f 323/68/791 359/108/791 360/109/791
f 360/109/792 325/146/792 289/110/792
f 325/75/793 361/112/793 362/111/793
f 326/74/794 362/111/794 363/113/794
f 363/113/795 364/114/795 328/77/795
f 364/114/796 365/115/796 329/79/796
f 329/79/797 365/115/797 366/116/797
f 366/116/798 367/117/798 331/80/798
f 367/117/799 368/118/799 332/81/799
f 368/118/800 369/119/800 333/83/800
f 333/83/801 369/119/801 370/120/801
f 334/82/802 370/120/802 371/121/802
f 371/121/803 372/122/803 336/85/803
f 372/122/804 373/124/804 337/87/804
f 337/87/805 373/124/805 374/123/805
f 338/86/806 374/123/806 375/125/806
f 375/125/807 376/126/807 340/89/807
f 376/126/808 377/128/808 341/91/808
f 341/91/809 377/128/809 378/127/809
f 378/127/810 379/129/810 343/92/810
f 379/129/811 380/130/811 344/93/811
f 380/130/812 381/131/812 345/94/812
f 381/131/813 382/132/813 346/96/813
f 382/132/814 383/133/814 347/95/814
f 383/133/815 384/134/815 348/97/815
f 384/134/816 385/135/816 349/98/816
f 385/135/817 386/136/817 350/100/817
f 386/136/818 387/137/818 351/99/818
f 387/137/819 388/138/819 352/101/819
f 388/138/820 389/140/820 353/103/820
f 353/103/821 389/140/821 390/139/821
f 354/102/822 390/139/822 391/141/822
f 391/141/823 392/143/823 356/105/823
f 392/143/824 393/142/824 357/107/824
f 357/107/825 393/142/825 394/144/825
f 358/106/826 394/144/826 395/145/826
f 395/145/827 396/147/827 360/109/827
f 396/147/828 361/184/828 325/146/828
f 397/148/829 398/150/829 362/111/829
f 362/111/830 398/150/830 399/149/830
f 363/113/831 399/149/831 400/151/831
f 364/114/832 400/151/832 401/152/832
f 365/115/833 401/152/833 402/153/833
f 366/116/834 402/153/834 403/154/834
f 367/117/835 403/154/835 404/155/835
f 368/118/836 404/155/836 405/156/836
f 369/119/837 405/156/837 406/157/837
f 406/157/838 407/158/838 371/121/838
f 407/158/839 408/159/839 372/122/839
f 408/159/840 409/160/840 373/124/840
f 409/160/841 410/161/841 374/123/841
f 410/161/842 411/162/842 375/125/842
f 411/162/843 412/163/843 376/126/843
f 412/163/844 413/164/844 377/128/844
f 413/164/845 414/165/845 378/127/845
f 414/165/846 415/166/846 379/129/846
f 415/166/847 416/167/847 380/130/847
f 416/167/848 417/168/848 381/131/848
f 417/168/849 418/170/849 382/132/849
f 382/132/850 418/170/850 419/169/850
f 383/133/851 419/169/851 420/171/851
f 384/134/852 420/171/852 421/172/852
f 385/135/853 421/172/853 422/173/853
f 386/136/854 422/173/854 423/174/854
f 387/137/855 423/174/855 424/175/855
f 424/175/856 425/176/856 389/140/856
f 425/176/857 426/177/857 390/139/857
f 426/177/858 427/178/858 391/141/858
f 427/178/859 428/179/859 392/143/859
f 428/179/860 429/180/860 393/142/860
f 429/180/861 430/181/861 394/144/861
f 430/181/862 431/183/862 395/145/862
f 431/183/863 432/182/863 396/147/863
f 432/182/864 397/220/864 361/184/864
f 433/185/865 434/187/865 398/150/865
f 398/150/866 434/187/866 435/186/866
f 399/149/867 435/186/867 436/188/867
f 400/151/868 436/188/868 437/189/868
f 401/152/869 437/189/869 438/190/869
f 402/153/870 438/190/870 439/191/870
f 403/154/871 439/191/871 440/192/871
f 404/155/872 440/192/872 441/193/872
f 441/193/873 442/194/873 406/157/873
f 442/194/874 443/195/874 407/158/874
f 443/195/875 444/196/875 408/159/875
f 444/196/876 445/197/876 409/160/876
f 445/197/877 446/198/877 410/161/877
f 446/198/878 447/199/878 411/162/878
f 447/199/879 448/200/879 412/163/879
f 448/200/880 449/201/880 413/164/880
f 449/201/881 450/202/881 414/165/881
f 450/202/882 451/204/882 415/166/882
f 415/166/883 451/204/883 452/203/883
f 416/167/884 452/203/884 453/205/884
f 417/168/885 453/205/885 454/206/885
f 418/170/886 454/206/886 455/207/886
f 419/169/887 455/207/887 456/208/887
f 420/171/888 456/208/888 457/209/888
f 421/172/889 457/209/889 458/210/889
f 422/173/890 458/210/890 459/211/890
f 459/211/891 460/212/891 424/175/891
f 460/212/892 461/213/892 425/176/892
f 461/213/893 462/214/893 426/177/893
f 462/214/894 463/215/894 427/178/894
f 463/215/895 464/216/895 428/179/895
f 464/216/896 465/217/896 429/180/896
f 465/217/897 466/218/897 430/181/897
f 466/218/898 467/219/898 431/183/898
f 467/219/899 468/221/899 432/182/899
f 468/221/900 433/259/900 397/220/900
f 469/222/901 470/223/901 434/187/901
f 470/223/902 471/224/902 435/186/902
f 471/224/903 472/225/903 436/188/903
f 472/225/904 473/226/904 437/189/904
f 473/226/905 474/227/905 438/190/905
f 474/227/906 475/228/906 439/191/906
f 475/228/907 476/229/907 440/192/907
f 476/229/908 477/230/908 441/193/908
f 477/230/909 478/232/909 442/194/909
f 442/194/910 478/232/910 479/231/910
f 443/195/911 479/231/911 480/233/911
f 444/196/912 480/233/912 481/234/912
f 445/197/913 481/234/913 482/235/913
f 446/198/914 482/235/914 483/236/914
f 447/199/915 483/236/915 484/237/915
f 448/200/916 484/237/916 485/238/916
f 449/201/917 485/238/917 486/239/917
f 450/202/918 486/239/918 487/240/918
f 451/204/919 487/240/919 488/241/919
f 488/241/920 489/242/920 453/205/920
f 489/242/921 490/243/921 454/206/921
f 490/243/922 491/244/922 455/207/922
f 491/244/923 492/245/923 456/208/923
f 492/245/924 493/246/924 457/209/924
f 493/246/925 494/247/925 458/210/925
f 494/247/926 495/248/926 459/211/926
f 495/248/927 496/250/927 460/212/927
f 460/212/928 496/250/928 497/249/928
f 461/213/929 497/249/929 498/251/929
f 462/214/930 498/251/930 499/252/930
f 463/215/931 499/252/931 500/253/931
f 464/216/932 500/253/932 501/254/932
f 465/217/933 501/254/933 502/255/933
f 466/218/934 502/255/934 503/256/934
f 467/219/935 503/256/935 504/257/935
f 468/221/936 504/257/936 469/258/936
f 2/1/937 1/3/937 253/3/937
f 3/6/938 2/1/938 254/1/938
f 3/6/939 255/6/939 256/9/939
f 4/9/940 256/9/940 257/8/940
f 6/10/941 5/8/941 257/8/941
f 7/14/942 6/10/942 258/10/942
f 7/14/943 259/14/943 260/17/943
f 8/17/944 260/17/944 261/16/944
f 10/18/945 9/16/945 261/16/945
f 11/22/946 10/18/946 262/18/946
f 11/22/947 263/22/947 264/24/947
f 12/24/948 264/24/948 265/27/948
f 14/26/949 13/27/949 265/27/949
f 15/30/950 14/26/950 266/26/950
f 15/30/951 267/30/951 268/33/951
f 16/33/952 268/33/952 269/32/952
f 18/34/953 17/32/953 269/32/953
f 19/38/954 18/34/954 270/34/954
f 19/38/955 271/38/955 272/41/955
f 20/41/956 272/41/956 273/40/956
f 22/42/957 21/40/957 273/40/957
f 23/46/958 22/42/958 274/42/958
f 23/46/959 275/46/959 276/49/959
f 24/49/960 276/49/960 277/48/960
f 26/50/961 25/48/961 277/48/961
f 27/54/962 26/50/962 278/50/962
f 27/54/963 279/54/963 280/56/963
f 28/56/964 280/56/964 281/59/964
f 30/58/965 29/59/965 281/59/965
f 31/62/966 30/58/966 282/58/966
f 31/62/967 283/62/967 284/64/967
f 32/64/968 284/64/968 285/67/968
f 34/66/969 33/67/969 285/67/969
f 35/70/970 34/66/970 286/66/970
f 35/70/971 287/70/971 288/73/971
f 36/73/972 288/73/972 253/72/972
f 217/222/973 218/223/973 470/223/973
f 218/223/974 219/224/974 471/224/974
f 219/224/975 220/225/975 472/225/975
f 220/225/976 221/226/976 473/226/976
f 221/226/977 222/227/977 474/227/977
f 222/227/978 223/228/978 475/228/978
f 223/228/979 224/229/979 476/229/979
f 224/229/980 225/230/980 477/230/980
f 225/230/981 226/232/981 478/232/981
f 227/231/982 479/231/982 478/232/982
f 228/233/983 480/233/983 479/231/983
f 229/234/984 481/234/984 480/233/984
f 230/235/985 482/235/985 481/234/985
f 231/236/986 483/236/986 482/235/986
f 232/237/987 484/237/987 483/236/987
f 233/238/988 485/238/988 484/237/988
f 234/239/989 486/239/989 485/238/989
f 235/240/990 487/240/990 486/239/990
f 235/240/991 236/241/991 488/241/991
f 236/241/992 237/242/992 489/242/992
f 237/242/993 238/243/993 490/243/993
f 238/243/994 239/244/994 491/244/994
f 239/244/995 240/245/995 492/245/995
f 240/245/996 241/246/996 493/246/996
f 241/246/997 242/247/997 494/247/997
f 242/247/998 243/248/998 495/248/998
f 243/248/999 244/250/999 496/250/999
f 245/249/1000 497/249/1000 496/250/1000
f 246/251/1001 498/251/1001 497/249/1001
f 247/252/1002 499/252/1002 498/251/1002
f 248/253/1003 500/253/1003 499/252/1003
f 249/254/1004 501/254/1004 500/253/1004
f 250/255/1005 502/255/1005 501/254/1005
f 251/256/1006 503/256/1006 502/255/1006
f 252/257/1007 504/257/1007 503/256/1007
f 217/258/1008 469/258/1008 504/257/1008
g B_Hood.001_B_Hood.001
v 0.234312 0.782000 0.264525
v 0.351136 0.782000 0.190322
v 0.420822 0.782000 0.078743
v 0.439448 0.782000 -0.092023
v 0.405759 0.782000 -0.234844
v 0.321974 0.782000 -0.335760
v 0.192132 0.782000 -0.398583
v -0.000000 0.782000 -0.420000
v -0.192132 0.782000 -0.398583
v -0.321974 0.782000 -0.335760
v -0.405759 0.782000 -0.234844
v -0.439448 0.782000 -0.092023
v -0.420822 0.782000 0.078743
v -0.351136 0.782000 0.190322
v -0.234312 0.782000 0.264525
v 0.188077 1.088000 0.163619
v 0.292407 1.088000 0.088733
v 0.356253 1.088000 -0.019844
v 0.373489 1.088000 -0.164272
v 0.342365 1.088000 -0.294637
v 0.266017 1.088000 -0.394205
v 0.151462 1.088000 -0.457994
v -0.000000 1.088000 -0.480000
v -0.151462 1.088000 -0.457994
v -0.266017 1.088000 -0.394205
v -0.342365 1.088000 -0.294637
v -0.373489 1.088000 -0.164272
v -0.356253 1.088000 -0.019844
v -0.292407 1.088000 0.088733
v -0.188077 1.088000 0.163619
v 0.103284 1.360000 0.011907
v 0.167823 1.360000 -0.044816
v 0.208544 1.360000 -0.123563
v 0.219669 1.360000 -0.213158
v 0.199619 1.360000 -0.300886
v 0.151239 1.360000 -0.374296
v 0.081395 1.360000 -0.422970
v -0.000000 1.360000 -0.440000
v -0.081395 1.360000 -0.422970
v -0.151239 1.360000 -0.374296
v -0.199619 1.360000 -0.300886
v -0.219669 1.360000 -0.213158
v -0.208544 1.360000 -0.123563
v -0.167823 1.360000 -0.044816
v -0.103284 1.360000 0.011907
v 0.020657 1.513000 -0.207023
v 0.033565 1.513000 -0.221204
v 0.041709 1.513000 -0.240891
v 0.043934 1.513000 -0.263290
v 0.039924 1.513000 -0.285221
v 0.030248 1.513000 -0.303574
v 0.016279 1.513000 -0.315742
v -0.000000 1.513000 -0.320000
v -0.016279 1.513000 -0.315742
v -0.030248 1.513000 -0.303574
v -0.039924 1.513000 -0.285221
v -0.043934 1.513000 -0.263290
v -0.041709 1.513000 -0.240891
v -0.033565 1.513000 -0.221204
v -0.020657 1.513000 -0.207023
v 0.202975 0.769607 0.226108
v 0.311038 0.769690 0.157569
v 0.369113 0.771904 0.062735
v 0.384447 0.775159 -0.090286
v 0.353880 0.778477 -0.215310
v 0.283171 0.782943 -0.298546
v 0.173245 0.787079 -0.350974
v -0.000000 0.788724 -0.370155
v -0.173245 0.787079 -0.350974
v -0.283171 0.782943 -0.298546
v -0.353880 0.778477 -0.215310
v -0.384447 0.775159 -0.090286
v -0.369113 0.771904 0.062735
v -0.311038 0.769690 0.157569
v -0.202975 0.769607 0.226108
v 0.156284 1.071863 0.127142
v 0.252110 1.071748 0.058487
v 0.305376 1.073627 -0.033680
v 0.319616 1.076213 -0.161500
v 0.291705 1.079055 -0.274363
v 0.227342 1.082928 -0.356888
v 0.131653 1.086796 -0.409714
v 0.000000 1.088502 -0.428810
v -0.131653 1.086796 -0.409714
v -0.227342 1.082928 -0.356888
v -0.291705 1.079055 -0.274363
v -0.319616 1.076213 -0.161500
v -0.305376 1.073627 -0.033680
v -0.252110 1.071748 0.058487
v -0.156284 1.071863 0.127142
v 0.073173 1.333979 -0.018281
v 0.131923 1.333438 -0.069250
v 0.164122 1.335191 -0.135081
v 0.171944 1.337208 -0.211042
v 0.153717 1.339219 -0.284005
v 0.113852 1.341536 -0.342107
v 0.060259 1.343737 -0.378461
v 0.000000 1.344733 -0.390911
v -0.060259 1.343737 -0.378462
v -0.113852 1.341536 -0.342107
v -0.153717 1.339219 -0.284005
v -0.171944 1.337208 -0.211042
v -0.164122 1.335191 -0.135081
v -0.131923 1.333438 -0.069250
v -0.073173 1.333979 -0.018281
v -0.004796 1.480782 -0.229999
v 0.001933 1.481317 -0.239308
v 0.002955 1.483210 -0.249206
v 0.002079 1.485027 -0.260646
v -0.000797 1.486642 -0.270662
v -0.003867 1.487904 -0.276617
v -0.004001 1.488647 -0.278004
v -0.000000 1.488865 -0.277658
v 0.004001 1.488647 -0.278004
v 0.003867 1.487904 -0.276617
v 0.000797 1.486642 -0.270662
v -0.002079 1.485027 -0.260646
v -0.002955 1.483210 -0.249206
v -0.001933 1.481317 -0.239308
v 0.004796 1.480782 -0.229999
vn 0.5046 0.3382 0.7944
vn 0.8034 0.3208 0.5017
vn 0.9656 0.2377 0.1053
vn 0.9617 0.1537 -0.2269
vn 0.7689 0.0346 -0.6384
vn 0.4337 -0.0919 -0.8964
vn 0.1091 -0.1755 -0.9784
vn -0.1411 -0.1905 -0.9715
vn -0.4838 -0.1044 -0.8689
vn -0.7932 0.0289 -0.6082
vn -0.9610 0.1543 -0.2294
vn -0.9651 0.2352 0.1152
vn -0.8148 0.3263 0.4791
vn -0.5448 0.3565 0.7590
vn 0.4923 0.5360 0.6858
vn 0.7248 0.5413 0.4262
vn 0.8573 0.5046 0.1023
vn 0.8671 0.4531 -0.2070
vn 0.7362 0.3734 -0.5645
vn 0.4698 0.2600 -0.8436
vn 0.1419 0.1623 -0.9765
vn -0.2027 0.1425 -0.9688
vn -0.5543 0.2452 -0.7954
vn -0.7772 0.3655 -0.5122
vn -0.8697 0.4518 -0.1988
vn -0.8572 0.5039 0.1064
vn -0.7422 0.5494 0.3838
vn -0.5481 0.5573 0.6237
vn 0.3781 0.8197 0.4302
vn 0.5392 0.7947 0.2788
vn 0.6427 0.7620 0.0798
vn 0.6734 0.7231 -0.1539
vn 0.6121 0.6802 -0.4034
vn 0.4397 0.6393 -0.6309
vn 0.1620 0.6117 -0.7744
vn -0.2016 0.6045 -0.7707
vn -0.5109 0.6285 -0.5865
vn -0.6526 0.6751 -0.3441
vn -0.6801 0.7225 -0.1243
vn -0.6448 0.7616 0.0641
vn -0.5632 0.7928 0.2330
vn -0.4248 0.8185 0.3867
vn -0.5039 -0.3381 -0.7949
vn -0.8043 -0.3209 -0.5000
vn -0.9662 -0.2367 -0.1019
vn -0.9610 -0.1523 0.2309
vn -0.7626 -0.0308 0.6462
vn -0.4256 0.0958 0.8998
vn -0.1066 0.1770 0.9784
vn 0.1066 0.1770 0.9784
vn 0.4256 0.0958 0.8998
vn 0.7626 -0.0308 0.6462
vn 0.9610 -0.1523 0.2309
vn 0.9662 -0.2367 -0.1019
vn 0.8043 -0.3209 -0.5000
vn 0.5039 -0.3381 -0.7949
vn -0.4919 -0.5364 -0.6857
vn -0.7231 -0.5415 -0.4289
vn -0.8573 -0.5039 -0.1057
vn -0.8682 -0.4526 0.2033
vn -0.7404 -0.3719 0.5600
vn -0.4750 -0.2566 0.8417
vn -0.1437 -0.1588 0.9768
vn 0.1437 -0.1588 0.9768
vn 0.4750 -0.2566 0.8417
vn 0.7404 -0.3719 0.5600
vn 0.8682 -0.4526 0.2033
vn 0.8573 -0.5039 -0.1057
vn 0.7231 -0.5415 -0.4289
vn 0.4919 -0.5364 -0.6857
vn -0.3795 -0.8199 -0.4287
vn -0.5352 -0.7959 -0.2830
vn -0.6401 -0.7634 -0.0862
vn -0.6735 -0.7242 0.1483
vn -0.6159 -0.6814 0.3954
vn -0.4491 -0.6401 0.6233
vn -0.1701 -0.6088 0.7748
vn 0.1698 -0.6112 0.7730
vn 0.4491 -0.6401 0.6233
vn 0.6159 -0.6814 0.3954
vn 0.6735 -0.7242 0.1483
vn 0.6401 -0.7634 -0.0862
vn 0.5352 -0.7959 -0.2830
vn 0.3795 -0.8199 -0.4287
vn -0.7849 0.0799 0.6145
vn 0.1303 -0.9700 0.2051
vn 0.1673 -0.9827 0.0795
vn 0.1231 -0.9923 -0.0088
vn 0.0622 -0.9980 -0.0147
vn -0.0417 -0.9990 -0.0182
vn -0.0740 -0.9943 0.0767
vn -0.0242 -0.9907 0.1337
vn 0.0113 -0.9948 0.1016
vn 0.0081 -0.9998 0.0168
vn -0.0516 -0.9977 -0.0429
vn -0.1215 -0.9910 -0.0560
vn -0.1855 -0.9824 0.0202
vn -0.1977 -0.9725 0.1235
vn -0.1313 -0.9698 0.2058
vn 0.7704 0.0916 0.6309
vn -0.7720 0.1032 0.6272
vn 0.7541 0.1246 0.6448
vn -0.7938 0.3153 0.5200
vn -0.5064 0.7288 -0.4609
vn -0.6091 0.7520 -0.2520
vn -0.6232 0.7636 0.1690
vn -0.5212 0.8063 0.2797
vn -0.4014 0.8318 0.3834
vn -0.2455 0.8447 0.4757
vn 0.0903 -0.8582 -0.5053
vn -0.0897 -0.8653 -0.4932
vn 0.3308 0.8639 0.3797
vn 0.4478 0.8624 0.2361
vn 0.5169 0.8508 0.0945
vn 0.5572 0.8285 -0.0554
vn 0.6187 0.7810 0.0855
vn 0.8164 0.2881 0.5004
vn 0.5519 0.7542 -0.3557
vn 0.5448 0.3565 0.7590
vn 0.8148 0.3263 0.4791
vn 0.9651 0.2352 0.1152
vn 0.9610 0.1543 -0.2294
vn 0.7932 0.0289 -0.6082
vn 0.4838 -0.1044 -0.8689
vn 0.1411 -0.1905 -0.9715
vn -0.1091 -0.1755 -0.9784
vn -0.4337 -0.0919 -0.8964
vn -0.7689 0.0346 -0.6384
vn -0.9617 0.1537 -0.2269
vn -0.9656 0.2377 0.1053
vn -0.8034 0.3208 0.5017
vn -0.5046 0.3382 0.7944
vn 0.5481 0.5573 0.6237
vn 0.7422 0.5494 0.3838
vn 0.8572 0.5039 0.1064
vn 0.8697 0.4518 -0.1988
vn 0.7772 0.3655 -0.5122
vn 0.5543 0.2452 -0.7954
vn 0.2027 0.1425 -0.9688
vn -0.1419 0.1623 -0.9765
vn -0.4698 0.2600 -0.8436
vn -0.7362 0.3734 -0.5645
vn -0.8671 0.4531 -0.2070
vn -0.8573 0.5046 0.1023
vn -0.7248 0.5413 0.4262
vn -0.4923 0.5360 0.6858
vn 0.4248 0.8185 0.3867
vn 0.5632 0.7928 0.2330
vn 0.6448 0.7616 0.0641
vn 0.6801 0.7225 -0.1243
vn 0.6526 0.6751 -0.3441
vn 0.5109 0.6285 -0.5865
vn 0.2016 0.6045 -0.7707
vn -0.1620 0.6117 -0.7744
vn -0.4397 0.6393 -0.6309
vn -0.6121 0.6802 -0.4034
vn -0.6734 0.7231 -0.1539
vn -0.6427 0.7620 0.0798
vn -0.5392 0.7947 0.2788
vn -0.3781 0.8197 0.4302
vn -0.5447 -0.3554 -0.7596
vn -0.8159 -0.3251 -0.4782
vn -0.9656 -0.2345 -0.1123
vn -0.9603 -0.1527 0.2336
vn -0.7889 -0.0274 0.6140
vn -0.4774 0.1047 0.8724
vn -0.1385 0.1902 0.9719
vn 0.1385 0.1902 0.9719
vn 0.4774 0.1047 0.8724
vn 0.7889 -0.0274 0.6140
vn 0.9603 -0.1527 0.2336
vn 0.9656 -0.2345 -0.1123
vn 0.8159 -0.3251 -0.4782
vn 0.5447 -0.3554 -0.7596
vn -0.5474 -0.5565 -0.6250
vn -0.7449 -0.5492 -0.3790
vn -0.8574 -0.5044 -0.1017
vn -0.8679 -0.4528 0.2043
vn -0.7732 -0.3688 0.5158
vn -0.5506 -0.2499 0.7965
vn -0.2025 -0.1433 0.9687
vn 0.2025 -0.1433 0.9687
vn 0.5506 -0.2499 0.7965
vn 0.7732 -0.3688 0.5158
vn 0.8679 -0.4528 0.2043
vn 0.8574 -0.5044 -0.1017
vn 0.7449 -0.5492 -0.3790
vn 0.5474 -0.5565 -0.6250
vn -0.4454 -0.8158 -0.3689
vn -0.5763 -0.7897 -0.2104
vn -0.6427 -0.7627 -0.0720
vn -0.6845 -0.7246 0.0797
vn -0.7084 -0.6696 0.2233
vn -0.9329 -0.3473 -0.0957
vn 0.0388 0.5808 -0.8131
vn -0.0344 0.6175 -0.7858
vn 0.9329 -0.3473 -0.0957
vn 0.7084 -0.6696 0.2233
vn 0.6845 -0.7246 0.0797
vn 0.6427 -0.7627 -0.0720
vn 0.5763 -0.7897 -0.2104
vn 0.4454 -0.8158 -0.3689
vn -0.7704 0.0916 0.6309
vn 0.1313 -0.9698 0.2058
vn 0.1977 -0.9725 0.1235
vn 0.1855 -0.9824 0.0202
vn 0.1215 -0.9910 -0.0560
vn 0.0516 -0.9977 -0.0429
vn -0.0081 -0.9998 0.0168
vn -0.0113 -0.9948 0.1016
vn 0.0242 -0.9907 0.1337
vn 0.0740 -0.9943 0.0767
vn 0.0417 -0.9990 -0.0182
vn -0.0622 -0.9980 -0.0147
vn -0.1231 -0.9923 -0.0088
vn -0.1673 -0.9827 0.0795
vn -0.1303 -0.9700 0.2051
vn 0.7849 0.0799 0.6145
vn -0.7541 0.1246 0.6448
vn 0.7720 0.1032 0.6272
vn -0.8164 0.2881 0.5004
vn -0.5519 0.7542 -0.3557
vn -0.6187 0.7810 0.0855
vn -0.5572 0.8285 -0.0554
vn -0.5169 0.8508 0.0945
vn -0.4478 0.8624 0.2361
vn -0.3308 0.8639 0.3797
vn -0.1284 0.8616 0.4911
vn 0.1277 0.8632 0.4884
vn 0.2456 0.8446 0.4757
vn 0.4014 0.8318 0.3834
vn 0.5212 0.8063 0.2797
vn 0.6232 0.7636 0.1690
vn 0.6091 0.7520 -0.2520
vn 0.7938 0.3153 0.5200
vn 0.5064 0.7288 -0.4609
vt 0.071429 0.000000
vt 0.000000 0.333333
vt 0.000000 0.000000
vt 0.142857 0.000000
vt 0.071429 0.333333
vt 0.214286 0.000000
vt 0.142857 0.333333
vt 0.285714 0.000000
vt 0.214286 0.333333
vt 0.357143 0.000000
vt 0.285714 0.333333
vt 0.428571 0.000000
vt 0.357143 0.333333
vt 0.500000 0.000000
vt 0.428571 0.333333
vt 0.571429 0.333333
vt 0.500000 0.333333
vt 0.571429 0.000000
vt 0.642857 0.333333
vt 0.642857 0.000000
vt 0.714286 0.333333
vt 0.714286 0.000000
vt 0.785714 0.333333
vt 0.785714 0.000000
vt 0.857143 0.333333
vt 0.857143 0.000000
vt 0.928571 0.333333
vt 0.928571 0.000000
vt 1.000000 0.333333
vt 0.000000 0.666667
vt 0.071429 0.666667
vt 0.142857 0.666667
vt 0.214286 0.666667
vt 0.285714 0.666667
vt 0.357143 0.666667
vt 0.428571 0.666667
vt 0.571429 0.666667
vt 0.500000 0.666667
vt 0.642857 0.666667
vt 0.714286 0.666667
vt 0.785714 0.666667
vt 0.857143 0.666667
vt 0.928571 0.666667
vt 1.000000 0.666667
vt 0.000000 1.000000
vt 0.071429 1.000000
vt 0.142857 1.000000
vt 0.214286 1.000000
vt 0.285714 1.000000
vt 0.357143 1.000000
vt 0.428571 1.000000
vt 0.571429 1.000000
vt 0.500000 1.000000
vt 0.642857 1.000000
vt 0.714286 1.000000
vt 0.785714 1.000000
vt 0.857143 1.000000
vt 0.928571 1.000000
vt 1.000000 1.000000
vt 1.000000 0.000000
s 0
g B_Hood.001_black_robe_cloth
usemtl black_robe_cloth
f 506/260/1009 520/261/1009 505/262/1009
f 507/263/1010 521/264/1010 506/260/1010
f 508/265/1011 522/266/1011 507/263/1011
f 509/267/1012 523/268/1012 508/265/1012
f 510/269/1013 524/270/1013 509/267/1013
f 511/271/1014 525/272/1014 510/269/1014
f 512/273/1015 526/274/1015 511/271/1015
f 512/273/1016 528/275/1016 527/276/1016
f 513/277/1017 529/278/1017 528/275/1017
f 514/279/1018 530/280/1018 529/278/1018
f 515/281/1019 531/282/1019 530/280/1019
f 516/283/1020 532/284/1020 531/282/1020
f 517/285/1021 533/286/1021 532/284/1021
f 518/287/1022 534/288/1022 533/286/1022
f 521/264/1023 535/289/1023 520/261/1023
f 522/266/1024 536/290/1024 521/264/1024
f 523/268/1025 537/291/1025 522/266/1025
f 524/270/1026 538/292/1026 523/268/1026
f 525/272/1027 539/293/1027 524/270/1027
f 526/274/1028 540/294/1028 525/272/1028
f 527/276/1029 541/295/1029 526/274/1029
f 527/276/1030 543/296/1030 542/297/1030
f 528/275/1031 544/298/1031 543/296/1031
f 529/278/1032 545/299/1032 544/298/1032
f 530/280/1033 546/300/1033 545/299/1033
f 531/282/1034 547/301/1034 546/300/1034
f 532/284/1035 548/302/1035 547/301/1035
f 533/286/1036 549/303/1036 548/302/1036
f 536/290/1037 550/304/1037 535/289/1037
f 537/291/1038 551/305/1038 536/290/1038
f 538/292/1039 552/306/1039 537/291/1039
f 539/293/1040 553/307/1040 538/292/1040
f 540/294/1041 554/308/1041 539/293/1041
f 541/295/1042 555/309/1042 540/294/1042
f 542/297/1043 556/310/1043 541/295/1043
f 542/297/1044 558/311/1044 557/312/1044
f 543/296/1045 559/313/1045 558/311/1045
f 544/298/1046 560/314/1046 559/313/1046
f 545/299/1047 561/315/1047 560/314/1047
f 546/300/1048 562/316/1048 561/315/1048
f 547/301/1049 563/317/1049 562/316/1049
f 548/302/1050 564/318/1050 563/317/1050
f 580/261/1051 566/260/1051 565/262/1051
f 581/264/1052 567/263/1052 566/260/1052
f 582/266/1053 568/265/1053 567/263/1053
f 583/268/1054 569/267/1054 568/265/1054
f 584/270/1055 570/269/1055 569/267/1055
f 585/272/1056 571/271/1056 570/269/1056
f 586/274/1057 572/273/1057 571/271/1057
f 572/273/1058 588/275/1058 573/277/1058
f 573/277/1059 589/278/1059 574/279/1059
f 574/279/1060 590/280/1060 575/281/1060
f 575/281/1061 591/282/1061 576/283/1061
f 576/283/1062 592/284/1062 577/285/1062
f 577/285/1063 593/286/1063 578/287/1063
f 578/287/1064 594/288/1064 579/319/1064
f 595/289/1065 581/264/1065 580/261/1065
f 596/290/1066 582/266/1066 581/264/1066
f 597/291/1067 583/268/1067 582/266/1067
f 598/292/1068 584/270/1068 583/268/1068
f 599/293/1069 585/272/1069 584/270/1069
f 600/294/1070 586/274/1070 585/272/1070
f 601/295/1071 587/276/1071 586/274/1071
f 587/276/1072 603/296/1072 588/275/1072
f 588/275/1073 604/298/1073 589/278/1073
f 589/278/1074 605/299/1074 590/280/1074
f 590/280/1075 606/300/1075 591/282/1075
f 591/282/1076 607/301/1076 592/284/1076
f 592/284/1077 608/302/1077 593/286/1077
f 593/286/1078 609/303/1078 594/288/1078
f 610/304/1079 596/290/1079 595/289/1079
f 611/305/1080 597/291/1080 596/290/1080
f 612/306/1081 598/292/1081 597/291/1081
f 613/307/1082 599/293/1082 598/292/1082
f 614/308/1083 600/294/1083 599/293/1083
f 615/309/1084 601/295/1084 600/294/1084
f 601/295/1085 617/312/1085 602/297/1085
f 602/297/1086 618/311/1086 603/296/1086
f 603/296/1087 619/313/1087 604/298/1087
f 604/298/1088 620/314/1088 605/299/1088
f 605/299/1089 621/315/1089 606/300/1089
f 606/300/1090 622/316/1090 607/301/1090
f 607/301/1091 623/317/1091 608/302/1091
f 608/302/1092 624/318/1092 609/303/1092
f 505/262/1093 580/261/1093 565/262/1093
f 505/262/1094 566/260/1094 506/260/1094
f 507/263/1095 566/260/1095 567/263/1095
f 508/265/1096 567/263/1096 568/265/1096
f 508/265/1097 569/267/1097 509/267/1097
f 510/269/1098 569/267/1098 570/269/1098
f 511/271/1099 570/269/1099 571/271/1099
f 512/273/1100 571/271/1100 572/273/1100
f 512/273/1101 573/277/1101 513/277/1101
f 513/277/1102 574/279/1102 514/279/1102
f 514/279/1103 575/281/1103 515/281/1103
f 516/283/1104 575/281/1104 576/283/1104
f 516/283/1105 577/285/1105 517/285/1105
f 517/285/1106 578/287/1106 518/287/1106
f 519/319/1107 578/287/1107 579/319/1107
f 519/319/1108 594/288/1108 534/288/1108
f 520/261/1109 595/289/1109 580/261/1109
f 534/288/1110 609/303/1110 549/303/1110
f 550/304/1111 595/289/1111 535/289/1111
f 551/305/1112 610/304/1112 550/304/1112
f 552/306/1113 611/305/1113 551/305/1113
f 552/306/1114 613/307/1114 612/306/1114
f 553/307/1115 614/308/1115 613/307/1115
f 554/308/1116 615/309/1116 614/308/1116
f 555/309/1117 616/310/1117 615/309/1117
f 556/310/1118 617/312/1118 616/310/1118
f 557/312/1119 618/311/1119 617/312/1119
f 559/313/1120 618/311/1120 558/311/1120
f 560/314/1121 619/313/1121 559/313/1121
f 561/315/1122 620/314/1122 560/314/1122
f 562/316/1123 621/315/1123 561/315/1123
f 562/316/1124 623/317/1124 622/316/1124
f 564/318/1125 609/303/1125 624/318/1125
f 563/317/1126 624/318/1126 623/317/1126
f 506/260/1127 521/264/1127 520/261/1127
f 507/263/1128 522/266/1128 521/264/1128
f 508/265/1129 523/268/1129 522/266/1129
f 509/267/1130 524/270/1130 523/268/1130
f 510/269/1131 525/272/1131 524/270/1131
f 511/271/1132 526/274/1132 525/272/1132
f 512/273/1133 527/276/1133 526/274/1133
f 512/273/1134 513/277/1134 528/275/1134
f 513/277/1135 514/279/1135 529/278/1135
f 514/279/1136 515/281/1136 530/280/1136
f 515/281/1137 516/283/1137 531/282/1137
f 516/283/1138 517/285/1138 532/284/1138
f 517/285/1139 518/287/1139 533/286/1139
f 518/287/1140 519/319/1140 534/288/1140
f 521/264/1141 536/290/1141 535/289/1141
f 522/266/1142 537/291/1142 536/290/1142
f 523/268/1143 538/292/1143 537/291/1143
f 524/270/1144 539/293/1144 538/292/1144
f 525/272/1145 540/294/1145 539/293/1145
f 526/274/1146 541/295/1146 540/294/1146
f 527/276/1147 542/297/1147 541/295/1147
f 527/276/1148 528/275/1148 543/296/1148
f 528/275/1149 529/278/1149 544/298/1149
f 529/278/1150 530/280/1150 545/299/1150
f 530/280/1151 531/282/1151 546/300/1151
f 531/282/1152 532/284/1152 547/301/1152
f 532/284/1153 533/286/1153 548/302/1153
f 533/286/1154 534/288/1154 549/303/1154
f 536/290/1155 551/305/1155 550/304/1155
f 537/291/1156 552/306/1156 551/305/1156
f 538/292/1157 553/307/1157 552/306/1157
f 539/293/1158 554/308/1158 553/307/1158
f 540/294/1159 555/309/1159 554/308/1159
f 541/295/1160 556/310/1160 555/309/1160
f 542/297/1161 557/312/1161 556/310/1161
f 542/297/1162 543/296/1162 558/311/1162
f 543/296/1163 544/298/1163 559/313/1163
f 544/298/1164 545/299/1164 560/314/1164
f 545/299/1165 546/300/1165 561/315/1165
f 546/300/1166 547/301/1166 562/316/1166
f 547/301/1167 548/302/1167 563/317/1167
f 548/302/1168 549/303/1168 564/318/1168
f 580/261/1169 581/264/1169 566/260/1169
f 581/264/1170 582/266/1170 567/263/1170
f 582/266/1171 583/268/1171 568/265/1171
f 583/268/1172 584/270/1172 569/267/1172
f 584/270/1173 585/272/1173 570/269/1173
f 585/272/1174 586/274/1174 571/271/1174
f 586/274/1175 587/276/1175 572/273/1175
f 572/273/1176 587/276/1176 588/275/1176
f 573/277/1177 588/275/1177 589/278/1177
f 574/279/1178 589/278/1178 590/280/1178
f 575/281/1179 590/280/1179 591/282/1179
f 576/283/1180 591/282/1180 592/284/1180
f 577/285/1181 592/284/1181 593/286/1181
f 578/287/1182 593/286/1182 594/288/1182
f 595/289/1183 596/290/1183 581/264/1183
f 596/290/1184 597/291/1184 582/266/1184
f 597/291/1185 598/292/1185 583/268/1185
f 598/292/1186 599/293/1186 584/270/1186
f 599/293/1187 600/294/1187 585/272/1187
f 600/294/1188 601/295/1188 586/274/1188
f 601/295/1189 602/297/1189 587/276/1189
f 587/276/1190 602/297/1190 603/296/1190
f 588/275/1191 603/296/1191 604/298/1191
f 589/278/1192 604/298/1192 605/299/1192
f 590/280/1193 605/299/1193 606/300/1193
f 591/282/1194 606/300/1194 607/301/1194
f 592/284/1195 607/301/1195 608/302/1195
f 593/286/1196 608/302/1196 609/303/1196
f 610/304/1197 611/305/1197 596/290/1197
f 611/305/1198 612/306/1198 597/291/1198
f 612/306/1199 613/307/1199 598/292/1199
f 613/307/1200 614/308/1200 599/293/1200
f 614/308/1201 615/309/1201 600/294/1201
f 615/309/1202 616/310/1202 601/295/1202
f 601/295/1203 616/310/1203 617/312/1203
f 602/297/1204 617/312/1204 618/311/1204
f 603/296/1205 618/311/1205 619/313/1205
f 604/298/1206 619/313/1206 620/314/1206
f 605/299/1207 620/314/1207 621/315/1207
f 606/300/1208 621/315/1208 622/316/1208
f 607/301/1209 622/316/1209 623/317/1209
f 608/302/1210 623/317/1210 624/318/1210
f 505/262/1211 520/261/1211 580/261/1211
f 505/262/1212 565/262/1212 566/260/1212
f 507/263/1213 506/260/1213 566/260/1213
f 508/265/1214 507/263/1214 567/263/1214
f 508/265/1215 568/265/1215 569/267/1215
f 510/269/1216 509/267/1216 569/267/1216
f 511/271/1217 510/269/1217 570/269/1217
f 512/273/1218 511/271/1218 571/271/1218
f 512/273/1219 572/273/1219 573/277/1219
f 513/277/1220 573/277/1220 574/279/1220
f 514/279/1221 574/279/1221 575/281/1221
f 516/283/1222 515/281/1222 575/281/1222
f 516/283/1223 576/283/1223 577/285/1223
f 517/285/1224 577/285/1224 578/287/1224
f 519/319/1225 518/287/1225 578/287/1225
f 519/319/1226 579/319/1226 594/288/1226
f 520/261/1227 535/289/1227 595/289/1227
f 534/288/1228 594/288/1228 609/303/1228
f 550/304/1229 610/304/1229 595/289/1229
f 551/305/1230 611/305/1230 610/304/1230
f 552/306/1231 612/306/1231 611/305/1231
f 552/306/1232 553/307/1232 613/307/1232
f 553/307/1233 554/308/1233 614/308/1233
f 554/308/1234 555/309/1234 615/309/1234
f 555/309/1235 556/310/1235 616/310/1235
f 556/310/1236 557/312/1236 617/312/1236
f 557/312/1237 558/311/1237 618/311/1237
f 559/313/1238 619/313/1238 618/311/1238
f 560/314/1239 620/314/1239 619/313/1239
f 561/315/1240 621/315/1240 620/314/1240
f 562/316/1241 622/316/1241 621/315/1241
f 562/316/1242 563/317/1242 623/317/1242
f 564/318/1243 549/303/1243 609/303/1243
f 563/317/1244 564/318/1244 624/318/1244
g C_Cuff.001_C_Cuff.001
v 1.013373 -0.510650 0.000000
v 1.056483 -0.488180 -0.207682
v 1.178582 -0.424541 -0.363882
v 1.360354 -0.329799 -0.449009
v 1.578333 -0.216186 -0.449009
v 1.760105 -0.121445 -0.363882
v 1.882204 -0.057805 -0.207682
v 1.925314 -0.035336 -0.000000
v 1.882204 -0.057805 0.207682
v 1.760105 -0.121445 0.363882
v 1.578333 -0.216186 0.449009
v 1.360354 -0.329799 0.449009
v 1.178582 -0.424541 0.363882
v 1.056483 -0.488180 0.207682
v 1.078067 -0.599965 0.000000
v 1.122039 -0.577046 -0.212197
v 1.246581 -0.512134 -0.371793
v 1.431988 -0.415498 -0.458770
v 1.654326 -0.299612 -0.458770
v 1.839733 -0.202976 -0.371793
v 1.964275 -0.138063 -0.212197
v 2.008247 -0.115145 -0.000000
v 1.964275 -0.138063 0.212197
v 1.839733 -0.202976 0.371793
v 1.654326 -0.299612 0.458770
v 1.431988 -0.415498 0.458770
v 1.246581 -0.512134 0.371793
v 1.122039 -0.577046 0.212197
v 1.052749 -0.493633 0.000000
v 1.092060 -0.473194 -0.189240
v 1.202777 -0.415476 -0.330882
v 1.369868 -0.328319 -0.409150
v 1.572993 -0.222448 -0.409150
v 1.740164 -0.135384 -0.330882
v 1.850895 -0.077681 -0.189240
v 1.890145 -0.057173 -0.000000
v 1.850895 -0.077681 0.189240
v 1.740164 -0.135384 0.330882
v 1.572993 -0.222448 0.409150
v 1.369868 -0.328319 0.409150
v 1.202777 -0.415476 0.330882
v 1.092060 -0.473194 0.189240
v 1.117443 -0.582948 0.000000
v 1.157618 -0.562059 -0.193758
v 1.270808 -0.503051 -0.338819
v 1.441532 -0.414002 -0.418918
v 1.648957 -0.305890 -0.418918
v 1.819760 -0.216932 -0.338819
v 1.932964 -0.157940 -0.193758
v 1.973078 -0.136981 -0.000000
v 1.932964 -0.157940 0.193758
v 1.819760 -0.216932 0.338819
v 1.648957 -0.305890 0.418918
v 1.441532 -0.414002 0.418918
v 1.270808 -0.503051 0.338819
v 1.157618 -0.562059 0.193758
v -1.013373 -0.510650 0.000000
v -1.056483 -0.488180 -0.207682
v -1.178582 -0.424541 -0.363882
v -1.360354 -0.329799 -0.449009
v -1.578333 -0.216186 -0.449009
v -1.760104 -0.121445 -0.363882
v -1.882204 -0.057805 -0.207682
v -1.925314 -0.035336 -0.000000
v -1.882204 -0.057805 0.207682
v -1.760104 -0.121445 0.363882
v -1.578333 -0.216186 0.449009
v -1.360354 -0.329799 0.449009
v -1.178582 -0.424541 0.363882
v -1.056483 -0.488180 0.207682
v -1.078067 -0.599965 0.000000
v -1.122039 -0.577046 -0.212197
v -1.246581 -0.512133 -0.371793
v -1.431988 -0.415497 -0.458770
v -1.654327 -0.299612 -0.458770
v -1.839733 -0.202976 -0.371793
v -1.964275 -0.138063 -0.212197
v -2.008247 -0.115145 -0.000000
v -1.964275 -0.138063 0.212197
v -1.839733 -0.202976 0.371793
v -1.654327 -0.299612 0.458770
v -1.431988 -0.415497 0.458770
v -1.246581 -0.512133 0.371793
v -1.122039 -0.577046 0.212197
v -1.052749 -0.493633 0.000000
v -1.092061 -0.473194 -0.189240
v -1.202777 -0.415476 -0.330882
v -1.369868 -0.328319 -0.409150
v -1.572993 -0.222448 -0.409150
v -1.740164 -0.135383 -0.330882
v -1.850895 -0.077681 -0.189240
v -1.890145 -0.057173 -0.000000
v -1.850895 -0.077681 0.189240
v -1.740164 -0.135383 0.330882
v -1.572993 -0.222448 0.409150
v -1.369868 -0.328319 0.409150
v -1.202777 -0.415476 0.330882
v -1.092061 -0.473194 0.189240
v -1.117443 -0.582948 0.000000
v -1.157618 -0.562059 -0.193758
v -1.270808 -0.503051 -0.338819
v -1.441532 -0.414002 -0.418918
v -1.648957 -0.305890 -0.418918
v -1.819760 -0.216932 -0.338819
v -1.932964 -0.157940 -0.193758
v -1.973078 -0.136981 -0.000000
v -1.932964 -0.157940 0.193758
v -1.819760 -0.216932 0.338819
v -1.648957 -0.305890 0.418918
v -1.441532 -0.414002 0.418918
v -1.270808 -0.503051 0.338819
v -1.157618 -0.562059 0.193758
vn -0.7890 -0.5715 -0.2256
vn -0.6216 -0.4251 -0.6580
vn -0.3393 -0.1800 -0.9233
vn -0.0412 0.0790 -0.9960
vn 0.2509 0.3348 -0.9083
vn 0.5192 0.5690 -0.6377
vn 0.6765 0.7040 -0.2162
vn 0.6769 0.7034 0.2166
vn 0.5206 0.5682 0.6373
vn 0.2519 0.3342 0.9082
vn -0.0412 0.0790 0.9960
vn -0.3394 -0.1785 0.9235
vn -0.6220 -0.4234 0.6587
vn -0.7895 -0.5710 0.2253
vn 0.7890 0.5715 0.2256
vn 0.6219 0.4234 0.6587
vn 0.3394 0.1786 0.9235
vn 0.0412 -0.0791 0.9960
vn -0.2509 -0.3348 0.9083
vn -0.5193 -0.5689 0.6377
vn -0.6769 -0.7034 0.2166
vn -0.6769 -0.7034 -0.2166
vn -0.5193 -0.5689 -0.6377
vn -0.2509 -0.3348 -0.9083
vn 0.0412 -0.0791 -0.9960
vn 0.3394 0.1786 -0.9235
vn 0.6219 0.4234 -0.6587
vn 0.7890 0.5715 -0.2256
vn -0.3957 0.9182 0.0172
vn 0.3966 -0.9178 -0.0167
vn -0.4101 0.9106 0.0505
vn 0.4099 -0.9107 -0.0506
vn -0.4352 0.8976 0.0705
vn 0.4343 -0.8979 -0.0718
vn -0.4608 0.8841 0.0772
vn 0.4608 -0.8841 -0.0772
vn -0.4876 0.8700 0.0729
vn 0.4869 -0.8705 -0.0715
vn -0.5132 0.8567 0.0521
vn 0.5130 -0.8568 -0.0519
vn -0.5274 0.8494 0.0173
vn 0.5284 -0.8488 -0.0178
vn -0.5284 0.8488 -0.0178
vn 0.5274 -0.8494 0.0173
vn -0.5130 0.8568 -0.0520
vn 0.5132 -0.8567 0.0520
vn -0.4869 0.8705 -0.0715
vn 0.4876 -0.8700 0.0728
vn -0.4608 0.8841 -0.0772
vn 0.4608 -0.8841 0.0772
vn -0.4344 0.8979 -0.0718
vn 0.4351 -0.8976 0.0705
vn -0.4099 0.9107 -0.0507
vn 0.4101 -0.9107 0.0505
vn -0.3966 0.9178 -0.0167
vn 0.3957 -0.9182 0.0172
vn 0.7890 -0.5715 -0.2256
vn 0.6220 -0.4234 -0.6587
vn 0.3394 -0.1785 -0.9235
vn 0.0412 0.0790 -0.9960
vn -0.2509 0.3348 -0.9083
vn -0.5192 0.5690 -0.6377
vn -0.6769 0.7034 -0.2166
vn -0.6769 0.7034 0.2166
vn -0.5192 0.5690 0.6377
vn -0.2509 0.3348 0.9083
vn 0.0412 0.0790 0.9960
vn 0.3394 -0.1785 0.9235
vn 0.6220 -0.4234 0.6587
vn 0.7890 -0.5715 0.2256
vn -0.7890 0.5715 0.2256
vn -0.6216 0.4251 0.6580
vn -0.3393 0.1799 0.9233
vn -0.0412 -0.0791 0.9960
vn 0.2509 -0.3348 0.9083
vn 0.5193 -0.5689 0.6377
vn 0.6765 -0.7040 0.2162
vn 0.6769 -0.7034 -0.2166
vn 0.5206 -0.5682 -0.6373
vn 0.2518 -0.3342 -0.9082
vn -0.0412 -0.0791 -0.9960
vn -0.3394 0.1786 -0.9235
vn -0.6219 0.4234 -0.6587
vn -0.7895 0.5710 -0.2253
vn 0.3957 0.9182 0.0172
vn -0.3957 -0.9182 -0.0172
vn 0.4099 0.9107 0.0507
vn -0.4099 -0.9107 -0.0506
vn 0.4344 0.8979 0.0718
vn -0.4343 -0.8979 -0.0718
vn 0.4608 0.8841 0.0772
vn -0.4608 -0.8841 -0.0772
vn 0.4876 0.8700 0.0729
vn -0.4876 -0.8700 -0.0728
vn 0.5132 0.8567 0.0521
vn -0.5132 -0.8567 -0.0520
vn 0.5284 0.8488 0.0178
vn -0.5284 -0.8488 -0.0178
vn 0.5284 0.8488 -0.0178
vn -0.5284 -0.8488 0.0178
vn 0.5132 0.8567 -0.0521
vn -0.5132 -0.8567 0.0520
vn 0.4876 0.8700 -0.0729
vn -0.4876 -0.8700 0.0728
vn 0.4608 0.8841 -0.0772
vn -0.4608 -0.8841 0.0772
vn 0.4344 0.8979 -0.0718
vn -0.4343 -0.8979 0.0718
vn 0.4099 0.9107 -0.0507
vn -0.4099 -0.9107 0.0506
vn 0.3957 0.9182 -0.0172
vn -0.3957 -0.9182 0.0172
vn -0.7895 -0.5710 -0.2253
vn -0.6220 -0.4234 -0.6587
vn -0.3394 -0.1785 -0.9235
vn 0.2519 0.3342 -0.9082
vn 0.5206 0.5682 -0.6373
vn 0.6769 0.7034 -0.2166
vn 0.6765 0.7040 0.2162
vn 0.5192 0.5690 0.6377
vn 0.2509 0.3348 0.9083
vn -0.3393 -0.1800 0.9233
vn -0.6216 -0.4251 0.6580
vn -0.7890 -0.5715 0.2256
vn 0.7895 0.5710 0.2252
vn 0.6216 0.4251 0.6580
vn 0.3393 0.1799 0.9233
vn -0.2518 -0.3342 0.9082
vn -0.5206 -0.5682 0.6373
vn -0.6765 -0.7040 0.2162
vn -0.6765 -0.7040 -0.2162
vn -0.5206 -0.5682 -0.6373
vn -0.2518 -0.3342 -0.9082
vn 0.3393 0.1799 -0.9233
vn 0.6216 0.4251 -0.6580
vn 0.7895 0.5710 -0.2253
vn -0.3966 0.9178 0.0167
vn 0.3957 -0.9182 -0.0172
vn -0.4099 0.9107 0.0507
vn 0.4101 -0.9107 -0.0505
vn -0.4344 0.8979 0.0718
vn 0.4351 -0.8976 -0.0705
vn -0.4869 0.8705 0.0715
vn 0.4876 -0.8700 -0.0728
vn -0.5130 0.8568 0.0520
vn 0.5132 -0.8567 -0.0520
vn -0.5284 0.8488 0.0178
vn 0.5274 -0.8494 -0.0173
vn -0.5274 0.8494 -0.0173
vn 0.5284 -0.8488 0.0178
vn -0.5132 0.8567 -0.0521
vn 0.5130 -0.8568 0.0519
vn -0.4876 0.8700 -0.0729
vn 0.4869 -0.8705 0.0715
vn -0.4352 0.8976 -0.0705
vn 0.4343 -0.8979 0.0718
vn -0.4101 0.9106 -0.0505
vn 0.4099 -0.9107 0.0506
vn -0.3957 0.9182 -0.0172
vn 0.3966 -0.9178 0.0167
vn 0.7895 -0.5710 -0.2253
vn 0.6216 -0.4251 -0.6580
vn 0.3393 -0.1800 -0.9233
vn -0.2519 0.3342 -0.9082
vn -0.5206 0.5682 -0.6373
vn -0.6765 0.7040 -0.2162
vn -0.6765 0.7040 0.2162
vn -0.5206 0.5682 0.6373
vn -0.2519 0.3342 0.9082
vn 0.3393 -0.1800 0.9233
vn 0.6216 -0.4251 0.6580
vn 0.7895 -0.5710 0.2253
vn -0.7895 0.5710 0.2253
vn -0.6219 0.4234 0.6587
vn -0.3394 0.1786 0.9235
vn 0.2518 -0.3342 0.9082
vn 0.5206 -0.5682 0.6373
vn 0.6769 -0.7034 0.2166
vn 0.6765 -0.7040 -0.2162
vn 0.5193 -0.5689 -0.6377
vn 0.2509 -0.3348 -0.9083
vn -0.3393 0.1799 -0.9233
vn -0.6216 0.4251 -0.6580
vn -0.7890 0.5715 -0.2256
vn 0.3966 0.9178 0.0167
vn -0.3966 -0.9178 -0.0167
vn 0.4101 0.9106 0.0505
vn -0.4101 -0.9107 -0.0505
vn 0.4352 0.8976 0.0705
vn -0.4351 -0.8976 -0.0705
vn 0.4869 0.8705 0.0715
vn -0.4869 -0.8705 -0.0715
vn 0.5130 0.8568 0.0520
vn -0.5130 -0.8568 -0.0519
vn 0.5274 0.8494 0.0173
vn -0.5274 -0.8494 -0.0173
vn 0.5274 0.8494 -0.0173
vn -0.5274 -0.8494 0.0173
vn 0.5130 0.8568 -0.0519
vn -0.5130 -0.8568 0.0519
vn 0.4869 0.8705 -0.0715
vn -0.4869 -0.8705 0.0715
vn 0.4352 0.8976 -0.0705
vn -0.4351 -0.8976 0.0705
vn 0.4101 0.9106 -0.0505
vn -0.4101 -0.9107 0.0505
vn 0.3966 0.9178 -0.0167
vn -0.3966 -0.9178 0.0167
vt 0.071429 0.000000
vt 0.000000 1.000000
vt 0.000000 0.000000
vt 0.142857 1.000000
vt 0.071429 1.000000
vt 0.142857 0.000000
vt 0.214286 1.000000
vt 0.285714 0.000000
vt 0.214286 0.000000
vt 0.357143 0.000000
vt 0.285714 1.000000
vt 0.428571 0.000000
vt 0.357143 1.000000
vt 0.500000 1.000000
vt 0.428571 1.000000
vt 0.571429 0.000000
vt 0.500000 0.000000
vt 0.642857 1.000000
vt 0.571429 1.000000
vt 0.642857 0.000000
vt 0.714286 1.000000
vt 0.785714 0.000000
vt 0.714286 0.000000
vt 0.857143 0.000000
vt 0.785714 1.000000
vt 0.928571 0.000000
vt 0.857143 1.000000
vt 1.000000 1.000000
vt 0.928571 1.000000
vt 1.000000 0.000000
s 0
g C_Cuff.001_black_robe_trim
usemtl black_robe_trim
f 626/320/1245 639/321/1245 625/322/1245
f 626/320/1246 641/323/1246 640/324/1246
f 627/325/1247 642/326/1247 641/323/1247
f 629/327/1248 642/326/1248 628/328/1248
f 630/329/1249 643/330/1249 629/327/1249
f 631/331/1250 644/332/1250 630/329/1250
f 631/331/1251 646/333/1251 645/334/1251
f 633/335/1252 646/333/1252 632/336/1252
f 633/335/1253 648/337/1253 647/338/1253
f 634/339/1254 649/340/1254 648/337/1254
f 636/341/1255 649/340/1255 635/342/1255
f 637/343/1256 650/344/1256 636/341/1256
f 638/345/1257 651/346/1257 637/343/1257
f 638/345/1258 639/347/1258 652/348/1258
f 667/321/1259 654/320/1259 653/322/1259
f 654/320/1260 669/323/1260 655/325/1260
f 655/325/1261 670/326/1261 656/328/1261
f 670/326/1262 657/327/1262 656/328/1262
f 671/330/1263 658/329/1263 657/327/1263
f 672/332/1264 659/331/1264 658/329/1264
f 659/331/1265 674/333/1265 660/336/1265
f 674/333/1266 661/335/1266 660/336/1266
f 661/335/1267 676/337/1267 662/339/1267
f 662/339/1268 677/340/1268 663/342/1268
f 677/340/1269 664/341/1269 663/342/1269
f 678/344/1270 665/343/1270 664/341/1270
f 679/346/1271 666/345/1271 665/343/1271
f 666/345/1272 667/347/1272 653/349/1272
f 625/322/1273 654/320/1273 626/320/1273
f 639/321/1274 668/324/1274 667/321/1274
f 627/325/1275 654/320/1275 655/325/1275
f 641/323/1276 668/324/1276 640/324/1276
f 628/328/1277 655/325/1277 656/328/1277
f 642/326/1278 669/323/1278 641/323/1278
f 628/328/1279 657/327/1279 629/327/1279
f 643/330/1280 670/326/1280 642/326/1280
f 629/327/1281 658/329/1281 630/329/1281
f 643/330/1282 672/332/1282 671/330/1282
f 630/329/1283 659/331/1283 631/331/1283
f 644/332/1284 673/334/1284 672/332/1284
f 632/336/1285 659/331/1285 660/336/1285
f 646/333/1286 673/334/1286 645/334/1286
f 632/336/1287 661/335/1287 633/335/1287
f 646/333/1288 675/338/1288 674/333/1288
f 634/339/1289 661/335/1289 662/339/1289
f 648/337/1290 675/338/1290 647/338/1290
f 635/342/1291 662/339/1291 663/342/1291
f 649/340/1292 676/337/1292 648/337/1292
f 635/342/1293 664/341/1293 636/341/1293
f 650/344/1294 677/340/1294 649/340/1294
f 636/341/1295 665/343/1295 637/343/1295
f 650/344/1296 679/346/1296 678/344/1296
f 637/343/1297 666/345/1297 638/345/1297
f 651/346/1298 680/348/1298 679/346/1298
f 625/349/1299 666/345/1299 653/349/1299
f 639/347/1300 680/348/1300 652/348/1300
f 695/321/1301 682/320/1301 681/322/1301
f 682/320/1302 697/323/1302 683/325/1302
f 683/325/1303 698/326/1303 684/328/1303
f 698/326/1304 685/327/1304 684/328/1304
f 699/330/1305 686/329/1305 685/327/1305
f 700/332/1306 687/331/1306 686/329/1306
f 687/331/1307 702/333/1307 688/336/1307
f 702/333/1308 689/335/1308 688/336/1308
f 689/335/1309 704/337/1309 690/339/1309
f 690/339/1310 705/340/1310 691/342/1310
f 691/342/1311 706/344/1311 692/341/1311
f 706/344/1312 693/343/1312 692/341/1312
f 707/346/1313 694/345/1313 693/343/1313
f 694/345/1314 695/347/1314 681/349/1314
f 710/320/1315 723/321/1315 709/322/1315
f 710/320/1316 725/323/1316 724/324/1316
f 711/325/1317 726/326/1317 725/323/1317
f 713/327/1318 726/326/1318 712/328/1318
f 714/329/1319 727/330/1319 713/327/1319
f 715/331/1320 728/332/1320 714/329/1320
f 715/331/1321 730/333/1321 729/334/1321
f 717/335/1322 730/333/1322 716/336/1322
f 717/335/1323 732/337/1323 731/338/1323
f 718/339/1324 733/340/1324 732/337/1324
f 719/342/1325 734/344/1325 733/340/1325
f 721/343/1326 734/344/1326 720/341/1326
f 722/345/1327 735/346/1327 721/343/1327
f 722/345/1328 723/347/1328 736/348/1328
f 710/320/1329 681/322/1329 682/320/1329
f 695/321/1330 724/324/1330 696/324/1330
f 683/325/1331 710/320/1331 682/320/1331
f 724/324/1332 697/323/1332 696/324/1332
f 684/328/1333 711/325/1333 683/325/1333
f 725/323/1334 698/326/1334 697/323/1334
f 685/327/1335 712/328/1335 684/328/1335
f 698/326/1336 727/330/1336 699/330/1336
f 714/329/1337 685/327/1337 686/329/1337
f 699/330/1338 728/332/1338 700/332/1338
f 715/331/1339 686/329/1339 687/331/1339
f 700/332/1340 729/334/1340 701/334/1340
f 688/336/1341 715/331/1341 687/331/1341
f 729/334/1342 702/333/1342 701/334/1342
f 717/335/1343 688/336/1343 689/335/1343
f 702/333/1344 731/338/1344 703/338/1344
f 690/339/1345 717/335/1345 689/335/1345
f 731/338/1346 704/337/1346 703/338/1346
f 691/342/1347 718/339/1347 690/339/1347
f 732/337/1348 705/340/1348 704/337/1348
f 720/341/1349 691/342/1349 692/341/1349
f 733/340/1350 706/344/1350 705/340/1350
f 721/343/1351 692/341/1351 693/343/1351
f 706/344/1352 735/346/1352 707/346/1352
f 722/345/1353 693/343/1353 694/345/1353
f 707/346/1354 736/348/1354 708/348/1354
f 681/349/1355 722/345/1355 694/345/1355
f 736/348/1356 695/347/1356 708/348/1356
f 626/320/1357 640/324/1357 639/321/1357
f 626/320/1358 627/325/1358 641/323/1358
f 627/325/1359 628/328/1359 642/326/1359
f 629/327/1248 643/330/1248 642/326/1248
f 630/329/1360 644/332/1360 643/330/1360
f 631/331/1361 645/334/1361 644/332/1361
f 631/331/1362 632/336/1362 646/333/1362
f 633/335/1363 647/338/1363 646/333/1363
f 633/335/1364 634/339/1364 648/337/1364
f 634/339/1365 635/342/1365 649/340/1365
f 636/341/1255 650/344/1255 649/340/1255
f 637/343/1366 651/346/1366 650/344/1366
f 638/345/1367 652/348/1367 651/346/1367
f 638/345/1368 625/349/1368 639/347/1368
f 667/321/1369 668/324/1369 654/320/1369
f 654/320/1370 668/324/1370 669/323/1370
f 655/325/1371 669/323/1371 670/326/1371
f 670/326/1262 671/330/1262 657/327/1262
f 671/330/1372 672/332/1372 658/329/1372
f 672/332/1373 673/334/1373 659/331/1373
f 659/331/1374 673/334/1374 674/333/1374
f 674/333/1375 675/338/1375 661/335/1375
f 661/335/1376 675/338/1376 676/337/1376
f 662/339/1377 676/337/1377 677/340/1377
f 677/340/1269 678/344/1269 664/341/1269
f 678/344/1378 679/346/1378 665/343/1378
f 679/346/1379 680/348/1379 666/345/1379
f 666/345/1380 680/348/1380 667/347/1380
f 625/322/1381 653/322/1381 654/320/1381
f 639/321/1382 640/324/1382 668/324/1382
f 627/325/1383 626/320/1383 654/320/1383
f 641/323/1384 669/323/1384 668/324/1384
f 628/328/1385 627/325/1385 655/325/1385
f 642/326/1386 670/326/1386 669/323/1386
f 628/328/1279 656/328/1279 657/327/1279
f 643/330/1280 671/330/1280 670/326/1280
f 629/327/1387 657/327/1387 658/329/1387
f 643/330/1388 644/332/1388 672/332/1388
f 630/329/1389 658/329/1389 659/331/1389
f 644/332/1390 645/334/1390 673/334/1390
f 632/336/1391 631/331/1391 659/331/1391
f 646/333/1392 674/333/1392 673/334/1392
f 632/336/1393 660/336/1393 661/335/1393
f 646/333/1394 647/338/1394 675/338/1394
f 634/339/1395 633/335/1395 661/335/1395
f 648/337/1396 676/337/1396 675/338/1396
f 635/342/1397 634/339/1397 662/339/1397
f 649/340/1398 677/340/1398 676/337/1398
f 635/342/1293 663/342/1293 664/341/1293
f 650/344/1294 678/344/1294 677/340/1294
f 636/341/1399 664/341/1399 665/343/1399
f 650/344/1400 651/346/1400 679/346/1400
f 637/343/1401 665/343/1401 666/345/1401
f 651/346/1402 652/348/1402 680/348/1402
f 625/349/1403 638/345/1403 666/345/1403
f 639/347/1404 667/347/1404 680/348/1404
f 695/321/1405 696/324/1405 682/320/1405
f 682/320/1406 696/324/1406 697/323/1406
f 683/325/1407 697/323/1407 698/326/1407
f 698/326/1304 699/330/1304 685/327/1304
f 699/330/1408 700/332/1408 686/329/1408
f 700/332/1409 701/334/1409 687/331/1409
f 687/331/1410 701/334/1410 702/333/1410
f 702/333/1411 703/338/1411 689/335/1411
f 689/335/1412 703/338/1412 704/337/1412
f 690/339/1413 704/337/1413 705/340/1413
f 691/342/1311 705/340/1311 706/344/1311
f 706/344/1414 707/346/1414 693/343/1414
f 707/346/1415 708/348/1415 694/345/1415
f 694/345/1416 708/348/1416 695/347/1416
f 710/320/1417 724/324/1417 723/321/1417
f 710/320/1418 711/325/1418 725/323/1418
f 711/325/1419 712/328/1419 726/326/1419
f 713/327/1318 727/330/1318 726/326/1318
f 714/329/1420 728/332/1420 727/330/1420
f 715/331/1421 729/334/1421 728/332/1421
f 715/331/1422 716/336/1422 730/333/1422
f 717/335/1423 731/338/1423 730/333/1423
f 717/335/1424 718/339/1424 732/337/1424
f 718/339/1425 719/342/1425 733/340/1425
f 719/342/1325 720/341/1325 734/344/1325
f 721/343/1426 735/346/1426 734/344/1426
f 722/345/1427 736/348/1427 735/346/1427
f 722/345/1428 709/349/1428 723/347/1428
f 710/320/1429 709/322/1429 681/322/1429
f 695/321/1430 723/321/1430 724/324/1430
f 683/325/1431 711/325/1431 710/320/1431
f 724/324/1432 725/323/1432 697/323/1432
f 684/328/1433 712/328/1433 711/325/1433
f 725/323/1434 726/326/1434 698/326/1434
f 685/327/1335 713/327/1335 712/328/1335
f 698/326/1336 726/326/1336 727/330/1336
f 714/329/1435 713/327/1435 685/327/1435
f 699/330/1436 727/330/1436 728/332/1436
f 715/331/1437 714/329/1437 686/329/1437
f 700/332/1438 728/332/1438 729/334/1438
f 688/336/1439 716/336/1439 715/331/1439
f 729/334/1440 730/333/1440 702/333/1440
f 717/335/1441 716/336/1441 688/336/1441
f 702/333/1442 730/333/1442 731/338/1442
f 690/339/1443 718/339/1443 717/335/1443
f 731/338/1444 732/337/1444 704/337/1444
f 691/342/1445 719/342/1445 718/339/1445
f 732/337/1446 733/340/1446 705/340/1446
f 720/341/1349 719/342/1349 691/342/1349
f 733/340/1350 734/344/1350 706/344/1350
f 721/343/1447 720/341/1447 692/341/1447
f 706/344/1448 734/344/1448 735/346/1448
f 722/345/1449 721/343/1449 693/343/1449
f 707/346/1450 735/346/1450 736/348/1450
f 681/349/1451 709/349/1451 722/345/1451
f 736/348/1452 723/347/1452 695/347/1452
g C_Sleeve.001_C_Sleeve.001
v 0.463134 0.514925 0.000000
v 0.482930 0.525243 -0.102982
v 0.539551 0.554754 -0.175895
v 0.626169 0.599900 -0.214980
v 0.737832 0.658100 -0.214980
v 0.824449 0.703246 -0.175895
v 0.881070 0.732757 -0.102982
v 0.900866 0.743075 -0.000000
v 0.881070 0.732757 0.102982
v 0.824449 0.703246 0.175895
v 0.737832 0.658100 0.214980
v 0.626169 0.599900 0.214980
v 0.539551 0.554754 0.175895
v 0.482930 0.525243 0.102982
v 0.819685 0.136856 0.000000
v 0.837831 0.146314 -0.098301
v 0.889734 0.173366 -0.167900
v 0.969133 0.214750 -0.205208
v 1.071491 0.268100 -0.205208
v 1.150890 0.309484 -0.167900
v 1.202792 0.336536 -0.098301
v 1.220939 0.345994 -0.000000
v 1.202792 0.336536 0.098301
v 1.150890 0.309484 0.167900
v 1.071491 0.268100 0.205208
v 0.969133 0.214750 0.205208
v 0.889734 0.173366 0.167900
v 0.837831 0.146314 0.098301
v 0.955001 -0.253994 0.000000
v 1.011071 -0.224770 -0.150216
v 1.074449 -0.191737 -0.279109
v 1.216889 -0.117495 -0.313583
v 1.384383 -0.030195 -0.341129
v 1.501796 0.031001 -0.256571
v 1.608280 0.086502 -0.163411
v 1.611598 0.088232 -0.000000
v 1.608280 0.086502 0.163411
v 1.501796 0.031001 0.256571
v 1.384383 -0.030195 0.341129
v 1.216889 -0.117495 0.313583
v 1.074449 -0.191737 0.279109
v 1.011071 -0.224770 0.150216
v 1.023262 -0.577266 0.000000
v 1.129574 -0.521855 -0.192575
v 1.200489 -0.484893 -0.390352
v 1.411340 -0.374995 -0.416347
v 1.629319 -0.261382 -0.481672
v 1.782012 -0.181797 -0.337412
v 1.955295 -0.091480 -0.222790
v 1.935203 -0.101952 -0.000000
v 1.955295 -0.091480 0.222790
v 1.782012 -0.181797 0.337412
v 1.629319 -0.261382 0.481672
v 1.411340 -0.374995 0.416347
v 1.200489 -0.484893 0.390352
v 1.129574 -0.521855 0.192575
v 0.508547 0.540457 0.000000
v 0.524217 0.548506 -0.080631
v 0.566661 0.570254 -0.134564
v 0.634754 0.605416 -0.164997
v 0.727997 0.654016 -0.164997
v 0.795695 0.689629 -0.134564
v 0.837690 0.711892 -0.080631
v 0.853218 0.720103 -0.000000
v 0.837690 0.711892 0.080631
v 0.795695 0.689629 0.134564
v 0.727997 0.654016 0.164997
v 0.634754 0.605416 0.164997
v 0.566661 0.570254 0.134564
v 0.524217 0.548506 0.080631
v 0.871493 0.156523 0.000000
v 0.884216 0.163354 -0.076202
v 0.922597 0.183102 -0.125694
v 0.982000 0.214822 -0.155418
v 1.066260 0.258339 -0.154517
v 1.127533 0.290317 -0.126728
v 1.164159 0.308878 -0.075282
v 1.178725 0.317031 -0.000000
v 1.164159 0.308878 0.075282
v 1.127533 0.290317 0.126728
v 1.066260 0.258339 0.154517
v 0.982000 0.214822 0.155418
v 0.922597 0.183102 0.125694
v 0.884216 0.163354 0.076202
v 1.012499 -0.243067 0.000000
v 1.060004 -0.215488 -0.129650
v 1.113716 -0.189718 -0.238045
v 1.234043 -0.123478 -0.266452
v 1.384837 -0.047264 -0.291711
v 1.485318 0.006935 -0.217930
v 1.577935 0.051473 -0.140419
v 1.578109 0.054366 -0.000000
v 1.577935 0.051473 0.140419
v 1.485318 0.006935 0.217930
v 1.384837 -0.047264 0.291711
v 1.234043 -0.123478 0.266452
v 1.113716 -0.189718 0.238045
v 1.060004 -0.215488 0.129650
v 1.083037 -0.567834 0.000000
v 1.178629 -0.513723 -0.172044
v 1.242097 -0.484045 -0.349050
v 1.429031 -0.381966 -0.369697
v 1.630854 -0.280176 -0.431794
v 1.766607 -0.206330 -0.299031
v 1.925636 -0.128747 -0.199806
v 1.903158 -0.136545 -0.000000
v 1.925636 -0.128747 0.199806
v 1.766607 -0.206330 0.299031
v 1.630854 -0.280176 0.431794
v 1.429031 -0.381966 0.369697
v 1.242097 -0.484045 0.349050
v 1.178629 -0.513723 0.172044
v -0.463134 0.514925 0.000000
v -0.482930 0.525243 -0.102982
v -0.539551 0.554754 -0.175895
v -0.626169 0.599900 -0.214980
v -0.737832 0.658100 -0.214980
v -0.824449 0.703246 -0.175895
v -0.881070 0.732757 -0.102982
v -0.900866 0.743075 -0.000000
v -0.881070 0.732757 0.102982
v -0.824449 0.703246 0.175895
v -0.737832 0.658100 0.214980
v -0.626169 0.599900 0.214980
v -0.539551 0.554754 0.175895
v -0.482930 0.525243 0.102982
v -0.819685 0.136856 0.000000
v -0.837831 0.146314 -0.098301
v -0.889734 0.173366 -0.167900
v -0.969133 0.214750 -0.205208
v -1.071491 0.268100 -0.205208
v -1.150890 0.309484 -0.167900
v -1.202792 0.336536 -0.098301
v -1.220939 0.345994 -0.000000
v -1.202792 0.336536 0.098301
v -1.150890 0.309484 0.167900
v -1.071491 0.268100 0.205208
v -0.969133 0.214750 0.205208
v -0.889734 0.173366 0.167900
v -0.837831 0.146314 0.098301
v -0.955001 -0.253994 0.000000
v -1.011071 -0.224770 -0.150216
v -1.074449 -0.191737 -0.279109
v -1.216889 -0.117495 -0.313583
v -1.384383 -0.030195 -0.341129
v -1.501796 0.031001 -0.256571
v -1.608280 0.086502 -0.163411
v -1.611598 0.088232 -0.000000
v -1.608280 0.086502 0.163411
v -1.501796 0.031001 0.256571
v -1.384383 -0.030195 0.341129
v -1.216889 -0.117495 0.313583
v -1.074449 -0.191737 0.279109
v -1.011071 -0.224770 0.150216
v -1.023262 -0.577266 0.000000
v -1.129574 -0.521855 -0.192575
v -1.200490 -0.484893 -0.390352
v -1.411340 -0.374995 -0.416347
v -1.629320 -0.261382 -0.481672
v -1.782012 -0.181797 -0.337412
v -1.955295 -0.091480 -0.222790
v -1.935203 -0.101952 -0.000000
v -1.955295 -0.091480 0.222790
v -1.782012 -0.181797 0.337412
v -1.629320 -0.261382 0.481672
v -1.411340 -0.374995 0.416347
v -1.200490 -0.484893 0.390352
v -1.129574 -0.521855 0.192575
v -0.508547 0.540457 0.000000
v -0.524217 0.548506 -0.080631
v -0.566661 0.570254 -0.134564
v -0.634754 0.605416 -0.164997
v -0.727997 0.654016 -0.164997
v -0.795695 0.689629 -0.134564
v -0.837690 0.711892 -0.080631
v -0.853218 0.720103 -0.000000
v -0.837690 0.711892 0.080631
v -0.795695 0.689629 0.134564
v -0.727997 0.654016 0.164997
v -0.634754 0.605416 0.164997
v -0.566661 0.570254 0.134564
v -0.524217 0.548506 0.080631
v -0.871493 0.156523 0.000000
v -0.884216 0.163354 -0.076202
v -0.922597 0.183102 -0.125694
v -0.982000 0.214822 -0.155418
v -1.066260 0.258339 -0.154517
v -1.127533 0.290317 -0.126728
v -1.164159 0.308878 -0.075282
v -1.178725 0.317031 -0.000000
v -1.164159 0.308878 0.075282
v -1.127533 0.290317 0.126728
v -1.066260 0.258339 0.154517
v -0.982000 0.214822 0.155418
v -0.922597 0.183102 0.125694
v -0.884216 0.163354 0.076202
v -1.012499 -0.243067 0.000000
v -1.060004 -0.215488 -0.129650
v -1.113716 -0.189718 -0.238045
v -1.234043 -0.123478 -0.266452
v -1.384837 -0.047264 -0.291711
v -1.485318 0.006935 -0.217930
v -1.577935 0.051473 -0.140419
v -1.578109 0.054366 -0.000000
v -1.577935 0.051473 0.140419
v -1.485318 0.006935 0.217930
v -1.384837 -0.047264 0.291711
v -1.234043 -0.123478 0.266452
v -1.113716 -0.189718 0.238045
v -1.060004 -0.215488 0.129650
v -1.083037 -0.567834 0.000000
v -1.178629 -0.513723 -0.172044
v -1.242097 -0.484045 -0.349050
v -1.429031 -0.381966 -0.369697
v -1.630854 -0.280176 -0.431794
v -1.766607 -0.206329 -0.299031
v -1.925636 -0.128747 -0.199806
v -1.903158 -0.136545 -0.000000
v -1.925636 -0.128747 0.199806
v -1.766607 -0.206329 0.299031
v -1.630854 -0.280176 0.431794
v -1.429031 -0.381966 0.369697
v -1.242097 -0.484045 0.349050
v -1.178629 -0.513723 0.172044
vn -0.7122 -0.6716 -0.2042
vn -0.5544 -0.5272 -0.6439
vn -0.2747 -0.2715 -0.9224
vn 0.0090 -0.0173 -0.9998
vn 0.3075 0.2400 -0.9208
vn 0.6003 0.4848 -0.6361
vn 0.7618 0.6162 -0.1999
vn 0.7615 0.6139 0.2079
vn 0.5925 0.4734 0.6518
vn 0.2988 0.2289 0.9265
vn 0.0090 -0.0173 0.9998
vn -0.2860 -0.2780 0.9170
vn -0.5659 -0.5328 0.6291
vn -0.7144 -0.6716 0.1965
vn -0.8724 -0.3020 -0.3844
vn -0.7271 -0.2500 -0.6394
vn -0.2995 0.1361 -0.9443
vn -0.1183 0.2271 -0.9667
vn 0.1270 0.5185 -0.8456
vn 0.4114 0.7031 -0.5801
vn 0.5225 0.8524 -0.0196
vn 0.5418 0.8212 0.1790
vn 0.2841 0.6453 0.7091
vn 0.2597 0.5744 0.7763
vn -0.2477 0.1745 0.9530
vn -0.4185 -0.0158 0.9081
vn -0.8329 -0.2752 0.4801
vn -0.8978 -0.3907 0.2033
vn -0.8391 -0.1772 -0.5142
vn -0.8366 -0.2653 -0.4793
vn -0.2457 0.2498 -0.9366
vn -0.2536 0.1872 -0.9490
vn 0.2704 0.6929 -0.6684
vn 0.2848 0.6446 -0.7095
vn 0.4660 0.8808 0.0834
vn 0.5066 0.8620 0.0194
vn 0.1851 0.6163 0.7655
vn 0.2364 0.6012 0.7633
vn -0.3637 0.1713 0.9156
vn -0.3040 0.1461 0.9414
vn -0.8968 -0.2461 0.3676
vn -0.8752 -0.2944 0.3839
vn 0.7112 0.6723 0.2053
vn 0.5533 0.5246 0.6470
vn 0.2724 0.2715 0.9231
vn -0.0087 0.0168 0.9998
vn -0.2967 -0.2284 0.9273
vn -0.5915 -0.4705 0.6548
vn -0.7608 -0.6144 0.2091
vn -0.7608 -0.6144 -0.2091
vn -0.5915 -0.4705 -0.6548
vn -0.2967 -0.2284 -0.9273
vn -0.0087 0.0168 -0.9998
vn 0.2724 0.2715 -0.9231
vn 0.5533 0.5246 -0.6470
vn 0.7112 0.6723 -0.2053
vn 0.9011 0.3919 0.1856
vn 0.7180 0.2410 0.6530
vn 0.4350 0.0287 0.9000
vn 0.1108 -0.2345 0.9658
vn -0.1498 -0.4692 0.8703
vn -0.4229 -0.7136 0.5585
vn -0.5391 -0.8198 0.1931
vn -0.5391 -0.8198 -0.1931
vn -0.4229 -0.7136 -0.5585
vn -0.1498 -0.4692 -0.8703
vn 0.1108 -0.2345 -0.9658
vn 0.4350 0.0287 -0.9000
vn 0.7180 0.2410 -0.6530
vn 0.9011 0.3919 -0.1856
vn 0.8756 0.2938 0.3833
vn 0.8374 0.2651 0.4780
vn 0.3033 -0.1472 0.9414
vn 0.2538 -0.1876 0.9489
vn -0.2360 -0.6015 0.7632
vn -0.2841 -0.6446 0.7098
vn -0.5064 -0.8621 0.0184
vn -0.5064 -0.8621 -0.0184
vn -0.2841 -0.6446 -0.7098
vn -0.2360 -0.6015 -0.7632
vn 0.2538 -0.1876 -0.9489
vn 0.3033 -0.1472 -0.9414
vn 0.8374 0.2651 -0.4780
vn 0.8756 0.2938 -0.3833
vn -0.4882 0.8727 -0.0064
vn -0.4746 0.8800 -0.0187
vn -0.4650 0.8851 -0.0178
vn -0.4621 0.8866 -0.0185
vn -0.4541 0.8907 -0.0225
vn -0.4417 0.8969 -0.0200
vn -0.4343 0.9007 -0.0081
vn -0.4361 0.8999 0.0063
vn -0.4496 0.8930 0.0186
vn -0.4592 0.8881 0.0178
vn -0.4621 0.8866 0.0185
vn -0.4701 0.8823 0.0226
vn -0.4825 0.8757 0.0202
vn -0.4901 0.8717 0.0082
vn 0.1529 -0.9689 -0.1944
vn 0.2001 -0.9755 -0.0918
vn 0.3912 -0.8396 -0.3768
vn 0.3655 -0.8903 -0.2716
vn 0.6421 -0.7107 -0.2875
vn 0.5557 -0.7836 -0.2779
vn 0.7945 -0.6057 0.0432
vn 0.7325 -0.6785 -0.0559
vn 0.6078 -0.7069 0.3619
vn 0.6264 -0.7461 0.2255
vn 0.3528 -0.8720 0.3394
vn 0.4334 -0.8527 0.2918
vn 0.1488 -0.9803 0.1298
vn 0.2310 -0.9575 0.1728
vn 0.7122 -0.6716 -0.2042
vn 0.5544 -0.5272 -0.6439
vn 0.2747 -0.2715 -0.9224
vn -0.0090 -0.0173 -0.9998
vn -0.2988 0.2289 -0.9265
vn -0.5925 0.4734 -0.6518
vn -0.7615 0.6139 -0.2079
vn -0.7615 0.6139 0.2079
vn -0.5925 0.4734 0.6518
vn -0.2988 0.2289 0.9265
vn -0.0090 -0.0173 0.9998
vn 0.2747 -0.2715 0.9224
vn 0.5544 -0.5272 0.6439
vn 0.7122 -0.6716 0.2042
vn 0.8978 -0.3907 -0.2033
vn 0.7271 -0.2500 -0.6394
vn 0.4185 -0.0158 -0.9081
vn 0.1183 0.2271 -0.9667
vn -0.1270 0.5185 -0.8456
vn -0.4114 0.7031 -0.5801
vn -0.5418 0.8212 -0.1790
vn -0.5418 0.8212 0.1790
vn -0.4114 0.7031 0.5801
vn -0.1270 0.5185 0.8456
vn 0.1183 0.2271 0.9667
vn 0.4185 -0.0158 0.9081
vn 0.7271 -0.2500 0.6394
vn 0.8978 -0.3907 0.2033
vn 0.8752 -0.2944 -0.3839
vn 0.8366 -0.2653 -0.4793
vn 0.3040 0.1461 -0.9414
vn 0.2536 0.1872 -0.9490
vn -0.2364 0.6012 -0.7633
vn -0.2848 0.6446 -0.7095
vn -0.5066 0.8620 -0.0194
vn -0.5066 0.8620 0.0194
vn -0.2848 0.6446 0.7095
vn -0.2364 0.6012 0.7633
vn 0.2536 0.1872 0.9490
vn 0.3040 0.1461 0.9414
vn 0.8366 -0.2653 0.4793
vn 0.8752 -0.2944 0.3839
vn -0.7112 0.6723 0.2053
vn -0.5533 0.5246 0.6470
vn -0.2724 0.2715 0.9231
vn 0.0087 0.0168 0.9998
vn 0.2992 -0.2312 0.9258
vn 0.6123 -0.4967 0.6151
vn 0.7605 -0.6132 0.2136
vn 0.7608 -0.6144 -0.2091
vn 0.5915 -0.4705 -0.6548
vn 0.2967 -0.2284 -0.9273
vn 0.0169 0.0120 -0.9998
vn -0.3003 0.2893 -0.9089
vn -0.5570 0.5268 -0.6421
vn -0.7176 0.6728 -0.1801
vn -0.8706 0.3072 0.3843
vn -0.7180 0.2410 0.6530
vn -0.2965 -0.1330 0.9457
vn -0.1108 -0.2345 0.9658
vn 0.2414 -0.5956 0.7662
vn 0.4229 -0.7136 0.5585
vn 0.5261 -0.8502 0.0182
vn 0.5391 -0.8198 -0.1931
vn 0.2870 -0.6414 -0.7115
vn 0.1498 -0.4692 -0.8703
vn -0.2464 -0.1714 -0.9539
vn -0.4350 0.0287 -0.9000
vn -0.8314 0.2818 -0.4790
vn -0.9011 0.3919 -0.1856
vn -0.8344 0.1812 0.5206
vn -0.8374 0.2651 0.4780
vn -0.2398 -0.2493 0.9383
vn -0.2538 -0.1876 0.9489
vn 0.2756 -0.6923 0.6669
vn 0.2841 -0.6446 0.7098
vn 0.4701 -0.8783 -0.0872
vn 0.5064 -0.8621 -0.0184
vn 0.1840 -0.6092 -0.7713
vn 0.2360 -0.6015 -0.7632
vn -0.3652 -0.1652 -0.9161
vn -0.3033 -0.1472 -0.9414
vn -0.8962 0.2537 -0.3639
vn -0.8756 0.2938 -0.3833
vn 0.4882 0.8727 -0.0064
vn 0.4825 0.8757 -0.0202
vn 0.4701 0.8823 -0.0226
vn 0.4621 0.8866 -0.0185
vn 0.4541 0.8907 -0.0225
vn 0.4417 0.8969 -0.0200
vn 0.4361 0.8999 -0.0063
vn 0.4361 0.8999 0.0063
vn 0.4417 0.8969 0.0200
vn 0.4541 0.8907 0.0225
vn 0.4621 0.8866 0.0185
vn 0.4701 0.8823 0.0226
vn 0.4825 0.8757 0.0202
vn 0.4882 0.8727 0.0064
vn -0.1529 -0.9689 -0.1944
vn -0.1488 -0.9803 -0.1298
vn -0.3912 -0.8396 -0.3768
vn -0.3528 -0.8720 -0.3394
vn -0.6421 -0.7107 -0.2875
vn -0.6078 -0.7069 -0.3618
vn -0.7945 -0.6057 0.0432
vn -0.7945 -0.6057 -0.0432
vn -0.6078 -0.7069 0.3618
vn -0.6421 -0.7107 0.2875
vn -0.3528 -0.8720 0.3394
vn -0.3912 -0.8396 0.3768
vn -0.1488 -0.9803 0.1298
vn -0.1529 -0.9689 0.1944
vn -0.7144 -0.6716 -0.1965
vn -0.5659 -0.5328 -0.6291
vn -0.2860 -0.2780 -0.9170
vn 0.2988 0.2289 -0.9265
vn 0.5925 0.4734 -0.6518
vn 0.7615 0.6139 -0.2079
vn 0.7618 0.6162 0.1999
vn 0.6003 0.4848 0.6361
vn 0.3075 0.2400 0.9208
vn -0.2747 -0.2715 0.9224
vn -0.5544 -0.5272 0.6439
vn -0.7122 -0.6716 0.2042
vn -0.8978 -0.3907 -0.2033
vn -0.8329 -0.2752 -0.4801
vn -0.4185 -0.0158 -0.9081
vn -0.2477 0.1745 -0.9530
vn 0.2597 0.5744 -0.7763
vn 0.2841 0.6453 -0.7091
vn 0.5418 0.8212 -0.1790
vn 0.5225 0.8524 0.0196
vn 0.4114 0.7031 0.5801
vn 0.1270 0.5185 0.8456
vn -0.1183 0.2271 0.9667
vn -0.2995 0.1361 0.9443
vn -0.7271 -0.2500 0.6394
vn -0.8724 -0.3020 0.3844
vn -0.8752 -0.2944 -0.3839
vn -0.8968 -0.2461 -0.3676
vn -0.3040 0.1461 -0.9414
vn -0.3637 0.1713 -0.9156
vn 0.2364 0.6012 -0.7633
vn 0.1851 0.6163 -0.7655
vn 0.5066 0.8620 -0.0194
vn 0.4660 0.8808 -0.0834
vn 0.2848 0.6446 0.7095
vn 0.2704 0.6929 0.6684
vn -0.2536 0.1872 0.9490
vn -0.2457 0.2498 0.9366
vn -0.8366 -0.2653 0.4793
vn -0.8391 -0.1772 0.5142
vn 0.7176 0.6728 0.1801
vn 0.5570 0.5268 0.6421
vn 0.3003 0.2893 0.9089
vn -0.0169 0.0120 0.9998
vn -0.2992 -0.2312 0.9258
vn -0.6123 -0.4967 0.6151
vn -0.7605 -0.6132 0.2136
vn -0.7605 -0.6132 -0.2136
vn -0.6123 -0.4967 -0.6151
vn -0.2992 -0.2312 -0.9258
vn -0.0169 0.0120 -0.9998
vn 0.3003 0.2893 -0.9089
vn 0.5570 0.5268 -0.6421
vn 0.7176 0.6728 -0.1801
vn 0.8706 0.3072 0.3843
vn 0.8314 0.2818 0.4790
vn 0.2965 -0.1330 0.9457
vn 0.2464 -0.1714 0.9539
vn -0.2414 -0.5956 0.7662
vn -0.2870 -0.6414 0.7115
vn -0.5261 -0.8502 0.0182
vn -0.5261 -0.8502 -0.0182
vn -0.2870 -0.6414 -0.7115
vn -0.2414 -0.5956 -0.7662
vn 0.2464 -0.1714 -0.9539
vn 0.2965 -0.1330 -0.9457
vn 0.8314 0.2818 -0.4790
vn 0.8706 0.3072 -0.3843
vn 0.8344 0.1812 0.5206
vn 0.8962 0.2537 0.3639
vn 0.2398 -0.2493 0.9383
vn 0.3652 -0.1652 0.9161
vn -0.2756 -0.6923 0.6669
vn -0.1840 -0.6092 0.7713
vn -0.4701 -0.8783 -0.0872
vn -0.4701 -0.8783 0.0872
vn -0.1840 -0.6092 -0.7713
vn -0.2756 -0.6923 -0.6669
vn 0.3652 -0.1652 -0.9161
vn 0.2398 -0.2493 -0.9383
vn 0.8962 0.2537 -0.3639
vn 0.8344 0.1812 -0.5206
vn -0.4901 0.8717 -0.0082
vn -0.4825 0.8757 -0.0202
vn -0.4701 0.8823 -0.0226
vn -0.4592 0.8881 -0.0178
vn -0.4496 0.8930 -0.0186
vn -0.4361 0.8999 -0.0063
vn -0.4343 0.9007 0.0081
vn -0.4417 0.8969 0.0200
vn -0.4541 0.8907 0.0225
vn -0.4650 0.8851 0.0178
vn -0.4746 0.8800 0.0187
vn -0.4882 0.8727 0.0064
vn 0.2310 -0.9575 -0.1728
vn 0.1488 -0.9803 -0.1298
vn 0.4334 -0.8527 -0.2918
vn 0.3528 -0.8720 -0.3394
vn 0.6264 -0.7461 -0.2255
vn 0.6078 -0.7069 -0.3619
vn 0.7325 -0.6785 0.0559
vn 0.7945 -0.6057 -0.0432
vn 0.5557 -0.7836 0.2779
vn 0.6421 -0.7107 0.2875
vn 0.3655 -0.8903 0.2716
vn 0.3912 -0.8396 0.3768
vn 0.2001 -0.9755 0.0918
vn 0.1529 -0.9689 0.1944
vn 0.7144 -0.6716 -0.1965
vn 0.5659 -0.5328 -0.6291
vn 0.2860 -0.2780 -0.9170
vn -0.3075 0.2400 -0.9208
vn -0.6003 0.4848 -0.6361
vn -0.7618 0.6162 -0.1999
vn -0.7618 0.6162 0.1999
vn -0.6003 0.4848 0.6361
vn -0.3075 0.2400 0.9208
vn 0.2860 -0.2780 0.9170
vn 0.5659 -0.5328 0.6291
vn 0.7144 -0.6716 0.1965
vn 0.8724 -0.3020 -0.3844
vn 0.8329 -0.2752 -0.4801
vn 0.2995 0.1361 -0.9443
vn 0.2477 0.1745 -0.9530
vn -0.2597 0.5744 -0.7763
vn -0.2841 0.6453 -0.7091
vn -0.5225 0.8524 -0.0196
vn -0.5225 0.8524 0.0196
vn -0.2841 0.6453 0.7091
vn -0.2597 0.5744 0.7763
vn 0.2477 0.1745 0.9530
vn 0.2995 0.1361 0.9443
vn 0.8329 -0.2752 0.4801
vn 0.8724 -0.3020 0.3844
vn 0.8391 -0.1772 -0.5142
vn 0.8968 -0.2461 -0.3676
vn 0.2457 0.2498 -0.9366
vn 0.3637 0.1713 -0.9156
vn -0.2704 0.6929 -0.6684
vn -0.1851 0.6163 -0.7655
vn -0.4660 0.8808 0.0834
vn -0.4660 0.8808 -0.0834
vn -0.1851 0.6163 0.7655
vn -0.2704 0.6929 0.6684
vn 0.3637 0.1713 0.9156
vn 0.2457 0.2498 0.9366
vn 0.8968 -0.2461 0.3676
vn 0.8391 -0.1772 0.5142
vn -0.7176 0.6728 0.1801
vn -0.5570 0.5268 0.6421
vn -0.3003 0.2893 0.9089
vn 0.0169 0.0120 0.9998
vn 0.2967 -0.2284 0.9273
vn 0.5915 -0.4705 0.6548
vn 0.7608 -0.6144 0.2091
vn 0.7605 -0.6132 -0.2136
vn 0.6123 -0.4967 -0.6151
vn 0.2992 -0.2312 -0.9258
vn 0.0087 0.0168 -0.9998
vn -0.2724 0.2715 -0.9231
vn -0.5533 0.5246 -0.6470
vn -0.7112 0.6723 -0.2053
vn -0.9011 0.3919 0.1856
vn -0.8314 0.2818 0.4790
vn -0.4350 0.0287 0.9000
vn -0.2464 -0.1714 0.9539
vn 0.1498 -0.4692 0.8703
vn 0.2870 -0.6414 0.7115
vn 0.5391 -0.8198 0.1931
vn 0.5261 -0.8502 -0.0182
vn 0.4229 -0.7136 -0.5585
vn 0.2414 -0.5956 -0.7662
vn -0.1108 -0.2345 -0.9658
vn -0.2965 -0.1330 -0.9457
vn -0.7180 0.2410 -0.6530
vn -0.8706 0.3072 -0.3843
vn -0.8756 0.2938 0.3833
vn -0.8962 0.2537 0.3639
vn -0.3033 -0.1472 0.9414
vn -0.3652 -0.1652 0.9161
vn 0.2360 -0.6015 0.7632
vn 0.1840 -0.6092 0.7713
vn 0.5064 -0.8621 0.0184
vn 0.4701 -0.8783 0.0872
vn 0.2841 -0.6446 -0.7098
vn 0.2756 -0.6923 -0.6669
vn -0.2538 -0.1876 -0.9489
vn -0.2398 -0.2493 -0.9383
vn -0.8374 0.2651 -0.4780
vn -0.8344 0.1812 -0.5206
vn 0.4901 0.8717 -0.0082
vn 0.4746 0.8800 -0.0187
vn 0.4650 0.8851 -0.0178
vn 0.4592 0.8881 -0.0178
vn 0.4496 0.8930 -0.0186
vn 0.4343 0.9007 -0.0081
vn 0.4343 0.9007 0.0081
vn 0.4496 0.8930 0.0186
vn 0.4592 0.8881 0.0178
vn 0.4650 0.8851 0.0178
vn 0.4746 0.8800 0.0187
vn 0.4901 0.8717 0.0082
vn -0.2310 -0.9575 -0.1728
vn -0.2001 -0.9755 -0.0918
vn -0.4334 -0.8527 -0.2918
vn -0.3655 -0.8903 -0.2716
vn -0.6264 -0.7461 -0.2255
vn -0.5557 -0.7836 -0.2779
vn -0.7325 -0.6785 0.0559
vn -0.7325 -0.6785 -0.0559
vn -0.5557 -0.7836 0.2779
vn -0.6264 -0.7461 0.2255
vn -0.3655 -0.8903 0.2716
vn -0.4334 -0.8527 0.2918
vn -0.2001 -0.9755 0.0918
vn -0.2310 -0.9575 0.1728
vt 0.071429 0.000000
vt 0.000000 0.333333
vt 0.000000 0.000000
vt 0.142857 0.000000
vt 0.071429 0.333333
vt 0.214286 0.000000
vt 0.142857 0.333333
vt 0.285714 0.000000
vt 0.214286 0.333333
vt 0.357143 0.333333
vt 0.285714 0.333333
vt 0.357143 0.000000
vt 0.428571 0.333333
vt 0.428571 0.000000
vt 0.500000 0.333333
vt 0.571429 0.000000
vt 0.500000 0.000000
vt 0.642857 0.000000
vt 0.571429 0.333333
vt 0.714286 0.000000
vt 0.642857 0.333333
vt 0.785714 0.000000
vt 0.714286 0.333333
vt 0.857143 0.333333
vt 0.785714 0.333333
vt 0.857143 0.000000
vt 0.928571 0.333333
vt 0.928571 0.000000
vt 1.000000 0.333333
vt 0.071429 0.666667
vt 0.000000 0.666667
vt 0.214286 0.666667
vt 0.142857 0.666667
vt 0.285714 0.666667
vt 0.357143 0.666667
vt 0.500000 0.666667
vt 0.428571 0.666667
vt 0.642857 0.666667
vt 0.571429 0.666667
vt 0.714286 0.666667
vt 0.785714 0.666667
vt 0.928571 0.666667
vt 0.857143 0.666667
vt 0.071429 1.000000
vt 0.000000 1.000000
vt 0.214286 1.000000
vt 0.142857 1.000000
vt 0.357143 1.000000
vt 0.285714 1.000000
vt 0.500000 1.000000
vt 0.428571 1.000000
vt 0.642857 1.000000
vt 0.571429 1.000000
vt 0.785714 1.000000
vt 0.714286 1.000000
vt 0.928571 1.000000
vt 0.857143 1.000000
vt 1.000000 0.666667
vt 1.000000 0.000000
vt 1.000000 1.000000
s 0
g C_Sleeve.001_black_robe_cloth
usemtl black_robe_cloth
f 738/350/1453 751/351/1453 737/352/1453
f 739/353/1454 752/354/1454 738/350/1454
f 740/355/1455 753/356/1455 739/353/1455
f 741/357/1456 754/358/1456 740/355/1456
f 741/357/1457 756/359/1457 755/360/1457
f 742/361/1458 757/362/1458 756/359/1458
f 743/363/1459 758/364/1459 757/362/1459
f 745/365/1460 758/364/1460 744/366/1460
f 746/367/1461 759/368/1461 745/365/1461
f 747/369/1462 760/370/1462 746/367/1462
f 748/371/1463 761/372/1463 747/369/1463
f 748/371/1464 763/373/1464 762/374/1464
f 749/375/1465 764/376/1465 763/373/1465
f 750/377/1466 751/378/1466 764/376/1466
f 751/351/1467 766/379/1467 765/380/1467
f 753/356/1468 766/379/1468 752/354/1468
f 753/356/1469 768/381/1469 767/382/1469
f 755/360/1470 768/381/1470 754/358/1470
f 756/359/1471 769/383/1471 755/360/1471
f 757/362/1472 770/384/1472 756/359/1472
f 757/362/1473 772/385/1473 771/386/1473
f 759/368/1474 772/385/1474 758/364/1474
f 759/368/1475 774/387/1475 773/388/1475
f 760/370/1476 775/389/1476 774/387/1476
f 761/372/1477 776/390/1477 775/389/1477
f 763/373/1478 776/390/1478 762/374/1478
f 763/373/1479 778/391/1479 777/392/1479
f 751/378/1480 778/391/1480 764/376/1480
f 765/380/1481 780/393/1481 779/394/1481
f 767/382/1482 780/393/1482 766/379/1482
f 767/382/1483 782/395/1483 781/396/1483
f 769/383/1484 782/395/1484 768/381/1484
f 769/383/1485 784/397/1485 783/398/1485
f 771/386/1486 784/397/1486 770/384/1486
f 771/386/1487 786/399/1487 785/400/1487
f 773/388/1488 786/399/1488 772/385/1488
f 773/388/1489 788/401/1489 787/402/1489
f 775/389/1490 788/401/1490 774/387/1490
f 775/389/1491 790/403/1491 789/404/1491
f 777/392/1492 790/403/1492 776/390/1492
f 777/392/1493 792/405/1493 791/406/1493
f 765/407/1494 792/405/1494 778/391/1494
f 807/351/1495 794/350/1495 793/352/1495
f 808/354/1496 795/353/1496 794/350/1496
f 809/356/1497 796/355/1497 795/353/1497
f 810/358/1498 797/357/1498 796/355/1498
f 797/357/1499 812/359/1499 798/361/1499
f 798/361/1500 813/362/1500 799/363/1500
f 799/363/1501 814/364/1501 800/366/1501
f 814/364/1502 801/365/1502 800/366/1502
f 815/368/1503 802/367/1503 801/365/1503
f 816/370/1504 803/369/1504 802/367/1504
f 803/369/1505 818/374/1505 804/371/1505
f 804/371/1506 819/373/1506 805/375/1506
f 805/375/1507 820/376/1507 806/377/1507
f 806/377/1508 807/378/1508 793/408/1508
f 807/351/1509 822/379/1509 808/354/1509
f 822/379/1510 809/356/1510 808/354/1510
f 809/356/1511 824/381/1511 810/358/1511
f 824/381/1512 811/360/1512 810/358/1512
f 811/360/1513 826/384/1513 812/359/1513
f 826/384/1514 813/362/1514 812/359/1514
f 813/362/1515 828/385/1515 814/364/1515
f 828/385/1516 815/368/1516 814/364/1516
f 815/368/1517 830/387/1517 816/370/1517
f 830/387/1518 817/372/1518 816/370/1518
f 817/372/1519 832/390/1519 818/374/1519
f 832/390/1520 819/373/1520 818/374/1520
f 819/373/1521 834/391/1521 820/376/1521
f 834/391/1522 807/378/1522 820/376/1522
f 821/380/1523 836/393/1523 822/379/1523
f 836/393/1524 823/382/1524 822/379/1524
f 823/382/1525 838/395/1525 824/381/1525
f 838/395/1526 825/383/1526 824/381/1526
f 825/383/1527 840/397/1527 826/384/1527
f 840/397/1528 827/386/1528 826/384/1528
f 827/386/1529 842/399/1529 828/385/1529
f 842/399/1530 829/388/1530 828/385/1530
f 829/388/1531 844/401/1531 830/387/1531
f 844/401/1532 831/389/1532 830/387/1532
f 831/389/1533 846/403/1533 832/390/1533
f 846/403/1534 833/392/1534 832/390/1534
f 833/392/1535 848/405/1535 834/391/1535
f 848/405/1536 821/407/1536 834/391/1536
f 737/352/1537 794/350/1537 738/350/1537
f 739/353/1538 794/350/1538 795/353/1538
f 740/355/1539 795/353/1539 796/355/1539
f 740/355/1540 797/357/1540 741/357/1540
f 741/357/1541 798/361/1541 742/361/1541
f 742/361/1542 799/363/1542 743/363/1542
f 744/366/1543 799/363/1543 800/366/1543
f 744/366/1544 801/365/1544 745/365/1544
f 746/367/1545 801/365/1545 802/367/1545
f 747/369/1546 802/367/1546 803/369/1546
f 747/369/1547 804/371/1547 748/371/1547
f 748/371/1548 805/375/1548 749/375/1548
f 749/375/1549 806/377/1549 750/377/1549
f 737/408/1550 806/377/1550 793/408/1550
f 780/393/1551 835/394/1551 779/394/1551
f 780/393/1552 837/396/1552 836/393/1552
f 782/395/1553 837/396/1553 781/396/1553
f 782/395/1554 839/398/1554 838/395/1554
f 784/397/1555 839/398/1555 783/398/1555
f 784/397/1556 841/400/1556 840/397/1556
f 786/399/1557 841/400/1557 785/400/1557
f 786/399/1558 843/402/1558 842/399/1558
f 788/401/1559 843/402/1559 787/402/1559
f 788/401/1560 845/404/1560 844/401/1560
f 790/403/1561 845/404/1561 789/404/1561
f 790/403/1562 847/406/1562 846/403/1562
f 792/405/1563 847/406/1563 791/406/1563
f 792/405/1564 835/409/1564 848/405/1564
f 863/351/1565 850/350/1565 849/352/1565
f 864/354/1566 851/353/1566 850/350/1566
f 865/356/1567 852/355/1567 851/353/1567
f 866/358/1568 853/357/1568 852/355/1568
f 853/357/1569 868/359/1569 854/361/1569
f 854/361/1570 869/362/1570 855/363/1570
f 855/363/1571 870/364/1571 856/366/1571
f 870/364/1572 857/365/1572 856/366/1572
f 871/368/1573 858/367/1573 857/365/1573
f 872/370/1574 859/369/1574 858/367/1574
f 859/369/1575 874/374/1575 860/371/1575
f 860/371/1576 875/373/1576 861/375/1576
f 861/375/1577 876/376/1577 862/377/1577
f 862/377/1578 863/378/1578 849/408/1578
f 863/351/1579 878/379/1579 864/354/1579
f 878/379/1580 865/356/1580 864/354/1580
f 865/356/1581 880/381/1581 866/358/1581
f 880/381/1582 867/360/1582 866/358/1582
f 881/383/1583 868/359/1583 867/360/1583
f 882/384/1584 869/362/1584 868/359/1584
f 869/362/1585 884/385/1585 870/364/1585
f 884/385/1586 871/368/1586 870/364/1586
f 871/368/1587 886/387/1587 872/370/1587
f 872/370/1588 887/389/1588 873/372/1588
f 873/372/1589 888/390/1589 874/374/1589
f 888/390/1590 875/373/1590 874/374/1590
f 875/373/1591 890/391/1591 876/376/1591
f 890/391/1592 863/378/1592 876/376/1592
f 877/380/1593 892/393/1593 878/379/1593
f 892/393/1594 879/382/1594 878/379/1594
f 879/382/1595 894/395/1595 880/381/1595
f 894/395/1596 881/383/1596 880/381/1596
f 881/383/1597 896/397/1597 882/384/1597
f 896/397/1598 883/386/1598 882/384/1598
f 883/386/1599 898/399/1599 884/385/1599
f 898/399/1600 885/388/1600 884/385/1600
f 885/388/1601 900/401/1601 886/387/1601
f 900/401/1602 887/389/1602 886/387/1602
f 887/389/1603 902/403/1603 888/390/1603
f 902/403/1604 889/392/1604 888/390/1604
f 889/392/1605 904/405/1605 890/391/1605
f 904/405/1606 877/407/1606 890/391/1606
f 906/350/1607 919/351/1607 905/352/1607
f 907/353/1608 920/354/1608 906/350/1608
f 908/355/1609 921/356/1609 907/353/1609
f 909/357/1610 922/358/1610 908/355/1610
f 909/357/1611 924/359/1611 923/360/1611
f 910/361/1612 925/362/1612 924/359/1612
f 911/363/1613 926/364/1613 925/362/1613
f 913/365/1614 926/364/1614 912/366/1614
f 914/367/1615 927/368/1615 913/365/1615
f 915/369/1616 928/370/1616 914/367/1616
f 915/369/1617 930/374/1617 929/372/1617
f 916/371/1618 931/373/1618 930/374/1618
f 917/375/1619 932/376/1619 931/373/1619
f 918/377/1620 919/378/1620 932/376/1620
f 919/351/1621 934/379/1621 933/380/1621
f 921/356/1622 934/379/1622 920/354/1622
f 921/356/1623 936/381/1623 935/382/1623
f 923/360/1624 936/381/1624 922/358/1624
f 923/360/1625 938/384/1625 937/383/1625
f 925/362/1626 938/384/1626 924/359/1626
f 925/362/1627 940/385/1627 939/386/1627
f 927/368/1628 940/385/1628 926/364/1628
f 927/368/1629 942/387/1629 941/388/1629
f 929/372/1630 942/387/1630 928/370/1630
f 929/372/1631 944/390/1631 943/389/1631
f 931/373/1632 944/390/1632 930/374/1632
f 931/373/1633 946/391/1633 945/392/1633
f 919/378/1634 946/391/1634 932/376/1634
f 933/380/1635 948/393/1635 947/394/1635
f 935/382/1636 948/393/1636 934/379/1636
f 935/382/1637 950/395/1637 949/396/1637
f 937/383/1638 950/395/1638 936/381/1638
f 937/383/1639 952/397/1639 951/398/1639
f 939/386/1640 952/397/1640 938/384/1640
f 939/386/1641 954/399/1641 953/400/1641
f 941/388/1642 954/399/1642 940/385/1642
f 941/388/1643 956/401/1643 955/402/1643
f 943/389/1644 956/401/1644 942/387/1644
f 943/389/1645 958/403/1645 957/404/1645
f 945/392/1646 958/403/1646 944/390/1646
f 945/392/1647 960/405/1647 959/406/1647
f 933/407/1648 960/405/1648 946/391/1648
f 906/350/1649 849/352/1649 850/350/1649
f 851/353/1650 906/350/1650 850/350/1650
f 852/355/1651 907/353/1651 851/353/1651
f 909/357/1652 852/355/1652 853/357/1652
f 910/361/1653 853/357/1653 854/361/1653
f 911/363/1654 854/361/1654 855/363/1654
f 856/366/1655 911/363/1655 855/363/1655
f 913/365/1656 856/366/1656 857/365/1656
f 858/367/1657 913/365/1657 857/365/1657
f 859/369/1658 914/367/1658 858/367/1658
f 916/371/1659 859/369/1659 860/371/1659
f 917/375/1660 860/371/1660 861/375/1660
f 918/377/1661 861/375/1661 862/377/1661
f 849/408/1662 918/377/1662 862/377/1662
f 947/394/1663 892/393/1663 891/394/1663
f 892/393/1664 949/396/1664 893/396/1664
f 949/396/1665 894/395/1665 893/396/1665
f 894/395/1666 951/398/1666 895/398/1666
f 951/398/1667 896/397/1667 895/398/1667
f 896/397/1668 953/400/1668 897/400/1668
f 953/400/1669 898/399/1669 897/400/1669
f 898/399/1670 955/402/1670 899/402/1670
f 955/402/1671 900/401/1671 899/402/1671
f 900/401/1672 957/404/1672 901/404/1672
f 957/404/1673 902/403/1673 901/404/1673
f 902/403/1674 959/406/1674 903/406/1674
f 959/406/1675 904/405/1675 903/406/1675
f 904/405/1676 947/409/1676 891/409/1676
f 738/350/1677 752/354/1677 751/351/1677
f 739/353/1678 753/356/1678 752/354/1678
f 740/355/1679 754/358/1679 753/356/1679
f 741/357/1456 755/360/1456 754/358/1456
f 741/357/1680 742/361/1680 756/359/1680
f 742/361/1681 743/363/1681 757/362/1681
f 743/363/1682 744/366/1682 758/364/1682
f 745/365/1683 759/368/1683 758/364/1683
f 746/367/1684 760/370/1684 759/368/1684
f 747/369/1685 761/372/1685 760/370/1685
f 748/371/1463 762/374/1463 761/372/1463
f 748/371/1686 749/375/1686 763/373/1686
f 749/375/1687 750/377/1687 764/376/1687
f 750/377/1688 737/408/1688 751/378/1688
f 751/351/1689 752/354/1689 766/379/1689
f 753/356/1690 767/382/1690 766/379/1690
f 753/356/1691 754/358/1691 768/381/1691
f 755/360/1692 769/383/1692 768/381/1692
f 756/359/1693 770/384/1693 769/383/1693
f 757/362/1694 771/386/1694 770/384/1694
f 757/362/1695 758/364/1695 772/385/1695
f 759/368/1696 773/388/1696 772/385/1696
f 759/368/1697 760/370/1697 774/387/1697
f 760/370/1698 761/372/1698 775/389/1698
f 761/372/1699 762/374/1699 776/390/1699
f 763/373/1700 777/392/1700 776/390/1700
f 763/373/1701 764/376/1701 778/391/1701
f 751/378/1702 765/407/1702 778/391/1702
f 765/380/1703 766/379/1703 780/393/1703
f 767/382/1704 781/396/1704 780/393/1704
f 767/382/1705 768/381/1705 782/395/1705
f 769/383/1706 783/398/1706 782/395/1706
f 769/383/1707 770/384/1707 784/397/1707
f 771/386/1708 785/400/1708 784/397/1708
f 771/386/1709 772/385/1709 786/399/1709
f 773/388/1710 787/402/1710 786/399/1710
f 773/388/1711 774/387/1711 788/401/1711
f 775/389/1712 789/404/1712 788/401/1712
f 775/389/1713 776/390/1713 790/403/1713
f 777/392/1714 791/406/1714 790/403/1714
f 777/392/1715 778/391/1715 792/405/1715
f 765/407/1716 779/409/1716 792/405/1716
f 807/351/1717 808/354/1717 794/350/1717
f 808/354/1718 809/356/1718 795/353/1718
f 809/356/1719 810/358/1719 796/355/1719
f 810/358/1720 811/360/1720 797/357/1720
f 797/357/1721 811/360/1721 812/359/1721
f 798/361/1722 812/359/1722 813/362/1722
f 799/363/1723 813/362/1723 814/364/1723
f 814/364/1724 815/368/1724 801/365/1724
f 815/368/1725 816/370/1725 802/367/1725
f 816/370/1726 817/372/1726 803/369/1726
f 803/369/1727 817/372/1727 818/374/1727
f 804/371/1728 818/374/1728 819/373/1728
f 805/375/1729 819/373/1729 820/376/1729
f 806/377/1730 820/376/1730 807/378/1730
f 807/351/1731 821/380/1731 822/379/1731
f 822/379/1732 823/382/1732 809/356/1732
f 809/356/1733 823/382/1733 824/381/1733
f 824/381/1734 825/383/1734 811/360/1734
f 811/360/1735 825/383/1735 826/384/1735
f 826/384/1736 827/386/1736 813/362/1736
f 813/362/1737 827/386/1737 828/385/1737
f 828/385/1738 829/388/1738 815/368/1738
f 815/368/1739 829/388/1739 830/387/1739
f 830/387/1740 831/389/1740 817/372/1740
f 817/372/1741 831/389/1741 832/390/1741
f 832/390/1742 833/392/1742 819/373/1742
f 819/373/1743 833/392/1743 834/391/1743
f 834/391/1744 821/407/1744 807/378/1744
f 821/380/1745 835/394/1745 836/393/1745
f 836/393/1746 837/396/1746 823/382/1746
f 823/382/1747 837/396/1747 838/395/1747
f 838/395/1748 839/398/1748 825/383/1748
f 825/383/1749 839/398/1749 840/397/1749
f 840/397/1750 841/400/1750 827/386/1750
f 827/386/1751 841/400/1751 842/399/1751
f 842/399/1752 843/402/1752 829/388/1752
f 829/388/1753 843/402/1753 844/401/1753
f 844/401/1754 845/404/1754 831/389/1754
f 831/389/1755 845/404/1755 846/403/1755
f 846/403/1756 847/406/1756 833/392/1756
f 833/392/1757 847/406/1757 848/405/1757
f 848/405/1758 835/409/1758 821/407/1758
f 737/352/1759 793/352/1759 794/350/1759
f 739/353/1760 738/350/1760 794/350/1760
f 740/355/1761 739/353/1761 795/353/1761
f 740/355/1540 796/355/1540 797/357/1540
f 741/357/1762 797/357/1762 798/361/1762
f 742/361/1763 798/361/1763 799/363/1763
f 744/366/1764 743/363/1764 799/363/1764
f 744/366/1765 800/366/1765 801/365/1765
f 746/367/1766 745/365/1766 801/365/1766
f 747/369/1767 746/367/1767 802/367/1767
f 747/369/1547 803/369/1547 804/371/1547
f 748/371/1768 804/371/1768 805/375/1768
f 749/375/1769 805/375/1769 806/377/1769
f 737/408/1770 750/377/1770 806/377/1770
f 780/393/1771 836/393/1771 835/394/1771
f 780/393/1772 781/396/1772 837/396/1772
f 782/395/1773 838/395/1773 837/396/1773
f 782/395/1774 783/398/1774 839/398/1774
f 784/397/1775 840/397/1775 839/398/1775
f 784/397/1776 785/400/1776 841/400/1776
f 786/399/1777 842/399/1777 841/400/1777
f 786/399/1778 787/402/1778 843/402/1778
f 788/401/1779 844/401/1779 843/402/1779
f 788/401/1780 789/404/1780 845/404/1780
f 790/403/1781 846/403/1781 845/404/1781
f 790/403/1782 791/406/1782 847/406/1782
f 792/405/1783 848/405/1783 847/406/1783
f 792/405/1784 779/409/1784 835/409/1784
f 863/351/1785 864/354/1785 850/350/1785
f 864/354/1786 865/356/1786 851/353/1786
f 865/356/1787 866/358/1787 852/355/1787
f 866/358/1568 867/360/1568 853/357/1568
f 853/357/1788 867/360/1788 868/359/1788
f 854/361/1789 868/359/1789 869/362/1789
f 855/363/1790 869/362/1790 870/364/1790
f 870/364/1791 871/368/1791 857/365/1791
f 871/368/1792 872/370/1792 858/367/1792
f 872/370/1793 873/372/1793 859/369/1793
f 859/369/1575 873/372/1575 874/374/1575
f 860/371/1794 874/374/1794 875/373/1794
f 861/375/1795 875/373/1795 876/376/1795
f 862/377/1796 876/376/1796 863/378/1796
f 863/351/1797 877/380/1797 878/379/1797
f 878/379/1798 879/382/1798 865/356/1798
f 865/356/1799 879/382/1799 880/381/1799
f 880/381/1800 881/383/1800 867/360/1800
f 881/383/1801 882/384/1801 868/359/1801
f 882/384/1802 883/386/1802 869/362/1802
f 869/362/1803 883/386/1803 884/385/1803
f 884/385/1804 885/388/1804 871/368/1804
f 871/368/1805 885/388/1805 886/387/1805
f 872/370/1806 886/387/1806 887/389/1806
f 873/372/1807 887/389/1807 888/390/1807
f 888/390/1808 889/392/1808 875/373/1808
f 875/373/1809 889/392/1809 890/391/1809
f 890/391/1810 877/407/1810 863/378/1810
f 877/380/1811 891/394/1811 892/393/1811
f 892/393/1812 893/396/1812 879/382/1812
f 879/382/1813 893/396/1813 894/395/1813
f 894/395/1814 895/398/1814 881/383/1814
f 881/383/1815 895/398/1815 896/397/1815
f 896/397/1816 897/400/1816 883/386/1816
f 883/386/1817 897/400/1817 898/399/1817
f 898/399/1818 899/402/1818 885/388/1818
f 885/388/1819 899/402/1819 900/401/1819
f 900/401/1820 901/404/1820 887/389/1820
f 887/389/1821 901/404/1821 902/403/1821
f 902/403/1822 903/406/1822 889/392/1822
f 889/392/1823 903/406/1823 904/405/1823
f 904/405/1824 891/409/1824 877/407/1824
f 906/350/1825 920/354/1825 919/351/1825
f 907/353/1826 921/356/1826 920/354/1826
f 908/355/1827 922/358/1827 921/356/1827
f 909/357/1828 923/360/1828 922/358/1828
f 909/357/1829 910/361/1829 924/359/1829
f 910/361/1830 911/363/1830 925/362/1830
f 911/363/1831 912/366/1831 926/364/1831
f 913/365/1832 927/368/1832 926/364/1832
f 914/367/1833 928/370/1833 927/368/1833
f 915/369/1834 929/372/1834 928/370/1834
f 915/369/1835 916/371/1835 930/374/1835
f 916/371/1836 917/375/1836 931/373/1836
f 917/375/1837 918/377/1837 932/376/1837
f 918/377/1838 905/408/1838 919/378/1838
f 919/351/1839 920/354/1839 934/379/1839
f 921/356/1840 935/382/1840 934/379/1840
f 921/356/1841 922/358/1841 936/381/1841
f 923/360/1842 937/383/1842 936/381/1842
f 923/360/1843 924/359/1843 938/384/1843
f 925/362/1844 939/386/1844 938/384/1844
f 925/362/1845 926/364/1845 940/385/1845
f 927/368/1846 941/388/1846 940/385/1846
f 927/368/1847 928/370/1847 942/387/1847
f 929/372/1848 943/389/1848 942/387/1848
f 929/372/1849 930/374/1849 944/390/1849
f 931/373/1850 945/392/1850 944/390/1850
f 931/373/1851 932/376/1851 946/391/1851
f 919/378/1852 933/407/1852 946/391/1852
f 933/380/1853 934/379/1853 948/393/1853
f 935/382/1854 949/396/1854 948/393/1854
f 935/382/1855 936/381/1855 950/395/1855
f 937/383/1856 951/398/1856 950/395/1856
f 937/383/1857 938/384/1857 952/397/1857
f 939/386/1858 953/400/1858 952/397/1858
f 939/386/1859 940/385/1859 954/399/1859
f 941/388/1860 955/402/1860 954/399/1860
f 941/388/1861 942/387/1861 956/401/1861
f 943/389/1862 957/404/1862 956/401/1862
f 943/389/1863 944/390/1863 958/403/1863
f 945/392/1864 959/406/1864 958/403/1864
f 945/392/1865 946/391/1865 960/405/1865
f 933/407/1866 947/409/1866 960/405/1866
f 906/350/1867 905/352/1867 849/352/1867
f 851/353/1868 907/353/1868 906/350/1868
f 852/355/1869 908/355/1869 907/353/1869
f 909/357/1652 908/355/1652 852/355/1652
f 910/361/1870 909/357/1870 853/357/1870
f 911/363/1871 910/361/1871 854/361/1871
f 856/366/1872 912/366/1872 911/363/1872
f 913/365/1873 912/366/1873 856/366/1873
f 858/367/1874 914/367/1874 913/365/1874
f 859/369/1875 915/369/1875 914/367/1875
f 916/371/1659 915/369/1659 859/369/1659
f 917/375/1876 916/371/1876 860/371/1876
f 918/377/1877 917/375/1877 861/375/1877
f 849/408/1878 905/408/1878 918/377/1878
f 947/394/1879 948/393/1879 892/393/1879
f 892/393/1880 948/393/1880 949/396/1880
f 949/396/1881 950/395/1881 894/395/1881
f 894/395/1882 950/395/1882 951/398/1882
f 951/398/1883 952/397/1883 896/397/1883
f 896/397/1884 952/397/1884 953/400/1884
f 953/400/1885 954/399/1885 898/399/1885
f 898/399/1886 954/399/1886 955/402/1886
f 955/402/1887 956/401/1887 900/401/1887
f 900/401/1888 956/401/1888 957/404/1888
f 957/404/1889 958/403/1889 902/403/1889
f 902/403/1890 958/403/1890 959/406/1890
f 959/406/1891 960/405/1891 904/405/1891
f 904/405/1892 960/405/1892 947/409/1892
g D_HemTrim.001_D_HemTrim.001
v 1.254000 -1.513000 0.000000
v 1.236669 -1.513000 -0.191390
v 1.185057 -1.513000 -0.354437
v 1.100290 -1.513000 -0.500569
v 0.984179 -1.513000 -0.628990
v 0.839099 -1.513000 -0.737741
v 0.667781 -1.513000 -0.824779
v 0.472833 -1.513000 -0.888320
v 0.255322 -1.513000 -0.927009
v 0.000000 -1.513000 -0.940000
v -0.255322 -1.513000 -0.927009
v -0.472833 -1.513000 -0.888320
v -0.667781 -1.513000 -0.824779
v -0.839099 -1.513000 -0.737741
v -0.984179 -1.513000 -0.628990
v -1.100290 -1.513000 -0.500569
v -1.185057 -1.513000 -0.354437
v -1.236669 -1.513000 -0.191390
v -1.254000 -1.513000 -0.000000
v -1.236669 -1.513000 0.191390
v -1.185057 -1.513000 0.354437
v -1.100290 -1.513000 0.500569
v -0.984179 -1.513000 0.628990
v -0.839099 -1.513000 0.737741
v -0.667781 -1.513000 0.824779
v -0.472833 -1.513000 0.888320
v -0.255322 -1.513000 0.927009
v -0.000000 -1.513000 0.940000
v 0.255322 -1.513000 0.927009
v 0.472833 -1.513000 0.888320
v 0.667781 -1.513000 0.824779
v 0.839099 -1.513000 0.737741
v 0.984179 -1.513000 0.628990
v 1.100290 -1.513000 0.500569
v 1.185057 -1.513000 0.354437
v 1.236669 -1.513000 0.191390
v 1.254000 -1.377000 0.000000
v 1.236669 -1.377000 -0.191390
v 1.185057 -1.377000 -0.354437
v 1.100290 -1.377000 -0.500569
v 0.984179 -1.377000 -0.628990
v 0.839099 -1.377000 -0.737741
v 0.667781 -1.377000 -0.824779
v 0.472833 -1.377000 -0.888320
v 0.255322 -1.377000 -0.927009
v 0.000000 -1.377000 -0.940000
v -0.255322 -1.377000 -0.927009
v -0.472833 -1.377000 -0.888320
v -0.667781 -1.377000 -0.824779
v -0.839099 -1.377000 -0.737741
v -0.984179 -1.377000 -0.628990
v -1.100290 -1.377000 -0.500569
v -1.185057 -1.377000 -0.354437
v -1.236669 -1.377000 -0.191390
v -1.254000 -1.377000 -0.000000
v -1.236669 -1.377000 0.191390
v -1.185057 -1.377000 0.354437
v -1.100290 -1.377000 0.500569
v -0.984179 -1.377000 0.628990
v -0.839099 -1.377000 0.737741
v -0.667781 -1.377000 0.824779
v -0.472833 -1.377000 0.888320
v -0.255322 -1.377000 0.927009
v -0.000000 -1.377000 0.940000
v 0.255322 -1.377000 0.927009
v 0.472833 -1.377000 0.888320
v 0.667781 -1.377000 0.824779
v 0.839099 -1.377000 0.737741
v 0.984179 -1.377000 0.628990
v 1.100290 -1.377000 0.500569
v 1.185057 -1.377000 0.354437
v 1.236669 -1.377000 0.191390
v 1.198814 -1.513000 0.000000
v 1.182303 -1.513000 -0.182337
v 1.133767 -1.513000 -0.335665
v 1.054249 -1.513000 -0.472749
v 0.945075 -1.513000 -0.593497
v 0.807937 -1.513000 -0.696295
v 0.644928 -1.513000 -0.779111
v 0.458188 -1.513000 -0.839977
v 0.248473 -1.513000 -0.877279
v 0.000000 -1.513000 -0.889922
v -0.248473 -1.513000 -0.877279
v -0.458188 -1.513000 -0.839977
v -0.644928 -1.513000 -0.779111
v -0.807937 -1.513000 -0.696295
v -0.945075 -1.513000 -0.593497
v -1.054249 -1.513000 -0.472749
v -1.133767 -1.513000 -0.335665
v -1.182303 -1.513000 -0.182337
v -1.198814 -1.513000 -0.000000
v -1.182303 -1.513000 0.182337
v -1.133767 -1.513000 0.335665
v -1.054249 -1.513000 0.472749
v -0.945075 -1.513000 0.593497
v -0.807937 -1.513000 0.696295
v -0.644928 -1.513000 0.779111
v -0.458188 -1.513000 0.839977
v -0.248473 -1.513000 0.877279
v -0.000000 -1.513000 0.889922
v 0.248473 -1.513000 0.877279
v 0.458188 -1.513000 0.839977
v 0.644928 -1.513000 0.779111
v 0.807937 -1.513000 0.696295
v 0.945075 -1.513000 0.593497
v 1.054249 -1.513000 0.472749
v 1.133767 -1.513000 0.335665
v 1.182303 -1.513000 0.182337
v 1.198814 -1.377000 0.000000
v 1.182303 -1.377000 -0.182337
v 1.133767 -1.377000 -0.335665
v 1.054249 -1.377000 -0.472749
v 0.945075 -1.377000 -0.593497
v 0.807937 -1.377000 -0.696295
v 0.644928 -1.377000 -0.779111
v 0.458188 -1.377000 -0.839977
v 0.248473 -1.377000 -0.877279
v 0.000000 -1.377000 -0.889922
v -0.248473 -1.377000 -0.877279
v -0.458188 -1.377000 -0.839977
v -0.644928 -1.377000 -0.779111
v -0.807937 -1.377000 -0.696295
v -0.945075 -1.377000 -0.593497
v -1.054249 -1.377000 -0.472749
v -1.133767 -1.377000 -0.335665
v -1.182303 -1.377000 -0.182337
v -1.198814 -1.377000 -0.000000
v -1.182303 -1.377000 0.182337
v -1.133767 -1.377000 0.335665
v -1.054249 -1.377000 0.472749
v -0.945075 -1.377000 0.593497
v -0.807937 -1.377000 0.696295
v -0.644928 -1.377000 0.779111
v -0.458188 -1.377000 0.839977
v -0.248473 -1.377000 0.877279
v -0.000000 -1.377000 0.889922
v 0.248473 -1.377000 0.877279
v 0.458188 -1.377000 0.839977
v 0.644928 -1.377000 0.779111
v 0.807937 -1.377000 0.696295
v 0.945075 -1.377000 0.593497
v 1.054249 -1.377000 0.472749
v 1.133767 -1.377000 0.335665
v 1.182303 -1.377000 0.182337
vn 0.9959 -0.0000 -0.0902
vn 0.9534 -0.0000 -0.3018
vn 0.8650 -0.0000 -0.5018
vn 0.7418 -0.0000 -0.6707
vn 0.5998 -0.0000 -0.8002
vn 0.4529 -0.0000 -0.8915
vn 0.3099 -0.0000 -0.9508
vn 0.1751 -0.0000 -0.9845
vn 0.0508 -0.0000 -0.9987
vn -0.0508 -0.0000 -0.9987
vn -0.1751 -0.0000 -0.9845
vn -0.3099 -0.0000 -0.9508
vn -0.4529 -0.0000 -0.8915
vn -0.5998 -0.0000 -0.8002
vn -0.7418 -0.0000 -0.6707
vn -0.8650 -0.0000 -0.5018
vn -0.9534 -0.0000 -0.3018
vn -0.9959 -0.0000 -0.0902
vn -0.9959 -0.0000 0.0902
vn -0.9534 -0.0000 0.3018
vn -0.8650 -0.0000 0.5018
vn -0.7418 -0.0000 0.6707
vn -0.5998 -0.0000 0.8002
vn -0.4529 -0.0000 0.8915
vn -0.3099 -0.0000 0.9508
vn -0.1751 -0.0000 0.9845
vn -0.0508 -0.0000 0.9987
vn 0.0508 -0.0000 0.9987
vn 0.1751 -0.0000 0.9845
vn 0.3099 -0.0000 0.9508
vn 0.4529 -0.0000 0.8915
vn 0.5998 -0.0000 0.8002
vn 0.7418 -0.0000 0.6707
vn 0.8650 -0.0000 0.5018
vn 0.9534 -0.0000 0.3018
vn 0.9959 -0.0000 0.0902
vn -0.0000 -1.0000 -0.0000
vn -0.0000 1.0000 -0.0000
vt 0.027778 0.000000
vt 0.000000 1.000000
vt 0.000000 0.000000
vt 0.055556 0.000000
vt 0.027778 1.000000
vt 0.083333 0.000000
vt 0.055556 1.000000
vt 0.111111 0.000000
vt 0.083333 1.000000
vt 0.138889 0.000000
vt 0.111111 1.000000
vt 0.166667 0.000000
vt 0.138889 1.000000
vt 0.194444 0.000000
vt 0.166667 1.000000
vt 0.222222 0.000000
vt 0.194444 1.000000
vt 0.250000 0.000000
vt 0.222222 1.000000
vt 0.277778 0.000000
vt 0.250000 1.000000
vt 0.305556 0.000000
vt 0.277778 1.000000
vt 0.333333 0.000000
vt 0.305556 1.000000
vt 0.361111 0.000000
vt 0.333333 1.000000
vt 0.388889 0.000000
vt 0.361111 1.000000
vt 0.416667 0.000000
vt 0.388889 1.000000
vt 0.444444 0.000000
vt 0.416667 1.000000
vt 0.472222 0.000000
vt 0.444444 1.000000
vt 0.500000 0.000000
vt 0.472222 1.000000
vt 0.527778 0.000000
vt 0.500000 1.000000
vt 0.555556 0.000000
vt 0.527778 1.000000
vt 0.583333 0.000000
vt 0.555556 1.000000
vt 0.611111 0.000000
vt 0.583333 1.000000
vt 0.638889 0.000000
vt 0.611111 1.000000
vt 0.666667 0.000000
vt 0.638889 1.000000
vt 0.694444 0.000000
vt 0.666667 1.000000
vt 0.722222 0.000000
vt 0.694444 1.000000
vt 0.750000 0.000000
vt 0.722222 1.000000
vt 0.777778 0.000000
vt 0.750000 1.000000
vt 0.805556 0.000000
vt 0.777778 1.000000
vt 0.833333 0.000000
vt 0.805556 1.000000
vt 0.861111 0.000000
vt 0.833333 1.000000
vt 0.888889 0.000000
vt 0.861111 1.000000
vt 0.916667 0.000000
vt 0.888889 1.000000
vt 0.944444 0.000000
vt 0.916667 1.000000
vt 0.972222 0.000000
vt 0.944444 1.000000
vt 1.000000 0.000000
vt 0.972222 1.000000
vt 1.000000 1.000000
s 0
g D_HemTrim.001_black_robe_trim
usemtl black_robe_trim
f 962/410/1893 997/411/1893 961/412/1893
f 963/413/1894 998/414/1894 962/410/1894
f 964/415/1895 999/416/1895 963/413/1895
f 965/417/1896 1000/418/1896 964/415/1896
f 966/419/1897 1001/420/1897 965/417/1897
f 967/421/1898 1002/422/1898 966/419/1898
f 968/423/1899 1003/424/1899 967/421/1899
f 969/425/1900 1004/426/1900 968/423/1900
f 970/427/1901 1005/428/1901 969/425/1901
f 971/429/1902 1006/430/1902 970/427/1902
f 972/431/1903 1007/432/1903 971/429/1903
f 973/433/1904 1008/434/1904 972/431/1904
f 974/435/1905 1009/436/1905 973/433/1905
f 975/437/1906 1010/438/1906 974/435/1906
f 976/439/1907 1011/440/1907 975/437/1907
f 977/441/1908 1012/442/1908 976/439/1908
f 978/443/1909 1013/444/1909 977/441/1909
f 979/445/1910 1014/446/1910 978/443/1910
f 980/447/1911 1015/448/1911 979/445/1911
f 981/449/1912 1016/450/1912 980/447/1912
f 982/451/1913 1017/452/1913 981/449/1913
f 983/453/1914 1018/454/1914 982/451/1914
f 984/455/1915 1019/456/1915 983/453/1915
f 985/457/1916 1020/458/1916 984/455/1916
f 986/459/1917 1021/460/1917 985/457/1917
f 987/461/1918 1022/462/1918 986/459/1918
f 988/463/1919 1023/464/1919 987/461/1919
f 989/465/1920 1024/466/1920 988/463/1920
f 990/467/1921 1025/468/1921 989/465/1921
f 991/469/1922 1026/470/1922 990/467/1922
f 992/471/1923 1027/472/1923 991/469/1923
f 993/473/1924 1028/474/1924 992/471/1924
f 994/475/1925 1029/476/1925 993/473/1925
f 995/477/1926 1030/478/1926 994/475/1926
f 996/479/1927 1031/480/1927 995/477/1927
f 961/481/1928 1032/482/1928 996/479/1928
f 1069/411/1911 1034/410/1911 1033/412/1911
f 1070/414/1912 1035/413/1912 1034/410/1912
f 1071/416/1913 1036/415/1913 1035/413/1913
f 1072/418/1914 1037/417/1914 1036/415/1914
f 1073/420/1915 1038/419/1915 1037/417/1915
f 1074/422/1916 1039/421/1916 1038/419/1916
f 1075/424/1917 1040/423/1917 1039/421/1917
f 1076/426/1918 1041/425/1918 1040/423/1918
f 1077/428/1919 1042/427/1919 1041/425/1919
f 1078/430/1920 1043/429/1920 1042/427/1920
f 1079/432/1921 1044/431/1921 1043/429/1921
f 1080/434/1922 1045/433/1922 1044/431/1922
f 1081/436/1923 1046/435/1923 1045/433/1923
f 1082/438/1924 1047/437/1924 1046/435/1924
f 1083/440/1925 1048/439/1925 1047/437/1925
f 1084/442/1926 1049/441/1926 1048/439/1926
f 1085/444/1927 1050/443/1927 1049/441/1927
f 1086/446/1928 1051/445/1928 1050/443/1928
f 1087/448/1893 1052/447/1893 1051/445/1893
f 1088/450/1894 1053/449/1894 1052/447/1894
f 1089/452/1895 1054/451/1895 1053/449/1895
f 1090/454/1896 1055/453/1896 1054/451/1896
f 1091/456/1897 1056/455/1897 1055/453/1897
f 1092/458/1898 1057/457/1898 1056/455/1898
f 1093/460/1899 1058/459/1899 1057/457/1899
f 1094/462/1900 1059/461/1900 1058/459/1900
f 1095/464/1901 1060/463/1901 1059/461/1901
f 1096/466/1902 1061/465/1902 1060/463/1902
f 1097/468/1903 1062/467/1903 1061/465/1903
f 1098/470/1904 1063/469/1904 1062/467/1904
f 1099/472/1905 1064/471/1905 1063/469/1905
f 1100/474/1906 1065/473/1906 1064/471/1906
f 1101/476/1907 1066/475/1907 1065/473/1907
f 1102/478/1908 1067/477/1908 1066/475/1908
f 1103/480/1909 1068/479/1909 1067/477/1909
f 1104/482/1910 1033/481/1910 1068/479/1910
f 961/412/1929 1034/410/1929 962/410/1929
f 997/411/1930 1070/414/1930 1069/411/1930
f 962/410/1929 1035/413/1929 963/413/1929
f 998/414/1930 1071/416/1930 1070/414/1930
f 964/415/1929 1035/413/1929 1036/415/1929
f 1000/418/1930 1071/416/1930 999/416/1930
f 965/417/1929 1036/415/1929 1037/417/1929
f 1001/420/1930 1072/418/1930 1000/418/1930
f 966/419/1929 1037/417/1929 1038/419/1929
f 1002/422/1930 1073/420/1930 1001/420/1930
f 967/421/1929 1038/419/1929 1039/421/1929
f 1003/424/1930 1074/422/1930 1002/422/1930
f 968/423/1929 1039/421/1929 1040/423/1929
f 1004/426/1930 1075/424/1930 1003/424/1930
f 969/425/1929 1040/423/1929 1041/425/1929
f 1005/428/1930 1076/426/1930 1004/426/1930
f 970/427/1929 1041/425/1929 1042/427/1929
f 1006/430/1930 1077/428/1930 1005/428/1930
f 970/427/1929 1043/429/1929 971/429/1929
f 1006/430/1930 1079/432/1930 1078/430/1930
f 971/429/1929 1044/431/1929 972/431/1929
f 1007/432/1930 1080/434/1930 1079/432/1930
f 972/431/1929 1045/433/1929 973/433/1929
f 1008/434/1930 1081/436/1930 1080/434/1930
f 973/433/1929 1046/435/1929 974/435/1929
f 1009/436/1930 1082/438/1930 1081/436/1930
f 974/435/1929 1047/437/1929 975/437/1929
f 1010/438/1930 1083/440/1930 1082/438/1930
f 975/437/1929 1048/439/1929 976/439/1929
f 1011/440/1930 1084/442/1930 1083/440/1930
f 976/439/1929 1049/441/1929 977/441/1929
f 1012/442/1930 1085/444/1930 1084/442/1930
f 978/443/1929 1049/441/1929 1050/443/1929
f 1014/446/1930 1085/444/1930 1013/444/1930
f 979/445/1929 1050/443/1929 1051/445/1929
f 1015/448/1930 1086/446/1930 1014/446/1930
f 979/445/1929 1052/447/1929 980/447/1929
f 1015/448/1930 1088/450/1930 1087/448/1930
f 980/447/1929 1053/449/1929 981/449/1929
f 1016/450/1930 1089/452/1930 1088/450/1930
f 982/451/1929 1053/449/1929 1054/451/1929
f 1018/454/1930 1089/452/1930 1017/452/1930
f 983/453/1929 1054/451/1929 1055/453/1929
f 1019/456/1930 1090/454/1930 1018/454/1930
f 984/455/1929 1055/453/1929 1056/455/1929
f 1020/458/1930 1091/456/1930 1019/456/1930
f 985/457/1929 1056/455/1929 1057/457/1929
f 1021/460/1930 1092/458/1930 1020/458/1930
f 986/459/1929 1057/457/1929 1058/459/1929
f 1022/462/1930 1093/460/1930 1021/460/1930
f 987/461/1929 1058/459/1929 1059/461/1929
f 1023/464/1930 1094/462/1930 1022/462/1930
f 988/463/1929 1059/461/1929 1060/463/1929
f 1024/466/1930 1095/464/1930 1023/464/1930
f 988/463/1929 1061/465/1929 989/465/1929
f 1024/466/1930 1097/468/1930 1096/466/1930
f 989/465/1929 1062/467/1929 990/467/1929
f 1025/468/1930 1098/470/1930 1097/468/1930
f 990/467/1929 1063/469/1929 991/469/1929
f 1026/470/1930 1099/472/1930 1098/470/1930
f 991/469/1929 1064/471/1929 992/471/1929
f 1027/472/1930 1100/474/1930 1099/472/1930
f 992/471/1929 1065/473/1929 993/473/1929
f 1028/474/1930 1101/476/1930 1100/474/1930
f 993/473/1929 1066/475/1929 994/475/1929
f 1029/476/1930 1102/478/1930 1101/476/1930
f 994/475/1929 1067/477/1929 995/477/1929
f 1030/478/1930 1103/480/1930 1102/478/1930
f 996/479/1929 1067/477/1929 1068/479/1929
f 1032/482/1930 1103/480/1930 1031/480/1930
f 961/481/1929 1068/479/1929 1033/481/1929
f 997/483/1930 1104/482/1930 1032/482/1930
f 962/410/1893 998/414/1893 997/411/1893
f 963/413/1894 999/416/1894 998/414/1894
f 964/415/1895 1000/418/1895 999/416/1895
f 965/417/1896 1001/420/1896 1000/418/1896
f 966/419/1897 1002/422/1897 1001/420/1897
f 967/421/1898 1003/424/1898 1002/422/1898
f 968/423/1899 1004/426/1899 1003/424/1899
f 969/425/1900 1005/428/1900 1004/426/1900
f 970/427/1901 1006/430/1901 1005/428/1901
f 971/429/1902 1007/432/1902 1006/430/1902
f 972/431/1903 1008/434/1903 1007/432/1903
f 973/433/1904 1009/436/1904 1008/434/1904
f 974/435/1905 1010/438/1905 1009/436/1905
f 975/437/1906 1011/440/1906 1010/438/1906
f 976/439/1907 1012/442/1907 1011/440/1907
f 977/441/1908 1013/444/1908 1012/442/1908
f 978/443/1909 1014/446/1909 1013/444/1909
f 979/445/1910 1015/448/1910 1014/446/1910
f 980/447/1911 1016/450/1911 1015/448/1911
f 981/449/1912 1017/452/1912 1016/450/1912
f 982/451/1913 1018/454/1913 1017/452/1913
f 983/453/1914 1019/456/1914 1018/454/1914
f 984/455/1915 1020/458/1915 1019/456/1915
f 985/457/1916 1021/460/1916 1020/458/1916
f 986/459/1917 1022/462/1917 1021/460/1917
f 987/461/1918 1023/464/1918 1022/462/1918
f 988/463/1919 1024/466/1919 1023/464/1919
f 989/465/1920 1025/468/1920 1024/466/1920
f 990/467/1921 1026/470/1921 1025/468/1921
f 991/469/1922 1027/472/1922 1026/470/1922
f 992/471/1923 1028/474/1923 1027/472/1923
f 993/473/1924 1029/476/1924 1028/474/1924
f 994/475/1925 1030/478/1925 1029/476/1925
f 995/477/1926 1031/480/1926 1030/478/1926
f 996/479/1927 1032/482/1927 1031/480/1927
f 961/481/1928 997/483/1928 1032/482/1928
f 1069/411/1911 1070/414/1911 1034/410/1911
f 1070/414/1912 1071/416/1912 1035/413/1912
f 1071/416/1913 1072/418/1913 1036/415/1913
f 1072/418/1914 1073/420/1914 1037/417/1914
f 1073/420/1915 1074/422/1915 1038/419/1915
f 1074/422/1916 1075/424/1916 1039/421/1916
f 1075/424/1917 1076/426/1917 1040/423/1917
f 1076/426/1918 1077/428/1918 1041/425/1918
f 1077/428/1919 1078/430/1919 1042/427/1919
f 1078/430/1920 1079/432/1920 1043/429/1920
f 1079/432/1921 1080/434/1921 1044/431/1921
f 1080/434/1922 1081/436/1922 1045/433/1922
f 1081/436/1923 1082/438/1923 1046/435/1923
f 1082/438/1924 1083/440/1924 1047/437/1924
f 1083/440/1925 1084/442/1925 1048/439/1925
f 1084/442/1926 1085/444/1926 1049/441/1926
f 1085/444/1927 1086/446/1927 1050/443/1927
f 1086/446/1928 1087/448/1928 1051/445/1928
f 1087/448/1893 1088/450/1893 1052/447/1893
f 1088/450/1894 1089/452/1894 1053/449/1894
f 1089/452/1895 1090/454/1895 1054/451/1895
f 1090/454/1896 1091/456/1896 1055/453/1896
f 1091/456/1897 1092/458/1897 1056/455/1897
f 1092/458/1898 1093/460/1898 1057/457/1898
f 1093/460/1899 1094/462/1899 1058/459/1899
f 1094/462/1900 1095/464/1900 1059/461/1900
f 1095/464/1901 1096/466/1901 1060/463/1901
f 1096/466/1902 1097/468/1902 1061/465/1902
f 1097/468/1903 1098/470/1903 1062/467/1903
f 1098/470/1904 1099/472/1904 1063/469/1904
f 1099/472/1905 1100/474/1905 1064/471/1905
f 1100/474/1906 1101/476/1906 1065/473/1906
f 1101/476/1907 1102/478/1907 1066/475/1907
f 1102/478/1908 1103/480/1908 1067/477/1908
f 1103/480/1909 1104/482/1909 1068/479/1909
f 1104/482/1910 1069/483/1910 1033/481/1910
f 961/412/1929 1033/412/1929 1034/410/1929
f 997/411/1930 998/414/1930 1070/414/1930
f 962/410/1929 1034/410/1929 1035/413/1929
f 998/414/1930 999/416/1930 1071/416/1930
f 964/415/1929 963/413/1929 1035/413/1929
f 1000/418/1930 1072/418/1930 1071/416/1930
f 965/417/1929 964/415/1929 1036/415/1929
f 1001/420/1930 1073/420/1930 1072/418/1930
f 966/419/1929 965/417/1929 1037/417/1929
f 1002/422/1930 1074/422/1930 1073/420/1930
f 967/421/1929 966/419/1929 1038/419/1929
f 1003/424/1930 1075/424/1930 1074/422/1930
f 968/423/1929 967/421/1929 1039/421/1929
f 1004/426/1930 1076/426/1930 1075/424/1930
f 969/425/1929 968/423/1929 1040/423/1929
f 1005/428/1930 1077/428/1930 1076/426/1930
f 970/427/1929 969/425/1929 1041/425/1929
f 1006/430/1930 1078/430/1930 1077/428/1930
f 970/427/1929 1042/427/1929 1043/429/1929
f 1006/430/1930 1007/432/1930 1079/432/1930
f 971/429/1929 1043/429/1929 1044/431/1929
f 1007/432/1930 1008/434/1930 1080/434/1930
f 972/431/1929 1044/431/1929 1045/433/1929
f 1008/434/1930 1009/436/1930 1081/436/1930
f 973/433/1929 1045/433/1929 1046/435/1929
f 1009/436/1930 1010/438/1930 1082/438/1930
f 974/435/1929 1046/435/1929 1047/437/1929
f 1010/438/1930 1011/440/1930 1083/440/1930
f 975/437/1929 1047/437/1929 1048/439/1929
f 1011/440/1930 1012/442/1930 1084/442/1930
f 976/439/1929 1048/439/1929 1049/441/1929
f 1012/442/1930 1013/444/1930 1085/444/1930
f 978/443/1929 977/441/1929 1049/441/1929
f 1014/446/1930 1086/446/1930 1085/444/1930
f 979/445/1929 978/443/1929 1050/443/1929
f 1015/448/1930 1087/448/1930 1086/446/1930
f 979/445/1929 1051/445/1929 1052/447/1929
f 1015/448/1930 1016/450/1930 1088/450/1930
f 980/447/1929 1052/447/1929 1053/449/1929
f 1016/450/1930 1017/452/1930 1089/452/1930
f 982/451/1929 981/449/1929 1053/449/1929
f 1018/454/1930 1090/454/1930 1089/452/1930
f 983/453/1929 982/451/1929 1054/451/1929
f 1019/456/1930 1091/456/1930 1090/454/1930
f 984/455/1929 983/453/1929 1055/453/1929
f 1020/458/1930 1092/458/1930 1091/456/1930
f 985/457/1929 984/455/1929 1056/455/1929
f 1021/460/1930 1093/460/1930 1092/458/1930
f 986/459/1929 985/457/1929 1057/457/1929
f 1022/462/1930 1094/462/1930 1093/460/1930
f 987/461/1929 986/459/1929 1058/459/1929
f 1023/464/1930 1095/464/1930 1094/462/1930
f 988/463/1929 987/461/1929 1059/461/1929
f 1024/466/1930 1096/466/1930 1095/464/1930
f 988/463/1929 1060/463/1929 1061/465/1929
f 1024/466/1930 1025/468/1930 1097/468/1930
f 989/465/1929 1061/465/1929 1062/467/1929
f 1025/468/1930 1026/470/1930 1098/470/1930
f 990/467/1929 1062/467/1929 1063/469/1929
f 1026/470/1930 1027/472/1930 1099/472/1930
f 991/469/1929 1063/469/1929 1064/471/1929
f 1027/472/1930 1028/474/1930 1100/474/1930
f 992/471/1929 1064/471/1929 1065/473/1929
f 1028/474/1930 1029/476/1930 1101/476/1930
f 993/473/1929 1065/473/1929 1066/475/1929
f 1029/476/1930 1030/478/1930 1102/478/1930
f 994/475/1929 1066/475/1929 1067/477/1929
f 1030/478/1930 1031/480/1930 1103/480/1930
f 996/479/1929 995/477/1929 1067/477/1929
f 1032/482/1930 1104/482/1930 1103/480/1930
f 961/481/1929 996/479/1929 1068/479/1929
f 997/483/1930 1069/483/1930 1104/482/1930
g D_NeckTrim.001_D_NeckTrim.001
v 0.407000 0.799000 0.000000
v 0.401618 0.799000 -0.067640
v 0.385571 0.799000 -0.121952
v 0.359148 0.799000 -0.169667
v 0.322809 0.799000 -0.211088
v 0.277138 0.799000 -0.245874
v 0.222756 0.799000 -0.273552
v 0.160111 0.799000 -0.293678
v 0.088805 0.799000 -0.305901
v 0.000000 0.799000 -0.310000
v -0.088805 0.799000 -0.305901
v -0.160111 0.799000 -0.293678
v -0.222756 0.799000 -0.273552
v -0.277138 0.799000 -0.245874
v -0.322809 0.799000 -0.211088
v -0.359148 0.799000 -0.169667
v -0.385571 0.799000 -0.121952
v -0.401618 0.799000 -0.067640
v -0.407000 0.799000 -0.000000
v -0.401618 0.799000 0.067640
v -0.385571 0.799000 0.121952
v -0.359148 0.799000 0.169667
v -0.322809 0.799000 0.211088
v -0.277138 0.799000 0.245874
v -0.222756 0.799000 0.273552
v -0.160111 0.799000 0.293678
v -0.088805 0.799000 0.305901
v -0.000000 0.799000 0.310000
v 0.088805 0.799000 0.305901
v 0.160111 0.799000 0.293678
v 0.222756 0.799000 0.273552
v 0.277138 0.799000 0.245874
v 0.322809 0.799000 0.211088
v 0.359148 0.799000 0.169667
v 0.385571 0.799000 0.121952
v 0.401618 0.799000 0.067640
v 0.407000 0.884000 0.000000
v 0.401618 0.884000 -0.067640
v 0.385571 0.884000 -0.121952
v 0.359148 0.884000 -0.169667
v 0.322809 0.884000 -0.211088
v 0.277138 0.884000 -0.245874
v 0.222756 0.884000 -0.273552
v 0.160111 0.884000 -0.293678
v 0.088805 0.884000 -0.305901
v 0.000000 0.884000 -0.310000
v -0.088805 0.884000 -0.305901
v -0.160111 0.884000 -0.293678
v -0.222756 0.884000 -0.273552
v -0.277138 0.884000 -0.245874
v -0.322809 0.884000 -0.211088
v -0.359148 0.884000 -0.169667
v -0.385571 0.884000 -0.121952
v -0.401618 0.884000 -0.067640
v -0.407000 0.884000 -0.000000
v -0.401618 0.884000 0.067640
v -0.385571 0.884000 0.121952
v -0.359148 0.884000 0.169667
v -0.322809 0.884000 0.211088
v -0.277138 0.884000 0.245874
v -0.222756 0.884000 0.273552
v -0.160111 0.884000 0.293678
v -0.088805 0.884000 0.305901
v -0.000000 0.884000 0.310000
v 0.088805 0.884000 0.305901
v 0.160111 0.884000 0.293678
v 0.222756 0.884000 0.273552
v 0.277138 0.884000 0.245874
v 0.322809 0.884000 0.211088
v 0.359148 0.884000 0.169667
v 0.385571 0.884000 0.121952
v 0.401618 0.884000 0.067640
v 0.351856 0.799000 0.000000
v 0.347140 0.799000 -0.059276
v 0.333914 0.799000 -0.104040
v 0.312589 0.799000 -0.142548
v 0.283253 0.799000 -0.175987
v 0.245770 0.799000 -0.204537
v 0.199994 0.799000 -0.227835
v 0.145769 0.799000 -0.245255
v 0.082285 0.799000 -0.256137
v 0.000000 0.799000 -0.259936
v -0.082285 0.799000 -0.256137
v -0.145769 0.799000 -0.245255
v -0.199994 0.799000 -0.227835
v -0.245770 0.799000 -0.204537
v -0.283253 0.799000 -0.175987
v -0.312589 0.799000 -0.142548
v -0.333914 0.799000 -0.104040
v -0.347140 0.799000 -0.059276
v -0.351856 0.799000 -0.000000
v -0.347140 0.799000 0.059276
v -0.333914 0.799000 0.104040
v -0.312589 0.799000 0.142548
v -0.283253 0.799000 0.175987
v -0.245770 0.799000 0.204537
v -0.199994 0.799000 0.227835
v -0.145769 0.799000 0.245255
v -0.082285 0.799000 0.256137
v -0.000000 0.799000 0.259936
v 0.082285 0.799000 0.256137
v 0.145769 0.799000 0.245255
v 0.199994 0.799000 0.227835
v 0.245770 0.799000 0.204537
v 0.283253 0.799000 0.175987
v 0.312589 0.799000 0.142548
v 0.333914 0.799000 0.104040
v 0.347140 0.799000 0.059276
v 0.351856 0.884000 0.000000
v 0.347140 0.884000 -0.059276
v 0.333914 0.884000 -0.104040
v 0.312589 0.884000 -0.142548
v 0.283253 0.884000 -0.175987
v 0.245770 0.884000 -0.204537
v 0.199994 0.884000 -0.227835
v 0.145769 0.884000 -0.245255
v 0.082285 0.884000 -0.256137
v 0.000000 0.884000 -0.259936
v -0.082285 0.884000 -0.256137
v -0.145769 0.884000 -0.245255
v -0.199994 0.884000 -0.227835
v -0.245770 0.884000 -0.204537
v -0.283253 0.884000 -0.175987
v -0.312589 0.884000 -0.142548
v -0.333914 0.884000 -0.104040
v -0.347140 0.884000 -0.059276
v -0.351856 0.884000 -0.000000
v -0.347140 0.884000 0.059276
v -0.333914 0.884000 0.104040
v -0.312589 0.884000 0.142548
v -0.283253 0.884000 0.175987
v -0.245770 0.884000 0.204537
v -0.199994 0.884000 0.227835
v -0.145769 0.884000 0.245255
v -0.082285 0.884000 0.256137
v -0.000000 0.884000 0.259936
v 0.082285 0.884000 0.256137
v 0.145769 0.884000 0.245255
v 0.199994 0.884000 0.227835
v 0.245770 0.884000 0.204537
v 0.283253 0.884000 0.175987
v 0.312589 0.884000 0.142548
v 0.333914 0.884000 0.104040
v 0.347140 0.884000 0.059276
vn 0.9968 -0.0000 -0.0793
vn 0.9590 -0.0000 -0.2834
vn 0.8748 -0.0000 -0.4844
vn 0.7517 -0.0000 -0.6595
vn 0.6059 -0.0000 -0.7955
vn 0.4536 -0.0000 -0.8912
vn 0.3059 -0.0000 -0.9521
vn 0.1689 -0.0000 -0.9856
vn 0.0461 -0.0000 -0.9989
vn -0.0461 -0.0000 -0.9989
vn -0.1689 -0.0000 -0.9856
vn -0.3059 -0.0000 -0.9521
vn -0.4536 -0.0000 -0.8912
vn -0.6059 -0.0000 -0.7955
vn -0.7517 -0.0000 -0.6595
vn -0.8748 -0.0000 -0.4844
vn -0.9590 -0.0000 -0.2834
vn -0.9968 -0.0000 -0.0793
vn -0.9968 -0.0000 0.0793
vn -0.9590 -0.0000 0.2834
vn -0.8748 -0.0000 0.4844
vn -0.7517 -0.0000 0.6595
vn -0.6059 -0.0000 0.7955
vn -0.4536 -0.0000 0.8912
vn -0.3059 -0.0000 0.9521
vn -0.1689 -0.0000 0.9856
vn -0.0461 -0.0000 0.9989
vn 0.0461 -0.0000 0.9989
vn 0.1689 -0.0000 0.9856
vn 0.3059 -0.0000 0.9521
vn 0.4536 -0.0000 0.8912
vn 0.6059 -0.0000 0.7955
vn 0.7517 -0.0000 0.6595
vn 0.8748 -0.0000 0.4844
vn 0.9590 -0.0000 0.2834
vn 0.9968 -0.0000 0.0793
vn -0.0000 -1.0000 -0.0000
vn -0.0000 1.0000 -0.0000
vt 0.027778 0.000000
vt 0.000000 1.000000
vt 0.000000 0.000000
vt 0.055556 0.000000
vt 0.027778 1.000000
vt 0.083333 0.000000
vt 0.055556 1.000000
vt 0.111111 0.000000
vt 0.083333 1.000000
vt 0.138889 0.000000
vt 0.111111 1.000000
vt 0.166667 0.000000
vt 0.138889 1.000000
vt 0.194444 0.000000
vt 0.166667 1.000000
vt 0.222222 0.000000
vt 0.194444 1.000000
vt 0.250000 0.000000
vt 0.222222 1.000000
vt 0.277778 0.000000
vt 0.250000 1.000000
vt 0.305556 0.000000
vt 0.277778 1.000000
vt 0.333333 0.000000
vt 0.305556 1.000000
vt 0.361111 0.000000
vt 0.333333 1.000000
vt 0.388889 0.000000
vt 0.361111 1.000000
vt 0.416667 0.000000
vt 0.388889 1.000000
vt 0.444444 0.000000
vt 0.416667 1.000000
vt 0.472222 0.000000
vt 0.444444 1.000000
vt 0.500000 0.000000
vt 0.472222 1.000000
vt 0.527778 0.000000
vt 0.500000 1.000000
vt 0.555556 0.000000
vt 0.527778 1.000000
vt 0.583333 0.000000
vt 0.555556 1.000000
vt 0.611111 0.000000
vt 0.583333 1.000000
vt 0.638889 0.000000
vt 0.611111 1.000000
vt 0.666667 0.000000
vt 0.638889 1.000000
vt 0.694444 0.000000
vt 0.666667 1.000000
vt 0.722222 0.000000
vt 0.694444 1.000000
vt 0.750000 0.000000
vt 0.722222 1.000000
vt 0.777778 0.000000
vt 0.750000 1.000000
vt 0.805556 0.000000
vt 0.777778 1.000000
vt 0.833333 0.000000
vt 0.805556 1.000000
vt 0.861111 0.000000
vt 0.833333 1.000000
vt 0.888889 0.000000
vt 0.861111 1.000000
vt 0.916667 0.000000
vt 0.888889 1.000000
vt 0.944444 0.000000
vt 0.916667 1.000000
vt 0.972222 0.000000
vt 0.944444 1.000000
vt 1.000000 0.000000
vt 0.972222 1.000000
vt 1.000000 1.000000
s 0
g D_NeckTrim.001_black_robe_trim
usemtl black_robe_trim
f 1106/484/1931 1141/485/1931 1105/486/1931
f 1107/487/1932 1142/488/1932 1106/484/1932
f 1108/489/1933 1143/490/1933 1107/487/1933
f 1109/491/1934 1144/492/1934 1108/489/1934
f 1110/493/1935 1145/494/1935 1109/491/1935
f 1111/495/1936 1146/496/1936 1110/493/1936
f 1112/497/1937 1147/498/1937 1111/495/1937
f 1113/499/1938 1148/500/1938 1112/497/1938
f 1114/501/1939 1149/502/1939 1113/499/1939
f 1115/503/1940 1150/504/1940 1114/501/1940
f 1116/505/1941 1151/506/1941 1115/503/1941
f 1117/507/1942 1152/508/1942 1116/505/1942
f 1118/509/1943 1153/510/1943 1117/507/1943
f 1119/511/1944 1154/512/1944 1118/509/1944
f 1120/513/1945 1155/514/1945 1119/511/1945
f 1121/515/1946 1156/516/1946 1120/513/1946
f 1122/517/1947 1157/518/1947 1121/515/1947
f 1123/519/1948 1158/520/1948 1122/517/1948
f 1124/521/1949 1159/522/1949 1123/519/1949
f 1125/523/1950 1160/524/1950 1124/521/1950
f 1126/525/1951 1161/526/1951 1125/523/1951
f 1127/527/1952 1162/528/1952 1126/525/1952
f 1128/529/1953 1163/530/1953 1127/527/1953
f 1129/531/1954 1164/532/1954 1128/529/1954
f 1130/533/1955 1165/534/1955 1129/531/1955
f 1131/535/1956 1166/536/1956 1130/533/1956
f 1132/537/1957 1167/538/1957 1131/535/1957
f 1133/539/1958 1168/540/1958 1132/537/1958
f 1134/541/1959 1169/542/1959 1133/539/1959
f 1135/543/1960 1170/544/1960 1134/541/1960
f 1136/545/1961 1171/546/1961 1135/543/1961
f 1137/547/1962 1172/548/1962 1136/545/1962
f 1138/549/1963 1173/550/1963 1137/547/1963
f 1139/551/1964 1174/552/1964 1138/549/1964
f 1140/553/1965 1175/554/1965 1139/551/1965
f 1105/555/1966 1176/556/1966 1140/553/1966
f 1213/485/1949 1178/484/1949 1177/486/1949
f 1214/488/1950 1179/487/1950 1178/484/1950
f 1215/490/1951 1180/489/1951 1179/487/1951
f 1216/492/1952 1181/491/1952 1180/489/1952
f 1217/494/1953 1182/493/1953 1181/491/1953
f 1218/496/1954 1183/495/1954 1182/493/1954
f 1219/498/1955 1184/497/1955 1183/495/1955
f 1220/500/1956 1185/499/1956 1184/497/1956
f 1221/502/1957 1186/501/1957 1185/499/1957
f 1222/504/1958 1187/503/1958 1186/501/1958
f 1223/506/1959 1188/505/1959 1187/503/1959
f 1224/508/1960 1189/507/1960 1188/505/1960
f 1225/510/1961 1190/509/1961 1189/507/1961
f 1226/512/1962 1191/511/1962 1190/509/1962
f 1227/514/1963 1192/513/1963 1191/511/1963
f 1228/516/1964 1193/515/1964 1192/513/1964
f 1229/518/1965 1194/517/1965 1193/515/1965
f 1230/520/1966 1195/519/1966 1194/517/1966
f 1231/522/1931 1196/521/1931 1195/519/1931
f 1232/524/1932 1197/523/1932 1196/521/1932
f 1233/526/1933 1198/525/1933 1197/523/1933
f 1234/528/1934 1199/527/1934 1198/525/1934
f 1235/530/1935 1200/529/1935 1199/527/1935
f 1236/532/1936 1201/531/1936 1200/529/1936
f 1237/534/1937 1202/533/1937 1201/531/1937
f 1238/536/1938 1203/535/1938 1202/533/1938
f 1239/538/1939 1204/537/1939 1203/535/1939
f 1240/540/1940 1205/539/1940 1204/537/1940
f 1241/542/1941 1206/541/1941 1205/539/1941
f 1242/544/1942 1207/543/1942 1206/541/1942
f 1243/546/1943 1208/545/1943 1207/543/1943
f 1244/548/1944 1209/547/1944 1208/545/1944
f 1245/550/1945 1210/549/1945 1209/547/1945
f 1246/552/1946 1211/551/1946 1210/549/1946
f 1247/554/1947 1212/553/1947 1211/551/1947
f 1248/556/1948 1177/555/1948 1212/553/1948
f 1105/486/1967 1178/484/1967 1106/484/1967
f 1141/485/1968 1214/488/1968 1213/485/1968
f 1106/484/1967 1179/487/1967 1107/487/1967
f 1142/488/1968 1215/490/1968 1214/488/1968
f 1107/487/1967 1180/489/1967 1108/489/1967
f 1143/490/1968 1216/492/1968 1215/490/1968
f 1109/491/1967 1180/489/1967 1181/491/1967
f 1145/494/1968 1216/492/1968 1144/492/1968
f 1110/493/1967 1181/491/1967 1182/493/1967
f 1146/496/1968 1217/494/1968 1145/494/1968
f 1111/495/1967 1182/493/1967 1183/495/1967
f 1147/498/1968 1218/496/1968 1146/496/1968
f 1112/497/1967 1183/495/1967 1184/497/1967
f 1148/500/1968 1219/498/1968 1147/498/1968
f 1113/499/1967 1184/497/1967 1185/499/1967
f 1149/502/1968 1220/500/1968 1148/500/1968
f 1114/501/1967 1185/499/1967 1186/501/1967
f 1150/504/1968 1221/502/1968 1149/502/1968
f 1114/501/1967 1187/503/1967 1115/503/1967
f 1150/504/1968 1223/506/1968 1222/504/1968
f 1115/503/1967 1188/505/1967 1116/505/1967
f 1151/506/1968 1224/508/1968 1223/506/1968
f 1116/505/1967 1189/507/1967 1117/507/1967
f 1152/508/1968 1225/510/1968 1224/508/1968
f 1117/507/1967 1190/509/1967 1118/509/1967
f 1153/510/1968 1226/512/1968 1225/510/1968
f 1118/509/1967 1191/511/1967 1119/511/1967
f 1154/512/1968 1227/514/1968 1226/512/1968
f 1119/511/1967 1192/513/1967 1120/513/1967
f 1155/514/1968 1228/516/1968 1227/514/1968
f 1121/515/1967 1192/513/1967 1193/515/1967
f 1157/518/1968 1228/516/1968 1156/516/1968
f 1122/517/1967 1193/515/1967 1194/517/1967
f 1158/520/1968 1229/518/1968 1157/518/1968
f 1123/519/1967 1194/517/1967 1195/519/1967
f 1159/522/1968 1230/520/1968 1158/520/1968
f 1123/519/1967 1196/521/1967 1124/521/1967
f 1159/522/1968 1232/524/1968 1231/522/1968
f 1124/521/1967 1197/523/1967 1125/523/1967
f 1160/524/1968 1233/526/1968 1232/524/1968
f 1125/523/1967 1198/525/1967 1126/525/1967
f 1161/526/1968 1234/528/1968 1233/526/1968
f 1127/527/1967 1198/525/1967 1199/527/1967
f 1163/530/1968 1234/528/1968 1162/528/1968
f 1128/529/1967 1199/527/1967 1200/529/1967
f 1164/532/1968 1235/530/1968 1163/530/1968
f 1129/531/1967 1200/529/1967 1201/531/1967
f 1165/534/1968 1236/532/1968 1164/532/1968
f 1130/533/1967 1201/531/1967 1202/533/1967
f 1166/536/1968 1237/534/1968 1165/534/1968
f 1131/535/1967 1202/533/1967 1203/535/1967
f 1167/538/1968 1238/536/1968 1166/536/1968
f 1132/537/1967 1203/535/1967 1204/537/1967
f 1168/540/1968 1239/538/1968 1167/538/1968
f 1132/537/1967 1205/539/1967 1133/539/1967
f 1168/540/1968 1241/542/1968 1240/540/1968
f 1133/539/1967 1206/541/1967 1134/541/1967
f 1169/542/1968 1242/544/1968 1241/542/1968
f 1134/541/1967 1207/543/1967 1135/543/1967
f 1170/544/1968 1243/546/1968 1242/544/1968
f 1135/543/1967 1208/545/1967 1136/545/1967
f 1171/546/1968 1244/548/1968 1243/546/1968
f 1136/545/1967 1209/547/1967 1137/547/1967
f 1172/548/1968 1245/550/1968 1244/548/1968
f 1137/547/1967 1210/549/1967 1138/549/1967
f 1173/550/1968 1246/552/1968 1245/550/1968
f 1139/551/1967 1210/549/1967 1211/551/1967
f 1175/554/1968 1246/552/1968 1174/552/1968
f 1140/553/1967 1211/551/1967 1212/553/1967
f 1176/556/1968 1247/554/1968 1175/554/1968
f 1105/555/1967 1212/553/1967 1177/555/1967
f 1141/557/1968 1248/556/1968 1176/556/1968
f 1106/484/1931 1142/488/1931 1141/485/1931
f 1107/487/1932 1143/490/1932 1142/488/1932
f 1108/489/1933 1144/492/1933 1143/490/1933
f 1109/491/1934 1145/494/1934 1144/492/1934
f 1110/493/1935 1146/496/1935 1145/494/1935
f 1111/495/1936 1147/498/1936 1146/496/1936
f 1112/497/1937 1148/500/1937 1147/498/1937
f 1113/499/1938 1149/502/1938 1148/500/1938
f 1114/501/1939 1150/504/1939 1149/502/1939
f 1115/503/1940 1151/506/1940 1150/504/1940
f 1116/505/1941 1152/508/1941 1151/506/1941
f 1117/507/1942 1153/510/1942 1152/508/1942
f 1118/509/1943 1154/512/1943 1153/510/1943
f 1119/511/1944 1155/514/1944 1154/512/1944
f 1120/513/1945 1156/516/1945 1155/514/1945
f 1121/515/1946 1157/518/1946 1156/516/1946
f 1122/517/1947 1158/520/1947 1157/518/1947
f 1123/519/1948 1159/522/1948 1158/520/1948
f 1124/521/1949 1160/524/1949 1159/522/1949
f 1125/523/1950 1161/526/1950 1160/524/1950
f 1126/525/1951 1162/528/1951 1161/526/1951
f 1127/527/1952 1163/530/1952 1162/528/1952
f 1128/529/1953 1164/532/1953 1163/530/1953
f 1129/531/1954 1165/534/1954 1164/532/1954
f 1130/533/1955 1166/536/1955 1165/534/1955
f 1131/535/1956 1167/538/1956 1166/536/1956
f 1132/537/1957 1168/540/1957 1167/538/1957
f 1133/539/1958 1169/542/1958 1168/540/1958
f 1134/541/1959 1170/544/1959 1169/542/1959
f 1135/543/1960 1171/546/1960 1170/544/1960
f 1136/545/1961 1172/548/1961 1171/546/1961
f 1137/547/1962 1173/550/1962 1172/548/1962
f 1138/549/1963 1174/552/1963 1173/550/1963
f 1139/551/1964 1175/554/1964 1174/552/1964
f 1140/553/1965 1176/556/1965 1175/554/1965
f 1105/555/1966 1141/557/1966 1176/556/1966
f 1213/485/1949 1214/488/1949 1178/484/1949
f 1214/488/1950 1215/490/1950 1179/487/1950
f 1215/490/1951 1216/492/1951 1180/489/1951
f 1216/492/1952 1217/494/1952 1181/491/1952
f 1217/494/1953 1218/496/1953 1182/493/1953
f 1218/496/1954 1219/498/1954 1183/495/1954
f 1219/498/1955 1220/500/1955 1184/497/1955
f 1220/500/1956 1221/502/1956 1185/499/1956
f 1221/502/1957 1222/504/1957 1186/501/1957
f 1222/504/1958 1223/506/1958 1187/503/1958
f 1223/506/1959 1224/508/1959 1188/505/1959
f 1224/508/1960 1225/510/1960 1189/507/1960
f 1225/510/1961 1226/512/1961 1190/509/1961
f 1226/512/1962 1227/514/1962 1191/511/1962
f 1227/514/1963 1228/516/1963 1192/513/1963
f 1228/516/1964 1229/518/1964 1193/515/1964
f 1229/518/1965 1230/520/1965 1194/517/1965
f 1230/520/1966 1231/522/1966 1195/519/1966
f 1231/522/1931 1232/524/1931 1196/521/1931
f 1232/524/1932 1233/526/1932 1197/523/1932
f 1233/526/1933 1234/528/1933 1198/525/1933
f 1234/528/1934 1235/530/1934 1199/527/1934
f 1235/530/1935 1236/532/1935 1200/529/1935
f 1236/532/1936 1237/534/1936 1201/531/1936
f 1237/534/1937 1238/536/1937 1202/533/1937
f 1238/536/1938 1239/538/1938 1203/535/1938
f 1239/538/1939 1240/540/1939 1204/537/1939
f 1240/540/1940 1241/542/1940 1205/539/1940
f 1241/542/1941 1242/544/1941 1206/541/1941
f 1242/544/1942 1243/546/1942 1207/543/1942
f 1243/546/1943 1244/548/1943 1208/545/1943
f 1244/548/1944 1245/550/1944 1209/547/1944
f 1245/550/1945 1246/552/1945 1210/549/1945
f 1246/552/1946 1247/554/1946 1211/551/1946
f 1247/554/1947 1248/556/1947 1212/553/1947
f 1248/556/1948 1213/557/1948 1177/555/1948
f 1105/486/1967 1177/486/1967 1178/484/1967
f 1141/485/1968 1142/488/1968 1214/488/1968
f 1106/484/1967 1178/484/1967 1179/487/1967
f 1142/488/1968 1143/490/1968 1215/490/1968
f 1107/487/1967 1179/487/1967 1180/489/1967
f 1143/490/1968 1144/492/1968 1216/492/1968
f 1109/491/1967 1108/489/1967 1180/489/1967
f 1145/494/1968 1217/494/1968 1216/492/1968
f 1110/493/1967 1109/491/1967 1181/491/1967
f 1146/496/1968 1218/496/1968 1217/494/1968
f 1111/495/1967 1110/493/1967 1182/493/1967
f 1147/498/1968 1219/498/1968 1218/496/1968
f 1112/497/1967 1111/495/1967 1183/495/1967
f 1148/500/1968 1220/500/1968 1219/498/1968
f 1113/499/1967 1112/497/1967 1184/497/1967
f 1149/502/1968 1221/502/1968 1220/500/1968
f 1114/501/1967 1113/499/1967 1185/499/1967
f 1150/504/1968 1222/504/1968 1221/502/1968
f 1114/501/1967 1186/501/1967 1187/503/1967
f 1150/504/1968 1151/506/1968 1223/506/1968
f 1115/503/1967 1187/503/1967 1188/505/1967
f 1151/506/1968 1152/508/1968 1224/508/1968
f 1116/505/1967 1188/505/1967 1189/507/1967
f 1152/508/1968 1153/510/1968 1225/510/1968
f 1117/507/1967 1189/507/1967 1190/509/1967
f 1153/510/1968 1154/512/1968 1226/512/1968
f 1118/509/1967 1190/509/1967 1191/511/1967
f 1154/512/1968 1155/514/1968 1227/514/1968
f 1119/511/1967 1191/511/1967 1192/513/1967
f 1155/514/1968 1156/516/1968 1228/516/1968
f 1121/515/1967 1120/513/1967 1192/513/1967
f 1157/518/1968 1229/518/1968 1228/516/1968
f 1122/517/1967 1121/515/1967 1193/515/1967
f 1158/520/1968 1230/520/1968 1229/518/1968
f 1123/519/1967 1122/517/1967 1194/517/1967
f 1159/522/1968 1231/522/1968 1230/520/1968
f 1123/519/1967 1195/519/1967 1196/521/1967
f 1159/522/1968 1160/524/1968 1232/524/1968
f 1124/521/1967 1196/521/1967 1197/523/1967
f 1160/524/1968 1161/526/1968 1233/526/1968
f 1125/523/1967 1197/523/1967 1198/525/1967
f 1161/526/1968 1162/528/1968 1234/528/1968
f 1127/527/1967 1126/525/1967 1198/525/1967
f 1163/530/1968 1235/530/1968 1234/528/1968
f 1128/529/1967 1127/527/1967 1199/527/1967
f 1164/532/1968 1236/532/1968 1235/530/1968
f 1129/531/1967 1128/529/1967 1200/529/1967
f 1165/534/1968 1237/534/1968 1236/532/1968
f 1130/533/1967 1129/531/1967 1201/531/1967
f 1166/536/1968 1238/536/1968 1237/534/1968
f 1131/535/1967 1130/533/1967 1202/533/1967
f 1167/538/1968 1239/538/1968 1238/536/1968
f 1132/537/1967 1131/535/1967 1203/535/1967
f 1168/540/1968 1240/540/1968 1239/538/1968
f 1132/537/1967 1204/537/1967 1205/539/1967
f 1168/540/1968 1169/542/1968 1241/542/1968
f 1133/539/1967 1205/539/1967 1206/541/1967
f 1169/542/1968 1170/544/1968 1242/544/1968
f 1134/541/1967 1206/541/1967 1207/543/1967
f 1170/544/1968 1171/546/1968 1243/546/1968
f 1135/543/1967 1207/543/1967 1208/545/1967
f 1171/546/1968 1172/548/1968 1244/548/1968
f 1136/545/1967 1208/545/1967 1209/547/1967
f 1172/548/1968 1173/550/1968 1245/550/1968
f 1137/547/1967 1209/547/1967 1210/549/1967
f 1173/550/1968 1174/552/1968 1246/552/1968
f 1139/551/1967 1138/549/1967 1210/549/1967
f 1175/554/1968 1247/554/1968 1246/552/1968
f 1140/553/1967 1139/551/1967 1211/551/1967
f 1176/556/1968 1248/556/1968 1247/554/1968
f 1105/555/1967 1140/553/1967 1212/553/1967
f 1141/557/1968 1213/557/1968 1248/556/1968
g F_Collar.001_F_Collar.001
v 0.683100 1.071000 0.000000
v 0.663647 1.071000 -0.142654
v 0.605936 1.071000 -0.246942
v 0.511747 1.071000 -0.329628
v 0.383377 1.071000 -0.390297
v 0.221470 1.071000 -0.427470
v 0.000000 1.071000 -0.440000
v -0.221470 1.071000 -0.427470
v -0.383377 1.071000 -0.390297
v -0.511747 1.071000 -0.329628
v -0.605936 1.071000 -0.246942
v -0.663647 1.071000 -0.142654
v -0.683100 1.071000 -0.000000
v -0.663647 1.071000 0.142654
v -0.605936 1.071000 0.246942
v -0.511747 1.071000 0.329628
v -0.383377 1.071000 0.390297
v -0.221470 1.071000 0.427470
v -0.000000 1.071000 0.440000
v 0.221470 1.071000 0.427470
v 0.383377 1.071000 0.390297
v 0.511747 1.071000 0.329628
v 0.605936 1.071000 0.246942
v 0.663647 1.071000 0.142654
v 0.594000 1.451800 0.000000
v 0.575571 1.451800 -0.109454
v 0.521190 1.451800 -0.199163
v 0.433466 1.451800 -0.272923
v 0.316317 1.451800 -0.328157
v 0.173839 1.451800 -0.362397
v 0.000000 1.451800 -0.374000
v -0.173839 1.451800 -0.362397
v -0.316317 1.451800 -0.328157
v -0.433466 1.451800 -0.272923
v -0.521190 1.451800 -0.199163
v -0.575571 1.451800 -0.109454
v -0.594000 1.451800 -0.000000
v -0.575571 1.451800 0.109454
v -0.521190 1.451800 0.199163
v -0.433466 1.451800 0.272923
v -0.316317 1.451800 0.328157
v -0.173839 1.451800 0.362397
v -0.000000 1.451800 0.374000
v 0.173839 1.451800 0.362397
v 0.316317 1.451800 0.328157
v 0.433466 1.451800 0.272923
v 0.521190 1.451800 0.199163
v 0.575571 1.451800 0.109454
v 0.920700 1.666000 0.000000
v 0.892135 1.666000 -0.160962
v 0.807845 1.666000 -0.292886
v 0.671872 1.666000 -0.401357
v 0.490292 1.666000 -0.482583
v 0.269450 1.666000 -0.532936
v 0.000000 1.666000 -0.550000
v -0.269450 1.666000 -0.532936
v -0.490292 1.666000 -0.482583
v -0.671872 1.666000 -0.401357
v -0.807845 1.666000 -0.292886
v -0.892135 1.666000 -0.160962
v -0.920700 1.666000 -0.000000
v -0.892135 1.666000 0.160962
v -0.807845 1.666000 0.292886
v -0.671872 1.666000 0.401357
v -0.490292 1.666000 0.482583
v -0.269450 1.666000 0.532936
v -0.000000 1.666000 0.550000
v 0.269450 1.666000 0.532936
v 0.490292 1.666000 0.482583
v 0.671872 1.666000 0.401357
v 0.807845 1.666000 0.292886
v 0.892135 1.666000 0.160962
v 0.609743 1.059733 0.000000
v 0.592632 1.058984 -0.128567
v 0.543821 1.057940 -0.218109
v 0.463789 1.057630 -0.288729
v 0.352144 1.058181 -0.341314
v 0.207005 1.059213 -0.374283
v 0.000000 1.059839 -0.385793
v -0.207005 1.059213 -0.374283
v -0.352144 1.058181 -0.341314
v -0.463789 1.057630 -0.288729
v -0.543821 1.057940 -0.218109
v -0.592632 1.058984 -0.128567
v -0.609743 1.059733 -0.000000
v -0.592632 1.058984 0.128567
v -0.543821 1.057940 0.218109
v -0.463789 1.057630 0.288729
v -0.352144 1.058181 0.341314
v -0.207005 1.059213 0.374283
v -0.000000 1.059839 0.385793
v 0.207005 1.059213 0.374283
v 0.352144 1.058181 0.341314
v 0.463789 1.057630 0.288729
v 0.543821 1.057940 0.218109
v 0.592632 1.058984 0.128567
v 0.512775 1.476413 0.000000
v 0.496648 1.476217 -0.093466
v 0.451995 1.474784 -0.166021
v 0.380715 1.472910 -0.226169
v 0.282810 1.471307 -0.273169
v 0.158785 1.470376 -0.303866
v 0.000000 1.469970 -0.314852
v -0.158785 1.470376 -0.303866
v -0.282810 1.471307 -0.273169
v -0.380715 1.472910 -0.226169
v -0.451995 1.474784 -0.166021
v -0.496648 1.476217 -0.093466
v -0.512775 1.476413 -0.000000
v -0.496648 1.476217 0.093466
v -0.451995 1.474784 0.166021
v -0.380715 1.472910 0.226169
v -0.282810 1.471307 0.273169
v -0.158785 1.470376 0.303866
v -0.000000 1.469970 0.314852
v 0.158785 1.470376 0.303866
v 0.282810 1.471307 0.273169
v 0.380715 1.472910 0.226169
v 0.451995 1.474784 0.166021
v 0.496648 1.476217 0.093466
v 0.873475 1.712170 0.000000
v 0.846378 1.712065 -0.151344
v 0.766872 1.711254 -0.273241
v 0.638803 1.709764 -0.372732
v 0.467550 1.707943 -0.447024
v 0.258304 1.706373 -0.493128
v 0.000000 1.705659 -0.508843
v -0.258304 1.706373 -0.493128
v -0.467550 1.707943 -0.447024
v -0.638803 1.709764 -0.372732
v -0.766872 1.711254 -0.273241
v -0.846378 1.712065 -0.151344
v -0.873475 1.712170 -0.000000
v -0.846378 1.712065 0.151344
v -0.766872 1.711254 0.273241
v -0.638803 1.709764 0.372732
v -0.467550 1.707943 0.447024
v -0.258304 1.706373 0.493128
v -0.000000 1.705659 0.508843
v 0.258304 1.706373 0.493128
v 0.467550 1.707943 0.447024
v 0.638803 1.709764 0.372732
v 0.766872 1.711254 0.273241
v 0.846378 1.712065 0.151344
vn 0.9609 0.2248 -0.1618
vn 0.8310 0.2361 -0.5037
vn 0.6259 0.2327 -0.7444
vn 0.4171 0.2172 -0.8825
vn 0.2195 0.1947 -0.9560
vn 0.0556 0.1749 -0.9830
vn -0.0656 0.1704 -0.9832
vn -0.2293 0.1918 -0.9543
vn -0.4163 0.2174 -0.8829
vn -0.6404 0.2403 -0.7295
vn -0.8477 0.2475 -0.4691
vn -0.9633 0.2342 -0.1314
vn -0.9609 0.2248 0.1618
vn -0.8310 0.2361 0.5037
vn -0.6259 0.2327 0.7444
vn -0.4171 0.2172 0.8825
vn -0.2195 0.1947 0.9560
vn -0.0556 0.1749 0.9830
vn 0.0656 0.1704 0.9832
vn 0.2293 0.1918 0.9543
vn 0.4163 0.2174 0.8829
vn 0.6404 0.2403 0.7295
vn 0.8477 0.2475 0.4691
vn 0.9633 0.2342 0.1314
vn 0.5457 -0.8323 -0.0968
vn 0.4957 -0.8087 -0.3167
vn 0.4039 -0.7620 -0.5063
vn 0.2885 -0.7077 -0.6449
vn 0.1666 -0.6621 -0.7307
vn 0.0488 -0.6354 -0.7707
vn -0.0515 -0.6340 -0.7716
vn -0.1756 -0.6600 -0.7305
vn -0.3018 -0.7066 -0.6401
vn -0.4171 -0.7616 -0.4960
vn -0.5039 -0.8080 -0.3054
vn -0.5477 -0.8316 -0.0922
vn -0.5457 -0.8323 0.0968
vn -0.4957 -0.8087 0.3167
vn -0.4039 -0.7620 0.5063
vn -0.2885 -0.7077 0.6449
vn -0.1666 -0.6621 0.7307
vn -0.0488 -0.6354 0.7707
vn 0.0515 -0.6340 0.7716
vn 0.1756 -0.6600 0.7305
vn 0.3018 -0.7066 0.6401
vn 0.4171 -0.7616 0.4960
vn 0.5039 -0.8080 0.3054
vn 0.5477 -0.8316 0.0922
vn -0.9639 -0.2326 0.1296
vn -0.8499 -0.2455 0.4662
vn -0.6421 -0.2382 0.7287
vn -0.4169 -0.2164 0.8828
vn -0.2186 -0.1944 0.9563
vn -0.0552 -0.1748 0.9831
vn 0.0552 -0.1748 0.9831
vn 0.2186 -0.1944 0.9563
vn 0.4169 -0.2164 0.8828
vn 0.6421 -0.2382 0.7287
vn 0.8499 -0.2455 0.4662
vn 0.9639 -0.2326 0.1296
vn 0.9639 -0.2326 -0.1296
vn 0.8499 -0.2455 -0.4662
vn 0.6421 -0.2382 -0.7287
vn 0.4169 -0.2164 -0.8828
vn 0.2186 -0.1944 -0.9563
vn 0.0552 -0.1748 -0.9831
vn -0.0552 -0.1748 -0.9831
vn -0.2186 -0.1944 -0.9563
vn -0.4169 -0.2164 -0.8828
vn -0.6421 -0.2382 -0.7287
vn -0.8499 -0.2455 -0.4662
vn -0.9639 -0.2326 -0.1296
vn -0.5462 0.8326 0.0925
vn -0.5071 0.8095 0.2961
vn -0.4274 0.7644 0.4827
vn -0.3145 0.7092 0.6310
vn -0.1849 0.6611 0.7271
vn -0.0550 0.6345 0.7709
vn 0.0550 0.6345 0.7709
vn 0.1849 0.6611 0.7271
vn 0.3145 0.7092 0.6310
vn 0.4274 0.7644 0.4827
vn 0.5071 0.8095 0.2961
vn 0.5462 0.8326 0.0925
vn 0.5462 0.8326 -0.0925
vn 0.5071 0.8095 -0.2961
vn 0.4274 0.7644 -0.4827
vn 0.3145 0.7092 -0.6310
vn 0.1849 0.6611 -0.7271
vn 0.0550 0.6345 -0.7709
vn -0.0550 0.6345 -0.7709
vn -0.1849 0.6611 -0.7271
vn -0.3145 0.7092 -0.6310
vn -0.4274 0.7644 -0.4827
vn -0.5071 0.8095 -0.2961
vn -0.5462 0.8326 -0.0925
vn 0.1625 -0.9865 -0.0222
vn 0.1643 -0.9822 -0.0909
vn 0.1383 -0.9778 -0.1575
vn 0.0888 -0.9760 -0.1988
vn 0.0398 -0.9778 -0.2059
vn 0.0082 -0.9794 -0.2016
vn -0.0121 -0.9769 -0.2132
vn -0.0510 -0.9737 -0.2223
vn -0.0968 -0.9740 -0.2049
vn -0.1362 -0.9792 -0.1501
vn -0.1526 -0.9857 -0.0717
vn -0.1518 -0.9883 -0.0145
vn -0.1625 -0.9865 0.0222
vn -0.1643 -0.9822 0.0909
vn -0.1383 -0.9778 0.1575
vn -0.0888 -0.9760 0.1988
vn -0.0398 -0.9778 0.2059
vn -0.0082 -0.9794 0.2016
vn 0.0121 -0.9769 0.2132
vn 0.0510 -0.9737 0.2223
vn 0.0968 -0.9740 0.2049
vn 0.1362 -0.9792 0.1501
vn 0.1526 -0.9857 0.0717
vn 0.1518 -0.9883 0.0145
vn 0.6936 0.7095 -0.1247
vn 0.6111 0.6886 -0.3905
vn 0.4626 0.6706 -0.5799
vn 0.3027 0.6713 -0.6766
vn 0.1614 0.6877 -0.7079
vn 0.0447 0.7076 -0.7052
vn -0.0402 0.7195 -0.6933
vn -0.1454 0.7147 -0.6841
vn -0.2762 0.7043 -0.6540
vn -0.4334 0.6993 -0.5684
vn -0.5917 0.7052 -0.3906
vn -0.6912 0.7122 -0.1227
vn -0.6936 0.7095 0.1247
vn -0.6111 0.6886 0.3905
vn -0.4626 0.6706 0.5799
vn -0.3027 0.6713 0.6766
vn -0.1614 0.6877 0.7079
vn -0.0447 0.7076 0.7052
vn 0.0402 0.7195 0.6933
vn 0.1454 0.7147 0.6841
vn 0.2762 0.7043 0.6540
vn 0.4334 0.6993 0.5684
vn 0.5917 0.7052 0.3906
vn 0.6912 0.7122 0.1227
vn 0.9633 0.2342 -0.1314
vn 0.8477 0.2475 -0.4691
vn 0.6404 0.2403 -0.7295
vn 0.4163 0.2174 -0.8829
vn 0.2293 0.1918 -0.9543
vn 0.0656 0.1704 -0.9832
vn -0.0556 0.1749 -0.9830
vn -0.2195 0.1947 -0.9560
vn -0.4171 0.2172 -0.8825
vn -0.6259 0.2327 -0.7444
vn -0.8310 0.2361 -0.5037
vn -0.9609 0.2248 -0.1618
vn -0.9633 0.2342 0.1314
vn -0.8477 0.2475 0.4691
vn -0.6404 0.2403 0.7295
vn -0.4163 0.2174 0.8829
vn -0.2293 0.1918 0.9543
vn -0.0656 0.1704 0.9832
vn 0.0556 0.1749 0.9830
vn 0.2195 0.1947 0.9560
vn 0.4171 0.2172 0.8825
vn 0.6259 0.2327 0.7444
vn 0.8310 0.2361 0.5037
vn 0.9609 0.2248 0.1618
vn 0.5477 -0.8316 -0.0922
vn 0.5039 -0.8080 -0.3054
vn 0.4171 -0.7616 -0.4960
vn 0.3018 -0.7066 -0.6401
vn 0.1756 -0.6600 -0.7305
vn 0.0515 -0.6340 -0.7716
vn -0.0488 -0.6354 -0.7707
vn -0.1666 -0.6621 -0.7307
vn -0.2885 -0.7077 -0.6449
vn -0.4039 -0.7620 -0.5063
vn -0.4957 -0.8087 -0.3167
vn -0.5457 -0.8323 -0.0968
vn -0.5477 -0.8316 0.0922
vn -0.5039 -0.8080 0.3054
vn -0.4171 -0.7616 0.4960
vn -0.3018 -0.7066 0.6401
vn -0.1756 -0.6600 0.7305
vn -0.0515 -0.6340 0.7716
vn 0.0488 -0.6354 0.7707
vn 0.1666 -0.6621 0.7307
vn 0.2885 -0.7077 0.6449
vn 0.4039 -0.7620 0.5063
vn 0.4957 -0.8087 0.3167
vn 0.5457 -0.8323 0.0968
vn -0.9604 -0.2235 0.1662
vn -0.8261 -0.2332 0.5130
vn -0.6240 -0.2307 0.7466
vn -0.4197 -0.2159 0.8816
vn -0.2345 -0.1908 0.9532
vn -0.0676 -0.1701 0.9831
vn 0.0676 -0.1701 0.9831
vn 0.2345 -0.1908 0.9532
vn 0.4197 -0.2159 0.8816
vn 0.6240 -0.2307 0.7466
vn 0.8261 -0.2332 0.5130
vn 0.9604 -0.2235 0.1662
vn 0.9604 -0.2235 -0.1662
vn 0.8261 -0.2332 -0.5130
vn 0.6240 -0.2307 -0.7466
vn 0.4197 -0.2159 -0.8816
vn 0.2345 -0.1908 -0.9532
vn 0.0676 -0.1701 -0.9831
vn -0.0676 -0.1701 -0.9831
vn -0.2345 -0.1908 -0.9532
vn -0.4197 -0.2159 -0.8816
vn -0.6240 -0.2307 -0.7466
vn -0.8261 -0.2332 -0.5130
vn -0.9604 -0.2235 -0.1662
vn -0.5445 0.8331 0.0969
vn -0.4938 0.8099 0.3167
vn -0.4015 0.7638 0.5054
vn -0.2865 0.7102 0.6431
vn -0.1655 0.6646 0.7287
vn -0.0486 0.6373 0.7691
vn 0.0486 0.6373 0.7691
vn 0.1655 0.6646 0.7287
vn 0.2865 0.7102 0.6431
vn 0.4015 0.7638 0.5054
vn 0.4938 0.8099 0.3167
vn 0.5445 0.8331 0.0969
vn 0.5445 0.8331 -0.0969
vn 0.4938 0.8099 -0.3167
vn 0.4015 0.7638 -0.5054
vn 0.2865 0.7102 -0.6431
vn 0.1655 0.6646 -0.7287
vn 0.0486 0.6373 -0.7691
vn -0.0486 0.6373 -0.7691
vn -0.1655 0.6646 -0.7287
vn -0.2865 0.7102 -0.6431
vn -0.4015 0.7638 -0.5054
vn -0.4938 0.8099 -0.3167
vn -0.5445 0.8331 -0.0969
vn 0.1518 -0.9883 -0.0145
vn 0.1526 -0.9857 -0.0717
vn 0.1362 -0.9792 -0.1501
vn 0.0968 -0.9740 -0.2049
vn 0.0510 -0.9737 -0.2223
vn 0.0121 -0.9769 -0.2132
vn -0.0082 -0.9794 -0.2016
vn -0.0398 -0.9778 -0.2059
vn -0.0888 -0.9760 -0.1988
vn -0.1383 -0.9778 -0.1575
vn -0.1643 -0.9822 -0.0909
vn -0.1625 -0.9865 -0.0222
vn -0.1518 -0.9883 0.0145
vn -0.1526 -0.9857 0.0717
vn -0.1362 -0.9792 0.1501
vn -0.0968 -0.9740 0.2049
vn -0.0510 -0.9737 0.2223
vn -0.0121 -0.9769 0.2132
vn 0.0082 -0.9794 0.2016
vn 0.0398 -0.9778 0.2059
vn 0.0888 -0.9760 0.1988
vn 0.1383 -0.9778 0.1575
vn 0.1643 -0.9822 0.0909
vn 0.1625 -0.9865 0.0222
vn 0.6912 0.7122 -0.1227
vn 0.5917 0.7052 -0.3906
vn 0.4334 0.6993 -0.5684
vn 0.2762 0.7043 -0.6540
vn 0.1454 0.7147 -0.6841
vn 0.0402 0.7195 -0.6933
vn -0.0447 0.7076 -0.7052
vn -0.1614 0.6877 -0.7079
vn -0.3027 0.6713 -0.6766
vn -0.4626 0.6706 -0.5799
vn -0.6111 0.6886 -0.3905
vn -0.6936 0.7095 -0.1247
vn -0.6912 0.7122 0.1227
vn -0.5917 0.7052 0.3906
vn -0.4334 0.6993 0.5684
vn -0.2762 0.7043 0.6540
vn -0.1454 0.7147 0.6841
vn -0.0402 0.7195 0.6933
vn 0.0447 0.7076 0.7052
vn 0.1614 0.6877 0.7079
vn 0.3027 0.6713 0.6766
vn 0.4626 0.6706 0.5799
vn 0.6111 0.6886 0.3905
vn 0.6936 0.7095 0.1247
vt 0.000000 0.000000
vt 0.041667 0.500000
vt 0.000000 0.500000
vt 0.041667 0.000000
vt 0.083333 0.500000
vt 0.083333 0.000000
vt 0.125000 0.500000
vt 0.166667 0.000000
vt 0.125000 0.000000
vt 0.208333 0.000000
vt 0.166667 0.500000
vt 0.250000 0.000000
vt 0.208333 0.500000
vt 0.291667 0.500000
vt 0.250000 0.500000
vt 0.291667 0.000000
vt 0.333333 0.500000
vt 0.333333 0.000000
vt 0.375000 0.500000
vt 0.416667 0.000000
vt 0.375000 0.000000
vt 0.458333 0.000000
vt 0.416667 0.500000
vt 0.500000 0.000000
vt 0.458333 0.500000
vt 0.541667 0.500000
vt 0.500000 0.500000
vt 0.541667 0.000000
vt 0.583333 0.500000
vt 0.583333 0.000000
vt 0.625000 0.500000
vt 0.666667 0.000000
vt 0.625000 0.000000
vt 0.708333 0.000000
vt 0.666667 0.500000
vt 0.750000 0.000000
vt 0.708333 0.500000
vt 0.791667 0.500000
vt 0.750000 0.500000
vt 0.791667 0.000000
vt 0.833333 0.500000
vt 0.833333 0.000000
vt 0.875000 0.500000
vt 0.916667 0.000000
vt 0.875000 0.000000
vt 0.958333 0.000000
vt 0.916667 0.500000
vt 1.000000 0.000000
vt 0.958333 0.500000
vt 0.041667 1.000000
vt 0.000000 1.000000
vt 0.083333 1.000000
vt 0.125000 1.000000
vt 0.166667 1.000000
vt 0.208333 1.000000
vt 0.250000 1.000000
vt 0.291667 1.000000
vt 0.333333 1.000000
vt 0.375000 1.000000
vt 0.416667 1.000000
vt 0.458333 1.000000
vt 0.541667 1.000000
vt 0.500000 1.000000
vt 0.583333 1.000000
vt 0.625000 1.000000
vt 0.666667 1.000000
vt 0.708333 1.000000
vt 0.750000 1.000000
vt 0.791667 1.000000
vt 0.833333 1.000000
vt 0.875000 1.000000
vt 0.916667 1.000000
vt 1.000000 0.500000
vt 0.958333 1.000000
vt 1.000000 1.000000
s 0
g F_Collar.001_black_robe_cloth
usemtl black_robe_cloth
f 1249/558/1969 1274/559/1969 1273/560/1969
f 1250/561/1970 1275/562/1970 1274/559/1970
f 1251/563/1971 1276/564/1971 1275/562/1971
f 1253/565/1972 1276/564/1972 1252/566/1972
f 1254/567/1973 1277/568/1973 1253/565/1973
f 1255/569/1974 1278/570/1974 1254/567/1974
f 1255/569/1975 1280/571/1975 1279/572/1975
f 1256/573/1976 1281/574/1976 1280/571/1976
f 1257/575/1977 1282/576/1977 1281/574/1977
f 1259/577/1978 1282/576/1978 1258/578/1978
f 1260/579/1979 1283/580/1979 1259/577/1979
f 1261/581/1980 1284/582/1980 1260/579/1980
f 1261/581/1981 1286/583/1981 1285/584/1981
f 1262/585/1982 1287/586/1982 1286/583/1982
f 1263/587/1983 1288/588/1983 1287/586/1983
f 1265/589/1984 1288/588/1984 1264/590/1984
f 1266/591/1985 1289/592/1985 1265/589/1985
f 1267/593/1986 1290/594/1986 1266/591/1986
f 1267/593/1987 1292/595/1987 1291/596/1987
f 1268/597/1988 1293/598/1988 1292/595/1988
f 1269/599/1989 1294/600/1989 1293/598/1989
f 1271/601/1990 1294/600/1990 1270/602/1990
f 1272/603/1991 1295/604/1991 1271/601/1991
f 1249/605/1992 1296/606/1992 1272/603/1992
f 1273/560/1993 1298/607/1993 1297/608/1993
f 1274/559/1994 1299/609/1994 1298/607/1994
f 1275/562/1995 1300/610/1995 1299/609/1995
f 1276/564/1996 1301/611/1996 1300/610/1996
f 1277/568/1997 1302/612/1997 1301/611/1997
f 1278/570/1998 1303/613/1998 1302/612/1998
f 1280/571/1999 1303/613/1999 1279/572/1999
f 1281/574/2000 1304/614/2000 1280/571/2000
f 1282/576/2001 1305/615/2001 1281/574/2001
f 1283/580/2002 1306/616/2002 1282/576/2002
f 1284/582/2003 1307/617/2003 1283/580/2003
f 1285/584/2004 1308/618/2004 1284/582/2004
f 1285/584/2005 1310/619/2005 1309/620/2005
f 1286/583/2006 1311/621/2006 1310/619/2006
f 1287/586/2007 1312/622/2007 1311/621/2007
f 1288/588/2008 1313/623/2008 1312/622/2008
f 1289/592/2009 1314/624/2009 1313/623/2009
f 1290/594/2010 1315/625/2010 1314/624/2010
f 1292/595/2011 1315/625/2011 1291/596/2011
f 1293/598/2012 1316/626/2012 1292/595/2012
f 1294/600/2013 1317/627/2013 1293/598/2013
f 1295/604/2014 1318/628/2014 1294/600/2014
f 1296/606/2015 1319/629/2015 1295/604/2015
f 1273/630/2016 1320/631/2016 1296/606/2016
f 1321/558/2017 1346/559/2017 1322/561/2017
f 1322/561/2018 1347/562/2018 1323/563/2018
f 1323/563/2019 1348/564/2019 1324/566/2019
f 1348/564/2020 1325/565/2020 1324/566/2020
f 1349/568/2021 1326/567/2021 1325/565/2021
f 1350/570/2022 1327/569/2022 1326/567/2022
f 1327/569/2023 1352/571/2023 1328/573/2023
f 1328/573/2024 1353/574/2024 1329/575/2024
f 1329/575/2025 1354/576/2025 1330/578/2025
f 1354/576/2026 1331/577/2026 1330/578/2026
f 1355/580/2027 1332/579/2027 1331/577/2027
f 1356/582/2028 1333/581/2028 1332/579/2028
f 1333/581/2029 1358/583/2029 1334/585/2029
f 1334/585/2030 1359/586/2030 1335/587/2030
f 1335/587/2031 1360/588/2031 1336/590/2031
f 1360/588/2032 1337/589/2032 1336/590/2032
f 1361/592/2033 1338/591/2033 1337/589/2033
f 1362/594/2034 1339/593/2034 1338/591/2034
f 1339/593/2035 1364/595/2035 1340/597/2035
f 1340/597/2036 1365/598/2036 1341/599/2036
f 1341/599/2037 1366/600/2037 1342/602/2037
f 1366/600/2038 1343/601/2038 1342/602/2038
f 1367/604/2039 1344/603/2039 1343/601/2039
f 1368/606/2040 1321/605/2040 1344/603/2040
f 1345/560/2041 1370/607/2041 1346/559/2041
f 1346/559/2042 1371/609/2042 1347/562/2042
f 1347/562/2043 1372/610/2043 1348/564/2043
f 1348/564/2044 1373/611/2044 1349/568/2044
f 1349/568/2045 1374/612/2045 1350/570/2045
f 1350/570/2046 1375/613/2046 1351/572/2046
f 1375/613/2047 1352/571/2047 1351/572/2047
f 1376/614/2048 1353/574/2048 1352/571/2048
f 1377/615/2049 1354/576/2049 1353/574/2049
f 1378/616/2050 1355/580/2050 1354/576/2050
f 1379/617/2051 1356/582/2051 1355/580/2051
f 1380/618/2052 1357/584/2052 1356/582/2052
f 1357/584/2053 1382/619/2053 1358/583/2053
f 1358/583/2054 1383/621/2054 1359/586/2054
f 1359/586/2055 1384/622/2055 1360/588/2055
f 1360/588/2056 1385/623/2056 1361/592/2056
f 1361/592/2057 1386/624/2057 1362/594/2057
f 1362/594/2058 1387/625/2058 1363/596/2058
f 1387/625/2059 1364/595/2059 1363/596/2059
f 1388/626/2060 1365/598/2060 1364/595/2060
f 1389/627/2061 1366/600/2061 1365/598/2061
f 1390/628/2062 1367/604/2062 1366/600/2062
f 1391/629/2063 1368/606/2063 1367/604/2063
f 1392/631/2064 1345/630/2064 1368/606/2064
f 1249/558/2065 1322/561/2065 1250/561/2065
f 1250/561/2066 1323/563/2066 1251/563/2066
f 1251/563/2067 1324/566/2067 1252/566/2067
f 1253/565/2068 1324/566/2068 1325/565/2068
f 1254/567/2069 1325/565/2069 1326/567/2069
f 1255/569/2070 1326/567/2070 1327/569/2070
f 1255/569/2071 1328/573/2071 1256/573/2071
f 1256/573/2072 1329/575/2072 1257/575/2072
f 1257/575/2073 1330/578/2073 1258/578/2073
f 1259/577/2074 1330/578/2074 1331/577/2074
f 1260/579/2075 1331/577/2075 1332/579/2075
f 1261/581/2076 1332/579/2076 1333/581/2076
f 1261/581/2077 1334/585/2077 1262/585/2077
f 1262/585/2078 1335/587/2078 1263/587/2078
f 1263/587/2079 1336/590/2079 1264/590/2079
f 1265/589/2080 1336/590/2080 1337/589/2080
f 1266/591/2081 1337/589/2081 1338/591/2081
f 1267/593/2082 1338/591/2082 1339/593/2082
f 1267/593/2083 1340/597/2083 1268/597/2083
f 1268/597/2084 1341/599/2084 1269/599/2084
f 1269/599/2085 1342/602/2085 1270/602/2085
f 1271/601/2086 1342/602/2086 1343/601/2086
f 1272/603/2087 1343/601/2087 1344/603/2087
f 1249/605/2088 1344/603/2088 1321/605/2088
f 1297/608/2089 1370/607/2089 1369/608/2089
f 1299/609/2090 1370/607/2090 1298/607/2090
f 1300/610/2091 1371/609/2091 1299/609/2091
f 1301/611/2092 1372/610/2092 1300/610/2092
f 1302/612/2093 1373/611/2093 1301/611/2093
f 1303/613/2094 1374/612/2094 1302/612/2094
f 1303/613/2095 1376/614/2095 1375/613/2095
f 1304/614/2096 1377/615/2096 1376/614/2096
f 1305/615/2097 1378/616/2097 1377/615/2097
f 1306/616/2098 1379/617/2098 1378/616/2098
f 1307/617/2099 1380/618/2099 1379/617/2099
f 1309/620/2100 1380/618/2100 1308/618/2100
f 1309/620/2101 1382/619/2101 1381/620/2101
f 1311/621/2102 1382/619/2102 1310/619/2102
f 1312/622/2103 1383/621/2103 1311/621/2103
f 1313/623/2104 1384/622/2104 1312/622/2104
f 1314/624/2105 1385/623/2105 1313/623/2105
f 1315/625/2106 1386/624/2106 1314/624/2106
f 1315/625/2107 1388/626/2107 1387/625/2107
f 1316/626/2108 1389/627/2108 1388/626/2108
f 1317/627/2109 1390/628/2109 1389/627/2109
f 1318/628/2110 1391/629/2110 1390/628/2110
f 1319/629/2111 1392/631/2111 1391/629/2111
f 1297/632/2112 1392/631/2112 1320/631/2112
f 1249/558/2113 1250/561/2113 1274/559/2113
f 1250/561/2114 1251/563/2114 1275/562/2114
f 1251/563/2115 1252/566/2115 1276/564/2115
f 1253/565/2116 1277/568/2116 1276/564/2116
f 1254/567/2117 1278/570/2117 1277/568/2117
f 1255/569/2118 1279/572/2118 1278/570/2118
f 1255/569/2119 1256/573/2119 1280/571/2119
f 1256/573/2120 1257/575/2120 1281/574/2120
f 1257/575/2121 1258/578/2121 1282/576/2121
f 1259/577/2122 1283/580/2122 1282/576/2122
f 1260/579/2123 1284/582/2123 1283/580/2123
f 1261/581/2124 1285/584/2124 1284/582/2124
f 1261/581/2125 1262/585/2125 1286/583/2125
f 1262/585/2126 1263/587/2126 1287/586/2126
f 1263/587/2127 1264/590/2127 1288/588/2127
f 1265/589/2128 1289/592/2128 1288/588/2128
f 1266/591/2129 1290/594/2129 1289/592/2129
f 1267/593/2130 1291/596/2130 1290/594/2130
f 1267/593/2131 1268/597/2131 1292/595/2131
f 1268/597/2132 1269/599/2132 1293/598/2132
f 1269/599/2133 1270/602/2133 1294/600/2133
f 1271/601/2134 1295/604/2134 1294/600/2134
f 1272/603/2135 1296/606/2135 1295/604/2135
f 1249/605/2136 1273/630/2136 1296/606/2136
f 1273/560/2137 1274/559/2137 1298/607/2137
f 1274/559/2138 1275/562/2138 1299/609/2138
f 1275/562/2139 1276/564/2139 1300/610/2139
f 1276/564/2140 1277/568/2140 1301/611/2140
f 1277/568/2141 1278/570/2141 1302/612/2141
f 1278/570/2142 1279/572/2142 1303/613/2142
f 1280/571/2143 1304/614/2143 1303/613/2143
f 1281/574/2144 1305/615/2144 1304/614/2144
f 1282/576/2145 1306/616/2145 1305/615/2145
f 1283/580/2146 1307/617/2146 1306/616/2146
f 1284/582/2147 1308/618/2147 1307/617/2147
f 1285/584/2148 1309/620/2148 1308/618/2148
f 1285/584/2149 1286/583/2149 1310/619/2149
f 1286/583/2150 1287/586/2150 1311/621/2150
f 1287/586/2151 1288/588/2151 1312/622/2151
f 1288/588/2152 1289/592/2152 1313/623/2152
f 1289/592/2153 1290/594/2153 1314/624/2153
f 1290/594/2154 1291/596/2154 1315/625/2154
f 1292/595/2155 1316/626/2155 1315/625/2155
f 1293/598/2156 1317/627/2156 1316/626/2156
f 1294/600/2157 1318/628/2157 1317/627/2157
f 1295/604/2158 1319/629/2158 1318/628/2158
f 1296/606/2159 1320/631/2159 1319/629/2159
f 1273/630/2160 1297/632/2160 1320/631/2160
f 1321/558/2161 1345/560/2161 1346/559/2161
f 1322/561/2162 1346/559/2162 1347/562/2162
f 1323/563/2163 1347/562/2163 1348/564/2163
f 1348/564/2164 1349/568/2164 1325/565/2164
f 1349/568/2165 1350/570/2165 1326/567/2165
f 1350/570/2166 1351/572/2166 1327/569/2166
f 1327/569/2167 1351/572/2167 1352/571/2167
f 1328/573/2168 1352/571/2168 1353/574/2168
f 1329/575/2169 1353/574/2169 1354/576/2169
f 1354/576/2170 1355/580/2170 1331/577/2170
f 1355/580/2171 1356/582/2171 1332/579/2171
f 1356/582/2172 1357/584/2172 1333/581/2172
f 1333/581/2173 1357/584/2173 1358/583/2173
f 1334/585/2174 1358/583/2174 1359/586/2174
f 1335/587/2175 1359/586/2175 1360/588/2175
f 1360/588/2176 1361/592/2176 1337/589/2176
f 1361/592/2177 1362/594/2177 1338/591/2177
f 1362/594/2178 1363/596/2178 1339/593/2178
f 1339/593/2179 1363/596/2179 1364/595/2179
f 1340/597/2180 1364/595/2180 1365/598/2180
f 1341/599/2181 1365/598/2181 1366/600/2181
f 1366/600/2182 1367/604/2182 1343/601/2182
f 1367/604/2183 1368/606/2183 1344/603/2183
f 1368/606/2184 1345/630/2184 1321/605/2184
f 1345/560/2185 1369/608/2185 1370/607/2185
f 1346/559/2186 1370/607/2186 1371/609/2186
f 1347/562/2187 1371/609/2187 1372/610/2187
f 1348/564/2188 1372/610/2188 1373/611/2188
f 1349/568/2189 1373/611/2189 1374/612/2189
f 1350/570/2190 1374/612/2190 1375/613/2190
f 1375/613/2191 1376/614/2191 1352/571/2191
f 1376/614/2192 1377/615/2192 1353/574/2192
f 1377/615/2193 1378/616/2193 1354/576/2193
f 1378/616/2194 1379/617/2194 1355/580/2194
f 1379/617/2195 1380/618/2195 1356/582/2195
f 1380/618/2196 1381/620/2196 1357/584/2196
f 1357/584/2197 1381/620/2197 1382/619/2197
f 1358/583/2198 1382/619/2198 1383/621/2198
f 1359/586/2199 1383/621/2199 1384/622/2199
f 1360/588/2200 1384/622/2200 1385/623/2200
f 1361/592/2201 1385/623/2201 1386/624/2201
f 1362/594/2202 1386/624/2202 1387/625/2202
f 1387/625/2203 1388/626/2203 1364/595/2203
f 1388/626/2204 1389/627/2204 1365/598/2204
f 1389/627/2205 1390/628/2205 1366/600/2205
f 1390/628/2206 1391/629/2206 1367/604/2206
f 1391/629/2207 1392/631/2207 1368/606/2207
f 1392/631/2208 1369/632/2208 1345/630/2208
f 1249/558/2209 1321/558/2209 1322/561/2209
f 1250/561/2210 1322/561/2210 1323/563/2210
f 1251/563/2211 1323/563/2211 1324/566/2211
f 1253/565/2212 1252/566/2212 1324/566/2212
f 1254/567/2213 1253/565/2213 1325/565/2213
f 1255/569/2214 1254/567/2214 1326/567/2214
f 1255/569/2215 1327/569/2215 1328/573/2215
f 1256/573/2216 1328/573/2216 1329/575/2216
f 1257/575/2217 1329/575/2217 1330/578/2217
f 1259/577/2218 1258/578/2218 1330/578/2218
f 1260/579/2219 1259/577/2219 1331/577/2219
f 1261/581/2220 1260/579/2220 1332/579/2220
f 1261/581/2221 1333/581/2221 1334/585/2221
f 1262/585/2222 1334/585/2222 1335/587/2222
f 1263/587/2223 1335/587/2223 1336/590/2223
f 1265/589/2224 1264/590/2224 1336/590/2224
f 1266/591/2225 1265/589/2225 1337/589/2225
f 1267/593/2226 1266/591/2226 1338/591/2226
f 1267/593/2227 1339/593/2227 1340/597/2227
f 1268/597/2228 1340/597/2228 1341/599/2228
f 1269/599/2229 1341/599/2229 1342/602/2229
f 1271/601/2230 1270/602/2230 1342/602/2230
f 1272/603/2231 1271/601/2231 1343/601/2231
f 1249/605/2232 1272/603/2232 1344/603/2232
f 1297/608/2233 1298/607/2233 1370/607/2233
f 1299/609/2234 1371/609/2234 1370/607/2234
f 1300/610/2235 1372/610/2235 1371/609/2235
f 1301/611/2236 1373/611/2236 1372/610/2236
f 1302/612/2237 1374/612/2237 1373/611/2237
f 1303/613/2238 1375/613/2238 1374/612/2238
f 1303/613/2239 1304/614/2239 1376/614/2239
f 1304/614/2240 1305/615/2240 1377/615/2240
f 1305/615/2241 1306/616/2241 1378/616/2241
f 1306/616/2242 1307/617/2242 1379/617/2242
f 1307/617/2243 1308/618/2243 1380/618/2243
f 1309/620/2244 1381/620/2244 1380/618/2244
f 1309/620/2245 1310/619/2245 1382/619/2245
f 1311/621/2246 1383/621/2246 1382/619/2246
f 1312/622/2247 1384/622/2247 1383/621/2247
f 1313/623/2248 1385/623/2248 1384/622/2248
f 1314/624/2249 1386/624/2249 1385/623/2249
f 1315/625/2250 1387/625/2250 1386/624/2250
f 1315/625/2251 1316/626/2251 1388/626/2251
f 1316/626/2252 1317/627/2252 1389/627/2252
f 1317/627/2253 1318/628/2253 1390/628/2253
f 1318/628/2254 1319/629/2254 1391/629/2254
f 1319/629/2255 1320/631/2255 1392/631/2255
f 1297/632/2256 1369/632/2256 1392/631/2256
