# Blender 5.2.2 LTS
# www.blender.org
mtllib brigandine.mtl
g A_Torso.001_A_Torso.001
v 0.360000 1.020000 0.000000
v 0.353977 1.020000 -0.074847
v 0.336049 1.020000 -0.134466
v 0.306622 1.020000 -0.185950
v 0.266330 1.020000 -0.229340
v 0.215942 1.020000 -0.264036
v 0.156154 1.020000 -0.289376
v 0.086919 1.020000 -0.304814
v 0.000000 1.020000 -0.310000
v -0.086919 1.020000 -0.304814
v -0.156154 1.020000 -0.289376
v -0.215942 1.020000 -0.264036
v -0.266330 1.020000 -0.229340
v -0.306622 1.020000 -0.185950
v -0.336049 1.020000 -0.134466
v -0.353977 1.020000 -0.074847
v -0.360000 1.020000 -0.000000
v -0.353977 1.020000 0.074847
v -0.336049 1.020000 0.134466
v -0.306622 1.020000 0.185950
v -0.266330 1.020000 0.229340
v -0.215942 1.020000 0.264036
v -0.156154 1.020000 0.289376
v -0.086919 1.020000 0.304814
v -0.000000 1.020000 0.310000
v 0.086919 1.020000 0.304814
v 0.156154 1.020000 0.289376
v 0.215942 1.020000 0.264036
v 0.266330 1.020000 0.229340
v 0.306622 1.020000 0.185950
v 0.336049 1.020000 0.134466
v 0.353977 1.020000 0.074847
v 0.660000 0.900000 0.020000
v 0.649835 0.900000 -0.082795
v 0.619493 0.900000 -0.156220
v 0.569405 0.900000 -0.217451
v 0.500186 0.900000 -0.267986
v 0.412416 0.900000 -0.307839
v 0.306066 0.900000 -0.336678
v 0.178539 0.900000 -0.354147
v 0.000000 0.900000 -0.360000
v -0.178539 0.900000 -0.354147
v -0.306066 0.900000 -0.336678
v -0.412416 0.900000 -0.307839
v -0.500186 0.900000 -0.267986
v -0.569405 0.900000 -0.217451
v -0.619493 0.900000 -0.156220
v -0.649835 0.900000 -0.082795
v -0.660000 0.900000 0.020000
v -0.649835 0.900000 0.122795
v -0.619493 0.900000 0.196220
v -0.569405 0.900000 0.257451
v -0.500186 0.900000 0.307986
v -0.412416 0.900000 0.347839
v -0.306067 0.900000 0.376679
v -0.178719 0.900000 0.394524
v -0.000000 0.900000 0.402631
v 0.178719 0.900000 0.394524
v 0.306067 0.900000 0.376679
v 0.412416 0.900000 0.347839
v 0.500186 0.900000 0.307986
v 0.569405 0.900000 0.257451
v 0.619493 0.900000 0.196220
v 0.649835 0.900000 0.122795
v 0.618867 0.640000 -0.316792
v 0.517616 0.640000 -0.366111
v 0.392719 0.640000 -0.401520
v 0.238418 0.640000 -0.422866
v 0.000000 0.640000 -0.430000
v -0.238418 0.640000 -0.422866
v -0.392719 0.640000 -0.401520
v -0.517616 0.640000 -0.366111
v -0.618867 0.640000 -0.316792
v -0.754432 0.640000 0.315450
v -0.697777 0.640000 0.393510
v -0.618867 0.640000 0.456792
v -0.517616 0.640000 0.506111
v -0.392723 0.640000 0.541524
v -0.239138 0.640000 0.564355
v -0.000000 0.640000 0.580385
v 0.239138 0.640000 0.564355
v 0.392723 0.640000 0.541524
v 0.517616 0.640000 0.506111
v 0.618867 0.640000 0.456792
v 0.697777 0.640000 0.393510
v 0.754432 0.640000 0.315450
v 0.737113 0.320000 -0.187014
v 0.683663 0.320000 -0.274581
v 0.608953 0.320000 -0.345004
v 0.512584 0.320000 -0.399600
v 0.392756 0.320000 -0.438660
v 0.242728 0.320000 -0.462155
v 0.000000 0.320000 -0.470000
v -0.242728 0.320000 -0.462155
v -0.392756 0.320000 -0.438660
v -0.512584 0.320000 -0.399600
v -0.608953 0.320000 -0.345004
v -0.683663 0.320000 -0.274581
v -0.737113 0.320000 -0.187014
v -0.769265 0.320000 0.277378
v -0.737113 0.320000 0.387014
v -0.683663 0.320000 0.474581
v -0.608953 0.320000 0.545004
v -0.512584 0.320000 0.599600
v -0.392761 0.320000 0.638667
v -0.243788 0.320000 0.664609
v -0.000000 0.320000 0.687100
v 0.243788 0.320000 0.664609
v 0.392761 0.320000 0.638667
v 0.512584 0.320000 0.599600
v 0.608953 0.320000 0.545004
v 0.683663 0.320000 0.474581
v 0.737113 0.320000 0.387014
v 0.769265 0.320000 0.277378
v 0.690000 0.000000 0.080000
v 0.680155 0.000000 -0.071991
v 0.650697 0.000000 -0.170359
v 0.601833 0.000000 -0.249980
v 0.533773 0.000000 -0.314528
v 0.446444 0.000000 -0.364833
v 0.338720 0.000000 -0.400950
v 0.205635 0.000000 -0.422723
v 0.000000 0.000000 -0.430000
v -0.205635 0.000000 -0.422723
v -0.338720 0.000000 -0.400950
v -0.446444 0.000000 -0.364833
v -0.533773 0.000000 -0.314528
v -0.601833 0.000000 -0.249980
v -0.650697 0.000000 -0.170359
v -0.680155 0.000000 -0.071991
v -0.690000 0.000000 0.080000
v -0.680155 0.000000 0.231991
v -0.650697 0.000000 0.330359
v -0.601833 0.000000 0.409980
v -0.533773 0.000000 0.474528
v -0.446444 0.000000 0.524833
v -0.338724 0.000000 0.560955
v -0.206326 0.000000 0.584411
v -0.000000 0.000000 0.601769
v 0.206326 0.000000 0.584411
v 0.338724 0.000000 0.560955
v 0.446444 0.000000 0.524833
v 0.533773 0.000000 0.474528
v 0.601833 0.000000 0.409980
v 0.650697 0.000000 0.330359
v 0.680155 0.000000 0.231991
v 0.580000 -0.300000 0.040000
v 0.571408 -0.300000 -0.079475
v 0.545731 -0.300000 -0.160612
v 0.503236 -0.300000 -0.227236
v 0.444270 -0.300000 -0.281713
v 0.369040 -0.300000 -0.324412
v 0.277036 -0.300000 -0.355184
v 0.164989 -0.300000 -0.373778
v 0.000000 -0.300000 -0.380000
v -0.164989 -0.300000 -0.373778
v -0.277036 -0.300000 -0.355184
v -0.369040 -0.300000 -0.324412
v -0.444270 -0.300000 -0.281713
v -0.503236 -0.300000 -0.227236
v -0.545731 -0.300000 -0.160612
v -0.571408 -0.300000 -0.079475
v -0.580000 -0.300000 0.040000
v -0.571408 -0.300000 0.159475
v -0.545731 -0.300000 0.240612
v -0.503236 -0.300000 0.307236
v -0.444270 -0.300000 0.361713
v -0.369040 -0.300000 0.404412
v -0.277037 -0.300000 0.435186
v -0.165266 -0.300000 0.454473
v -0.000000 -0.300000 0.464846
v 0.165266 -0.300000 0.454473
v 0.277037 -0.300000 0.435186
v 0.369040 -0.300000 0.404412
v 0.444270 -0.300000 0.361713
v 0.503236 -0.300000 0.307236
v 0.545731 -0.300000 0.240612
v 0.571408 -0.300000 0.159475
v 0.620000 -0.560000 0.020000
v 0.610816 -0.560000 -0.105164
v 0.583367 -0.560000 -0.190165
v 0.537942 -0.560000 -0.259961
v 0.474910 -0.560000 -0.317033
v 0.394491 -0.560000 -0.361765
v 0.296141 -0.560000 -0.394002
v 0.176368 -0.560000 -0.413482
v 0.000000 -0.560000 -0.420000
v -0.176368 -0.560000 -0.413482
v -0.296141 -0.560000 -0.394002
v -0.394491 -0.560000 -0.361765
v -0.474910 -0.560000 -0.317033
v -0.537942 -0.560000 -0.259961
v -0.583367 -0.560000 -0.190165
v -0.610816 -0.560000 -0.105164
v -0.620000 -0.560000 0.020000
v -0.610816 -0.560000 0.145164
v -0.583367 -0.560000 0.230165
v -0.537942 -0.560000 0.299961
v -0.474910 -0.560000 0.357033
v -0.394491 -0.560000 0.401765
v -0.296141 -0.560000 0.434002
v -0.176368 -0.560000 0.453482
v -0.000000 -0.560000 0.460000
v 0.176368 -0.560000 0.453482
v 0.296141 -0.560000 0.434002
v 0.394491 -0.560000 0.401765
v 0.474910 -0.560000 0.357033
v 0.537942 -0.560000 0.299961
v 0.583367 -0.560000 0.230165
v 0.610816 -0.560000 0.145164
v 0.378627 1.066432 -0.000073
v 0.372707 1.066215 -0.079321
v 0.354612 1.065354 -0.144930
v 0.324552 1.063363 -0.203780
v 0.282675 1.059603 -0.255770
v 0.229192 1.053741 -0.299162
v 0.164833 1.046836 -0.331184
v 0.090581 1.041445 -0.350060
v 0.000000 1.039757 -0.355971
v -0.090581 1.041445 -0.350060
v -0.164833 1.046836 -0.331184
v -0.229192 1.053741 -0.299162
v -0.282675 1.059603 -0.255770
v -0.324552 1.063363 -0.203780
v -0.354612 1.065354 -0.144930
v -0.372707 1.066215 -0.079321
v -0.378627 1.066432 -0.000073
v -0.372228 1.066429 0.078985
v -0.353537 1.065942 0.144047
v -0.322907 1.064681 0.201786
v -0.280692 1.062366 0.252082
v -0.227377 1.058906 0.293684
v -0.163739 1.054884 0.324682
v -0.090423 1.051760 0.343404
v -0.000000 1.050748 0.349477
v 0.090423 1.051760 0.343404
v 0.163739 1.054884 0.324682
v 0.227377 1.058906 0.293684
v 0.280692 1.062366 0.252082
v 0.322907 1.064681 0.201786
v 0.353537 1.065942 0.144047
v 0.372228 1.066429 0.078985
v 0.696039 0.939195 0.019789
v 0.685922 0.938554 -0.091135
v 0.652728 0.937381 -0.174528
v 0.597588 0.935209 -0.244772
v 0.522387 0.931904 -0.302478
v 0.428568 0.927585 -0.347819
v 0.316344 0.922741 -0.380702
v 0.183213 0.918444 -0.400689
v 0.000000 0.916465 -0.407376
v -0.183213 0.918444 -0.400689
v -0.316344 0.922741 -0.380702
v -0.428568 0.927585 -0.347819
v -0.522387 0.931904 -0.302478
v -0.597588 0.935209 -0.244772
v -0.652728 0.937381 -0.174528
v -0.685922 0.938554 -0.091135
v -0.696039 0.939195 0.019789
v -0.684353 0.939493 0.130074
v -0.649651 0.939668 0.212151
v -0.593960 0.939031 0.280702
v -0.519095 0.937504 0.336996
v -0.426059 0.935239 0.381463
v -0.314841 0.932594 0.413939
v -0.183123 0.930329 0.434170
v -0.000000 0.929390 0.443176
v 0.183123 0.930329 0.434170
v 0.314841 0.932594 0.413939
v 0.426059 0.935239 0.381463
v 0.519095 0.937504 0.336996
v 0.593960 0.939031 0.280702
v 0.649651 0.939668 0.212151
v 0.684353 0.939493 0.130074
v 0.735003 0.650860 -0.287431
v 0.646434 0.650867 -0.358283
v 0.536056 0.650678 -0.411995
v 0.403401 0.650320 -0.449630
v 0.242821 0.649886 -0.471907
v 0.000000 0.649643 -0.479211
v -0.242821 0.649886 -0.471907
v -0.403401 0.650320 -0.449630
v -0.536056 0.650678 -0.411995
v -0.646434 0.650867 -0.358283
v -0.735003 0.650860 -0.287431
v -0.798852 0.656110 0.337966
v -0.733579 0.658693 0.426144
v -0.644967 0.660457 0.496074
v -0.534865 0.661380 0.549079
v -0.402853 0.661713 0.586232
v -0.244276 0.661910 0.609639
v -0.000000 0.662055 0.625922
v 0.244276 0.661910 0.609639
v 0.402853 0.661713 0.586232
v 0.534865 0.661380 0.549079
v 0.644967 0.660457 0.496074
v 0.733579 0.658693 0.426144
v 0.798852 0.656110 0.337966
v 0.782693 0.312664 -0.208160
v 0.722264 0.314202 -0.307159
v 0.638402 0.316011 -0.386199
v 0.532628 0.317666 -0.446105
v 0.404412 0.318919 -0.487875
v 0.247491 0.319686 -0.512425
v 0.000000 0.319951 -0.520416
v -0.247491 0.319686 -0.512425
v -0.404412 0.318919 -0.487875
v -0.532628 0.317666 -0.446105
v -0.638402 0.316011 -0.386199
v -0.722264 0.314202 -0.307159
v -0.782693 0.312664 -0.208160
v -0.818532 0.312237 0.287009
v -0.782998 0.313629 0.408962
v -0.722711 0.315549 0.508189
v -0.638897 0.317525 0.587465
v -0.533051 0.319206 0.647551
v -0.405046 0.320421 0.689316
v -0.250345 0.321171 0.716280
v 0.000000 0.321426 0.739362
v 0.250345 0.321171 0.716280
v 0.405046 0.320421 0.689316
v 0.533051 0.319206 0.647551
v 0.638897 0.317525 0.587465
v 0.722711 0.315549 0.508189
v 0.782998 0.313629 0.408962
v 0.818532 0.312237 0.287009
v 0.737687 -0.015473 0.080063
v 0.727423 -0.015062 -0.080457
v 0.694771 -0.014439 -0.190132
v 0.639543 -0.013309 -0.280695
v 0.562932 -0.011756 -0.353855
v 0.466550 -0.010110 -0.409764
v 0.350533 -0.008682 -0.448929
v 0.210490 -0.007661 -0.472003
v 0.000000 -0.007258 -0.479511
v -0.210490 -0.007661 -0.472003
v -0.350533 -0.008682 -0.448929
v -0.466550 -0.010110 -0.409764
v -0.562932 -0.011756 -0.353855
v -0.639543 -0.013309 -0.280695
v -0.694771 -0.014439 -0.190132
v -0.727423 -0.015062 -0.080457
v -0.737687 -0.015473 0.080063
v -0.726919 -0.016568 0.240546
v -0.693684 -0.017834 0.349830
v -0.638145 -0.018516 0.439747
v -0.561626 -0.018455 0.512295
v -0.465595 -0.017875 0.567841
v -0.350269 -0.017157 0.606782
v -0.212348 -0.016752 0.631363
v 0.000000 -0.016729 0.649226
v 0.212348 -0.016752 0.631363
v 0.350269 -0.017157 0.606782
v 0.465595 -0.017875 0.567841
v 0.561626 -0.018455 0.512295
v 0.638145 -0.018516 0.439747
v 0.693684 -0.017834 0.349830
v 0.726919 -0.016568 0.240546
v 0.631500 -0.305233 0.039955
v 0.622270 -0.304575 -0.089131
v 0.592721 -0.303777 -0.182598
v 0.542827 -0.302917 -0.260613
v 0.474384 -0.302084 -0.323514
v 0.389552 -0.301373 -0.371341
v 0.289013 -0.300828 -0.404719
v 0.169908 -0.300463 -0.424325
v 0.000000 -0.300329 -0.430674
v -0.169908 -0.300463 -0.424325
v -0.289013 -0.300828 -0.404719
v -0.389552 -0.301373 -0.371341
v -0.474384 -0.302084 -0.323514
v -0.542827 -0.302917 -0.260613
v -0.592721 -0.303777 -0.182598
v -0.622270 -0.304575 -0.089131
v -0.631500 -0.305233 0.039955
v -0.622211 -0.306427 0.168951
v -0.592548 -0.308066 0.262322
v -0.542562 -0.309472 0.340189
v -0.474113 -0.310333 0.402947
v -0.389345 -0.310677 0.450687
v -0.289056 -0.310728 0.483982
v -0.170931 -0.310876 0.504180
v -0.000000 -0.311075 0.514807
v 0.170931 -0.310876 0.504180
v 0.289056 -0.310728 0.483982
v 0.389345 -0.310677 0.450687
v 0.474113 -0.310333 0.402947
v 0.542562 -0.309472 0.340189
v 0.592548 -0.308066 0.262322
v 0.622211 -0.306427 0.168951
v 0.669548 -0.552381 0.019828
v 0.659520 -0.551680 -0.114833
v 0.628181 -0.551101 -0.211496
v 0.575797 -0.550921 -0.291979
v 0.503985 -0.551123 -0.357131
v 0.414569 -0.551524 -0.407016
v 0.308050 -0.551940 -0.442048
v 0.181365 -0.552250 -0.462722
v 0.000000 -0.552380 -0.469450
v -0.181365 -0.552250 -0.462722
v -0.308050 -0.551940 -0.442048
v -0.414569 -0.551524 -0.407016
v -0.503985 -0.551123 -0.357131
v -0.575797 -0.550921 -0.291979
v -0.628181 -0.551101 -0.211496
v -0.659520 -0.551680 -0.114833
v -0.669548 -0.552381 0.019828
v -0.659840 -0.553089 0.154336
v -0.628856 -0.554268 0.251191
v -0.576609 -0.555735 0.332047
v -0.504677 -0.557213 0.397529
v -0.415031 -0.558444 0.447584
v -0.308368 -0.559345 0.482635
v -0.181828 -0.560107 0.503270
v -0.000000 -0.560509 0.510058
v 0.181828 -0.560107 0.503270
v 0.308368 -0.559345 0.482635
v 0.415031 -0.558444 0.447584
v 0.504677 -0.557213 0.397529
v 0.576609 -0.555735 0.332047
v 0.628856 -0.554268 0.251191
v 0.659840 -0.553089 0.154336
v 0.673611 0.872478 0.009519
v 0.666068 0.872478 -0.066756
v 0.668513 0.865000 -0.082286
v 0.674819 0.872478 0.025293
v 0.657490 0.826787 -0.161635
v 0.666952 0.857453 -0.097957
v 0.646038 0.811837 -0.189210
v 0.643264 0.750408 -0.238198
v 0.646055 0.814549 -0.187047
v 0.630075 0.710165 -0.270291
v 0.656883 0.640000 -0.286305
v -0.643264 0.750408 -0.238198
v -0.632987 0.725255 -0.258257
v -0.628401 0.710165 -0.270291
v -0.656883 0.640000 -0.286305
v -0.643794 0.814549 -0.187047
v -0.642533 0.797240 -0.200851
v -0.657490 0.826787 -0.161635
v -0.668513 0.865000 -0.082286
v -0.659666 0.838229 -0.137877
v -0.665730 0.872478 -0.066621
v -0.674819 0.872478 0.025293
v -0.665720 0.872478 -0.066756
v -0.671071 0.872478 0.066756
v -0.673611 0.872478 0.041066
v -0.685232 0.833671 0.147341
v -0.723381 0.710165 0.270291
v -0.731565 0.696841 0.273332
v -0.683825 0.814549 0.187047
v -0.683930 0.815249 0.185593
v -0.764753 0.640000 0.286305
v 0.685232 0.833671 0.147341
v 0.690333 0.791074 0.205768
v 0.681952 0.814549 0.187047
v 0.764753 0.640000 0.286305
v 0.722614 0.710165 0.270291
v 0.670719 0.872478 0.066756
v 0.678512 0.850347 0.112713
v 0.738466 0.345000 -0.186111
v 0.740632 0.341879 -0.179630
v 0.752602 0.320000 -0.134198
v 0.705200 0.417385 -0.244413
v 0.689172 0.444902 -0.266357
v 0.737909 0.345451 -0.187047
v 0.644543 0.580000 -0.300000
v 0.665286 0.522946 -0.286978
v 0.684871 0.449835 -0.270291
v -0.684079 0.449835 -0.270291
v -0.689172 0.444902 -0.266357
v -0.642086 0.580000 -0.300000
v -0.732889 0.354364 -0.194155
v -0.737799 0.345451 -0.187047
v -0.738466 0.345000 -0.186111
v -0.752602 0.320000 -0.134198
v -0.776081 0.432900 0.256786
v -0.776616 0.396531 0.227782
v -0.776178 0.345451 0.187047
v -0.777930 0.320000 0.134198
v -0.761408 0.580000 0.300000
v -0.768366 0.514300 0.285005
v -0.772237 0.449835 0.270291
v 0.760156 0.580000 0.300000
v 0.776081 0.432900 0.256786
v 0.771227 0.449835 0.270291
v 0.775988 0.345451 0.187047
v 0.777930 0.320000 0.134198
v 0.768911 0.287522 0.066756
v 0.760830 0.287522 -0.066756
v 0.761583 0.292413 -0.076914
v 0.775224 0.303020 0.098939
v -0.761583 0.292413 -0.076914
v -0.768976 0.287522 0.066756
v -0.775224 0.303020 0.098939
v -0.760873 0.287522 -0.066756
v 0.729031 0.872478 -0.005419
v 0.731918 0.872478 0.031444
v 0.727091 0.860987 -0.090618
v 0.723249 0.872478 -0.066756
v 0.723467 0.843722 -0.126471
v 0.715189 0.815702 -0.184654
v 0.714109 0.814549 -0.187047
v 0.737628 0.650855 -0.283828
v 0.713540 0.725605 -0.257977
v 0.712968 0.710165 -0.270291
v -0.737628 0.650855 -0.283828
v -0.712341 0.710165 -0.270291
v -0.711553 0.774937 -0.218637
v -0.715189 0.815702 -0.184654
v -0.713936 0.814549 -0.187047
v -0.719002 0.835219 -0.144127
v -0.727091 0.860987 -0.090618
v -0.723862 0.872478 -0.054056
v -0.722867 0.872478 -0.066756
v -0.731918 0.872478 0.031444
v -0.729922 0.871053 0.069715
v -0.729353 0.872478 0.066756
v -0.747274 0.822443 0.170656
v -0.818798 0.654639 0.282964
v -0.786680 0.710165 0.270291
v -0.746805 0.814549 0.187047
v 0.818798 0.654639 0.282964
v 0.785461 0.710165 0.270291
v 0.761134 0.770335 0.222307
v 0.747274 0.822443 0.170656
v 0.745764 0.814549 0.187047
v 0.735558 0.850867 0.111634
v 0.728229 0.872478 0.066756
v 0.790938 0.345451 -0.187047
v 0.789507 0.353783 -0.193692
v 0.809241 0.312019 -0.117626
v 0.785600 0.369852 -0.206506
v 0.752109 0.443613 -0.265329
v 0.748465 0.449835 -0.270291
v 0.731212 0.550657 -0.293303
v 0.734199 0.629616 -0.288676
v 0.723396 0.580000 -0.300000
v -0.721800 0.580000 -0.300000
v -0.731212 0.550657 -0.293303
v -0.734199 0.629616 -0.288676
v -0.745050 0.449835 -0.270291
v -0.770858 0.396594 -0.227833
v -0.736102 0.643070 -0.285605
v -0.785600 0.369852 -0.206506
v -0.790279 0.345451 -0.187047
v -0.809241 0.312019 -0.117626
v -0.826931 0.400212 0.230717
v -0.826423 0.345451 0.187047
v -0.828698 0.311724 0.117014
v -0.826096 0.443051 0.264881
v -0.824577 0.449835 0.270291
v -0.819473 0.537814 0.290371
v -0.814777 0.580000 0.300000
v 0.812883 0.580000 0.300000
v 0.824111 0.449835 0.270291
v 0.826096 0.443051 0.264881
v 0.828698 0.311724 0.117014
v 0.826108 0.345451 0.187047
v 0.827368 0.303362 0.099649
v 0.820926 0.287522 0.066756
v 0.812807 0.287522 -0.066756
v 0.814236 0.296854 -0.086136
v -0.814236 0.296854 -0.086136
v -0.820971 0.287522 0.066756
v -0.827368 0.303362 0.099649
v -0.812852 0.287522 -0.066756
vn -0.3733 -0.9270 0.0369
vn -0.3680 -0.9173 0.1521
vn -0.3542 -0.8892 0.2897
vn -0.3266 -0.8326 0.4473
vn -0.2783 -0.7396 0.6128
vn -0.2063 -0.6154 0.7607
vn -0.1184 -0.4887 0.8644
vn -0.0300 -0.3996 0.9162
vn 0.0550 -0.3840 0.9217
vn 0.1893 -0.4935 0.8489
vn 0.2973 -0.6478 0.7014
vn 0.3579 -0.7757 0.5198
vn 0.3803 -0.8548 0.3531
vn 0.3834 -0.8972 0.2192
vn 0.3799 -0.9180 0.1142
vn 0.3750 -0.9265 0.0302
vn 0.3695 -0.9287 -0.0297
vn 0.3516 -0.9248 -0.1453
vn 0.3259 -0.9070 -0.2666
vn 0.2897 -0.8710 -0.3969
vn 0.2400 -0.8142 -0.5286
vn 0.1758 -0.7407 -0.6484
vn 0.1035 -0.6664 -0.7384
vn 0.0357 -0.6158 -0.7871
vn -0.0472 -0.6104 -0.7907
vn -0.1621 -0.6674 -0.7269
vn -0.2551 -0.7567 -0.6020
vn -0.3140 -0.8327 -0.4561
vn -0.3450 -0.8822 -0.3204
vn -0.3597 -0.9101 -0.2056
vn -0.3670 -0.9237 -0.1104
vn -0.3705 -0.9281 -0.0366
vn -0.8789 -0.4697 0.0836
vn -0.8178 -0.4825 0.3138
vn -0.7079 -0.4377 0.5543
vn -0.5387 -0.3777 0.7531
vn -0.4109 -0.3459 0.8435
vn -0.2593 -0.3099 0.9147
vn -0.1315 -0.2809 0.9507
vn -0.0289 -0.2616 0.9647
vn 0.0316 -0.2598 0.9651
vn 0.1302 -0.2813 0.9507
vn 0.2487 -0.3116 0.9171
vn 0.3876 -0.3481 0.8536
vn 0.5743 -0.3966 0.7162
vn 0.7062 -0.4093 0.5777
vn 0.8307 -0.4383 0.3433
vn 0.8840 -0.4592 0.0874
vn 0.8596 -0.5050 -0.0777
vn 0.7732 -0.5478 -0.3195
vn 0.6365 -0.5691 -0.5206
vn 0.5084 -0.5828 -0.6340
vn 0.3563 -0.5813 -0.7315
vn 0.2239 -0.5713 -0.7896
vn 0.1218 -0.5601 -0.8194
vn 0.0556 -0.5550 -0.8300
vn -0.0374 -0.5640 -0.8249
vn -0.1148 -0.5618 -0.8193
vn -0.2145 -0.5730 -0.7910
vn -0.3353 -0.5851 -0.7384
vn -0.4759 -0.5903 -0.6519
vn -0.6608 -0.5773 -0.4796
vn -0.7931 -0.5404 -0.2809
vn -0.8702 -0.4851 -0.0861
vn -0.9419 0.0389 0.3336
vn -0.8363 0.0269 0.5476
vn -0.3990 0.0848 0.9130
vn -0.4370 -0.0656 0.8971
vn -0.2715 -0.0960 0.9576
vn -0.1361 -0.1142 0.9841
vn -0.0321 -0.1222 0.9920
vn 0.0297 -0.1240 0.9918
vn 0.1536 -0.1225 0.9805
vn 0.3080 -0.1097 0.9450
vn 0.4912 -0.0830 0.8671
vn 0.6641 -0.0452 0.7463
vn 0.8536 0.0033 0.5210
vn 0.9588 0.0417 0.2812
vn 0.9966 0.0566 -0.0603
vn 0.9541 -0.0110 -0.2994
vn 0.8062 -0.0872 -0.5851
vn 0.6168 -0.1676 -0.7691
vn 0.4264 -0.2281 -0.8753
vn 0.2629 -0.2668 -0.9272
vn 0.1408 -0.2876 -0.9473
vn 0.0638 -0.2992 -0.9521
vn -0.0872 -0.3152 -0.9450
vn -0.1638 -0.2971 -0.9407
vn -0.2978 -0.2773 -0.9134
vn -0.4786 -0.2393 -0.8448
vn -0.6752 -0.1765 -0.7162
vn -0.8498 -0.0939 -0.5187
vn -0.9426 -0.0040 -0.3338
vn -0.9970 0.0492 -0.0603
vn -0.9616 0.2681 0.0595
vn -0.9253 0.2639 0.2722
vn -0.8266 0.2495 0.5045
vn -0.6683 0.2254 0.7089
vn -0.4835 0.1949 0.8534
vn -0.3057 0.1651 0.9377
vn -0.1532 0.1411 0.9781
vn -0.0320 0.1259 0.9915
vn 0.0351 0.1240 0.9917
vn 0.1599 0.1390 0.9773
vn 0.3136 0.1632 0.9354
vn 0.4897 0.1936 0.8501
vn 0.6705 0.2249 0.7070
vn 0.8252 0.2500 0.5065
vn 0.9260 0.2624 0.2715
vn 0.9612 0.2687 0.0623
vn 0.9596 0.2752 -0.0589
vn 0.9157 0.2939 -0.2742
vn 0.8111 0.3072 -0.4978
vn 0.6529 0.3068 -0.6926
vn 0.4712 0.2939 -0.8317
vn 0.2980 0.2752 -0.9140
vn 0.1657 0.2591 -0.9515
vn 0.0889 0.2519 -0.9637
vn -0.0810 0.2568 -0.9631
vn -0.1685 0.2581 -0.9513
vn -0.3058 0.2731 -0.9121
vn -0.4774 0.2923 -0.8287
vn -0.6551 0.3060 -0.6908
vn -0.8121 0.3078 -0.4957
vn -0.9168 0.2952 -0.2689
vn -0.9596 0.2752 -0.0589
vn -0.9397 0.3365 0.0609
vn -0.9070 0.3220 0.2716
vn -0.8129 0.3006 0.4989
vn -0.6624 0.2707 0.6985
vn -0.4850 0.2368 0.8419
vn -0.3111 0.2053 0.9279
vn -0.1588 0.1807 0.9706
vn -0.0349 0.1655 0.9856
vn 0.0372 0.1643 0.9857
vn 0.1610 0.1801 0.9704
vn 0.3104 0.2054 0.9281
vn 0.4795 0.2375 0.8448
vn 0.6530 0.2721 0.7068
vn 0.8035 0.3029 0.5125
vn 0.9017 0.3248 0.2854
vn 0.9385 0.3385 0.0675
vn 0.9338 0.3514 -0.0672
vn 0.8795 0.3861 -0.2783
vn 0.7671 0.4148 -0.4893
vn 0.6131 0.4287 -0.6636
vn 0.4509 0.4289 -0.7828
vn 0.2886 0.4199 -0.8605
vn 0.1592 0.4094 -0.8984
vn 0.0766 0.4051 -0.9111
vn -0.0570 0.4145 -0.9082
vn -0.1551 0.4104 -0.8986
vn -0.2879 0.4200 -0.8607
vn -0.4456 0.4301 -0.7851
vn -0.6208 0.4314 -0.6546
vn -0.7745 0.4173 -0.4753
vn -0.8829 0.3880 -0.2644
vn -0.9336 0.3531 -0.0605
vn -0.9851 -0.1570 0.0708
vn -0.9392 -0.1717 0.2972
vn -0.8293 -0.1802 0.5290
vn -0.6602 -0.1799 0.7292
vn -0.4787 -0.1733 0.8607
vn -0.3072 -0.1647 0.9373
vn -0.1585 -0.1572 0.9748
vn -0.0365 -0.1524 0.9876
vn 0.0372 -0.1520 0.9877
vn 0.1617 -0.1559 0.9744
vn 0.3130 -0.1627 0.9357
vn 0.4864 -0.1707 0.8569
vn 0.6679 -0.1769 0.7229
vn 0.8248 -0.1777 0.5368
vn 0.9377 -0.1702 0.3028
vn 0.9850 -0.1564 0.0723
vn 0.9866 -0.1462 -0.0724
vn 0.9440 -0.1263 -0.3048
vn 0.8340 -0.0989 -0.5428
vn 0.6696 -0.0687 -0.7395
vn 0.4857 -0.0415 -0.8731
vn 0.3114 -0.0208 -0.9500
vn 0.1605 -0.0073 -0.9870
vn 0.0369 0.0022 -0.9993
vn -0.0626 0.0186 -0.9979
vn -0.1700 -0.0035 -0.9854
vn -0.3172 -0.0190 -0.9482
vn -0.4932 -0.0394 -0.8690
vn -0.6771 -0.0666 -0.7329
vn -0.8391 -0.0970 -0.5352
vn -0.9459 -0.1249 -0.2994
vn -0.9868 -0.1457 -0.0710
vn 0.3763 0.9260 -0.0306
vn 0.3819 0.9167 -0.1174
vn 0.3856 0.8942 -0.2272
vn 0.3804 0.8486 -0.3678
vn 0.3529 0.7653 -0.5383
vn 0.2877 0.6367 -0.7154
vn 0.1816 0.4881 -0.8537
vn 0.0530 0.3843 -0.9217
vn -0.0530 0.3843 -0.9217
vn -0.1816 0.4881 -0.8537
vn -0.2877 0.6367 -0.7154
vn -0.3529 0.7653 -0.5383
vn -0.3804 0.8486 -0.3678
vn -0.3856 0.8942 -0.2272
vn -0.3819 0.9167 -0.1174
vn -0.3763 0.9260 -0.0306
vn -0.3703 0.9284 0.0300
vn -0.3677 0.9231 0.1126
vn -0.3599 0.9089 0.2108
vn -0.3436 0.8797 0.3289
vn -0.3099 0.8287 0.4661
vn -0.2492 0.7527 0.6093
vn -0.1579 0.6657 0.7293
vn -0.0463 0.6105 0.7907
vn 0.0463 0.6105 0.7907
vn 0.1579 0.6657 0.7293
vn 0.2492 0.7527 0.6093
vn 0.3099 0.8287 0.4661
vn 0.3436 0.8797 0.3289
vn 0.3599 0.9089 0.2108
vn 0.3677 0.9231 0.1126
vn 0.3703 0.9284 0.0300
vn 0.8800 0.4685 -0.0777
vn 0.8284 0.4673 -0.3088
vn 0.7170 0.4298 -0.5488
vn 0.5499 0.3894 -0.7389
vn 0.3945 0.3500 -0.8496
vn 0.2546 0.3129 -0.9150
vn 0.1336 0.2816 -0.9502
vn 0.0324 0.2598 -0.9651
vn -0.0324 0.2598 -0.9651
vn -0.1336 0.2816 -0.9502
vn -0.2546 0.3129 -0.9150
vn -0.3945 0.3500 -0.8496
vn -0.5499 0.3894 -0.7389
vn -0.7104 0.4122 -0.5704
vn -0.8613 0.4213 -0.2839
vn -0.8814 0.4673 -0.0690
vn -0.8647 0.4944 0.0889
vn -0.8030 0.5277 0.2771
vn -0.6368 0.5669 0.5226
vn -0.4773 0.5905 0.6508
vn -0.3380 0.5854 0.7370
vn -0.2171 0.5731 0.7902
vn -0.1161 0.5619 0.8190
vn -0.0377 0.5639 0.8250
vn 0.0377 0.5639 0.8250
vn 0.1161 0.5619 0.8190
vn 0.2171 0.5731 0.7902
vn 0.3380 0.5853 0.7370
vn 0.4773 0.5905 0.6508
vn 0.6368 0.5669 0.5226
vn 0.8369 0.5006 0.2215
vn 0.9001 0.4345 0.0306
vn 0.9578 -0.0597 -0.2813
vn 0.8532 -0.0232 -0.5211
vn 0.8082 0.0039 -0.5888
vn 0.6145 0.0186 -0.7887
vn 0.4366 0.0643 -0.8974
vn 0.2715 0.0953 -0.9577
vn 0.1362 0.1140 -0.9841
vn 0.0297 0.1240 -0.9918
vn -0.0297 0.1240 -0.9918
vn -0.1362 0.1140 -0.9841
vn -0.2715 0.0953 -0.9577
vn -0.4366 0.0643 -0.8974
vn -0.6245 0.0221 -0.7807
vn -0.8535 -0.0018 -0.5210
vn -0.9587 -0.0406 -0.2814
vn -0.9966 -0.0569 0.0598
vn -0.8957 -0.0338 0.4434
vn -0.8020 0.0854 0.5912
vn -0.6130 0.1653 0.7726
vn -0.4241 0.2262 0.8769
vn -0.2618 0.2656 0.9278
vn -0.1402 0.2871 0.9476
vn -0.0636 0.2991 0.9521
vn 0.0636 0.2991 0.9521
vn 0.1402 0.2871 0.9476
vn 0.2618 0.2656 0.9278
vn 0.4241 0.2262 0.8769
vn 0.6130 0.1653 0.7726
vn 0.8020 0.0854 0.5912
vn 0.9547 0.0145 0.2973
vn 0.9971 -0.0475 0.0598
vn 0.9615 -0.2687 -0.0585
vn 0.9254 -0.2625 -0.2732
vn 0.8248 -0.2497 -0.5073
vn 0.6656 -0.2256 -0.7114
vn 0.4810 -0.1951 -0.8547
vn 0.3040 -0.1653 -0.9382
vn 0.1523 -0.1413 -0.9782
vn 0.0319 -0.1260 -0.9915
vn -0.0319 -0.1260 -0.9915
vn -0.1523 -0.1413 -0.9782
vn -0.3040 -0.1653 -0.9382
vn -0.4810 -0.1951 -0.8547
vn -0.6656 -0.2256 -0.7114
vn -0.8248 -0.2497 -0.5073
vn -0.9250 -0.2636 -0.2737
vn -0.9613 -0.2694 -0.0572
vn -0.9596 -0.2753 0.0591
vn -0.9164 -0.2952 0.2704
vn -0.8106 -0.3073 0.4984
vn -0.6502 -0.3070 0.6950
vn -0.4683 -0.2941 0.8332
vn -0.2958 -0.2755 0.9147
vn -0.1646 -0.2594 0.9516
vn -0.0886 -0.2521 0.9636
vn 0.0886 -0.2521 0.9636
vn 0.1646 -0.2594 0.9516
vn 0.2958 -0.2755 0.9147
vn 0.4683 -0.2941 0.8332
vn 0.6502 -0.3070 0.6950
vn 0.8106 -0.3073 0.4984
vn 0.9164 -0.2952 0.2704
vn 0.9601 -0.2736 0.0582
vn 0.9399 -0.3360 -0.0610
vn 0.9071 -0.3213 -0.2719
vn 0.8129 -0.2997 -0.4994
vn 0.6622 -0.2696 -0.6991
vn 0.4846 -0.2358 -0.8423
vn 0.3108 -0.2046 -0.9282
vn 0.1586 -0.1803 -0.9707
vn 0.0348 -0.1653 -0.9856
vn -0.0348 -0.1653 -0.9856
vn -0.1586 -0.1803 -0.9707
vn -0.3108 -0.2046 -0.9282
vn -0.4846 -0.2358 -0.8423
vn -0.6622 -0.2696 -0.6991
vn -0.8129 -0.2997 -0.4994
vn -0.9071 -0.3213 -0.2719
vn -0.9399 -0.3360 -0.0610
vn -0.9340 -0.3523 0.0603
vn -0.8833 -0.3874 0.2641
vn -0.7746 -0.4171 0.4753
vn -0.6205 -0.4314 0.6549
vn -0.4505 -0.4285 0.7833
vn -0.2881 -0.4195 0.8609
vn -0.1589 -0.4090 0.8986
vn -0.0766 -0.4048 0.9112
vn 0.0766 -0.4048 0.9112
vn 0.1589 -0.4090 0.8986
vn 0.2881 -0.4195 0.8609
vn 0.4505 -0.4285 0.7833
vn 0.6205 -0.4314 0.6549
vn 0.7746 -0.4171 0.4753
vn 0.8833 -0.3874 0.2641
vn 0.9340 -0.3523 0.0603
vn 0.9851 0.1573 -0.0696
vn 0.9396 0.1724 -0.2956
vn 0.8295 0.1807 -0.5285
vn 0.6672 0.1770 -0.7236
vn 0.4850 0.1708 -0.8577
vn 0.3117 0.1628 -0.9361
vn 0.1609 0.1559 -0.9746
vn 0.0370 0.1519 -0.9877
vn -0.0370 0.1519 -0.9877
vn -0.1609 0.1559 -0.9746
vn -0.3117 0.1628 -0.9361
vn -0.4850 0.1708 -0.8577
vn -0.6672 0.1770 -0.7236
vn -0.8295 0.1807 -0.5285
vn -0.9396 0.1724 -0.2956
vn -0.9851 0.1573 -0.0696
vn -0.9866 0.1462 0.0724
vn -0.9449 0.1257 0.3024
vn -0.8367 0.0979 0.5389
vn -0.6738 0.0673 0.7358
vn -0.4902 0.0399 0.8707
vn -0.3150 0.0193 0.9489
vn -0.1685 0.0038 0.9857
vn -0.0621 -0.0190 0.9979
vn 0.0621 -0.0190 0.9979
vn 0.1685 0.0038 0.9857
vn 0.3150 0.0193 0.9489
vn 0.4902 0.0399 0.8707
vn 0.6738 0.0673 0.7358
vn 0.8367 0.0979 0.5389
vn 0.9449 0.1257 0.3024
vn 0.9866 0.1462 0.0724
vn -0.9223 0.3804 0.0679
vn -0.8788 0.4143 0.2369
vn -0.7861 0.4834 0.3852
vn -0.6497 0.5889 0.4807
vn -0.4863 0.7145 0.5029
vn -0.3195 0.8262 0.4640
vn -0.1695 0.8958 0.4109
vn -0.0429 0.9179 0.3945
vn 0.0254 0.9041 0.4265
vn 0.1158 0.8466 0.5194
vn 0.2610 0.7435 0.6157
vn 0.4464 0.6169 0.6483
vn 0.6331 0.5035 0.5879
vn 0.7858 0.4252 0.4491
vn 0.8842 0.3841 0.2659
vn 0.9255 0.3714 0.0745
vn 0.9258 0.3706 -0.0749
vn 0.8859 0.3897 -0.2516
vn 0.7982 0.4376 -0.4139
vn 0.6682 0.5148 -0.5371
vn 0.5113 0.6109 -0.6044
vn 0.3467 0.7034 -0.6205
vn 0.1894 0.7665 -0.6137
vn 0.0500 0.7879 -0.6137
vn -0.0378 0.7733 -0.6330
vn -0.1512 0.7192 -0.6781
vn -0.3023 0.6324 -0.7132
vn -0.4789 0.5357 -0.6955
vn -0.6532 0.4531 -0.6066
vn -0.7964 0.3981 -0.4552
vn -0.8885 0.3731 -0.2672
vn -0.9256 0.3712 -0.0745
vn 0.1519 -0.9883 -0.0111
vn 0.1583 -0.9861 -0.0511
vn 0.1484 -0.9840 -0.0988
vn 0.1234 -0.9834 -0.1330
vn 0.0897 -0.9842 -0.1528
vn 0.0563 -0.9856 -0.1596
vn 0.0283 -0.9869 -0.1586
vn 0.0065 -0.9879 -0.1548
vn -0.0056 -0.9883 -0.1523
vn -0.0249 -0.9879 -0.1530
vn -0.0502 -0.9869 -0.1531
vn -0.0824 -0.9855 -0.1481
vn -0.1191 -0.9841 -0.1315
vn -0.1521 -0.9834 -0.0990
vn -0.1669 -0.9842 -0.0600
vn -0.1650 -0.9861 -0.0174
vn -0.1520 -0.9883 0.0112
vn -0.1339 -0.9905 0.0308
vn -0.1028 -0.9935 0.0484
vn -0.0673 -0.9964 0.0514
vn -0.0369 -0.9985 0.0416
vn -0.0171 -0.9995 0.0263
vn -0.0079 -0.9999 0.0115
vn -0.0021 -1.0000 -0.0024
vn -0.0004 -0.9999 -0.0102
vn -0.0003 -1.0000 -0.0021
vn 0.0041 -0.9999 0.0124
vn 0.0151 -0.9995 0.0272
vn 0.0374 -0.9985 0.0413
vn 0.0714 -0.9964 0.0464
vn 0.1089 -0.9934 0.0352
vn 0.1387 -0.9903 0.0048
vn -0.0000 -0.2225 0.9749
vn -0.0000 -0.6235 0.7818
vn -0.0000 -0.9010 0.4339
vn -0.0000 -1.0000 -0.0000
vn -0.0000 -0.9010 -0.4339
vn -0.0000 -0.6235 -0.7818
vn -0.0000 -0.2225 -0.9749
vn -0.0000 0.2225 -0.9749
vn -0.0000 0.6235 -0.7818
vn -0.0000 0.9010 -0.4339
vn -0.0000 1.0000 -0.0000
vn -0.0000 0.9010 0.4339
vn -0.0000 0.6235 0.7818
vn -0.0000 0.2225 0.9749
vn -0.3750 -0.9265 0.0302
vn -0.3799 -0.9180 0.1142
vn -0.3834 -0.8972 0.2192
vn -0.3803 -0.8548 0.3531
vn -0.3579 -0.7757 0.5198
vn -0.2973 -0.6478 0.7014
vn -0.1893 -0.4935 0.8489
vn -0.0550 -0.3840 0.9217
vn 0.0300 -0.3996 0.9162
vn 0.1184 -0.4887 0.8644
vn 0.2063 -0.6154 0.7607
vn 0.2783 -0.7396 0.6128
vn 0.3266 -0.8326 0.4473
vn 0.3542 -0.8892 0.2897
vn 0.3680 -0.9173 0.1521
vn 0.3733 -0.9270 0.0369
vn 0.3705 -0.9281 -0.0366
vn 0.3670 -0.9237 -0.1104
vn 0.3597 -0.9101 -0.2056
vn 0.3450 -0.8822 -0.3204
vn 0.3140 -0.8327 -0.4561
vn 0.2551 -0.7567 -0.6020
vn 0.1621 -0.6674 -0.7269
vn 0.0472 -0.6104 -0.7907
vn -0.0357 -0.6158 -0.7871
vn -0.1035 -0.6664 -0.7384
vn -0.1758 -0.7407 -0.6484
vn -0.2400 -0.8142 -0.5286
vn -0.2897 -0.8710 -0.3969
vn -0.3259 -0.9070 -0.2666
vn -0.3516 -0.9248 -0.1453
vn -0.3695 -0.9287 -0.0297
vn -0.0002 -1.0000 -0.0000
vn -0.8840 -0.4592 0.0874
vn -0.8794 -0.4680 0.0870
vn -0.8307 -0.4383 0.3433
vn -0.8240 -0.4528 0.3405
vn -0.7062 -0.4093 0.5777
vn -0.7005 -0.4253 0.5730
vn -0.7138 -0.4490 0.5374
vn -0.5469 -0.3739 0.7491
vn -0.5743 -0.3966 0.7162
vn -0.5634 -0.3943 0.7260
vn -0.3876 -0.3481 0.8536
vn -0.2487 -0.3116 0.9171
vn -0.1302 -0.2813 0.9507
vn -0.0316 -0.2598 0.9651
vn 0.0289 -0.2616 0.9647
vn 0.1315 -0.2809 0.9507
vn 0.2593 -0.3099 0.9147
vn 0.4109 -0.3459 0.8435
vn 0.5469 -0.3739 0.7491
vn 0.7293 -0.4335 0.5293
vn 0.8384 -0.4571 0.2969
vn 0.8806 -0.4690 0.0675
vn 0.8806 -0.4690 0.0680
vn 0.0004 -1.0000 -0.0000
vn 0.8702 -0.4851 -0.0860
vn 0.8655 -0.4935 -0.0856
vn 0.7988 -0.5310 -0.2829
vn 0.7732 -0.5478 -0.3196
vn 0.6608 -0.5773 -0.4796
vn 0.4759 -0.5903 -0.6519
vn 0.3353 -0.5851 -0.7384
vn 0.2145 -0.5730 -0.7910
vn 0.1148 -0.5618 -0.8193
vn 0.0374 -0.5640 -0.8249
vn -0.0556 -0.5550 -0.8300
vn -0.1218 -0.5601 -0.8194
vn -0.2239 -0.5713 -0.7896
vn -0.3563 -0.5813 -0.7315
vn -0.5084 -0.5828 -0.6340
vn -0.6365 -0.5691 -0.5206
vn -0.7804 -0.5358 -0.3225
vn -0.8698 -0.4888 -0.0666
vn -0.8702 -0.4851 -0.0860
vn -0.9579 0.0593 0.2809
vn -0.8535 0.0033 0.5210
vn -0.8532 0.0274 0.5209
vn -0.6853 -0.0429 0.7270
vn -0.6858 -0.0177 0.7276
vn -0.6249 -0.0493 0.7792
vn -0.6143 -0.0203 0.7888
vn -0.4912 -0.0830 0.8671
vn -0.3080 -0.1097 0.9450
vn -0.1536 -0.1225 0.9805
vn -0.0297 -0.1240 0.9918
vn 0.0321 -0.1222 0.9920
vn 0.1361 -0.1142 0.9841
vn 0.2715 -0.0960 0.9576
vn 0.4370 -0.0656 0.8971
vn 0.6858 -0.0177 0.7276
vn 0.6254 -0.0238 0.7799
vn 0.6473 -0.0626 0.7596
vn 0.8090 0.0226 0.5873
vn 0.8535 0.0033 0.5210
vn 0.8091 0.0226 0.5872
vn 0.9960 0.0462 -0.0763
vn 0.9424 -0.0236 -0.3337
vn 0.9596 0.0066 -0.2814
vn 0.8498 -0.0939 -0.5187
vn 0.6752 -0.1765 -0.7162
vn 0.4786 -0.2393 -0.8448
vn 0.2978 -0.2773 -0.9134
vn 0.1638 -0.2971 -0.9407
vn 0.0872 -0.3152 -0.9450
vn -0.0638 -0.2992 -0.9521
vn -0.1408 -0.2876 -0.9473
vn -0.2629 -0.2668 -0.9272
vn -0.4264 -0.2281 -0.8753
vn -0.6168 -0.1676 -0.7691
vn -0.8062 -0.0872 -0.5851
vn -0.9595 -0.0110 -0.2814
vn -0.9615 0.2687 0.0582
vn -0.9618 0.2666 0.0623
vn -0.9255 0.2641 0.2714
vn -0.9245 0.2621 0.2768
vn -0.8252 0.2500 0.5065
vn -0.6705 0.2249 0.7070
vn -0.4897 0.1936 0.8501
vn -0.3136 0.1632 0.9354
vn -0.1599 0.1390 0.9773
vn -0.0351 0.1240 0.9917
vn 0.0320 0.1259 0.9915
vn 0.1532 0.1411 0.9781
vn 0.3057 0.1651 0.9377
vn 0.4835 0.1949 0.8534
vn 0.6683 0.2254 0.7089
vn 0.8266 0.2495 0.5045
vn 0.9240 0.2639 0.2767
vn 0.9620 0.2669 0.0582
vn 0.9619 0.2669 0.0584
vn 0.9596 0.2754 -0.0581
vn 0.9598 0.2738 -0.0622
vn 0.9168 0.2952 -0.2689
vn 0.8121 0.3078 -0.4957
vn 0.6551 0.3060 -0.6908
vn 0.4774 0.2923 -0.8287
vn 0.3058 0.2731 -0.9121
vn 0.1685 0.2581 -0.9513
vn 0.0810 0.2568 -0.9631
vn -0.0889 0.2519 -0.9637
vn -0.1657 0.2591 -0.9515
vn -0.2980 0.2752 -0.9140
vn -0.4712 0.2939 -0.8317
vn -0.6529 0.3068 -0.6926
vn -0.8111 0.3072 -0.4978
vn -0.9157 0.2939 -0.2742
vn -0.9598 0.2738 -0.0622
vn -0.9596 0.2754 -0.0581
vn -0.9385 0.3385 0.0675
vn -0.9017 0.3248 0.2854
vn -0.8035 0.3029 0.5125
vn -0.6530 0.2721 0.7068
vn -0.4795 0.2375 0.8448
vn -0.3104 0.2054 0.9281
vn -0.1610 0.1801 0.9704
vn -0.0372 0.1643 0.9857
vn 0.0349 0.1655 0.9856
vn 0.1588 0.1807 0.9706
vn 0.3111 0.2053 0.9279
vn 0.4850 0.2368 0.8419
vn 0.6624 0.2707 0.6985
vn 0.8129 0.3006 0.4989
vn 0.9070 0.3220 0.2716
vn 0.9397 0.3365 0.0609
vn 0.9336 0.3531 -0.0605
vn 0.8829 0.3880 -0.2644
vn 0.7745 0.4173 -0.4753
vn 0.6208 0.4314 -0.6546
vn 0.4456 0.4301 -0.7851
vn 0.2879 0.4200 -0.8607
vn 0.1551 0.4104 -0.8986
vn 0.0570 0.4145 -0.9082
vn -0.0766 0.4051 -0.9111
vn -0.1592 0.4094 -0.8984
vn -0.2886 0.4199 -0.8605
vn -0.4509 0.4289 -0.7828
vn -0.6131 0.4287 -0.6636
vn -0.7671 0.4148 -0.4893
vn -0.8795 0.3861 -0.2783
vn -0.9338 0.3514 -0.0672
vn -0.9850 -0.1564 0.0723
vn -0.9377 -0.1702 0.3028
vn -0.8248 -0.1777 0.5368
vn -0.6679 -0.1769 0.7229
vn -0.4864 -0.1707 0.8569
vn -0.3130 -0.1627 0.9357
vn -0.1617 -0.1559 0.9744
vn -0.0372 -0.1520 0.9877
vn 0.0365 -0.1524 0.9876
vn 0.1585 -0.1572 0.9748
vn 0.3072 -0.1647 0.9373
vn 0.4787 -0.1733 0.8607
vn 0.6602 -0.1799 0.7292
vn 0.8293 -0.1802 0.5290
vn 0.9392 -0.1717 0.2972
vn 0.9851 -0.1570 0.0708
vn 0.9868 -0.1457 -0.0710
vn 0.9459 -0.1249 -0.2994
vn 0.8391 -0.0970 -0.5352
vn 0.6771 -0.0666 -0.7329
vn 0.4932 -0.0394 -0.8690
vn 0.3172 -0.0190 -0.9482
vn 0.1700 -0.0035 -0.9854
vn 0.0626 0.0186 -0.9979
vn -0.0369 0.0022 -0.9993
vn -0.1605 -0.0073 -0.9870
vn -0.3114 -0.0208 -0.9500
vn -0.4857 -0.0415 -0.8731
vn -0.6696 -0.0687 -0.7395
vn -0.8340 -0.0989 -0.5428
vn -0.9440 -0.1263 -0.3048
vn -0.9866 -0.1462 -0.0724
vn 0.3739 0.9266 -0.0395
vn 0.3675 0.9163 -0.1592
vn 0.3505 0.8864 -0.3025
vn 0.3188 0.8272 -0.4628
vn 0.2685 0.7327 -0.6253
vn 0.1985 0.6097 -0.7674
vn 0.1144 0.4856 -0.8667
vn 0.0291 0.3992 -0.9164
vn -0.0291 0.3992 -0.9164
vn -0.1144 0.4856 -0.8667
vn -0.1985 0.6097 -0.7674
vn -0.2685 0.7327 -0.6253
vn -0.3188 0.8272 -0.4628
vn -0.3505 0.8864 -0.3025
vn -0.3675 0.9163 -0.1592
vn -0.3739 0.9266 -0.0395
vn -0.3713 0.9278 0.0368
vn -0.3519 0.9244 0.1468
vn -0.3240 0.9062 0.2716
vn -0.2856 0.8693 0.4033
vn -0.2353 0.8123 0.5337
vn -0.1725 0.7392 0.6510
vn -0.1021 0.6657 0.7392
vn -0.0356 0.6156 0.7873
vn 0.0356 0.6156 0.7873
vn 0.1021 0.6657 0.7392
vn 0.1725 0.7392 0.6510
vn 0.2353 0.8123 0.5337
vn 0.2856 0.8693 0.4033
vn 0.3240 0.9062 0.2716
vn 0.3519 0.9244 0.1468
vn 0.3713 0.9278 0.0368
vn 0.8805 0.4668 -0.0830
vn 0.8837 0.4607 -0.0833
vn -0.0004 1.0000 -0.0000
vn 0.8265 0.4522 -0.3353
vn 0.8324 0.4396 -0.3375
vn 0.7317 0.4257 -0.5324
vn 0.7104 0.4122 -0.5704
vn 0.7206 0.4391 -0.5366
vn 0.7053 0.4259 -0.5668
vn 0.5762 0.3865 -0.7202
vn 0.4097 0.3483 -0.8431
vn 0.2585 0.3122 -0.9142
vn 0.1311 0.2823 -0.9503
vn 0.0288 0.2622 -0.9646
vn -0.0288 0.2622 -0.9646
vn -0.1311 0.2823 -0.9503
vn -0.2585 0.3122 -0.9142
vn -0.4097 0.3483 -0.8431
vn -0.5762 0.3865 -0.7202
vn -0.7292 0.4320 -0.5306
vn -0.7105 0.4122 -0.5704
vn -0.8265 0.4522 -0.3353
vn -0.8324 0.4396 -0.3375
vn -0.8837 0.4607 -0.0833
vn -0.8638 0.4956 0.0902
vn -0.8743 0.4813 0.0635
vn -0.0000 0.9006 0.4347
vn -0.7701 0.5492 0.3244
vn -0.6643 0.5772 0.4749
vn -0.5107 0.5824 0.6324
vn -0.3568 0.5818 0.7309
vn -0.2236 0.5719 0.7893
vn -0.1216 0.5605 0.8192
vn -0.0556 0.5552 0.8299
vn 0.0556 0.5552 0.8299
vn 0.1216 0.5605 0.8192
vn 0.2236 0.5719 0.7893
vn 0.3568 0.5818 0.7309
vn 0.5107 0.5824 0.6324
vn 0.6643 0.5772 0.4749
vn 0.7797 0.5330 0.3285
vn 0.7701 0.5492 0.3244
vn 0.7956 0.5402 0.2741
vn 0.8704 0.4839 0.0909
vn 0.8638 0.4956 0.0902
vn 0.9415 -0.0382 -0.3349
vn 0.8530 -0.0283 -0.5211
vn 0.8083 0.0039 -0.5888
vn 0.7089 -0.1365 -0.6919
vn 0.6857 0.0441 -0.7265
vn 0.6245 0.0221 -0.7807
vn 0.6860 0.0167 -0.7274
vn 0.6270 0.0411 -0.7780
vn 0.4921 0.0837 -0.8665
vn 0.3088 0.1100 -0.9447
vn 0.1540 0.1225 -0.9805
vn 0.0322 0.1222 -0.9920
vn -0.0322 0.1222 -0.9920
vn -0.1540 0.1225 -0.9805
vn -0.3088 0.1100 -0.9447
vn -0.4921 0.0837 -0.8665
vn -0.6857 0.0441 -0.7265
vn -0.8530 -0.0283 -0.5211
vn -0.8388 0.0288 -0.5437
vn -0.8080 -0.0240 -0.5887
vn -0.9958 -0.0441 0.0797
vn -0.9600 -0.0082 0.2798
vn -0.9600 0.0135 0.2796
vn -0.9400 0.0270 0.3402
vn -0.9363 0.0015 0.3512
vn -0.8515 0.0963 0.5155
vn -0.6784 0.1780 0.7128
vn -0.4821 0.2399 0.8426
vn -0.3004 0.2776 0.9125
vn -0.1653 0.2973 0.9404
vn -0.0875 0.3148 0.9451
vn 0.0875 0.3148 0.9451
vn 0.1653 0.2973 0.9404
vn 0.3004 0.2776 0.9125
vn 0.4821 0.2399 0.8426
vn 0.6784 0.1780 0.7128
vn 0.8515 0.0963 0.5155
vn 0.9400 0.0270 0.3402
vn 0.9600 -0.0082 0.2798
vn 0.9499 0.0299 0.3110
vn 0.9831 -0.0370 0.1792
vn 0.9618 -0.2667 -0.0622
vn 0.9615 -0.2684 -0.0591
vn 0.9241 -0.2636 -0.2766
vn 0.8254 -0.2494 -0.5065
vn 0.6707 -0.2242 -0.7071
vn 0.4899 -0.1930 -0.8502
vn 0.3138 -0.1628 -0.9354
vn 0.1600 -0.1388 -0.9773
vn 0.0351 -0.1240 -0.9917
vn -0.0351 -0.1240 -0.9917
vn -0.1600 -0.1388 -0.9773
vn -0.3138 -0.1628 -0.9354
vn -0.4899 -0.1930 -0.8502
vn -0.6707 -0.2242 -0.7071
vn -0.8254 -0.2494 -0.5065
vn -0.9251 -0.2637 -0.2732
vn -0.9245 -0.2623 -0.2767
vn -0.9613 -0.2687 -0.0607
vn -0.9618 -0.2667 -0.0622
vn -0.9614 -0.2688 -0.0585
vn -0.9598 -0.2738 0.0625
vn -0.9595 -0.2756 0.0582
vn -0.9154 -0.2939 0.2750
vn -0.6551 -0.3053 0.6912
vn -0.4776 -0.2916 0.8288
vn -0.3063 -0.2727 0.9121
vn -0.1688 -0.2580 0.9513
vn -0.0810 -0.2567 0.9631
vn 0.0810 -0.2567 0.9631
vn 0.1688 -0.2580 0.9513
vn 0.3063 -0.2727 0.9121
vn 0.4776 -0.2916 0.8288
vn 0.6551 -0.3053 0.6912
vn 0.9154 -0.2939 0.2750
vn 0.9591 -0.2761 0.0625
vn 0.9384 -0.3388 -0.0688
vn 0.9009 -0.3252 -0.2876
vn 0.8012 -0.3033 -0.5158
vn 0.6493 -0.2722 -0.7101
vn 0.4755 -0.2375 -0.8470
vn 0.3074 -0.2053 -0.9292
vn 0.1592 -0.1801 -0.9707
vn 0.0367 -0.1643 -0.9857
vn -0.0367 -0.1643 -0.9857
vn -0.1592 -0.1801 -0.9707
vn -0.3074 -0.2053 -0.9292
vn -0.4755 -0.2375 -0.8470
vn -0.6493 -0.2722 -0.7101
vn -0.8012 -0.3033 -0.5158
vn -0.9009 -0.3252 -0.2876
vn -0.9384 -0.3388 -0.0688
vn -0.9341 -0.3512 0.0640
vn -0.8812 -0.3858 0.2732
vn -0.7692 -0.4146 0.4863
vn -0.6135 -0.4285 0.6633
vn -0.4443 -0.4301 0.7859
vn -0.2861 -0.4199 0.8613
vn -0.1542 -0.4104 0.8988
vn -0.0569 -0.4147 0.9082
vn 0.0569 -0.4147 0.9082
vn 0.1542 -0.4104 0.8988
vn 0.2861 -0.4199 0.8613
vn 0.4443 -0.4301 0.7859
vn 0.6135 -0.4285 0.6633
vn 0.7692 -0.4146 0.4863
vn 0.8812 -0.3858 0.2732
vn 0.9341 -0.3512 0.0640
vn 0.9851 0.1560 -0.0725
vn 0.9377 0.1698 -0.3030
vn 0.8250 0.1775 -0.5366
vn 0.6607 0.1800 -0.7288
vn 0.4793 0.1731 -0.8604
vn 0.3076 0.1644 -0.9372
vn 0.1587 0.1569 -0.9748
vn 0.0365 0.1523 -0.9877
vn -0.0365 0.1523 -0.9877
vn -0.1587 0.1569 -0.9748
vn -0.3076 0.1644 -0.9372
vn -0.4793 0.1731 -0.8604
vn -0.6607 0.1800 -0.7288
vn -0.8250 0.1775 -0.5366
vn -0.9377 0.1698 -0.3030
vn -0.9851 0.1560 -0.0725
vn -0.9867 0.1460 0.0720
vn -0.9444 0.1261 0.3037
vn -0.8350 0.0987 0.5413
vn -0.6708 0.0683 0.7385
vn -0.4867 0.0411 0.8726
vn -0.3120 0.0204 0.9499
vn -0.1609 0.0072 0.9869
vn -0.0373 -0.0020 0.9993
vn 0.0373 -0.0020 0.9993
vn 0.1609 0.0072 0.9869
vn 0.3120 0.0204 0.9499
vn 0.4867 0.0411 0.8726
vn 0.6708 0.0683 0.7385
vn 0.8350 0.0987 0.5413
vn 0.9444 0.1261 0.3037
vn 0.9867 0.1460 0.0720
vn -0.9255 0.3714 0.0745
vn -0.8842 0.3841 0.2659
vn -0.7858 0.4252 0.4491
vn -0.6331 0.5035 0.5879
vn -0.4464 0.6169 0.6483
vn -0.2610 0.7435 0.6157
vn -0.1158 0.8466 0.5194
vn -0.0254 0.9041 0.4265
vn 0.0429 0.9179 0.3945
vn 0.1695 0.8958 0.4109
vn 0.3195 0.8262 0.4640
vn 0.4863 0.7145 0.5029
vn 0.6497 0.5889 0.4807
vn 0.7861 0.4834 0.3852
vn 0.8788 0.4143 0.2369
vn 0.9223 0.3804 0.0679
vn 0.9256 0.3712 -0.0745
vn 0.8885 0.3731 -0.2672
vn 0.7964 0.3981 -0.4552
vn 0.6532 0.4531 -0.6066
vn 0.4789 0.5357 -0.6955
vn 0.3023 0.6324 -0.7132
vn 0.1512 0.7192 -0.6781
vn 0.0378 0.7733 -0.6330
vn -0.0500 0.7879 -0.6137
vn -0.1894 0.7665 -0.6137
vn -0.3467 0.7034 -0.6205
vn -0.5113 0.6109 -0.6044
vn -0.6682 0.5148 -0.5371
vn -0.7982 0.4376 -0.4139
vn -0.8859 0.3897 -0.2516
vn -0.9258 0.3706 -0.0749
vn 0.1650 -0.9861 -0.0174
vn 0.1669 -0.9842 -0.0600
vn 0.1521 -0.9834 -0.0990
vn 0.1191 -0.9841 -0.1315
vn 0.0824 -0.9855 -0.1481
vn 0.0502 -0.9869 -0.1531
vn 0.0249 -0.9879 -0.1530
vn 0.0056 -0.9883 -0.1523
vn -0.0065 -0.9879 -0.1548
vn -0.0283 -0.9869 -0.1586
vn -0.0563 -0.9856 -0.1596
vn -0.0897 -0.9842 -0.1528
vn -0.1234 -0.9834 -0.1330
vn -0.1484 -0.9840 -0.0988
vn -0.1583 -0.9861 -0.0511
vn -0.1519 -0.9883 -0.0111
vn -0.1387 -0.9903 0.0048
vn -0.1089 -0.9934 0.0352
vn -0.0714 -0.9964 0.0464
vn -0.0374 -0.9985 0.0413
vn -0.0151 -0.9995 0.0272
vn -0.0041 -0.9999 0.0124
vn 0.0003 -1.0000 -0.0021
vn 0.0004 -0.9999 -0.0102
vn 0.0021 -1.0000 -0.0024
vn 0.0079 -0.9999 0.0115
vn 0.0171 -0.9995 0.0263
vn 0.0369 -0.9985 0.0416
vn 0.0673 -0.9964 0.0514
vn 0.1028 -0.9935 0.0484
vn 0.1339 -0.9905 0.0308
vn 0.1520 -0.9883 0.0112
vn -0.0001 -0.9010 0.4339
vn 0.0001 -0.9010 0.4339
vn -0.0002 -0.9010 -0.4338
vn 0.0001 -0.6235 -0.7818
vn -0.0000 0.6234 -0.7819
vn -0.0002 0.9010 0.4339
vn -0.0001 0.6234 0.7819
vn -0.0001 0.6233 0.7819
vt 0.000000 0.000000
vt 0.031250 0.166667
vt 0.000000 0.166667
vt 0.031250 0.000000
vt 0.062500 0.166667
vt 0.062500 0.000000
vt 0.093750 0.166667
vt 0.093750 0.000000
vt 0.125000 0.166667
vt 0.125000 0.000000
vt 0.156250 0.166667
vt 0.156250 0.000000
vt 0.187500 0.166667
vt 0.187500 0.000000
vt 0.218750 0.166667
vt 0.218750 0.000000
vt 0.250000 0.166667
vt 0.281250 0.000000
vt 0.250000 0.000000
vt 0.312500 0.000000
vt 0.281250 0.166667
vt 0.343750 0.000000
vt 0.312500 0.166667
vt 0.375000 0.000000
vt 0.343750 0.166667
vt 0.406250 0.000000
vt 0.375000 0.166667
vt 0.437500 0.000000
vt 0.406250 0.166667
vt 0.468750 0.000000
vt 0.437500 0.166667
vt 0.500000 0.000000
vt 0.468750 0.166667
vt 0.531250 0.000000
vt 0.500000 0.166667
vt 0.562500 0.166667
vt 0.531250 0.166667
vt 0.562500 0.000000
vt 0.593750 0.166667
vt 0.593750 0.000000
vt 0.625000 0.166667
vt 0.625000 0.000000
vt 0.656250 0.166667
vt 0.656250 0.000000
vt 0.687500 0.166667
vt 0.687500 0.000000
vt 0.718750 0.166667
vt 0.718750 0.000000
vt 0.750000 0.166667
vt 0.781250 0.000000
vt 0.750000 0.000000
vt 0.812500 0.000000
vt 0.781250 0.166667
vt 0.843750 0.000000
vt 0.812500 0.166667
vt 0.875000 0.000000
vt 0.843750 0.166667
vt 0.906250 0.000000
vt 0.875000 0.166667
vt 0.937500 0.000000
vt 0.906250 0.166667
vt 0.968750 0.000000
vt 0.937500 0.166667
vt 1.000000 0.166667
vt 0.968750 0.166667
vt 0.000000 0.184309
vt 0.026781 0.184326
vt 0.037464 0.194104
vt 0.031250 0.189103
vt 0.074474 0.223450
vt 0.073605 0.221695
vt 0.109945 0.333333
vt 0.107342 0.288446
vt 0.156250 0.333333
vt 0.125000 0.333333
vt 0.187500 0.333333
vt 0.218750 0.333333
vt 0.250000 0.333333
vt 0.281250 0.333333
vt 0.312500 0.333333
vt 0.343750 0.333333
vt 0.397201 0.278466
vt 0.392265 0.288210
vt 0.437500 0.213598
vt 0.425948 0.221257
vt 0.468750 0.189103
vt 0.446497 0.206030
vt 0.500000 0.184309
vt 0.473253 0.184234
vt 0.500000 0.184309
vt 0.512073 0.184371
vt 0.557930 0.288521
vt 0.543734 0.221758
vt 0.562500 0.333333
vt 0.625000 0.333333
vt 0.593750 0.333333
vt 0.656250 0.333333
vt 0.687500 0.333333
vt 0.718750 0.333333
vt 0.750000 0.333333
vt 0.781250 0.333333
vt 0.812500 0.333333
vt 0.843750 0.333333
vt 0.875000 0.333333
vt 0.937500 0.333333
vt 0.906250 0.333333
vt 0.952424 0.236173
vt 0.941958 0.288312
vt 1.000000 0.184309
vt 0.987910 0.184275
vt 0.062500 0.500000
vt 0.060557 0.488596
vt 0.062500 0.486979
vt 0.062844 0.486744
vt 0.093750 0.434947
vt 0.095652 0.432381
vt 0.114130 0.364594
vt 0.125000 0.500000
vt 0.156250 0.500000
vt 0.187500 0.500000
vt 0.250000 0.500000
vt 0.218750 0.500000
vt 0.312500 0.500000
vt 0.281250 0.500000
vt 0.343750 0.500000
vt 0.375000 0.500000
vt 0.375000 0.333333
vt 0.404164 0.432372
vt 0.437500 0.500000
vt 0.406250 0.434947
vt 0.434311 0.482107
vt 0.437500 0.486979
vt 0.452554 0.500000
vt 0.531250 0.500000
vt 0.515982 0.486742
vt 0.524715 0.460128
vt 0.562500 0.500000
vt 0.536222 0.432379
vt 0.553402 0.364585
vt 0.593750 0.500000
vt 0.625000 0.500000
vt 0.656250 0.500000
vt 0.687500 0.500000
vt 0.718750 0.500000
vt 0.781250 0.500000
vt 0.750000 0.500000
vt 0.812500 0.500000
vt 0.843750 0.500000
vt 0.875000 0.500000
vt 0.906250 0.500000
vt 0.937500 0.500000
vt 0.968750 0.500000
vt 0.946482 0.364580
vt 0.984016 0.486747
vt 0.993975 0.500000
vt 0.031250 0.666667
vt 0.000000 0.508844
vt 0.005622 0.516922
vt 0.062500 0.666667
vt 0.031250 0.514368
vt 0.047446 0.500000
vt 0.093750 0.500000
vt 0.093750 0.666667
vt 0.125000 0.666667
vt 0.156250 0.666667
vt 0.187500 0.666667
vt 0.218750 0.666667
vt 0.281250 0.666667
vt 0.250000 0.666667
vt 0.312500 0.666667
vt 0.343750 0.666667
vt 0.375000 0.666667
vt 0.406250 0.666667
vt 0.406250 0.500000
vt 0.437500 0.666667
vt 0.468750 0.666667
vt 0.500000 0.666667
vt 0.468750 0.514368
vt 0.470583 0.516911
vt 0.531250 0.666667
vt 0.500000 0.508844
vt 0.506025 0.500000
vt 0.562500 0.666667
vt 0.593750 0.666667
vt 0.625000 0.666667
vt 0.656250 0.666667
vt 0.687500 0.666667
vt 0.718750 0.666667
vt 0.781250 0.666667
vt 0.750000 0.666667
vt 0.812500 0.666667
vt 0.843750 0.666667
vt 0.875000 0.666667
vt 0.906250 0.666667
vt 0.937500 0.666667
vt 0.968750 0.666667
vt 1.000000 0.508844
vt 0.000000 0.833333
vt 0.000000 0.666667
vt 0.031250 0.833333
vt 0.062500 0.833333
vt 0.093750 0.833333
vt 0.125000 0.833333
vt 0.156250 0.833333
vt 0.187500 0.833333
vt 0.218750 0.833333
vt 0.281250 0.833333
vt 0.250000 0.833333
vt 0.312500 0.833333
vt 0.343750 0.833333
vt 0.375000 0.833333
vt 0.406250 0.833333
vt 0.437500 0.833333
vt 0.468750 0.833333
vt 0.500000 0.833333
vt 0.531250 0.833333
vt 0.562500 0.833333
vt 0.593750 0.833333
vt 0.625000 0.833333
vt 0.656250 0.833333
vt 0.687500 0.833333
vt 0.718750 0.833333
vt 0.781250 0.833333
vt 0.750000 0.833333
vt 0.812500 0.833333
vt 0.843750 0.833333
vt 0.875000 0.833333
vt 0.906250 0.833333
vt 0.937500 0.833333
vt 1.000000 0.666667
vt 0.968750 0.833333
vt 0.000000 1.000000
vt 0.031250 1.000000
vt 0.062500 1.000000
vt 0.125000 1.000000
vt 0.093750 1.000000
vt 0.156250 1.000000
vt 0.187500 1.000000
vt 0.218750 1.000000
vt 0.250000 1.000000
vt 0.281250 1.000000
vt 0.312500 1.000000
vt 0.343750 1.000000
vt 0.375000 1.000000
vt 0.437500 1.000000
vt 0.406250 1.000000
vt 0.468750 1.000000
vt 0.500000 1.000000
vt 0.531250 1.000000
vt 0.562500 1.000000
vt 0.593750 1.000000
vt 0.625000 1.000000
vt 0.656250 1.000000
vt 0.687500 1.000000
vt 0.718750 1.000000
vt 0.750000 1.000000
vt 0.781250 1.000000
vt 0.812500 1.000000
vt 0.843750 1.000000
vt 0.875000 1.000000
vt 0.906250 1.000000
vt 0.937500 1.000000
vt 1.000000 0.833333
vt 0.968750 1.000000
vt 1.000000 0.000000
vt 0.000000 0.205281
vt 0.025137 0.205021
vt 0.031250 0.211576
vt 0.043304 0.221634
vt 0.063393 0.238080
vt 0.090588 0.298690
vt 0.425503 0.260669
vt 0.436579 0.238049
vt 0.437500 0.237414
vt 0.450591 0.225999
vt 0.474858 0.204931
vt 0.478139 0.204933
vt 0.509083 0.205590
vt 0.531250 0.234809
vt 0.549394 0.301153
vt 0.957802 0.265091
vt 0.968750 0.234809
vt 0.980747 0.217848
vt 0.058975 0.479672
vt 0.057209 0.483762
vt 0.083920 0.432690
vt 0.093750 0.343851
vt 0.093750 0.333333
vt 0.092486 0.333333
vt 0.097116 0.368449
vt 0.402553 0.368435
vt 0.430033 0.458767
vt 0.415560 0.432716
vt 0.407003 0.337187
vt 0.406250 0.333333
vt 0.406250 0.343851
vt 0.442741 0.483778
vt 0.437500 0.471806
vt 0.524050 0.456877
vt 0.515275 0.483590
vt 0.547476 0.369782
vt 0.532999 0.432800
vt 0.966964 0.432799
vt 0.952369 0.369781
vt 0.984721 0.483597
vt 0.968750 0.436058
vt 0.027955 0.512370
vt 0.005441 0.512323
vt 0.039263 0.500000
vt 0.468750 0.507619
vt 0.460737 0.500000
vt 0.500000 0.504234
vt 0.494560 0.512317
vt 0.502819 0.500000
vt 0.500000 0.504234
vt 1.000000 0.504234
vt 1.000000 1.000000
vt 0.004413 0.184378
vt 0.031250 0.189103
vt 0.062500 0.213598
vt 0.062500 0.213598
vt 0.093750 0.262559
vt 0.390055 0.333333
vt 0.406250 0.262559
vt 0.420230 0.232221
vt 0.437500 0.213598
vt 0.473214 0.184235
vt 0.504517 0.184387
vt 0.531250 0.209185
vt 0.543277 0.221313
vt 0.531250 0.209185
vt 0.553056 0.333333
vt 0.556908 0.297112
vt 0.968750 0.209185
vt 0.955971 0.221250
vt 0.946944 0.333333
vt 0.976471 0.198382
vt 0.968750 0.209185
vt 0.062500 0.486979
vt 0.084646 0.449268
vt 0.105290 0.394332
vt 0.109945 0.333333
vt 0.406250 0.434947
vt 0.390055 0.333333
vt 0.385297 0.364567
vt 0.437138 0.486745
vt 0.437500 0.486979
vt 0.531250 0.441198
vt 0.531250 0.441198
vt 0.544406 0.398808
vt 0.963689 0.432375
vt 0.968750 0.441198
vt 0.946944 0.333333
vt 0.029417 0.516917
vt 0.494379 0.516913
vt 0.500000 0.508844
vt 0.031250 0.211576
vt 0.009269 0.205266
vt 0.062500 0.237414
vt 0.062500 0.237414
vt 0.086714 0.289784
vt 0.437500 0.237414
vt 0.407514 0.333333
vt 0.409309 0.298576
vt 0.468750 0.211576
vt 0.500000 0.205281
vt 0.468750 0.211576
vt 0.500000 0.205281
vt 0.509769 0.206438
vt 0.531250 0.234809
vt 0.535744 0.239646
vt 0.546678 0.333333
vt 0.964121 0.239392
vt 0.968750 0.234809
vt 0.953322 0.333333
vt 0.950458 0.300855
vt 0.990871 0.205314
vt 1.000000 0.205281
vt 0.062500 0.471806
vt 0.082121 0.435735
vt 0.062500 0.471806
vt 0.093750 0.382940
vt 0.093750 0.343851
vt 0.093750 0.382940
vt 0.406250 0.343851
vt 0.406250 0.382940
vt 0.406250 0.382940
vt 0.460737 0.500000
vt 0.531250 0.436058
vt 0.542551 0.390174
vt 0.953322 0.333333
vt 0.997181 0.500000
vt 0.000000 0.504234
vt 0.031250 0.507619
vt 0.472045 0.512364
vt 0.468750 0.507619
s 0
g A_Torso.001_brigandine_body
usemtl brigandine_body
f 1/1/1 34/2/1 33/3/1
f 2/4/2 35/5/2 34/2/2
f 3/6/3 36/7/3 35/5/3
f 4/8/4 37/9/4 36/7/4
f 5/10/5 38/11/5 37/9/5
f 6/12/6 39/13/6 38/11/6
f 7/14/7 40/15/7 39/13/7
f 8/16/8 41/17/8 40/15/8
f 10/18/9 41/17/9 9/19/9
f 11/20/10 42/21/10 10/18/10
f 12/22/11 43/23/11 11/20/11
f 13/24/12 44/25/12 12/22/12
f 14/26/13 45/27/13 13/24/13
f 15/28/14 46/29/14 14/26/14
f 16/30/15 47/31/15 15/28/15
f 17/32/16 48/33/16 16/30/16
f 18/34/17 49/35/17 17/32/17
f 18/34/18 51/36/18 50/37/18
f 19/38/19 52/39/19 51/36/19
f 20/40/20 53/41/20 52/39/20
f 21/42/21 54/43/21 53/41/21
f 22/44/22 55/45/22 54/43/22
f 23/46/23 56/47/23 55/45/23
f 24/48/24 57/49/24 56/47/24
f 26/50/25 57/49/25 25/51/25
f 27/52/26 58/53/26 26/50/26
f 28/54/27 59/55/27 27/52/27
f 29/56/28 60/57/28 28/54/28
f 30/58/29 61/59/29 29/56/29
f 31/60/30 62/61/30 30/58/30
f 32/62/31 63/63/31 31/60/31
f 32/62/32 33/64/32 64/65/32
f 426/66/33 34/2/33 424/67/33
f 35/5/34 428/68/34 425/69/34
f 36/7/35 429/70/35 431/71/35
f 37/9/36 433/72/36 432/73/36
f 37/9/37 66/74/37 65/75/37
f 38/11/38 67/76/38 66/74/38
f 39/13/39 68/77/39 67/76/39
f 40/15/40 69/78/40 68/77/40
f 42/21/41 69/78/41 41/17/41
f 43/23/42 70/79/42 42/21/42
f 44/25/43 71/80/43 43/23/43
f 45/27/44 72/81/44 44/25/44
f 45/27/45 435/82/45 436/83/45
f 46/29/46 440/84/46 438/85/46
f 47/31/47 441/86/47 442/87/47
f 48/33/48 444/88/48 443/89/48
f 444/90/49 50/37/49 446/91/49
f 51/36/50 449/92/50 451/93/50
f 52/39/51 74/94/51 51/36/51
f 52/39/52 76/95/52 75/96/52
f 53/41/53 77/97/53 76/95/53
f 54/43/54 78/98/54 77/97/54
f 55/45/55 79/99/55 78/98/55
f 56/47/56 80/100/56 79/99/56
f 58/53/57 80/100/57 57/49/57
f 59/55/58 81/101/58 58/53/58
f 60/57/59 82/102/59 59/55/59
f 61/59/60 83/103/60 60/57/60
f 62/61/61 84/104/61 61/59/61
f 62/61/62 86/105/62 85/106/62
f 63/63/63 455/107/63 458/108/63
f 64/65/64 426/109/64 459/110/64
f 87/111/65 462/112/65 461/113/65
f 87/111/66 466/114/66 465/115/66
f 65/75/67 469/116/67 467/117/67
f 66/74/68 89/118/68 65/75/68
f 67/76/69 90/119/69 66/74/69
f 68/77/70 91/120/70 67/76/70
f 68/77/71 93/121/71 92/122/71
f 70/79/72 93/121/72 69/78/72
f 70/79/73 95/123/73 94/124/73
f 71/80/74 96/125/74 95/123/74
f 72/81/75 97/126/75 96/125/75
f 97/126/76 73/127/76 470/128/76
f 99/129/77 471/130/77 473/131/77
f 99/129/78 475/132/78 476/133/78
f 100/134/79 479/135/79 478/136/79
f 101/137/80 483/138/80 481/139/80
f 75/96/81 101/137/81 74/94/81
f 76/95/82 102/140/82 75/96/82
f 77/97/83 103/141/83 76/95/83
f 78/98/84 104/142/84 77/97/84
f 79/99/85 105/143/85 78/98/85
f 80/100/86 106/144/86 79/99/86
f 80/100/87 108/145/87 107/146/87
f 81/101/88 109/147/88 108/145/88
f 82/102/89 110/148/89 109/147/89
f 83/103/90 111/149/90 110/148/90
f 84/104/91 112/150/91 111/149/91
f 85/106/92 113/151/92 112/150/92
f 114/152/93 86/105/93 484/153/93
f 114/152/94 487/154/94 488/155/94
f 116/156/95 492/157/95 489/158/95
f 117/159/96 491/160/96 463/161/96
f 88/162/97 117/159/97 87/111/97
f 89/118/98 118/163/98 88/162/98
f 90/119/99 119/164/99 89/118/99
f 91/120/100 120/165/100 90/119/100
f 92/122/101 121/166/101 91/120/101
f 93/121/102 122/167/102 92/122/102
f 93/121/103 124/168/103 123/169/103
f 94/124/104 125/170/104 124/168/104
f 95/123/105 126/171/105 125/170/105
f 96/125/106 127/172/106 126/171/106
f 97/126/107 128/173/107 127/172/107
f 98/174/108 129/175/108 128/173/108
f 130/176/109 99/129/109 476/133/109
f 131/177/110 493/178/110 496/179/110
f 132/180/111 495/181/111 480/182/111
f 100/134/112 133/183/112 132/180/112
f 101/137/113 134/184/113 133/183/113
f 103/141/114 134/184/114 102/140/114
f 104/142/115 135/185/115 103/141/115
f 105/143/116 136/186/116 104/142/116
f 106/144/117 137/187/117 105/143/117
f 107/146/118 138/188/118 106/144/118
f 107/146/119 140/189/119 139/190/119
f 108/145/120 141/191/120 140/189/120
f 109/147/121 142/192/121 141/191/121
f 110/148/122 143/193/122 142/192/122
f 111/149/123 144/194/123 143/193/123
f 113/151/124 144/194/124 112/150/124
f 114/152/125 145/195/125 113/151/125
f 146/196/126 488/155/126 492/197/126
f 116/156/127 147/198/127 115/199/127
f 117/159/128 148/200/128 116/156/128
f 118/163/129 149/201/129 117/159/129
f 119/164/130 150/202/130 118/163/130
f 120/165/131 151/203/131 119/164/131
f 121/166/132 152/204/132 120/165/132
f 122/167/133 153/205/133 121/166/133
f 123/169/134 154/206/134 122/167/134
f 123/169/135 156/207/135 155/208/135
f 124/168/136 157/209/136 156/207/136
f 125/170/137 158/210/137 157/209/137
f 126/171/138 159/211/138 158/210/138
f 127/172/139 160/212/139 159/211/139
f 128/173/140 161/213/140 160/212/140
f 129/175/141 162/214/141 161/213/141
f 130/176/142 163/215/142 162/214/142
f 131/177/143 164/216/143 163/215/143
f 132/180/144 165/217/144 164/216/144
f 133/183/145 166/218/145 165/217/145
f 134/184/146 167/219/146 166/218/146
f 136/186/147 167/219/147 135/185/147
f 137/187/148 168/220/148 136/186/148
f 138/188/149 169/221/149 137/187/149
f 139/190/150 170/222/150 138/188/150
f 139/190/151 172/223/151 171/224/151
f 140/189/152 173/225/152 172/223/152
f 141/191/153 174/226/153 173/225/153
f 142/192/154 175/227/154 174/226/154
f 144/194/155 175/227/155 143/193/155
f 145/195/156 176/228/156 144/194/156
f 146/196/157 177/229/157 145/195/157
f 115/230/158 178/231/158 146/196/158
f 148/200/159 179/232/159 147/198/159
f 149/201/160 180/233/160 148/200/160
f 150/202/161 181/234/161 149/201/161
f 150/202/162 183/235/162 182/236/162
f 151/203/163 184/237/163 183/235/163
f 152/204/164 185/238/164 184/237/164
f 153/205/165 186/239/165 185/238/165
f 154/206/166 187/240/166 186/239/166
f 156/207/167 187/240/167 155/208/167
f 157/209/168 188/241/168 156/207/168
f 158/210/169 189/242/169 157/209/169
f 159/211/170 190/243/170 158/210/170
f 160/212/171 191/244/171 159/211/171
f 160/212/172 193/245/172 192/246/172
f 161/213/173 194/247/173 193/245/173
f 162/214/174 195/248/174 194/247/174
f 163/215/175 196/249/175 195/248/175
f 164/216/176 197/250/176 196/249/176
f 165/217/177 198/251/177 197/250/177
f 166/218/178 199/252/178 198/251/178
f 167/219/179 200/253/179 199/252/179
f 168/220/180 201/254/180 200/253/180
f 169/221/181 202/255/181 201/254/181
f 170/222/182 203/256/182 202/255/182
f 172/223/183 203/256/183 171/224/183
f 173/225/184 204/257/184 172/223/184
f 174/226/185 205/258/185 173/225/185
f 175/227/186 206/259/186 174/226/186
f 176/228/187 207/260/187 175/227/187
f 177/229/188 208/261/188 176/228/188
f 178/231/189 209/262/189 177/229/189
f 147/263/190 210/264/190 178/231/190
f 211/1/191 244/2/191 212/4/191
f 212/4/192 245/5/192 213/6/192
f 213/6/193 246/7/193 214/8/193
f 214/8/194 247/9/194 215/10/194
f 215/10/195 248/11/195 216/12/195
f 216/12/196 249/13/196 217/14/196
f 217/14/197 250/15/197 218/16/197
f 218/16/198 251/17/198 219/19/198
f 251/17/199 220/18/199 219/19/199
f 252/21/200 221/20/200 220/18/200
f 253/23/201 222/22/201 221/20/201
f 254/25/202 223/24/202 222/22/202
f 255/27/203 224/26/203 223/24/203
f 256/29/204 225/28/204 224/26/204
f 257/31/205 226/30/205 225/28/205
f 258/33/206 227/32/206 226/30/206
f 259/35/207 228/34/207 227/32/207
f 228/34/208 261/36/208 229/38/208
f 229/38/209 262/39/209 230/40/209
f 230/40/210 263/41/210 231/42/210
f 231/42/211 264/43/211 232/44/211
f 232/44/212 265/45/212 233/46/212
f 233/46/213 266/47/213 234/48/213
f 234/48/214 267/49/214 235/51/214
f 267/49/215 236/50/215 235/51/215
f 268/53/216 237/52/216 236/50/216
f 269/55/217 238/54/217 237/52/217
f 270/57/218 239/56/218 238/54/218
f 271/59/219 240/58/219 239/56/219
f 272/61/220 241/60/220 240/58/220
f 273/63/221 242/62/221 241/60/221
f 242/62/222 243/64/222 211/265/222
f 244/2/223 498/266/223 500/267/223
f 245/5/224 499/268/224 501/269/224
f 246/7/225 503/270/225 506/271/225
f 246/7/226 276/75/226 247/9/226
f 247/9/227 277/74/227 248/11/227
f 248/11/228 278/76/228 249/13/228
f 249/13/229 279/77/229 250/15/229
f 250/15/230 280/78/230 251/17/230
f 280/78/231 252/21/231 251/17/231
f 281/79/232 253/23/232 252/21/232
f 282/80/233 254/25/233 253/23/233
f 283/81/234 255/27/234 254/25/234
f 284/127/235 256/29/235 255/27/235
f 256/29/236 509/272/236 511/273/236
f 510/274/237 512/275/237 258/33/237
f 258/33/238 515/276/238 514/277/238
f 259/35/239 518/278/239 519/279/239
f 286/94/240 260/37/240 521/280/240
f 286/94/241 262/39/241 261/36/241
f 262/39/242 288/95/242 263/41/242
f 263/41/243 289/97/243 264/43/243
f 264/43/244 290/98/244 265/45/244
f 265/45/245 291/99/245 266/47/245
f 266/47/246 292/100/246 267/49/246
f 292/100/247 268/53/247 267/49/247
f 293/101/248 269/55/248 268/53/248
f 294/102/249 270/57/249 269/55/249
f 295/103/250 271/59/250 270/57/250
f 296/104/251 272/61/251 271/59/251
f 272/61/252 298/105/252 273/63/252
f 274/65/253 298/105/253 525/281/253
f 243/64/254 526/282/254 528/283/254
f 299/111/255 531/284/255 530/285/255
f 299/111/256 300/162/256 535/286/256
f 537/287/257 275/288/257 504/289/257
f 276/75/258 538/290/258 300/162/258
f 301/118/259 277/74/259 276/75/259
f 302/119/260 278/76/260 277/74/260
f 303/120/261 279/77/261 278/76/261
f 279/77/262 305/121/262 280/78/262
f 305/121/263 281/79/263 280/78/263
f 281/79/264 307/123/264 282/80/264
f 282/80/265 308/125/265 283/81/265
f 283/81/266 309/126/266 284/127/266
f 284/127/267 310/174/267 539/291/267
f 310/174/268 543/292/268 542/293/268
f 544/294/268 285/295/268 541/296/268
f 311/129/269 546/297/269 545/298/269
f 312/134/270 548/299/270 549/300/270
f 286/94/271 554/301/271 552/302/271
f 313/137/272 287/96/272 286/94/272
f 314/140/273 288/95/273 287/96/273
f 315/141/274 289/97/274 288/95/274
f 316/142/275 290/98/275 289/97/275
f 317/143/276 291/99/276 290/98/276
f 318/144/277 292/100/277 291/99/277
f 292/100/278 320/145/278 293/101/278
f 293/101/279 321/147/279 294/102/279
f 294/102/280 322/148/280 295/103/280
f 295/103/281 323/149/281 296/104/281
f 296/104/282 324/150/282 297/106/282
f 297/106/283 325/151/283 298/105/283
f 325/151/284 556/303/284 555/304/284
f 326/152/285 559/305/285 557/306/285
f 328/156/286 562/307/286 561/308/286
f 328/156/287 299/111/287 532/309/287
f 329/159/288 300/162/288 299/111/288
f 330/163/289 301/118/289 300/162/289
f 331/164/290 302/119/290 301/118/290
f 332/165/291 303/120/291 302/119/291
f 333/166/292 304/122/292 303/120/292
f 334/167/293 305/121/293 304/122/293
f 305/121/294 336/168/294 306/124/294
f 306/124/295 337/170/295 307/123/295
f 307/123/296 338/171/296 308/125/296
f 308/125/297 339/172/297 309/126/297
f 309/126/298 340/173/298 310/174/298
f 310/174/299 341/175/299 311/129/299
f 341/175/300 564/310/300 547/311/300
f 342/176/301 566/312/301 565/313/301
f 344/180/302 550/314/302 566/315/302
f 312/134/303 345/183/303 313/137/303
f 313/137/304 346/184/304 314/140/304
f 346/184/305 315/141/305 314/140/305
f 347/185/306 316/142/306 315/141/306
f 348/186/307 317/143/307 316/142/307
f 349/187/308 318/144/308 317/143/308
f 350/188/309 319/146/309 318/144/309
f 319/146/310 352/189/310 320/145/310
f 320/145/311 353/191/311 321/147/311
f 321/147/312 354/192/312 322/148/312
f 322/148/313 355/193/313 323/149/313
f 323/149/314 356/194/314 324/150/314
f 356/194/315 325/151/315 324/150/315
f 357/195/316 326/152/316 325/151/316
f 326/152/317 327/230/317 560/316/317
f 359/198/318 328/156/318 327/199/318
f 360/200/319 329/159/319 328/156/319
f 361/201/320 330/163/320 329/159/320
f 362/202/321 331/164/321 330/163/321
f 363/203/322 332/165/322 331/164/322
f 364/204/323 333/166/323 332/165/323
f 365/205/324 334/167/324 333/166/324
f 366/206/325 335/169/325 334/167/325
f 335/169/326 368/207/326 336/168/326
f 336/168/327 369/209/327 337/170/327
f 337/170/328 370/210/328 338/171/328
f 338/171/329 371/211/329 339/172/329
f 339/172/330 372/212/330 340/173/330
f 340/173/331 373/213/331 341/175/331
f 341/175/332 374/214/332 342/176/332
f 342/176/333 375/215/333 343/177/333
f 343/177/334 376/216/334 344/180/334
f 344/180/335 377/217/335 345/183/335
f 345/183/336 378/218/336 346/184/336
f 346/184/337 379/219/337 347/185/337
f 379/219/338 348/186/338 347/185/338
f 380/220/339 349/187/339 348/186/339
f 381/221/340 350/188/340 349/187/340
f 382/222/341 351/190/341 350/188/341
f 351/190/342 384/223/342 352/189/342
f 352/189/343 385/225/343 353/191/343
f 353/191/344 386/226/344 354/192/344
f 354/192/345 387/227/345 355/193/345
f 387/227/346 356/194/346 355/193/346
f 388/228/347 357/195/347 356/194/347
f 389/229/348 358/196/348 357/195/348
f 390/231/349 327/230/349 358/196/349
f 391/232/350 360/200/350 359/198/350
f 392/233/351 361/201/351 360/200/351
f 393/234/352 362/202/352 361/201/352
f 362/202/353 395/235/353 363/203/353
f 363/203/354 396/237/354 364/204/354
f 364/204/355 397/238/355 365/205/355
f 365/205/356 398/239/356 366/206/356
f 366/206/357 399/240/357 367/208/357
f 399/240/358 368/207/358 367/208/358
f 400/241/359 369/209/359 368/207/359
f 401/242/360 370/210/360 369/209/360
f 402/243/361 371/211/361 370/210/361
f 403/244/362 372/212/362 371/211/362
f 372/212/363 405/245/363 373/213/363
f 373/213/364 406/247/364 374/214/364
f 374/214/365 407/248/365 375/215/365
f 375/215/366 408/249/366 376/216/366
f 376/216/367 409/250/367 377/217/367
f 377/217/368 410/251/368 378/218/368
f 378/218/369 411/252/369 379/219/369
f 379/219/370 412/253/370 380/220/370
f 380/220/371 413/254/371 381/221/371
f 381/221/372 414/255/372 382/222/372
f 382/222/373 415/256/373 383/224/373
f 415/256/374 384/223/374 383/224/374
f 416/257/375 385/225/375 384/223/375
f 417/258/376 386/226/376 385/225/376
f 418/259/377 387/227/377 386/226/377
f 419/260/378 388/228/378 387/227/378
f 420/261/379 389/229/379 388/228/379
f 421/262/380 390/231/380 389/229/380
f 422/264/381 359/263/381 390/231/381
f 2/4/382 211/1/382 212/4/382
f 3/6/383 212/4/383 213/6/383
f 4/8/384 213/6/384 214/8/384
f 5/10/385 214/8/385 215/10/385
f 6/12/386 215/10/386 216/12/386
f 7/14/387 216/12/387 217/14/387
f 8/16/388 217/14/388 218/16/388
f 9/19/389 218/16/389 219/19/389
f 9/19/390 220/18/390 10/18/390
f 10/18/391 221/20/391 11/20/391
f 11/20/392 222/22/392 12/22/392
f 12/22/393 223/24/393 13/24/393
f 13/24/394 224/26/394 14/26/394
f 14/26/395 225/28/395 15/28/395
f 15/28/396 226/30/396 16/30/396
f 16/30/397 227/32/397 17/32/397
f 18/34/398 227/32/398 228/34/398
f 19/38/399 228/34/399 229/38/399
f 20/40/400 229/38/400 230/40/400
f 21/42/401 230/40/401 231/42/401
f 22/44/402 231/42/402 232/44/402
f 23/46/403 232/44/403 233/46/403
f 24/48/404 233/46/404 234/48/404
f 25/51/405 234/48/405 235/51/405
f 25/51/406 236/50/406 26/50/406
f 26/50/407 237/52/407 27/52/407
f 27/52/408 238/54/408 28/54/408
f 28/54/409 239/56/409 29/56/409
f 29/56/410 240/58/410 30/58/410
f 30/58/411 241/60/411 31/60/411
f 31/60/412 242/62/412 32/62/412
f 32/62/413 211/265/413 1/265/413
f 180/233/414 391/232/414 179/232/414
f 181/234/415 392/233/415 180/233/415
f 181/234/416 394/236/416 393/234/416
f 182/236/417 395/235/417 394/236/417
f 183/235/418 396/237/418 395/235/418
f 184/237/419 397/238/419 396/237/419
f 185/238/420 398/239/420 397/238/420
f 186/239/421 399/240/421 398/239/421
f 188/241/422 399/240/422 187/240/422
f 189/242/423 400/241/423 188/241/423
f 190/243/424 401/242/424 189/242/424
f 191/244/425 402/243/425 190/243/425
f 192/246/426 403/244/426 191/244/426
f 193/245/427 404/246/427 192/246/427
f 193/245/428 406/247/428 405/245/428
f 194/247/429 407/248/429 406/247/429
f 196/249/430 407/248/430 195/248/430
f 196/249/431 409/250/431 408/249/431
f 197/250/432 410/251/432 409/250/432
f 198/251/433 411/252/433 410/251/433
f 199/252/434 412/253/434 411/252/434
f 200/253/435 413/254/435 412/253/435
f 201/254/436 414/255/436 413/254/436
f 202/255/437 415/256/437 414/255/437
f 204/257/438 415/256/438 203/256/438
f 205/258/439 416/257/439 204/257/439
f 206/259/440 417/258/440 205/258/440
f 207/260/441 418/259/441 206/259/441
f 208/261/442 419/260/442 207/260/442
f 209/262/443 420/261/443 208/261/443
f 210/264/444 421/262/444 209/262/444
f 210/264/445 391/317/445 422/264/445
f 538/1/446 504/1/446 432/1/446
f 508/1/446 544/1/446 539/1/446
f 430/1/447 432/1/447 505/1/447
f 434/1/447 438/1/447 509/1/447
f 425/1/448 428/1/448 502/1/448
f 440/1/448 515/1/448 511/1/448
f 423/1/449 500/1/449 498/1/449
f 444/1/449 518/1/449 514/1/449
f 454/1/450 528/1/450 527/1/450
f 452/1/450 519/1/450 518/1/450
f 458/1/451 456/1/451 525/1/451
f 449/1/451 522/1/451 451/1/451
f 457/1/452 524/1/452 523/1/452
f 450/1/452 554/1/452 521/1/452
f 486/1/453 555/1/453 556/1/453
f 482/1/453 552/1/453 553/1/453
f 485/1/454 556/1/454 557/1/454
f 477/1/454 549/1/454 551/1/454
f 492/1/455 559/1/455 560/1/455
f 480/1/455 565/1/455 550/1/455
f 489/1/456 562/1/456 490/1/456
f 494/1/456 567/1/456 565/1/456
f 462/1/457 463/1/457 563/1/457
f 475/1/457 547/1/457 567/1/457
f 530/1/458 533/1/458 535/1/458
f 474/1/458 471/1/458 543/1/458
f 468/1/459 535/1/459 538/1/459
f 470/1/459 539/1/459 540/1/459
f 1/1/460 2/4/460 34/2/460
f 2/4/461 3/6/461 35/5/461
f 3/6/462 4/8/462 36/7/462
f 4/8/463 5/10/463 37/9/463
f 5/10/464 6/12/464 38/11/464
f 6/12/465 7/14/465 39/13/465
f 7/14/466 8/16/466 40/15/466
f 8/16/467 9/19/467 41/17/467
f 10/18/468 42/21/468 41/17/468
f 11/20/469 43/23/469 42/21/469
f 12/22/470 44/25/470 43/23/470
f 13/24/471 45/27/471 44/25/471
f 14/26/472 46/29/472 45/27/472
f 15/28/473 47/31/473 46/29/473
f 16/30/474 48/33/474 47/31/474
f 17/32/475 49/35/475 48/33/475
f 18/34/476 50/37/476 49/35/476
f 18/34/477 19/38/477 51/36/477
f 19/38/478 20/40/478 52/39/478
f 20/40/479 21/42/479 53/41/479
f 21/42/480 22/44/480 54/43/480
f 22/44/481 23/46/481 55/45/481
f 23/46/482 24/48/482 56/47/482
f 24/48/483 25/51/483 57/49/483
f 26/50/484 58/53/484 57/49/484
f 27/52/485 59/55/485 58/53/485
f 28/54/486 60/57/486 59/55/486
f 29/56/487 61/59/487 60/57/487
f 30/58/488 62/61/488 61/59/488
f 31/60/489 63/63/489 62/61/489
f 32/62/490 64/65/490 63/63/490
f 32/62/491 1/265/491 33/64/491
f 424/67/492 423/318/492 426/66/492
f 426/66/493 33/3/493 34/2/493
f 34/2/494 425/319/494 424/67/494
f 425/69/495 34/2/495 35/5/495
f 35/5/496 427/320/496 428/68/496
f 427/321/497 35/5/497 36/7/497
f 36/7/498 430/322/498 429/70/498
f 431/71/499 427/321/499 36/7/499
f 430/322/500 36/7/500 37/9/500
f 37/9/501 65/75/501 433/72/501
f 432/73/502 430/322/502 37/9/502
f 37/9/503 38/11/503 66/74/503
f 38/11/504 39/13/504 67/76/504
f 39/13/505 40/15/505 68/77/505
f 40/15/506 41/17/506 69/78/506
f 42/21/507 70/79/507 69/78/507
f 43/23/508 71/80/508 70/79/508
f 44/25/509 72/81/509 71/80/509
f 45/27/510 73/127/510 72/81/510
f 437/323/45 73/127/45 45/27/45
f 45/27/511 46/29/511 434/324/511
f 45/27/511 434/324/511 435/82/511
f 436/83/45 437/323/45 45/27/45
f 439/325/512 434/324/512 46/29/512
f 46/29/46 47/31/46 440/84/46
f 438/85/46 439/325/46 46/29/46
f 442/87/513 440/326/513 47/31/513
f 47/31/47 48/33/47 441/86/47
f 445/327/514 441/86/514 48/33/514
f 48/33/48 49/35/48 444/88/48
f 443/89/515 445/327/515 48/33/515
f 446/91/516 447/328/516 444/90/516
f 444/90/517 49/35/517 50/37/517
f 50/37/518 448/329/518 446/91/518
f 452/330/519 448/331/519 50/37/519
f 74/94/519 453/332/519 450/333/519
f 74/94/50 450/333/50 449/92/50
f 452/330/50 50/37/50 51/36/50
f 451/93/520 452/330/520 51/36/520
f 51/36/50 74/94/50 449/92/50
f 52/39/521 75/96/521 74/94/521
f 52/39/522 53/41/522 76/95/522
f 53/41/523 54/43/523 77/97/523
f 54/43/524 55/45/524 78/98/524
f 55/45/525 56/47/525 79/99/525
f 56/47/526 57/49/526 80/100/526
f 58/53/527 81/101/527 80/100/527
f 59/55/528 82/102/528 81/101/528
f 60/57/529 83/103/529 82/102/529
f 61/59/530 84/104/530 83/103/530
f 62/61/531 85/106/531 84/104/531
f 62/61/532 63/63/532 86/105/532
f 63/63/533 64/65/533 454/334/533
f 63/63/533 454/334/533 456/335/533
f 458/108/63 457/336/63 86/105/63
f 63/63/533 456/335/533 455/107/533
f 458/108/63 86/105/63 63/63/63
f 460/337/534 454/338/534 64/65/534
f 64/65/535 33/64/535 426/109/535
f 459/110/64 460/337/64 64/65/64
f 87/111/536 463/161/536 462/112/536
f 465/115/537 88/162/537 87/111/537
f 87/111/538 461/339/538 466/114/538
f 466/114/458 464/340/458 465/115/458
f 65/75/539 89/118/539 88/162/539
f 88/162/540 465/115/540 469/116/540
f 469/116/459 468/341/459 467/117/459
f 467/117/541 433/342/541 65/75/541
f 65/75/542 88/162/542 469/116/542
f 66/74/543 90/119/543 89/118/543
f 67/76/544 91/120/544 90/119/544
f 68/77/545 92/122/545 91/120/545
f 68/77/546 69/78/546 93/121/546
f 70/79/547 94/124/547 93/121/547
f 70/79/548 71/80/548 95/123/548
f 71/80/549 72/81/549 96/125/549
f 72/81/550 73/127/550 97/126/550
f 471/343/551 98/174/551 97/126/551
f 73/127/552 437/344/552 472/345/552
f 470/128/553 471/343/553 97/126/553
f 73/127/552 472/345/552 470/128/552
f 474/346/554 475/347/554 99/129/554
f 99/129/555 98/174/555 471/130/555
f 473/131/556 474/346/556 99/129/556
f 478/136/557 477/348/557 100/134/557
f 100/134/79 480/182/79 479/135/79
f 453/332/558 74/94/558 101/137/558
f 101/137/559 100/134/559 477/349/559
f 483/138/453 482/350/453 481/139/453
f 101/137/559 477/349/559 483/138/559
f 481/139/558 453/332/558 101/137/558
f 75/96/560 102/140/560 101/137/560
f 76/95/561 103/141/561 102/140/561
f 77/97/562 104/142/562 103/141/562
f 78/98/563 105/143/563 104/142/563
f 79/99/564 106/144/564 105/143/564
f 80/100/565 107/146/565 106/144/565
f 80/100/566 81/101/566 108/145/566
f 81/101/567 82/102/567 109/147/567
f 82/102/568 83/103/568 110/148/568
f 83/103/569 84/104/569 111/149/569
f 84/104/570 85/106/570 112/150/570
f 85/106/571 86/105/571 113/151/571
f 486/351/93 485/352/93 114/152/93
f 114/152/572 113/151/572 86/105/572
f 86/105/93 457/353/93 484/153/93
f 484/153/93 486/351/93 114/152/93
f 114/152/94 485/352/94 487/154/94
f 490/354/573 491/160/573 116/156/573
f 116/156/574 115/199/574 492/157/574
f 489/158/573 490/354/573 116/156/573
f 463/161/575 87/111/575 117/159/575
f 117/159/576 116/156/576 491/160/576
f 88/162/577 118/163/577 117/159/577
f 89/118/578 119/164/578 118/163/578
f 90/119/579 120/165/579 119/164/579
f 91/120/580 121/166/580 120/165/580
f 92/122/581 122/167/581 121/166/581
f 93/121/582 123/169/582 122/167/582
f 93/121/583 94/124/583 124/168/583
f 94/124/584 95/123/584 125/170/584
f 95/123/585 96/125/585 126/171/585
f 96/125/586 97/126/586 127/172/586
f 97/126/587 98/174/587 128/173/587
f 98/174/588 99/129/588 129/175/588
f 476/133/109 493/178/109 130/176/109
f 130/176/589 129/175/589 99/129/589
f 494/355/590 495/356/590 131/177/590
f 131/177/110 130/176/110 493/178/110
f 496/179/591 494/355/591 131/177/591
f 480/182/592 100/134/592 132/180/592
f 132/180/593 131/177/593 495/181/593
f 100/134/594 101/137/594 133/183/594
f 101/137/595 102/140/595 134/184/595
f 103/141/596 135/185/596 134/184/596
f 104/142/597 136/186/597 135/185/597
f 105/143/598 137/187/598 136/186/598
f 106/144/599 138/188/599 137/187/599
f 107/146/600 139/190/600 138/188/600
f 107/146/601 108/145/601 140/189/601
f 108/145/602 109/147/602 141/191/602
f 109/147/603 110/148/603 142/192/603
f 110/148/604 111/149/604 143/193/604
f 111/149/605 112/150/605 144/194/605
f 113/151/606 145/195/606 144/194/606
f 114/152/607 146/196/607 145/195/607
f 492/197/608 115/230/608 146/196/608
f 146/196/609 114/152/609 488/155/609
f 116/156/610 148/200/610 147/198/610
f 117/159/611 149/201/611 148/200/611
f 118/163/612 150/202/612 149/201/612
f 119/164/613 151/203/613 150/202/613
f 120/165/614 152/204/614 151/203/614
f 121/166/615 153/205/615 152/204/615
f 122/167/616 154/206/616 153/205/616
f 123/169/617 155/208/617 154/206/617
f 123/169/618 124/168/618 156/207/618
f 124/168/619 125/170/619 157/209/619
f 125/170/620 126/171/620 158/210/620
f 126/171/621 127/172/621 159/211/621
f 127/172/622 128/173/622 160/212/622
f 128/173/623 129/175/623 161/213/623
f 129/175/624 130/176/624 162/214/624
f 130/176/625 131/177/625 163/215/625
f 131/177/626 132/180/626 164/216/626
f 132/180/627 133/183/627 165/217/627
f 133/183/628 134/184/628 166/218/628
f 134/184/629 135/185/629 167/219/629
f 136/186/630 168/220/630 167/219/630
f 137/187/631 169/221/631 168/220/631
f 138/188/632 170/222/632 169/221/632
f 139/190/633 171/224/633 170/222/633
f 139/190/634 140/189/634 172/223/634
f 140/189/635 141/191/635 173/225/635
f 141/191/636 142/192/636 174/226/636
f 142/192/637 143/193/637 175/227/637
f 144/194/638 176/228/638 175/227/638
f 145/195/639 177/229/639 176/228/639
f 146/196/640 178/231/640 177/229/640
f 115/230/641 147/263/641 178/231/641
f 148/200/642 180/233/642 179/232/642
f 149/201/643 181/234/643 180/233/643
f 150/202/644 182/236/644 181/234/644
f 150/202/645 151/203/645 183/235/645
f 151/203/646 152/204/646 184/237/646
f 152/204/647 153/205/647 185/238/647
f 153/205/648 154/206/648 186/239/648
f 154/206/649 155/208/649 187/240/649
f 156/207/650 188/241/650 187/240/650
f 157/209/651 189/242/651 188/241/651
f 158/210/652 190/243/652 189/242/652
f 159/211/653 191/244/653 190/243/653
f 160/212/654 192/246/654 191/244/654
f 160/212/655 161/213/655 193/245/655
f 161/213/656 162/214/656 194/247/656
f 162/214/657 163/215/657 195/248/657
f 163/215/658 164/216/658 196/249/658
f 164/216/659 165/217/659 197/250/659
f 165/217/660 166/218/660 198/251/660
f 166/218/661 167/219/661 199/252/661
f 167/219/662 168/220/662 200/253/662
f 168/220/663 169/221/663 201/254/663
f 169/221/664 170/222/664 202/255/664
f 170/222/665 171/224/665 203/256/665
f 172/223/666 204/257/666 203/256/666
f 173/225/667 205/258/667 204/257/667
f 174/226/668 206/259/668 205/258/668
f 175/227/669 207/260/669 206/259/669
f 176/228/670 208/261/670 207/260/670
f 177/229/671 209/262/671 208/261/671
f 178/231/672 210/264/672 209/262/672
f 147/263/673 179/317/673 210/264/673
f 211/1/674 243/3/674 244/2/674
f 212/4/675 244/2/675 245/5/675
f 213/6/676 245/5/676 246/7/676
f 214/8/677 246/7/677 247/9/677
f 215/10/678 247/9/678 248/11/678
f 216/12/679 248/11/679 249/13/679
f 217/14/680 249/13/680 250/15/680
f 218/16/681 250/15/681 251/17/681
f 251/17/682 252/21/682 220/18/682
f 252/21/683 253/23/683 221/20/683
f 253/23/684 254/25/684 222/22/684
f 254/25/685 255/27/685 223/24/685
f 255/27/686 256/29/686 224/26/686
f 256/29/687 257/31/687 225/28/687
f 257/31/688 258/33/688 226/30/688
f 258/33/689 259/35/689 227/32/689
f 259/35/690 260/37/690 228/34/690
f 228/34/691 260/37/691 261/36/691
f 229/38/692 261/36/692 262/39/692
f 230/40/693 262/39/693 263/41/693
f 231/42/694 263/41/694 264/43/694
f 232/44/695 264/43/695 265/45/695
f 233/46/696 265/45/696 266/47/696
f 234/48/697 266/47/697 267/49/697
f 267/49/698 268/53/698 236/50/698
f 268/53/699 269/55/699 237/52/699
f 269/55/700 270/57/700 238/54/700
f 270/57/701 271/59/701 239/56/701
f 271/59/702 272/61/702 240/58/702
f 272/61/703 273/63/703 241/60/703
f 273/63/704 274/65/704 242/62/704
f 242/62/705 274/65/705 243/64/705
f 500/267/706 499/357/706 244/2/706
f 244/2/707 243/3/707 498/266/707
f 498/266/708 497/358/708 500/267/708
f 501/269/709 502/359/709 245/5/709
f 245/5/710 244/2/710 499/268/710
f 506/271/711 504/289/711 275/288/711
f 246/7/712 245/5/712 502/360/712
f 503/270/454 505/361/454 506/271/454
f 246/7/713 502/360/713 503/270/713
f 506/271/714 275/288/714 246/7/714
f 246/7/715 275/288/715 276/75/715
f 247/9/716 276/75/716 277/74/716
f 248/11/717 277/74/717 278/76/717
f 249/13/718 278/76/718 279/77/718
f 250/15/719 279/77/719 280/78/719
f 280/78/720 281/79/720 252/21/720
f 281/79/721 282/80/721 253/23/721
f 282/80/722 283/81/722 254/25/722
f 283/81/723 284/127/723 255/27/723
f 284/127/724 285/295/724 256/29/724
f 510/362/236 257/31/236 256/29/236
f 256/29/725 285/295/725 507/363/725
f 256/29/725 507/363/725 508/364/725
f 511/273/726 510/362/726 256/29/726
f 256/29/725 508/364/725 509/272/725
f 258/33/727 257/31/727 510/274/727
f 512/275/728 513/365/728 258/33/728
f 516/366/729 259/35/729 258/33/729
f 258/33/238 513/367/238 515/276/238
f 514/277/729 516/366/729 258/33/729
f 519/279/730 260/37/730 259/35/730
f 259/35/731 516/368/731 518/278/731
f 518/278/732 517/369/732 519/279/732
f 286/94/733 261/36/733 260/37/733
f 260/37/240 519/370/240 522/371/240
f 521/280/240 520/372/240 286/94/240
f 260/37/240 522/371/240 521/280/240
f 286/94/734 287/96/734 262/39/734
f 262/39/735 287/96/735 288/95/735
f 263/41/736 288/95/736 289/97/736
f 264/43/737 289/97/737 290/98/737
f 265/45/738 290/98/738 291/99/738
f 266/47/739 291/99/739 292/100/739
f 292/100/740 293/101/740 268/53/740
f 293/101/741 294/102/741 269/55/741
f 294/102/742 295/103/742 270/57/742
f 295/103/743 296/104/743 271/59/743
f 296/104/744 297/106/744 272/61/744
f 272/61/745 297/106/745 298/105/745
f 527/373/746 526/374/746 274/65/746
f 274/65/747 273/63/747 298/105/747
f 298/105/748 523/375/748 524/376/748
f 525/281/746 527/373/746 274/65/746
f 298/105/748 524/376/748 525/281/748
f 529/377/749 498/378/749 243/64/749
f 243/64/750 274/65/750 526/282/750
f 528/283/749 529/377/749 243/64/749
f 299/111/751 533/379/751 531/284/751
f 530/285/255 532/309/255 299/111/255
f 534/380/752 533/381/752 299/111/752
f 300/162/753 536/382/753 535/286/753
f 535/286/754 534/380/754 299/111/754
f 300/162/755 301/118/755 276/75/755
f 276/75/756 275/288/756 537/383/756
f 538/290/757 536/384/757 300/162/757
f 276/75/758 537/383/758 538/290/758
f 301/118/759 302/119/759 277/74/759
f 302/119/760 303/120/760 278/76/760
f 303/120/761 304/122/761 279/77/761
f 279/77/762 304/122/762 305/121/762
f 305/121/763 306/124/763 281/79/763
f 281/79/764 306/124/764 307/123/764
f 282/80/765 307/123/765 308/125/765
f 283/81/766 308/125/766 309/126/766
f 541/385/267 285/295/267 284/127/267
f 284/127/767 309/126/767 310/174/767
f 310/174/267 540/386/267 539/291/267
f 539/291/267 541/385/267 284/127/267
f 310/174/768 311/129/768 545/298/768
f 310/174/769 545/298/769 543/292/769
f 542/293/268 540/387/268 310/174/268
f 544/294/770 507/363/770 285/295/770
f 311/129/269 547/388/269 546/297/269
f 549/300/270 550/314/270 312/134/270
f 312/134/771 551/389/771 548/299/771
f 552/302/772 551/389/772 312/134/772
f 312/134/773 313/137/773 286/94/773
f 286/94/774 520/372/774 554/301/774
f 554/301/446 553/390/446 552/302/446
f 552/302/775 312/134/775 286/94/775
f 313/137/776 314/140/776 287/96/776
f 314/140/777 315/141/777 288/95/777
f 315/141/778 316/142/778 289/97/778
f 316/142/779 317/143/779 290/98/779
f 317/143/780 318/144/780 291/99/780
f 318/144/781 319/146/781 292/100/781
f 292/100/782 319/146/782 320/145/782
f 293/101/783 320/145/783 321/147/783
f 294/102/784 321/147/784 322/148/784
f 295/103/785 322/148/785 323/149/785
f 296/104/786 323/149/786 324/150/786
f 297/106/787 324/150/787 325/151/787
f 523/391/788 298/105/788 325/151/788
f 325/151/789 326/152/789 557/306/789
f 325/151/790 557/306/790 556/303/790
f 555/304/791 523/391/791 325/151/791
f 326/152/285 558/392/285 559/305/285
f 560/393/792 327/199/792 328/156/792
f 328/156/286 563/394/286 562/307/286
f 561/308/793 560/393/793 328/156/793
f 532/309/287 563/394/287 328/156/287
f 328/156/794 329/159/794 299/111/794
f 329/159/795 330/163/795 300/162/795
f 330/163/796 331/164/796 301/118/796
f 331/164/797 332/165/797 302/119/797
f 332/165/798 333/166/798 303/120/798
f 333/166/799 334/167/799 304/122/799
f 334/167/800 335/169/800 305/121/800
f 305/121/801 335/169/801 336/168/801
f 306/124/802 336/168/802 337/170/802
f 307/123/803 337/170/803 338/171/803
f 308/125/804 338/171/804 339/172/804
f 309/126/805 339/172/805 340/173/805
f 310/174/806 340/173/806 341/175/806
f 547/311/807 311/129/807 341/175/807
f 341/175/808 342/176/808 564/310/808
f 567/395/809 564/396/809 342/176/809
f 342/176/810 343/177/810 566/312/810
f 565/313/811 567/395/811 342/176/811
f 566/315/812 343/177/812 344/180/812
f 344/180/813 312/134/813 550/314/813
f 312/134/814 344/180/814 345/183/814
f 313/137/304 345/183/304 346/184/304
f 346/184/815 347/185/815 315/141/815
f 347/185/816 348/186/816 316/142/816
f 348/186/817 349/187/817 317/143/817
f 349/187/818 350/188/818 318/144/818
f 350/188/819 351/190/819 319/146/819
f 319/146/820 351/190/820 352/189/820
f 320/145/821 352/189/821 353/191/821
f 321/147/822 353/191/822 354/192/822
f 322/148/823 354/192/823 355/193/823
f 323/149/824 355/193/824 356/194/824
f 356/194/315 357/195/315 325/151/315
f 357/195/825 358/196/825 326/152/825
f 560/316/317 558/392/317 326/152/317
f 326/152/826 358/196/826 327/230/826
f 359/198/827 360/200/827 328/156/827
f 360/200/828 361/201/828 329/159/828
f 361/201/829 362/202/829 330/163/829
f 362/202/830 363/203/830 331/164/830
f 363/203/831 364/204/831 332/165/831
f 364/204/832 365/205/832 333/166/832
f 365/205/833 366/206/833 334/167/833
f 366/206/834 367/208/834 335/169/834
f 335/169/835 367/208/835 368/207/835
f 336/168/836 368/207/836 369/209/836
f 337/170/837 369/209/837 370/210/837
f 338/171/838 370/210/838 371/211/838
f 339/172/839 371/211/839 372/212/839
f 340/173/840 372/212/840 373/213/840
f 341/175/841 373/213/841 374/214/841
f 342/176/842 374/214/842 375/215/842
f 343/177/843 375/215/843 376/216/843
f 344/180/844 376/216/844 377/217/844
f 345/183/845 377/217/845 378/218/845
f 346/184/846 378/218/846 379/219/846
f 379/219/847 380/220/847 348/186/847
f 380/220/848 381/221/848 349/187/848
f 381/221/849 382/222/849 350/188/849
f 382/222/850 383/224/850 351/190/850
f 351/190/851 383/224/851 384/223/851
f 352/189/852 384/223/852 385/225/852
f 353/191/853 385/225/853 386/226/853
f 354/192/854 386/226/854 387/227/854
f 387/227/855 388/228/855 356/194/855
f 388/228/856 389/229/856 357/195/856
f 389/229/857 390/231/857 358/196/857
f 390/231/858 359/263/858 327/230/858
f 391/232/859 392/233/859 360/200/859
f 392/233/860 393/234/860 361/201/860
f 393/234/861 394/236/861 362/202/861
f 362/202/862 394/236/862 395/235/862
f 363/203/863 395/235/863 396/237/863
f 364/204/864 396/237/864 397/238/864
f 365/205/865 397/238/865 398/239/865
f 366/206/866 398/239/866 399/240/866
f 399/240/867 400/241/867 368/207/867
f 400/241/868 401/242/868 369/209/868
f 401/242/869 402/243/869 370/210/869
f 402/243/870 403/244/870 371/211/870
f 403/244/871 404/246/871 372/212/871
f 372/212/872 404/246/872 405/245/872
f 373/213/873 405/245/873 406/247/873
f 374/214/874 406/247/874 407/248/874
f 375/215/875 407/248/875 408/249/875
f 376/216/876 408/249/876 409/250/876
f 377/217/877 409/250/877 410/251/877
f 378/218/878 410/251/878 411/252/878
f 379/219/879 411/252/879 412/253/879
f 380/220/880 412/253/880 413/254/880
f 381/221/881 413/254/881 414/255/881
f 382/222/882 414/255/882 415/256/882
f 415/256/883 416/257/883 384/223/883
f 416/257/884 417/258/884 385/225/884
f 417/258/885 418/259/885 386/226/885
f 418/259/886 419/260/886 387/227/886
f 419/260/887 420/261/887 388/228/887
f 420/261/888 421/262/888 389/229/888
f 421/262/889 422/264/889 390/231/889
f 422/264/890 391/317/890 359/263/890
f 2/4/891 1/1/891 211/1/891
f 3/6/892 2/4/892 212/4/892
f 4/8/893 3/6/893 213/6/893
f 5/10/894 4/8/894 214/8/894
f 6/12/895 5/10/895 215/10/895
f 7/14/896 6/12/896 216/12/896
f 8/16/897 7/14/897 217/14/897
f 9/19/898 8/16/898 218/16/898
f 9/19/899 219/19/899 220/18/899
f 10/18/900 220/18/900 221/20/900
f 11/20/901 221/20/901 222/22/901
f 12/22/902 222/22/902 223/24/902
f 13/24/903 223/24/903 224/26/903
f 14/26/904 224/26/904 225/28/904
f 15/28/905 225/28/905 226/30/905
f 16/30/906 226/30/906 227/32/906
f 18/34/907 17/32/907 227/32/907
f 19/38/908 18/34/908 228/34/908
f 20/40/909 19/38/909 229/38/909
f 21/42/910 20/40/910 230/40/910
f 22/44/911 21/42/911 231/42/911
f 23/46/912 22/44/912 232/44/912
f 24/48/913 23/46/913 233/46/913
f 25/51/914 24/48/914 234/48/914
f 25/51/915 235/51/915 236/50/915
f 26/50/916 236/50/916 237/52/916
f 27/52/917 237/52/917 238/54/917
f 28/54/918 238/54/918 239/56/918
f 29/56/919 239/56/919 240/58/919
f 30/58/920 240/58/920 241/60/920
f 31/60/921 241/60/921 242/62/921
f 32/62/922 242/62/922 211/265/922
f 180/233/923 392/233/923 391/232/923
f 181/234/924 393/234/924 392/233/924
f 181/234/925 182/236/925 394/236/925
f 182/236/926 183/235/926 395/235/926
f 183/235/927 184/237/927 396/237/927
f 184/237/928 185/238/928 397/238/928
f 185/238/929 186/239/929 398/239/929
f 186/239/930 187/240/930 399/240/930
f 188/241/931 400/241/931 399/240/931
f 189/242/932 401/242/932 400/241/932
f 190/243/933 402/243/933 401/242/933
f 191/244/934 403/244/934 402/243/934
f 192/246/935 404/246/935 403/244/935
f 193/245/936 405/245/936 404/246/936
f 193/245/937 194/247/937 406/247/937
f 194/247/938 195/248/938 407/248/938
f 196/249/939 408/249/939 407/248/939
f 196/249/940 197/250/940 409/250/940
f 197/250/941 198/251/941 410/251/941
f 198/251/942 199/252/942 411/252/942
f 199/252/943 200/253/943 412/253/943
f 200/253/944 201/254/944 413/254/944
f 201/254/945 202/255/945 414/255/945
f 202/255/946 203/256/946 415/256/946
f 204/257/947 416/257/947 415/256/947
f 205/258/948 417/258/948 416/257/948
f 206/259/949 418/259/949 417/258/949
f 207/260/950 419/260/950 418/259/950
f 208/261/951 420/261/951 419/260/951
f 209/262/952 421/262/952 420/261/952
f 210/264/953 422/264/953 421/262/953
f 210/264/954 179/317/954 391/317/954
f 433/1/446 467/1/446 538/1/446
f 538/1/446 537/1/446 504/1/446
f 504/1/446 506/1/446 432/1/446
f 432/1/446 433/1/446 538/1/446
f 539/1/446 472/1/446 437/1/446
f 437/1/446 436/1/446 508/1/446
f 508/1/446 507/1/446 544/1/446
f 544/1/446 541/1/446 539/1/446
f 539/1/446 437/1/446 508/1/446
f 505/1/447 503/1/447 431/1/447
f 505/1/447 431/1/447 429/1/447
f 432/1/447 506/1/447 505/1/447
f 505/1/447 429/1/447 430/1/447
f 508/1/447 436/1/447 435/1/447
f 434/1/447 439/1/447 438/1/447
f 508/1/447 435/1/447 434/1/447
f 438/1/447 511/1/447 509/1/447
f 509/1/447 508/1/447 434/1/447
f 499/1/448 500/1/448 424/1/448
f 499/1/448 424/1/448 425/1/448
f 502/1/955 501/1/955 499/1/955
f 431/1/448 503/1/448 502/1/448
f 427/1/448 431/1/448 502/1/448
f 502/1/448 499/1/448 425/1/448
f 428/1/448 427/1/448 502/1/448
f 440/1/956 442/1/956 441/1/956
f 441/1/448 445/1/448 515/1/448
f 515/1/448 513/1/448 512/1/448
f 512/1/448 510/1/448 511/1/448
f 511/1/448 438/1/448 440/1/448
f 440/1/448 441/1/448 515/1/448
f 515/1/448 512/1/448 511/1/448
f 498/1/449 529/1/449 459/1/449
f 498/1/449 459/1/449 426/1/449
f 423/1/449 424/1/449 500/1/449
f 498/1/449 426/1/449 423/1/449
f 445/1/449 443/1/449 444/1/449
f 447/1/449 446/1/449 518/1/449
f 515/1/449 445/1/449 444/1/449
f 444/1/449 447/1/449 518/1/449
f 518/1/449 516/1/449 514/1/449
f 514/1/449 515/1/449 444/1/449
f 454/1/957 460/1/957 459/1/957
f 459/1/450 529/1/450 528/1/450
f 528/1/450 526/1/450 527/1/450
f 527/1/450 456/1/450 454/1/450
f 454/1/450 459/1/450 528/1/450
f 518/1/450 446/1/450 448/1/450
f 452/1/450 451/1/450 522/1/450
f 518/1/450 448/1/450 452/1/450
f 452/1/450 522/1/450 519/1/450
f 525/1/451 524/1/451 458/1/451
f 458/1/958 455/1/958 456/1/958
f 456/1/451 527/1/451 525/1/451
f 449/1/451 521/1/451 522/1/451
f 523/1/452 555/1/452 484/1/452
f 457/1/452 458/1/452 524/1/452
f 523/1/452 484/1/452 457/1/452
f 453/1/452 481/1/452 554/1/452
f 554/1/452 520/1/452 521/1/452
f 521/1/452 449/1/452 450/1/452
f 450/1/452 453/1/452 554/1/452
f 486/1/453 484/1/453 555/1/453
f 553/1/453 554/1/453 481/1/453
f 482/1/453 483/1/453 552/1/453
f 553/1/453 481/1/453 482/1/453
f 557/1/454 559/1/454 487/1/454
f 485/1/454 486/1/454 556/1/454
f 557/1/454 487/1/454 485/1/454
f 478/1/454 479/1/454 549/1/454
f 549/1/959 548/1/959 551/1/959
f 551/1/454 552/1/454 483/1/454
f 477/1/454 478/1/454 549/1/454
f 551/1/454 483/1/454 477/1/454
f 488/1/455 487/1/455 559/1/455
f 559/1/455 558/1/455 560/1/455
f 560/1/455 561/1/455 489/1/455
f 492/1/455 488/1/455 559/1/455
f 560/1/455 489/1/455 492/1/455
f 495/1/455 494/1/455 565/1/455
f 565/1/455 566/1/455 550/1/455
f 550/1/455 549/1/455 479/1/455
f 480/1/455 495/1/455 565/1/455
f 550/1/455 479/1/455 480/1/455
f 489/1/456 561/1/456 562/1/456
f 494/1/456 496/1/456 567/1/456
f 530/1/457 466/1/457 461/1/457
f 530/1/457 461/1/457 462/1/457
f 563/1/457 532/1/457 530/1/457
f 490/1/457 562/1/457 563/1/457
f 491/1/457 490/1/457 563/1/457
f 563/1/457 530/1/457 462/1/457
f 463/1/457 491/1/457 563/1/457
f 567/1/457 496/1/457 493/1/457
f 567/1/457 493/1/457 476/1/457
f 547/1/457 564/1/457 567/1/457
f 474/1/457 546/1/457 547/1/457
f 567/1/457 476/1/457 475/1/457
f 475/1/960 474/1/960 547/1/960
f 535/1/458 469/1/458 465/1/458
f 464/1/458 466/1/458 530/1/458
f 535/1/458 465/1/458 464/1/458
f 533/1/458 534/1/458 535/1/458
f 530/1/961 531/1/961 533/1/961
f 535/1/458 464/1/458 530/1/458
f 545/1/458 546/1/458 474/1/458
f 474/1/962 473/1/962 471/1/962
f 471/1/458 470/1/458 542/1/458
f 543/1/458 545/1/458 474/1/458
f 471/1/458 542/1/458 543/1/458
f 538/1/459 467/1/459 468/1/459
f 468/1/459 469/1/459 535/1/459
f 535/1/459 536/1/459 538/1/459
f 540/1/459 542/1/459 470/1/459
f 470/1/459 472/1/459 539/1/459
g B_NeckTrim.001_B_NeckTrim.001
v 0.330000 1.120000 0.000000
v 0.324479 1.120000 -0.072433
v 0.308045 1.120000 -0.130129
v 0.281070 1.120000 -0.179951
v 0.244136 1.120000 -0.221942
v 0.197947 1.120000 -0.255519
v 0.143142 1.120000 -0.280041
v 0.079676 1.120000 -0.294981
v 0.000000 1.120000 -0.300000
v -0.079676 1.120000 -0.294981
v -0.143142 1.120000 -0.280041
v -0.197947 1.120000 -0.255519
v -0.244136 1.120000 -0.221942
v -0.281070 1.120000 -0.179951
v -0.308045 1.120000 -0.130129
v -0.324479 1.120000 -0.072433
v -0.330000 1.120000 -0.000000
v -0.324479 1.120000 0.072433
v -0.308045 1.120000 0.130129
v -0.281070 1.120000 0.179951
v -0.244136 1.120000 0.221942
v -0.197947 1.120000 0.255519
v -0.143142 1.120000 0.280041
v -0.079676 1.120000 0.294981
v -0.000000 1.120000 0.300000
v 0.079676 1.120000 0.294981
v 0.143142 1.120000 0.280041
v 0.197947 1.120000 0.255519
v 0.244136 1.120000 0.221942
v 0.281070 1.120000 0.179951
v 0.308045 1.120000 0.130129
v 0.324479 1.120000 0.072433
v 0.330000 1.200000 0.000000
v 0.324479 1.200000 -0.072433
v 0.308045 1.200000 -0.130129
v 0.281070 1.200000 -0.179951
v 0.244136 1.200000 -0.221942
v 0.197947 1.200000 -0.255519
v 0.143142 1.200000 -0.280041
v 0.079676 1.200000 -0.294981
v 0.000000 1.200000 -0.300000
v -0.079676 1.200000 -0.294981
v -0.143142 1.200000 -0.280041
v -0.197947 1.200000 -0.255519
v -0.244136 1.200000 -0.221942
v -0.281070 1.200000 -0.179951
v -0.308045 1.200000 -0.130129
v -0.324479 1.200000 -0.072433
v -0.330000 1.200000 -0.000000
v -0.324479 1.200000 0.072433
v -0.308045 1.200000 0.130129
v -0.281070 1.200000 0.179951
v -0.244136 1.200000 0.221942
v -0.197947 1.200000 0.255519
v -0.143142 1.200000 0.280041
v -0.079676 1.200000 0.294981
v -0.000000 1.200000 0.300000
v 0.079676 1.200000 0.294981
v 0.143142 1.200000 0.280041
v 0.197947 1.200000 0.255519
v 0.244136 1.200000 0.221942
v 0.281070 1.200000 0.179951
v 0.308045 1.200000 0.130129
v 0.324479 1.200000 0.072433
v 0.284869 1.120000 0.000000
v 0.279955 1.120000 -0.064479
v 0.266120 1.120000 -0.113049
v 0.243921 1.120000 -0.154052
v 0.213641 1.120000 -0.188476
v 0.175283 1.120000 -0.216360
v 0.128667 1.120000 -0.237218
v 0.073059 1.120000 -0.250309
v 0.000000 1.120000 -0.254911
v -0.073059 1.120000 -0.250309
v -0.128667 1.120000 -0.237218
v -0.175283 1.120000 -0.216360
v -0.213641 1.120000 -0.188476
v -0.243921 1.120000 -0.154052
v -0.266120 1.120000 -0.113049
v -0.279955 1.120000 -0.064479
v -0.284869 1.120000 -0.000000
v -0.279955 1.120000 0.064479
v -0.266120 1.120000 0.113049
v -0.243921 1.120000 0.154052
v -0.213641 1.120000 0.188476
v -0.175283 1.120000 0.216360
v -0.128667 1.120000 0.237218
v -0.073059 1.120000 0.250309
v -0.000000 1.120000 0.254911
v 0.073059 1.120000 0.250309
v 0.128667 1.120000 0.237218
v 0.175283 1.120000 0.216360
v 0.213641 1.120000 0.188476
v 0.243921 1.120000 0.154052
v 0.266120 1.120000 0.113049
v 0.279955 1.120000 0.064479
v 0.284869 1.200000 0.000000
v 0.279955 1.200000 -0.064479
v 0.266120 1.200000 -0.113049
v 0.243921 1.200000 -0.154052
v 0.213641 1.200000 -0.188476
v 0.175283 1.200000 -0.216360
v 0.128667 1.200000 -0.237218
v 0.073059 1.200000 -0.250309
v 0.000000 1.200000 -0.254911
v -0.073059 1.200000 -0.250309
v -0.128667 1.200000 -0.237218
v -0.175283 1.200000 -0.216360
v -0.213641 1.200000 -0.188476
v -0.243921 1.200000 -0.154052
v -0.266120 1.200000 -0.113049
v -0.279955 1.200000 -0.064479
v -0.284869 1.200000 -0.000000
v -0.279955 1.200000 0.064479
v -0.266120 1.200000 0.113049
v -0.243921 1.200000 0.154052
v -0.213641 1.200000 0.188476
v -0.175283 1.200000 0.216360
v -0.128667 1.200000 0.237218
v -0.073059 1.200000 0.250309
v -0.000000 1.200000 0.254911
v 0.073059 1.200000 0.250309
v 0.128667 1.200000 0.237218
v 0.175283 1.200000 0.216360
v 0.213641 1.200000 0.188476
v 0.243921 1.200000 0.154052
v 0.266120 1.200000 0.113049
v 0.279955 1.200000 0.064479
vn 0.9971 -0.0000 -0.0760
vn 0.9617 -0.0000 -0.2739
vn 0.8794 -0.0000 -0.4761
vn 0.7509 -0.0000 -0.6605
vn 0.5880 -0.0000 -0.8089
vn 0.4084 -0.0000 -0.9128
vn 0.2291 -0.0000 -0.9734
vn 0.0629 -0.0000 -0.9980
vn -0.0629 -0.0000 -0.9980
vn -0.2291 -0.0000 -0.9734
vn -0.4084 -0.0000 -0.9128
vn -0.5880 -0.0000 -0.8089
vn -0.7509 -0.0000 -0.6605
vn -0.8794 -0.0000 -0.4761
vn -0.9617 -0.0000 -0.2739
vn -0.9971 -0.0000 -0.0760
vn -0.9971 -0.0000 0.0760
vn -0.9617 -0.0000 0.2739
vn -0.8794 -0.0000 0.4761
vn -0.7509 -0.0000 0.6605
vn -0.5880 -0.0000 0.8089
vn -0.4084 -0.0000 0.9128
vn -0.2291 -0.0000 0.9734
vn -0.0629 -0.0000 0.9980
vn 0.0629 -0.0000 0.9980
vn 0.2291 -0.0000 0.9734
vn 0.4084 -0.0000 0.9128
vn 0.5880 -0.0000 0.8089
vn 0.7509 -0.0000 0.6605
vn 0.8794 -0.0000 0.4761
vn 0.9617 -0.0000 0.2739
vn 0.9971 -0.0000 0.0760
vn -0.0000 -1.0000 -0.0000
vn -0.0000 1.0000 -0.0000
vt 0.031250 0.000000
vt 0.000000 1.000000
vt 0.000000 0.000000
vt 0.062500 0.000000
vt 0.031250 1.000000
vt 0.093750 0.000000
vt 0.062500 1.000000
vt 0.125000 0.000000
vt 0.093750 1.000000
vt 0.156250 0.000000
vt 0.125000 1.000000
vt 0.187500 0.000000
vt 0.156250 1.000000
vt 0.218750 0.000000
vt 0.187500 1.000000
vt 0.250000 0.000000
vt 0.218750 1.000000
vt 0.281250 0.000000
vt 0.250000 1.000000
vt 0.312500 0.000000
vt 0.281250 1.000000
vt 0.343750 0.000000
vt 0.312500 1.000000
vt 0.375000 0.000000
vt 0.343750 1.000000
vt 0.406250 0.000000
vt 0.375000 1.000000
vt 0.437500 0.000000
vt 0.406250 1.000000
vt 0.468750 0.000000
vt 0.437500 1.000000
vt 0.500000 0.000000
vt 0.468750 1.000000
vt 0.531250 0.000000
vt 0.500000 1.000000
vt 0.562500 0.000000
vt 0.531250 1.000000
vt 0.593750 0.000000
vt 0.562500 1.000000
vt 0.625000 0.000000
vt 0.593750 1.000000
vt 0.656250 0.000000
vt 0.625000 1.000000
vt 0.687500 0.000000
vt 0.656250 1.000000
vt 0.718750 0.000000
vt 0.687500 1.000000
vt 0.750000 0.000000
vt 0.718750 1.000000
vt 0.781250 0.000000
vt 0.750000 1.000000
vt 0.812500 0.000000
vt 0.781250 1.000000
vt 0.843750 0.000000
vt 0.812500 1.000000
vt 0.875000 0.000000
vt 0.843750 1.000000
vt 0.906250 0.000000
vt 0.875000 1.000000
vt 0.937500 0.000000
vt 0.906250 1.000000
vt 0.968750 0.000000
vt 0.937500 1.000000
vt 1.000000 0.000000
vt 0.968750 1.000000
vt 1.000000 1.000000
s 0
g B_NeckTrim.001_brigandine_trim
usemtl brigandine_trim
f 569/397/963 600/398/963 568/399/963
f 570/400/964 601/401/964 569/397/964
f 571/402/965 602/403/965 570/400/965
f 572/404/966 603/405/966 571/402/966
f 573/406/967 604/407/967 572/404/967
f 574/408/968 605/409/968 573/406/968
f 575/410/969 606/411/969 574/408/969
f 576/412/970 607/413/970 575/410/970
f 577/414/971 608/415/971 576/412/971
f 578/416/972 609/417/972 577/414/972
f 579/418/973 610/419/973 578/416/973
f 580/420/974 611/421/974 579/418/974
f 581/422/975 612/423/975 580/420/975
f 582/424/976 613/425/976 581/422/976
f 583/426/977 614/427/977 582/424/977
f 584/428/978 615/429/978 583/426/978
f 585/430/979 616/431/979 584/428/979
f 586/432/980 617/433/980 585/430/980
f 587/434/981 618/435/981 586/432/981
f 588/436/982 619/437/982 587/434/982
f 589/438/983 620/439/983 588/436/983
f 590/440/984 621/441/984 589/438/984
f 591/442/985 622/443/985 590/440/985
f 592/444/986 623/445/986 591/442/986
f 593/446/987 624/447/987 592/444/987
f 594/448/988 625/449/988 593/446/988
f 595/450/989 626/451/989 594/448/989
f 596/452/990 627/453/990 595/450/990
f 597/454/991 628/455/991 596/452/991
f 598/456/992 629/457/992 597/454/992
f 599/458/993 630/459/993 598/456/993
f 568/460/994 631/461/994 599/458/994
f 664/398/979 633/397/979 632/399/979
f 665/401/980 634/400/980 633/397/980
f 666/403/981 635/402/981 634/400/981
f 667/405/982 636/404/982 635/402/982
f 668/407/983 637/406/983 636/404/983
f 669/409/984 638/408/984 637/406/984
f 670/411/985 639/410/985 638/408/985
f 671/413/986 640/412/986 639/410/986
f 672/415/987 641/414/987 640/412/987
f 673/417/988 642/416/988 641/414/988
f 674/419/989 643/418/989 642/416/989
f 675/421/990 644/420/990 643/418/990
f 676/423/991 645/422/991 644/420/991
f 677/425/992 646/424/992 645/422/992
f 678/427/993 647/426/993 646/424/993
f 679/429/994 648/428/994 647/426/994
f 680/431/963 649/430/963 648/428/963
f 681/433/964 650/432/964 649/430/964
f 682/435/965 651/434/965 650/432/965
f 683/437/966 652/436/966 651/434/966
f 684/439/967 653/438/967 652/436/967
f 685/441/968 654/440/968 653/438/968
f 686/443/969 655/442/969 654/440/969
f 687/445/970 656/444/970 655/442/970
f 688/447/971 657/446/971 656/444/971
f 689/449/972 658/448/972 657/446/972
f 690/451/973 659/450/973 658/448/973
f 691/453/974 660/452/974 659/450/974
f 692/455/975 661/454/975 660/452/975
f 693/457/976 662/456/976 661/454/976
f 694/459/977 663/458/977 662/456/977
f 695/461/978 632/460/978 663/458/978
f 568/399/995 633/397/995 569/397/995
f 600/398/996 665/401/996 664/398/996
f 569/397/995 634/400/995 570/400/995
f 601/401/996 666/403/996 665/401/996
f 570/400/995 635/402/995 571/402/995
f 602/403/996 667/405/996 666/403/996
f 572/404/995 635/402/995 636/404/995
f 604/407/996 667/405/996 603/405/996
f 573/406/995 636/404/995 637/406/995
f 605/409/996 668/407/996 604/407/996
f 574/408/995 637/406/995 638/408/995
f 606/411/996 669/409/996 605/409/996
f 575/410/995 638/408/995 639/410/995
f 607/413/996 670/411/996 606/411/996
f 576/412/995 639/410/995 640/412/995
f 608/415/996 671/413/996 607/413/996
f 576/412/995 641/414/995 577/414/995
f 608/415/996 673/417/996 672/415/996
f 577/414/995 642/416/995 578/416/995
f 609/417/996 674/419/996 673/417/996
f 578/416/995 643/418/995 579/418/995
f 610/419/996 675/421/996 674/419/996
f 579/418/995 644/420/995 580/420/995
f 611/421/996 676/423/996 675/421/996
f 580/420/995 645/422/995 581/422/995
f 612/423/996 677/425/996 676/423/996
f 582/424/995 645/422/995 646/424/995
f 614/427/996 677/425/996 613/425/996
f 583/426/995 646/424/995 647/426/995
f 615/429/996 678/427/996 614/427/996
f 584/428/995 647/426/995 648/428/995
f 616/431/996 679/429/996 615/429/996
f 584/428/995 649/430/995 585/430/995
f 616/431/996 681/433/996 680/431/996
f 585/430/995 650/432/995 586/432/995
f 617/433/996 682/435/996 681/433/996
f 586/432/995 651/434/995 587/434/995
f 618/435/996 683/437/996 682/435/996
f 588/436/995 651/434/995 652/436/995
f 620/439/996 683/437/996 619/437/996
f 589/438/995 652/436/995 653/438/995
f 621/441/996 684/439/996 620/439/996
f 590/440/995 653/438/995 654/440/995
f 622/443/996 685/441/996 621/441/996
f 591/442/995 654/440/995 655/442/995
f 623/445/996 686/443/996 622/443/996
f 592/444/995 655/442/995 656/444/995
f 624/447/996 687/445/996 623/445/996
f 592/444/995 657/446/995 593/446/995
f 624/447/996 689/449/996 688/447/996
f 593/446/995 658/448/995 594/448/995
f 625/449/996 690/451/996 689/449/996
f 594/448/995 659/450/995 595/450/995
f 626/451/996 691/453/996 690/451/996
f 595/450/995 660/452/995 596/452/995
f 627/453/996 692/455/996 691/453/996
f 596/452/995 661/454/995 597/454/995
f 628/455/996 693/457/996 692/455/996
f 598/456/995 661/454/995 662/456/995
f 630/459/996 693/457/996 629/457/996
f 599/458/995 662/456/995 663/458/995
f 631/461/996 694/459/996 630/459/996
f 568/460/995 663/458/995 632/460/995
f 600/462/996 695/461/996 631/461/996
f 569/397/963 601/401/963 600/398/963
f 570/400/964 602/403/964 601/401/964
f 571/402/965 603/405/965 602/403/965
f 572/404/966 604/407/966 603/405/966
f 573/406/967 605/409/967 604/407/967
f 574/408/968 606/411/968 605/409/968
f 575/410/969 607/413/969 606/411/969
f 576/412/970 608/415/970 607/413/970
f 577/414/971 609/417/971 608/415/971
f 578/416/972 610/419/972 609/417/972
f 579/418/973 611/421/973 610/419/973
f 580/420/974 612/423/974 611/421/974
f 581/422/975 613/425/975 612/423/975
f 582/424/976 614/427/976 613/425/976
f 583/426/977 615/429/977 614/427/977
f 584/428/978 616/431/978 615/429/978
f 585/430/979 617/433/979 616/431/979
f 586/432/980 618/435/980 617/433/980
f 587/434/981 619/437/981 618/435/981
f 588/436/982 620/439/982 619/437/982
f 589/438/983 621/441/983 620/439/983
f 590/440/984 622/443/984 621/441/984
f 591/442/985 623/445/985 622/443/985
f 592/444/986 624/447/986 623/445/986
f 593/446/987 625/449/987 624/447/987
f 594/448/988 626/451/988 625/449/988
f 595/450/989 627/453/989 626/451/989
f 596/452/990 628/455/990 627/453/990
f 597/454/991 629/457/991 628/455/991
f 598/456/992 630/459/992 629/457/992
f 599/458/993 631/461/993 630/459/993
f 568/460/994 600/462/994 631/461/994
f 664/398/979 665/401/979 633/397/979
f 665/401/980 666/403/980 634/400/980
f 666/403/981 667/405/981 635/402/981
f 667/405/982 668/407/982 636/404/982
f 668/407/983 669/409/983 637/406/983
f 669/409/984 670/411/984 638/408/984
f 670/411/985 671/413/985 639/410/985
f 671/413/986 672/415/986 640/412/986
f 672/415/987 673/417/987 641/414/987
f 673/417/988 674/419/988 642/416/988
f 674/419/989 675/421/989 643/418/989
f 675/421/990 676/423/990 644/420/990
f 676/423/991 677/425/991 645/422/991
f 677/425/992 678/427/992 646/424/992
f 678/427/993 679/429/993 647/426/993
f 679/429/994 680/431/994 648/428/994
f 680/431/963 681/433/963 649/430/963
f 681/433/964 682/435/964 650/432/964
f 682/435/965 683/437/965 651/434/965
f 683/437/966 684/439/966 652/436/966
f 684/439/967 685/441/967 653/438/967
f 685/441/968 686/443/968 654/440/968
f 686/443/969 687/445/969 655/442/969
f 687/445/970 688/447/970 656/444/970
f 688/447/971 689/449/971 657/446/971
f 689/449/972 690/451/972 658/448/972
f 690/451/973 691/453/973 659/450/973
f 691/453/974 692/455/974 660/452/974
f 692/455/975 693/457/975 661/454/975
f 693/457/976 694/459/976 662/456/976
f 694/459/977 695/461/977 663/458/977
f 695/461/978 664/462/978 632/460/978
f 568/399/995 632/399/995 633/397/995
f 600/398/996 601/401/996 665/401/996
f 569/397/995 633/397/995 634/400/995
f 601/401/996 602/403/996 666/403/996
f 570/400/995 634/400/995 635/402/995
f 602/403/996 603/405/996 667/405/996
f 572/404/995 571/402/995 635/402/995
f 604/407/996 668/407/996 667/405/996
f 573/406/995 572/404/995 636/404/995
f 605/409/996 669/409/996 668/407/996
f 574/408/995 573/406/995 637/406/995
f 606/411/996 670/411/996 669/409/996
f 575/410/995 574/408/995 638/408/995
f 607/413/996 671/413/996 670/411/996
f 576/412/995 575/410/995 639/410/995
f 608/415/996 672/415/996 671/413/996
f 576/412/995 640/412/995 641/414/995
f 608/415/996 609/417/996 673/417/996
f 577/414/995 641/414/995 642/416/995
f 609/417/996 610/419/996 674/419/996
f 578/416/995 642/416/995 643/418/995
f 610/419/996 611/421/996 675/421/996
f 579/418/995 643/418/995 644/420/995
f 611/421/996 612/423/996 676/423/996
f 580/420/995 644/420/995 645/422/995
f 612/423/996 613/425/996 677/425/996
f 582/424/995 581/422/995 645/422/995
f 614/427/996 678/427/996 677/425/996
f 583/426/995 582/424/995 646/424/995
f 615/429/996 679/429/996 678/427/996
f 584/428/995 583/426/995 647/426/995
f 616/431/996 680/431/996 679/429/996
f 584/428/995 648/428/995 649/430/995
f 616/431/996 617/433/996 681/433/996
f 585/430/995 649/430/995 650/432/995
f 617/433/996 618/435/996 682/435/996
f 586/432/995 650/432/995 651/434/995
f 618/435/996 619/437/996 683/437/996
f 588/436/995 587/434/995 651/434/995
f 620/439/996 684/439/996 683/437/996
f 589/438/995 588/436/995 652/436/995
f 621/441/996 685/441/996 684/439/996
f 590/440/995 589/438/995 653/438/995
f 622/443/996 686/443/996 685/441/996
f 591/442/995 590/440/995 654/440/995
f 623/445/996 687/445/996 686/443/996
f 592/444/995 591/442/995 655/442/995
f 624/447/996 688/447/996 687/445/996
f 592/444/995 656/444/995 657/446/995
f 624/447/996 625/449/996 689/449/996
f 593/446/995 657/446/995 658/448/995
f 625/449/996 626/451/996 690/451/996
f 594/448/995 658/448/995 659/450/995
f 626/451/996 627/453/996 691/453/996
f 595/450/995 659/450/995 660/452/995
f 627/453/996 628/455/996 692/455/996
f 596/452/995 660/452/995 661/454/995
f 628/455/996 629/457/996 693/457/996
f 598/456/995 597/454/995 661/454/995
f 630/459/996 694/459/996 693/457/996
f 599/458/995 598/456/995 662/456/995
f 631/461/996 695/461/996 694/459/996
f 568/460/995 599/458/995 663/458/995
f 600/462/996 664/462/996 695/461/996
g D_Fauld0.001_D_Fauld0.001
v 0.600000 -0.500000 0.020000
v 0.591112 -0.500000 -0.099475
v 0.564549 -0.500000 -0.180612
v 0.520589 -0.500000 -0.247236
v 0.459590 -0.500000 -0.301713
v 0.381765 -0.500000 -0.344412
v 0.286588 -0.500000 -0.375184
v 0.170678 -0.500000 -0.393778
v 0.000000 -0.500000 -0.400000
v -0.170678 -0.500000 -0.393778
v -0.286588 -0.500000 -0.375184
v -0.381765 -0.500000 -0.344412
v -0.459590 -0.500000 -0.301713
v -0.520589 -0.500000 -0.247236
v -0.564549 -0.500000 -0.180612
v -0.591112 -0.500000 -0.099475
v -0.600000 -0.500000 0.020000
v -0.591112 -0.500000 0.139475
v -0.564549 -0.500000 0.220612
v -0.520589 -0.500000 0.287236
v -0.459590 -0.500000 0.341713
v -0.381765 -0.500000 0.384412
v -0.286588 -0.500000 0.415184
v -0.170678 -0.500000 0.433778
v -0.000000 -0.500000 0.440000
v 0.170678 -0.500000 0.433778
v 0.286588 -0.500000 0.415184
v 0.381765 -0.500000 0.384412
v 0.459590 -0.500000 0.341713
v 0.520589 -0.500000 0.287236
v 0.564549 -0.500000 0.220612
v 0.591112 -0.500000 0.139475
v 0.680000 -0.800000 0.020000
v 0.669927 -0.800000 -0.119387
v 0.639822 -0.800000 -0.214047
v 0.590000 -0.800000 -0.291775
v 0.520869 -0.800000 -0.355332
v 0.432667 -0.800000 -0.405147
v 0.324800 -0.800000 -0.441048
v 0.193436 -0.800000 -0.462741
v 0.000000 -0.800000 -0.470000
v -0.193436 -0.800000 -0.462741
v -0.324800 -0.800000 -0.441048
v -0.432667 -0.800000 -0.405147
v -0.520869 -0.800000 -0.355332
v -0.590000 -0.800000 -0.291775
v -0.639822 -0.800000 -0.214047
v -0.669927 -0.800000 -0.119387
v -0.680000 -0.800000 0.020000
v -0.669927 -0.800000 0.159387
v -0.639822 -0.800000 0.254047
v -0.590000 -0.800000 0.331775
v -0.520869 -0.800000 0.395332
v -0.432667 -0.800000 0.445147
v -0.324800 -0.800000 0.481048
v -0.193436 -0.800000 0.502741
v -0.000000 -0.800000 0.510000
v 0.193436 -0.800000 0.502741
v 0.324800 -0.800000 0.481048
v 0.432667 -0.800000 0.445147
v 0.520869 -0.800000 0.395332
v 0.590000 -0.800000 0.331775
v 0.639822 -0.800000 0.254047
v 0.669927 -0.800000 0.159387
v 0.638742 -0.489651 0.020000
v 0.629268 -0.489469 -0.106868
v 0.599654 -0.489316 -0.197339
v 0.550130 -0.489403 -0.272536
v 0.482137 -0.489726 -0.333428
v 0.397230 -0.490145 -0.380156
v 0.295698 -0.490527 -0.413086
v 0.174463 -0.490801 -0.432598
v 0.000000 -0.490917 -0.438982
v -0.174463 -0.490801 -0.432598
v -0.295698 -0.490527 -0.413086
v -0.397230 -0.490145 -0.380156
v -0.482137 -0.489726 -0.333428
v -0.550130 -0.489403 -0.272536
v -0.599654 -0.489316 -0.197339
v -0.629268 -0.489469 -0.106868
v -0.638742 -0.489651 0.020000
v -0.629268 -0.489469 0.146868
v -0.599654 -0.489316 0.237339
v -0.550130 -0.489403 0.312536
v -0.482137 -0.489726 0.373428
v -0.397230 -0.490145 0.420156
v -0.295698 -0.490527 0.453086
v -0.174463 -0.490801 0.472598
v -0.000000 -0.490917 0.478982
v 0.174463 -0.490801 0.472598
v 0.295698 -0.490527 0.453086
v 0.397230 -0.490145 0.420156
v 0.482137 -0.489726 0.373428
v 0.550130 -0.489403 0.312536
v 0.599654 -0.489316 0.237339
v 0.629268 -0.489469 0.146868
v 0.718742 -0.789651 0.020000
v 0.708066 -0.789467 -0.126863
v 0.674946 -0.789316 -0.230733
v 0.619688 -0.789398 -0.316902
v 0.543687 -0.789712 -0.386848
v 0.448442 -0.790127 -0.440751
v 0.334170 -0.790513 -0.478883
v 0.197378 -0.790794 -0.501544
v 0.000000 -0.790917 -0.508982
v -0.197378 -0.790794 -0.501544
v -0.334170 -0.790513 -0.478883
v -0.448442 -0.790127 -0.440751
v -0.543687 -0.789712 -0.386848
v -0.619688 -0.789398 -0.316902
v -0.674946 -0.789316 -0.230733
v -0.708066 -0.789467 -0.126863
v -0.718742 -0.789651 0.020000
v -0.708066 -0.789467 0.166863
v -0.674946 -0.789316 0.270733
v -0.619688 -0.789398 0.356902
v -0.543687 -0.789712 0.426848
v -0.448442 -0.790127 0.480751
v -0.334170 -0.790513 0.518883
v -0.197378 -0.790794 0.541544
v -0.000000 -0.790917 0.548982
v 0.197378 -0.790794 0.541544
v 0.334170 -0.790513 0.518883
v 0.448442 -0.790127 0.480751
v 0.543687 -0.789712 0.426848
v 0.619688 -0.789398 0.356902
v 0.674946 -0.789316 0.270733
v 0.708066 -0.789467 0.166863
vn -0.9637 -0.2570 0.0717
vn -0.9174 -0.2610 0.3004
vn -0.8125 -0.2619 0.5208
vn -0.6541 -0.2570 0.7114
vn -0.4764 -0.2481 0.8435
vn -0.3067 -0.2386 0.9214
vn -0.1585 -0.2309 0.9600
vn -0.0365 -0.2265 0.9733
vn 0.0355 -0.2271 0.9732
vn 0.1541 -0.2324 0.9603
vn 0.2986 -0.2408 0.9235
vn 0.4656 -0.2508 0.8487
vn 0.6432 -0.2601 0.7202
vn 0.8048 -0.2651 0.5310
vn 0.9194 -0.2633 0.2924
vn 0.9637 -0.2578 0.0696
vn 0.9637 -0.2570 -0.0717
vn 0.9174 -0.2610 -0.3004
vn 0.8125 -0.2619 -0.5208
vn 0.6541 -0.2570 -0.7114
vn 0.4764 -0.2481 -0.8435
vn 0.3067 -0.2386 -0.9214
vn 0.1585 -0.2309 -0.9600
vn 0.0365 -0.2265 -0.9733
vn -0.0355 -0.2271 -0.9732
vn -0.1541 -0.2324 -0.9603
vn -0.2986 -0.2408 -0.9235
vn -0.4656 -0.2508 -0.8487
vn -0.6432 -0.2601 -0.7202
vn -0.8048 -0.2651 -0.5310
vn -0.9194 -0.2633 -0.2924
vn -0.9637 -0.2578 -0.0696
vn 0.9638 0.2570 -0.0716
vn 0.9176 0.2610 -0.2999
vn 0.8051 0.2651 -0.5305
vn 0.6435 0.2602 -0.7199
vn 0.4658 0.2509 -0.8486
vn 0.2986 0.2408 -0.9235
vn 0.1540 0.2325 -0.9603
vn 0.0355 0.2271 -0.9732
vn -0.0355 0.2271 -0.9732
vn -0.1540 0.2325 -0.9603
vn -0.2986 0.2408 -0.9235
vn -0.4658 0.2509 -0.8486
vn -0.6435 0.2602 -0.7199
vn -0.8051 0.2651 -0.5305
vn -0.9176 0.2610 -0.2999
vn -0.9638 0.2570 -0.0716
vn -0.9638 0.2570 0.0716
vn -0.9176 0.2610 0.2999
vn -0.8051 0.2651 0.5305
vn -0.6435 0.2602 0.7199
vn -0.4658 0.2509 0.8486
vn -0.2986 0.2408 0.9235
vn -0.1540 0.2325 0.9603
vn -0.0355 0.2271 0.9732
vn 0.0355 0.2271 0.9732
vn 0.1540 0.2325 0.9603
vn 0.2986 0.2408 0.9235
vn 0.4658 0.2509 0.8486
vn 0.6435 0.2602 0.7199
vn 0.8051 0.2651 0.5305
vn 0.9176 0.2610 0.2999
vn 0.9638 0.2570 0.0716
vn -0.2622 0.9648 0.0210
vn 0.2580 -0.9660 -0.0186
vn -0.2531 0.9638 0.0845
vn 0.2508 -0.9647 -0.0798
vn -0.2210 0.9643 0.1458
vn 0.2247 -0.9637 -0.1440
vn -0.1710 0.9665 0.1915
vn 0.1813 -0.9644 -0.1927
vn -0.1185 0.9692 0.2160
vn 0.1296 -0.9665 -0.2216
vn -0.0728 0.9716 0.2253
vn 0.0810 -0.9691 -0.2329
vn -0.0364 0.9732 0.2271
vn 0.0407 -0.9715 -0.2335
vn -0.0083 0.9739 0.2269
vn 0.0093 -0.9732 -0.2299
vn 0.0091 0.9732 0.2297
vn -0.0085 -0.9739 -0.2269
vn 0.0397 0.9716 0.2333
vn -0.0375 -0.9732 -0.2271
vn 0.0792 0.9693 0.2330
vn -0.0749 -0.9715 -0.2250
vn 0.1273 0.9666 0.2226
vn -0.1214 -0.9691 -0.2149
vn 0.1791 0.9644 0.1948
vn -0.1741 -0.9663 -0.1894
vn 0.2236 0.9636 0.1462
vn -0.2237 -0.9642 -0.1425
vn 0.2504 0.9647 0.0820
vn -0.2540 -0.9637 -0.0824
vn 0.2580 0.9659 0.0192
vn -0.2625 -0.9647 -0.0203
vn 0.2622 0.9648 -0.0210
vn -0.2580 -0.9660 0.0186
vn 0.2531 0.9638 -0.0845
vn -0.2508 -0.9647 0.0798
vn 0.2210 0.9643 -0.1458
vn -0.2247 -0.9637 0.1440
vn 0.1710 0.9665 -0.1915
vn -0.1813 -0.9644 0.1927
vn 0.1185 0.9692 -0.2160
vn -0.1296 -0.9665 0.2216
vn 0.0728 0.9716 -0.2253
vn -0.0810 -0.9691 0.2329
vn 0.0364 0.9732 -0.2271
vn -0.0407 -0.9715 0.2335
vn 0.0083 0.9739 -0.2269
vn -0.0093 -0.9732 0.2299
vn -0.0091 0.9732 -0.2297
vn 0.0085 -0.9739 0.2269
vn -0.0397 0.9716 -0.2333
vn 0.0375 -0.9732 0.2271
vn -0.0792 0.9693 -0.2330
vn 0.0749 -0.9715 0.2250
vn -0.1273 0.9666 -0.2226
vn 0.1214 -0.9691 0.2149
vn -0.1791 0.9644 -0.1948
vn 0.1741 -0.9663 0.1894
vn -0.2236 0.9636 -0.1462
vn 0.2237 -0.9642 0.1425
vn -0.2504 0.9647 -0.0820
vn 0.2540 -0.9637 0.0824
vn -0.2580 0.9659 -0.0192
vn 0.2625 -0.9647 0.0203
vn -0.9637 -0.2578 0.0696
vn -0.9194 -0.2633 0.2924
vn -0.8048 -0.2651 0.5310
vn -0.6432 -0.2601 0.7202
vn -0.4656 -0.2508 0.8487
vn -0.2986 -0.2408 0.9235
vn -0.1541 -0.2324 0.9603
vn -0.0355 -0.2271 0.9732
vn 0.0365 -0.2265 0.9733
vn 0.1585 -0.2309 0.9600
vn 0.3067 -0.2386 0.9214
vn 0.4764 -0.2481 0.8435
vn 0.6541 -0.2570 0.7114
vn 0.8125 -0.2619 0.5208
vn 0.9174 -0.2610 0.3004
vn 0.9637 -0.2570 0.0717
vn 0.9637 -0.2578 -0.0696
vn 0.9194 -0.2633 -0.2924
vn 0.8048 -0.2651 -0.5310
vn 0.6432 -0.2601 -0.7202
vn 0.4656 -0.2508 -0.8487
vn 0.2986 -0.2408 -0.9235
vn 0.1541 -0.2324 -0.9603
vn 0.0355 -0.2271 -0.9732
vn -0.0365 -0.2265 -0.9733
vn -0.1585 -0.2309 -0.9600
vn -0.3067 -0.2386 -0.9214
vn -0.4764 -0.2481 -0.8435
vn -0.6541 -0.2570 -0.7114
vn -0.8125 -0.2619 -0.5208
vn -0.9174 -0.2610 -0.3004
vn -0.9637 -0.2570 -0.0717
vn 0.9637 0.2578 -0.0697
vn 0.9192 0.2633 -0.2927
vn 0.8123 0.2619 -0.5212
vn 0.6539 0.2569 -0.7117
vn 0.4763 0.2480 -0.8436
vn 0.3067 0.2385 -0.9215
vn 0.1586 0.2309 -0.9600
vn 0.0365 0.2265 -0.9733
vn -0.0365 0.2265 -0.9733
vn -0.1586 0.2309 -0.9600
vn -0.3067 0.2385 -0.9215
vn -0.4763 0.2480 -0.8436
vn -0.6539 0.2569 -0.7117
vn -0.8123 0.2619 -0.5212
vn -0.9192 0.2633 -0.2927
vn -0.9637 0.2578 -0.0697
vn -0.9637 0.2578 0.0697
vn -0.9192 0.2633 0.2927
vn -0.8123 0.2619 0.5212
vn -0.6539 0.2569 0.7117
vn -0.4763 0.2480 0.8436
vn -0.3067 0.2385 0.9215
vn -0.1586 0.2309 0.9600
vn -0.0365 0.2265 0.9733
vn 0.0365 0.2265 0.9733
vn 0.1586 0.2309 0.9600
vn 0.3067 0.2385 0.9215
vn 0.4763 0.2480 0.8436
vn 0.6539 0.2569 0.7117
vn 0.8123 0.2619 0.5212
vn 0.9192 0.2633 0.2927
vn 0.9637 0.2578 0.0697
vn -0.2580 0.9659 0.0192
vn 0.2625 -0.9647 -0.0203
vn -0.2504 0.9647 0.0820
vn 0.2540 -0.9637 -0.0824
vn -0.2236 0.9636 0.1462
vn 0.2237 -0.9642 -0.1425
vn -0.1791 0.9644 0.1948
vn 0.1741 -0.9663 -0.1894
vn -0.1273 0.9666 0.2226
vn 0.1214 -0.9691 -0.2149
vn -0.0792 0.9693 0.2330
vn 0.0749 -0.9715 -0.2250
vn -0.0397 0.9716 0.2333
vn 0.0375 -0.9732 -0.2271
vn -0.0091 0.9732 0.2297
vn 0.0085 -0.9739 -0.2269
vn 0.0083 0.9739 0.2269
vn -0.0093 -0.9732 -0.2299
vn 0.0364 0.9732 0.2271
vn -0.0407 -0.9715 -0.2335
vn 0.0728 0.9716 0.2253
vn -0.0810 -0.9691 -0.2329
vn 0.1185 0.9692 0.2160
vn -0.1296 -0.9665 -0.2216
vn 0.1710 0.9665 0.1915
vn -0.1813 -0.9644 -0.1927
vn 0.2210 0.9643 0.1458
vn -0.2247 -0.9637 -0.1440
vn 0.2531 0.9638 0.0845
vn -0.2508 -0.9647 -0.0798
vn 0.2622 0.9648 0.0210
vn -0.2580 -0.9660 -0.0186
vn 0.2580 0.9659 -0.0192
vn -0.2625 -0.9647 0.0203
vn 0.2504 0.9647 -0.0820
vn -0.2540 -0.9637 0.0824
vn 0.2236 0.9636 -0.1462
vn -0.2237 -0.9642 0.1425
vn 0.1791 0.9644 -0.1948
vn -0.1741 -0.9663 0.1894
vn 0.1273 0.9666 -0.2226
vn -0.1214 -0.9691 0.2149
vn 0.0792 0.9693 -0.2330
vn -0.0749 -0.9715 0.2250
vn 0.0397 0.9716 -0.2333
vn -0.0375 -0.9732 0.2271
vn 0.0091 0.9732 -0.2297
vn -0.0085 -0.9739 0.2269
vn -0.0083 0.9739 -0.2269
vn 0.0093 -0.9732 0.2299
vn -0.0364 0.9732 -0.2271
vn 0.0407 -0.9715 0.2335
vn -0.0728 0.9716 -0.2253
vn 0.0810 -0.9691 0.2329
vn -0.1185 0.9692 -0.2160
vn 0.1296 -0.9665 0.2216
vn -0.1710 0.9665 -0.1915
vn 0.1813 -0.9644 0.1927
vn -0.2210 0.9643 -0.1458
vn 0.2247 -0.9637 0.1440
vn -0.2531 0.9638 -0.0845
vn 0.2508 -0.9647 0.0798
vn -0.2622 0.9648 -0.0210
vn 0.2580 -0.9660 0.0186
vt 0.031250 0.000000
vt 0.000000 1.000000
vt 0.000000 0.000000
vt 0.062500 0.000000
vt 0.031250 1.000000
vt 0.093750 1.000000
vt 0.062500 1.000000
vt 0.093750 0.000000
vt 0.125000 1.000000
vt 0.125000 0.000000
vt 0.156250 1.000000
vt 0.156250 0.000000
vt 0.187500 1.000000
vt 0.187500 0.000000
vt 0.218750 1.000000
vt 0.218750 0.000000
vt 0.250000 1.000000
vt 0.281250 0.000000
vt 0.250000 0.000000
vt 0.312500 0.000000
vt 0.281250 1.000000
vt 0.343750 0.000000
vt 0.312500 1.000000
vt 0.375000 0.000000
vt 0.343750 1.000000
vt 0.406250 0.000000
vt 0.375000 1.000000
vt 0.437500 0.000000
vt 0.406250 1.000000
vt 0.468750 1.000000
vt 0.437500 1.000000
vt 0.468750 0.000000
vt 0.500000 1.000000
vt 0.531250 0.000000
vt 0.500000 0.000000
vt 0.562500 0.000000
vt 0.531250 1.000000
vt 0.593750 1.000000
vt 0.562500 1.000000
vt 0.593750 0.000000
vt 0.625000 1.000000
vt 0.625000 0.000000
vt 0.656250 1.000000
vt 0.656250 0.000000
vt 0.687500 1.000000
vt 0.687500 0.000000
vt 0.718750 1.000000
vt 0.718750 0.000000
vt 0.750000 1.000000
vt 0.781250 0.000000
vt 0.750000 0.000000
vt 0.812500 0.000000
vt 0.781250 1.000000
vt 0.843750 0.000000
vt 0.812500 1.000000
vt 0.875000 0.000000
vt 0.843750 1.000000
vt 0.906250 0.000000
vt 0.875000 1.000000
vt 0.937500 0.000000
vt 0.906250 1.000000
vt 0.968750 1.000000
vt 0.937500 1.000000
vt 0.968750 0.000000
vt 1.000000 1.000000
vt 1.000000 0.000000
s 0
g D_Fauld0.001_brigandine_body
usemtl brigandine_body
f 697/463/997 728/464/997 696/465/997
f 698/466/998 729/467/998 697/463/998
f 698/466/999 731/468/999 730/469/999
f 699/470/1000 732/471/1000 731/468/1000
f 700/472/1001 733/473/1001 732/471/1001
f 701/474/1002 734/475/1002 733/473/1002
f 702/476/1003 735/477/1003 734/475/1003
f 703/478/1004 736/479/1004 735/477/1004
f 705/480/1005 736/479/1005 704/481/1005
f 706/482/1006 737/483/1006 705/480/1006
f 707/484/1007 738/485/1007 706/482/1007
f 708/486/1008 739/487/1008 707/484/1008
f 709/488/1009 740/489/1009 708/486/1009
f 710/490/1010 741/491/1010 709/488/1010
f 710/490/1011 743/492/1011 742/493/1011
f 711/494/1012 744/495/1012 743/492/1012
f 713/496/1013 744/495/1013 712/497/1013
f 714/498/1014 745/499/1014 713/496/1014
f 714/498/1015 747/500/1015 746/501/1015
f 715/502/1016 748/503/1016 747/500/1016
f 716/504/1017 749/505/1017 748/503/1017
f 717/506/1018 750/507/1018 749/505/1018
f 718/508/1019 751/509/1019 750/507/1019
f 719/510/1020 752/511/1020 751/509/1020
f 721/512/1021 752/511/1021 720/513/1021
f 722/514/1022 753/515/1022 721/512/1022
f 723/516/1023 754/517/1023 722/514/1023
f 724/518/1024 755/519/1024 723/516/1024
f 725/520/1025 756/521/1025 724/518/1025
f 726/522/1026 757/523/1026 725/520/1026
f 726/522/1027 759/524/1027 758/525/1027
f 727/526/1028 728/527/1028 759/524/1028
f 792/464/1029 761/463/1029 760/465/1029
f 793/467/1030 762/466/1030 761/463/1030
f 762/466/1031 795/468/1031 763/470/1031
f 763/470/1032 796/471/1032 764/472/1032
f 764/472/1033 797/473/1033 765/474/1033
f 765/474/1034 798/475/1034 766/476/1034
f 766/476/1035 799/477/1035 767/478/1035
f 767/478/1036 800/479/1036 768/481/1036
f 800/479/1037 769/480/1037 768/481/1037
f 801/483/1038 770/482/1038 769/480/1038
f 802/485/1039 771/484/1039 770/482/1039
f 803/487/1040 772/486/1040 771/484/1040
f 804/489/1041 773/488/1041 772/486/1041
f 805/491/1042 774/490/1042 773/488/1042
f 774/490/1043 807/492/1043 775/494/1043
f 775/494/1044 808/495/1044 776/497/1044
f 808/495/1045 777/496/1045 776/497/1045
f 809/499/1046 778/498/1046 777/496/1046
f 778/498/1047 811/500/1047 779/502/1047
f 779/502/1048 812/503/1048 780/504/1048
f 780/504/1049 813/505/1049 781/506/1049
f 781/506/1050 814/507/1050 782/508/1050
f 782/508/1051 815/509/1051 783/510/1051
f 783/510/1052 816/511/1052 784/513/1052
f 816/511/1053 785/512/1053 784/513/1053
f 817/515/1054 786/514/1054 785/512/1054
f 818/517/1055 787/516/1055 786/514/1055
f 819/519/1056 788/518/1056 787/516/1056
f 820/521/1057 789/520/1057 788/518/1057
f 821/523/1058 790/522/1058 789/520/1058
f 790/522/1059 823/524/1059 791/526/1059
f 791/526/1060 792/527/1060 760/528/1060
f 697/463/1061 760/465/1061 761/463/1061
f 729/467/1062 792/464/1062 728/464/1062
f 698/466/1063 761/463/1063 762/466/1063
f 730/469/1064 793/467/1064 729/467/1064
f 698/466/1065 763/470/1065 699/470/1065
f 731/468/1066 794/469/1066 730/469/1066
f 699/470/1067 764/472/1067 700/472/1067
f 731/468/1068 796/471/1068 795/468/1068
f 700/472/1069 765/474/1069 701/474/1069
f 732/471/1070 797/473/1070 796/471/1070
f 701/474/1071 766/476/1071 702/476/1071
f 733/473/1072 798/475/1072 797/473/1072
f 702/476/1073 767/478/1073 703/478/1073
f 734/475/1074 799/477/1074 798/475/1074
f 703/478/1075 768/481/1075 704/481/1075
f 735/477/1076 800/479/1076 799/477/1076
f 705/480/1077 768/481/1077 769/480/1077
f 737/483/1078 800/479/1078 736/479/1078
f 706/482/1079 769/480/1079 770/482/1079
f 738/485/1080 801/483/1080 737/483/1080
f 707/484/1081 770/482/1081 771/484/1081
f 739/487/1082 802/485/1082 738/485/1082
f 708/486/1083 771/484/1083 772/486/1083
f 740/489/1084 803/487/1084 739/487/1084
f 709/488/1085 772/486/1085 773/488/1085
f 741/491/1086 804/489/1086 740/489/1086
f 710/490/1087 773/488/1087 774/490/1087
f 741/491/1088 806/493/1088 805/491/1088
f 710/490/1089 775/494/1089 711/494/1089
f 742/493/1090 807/492/1090 806/493/1090
f 711/494/1091 776/497/1091 712/497/1091
f 743/492/1092 808/495/1092 807/492/1092
f 713/496/1093 776/497/1093 777/496/1093
f 745/499/1094 808/495/1094 744/495/1094
f 714/498/1095 777/496/1095 778/498/1095
f 746/501/1096 809/499/1096 745/499/1096
f 714/498/1097 779/502/1097 715/502/1097
f 747/500/1098 810/501/1098 746/501/1098
f 715/502/1099 780/504/1099 716/504/1099
f 747/500/1100 812/503/1100 811/500/1100
f 716/504/1101 781/506/1101 717/506/1101
f 748/503/1102 813/505/1102 812/503/1102
f 717/506/1103 782/508/1103 718/508/1103
f 749/505/1104 814/507/1104 813/505/1104
f 718/508/1105 783/510/1105 719/510/1105
f 750/507/1106 815/509/1106 814/507/1106
f 719/510/1107 784/513/1107 720/513/1107
f 751/509/1108 816/511/1108 815/509/1108
f 721/512/1109 784/513/1109 785/512/1109
f 753/515/1110 816/511/1110 752/511/1110
f 722/514/1111 785/512/1111 786/514/1111
f 754/517/1112 817/515/1112 753/515/1112
f 723/516/1113 786/514/1113 787/516/1113
f 755/519/1114 818/517/1114 754/517/1114
f 724/518/1115 787/516/1115 788/518/1115
f 756/521/1116 819/519/1116 755/519/1116
f 725/520/1117 788/518/1117 789/520/1117
f 757/523/1118 820/521/1118 756/521/1118
f 726/522/1119 789/520/1119 790/522/1119
f 757/523/1120 822/525/1120 821/523/1120
f 726/522/1121 791/526/1121 727/526/1121
f 758/525/1122 823/524/1122 822/525/1122
f 727/526/1123 760/528/1123 696/528/1123
f 759/524/1124 792/527/1124 823/524/1124
f 697/463/1125 729/467/1125 728/464/1125
f 698/466/1126 730/469/1126 729/467/1126
f 698/466/1127 699/470/1127 731/468/1127
f 699/470/1128 700/472/1128 732/471/1128
f 700/472/1129 701/474/1129 733/473/1129
f 701/474/1130 702/476/1130 734/475/1130
f 702/476/1131 703/478/1131 735/477/1131
f 703/478/1132 704/481/1132 736/479/1132
f 705/480/1133 737/483/1133 736/479/1133
f 706/482/1134 738/485/1134 737/483/1134
f 707/484/1135 739/487/1135 738/485/1135
f 708/486/1136 740/489/1136 739/487/1136
f 709/488/1137 741/491/1137 740/489/1137
f 710/490/1138 742/493/1138 741/491/1138
f 710/490/1139 711/494/1139 743/492/1139
f 711/494/1140 712/497/1140 744/495/1140
f 713/496/1141 745/499/1141 744/495/1141
f 714/498/1142 746/501/1142 745/499/1142
f 714/498/1143 715/502/1143 747/500/1143
f 715/502/1144 716/504/1144 748/503/1144
f 716/504/1145 717/506/1145 749/505/1145
f 717/506/1146 718/508/1146 750/507/1146
f 718/508/1147 719/510/1147 751/509/1147
f 719/510/1148 720/513/1148 752/511/1148
f 721/512/1149 753/515/1149 752/511/1149
f 722/514/1150 754/517/1150 753/515/1150
f 723/516/1151 755/519/1151 754/517/1151
f 724/518/1152 756/521/1152 755/519/1152
f 725/520/1153 757/523/1153 756/521/1153
f 726/522/1154 758/525/1154 757/523/1154
f 726/522/1155 727/526/1155 759/524/1155
f 727/526/1156 696/528/1156 728/527/1156
f 792/464/1157 793/467/1157 761/463/1157
f 793/467/1158 794/469/1158 762/466/1158
f 762/466/1159 794/469/1159 795/468/1159
f 763/470/1160 795/468/1160 796/471/1160
f 764/472/1161 796/471/1161 797/473/1161
f 765/474/1162 797/473/1162 798/475/1162
f 766/476/1163 798/475/1163 799/477/1163
f 767/478/1164 799/477/1164 800/479/1164
f 800/479/1165 801/483/1165 769/480/1165
f 801/483/1166 802/485/1166 770/482/1166
f 802/485/1167 803/487/1167 771/484/1167
f 803/487/1168 804/489/1168 772/486/1168
f 804/489/1169 805/491/1169 773/488/1169
f 805/491/1170 806/493/1170 774/490/1170
f 774/490/1171 806/493/1171 807/492/1171
f 775/494/1172 807/492/1172 808/495/1172
f 808/495/1173 809/499/1173 777/496/1173
f 809/499/1174 810/501/1174 778/498/1174
f 778/498/1175 810/501/1175 811/500/1175
f 779/502/1176 811/500/1176 812/503/1176
f 780/504/1177 812/503/1177 813/505/1177
f 781/506/1178 813/505/1178 814/507/1178
f 782/508/1179 814/507/1179 815/509/1179
f 783/510/1180 815/509/1180 816/511/1180
f 816/511/1181 817/515/1181 785/512/1181
f 817/515/1182 818/517/1182 786/514/1182
f 818/517/1183 819/519/1183 787/516/1183
f 819/519/1184 820/521/1184 788/518/1184
f 820/521/1185 821/523/1185 789/520/1185
f 821/523/1186 822/525/1186 790/522/1186
f 790/522/1187 822/525/1187 823/524/1187
f 791/526/1188 823/524/1188 792/527/1188
f 697/463/1189 696/465/1189 760/465/1189
f 729/467/1190 793/467/1190 792/464/1190
f 698/466/1191 697/463/1191 761/463/1191
f 730/469/1192 794/469/1192 793/467/1192
f 698/466/1193 762/466/1193 763/470/1193
f 731/468/1194 795/468/1194 794/469/1194
f 699/470/1195 763/470/1195 764/472/1195
f 731/468/1196 732/471/1196 796/471/1196
f 700/472/1197 764/472/1197 765/474/1197
f 732/471/1198 733/473/1198 797/473/1198
f 701/474/1199 765/474/1199 766/476/1199
f 733/473/1200 734/475/1200 798/475/1200
f 702/476/1201 766/476/1201 767/478/1201
f 734/475/1202 735/477/1202 799/477/1202
f 703/478/1203 767/478/1203 768/481/1203
f 735/477/1204 736/479/1204 800/479/1204
f 705/480/1205 704/481/1205 768/481/1205
f 737/483/1206 801/483/1206 800/479/1206
f 706/482/1207 705/480/1207 769/480/1207
f 738/485/1208 802/485/1208 801/483/1208
f 707/484/1209 706/482/1209 770/482/1209
f 739/487/1210 803/487/1210 802/485/1210
f 708/486/1211 707/484/1211 771/484/1211
f 740/489/1212 804/489/1212 803/487/1212
f 709/488/1213 708/486/1213 772/486/1213
f 741/491/1214 805/491/1214 804/489/1214
f 710/490/1215 709/488/1215 773/488/1215
f 741/491/1216 742/493/1216 806/493/1216
f 710/490/1217 774/490/1217 775/494/1217
f 742/493/1218 743/492/1218 807/492/1218
f 711/494/1219 775/494/1219 776/497/1219
f 743/492/1220 744/495/1220 808/495/1220
f 713/496/1221 712/497/1221 776/497/1221
f 745/499/1222 809/499/1222 808/495/1222
f 714/498/1223 713/496/1223 777/496/1223
f 746/501/1224 810/501/1224 809/499/1224
f 714/498/1225 778/498/1225 779/502/1225
f 747/500/1226 811/500/1226 810/501/1226
f 715/502/1227 779/502/1227 780/504/1227
f 747/500/1228 748/503/1228 812/503/1228
f 716/504/1229 780/504/1229 781/506/1229
f 748/503/1230 749/505/1230 813/505/1230
f 717/506/1231 781/506/1231 782/508/1231
f 749/505/1232 750/507/1232 814/507/1232
f 718/508/1233 782/508/1233 783/510/1233
f 750/507/1234 751/509/1234 815/509/1234
f 719/510/1235 783/510/1235 784/513/1235
f 751/509/1236 752/511/1236 816/511/1236
f 721/512/1237 720/513/1237 784/513/1237
f 753/515/1238 817/515/1238 816/511/1238
f 722/514/1239 721/512/1239 785/512/1239
f 754/517/1240 818/517/1240 817/515/1240
f 723/516/1241 722/514/1241 786/514/1241
f 755/519/1242 819/519/1242 818/517/1242
f 724/518/1243 723/516/1243 787/516/1243
f 756/521/1244 820/521/1244 819/519/1244
f 725/520/1245 724/518/1245 788/518/1245
f 757/523/1246 821/523/1246 820/521/1246
f 726/522/1247 725/520/1247 789/520/1247
f 757/523/1248 758/525/1248 822/525/1248
f 726/522/1249 790/522/1249 791/526/1249
f 758/525/1250 759/524/1250 823/524/1250
f 727/526/1251 791/526/1251 760/528/1251
f 759/524/1252 728/527/1252 792/527/1252
g D_Fauld1.001_D_Fauld1.001
v 0.645000 -0.720000 0.020000
v 0.635445 -0.720000 -0.110853
v 0.606890 -0.720000 -0.199718
v 0.559633 -0.720000 -0.272687
v 0.494059 -0.720000 -0.332352
v 0.410398 -0.720000 -0.379118
v 0.308083 -0.720000 -0.412821
v 0.183479 -0.720000 -0.433186
v 0.000000 -0.720000 -0.440000
v -0.183479 -0.720000 -0.433186
v -0.308083 -0.720000 -0.412821
v -0.410398 -0.720000 -0.379118
v -0.494059 -0.720000 -0.332352
v -0.559633 -0.720000 -0.272687
v -0.606890 -0.720000 -0.199718
v -0.635445 -0.720000 -0.110853
v -0.645000 -0.720000 0.020000
v -0.635445 -0.720000 0.150853
v -0.606890 -0.720000 0.239718
v -0.559633 -0.720000 0.312687
v -0.494059 -0.720000 0.372352
v -0.410398 -0.720000 0.419118
v -0.308083 -0.720000 0.452821
v -0.183479 -0.720000 0.473186
v -0.000000 -0.720000 0.480000
v 0.183479 -0.720000 0.473186
v 0.308083 -0.720000 0.452821
v 0.410398 -0.720000 0.419118
v 0.494059 -0.720000 0.372352
v 0.559633 -0.720000 0.312687
v 0.606890 -0.720000 0.239718
v 0.635445 -0.720000 0.150853
v 0.730000 -1.020000 0.020000
v 0.719186 -1.020000 -0.132188
v 0.686868 -1.020000 -0.235541
v 0.633383 -1.020000 -0.320408
v 0.559168 -1.020000 -0.389801
v 0.464481 -1.020000 -0.444191
v 0.348683 -1.020000 -0.483389
v 0.207659 -1.020000 -0.507075
v 0.000000 -1.020000 -0.515000
v -0.207659 -1.020000 -0.507075
v -0.348683 -1.020000 -0.483389
v -0.464481 -1.020000 -0.444191
v -0.559168 -1.020000 -0.389801
v -0.633383 -1.020000 -0.320408
v -0.686868 -1.020000 -0.235541
v -0.719186 -1.020000 -0.132188
v -0.730000 -1.020000 0.020000
v -0.719186 -1.020000 0.172188
v -0.686868 -1.020000 0.275541
v -0.633383 -1.020000 0.360408
v -0.559168 -1.020000 0.429801
v -0.464481 -1.020000 0.484191
v -0.348683 -1.020000 0.523389
v -0.207659 -1.020000 0.547075
v -0.000000 -1.020000 0.555000
v 0.207659 -1.020000 0.547075
v 0.348683 -1.020000 0.523389
v 0.464481 -1.020000 0.484191
v 0.559168 -1.020000 0.429801
v 0.633383 -1.020000 0.360408
v 0.686868 -1.020000 0.275541
v 0.719186 -1.020000 0.172188
v 0.683573 -0.709053 0.020000
v 0.673448 -0.708862 -0.118084
v 0.641936 -0.708686 -0.216125
v 0.589245 -0.708749 -0.297612
v 0.516758 -0.709064 -0.363737
v 0.426018 -0.709490 -0.414611
v 0.317301 -0.709890 -0.450534
v 0.187312 -0.710180 -0.471850
v 0.000000 -0.710304 -0.478835
v -0.187312 -0.710180 -0.471850
v -0.317301 -0.709890 -0.450534
v -0.426018 -0.709490 -0.414611
v -0.516758 -0.709064 -0.363737
v -0.589245 -0.708749 -0.297612
v -0.641936 -0.708686 -0.216125
v -0.673448 -0.708862 -0.118084
v -0.683573 -0.709053 0.020000
v -0.673448 -0.708862 0.158084
v -0.641936 -0.708686 0.256125
v -0.589245 -0.708749 0.337612
v -0.516758 -0.709064 0.403737
v -0.426018 -0.709490 0.454610
v -0.317301 -0.709890 0.490534
v -0.187312 -0.710180 0.511850
v -0.000000 -0.710304 0.518835
v 0.187312 -0.710180 0.511850
v 0.317301 -0.709890 0.490534
v 0.426018 -0.709490 0.454610
v 0.516758 -0.709064 0.403737
v 0.589245 -0.708749 0.337612
v 0.641936 -0.708686 0.256125
v 0.673448 -0.708862 0.158084
v 0.768573 -1.009053 0.020000
v 0.757170 -1.008859 -0.139513
v 0.721927 -1.008686 -0.251922
v 0.663134 -1.008745 -0.345165
v 0.582138 -1.009050 -0.420982
v 0.480420 -1.009471 -0.479536
v 0.358174 -1.009875 -0.521031
v 0.211658 -1.010173 -0.545721
v 0.000000 -1.010304 -0.553835
v -0.211658 -1.010173 -0.545721
v -0.358174 -1.009875 -0.521031
v -0.480420 -1.009471 -0.479536
v -0.582138 -1.009050 -0.420982
v -0.663134 -1.008745 -0.345165
v -0.721927 -1.008686 -0.251922
v -0.757170 -1.008859 -0.139513
v -0.768573 -1.009053 0.020000
v -0.757170 -1.008859 0.179513
v -0.721927 -1.008686 0.291922
v -0.663134 -1.008745 0.385165
v -0.582138 -1.009050 0.460982
v -0.480420 -1.009471 0.519536
v -0.358174 -1.009875 0.561031
v -0.211658 -1.010173 0.585721
v -0.000000 -1.010304 0.593835
v 0.211658 -1.010173 0.585721
v 0.358174 -1.009875 0.561031
v 0.480420 -1.009471 0.519536
v 0.582138 -1.009050 0.460982
v 0.663134 -1.008745 0.385165
v 0.721927 -1.008686 0.291922
v 0.757170 -1.008859 0.179513
vn -0.9598 -0.2719 0.0701
vn -0.9150 -0.2763 0.2940
vn -0.8127 -0.2778 0.5122
vn -0.6570 -0.2733 0.7026
vn -0.4804 -0.2644 0.8363
vn -0.3101 -0.2546 0.9160
vn -0.1605 -0.2465 0.9557
vn -0.0370 -0.2418 0.9696
vn 0.0360 -0.2424 0.9695
vn 0.1563 -0.2481 0.9561
vn 0.3024 -0.2568 0.9179
vn 0.4702 -0.2672 0.8411
vn 0.6468 -0.2765 0.7108
vn 0.8055 -0.2810 0.5217
vn 0.9166 -0.2786 0.2866
vn 0.9597 -0.2727 0.0682
vn 0.9598 -0.2719 -0.0701
vn 0.9150 -0.2763 -0.2940
vn 0.8127 -0.2778 -0.5122
vn 0.6570 -0.2733 -0.7026
vn 0.4804 -0.2644 -0.8363
vn 0.3101 -0.2546 -0.9160
vn 0.1605 -0.2465 -0.9557
vn 0.0370 -0.2418 -0.9696
vn -0.0360 -0.2424 -0.9695
vn -0.1563 -0.2481 -0.9561
vn -0.3024 -0.2568 -0.9179
vn -0.4702 -0.2672 -0.8411
vn -0.6468 -0.2765 -0.7108
vn -0.8055 -0.2810 -0.5217
vn -0.9166 -0.2786 -0.2866
vn -0.9597 -0.2727 -0.0682
vn 0.9598 0.2719 -0.0700
vn 0.9151 0.2764 -0.2936
vn 0.8058 0.2811 -0.5213
vn 0.6470 0.2766 -0.7106
vn 0.4703 0.2673 -0.8411
vn 0.3024 0.2569 -0.9179
vn 0.1562 0.2481 -0.9561
vn 0.0360 0.2424 -0.9695
vn -0.0360 0.2424 -0.9695
vn -0.1562 0.2481 -0.9561
vn -0.3024 0.2569 -0.9179
vn -0.4703 0.2673 -0.8411
vn -0.6470 0.2766 -0.7106
vn -0.8058 0.2811 -0.5213
vn -0.9151 0.2764 -0.2936
vn -0.9598 0.2719 -0.0700
vn -0.9598 0.2719 0.0700
vn -0.9151 0.2764 0.2936
vn -0.8058 0.2811 0.5213
vn -0.6470 0.2766 0.7106
vn -0.4703 0.2673 0.8411
vn -0.3024 0.2569 0.9179
vn -0.1562 0.2481 0.9561
vn -0.0360 0.2424 0.9695
vn 0.0360 0.2424 0.9695
vn 0.1562 0.2481 0.9561
vn 0.3024 0.2569 0.9179
vn 0.4703 0.2673 0.8411
vn 0.6470 0.2766 0.7106
vn 0.8058 0.2811 0.5213
vn 0.9151 0.2764 0.2936
vn 0.9598 0.2719 0.0700
vn -0.2774 0.9605 0.0217
vn 0.2730 -0.9618 -0.0194
vn -0.2685 0.9593 0.0880
vn 0.2657 -0.9605 -0.0831
vn -0.2360 0.9597 0.1528
vn 0.2391 -0.9592 -0.1507
vn -0.1839 0.9619 0.2022
vn 0.1939 -0.9597 -0.2033
vn -0.1282 0.9649 0.2293
vn 0.1394 -0.9619 -0.2352
vn -0.0791 0.9675 0.2400
vn 0.0874 -0.9648 -0.2480
vn -0.0396 0.9694 0.2423
vn 0.0440 -0.9675 -0.2492
vn -0.0090 0.9702 0.2422
vn 0.0100 -0.9694 -0.2455
vn 0.0098 0.9694 0.2452
vn -0.0092 -0.9702 -0.2422
vn 0.0430 0.9676 0.2489
vn -0.0407 -0.9694 -0.2423
vn 0.0855 0.9650 0.2481
vn -0.0812 -0.9674 -0.2398
vn 0.1369 0.9620 0.2362
vn -0.1311 -0.9647 -0.2283
vn 0.1916 0.9597 0.2055
vn -0.1870 -0.9618 -0.2000
vn 0.2380 0.9591 0.1531
vn -0.2384 -0.9596 -0.1497
vn 0.2653 0.9604 0.0852
vn -0.2694 -0.9592 -0.0859
vn 0.2730 0.9618 0.0199
vn -0.2776 -0.9605 -0.0210
vn 0.2774 0.9605 -0.0217
vn -0.2730 -0.9618 0.0194
vn 0.2685 0.9593 -0.0880
vn -0.2657 -0.9605 0.0831
vn 0.2360 0.9597 -0.1528
vn -0.2391 -0.9592 0.1507
vn 0.1839 0.9619 -0.2022
vn -0.1939 -0.9597 0.2033
vn 0.1282 0.9649 -0.2293
vn -0.1394 -0.9619 0.2352
vn 0.0791 0.9675 -0.2400
vn -0.0874 -0.9648 0.2480
vn 0.0396 0.9694 -0.2423
vn -0.0440 -0.9675 0.2492
vn 0.0090 0.9702 -0.2422
vn -0.0100 -0.9694 0.2455
vn -0.0098 0.9694 -0.2452
vn 0.0092 -0.9702 0.2422
vn -0.0430 0.9676 -0.2489
vn 0.0407 -0.9694 0.2423
vn -0.0855 0.9650 -0.2481
vn 0.0812 -0.9674 0.2398
vn -0.1369 0.9620 -0.2362
vn 0.1311 -0.9647 0.2283
vn -0.1916 0.9597 -0.2055
vn 0.1870 -0.9618 0.2000
vn -0.2380 0.9591 -0.1531
vn 0.2384 -0.9596 0.1497
vn -0.2653 0.9604 -0.0852
vn 0.2694 -0.9592 0.0859
vn -0.2730 0.9618 -0.0199
vn 0.2776 -0.9605 0.0210
vn -0.9597 -0.2727 0.0682
vn -0.9166 -0.2786 0.2866
vn -0.8055 -0.2810 0.5217
vn -0.6468 -0.2765 0.7108
vn -0.4702 -0.2672 0.8411
vn -0.3024 -0.2568 0.9179
vn -0.1563 -0.2481 0.9561
vn -0.0360 -0.2424 0.9695
vn 0.0370 -0.2418 0.9696
vn 0.1605 -0.2465 0.9557
vn 0.3101 -0.2546 0.9160
vn 0.4804 -0.2644 0.8363
vn 0.6570 -0.2733 0.7026
vn 0.8127 -0.2778 0.5122
vn 0.9150 -0.2763 0.2940
vn 0.9598 -0.2719 0.0701
vn 0.9597 -0.2727 -0.0682
vn 0.9166 -0.2786 -0.2866
vn 0.8055 -0.2810 -0.5217
vn 0.6468 -0.2765 -0.7108
vn 0.4702 -0.2672 -0.8411
vn 0.3024 -0.2568 -0.9179
vn 0.1563 -0.2481 -0.9561
vn 0.0360 -0.2424 -0.9695
vn -0.0370 -0.2418 -0.9696
vn -0.1605 -0.2465 -0.9557
vn -0.3101 -0.2546 -0.9160
vn -0.4804 -0.2644 -0.8363
vn -0.6570 -0.2733 -0.7026
vn -0.8127 -0.2778 -0.5122
vn -0.9150 -0.2763 -0.2940
vn -0.9598 -0.2719 -0.0701
vn 0.9597 0.2727 -0.0683
vn 0.9165 0.2786 -0.2869
vn 0.8125 0.2778 -0.5125
vn 0.6568 0.2732 -0.7028
vn 0.4803 0.2643 -0.8363
vn 0.3101 0.2545 -0.9160
vn 0.1606 0.2465 -0.9558
vn 0.0370 0.2418 -0.9696
vn -0.0370 0.2418 -0.9696
vn -0.1606 0.2465 -0.9558
vn -0.3101 0.2545 -0.9160
vn -0.4803 0.2643 -0.8363
vn -0.6568 0.2732 -0.7028
vn -0.8125 0.2778 -0.5125
vn -0.9165 0.2786 -0.2869
vn -0.9597 0.2727 -0.0683
vn -0.9597 0.2727 0.0683
vn -0.9165 0.2786 0.2869
vn -0.8125 0.2778 0.5125
vn -0.6568 0.2732 0.7028
vn -0.4803 0.2643 0.8363
vn -0.3101 0.2545 0.9160
vn -0.1606 0.2465 0.9558
vn -0.0370 0.2418 0.9696
vn 0.0370 0.2418 0.9696
vn 0.1606 0.2465 0.9558
vn 0.3101 0.2545 0.9160
vn 0.4803 0.2643 0.8363
vn 0.6568 0.2732 0.7028
vn 0.8125 0.2778 0.5125
vn 0.9165 0.2786 0.2869
vn 0.9597 0.2727 0.0683
vn -0.2730 0.9618 0.0199
vn 0.2776 -0.9605 -0.0210
vn -0.2653 0.9604 0.0852
vn 0.2694 -0.9592 -0.0859
vn -0.2380 0.9591 0.1531
vn 0.2384 -0.9596 -0.1497
vn -0.1916 0.9597 0.2055
vn 0.1870 -0.9618 -0.2000
vn -0.1369 0.9620 0.2362
vn 0.1311 -0.9647 -0.2283
vn -0.0855 0.9650 0.2481
vn 0.0812 -0.9674 -0.2398
vn -0.0430 0.9676 0.2489
vn 0.0407 -0.9694 -0.2423
vn -0.0098 0.9694 0.2452
vn 0.0092 -0.9702 -0.2422
vn 0.0090 0.9702 0.2422
vn -0.0100 -0.9694 -0.2455
vn 0.0396 0.9694 0.2423
vn -0.0440 -0.9675 -0.2492
vn 0.0791 0.9675 0.2400
vn -0.0874 -0.9648 -0.2480
vn 0.1282 0.9649 0.2293
vn -0.1394 -0.9619 -0.2352
vn 0.1839 0.9619 0.2022
vn -0.1939 -0.9597 -0.2033
vn 0.2360 0.9597 0.1528
vn -0.2391 -0.9592 -0.1507
vn 0.2685 0.9593 0.0880
vn -0.2657 -0.9605 -0.0831
vn 0.2774 0.9605 0.0217
vn -0.2730 -0.9618 -0.0194
vn 0.2730 0.9618 -0.0199
vn -0.2776 -0.9605 0.0210
vn 0.2653 0.9604 -0.0852
vn -0.2694 -0.9592 0.0859
vn 0.2380 0.9591 -0.1531
vn -0.2384 -0.9596 0.1497
vn 0.1916 0.9597 -0.2055
vn -0.1870 -0.9618 0.2000
vn 0.1369 0.9620 -0.2362
vn -0.1311 -0.9647 0.2283
vn 0.0855 0.9650 -0.2481
vn -0.0812 -0.9674 0.2398
vn 0.0430 0.9676 -0.2489
vn -0.0407 -0.9694 0.2423
vn 0.0098 0.9694 -0.2452
vn -0.0092 -0.9702 0.2422
vn -0.0090 0.9702 -0.2422
vn 0.0100 -0.9694 0.2455
vn -0.0396 0.9694 -0.2423
vn 0.0440 -0.9675 0.2492
vn -0.0791 0.9675 -0.2400
vn 0.0874 -0.9648 0.2480
vn -0.1282 0.9649 -0.2293
vn 0.1394 -0.9619 0.2352
vn -0.1839 0.9619 -0.2022
vn 0.1939 -0.9597 0.2033
vn -0.2360 0.9597 -0.1528
vn 0.2391 -0.9592 0.1507
vn -0.2685 0.9593 -0.0880
vn 0.2657 -0.9605 0.0831
vn -0.2774 0.9605 -0.0217
vn 0.2730 -0.9618 0.0194
vt 0.031250 0.000000
vt 0.000000 1.000000
vt 0.000000 0.000000
vt 0.062500 0.000000
vt 0.031250 1.000000
vt 0.093750 1.000000
vt 0.062500 1.000000
vt 0.093750 0.000000
vt 0.125000 1.000000
vt 0.125000 0.000000
vt 0.156250 1.000000
vt 0.156250 0.000000
vt 0.187500 1.000000
vt 0.187500 0.000000
vt 0.218750 1.000000
vt 0.218750 0.000000
vt 0.250000 1.000000
vt 0.281250 0.000000
vt 0.250000 0.000000
vt 0.312500 0.000000
vt 0.281250 1.000000
vt 0.343750 0.000000
vt 0.312500 1.000000
vt 0.375000 0.000000
vt 0.343750 1.000000
vt 0.406250 0.000000
vt 0.375000 1.000000
vt 0.437500 0.000000
vt 0.406250 1.000000
vt 0.468750 1.000000
vt 0.437500 1.000000
vt 0.468750 0.000000
vt 0.500000 1.000000
vt 0.531250 0.000000
vt 0.500000 0.000000
vt 0.562500 0.000000
vt 0.531250 1.000000
vt 0.593750 1.000000
vt 0.562500 1.000000
vt 0.593750 0.000000
vt 0.625000 1.000000
vt 0.625000 0.000000
vt 0.656250 1.000000
vt 0.656250 0.000000
vt 0.687500 1.000000
vt 0.687500 0.000000
vt 0.718750 1.000000
vt 0.718750 0.000000
vt 0.750000 1.000000
vt 0.781250 0.000000
vt 0.750000 0.000000
vt 0.812500 0.000000
vt 0.781250 1.000000
vt 0.843750 0.000000
vt 0.812500 1.000000
vt 0.875000 0.000000
vt 0.843750 1.000000
vt 0.906250 0.000000
vt 0.875000 1.000000
vt 0.937500 0.000000
vt 0.906250 1.000000
vt 0.968750 1.000000
vt 0.937500 1.000000
vt 0.968750 0.000000
vt 1.000000 1.000000
vt 1.000000 0.000000
s 0
g D_Fauld1.001_brigandine_body
usemtl brigandine_body
f 825/529/1253 856/530/1253 824/531/1253
f 826/532/1254 857/533/1254 825/529/1254
f 826/532/1255 859/534/1255 858/535/1255
f 827/536/1256 860/537/1256 859/534/1256
f 828/538/1257 861/539/1257 860/537/1257
f 829/540/1258 862/541/1258 861/539/1258
f 830/542/1259 863/543/1259 862/541/1259
f 831/544/1260 864/545/1260 863/543/1260
f 833/546/1261 864/545/1261 832/547/1261
f 834/548/1262 865/549/1262 833/546/1262
f 835/550/1263 866/551/1263 834/548/1263
f 836/552/1264 867/553/1264 835/550/1264
f 837/554/1265 868/555/1265 836/552/1265
f 838/556/1266 869/557/1266 837/554/1266
f 838/556/1267 871/558/1267 870/559/1267
f 839/560/1268 872/561/1268 871/558/1268
f 841/562/1269 872/561/1269 840/563/1269
f 842/564/1270 873/565/1270 841/562/1270
f 842/564/1271 875/566/1271 874/567/1271
f 843/568/1272 876/569/1272 875/566/1272
f 844/570/1273 877/571/1273 876/569/1273
f 845/572/1274 878/573/1274 877/571/1274
f 846/574/1275 879/575/1275 878/573/1275
f 847/576/1276 880/577/1276 879/575/1276
f 849/578/1277 880/577/1277 848/579/1277
f 850/580/1278 881/581/1278 849/578/1278
f 851/582/1279 882/583/1279 850/580/1279
f 852/584/1280 883/585/1280 851/582/1280
f 853/586/1281 884/587/1281 852/584/1281
f 854/588/1282 885/589/1282 853/586/1282
f 854/588/1283 887/590/1283 886/591/1283
f 855/592/1284 856/593/1284 887/590/1284
f 920/530/1285 889/529/1285 888/531/1285
f 921/533/1286 890/532/1286 889/529/1286
f 890/532/1287 923/534/1287 891/536/1287
f 891/536/1288 924/537/1288 892/538/1288
f 892/538/1289 925/539/1289 893/540/1289
f 893/540/1290 926/541/1290 894/542/1290
f 894/542/1291 927/543/1291 895/544/1291
f 895/544/1292 928/545/1292 896/547/1292
f 928/545/1293 897/546/1293 896/547/1293
f 929/549/1294 898/548/1294 897/546/1294
f 930/551/1295 899/550/1295 898/548/1295
f 931/553/1296 900/552/1296 899/550/1296
f 932/555/1297 901/554/1297 900/552/1297
f 933/557/1298 902/556/1298 901/554/1298
f 902/556/1299 935/558/1299 903/560/1299
f 903/560/1300 936/561/1300 904/563/1300
f 936/561/1301 905/562/1301 904/563/1301
f 937/565/1302 906/564/1302 905/562/1302
f 906/564/1303 939/566/1303 907/568/1303
f 907/568/1304 940/569/1304 908/570/1304
f 908/570/1305 941/571/1305 909/572/1305
f 909/572/1306 942/573/1306 910/574/1306
f 910/574/1307 943/575/1307 911/576/1307
f 911/576/1308 944/577/1308 912/579/1308
f 944/577/1309 913/578/1309 912/579/1309
f 945/581/1310 914/580/1310 913/578/1310
f 946/583/1311 915/582/1311 914/580/1311
f 947/585/1312 916/584/1312 915/582/1312
f 948/587/1313 917/586/1313 916/584/1313
f 949/589/1314 918/588/1314 917/586/1314
f 918/588/1315 951/590/1315 919/592/1315
f 919/592/1316 920/593/1316 888/594/1316
f 825/529/1317 888/531/1317 889/529/1317
f 857/533/1318 920/530/1318 856/530/1318
f 826/532/1319 889/529/1319 890/532/1319
f 858/535/1320 921/533/1320 857/533/1320
f 826/532/1321 891/536/1321 827/536/1321
f 859/534/1322 922/535/1322 858/535/1322
f 827/536/1323 892/538/1323 828/538/1323
f 859/534/1324 924/537/1324 923/534/1324
f 828/538/1325 893/540/1325 829/540/1325
f 860/537/1326 925/539/1326 924/537/1326
f 829/540/1327 894/542/1327 830/542/1327
f 861/539/1328 926/541/1328 925/539/1328
f 830/542/1329 895/544/1329 831/544/1329
f 862/541/1330 927/543/1330 926/541/1330
f 831/544/1331 896/547/1331 832/547/1331
f 863/543/1332 928/545/1332 927/543/1332
f 833/546/1333 896/547/1333 897/546/1333
f 865/549/1334 928/545/1334 864/545/1334
f 834/548/1335 897/546/1335 898/548/1335
f 866/551/1336 929/549/1336 865/549/1336
f 835/550/1337 898/548/1337 899/550/1337
f 867/553/1338 930/551/1338 866/551/1338
f 836/552/1339 899/550/1339 900/552/1339
f 868/555/1340 931/553/1340 867/553/1340
f 837/554/1341 900/552/1341 901/554/1341
f 869/557/1342 932/555/1342 868/555/1342
f 838/556/1343 901/554/1343 902/556/1343
f 869/557/1344 934/559/1344 933/557/1344
f 838/556/1345 903/560/1345 839/560/1345
f 870/559/1346 935/558/1346 934/559/1346
f 839/560/1347 904/563/1347 840/563/1347
f 871/558/1348 936/561/1348 935/558/1348
f 841/562/1349 904/563/1349 905/562/1349
f 873/565/1350 936/561/1350 872/561/1350
f 842/564/1351 905/562/1351 906/564/1351
f 874/567/1352 937/565/1352 873/565/1352
f 842/564/1353 907/568/1353 843/568/1353
f 875/566/1354 938/567/1354 874/567/1354
f 843/568/1355 908/570/1355 844/570/1355
f 875/566/1356 940/569/1356 939/566/1356
f 844/570/1357 909/572/1357 845/572/1357
f 876/569/1358 941/571/1358 940/569/1358
f 845/572/1359 910/574/1359 846/574/1359
f 877/571/1360 942/573/1360 941/571/1360
f 846/574/1361 911/576/1361 847/576/1361
f 878/573/1362 943/575/1362 942/573/1362
f 847/576/1363 912/579/1363 848/579/1363
f 879/575/1364 944/577/1364 943/575/1364
f 849/578/1365 912/579/1365 913/578/1365
f 881/581/1366 944/577/1366 880/577/1366
f 850/580/1367 913/578/1367 914/580/1367
f 882/583/1368 945/581/1368 881/581/1368
f 851/582/1369 914/580/1369 915/582/1369
f 883/585/1370 946/583/1370 882/583/1370
f 852/584/1371 915/582/1371 916/584/1371
f 884/587/1372 947/585/1372 883/585/1372
f 853/586/1373 916/584/1373 917/586/1373
f 885/589/1374 948/587/1374 884/587/1374
f 854/588/1375 917/586/1375 918/588/1375
f 885/589/1376 950/591/1376 949/589/1376
f 854/588/1377 919/592/1377 855/592/1377
f 886/591/1378 951/590/1378 950/591/1378
f 855/592/1379 888/594/1379 824/594/1379
f 887/590/1380 920/593/1380 951/590/1380
f 825/529/1381 857/533/1381 856/530/1381
f 826/532/1382 858/535/1382 857/533/1382
f 826/532/1383 827/536/1383 859/534/1383
f 827/536/1384 828/538/1384 860/537/1384
f 828/538/1385 829/540/1385 861/539/1385
f 829/540/1386 830/542/1386 862/541/1386
f 830/542/1387 831/544/1387 863/543/1387
f 831/544/1388 832/547/1388 864/545/1388
f 833/546/1389 865/549/1389 864/545/1389
f 834/548/1390 866/551/1390 865/549/1390
f 835/550/1391 867/553/1391 866/551/1391
f 836/552/1392 868/555/1392 867/553/1392
f 837/554/1393 869/557/1393 868/555/1393
f 838/556/1394 870/559/1394 869/557/1394
f 838/556/1395 839/560/1395 871/558/1395
f 839/560/1396 840/563/1396 872/561/1396
f 841/562/1397 873/565/1397 872/561/1397
f 842/564/1398 874/567/1398 873/565/1398
f 842/564/1399 843/568/1399 875/566/1399
f 843/568/1400 844/570/1400 876/569/1400
f 844/570/1401 845/572/1401 877/571/1401
f 845/572/1402 846/574/1402 878/573/1402
f 846/574/1403 847/576/1403 879/575/1403
f 847/576/1404 848/579/1404 880/577/1404
f 849/578/1405 881/581/1405 880/577/1405
f 850/580/1406 882/583/1406 881/581/1406
f 851/582/1407 883/585/1407 882/583/1407
f 852/584/1408 884/587/1408 883/585/1408
f 853/586/1409 885/589/1409 884/587/1409
f 854/588/1410 886/591/1410 885/589/1410
f 854/588/1411 855/592/1411 887/590/1411
f 855/592/1412 824/594/1412 856/593/1412
f 920/530/1413 921/533/1413 889/529/1413
f 921/533/1414 922/535/1414 890/532/1414
f 890/532/1415 922/535/1415 923/534/1415
f 891/536/1416 923/534/1416 924/537/1416
f 892/538/1417 924/537/1417 925/539/1417
f 893/540/1418 925/539/1418 926/541/1418
f 894/542/1419 926/541/1419 927/543/1419
f 895/544/1420 927/543/1420 928/545/1420
f 928/545/1421 929/549/1421 897/546/1421
f 929/549/1422 930/551/1422 898/548/1422
f 930/551/1423 931/553/1423 899/550/1423
f 931/553/1424 932/555/1424 900/552/1424
f 932/555/1425 933/557/1425 901/554/1425
f 933/557/1426 934/559/1426 902/556/1426
f 902/556/1427 934/559/1427 935/558/1427
f 903/560/1428 935/558/1428 936/561/1428
f 936/561/1429 937/565/1429 905/562/1429
f 937/565/1430 938/567/1430 906/564/1430
f 906/564/1431 938/567/1431 939/566/1431
f 907/568/1432 939/566/1432 940/569/1432
f 908/570/1433 940/569/1433 941/571/1433
f 909/572/1434 941/571/1434 942/573/1434
f 910/574/1435 942/573/1435 943/575/1435
f 911/576/1436 943/575/1436 944/577/1436
f 944/577/1437 945/581/1437 913/578/1437
f 945/581/1438 946/583/1438 914/580/1438
f 946/583/1439 947/585/1439 915/582/1439
f 947/585/1440 948/587/1440 916/584/1440
f 948/587/1441 949/589/1441 917/586/1441
f 949/589/1442 950/591/1442 918/588/1442
f 918/588/1443 950/591/1443 951/590/1443
f 919/592/1444 951/590/1444 920/593/1444
f 825/529/1445 824/531/1445 888/531/1445
f 857/533/1446 921/533/1446 920/530/1446
f 826/532/1447 825/529/1447 889/529/1447
f 858/535/1448 922/535/1448 921/533/1448
f 826/532/1449 890/532/1449 891/536/1449
f 859/534/1450 923/534/1450 922/535/1450
f 827/536/1451 891/536/1451 892/538/1451
f 859/534/1452 860/537/1452 924/537/1452
f 828/538/1453 892/538/1453 893/540/1453
f 860/537/1454 861/539/1454 925/539/1454
f 829/540/1455 893/540/1455 894/542/1455
f 861/539/1456 862/541/1456 926/541/1456
f 830/542/1457 894/542/1457 895/544/1457
f 862/541/1458 863/543/1458 927/543/1458
f 831/544/1459 895/544/1459 896/547/1459
f 863/543/1460 864/545/1460 928/545/1460
f 833/546/1461 832/547/1461 896/547/1461
f 865/549/1462 929/549/1462 928/545/1462
f 834/548/1463 833/546/1463 897/546/1463
f 866/551/1464 930/551/1464 929/549/1464
f 835/550/1465 834/548/1465 898/548/1465
f 867/553/1466 931/553/1466 930/551/1466
f 836/552/1467 835/550/1467 899/550/1467
f 868/555/1468 932/555/1468 931/553/1468
f 837/554/1469 836/552/1469 900/552/1469
f 869/557/1470 933/557/1470 932/555/1470
f 838/556/1471 837/554/1471 901/554/1471
f 869/557/1472 870/559/1472 934/559/1472
f 838/556/1473 902/556/1473 903/560/1473
f 870/559/1474 871/558/1474 935/558/1474
f 839/560/1475 903/560/1475 904/563/1475
f 871/558/1476 872/561/1476 936/561/1476
f 841/562/1477 840/563/1477 904/563/1477
f 873/565/1478 937/565/1478 936/561/1478
f 842/564/1479 841/562/1479 905/562/1479
f 874/567/1480 938/567/1480 937/565/1480
f 842/564/1481 906/564/1481 907/568/1481
f 875/566/1482 939/566/1482 938/567/1482
f 843/568/1483 907/568/1483 908/570/1483
f 875/566/1484 876/569/1484 940/569/1484
f 844/570/1485 908/570/1485 909/572/1485
f 876/569/1486 877/571/1486 941/571/1486
f 845/572/1487 909/572/1487 910/574/1487
f 877/571/1488 878/573/1488 942/573/1488
f 846/574/1489 910/574/1489 911/576/1489
f 878/573/1490 879/575/1490 943/575/1490
f 847/576/1491 911/576/1491 912/579/1491
f 879/575/1492 880/577/1492 944/577/1492
f 849/578/1493 848/579/1493 912/579/1493
f 881/581/1494 945/581/1494 944/577/1494
f 850/580/1495 849/578/1495 913/578/1495
f 882/583/1496 946/583/1496 945/581/1496
f 851/582/1497 850/580/1497 914/580/1497
f 883/585/1498 947/585/1498 946/583/1498
f 852/584/1499 851/582/1499 915/582/1499
f 884/587/1500 948/587/1500 947/585/1500
f 853/586/1501 852/584/1501 916/584/1501
f 885/589/1502 949/589/1502 948/587/1502
f 854/588/1503 853/586/1503 917/586/1503
f 885/589/1504 886/591/1504 950/591/1504
f 854/588/1505 918/588/1505 919/592/1505
f 886/591/1506 887/590/1506 951/590/1506
f 855/592/1507 919/592/1507 888/594/1507
f 887/590/1508 856/593/1508 920/593/1508
g D_Tasset0.001_D_Tasset0.001
v -0.605714 -0.920000 0.362762
v -0.565434 -0.920000 0.401428
v -0.518764 -0.920000 0.435418
v -0.465708 -0.920000 0.464727
v -0.406162 -0.920000 0.489311
v -0.339791 -0.920000 0.509112
v -0.265772 -0.920000 0.524071
v -0.182016 -0.920000 0.534139
v -0.081503 -0.920000 0.539280
v -0.622777 -1.260000 0.382537
v -0.581362 -1.260000 0.423433
v -0.533377 -1.260000 0.459385
v -0.478827 -1.260000 0.490385
v -0.417603 -1.260000 0.516387
v -0.349363 -1.260000 0.537330
v -0.273259 -1.260000 0.553152
v -0.187143 -1.260000 0.563801
v -0.083799 -1.260000 0.569239
v -0.633538 -0.916895 0.391331
v -0.591319 -0.916817 0.431878
v -0.540441 -0.916705 0.468967
v -0.483205 -0.916619 0.500611
v -0.419662 -0.916558 0.526862
v -0.349578 -0.916519 0.547783
v -0.272188 -0.916496 0.563430
v -0.185458 -0.916487 0.573860
v -0.083568 -0.916489 0.579072
v -0.650600 -1.256895 0.411106
v -0.607230 -1.256817 0.453898
v -0.555049 -1.256705 0.492937
v -0.496328 -1.256620 0.526266
v -0.431114 -1.256559 0.553934
v -0.359165 -1.256519 0.575997
v -0.279691 -1.256496 0.592509
v -0.190598 -1.256487 0.603520
v -0.085864 -1.256489 0.609031
v 0.605714 -0.920000 0.362762
v 0.565434 -0.920000 0.401428
v 0.518764 -0.920000 0.435418
v 0.465708 -0.920000 0.464727
v 0.406162 -0.920000 0.489311
v 0.339791 -0.920000 0.509112
v 0.265772 -0.920000 0.524071
v 0.182016 -0.920000 0.534139
v 0.081503 -0.920000 0.539280
v 0.622777 -1.260000 0.382537
v 0.581362 -1.260000 0.423433
v 0.533377 -1.260000 0.459385
v 0.478827 -1.260000 0.490385
v 0.417603 -1.260000 0.516387
v 0.349363 -1.260000 0.537330
v 0.273259 -1.260000 0.553152
v 0.187143 -1.260000 0.563801
v 0.083799 -1.260000 0.569239
v 0.633538 -0.916895 0.391331
v 0.591319 -0.916817 0.431878
v 0.540441 -0.916705 0.468967
v 0.483205 -0.916619 0.500611
v 0.419662 -0.916558 0.526862
v 0.349578 -0.916519 0.547783
v 0.272188 -0.916496 0.563430
v 0.185458 -0.916487 0.573860
v 0.083568 -0.916489 0.579072
v 0.650600 -1.256895 0.411106
v 0.607230 -1.256817 0.453898
v 0.555049 -1.256705 0.492937
v 0.496328 -1.256620 0.526266
v 0.431114 -1.256559 0.553934
v 0.359165 -1.256519 0.575997
v 0.279691 -1.256496 0.592509
v 0.190598 -1.256487 0.603520
v 0.085864 -1.256489 0.609031
vn 0.6905 -0.0765 -0.7193
vn 0.5868 -0.0796 -0.8058
vn 0.4819 -0.0822 -0.8724
vn 0.3895 -0.0842 -0.9172
vn 0.2923 -0.0857 -0.9525
vn 0.2028 -0.0867 -0.9754
vn 0.1223 -0.0873 -0.9887
vn 0.0523 -0.0876 -0.9948
vn -0.6907 0.0765 0.7191
vn -0.5873 0.0796 0.8054
vn -0.4822 0.0844 0.8720
vn -0.3805 0.0861 0.9208
vn -0.2850 0.0872 0.9546
vn -0.1974 0.0879 0.9764
vn -0.1189 0.0881 0.9890
vn -0.0509 0.0880 0.9948
vn -0.7166 -0.0046 -0.6974
vn 0.0541 0.9968 -0.0582
vn -0.0545 -0.9970 0.0552
vn 0.0485 0.9966 -0.0666
vn -0.0477 -0.9968 0.0637
vn 0.0409 0.9964 -0.0740
vn -0.0407 -0.9966 0.0716
vn 0.0328 0.9963 -0.0795
vn -0.0330 -0.9964 0.0778
vn 0.0249 0.9962 -0.0834
vn -0.0252 -0.9963 0.0822
vn 0.0174 0.9962 -0.0859
vn -0.0174 -0.9962 0.0853
vn 0.0105 0.9961 -0.0872
vn -0.0106 -0.9962 0.0869
vn 0.0045 0.9961 -0.0877
vn 0.9986 -0.0022 0.0520
vn -0.0046 -0.9961 0.0877
vn -0.6905 -0.0765 -0.7193
vn -0.5868 -0.0796 -0.8058
vn -0.4819 -0.0822 -0.8724
vn -0.3802 -0.0861 -0.9209
vn -0.2848 -0.0872 -0.9546
vn -0.1973 -0.0879 -0.9764
vn -0.1189 -0.0881 -0.9890
vn -0.0509 -0.0880 -0.9948
vn 0.6907 0.0765 0.7191
vn 0.5873 0.0796 0.8054
vn 0.4920 0.0822 0.8667
vn 0.3892 0.0842 0.9173
vn 0.2921 0.0857 0.9525
vn 0.2027 0.0867 0.9754
vn 0.1222 0.0873 0.9887
vn 0.0523 0.0876 0.9948
vn 0.7166 -0.0046 -0.6974
vn -0.0538 0.9970 -0.0560
vn 0.0545 -0.9970 0.0552
vn -0.0485 0.9966 -0.0666
vn 0.0477 -0.9968 0.0637
vn -0.0409 0.9964 -0.0740
vn 0.0407 -0.9966 0.0716
vn -0.0328 0.9963 -0.0795
vn 0.0330 -0.9964 0.0778
vn -0.0249 0.9962 -0.0834
vn 0.0252 -0.9963 0.0822
vn -0.0174 0.9962 -0.0859
vn 0.0178 -0.9962 0.0858
vn -0.0105 0.9961 -0.0872
vn 0.0108 -0.9961 0.0872
vn -0.0045 0.9961 -0.0877
vn -0.9986 -0.0022 0.0520
vn 0.0046 -0.9961 0.0877
vn 0.7005 -0.0787 -0.7093
vn 0.5976 -0.0819 -0.7976
vn 0.4923 -0.0844 -0.8663
vn 0.3802 -0.0861 -0.9209
vn 0.2848 -0.0872 -0.9546
vn 0.1973 -0.0879 -0.9764
vn 0.1189 -0.0881 -0.9890
vn 0.0509 -0.0880 -0.9948
vn -0.7002 0.0787 0.7096
vn -0.5971 0.0819 0.7979
vn -0.4920 0.0822 0.8667
vn -0.3892 0.0842 0.9173
vn -0.2921 0.0857 0.9525
vn -0.2027 0.0867 0.9754
vn -0.1222 0.0873 0.9887
vn -0.0523 0.0876 0.9948
vn 0.0538 0.9970 -0.0560
vn -0.0549 -0.9968 0.0575
vn 0.0455 0.9968 -0.0655
vn -0.0479 -0.9966 0.0669
vn 0.0388 0.9966 -0.0728
vn -0.0406 -0.9964 0.0741
vn 0.0315 0.9964 -0.0785
vn -0.0328 -0.9963 0.0795
vn 0.0241 0.9963 -0.0826
vn -0.0250 -0.9962 0.0834
vn 0.0170 0.9962 -0.0854
vn -0.0178 -0.9962 0.0858
vn 0.0104 0.9962 -0.0870
vn -0.0108 -0.9961 0.0872
vn -0.7005 -0.0787 -0.7093
vn -0.5976 -0.0819 -0.7976
vn -0.4923 -0.0844 -0.8663
vn -0.3895 -0.0842 -0.9172
vn -0.2923 -0.0857 -0.9525
vn -0.2028 -0.0867 -0.9754
vn -0.1223 -0.0873 -0.9887
vn -0.0523 -0.0876 -0.9948
vn 0.7002 0.0787 0.7096
vn 0.5971 0.0819 0.7979
vn 0.4822 0.0844 0.8720
vn 0.3805 0.0861 0.9208
vn 0.2850 0.0872 0.9546
vn 0.1974 0.0879 0.9764
vn 0.1189 0.0881 0.9890
vn 0.0509 0.0880 0.9948
vn -0.0541 0.9968 -0.0582
vn 0.0549 -0.9968 0.0575
vn -0.0455 0.9968 -0.0655
vn 0.0479 -0.9966 0.0669
vn -0.0388 0.9966 -0.0728
vn 0.0406 -0.9964 0.0741
vn -0.0315 0.9964 -0.0785
vn 0.0328 -0.9963 0.0795
vn -0.0241 0.9963 -0.0826
vn 0.0250 -0.9962 0.0834
vn -0.0170 0.9962 -0.0854
vn 0.0174 -0.9962 0.0853
vn -0.0104 0.9962 -0.0870
vn 0.0106 -0.9962 0.0869
vt 0.125000 0.000000
vt 0.000000 1.000000
vt 0.000000 0.000000
vt 0.250000 0.000000
vt 0.125000 1.000000
vt 0.375000 0.000000
vt 0.250000 1.000000
vt 0.500000 1.000000
vt 0.375000 1.000000
vt 0.500000 0.000000
vt 0.625000 1.000000
vt 0.625000 0.000000
vt 0.750000 1.000000
vt 0.750000 0.000000
vt 0.875000 1.000000
vt 0.875000 0.000000
vt 1.000000 1.000000
vt 1.000000 0.000000
s 0
g D_Tasset0.001_brigandine_body
usemtl brigandine_body
f 953/595/1509 961/596/1509 952/597/1509
f 954/598/1510 962/599/1510 953/595/1510
f 955/600/1511 963/601/1511 954/598/1511
f 955/600/1512 965/602/1512 964/603/1512
f 956/604/1513 966/605/1513 965/602/1513
f 957/606/1514 967/607/1514 966/605/1514
f 958/608/1515 968/609/1515 967/607/1515
f 959/610/1516 969/611/1516 968/609/1516
f 979/596/1517 971/595/1517 970/597/1517
f 980/599/1518 972/598/1518 971/595/1518
f 972/598/1519 982/603/1519 973/600/1519
f 973/600/1520 983/602/1520 974/604/1520
f 974/604/1521 984/605/1521 975/606/1521
f 975/606/1522 985/607/1522 976/608/1522
f 976/608/1523 986/609/1523 977/610/1523
f 977/610/1524 987/611/1524 978/612/1524
f 952/597/1525 979/596/1525 970/597/1525
f 953/595/1526 970/597/1526 971/595/1526
f 962/599/1527 979/596/1527 961/596/1527
f 953/595/1528 972/598/1528 954/598/1528
f 963/601/1529 980/599/1529 962/599/1529
f 954/598/1530 973/600/1530 955/600/1530
f 964/603/1531 981/601/1531 963/601/1531
f 955/600/1532 974/604/1532 956/604/1532
f 965/602/1533 982/603/1533 964/603/1533
f 956/604/1534 975/606/1534 957/606/1534
f 966/605/1535 983/602/1535 965/602/1535
f 957/606/1536 976/608/1536 958/608/1536
f 966/605/1537 985/607/1537 984/605/1537
f 958/608/1538 977/610/1538 959/610/1538
f 967/607/1539 986/609/1539 985/607/1539
f 959/610/1540 978/612/1540 960/612/1540
f 969/611/1541 978/612/1541 987/611/1541
f 968/609/1542 987/611/1542 986/609/1542
f 997/596/1543 989/595/1543 988/597/1543
f 998/599/1544 990/598/1544 989/595/1544
f 999/601/1545 991/600/1545 990/598/1545
f 991/600/1546 1001/602/1546 992/604/1546
f 992/604/1547 1002/605/1547 993/606/1547
f 993/606/1548 1003/607/1548 994/608/1548
f 994/608/1549 1004/609/1549 995/610/1549
f 995/610/1550 1005/611/1550 996/612/1550
f 1007/595/1551 1015/596/1551 1006/597/1551
f 1008/598/1552 1016/599/1552 1007/595/1552
f 1008/598/1553 1018/603/1553 1017/601/1553
f 1009/600/1554 1019/602/1554 1018/603/1554
f 1010/604/1555 1020/605/1555 1019/602/1555
f 1011/606/1556 1021/607/1556 1020/605/1556
f 1012/608/1557 1022/609/1557 1021/607/1557
f 1013/610/1558 1023/611/1558 1022/609/1558
f 988/597/1559 1015/596/1559 997/596/1559
f 989/595/1560 1006/597/1560 988/597/1560
f 1015/596/1561 998/599/1561 997/596/1561
f 1008/598/1562 989/595/1562 990/598/1562
f 1016/599/1563 999/601/1563 998/599/1563
f 1009/600/1564 990/598/1564 991/600/1564
f 1017/601/1565 1000/603/1565 999/601/1565
f 1010/604/1566 991/600/1566 992/604/1566
f 1018/603/1567 1001/602/1567 1000/603/1567
f 1011/606/1568 992/604/1568 993/606/1568
f 1019/602/1569 1002/605/1569 1001/602/1569
f 1012/608/1570 993/606/1570 994/608/1570
f 1002/605/1571 1021/607/1571 1003/607/1571
f 1013/610/1572 994/608/1572 995/610/1572
f 1003/607/1573 1022/609/1573 1004/609/1573
f 1014/612/1574 995/610/1574 996/612/1574
f 1005/611/1575 1014/612/1575 996/612/1575
f 1004/609/1576 1023/611/1576 1005/611/1576
f 953/595/1577 962/599/1577 961/596/1577
f 954/598/1578 963/601/1578 962/599/1578
f 955/600/1579 964/603/1579 963/601/1579
f 955/600/1580 956/604/1580 965/602/1580
f 956/604/1581 957/606/1581 966/605/1581
f 957/606/1582 958/608/1582 967/607/1582
f 958/608/1583 959/610/1583 968/609/1583
f 959/610/1584 960/612/1584 969/611/1584
f 979/596/1585 980/599/1585 971/595/1585
f 980/599/1586 981/601/1586 972/598/1586
f 972/598/1587 981/601/1587 982/603/1587
f 973/600/1588 982/603/1588 983/602/1588
f 974/604/1589 983/602/1589 984/605/1589
f 975/606/1590 984/605/1590 985/607/1590
f 976/608/1591 985/607/1591 986/609/1591
f 977/610/1592 986/609/1592 987/611/1592
f 952/597/1525 961/596/1525 979/596/1525
f 953/595/1593 952/597/1593 970/597/1593
f 962/599/1594 980/599/1594 979/596/1594
f 953/595/1595 971/595/1595 972/598/1595
f 963/601/1596 981/601/1596 980/599/1596
f 954/598/1597 972/598/1597 973/600/1597
f 964/603/1598 982/603/1598 981/601/1598
f 955/600/1599 973/600/1599 974/604/1599
f 965/602/1600 983/602/1600 982/603/1600
f 956/604/1601 974/604/1601 975/606/1601
f 966/605/1602 984/605/1602 983/602/1602
f 957/606/1603 975/606/1603 976/608/1603
f 966/605/1604 967/607/1604 985/607/1604
f 958/608/1605 976/608/1605 977/610/1605
f 967/607/1606 968/609/1606 986/609/1606
f 959/610/1540 977/610/1540 978/612/1540
f 969/611/1541 960/612/1541 978/612/1541
f 968/609/1542 969/611/1542 987/611/1542
f 997/596/1607 998/599/1607 989/595/1607
f 998/599/1608 999/601/1608 990/598/1608
f 999/601/1609 1000/603/1609 991/600/1609
f 991/600/1610 1000/603/1610 1001/602/1610
f 992/604/1611 1001/602/1611 1002/605/1611
f 993/606/1612 1002/605/1612 1003/607/1612
f 994/608/1613 1003/607/1613 1004/609/1613
f 995/610/1614 1004/609/1614 1005/611/1614
f 1007/595/1615 1016/599/1615 1015/596/1615
f 1008/598/1616 1017/601/1616 1016/599/1616
f 1008/598/1617 1009/600/1617 1018/603/1617
f 1009/600/1618 1010/604/1618 1019/602/1618
f 1010/604/1619 1011/606/1619 1020/605/1619
f 1011/606/1620 1012/608/1620 1021/607/1620
f 1012/608/1621 1013/610/1621 1022/609/1621
f 1013/610/1622 1014/612/1622 1023/611/1622
f 988/597/1559 1006/597/1559 1015/596/1559
f 989/595/1623 1007/595/1623 1006/597/1623
f 1015/596/1624 1016/599/1624 998/599/1624
f 1008/598/1625 1007/595/1625 989/595/1625
f 1016/599/1626 1017/601/1626 999/601/1626
f 1009/600/1627 1008/598/1627 990/598/1627
f 1017/601/1628 1018/603/1628 1000/603/1628
f 1010/604/1629 1009/600/1629 991/600/1629
f 1018/603/1630 1019/602/1630 1001/602/1630
f 1011/606/1631 1010/604/1631 992/604/1631
f 1019/602/1632 1020/605/1632 1002/605/1632
f 1012/608/1633 1011/606/1633 993/606/1633
f 1002/605/1634 1020/605/1634 1021/607/1634
f 1013/610/1635 1012/608/1635 994/608/1635
f 1003/607/1636 1021/607/1636 1022/609/1636
f 1014/612/1574 1013/610/1574 995/610/1574
f 1005/611/1575 1023/611/1575 1014/612/1575
f 1004/609/1576 1022/609/1576 1023/611/1576
g D_Tasset1.001_D_Tasset1.001
v -0.605714 -1.120000 0.382537
v -0.565434 -1.120000 0.423433
v -0.518764 -1.120000 0.459385
v -0.465708 -1.120000 0.490385
v -0.406162 -1.120000 0.516387
v -0.339791 -1.120000 0.537330
v -0.265772 -1.120000 0.553152
v -0.182016 -1.120000 0.563801
v -0.081503 -1.120000 0.569239
v -0.622777 -1.460000 0.402312
v -0.581362 -1.460000 0.445439
v -0.533377 -1.460000 0.483351
v -0.478827 -1.460000 0.516042
v -0.417603 -1.460000 0.543462
v -0.349363 -1.460000 0.565548
v -0.273259 -1.460000 0.582233
v -0.187143 -1.460000 0.593463
v -0.083799 -1.460000 0.599197
v -0.634307 -1.116905 0.410337
v -0.592129 -1.116825 0.453179
v -0.541276 -1.116708 0.492383
v -0.483984 -1.116618 0.525883
v -0.420325 -1.116555 0.553697
v -0.350091 -1.116515 0.575871
v -0.272538 -1.116493 0.592456
v -0.185649 -1.116485 0.603507
v -0.083683 -1.116488 0.609024
v -0.651370 -1.456905 0.430112
v -0.608035 -1.456824 0.475204
v -0.555878 -1.456707 0.516358
v -0.497102 -1.456618 0.551540
v -0.431774 -1.456555 0.580770
v -0.359676 -1.456515 0.604085
v -0.280040 -1.456493 0.621534
v -0.190789 -1.456485 0.633168
v -0.085979 -1.456488 0.638983
v 0.605714 -1.120000 0.382537
v 0.565434 -1.120000 0.423433
v 0.518764 -1.120000 0.459385
v 0.465708 -1.120000 0.490385
v 0.406162 -1.120000 0.516387
v 0.339791 -1.120000 0.537330
v 0.265772 -1.120000 0.553152
v 0.182016 -1.120000 0.563801
v 0.081503 -1.120000 0.569239
v 0.622777 -1.460000 0.402312
v 0.581362 -1.460000 0.445439
v 0.533377 -1.460000 0.483351
v 0.478827 -1.460000 0.516042
v 0.417603 -1.460000 0.543462
v 0.349363 -1.460000 0.565548
v 0.273259 -1.460000 0.582233
v 0.187143 -1.460000 0.593463
v 0.083799 -1.460000 0.599197
v 0.634307 -1.116905 0.410337
v 0.592129 -1.116825 0.453179
v 0.541276 -1.116708 0.492383
v 0.483984 -1.116618 0.525883
v 0.420325 -1.116555 0.553697
v 0.350091 -1.116515 0.575871
v 0.272538 -1.116493 0.592456
v 0.185649 -1.116485 0.603507
v 0.083683 -1.116488 0.609024
v 0.651370 -1.456905 0.430112
v 0.608035 -1.456824 0.475204
v 0.555878 -1.456707 0.516358
v 0.497102 -1.456618 0.551540
v 0.431774 -1.456555 0.580770
v 0.359676 -1.456515 0.604085
v 0.280040 -1.456493 0.621534
v 0.190789 -1.456485 0.633168
v 0.085979 -1.456488 0.638983
vn 0.7104 -0.0763 -0.6997
vn 0.6083 -0.0796 -0.7897
vn 0.5028 -0.0823 -0.8605
vn 0.4073 -0.0843 -0.9094
vn 0.3068 -0.0858 -0.9479
vn 0.2133 -0.0868 -0.9731
vn 0.1288 -0.0873 -0.9878
vn 0.0552 -0.0876 -0.9946
vn -0.7106 0.0763 0.6995
vn -0.6087 0.0796 0.7894
vn -0.5031 0.0823 0.8603
vn -0.3990 0.0861 0.9129
vn -0.3000 0.0873 0.9500
vn -0.2083 0.0879 0.9741
vn -0.1257 0.0881 0.9881
vn -0.0538 0.0880 0.9947
vn -0.6975 -0.0067 -0.7166
vn 0.0556 0.9969 -0.0566
vn -0.0558 -0.9970 0.0536
vn 0.0502 0.9966 -0.0652
vn -0.0492 -0.9968 0.0623
vn 0.0426 0.9964 -0.0730
vn -0.0423 -0.9966 0.0706
vn 0.0345 0.9963 -0.0789
vn -0.0345 -0.9964 0.0771
vn 0.0262 0.9962 -0.0831
vn -0.0265 -0.9963 0.0819
vn 0.0183 0.9961 -0.0857
vn -0.0184 -0.9962 0.0852
vn 0.0111 0.9961 -0.0872
vn -0.0112 -0.9961 0.0869
vn 0.0047 0.9961 -0.0877
vn 0.9985 -0.0019 0.0549
vn -0.0049 -0.9961 0.0877
vn -0.7104 -0.0763 -0.6997
vn -0.6083 -0.0796 -0.7897
vn -0.5028 -0.0823 -0.8605
vn -0.3987 -0.0861 -0.9130
vn -0.2998 -0.0873 -0.9500
vn -0.2082 -0.0879 -0.9741
vn -0.1256 -0.0881 -0.9882
vn -0.0538 -0.0880 -0.9947
vn 0.7106 0.0763 0.6995
vn 0.6087 0.0796 0.7894
vn 0.5031 0.0823 0.8603
vn 0.4070 0.0843 0.9095
vn 0.3066 0.0858 0.9480
vn 0.2132 0.0868 0.9731
vn 0.1288 0.0873 0.9878
vn 0.0552 0.0876 0.9946
vn 0.6975 -0.0067 -0.7166
vn -0.0551 0.9970 -0.0543
vn 0.0558 -0.9970 0.0536
vn -0.0502 0.9966 -0.0652
vn 0.0492 -0.9968 0.0623
vn -0.0426 0.9964 -0.0730
vn 0.0423 -0.9966 0.0706
vn -0.0345 0.9963 -0.0789
vn 0.0345 -0.9964 0.0771
vn -0.0262 0.9962 -0.0831
vn 0.0265 -0.9963 0.0819
vn -0.0183 0.9961 -0.0857
vn 0.0188 -0.9961 0.0857
vn -0.0111 0.9961 -0.0872
vn 0.0114 -0.9961 0.0871
vn -0.0047 0.9961 -0.0877
vn -0.9985 -0.0019 0.0549
vn 0.0049 -0.9961 0.0877
vn 0.7191 -0.0784 -0.6905
vn 0.6179 -0.0817 -0.7820
vn 0.5122 -0.0843 -0.8547
vn 0.3987 -0.0861 -0.9130
vn 0.2998 -0.0873 -0.9500
vn 0.2082 -0.0879 -0.9741
vn 0.1256 -0.0881 -0.9882
vn 0.0538 -0.0880 -0.9947
vn -0.7189 0.0784 0.6907
vn -0.6175 0.0817 0.7823
vn -0.5119 0.0843 0.8549
vn -0.4070 0.0843 0.9095
vn -0.3066 0.0858 0.9480
vn -0.2132 0.0868 0.9731
vn -0.1288 0.0873 0.9878
vn -0.0552 0.0876 0.9946
vn 0.0551 0.9970 -0.0543
vn -0.0563 -0.9968 0.0559
vn 0.0471 0.9968 -0.0641
vn -0.0496 -0.9966 0.0656
vn 0.0404 0.9966 -0.0718
vn -0.0423 -0.9964 0.0732
vn 0.0331 0.9964 -0.0779
vn -0.0344 -0.9963 0.0789
vn 0.0254 0.9963 -0.0823
vn -0.0263 -0.9962 0.0831
vn 0.0180 0.9962 -0.0853
vn -0.0188 -0.9961 0.0857
vn 0.0110 0.9961 -0.0870
vn -0.0114 -0.9961 0.0871
vn 0.0048 0.9961 -0.0877
vn -0.7191 -0.0784 -0.6905
vn -0.6179 -0.0817 -0.7820
vn -0.5122 -0.0843 -0.8547
vn -0.4073 -0.0843 -0.9094
vn -0.3068 -0.0858 -0.9479
vn -0.2133 -0.0868 -0.9731
vn -0.1288 -0.0873 -0.9878
vn -0.0552 -0.0876 -0.9946
vn 0.7189 0.0784 0.6907
vn 0.6175 0.0817 0.7823
vn 0.5119 0.0843 0.8549
vn 0.3990 0.0861 0.9129
vn 0.3000 0.0873 0.9500
vn 0.2083 0.0879 0.9741
vn 0.1257 0.0881 0.9881
vn 0.0538 0.0880 0.9947
vn -0.0556 0.9969 -0.0566
vn 0.0563 -0.9968 0.0559
vn -0.0471 0.9968 -0.0641
vn 0.0496 -0.9966 0.0656
vn -0.0404 0.9966 -0.0718
vn 0.0423 -0.9964 0.0732
vn -0.0331 0.9964 -0.0779
vn 0.0344 -0.9963 0.0789
vn -0.0254 0.9963 -0.0823
vn 0.0263 -0.9962 0.0831
vn -0.0180 0.9962 -0.0853
vn 0.0184 -0.9962 0.0852
vn -0.0110 0.9961 -0.0870
vn 0.0112 -0.9961 0.0869
vn -0.0048 0.9961 -0.0877
vt 0.125000 0.000000
vt 0.000000 1.000000
vt 0.000000 0.000000
vt 0.250000 0.000000
vt 0.125000 1.000000
vt 0.375000 0.000000
vt 0.250000 1.000000
vt 0.500000 1.000000
vt 0.375000 1.000000
vt 0.500000 0.000000
vt 0.625000 1.000000
vt 0.625000 0.000000
vt 0.750000 1.000000
vt 0.750000 0.000000
vt 0.875000 1.000000
vt 0.875000 0.000000
vt 1.000000 1.000000
vt 1.000000 0.000000
s 0
g D_Tasset1.001_brigandine_shade
usemtl brigandine_shade
f 1025/613/1637 1033/614/1637 1024/615/1637
f 1026/616/1638 1034/617/1638 1025/613/1638
f 1027/618/1639 1035/619/1639 1026/616/1639
f 1027/618/1640 1037/620/1640 1036/621/1640
f 1028/622/1641 1038/623/1641 1037/620/1641
f 1029/624/1642 1039/625/1642 1038/623/1642
f 1030/626/1643 1040/627/1643 1039/625/1643
f 1031/628/1644 1041/629/1644 1040/627/1644
f 1051/614/1645 1043/613/1645 1042/615/1645
f 1052/617/1646 1044/616/1646 1043/613/1646
f 1053/619/1647 1045/618/1647 1044/616/1647
f 1045/618/1648 1055/620/1648 1046/622/1648
f 1046/622/1649 1056/623/1649 1047/624/1649
f 1047/624/1650 1057/625/1650 1048/626/1650
f 1048/626/1651 1058/627/1651 1049/628/1651
f 1049/628/1652 1059/629/1652 1050/630/1652
f 1024/615/1653 1051/614/1653 1042/615/1653
f 1025/613/1654 1042/615/1654 1043/613/1654
f 1034/617/1655 1051/614/1655 1033/614/1655
f 1025/613/1656 1044/616/1656 1026/616/1656
f 1035/619/1657 1052/617/1657 1034/617/1657
f 1026/616/1658 1045/618/1658 1027/618/1658
f 1036/621/1659 1053/619/1659 1035/619/1659
f 1027/618/1660 1046/622/1660 1028/622/1660
f 1037/620/1661 1054/621/1661 1036/621/1661
f 1028/622/1662 1047/624/1662 1029/624/1662
f 1038/623/1663 1055/620/1663 1037/620/1663
f 1029/624/1664 1048/626/1664 1030/626/1664
f 1038/623/1665 1057/625/1665 1056/623/1665
f 1030/626/1666 1049/628/1666 1031/628/1666
f 1039/625/1667 1058/627/1667 1057/625/1667
f 1031/628/1668 1050/630/1668 1032/630/1668
f 1041/629/1669 1050/630/1669 1059/629/1669
f 1040/627/1670 1059/629/1670 1058/627/1670
f 1069/614/1671 1061/613/1671 1060/615/1671
f 1070/617/1672 1062/616/1672 1061/613/1672
f 1071/619/1673 1063/618/1673 1062/616/1673
f 1063/618/1674 1073/620/1674 1064/622/1674
f 1064/622/1675 1074/623/1675 1065/624/1675
f 1065/624/1676 1075/625/1676 1066/626/1676
f 1066/626/1677 1076/627/1677 1067/628/1677
f 1067/628/1678 1077/629/1678 1068/630/1678
f 1079/613/1679 1087/614/1679 1078/615/1679
f 1080/616/1680 1088/617/1680 1079/613/1680
f 1081/618/1681 1089/619/1681 1080/616/1681
f 1081/618/1682 1091/620/1682 1090/621/1682
f 1082/622/1683 1092/623/1683 1091/620/1683
f 1083/624/1684 1093/625/1684 1092/623/1684
f 1084/626/1685 1094/627/1685 1093/625/1685
f 1085/628/1686 1095/629/1686 1094/627/1686
f 1060/615/1687 1087/614/1687 1069/614/1687
f 1061/613/1688 1078/615/1688 1060/615/1688
f 1087/614/1689 1070/617/1689 1069/614/1689
f 1080/616/1690 1061/613/1690 1062/616/1690
f 1088/617/1691 1071/619/1691 1070/617/1691
f 1081/618/1692 1062/616/1692 1063/618/1692
f 1089/619/1693 1072/621/1693 1071/619/1693
f 1082/622/1694 1063/618/1694 1064/622/1694
f 1090/621/1695 1073/620/1695 1072/621/1695
f 1083/624/1696 1064/622/1696 1065/624/1696
f 1091/620/1697 1074/623/1697 1073/620/1697
f 1084/626/1698 1065/624/1698 1066/626/1698
f 1074/623/1699 1093/625/1699 1075/625/1699
f 1085/628/1700 1066/626/1700 1067/628/1700
f 1075/625/1701 1094/627/1701 1076/627/1701
f 1086/630/1702 1067/628/1702 1068/630/1702
f 1077/629/1703 1086/630/1703 1068/630/1703
f 1076/627/1704 1095/629/1704 1077/629/1704
f 1025/613/1705 1034/617/1705 1033/614/1705
f 1026/616/1706 1035/619/1706 1034/617/1706
f 1027/618/1707 1036/621/1707 1035/619/1707
f 1027/618/1708 1028/622/1708 1037/620/1708
f 1028/622/1709 1029/624/1709 1038/623/1709
f 1029/624/1710 1030/626/1710 1039/625/1710
f 1030/626/1711 1031/628/1711 1040/627/1711
f 1031/628/1712 1032/630/1712 1041/629/1712
f 1051/614/1713 1052/617/1713 1043/613/1713
f 1052/617/1714 1053/619/1714 1044/616/1714
f 1053/619/1715 1054/621/1715 1045/618/1715
f 1045/618/1716 1054/621/1716 1055/620/1716
f 1046/622/1717 1055/620/1717 1056/623/1717
f 1047/624/1718 1056/623/1718 1057/625/1718
f 1048/626/1719 1057/625/1719 1058/627/1719
f 1049/628/1720 1058/627/1720 1059/629/1720
f 1024/615/1653 1033/614/1653 1051/614/1653
f 1025/613/1721 1024/615/1721 1042/615/1721
f 1034/617/1722 1052/617/1722 1051/614/1722
f 1025/613/1723 1043/613/1723 1044/616/1723
f 1035/619/1724 1053/619/1724 1052/617/1724
f 1026/616/1725 1044/616/1725 1045/618/1725
f 1036/621/1726 1054/621/1726 1053/619/1726
f 1027/618/1727 1045/618/1727 1046/622/1727
f 1037/620/1728 1055/620/1728 1054/621/1728
f 1028/622/1729 1046/622/1729 1047/624/1729
f 1038/623/1730 1056/623/1730 1055/620/1730
f 1029/624/1731 1047/624/1731 1048/626/1731
f 1038/623/1732 1039/625/1732 1057/625/1732
f 1030/626/1733 1048/626/1733 1049/628/1733
f 1039/625/1734 1040/627/1734 1058/627/1734
f 1031/628/1735 1049/628/1735 1050/630/1735
f 1041/629/1669 1032/630/1669 1050/630/1669
f 1040/627/1670 1041/629/1670 1059/629/1670
f 1069/614/1736 1070/617/1736 1061/613/1736
f 1070/617/1737 1071/619/1737 1062/616/1737
f 1071/619/1738 1072/621/1738 1063/618/1738
f 1063/618/1739 1072/621/1739 1073/620/1739
f 1064/622/1740 1073/620/1740 1074/623/1740
f 1065/624/1741 1074/623/1741 1075/625/1741
f 1066/626/1742 1075/625/1742 1076/627/1742
f 1067/628/1743 1076/627/1743 1077/629/1743
f 1079/613/1744 1088/617/1744 1087/614/1744
f 1080/616/1745 1089/619/1745 1088/617/1745
f 1081/618/1746 1090/621/1746 1089/619/1746
f 1081/618/1747 1082/622/1747 1091/620/1747
f 1082/622/1748 1083/624/1748 1092/623/1748
f 1083/624/1749 1084/626/1749 1093/625/1749
f 1084/626/1750 1085/628/1750 1094/627/1750
f 1085/628/1751 1086/630/1751 1095/629/1751
f 1060/615/1687 1078/615/1687 1087/614/1687
f 1061/613/1752 1079/613/1752 1078/615/1752
f 1087/614/1753 1088/617/1753 1070/617/1753
f 1080/616/1754 1079/613/1754 1061/613/1754
f 1088/617/1755 1089/619/1755 1071/619/1755
f 1081/618/1756 1080/616/1756 1062/616/1756
f 1089/619/1757 1090/621/1757 1072/621/1757
f 1082/622/1758 1081/618/1758 1063/618/1758
f 1090/621/1759 1091/620/1759 1073/620/1759
f 1083/624/1760 1082/622/1760 1064/622/1760
f 1091/620/1761 1092/623/1761 1074/623/1761
f 1084/626/1762 1083/624/1762 1065/624/1762
f 1074/623/1763 1092/623/1763 1093/625/1763
f 1085/628/1764 1084/626/1764 1066/626/1764
f 1075/625/1765 1093/625/1765 1094/627/1765
f 1086/630/1766 1085/628/1766 1067/628/1766
f 1077/629/1703 1095/629/1703 1086/630/1703
f 1076/627/1704 1094/627/1704 1095/629/1704
g D_Tasset2.001_D_Tasset2.001
v -0.605714 -1.320000 0.402312
v -0.565434 -1.320000 0.445439
v -0.518764 -1.320000 0.483351
v -0.465708 -1.320000 0.516042
v -0.406162 -1.320000 0.543462
v -0.339791 -1.320000 0.565548
v -0.265772 -1.320000 0.582233
v -0.182016 -1.320000 0.593463
v -0.081503 -1.320000 0.599197
v -0.622777 -1.660000 0.422086
v -0.581362 -1.660000 0.467444
v -0.533377 -1.660000 0.507318
v -0.478827 -1.660000 0.541699
v -0.417603 -1.660000 0.570538
v -0.349363 -1.660000 0.593766
v -0.273259 -1.660000 0.611314
v -0.187143 -1.660000 0.623125
v -0.083799 -1.660000 0.629155
v -0.635016 -1.316916 0.429365
v -0.592883 -1.316834 0.474492
v -0.542069 -1.316712 0.515799
v -0.484737 -1.316619 0.551147
v -0.420976 -1.316553 0.580524
v -0.350599 -1.316511 0.603954
v -0.272886 -1.316490 0.621479
v -0.185840 -1.316483 0.633154
v -0.083799 -1.316487 0.638976
v -0.652079 -1.656916 0.449140
v -0.608785 -1.656833 0.496522
v -0.556666 -1.656712 0.539777
v -0.497850 -1.656619 0.576807
v -0.432421 -1.656553 0.607598
v -0.360181 -1.656511 0.632169
v -0.280387 -1.656490 0.650557
v -0.190981 -1.656483 0.662814
v -0.086095 -1.656487 0.668935
v 0.605714 -1.320000 0.402312
v 0.565434 -1.320000 0.445439
v 0.518764 -1.320000 0.483351
v 0.465708 -1.320000 0.516042
v 0.406162 -1.320000 0.543462
v 0.339791 -1.320000 0.565548
v 0.265772 -1.320000 0.582233
v 0.182016 -1.320000 0.593463
v 0.081503 -1.320000 0.599197
v 0.622777 -1.660000 0.422086
v 0.581362 -1.660000 0.467444
v 0.533377 -1.660000 0.507318
v 0.478827 -1.660000 0.541699
v 0.417603 -1.660000 0.570538
v 0.349363 -1.660000 0.593766
v 0.273259 -1.660000 0.611314
v 0.187143 -1.660000 0.623125
v 0.083799 -1.660000 0.629155
v 0.635016 -1.316916 0.429365
v 0.592883 -1.316834 0.474492
v 0.542069 -1.316712 0.515799
v 0.484737 -1.316619 0.551147
v 0.420976 -1.316553 0.580524
v 0.350599 -1.316511 0.603954
v 0.272886 -1.316490 0.621479
v 0.185840 -1.316483 0.633154
v 0.083799 -1.316487 0.638976
v 0.652079 -1.656916 0.449140
v 0.608785 -1.656833 0.496522
v 0.556666 -1.656712 0.539777
v 0.497850 -1.656619 0.576807
v 0.432421 -1.656553 0.607598
v 0.360181 -1.656511 0.632169
v 0.280387 -1.656490 0.650557
v 0.190981 -1.656483 0.662814
v 0.086095 -1.656487 0.668935
vn 0.7287 -0.0762 -0.6806
vn 0.6285 -0.0795 -0.7737
vn 0.5228 -0.0823 -0.8485
vn 0.4168 -0.0844 -0.9051
vn 0.3210 -0.0859 -0.9432
vn 0.2238 -0.0869 -0.9707
vn 0.1354 -0.0874 -0.9869
vn 0.0580 -0.0876 -0.9945
vn -0.7289 0.0762 0.6804
vn -0.6289 0.0795 0.7734
vn -0.5231 0.0823 0.8483
vn -0.4170 0.0861 0.9048
vn -0.3147 0.0873 0.9452
vn -0.2192 0.0879 0.9717
vn -0.1324 0.0881 0.9873
vn -0.0567 0.0880 0.9945
vn -0.6788 -0.0086 -0.7343
vn 0.0569 0.9969 -0.0549
vn -0.0569 -0.9970 0.0520
vn 0.0518 0.9966 -0.0638
vn -0.0506 -0.9969 0.0609
vn 0.0443 0.9964 -0.0719
vn -0.0438 -0.9966 0.0695
vn 0.0360 0.9963 -0.0783
vn -0.0360 -0.9964 0.0765
vn 0.0275 0.9962 -0.0827
vn -0.0278 -0.9963 0.0816
vn 0.0193 0.9961 -0.0856
vn -0.0193 -0.9962 0.0850
vn 0.0117 0.9961 -0.0871
vn -0.0118 -0.9961 0.0869
vn 0.0050 0.9961 -0.0877
vn 0.9983 -0.0017 0.0578
vn -0.0052 -0.9961 0.0878
vn -0.7287 -0.0762 -0.6806
vn -0.6285 -0.0795 -0.7737
vn -0.5228 -0.0823 -0.8485
vn -0.4168 -0.0844 -0.9051
vn -0.3145 -0.0873 -0.9452
vn -0.2190 -0.0879 -0.9717
vn -0.1324 -0.0881 -0.9873
vn -0.0567 -0.0880 -0.9945
vn 0.7289 0.0762 0.6804
vn 0.6289 0.0795 0.7734
vn 0.5231 0.0823 0.8483
vn 0.4244 0.0844 0.9016
vn 0.3209 0.0859 0.9432
vn 0.2237 0.0869 0.9708
vn 0.1353 0.0874 0.9869
vn 0.0580 0.0876 0.9945
vn 0.6788 -0.0086 -0.7343
vn -0.0563 0.9970 -0.0526
vn 0.0569 -0.9970 0.0520
vn -0.0518 0.9966 -0.0638
vn 0.0506 -0.9969 0.0609
vn -0.0443 0.9964 -0.0719
vn 0.0438 -0.9966 0.0695
vn -0.0360 0.9963 -0.0783
vn 0.0360 -0.9964 0.0765
vn -0.0275 0.9962 -0.0827
vn 0.0278 -0.9963 0.0816
vn -0.0193 0.9961 -0.0856
vn 0.0197 -0.9961 0.0855
vn -0.0117 0.9961 -0.0871
vn 0.0119 -0.9961 0.0871
vn -0.0050 0.9961 -0.0877
vn -0.9983 -0.0017 0.0578
vn 0.0051 -0.9961 0.0877
vn 0.7362 -0.0780 -0.6722
vn 0.6370 -0.0814 -0.7666
vn 0.5313 -0.0841 -0.8430
vn 0.4245 -0.0861 -0.9013
vn 0.3145 -0.0873 -0.9452
vn 0.2190 -0.0879 -0.9717
vn 0.1324 -0.0881 -0.9873
vn 0.0567 -0.0880 -0.9945
vn -0.7361 0.0780 0.6724
vn -0.6366 0.0814 0.7669
vn -0.5310 0.0841 0.8432
vn -0.4244 0.0844 0.9016
vn -0.3209 0.0859 0.9432
vn -0.2237 0.0869 0.9708
vn -0.1353 0.0874 0.9869
vn -0.0580 0.0876 0.9945
vn 0.0563 0.9970 -0.0526
vn -0.0575 -0.9969 0.0543
vn 0.0486 0.9968 -0.0627
vn -0.0511 -0.9966 0.0643
vn 0.0420 0.9966 -0.0708
vn -0.0439 -0.9964 0.0722
vn 0.0346 0.9964 -0.0772
vn -0.0359 -0.9963 0.0783
vn 0.0267 0.9963 -0.0820
vn -0.0276 -0.9962 0.0827
vn 0.0189 0.9962 -0.0852
vn -0.0197 -0.9961 0.0855
vn 0.0116 0.9961 -0.0870
vn -0.0119 -0.9961 0.0871
vn 0.0050 0.9961 -0.0878
vn -0.0051 -0.9961 0.0877
vn -0.7362 -0.0780 -0.6722
vn -0.6370 -0.0814 -0.7666
vn -0.5313 -0.0841 -0.8430
vn -0.4245 -0.0861 -0.9013
vn -0.3210 -0.0859 -0.9432
vn -0.2238 -0.0869 -0.9707
vn -0.1354 -0.0874 -0.9869
vn -0.0580 -0.0876 -0.9945
vn 0.7361 0.0780 0.6724
vn 0.6366 0.0814 0.7669
vn 0.5310 0.0841 0.8432
vn 0.4170 0.0861 0.9048
vn 0.3147 0.0873 0.9452
vn 0.2192 0.0879 0.9717
vn 0.1324 0.0881 0.9873
vn 0.0567 0.0880 0.9945
vn -0.0569 0.9969 -0.0549
vn 0.0575 -0.9969 0.0543
vn -0.0486 0.9968 -0.0627
vn 0.0511 -0.9966 0.0643
vn -0.0420 0.9966 -0.0708
vn 0.0439 -0.9964 0.0722
vn -0.0346 0.9964 -0.0772
vn 0.0359 -0.9963 0.0783
vn -0.0267 0.9963 -0.0820
vn 0.0276 -0.9962 0.0827
vn -0.0189 0.9962 -0.0852
vn 0.0193 -0.9962 0.0850
vn -0.0116 0.9961 -0.0870
vn 0.0118 -0.9961 0.0869
vn -0.0050 0.9961 -0.0878
vn 0.0052 -0.9961 0.0878
vt 0.125000 0.000000
vt 0.000000 1.000000
vt 0.000000 0.000000
vt 0.250000 0.000000
vt 0.125000 1.000000
vt 0.375000 0.000000
vt 0.250000 1.000000
vt 0.500000 0.000000
vt 0.375000 1.000000
vt 0.625000 1.000000
vt 0.500000 1.000000
vt 0.625000 0.000000
vt 0.750000 1.000000
vt 0.750000 0.000000
vt 0.875000 1.000000
vt 0.875000 0.000000
vt 1.000000 1.000000
vt 1.000000 0.000000
s 0
g D_Tasset2.001_brigandine_body
usemtl brigandine_body
f 1097/631/1767 1105/632/1767 1096/633/1767
f 1098/634/1768 1106/635/1768 1097/631/1768
f 1099/636/1769 1107/637/1769 1098/634/1769
f 1100/638/1770 1108/639/1770 1099/636/1770
f 1100/638/1771 1110/640/1771 1109/641/1771
f 1101/642/1772 1111/643/1772 1110/640/1772
f 1102/644/1773 1112/645/1773 1111/643/1773
f 1103/646/1774 1113/647/1774 1112/645/1774
f 1123/632/1775 1115/631/1775 1114/633/1775
f 1124/635/1776 1116/634/1776 1115/631/1776
f 1125/637/1777 1117/636/1777 1116/634/1777
f 1117/636/1778 1127/641/1778 1118/638/1778
f 1118/638/1779 1128/640/1779 1119/642/1779
f 1119/642/1780 1129/643/1780 1120/644/1780
f 1120/644/1781 1130/645/1781 1121/646/1781
f 1121/646/1782 1131/647/1782 1122/648/1782
f 1096/633/1783 1123/632/1783 1114/633/1783
f 1097/631/1784 1114/633/1784 1115/631/1784
f 1106/635/1785 1123/632/1785 1105/632/1785
f 1097/631/1786 1116/634/1786 1098/634/1786
f 1107/637/1787 1124/635/1787 1106/635/1787
f 1098/634/1788 1117/636/1788 1099/636/1788
f 1108/639/1789 1125/637/1789 1107/637/1789
f 1099/636/1790 1118/638/1790 1100/638/1790
f 1109/641/1791 1126/639/1791 1108/639/1791
f 1100/638/1792 1119/642/1792 1101/642/1792
f 1110/640/1793 1127/641/1793 1109/641/1793
f 1101/642/1794 1120/644/1794 1102/644/1794
f 1110/640/1795 1129/643/1795 1128/640/1795
f 1102/644/1796 1121/646/1796 1103/646/1796
f 1111/643/1797 1130/645/1797 1129/643/1797
f 1103/646/1798 1122/648/1798 1104/648/1798
f 1113/647/1799 1122/648/1799 1131/647/1799
f 1112/645/1800 1131/647/1800 1130/645/1800
f 1141/632/1801 1133/631/1801 1132/633/1801
f 1142/635/1802 1134/634/1802 1133/631/1802
f 1143/637/1803 1135/636/1803 1134/634/1803
f 1144/639/1804 1136/638/1804 1135/636/1804
f 1136/638/1805 1146/640/1805 1137/642/1805
f 1137/642/1806 1147/643/1806 1138/644/1806
f 1138/644/1807 1148/645/1807 1139/646/1807
f 1139/646/1808 1149/647/1808 1140/648/1808
f 1151/631/1809 1159/632/1809 1150/633/1809
f 1152/634/1810 1160/635/1810 1151/631/1810
f 1153/636/1811 1161/637/1811 1152/634/1811
f 1153/636/1812 1163/641/1812 1162/639/1812
f 1154/638/1813 1164/640/1813 1163/641/1813
f 1155/642/1814 1165/643/1814 1164/640/1814
f 1156/644/1815 1166/645/1815 1165/643/1815
f 1157/646/1816 1167/647/1816 1166/645/1816
f 1132/633/1817 1159/632/1817 1141/632/1817
f 1133/631/1818 1150/633/1818 1132/633/1818
f 1159/632/1819 1142/635/1819 1141/632/1819
f 1152/634/1820 1133/631/1820 1134/634/1820
f 1160/635/1821 1143/637/1821 1142/635/1821
f 1153/636/1822 1134/634/1822 1135/636/1822
f 1161/637/1823 1144/639/1823 1143/637/1823
f 1154/638/1824 1135/636/1824 1136/638/1824
f 1162/639/1825 1145/641/1825 1144/639/1825
f 1155/642/1826 1136/638/1826 1137/642/1826
f 1163/641/1827 1146/640/1827 1145/641/1827
f 1156/644/1828 1137/642/1828 1138/644/1828
f 1146/640/1829 1165/643/1829 1147/643/1829
f 1157/646/1830 1138/644/1830 1139/646/1830
f 1147/643/1831 1166/645/1831 1148/645/1831
f 1158/648/1832 1139/646/1832 1140/648/1832
f 1149/647/1833 1158/648/1833 1140/648/1833
f 1148/645/1834 1167/647/1834 1149/647/1834
f 1097/631/1835 1106/635/1835 1105/632/1835
f 1098/634/1836 1107/637/1836 1106/635/1836
f 1099/636/1837 1108/639/1837 1107/637/1837
f 1100/638/1838 1109/641/1838 1108/639/1838
f 1100/638/1839 1101/642/1839 1110/640/1839
f 1101/642/1840 1102/644/1840 1111/643/1840
f 1102/644/1841 1103/646/1841 1112/645/1841
f 1103/646/1842 1104/648/1842 1113/647/1842
f 1123/632/1843 1124/635/1843 1115/631/1843
f 1124/635/1844 1125/637/1844 1116/634/1844
f 1125/637/1845 1126/639/1845 1117/636/1845
f 1117/636/1846 1126/639/1846 1127/641/1846
f 1118/638/1847 1127/641/1847 1128/640/1847
f 1119/642/1848 1128/640/1848 1129/643/1848
f 1120/644/1849 1129/643/1849 1130/645/1849
f 1121/646/1850 1130/645/1850 1131/647/1850
f 1096/633/1783 1105/632/1783 1123/632/1783
f 1097/631/1851 1096/633/1851 1114/633/1851
f 1106/635/1852 1124/635/1852 1123/632/1852
f 1097/631/1853 1115/631/1853 1116/634/1853
f 1107/637/1854 1125/637/1854 1124/635/1854
f 1098/634/1855 1116/634/1855 1117/636/1855
f 1108/639/1856 1126/639/1856 1125/637/1856
f 1099/636/1857 1117/636/1857 1118/638/1857
f 1109/641/1858 1127/641/1858 1126/639/1858
f 1100/638/1859 1118/638/1859 1119/642/1859
f 1110/640/1860 1128/640/1860 1127/641/1860
f 1101/642/1861 1119/642/1861 1120/644/1861
f 1110/640/1862 1111/643/1862 1129/643/1862
f 1102/644/1863 1120/644/1863 1121/646/1863
f 1111/643/1864 1112/645/1864 1130/645/1864
f 1103/646/1865 1121/646/1865 1122/648/1865
f 1113/647/1799 1104/648/1799 1122/648/1799
f 1112/645/1866 1113/647/1866 1131/647/1866
f 1141/632/1867 1142/635/1867 1133/631/1867
f 1142/635/1868 1143/637/1868 1134/634/1868
f 1143/637/1869 1144/639/1869 1135/636/1869
f 1144/639/1870 1145/641/1870 1136/638/1870
f 1136/638/1871 1145/641/1871 1146/640/1871
f 1137/642/1872 1146/640/1872 1147/643/1872
f 1138/644/1873 1147/643/1873 1148/645/1873
f 1139/646/1874 1148/645/1874 1149/647/1874
f 1151/631/1875 1160/635/1875 1159/632/1875
f 1152/634/1876 1161/637/1876 1160/635/1876
f 1153/636/1877 1162/639/1877 1161/637/1877
f 1153/636/1878 1154/638/1878 1163/641/1878
f 1154/638/1879 1155/642/1879 1164/640/1879
f 1155/642/1880 1156/644/1880 1165/643/1880
f 1156/644/1881 1157/646/1881 1166/645/1881
f 1157/646/1882 1158/648/1882 1167/647/1882
f 1132/633/1817 1150/633/1817 1159/632/1817
f 1133/631/1883 1151/631/1883 1150/633/1883
f 1159/632/1884 1160/635/1884 1142/635/1884
f 1152/634/1885 1151/631/1885 1133/631/1885
f 1160/635/1886 1161/637/1886 1143/637/1886
f 1153/636/1887 1152/634/1887 1134/634/1887
f 1161/637/1888 1162/639/1888 1144/639/1888
f 1154/638/1889 1153/636/1889 1135/636/1889
f 1162/639/1890 1163/641/1890 1145/641/1890
f 1155/642/1891 1154/638/1891 1136/638/1891
f 1163/641/1892 1164/640/1892 1146/640/1892
f 1156/644/1893 1155/642/1893 1137/642/1893
f 1146/640/1894 1164/640/1894 1165/643/1894
f 1157/646/1895 1156/644/1895 1138/644/1895
f 1147/643/1896 1165/643/1896 1166/645/1896
f 1158/648/1897 1157/646/1897 1139/646/1897
f 1149/647/1833 1167/647/1833 1158/648/1833
f 1148/645/1898 1166/645/1898 1167/647/1898
g F_Pauldron0.001_F_Pauldron0.001
v 0.941847 0.532200 0.000000
v 0.907993 0.562682 -0.199587
v 0.813138 0.648090 -0.359642
v 0.676068 0.771508 -0.448467
v 0.523932 0.908492 -0.448467
v 0.386862 1.031910 -0.359642
v 0.292007 1.117318 -0.199587
v 0.258153 1.147800 -0.000000
v 0.292007 1.117318 0.199587
v 0.386862 1.031910 0.359642
v 0.523932 0.908492 0.448467
v 0.676068 0.771508 0.448467
v 0.813138 0.648090 0.359642
v 0.907993 0.562682 0.199587
v 0.974741 0.602379 0.000000
v 0.942544 0.631369 -0.189818
v 0.852332 0.712597 -0.342040
v 0.721970 0.829975 -0.426517
v 0.577280 0.960254 -0.426517
v 0.446919 1.077632 -0.342040
v 0.356707 1.158860 -0.189818
v 0.324510 1.187850 -0.000000
v 0.356707 1.158860 0.189818
v 0.446919 1.077632 0.342040
v 0.577280 0.960254 0.426517
v 0.721970 0.829975 0.426517
v 0.852332 0.712597 0.342040
v 0.942544 0.631369 0.189818
v 0.970953 0.695819 0.000000
v 0.943565 0.720479 -0.161469
v 0.866825 0.789576 -0.290957
v 0.755934 0.889423 -0.362817
v 0.632853 1.000245 -0.362817
v 0.521961 1.100093 -0.290957
v 0.445222 1.169189 -0.161469
v 0.417834 1.193850 -0.000000
v 0.445222 1.169189 0.161469
v 0.521961 1.100093 0.290957
v 0.632853 1.000245 0.362817
v 0.755934 0.889423 0.362817
v 0.866825 0.789576 0.290957
v 0.943565 0.720479 0.161469
v 0.930854 0.803372 0.000000
v 0.910955 0.821288 -0.117314
v 0.855200 0.871490 -0.211393
v 0.774633 0.944033 -0.263602
v 0.685210 1.024551 -0.263602
v 0.604642 1.097094 -0.211393
v 0.548887 1.147296 -0.117314
v 0.528989 1.165212 -0.000000
v 0.548887 1.147296 0.117314
v 0.604642 1.097094 0.211393
v 0.685210 1.024551 0.263602
v 0.774633 0.944033 0.263602
v 0.855200 0.871490 0.211393
v 0.910955 0.821288 0.117314
v 0.858368 0.914510 0.000000
v 0.847907 0.923929 -0.061676
v 0.818595 0.950322 -0.111136
v 0.776238 0.988460 -0.138584
v 0.729225 1.030791 -0.138584
v 0.686868 1.068929 -0.111136
v 0.657556 1.095321 -0.061676
v 0.647095 1.104741 -0.000000
v 0.657556 1.095321 0.061676
v 0.686868 1.068929 0.111136
v 0.729225 1.030791 0.138584
v 0.776238 0.988460 0.138584
v 0.818595 0.950322 0.111136
v 0.847907 0.923929 0.061676
v 0.760591 1.018355 0.000000
v 0.904774 0.549576 0.000000
v 0.873804 0.577462 -0.182588
v 0.787027 0.655596 -0.329012
v 0.661631 0.768503 -0.410272
v 0.522453 0.893820 -0.410272
v 0.397057 1.006727 -0.329012
v 0.310280 1.084861 -0.182588
v 0.279310 1.112747 -0.000000
v 0.310280 1.084861 0.182588
v 0.397057 1.006727 0.329012
v 0.522453 0.893820 0.410272
v 0.661631 0.768503 0.410272
v 0.787027 0.655596 0.329012
v 0.873804 0.577462 0.182588
v 0.933775 0.611339 0.000000
v 0.904260 0.637915 -0.174008
v 0.821561 0.712377 -0.313551
v 0.702058 0.819978 -0.390992
v 0.569420 0.939406 -0.390992
v 0.449917 1.047007 -0.313551
v 0.367218 1.121469 -0.174008
v 0.337703 1.148044 -0.000000
v 0.367218 1.121469 0.174008
v 0.449917 1.047007 0.313551
v 0.569420 0.939406 0.390992
v 0.702058 0.819978 0.390992
v 0.821561 0.712377 0.313551
v 0.904260 0.637915 0.174008
v 0.930733 0.688457 0.000000
v 0.905182 0.711463 -0.150638
v 0.833590 0.775925 -0.271440
v 0.730137 0.869074 -0.338480
v 0.615312 0.972463 -0.338480
v 0.511859 1.065613 -0.271440
v 0.440267 1.130075 -0.150638
v 0.414716 1.153081 -0.000000
v 0.440267 1.130075 0.150638
v 0.511859 1.065613 0.271440
v 0.615312 0.972463 0.338480
v 0.730137 0.869074 0.338480
v 0.833590 0.775925 0.271440
v 0.905182 0.711463 0.150638
v 0.894531 0.785698 0.000000
v 0.875748 0.802609 -0.110733
v 0.823121 0.849995 -0.199534
v 0.747073 0.918469 -0.248815
v 0.662666 0.994470 -0.248815
v 0.586618 1.062944 -0.199534
v 0.533991 1.110329 -0.110733
v 0.515208 1.127241 -0.000000
v 0.533991 1.110329 0.110733
v 0.586618 1.062944 0.199534
v 0.662666 0.994470 0.248815
v 0.747073 0.918469 0.248815
v 0.823121 0.849995 0.199534
v 0.875748 0.802609 0.110733
v 0.826467 0.890047 0.000000
v 0.816546 0.898980 -0.058492
v 0.788747 0.924010 -0.105399
v 0.748577 0.960180 -0.131430
v 0.703991 1.000325 -0.131430
v 0.663821 1.036494 -0.105399
v 0.636022 1.061525 -0.058492
v 0.626101 1.070458 -0.000000
v 0.636022 1.061525 0.058492
v 0.663821 1.036494 0.105399
v 0.703991 1.000325 0.131430
v 0.748577 0.960180 0.131430
v 0.788747 0.924010 0.105399
v 0.816546 0.898980 0.058492
v 0.733730 0.988522 -0.000000
v -0.941847 0.532200 0.000000
v -0.907993 0.562682 -0.199587
v -0.813138 0.648090 -0.359642
v -0.676068 0.771508 -0.448467
v -0.523932 0.908492 -0.448467
v -0.386862 1.031910 -0.359642
v -0.292007 1.117318 -0.199587
v -0.258153 1.147800 -0.000000
v -0.292007 1.117318 0.199587
v -0.386862 1.031910 0.359642
v -0.523932 0.908492 0.448467
v -0.676068 0.771508 0.448467
v -0.813138 0.648090 0.359642
v -0.907993 0.562682 0.199587
v -0.974741 0.602379 0.000000
v -0.942544 0.631369 -0.189818
v -0.852332 0.712597 -0.342040
v -0.721970 0.829975 -0.426517
v -0.577280 0.960254 -0.426517
v -0.446919 1.077632 -0.342040
v -0.356707 1.158860 -0.189818
v -0.324510 1.187850 -0.000000
v -0.356707 1.158860 0.189818
v -0.446919 1.077632 0.342040
v -0.577280 0.960254 0.426517
v -0.721970 0.829975 0.426517
v -0.852332 0.712597 0.342040
v -0.942544 0.631369 0.189818
v -0.970953 0.695819 0.000000
v -0.943565 0.720479 -0.161469
v -0.866825 0.789576 -0.290957
v -0.755934 0.889423 -0.362817
v -0.632853 1.000246 -0.362817
v -0.521961 1.100093 -0.290957
v -0.445222 1.169189 -0.161469
v -0.417833 1.193850 -0.000000
v -0.445222 1.169189 0.161469
v -0.521961 1.100093 0.290957
v -0.632853 1.000246 0.362817
v -0.755934 0.889423 0.362817
v -0.866825 0.789576 0.290957
v -0.943565 0.720479 0.161469
v -0.930853 0.803372 0.000000
v -0.910955 0.821288 -0.117314
v -0.855200 0.871490 -0.211393
v -0.774633 0.944034 -0.263602
v -0.685209 1.024551 -0.263602
v -0.604642 1.097094 -0.211393
v -0.548887 1.147296 -0.117314
v -0.528989 1.165212 -0.000000
v -0.548887 1.147296 0.117314
v -0.604642 1.097094 0.211393
v -0.685209 1.024551 0.263602
v -0.774633 0.944034 0.263602
v -0.855200 0.871490 0.211393
v -0.910955 0.821288 0.117314
v -0.858368 0.914510 0.000000
v -0.847906 0.923929 -0.061676
v -0.818595 0.950322 -0.111136
v -0.776238 0.988460 -0.138584
v -0.729225 1.030791 -0.138584
v -0.686868 1.068929 -0.111136
v -0.657556 1.095322 -0.061676
v -0.647095 1.104741 -0.000000
v -0.657556 1.095322 0.061676
v -0.686868 1.068929 0.111136
v -0.729225 1.030791 0.138584
v -0.776238 0.988460 0.138584
v -0.818595 0.950322 0.111136
v -0.847906 0.923929 0.061676
v -0.760591 1.018355 0.000000
v -0.904774 0.549576 0.000000
v -0.873804 0.577462 -0.182588
v -0.787027 0.655596 -0.329012
v -0.661631 0.768503 -0.410272
v -0.522452 0.893820 -0.410272
v -0.397057 1.006727 -0.329012
v -0.310280 1.084861 -0.182588
v -0.279310 1.112747 -0.000000
v -0.310280 1.084861 0.182588
v -0.397057 1.006727 0.329012
v -0.522452 0.893820 0.410272
v -0.661631 0.768503 0.410272
v -0.787027 0.655596 0.329012
v -0.873804 0.577462 0.182588
v -0.933775 0.611339 0.000000
v -0.904260 0.637915 -0.174008
v -0.821561 0.712377 -0.313551
v -0.702058 0.819978 -0.390992
v -0.569420 0.939406 -0.390992
v -0.449917 1.047007 -0.313551
v -0.367218 1.121469 -0.174008
v -0.337703 1.148045 -0.000000
v -0.367218 1.121469 0.174008
v -0.449917 1.047007 0.313551
v -0.569420 0.939406 0.390992
v -0.702058 0.819978 0.390992
v -0.821561 0.712377 0.313551
v -0.904260 0.637915 0.174008
v -0.930733 0.688457 0.000000
v -0.905182 0.711463 -0.150638
v -0.833590 0.775925 -0.271440
v -0.730137 0.869074 -0.338480
v -0.615312 0.972463 -0.338480
v -0.511859 1.065613 -0.271440
v -0.440267 1.130075 -0.150638
v -0.414716 1.153081 -0.000000
v -0.440267 1.130075 0.150638
v -0.511859 1.065613 0.271440
v -0.615312 0.972463 0.338480
v -0.730137 0.869074 0.338480
v -0.833590 0.775925 0.271440
v -0.905182 0.711463 0.150638
v -0.894530 0.785698 0.000000
v -0.875748 0.802610 -0.110733
v -0.823121 0.849995 -0.199534
v -0.747073 0.918469 -0.248815
v -0.662666 0.994470 -0.248815
v -0.586618 1.062944 -0.199534
v -0.533991 1.110329 -0.110733
v -0.515208 1.127241 -0.000000
v -0.533991 1.110329 0.110733
v -0.586618 1.062944 0.199534
v -0.662666 0.994470 0.248815
v -0.747073 0.918469 0.248815
v -0.823121 0.849995 0.199534
v -0.875748 0.802610 0.110733
v -0.826467 0.890047 0.000000
v -0.816546 0.898980 -0.058492
v -0.788747 0.924010 -0.105399
v -0.748577 0.960180 -0.131430
v -0.703991 1.000325 -0.131430
v -0.663821 1.036494 -0.105399
v -0.636022 1.061525 -0.058492
v -0.626101 1.070458 -0.000000
v -0.636022 1.061525 0.058492
v -0.663821 1.036494 0.105399
v -0.703991 1.000325 0.131430
v -0.748577 0.960180 0.131430
v -0.788747 0.924010 0.105399
v -0.816546 0.898980 0.058492
v -0.733730 0.988522 -0.000000
vn 0.8846 -0.4146 -0.2134
vn 0.7470 -0.2907 -0.5979
vn 0.4991 -0.0675 -0.8639
vn 0.1899 0.2109 -0.9589
vn -0.1193 0.4893 -0.8639
vn -0.3672 0.7125 -0.5979
vn -0.5048 0.8364 -0.2134
vn -0.5048 0.8364 0.2134
vn -0.3672 0.7125 0.5979
vn -0.1193 0.4893 0.8639
vn 0.1899 0.2109 0.9589
vn 0.4991 -0.0675 0.8639
vn 0.7470 -0.2907 0.5979
vn 0.8846 -0.4146 0.2134
vn 0.9861 0.0400 -0.1612
vn 0.8822 0.1336 -0.4516
vn 0.6949 0.3022 -0.6525
vn 0.4614 0.5124 -0.7242
vn 0.2279 0.7227 -0.6525
vn 0.0406 0.8913 -0.4516
vn -0.0633 0.9849 -0.1612
vn -0.0633 0.9849 0.1612
vn 0.0406 0.8913 0.4516
vn 0.2279 0.7227 0.6525
vn 0.4614 0.5124 0.7242
vn 0.6949 0.3022 0.6525
vn 0.8822 0.1336 0.4516
vn 0.9861 0.0400 0.1612
vn 0.9318 0.3474 -0.1050
vn 0.8641 0.4084 -0.2942
vn 0.7421 0.5182 -0.4251
vn 0.5900 0.6552 -0.4718
vn 0.4378 0.7922 -0.4251
vn 0.3158 0.9021 -0.2942
vn 0.2481 0.9630 -0.1050
vn 0.2481 0.9630 0.1050
vn 0.3158 0.9021 0.2942
vn 0.4378 0.7922 0.4251
vn 0.5900 0.6552 0.4718
vn 0.7421 0.5182 0.4251
vn 0.8641 0.4084 0.2942
vn 0.9318 0.3474 0.1050
vn 0.8362 0.5454 -0.0585
vn 0.7984 0.5793 -0.1640
vn 0.7304 0.6406 -0.2370
vn 0.6456 0.7170 -0.2631
vn 0.5607 0.7933 -0.2370
vn 0.4927 0.8546 -0.1640
vn 0.4550 0.8886 -0.0585
vn 0.4550 0.8886 0.0585
vn 0.4927 0.8546 0.1640
vn 0.5607 0.7933 0.2370
vn 0.6456 0.7170 0.2631
vn 0.7304 0.6406 0.2370
vn 0.7984 0.5793 0.1640
vn 0.8362 0.5454 0.0585
vn 0.7279 0.6854 -0.0188
vn 0.7158 0.6963 -0.0527
vn 0.6940 0.7160 -0.0761
vn 0.6667 0.7405 -0.0845
vn 0.6395 0.7650 -0.0761
vn 0.6177 0.7847 -0.0527
vn 0.6055 0.7956 -0.0188
vn 0.6055 0.7956 0.0188
vn 0.6177 0.7847 0.0527
vn 0.6395 0.7650 0.0761
vn 0.6667 0.7405 0.0845
vn 0.6940 0.7160 0.0761
vn 0.7158 0.6963 0.0527
vn 0.7279 0.6854 0.0188
vn -0.8843 0.4152 0.2134
vn -0.7467 0.2913 0.5980
vn -0.4987 0.0680 0.8641
vn -0.1895 -0.2104 0.9591
vn 0.1198 -0.4889 0.8641
vn 0.3678 -0.7122 0.5980
vn 0.5054 -0.8361 0.2134
vn 0.5054 -0.8361 -0.2134
vn 0.3678 -0.7122 -0.5980
vn 0.1198 -0.4889 -0.8641
vn -0.1895 -0.2104 -0.9591
vn -0.4987 0.0680 -0.8641
vn -0.7467 0.2913 -0.5980
vn -0.8843 0.4152 -0.2134
vn -0.9861 -0.0389 0.1613
vn -0.8821 -0.1326 0.4520
vn -0.6946 -0.3014 0.6532
vn -0.4609 -0.5118 0.7250
vn -0.2271 -0.7223 0.6532
vn -0.0396 -0.8911 0.4520
vn 0.0644 -0.9848 0.1613
vn 0.0644 -0.9848 -0.1613
vn -0.0396 -0.8911 -0.4520
vn -0.2271 -0.7223 -0.6532
vn -0.4609 -0.5118 -0.7250
vn -0.6946 -0.3014 -0.6532
vn -0.8821 -0.1326 -0.4520
vn -0.9861 -0.0389 -0.1613
vn -0.9320 -0.3470 0.1051
vn -0.8642 -0.4080 0.2945
vn -0.7421 -0.5179 0.4255
vn -0.5898 -0.6551 0.4723
vn -0.4375 -0.7922 0.4255
vn -0.3154 -0.9021 0.2945
vn -0.2477 -0.9631 0.1051
vn -0.2477 -0.9631 -0.1051
vn -0.3154 -0.9021 -0.2945
vn -0.4375 -0.7922 -0.4255
vn -0.5898 -0.6551 -0.4723
vn -0.7421 -0.5179 -0.4255
vn -0.8642 -0.4080 -0.2945
vn -0.9320 -0.3470 -0.1051
vn -0.8361 -0.5454 0.0585
vn -0.7984 -0.5794 0.1640
vn -0.7304 -0.6406 0.2370
vn -0.6456 -0.7170 0.2630
vn -0.5608 -0.7933 0.2370
vn -0.4927 -0.8546 0.1640
vn -0.4550 -0.8886 0.0585
vn -0.4550 -0.8886 -0.0585
vn -0.4927 -0.8546 -0.1640
vn -0.5608 -0.7933 -0.2370
vn -0.6456 -0.7170 -0.2630
vn -0.7304 -0.6406 -0.2370
vn -0.7984 -0.5794 -0.1640
vn -0.8361 -0.5454 -0.0585
vn -0.7279 -0.6855 0.0188
vn -0.7158 -0.6964 0.0526
vn -0.6939 -0.7160 0.0760
vn -0.6667 -0.7405 0.0844
vn -0.6395 -0.7650 0.0760
vn -0.6177 -0.7846 0.0526
vn -0.6056 -0.7955 0.0188
vn -0.6056 -0.7955 -0.0188
vn -0.6177 -0.7846 -0.0526
vn -0.6395 -0.7650 -0.0760
vn -0.6667 -0.7405 -0.0844
vn -0.6939 -0.7160 -0.0760
vn -0.7158 -0.6964 -0.0526
vn -0.7279 -0.6855 -0.0188
vn -0.4235 -0.9035 -0.0662
vn -0.4661 -0.8651 -0.1854
vn -0.5430 -0.7959 -0.2679
vn -0.6389 -0.7095 -0.2973
vn -0.7347 -0.6232 -0.2679
vn -0.8116 -0.5540 -0.1854
vn -0.8543 -0.5156 -0.0662
vn -0.8543 -0.5156 0.0662
vn -0.8116 -0.5540 0.1854
vn -0.7347 -0.6232 0.2679
vn -0.6389 -0.7095 0.2973
vn -0.5430 -0.7959 0.2679
vn -0.4661 -0.8651 0.1854
vn -0.4235 -0.9035 0.0662
vn -0.8846 -0.4146 -0.2134
vn -0.7470 -0.2907 -0.5979
vn -0.4991 -0.0675 -0.8639
vn -0.1899 0.2109 -0.9589
vn 0.1193 0.4893 -0.8639
vn 0.3672 0.7125 -0.5979
vn 0.5048 0.8364 -0.2134
vn 0.5048 0.8364 0.2134
vn 0.3672 0.7125 0.5979
vn 0.1193 0.4893 0.8639
vn -0.1899 0.2109 0.9589
vn -0.4991 -0.0675 0.8639
vn -0.7470 -0.2907 0.5979
vn -0.8846 -0.4146 0.2134
vn -0.9861 0.0400 -0.1612
vn -0.8822 0.1336 -0.4516
vn -0.6949 0.3022 -0.6525
vn -0.4614 0.5124 -0.7242
vn -0.2279 0.7227 -0.6525
vn -0.0406 0.8913 -0.4516
vn 0.0633 0.9849 -0.1612
vn 0.0633 0.9849 0.1612
vn -0.0406 0.8913 0.4516
vn -0.2279 0.7227 0.6525
vn -0.4614 0.5124 0.7242
vn -0.6949 0.3022 0.6525
vn -0.8822 0.1336 0.4516
vn -0.9861 0.0400 0.1612
vn -0.9318 0.3474 -0.1050
vn -0.8641 0.4084 -0.2942
vn -0.7421 0.5182 -0.4251
vn -0.5900 0.6552 -0.4718
vn -0.4378 0.7922 -0.4251
vn -0.3158 0.9021 -0.2942
vn -0.2481 0.9630 -0.1050
vn -0.2481 0.9630 0.1050
vn -0.3158 0.9021 0.2942
vn -0.4378 0.7922 0.4251
vn -0.5900 0.6552 0.4718
vn -0.7421 0.5182 0.4251
vn -0.8641 0.4084 0.2942
vn -0.9318 0.3474 0.1050
vn -0.8362 0.5454 -0.0585
vn -0.7984 0.5793 -0.1640
vn -0.7304 0.6406 -0.2370
vn -0.6456 0.7170 -0.2631
vn -0.5607 0.7933 -0.2370
vn -0.4927 0.8546 -0.1640
vn -0.4550 0.8886 -0.0585
vn -0.4550 0.8886 0.0585
vn -0.4927 0.8546 0.1640
vn -0.5607 0.7933 0.2370
vn -0.6456 0.7170 0.2631
vn -0.7304 0.6406 0.2370
vn -0.7984 0.5793 0.1640
vn -0.8362 0.5454 0.0585
vn -0.7279 0.6854 -0.0188
vn -0.7158 0.6963 -0.0527
vn -0.6940 0.7160 -0.0761
vn -0.6667 0.7405 -0.0845
vn -0.6395 0.7650 -0.0761
vn -0.6177 0.7847 -0.0527
vn -0.6055 0.7956 -0.0188
vn -0.6055 0.7956 0.0188
vn -0.6177 0.7847 0.0527
vn -0.6395 0.7650 0.0761
vn -0.6667 0.7405 0.0845
vn -0.6940 0.7160 0.0761
vn -0.7158 0.6963 0.0527
vn -0.7279 0.6854 0.0188
vn 0.8843 0.4152 0.2134
vn 0.7467 0.2913 0.5980
vn 0.4987 0.0680 0.8641
vn 0.1895 -0.2104 0.9591
vn -0.1198 -0.4889 0.8641
vn -0.3678 -0.7122 0.5980
vn -0.5054 -0.8361 0.2134
vn -0.5054 -0.8361 -0.2134
vn -0.3678 -0.7122 -0.5980
vn -0.1198 -0.4889 -0.8641
vn 0.1895 -0.2104 -0.9591
vn 0.4987 0.0680 -0.8641
vn 0.7467 0.2913 -0.5980
vn 0.8843 0.4152 -0.2134
vn 0.9861 -0.0389 0.1613
vn 0.8821 -0.1326 0.4520
vn 0.6946 -0.3014 0.6532
vn 0.4609 -0.5118 0.7250
vn 0.2271 -0.7223 0.6532
vn 0.0396 -0.8911 0.4520
vn -0.0644 -0.9848 0.1613
vn -0.0644 -0.9848 -0.1613
vn 0.0396 -0.8911 -0.4520
vn 0.2271 -0.7223 -0.6532
vn 0.4609 -0.5118 -0.7250
vn 0.6946 -0.3014 -0.6532
vn 0.8821 -0.1326 -0.4520
vn 0.9861 -0.0389 -0.1613
vn 0.9320 -0.3470 0.1051
vn 0.8642 -0.4080 0.2945
vn 0.7421 -0.5179 0.4255
vn 0.5898 -0.6551 0.4723
vn 0.4375 -0.7922 0.4255
vn 0.3154 -0.9021 0.2945
vn 0.2477 -0.9631 0.1051
vn 0.2477 -0.9631 -0.1051
vn 0.3154 -0.9021 -0.2945
vn 0.4375 -0.7922 -0.4255
vn 0.5898 -0.6551 -0.4723
vn 0.7421 -0.5179 -0.4255
vn 0.8642 -0.4080 -0.2944
vn 0.9320 -0.3470 -0.1051
vn 0.8361 -0.5454 0.0585
vn 0.7984 -0.5794 0.1640
vn 0.7304 -0.6406 0.2370
vn 0.6456 -0.7170 0.2630
vn 0.5608 -0.7933 0.2370
vn 0.4927 -0.8546 0.1640
vn 0.4550 -0.8886 0.0585
vn 0.4550 -0.8886 -0.0585
vn 0.4927 -0.8546 -0.1640
vn 0.5608 -0.7933 -0.2370
vn 0.6456 -0.7170 -0.2630
vn 0.7304 -0.6406 -0.2370
vn 0.7984 -0.5794 -0.1640
vn 0.8361 -0.5454 -0.0585
vn 0.7279 -0.6855 0.0188
vn 0.7158 -0.6964 0.0526
vn 0.6939 -0.7160 0.0760
vn 0.6667 -0.7405 0.0844
vn 0.6395 -0.7650 0.0760
vn 0.6177 -0.7846 0.0526
vn 0.6056 -0.7955 0.0188
vn 0.6056 -0.7955 -0.0188
vn 0.6177 -0.7846 -0.0526
vn 0.6395 -0.7650 -0.0760
vn 0.6667 -0.7405 -0.0844
vn 0.6939 -0.7160 -0.0760
vn 0.7158 -0.6964 -0.0526
vn 0.7279 -0.6855 -0.0188
vn 0.4235 -0.9035 -0.0662
vn 0.4661 -0.8651 -0.1854
vn 0.5430 -0.7959 -0.2679
vn 0.6389 -0.7095 -0.2973
vn 0.7347 -0.6232 -0.2679
vn 0.8116 -0.5540 -0.1854
vn 0.8543 -0.5156 -0.0662
vn 0.8543 -0.5156 0.0662
vn 0.8116 -0.5540 0.1854
vn 0.7347 -0.6232 0.2679
vn 0.6389 -0.7095 0.2973
vn 0.5430 -0.7959 0.2679
vn 0.4661 -0.8651 0.1854
vn 0.4235 -0.9035 0.0662
vn 0.8642 -0.4080 0.2944
vn 0.8642 -0.4080 -0.2945
s 0
g F_Pauldron0.001_brigandine_body
usemtl brigandine_body
f 1168//1899 1183//1899 1182//1899
f 1170//1900 1183//1900 1169//1900
f 1171//1901 1184//1901 1170//1901
f 1171//1902 1186//1902 1185//1902
f 1173//1903 1186//1903 1172//1903
f 1174//1904 1187//1904 1173//1904
f 1175//1905 1188//1905 1174//1905
f 1175//1906 1190//1906 1189//1906
f 1177//1907 1190//1907 1176//1907
f 1178//1908 1191//1908 1177//1908
f 1178//1909 1193//1909 1192//1909
f 1180//1910 1193//1910 1179//1910
f 1181//1911 1194//1911 1180//1911
f 1168//1912 1195//1912 1181//1912
f 1183//1913 1196//1913 1182//1913
f 1184//1914 1197//1914 1183//1914
f 1185//1915 1198//1915 1184//1915
f 1186//1916 1199//1916 1185//1916
f 1187//1917 1200//1917 1186//1917
f 1188//1918 1201//1918 1187//1918
f 1189//1919 1202//1919 1188//1919
f 1190//1920 1203//1920 1189//1920
f 1191//1921 1204//1921 1190//1921
f 1192//1922 1205//1922 1191//1922
f 1193//1923 1206//1923 1192//1923
f 1194//1924 1207//1924 1193//1924
f 1195//1925 1208//1925 1194//1925
f 1182//1926 1209//1926 1195//1926
f 1196//1927 1211//1927 1210//1927
f 1198//1928 1211//1928 1197//1928
f 1199//1929 1212//1929 1198//1929
f 1200//1930 1213//1930 1199//1930
f 1200//1931 1215//1931 1214//1931
f 1202//1932 1215//1932 1201//1932
f 1203//1933 1216//1933 1202//1933
f 1203//1934 1218//1934 1217//1934
f 1205//1935 1218//1935 1204//1935
f 1206//1936 1219//1936 1205//1936
f 1207//1937 1220//1937 1206//1937
f 1207//1938 1222//1938 1221//1938
f 1209//1939 1222//1939 1208//1939
f 1196//1940 1223//1940 1209//1940
f 1211//1941 1224//1941 1210//1941
f 1212//1942 1225//1942 1211//1942
f 1213//1943 1226//1943 1212//1943
f 1214//1944 1227//1944 1213//1944
f 1214//1945 1229//1945 1228//1945
f 1216//1946 1229//1946 1215//1946
f 1217//1947 1230//1947 1216//1947
f 1218//1948 1231//1948 1217//1948
f 1219//1949 1232//1949 1218//1949
f 1220//1950 1233//1950 1219//1950
f 1221//1951 1234//1951 1220//1951
f 1221//1952 1236//1952 1235//1952
f 1223//1953 1236//1953 1222//1953
f 1210//1954 1237//1954 1223//1954
f 1224//1955 1225//1955 1238//1955
f 1225//1956 1226//1956 1238//1956
f 1226//1957 1227//1957 1238//1957
f 1227//1958 1228//1958 1238//1958
f 1228//1959 1229//1959 1238//1959
f 1229//1960 1230//1960 1238//1960
f 1230//1961 1231//1961 1238//1961
f 1231//1962 1232//1962 1238//1962
f 1232//1963 1233//1963 1238//1963
f 1233//1964 1234//1964 1238//1964
f 1234//1965 1235//1965 1238//1965
f 1235//1966 1236//1966 1238//1966
f 1236//1967 1237//1967 1238//1967
f 1237//1968 1224//1968 1238//1968
f 1253//1969 1240//1969 1239//1969
f 1240//1970 1255//1970 1241//1970
f 1255//1971 1242//1971 1241//1971
f 1256//1972 1243//1972 1242//1972
f 1257//1973 1244//1973 1243//1973
f 1258//1974 1245//1974 1244//1974
f 1259//1975 1246//1975 1245//1975
f 1260//1976 1247//1976 1246//1976
f 1247//1977 1262//1977 1248//1977
f 1262//1978 1249//1978 1248//1978
f 1263//1979 1250//1979 1249//1979
f 1264//1980 1251//1980 1250//1980
f 1265//1981 1252//1981 1251//1981
f 1266//1982 1239//1982 1252//1982
f 1267//1983 1254//1983 1253//1983
f 1268//1984 1255//1984 1254//1984
f 1269//1985 1256//1985 1255//1985
f 1256//1986 1271//1986 1257//1986
f 1257//1987 1272//1987 1258//1987
f 1272//1988 1259//1988 1258//1988
f 1259//1989 1274//1989 1260//1989
f 1274//1990 1261//1990 1260//1990
f 1275//1991 1262//1991 1261//1991
f 1276//1992 1263//1992 1262//1992
f 1263//1993 1278//1993 1264//1993
f 1264//1994 1279//1994 1265//1994
f 1279//1995 1266//1995 1265//1995
f 1266//1996 1267//1996 1253//1996
f 1267//1997 1282//1997 1268//1997
f 1268//1998 1283//1998 1269//1998
f 1283//1999 1270//1999 1269//1999
f 1284//2000 1271//2000 1270//2000
f 1285//2001 1272//2001 1271//2001
f 1286//2002 1273//2002 1272//2002
f 1287//2003 1274//2003 1273//2003
f 1274//2004 1289//2004 1275//2004
f 1275//2005 1290//2005 1276//2005
f 1290//2006 1277//2006 1276//2006
f 1291//2007 1278//2007 1277//2007
f 1292//2008 1279//2008 1278//2008
f 1293//2009 1280//2009 1279//2009
f 1294//2010 1267//2010 1280//2010
f 1281//2011 1296//2011 1282//2011
f 1282//2012 1297//2012 1283//2012
f 1297//2013 1284//2013 1283//2013
f 1284//2014 1299//2014 1285//2014
f 1299//2015 1286//2015 1285//2015
f 1300//2016 1287//2016 1286//2016
f 1301//2017 1288//2017 1287//2017
f 1288//2018 1303//2018 1289//2018
f 1289//2019 1304//2019 1290//2019
f 1304//2020 1291//2020 1290//2020
f 1291//2021 1306//2021 1292//2021
f 1306//2022 1293//2022 1292//2022
f 1307//2023 1294//2023 1293//2023
f 1308//2024 1281//2024 1294//2024
f 1295//2025 1309//2025 1296//2025
f 1296//2026 1309//2026 1297//2026
f 1297//2027 1309//2027 1298//2027
f 1298//2028 1309//2028 1299//2028
f 1299//2029 1309//2029 1300//2029
f 1300//2030 1309//2030 1301//2030
f 1301//2031 1309//2031 1302//2031
f 1302//2032 1309//2032 1303//2032
f 1303//2033 1309//2033 1304//2033
f 1304//2034 1309//2034 1305//2034
f 1305//2035 1309//2035 1306//2035
f 1306//2036 1309//2036 1307//2036
f 1307//2037 1309//2037 1308//2037
f 1308//2038 1309//2038 1295//2038
f 1168//2039 1240//2039 1169//2039
f 1170//2040 1240//2040 1241//2040
f 1170//2041 1242//2041 1171//2041
f 1171//2042 1243//2042 1172//2042
f 1172//2043 1244//2043 1173//2043
f 1174//2044 1244//2044 1245//2044
f 1174//2045 1246//2045 1175//2045
f 1175//2046 1247//2046 1176//2046
f 1177//2047 1247//2047 1248//2047
f 1177//2048 1249//2048 1178//2048
f 1178//2049 1250//2049 1179//2049
f 1179//2050 1251//2050 1180//2050
f 1181//2051 1251//2051 1252//2051
f 1181//2052 1239//2052 1168//2052
f 1324//2053 1311//2053 1310//2053
f 1311//2054 1326//2054 1312//2054
f 1326//2055 1313//2055 1312//2055
f 1327//2056 1314//2056 1313//2056
f 1328//2057 1315//2057 1314//2057
f 1329//2058 1316//2058 1315//2058
f 1330//2059 1317//2059 1316//2059
f 1317//2060 1332//2060 1318//2060
f 1332//2061 1319//2061 1318//2061
f 1333//2062 1320//2062 1319//2062
f 1334//2063 1321//2063 1320//2063
f 1335//2064 1322//2064 1321//2064
f 1336//2065 1323//2065 1322//2065
f 1337//2066 1310//2066 1323//2066
f 1324//2067 1339//2067 1325//2067
f 1339//2068 1326//2068 1325//2068
f 1326//2069 1341//2069 1327//2069
f 1341//2070 1328//2070 1327//2070
f 1342//2071 1329//2071 1328//2071
f 1343//2072 1330//2072 1329//2072
f 1330//2073 1345//2073 1331//2073
f 1345//2074 1332//2074 1331//2074
f 1332//2075 1347//2075 1333//2075
f 1333//2076 1348//2076 1334//2076
f 1348//2077 1335//2077 1334//2077
f 1349//2078 1336//2078 1335//2078
f 1336//2079 1351//2079 1337//2079
f 1351//2080 1324//2080 1337//2080
f 1352//2081 1339//2081 1338//2081
f 1339//2082 1354//2082 1340//2082
f 1354//2083 1341//2083 1340//2083
f 1355//2084 1342//2084 1341//2084
f 1356//2085 1343//2085 1342//2085
f 1357//2086 1344//2086 1343//2086
f 1344//2087 1359//2087 1345//2087
f 1345//2088 1360//2088 1346//2088
f 1360//2089 1347//2089 1346//2089
f 1347//2090 1362//2090 1348//2090
f 1348//2091 1363//2091 1349//2091
f 1363//2092 1350//2092 1349//2092
f 1364//2093 1351//2093 1350//2093
f 1351//2094 1352//2094 1338//2094
f 1366//2095 1353//2095 1352//2095
f 1367//2096 1354//2096 1353//2096
f 1368//2097 1355//2097 1354//2097
f 1355//2098 1370//2098 1356//2098
f 1356//2099 1371//2099 1357//2099
f 1357//2100 1372//2100 1358//2100
f 1372//2101 1359//2101 1358//2101
f 1373//2102 1360//2102 1359//2102
f 1374//2103 1361//2103 1360//2103
f 1375//2104 1362//2104 1361//2104
f 1376//2105 1363//2105 1362//2105
f 1363//2106 1378//2106 1364//2106
f 1364//2107 1379//2107 1365//2107
f 1365//2108 1366//2108 1352//2108
f 1366//2109 1380//2109 1367//2109
f 1367//2110 1380//2110 1368//2110
f 1368//2111 1380//2111 1369//2111
f 1369//2112 1380//2112 1370//2112
f 1370//2113 1380//2113 1371//2113
f 1371//2114 1380//2114 1372//2114
f 1372//2115 1380//2115 1373//2115
f 1373//2116 1380//2116 1374//2116
f 1374//2117 1380//2117 1375//2117
f 1375//2118 1380//2118 1376//2118
f 1376//2119 1380//2119 1377//2119
f 1377//2120 1380//2120 1378//2120
f 1378//2121 1380//2121 1379//2121
f 1379//2122 1380//2122 1366//2122
f 1382//2123 1395//2123 1381//2123
f 1382//2124 1397//2124 1396//2124
f 1384//2125 1397//2125 1383//2125
f 1385//2126 1398//2126 1384//2126
f 1385//2127 1400//2127 1399//2127
f 1387//2128 1400//2128 1386//2128
f 1387//2129 1402//2129 1401//2129
f 1389//2130 1402//2130 1388//2130
f 1390//2131 1403//2131 1389//2131
f 1391//2132 1404//2132 1390//2132
f 1391//2133 1406//2133 1405//2133
f 1393//2134 1406//2134 1392//2134
f 1394//2135 1407//2135 1393//2135
f 1394//2136 1395//2136 1408//2136
f 1396//2137 1409//2137 1395//2137
f 1397//2138 1410//2138 1396//2138
f 1398//2139 1411//2139 1397//2139
f 1398//2140 1413//2140 1412//2140
f 1399//2141 1414//2141 1413//2141
f 1401//2142 1414//2142 1400//2142
f 1401//2143 1416//2143 1415//2143
f 1403//2144 1416//2144 1402//2144
f 1403//2145 1418//2145 1417//2145
f 1405//2146 1418//2146 1404//2146
f 1406//2147 1419//2147 1405//2147
f 1406//2148 1421//2148 1420//2148
f 1407//2149 1422//2149 1421//2149
f 1395//2150 1422//2150 1408//2150
f 1409//2151 1424//2151 1423//2151
f 1410//2152 1425//2152 1424//2152
f 1412//2153 1425//2153 1411//2153
f 1412//2154 1427//2154 1426//2154
f 1413//2155 1428//2155 1427//2155
f 1415//2156 1428//2156 1414//2156
f 1415//2157 1430//2157 1429//2157
f 1417//2158 1430//2158 1416//2158
f 1417//2159 1432//2159 1431//2159
f 1418//2160 1433//2160 1432//2160
f 1420//2161 1433//2161 1419//2161
f 1420//2162 1435//2162 1434//2162
f 1422//2163 1435//2163 1421//2163
f 1409//2164 1436//2164 1422//2164
f 1424//2165 1437//2165 1423//2165
f 1424//2166 1439//2166 1438//2166
f 1426//2167 1439//2167 1425//2167
f 1427//2168 1440//2168 1426//2168
f 1428//2169 1441//2169 1427//2169
f 1429//2170 1442//2170 1428//2170
f 1430//2171 1443//2171 1429//2171
f 1431//2172 1444//2172 1430//2172
f 1431//2173 1446//2173 1445//2173
f 1432//2174 1447//2174 1446//2174
f 1434//2175 1447//2175 1433//2175
f 1434//2176 1449//2176 1448//2176
f 1436//2177 1449//2177 1435//2177
f 1436//2178 1437//2178 1450//2178
f 1437//2179 1438//2179 1451//2179
f 1438//2180 1439//2180 1451//2180
f 1439//2181 1440//2181 1451//2181
f 1440//2182 1441//2182 1451//2182
f 1441//2183 1442//2183 1451//2183
f 1442//2184 1443//2184 1451//2184
f 1443//2185 1444//2185 1451//2185
f 1444//2186 1445//2186 1451//2186
f 1445//2187 1446//2187 1451//2187
f 1446//2188 1447//2188 1451//2188
f 1447//2189 1448//2189 1451//2189
f 1448//2190 1449//2190 1451//2190
f 1449//2191 1450//2191 1451//2191
f 1450//2192 1437//2192 1451//2192
f 1382//2193 1310//2193 1311//2193
f 1383//2194 1311//2194 1312//2194
f 1313//2195 1383//2195 1312//2195
f 1385//2196 1313//2196 1314//2196
f 1386//2197 1314//2197 1315//2197
f 1387//2198 1315//2198 1316//2198
f 1388//2199 1316//2199 1317//2199
f 1318//2200 1388//2200 1317//2200
f 1390//2201 1318//2201 1319//2201
f 1391//2202 1319//2202 1320//2202
f 1321//2203 1391//2203 1320//2203
f 1393//2204 1321//2204 1322//2204
f 1394//2205 1322//2205 1323//2205
f 1381//2206 1323//2206 1310//2206
f 1168//1899 1169//1899 1183//1899
f 1170//1900 1184//1900 1183//1900
f 1171//1901 1185//1901 1184//1901
f 1171//1902 1172//1902 1186//1902
f 1173//1903 1187//1903 1186//1903
f 1174//1904 1188//1904 1187//1904
f 1175//1905 1189//1905 1188//1905
f 1175//1906 1176//1906 1190//1906
f 1177//1907 1191//1907 1190//1907
f 1178//1908 1192//1908 1191//1908
f 1178//1909 1179//1909 1193//1909
f 1180//1910 1194//1910 1193//1910
f 1181//1911 1195//1911 1194//1911
f 1168//1912 1182//1912 1195//1912
f 1183//1913 1197//1913 1196//1913
f 1184//1914 1198//1914 1197//1914
f 1185//1915 1199//1915 1198//1915
f 1186//1916 1200//1916 1199//1916
f 1187//1917 1201//1917 1200//1917
f 1188//1918 1202//1918 1201//1918
f 1189//1919 1203//1919 1202//1919
f 1190//1920 1204//1920 1203//1920
f 1191//1921 1205//1921 1204//1921
f 1192//1922 1206//1922 1205//1922
f 1193//1923 1207//1923 1206//1923
f 1194//1924 1208//1924 1207//1924
f 1195//1925 1209//1925 1208//1925
f 1182//1926 1196//1926 1209//1926
f 1196//1927 1197//1927 1211//1927
f 1198//1928 1212//1928 1211//1928
f 1199//1929 1213//1929 1212//1929
f 1200//1930 1214//1930 1213//1930
f 1200//1931 1201//1931 1215//1931
f 1202//1932 1216//1932 1215//1932
f 1203//1933 1217//1933 1216//1933
f 1203//1934 1204//1934 1218//1934
f 1205//1935 1219//1935 1218//1935
f 1206//1936 1220//1936 1219//1936
f 1207//1937 1221//1937 1220//1937
f 1207//1938 1208//1938 1222//1938
f 1209//1939 1223//1939 1222//1939
f 1196//1940 1210//1940 1223//1940
f 1211//1941 1225//1941 1224//1941
f 1212//1942 1226//1942 1225//1942
f 1213//1943 1227//1943 1226//1943
f 1214//1944 1228//1944 1227//1944
f 1214//1945 1215//1945 1229//1945
f 1216//1946 1230//1946 1229//1946
f 1217//1947 1231//1947 1230//1947
f 1218//1948 1232//1948 1231//1948
f 1219//1949 1233//1949 1232//1949
f 1220//1950 1234//1950 1233//1950
f 1221//1951 1235//1951 1234//1951
f 1221//1952 1222//1952 1236//1952
f 1223//1953 1237//1953 1236//1953
f 1210//1954 1224//1954 1237//1954
f 1253//1969 1254//1969 1240//1969
f 1240//1970 1254//1970 1255//1970
f 1255//1971 1256//1971 1242//1971
f 1256//1972 1257//1972 1243//1972
f 1257//1973 1258//1973 1244//1973
f 1258//1974 1259//1974 1245//1974
f 1259//1975 1260//1975 1246//1975
f 1260//1976 1261//1976 1247//1976
f 1247//1977 1261//1977 1262//1977
f 1262//1978 1263//1978 1249//1978
f 1263//1979 1264//1979 1250//1979
f 1264//1980 1265//1980 1251//1980
f 1265//1981 1266//1981 1252//1981
f 1266//1982 1253//1982 1239//1982
f 1267//1983 1268//1983 1254//1983
f 1268//1984 1269//1984 1255//1984
f 1269//1985 1270//1985 1256//1985
f 1256//1986 1270//1986 1271//1986
f 1257//1987 1271//1987 1272//1987
f 1272//1988 1273//1988 1259//1988
f 1259//1989 1273//1989 1274//1989
f 1274//1990 1275//1990 1261//1990
f 1275//1991 1276//1991 1262//1991
f 1276//1992 1277//1992 1263//1992
f 1263//1993 1277//1993 1278//1993
f 1264//1994 1278//1994 1279//1994
f 1279//1995 1280//1995 1266//1995
f 1266//1996 1280//1996 1267//1996
f 1267//1997 1281//1997 1282//1997
f 1268//1998 1282//1998 1283//1998
f 1283//1999 1284//1999 1270//1999
f 1284//2000 1285//2000 1271//2000
f 1285//2001 1286//2001 1272//2001
f 1286//2002 1287//2002 1273//2002
f 1287//2003 1288//2003 1274//2003
f 1274//2004 1288//2004 1289//2004
f 1275//2005 1289//2005 1290//2005
f 1290//2006 1291//2006 1277//2006
f 1291//2007 1292//2007 1278//2007
f 1292//2008 1293//2008 1279//2008
f 1293//2009 1294//2009 1280//2009
f 1294//2010 1281//2010 1267//2010
f 1281//2011 1295//2011 1296//2011
f 1282//2012 1296//2012 1297//2012
f 1297//2013 1298//2013 1284//2013
f 1284//2014 1298//2014 1299//2014
f 1299//2015 1300//2015 1286//2015
f 1300//2016 1301//2016 1287//2016
f 1301//2017 1302//2017 1288//2017
f 1288//2018 1302//2018 1303//2018
f 1289//2019 1303//2019 1304//2019
f 1304//2020 1305//2020 1291//2020
f 1291//2021 1305//2021 1306//2021
f 1306//2022 1307//2022 1293//2022
f 1307//2023 1308//2023 1294//2023
f 1308//2024 1295//2024 1281//2024
f 1168//2039 1239//2039 1240//2039
f 1170//2040 1169//2040 1240//2040
f 1170//2041 1241//2041 1242//2041
f 1171//2042 1242//2042 1243//2042
f 1172//2043 1243//2043 1244//2043
f 1174//2044 1173//2044 1244//2044
f 1174//2045 1245//2045 1246//2045
f 1175//2046 1246//2046 1247//2046
f 1177//2047 1176//2047 1247//2047
f 1177//2048 1248//2048 1249//2048
f 1178//2049 1249//2049 1250//2049
f 1179//2050 1250//2050 1251//2050
f 1181//2051 1180//2051 1251//2051
f 1181//2052 1252//2052 1239//2052
f 1324//2053 1325//2053 1311//2053
f 1311//2054 1325//2054 1326//2054
f 1326//2055 1327//2055 1313//2055
f 1327//2056 1328//2056 1314//2056
f 1328//2057 1329//2057 1315//2057
f 1329//2058 1330//2058 1316//2058
f 1330//2059 1331//2059 1317//2059
f 1317//2060 1331//2060 1332//2060
f 1332//2061 1333//2061 1319//2061
f 1333//2062 1334//2062 1320//2062
f 1334//2063 1335//2063 1321//2063
f 1335//2064 1336//2064 1322//2064
f 1336//2065 1337//2065 1323//2065
f 1337//2066 1324//2066 1310//2066
f 1324//2067 1338//2067 1339//2067
f 1339//2068 1340//2068 1326//2068
f 1326//2069 1340//2069 1341//2069
f 1341//2070 1342//2070 1328//2070
f 1342//2071 1343//2071 1329//2071
f 1343//2072 1344//2072 1330//2072
f 1330//2073 1344//2073 1345//2073
f 1345//2074 1346//2074 1332//2074
f 1332//2075 1346//2075 1347//2075
f 1333//2076 1347//2076 1348//2076
f 1348//2077 1349//2077 1335//2077
f 1349//2078 1350//2078 1336//2078
f 1336//2079 1350//2079 1351//2079
f 1351//2080 1338//2080 1324//2080
f 1352//2081 1353//2081 1339//2081
f 1339//2082 1353//2082 1354//2082
f 1354//2083 1355//2083 1341//2083
f 1355//2084 1356//2084 1342//2084
f 1356//2085 1357//2085 1343//2085
f 1357//2086 1358//2086 1344//2086
f 1344//2087 1358//2087 1359//2087
f 1345//2088 1359//2088 1360//2088
f 1360//2089 1361//2089 1347//2089
f 1347//2090 1361//2090 1362//2090
f 1348//2091 1362//2091 1363//2091
f 1363//2092 1364//2092 1350//2092
f 1364//2093 1365//2093 1351//2093
f 1351//2094 1365//2094 1352//2094
f 1366//2095 1367//2095 1353//2095
f 1367//2096 1368//2096 1354//2096
f 1368//2097 1369//2097 1355//2097
f 1355//2098 1369//2098 1370//2098
f 1356//2099 1370//2099 1371//2099
f 1357//2100 1371//2100 1372//2100
f 1372//2101 1373//2101 1359//2101
f 1373//2102 1374//2102 1360//2102
f 1374//2103 1375//2103 1361//2103
f 1375//2104 1376//2104 1362//2104
f 1376//2105 1377//2105 1363//2105
f 1363//2106 1377//2106 1378//2106
f 1364//2107 1378//2107 1379//2107
f 1365//2108 1379//2108 1366//2108
f 1382//2123 1396//2123 1395//2123
f 1382//2124 1383//2124 1397//2124
f 1384//2125 1398//2125 1397//2125
f 1385//2126 1399//2126 1398//2126
f 1385//2127 1386//2127 1400//2127
f 1387//2128 1401//2128 1400//2128
f 1387//2129 1388//2129 1402//2129
f 1389//2130 1403//2130 1402//2130
f 1390//2131 1404//2131 1403//2131
f 1391//2132 1405//2132 1404//2132
f 1391//2133 1392//2133 1406//2133
f 1393//2134 1407//2134 1406//2134
f 1394//2135 1408//2135 1407//2135
f 1394//2136 1381//2136 1395//2136
f 1396//2137 1410//2137 1409//2137
f 1397//2138 1411//2138 1410//2138
f 1398//2139 1412//2139 1411//2139
f 1398//2140 1399//2140 1413//2140
f 1399//2141 1400//2141 1414//2141
f 1401//2142 1415//2142 1414//2142
f 1401//2143 1402//2143 1416//2143
f 1403//2144 1417//2144 1416//2144
f 1403//2145 1404//2145 1418//2145
f 1405//2146 1419//2146 1418//2146
f 1406//2147 1420//2147 1419//2147
f 1406//2148 1407//2148 1421//2148
f 1407//2149 1408//2149 1422//2149
f 1395//2150 1409//2150 1422//2150
f 1409//2151 1410//2151 1424//2151
f 1410//2207 1411//2207 1425//2207
f 1412//2153 1426//2153 1425//2153
f 1412//2154 1413//2154 1427//2154
f 1413//2155 1414//2155 1428//2155
f 1415//2156 1429//2156 1428//2156
f 1415//2157 1416//2157 1430//2157
f 1417//2158 1431//2158 1430//2158
f 1417//2159 1418//2159 1432//2159
f 1418//2160 1419//2160 1433//2160
f 1420//2161 1434//2161 1433//2161
f 1420//2162 1421//2162 1435//2162
f 1422//2208 1436//2208 1435//2208
f 1409//2164 1423//2164 1436//2164
f 1424//2165 1438//2165 1437//2165
f 1424//2166 1425//2166 1439//2166
f 1426//2167 1440//2167 1439//2167
f 1427//2168 1441//2168 1440//2168
f 1428//2169 1442//2169 1441//2169
f 1429//2170 1443//2170 1442//2170
f 1430//2171 1444//2171 1443//2171
f 1431//2172 1445//2172 1444//2172
f 1431//2173 1432//2173 1446//2173
f 1432//2174 1433//2174 1447//2174
f 1434//2175 1448//2175 1447//2175
f 1434//2176 1435//2176 1449//2176
f 1436//2177 1450//2177 1449//2177
f 1436//2178 1423//2178 1437//2178
f 1382//2193 1381//2193 1310//2193
f 1383//2194 1382//2194 1311//2194
f 1313//2195 1384//2195 1383//2195
f 1385//2196 1384//2196 1313//2196
f 1386//2197 1385//2197 1314//2197
f 1387//2198 1386//2198 1315//2198
f 1388//2199 1387//2199 1316//2199
f 1318//2200 1389//2200 1388//2200
f 1390//2201 1389//2201 1318//2201
f 1391//2202 1390//2202 1319//2202
f 1321//2203 1392//2203 1391//2203
f 1393//2204 1392//2204 1321//2204
f 1394//2205 1393//2205 1322//2205
f 1381//2206 1394//2206 1323//2206
g F_Pauldron1.001_F_Pauldron1.001
v 0.989971 0.378261 0.000000
v 0.963235 0.410123 -0.182231
v 0.888324 0.499399 -0.328369
v 0.780074 0.628406 -0.409470
v 0.659926 0.771594 -0.409470
v 0.551676 0.900601 -0.328369
v 0.476765 0.989877 -0.182231
v 0.450029 1.021739 -0.000000
v 0.476765 0.989877 0.182231
v 0.551676 0.900601 0.328369
v 0.659926 0.771594 0.409470
v 0.780074 0.628406 0.409470
v 0.888324 0.499399 0.328369
v 0.963235 0.410123 0.182231
v 1.028836 0.437707 0.000000
v 1.003409 0.468010 -0.173312
v 0.932164 0.552916 -0.312298
v 0.829212 0.675610 -0.389429
v 0.714945 0.811789 -0.389429
v 0.611993 0.934482 -0.312298
v 0.540748 1.019388 -0.173312
v 0.515321 1.049691 -0.000000
v 0.540748 1.019388 0.173312
v 0.611993 0.934482 0.312298
v 0.714945 0.811789 0.389429
v 0.829212 0.675610 0.389429
v 0.932164 0.552916 0.312298
v 1.003409 0.468010 0.173312
v 1.037470 0.522829 0.000000
v 1.015841 0.548606 -0.147428
v 0.955236 0.620831 -0.265656
v 0.867660 0.725200 -0.331268
v 0.770458 0.841041 -0.331268
v 0.682882 0.945410 -0.265656
v 0.622278 1.017636 -0.147428
v 0.600648 1.043413 -0.000000
v 0.622278 1.017636 0.147428
v 0.682882 0.945410 0.265656
v 0.770458 0.841041 0.331268
v 0.867660 0.725200 0.331268
v 0.955236 0.620831 0.265656
v 1.015841 0.548606 0.147428
v 1.015028 0.625292 0.000000
v 0.999314 0.644021 -0.107113
v 0.955282 0.696496 -0.193011
v 0.891654 0.772324 -0.240680
v 0.821033 0.856487 -0.240680
v 0.757405 0.932316 -0.193011
v 0.713373 0.984791 -0.107113
v 0.697659 1.003519 -0.000000
v 0.713373 0.984791 0.107113
v 0.757405 0.932316 0.193011
v 0.821033 0.856487 0.240680
v 0.891654 0.772324 0.240680
v 0.955282 0.696496 0.193011
v 0.999314 0.644021 0.107113
v 0.963707 0.735069 0.000000
v 0.955445 0.744915 -0.056313
v 0.932296 0.772503 -0.101472
v 0.898845 0.812368 -0.126533
v 0.861717 0.856616 -0.126533
v 0.828266 0.896481 -0.101472
v 0.805118 0.924069 -0.056313
v 0.796856 0.933915 -0.000000
v 0.805118 0.924069 0.056313
v 0.828266 0.896481 0.101472
v 0.861717 0.856616 0.126533
v 0.898845 0.812368 0.126533
v 0.932296 0.772503 0.101472
v 0.955445 0.744915 0.056313
v 0.888530 0.841413 0.000000
v 0.955701 0.400666 0.000000
v 0.931461 0.429555 -0.165227
v 0.863540 0.510501 -0.297728
v 0.765391 0.627470 -0.371261
v 0.656454 0.757296 -0.371261
v 0.558305 0.874265 -0.297728
v 0.490384 0.955210 -0.165227
v 0.466143 0.984099 -0.000000
v 0.490384 0.955210 0.165227
v 0.558305 0.874265 0.297728
v 0.656454 0.757296 0.371261
v 0.765391 0.627470 0.371261
v 0.863540 0.510501 0.297728
v 0.931461 0.429555 0.165227
v 0.989540 0.452338 0.000000
v 0.966434 0.479874 -0.157490
v 0.901694 0.557029 -0.283787
v 0.808141 0.668521 -0.353876
v 0.704305 0.792268 -0.353876
v 0.610752 0.903760 -0.283787
v 0.546012 0.980915 -0.157490
v 0.522906 1.008451 -0.000000
v 0.546012 0.980915 0.157490
v 0.610752 0.903760 0.283787
v 0.704305 0.792268 0.353876
v 0.808141 0.668521 0.353876
v 0.901694 0.557029 0.283787
v 0.966434 0.479874 0.157490
v 0.996611 0.521209 0.000000
v 0.976575 0.545088 -0.136571
v 0.920433 0.611994 -0.246093
v 0.839307 0.708677 -0.306872
v 0.749263 0.815987 -0.306872
v 0.668136 0.912670 -0.246093
v 0.611995 0.979577 -0.136571
v 0.591958 1.003456 -0.000000
v 0.611995 0.979577 0.136571
v 0.668136 0.912670 0.246093
v 0.749263 0.815987 0.306872
v 0.839307 0.708677 0.306872
v 0.920433 0.611994 0.246093
v 0.976575 0.545088 0.136571
v 0.976580 0.612896 0.000000
v 0.961834 0.630470 -0.100510
v 0.920517 0.679710 -0.181113
v 0.860811 0.750864 -0.225844
v 0.794543 0.829840 -0.225844
v 0.734838 0.900994 -0.181113
v 0.693521 0.950234 -0.100510
v 0.678775 0.967807 -0.000000
v 0.693521 0.950234 0.100510
v 0.734838 0.900994 0.181113
v 0.794543 0.829840 0.225844
v 0.860811 0.750864 0.225844
v 0.920517 0.679710 0.181113
v 0.961834 0.630470 0.100510
v 0.928697 0.715308 0.000000
v 0.920904 0.724595 -0.053117
v 0.899069 0.750617 -0.095713
v 0.867516 0.788220 -0.119352
v 0.832496 0.829956 -0.119352
v 0.800943 0.867559 -0.095713
v 0.779108 0.893581 -0.053117
v 0.771315 0.902868 -0.000000
v 0.779108 0.893581 0.053117
v 0.800943 0.867559 0.095713
v 0.832496 0.829956 0.119352
v 0.867516 0.788220 0.119352
v 0.899069 0.750617 0.095713
v 0.920904 0.724595 0.053117
v 0.857777 0.815609 -0.000000
v -0.989971 0.378261 0.000000
v -0.963235 0.410123 -0.182231
v -0.888324 0.499399 -0.328369
v -0.780074 0.628406 -0.409470
v -0.659926 0.771594 -0.409470
v -0.551676 0.900601 -0.328369
v -0.476765 0.989877 -0.182231
v -0.450029 1.021739 -0.000000
v -0.476765 0.989877 0.182231
v -0.551676 0.900601 0.328369
v -0.659926 0.771594 0.409470
v -0.780074 0.628406 0.409470
v -0.888324 0.499399 0.328369
v -0.963235 0.410123 0.182231
v -1.028836 0.437707 0.000000
v -1.003409 0.468010 -0.173312
v -0.932164 0.552916 -0.312298
v -0.829212 0.675610 -0.389429
v -0.714945 0.811789 -0.389429
v -0.611993 0.934482 -0.312298
v -0.540748 1.019388 -0.173312
v -0.515321 1.049691 -0.000000
v -0.540748 1.019388 0.173312
v -0.611993 0.934482 0.312298
v -0.714945 0.811789 0.389429
v -0.829212 0.675610 0.389429
v -0.932164 0.552916 0.312298
v -1.003409 0.468010 0.173312
v -1.037470 0.522829 0.000000
v -1.015841 0.548606 -0.147428
v -0.955236 0.620831 -0.265656
v -0.867660 0.725200 -0.331268
v -0.770458 0.841041 -0.331268
v -0.682882 0.945410 -0.265656
v -0.622278 1.017636 -0.147428
v -0.600648 1.043413 -0.000000
v -0.622278 1.017636 0.147428
v -0.682882 0.945410 0.265656
v -0.770458 0.841041 0.331268
v -0.867660 0.725200 0.331268
v -0.955236 0.620831 0.265656
v -1.015841 0.548606 0.147428
v -1.015028 0.625292 0.000000
v -0.999314 0.644021 -0.107113
v -0.955282 0.696496 -0.193011
v -0.891654 0.772324 -0.240680
v -0.821033 0.856487 -0.240680
v -0.757405 0.932316 -0.193011
v -0.713373 0.984791 -0.107113
v -0.697659 1.003519 -0.000000
v -0.713373 0.984791 0.107113
v -0.757405 0.932316 0.193011
v -0.821033 0.856487 0.240680
v -0.891654 0.772324 0.240680
v -0.955282 0.696496 0.193011
v -0.999314 0.644021 0.107113
v -0.963707 0.735069 0.000000
v -0.955445 0.744915 -0.056313
v -0.932296 0.772503 -0.101472
v -0.898845 0.812368 -0.126533
v -0.861717 0.856616 -0.126533
v -0.828267 0.896481 -0.101472
v -0.805118 0.924069 -0.056313
v -0.796856 0.933915 -0.000000
v -0.805118 0.924069 0.056313
v -0.828267 0.896481 0.101472
v -0.861717 0.856616 0.126533
v -0.898845 0.812368 0.126533
v -0.932296 0.772503 0.101472
v -0.955445 0.744915 0.056313
v -0.888530 0.841413 0.000000
v -0.955702 0.400666 0.000000
v -0.931461 0.429555 -0.165227
v -0.863540 0.510500 -0.297728
v -0.765391 0.627470 -0.371261
v -0.656454 0.757296 -0.371261
v -0.558305 0.874265 -0.297728
v -0.490384 0.955210 -0.165227
v -0.466143 0.984099 -0.000000
v -0.490384 0.955210 0.165227
v -0.558305 0.874265 0.297728
v -0.656454 0.757296 0.371261
v -0.765391 0.627470 0.371261
v -0.863540 0.510500 0.297728
v -0.931461 0.429555 0.165227
v -0.989540 0.452338 0.000000
v -0.966434 0.479874 -0.157490
v -0.901694 0.557029 -0.283787
v -0.808141 0.668521 -0.353876
v -0.704305 0.792268 -0.353876
v -0.610752 0.903760 -0.283787
v -0.546012 0.980915 -0.157490
v -0.522906 1.008451 -0.000000
v -0.546012 0.980915 0.157490
v -0.610752 0.903760 0.283787
v -0.704305 0.792268 0.353876
v -0.808141 0.668521 0.353876
v -0.901694 0.557029 0.283787
v -0.966434 0.479874 0.157490
v -0.996611 0.521209 0.000000
v -0.976575 0.545088 -0.136571
v -0.920433 0.611994 -0.246093
v -0.839307 0.708677 -0.306872
v -0.749263 0.815987 -0.306872
v -0.668136 0.912670 -0.246093
v -0.611995 0.979577 -0.136571
v -0.591958 1.003456 -0.000000
v -0.611995 0.979577 0.136571
v -0.668136 0.912670 0.246093
v -0.749263 0.815987 0.306872
v -0.839307 0.708677 0.306872
v -0.920433 0.611994 0.246093
v -0.976575 0.545088 0.136571
v -0.976580 0.612897 0.000000
v -0.961834 0.630470 -0.100510
v -0.920517 0.679710 -0.181113
v -0.860811 0.750864 -0.225844
v -0.794543 0.829840 -0.225844
v -0.734838 0.900994 -0.181113
v -0.693521 0.950234 -0.100510
v -0.678775 0.967808 -0.000000
v -0.693521 0.950234 0.100510
v -0.734838 0.900994 0.181113
v -0.794543 0.829840 0.225844
v -0.860811 0.750864 0.225844
v -0.920517 0.679710 0.181113
v -0.961834 0.630470 0.100510
v -0.928697 0.715308 0.000000
v -0.920904 0.724595 -0.053117
v -0.899069 0.750617 -0.095713
v -0.867516 0.788220 -0.119352
v -0.832496 0.829956 -0.119352
v -0.800943 0.867559 -0.095713
v -0.779108 0.893581 -0.053117
v -0.771315 0.902868 -0.000000
v -0.779108 0.893581 0.053117
v -0.800943 0.867559 0.095713
v -0.832496 0.829956 0.119352
v -0.867516 0.788220 0.119352
v -0.899069 0.750617 0.095713
v -0.920904 0.724595 0.053117
v -0.857777 0.815609 -0.000000
vn 0.8177 -0.5346 -0.2134
vn 0.6986 -0.3927 -0.5980
vn 0.4841 -0.1371 -0.8642
vn 0.2166 0.1818 -0.9592
vn -0.0509 0.5006 -0.8642
vn -0.2654 0.7562 -0.5980
vn -0.3845 0.8981 -0.2134
vn -0.3845 0.8981 0.2134
vn -0.2654 0.7562 0.5980
vn -0.0509 0.5006 0.8642
vn 0.2166 0.1818 0.9592
vn 0.4841 -0.1371 0.8642
vn 0.6986 -0.3927 0.5980
vn 0.8177 -0.5346 0.2134
vn 0.9818 -0.0996 -0.1615
vn 0.8918 0.0077 -0.4524
vn 0.7295 0.2011 -0.6537
vn 0.5271 0.4423 -0.7256
vn 0.3248 0.6835 -0.6537
vn 0.1625 0.8769 -0.4524
vn 0.0724 0.9842 -0.1615
vn 0.0724 0.9842 0.1615
vn 0.1625 0.8769 0.4524
vn 0.3248 0.6835 0.6537
vn 0.5271 0.4423 0.7256
vn 0.7295 0.2011 0.6537
vn 0.8918 0.0077 0.4524
vn 0.9818 -0.0996 0.1615
vn 0.9714 0.2128 -0.1053
vn 0.9127 0.2828 -0.2951
vn 0.8068 0.4089 -0.4264
vn 0.6748 0.5662 -0.4733
vn 0.5428 0.7235 -0.4264
vn 0.4370 0.8497 -0.2951
vn 0.3782 0.9197 -0.1053
vn 0.3782 0.9197 0.1053
vn 0.4370 0.8497 0.2951
vn 0.5428 0.7235 0.4264
vn 0.6748 0.5662 0.4733
vn 0.8068 0.4089 0.4264
vn 0.9127 0.2828 0.2951
vn 0.9714 0.2128 0.1053
vn 0.9043 0.4228 -0.0588
vn 0.8716 0.4618 -0.1646
vn 0.8125 0.5322 -0.2379
vn 0.7389 0.6200 -0.2640
vn 0.6652 0.7077 -0.2379
vn 0.6062 0.7781 -0.1646
vn 0.5734 0.8172 -0.0588
vn 0.5734 0.8172 0.0588
vn 0.6062 0.7781 0.1646
vn 0.6652 0.7077 0.2379
vn 0.7389 0.6200 0.2640
vn 0.8125 0.5322 0.2379
vn 0.8716 0.4618 0.1646
vn 0.9043 0.4228 0.0588
vn 0.8164 0.5771 -0.0189
vn 0.8059 0.5897 -0.0529
vn 0.7869 0.6123 -0.0764
vn 0.7633 0.6405 -0.0848
vn 0.7396 0.6687 -0.0764
vn 0.7207 0.6913 -0.0529
vn 0.7102 0.7038 -0.0189
vn 0.7102 0.7038 0.0189
vn 0.7207 0.6913 0.0529
vn 0.7396 0.6687 0.0764
vn 0.7633 0.6405 0.0848
vn 0.7869 0.6123 0.0764
vn 0.8059 0.5897 0.0529
vn 0.8164 0.5771 0.0189
vn -0.8173 0.5352 0.2135
vn -0.6982 0.3933 0.5982
vn -0.4836 0.1376 0.8644
vn -0.2161 -0.1813 0.9594
vn 0.0515 -0.5002 0.8644
vn 0.2661 -0.7559 0.5982
vn 0.3852 -0.8978 0.2135
vn 0.3852 -0.8978 -0.2135
vn 0.2661 -0.7559 -0.5982
vn 0.0515 -0.5002 -0.8644
vn -0.2161 -0.1813 -0.9594
vn -0.4836 0.1376 -0.8644
vn -0.6982 0.3933 -0.5982
vn -0.8173 0.5352 -0.2135
vn -0.9817 0.1008 0.1616
vn -0.8915 -0.0067 0.4529
vn -0.7290 -0.2003 0.6545
vn -0.5264 -0.4417 0.7264
vn -0.3238 -0.6832 0.6545
vn -0.1614 -0.8768 0.4529
vn -0.0712 -0.9843 0.1616
vn -0.0712 -0.9843 -0.1616
vn -0.1614 -0.8768 -0.4529
vn -0.3238 -0.6832 -0.6545
vn -0.5264 -0.4417 -0.7264
vn -0.7290 -0.2003 -0.6545
vn -0.8915 -0.0067 -0.4529
vn -0.9817 0.1008 -0.1616
vn -0.9715 -0.2122 0.1054
vn -0.9127 -0.2823 0.2954
vn -0.8067 -0.4086 0.4268
vn -0.6746 -0.5661 0.4738
vn -0.5425 -0.7235 0.4268
vn -0.4365 -0.8498 0.2954
vn -0.3777 -0.9199 0.1054
vn -0.3777 -0.9199 -0.1054
vn -0.4365 -0.8498 -0.2954
vn -0.5425 -0.7235 -0.4268
vn -0.6746 -0.5661 -0.4738
vn -0.8067 -0.4086 -0.4268
vn -0.9127 -0.2823 -0.2954
vn -0.9715 -0.2122 -0.1054
vn -0.9043 -0.4228 0.0587
vn -0.8715 -0.4619 0.1646
vn -0.8125 -0.5322 0.2379
vn -0.7389 -0.6200 0.2640
vn -0.6652 -0.7077 0.2379
vn -0.6062 -0.7781 0.1646
vn -0.5734 -0.8171 0.0587
vn -0.5734 -0.8171 -0.0587
vn -0.6062 -0.7781 -0.1646
vn -0.6652 -0.7077 -0.2379
vn -0.7389 -0.6200 -0.2640
vn -0.8125 -0.5322 -0.2379
vn -0.8715 -0.4619 -0.1646
vn -0.9043 -0.4228 -0.0587
vn -0.8164 -0.5772 0.0188
vn -0.8059 -0.5898 0.0528
vn -0.7869 -0.6123 0.0763
vn -0.7633 -0.6405 0.0847
vn -0.7397 -0.6686 0.0763
vn -0.7207 -0.6912 0.0528
vn -0.7102 -0.7037 0.0188
vn -0.7102 -0.7037 -0.0188
vn -0.7207 -0.6912 -0.0528
vn -0.7397 -0.6686 -0.0763
vn -0.7633 -0.6405 -0.0847
vn -0.7869 -0.6123 -0.0763
vn -0.8059 -0.5898 -0.0528
vn -0.8164 -0.5772 -0.0188
vn -0.5460 -0.8352 -0.0659
vn -0.5828 -0.7914 -0.1847
vn -0.6490 -0.7124 -0.2669
vn -0.7317 -0.6139 -0.2962
vn -0.8143 -0.5155 -0.2669
vn -0.8805 -0.4365 -0.1847
vn -0.9173 -0.3927 -0.0659
vn -0.9173 -0.3927 0.0659
vn -0.8805 -0.4365 0.1847
vn -0.8143 -0.5155 0.2669
vn -0.7317 -0.6139 0.2962
vn -0.6490 -0.7124 0.2669
vn -0.5828 -0.7914 0.1847
vn -0.5460 -0.8352 0.0659
vn -0.8177 -0.5346 -0.2134
vn -0.6986 -0.3927 -0.5980
vn -0.4841 -0.1371 -0.8642
vn -0.2166 0.1818 -0.9592
vn 0.0509 0.5006 -0.8642
vn 0.2654 0.7562 -0.5980
vn 0.3845 0.8981 -0.2134
vn 0.3845 0.8981 0.2134
vn 0.2654 0.7562 0.5980
vn 0.0509 0.5006 0.8642
vn -0.2166 0.1818 0.9592
vn -0.4841 -0.1371 0.8642
vn -0.6986 -0.3927 0.5980
vn -0.8177 -0.5346 0.2134
vn -0.9818 -0.0996 -0.1615
vn -0.8918 0.0077 -0.4524
vn -0.7295 0.2011 -0.6537
vn -0.5271 0.4423 -0.7256
vn -0.3248 0.6835 -0.6537
vn -0.1625 0.8769 -0.4524
vn -0.0724 0.9842 -0.1615
vn -0.0724 0.9842 0.1615
vn -0.1625 0.8769 0.4524
vn -0.3248 0.6835 0.6537
vn -0.5271 0.4423 0.7256
vn -0.7295 0.2011 0.6537
vn -0.8918 0.0077 0.4524
vn -0.9818 -0.0996 0.1615
vn -0.9714 0.2128 -0.1053
vn -0.9127 0.2828 -0.2951
vn -0.8068 0.4089 -0.4264
vn -0.6748 0.5662 -0.4733
vn -0.5428 0.7235 -0.4264
vn -0.4370 0.8497 -0.2951
vn -0.3782 0.9197 -0.1053
vn -0.3782 0.9197 0.1053
vn -0.4370 0.8497 0.2951
vn -0.5428 0.7235 0.4264
vn -0.6748 0.5662 0.4733
vn -0.8068 0.4089 0.4264
vn -0.9127 0.2828 0.2951
vn -0.9714 0.2128 0.1053
vn -0.9043 0.4228 -0.0588
vn -0.8716 0.4618 -0.1646
vn -0.8125 0.5322 -0.2379
vn -0.7389 0.6200 -0.2640
vn -0.6652 0.7077 -0.2379
vn -0.6062 0.7781 -0.1646
vn -0.5734 0.8172 -0.0588
vn -0.5734 0.8172 0.0588
vn -0.6062 0.7781 0.1646
vn -0.6652 0.7077 0.2379
vn -0.7389 0.6200 0.2640
vn -0.8125 0.5322 0.2379
vn -0.8716 0.4618 0.1646
vn -0.9043 0.4228 0.0588
vn -0.8164 0.5771 -0.0189
vn -0.8059 0.5897 -0.0529
vn -0.7869 0.6123 -0.0764
vn -0.7633 0.6405 -0.0848
vn -0.7396 0.6687 -0.0764
vn -0.7207 0.6913 -0.0529
vn -0.7102 0.7038 -0.0189
vn -0.7102 0.7038 0.0189
vn -0.7207 0.6913 0.0529
vn -0.7396 0.6687 0.0764
vn -0.7633 0.6405 0.0848
vn -0.7869 0.6123 0.0764
vn -0.8059 0.5897 0.0529
vn -0.8164 0.5771 0.0189
vn 0.8173 0.5352 0.2135
vn 0.6982 0.3933 0.5982
vn 0.4836 0.1376 0.8644
vn 0.2161 -0.1813 0.9594
vn -0.0515 -0.5002 0.8644
vn -0.2661 -0.7559 0.5982
vn -0.3852 -0.8978 0.2135
vn -0.3852 -0.8978 -0.2135
vn -0.2661 -0.7559 -0.5982
vn -0.0515 -0.5002 -0.8644
vn 0.2161 -0.1813 -0.9594
vn 0.4836 0.1376 -0.8644
vn 0.6982 0.3933 -0.5982
vn 0.8173 0.5352 -0.2135
vn 0.9817 0.1008 0.1616
vn 0.8915 -0.0067 0.4529
vn 0.7290 -0.2003 0.6545
vn 0.5264 -0.4417 0.7264
vn 0.3238 -0.6832 0.6545
vn 0.1614 -0.8768 0.4529
vn 0.0712 -0.9843 0.1617
vn 0.0712 -0.9843 -0.1616
vn 0.1614 -0.8768 -0.4529
vn 0.3238 -0.6832 -0.6545
vn 0.5264 -0.4417 -0.7264
vn 0.7290 -0.2003 -0.6545
vn 0.8915 -0.0067 -0.4529
vn 0.9817 0.1008 -0.1616
vn 0.9715 -0.2122 0.1054
vn 0.9127 -0.2823 0.2954
vn 0.8067 -0.4086 0.4268
vn 0.6746 -0.5661 0.4738
vn 0.5425 -0.7235 0.4268
vn 0.4365 -0.8498 0.2954
vn 0.3777 -0.9199 0.1054
vn 0.3777 -0.9199 -0.1054
vn 0.4365 -0.8498 -0.2954
vn 0.5425 -0.7235 -0.4268
vn 0.6746 -0.5661 -0.4738
vn 0.8067 -0.4086 -0.4268
vn 0.9127 -0.2823 -0.2954
vn 0.9715 -0.2122 -0.1054
vn 0.9043 -0.4228 0.0587
vn 0.8715 -0.4619 0.1646
vn 0.8125 -0.5322 0.2379
vn 0.7389 -0.6200 0.2640
vn 0.6652 -0.7077 0.2379
vn 0.6062 -0.7781 0.1646
vn 0.5734 -0.8171 0.0587
vn 0.5734 -0.8171 -0.0587
vn 0.6062 -0.7781 -0.1646
vn 0.6652 -0.7077 -0.2379
vn 0.7389 -0.6200 -0.2640
vn 0.8125 -0.5322 -0.2379
vn 0.8715 -0.4619 -0.1646
vn 0.9043 -0.4228 -0.0587
vn 0.8164 -0.5772 0.0188
vn 0.8059 -0.5898 0.0528
vn 0.7869 -0.6123 0.0763
vn 0.7633 -0.6405 0.0847
vn 0.7397 -0.6686 0.0763
vn 0.7207 -0.6912 0.0528
vn 0.7102 -0.7037 0.0188
vn 0.7102 -0.7037 -0.0188
vn 0.7207 -0.6912 -0.0528
vn 0.7397 -0.6686 -0.0763
vn 0.7633 -0.6405 -0.0847
vn 0.7869 -0.6123 -0.0763
vn 0.8059 -0.5898 -0.0528
vn 0.8164 -0.5772 -0.0188
vn 0.5460 -0.8352 -0.0659
vn 0.5828 -0.7914 -0.1847
vn 0.6490 -0.7124 -0.2669
vn 0.7317 -0.6139 -0.2962
vn 0.8143 -0.5155 -0.2669
vn 0.8805 -0.4365 -0.1847
vn 0.9173 -0.3927 -0.0659
vn 0.9173 -0.3927 0.0659
vn 0.8805 -0.4365 0.1847
vn 0.8143 -0.5155 0.2669
vn 0.7317 -0.6139 0.2962
vn 0.6490 -0.7124 0.2669
vn 0.5828 -0.7914 0.1847
vn 0.5460 -0.8352 0.0659
vn 0.9817 0.1008 0.1617
vn 0.0712 -0.9843 0.1616
vn 0.9817 0.1008 -0.1617
s 0
g F_Pauldron1.001_brigandine_shade
usemtl brigandine_shade
f 1453//2209 1466//2209 1452//2209
f 1453//2210 1468//2210 1467//2210
f 1455//2211 1468//2211 1454//2211
f 1456//2212 1469//2212 1455//2212
f 1457//2213 1470//2213 1456//2213
f 1458//2214 1471//2214 1457//2214
f 1459//2215 1472//2215 1458//2215
f 1460//2216 1473//2216 1459//2216
f 1460//2217 1475//2217 1474//2217
f 1462//2218 1475//2218 1461//2218
f 1463//2219 1476//2219 1462//2219
f 1464//2220 1477//2220 1463//2220
f 1465//2221 1478//2221 1464//2221
f 1452//2222 1479//2222 1465//2222
f 1466//2223 1481//2223 1480//2223
f 1467//2224 1482//2224 1481//2224
f 1469//2225 1482//2225 1468//2225
f 1469//2226 1484//2226 1483//2226
f 1471//2227 1484//2227 1470//2227
f 1472//2228 1485//2228 1471//2228
f 1473//2229 1486//2229 1472//2229
f 1473//2230 1488//2230 1487//2230
f 1474//2231 1489//2231 1488//2231
f 1476//2232 1489//2232 1475//2232
f 1476//2233 1491//2233 1490//2233
f 1478//2234 1491//2234 1477//2234
f 1479//2235 1492//2235 1478//2235
f 1466//2236 1493//2236 1479//2236
f 1481//2237 1494//2237 1480//2237
f 1482//2238 1495//2238 1481//2238
f 1483//2239 1496//2239 1482//2239
f 1484//2240 1497//2240 1483//2240
f 1485//2241 1498//2241 1484//2241
f 1486//2242 1499//2242 1485//2242
f 1487//2243 1500//2243 1486//2243
f 1488//2244 1501//2244 1487//2244
f 1489//2245 1502//2245 1488//2245
f 1490//2246 1503//2246 1489//2246
f 1491//2247 1504//2247 1490//2247
f 1492//2248 1505//2248 1491//2248
f 1493//2249 1506//2249 1492//2249
f 1480//2250 1507//2250 1493//2250
f 1495//2251 1508//2251 1494//2251
f 1496//2252 1509//2252 1495//2252
f 1497//2253 1510//2253 1496//2253
f 1498//2254 1511//2254 1497//2254
f 1499//2255 1512//2255 1498//2255
f 1500//2256 1513//2256 1499//2256
f 1501//2257 1514//2257 1500//2257
f 1502//2258 1515//2258 1501//2258
f 1503//2259 1516//2259 1502//2259
f 1504//2260 1517//2260 1503//2260
f 1505//2261 1518//2261 1504//2261
f 1506//2262 1519//2262 1505//2262
f 1507//2263 1520//2263 1506//2263
f 1494//2264 1521//2264 1507//2264
f 1508//2265 1509//2265 1522//2265
f 1509//2266 1510//2266 1522//2266
f 1510//2267 1511//2267 1522//2267
f 1511//2268 1512//2268 1522//2268
f 1512//2269 1513//2269 1522//2269
f 1513//2270 1514//2270 1522//2270
f 1514//2271 1515//2271 1522//2271
f 1515//2272 1516//2272 1522//2272
f 1516//2273 1517//2273 1522//2273
f 1517//2274 1518//2274 1522//2274
f 1518//2275 1519//2275 1522//2275
f 1519//2276 1520//2276 1522//2276
f 1520//2277 1521//2277 1522//2277
f 1521//2278 1508//2278 1522//2278
f 1537//2279 1524//2279 1523//2279
f 1524//2280 1539//2280 1525//2280
f 1525//2281 1540//2281 1526//2281
f 1540//2282 1527//2282 1526//2282
f 1541//2283 1528//2283 1527//2283
f 1542//2284 1529//2284 1528//2284
f 1543//2285 1530//2285 1529//2285
f 1544//2286 1531//2286 1530//2286
f 1531//2287 1546//2287 1532//2287
f 1532//2288 1547//2288 1533//2288
f 1547//2289 1534//2289 1533//2289
f 1548//2290 1535//2290 1534//2290
f 1549//2291 1536//2291 1535//2291
f 1550//2292 1523//2292 1536//2292
f 1551//2293 1538//2293 1537//2293
f 1552//2294 1539//2294 1538//2294
f 1553//2295 1540//2295 1539//2295
f 1554//2296 1541//2296 1540//2296
f 1541//2297 1556//2297 1542//2297
f 1556//2298 1543//2298 1542//2298
f 1557//2299 1544//2299 1543//2299
f 1558//2300 1545//2300 1544//2300
f 1559//2301 1546//2301 1545//2301
f 1560//2302 1547//2302 1546//2302
f 1561//2303 1548//2303 1547//2303
f 1548//2304 1563//2304 1549//2304
f 1563//2305 1550//2305 1549//2305
f 1564//2306 1537//2306 1550//2306
f 1551//2307 1566//2307 1552//2307
f 1566//2308 1553//2308 1552//2308
f 1567//2309 1554//2309 1553//2309
f 1554//2310 1569//2310 1555//2310
f 1569//2311 1556//2311 1555//2311
f 1570//2312 1557//2312 1556//2312
f 1571//2313 1558//2313 1557//2313
f 1558//2314 1573//2314 1559//2314
f 1573//2315 1560//2315 1559//2315
f 1574//2316 1561//2316 1560//2316
f 1561//2317 1576//2317 1562//2317
f 1576//2318 1563//2318 1562//2318
f 1577//2319 1564//2319 1563//2319
f 1578//2320 1551//2320 1564//2320
f 1579//2321 1566//2321 1565//2321
f 1580//2322 1567//2322 1566//2322
f 1581//2323 1568//2323 1567//2323
f 1582//2324 1569//2324 1568//2324
f 1583//2325 1570//2325 1569//2325
f 1570//2326 1585//2326 1571//2326
f 1585//2327 1572//2327 1571//2327
f 1586//2328 1573//2328 1572//2328
f 1587//2329 1574//2329 1573//2329
f 1588//2330 1575//2330 1574//2330
f 1589//2331 1576//2331 1575//2331
f 1590//2332 1577//2332 1576//2332
f 1577//2333 1592//2333 1578//2333
f 1592//2334 1565//2334 1578//2334
f 1579//2335 1593//2335 1580//2335
f 1580//2336 1593//2336 1581//2336
f 1581//2337 1593//2337 1582//2337
f 1582//2338 1593//2338 1583//2338
f 1583//2339 1593//2339 1584//2339
f 1584//2340 1593//2340 1585//2340
f 1585//2341 1593//2341 1586//2341
f 1586//2342 1593//2342 1587//2342
f 1587//2343 1593//2343 1588//2343
f 1588//2344 1593//2344 1589//2344
f 1589//2345 1593//2345 1590//2345
f 1590//2346 1593//2346 1591//2346
f 1591//2347 1593//2347 1592//2347
f 1592//2348 1593//2348 1579//2348
f 1452//2349 1524//2349 1453//2349
f 1453//2350 1525//2350 1454//2350
f 1455//2351 1525//2351 1526//2351
f 1455//2352 1527//2352 1456//2352
f 1457//2353 1527//2353 1528//2353
f 1458//2354 1528//2354 1529//2354
f 1458//2355 1530//2355 1459//2355
f 1459//2356 1531//2356 1460//2356
f 1460//2357 1532//2357 1461//2357
f 1462//2358 1532//2358 1533//2358
f 1462//2359 1534//2359 1463//2359
f 1464//2360 1534//2360 1535//2360
f 1465//2361 1535//2361 1536//2361
f 1465//2362 1523//2362 1452//2362
f 1594//2363 1609//2363 1595//2363
f 1595//2364 1610//2364 1596//2364
f 1610//2365 1597//2365 1596//2365
f 1611//2366 1598//2366 1597//2366
f 1598//2367 1613//2367 1599//2367
f 1599//2368 1614//2368 1600//2368
f 1600//2369 1615//2369 1601//2369
f 1615//2370 1602//2370 1601//2370
f 1616//2371 1603//2371 1602//2371
f 1617//2372 1604//2372 1603//2372
f 1618//2373 1605//2373 1604//2373
f 1605//2374 1620//2374 1606//2374
f 1620//2375 1607//2375 1606//2375
f 1621//2376 1594//2376 1607//2376
f 1622//2377 1609//2377 1608//2377
f 1623//2378 1610//2378 1609//2378
f 1624//2379 1611//2379 1610//2379
f 1625//2380 1612//2380 1611//2380
f 1626//2381 1613//2381 1612//2381
f 1627//2382 1614//2382 1613//2382
f 1628//2383 1615//2383 1614//2383
f 1615//2384 1630//2384 1616//2384
f 1630//2385 1617//2385 1616//2385
f 1631//2386 1618//2386 1617//2386
f 1632//2387 1619//2387 1618//2387
f 1619//2388 1634//2388 1620//2388
f 1620//2389 1635//2389 1621//2389
f 1635//2390 1608//2390 1621//2390
f 1636//2391 1623//2391 1622//2391
f 1637//2392 1624//2392 1623//2392
f 1624//2393 1639//2393 1625//2393
f 1639//2394 1626//2394 1625//2394
f 1626//2395 1641//2395 1627//2395
f 1641//2396 1628//2396 1627//2396
f 1642//2397 1629//2397 1628//2397
f 1629//2398 1644//2398 1630//2398
f 1644//2399 1631//2399 1630//2399
f 1645//2400 1632//2400 1631//2400
f 1646//2401 1633//2401 1632//2401
f 1647//2402 1634//2402 1633//2402
f 1634//2403 1649//2403 1635//2403
f 1635//2404 1636//2404 1622//2404
f 1636//2405 1651//2405 1637//2405
f 1637//2406 1652//2406 1638//2406
f 1638//2407 1653//2407 1639//2407
f 1653//2408 1640//2408 1639//2408
f 1640//2409 1655//2409 1641//2409
f 1641//2410 1656//2410 1642//2410
f 1656//2411 1643//2411 1642//2411
f 1643//2412 1658//2412 1644//2412
f 1658//2413 1645//2413 1644//2413
f 1659//2414 1646//2414 1645//2414
f 1660//2415 1647//2415 1646//2415
f 1661//2416 1648//2416 1647//2416
f 1662//2417 1649//2417 1648//2417
f 1649//2418 1650//2418 1636//2418
f 1650//2419 1664//2419 1651//2419
f 1651//2420 1664//2420 1652//2420
f 1652//2421 1664//2421 1653//2421
f 1653//2422 1664//2422 1654//2422
f 1654//2423 1664//2423 1655//2423
f 1655//2424 1664//2424 1656//2424
f 1656//2425 1664//2425 1657//2425
f 1657//2426 1664//2426 1658//2426
f 1658//2427 1664//2427 1659//2427
f 1659//2428 1664//2428 1660//2428
f 1660//2429 1664//2429 1661//2429
f 1661//2430 1664//2430 1662//2430
f 1662//2431 1664//2431 1663//2431
f 1663//2432 1664//2432 1650//2432
f 1665//2433 1680//2433 1679//2433
f 1666//2434 1681//2434 1680//2434
f 1668//2435 1681//2435 1667//2435
f 1668//2436 1683//2436 1682//2436
f 1669//2437 1684//2437 1683//2437
f 1670//2438 1685//2438 1684//2438
f 1672//2439 1685//2439 1671//2439
f 1672//2440 1687//2440 1686//2440
f 1674//2441 1687//2441 1673//2441
f 1675//2442 1688//2442 1674//2442
f 1676//2443 1689//2443 1675//2443
f 1676//2444 1691//2444 1690//2444
f 1677//2445 1692//2445 1691//2445
f 1665//2446 1692//2446 1678//2446
f 1680//2447 1693//2447 1679//2447
f 1680//2448 1695//2448 1694//2448
f 1682//2449 1695//2449 1681//2449
f 1683//2450 1696//2450 1682//2450
f 1684//2451 1697//2451 1683//2451
f 1684//2452 1699//2452 1698//2452
f 1686//2453 1699//2453 1685//2453
f 1687//2454 1700//2454 1686//2454
f 1688//2455 1701//2455 1687//2455
f 1688//2456 1703//2456 1702//2456
f 1689//2457 1704//2457 1703//2457
f 1691//2458 1704//2458 1690//2458
f 1691//2459 1706//2459 1705//2459
f 1679//2460 1706//2460 1692//2460
f 1694//2461 1707//2461 1693//2461
f 1694//2462 1709//2462 1708//2462
f 1696//2463 1709//2463 1695//2463
f 1696//2464 1711//2464 1710//2464
f 1698//2465 1711//2465 1697//2465
f 1699//2466 1712//2466 1698//2466
f 1700//2467 1713//2467 1699//2467
f 1700//2468 1715//2468 1714//2468
f 1701//2469 1716//2469 1715//2469
f 1702//2470 1717//2470 1716//2470
f 1704//2471 1717//2471 1703//2471
f 1704//2472 1719//2472 1718//2472
f 1706//2473 1719//2473 1705//2473
f 1706//2474 1707//2474 1720//2474
f 1708//2475 1721//2475 1707//2475
f 1708//2476 1723//2476 1722//2476
f 1709//2477 1724//2477 1723//2477
f 1711//2478 1724//2478 1710//2478
f 1712//2479 1725//2479 1711//2479
f 1713//2480 1726//2480 1712//2480
f 1713//2481 1728//2481 1727//2481
f 1715//2482 1728//2482 1714//2482
f 1715//2483 1730//2483 1729//2483
f 1716//2484 1731//2484 1730//2484
f 1717//2485 1732//2485 1731//2485
f 1719//2486 1732//2486 1718//2486
f 1720//2487 1733//2487 1719//2487
f 1720//2488 1721//2488 1734//2488
f 1721//2489 1722//2489 1735//2489
f 1722//2490 1723//2490 1735//2490
f 1723//2491 1724//2491 1735//2491
f 1724//2492 1725//2492 1735//2492
f 1725//2493 1726//2493 1735//2493
f 1726//2494 1727//2494 1735//2494
f 1727//2495 1728//2495 1735//2495
f 1728//2496 1729//2496 1735//2496
f 1729//2497 1730//2497 1735//2497
f 1730//2498 1731//2498 1735//2498
f 1731//2499 1732//2499 1735//2499
f 1732//2500 1733//2500 1735//2500
f 1733//2501 1734//2501 1735//2501
f 1734//2502 1721//2502 1735//2502
f 1666//2503 1594//2503 1595//2503
f 1667//2504 1595//2504 1596//2504
f 1668//2505 1596//2505 1597//2505
f 1669//2506 1597//2506 1598//2506
f 1670//2507 1598//2507 1599//2507
f 1671//2508 1599//2508 1600//2508
f 1601//2509 1671//2509 1600//2509
f 1673//2510 1601//2510 1602//2510
f 1674//2511 1602//2511 1603//2511
f 1604//2512 1674//2512 1603//2512
f 1605//2513 1675//2513 1604//2513
f 1606//2514 1676//2514 1605//2514
f 1607//2515 1677//2515 1606//2515
f 1594//2516 1678//2516 1607//2516
f 1453//2209 1467//2209 1466//2209
f 1453//2210 1454//2210 1468//2210
f 1455//2211 1469//2211 1468//2211
f 1456//2212 1470//2212 1469//2212
f 1457//2213 1471//2213 1470//2213
f 1458//2214 1472//2214 1471//2214
f 1459//2215 1473//2215 1472//2215
f 1460//2216 1474//2216 1473//2216
f 1460//2217 1461//2217 1475//2217
f 1462//2218 1476//2218 1475//2218
f 1463//2219 1477//2219 1476//2219
f 1464//2220 1478//2220 1477//2220
f 1465//2221 1479//2221 1478//2221
f 1452//2222 1466//2222 1479//2222
f 1466//2223 1467//2223 1481//2223
f 1467//2224 1468//2224 1482//2224
f 1469//2225 1483//2225 1482//2225
f 1469//2226 1470//2226 1484//2226
f 1471//2227 1485//2227 1484//2227
f 1472//2228 1486//2228 1485//2228
f 1473//2229 1487//2229 1486//2229
f 1473//2230 1474//2230 1488//2230
f 1474//2231 1475//2231 1489//2231
f 1476//2232 1490//2232 1489//2232
f 1476//2233 1477//2233 1491//2233
f 1478//2234 1492//2234 1491//2234
f 1479//2235 1493//2235 1492//2235
f 1466//2236 1480//2236 1493//2236
f 1481//2237 1495//2237 1494//2237
f 1482//2238 1496//2238 1495//2238
f 1483//2239 1497//2239 1496//2239
f 1484//2240 1498//2240 1497//2240
f 1485//2241 1499//2241 1498//2241
f 1486//2242 1500//2242 1499//2242
f 1487//2243 1501//2243 1500//2243
f 1488//2244 1502//2244 1501//2244
f 1489//2245 1503//2245 1502//2245
f 1490//2246 1504//2246 1503//2246
f 1491//2247 1505//2247 1504//2247
f 1492//2248 1506//2248 1505//2248
f 1493//2249 1507//2249 1506//2249
f 1480//2250 1494//2250 1507//2250
f 1495//2251 1509//2251 1508//2251
f 1496//2252 1510//2252 1509//2252
f 1497//2253 1511//2253 1510//2253
f 1498//2254 1512//2254 1511//2254
f 1499//2255 1513//2255 1512//2255
f 1500//2256 1514//2256 1513//2256
f 1501//2257 1515//2257 1514//2257
f 1502//2258 1516//2258 1515//2258
f 1503//2259 1517//2259 1516//2259
f 1504//2260 1518//2260 1517//2260
f 1505//2261 1519//2261 1518//2261
f 1506//2262 1520//2262 1519//2262
f 1507//2263 1521//2263 1520//2263
f 1494//2264 1508//2264 1521//2264
f 1537//2279 1538//2279 1524//2279
f 1524//2280 1538//2280 1539//2280
f 1525//2281 1539//2281 1540//2281
f 1540//2282 1541//2282 1527//2282
f 1541//2283 1542//2283 1528//2283
f 1542//2284 1543//2284 1529//2284
f 1543//2285 1544//2285 1530//2285
f 1544//2286 1545//2286 1531//2286
f 1531//2287 1545//2287 1546//2287
f 1532//2288 1546//2288 1547//2288
f 1547//2289 1548//2289 1534//2289
f 1548//2290 1549//2290 1535//2290
f 1549//2291 1550//2291 1536//2291
f 1550//2292 1537//2292 1523//2292
f 1551//2293 1552//2293 1538//2293
f 1552//2294 1553//2294 1539//2294
f 1553//2295 1554//2295 1540//2295
f 1554//2296 1555//2296 1541//2296
f 1541//2297 1555//2297 1556//2297
f 1556//2298 1557//2298 1543//2298
f 1557//2299 1558//2299 1544//2299
f 1558//2300 1559//2300 1545//2300
f 1559//2301 1560//2301 1546//2301
f 1560//2302 1561//2302 1547//2302
f 1561//2303 1562//2303 1548//2303
f 1548//2304 1562//2304 1563//2304
f 1563//2305 1564//2305 1550//2305
f 1564//2306 1551//2306 1537//2306
f 1551//2307 1565//2307 1566//2307
f 1566//2308 1567//2308 1553//2308
f 1567//2309 1568//2309 1554//2309
f 1554//2310 1568//2310 1569//2310
f 1569//2311 1570//2311 1556//2311
f 1570//2312 1571//2312 1557//2312
f 1571//2313 1572//2313 1558//2313
f 1558//2314 1572//2314 1573//2314
f 1573//2315 1574//2315 1560//2315
f 1574//2316 1575//2316 1561//2316
f 1561//2317 1575//2317 1576//2317
f 1576//2318 1577//2318 1563//2318
f 1577//2319 1578//2319 1564//2319
f 1578//2320 1565//2320 1551//2320
f 1579//2321 1580//2321 1566//2321
f 1580//2322 1581//2322 1567//2322
f 1581//2323 1582//2323 1568//2323
f 1582//2324 1583//2324 1569//2324
f 1583//2325 1584//2325 1570//2325
f 1570//2326 1584//2326 1585//2326
f 1585//2327 1586//2327 1572//2327
f 1586//2328 1587//2328 1573//2328
f 1587//2329 1588//2329 1574//2329
f 1588//2330 1589//2330 1575//2330
f 1589//2331 1590//2331 1576//2331
f 1590//2332 1591//2332 1577//2332
f 1577//2333 1591//2333 1592//2333
f 1592//2334 1579//2334 1565//2334
f 1452//2349 1523//2349 1524//2349
f 1453//2350 1524//2350 1525//2350
f 1455//2351 1454//2351 1525//2351
f 1455//2352 1526//2352 1527//2352
f 1457//2353 1456//2353 1527//2353
f 1458//2354 1457//2354 1528//2354
f 1458//2355 1529//2355 1530//2355
f 1459//2356 1530//2356 1531//2356
f 1460//2357 1531//2357 1532//2357
f 1462//2358 1461//2358 1532//2358
f 1462//2359 1533//2359 1534//2359
f 1464//2360 1463//2360 1534//2360
f 1465//2361 1464//2361 1535//2361
f 1465//2362 1536//2362 1523//2362
f 1594//2363 1608//2363 1609//2363
f 1595//2364 1609//2364 1610//2364
f 1610//2365 1611//2365 1597//2365
f 1611//2366 1612//2366 1598//2366
f 1598//2367 1612//2367 1613//2367
f 1599//2368 1613//2368 1614//2368
f 1600//2369 1614//2369 1615//2369
f 1615//2370 1616//2370 1602//2370
f 1616//2371 1617//2371 1603//2371
f 1617//2372 1618//2372 1604//2372
f 1618//2373 1619//2373 1605//2373
f 1605//2374 1619//2374 1620//2374
f 1620//2375 1621//2375 1607//2375
f 1621//2376 1608//2376 1594//2376
f 1622//2377 1623//2377 1609//2377
f 1623//2378 1624//2378 1610//2378
f 1624//2379 1625//2379 1611//2379
f 1625//2380 1626//2380 1612//2380
f 1626//2381 1627//2381 1613//2381
f 1627//2382 1628//2382 1614//2382
f 1628//2383 1629//2383 1615//2383
f 1615//2384 1629//2384 1630//2384
f 1630//2385 1631//2385 1617//2385
f 1631//2386 1632//2386 1618//2386
f 1632//2387 1633//2387 1619//2387
f 1619//2388 1633//2388 1634//2388
f 1620//2389 1634//2389 1635//2389
f 1635//2390 1622//2390 1608//2390
f 1636//2391 1637//2391 1623//2391
f 1637//2392 1638//2392 1624//2392
f 1624//2393 1638//2393 1639//2393
f 1639//2394 1640//2394 1626//2394
f 1626//2395 1640//2395 1641//2395
f 1641//2396 1642//2396 1628//2396
f 1642//2397 1643//2397 1629//2397
f 1629//2398 1643//2398 1644//2398
f 1644//2399 1645//2399 1631//2399
f 1645//2400 1646//2400 1632//2400
f 1646//2401 1647//2401 1633//2401
f 1647//2402 1648//2402 1634//2402
f 1634//2403 1648//2403 1649//2403
f 1635//2404 1649//2404 1636//2404
f 1636//2405 1650//2405 1651//2405
f 1637//2406 1651//2406 1652//2406
f 1638//2407 1652//2407 1653//2407
f 1653//2408 1654//2408 1640//2408
f 1640//2409 1654//2409 1655//2409
f 1641//2410 1655//2410 1656//2410
f 1656//2411 1657//2411 1643//2411
f 1643//2412 1657//2412 1658//2412
f 1658//2413 1659//2413 1645//2413
f 1659//2414 1660//2414 1646//2414
f 1660//2415 1661//2415 1647//2415
f 1661//2416 1662//2416 1648//2416
f 1662//2417 1663//2417 1649//2417
f 1649//2418 1663//2418 1650//2418
f 1665//2433 1666//2433 1680//2433
f 1666//2434 1667//2434 1681//2434
f 1668//2435 1682//2435 1681//2435
f 1668//2436 1669//2436 1683//2436
f 1669//2437 1670//2437 1684//2437
f 1670//2438 1671//2438 1685//2438
f 1672//2439 1686//2439 1685//2439
f 1672//2440 1673//2440 1687//2440
f 1674//2441 1688//2441 1687//2441
f 1675//2442 1689//2442 1688//2442
f 1676//2443 1690//2443 1689//2443
f 1676//2444 1677//2444 1691//2444
f 1677//2445 1678//2445 1692//2445
f 1665//2446 1679//2446 1692//2446
f 1680//2517 1694//2517 1693//2517
f 1680//2448 1681//2448 1695//2448
f 1682//2449 1696//2449 1695//2449
f 1683//2450 1697//2450 1696//2450
f 1684//2451 1698//2451 1697//2451
f 1684//2452 1685//2452 1699//2452
f 1686//2518 1700//2518 1699//2518
f 1687//2454 1701//2454 1700//2454
f 1688//2455 1702//2455 1701//2455
f 1688//2456 1689//2456 1703//2456
f 1689//2457 1690//2457 1704//2457
f 1691//2458 1705//2458 1704//2458
f 1691//2459 1692//2459 1706//2459
f 1679//2519 1693//2519 1706//2519
f 1694//2461 1708//2461 1707//2461
f 1694//2462 1695//2462 1709//2462
f 1696//2463 1710//2463 1709//2463
f 1696//2464 1697//2464 1711//2464
f 1698//2465 1712//2465 1711//2465
f 1699//2466 1713//2466 1712//2466
f 1700//2467 1714//2467 1713//2467
f 1700//2468 1701//2468 1715//2468
f 1701//2469 1702//2469 1716//2469
f 1702//2470 1703//2470 1717//2470
f 1704//2471 1718//2471 1717//2471
f 1704//2472 1705//2472 1719//2472
f 1706//2473 1720//2473 1719//2473
f 1706//2474 1693//2474 1707//2474
f 1708//2475 1722//2475 1721//2475
f 1708//2476 1709//2476 1723//2476
f 1709//2477 1710//2477 1724//2477
f 1711//2478 1725//2478 1724//2478
f 1712//2479 1726//2479 1725//2479
f 1713//2480 1727//2480 1726//2480
f 1713//2481 1714//2481 1728//2481
f 1715//2482 1729//2482 1728//2482
f 1715//2483 1716//2483 1730//2483
f 1716//2484 1717//2484 1731//2484
f 1717//2485 1718//2485 1732//2485
f 1719//2486 1733//2486 1732//2486
f 1720//2487 1734//2487 1733//2487
f 1720//2488 1707//2488 1721//2488
f 1666//2503 1665//2503 1594//2503
f 1667//2504 1666//2504 1595//2504
f 1668//2505 1667//2505 1596//2505
f 1669//2506 1668//2506 1597//2506
f 1670//2507 1669//2507 1598//2507
f 1671//2508 1670//2508 1599//2508
f 1601//2509 1672//2509 1671//2509
f 1673//2510 1672//2510 1601//2510
f 1674//2511 1673//2511 1602//2511
f 1604//2512 1675//2512 1674//2512
f 1605//2513 1676//2513 1675//2513
f 1606//2514 1677//2514 1676//2514
f 1607//2515 1678//2515 1677//2515
f 1594//2516 1665//2516 1678//2516
g F_Pauldron2.001_F_Pauldron2.001
v 1.041369 0.237742 0.000000
v 1.021427 0.269655 -0.164876
v 0.965552 0.359075 -0.297096
v 0.884809 0.488291 -0.370473
v 0.795191 0.631709 -0.370473
v 0.714448 0.760925 -0.297096
v 0.658573 0.850345 -0.164876
v 0.638631 0.882258 -0.000000
v 0.658573 0.850345 0.164876
v 0.714448 0.760925 0.297096
v 0.795191 0.631709 0.370473
v 0.884809 0.488291 0.370473
v 0.965552 0.359075 0.297096
v 1.021427 0.269655 0.164876
v 1.083926 0.286265 0.000000
v 1.064960 0.316617 -0.156806
v 1.011819 0.401660 -0.282555
v 0.935028 0.524551 -0.352340
v 0.849796 0.660950 -0.352340
v 0.773005 0.783842 -0.282555
v 0.719864 0.868885 -0.156806
v 0.700899 0.899237 -0.000000
v 0.719864 0.868885 0.156806
v 0.773005 0.783842 0.282555
v 0.849796 0.660950 0.352340
v 0.935028 0.524551 0.352340
v 1.011819 0.401660 0.282555
v 1.064960 0.316617 0.156806
v 1.102605 0.361583 0.000000
v 1.086472 0.387402 -0.133387
v 1.041267 0.459744 -0.240356
v 0.975945 0.564282 -0.299719
v 0.903443 0.680310 -0.299719
v 0.838121 0.784847 -0.240356
v 0.792916 0.857190 -0.133387
v 0.776783 0.883008 -0.000000
v 0.792916 0.857190 0.133387
v 0.838121 0.784847 0.240356
v 0.903443 0.680310 0.299719
v 0.975945 0.564282 0.299719
v 1.041267 0.459744 0.240356
v 1.086472 0.387402 0.133387
v 1.095579 0.456324 0.000000
v 1.083857 0.475082 -0.096912
v 1.051014 0.527642 -0.174629
v 1.003555 0.603593 -0.217758
v 0.950879 0.687892 -0.217758
v 0.903420 0.763843 -0.174629
v 0.870577 0.816403 -0.096912
v 0.858855 0.835161 -0.000000
v 0.870577 0.816403 0.096912
v 0.903420 0.763843 0.174629
v 0.950879 0.687892 0.217758
v 1.003555 0.603593 0.217758
v 1.051014 0.527642 0.174629
v 1.083857 0.475082 0.096912
v 1.063535 0.561213 0.000000
v 1.057372 0.571075 -0.050949
v 1.040106 0.598707 -0.091808
v 1.015155 0.638637 -0.114482
v 0.987462 0.682956 -0.114482
v 0.962511 0.722886 -0.091808
v 0.945244 0.750518 -0.050949
v 0.939082 0.760380 -0.000000
v 0.945244 0.750518 0.050949
v 0.962511 0.722886 0.091808
v 0.987462 0.682956 0.114482
v 1.015155 0.638637 0.114482
v 1.040106 0.598707 0.091808
v 1.057372 0.571075 0.050949
v 1.009610 0.665984 0.000000
v 1.010587 0.264739 0.000000
v 0.992702 0.293360 -0.147864
v 0.942592 0.373554 -0.266442
v 0.870180 0.489437 -0.332248
v 0.789809 0.618058 -0.332248
v 0.717396 0.733941 -0.266442
v 0.667286 0.814135 -0.147864
v 0.649402 0.842756 -0.000000
v 0.667286 0.814135 0.147864
v 0.717396 0.733941 0.266442
v 0.789809 0.618058 0.332248
v 0.870180 0.489437 0.332248
v 0.942592 0.373554 0.266442
v 0.992702 0.293360 0.147864
v 1.047087 0.306286 0.000000
v 1.030037 0.333572 -0.140969
v 0.982263 0.410026 -0.254018
v 0.913227 0.520506 -0.316755
v 0.836604 0.643129 -0.316755
v 0.767568 0.753609 -0.254018
v 0.719794 0.830063 -0.140969
v 0.702744 0.857350 -0.000000
v 0.719794 0.830063 0.140969
v 0.767568 0.753609 0.254018
v 0.836604 0.643129 0.316755
v 0.913227 0.520506 0.316755
v 0.982263 0.410026 0.254018
v 1.030037 0.333572 0.140969
v 1.061924 0.365754 0.000000
v 1.047108 0.389466 -0.122499
v 1.005593 0.455903 -0.220736
v 0.945603 0.551907 -0.275253
v 0.879019 0.658463 -0.275253
v 0.819029 0.754468 -0.220736
v 0.777515 0.820904 -0.122499
v 0.762698 0.844616 -0.000000
v 0.777515 0.820904 0.122499
v 0.819029 0.754468 0.220736
v 0.879019 0.658463 0.275253
v 0.945603 0.551907 0.275253
v 1.005593 0.455903 0.220736
v 1.047108 0.389466 0.122499
v 1.055766 0.449464 0.000000
v 1.044846 0.466939 -0.090282
v 1.014250 0.515903 -0.162682
v 0.970037 0.586658 -0.202862
v 0.920965 0.665190 -0.202862
v 0.876752 0.735946 -0.162682
v 0.846156 0.784910 -0.090282
v 0.835236 0.802385 -0.000000
v 0.846156 0.784910 0.090282
v 0.876752 0.735946 0.162682
v 0.920965 0.665190 0.202862
v 0.970037 0.586658 0.202862
v 1.014250 0.515903 0.162682
v 1.044846 0.466939 0.090282
v 1.026101 0.546548 0.000000
v 1.020327 0.555788 -0.047739
v 1.004148 0.581679 -0.086022
v 0.980770 0.619093 -0.107268
v 0.954822 0.660619 -0.107268
v 0.931443 0.698032 -0.086022
v 0.915264 0.723923 -0.047739
v 0.909490 0.733164 -0.000000
v 0.915264 0.723923 0.047739
v 0.931443 0.698032 0.086022
v 0.954822 0.660619 0.107268
v 0.980770 0.619093 0.107268
v 1.004148 0.581679 0.086022
v 1.020327 0.555788 0.047739
v 0.975564 0.644710 -0.000000
v -1.041369 0.237742 0.000000
v -1.021428 0.269655 -0.164876
v -0.965552 0.359075 -0.297096
v -0.884809 0.488291 -0.370473
v -0.795191 0.631709 -0.370473
v -0.714449 0.760925 -0.297096
v -0.658573 0.850345 -0.164876
v -0.638631 0.882258 -0.000000
v -0.658573 0.850345 0.164876
v -0.714449 0.760925 0.297096
v -0.795191 0.631709 0.370473
v -0.884809 0.488291 0.370473
v -0.965552 0.359075 0.297096
v -1.021428 0.269655 0.164876
v -1.083926 0.286265 0.000000
v -1.064960 0.316617 -0.156806
v -1.011819 0.401660 -0.282555
v -0.935028 0.524551 -0.352340
v -0.849797 0.660950 -0.352340
v -0.773006 0.783842 -0.282555
v -0.719865 0.868885 -0.156806
v -0.700899 0.899237 -0.000000
v -0.719865 0.868885 0.156806
v -0.773006 0.783842 0.282555
v -0.849797 0.660950 0.352340
v -0.935028 0.524551 0.352340
v -1.011819 0.401660 0.282555
v -1.064960 0.316617 0.156806
v -1.102605 0.361583 0.000000
v -1.086472 0.387402 -0.133387
v -1.041268 0.459744 -0.240356
v -0.975945 0.564282 -0.299719
v -0.903443 0.680310 -0.299719
v -0.838121 0.784847 -0.240356
v -0.792916 0.857190 -0.133387
v -0.776783 0.883008 -0.000000
v -0.792916 0.857190 0.133387
v -0.838121 0.784847 0.240356
v -0.903443 0.680310 0.299719
v -0.975945 0.564282 0.299719
v -1.041268 0.459744 0.240356
v -1.086472 0.387402 0.133387
v -1.095579 0.456324 0.000000
v -1.083858 0.475082 -0.096912
v -1.051015 0.527642 -0.174629
v -1.003555 0.603593 -0.217758
v -0.950879 0.687892 -0.217758
v -0.903420 0.763843 -0.174629
v -0.870577 0.816403 -0.096912
v -0.858855 0.835161 -0.000000
v -0.870577 0.816403 0.096912
v -0.903420 0.763843 0.174629
v -0.950879 0.687892 0.217758
v -1.003555 0.603593 0.217758
v -1.051015 0.527642 0.174629
v -1.083858 0.475082 0.096912
v -1.063535 0.561213 0.000000
v -1.057373 0.571075 -0.050949
v -1.040106 0.598707 -0.091808
v -1.015155 0.638637 -0.114482
v -0.987462 0.682956 -0.114482
v -0.962511 0.722886 -0.091808
v -0.945244 0.750518 -0.050949
v -0.939082 0.760380 -0.000000
v -0.945244 0.750518 0.050949
v -0.962511 0.722886 0.091808
v -0.987462 0.682956 0.114482
v -1.015155 0.638637 0.114482
v -1.040106 0.598707 0.091808
v -1.057373 0.571075 0.050949
v -1.009610 0.665984 0.000000
v -1.010587 0.264739 0.000000
v -0.992703 0.293360 -0.147864
v -0.942592 0.373554 -0.266442
v -0.870180 0.489437 -0.332248
v -0.789809 0.618058 -0.332248
v -0.717397 0.733942 -0.266442
v -0.667286 0.814135 -0.147864
v -0.649402 0.842756 -0.000000
v -0.667286 0.814135 0.147864
v -0.717397 0.733942 0.266442
v -0.789809 0.618058 0.332248
v -0.870180 0.489437 0.332248
v -0.942592 0.373554 0.266442
v -0.992703 0.293360 0.147864
v -1.047087 0.306286 0.000000
v -1.030037 0.333572 -0.140969
v -0.982263 0.410026 -0.254018
v -0.913227 0.520506 -0.316755
v -0.836604 0.643129 -0.316755
v -0.767569 0.753609 -0.254018
v -0.719795 0.830063 -0.140969
v -0.702744 0.857350 -0.000000
v -0.719795 0.830063 0.140969
v -0.767569 0.753609 0.254018
v -0.836604 0.643129 0.316755
v -0.913227 0.520506 0.316755
v -0.982263 0.410026 0.254018
v -1.030037 0.333572 0.140969
v -1.061924 0.365754 0.000000
v -1.047108 0.389465 -0.122499
v -1.005594 0.455902 -0.220736
v -0.945603 0.551907 -0.275253
v -0.879019 0.658463 -0.275253
v -0.819029 0.754468 -0.220736
v -0.777515 0.820904 -0.122499
v -0.762699 0.844616 -0.000000
v -0.777515 0.820904 0.122499
v -0.819029 0.754468 0.220736
v -0.879019 0.658463 0.275253
v -0.945603 0.551907 0.275253
v -1.005594 0.455902 0.220736
v -1.047108 0.389465 0.122499
v -1.055766 0.449463 0.000000
v -1.044847 0.466939 -0.090282
v -1.014250 0.515903 -0.162682
v -0.970037 0.586658 -0.202862
v -0.920965 0.665190 -0.202862
v -0.876752 0.735946 -0.162682
v -0.846156 0.784910 -0.090282
v -0.835236 0.802385 -0.000000
v -0.846156 0.784910 0.090282
v -0.876752 0.735946 0.162682
v -0.920965 0.665190 0.202862
v -0.970037 0.586658 0.202862
v -1.014250 0.515903 0.162682
v -1.044847 0.466939 0.090282
v -1.026101 0.546548 0.000000
v -1.020327 0.555788 -0.047739
v -1.004149 0.581679 -0.086022
v -0.980770 0.619093 -0.107268
v -0.954822 0.660619 -0.107268
v -0.931443 0.698032 -0.086022
v -0.915265 0.723923 -0.047739
v -0.909491 0.733164 -0.000000
v -0.915265 0.723923 0.047739
v -0.931443 0.698032 0.086022
v -0.954822 0.660619 0.107268
v -0.980770 0.619093 0.107268
v -1.004149 0.581679 0.086022
v -1.020327 0.555788 0.047739
v -0.975564 0.644710 -0.000000
vn 0.7345 -0.6442 -0.2135
vn 0.6363 -0.4870 -0.5983
vn 0.4594 -0.2039 -0.8645
vn 0.2387 0.1492 -0.9596
vn 0.0181 0.5023 -0.8645
vn -0.1588 0.7854 -0.5983
vn -0.2570 0.9425 -0.2135
vn -0.2570 0.9425 0.2135
vn -0.1588 0.7854 0.5983
vn 0.0181 0.5023 0.8645
vn 0.2387 0.1492 0.9596
vn 0.4594 -0.2039 0.8645
vn 0.6363 -0.4870 0.5983
vn 0.7345 -0.6442 0.2135
vn 0.9578 -0.2375 -0.1618
vn 0.8834 -0.1185 -0.4534
vn 0.7493 0.0961 -0.6552
vn 0.5821 0.3637 -0.7272
vn 0.4149 0.6313 -0.6552
vn 0.2808 0.8459 -0.4534
vn 0.2064 0.9650 -0.1618
vn 0.2064 0.9650 0.1618
vn 0.2808 0.8459 0.4534
vn 0.4149 0.6313 0.6552
vn 0.5821 0.3637 0.7272
vn 0.7493 0.0961 0.6552
vn 0.8834 -0.1185 0.4534
vn 0.9578 -0.2375 0.1618
vn 0.9917 0.0735 -0.1057
vn 0.9431 0.1513 -0.2962
vn 0.8555 0.2915 -0.4280
vn 0.7462 0.4663 -0.4750
vn 0.6370 0.6411 -0.4280
vn 0.5494 0.7813 -0.2962
vn 0.5008 0.8591 -0.1057
vn 0.5008 0.8591 0.1057
vn 0.5494 0.7813 0.2962
vn 0.6370 0.6411 0.4280
vn 0.7462 0.4663 0.4750
vn 0.8555 0.2915 0.4280
vn 0.9431 0.1513 0.2962
vn 0.9917 0.0735 0.1057
vn 0.9547 0.2917 -0.0590
vn 0.9276 0.3351 -0.1654
vn 0.8787 0.4134 -0.2390
vn 0.8177 0.5109 -0.2652
vn 0.7567 0.6085 -0.2390
vn 0.7078 0.6868 -0.1654
vn 0.6807 0.7302 -0.0590
vn 0.6807 0.7302 0.0590
vn 0.7078 0.6868 0.1654
vn 0.7567 0.6085 0.2390
vn 0.8177 0.5109 0.2652
vn 0.8787 0.4134 0.2390
vn 0.9276 0.3351 0.1654
vn 0.9547 0.2917 0.0590
vn 0.8890 0.4576 -0.0190
vn 0.8803 0.4715 -0.0531
vn 0.8646 0.4966 -0.0768
vn 0.8450 0.5280 -0.0852
vn 0.8254 0.5593 -0.0768
vn 0.8097 0.5845 -0.0531
vn 0.8010 0.5984 -0.0190
vn 0.8010 0.5984 0.0190
vn 0.8097 0.5845 0.0531
vn 0.8254 0.5593 0.0768
vn 0.8450 0.5280 0.0852
vn 0.8646 0.4966 0.0768
vn 0.8803 0.4715 0.0531
vn 0.8890 0.4576 0.0190
vn -0.7339 0.6448 0.2136
vn -0.6357 0.4876 0.5984
vn -0.4587 0.2044 0.8647
vn -0.2381 -0.1488 0.9598
vn -0.0174 -0.5019 0.8647
vn 0.1596 -0.7851 0.5984
vn 0.2578 -0.9423 0.2136
vn 0.2578 -0.9423 -0.2136
vn 0.1596 -0.7851 -0.5984
vn -0.0174 -0.5019 -0.8647
vn -0.2381 -0.1488 -0.9598
vn -0.4587 0.2044 -0.8647
vn -0.6357 0.4876 -0.5984
vn -0.7339 0.6448 -0.2136
vn -0.9574 0.2389 0.1620
vn -0.8829 0.1196 0.4540
vn -0.7487 -0.0952 0.6561
vn -0.5812 -0.3632 0.7282
vn -0.4138 -0.6311 0.6561
vn -0.2795 -0.8460 0.4540
vn -0.2050 -0.9653 0.1620
vn -0.2050 -0.9653 -0.1620
vn -0.2795 -0.8460 -0.4540
vn -0.4138 -0.6311 -0.6561
vn -0.5812 -0.3632 -0.7282
vn -0.7487 -0.0952 -0.6561
vn -0.8829 0.1196 -0.4540
vn -0.9574 0.2389 -0.1620
vn -0.9917 -0.0730 0.1058
vn -0.9430 -0.1508 0.2965
vn -0.8554 -0.2912 0.4285
vn -0.7460 -0.4662 0.4756
vn -0.6367 -0.6411 0.4285
vn -0.5490 -0.7815 0.2965
vn -0.5003 -0.8594 0.1058
vn -0.5003 -0.8594 -0.1058
vn -0.5490 -0.7815 -0.2965
vn -0.6367 -0.6411 -0.4285
vn -0.7460 -0.4662 -0.4756
vn -0.8554 -0.2912 -0.4285
vn -0.9430 -0.1508 -0.2965
vn -0.9917 -0.0730 -0.1058
vn -0.9547 -0.2917 0.0590
vn -0.9276 -0.3351 0.1653
vn -0.8787 -0.4134 0.2389
vn -0.8177 -0.5109 0.2652
vn -0.7567 -0.6085 0.2389
vn -0.7078 -0.6868 0.1653
vn -0.6807 -0.7302 0.0590
vn -0.6807 -0.7302 -0.0590
vn -0.7078 -0.6868 -0.1653
vn -0.7567 -0.6085 -0.2389
vn -0.8177 -0.5109 -0.2652
vn -0.8787 -0.4134 -0.2389
vn -0.9276 -0.3351 -0.1653
vn -0.9547 -0.2917 -0.0590
vn -0.8889 -0.4577 0.0189
vn -0.8802 -0.4716 0.0530
vn -0.8645 -0.4967 0.0767
vn -0.8450 -0.5280 0.0851
vn -0.8254 -0.5593 0.0767
vn -0.8097 -0.5844 0.0530
vn -0.8010 -0.5983 0.0189
vn -0.8010 -0.5983 -0.0189
vn -0.8097 -0.5844 -0.0530
vn -0.8254 -0.5593 -0.0767
vn -0.8450 -0.5280 -0.0851
vn -0.8645 -0.4967 -0.0767
vn -0.8802 -0.4716 -0.0530
vn -0.8889 -0.4577 -0.0189
vn -0.6579 -0.7502 -0.0656
vn -0.6881 -0.7019 -0.1839
vn -0.7425 -0.6149 -0.2657
vn -0.8103 -0.5063 -0.2949
vn -0.8781 -0.3978 -0.2657
vn -0.9325 -0.3108 -0.1839
vn -0.9627 -0.2625 -0.0656
vn -0.9627 -0.2625 0.0656
vn -0.9325 -0.3108 0.1839
vn -0.8781 -0.3978 0.2657
vn -0.8103 -0.5063 0.2949
vn -0.7425 -0.6149 0.2657
vn -0.6881 -0.7019 0.1839
vn -0.6579 -0.7502 0.0656
vn -0.7345 -0.6442 -0.2135
vn -0.6363 -0.4870 -0.5983
vn -0.4594 -0.2039 -0.8645
vn -0.2387 0.1492 -0.9596
vn -0.0181 0.5023 -0.8645
vn 0.1588 0.7854 -0.5983
vn 0.2570 0.9425 -0.2135
vn 0.2570 0.9425 0.2135
vn 0.1588 0.7854 0.5983
vn -0.0181 0.5023 0.8645
vn -0.2387 0.1492 0.9596
vn -0.4594 -0.2039 0.8645
vn -0.6363 -0.4870 0.5983
vn -0.7345 -0.6442 0.2135
vn -0.9578 -0.2375 -0.1618
vn -0.8834 -0.1185 -0.4534
vn -0.7493 0.0961 -0.6552
vn -0.5821 0.3637 -0.7272
vn -0.4149 0.6313 -0.6552
vn -0.2808 0.8459 -0.4534
vn -0.2064 0.9650 -0.1618
vn -0.2064 0.9650 0.1618
vn -0.2808 0.8459 0.4534
vn -0.4149 0.6313 0.6552
vn -0.5821 0.3637 0.7272
vn -0.7493 0.0961 0.6552
vn -0.8834 -0.1184 0.4534
vn -0.9578 -0.2375 0.1618
vn -0.9917 0.0735 -0.1057
vn -0.9431 0.1513 -0.2962
vn -0.8555 0.2915 -0.4280
vn -0.7462 0.4663 -0.4750
vn -0.6370 0.6411 -0.4280
vn -0.5494 0.7813 -0.2962
vn -0.5008 0.8591 -0.1057
vn -0.5008 0.8591 0.1057
vn -0.5494 0.7813 0.2962
vn -0.6370 0.6411 0.4280
vn -0.7462 0.4663 0.4750
vn -0.8555 0.2915 0.4280
vn -0.9431 0.1513 0.2962
vn -0.9917 0.0735 0.1057
vn -0.9547 0.2917 -0.0590
vn -0.9276 0.3351 -0.1654
vn -0.8787 0.4134 -0.2390
vn -0.8177 0.5109 -0.2652
vn -0.7567 0.6085 -0.2390
vn -0.7078 0.6868 -0.1654
vn -0.6807 0.7302 -0.0590
vn -0.6807 0.7302 0.0590
vn -0.7078 0.6868 0.1654
vn -0.7567 0.6085 0.2390
vn -0.8177 0.5109 0.2652
vn -0.8787 0.4134 0.2390
vn -0.9276 0.3351 0.1654
vn -0.9547 0.2917 0.0590
vn -0.8890 0.4576 -0.0190
vn -0.8803 0.4715 -0.0531
vn -0.8646 0.4966 -0.0768
vn -0.8450 0.5280 -0.0852
vn -0.8254 0.5593 -0.0768
vn -0.8097 0.5845 -0.0531
vn -0.8010 0.5984 -0.0190
vn -0.8010 0.5984 0.0190
vn -0.8097 0.5845 0.0531
vn -0.8254 0.5593 0.0768
vn -0.8450 0.5280 0.0852
vn -0.8646 0.4966 0.0768
vn -0.8803 0.4715 0.0531
vn -0.8890 0.4576 0.0190
vn 0.7339 0.6448 0.2136
vn 0.6357 0.4876 0.5984
vn 0.4587 0.2044 0.8647
vn 0.2381 -0.1488 0.9598
vn 0.0174 -0.5019 0.8647
vn -0.1596 -0.7851 0.5984
vn -0.2578 -0.9423 0.2136
vn -0.2578 -0.9423 -0.2136
vn -0.1596 -0.7851 -0.5984
vn 0.0174 -0.5019 -0.8647
vn 0.2381 -0.1488 -0.9598
vn 0.4587 0.2044 -0.8647
vn 0.6357 0.4876 -0.5984
vn 0.7339 0.6448 -0.2136
vn 0.9574 0.2389 0.1620
vn 0.8829 0.1196 0.4540
vn 0.7487 -0.0952 0.6561
vn 0.5812 -0.3632 0.7282
vn 0.4138 -0.6311 0.6561
vn 0.2795 -0.8460 0.4540
vn 0.2050 -0.9653 0.1620
vn 0.2050 -0.9653 -0.1620
vn 0.2795 -0.8460 -0.4540
vn 0.4138 -0.6311 -0.6561
vn 0.5812 -0.3632 -0.7282
vn 0.7487 -0.0952 -0.6561
vn 0.8829 0.1196 -0.4540
vn 0.9574 0.2389 -0.1620
vn 0.9917 -0.0730 0.1058
vn 0.9430 -0.1508 0.2965
vn 0.8554 -0.2912 0.4285
vn 0.7460 -0.4662 0.4756
vn 0.6367 -0.6411 0.4285
vn 0.5490 -0.7815 0.2965
vn 0.5003 -0.8594 0.1058
vn 0.5003 -0.8594 -0.1058
vn 0.5490 -0.7815 -0.2965
vn 0.6367 -0.6411 -0.4285
vn 0.7460 -0.4662 -0.4756
vn 0.8554 -0.2912 -0.4285
vn 0.9430 -0.1508 -0.2965
vn 0.9917 -0.0730 -0.1058
vn 0.9547 -0.2917 0.0590
vn 0.9276 -0.3351 0.1653
vn 0.8787 -0.4134 0.2389
vn 0.8177 -0.5109 0.2652
vn 0.7567 -0.6085 0.2389
vn 0.7078 -0.6868 0.1653
vn 0.6807 -0.7302 0.0590
vn 0.6807 -0.7302 -0.0590
vn 0.7078 -0.6868 -0.1653
vn 0.7567 -0.6085 -0.2389
vn 0.8177 -0.5109 -0.2652
vn 0.8787 -0.4134 -0.2389
vn 0.9276 -0.3351 -0.1653
vn 0.9547 -0.2917 -0.0590
vn 0.8889 -0.4576 0.0189
vn 0.8802 -0.4716 0.0531
vn 0.8645 -0.4967 0.0767
vn 0.8450 -0.5280 0.0851
vn 0.8254 -0.5593 0.0767
vn 0.8097 -0.5844 0.0530
vn 0.8010 -0.5983 0.0189
vn 0.8010 -0.5983 -0.0189
vn 0.8097 -0.5844 -0.0530
vn 0.8254 -0.5593 -0.0767
vn 0.8450 -0.5280 -0.0851
vn 0.8645 -0.4967 -0.0767
vn 0.8802 -0.4716 -0.0531
vn 0.8889 -0.4576 -0.0189
vn 0.6579 -0.7502 -0.0656
vn 0.6881 -0.7019 -0.1839
vn 0.7425 -0.6149 -0.2657
vn 0.8103 -0.5063 -0.2949
vn 0.8781 -0.3978 -0.2657
vn 0.9325 -0.3108 -0.1839
vn 0.9627 -0.2625 -0.0656
vn 0.9627 -0.2625 0.0656
vn 0.9325 -0.3108 0.1839
vn 0.8781 -0.3978 0.2657
vn 0.8103 -0.5063 0.2949
vn 0.7425 -0.6149 0.2657
vn 0.6881 -0.7019 0.1839
vn 0.6579 -0.7502 0.0656
vn -0.8834 -0.1185 0.4534
s 0
g F_Pauldron2.001_brigandine_body
usemtl brigandine_body
f 1737//2520 1750//2520 1736//2520
f 1738//2521 1751//2521 1737//2521
f 1739//2522 1752//2522 1738//2522
f 1740//2523 1753//2523 1739//2523
f 1741//2524 1754//2524 1740//2524
f 1742//2525 1755//2525 1741//2525
f 1742//2526 1757//2526 1756//2526
f 1744//2527 1757//2527 1743//2527
f 1745//2528 1758//2528 1744//2528
f 1746//2529 1759//2529 1745//2529
f 1747//2530 1760//2530 1746//2530
f 1748//2531 1761//2531 1747//2531
f 1749//2532 1762//2532 1748//2532
f 1749//2533 1750//2533 1763//2533
f 1750//2534 1765//2534 1764//2534
f 1752//2535 1765//2535 1751//2535
f 1752//2536 1767//2536 1766//2536
f 1754//2537 1767//2537 1753//2537
f 1755//2538 1768//2538 1754//2538
f 1756//2539 1769//2539 1755//2539
f 1757//2540 1770//2540 1756//2540
f 1757//2541 1772//2541 1771//2541
f 1759//2542 1772//2542 1758//2542
f 1759//2543 1774//2543 1773//2543
f 1761//2544 1774//2544 1760//2544
f 1762//2545 1775//2545 1761//2545
f 1763//2546 1776//2546 1762//2546
f 1750//2547 1777//2547 1763//2547
f 1765//2548 1778//2548 1764//2548
f 1766//2549 1779//2549 1765//2549
f 1767//2550 1780//2550 1766//2550
f 1768//2551 1781//2551 1767//2551
f 1769//2552 1782//2552 1768//2552
f 1770//2553 1783//2553 1769//2553
f 1771//2554 1784//2554 1770//2554
f 1772//2555 1785//2555 1771//2555
f 1773//2556 1786//2556 1772//2556
f 1774//2557 1787//2557 1773//2557
f 1775//2558 1788//2558 1774//2558
f 1776//2559 1789//2559 1775//2559
f 1777//2560 1790//2560 1776//2560
f 1764//2561 1791//2561 1777//2561
f 1779//2562 1792//2562 1778//2562
f 1779//2563 1794//2563 1793//2563
f 1780//2564 1795//2564 1794//2564
f 1782//2565 1795//2565 1781//2565
f 1783//2566 1796//2566 1782//2566
f 1784//2567 1797//2567 1783//2567
f 1784//2568 1799//2568 1798//2568
f 1786//2569 1799//2569 1785//2569
f 1786//2570 1801//2570 1800//2570
f 1787//2571 1802//2571 1801//2571
f 1789//2572 1802//2572 1788//2572
f 1790//2573 1803//2573 1789//2573
f 1791//2574 1804//2574 1790//2574
f 1791//2575 1792//2575 1805//2575
f 1792//2576 1793//2576 1806//2576
f 1793//2577 1794//2577 1806//2577
f 1794//2578 1795//2578 1806//2578
f 1795//2579 1796//2579 1806//2579
f 1796//2580 1797//2580 1806//2580
f 1797//2581 1798//2581 1806//2581
f 1798//2582 1799//2582 1806//2582
f 1799//2583 1800//2583 1806//2583
f 1800//2584 1801//2584 1806//2584
f 1801//2585 1802//2585 1806//2585
f 1802//2586 1803//2586 1806//2586
f 1803//2587 1804//2587 1806//2587
f 1804//2588 1805//2588 1806//2588
f 1805//2589 1792//2589 1806//2589
f 1821//2590 1808//2590 1807//2590
f 1822//2591 1809//2591 1808//2591
f 1823//2592 1810//2592 1809//2592
f 1824//2593 1811//2593 1810//2593
f 1825//2594 1812//2594 1811//2594
f 1826//2595 1813//2595 1812//2595
f 1827//2596 1814//2596 1813//2596
f 1828//2597 1815//2597 1814//2597
f 1829//2598 1816//2598 1815//2598
f 1830//2599 1817//2599 1816//2599
f 1831//2600 1818//2600 1817//2600
f 1832//2601 1819//2601 1818//2601
f 1833//2602 1820//2602 1819//2602
f 1834//2603 1807//2603 1820//2603
f 1821//2604 1836//2604 1822//2604
f 1822//2605 1837//2605 1823//2605
f 1823//2606 1838//2606 1824//2606
f 1824//2607 1839//2607 1825//2607
f 1839//2608 1826//2608 1825//2608
f 1840//2609 1827//2609 1826//2609
f 1841//2610 1828//2610 1827//2610
f 1828//2611 1843//2611 1829//2611
f 1829//2612 1844//2612 1830//2612
f 1830//2613 1845//2613 1831//2613
f 1831//2614 1846//2614 1832//2614
f 1846//2615 1833//2615 1832//2615
f 1847//2616 1834//2616 1833//2616
f 1848//2617 1821//2617 1834//2617
f 1835//2618 1850//2618 1836//2618
f 1850//2619 1837//2619 1836//2619
f 1851//2620 1838//2620 1837//2620
f 1852//2621 1839//2621 1838//2621
f 1853//2622 1840//2622 1839//2622
f 1840//2623 1855//2623 1841//2623
f 1855//2624 1842//2624 1841//2624
f 1842//2625 1857//2625 1843//2625
f 1857//2626 1844//2626 1843//2626
f 1858//2627 1845//2627 1844//2627
f 1859//2628 1846//2628 1845//2628
f 1860//2629 1847//2629 1846//2629
f 1847//2630 1862//2630 1848//2630
f 1862//2631 1835//2631 1848//2631
f 1863//2632 1850//2632 1849//2632
f 1864//2633 1851//2633 1850//2633
f 1865//2634 1852//2634 1851//2634
f 1866//2635 1853//2635 1852//2635
f 1867//2636 1854//2636 1853//2636
f 1868//2637 1855//2637 1854//2637
f 1869//2638 1856//2638 1855//2638
f 1870//2639 1857//2639 1856//2639
f 1871//2640 1858//2640 1857//2640
f 1872//2641 1859//2641 1858//2641
f 1873//2642 1860//2642 1859//2642
f 1874//2643 1861//2643 1860//2643
f 1875//2644 1862//2644 1861//2644
f 1876//2645 1849//2645 1862//2645
f 1863//2646 1877//2646 1864//2646
f 1864//2647 1877//2647 1865//2647
f 1865//2648 1877//2648 1866//2648
f 1866//2649 1877//2649 1867//2649
f 1867//2650 1877//2650 1868//2650
f 1868//2651 1877//2651 1869//2651
f 1869//2652 1877//2652 1870//2652
f 1870//2653 1877//2653 1871//2653
f 1871//2654 1877//2654 1872//2654
f 1872//2655 1877//2655 1873//2655
f 1873//2656 1877//2656 1874//2656
f 1874//2657 1877//2657 1875//2657
f 1875//2658 1877//2658 1876//2658
f 1876//2659 1877//2659 1863//2659
f 1737//2660 1807//2660 1808//2660
f 1738//2661 1808//2661 1809//2661
f 1739//2662 1809//2662 1810//2662
f 1739//2663 1811//2663 1740//2663
f 1741//2664 1811//2664 1812//2664
f 1741//2665 1813//2665 1742//2665
f 1742//2666 1814//2666 1743//2666
f 1744//2667 1814//2667 1815//2667
f 1745//2668 1815//2668 1816//2668
f 1746//2669 1816//2669 1817//2669
f 1746//2670 1818//2670 1747//2670
f 1748//2671 1818//2671 1819//2671
f 1748//2672 1820//2672 1749//2672
f 1749//2673 1807//2673 1736//2673
f 1878//2674 1893//2674 1879//2674
f 1893//2675 1880//2675 1879//2675
f 1880//2676 1895//2676 1881//2676
f 1881//2677 1896//2677 1882//2677
f 1882//2678 1897//2678 1883//2678
f 1897//2679 1884//2679 1883//2679
f 1898//2680 1885//2680 1884//2680
f 1899//2681 1886//2681 1885//2681
f 1900//2682 1887//2682 1886//2682
f 1901//2683 1888//2683 1887//2683
f 1902//2684 1889//2684 1888//2684
f 1903//2685 1890//2685 1889//2685
f 1904//2686 1891//2686 1890//2686
f 1905//2687 1878//2687 1891//2687
f 1906//2688 1893//2688 1892//2688
f 1893//2689 1908//2689 1894//2689
f 1894//2690 1909//2690 1895//2690
f 1909//2691 1896//2691 1895//2691
f 1896//2692 1911//2692 1897//2692
f 1897//2693 1912//2693 1898//2693
f 1898//2694 1913//2694 1899//2694
f 1913//2695 1900//2695 1899//2695
f 1914//2696 1901//2696 1900//2696
f 1915//2697 1902//2697 1901//2697
f 1902//2698 1917//2698 1903//2698
f 1903//2699 1918//2699 1904//2699
f 1918//2700 1905//2700 1904//2700
f 1905//2701 1906//2701 1892//2701
f 1906//2702 1921//2702 1907//2702
f 1907//2703 1922//2703 1908//2703
f 1922//2704 1909//2704 1908//2704
f 1909//2705 1924//2705 1910//2705
f 1910//2706 1925//2706 1911//2706
f 1911//2707 1926//2707 1912//2707
f 1926//2708 1913//2708 1912//2708
f 1927//2709 1914//2709 1913//2709
f 1928//2710 1915//2710 1914//2710
f 1929//2711 1916//2711 1915//2711
f 1930//2712 1917//2712 1916//2712
f 1917//2713 1932//2713 1918//2713
f 1932//2714 1919//2714 1918//2714
f 1933//2715 1906//2715 1919//2715
f 1920//2716 1935//2716 1921//2716
f 1921//2717 1936//2717 1922//2717
f 1936//2718 1923//2718 1922//2718
f 1937//2719 1924//2719 1923//2719
f 1938//2720 1925//2720 1924//2720
f 1925//2721 1940//2721 1926//2721
f 1926//2722 1941//2722 1927//2722
f 1941//2723 1928//2723 1927//2723
f 1942//2724 1929//2724 1928//2724
f 1943//2725 1930//2725 1929//2725
f 1944//2726 1931//2726 1930//2726
f 1931//2727 1946//2727 1932//2727
f 1946//2728 1933//2728 1932//2728
f 1947//2729 1920//2729 1933//2729
f 1934//2730 1948//2730 1935//2730
f 1935//2731 1948//2731 1936//2731
f 1936//2732 1948//2732 1937//2732
f 1937//2733 1948//2733 1938//2733
f 1938//2734 1948//2734 1939//2734
f 1939//2735 1948//2735 1940//2735
f 1940//2736 1948//2736 1941//2736
f 1941//2737 1948//2737 1942//2737
f 1942//2738 1948//2738 1943//2738
f 1943//2739 1948//2739 1944//2739
f 1944//2740 1948//2740 1945//2740
f 1945//2741 1948//2741 1946//2741
f 1946//2742 1948//2742 1947//2742
f 1947//2743 1948//2743 1934//2743
f 1950//2744 1963//2744 1949//2744
f 1951//2745 1964//2745 1950//2745
f 1952//2746 1965//2746 1951//2746
f 1953//2747 1966//2747 1952//2747
f 1953//2748 1968//2748 1967//2748
f 1954//2749 1969//2749 1968//2749
f 1956//2750 1969//2750 1955//2750
f 1956//2751 1971//2751 1970//2751
f 1958//2752 1971//2752 1957//2752
f 1959//2753 1972//2753 1958//2753
f 1959//2754 1974//2754 1973//2754
f 1960//2755 1975//2755 1974//2755
f 1962//2756 1975//2756 1961//2756
f 1962//2757 1963//2757 1976//2757
f 1963//2758 1978//2758 1977//2758
f 1964//2759 1979//2759 1978//2759
f 1965//2760 1980//2760 1979//2760
f 1967//2761 1980//2761 1966//2761
f 1967//2762 1982//2762 1981//2762
f 1968//2763 1983//2763 1982//2763
f 1969//2764 1984//2764 1983//2764
f 1971//2765 1984//2765 1970//2765
f 1972//2766 1985//2766 1971//2766
f 1973//2767 1986//2767 1972//2767
f 1973//2768 1988//2768 1987//2768
f 1975//2769 1988//2769 1974//2769
f 1976//2770 1989//2770 1975//2770
f 1963//2771 1990//2771 1976//2771
f 1977//2772 1992//2772 1991//2772
f 1979//2773 1992//2773 1978//2773
f 1980//2774 1993//2774 1979//2774
f 1981//2775 1994//2775 1980//2775
f 1981//2776 1996//2776 1995//2776
f 1983//2777 1996//2777 1982//2777
f 1983//2778 1998//2778 1997//2778
f 1985//2779 1998//2779 1984//2779
f 1985//2780 2000//2780 1999//2780
f 1987//2781 2000//2781 1986//2781
f 1987//2782 2002//2782 2001//2782
f 1988//2783 2003//2783 2002//2783
f 1989//2784 2004//2784 2003//2784
f 1977//2785 2004//2785 1990//2785
f 1992//2786 2005//2786 1991//2786
f 1992//2787 2007//2787 2006//2787
f 1994//2788 2007//2788 1993//2788
f 1994//2789 2009//2789 2008//2789
f 1996//2790 2009//2790 1995//2790
f 1996//2791 2011//2791 2010//2791
f 1997//2792 2012//2792 2011//2792
f 1999//2793 2012//2793 1998//2793
f 1999//2794 2014//2794 2013//2794
f 2000//2795 2015//2795 2014//2795
f 2002//2796 2015//2796 2001//2796
f 2002//2797 2017//2797 2016//2797
f 2003//2798 2018//2798 2017//2798
f 1991//2799 2018//2799 2004//2799
f 2005//2800 2006//2800 2019//2800
f 2006//2801 2007//2801 2019//2801
f 2007//2802 2008//2802 2019//2802
f 2008//2803 2009//2803 2019//2803
f 2009//2804 2010//2804 2019//2804
f 2010//2805 2011//2805 2019//2805
f 2011//2806 2012//2806 2019//2806
f 2012//2807 2013//2807 2019//2807
f 2013//2808 2014//2808 2019//2808
f 2014//2809 2015//2809 2019//2809
f 2015//2810 2016//2810 2019//2810
f 2016//2811 2017//2811 2019//2811
f 2017//2812 2018//2812 2019//2812
f 2018//2813 2005//2813 2019//2813
f 1950//2814 1878//2814 1879//2814
f 1951//2815 1879//2815 1880//2815
f 1952//2816 1880//2816 1881//2816
f 1953//2817 1881//2817 1882//2817
f 1954//2818 1882//2818 1883//2818
f 1884//2819 1954//2819 1883//2819
f 1885//2820 1955//2820 1884//2820
f 1957//2821 1885//2821 1886//2821
f 1958//2822 1886//2822 1887//2822
f 1888//2823 1958//2823 1887//2823
f 1960//2824 1888//2824 1889//2824
f 1961//2825 1889//2825 1890//2825
f 1962//2826 1890//2826 1891//2826
f 1949//2827 1891//2827 1878//2827
f 1737//2520 1751//2520 1750//2520
f 1738//2521 1752//2521 1751//2521
f 1739//2522 1753//2522 1752//2522
f 1740//2523 1754//2523 1753//2523
f 1741//2524 1755//2524 1754//2524
f 1742//2525 1756//2525 1755//2525
f 1742//2526 1743//2526 1757//2526
f 1744//2527 1758//2527 1757//2527
f 1745//2528 1759//2528 1758//2528
f 1746//2529 1760//2529 1759//2529
f 1747//2530 1761//2530 1760//2530
f 1748//2531 1762//2531 1761//2531
f 1749//2532 1763//2532 1762//2532
f 1749//2533 1736//2533 1750//2533
f 1750//2534 1751//2534 1765//2534
f 1752//2535 1766//2535 1765//2535
f 1752//2536 1753//2536 1767//2536
f 1754//2537 1768//2537 1767//2537
f 1755//2538 1769//2538 1768//2538
f 1756//2539 1770//2539 1769//2539
f 1757//2540 1771//2540 1770//2540
f 1757//2541 1758//2541 1772//2541
f 1759//2542 1773//2542 1772//2542
f 1759//2543 1760//2543 1774//2543
f 1761//2544 1775//2544 1774//2544
f 1762//2545 1776//2545 1775//2545
f 1763//2546 1777//2546 1776//2546
f 1750//2547 1764//2547 1777//2547
f 1765//2548 1779//2548 1778//2548
f 1766//2549 1780//2549 1779//2549
f 1767//2550 1781//2550 1780//2550
f 1768//2551 1782//2551 1781//2551
f 1769//2552 1783//2552 1782//2552
f 1770//2553 1784//2553 1783//2553
f 1771//2554 1785//2554 1784//2554
f 1772//2555 1786//2555 1785//2555
f 1773//2556 1787//2556 1786//2556
f 1774//2557 1788//2557 1787//2557
f 1775//2558 1789//2558 1788//2558
f 1776//2559 1790//2559 1789//2559
f 1777//2560 1791//2560 1790//2560
f 1764//2561 1778//2561 1791//2561
f 1779//2562 1793//2562 1792//2562
f 1779//2563 1780//2563 1794//2563
f 1780//2564 1781//2564 1795//2564
f 1782//2565 1796//2565 1795//2565
f 1783//2566 1797//2566 1796//2566
f 1784//2567 1798//2567 1797//2567
f 1784//2568 1785//2568 1799//2568
f 1786//2569 1800//2569 1799//2569
f 1786//2570 1787//2570 1801//2570
f 1787//2571 1788//2571 1802//2571
f 1789//2572 1803//2572 1802//2572
f 1790//2573 1804//2573 1803//2573
f 1791//2574 1805//2574 1804//2574
f 1791//2575 1778//2575 1792//2575
f 1821//2590 1822//2590 1808//2590
f 1822//2591 1823//2591 1809//2591
f 1823//2592 1824//2592 1810//2592
f 1824//2593 1825//2593 1811//2593
f 1825//2594 1826//2594 1812//2594
f 1826//2595 1827//2595 1813//2595
f 1827//2596 1828//2596 1814//2596
f 1828//2597 1829//2597 1815//2597
f 1829//2598 1830//2598 1816//2598
f 1830//2599 1831//2599 1817//2599
f 1831//2600 1832//2600 1818//2600
f 1832//2601 1833//2601 1819//2601
f 1833//2602 1834//2602 1820//2602
f 1834//2603 1821//2603 1807//2603
f 1821//2604 1835//2604 1836//2604
f 1822//2605 1836//2605 1837//2605
f 1823//2606 1837//2606 1838//2606
f 1824//2607 1838//2607 1839//2607
f 1839//2608 1840//2608 1826//2608
f 1840//2609 1841//2609 1827//2609
f 1841//2610 1842//2610 1828//2610
f 1828//2611 1842//2611 1843//2611
f 1829//2612 1843//2612 1844//2612
f 1830//2613 1844//2613 1845//2613
f 1831//2614 1845//2614 1846//2614
f 1846//2615 1847//2615 1833//2615
f 1847//2616 1848//2616 1834//2616
f 1848//2617 1835//2617 1821//2617
f 1835//2618 1849//2618 1850//2618
f 1850//2619 1851//2619 1837//2619
f 1851//2620 1852//2620 1838//2620
f 1852//2621 1853//2621 1839//2621
f 1853//2622 1854//2622 1840//2622
f 1840//2623 1854//2623 1855//2623
f 1855//2624 1856//2624 1842//2624
f 1842//2625 1856//2625 1857//2625
f 1857//2626 1858//2626 1844//2626
f 1858//2627 1859//2627 1845//2627
f 1859//2628 1860//2628 1846//2628
f 1860//2629 1861//2629 1847//2629
f 1847//2630 1861//2630 1862//2630
f 1862//2631 1849//2631 1835//2631
f 1863//2632 1864//2632 1850//2632
f 1864//2633 1865//2633 1851//2633
f 1865//2634 1866//2634 1852//2634
f 1866//2635 1867//2635 1853//2635
f 1867//2636 1868//2636 1854//2636
f 1868//2637 1869//2637 1855//2637
f 1869//2638 1870//2638 1856//2638
f 1870//2639 1871//2639 1857//2639
f 1871//2640 1872//2640 1858//2640
f 1872//2641 1873//2641 1859//2641
f 1873//2642 1874//2642 1860//2642
f 1874//2643 1875//2643 1861//2643
f 1875//2644 1876//2644 1862//2644
f 1876//2645 1863//2645 1849//2645
f 1737//2660 1736//2660 1807//2660
f 1738//2661 1737//2661 1808//2661
f 1739//2662 1738//2662 1809//2662
f 1739//2663 1810//2663 1811//2663
f 1741//2664 1740//2664 1811//2664
f 1741//2665 1812//2665 1813//2665
f 1742//2666 1813//2666 1814//2666
f 1744//2667 1743//2667 1814//2667
f 1745//2668 1744//2668 1815//2668
f 1746//2669 1745//2669 1816//2669
f 1746//2670 1817//2670 1818//2670
f 1748//2671 1747//2671 1818//2671
f 1748//2672 1819//2672 1820//2672
f 1749//2673 1820//2673 1807//2673
f 1878//2674 1892//2674 1893//2674
f 1893//2675 1894//2675 1880//2675
f 1880//2676 1894//2676 1895//2676
f 1881//2677 1895//2677 1896//2677
f 1882//2678 1896//2678 1897//2678
f 1897//2679 1898//2679 1884//2679
f 1898//2680 1899//2680 1885//2680
f 1899//2681 1900//2681 1886//2681
f 1900//2682 1901//2682 1887//2682
f 1901//2683 1902//2683 1888//2683
f 1902//2684 1903//2684 1889//2684
f 1903//2685 1904//2685 1890//2685
f 1904//2686 1905//2686 1891//2686
f 1905//2687 1892//2687 1878//2687
f 1906//2688 1907//2688 1893//2688
f 1893//2689 1907//2689 1908//2689
f 1894//2690 1908//2690 1909//2690
f 1909//2691 1910//2691 1896//2691
f 1896//2692 1910//2692 1911//2692
f 1897//2693 1911//2693 1912//2693
f 1898//2694 1912//2694 1913//2694
f 1913//2695 1914//2695 1900//2695
f 1914//2696 1915//2696 1901//2696
f 1915//2697 1916//2697 1902//2697
f 1902//2698 1916//2698 1917//2698
f 1903//2699 1917//2699 1918//2699
f 1918//2828 1919//2828 1905//2828
f 1905//2701 1919//2701 1906//2701
f 1906//2702 1920//2702 1921//2702
f 1907//2703 1921//2703 1922//2703
f 1922//2704 1923//2704 1909//2704
f 1909//2705 1923//2705 1924//2705
f 1910//2706 1924//2706 1925//2706
f 1911//2707 1925//2707 1926//2707
f 1926//2708 1927//2708 1913//2708
f 1927//2709 1928//2709 1914//2709
f 1928//2710 1929//2710 1915//2710
f 1929//2711 1930//2711 1916//2711
f 1930//2712 1931//2712 1917//2712
f 1917//2713 1931//2713 1932//2713
f 1932//2714 1933//2714 1919//2714
f 1933//2715 1920//2715 1906//2715
f 1920//2716 1934//2716 1935//2716
f 1921//2717 1935//2717 1936//2717
f 1936//2718 1937//2718 1923//2718
f 1937//2719 1938//2719 1924//2719
f 1938//2720 1939//2720 1925//2720
f 1925//2721 1939//2721 1940//2721
f 1926//2722 1940//2722 1941//2722
f 1941//2723 1942//2723 1928//2723
f 1942//2724 1943//2724 1929//2724
f 1943//2725 1944//2725 1930//2725
f 1944//2726 1945//2726 1931//2726
f 1931//2727 1945//2727 1946//2727
f 1946//2728 1947//2728 1933//2728
f 1947//2729 1934//2729 1920//2729
f 1950//2744 1964//2744 1963//2744
f 1951//2745 1965//2745 1964//2745
f 1952//2746 1966//2746 1965//2746
f 1953//2747 1967//2747 1966//2747
f 1953//2748 1954//2748 1968//2748
f 1954//2749 1955//2749 1969//2749
f 1956//2750 1970//2750 1969//2750
f 1956//2751 1957//2751 1971//2751
f 1958//2752 1972//2752 1971//2752
f 1959//2753 1973//2753 1972//2753
f 1959//2754 1960//2754 1974//2754
f 1960//2755 1961//2755 1975//2755
f 1962//2756 1976//2756 1975//2756
f 1962//2757 1949//2757 1963//2757
f 1963//2758 1964//2758 1978//2758
f 1964//2759 1965//2759 1979//2759
f 1965//2760 1966//2760 1980//2760
f 1967//2761 1981//2761 1980//2761
f 1967//2762 1968//2762 1982//2762
f 1968//2763 1969//2763 1983//2763
f 1969//2764 1970//2764 1984//2764
f 1971//2765 1985//2765 1984//2765
f 1972//2766 1986//2766 1985//2766
f 1973//2767 1987//2767 1986//2767
f 1973//2768 1974//2768 1988//2768
f 1975//2769 1989//2769 1988//2769
f 1976//2770 1990//2770 1989//2770
f 1963//2771 1977//2771 1990//2771
f 1977//2772 1978//2772 1992//2772
f 1979//2773 1993//2773 1992//2773
f 1980//2774 1994//2774 1993//2774
f 1981//2775 1995//2775 1994//2775
f 1981//2776 1982//2776 1996//2776
f 1983//2777 1997//2777 1996//2777
f 1983//2778 1984//2778 1998//2778
f 1985//2779 1999//2779 1998//2779
f 1985//2780 1986//2780 2000//2780
f 1987//2781 2001//2781 2000//2781
f 1987//2782 1988//2782 2002//2782
f 1988//2783 1989//2783 2003//2783
f 1989//2784 1990//2784 2004//2784
f 1977//2785 1991//2785 2004//2785
f 1992//2786 2006//2786 2005//2786
f 1992//2787 1993//2787 2007//2787
f 1994//2788 2008//2788 2007//2788
f 1994//2789 1995//2789 2009//2789
f 1996//2790 2010//2790 2009//2790
f 1996//2791 1997//2791 2011//2791
f 1997//2792 1998//2792 2012//2792
f 1999//2793 2013//2793 2012//2793
f 1999//2794 2000//2794 2014//2794
f 2000//2795 2001//2795 2015//2795
f 2002//2796 2016//2796 2015//2796
f 2002//2797 2003//2797 2017//2797
f 2003//2798 2004//2798 2018//2798
f 1991//2799 2005//2799 2018//2799
f 1950//2814 1949//2814 1878//2814
f 1951//2815 1950//2815 1879//2815
f 1952//2816 1951//2816 1880//2816
f 1953//2817 1952//2817 1881//2817
f 1954//2818 1953//2818 1882//2818
f 1884//2819 1955//2819 1954//2819
f 1885//2820 1956//2820 1955//2820
f 1957//2821 1956//2821 1885//2821
f 1958//2822 1957//2822 1886//2822
f 1888//2823 1959//2823 1958//2823
f 1960//2824 1959//2824 1888//2824
f 1961//2825 1960//2825 1889//2825
f 1962//2826 1961//2826 1890//2826
f 1949//2827 1962//2827 1891//2827
g F_Pauldron3.001_F_Pauldron3.001
v 1.098290 0.109395 0.000000
v 1.084595 0.140154 -0.147520
v 1.046223 0.226341 -0.265823
v 0.990772 0.350884 -0.331475
v 0.929227 0.489116 -0.331475
v 0.873777 0.613659 -0.265823
v 0.835405 0.699846 -0.147520
v 0.821710 0.730605 -0.000000
v 0.835405 0.699846 0.147520
v 0.873777 0.613659 0.265823
v 0.929227 0.489116 0.331475
v 0.990772 0.350884 0.331475
v 1.046223 0.226341 0.265823
v 1.084595 0.140154 0.147520
v 1.142336 0.147221 0.000000
v 1.129311 0.176475 -0.140300
v 1.092817 0.258443 -0.252812
v 1.040081 0.376890 -0.315252
v 0.981548 0.508357 -0.315252
v 0.928812 0.626805 -0.252812
v 0.892317 0.708773 -0.140300
v 0.879292 0.738027 -0.000000
v 0.892317 0.708773 0.140300
v 0.928812 0.626805 0.252812
v 0.981548 0.508357 0.315252
v 1.040081 0.376890 0.315252
v 1.092817 0.258443 0.252812
v 1.129311 0.176475 0.140300
v 1.168534 0.211748 0.000000
v 1.157454 0.236633 -0.119347
v 1.126410 0.306360 -0.215055
v 1.081550 0.407117 -0.268169
v 1.031759 0.518949 -0.268169
v 0.986899 0.619707 -0.215055
v 0.955855 0.689433 -0.119347
v 0.944775 0.714318 -0.000000
v 0.955855 0.689433 0.119347
v 0.986899 0.619707 0.215055
v 1.031759 0.518949 0.268169
v 1.081550 0.407117 0.268169
v 1.126410 0.306360 0.215055
v 1.157454 0.236633 0.119347
v 1.174318 0.296661 0.000000
v 1.166269 0.314741 -0.086710
v 1.143714 0.365400 -0.156247
v 1.111121 0.438605 -0.194836
v 1.074946 0.519856 -0.194836
v 1.042353 0.593060 -0.156247
v 1.019798 0.643719 -0.086710
v 1.011748 0.661800 -0.000000
v 1.019798 0.643719 0.086710
v 1.042353 0.593060 0.156247
v 1.074946 0.519856 0.194836
v 1.111121 0.438605 0.194836
v 1.143714 0.365400 0.156247
v 1.166269 0.314741 0.086710
v 1.159124 0.393647 0.000000
v 1.154892 0.403152 -0.045586
v 1.143034 0.429785 -0.082144
v 1.125899 0.468271 -0.102432
v 1.106881 0.510987 -0.102432
v 1.089746 0.549473 -0.082144
v 1.077888 0.576106 -0.045586
v 1.073656 0.585612 -0.000000
v 1.077888 0.576106 0.045586
v 1.089746 0.549473 0.082144
v 1.106881 0.510987 0.102432
v 1.125899 0.468271 0.102432
v 1.143034 0.429785 0.082144
v 1.154892 0.403152 0.045586
v 1.124438 0.493213 0.000000
v 1.071614 0.140457 0.000000
v 1.059499 0.167668 -0.130500
v 1.025554 0.243911 -0.235154
v 0.976501 0.354085 -0.293232
v 0.922057 0.476369 -0.293232
v 0.873004 0.586543 -0.235154
v 0.839059 0.662786 -0.130500
v 0.826944 0.689996 -0.000000
v 0.839059 0.662786 0.130500
v 0.873004 0.586543 0.235154
v 0.922057 0.476369 0.293232
v 0.976501 0.354085 0.293232
v 1.025554 0.243911 0.235154
v 1.059499 0.167668 0.130500
v 1.108700 0.172243 0.000000
v 1.097147 0.198192 -0.124446
v 1.064777 0.270897 -0.224244
v 1.018000 0.375960 -0.279627
v 0.966081 0.492571 -0.279627
v 0.919304 0.597633 -0.224244
v 0.886934 0.670339 -0.124446
v 0.875381 0.696287 -0.000000
v 0.886934 0.670339 0.124446
v 0.919304 0.597633 0.224244
v 0.966081 0.492571 0.279627
v 1.018000 0.375960 0.279627
v 1.064777 0.270897 0.224244
v 1.097147 0.198192 0.124446
v 1.128851 0.221647 0.000000
v 1.118786 0.244254 -0.108420
v 1.090584 0.307597 -0.195366
v 1.049831 0.399129 -0.243617
v 1.004599 0.500723 -0.243617
v 0.963846 0.592255 -0.195366
v 0.935644 0.655598 -0.108420
v 0.925579 0.678205 -0.000000
v 0.935644 0.655598 0.108420
v 0.963846 0.592255 0.195366
v 1.004599 0.500723 0.243617
v 1.049831 0.399129 0.243617
v 1.090584 0.307597 0.195366
v 1.118786 0.244254 0.108420
v 1.133932 0.295489 0.000000
v 1.126501 0.312179 -0.080048
v 1.105679 0.358946 -0.144241
v 1.075590 0.426526 -0.179866
v 1.042195 0.501534 -0.179866
v 1.012106 0.569113 -0.144241
v 0.991284 0.615880 -0.080048
v 0.983853 0.632571 -0.000000
v 0.991284 0.615880 0.080048
v 1.012106 0.569113 0.144241
v 1.042195 0.501534 0.179866
v 1.075590 0.426526 0.179866
v 1.105679 0.358946 0.144241
v 1.126501 0.312179 0.080048
v 1.120002 0.384374 0.000000
v 1.116069 0.393206 -0.042358
v 1.105051 0.417953 -0.076326
v 1.089130 0.453713 -0.095177
v 1.071458 0.493404 -0.095177
v 1.055537 0.529164 -0.076326
v 1.044519 0.553911 -0.042358
v 1.040587 0.562743 -0.000000
v 1.044519 0.553911 0.042358
v 1.055537 0.529164 0.076326
v 1.071458 0.493404 0.095177
v 1.089130 0.453713 0.095177
v 1.105051 0.417953 0.076326
v 1.116069 0.393206 0.042358
v 1.087761 0.476883 -0.000000
v -1.098291 0.109394 0.000000
v -1.084595 0.140154 -0.147520
v -1.046223 0.226341 -0.265823
v -0.990773 0.350884 -0.331475
v -0.929228 0.489116 -0.331475
v -0.873777 0.613659 -0.265823
v -0.835405 0.699846 -0.147520
v -0.821710 0.730605 -0.000000
v -0.835405 0.699846 0.147520
v -0.873777 0.613659 0.265823
v -0.929228 0.489116 0.331475
v -0.990773 0.350884 0.331475
v -1.046223 0.226341 0.265823
v -1.084595 0.140154 0.147520
v -1.142336 0.147221 0.000000
v -1.129312 0.176475 -0.140300
v -1.092817 0.258443 -0.252812
v -1.040081 0.376890 -0.315252
v -0.981548 0.508357 -0.315252
v -0.928811 0.626805 -0.252812
v -0.892317 0.708773 -0.140300
v -0.879292 0.738027 -0.000000
v -0.892317 0.708773 0.140300
v -0.928811 0.626805 0.252812
v -0.981548 0.508357 0.315252
v -1.040081 0.376890 0.315252
v -1.092817 0.258443 0.252812
v -1.129312 0.176475 0.140300
v -1.168534 0.211748 0.000000
v -1.157454 0.236633 -0.119347
v -1.126410 0.306360 -0.215055
v -1.081550 0.407117 -0.268169
v -1.031759 0.518950 -0.268169
v -0.986899 0.619707 -0.215055
v -0.955855 0.689433 -0.119347
v -0.944775 0.714318 -0.000000
v -0.955855 0.689433 0.119347
v -0.986899 0.619707 0.215055
v -1.031759 0.518950 0.268169
v -1.081550 0.407117 0.268169
v -1.126410 0.306360 0.215055
v -1.157454 0.236633 0.119347
v -1.174318 0.296661 0.000000
v -1.166269 0.314741 -0.086710
v -1.143714 0.365400 -0.156247
v -1.111121 0.438605 -0.194836
v -1.074946 0.519856 -0.194836
v -1.042353 0.593060 -0.156247
v -1.019798 0.643719 -0.086710
v -1.011748 0.661799 -0.000000
v -1.019798 0.643719 0.086710
v -1.042353 0.593060 0.156247
v -1.074946 0.519856 0.194836
v -1.111121 0.438605 0.194836
v -1.143714 0.365400 0.156247
v -1.166269 0.314741 0.086710
v -1.159124 0.393647 0.000000
v -1.154892 0.403152 -0.045586
v -1.143034 0.429785 -0.082144
v -1.125899 0.468271 -0.102432
v -1.106881 0.510987 -0.102432
v -1.089746 0.549473 -0.082144
v -1.077888 0.576106 -0.045586
v -1.073656 0.585612 -0.000000
v -1.077888 0.576106 0.045586
v -1.089746 0.549473 0.082144
v -1.106881 0.510987 0.102432
v -1.125899 0.468271 0.102432
v -1.143034 0.429785 0.082144
v -1.154892 0.403152 0.045586
v -1.124438 0.493212 0.000000
v -1.071614 0.140457 0.000000
v -1.059499 0.167668 -0.130500
v -1.025554 0.243911 -0.235154
v -0.976501 0.354085 -0.293232
v -0.922057 0.476369 -0.293232
v -0.873004 0.586543 -0.235154
v -0.839059 0.662786 -0.130500
v -0.826944 0.689996 -0.000000
v -0.839059 0.662786 0.130500
v -0.873004 0.586543 0.235154
v -0.922057 0.476369 0.293232
v -0.976501 0.354085 0.293232
v -1.025554 0.243911 0.235154
v -1.059499 0.167668 0.130500
v -1.108700 0.172243 0.000000
v -1.097147 0.198192 -0.124446
v -1.064777 0.270897 -0.224244
v -1.018000 0.375960 -0.279627
v -0.966081 0.492571 -0.279627
v -0.919304 0.597633 -0.224244
v -0.886934 0.670339 -0.124446
v -0.875381 0.696287 -0.000000
v -0.886934 0.670339 0.124446
v -0.919304 0.597633 0.224244
v -0.966081 0.492571 0.279627
v -1.018000 0.375960 0.279627
v -1.064777 0.270897 0.224244
v -1.097147 0.198192 0.124446
v -1.128851 0.221647 0.000000
v -1.118786 0.244254 -0.108420
v -1.090584 0.307597 -0.195366
v -1.049831 0.399129 -0.243617
v -1.004599 0.500723 -0.243617
v -0.963846 0.592255 -0.195366
v -0.935644 0.655598 -0.108420
v -0.925579 0.678205 -0.000000
v -0.935644 0.655598 0.108420
v -0.963846 0.592255 0.195366
v -1.004599 0.500723 0.243617
v -1.049831 0.399129 0.243617
v -1.090584 0.307597 0.195366
v -1.118786 0.244254 0.108420
v -1.133932 0.295489 0.000000
v -1.126501 0.312179 -0.080048
v -1.105679 0.358946 -0.144241
v -1.075590 0.426526 -0.179866
v -1.042195 0.501534 -0.179866
v -1.012106 0.569113 -0.144241
v -0.991285 0.615880 -0.080048
v -0.983853 0.632571 -0.000000
v -0.991285 0.615880 0.080048
v -1.012106 0.569113 0.144241
v -1.042195 0.501534 0.179866
v -1.075590 0.426526 0.179866
v -1.105679 0.358946 0.144241
v -1.126501 0.312179 0.080048
v -1.120002 0.384374 0.000000
v -1.116069 0.393206 -0.042358
v -1.105051 0.417953 -0.076326
v -1.089130 0.453713 -0.095177
v -1.071459 0.493404 -0.095177
v -1.055537 0.529164 -0.076326
v -1.044519 0.553911 -0.042358
v -1.040587 0.562743 -0.000000
v -1.044519 0.553911 0.042358
v -1.055537 0.529164 0.076326
v -1.071459 0.493404 0.095177
v -1.089130 0.453713 0.095177
v -1.105051 0.417953 0.076326
v -1.116069 0.393206 0.042358
v -1.087761 0.476883 -0.000000
vn 0.6365 -0.7411 -0.2136
vn 0.5611 -0.5718 -0.5985
vn 0.4252 -0.2666 -0.8649
vn 0.2558 0.1139 -0.9600
vn 0.0864 0.4944 -0.8649
vn -0.0495 0.7996 -0.5985
vn -0.1249 0.9689 -0.2136
vn -0.1249 0.9689 0.2136
vn -0.0495 0.7996 0.5985
vn 0.0864 0.4944 0.8649
vn 0.2558 0.1139 0.9600
vn 0.4252 -0.2666 0.8649
vn 0.5611 -0.5718 0.5985
vn 0.6365 -0.7411 0.2136
vn 0.9143 -0.3712 -0.1623
vn 0.8570 -0.2425 -0.4547
vn 0.7538 -0.0107 -0.6570
vn 0.6251 0.2783 -0.7292
vn 0.4964 0.5674 -0.6570
vn 0.3932 0.7992 -0.4547
vn 0.3359 0.9278 -0.1623
vn 0.3359 0.9278 0.1623
vn 0.3932 0.7992 0.4547
vn 0.4964 0.5674 0.6570
vn 0.6251 0.2783 0.7292
vn 0.7538 -0.0107 0.6570
vn 0.8570 -0.2425 0.4547
vn 0.9143 -0.3712 0.1623
vn 0.9920 -0.0676 -0.1062
vn 0.9546 0.0166 -0.2975
vn 0.8870 0.1683 -0.4299
vn 0.8028 0.3574 -0.4772
vn 0.7186 0.5466 -0.4299
vn 0.6511 0.6983 -0.2975
vn 0.6136 0.7825 -0.1062
vn 0.6136 0.7825 0.1062
vn 0.6511 0.6983 0.2975
vn 0.7186 0.5466 0.4299
vn 0.8028 0.3574 0.4772
vn 0.8870 0.1683 0.4299
vn 0.9546 0.0166 0.2975
vn 0.9920 -0.0676 0.1062
vn 0.9862 0.1545 -0.0593
vn 0.9653 0.2015 -0.1663
vn 0.9275 0.2863 -0.2403
vn 0.8805 0.3920 -0.2667
vn 0.8334 0.4977 -0.2403
vn 0.7957 0.5825 -0.1663
vn 0.7747 0.6295 -0.0593
vn 0.7747 0.6295 0.0593
vn 0.7957 0.5825 0.1663
vn 0.8334 0.4977 0.2403
vn 0.8805 0.3920 0.2667
vn 0.9275 0.2863 0.2403
vn 0.9653 0.2015 0.1663
vn 0.9862 0.1545 0.0593
vn 0.9442 0.3289 -0.0191
vn 0.9374 0.3440 -0.0534
vn 0.9253 0.3713 -0.0772
vn 0.9102 0.4052 -0.0857
vn 0.8951 0.4392 -0.0772
vn 0.8829 0.4664 -0.0534
vn 0.8762 0.4816 -0.0191
vn 0.8762 0.4816 0.0191
vn 0.8829 0.4664 0.0534
vn 0.8951 0.4392 0.0772
vn 0.9102 0.4052 0.0857
vn 0.9253 0.3713 0.0772
vn 0.9374 0.3440 0.0534
vn 0.9442 0.3289 0.0191
vn -0.6357 0.7417 0.2137
vn -0.5603 0.5723 0.5987
vn -0.4244 0.2671 0.8652
vn -0.2550 -0.1135 0.9603
vn -0.0855 -0.4941 0.8652
vn 0.0504 -0.7994 0.5987
vn 0.1258 -0.9688 0.2137
vn 0.1258 -0.9688 -0.2137
vn 0.0504 -0.7994 -0.5987
vn -0.0855 -0.4941 -0.8652
vn -0.2550 -0.1135 -0.9603
vn -0.4244 0.2671 -0.8652
vn -0.5603 0.5723 -0.5987
vn -0.6357 0.7417 -0.2137
vn -0.9136 0.3727 0.1625
vn -0.8563 0.2438 0.4554
vn -0.7529 0.0117 0.6580
vn -0.6240 -0.2778 0.7304
vn -0.4951 -0.5673 0.6580
vn -0.3918 -0.7995 0.4554
vn -0.3344 -0.9283 0.1625
vn -0.3344 -0.9283 -0.1625
vn -0.3918 -0.7995 -0.4554
vn -0.4951 -0.5673 -0.6580
vn -0.6240 -0.2778 -0.7304
vn -0.7529 0.0117 -0.6580
vn -0.8563 0.2438 -0.4554
vn -0.9136 0.3727 -0.1625
vn -0.9920 0.0683 0.1063
vn -0.9545 -0.0160 0.2979
vn -0.8868 -0.1679 0.4305
vn -0.8025 -0.3573 0.4778
vn -0.7182 -0.5467 0.4305
vn -0.6506 -0.6986 0.2979
vn -0.6130 -0.7829 0.1063
vn -0.6130 -0.7829 -0.1063
vn -0.6506 -0.6986 -0.2979
vn -0.7182 -0.5467 -0.4305
vn -0.8025 -0.3573 -0.4778
vn -0.8868 -0.1679 -0.4305
vn -0.9545 -0.0160 -0.2979
vn -0.9920 0.0683 -0.1063
vn -0.9862 -0.1546 0.0593
vn -0.9653 -0.2016 0.1662
vn -0.9275 -0.2863 0.2402
vn -0.8805 -0.3920 0.2666
vn -0.8334 -0.4977 0.2402
vn -0.7957 -0.5824 0.1662
vn -0.7748 -0.6295 0.0593
vn -0.7748 -0.6295 -0.0593
vn -0.7957 -0.5824 -0.1662
vn -0.8334 -0.4977 -0.2402
vn -0.8805 -0.3920 -0.2666
vn -0.9275 -0.2863 -0.2402
vn -0.9653 -0.2016 -0.1662
vn -0.9862 -0.1546 -0.0593
vn -0.9441 -0.3290 0.0190
vn -0.9374 -0.3441 0.0534
vn -0.9253 -0.3713 0.0771
vn -0.9102 -0.4052 0.0856
vn -0.8951 -0.4392 0.0771
vn -0.8830 -0.4664 0.0534
vn -0.8763 -0.4815 0.0190
vn -0.8763 -0.4815 -0.0190
vn -0.8830 -0.4664 -0.0534
vn -0.8951 -0.4392 -0.0771
vn -0.9102 -0.4052 -0.0856
vn -0.9253 -0.3713 -0.0771
vn -0.9374 -0.3441 -0.0534
vn -0.9441 -0.3290 -0.0190
vn -0.7570 -0.6501 -0.0653
vn -0.7801 -0.5984 -0.1829
vn -0.8216 -0.5051 -0.2643
vn -0.8734 -0.3888 -0.2934
vn -0.9251 -0.2726 -0.2643
vn -0.9666 -0.1793 -0.1829
vn -0.9897 -0.1276 -0.0653
vn -0.9897 -0.1276 0.0653
vn -0.9666 -0.1793 0.1829
vn -0.9251 -0.2726 0.2643
vn -0.8734 -0.3888 0.2934
vn -0.8216 -0.5051 0.2643
vn -0.7801 -0.5984 0.1829
vn -0.7570 -0.6501 0.0653
vn -0.6365 -0.7411 -0.2136
vn -0.5611 -0.5718 -0.5986
vn -0.4252 -0.2666 -0.8649
vn -0.2558 0.1139 -0.9600
vn -0.0864 0.4944 -0.8649
vn 0.0495 0.7996 -0.5985
vn 0.1249 0.9689 -0.2136
vn 0.1249 0.9689 0.2136
vn 0.0495 0.7996 0.5985
vn -0.0864 0.4944 0.8649
vn -0.2558 0.1139 0.9600
vn -0.4252 -0.2666 0.8649
vn -0.5611 -0.5718 0.5986
vn -0.6365 -0.7411 0.2136
vn -0.9143 -0.3712 -0.1623
vn -0.8570 -0.2425 -0.4547
vn -0.7538 -0.0107 -0.6570
vn -0.6251 0.2783 -0.7292
vn -0.4964 0.5674 -0.6570
vn -0.3932 0.7992 -0.4547
vn -0.3359 0.9278 -0.1623
vn -0.3359 0.9278 0.1623
vn -0.3932 0.7992 0.4547
vn -0.4964 0.5674 0.6570
vn -0.6251 0.2783 0.7292
vn -0.7538 -0.0107 0.6570
vn -0.8570 -0.2425 0.4547
vn -0.9143 -0.3712 0.1623
vn -0.9920 -0.0676 -0.1062
vn -0.9546 0.0166 -0.2975
vn -0.8870 0.1683 -0.4299
vn -0.8028 0.3574 -0.4772
vn -0.7186 0.5466 -0.4299
vn -0.6511 0.6983 -0.2975
vn -0.6136 0.7825 -0.1062
vn -0.6136 0.7825 0.1062
vn -0.6511 0.6983 0.2975
vn -0.7186 0.5466 0.4299
vn -0.8028 0.3574 0.4772
vn -0.8870 0.1683 0.4299
vn -0.9546 0.0166 0.2975
vn -0.9920 -0.0676 0.1062
vn -0.9862 0.1545 -0.0593
vn -0.9653 0.2015 -0.1663
vn -0.9275 0.2863 -0.2403
vn -0.8805 0.3920 -0.2667
vn -0.8334 0.4977 -0.2403
vn -0.7957 0.5825 -0.1663
vn -0.7747 0.6295 -0.0593
vn -0.7747 0.6295 0.0593
vn -0.7957 0.5825 0.1663
vn -0.8334 0.4977 0.2403
vn -0.8805 0.3920 0.2667
vn -0.9275 0.2863 0.2403
vn -0.9653 0.2015 0.1663
vn -0.9862 0.1545 0.0593
vn -0.9442 0.3289 -0.0191
vn -0.9374 0.3440 -0.0534
vn -0.9253 0.3713 -0.0772
vn -0.9102 0.4052 -0.0857
vn -0.8951 0.4392 -0.0772
vn -0.8829 0.4664 -0.0534
vn -0.8762 0.4816 -0.0191
vn -0.8762 0.4816 0.0191
vn -0.8829 0.4664 0.0534
vn -0.8951 0.4392 0.0772
vn -0.9102 0.4052 0.0857
vn -0.9253 0.3713 0.0772
vn -0.9374 0.3440 0.0534
vn -0.9442 0.3289 0.0191
vn 0.6357 0.7417 0.2137
vn 0.5603 0.5723 0.5987
vn 0.4244 0.2671 0.8652
vn 0.2550 -0.1135 0.9603
vn 0.0855 -0.4941 0.8652
vn -0.0504 -0.7994 0.5987
vn -0.1258 -0.9688 0.2137
vn -0.1258 -0.9688 -0.2137
vn -0.0504 -0.7994 -0.5987
vn 0.0855 -0.4941 -0.8652
vn 0.2550 -0.1135 -0.9603
vn 0.4244 0.2671 -0.8652
vn 0.5603 0.5723 -0.5987
vn 0.6357 0.7417 -0.2137
vn 0.9136 0.3727 0.1625
vn 0.8563 0.2438 0.4554
vn 0.7529 0.0117 0.6580
vn 0.6240 -0.2778 0.7304
vn 0.4951 -0.5673 0.6580
vn 0.3918 -0.7995 0.4554
vn 0.3344 -0.9283 0.1625
vn 0.3344 -0.9283 -0.1625
vn 0.3918 -0.7995 -0.4554
vn 0.4951 -0.5673 -0.6580
vn 0.6240 -0.2778 -0.7304
vn 0.7529 0.0117 -0.6580
vn 0.8563 0.2438 -0.4554
vn 0.9136 0.3727 -0.1625
vn 0.9920 0.0683 0.1063
vn 0.9545 -0.0160 0.2979
vn 0.8868 -0.1679 0.4305
vn 0.8025 -0.3573 0.4778
vn 0.7182 -0.5467 0.4305
vn 0.6506 -0.6986 0.2979
vn 0.6130 -0.7829 0.1063
vn 0.6130 -0.7829 -0.1063
vn 0.6506 -0.6986 -0.2979
vn 0.7182 -0.5467 -0.4305
vn 0.8025 -0.3573 -0.4778
vn 0.8868 -0.1679 -0.4305
vn 0.9545 -0.0160 -0.2979
vn 0.9920 0.0683 -0.1063
vn 0.9862 -0.1546 0.0593
vn 0.9653 -0.2016 0.1662
vn 0.9275 -0.2863 0.2402
vn 0.8805 -0.3920 0.2666
vn 0.8334 -0.4977 0.2402
vn 0.7957 -0.5824 0.1662
vn 0.7748 -0.6295 0.0593
vn 0.7748 -0.6295 -0.0593
vn 0.7957 -0.5824 -0.1662
vn 0.8334 -0.4977 -0.2402
vn 0.8805 -0.3920 -0.2666
vn 0.9275 -0.2863 -0.2402
vn 0.9653 -0.2016 -0.1662
vn 0.9862 -0.1546 -0.0593
vn 0.9441 -0.3290 0.0190
vn 0.9374 -0.3441 0.0534
vn 0.9253 -0.3713 0.0771
vn 0.9102 -0.4052 0.0856
vn 0.8951 -0.4392 0.0771
vn 0.8830 -0.4664 0.0533
vn 0.8763 -0.4815 0.0190
vn 0.8763 -0.4815 -0.0190
vn 0.8830 -0.4664 -0.0533
vn 0.8951 -0.4392 -0.0771
vn 0.9102 -0.4052 -0.0856
vn 0.9253 -0.3713 -0.0771
vn 0.9374 -0.3441 -0.0534
vn 0.9441 -0.3290 -0.0190
vn 0.7570 -0.6501 -0.0653
vn 0.7801 -0.5984 -0.1829
vn 0.8216 -0.5051 -0.2643
vn 0.8734 -0.3888 -0.2934
vn 0.9251 -0.2726 -0.2643
vn 0.9666 -0.1793 -0.1829
vn 0.9897 -0.1276 -0.0653
vn 0.9897 -0.1276 0.0653
vn 0.9666 -0.1793 0.1829
vn 0.9251 -0.2726 0.2643
vn 0.8734 -0.3888 0.2934
vn 0.8216 -0.5051 0.2643
vn 0.7801 -0.5984 0.1829
vn 0.7570 -0.6501 0.0653
vn -0.5611 -0.5718 -0.5985
vn -0.5611 -0.5718 0.5985
vn 0.8733 -0.3888 -0.2934
s 0
g F_Pauldron3.001_brigandine_shade
usemtl brigandine_shade
f 2021//2829 2034//2829 2020//2829
f 2022//2830 2035//2830 2021//2830
f 2022//2831 2037//2831 2036//2831
f 2024//2832 2037//2832 2023//2832
f 2025//2833 2038//2833 2024//2833
f 2026//2834 2039//2834 2025//2834
f 2027//2835 2040//2835 2026//2835
f 2028//2836 2041//2836 2027//2836
f 2029//2837 2042//2837 2028//2837
f 2029//2838 2044//2838 2043//2838
f 2031//2839 2044//2839 2030//2839
f 2032//2840 2045//2840 2031//2840
f 2033//2841 2046//2841 2032//2841
f 2020//2842 2047//2842 2033//2842
f 2035//2843 2048//2843 2034//2843
f 2036//2844 2049//2844 2035//2844
f 2037//2845 2050//2845 2036//2845
f 2038//2846 2051//2846 2037//2846
f 2038//2847 2053//2847 2052//2847
f 2040//2848 2053//2848 2039//2848
f 2040//2849 2055//2849 2054//2849
f 2042//2850 2055//2850 2041//2850
f 2043//2851 2056//2851 2042//2851
f 2044//2852 2057//2852 2043//2852
f 2045//2853 2058//2853 2044//2853
f 2045//2854 2060//2854 2059//2854
f 2047//2855 2060//2855 2046//2855
f 2047//2856 2048//2856 2061//2856
f 2049//2857 2062//2857 2048//2857
f 2050//2858 2063//2858 2049//2858
f 2051//2859 2064//2859 2050//2859
f 2052//2860 2065//2860 2051//2860
f 2053//2861 2066//2861 2052//2861
f 2054//2862 2067//2862 2053//2862
f 2055//2863 2068//2863 2054//2863
f 2056//2864 2069//2864 2055//2864
f 2057//2865 2070//2865 2056//2865
f 2058//2866 2071//2866 2057//2866
f 2059//2867 2072//2867 2058//2867
f 2060//2868 2073//2868 2059//2868
f 2061//2869 2074//2869 2060//2869
f 2048//2870 2075//2870 2061//2870
f 2063//2871 2076//2871 2062//2871
f 2063//2872 2078//2872 2077//2872
f 2065//2873 2078//2873 2064//2873
f 2066//2874 2079//2874 2065//2874
f 2067//2875 2080//2875 2066//2875
f 2068//2876 2081//2876 2067//2876
f 2069//2877 2082//2877 2068//2877
f 2070//2878 2083//2878 2069//2878
f 2070//2879 2085//2879 2084//2879
f 2072//2880 2085//2880 2071//2880
f 2073//2881 2086//2881 2072//2881
f 2074//2882 2087//2882 2073//2882
f 2075//2883 2088//2883 2074//2883
f 2062//2884 2089//2884 2075//2884
f 2076//2885 2077//2885 2090//2885
f 2077//2886 2078//2886 2090//2886
f 2078//2887 2079//2887 2090//2887
f 2079//2888 2080//2888 2090//2888
f 2080//2889 2081//2889 2090//2889
f 2081//2890 2082//2890 2090//2890
f 2082//2891 2083//2891 2090//2891
f 2083//2892 2084//2892 2090//2892
f 2084//2893 2085//2893 2090//2893
f 2085//2894 2086//2894 2090//2894
f 2086//2895 2087//2895 2090//2895
f 2087//2896 2088//2896 2090//2896
f 2088//2897 2089//2897 2090//2897
f 2089//2898 2076//2898 2090//2898
f 2105//2899 2092//2899 2091//2899
f 2106//2900 2093//2900 2092//2900
f 2107//2901 2094//2901 2093//2901
f 2108//2902 2095//2902 2094//2902
f 2109//2903 2096//2903 2095//2903
f 2096//2904 2111//2904 2097//2904
f 2097//2905 2112//2905 2098//2905
f 2112//2906 2099//2906 2098//2906
f 2113//2907 2100//2907 2099//2907
f 2114//2908 2101//2908 2100//2908
f 2115//2909 2102//2909 2101//2909
f 2116//2910 2103//2910 2102//2910
f 2103//2911 2118//2911 2104//2911
f 2104//2912 2105//2912 2091//2912
f 2119//2913 2106//2913 2105//2913
f 2120//2914 2107//2914 2106//2914
f 2121//2915 2108//2915 2107//2915
f 2108//2916 2123//2916 2109//2916
f 2109//2917 2124//2917 2110//2917
f 2124//2918 2111//2918 2110//2918
f 2125//2919 2112//2919 2111//2919
f 2126//2920 2113//2920 2112//2920
f 2127//2921 2114//2921 2113//2921
f 2128//2922 2115//2922 2114//2922
f 2115//2923 2130//2923 2116//2923
f 2116//2924 2131//2924 2117//2924
f 2131//2925 2118//2925 2117//2925
f 2132//2926 2105//2926 2118//2926
f 2119//2927 2134//2927 2120//2927
f 2134//2928 2121//2928 2120//2928
f 2135//2929 2122//2929 2121//2929
f 2136//2930 2123//2930 2122//2930
f 2123//2931 2138//2931 2124//2931
f 2138//2932 2125//2932 2124//2932
f 2139//2933 2126//2933 2125//2933
f 2126//2934 2141//2934 2127//2934
f 2141//2935 2128//2935 2127//2935
f 2142//2936 2129//2936 2128//2936
f 2143//2937 2130//2937 2129//2937
f 2130//2938 2145//2938 2131//2938
f 2145//2939 2132//2939 2131//2939
f 2146//2940 2119//2940 2132//2940
f 2147//2941 2134//2941 2133//2941
f 2148//2942 2135//2942 2134//2942
f 2149//2943 2136//2943 2135//2943
f 2150//2944 2137//2944 2136//2944
f 2151//2945 2138//2945 2137//2945
f 2152//2946 2139//2946 2138//2946
f 2153//2947 2140//2947 2139//2947
f 2154//2948 2141//2948 2140//2948
f 2155//2949 2142//2949 2141//2949
f 2156//2950 2143//2950 2142//2950
f 2157//2951 2144//2951 2143//2951
f 2158//2952 2145//2952 2144//2952
f 2159//2953 2146//2953 2145//2953
f 2160//2954 2133//2954 2146//2954
f 2147//2955 2161//2955 2148//2955
f 2148//2956 2161//2956 2149//2956
f 2149//2957 2161//2957 2150//2957
f 2150//2958 2161//2958 2151//2958
f 2151//2959 2161//2959 2152//2959
f 2152//2960 2161//2960 2153//2960
f 2153//2961 2161//2961 2154//2961
f 2154//2962 2161//2962 2155//2962
f 2155//2963 2161//2963 2156//2963
f 2156//2964 2161//2964 2157//2964
f 2157//2965 2161//2965 2158//2965
f 2158//2966 2161//2966 2159//2966
f 2159//2967 2161//2967 2160//2967
f 2160//2968 2161//2968 2147//2968
f 2020//2969 2092//2969 2021//2969
f 2021//2970 2093//2970 2022//2970
f 2022//2971 2094//2971 2023//2971
f 2023//2972 2095//2972 2024//2972
f 2024//2973 2096//2973 2025//2973
f 2025//2974 2097//2974 2026//2974
f 2026//2975 2098//2975 2027//2975
f 2027//2976 2099//2976 2028//2976
f 2028//2977 2100//2977 2029//2977
f 2029//2978 2101//2978 2030//2978
f 2030//2979 2102//2979 2031//2979
f 2031//2980 2103//2980 2032//2980
f 2032//2981 2104//2981 2033//2981
f 2033//2982 2091//2982 2020//2982
f 2162//2983 2177//2983 2163//2983
f 2177//2984 2164//2984 2163//2984
f 2178//2985 2165//2985 2164//2985
f 2179//2986 2166//2986 2165//2986
f 2166//2987 2181//2987 2167//2987
f 2167//2988 2182//2988 2168//2988
f 2168//2989 2183//2989 2169//2989
f 2183//2990 2170//2990 2169//2990
f 2184//2991 2171//2991 2170//2991
f 2185//2992 2172//2992 2171//2992
f 2172//2993 2187//2993 2173//2993
f 2173//2994 2188//2994 2174//2994
f 2174//2995 2189//2995 2175//2995
f 2189//2996 2162//2996 2175//2996
f 2190//2997 2177//2997 2176//2997
f 2177//2998 2192//2998 2178//2998
f 2178//2999 2193//2999 2179//2999
f 2193//3000 2180//3000 2179//3000
f 2180//3001 2195//3001 2181//3001
f 2181//3002 2196//3002 2182//3002
f 2182//3003 2197//3003 2183//3003
f 2197//3004 2184//3004 2183//3004
f 2198//3005 2185//3005 2184//3005
f 2199//3006 2186//3006 2185//3006
f 2186//3007 2201//3007 2187//3007
f 2201//3008 2188//3008 2187//3008
f 2202//3009 2189//3009 2188//3009
f 2203//3010 2176//3010 2189//3010
f 2190//3011 2205//3011 2191//3011
f 2205//3012 2192//3012 2191//3012
f 2192//3013 2207//3013 2193//3013
f 2207//3014 2194//3014 2193//3014
f 2208//3015 2195//3015 2194//3015
f 2209//3016 2196//3016 2195//3016
f 2196//3017 2211//3017 2197//3017
f 2211//3018 2198//3018 2197//3018
f 2198//3019 2213//3019 2199//3019
f 2199//3020 2214//3020 2200//3020
f 2200//3021 2215//3021 2201//3021
f 2215//3022 2202//3022 2201//3022
f 2202//3023 2217//3023 2203//3023
f 2217//3024 2190//3024 2203//3024
f 2204//3025 2219//3025 2205//3025
f 2219//3026 2206//3026 2205//3026
f 2206//3027 2221//3027 2207//3027
f 2207//3028 2222//3028 2208//3028
f 2222//3029 2209//3029 2208//3029
f 2223//3030 2210//3030 2209//3030
f 2224//3031 2211//3031 2210//3031
f 2225//3032 2212//3032 2211//3032
f 2212//3033 2227//3033 2213//3033
f 2213//3034 2228//3034 2214//3034
f 2228//3035 2215//3035 2214//3035
f 2229//3036 2216//3036 2215//3036
f 2216//3037 2231//3037 2217//3037
f 2217//3038 2218//3038 2204//3038
f 2218//3039 2232//3039 2219//3039
f 2219//3040 2232//3040 2220//3040
f 2220//3041 2232//3041 2221//3041
f 2221//3042 2232//3042 2222//3042
f 2222//3043 2232//3043 2223//3043
f 2223//3044 2232//3044 2224//3044
f 2224//3045 2232//3045 2225//3045
f 2225//3046 2232//3046 2226//3046
f 2226//3047 2232//3047 2227//3047
f 2227//3048 2232//3048 2228//3048
f 2228//3049 2232//3049 2229//3049
f 2229//3050 2232//3050 2230//3050
f 2230//3051 2232//3051 2231//3051
f 2231//3052 2232//3052 2218//3052
f 2234//3053 2247//3053 2233//3053
f 2235//3054 2248//3054 2234//3054
f 2235//3055 2250//3055 2249//3055
f 2237//3056 2250//3056 2236//3056
f 2238//3057 2251//3057 2237//3057
f 2238//3058 2253//3058 2252//3058
f 2240//3059 2253//3059 2239//3059
f 2241//3060 2254//3060 2240//3060
f 2242//3061 2255//3061 2241//3061
f 2242//3062 2257//3062 2256//3062
f 2243//3063 2258//3063 2257//3063
f 2244//3064 2259//3064 2258//3064
f 2246//3065 2259//3065 2245//3065
f 2233//3066 2260//3066 2246//3066
f 2247//3067 2262//3067 2261//3067
f 2249//3068 2262//3068 2248//3068
f 2250//3069 2263//3069 2249//3069
f 2250//3070 2265//3070 2264//3070
f 2251//3071 2266//3071 2265//3071
f 2253//3072 2266//3072 2252//3072
f 2254//3073 2267//3073 2253//3073
f 2254//3074 2269//3074 2268//3074
f 2255//3075 2270//3075 2269//3075
f 2257//3076 2270//3076 2256//3076
f 2258//3077 2271//3077 2257//3077
f 2258//3078 2273//3078 2272//3078
f 2259//3079 2274//3079 2273//3079
f 2247//3080 2274//3080 2260//3080
f 2262//3081 2275//3081 2261//3081
f 2262//3082 2277//3082 2276//3082
f 2263//3083 2278//3083 2277//3083
f 2265//3084 2278//3084 2264//3084
f 2266//3085 2279//3085 2265//3085
f 2266//3086 2281//3086 2280//3086
f 2268//3087 2281//3087 2267//3087
f 2269//3088 2282//3088 2268//3088
f 2270//3089 2283//3089 2269//3089
f 2271//3090 2284//3090 2270//3090
f 2272//3091 2285//3091 2271//3091
f 2273//3092 2286//3092 2272//3092
f 2274//3093 2287//3093 2273//3093
f 2274//3094 2275//3094 2288//3094
f 2276//3095 2289//3095 2275//3095
f 2276//3096 2291//3096 2290//3096
f 2277//3097 2292//3097 2291//3097
f 2279//3098 2292//3098 2278//3098
f 2279//3099 2294//3099 2293//3099
f 2281//3100 2294//3100 2280//3100
f 2281//3101 2296//3101 2295//3101
f 2283//3102 2296//3102 2282//3102
f 2284//3103 2297//3103 2283//3103
f 2285//3104 2298//3104 2284//3104
f 2286//3105 2299//3105 2285//3105
f 2287//3106 2300//3106 2286//3106
f 2288//3107 2301//3107 2287//3107
f 2275//3108 2302//3108 2288//3108
f 2289//3109 2290//3109 2303//3109
f 2290//3110 2291//3110 2303//3110
f 2291//3111 2292//3111 2303//3111
f 2292//3112 2293//3112 2303//3112
f 2293//3113 2294//3113 2303//3113
f 2294//3114 2295//3114 2303//3114
f 2295//3115 2296//3115 2303//3115
f 2296//3116 2297//3116 2303//3116
f 2297//3117 2298//3117 2303//3117
f 2298//3118 2299//3118 2303//3118
f 2299//3119 2300//3119 2303//3119
f 2300//3120 2301//3120 2303//3120
f 2301//3121 2302//3121 2303//3121
f 2302//3122 2289//3122 2303//3122
f 2234//3123 2162//3123 2163//3123
f 2235//3124 2163//3124 2164//3124
f 2165//3125 2235//3125 2164//3125
f 2166//3126 2236//3126 2165//3126
f 2238//3127 2166//3127 2167//3127
f 2168//3128 2238//3128 2167//3128
f 2169//3129 2239//3129 2168//3129
f 2241//3130 2169//3130 2170//3130
f 2242//3131 2170//3131 2171//3131
f 2172//3132 2242//3132 2171//3132
f 2173//3133 2243//3133 2172//3133
f 2174//3134 2244//3134 2173//3134
f 2175//3135 2245//3135 2174//3135
f 2162//3136 2246//3136 2175//3136
f 2021//2829 2035//2829 2034//2829
f 2022//2830 2036//2830 2035//2830
f 2022//2831 2023//2831 2037//2831
f 2024//2832 2038//2832 2037//2832
f 2025//2833 2039//2833 2038//2833
f 2026//2834 2040//2834 2039//2834
f 2027//2835 2041//2835 2040//2835
f 2028//2836 2042//2836 2041//2836
f 2029//2837 2043//2837 2042//2837
f 2029//2838 2030//2838 2044//2838
f 2031//2839 2045//2839 2044//2839
f 2032//2840 2046//2840 2045//2840
f 2033//2841 2047//2841 2046//2841
f 2020//2842 2034//2842 2047//2842
f 2035//2843 2049//2843 2048//2843
f 2036//2844 2050//2844 2049//2844
f 2037//2845 2051//2845 2050//2845
f 2038//2846 2052//2846 2051//2846
f 2038//2847 2039//2847 2053//2847
f 2040//2848 2054//2848 2053//2848
f 2040//2849 2041//2849 2055//2849
f 2042//2850 2056//2850 2055//2850
f 2043//2851 2057//2851 2056//2851
f 2044//2852 2058//2852 2057//2852
f 2045//2853 2059//2853 2058//2853
f 2045//2854 2046//2854 2060//2854
f 2047//2855 2061//2855 2060//2855
f 2047//2856 2034//2856 2048//2856
f 2049//2857 2063//2857 2062//2857
f 2050//2858 2064//2858 2063//2858
f 2051//2859 2065//2859 2064//2859
f 2052//2860 2066//2860 2065//2860
f 2053//2861 2067//2861 2066//2861
f 2054//2862 2068//2862 2067//2862
f 2055//2863 2069//2863 2068//2863
f 2056//2864 2070//2864 2069//2864
f 2057//2865 2071//2865 2070//2865
f 2058//2866 2072//2866 2071//2866
f 2059//2867 2073//2867 2072//2867
f 2060//2868 2074//2868 2073//2868
f 2061//2869 2075//2869 2074//2869
f 2048//2870 2062//2870 2075//2870
f 2063//2871 2077//2871 2076//2871
f 2063//2872 2064//2872 2078//2872
f 2065//2873 2079//2873 2078//2873
f 2066//2874 2080//2874 2079//2874
f 2067//2875 2081//2875 2080//2875
f 2068//2876 2082//2876 2081//2876
f 2069//2877 2083//2877 2082//2877
f 2070//2878 2084//2878 2083//2878
f 2070//2879 2071//2879 2085//2879
f 2072//2880 2086//2880 2085//2880
f 2073//2881 2087//2881 2086//2881
f 2074//2882 2088//2882 2087//2882
f 2075//2883 2089//2883 2088//2883
f 2062//2884 2076//2884 2089//2884
f 2105//2899 2106//2899 2092//2899
f 2106//2900 2107//2900 2093//2900
f 2107//2901 2108//2901 2094//2901
f 2108//2902 2109//2902 2095//2902
f 2109//2903 2110//2903 2096//2903
f 2096//2904 2110//2904 2111//2904
f 2097//2905 2111//2905 2112//2905
f 2112//2906 2113//2906 2099//2906
f 2113//2907 2114//2907 2100//2907
f 2114//2908 2115//2908 2101//2908
f 2115//2909 2116//2909 2102//2909
f 2116//2910 2117//2910 2103//2910
f 2103//2911 2117//2911 2118//2911
f 2104//2912 2118//2912 2105//2912
f 2119//2913 2120//2913 2106//2913
f 2120//2914 2121//2914 2107//2914
f 2121//2915 2122//2915 2108//2915
f 2108//2916 2122//2916 2123//2916
f 2109//2917 2123//2917 2124//2917
f 2124//2918 2125//2918 2111//2918
f 2125//2919 2126//2919 2112//2919
f 2126//2920 2127//2920 2113//2920
f 2127//2921 2128//2921 2114//2921
f 2128//2922 2129//2922 2115//2922
f 2115//2923 2129//2923 2130//2923
f 2116//2924 2130//2924 2131//2924
f 2131//2925 2132//2925 2118//2925
f 2132//2926 2119//2926 2105//2926
f 2119//2927 2133//2927 2134//2927
f 2134//2928 2135//2928 2121//2928
f 2135//2929 2136//2929 2122//2929
f 2136//2930 2137//2930 2123//2930
f 2123//2931 2137//2931 2138//2931
f 2138//2932 2139//2932 2125//2932
f 2139//2933 2140//2933 2126//2933
f 2126//2934 2140//2934 2141//2934
f 2141//2935 2142//2935 2128//2935
f 2142//2936 2143//2936 2129//2936
f 2143//2937 2144//2937 2130//2937
f 2130//2938 2144//2938 2145//2938
f 2145//2939 2146//2939 2132//2939
f 2146//2940 2133//2940 2119//2940
f 2147//2941 2148//2941 2134//2941
f 2148//2942 2149//2942 2135//2942
f 2149//2943 2150//2943 2136//2943
f 2150//2944 2151//2944 2137//2944
f 2151//2945 2152//2945 2138//2945
f 2152//2946 2153//2946 2139//2946
f 2153//2947 2154//2947 2140//2947
f 2154//2948 2155//2948 2141//2948
f 2155//2949 2156//2949 2142//2949
f 2156//2950 2157//2950 2143//2950
f 2157//2951 2158//2951 2144//2951
f 2158//2952 2159//2952 2145//2952
f 2159//2953 2160//2953 2146//2953
f 2160//2954 2147//2954 2133//2954
f 2020//2969 2091//2969 2092//2969
f 2021//2970 2092//2970 2093//2970
f 2022//2971 2093//2971 2094//2971
f 2023//2972 2094//2972 2095//2972
f 2024//2973 2095//2973 2096//2973
f 2025//2974 2096//2974 2097//2974
f 2026//2975 2097//2975 2098//2975
f 2027//2976 2098//2976 2099//2976
f 2028//2977 2099//2977 2100//2977
f 2029//2978 2100//2978 2101//2978
f 2030//2979 2101//2979 2102//2979
f 2031//2980 2102//2980 2103//2980
f 2032//2981 2103//2981 2104//2981
f 2033//2982 2104//2982 2091//2982
f 2162//2983 2176//2983 2177//2983
f 2177//3137 2178//3137 2164//3137
f 2178//2985 2179//2985 2165//2985
f 2179//2986 2180//2986 2166//2986
f 2166//2987 2180//2987 2181//2987
f 2167//2988 2181//2988 2182//2988
f 2168//2989 2182//2989 2183//2989
f 2183//2990 2184//2990 2170//2990
f 2184//2991 2185//2991 2171//2991
f 2185//2992 2186//2992 2172//2992
f 2172//2993 2186//2993 2187//2993
f 2173//2994 2187//2994 2188//2994
f 2174//3138 2188//3138 2189//3138
f 2189//2996 2176//2996 2162//2996
f 2190//2997 2191//2997 2177//2997
f 2177//2998 2191//2998 2192//2998
f 2178//2999 2192//2999 2193//2999
f 2193//3000 2194//3000 2180//3000
f 2180//3001 2194//3001 2195//3001
f 2181//3002 2195//3002 2196//3002
f 2182//3003 2196//3003 2197//3003
f 2197//3004 2198//3004 2184//3004
f 2198//3005 2199//3005 2185//3005
f 2199//3006 2200//3006 2186//3006
f 2186//3007 2200//3007 2201//3007
f 2201//3008 2202//3008 2188//3008
f 2202//3009 2203//3009 2189//3009
f 2203//3010 2190//3010 2176//3010
f 2190//3011 2204//3011 2205//3011
f 2205//3012 2206//3012 2192//3012
f 2192//3013 2206//3013 2207//3013
f 2207//3014 2208//3014 2194//3014
f 2208//3015 2209//3015 2195//3015
f 2209//3016 2210//3016 2196//3016
f 2196//3017 2210//3017 2211//3017
f 2211//3018 2212//3018 2198//3018
f 2198//3019 2212//3019 2213//3019
f 2199//3020 2213//3020 2214//3020
f 2200//3021 2214//3021 2215//3021
f 2215//3022 2216//3022 2202//3022
f 2202//3023 2216//3023 2217//3023
f 2217//3024 2204//3024 2190//3024
f 2204//3025 2218//3025 2219//3025
f 2219//3026 2220//3026 2206//3026
f 2206//3027 2220//3027 2221//3027
f 2207//3028 2221//3028 2222//3028
f 2222//3029 2223//3029 2209//3029
f 2223//3030 2224//3030 2210//3030
f 2224//3031 2225//3031 2211//3031
f 2225//3032 2226//3032 2212//3032
f 2212//3033 2226//3033 2227//3033
f 2213//3034 2227//3034 2228//3034
f 2228//3035 2229//3035 2215//3035
f 2229//3036 2230//3036 2216//3036
f 2216//3037 2230//3037 2231//3037
f 2217//3038 2231//3038 2218//3038
f 2234//3053 2248//3053 2247//3053
f 2235//3054 2249//3054 2248//3054
f 2235//3055 2236//3055 2250//3055
f 2237//3056 2251//3056 2250//3056
f 2238//3057 2252//3057 2251//3057
f 2238//3058 2239//3058 2253//3058
f 2240//3059 2254//3059 2253//3059
f 2241//3060 2255//3060 2254//3060
f 2242//3061 2256//3061 2255//3061
f 2242//3062 2243//3062 2257//3062
f 2243//3063 2244//3063 2258//3063
f 2244//3064 2245//3064 2259//3064
f 2246//3065 2260//3065 2259//3065
f 2233//3066 2247//3066 2260//3066
f 2247//3067 2248//3067 2262//3067
f 2249//3068 2263//3068 2262//3068
f 2250//3069 2264//3069 2263//3069
f 2250//3070 2251//3070 2265//3070
f 2251//3071 2252//3071 2266//3071
f 2253//3072 2267//3072 2266//3072
f 2254//3073 2268//3073 2267//3073
f 2254//3074 2255//3074 2269//3074
f 2255//3075 2256//3075 2270//3075
f 2257//3076 2271//3076 2270//3076
f 2258//3077 2272//3077 2271//3077
f 2258//3078 2259//3078 2273//3078
f 2259//3079 2260//3079 2274//3079
f 2247//3080 2261//3080 2274//3080
f 2262//3081 2276//3081 2275//3081
f 2262//3082 2263//3082 2277//3082
f 2263//3083 2264//3083 2278//3083
f 2265//3084 2279//3084 2278//3084
f 2266//3085 2280//3085 2279//3085
f 2266//3086 2267//3086 2281//3086
f 2268//3087 2282//3087 2281//3087
f 2269//3088 2283//3088 2282//3088
f 2270//3089 2284//3089 2283//3089
f 2271//3090 2285//3090 2284//3090
f 2272//3091 2286//3091 2285//3091
f 2273//3092 2287//3092 2286//3092
f 2274//3093 2288//3093 2287//3093
f 2274//3094 2261//3094 2275//3094
f 2276//3095 2290//3095 2289//3095
f 2276//3096 2277//3096 2291//3096
f 2277//3097 2278//3097 2292//3097
f 2279//3098 2293//3098 2292//3098
f 2279//3099 2280//3099 2294//3099
f 2281//3100 2295//3100 2294//3100
f 2281//3101 2282//3101 2296//3101
f 2283//3102 2297//3102 2296//3102
f 2284//3103 2298//3103 2297//3103
f 2285//3104 2299//3104 2298//3104
f 2286//3105 2300//3105 2299//3105
f 2287//3106 2301//3106 2300//3106
f 2288//3107 2302//3107 2301//3107
f 2275//3108 2289//3108 2302//3108
f 2234//3123 2233//3123 2162//3123
f 2235//3124 2234//3124 2163//3124
f 2165//3125 2236//3125 2235//3125
f 2166//3139 2237//3139 2236//3139
f 2238//3127 2237//3127 2166//3127
f 2168//3128 2239//3128 2238//3128
f 2169//3129 2240//3129 2239//3129
f 2241//3130 2240//3130 2169//3130
f 2242//3131 2241//3131 2170//3131
f 2172//3132 2243//3132 2242//3132
f 2173//3133 2244//3133 2243//3133
f 2174//3134 2245//3134 2244//3134
f 2175//3135 2246//3135 2245//3135
f 2162//3136 2233//3136 2246//3136
