# Blender 5.2.2 LTS
# www.blender.org
mtllib cotton_robe.mtl
g A_Body.001_A_Body.001
v 1.137534 -1.750000 0.009432
v 1.042971 -1.750000 -0.167298
v 1.006699 -1.750000 -0.319427
v 1.007744 -1.750000 -0.490038
v 0.897936 -1.750000 -0.615371
v 0.712305 -1.750000 -0.672305
v 0.572068 -1.750000 -0.757991
v 0.438620 -1.750000 -0.880822
v 0.239219 -1.750000 -0.915927
v 0.007164 -1.750000 -0.864089
v -0.209202 -1.750000 -0.859008
v -0.423955 -1.750000 -0.887974
v -0.598990 -1.750000 -0.821650
v -0.701060 -1.750000 -0.684023
v -0.828974 -1.750000 -0.588547
v -0.999480 -1.750000 -0.506680
v -1.072085 -1.750000 -0.359847
v -1.040053 -1.750000 -0.184569
v -1.062390 -1.750000 -0.008809
v -1.129588 -1.750000 0.181192
v -1.077904 -1.750000 0.342021
v -0.930470 -1.750000 0.452462
v -0.838619 -1.750000 0.574721
v -0.771461 -1.750000 0.728138
v -0.612531 -1.750000 0.811605
v -0.404987 -1.750000 0.813281
v -0.223417 -1.750000 0.855421
v -0.007759 -1.750000 0.935849
v 0.223999 -1.750000 0.919767
v 0.391446 -1.750000 0.819884
v 0.559421 -1.750000 0.767373
v 0.759281 -1.750000 0.740830
v 0.887609 -1.750000 0.630176
v 0.922840 -1.750000 0.467828
v 1.001264 -1.750000 0.336076
v 1.126428 -1.750000 0.199897
v 0.865111 -1.250000 0.036803
v 0.839383 -1.250000 -0.105324
v 0.855910 -1.250000 -0.239673
v 0.818312 -1.250000 -0.363847
v 0.699115 -1.250000 -0.444744
v 0.588556 -1.250000 -0.518595
v 0.502981 -1.250000 -0.621055
v 0.374425 -1.250000 -0.691540
v 0.205838 -1.250000 -0.690542
v 0.029414 -1.250000 -0.691424
v -0.151218 -1.250000 -0.728517
v -0.314340 -1.250000 -0.720841
v -0.434269 -1.250000 -0.640656
v -0.542386 -1.250000 -0.566707
v -0.680283 -1.250000 -0.518885
v -0.784454 -1.250000 -0.432031
v -0.806195 -1.250000 -0.301670
v -0.827405 -1.250000 -0.176232
v -0.893298 -1.250000 -0.038002
v -0.907186 -1.250000 0.113832
v -0.828903 -1.250000 0.232110
v -0.757152 -1.250000 0.336653
v -0.721894 -1.250000 0.459235
v -0.636098 -1.250000 0.560486
v -0.487110 -1.250000 0.601459
v -0.346441 -1.250000 0.639855
v -0.212544 -1.250000 0.713042
v -0.031790 -1.250000 0.747275
v 0.146446 -1.250000 0.705529
v 0.290846 -1.250000 0.666966
v 0.448418 -1.250000 0.661529
v 0.586198 -1.250000 0.612484
v 0.658818 -1.250000 0.502513
v 0.725824 -1.250000 0.399741
v 0.832462 -1.250000 0.311499
v 0.894240 -1.250000 0.190468
v 0.696849 -0.650000 0.041151
v 0.718388 -0.650000 -0.080738
v 0.712807 -0.650000 -0.185534
v 0.645535 -0.650000 -0.266587
v 0.569198 -0.650000 -0.334352
v 0.511868 -0.650000 -0.413687
v 0.428706 -0.650000 -0.480916
v 0.305297 -0.650000 -0.505049
v 0.175957 -0.650000 -0.518029
v 0.025119 -0.650000 -0.551914
v -0.136390 -0.650000 -0.566495
v -0.258123 -0.650000 -0.530236
v -0.360013 -0.650000 -0.485319
v -0.472022 -0.650000 -0.457670
v -0.570725 -0.650000 -0.409119
v -0.618281 -0.650000 -0.323083
v -0.650626 -0.650000 -0.232728
v -0.707427 -0.650000 -0.144476
v -0.741715 -0.650000 -0.023157
v -0.712065 -0.650000 0.099939
v -0.669689 -0.650000 0.193706
v -0.651267 -0.650000 0.289043
v -0.605846 -0.650000 0.376523
v -0.507363 -0.650000 0.429957
v -0.402773 -0.650000 0.471220
v -0.308008 -0.650000 0.529623
v -0.187286 -0.650000 0.572026
v -0.024898 -0.650000 0.566968
v 0.128140 -0.650000 0.551623
v 0.260415 -0.650000 0.555033
v 0.383193 -0.650000 0.537210
v 0.467867 -0.650000 0.473553
v 0.536202 -0.650000 0.403767
v 0.623771 -0.650000 0.346041
v 0.692517 -0.650000 0.268356
v 0.701200 -0.650000 0.163116
v 0.556780 -0.150000 0.027023
v 0.563292 -0.150000 -0.074526
v 0.536915 -0.150000 -0.150104
v 0.491472 -0.150000 -0.211154
v 0.449622 -0.150000 -0.270191
v 0.398274 -0.150000 -0.325066
v 0.320884 -0.150000 -0.359572
v 0.230287 -0.150000 -0.378647
v 0.134766 -0.150000 -0.400475
v 0.005513 -0.150000 -0.417084
v -0.125534 -0.150000 -0.408574
v -0.220159 -0.150000 -0.384328
v -0.307699 -0.150000 -0.363174
v -0.389444 -0.150000 -0.335002
v -0.447203 -0.150000 -0.284877
v -0.485485 -0.150000 -0.223476
v -0.526449 -0.150000 -0.161521
v -0.560729 -0.150000 -0.088703
v -0.563131 -0.150000 0.012897
v -0.544944 -0.150000 0.111447
v -0.530860 -0.150000 0.188185
v -0.508019 -0.150000 0.258937
v -0.454751 -0.150000 0.313501
v -0.385301 -0.150000 0.353827
v -0.317266 -0.150000 0.395292
v -0.238041 -0.150000 0.432069
v -0.136303 -0.150000 0.445271
v -0.005333 -0.150000 0.442847
v 0.124118 -0.150000 0.443741
v 0.227572 -0.150000 0.437941
v 0.311209 -0.150000 0.407545
v 0.376759 -0.150000 0.363438
v 0.442160 -0.150000 0.321439
v 0.501831 -0.150000 0.271674
v 0.532454 -0.150000 0.203592
v 0.542464 -0.150000 0.125163
v 0.683299 0.300000 0.023318
v 0.673072 0.300000 -0.095551
v 0.638526 0.300000 -0.178063
v 0.595200 0.300000 -0.248471
v 0.543826 0.300000 -0.312164
v 0.470985 0.300000 -0.362021
v 0.378042 0.300000 -0.394977
v 0.275167 0.300000 -0.420521
v 0.156770 0.300000 -0.440569
v -0.011793 0.300000 -0.443041
v -0.178189 0.300000 -0.427506
v -0.297312 0.300000 -0.406545
v -0.402947 0.300000 -0.380319
v -0.490042 0.300000 -0.338559
v -0.554621 0.300000 -0.281874
v -0.608567 0.300000 -0.219082
v -0.655120 0.300000 -0.148577
v -0.678885 0.300000 -0.062544
v -0.676296 0.300000 0.056511
v -0.664198 0.300000 0.173764
v -0.645137 0.300000 0.260321
v -0.603152 0.300000 0.332325
v -0.538253 0.300000 0.388555
v -0.464776 0.300000 0.436721
v -0.381956 0.300000 0.479481
v -0.278843 0.300000 0.506674
v -0.155163 0.300000 0.515644
v 0.011637 0.300000 0.516673
v 0.180034 0.300000 0.512346
v 0.301284 0.300000 0.492511
v 0.398818 0.300000 0.456011
v 0.483581 0.300000 0.413568
v 0.560363 0.300000 0.365207
v 0.616698 0.300000 0.302544
v 0.648406 0.300000 0.226644
v 0.669935 0.300000 0.141192
v 0.723138 0.780000 -0.015106
v 0.705047 0.780000 -0.112846
v 0.672275 0.780000 -0.181448
v 0.630352 0.780000 -0.240799
v 0.570589 0.780000 -0.290465
v 0.488913 0.780000 -0.327048
v 0.393564 0.780000 -0.354069
v 0.286611 0.780000 -0.375254
v 0.158954 0.780000 -0.385505
v -0.019380 0.780000 -0.379206
v -0.195310 0.780000 -0.363923
v -0.323550 0.780000 -0.345632
v -0.432717 0.780000 -0.317911
v -0.520231 0.780000 -0.278056
v -0.591389 0.780000 -0.230938
v -0.652651 0.780000 -0.178512
v -0.696301 0.780000 -0.116888
v -0.714600 0.780000 -0.043926
v -0.715168 0.780000 0.054720
v -0.706191 0.780000 0.153061
v -0.679767 0.780000 0.223693
v -0.629331 0.780000 0.280376
v -0.564301 0.780000 0.327044
v -0.489706 0.780000 0.367611
v -0.397950 0.780000 0.398238
v -0.286147 0.780000 0.414614
v -0.157202 0.780000 0.421036
v 0.019412 0.780000 0.419853
v 0.197487 0.780000 0.408201
v 0.323026 0.780000 0.385040
v 0.427948 0.780000 0.354187
v 0.521075 0.780000 0.318540
v 0.597980 0.780000 0.273734
v 0.651594 0.780000 0.218191
v 0.688627 0.780000 0.155379
v 0.715759 0.780000 0.084029
v 0.339582 1.000000 -0.016851
v 0.332064 1.000000 -0.077648
v 0.316243 1.000000 -0.125979
v 0.292061 1.000000 -0.167929
v 0.259887 1.000000 -0.203792
v 0.220225 1.000000 -0.233282
v 0.173611 1.000000 -0.255999
v 0.120443 1.000000 -0.271561
v 0.060401 1.000000 -0.279635
v -0.013878 1.000000 -0.279656
v -0.087789 1.000000 -0.272281
v -0.146736 1.000000 -0.258302
v -0.198103 1.000000 -0.237553
v -0.242238 1.000000 -0.210332
v -0.278787 1.000000 -0.177060
v -0.307252 1.000000 -0.138189
v -0.327162 1.000000 -0.094051
v -0.338120 1.000000 -0.044391
v -0.339582 1.000000 0.016851
v -0.332064 1.000000 0.077648
v -0.316243 1.000000 0.125979
v -0.292061 1.000000 0.167929
v -0.259887 1.000000 0.203792
v -0.220225 1.000000 0.233282
v -0.173611 1.000000 0.255999
v -0.120443 1.000000 0.271561
v -0.060401 1.000000 0.279635
v 0.013878 1.000000 0.279656
v 0.087789 1.000000 0.272281
v 0.146736 1.000000 0.258302
v 0.198103 1.000000 0.237553
v 0.242238 1.000000 0.210332
v 0.278787 1.000000 0.177060
v 0.307252 1.000000 0.138189
v 0.327162 1.000000 0.094051
v 0.338120 1.000000 0.044391
v 1.093242 -1.772478 0.018482
v 0.997532 -1.769734 -0.157415
v 0.959913 -1.767077 -0.314824
v 0.965349 -1.771822 -0.467086
v 0.872516 -1.771183 -0.577157
v 0.687788 -1.768433 -0.632237
v 0.542914 -1.766281 -0.720749
v 0.421752 -1.769075 -0.835843
v 0.239747 -1.769095 -0.869441
v 0.008122 -1.766428 -0.816575
v -0.212435 -1.763991 -0.811110
v -0.413162 -1.768342 -0.840877
v -0.571782 -1.770473 -0.784262
v -0.673038 -1.767779 -0.645877
v -0.805015 -1.764905 -0.547247
v -0.960642 -1.771324 -0.477653
v -1.027181 -1.772495 -0.353071
v -0.993819 -1.769729 -0.179009
v -1.016823 -1.766948 0.002913
v -1.082162 -1.771981 0.175376
v -1.040457 -1.772249 0.316117
v -0.893071 -1.769469 0.424517
v -0.797616 -1.767071 0.551711
v -0.740463 -1.770603 0.691310
v -0.600646 -1.769937 0.766863
v -0.394257 -1.767264 0.767223
v -0.208657 -1.765136 0.810081
v -0.004855 -1.767895 0.888119
v 0.211093 -1.769301 0.875017
v 0.377811 -1.766621 0.774304
v 0.549859 -1.763984 0.720317
v 0.733629 -1.769772 0.699657
v 0.848626 -1.771824 0.606183
v 0.882564 -1.769109 0.443736
v 0.963889 -1.766207 0.307035
v 1.080093 -1.771896 0.187409
v 0.818209 -1.267958 0.043287
v 0.791336 -1.265652 -0.100713
v 0.807893 -1.265376 -0.232128
v 0.777299 -1.268577 -0.336974
v 0.671150 -1.267186 -0.406298
v 0.558751 -1.265140 -0.480605
v 0.474912 -1.264989 -0.581643
v 0.360788 -1.267062 -0.645080
v 0.204561 -1.266394 -0.643036
v 0.026817 -1.264483 -0.643312
v -0.152819 -1.263786 -0.680159
v -0.302149 -1.266475 -0.673826
v -0.409634 -1.267090 -0.599903
v -0.518101 -1.265001 -0.524857
v -0.653942 -1.264170 -0.477905
v -0.743808 -1.268104 -0.404397
v -0.759896 -1.268005 -0.291264
v -0.780566 -1.265801 -0.164627
v -0.845958 -1.265163 -0.028176
v -0.859092 -1.268415 0.105060
v -0.788210 -1.267498 0.207344
v -0.714845 -1.265278 0.312987
v -0.680723 -1.264995 0.433218
v -0.607959 -1.267268 0.520302
v -0.473156 -1.265946 0.555671
v -0.330999 -1.264016 0.593898
v -0.198870 -1.263697 0.666478
v -0.030820 -1.265666 0.698932
v 0.136437 -1.265871 0.658684
v 0.281144 -1.263786 0.619370
v 0.436896 -1.262998 0.614092
v 0.558868 -1.266634 0.571627
v 0.620474 -1.267250 0.473988
v 0.687537 -1.264998 0.369770
v 0.792402 -1.264555 0.283585
v 0.846399 -1.268352 0.180643
v 0.648569 -0.663744 0.040709
v 0.669824 -0.663212 -0.080449
v 0.665386 -0.664812 -0.170554
v 0.608692 -0.664506 -0.235071
v 0.535302 -0.663338 -0.299815
v 0.478781 -0.662894 -0.377997
v 0.405651 -0.663933 -0.437357
v 0.296374 -0.663860 -0.457514
v 0.170168 -0.663080 -0.470043
v 0.019620 -0.662856 -0.503816
v -0.133450 -0.664078 -0.517955
v -0.242961 -0.664517 -0.484427
v -0.341661 -0.663484 -0.440590
v -0.452297 -0.663016 -0.413303
v -0.538765 -0.664821 -0.371452
v -0.575386 -0.665089 -0.300688
v -0.605947 -0.663903 -0.214376
v -0.661767 -0.663447 -0.127869
v -0.692788 -0.664690 -0.019558
v -0.665455 -0.664571 0.086492
v -0.624549 -0.663172 0.175935
v -0.606406 -0.662510 0.269669
v -0.568091 -0.663308 0.343677
v -0.484466 -0.662498 0.386758
v -0.383172 -0.661470 0.426538
v -0.289284 -0.661179 0.484391
v -0.178115 -0.662198 0.523661
v -0.026918 -0.662520 0.518397
v 0.123813 -0.661680 0.503093
v 0.254864 -0.661251 0.506466
v 0.366380 -0.662845 0.490739
v 0.437482 -0.663583 0.435467
v 0.502744 -0.662542 0.368415
v 0.588844 -0.662137 0.311794
v 0.647944 -0.664308 0.246066
v 0.653026 -0.664765 0.159242
v 0.504832 -0.150600 0.023334
v 0.510778 -0.151613 -0.068755
v 0.489584 -0.152308 -0.126540
v 0.450814 -0.151652 -0.179109
v 0.411484 -0.151793 -0.235403
v 0.367858 -0.153398 -0.282844
v 0.304149 -0.154272 -0.310983
v 0.220589 -0.153970 -0.328854
v 0.127373 -0.154222 -0.350387
v 0.003217 -0.155277 -0.366481
v -0.118735 -0.155876 -0.358241
v -0.207005 -0.155229 -0.335421
v -0.292317 -0.154506 -0.314816
v -0.365669 -0.154364 -0.289086
v -0.409296 -0.153915 -0.248819
v -0.441369 -0.152638 -0.196338
v -0.480396 -0.151724 -0.137522
v -0.509541 -0.151758 -0.075029
v -0.510502 -0.151689 0.010177
v -0.493968 -0.150708 0.100132
v -0.480927 -0.150089 0.173089
v -0.462091 -0.150550 0.232200
v -0.421599 -0.150585 0.272658
v -0.360474 -0.149933 0.308724
v -0.295012 -0.150109 0.348991
v -0.223255 -0.151317 0.382576
v -0.132522 -0.152117 0.394112
v -0.006516 -0.151957 0.391903
v 0.121839 -0.151778 0.392866
v 0.218820 -0.152139 0.387271
v 0.289693 -0.152341 0.360349
v 0.347640 -0.151624 0.320880
v 0.410448 -0.150741 0.280689
v 0.461240 -0.150866 0.237820
v 0.482113 -0.151378 0.186767
v 0.490606 -0.150868 0.119120
v 0.633586 0.308682 0.022291
v 0.624235 0.308203 -0.083938
v 0.594523 0.307399 -0.154602
v 0.555515 0.306664 -0.218194
v 0.510112 0.305142 -0.274483
v 0.447734 0.302812 -0.316929
v 0.363930 0.301138 -0.346679
v 0.265661 0.300360 -0.371142
v 0.152101 0.299402 -0.390392
v -0.010289 0.298452 -0.392760
v -0.171385 0.298516 -0.377697
v -0.286696 0.299156 -0.357415
v -0.386581 0.299915 -0.332613
v -0.463325 0.301506 -0.295464
v -0.519404 0.303706 -0.245856
v -0.568830 0.305523 -0.188587
v -0.609805 0.306986 -0.126810
v -0.629241 0.308024 -0.055227
v -0.626829 0.308466 0.053373
v -0.615383 0.308555 0.164756
v -0.598520 0.307652 0.241031
v -0.564085 0.305869 0.299467
v -0.508507 0.304310 0.347564
v -0.440547 0.303245 0.392135
v -0.363967 0.301770 0.431615
v -0.269933 0.300092 0.456325
v -0.153185 0.299193 0.464839
v 0.010847 0.298921 0.465864
v 0.175639 0.298689 0.461627
v 0.289015 0.299039 0.442954
v 0.378787 0.300275 0.409173
v 0.458802 0.301689 0.369191
v 0.528648 0.303221 0.325345
v 0.574882 0.305248 0.273387
v 0.601227 0.307063 0.209728
v 0.621036 0.308322 0.132130
v 0.670004 0.753423 -0.013446
v 0.653969 0.753764 -0.098594
v 0.626245 0.754398 -0.156981
v 0.590087 0.755830 -0.208733
v 0.539724 0.757481 -0.250863
v 0.468564 0.759755 -0.282462
v 0.380031 0.762130 -0.307290
v 0.278046 0.764077 -0.327289
v 0.156354 0.765520 -0.336823
v -0.016746 0.766127 -0.330601
v -0.188923 0.765538 -0.315766
v -0.312691 0.763765 -0.298462
v -0.414914 0.761098 -0.272970
v -0.494100 0.758748 -0.237036
v -0.558441 0.757029 -0.194282
v -0.612820 0.755540 -0.147389
v -0.648039 0.754318 -0.096516
v -0.662140 0.753426 -0.037640
v -0.662648 0.752990 0.052032
v -0.654347 0.753381 0.142708
v -0.632957 0.753405 0.200988
v -0.592797 0.753494 0.246726
v -0.536069 0.754505 0.287876
v -0.467692 0.756022 0.325257
v -0.383715 0.757608 0.353174
v -0.279557 0.759292 0.368037
v -0.155468 0.760567 0.373925
v 0.017945 0.760897 0.372708
v 0.191457 0.760047 0.361612
v 0.310902 0.758725 0.339873
v 0.410601 0.757397 0.310791
v 0.498149 0.755743 0.277502
v 0.566153 0.754132 0.237655
v 0.610171 0.753253 0.190761
v 0.641145 0.753054 0.136625
v 0.663965 0.753442 0.074382
v 0.314570 0.956644 -0.015445
v 0.307340 0.957046 -0.070344
v 0.292335 0.957995 -0.112881
v 0.269909 0.959591 -0.148057
v 0.241200 0.962905 -0.175360
v 0.205724 0.967509 -0.197812
v 0.162950 0.971604 -0.216075
v 0.114355 0.975144 -0.228426
v 0.059414 0.977968 -0.234639
v -0.011259 0.979135 -0.234269
v -0.082324 0.978440 -0.227443
v -0.137523 0.975725 -0.215381
v -0.184012 0.971210 -0.198773
v -0.223463 0.966532 -0.177934
v -0.257156 0.963012 -0.151027
v -0.283841 0.960022 -0.118860
v -0.302410 0.957707 -0.083147
v -0.312865 0.956881 -0.041046
v -0.314435 0.956773 0.015755
v -0.307607 0.956643 0.072081
v -0.293526 0.957125 0.113206
v -0.271748 0.958796 0.147854
v -0.242019 0.960910 0.178054
v -0.205856 0.963509 0.201982
v -0.164232 0.967040 0.219286
v -0.115729 0.970412 0.231398
v -0.059253 0.972441 0.237882
v 0.012192 0.972956 0.237608
v 0.082643 0.972016 0.231060
v 0.137159 0.969922 0.219396
v 0.184844 0.967318 0.201975
v 0.225746 0.964150 0.179327
v 0.258740 0.960733 0.152972
v 0.284452 0.958487 0.121774
v 0.303013 0.957394 0.083655
v 0.313298 0.956722 0.039804
vn 0.7867 0.4517 -0.4209
vn 0.9250 0.3625 0.1138
vn 0.9076 0.3175 -0.2748
vn 0.6856 0.4113 -0.6007
vn 0.2681 0.4049 -0.8742
vn 0.7158 0.3609 -0.5978
vn 0.4596 0.2931 -0.8383
vn 0.1613 0.3675 -0.9160
vn -0.2006 0.3914 -0.8981
vn 0.1911 0.3128 -0.9304
vn -0.0454 0.2572 -0.9653
vn -0.5161 0.3712 -0.7719
vn -0.5080 0.4362 -0.7427
vn -0.3115 0.3097 -0.8984
vn -0.6138 0.2851 -0.7362
vn -0.8999 0.4094 -0.1501
vn -0.8791 0.4488 0.1606
vn -0.8407 0.3642 -0.4007
vn -0.9453 0.3146 -0.0865
vn -0.8634 0.4214 0.2775
vn -0.5416 0.4287 0.7231
vn -0.8932 0.3691 0.2569
vn -0.7251 0.3112 0.6144
vn -0.4283 0.3894 0.8155
vn -0.0074 0.3890 0.9212
vn -0.4512 0.3391 0.8255
vn -0.1790 0.2730 0.9452
vn 0.2133 0.3537 0.9107
vn 0.2349 0.4134 0.8797
vn 0.0329 0.2984 0.9539
vn 0.3234 0.2642 0.9086
vn 0.7665 0.3953 0.5062
vn 0.8736 0.4482 0.1896
vn 0.6006 0.3355 0.7258
vn 0.8476 0.3074 0.4326
vn 0.9053 0.4214 0.0528
vn 0.9495 0.2651 0.1678
vn 0.9785 0.1995 -0.0521
vn 0.9275 0.2466 -0.2808
vn 0.5385 0.2837 -0.7934
vn 0.7798 0.2725 -0.5635
vn 0.6145 0.2114 -0.7601
vn 0.4648 0.2555 -0.8477
vn -0.0057 0.2962 -0.9551
vn 0.2104 0.2798 -0.9367
vn 0.0876 0.2262 -0.9701
vn -0.2759 0.2569 -0.9262
vn -0.5300 0.3015 -0.7926
vn -0.2307 0.2705 -0.9347
vn -0.4315 0.2100 -0.8773
vn -0.8494 0.2410 -0.4695
vn -0.9440 0.2900 -0.1574
vn -0.8097 0.2698 -0.5211
vn -0.9424 0.2025 -0.2663
vn -0.9652 0.2460 -0.0883
vn -0.8022 0.2732 0.5309
vn -0.7989 0.2471 0.5483
vn -0.8714 0.1897 0.4524
vn -0.7424 0.2303 0.6291
vn -0.2562 0.2577 0.9316
vn -0.2557 0.2393 0.9367
vn -0.3253 0.1910 0.9261
vn -0.1810 0.2322 0.9557
vn 0.2190 0.2785 0.9351
vn -0.0250 0.2477 0.9685
vn 0.1411 0.1885 0.9719
vn 0.5855 0.2250 0.7788
vn 0.8010 0.2804 0.5289
vn 0.5340 0.2424 0.8100
vn 0.7362 0.1835 0.6514
vn 0.9695 0.2319 0.0800
vn 0.9391 0.2940 -0.1780
vn 0.9606 0.2709 0.0616
vn 0.9537 0.2965 -0.0508
vn 0.7337 0.3013 -0.6090
vn 0.6380 0.2763 -0.7187
vn 0.7827 0.2598 -0.5656
vn 0.6053 0.2702 -0.7487
vn 0.1848 0.2692 -0.9452
vn 0.0965 0.2575 -0.9614
vn 0.2128 0.2402 -0.9471
vn 0.0868 0.2625 -0.9610
vn -0.2728 0.2951 -0.9157
vn -0.3866 0.2853 -0.8770
vn -0.3150 0.2562 -0.9139
vn -0.6289 0.2817 -0.7247
vn -0.8295 0.3189 -0.4585
vn -0.8974 0.3023 -0.3213
vn -0.8700 0.2744 -0.4096
vn -0.9185 0.2984 -0.2596
vn -0.9231 0.3137 0.2224
vn -0.8740 0.2830 0.3950
vn -0.9468 0.2649 0.1829
vn -0.8542 0.2714 0.4435
vn -0.4621 0.2470 0.8517
vn -0.3576 0.2253 0.9063
vn -0.5125 0.2139 0.8316
vn -0.3229 0.2246 0.9194
vn 0.0302 0.2427 0.9696
vn 0.0969 0.2362 0.9669
vn 0.0547 0.2110 0.9760
vn 0.3319 0.2357 0.9134
vn 0.5765 0.2819 0.7669
vn 0.5198 0.2730 0.8095
vn 0.6218 0.2397 0.7456
vn 0.8774 0.2727 0.3947
vn 0.9465 0.3131 0.0781
vn 0.9533 0.3001 -0.0340
vn 0.9610 -0.2697 0.0616
vn 0.8963 -0.2362 -0.3753
vn 0.8309 -0.2194 -0.5113
vn 0.7583 -0.2255 -0.6116
vn 0.5544 -0.1916 -0.8099
vn 0.3313 -0.1303 -0.9345
vn 0.2396 -0.1064 -0.9650
vn 0.1660 -0.1078 -0.9802
vn 0.1269 -0.0942 -0.9874
vn -0.0647 -0.0599 -0.9961
vn -0.2476 -0.0696 -0.9664
vn -0.2340 -0.0879 -0.9683
vn -0.3241 -0.1044 -0.9403
vn -0.6479 -0.1507 -0.7466
vn -0.8323 -0.1952 -0.5189
vn -0.8142 -0.2174 -0.5383
vn -0.8785 -0.2393 -0.4135
vn -0.9673 -0.2527 -0.0229
vn -0.9506 -0.2561 0.1754
vn -0.9457 -0.2747 0.1736
vn -0.9138 -0.2793 0.2950
vn -0.6335 -0.2532 0.7312
vn -0.5329 -0.2345 0.8130
vn -0.4456 -0.2377 0.8631
vn -0.2492 -0.2126 0.9448
vn -0.0713 -0.1694 0.9830
vn -0.0061 -0.1548 0.9879
vn -0.0068 -0.1616 0.9868
vn 0.0553 -0.1572 0.9860
vn 0.3367 -0.1675 0.9266
vn 0.5476 -0.1943 0.8139
vn 0.5275 -0.2167 0.8214
vn 0.6224 -0.2361 0.7463
vn 0.8824 -0.2525 0.3969
vn 0.9595 -0.2535 0.1225
vn 0.9515 -0.2745 0.1388
vn 0.9923 -0.0892 -0.0854
vn 0.8998 -0.0754 -0.4298
vn 0.8152 -0.0614 -0.5759
vn 0.6388 -0.0345 -0.7686
vn 0.4087 0.0185 -0.9125
vn 0.2722 0.0598 -0.9604
vn 0.1937 0.0771 -0.9780
vn 0.0797 0.0917 -0.9926
vn 0.0146 0.1139 -0.9934
vn -0.0922 0.1298 -0.9872
vn -0.1720 0.1233 -0.9774
vn -0.2395 0.1093 -0.9647
vn -0.4306 0.0901 -0.8980
vn -0.6587 0.0532 -0.7505
vn -0.7585 0.0110 -0.6516
vn -0.8341 -0.0301 -0.5507
vn -0.9619 -0.0650 -0.2657
vn -0.9969 -0.0750 0.0217
vn -0.9927 -0.0801 0.0906
vn -0.9345 -0.0667 0.3496
vn -0.7471 -0.0032 0.6647
vn -0.5821 0.0560 0.8112
vn -0.4760 0.0863 0.8752
vn -0.3144 0.1193 0.9418
vn -0.1430 0.1605 0.9766
vn -0.0489 0.1874 0.9811
vn -0.0061 0.1934 0.9811
vn 0.0252 0.1973 0.9800
vn 0.1581 0.2039 0.9662
vn 0.3441 0.1903 0.9195
vn 0.4419 0.1604 0.8826
vn 0.5288 0.1249 0.8395
vn 0.7419 0.0690 0.6670
vn 0.9227 0.0007 0.3855
vn 0.9687 -0.0449 0.2441
vn 0.9904 -0.0812 0.1123
vn 0.4958 0.8636 -0.0918
vn 0.4785 0.8478 -0.2286
vn 0.4600 0.8263 -0.3249
vn 0.4017 0.7778 -0.4834
vn 0.2983 0.6837 -0.6660
vn 0.2189 0.5964 -0.7723
vn 0.1643 0.5340 -0.8294
vn 0.0707 0.4685 -0.8806
vn -0.0320 0.4217 -0.9062
vn -0.0905 0.4124 -0.9065
vn -0.2049 0.4600 -0.8640
vn -0.3113 0.5561 -0.7706
vn -0.3959 0.6567 -0.6419
vn -0.4578 0.7332 -0.5028
vn -0.4940 0.7906 -0.3618
vn -0.5041 0.8332 -0.2274
vn -0.5037 0.8567 -0.1111
vn -0.5045 0.8633 -0.0120
vn -0.4998 0.8639 0.0618
vn -0.4722 0.8636 0.1767
vn -0.4088 0.8370 0.3637
vn -0.3539 0.7947 0.4932
vn -0.3130 0.7555 0.5755
vn -0.2276 0.6951 0.6819
vn -0.1139 0.6187 0.7773
vn -0.0410 0.5662 0.8232
vn 0.0056 0.5389 0.8423
vn 0.0838 0.5370 0.8394
vn 0.1876 0.5823 0.7911
vn 0.2876 0.6406 0.7120
vn 0.3713 0.7070 0.6019
vn 0.4274 0.7726 0.4695
vn 0.4623 0.8195 0.3386
vn 0.4883 0.8444 0.2203
vn 0.5029 0.8572 0.1110
vn 0.5001 0.8652 0.0372
vn -0.7874 -0.4499 0.4214
vn -0.9241 -0.3155 0.2155
vn -0.9384 -0.3448 -0.0228
vn -0.6976 -0.4122 0.5860
vn -0.2670 -0.4034 0.8752
vn -0.5015 -0.2938 0.8137
vn -0.6438 -0.3389 0.6860
vn -0.1688 -0.3680 0.9144
vn 0.2006 -0.3906 0.8984
vn 0.0211 -0.2556 0.9666
vn -0.1345 -0.2860 0.9487
vn 0.3110 -0.4136 0.8557
vn 0.7244 -0.4305 0.5384
vn 0.5709 -0.2792 0.7721
vn 0.3999 -0.2985 0.8666
vn 0.7826 -0.4653 0.4136
vn 0.8801 -0.4465 -0.1616
vn 0.9417 -0.3130 0.1239
vn 0.8810 -0.3451 0.3237
vn 0.8694 -0.4212 -0.2584
vn 0.5411 -0.4266 -0.7247
vn 0.7629 -0.3113 -0.5666
vn 0.8636 -0.3505 -0.3624
vn 0.4391 -0.3905 -0.8091
vn 0.0066 -0.3879 -0.9217
vn 0.2194 -0.2726 -0.9368
vn 0.3354 -0.3169 -0.8872
vn -0.0581 -0.4014 -0.9141
vn -0.4676 -0.4066 -0.7849
vn -0.2855 -0.2600 -0.9225
vn -0.1160 -0.2826 -0.9522
vn -0.5712 -0.4398 -0.6930
vn -0.8749 -0.4454 -0.1902
vn -0.8164 -0.3021 -0.4921
vn -0.6856 -0.3269 -0.6504
vn -0.9046 -0.4207 -0.0690
vn -0.9637 -0.2003 0.1766
vn -0.9684 -0.2172 -0.1225
vn -0.9128 -0.3013 0.2756
vn -0.5271 -0.2823 0.8015
vn -0.5355 -0.2620 0.8028
vn -0.7482 -0.2352 0.6205
vn -0.4660 -0.2569 0.8467
vn 0.0112 -0.2958 0.9552
vn -0.0045 -0.2759 0.9612
vn -0.1955 -0.2502 0.9483
vn 0.0458 -0.3039 0.9516
vn 0.5417 -0.3003 0.7851
vn 0.5442 -0.2709 0.7941
vn 0.3171 -0.2246 0.9214
vn 0.6123 -0.2970 0.7327
vn 0.9481 -0.2880 0.1351
vn 0.9515 -0.2628 0.1599
vn 0.8772 -0.2298 0.4215
vn 0.9648 -0.2474 0.0891
vn 0.7923 -0.2709 -0.5467
vn 0.7988 -0.2449 -0.5496
vn 0.9395 -0.2155 -0.2661
vn 0.7434 -0.2325 -0.6272
vn 0.2476 -0.2569 -0.9342
vn 0.2552 -0.2382 -0.9371
vn 0.4701 -0.2192 -0.8549
vn 0.1787 -0.2832 -0.9423
vn -0.2250 -0.2781 -0.9338
vn -0.2508 -0.2463 -0.9362
vn -0.0321 -0.2048 -0.9783
vn -0.3238 -0.2699 -0.9068
vn -0.8129 -0.2790 -0.5112
vn -0.8244 -0.1864 -0.5345
vn -0.6220 -0.1971 -0.7578
vn -0.8522 -0.2885 -0.4364
vn -0.9367 -0.2933 0.1914
vn -0.9426 -0.2892 -0.1666
vn -0.9432 -0.3280 0.0523
vn -0.7173 -0.3001 0.6289
vn -0.6385 -0.2750 0.7188
vn -0.7831 -0.2606 0.5646
vn -0.6042 -0.2715 0.7491
vn -0.1749 -0.2696 0.9470
vn -0.0970 -0.2570 0.9615
vn -0.2128 -0.2406 0.9470
vn -0.0855 -0.2965 0.9512
vn 0.2808 -0.2951 0.9133
vn 0.3867 -0.2840 0.8774
vn 0.2297 -0.2676 0.9358
vn 0.4193 -0.3110 0.8529
vn 0.8425 -0.3179 0.4348
vn 0.8978 -0.3004 0.3220
vn 0.8028 -0.2925 0.5196
vn 0.9180 -0.2999 0.2595
vn 0.9198 -0.3131 -0.2367
vn 0.8743 -0.2813 -0.3955
vn 0.9467 -0.2660 -0.1814
vn 0.8531 -0.2730 -0.4446
vn 0.4457 -0.2465 -0.8606
vn 0.3582 -0.2246 -0.9062
vn 0.5129 -0.2145 -0.8312
vn 0.3227 -0.2254 -0.9193
vn -0.0343 -0.2431 -0.9694
vn -0.0969 -0.2357 -0.9670
vn 0.0258 -0.2262 -0.9738
vn -0.1384 -0.2646 -0.9544
vn -0.5907 -0.2818 -0.7561
vn -0.6935 -0.2414 -0.6788
vn -0.5312 -0.2497 -0.8096
vn -0.7135 -0.3037 -0.6315
vn -0.9483 -0.3128 -0.0539
vn -0.9537 -0.2988 0.0333
vn -0.9609 0.2692 -0.0650
vn -0.9148 0.2291 0.3328
vn -0.7822 0.2281 0.5797
vn -0.7999 0.2204 0.5583
vn -0.7274 0.1769 0.6630
vn -0.4023 0.1239 0.9071
vn -0.2075 0.1110 0.9719
vn -0.2242 0.0977 0.9696
vn -0.1288 0.0535 0.9902
vn 0.0670 0.0597 0.9960
vn 0.2502 0.0703 0.9656
vn 0.2346 0.0880 0.9681
vn 0.3293 0.1051 0.9383
vn 0.6710 0.1539 0.7253
vn 0.8384 0.1985 0.5076
vn 0.8148 0.2176 0.5373
vn 0.8800 0.2387 0.4106
vn 0.9678 0.2515 0.0107
vn 0.9500 0.2568 -0.1774
vn 0.9462 0.2743 -0.1715
vn 0.9158 0.2783 -0.2897
vn 0.6856 0.2439 -0.6859
vn 0.4913 0.2409 -0.8370
vn 0.5104 0.2294 -0.8288
vn 0.4189 0.1884 -0.8883
vn 0.1259 0.1592 -0.9792
vn -0.0175 0.1625 -0.9866
vn 0.0072 0.1616 -0.9868
vn -0.0563 0.1572 -0.9860
vn -0.3496 0.1681 -0.9217
vn -0.5537 0.1963 -0.8093
vn -0.5283 0.2170 -0.8208
vn -0.6264 0.2362 -0.7429
vn -0.8949 0.2517 -0.3684
vn -0.9596 0.2553 -0.1186
vn -0.9513 0.2742 -0.1405
vn -0.9923 0.0882 0.0870
vn -0.9200 0.0673 0.3861
vn -0.8514 0.0545 0.5217
vn -0.7785 0.0182 0.6274
vn -0.5613 -0.0368 0.8268
vn -0.3325 -0.0688 0.9406
vn -0.2401 -0.0850 0.9670
vn -0.1652 -0.1111 0.9800
vn -0.0138 -0.1140 0.9934
vn 0.0923 -0.1299 0.9872
vn 0.1712 -0.1232 0.9775
vn 0.2388 -0.1091 0.9649
vn 0.4324 -0.0895 0.8972
vn 0.6606 -0.0513 0.7490
vn 0.7569 -0.0092 0.6535
vn 0.8333 0.0309 0.5520
vn 0.9633 0.0647 0.2606
vn 0.9970 0.0745 -0.0224
vn 0.9914 0.0818 -0.1019
vn 0.9750 0.0560 -0.2149
vn 0.8615 -0.0046 -0.5078
vn 0.6522 -0.0603 -0.7556
vn 0.5452 -0.0904 -0.8334
vn 0.4522 -0.1322 -0.8821
vn 0.2471 -0.1780 -0.9525
vn 0.0699 -0.1925 -0.9788
vn 0.0058 -0.1933 -0.9811
vn -0.0255 -0.1972 -0.9800
vn -0.1585 -0.2040 -0.9661
vn -0.3435 -0.1899 -0.9198
vn -0.4390 -0.1597 -0.8842
vn -0.5256 -0.1244 -0.8416
vn -0.7441 -0.0674 -0.6647
vn -0.9240 0.0023 -0.3823
vn -0.9681 0.0463 -0.2464
vn -0.9903 0.0809 -0.1129
vn -0.4947 -0.8644 0.0897
vn -0.4803 -0.8494 0.2188
vn -0.4666 -0.8309 0.3030
vn -0.4122 -0.7853 0.4620
vn -0.3114 -0.6919 0.6514
vn -0.2304 -0.6028 0.7639
vn -0.1721 -0.5378 0.8253
vn -0.0745 -0.4698 0.8796
vn 0.0311 -0.4217 0.9062
vn 0.0795 -0.4157 0.9060
vn 0.1298 -0.4530 0.8820
vn 0.2183 -0.5294 0.8198
vn 0.3350 -0.6344 0.6966
vn 0.4027 -0.7102 0.5774
vn 0.4333 -0.7639 0.4783
vn 0.4736 -0.8251 0.3081
vn 0.5012 -0.8587 0.1070
vn 0.5050 -0.8631 -0.0013
vn 0.4989 -0.8656 -0.0419
vn 0.4717 -0.8647 -0.1728
vn 0.4104 -0.8384 -0.3587
vn 0.3627 -0.7985 -0.4804
vn 0.3242 -0.7609 -0.5621
vn 0.2372 -0.6997 -0.6739
vn 0.1205 -0.6213 -0.7743
vn 0.0449 -0.5671 -0.8224
vn -0.0049 -0.5387 -0.8425
vn -0.0562 -0.5443 -0.8370
vn -0.1519 -0.5811 -0.7995
vn -0.2255 -0.6284 -0.7445
vn -0.2725 -0.6778 -0.6829
vn -0.3481 -0.7490 -0.5638
vn -0.4307 -0.8143 -0.3890
vn -0.4681 -0.8431 -0.2647
vn -0.4798 -0.8585 -0.1812
vn -0.4987 -0.8661 -0.0341
vn 0.3518 -0.9132 -0.2057
vn 0.3330 -0.9381 -0.0954
vn 0.4589 -0.8885 0.0028
vn 0.3245 -0.9022 -0.2843
vn 0.0957 -0.9252 -0.3671
vn 0.1611 -0.9444 -0.2867
vn 0.2667 -0.9192 -0.2898
vn 0.0669 -0.9227 -0.3798
vn -0.0848 -0.9422 -0.3241
vn -0.0176 -0.9594 -0.2814
vn 0.0502 -0.9267 -0.3724
vn -0.1478 -0.9088 -0.3901
vn -0.3075 -0.9288 -0.2069
vn -0.1938 -0.9533 -0.2316
vn -0.1924 -0.8958 -0.4007
vn -0.4136 -0.8872 -0.2045
vn -0.4001 -0.9119 0.0912
vn -0.3419 -0.9393 -0.0289
vn -0.4309 -0.8894 -0.1524
vn -0.4329 -0.8906 0.1391
vn -0.2276 -0.9151 0.3329
vn -0.2679 -0.9383 0.2187
vn -0.3946 -0.9025 0.1727
vn -0.1879 -0.9147 0.3577
vn 0.0115 -0.9354 0.3533
vn -0.0581 -0.9525 0.2990
vn -0.1273 -0.9313 0.3414
vn 0.0270 -0.9207 0.3893
vn 0.1881 -0.9395 0.2863
vn 0.0979 -0.9592 0.2652
vn 0.0538 -0.9128 0.4048
vn 0.2922 -0.8943 0.3388
vn 0.3946 -0.9164 0.0671
vn 0.2908 -0.9445 0.1529
vn 0.3368 -0.8892 0.3096
vn 0.4567 -0.8892 0.0266
vn -0.8586 0.4991 0.1167
vn -0.8054 0.5138 0.2956
vn -0.6968 0.5428 0.4689
vn -0.5201 0.5892 0.6184
vn -0.3310 0.6734 0.6611
vn -0.1915 0.7615 0.6192
vn -0.0831 0.8224 0.5628
vn -0.0118 0.8671 0.4980
vn 0.0171 0.8978 0.4400
vn 0.0414 0.9087 0.4154
vn 0.0999 0.9014 0.4213
vn 0.1833 0.8720 0.4538
vn 0.3046 0.8144 0.4939
vn 0.4543 0.7380 0.4990
vn 0.6034 0.6638 0.4419
vn 0.7353 0.5910 0.3317
vn 0.8273 0.5313 0.1826
vn 0.8620 0.5065 0.0206
vn 0.8587 0.5021 -0.1029
vn 0.8184 0.4984 -0.2861
vn 0.7125 0.5184 -0.4728
vn 0.5655 0.5695 -0.5966
vn 0.3993 0.6245 -0.6713
vn 0.2297 0.6842 -0.6922
vn 0.1095 0.7534 -0.6484
vn 0.0387 0.8067 -0.5897
vn -0.0081 0.8345 -0.5510
vn -0.0537 0.8408 -0.5386
vn -0.1294 0.8278 -0.5458
vn -0.2263 0.7968 -0.5603
vn -0.3462 0.7516 -0.5614
vn -0.4882 0.6885 -0.5363
vn -0.6379 0.6122 -0.4671
vn -0.7597 0.5527 -0.3427
vn -0.8351 0.5183 -0.1843
vn -0.8663 0.4991 -0.0207
vn 0.9063 0.3894 -0.1641
vn 0.9236 0.3137 -0.2202
vn 0.9356 0.3530 0.0057
vn 0.5011 0.4513 -0.7384
vn 0.5169 0.3659 -0.7739
vn 0.4986 0.2924 -0.8160
vn 0.6361 0.3433 -0.6911
vn -0.0054 0.4106 -0.9118
vn 0.0047 0.3262 -0.9453
vn -0.0227 0.2549 -0.9667
vn 0.1280 0.2891 -0.9487
vn -0.3225 0.4143 -0.8511
vn -0.7471 0.3671 -0.5541
vn -0.5746 0.2781 -0.7698
vn -0.4122 0.3054 -0.8584
vn -0.7926 0.4671 -0.3919
vn -0.9084 0.3889 -0.1536
vn -0.9426 0.3118 -0.1198
vn -0.8829 0.3507 -0.3123
vn -0.7348 0.4728 0.4863
vn -0.7610 0.3848 0.5223
vn -0.7603 0.3094 0.5712
vn -0.8556 0.3572 0.3746
vn -0.2398 0.4267 0.8720
vn -0.2473 0.3432 0.9061
vn -0.2176 0.2717 0.9375
vn -0.3312 0.3190 0.8880
vn 0.0634 0.4013 0.9137
vn 0.4811 0.3435 0.8066
vn 0.2882 0.2591 0.9218
vn 0.1261 0.2874 0.9495
vn 0.5859 0.4416 0.6795
vn 0.7766 0.3749 0.5063
vn 0.8195 0.3007 0.4878
vn 0.6939 0.3343 0.6378
vn 0.8625 0.4789 -0.1635
vn 0.9638 0.2015 -0.1745
vn 0.9682 0.2202 0.1191
vn 0.7318 0.3092 -0.6074
vn 0.6391 0.2708 -0.7199
vn 0.5429 0.2115 -0.8127
vn 0.7455 0.2377 -0.6227
vn 0.1824 0.3109 -0.9328
vn 0.0959 0.2795 -0.9554
vn 0.0049 0.2265 -0.9740
vn 0.1947 0.2512 -0.9481
vn -0.0447 0.3063 -0.9509
vn -0.3877 0.2757 -0.8796
vn -0.5518 0.2113 -0.8068
vn -0.3191 0.2266 -0.9202
vn -0.6105 0.3020 -0.7322
vn -0.9060 0.2722 -0.3243
vn -0.9657 0.2018 -0.1633
vn -0.8780 0.2322 -0.4185
vn -0.9255 0.3061 0.2229
vn -0.8802 0.2590 0.3978
vn -0.9649 0.1851 0.1864
vn -0.9378 0.2186 0.2697
vn -0.4576 0.2817 0.8434
vn -0.3557 0.2457 0.9017
vn -0.5154 0.1867 0.8363
vn -0.4678 0.2208 0.8558
vn 0.0298 0.2874 0.9574
vn 0.0966 0.2501 0.9634
vn 0.2533 0.1898 0.9486
vn 0.0337 0.2063 0.9779
vn 0.3226 0.2734 0.9062
vn 0.6913 0.2527 0.6769
vn 0.8227 0.1880 0.5364
vn 0.6246 0.2000 0.7549
vn 0.8514 0.2937 0.4346
vn 0.9622 0.2701 -0.0343
vn 0.9424 0.2902 0.1665
vn 0.8896 0.3350 -0.3105
vn 0.7655 0.2990 -0.5698
vn 0.7878 0.2600 -0.5584
vn 0.7019 0.2759 -0.6567
vn 0.3890 0.2956 -0.8725
vn 0.1985 0.2681 -0.9427
vn 0.2163 0.2403 -0.9463
vn 0.1230 0.2629 -0.9570
vn -0.0618 0.3018 -0.9514
vn -0.2376 0.2887 -0.9275
vn -0.2272 0.2535 -0.9403
vn -0.2309 0.2676 -0.9354
vn -0.4189 0.3151 -0.8516
vn -0.8057 0.3140 -0.5023
vn -0.8021 0.2747 -0.5303
vn -0.8038 0.2936 -0.5174
vn -0.9410 0.3377 -0.0222
vn -0.9354 0.3087 0.1726
vn -0.9483 0.2652 0.1741
vn -0.9137 0.2795 0.2950
vn -0.6846 0.2911 0.6683
vn -0.4867 0.2464 0.8381
vn -0.5084 0.2136 0.8342
vn -0.4098 0.2296 0.8828
vn -0.1244 0.2557 0.9587
vn 0.0180 0.2402 0.9706
vn -0.0067 0.2109 0.9775
vn -0.0251 0.2264 0.9737
vn 0.1384 0.2672 0.9536
vn 0.5370 0.2736 0.7980
vn 0.6932 0.2422 0.6788
vn 0.5329 0.2502 0.8084
vn 0.7121 0.3096 0.6301
vn 0.9435 0.3087 0.1204
vn 0.9526 0.2708 0.1390
vn 0.9672 -0.2399 -0.0832
vn 0.9194 -0.2275 -0.3209
vn 0.7810 -0.2282 -0.5813
vn 0.7960 -0.2193 -0.5642
vn 0.7194 -0.1715 -0.6731
vn 0.4042 -0.1227 -0.9064
vn 0.2047 -0.1109 -0.9725
vn 0.2217 -0.0973 -0.9702
vn 0.0146 -0.0570 -0.9983
vn -0.0928 -0.0527 -0.9943
vn -0.1728 -0.0781 -0.9819
vn -0.2400 -0.0876 -0.9668
vn -0.4300 -0.1032 -0.8969
vn -0.6521 -0.1507 -0.7430
vn -0.7436 -0.1972 -0.6389
vn -0.8145 -0.2174 -0.5378
vn -0.9378 -0.2312 -0.2591
vn -0.9691 -0.2458 0.0211
vn -0.9584 -0.2677 0.0989
vn -0.9398 -0.2718 0.2070
vn -0.8351 -0.2560 0.4869
vn -0.6943 -0.2419 0.6778
vn -0.4874 -0.2407 0.8394
vn -0.5067 -0.2284 0.8313
vn -0.4138 -0.1853 0.8913
vn -0.1271 -0.1584 0.9792
vn 0.0183 -0.1625 0.9865
vn 0.0254 -0.1537 0.9878
vn 0.1597 -0.1446 0.9765
vn 0.3456 -0.1667 0.9235
vn 0.4385 -0.2017 0.8758
vn 0.5202 -0.2170 0.8260
vn 0.7238 -0.2294 0.6507
vn 0.8936 -0.2494 0.3733
vn 0.9330 -0.2726 0.2350
vn 0.9572 -0.2682 0.1085
vn 0.9808 -0.0719 -0.1815
vn 0.9203 -0.0674 -0.3853
vn 0.8504 -0.0539 -0.5233
vn 0.7783 -0.0150 -0.6277
vn 0.5644 0.0390 -0.8246
vn 0.3334 0.0694 -0.9402
vn 0.2401 0.0855 -0.9670
vn 0.1659 0.1116 -0.9798
vn -0.0350 0.1312 -0.9907
vn -0.0858 0.1278 -0.9881
vn -0.1402 0.1171 -0.9832
vn -0.2446 0.1101 -0.9633
vn -0.4128 0.0883 -0.9065
vn -0.5515 0.0461 -0.8329
vn -0.6502 0.0045 -0.7598
vn -0.8156 -0.0318 -0.5777
vn -0.9681 -0.0626 -0.2428
vn -0.9967 -0.0807 -0.0057
vn -0.9913 -0.0823 0.1023
vn -0.9752 -0.0540 0.2148
vn -0.8638 0.0074 0.5037
vn -0.6536 0.0612 0.7544
vn -0.5459 0.0916 0.8328
vn -0.4546 0.1339 0.8806
vn -0.2509 0.1787 0.9514
vn -0.0710 0.1926 0.9787
vn 0.0066 0.1976 0.9803
vn 0.0638 0.2094 0.9757
vn 0.1775 0.2074 0.9620
vn 0.2773 0.1832 0.9431
vn 0.3532 0.1551 0.9226
vn 0.4995 0.1242 0.8574
vn 0.7177 0.0696 0.6928
vn 0.8614 0.0032 0.5079
vn 0.9337 -0.0469 0.3550
vn 0.9943 -0.0766 0.0740
vn 0.5027 0.8622 -0.0622
vn 0.5000 0.8504 -0.1637
vn 0.4811 0.8316 -0.2773
vn 0.4507 0.7958 -0.4044
vn 0.4073 0.7308 -0.5477
vn 0.3357 0.6426 -0.6887
vn 0.2340 0.5535 -0.7993
vn 0.1174 0.4729 -0.8733
vn 0.0003 0.4123 -0.9111
vn -0.0787 0.4159 -0.9060
vn -0.1260 0.4518 -0.8832
vn -0.2095 0.5248 -0.8251
vn -0.3230 0.6265 -0.7093
vn -0.3926 0.7031 -0.5929
vn -0.4245 0.7574 -0.4961
vn -0.4678 0.8194 -0.3314
vn -0.5007 0.8565 -0.1256
vn -0.5056 0.8627 -0.0029
vn -0.4995 0.8651 0.0456
vn -0.4801 0.8630 0.1571
vn -0.4626 0.8455 0.2667
vn -0.4318 0.8145 0.3874
vn -0.3781 0.7736 0.5085
vn -0.3055 0.7168 0.6268
vn -0.2155 0.6412 0.7365
vn -0.1094 0.5711 0.8136
vn -0.0002 0.5374 0.8433
vn 0.0548 0.5444 0.8370
vn 0.1478 0.5800 0.8011
vn 0.2199 0.6263 0.7479
vn 0.2641 0.6740 0.6899
vn 0.3369 0.7430 0.5783
vn 0.4224 0.8095 0.4078
vn 0.4655 0.8414 0.2745
vn 0.4805 0.8577 0.1827
vn 0.4975 0.8674 0.0119
vn -0.9066 -0.3892 0.1630
vn -0.9237 -0.3647 -0.1171
vn -0.9068 -0.3200 0.2744
vn -0.4926 -0.4494 0.7452
vn -0.5179 -0.3658 0.7733
vn -0.7173 -0.3631 0.5947
vn -0.4602 -0.2948 0.8375
vn 0.0102 -0.4100 0.9120
vn -0.0050 -0.3261 0.9453
vn -0.1920 -0.3138 0.9299
vn 0.0456 -0.2581 0.9650
vn 0.5277 -0.3711 0.7641
vn 0.5286 -0.3491 0.7737
vn 0.3087 -0.3115 0.8987
vn 0.6140 -0.2871 0.7353
vn 0.9038 -0.4082 0.1289
vn 0.9082 -0.3888 0.1550
vn 0.8384 -0.3663 0.4035
vn 0.9448 -0.3164 0.0854
vn 0.7270 -0.4710 -0.4996
vn 0.7620 -0.3846 -0.5211
vn 0.8933 -0.3717 -0.2527
vn 0.7246 -0.3135 -0.6137
vn 0.2336 -0.4255 -0.8743
vn 0.2483 -0.3432 -0.9059
vn 0.4533 -0.3407 -0.8237
vn 0.1793 -0.2741 -0.9449
vn -0.2192 -0.3538 -0.9092
vn -0.2433 -0.3280 -0.9128
vn -0.0308 -0.2997 -0.9535
vn -0.3240 -0.2656 -0.9080
vn -0.7782 -0.3946 -0.4885
vn -0.7760 -0.3747 -0.5074
vn -0.5968 -0.3377 -0.7279
vn -0.8467 -0.3097 -0.4327
vn -0.8608 -0.4779 0.1753
vn -0.9490 -0.2671 -0.1676
vn -0.9786 -0.1991 0.0517
vn -0.7300 -0.2389 0.6404
vn -0.6393 -0.2707 0.7197
vn -0.7941 -0.2031 0.5729
vn -0.6142 -0.2111 0.7604
vn -0.1727 -0.3092 0.9352
vn -0.0966 -0.2794 0.9553
vn -0.2137 -0.2231 0.9511
vn -0.0878 -0.2260 0.9702
vn 0.2837 -0.2589 0.9233
vn 0.3877 -0.2758 0.8795
vn 0.2337 -0.2018 0.9511
vn 0.4295 -0.2097 0.8784
vn 0.8615 -0.2446 0.4449
vn 0.9059 -0.2722 0.3245
vn 0.8237 -0.1949 0.5325
vn 0.9421 -0.2021 0.2675
vn 0.9228 -0.3032 -0.2375
vn 0.8799 -0.2590 -0.3984
vn 0.9647 -0.1869 -0.1854
vn 0.8712 -0.1893 -0.4530
vn 0.4420 -0.2785 -0.8527
vn 0.3565 -0.2456 -0.9014
vn 0.5157 -0.1875 -0.8360
vn 0.3254 -0.1908 -0.9261
vn -0.0344 -0.2298 -0.9726
vn -0.0964 -0.2501 -0.9634
vn 0.0259 -0.1830 -0.9828
vn -0.1398 -0.1883 -0.9721
vn -0.5990 -0.2281 -0.7675
vn -0.6914 -0.2528 -0.6768
vn -0.5319 -0.2451 -0.8106
vn -0.7340 -0.1831 -0.6540
vn -0.9699 -0.2369 -0.0555
vn -0.9623 -0.2700 0.0339
vn -0.9607 -0.2711 -0.0591
vn -0.8983 -0.2869 0.3329
vn -0.7699 -0.2985 0.5641
vn -0.7910 -0.2611 0.5533
vn -0.7029 -0.2755 0.6557
vn -0.3829 -0.2934 0.8760
vn -0.2024 -0.2678 0.9420
vn -0.2178 -0.2407 0.9458
vn -0.1218 -0.2629 0.9571
vn 0.0664 -0.2586 0.9637
vn 0.2377 -0.2882 0.9276
vn 0.2250 -0.2542 0.9406
vn 0.3195 -0.2564 0.9122
vn 0.6490 -0.2830 0.7062
vn 0.8070 -0.3130 0.5008
vn 0.7989 -0.2760 0.5344
vn 0.8715 -0.2746 0.4063
vn 0.9420 -0.3354 0.0109
vn 0.9363 -0.3080 -0.1687
vn 0.9492 -0.2666 -0.1674
vn 0.9143 -0.2792 -0.2935
vn 0.6769 -0.2873 -0.6777
vn 0.4944 -0.2465 -0.8335
vn 0.5113 -0.2144 -0.8322
vn 0.4094 -0.2294 -0.8830
vn 0.1198 -0.2544 -0.9596
vn -0.0167 -0.2398 -0.9707
vn 0.0076 -0.2113 -0.9774
vn -0.0571 -0.2112 -0.9758
vn -0.3456 -0.2370 -0.9080
vn -0.5393 -0.2729 -0.7967
vn -0.5159 -0.2723 -0.8122
vn -0.6265 -0.2401 -0.7416
vn -0.8910 -0.2747 -0.3615
vn -0.9438 -0.3077 -0.1208
vn -0.9519 -0.2715 -0.1421
vn -0.9668 0.2413 0.0840
vn -0.8972 0.2338 0.3746
vn -0.8325 0.2210 0.5081
vn -0.7612 0.2257 0.6079
vn -0.5572 0.1894 0.8085
vn -0.3340 0.1283 0.9338
vn -0.2410 0.1072 0.9646
vn -0.1670 0.1078 0.9800
vn -0.0150 0.0887 0.9959
vn 0.0930 0.0533 0.9942
vn 0.1731 0.0779 0.9818
vn 0.2407 0.0878 0.9666
vn 0.4350 0.1057 0.8942
vn 0.6581 0.1536 0.7371
vn 0.7453 0.1966 0.6370
vn 0.8158 0.2176 0.5359
vn 0.9392 0.2337 0.2516
vn 0.9688 0.2470 -0.0225
vn 0.9585 0.2673 -0.0987
vn 0.9403 0.2719 -0.2047
vn 0.8358 0.2582 -0.4846
vn 0.6376 0.2499 -0.7287
vn 0.5355 0.2358 -0.8109
vn 0.4487 0.2378 -0.8615
vn 0.2519 0.2111 -0.9444
vn 0.0730 0.1682 -0.9831
vn 0.0064 0.1551 -0.9879
vn -0.0252 0.1538 -0.9878
vn -0.1612 0.1456 -0.9761
vn -0.3492 0.1682 -0.9218
vn -0.4407 0.2013 -0.8748
vn -0.5224 0.2171 -0.8246
vn -0.7311 0.2322 -0.6415
vn -0.8969 0.2513 -0.3640
vn -0.9335 0.2718 -0.2339
vn -0.9573 0.2681 -0.1085
vn -0.9802 0.0715 0.1849
vn -0.9005 0.0742 0.4284
vn -0.8174 0.0611 0.5728
vn -0.6406 0.0332 0.7671
vn -0.4063 -0.0211 0.9135
vn -0.2710 -0.0601 0.9607
vn -0.1933 -0.0768 0.9781
vn -0.0789 -0.0918 0.9927
vn 0.0352 -0.1312 0.9907
vn 0.0856 -0.1278 0.9881
vn 0.1392 -0.1170 0.9833
vn 0.2432 -0.1097 0.9638
vn 0.4138 -0.0879 0.9061
vn 0.5537 -0.0469 0.8314
vn 0.6531 -0.0055 0.7572
vn 0.8214 0.0316 0.5694
vn 0.9704 0.0625 0.2334
vn 0.9967 0.0803 0.0060
vn 0.9926 0.0797 -0.0912
vn 0.9368 0.0650 -0.3438
vn 0.7514 -0.0012 -0.6598
vn 0.5869 -0.0575 -0.8076
vn 0.4794 -0.0864 -0.8734
vn 0.3152 -0.1202 -0.9414
vn 0.1420 -0.1619 -0.9765
vn 0.0485 -0.1876 -0.9810
vn -0.0065 -0.1976 -0.9803
vn -0.0634 -0.2094 -0.9758
vn -0.1774 -0.2073 -0.9621
vn -0.2775 -0.1836 -0.9430
vn -0.3537 -0.1556 -0.9223
vn -0.5038 -0.1243 -0.8548
vn -0.7280 -0.0685 -0.6821
vn -0.8680 -0.0037 -0.4966
vn -0.9380 0.0459 -0.3436
vn -0.9948 0.0760 -0.0684
vn -0.5014 -0.8632 0.0597
vn -0.4989 -0.8523 0.1570
vn -0.4805 -0.8349 0.2684
vn -0.4563 -0.8036 0.3822
vn -0.4230 -0.7452 0.5155
vn -0.3491 -0.6540 0.6711
vn -0.2422 -0.5592 0.7928
vn -0.1230 -0.4752 0.8713
vn -0.0020 -0.4120 0.9112
vn 0.0911 -0.4123 0.9065
vn 0.2109 -0.4628 0.8610
vn 0.3256 -0.5659 0.7574
vn 0.4079 -0.6681 0.6223
vn 0.4640 -0.7420 0.4839
vn 0.4975 -0.7987 0.3385
vn 0.5034 -0.8388 0.2074
vn 0.5011 -0.8587 0.1076
vn 0.5034 -0.8640 0.0123
vn 0.4992 -0.8642 -0.0625
vn 0.4789 -0.8643 -0.1538
vn 0.4653 -0.8487 -0.2515
vn 0.4362 -0.8193 -0.3720
vn 0.3840 -0.7790 -0.4957
vn 0.3164 -0.7237 -0.6134
vn 0.2268 -0.6471 -0.7279
vn 0.1138 -0.5729 -0.8117
vn 0.0006 -0.5373 -0.8434
vn -0.0852 -0.5370 -0.8393
vn -0.1912 -0.5840 -0.7889
vn -0.2933 -0.6442 -0.7064
vn -0.3807 -0.7140 -0.5876
vn -0.4370 -0.7812 -0.4458
vn -0.4647 -0.8242 -0.3237
vn -0.4881 -0.8463 -0.2134
vn -0.5023 -0.8583 -0.1047
vn -0.4963 -0.8681 -0.0102
vn 0.4061 -0.8876 -0.2173
vn 0.3801 -0.9205 -0.0906
vn 0.3462 -0.9372 0.0416
vn 0.3187 -0.9074 -0.2741
vn 0.1272 -0.9010 -0.4148
vn 0.1905 -0.9309 -0.3117
vn 0.2374 -0.9445 -0.2270
vn 0.0680 -0.9274 -0.3678
vn -0.0844 -0.9220 -0.3778
vn -0.0077 -0.9451 -0.3266
vn 0.0617 -0.9592 -0.2760
vn -0.1085 -0.9345 -0.3391
vn -0.3380 -0.9071 -0.2507
vn -0.2103 -0.9361 -0.2818
vn -0.0909 -0.9524 -0.2910
vn -0.3541 -0.9141 -0.1977
vn -0.4564 -0.8859 0.0834
vn -0.3870 -0.9208 -0.0492
vn -0.3118 -0.9389 -0.1455
vn -0.4056 -0.9064 0.1185
vn -0.2746 -0.8889 0.3666
vn -0.3077 -0.9230 0.2312
vn -0.3284 -0.9380 0.1107
vn -0.1873 -0.9160 0.3548
vn -0.0033 -0.9137 0.4063
vn -0.0775 -0.9394 0.3340
vn -0.1198 -0.9528 0.2791
vn 0.0153 -0.9359 0.3518
vn 0.2018 -0.9192 0.3382
vn 0.0984 -0.9440 0.3148
vn 0.0018 -0.9587 0.2845
vn 0.2288 -0.9255 0.3019
vn 0.4408 -0.8925 0.0957
vn 0.3240 -0.9262 0.1929
vn 0.2134 -0.9439 0.2522
vn 0.4191 -0.9072 0.0357
vn -0.8540 0.5095 0.1056
vn -0.8012 0.5378 0.2623
vn -0.7029 0.5846 0.4052
vn -0.5569 0.6635 0.4996
vn -0.3930 0.7524 0.5286
vn -0.2513 0.8192 0.5156
vn -0.1403 0.8663 0.4794
vn -0.0589 0.8971 0.4380
vn -0.0001 0.9086 0.4177
vn 0.0325 0.9023 0.4299
vn 0.0621 0.8744 0.4812
vn 0.1216 0.8176 0.5628
vn 0.2425 0.7416 0.6255
vn 0.4170 0.6735 0.6103
vn 0.5848 0.6042 0.5413
vn 0.7338 0.5368 0.4163
vn 0.8348 0.5058 0.2173
vn 0.8644 0.5022 0.0249
vn 0.8601 0.4988 -0.1064
vn 0.8163 0.5121 -0.2672
vn 0.7196 0.5569 -0.4148
vn 0.5869 0.6150 -0.5266
vn 0.4384 0.6783 -0.5896
vn 0.2909 0.7477 -0.5969
vn 0.1674 0.8030 -0.5719
vn 0.0737 0.8332 -0.5480
vn 0.0002 0.8411 -0.5410
vn -0.0408 0.8290 -0.5577
vn -0.0964 0.7988 -0.5938
vn -0.1873 0.7572 -0.6258
vn -0.3040 0.6993 -0.6469
vn -0.4481 0.6224 -0.6417
vn -0.6200 0.5584 -0.5511
vn -0.7595 0.5244 -0.3849
vn -0.8396 0.5032 -0.2046
vn -0.8663 0.4991 -0.0206
vt 0.027778 0.000000
vt 0.000000 0.166667
vt 0.000000 0.000000
vt 0.055556 0.166667
vt 0.027778 0.166667
vt 0.055556 0.000000
vt 0.083333 0.166667
vt 0.111111 0.000000
vt 0.083333 0.000000
vt 0.138889 0.000000
vt 0.111111 0.166667
vt 0.166667 0.166667
vt 0.138889 0.166667
vt 0.166667 0.000000
vt 0.194444 0.166667
vt 0.222222 0.000000
vt 0.194444 0.000000
vt 0.250000 0.000000
vt 0.222222 0.166667
vt 0.277778 0.166667
vt 0.250000 0.166667
vt 0.277778 0.000000
vt 0.305556 0.166667
vt 0.305556 0.000000
vt 0.333333 0.166667
vt 0.333333 0.000000
vt 0.361111 0.166667
vt 0.361111 0.000000
vt 0.388889 0.166667
vt 0.388889 0.000000
vt 0.416667 0.166667
vt 0.416667 0.000000
vt 0.444444 0.166667
vt 0.472222 0.000000
vt 0.444444 0.000000
vt 0.500000 0.166667
vt 0.472222 0.166667
vt 0.500000 0.000000
vt 0.527778 0.166667
vt 0.555556 0.000000
vt 0.527778 0.000000
vt 0.583333 0.000000
vt 0.555556 0.166667
vt 0.611111 0.166667
vt 0.583333 0.166667
vt 0.611111 0.000000
vt 0.638889 0.166667
vt 0.666667 0.000000
vt 0.638889 0.000000
vt 0.694444 0.000000
vt 0.666667 0.166667
vt 0.722222 0.166667
vt 0.694444 0.166667
vt 0.722222 0.000000
vt 0.750000 0.166667
vt 0.750000 0.000000
vt 0.777778 0.166667
vt 0.777778 0.000000
vt 0.805556 0.166667
vt 0.805556 0.000000
vt 0.833333 0.166667
vt 0.833333 0.000000
vt 0.861111 0.166667
vt 0.861111 0.000000
vt 0.888889 0.166667
vt 0.916667 0.000000
vt 0.888889 0.000000
vt 0.944444 0.166667
vt 0.916667 0.166667
vt 0.944444 0.000000
vt 0.972222 0.166667
vt 1.000000 0.000000
vt 0.972222 0.000000
vt 0.027778 0.333333
vt 0.000000 0.333333
vt 0.055556 0.333333
vt 0.083333 0.333333
vt 0.138889 0.333333
vt 0.111111 0.333333
vt 0.166667 0.333333
vt 0.194444 0.333333
vt 0.250000 0.333333
vt 0.222222 0.333333
vt 0.277778 0.333333
vt 0.305556 0.333333
vt 0.361111 0.333333
vt 0.333333 0.333333
vt 0.388889 0.333333
vt 0.416667 0.333333
vt 0.472222 0.333333
vt 0.444444 0.333333
vt 0.500000 0.333333
vt 0.527778 0.333333
vt 0.555556 0.333333
vt 0.611111 0.333333
vt 0.583333 0.333333
vt 0.638889 0.333333
vt 0.666667 0.333333
vt 0.722222 0.333333
vt 0.694444 0.333333
vt 0.750000 0.333333
vt 0.805556 0.333333
vt 0.777778 0.333333
vt 0.833333 0.333333
vt 0.861111 0.333333
vt 0.916667 0.333333
vt 0.888889 0.333333
vt 0.944444 0.333333
vt 0.972222 0.333333
vt 1.000000 0.166667
vt 0.027778 0.500000
vt 0.000000 0.500000
vt 0.055556 0.500000
vt 0.083333 0.500000
vt 0.111111 0.500000
vt 0.138889 0.500000
vt 0.166667 0.500000
vt 0.194444 0.500000
vt 0.222222 0.500000
vt 0.250000 0.500000
vt 0.277778 0.500000
vt 0.305556 0.500000
vt 0.361111 0.500000
vt 0.333333 0.500000
vt 0.388889 0.500000
vt 0.416667 0.500000
vt 0.472222 0.500000
vt 0.444444 0.500000
vt 0.500000 0.500000
vt 0.527778 0.500000
vt 0.555556 0.500000
vt 0.583333 0.500000
vt 0.611111 0.500000
vt 0.638889 0.500000
vt 0.666667 0.500000
vt 0.694444 0.500000
vt 0.722222 0.500000
vt 0.750000 0.500000
vt 0.805556 0.500000
vt 0.777778 0.500000
vt 0.833333 0.500000
vt 0.888889 0.500000
vt 0.861111 0.500000
vt 0.916667 0.500000
vt 0.944444 0.500000
vt 1.000000 0.333333
vt 0.972222 0.500000
vt 0.000000 0.666667
vt 0.055556 0.666667
vt 0.027778 0.666667
vt 0.083333 0.666667
vt 0.111111 0.666667
vt 0.138889 0.666667
vt 0.166667 0.666667
vt 0.194444 0.666667
vt 0.222222 0.666667
vt 0.250000 0.666667
vt 0.277778 0.666667
vt 0.305556 0.666667
vt 0.333333 0.666667
vt 0.361111 0.666667
vt 0.388889 0.666667
vt 0.416667 0.666667
vt 0.444444 0.666667
vt 0.472222 0.666667
vt 0.500000 0.666667
vt 0.527778 0.666667
vt 0.555556 0.666667
vt 0.611111 0.666667
vt 0.583333 0.666667
vt 0.638889 0.666667
vt 0.666667 0.666667
vt 0.694444 0.666667
vt 0.722222 0.666667
vt 0.750000 0.666667
vt 0.777778 0.666667
vt 0.805556 0.666667
vt 0.833333 0.666667
vt 0.861111 0.666667
vt 0.888889 0.666667
vt 0.916667 0.666667
vt 0.944444 0.666667
vt 1.000000 0.500000
vt 0.972222 0.666667
vt 0.000000 0.833333
vt 0.055556 0.833333
vt 0.027778 0.833333
vt 0.083333 0.833333
vt 0.111111 0.833333
vt 0.138889 0.833333
vt 0.166667 0.833333
vt 0.194444 0.833333
vt 0.222222 0.833333
vt 0.250000 0.833333
vt 0.277778 0.833333
vt 0.305556 0.833333
vt 0.333333 0.833333
vt 0.361111 0.833333
vt 0.388889 0.833333
vt 0.416667 0.833333
vt 0.444444 0.833333
vt 0.472222 0.833333
vt 0.527778 0.833333
vt 0.500000 0.833333
vt 0.555556 0.833333
vt 0.583333 0.833333
vt 0.611111 0.833333
vt 0.638889 0.833333
vt 0.666667 0.833333
vt 0.694444 0.833333
vt 0.722222 0.833333
vt 0.750000 0.833333
vt 0.777778 0.833333
vt 0.805556 0.833333
vt 0.833333 0.833333
vt 0.861111 0.833333
vt 0.888889 0.833333
vt 0.916667 0.833333
vt 0.944444 0.833333
vt 1.000000 0.666667
vt 0.972222 0.833333
vt 0.000000 1.000000
vt 0.027778 1.000000
vt 0.055556 1.000000
vt 0.083333 1.000000
vt 0.111111 1.000000
vt 0.138889 1.000000
vt 0.166667 1.000000
vt 0.194444 1.000000
vt 0.222222 1.000000
vt 0.277778 1.000000
vt 0.250000 1.000000
vt 0.305556 1.000000
vt 0.333333 1.000000
vt 0.361111 1.000000
vt 0.388889 1.000000
vt 0.416667 1.000000
vt 0.444444 1.000000
vt 0.472222 1.000000
vt 0.500000 1.000000
vt 0.527778 1.000000
vt 0.555556 1.000000
vt 0.583333 1.000000
vt 0.611111 1.000000
vt 0.638889 1.000000
vt 0.666667 1.000000
vt 0.694444 1.000000
vt 0.722222 1.000000
vt 0.777778 1.000000
vt 0.750000 1.000000
vt 0.805556 1.000000
vt 0.833333 1.000000
vt 0.861111 1.000000
vt 0.888889 1.000000
vt 0.916667 1.000000
vt 0.944444 1.000000
vt 0.972222 1.000000
vt 1.000000 0.833333
vt 1.000000 1.000000
s 0
g A_Body.001_cotton_robe_cloth
usemtl cotton_robe_cloth
f 2/1/1 37/2/1 1/3/1
f 2/1/2 39/4/2 38/5/2
f 3/6/3 40/7/3 39/4/3
f 5/8/4 40/7/4 4/9/4
f 6/10/5 41/11/5 5/8/5
f 6/10/6 43/12/6 42/13/6
f 7/14/7 44/15/7 43/12/7
f 9/16/8 44/15/8 8/17/8
f 10/18/9 45/19/9 9/16/9
f 10/18/10 47/20/10 46/21/10
f 11/22/11 48/23/11 47/20/11
f 12/24/12 49/25/12 48/23/12
f 13/26/13 50/27/13 49/25/13
f 14/28/14 51/29/14 50/27/14
f 15/30/15 52/31/15 51/29/15
f 16/32/16 53/33/16 52/31/16
f 18/34/17 53/33/17 17/35/17
f 18/34/18 55/36/18 54/37/18
f 19/38/19 56/39/19 55/36/19
f 21/40/20 56/39/20 20/41/20
f 22/42/21 57/43/21 21/40/21
f 22/42/22 59/44/22 58/45/22
f 23/46/23 60/47/23 59/44/23
f 25/48/24 60/47/24 24/49/24
f 26/50/25 61/51/25 25/48/25
f 26/50/26 63/52/26 62/53/26
f 27/54/27 64/55/27 63/52/27
f 28/56/28 65/57/28 64/55/28
f 29/58/29 66/59/29 65/57/29
f 30/60/30 67/61/30 66/59/30
f 31/62/31 68/63/31 67/61/31
f 32/64/32 69/65/32 68/63/32
f 34/66/33 69/65/33 33/67/33
f 34/66/34 71/68/34 70/69/34
f 35/70/35 72/71/35 71/68/35
f 1/72/36 72/71/36 36/73/36
f 37/2/37 74/74/37 73/75/37
f 38/5/38 75/76/38 74/74/38
f 40/7/39 75/76/39 39/4/39
f 41/11/40 76/77/40 40/7/40
f 41/11/41 78/78/41 77/79/41
f 42/13/42 79/80/42 78/78/42
f 44/15/43 79/80/43 43/12/43
f 45/19/44 80/81/44 44/15/44
f 45/19/45 82/82/45 81/83/45
f 46/21/46 83/84/46 82/82/46
f 47/20/47 84/85/47 83/84/47
f 49/25/48 84/85/48 48/23/48
f 49/25/49 86/86/49 85/87/49
f 50/27/50 87/88/50 86/86/50
f 51/29/51 88/89/51 87/88/51
f 53/33/52 88/89/52 52/31/52
f 53/33/53 90/90/53 89/91/53
f 54/37/54 91/92/54 90/90/54
f 56/39/55 91/92/55 55/36/55
f 57/43/56 92/93/56 56/39/56
f 58/45/57 93/94/57 57/43/57
f 58/45/58 95/95/58 94/96/58
f 60/47/59 95/95/59 59/44/59
f 61/51/60 96/97/60 60/47/60
f 62/53/61 97/98/61 61/51/61
f 62/53/62 99/99/62 98/100/62
f 64/55/63 99/99/63 63/52/63
f 65/57/64 100/101/64 64/55/64
f 65/57/65 102/102/65 101/103/65
f 66/59/66 103/104/66 102/102/66
f 67/61/67 104/105/67 103/104/67
f 69/65/68 104/105/68 68/63/68
f 69/65/69 106/106/69 105/107/69
f 70/69/70 107/108/70 106/106/70
f 71/68/71 108/109/71 107/108/71
f 37/110/72 108/109/72 72/71/72
f 73/75/73 110/111/73 109/112/73
f 75/76/74 110/111/74 74/74/74
f 76/77/75 111/113/75 75/76/75
f 77/79/76 112/114/76 76/77/76
f 78/78/77 113/115/77 77/79/77
f 79/80/78 114/116/78 78/78/78
f 80/81/79 115/117/79 79/80/79
f 81/83/80 116/118/80 80/81/80
f 82/82/81 117/119/81 81/83/81
f 83/84/82 118/120/82 82/82/82
f 84/85/83 119/121/83 83/84/83
f 85/87/84 120/122/84 84/85/84
f 85/87/85 122/123/85 121/124/85
f 86/86/86 123/125/86 122/123/86
f 88/89/87 123/125/87 87/88/87
f 89/91/88 124/126/88 88/89/88
f 89/91/89 126/127/89 125/128/89
f 91/92/90 126/127/90 90/90/90
f 92/93/91 127/129/91 91/92/91
f 93/94/92 128/130/92 92/93/92
f 94/96/93 129/131/93 93/94/93
f 95/95/94 130/132/94 94/96/94
f 96/97/95 131/133/95 95/95/95
f 97/98/96 132/134/96 96/97/96
f 98/100/97 133/135/97 97/98/97
f 99/99/98 134/136/98 98/100/98
f 100/101/99 135/137/99 99/99/99
f 101/103/100 136/138/100 100/101/100
f 101/103/101 138/139/101 137/140/101
f 102/102/102 139/141/102 138/139/102
f 104/105/103 139/141/103 103/104/103
f 104/105/104 141/142/104 140/143/104
f 105/107/105 142/144/105 141/142/105
f 106/106/106 143/145/106 142/144/106
f 108/109/107 143/145/107 107/108/107
f 73/146/108 144/147/108 108/109/108
f 110/111/109 145/148/109 109/112/109
f 110/111/110 147/149/110 146/150/110
f 111/113/111 148/151/111 147/149/111
f 112/114/112 149/152/112 148/151/112
f 113/115/113 150/153/113 149/152/113
f 114/116/114 151/154/114 150/153/114
f 115/117/115 152/155/115 151/154/115
f 116/118/116 153/156/116 152/155/116
f 118/120/117 153/156/117 117/119/117
f 119/121/118 154/157/118 118/120/118
f 120/122/119 155/158/119 119/121/119
f 121/124/120 156/159/120 120/122/120
f 122/123/121 157/160/121 121/124/121
f 123/125/122 158/161/122 122/123/122
f 124/126/123 159/162/123 123/125/123
f 125/128/124 160/163/124 124/126/124
f 126/127/125 161/164/125 125/128/125
f 127/129/126 162/165/126 126/127/126
f 128/130/127 163/166/127 127/129/127
f 129/131/128 164/167/128 128/130/128
f 130/132/129 165/168/129 129/131/129
f 130/132/130 167/169/130 166/170/130
f 131/133/131 168/171/131 167/169/131
f 132/134/132 169/172/132 168/171/132
f 133/135/133 170/173/133 169/172/133
f 134/136/134 171/174/134 170/173/134
f 135/137/135 172/175/135 171/174/135
f 137/140/136 172/175/136 136/138/136
f 138/139/137 173/176/137 137/140/137
f 139/141/138 174/177/138 138/139/138
f 140/143/139 175/178/139 139/141/139
f 141/142/140 176/179/140 140/143/140
f 142/144/141 177/180/141 141/142/141
f 143/145/142 178/181/142 142/144/142
f 144/147/143 179/182/143 143/145/143
f 109/183/144 180/184/144 144/147/144
f 146/150/145 181/185/145 145/148/145
f 146/150/146 183/186/146 182/187/146
f 147/149/147 184/188/147 183/186/147
f 148/151/148 185/189/148 184/188/148
f 149/152/149 186/190/149 185/189/149
f 150/153/150 187/191/150 186/190/150
f 151/154/151 188/192/151 187/191/151
f 152/155/152 189/193/152 188/192/152
f 154/157/153 189/193/153 153/156/153
f 155/158/154 190/194/154 154/157/154
f 156/159/155 191/195/155 155/158/155
f 157/160/156 192/196/156 156/159/156
f 158/161/157 193/197/157 157/160/157
f 159/162/158 194/198/158 158/161/158
f 160/163/159 195/199/159 159/162/159
f 161/164/160 196/200/160 160/163/160
f 162/165/161 197/201/161 161/164/161
f 163/166/162 198/202/162 162/165/162
f 163/166/163 200/203/163 199/204/163
f 164/167/164 201/205/164 200/203/164
f 165/168/165 202/206/165 201/205/165
f 166/170/166 203/207/166 202/206/166
f 167/169/167 204/208/167 203/207/167
f 168/171/168 205/209/168 204/208/168
f 169/172/169 206/210/169 205/209/169
f 170/173/170 207/211/170 206/210/170
f 172/175/171 207/211/171 171/174/171
f 173/176/172 208/212/172 172/175/172
f 174/177/173 209/213/173 173/176/173
f 175/178/174 210/214/174 174/177/174
f 176/179/175 211/215/175 175/178/175
f 177/180/176 212/216/176 176/179/176
f 178/181/177 213/217/177 177/180/177
f 179/182/178 214/218/178 178/181/178
f 180/184/179 215/219/179 179/182/179
f 145/220/180 216/221/180 180/184/180
f 182/187/181 217/222/181 181/185/181
f 183/186/182 218/223/182 182/187/182
f 184/188/183 219/224/183 183/186/183
f 185/189/184 220/225/184 184/188/184
f 186/190/185 221/226/185 185/189/185
f 187/191/186 222/227/186 186/190/186
f 188/192/187 223/228/187 187/191/187
f 189/193/188 224/229/188 188/192/188
f 190/194/189 225/230/189 189/193/189
f 190/194/190 227/231/190 226/232/190
f 191/195/191 228/233/191 227/231/191
f 192/196/192 229/234/192 228/233/192
f 193/197/193 230/235/193 229/234/193
f 194/198/194 231/236/194 230/235/194
f 195/199/195 232/237/195 231/236/195
f 196/200/196 233/238/196 232/237/196
f 197/201/197 234/239/197 233/238/197
f 198/202/198 235/240/198 234/239/198
f 199/204/199 236/241/199 235/240/199
f 201/205/200 236/241/200 200/203/200
f 202/206/201 237/242/201 201/205/201
f 203/207/202 238/243/202 202/206/202
f 204/208/203 239/244/203 203/207/203
f 205/209/204 240/245/204 204/208/204
f 206/210/205 241/246/205 205/209/205
f 207/211/206 242/247/206 206/210/206
f 208/212/207 243/248/207 207/211/207
f 208/212/208 245/249/208 244/250/208
f 209/213/209 246/251/209 245/249/209
f 210/214/210 247/252/210 246/251/210
f 211/215/211 248/253/211 247/252/211
f 212/216/212 249/254/212 248/253/212
f 213/217/213 250/255/213 249/254/213
f 214/218/214 251/256/214 250/255/214
f 215/219/215 252/257/215 251/256/215
f 181/258/216 252/257/216 216/221/216
f 289/2/217 254/1/217 253/3/217
f 254/1/218 291/4/218 255/6/218
f 255/6/219 292/7/219 256/9/219
f 292/7/220 257/8/220 256/9/220
f 293/11/221 258/10/221 257/8/221
f 258/10/222 295/12/222 259/14/222
f 259/14/223 296/15/223 260/17/223
f 296/15/224 261/16/224 260/17/224
f 297/19/225 262/18/225 261/16/225
f 262/18/226 299/20/226 263/22/226
f 263/22/227 300/23/227 264/24/227
f 264/24/228 301/25/228 265/26/228
f 301/25/229 266/28/229 265/26/229
f 266/28/230 303/29/230 267/30/230
f 267/30/231 304/31/231 268/32/231
f 268/32/232 305/33/232 269/35/232
f 305/33/233 270/34/233 269/35/233
f 270/34/234 307/36/234 271/38/234
f 271/38/235 308/39/235 272/41/235
f 308/39/236 273/40/236 272/41/236
f 309/43/237 274/42/237 273/40/237
f 274/42/238 311/44/238 275/46/238
f 275/46/239 312/47/239 276/49/239
f 312/47/240 277/48/240 276/49/240
f 313/51/241 278/50/241 277/48/241
f 278/50/242 315/52/242 279/54/242
f 279/54/243 316/55/243 280/56/243
f 280/56/244 317/57/244 281/58/244
f 317/57/245 282/60/245 281/58/245
f 282/60/246 319/61/246 283/62/246
f 283/62/247 320/63/247 284/64/247
f 284/64/248 321/65/248 285/67/248
f 321/65/249 286/66/249 285/67/249
f 286/66/250 323/68/250 287/70/250
f 287/70/251 324/71/251 288/73/251
f 324/71/252 253/72/252 288/73/252
f 289/2/253 326/74/253 290/5/253
f 290/5/254 327/76/254 291/4/254
f 291/4/255 328/77/255 292/7/255
f 328/77/256 293/11/256 292/7/256
f 329/79/257 294/13/257 293/11/257
f 294/13/258 331/80/258 295/12/258
f 331/80/259 296/15/259 295/12/259
f 332/81/260 297/19/260 296/15/260
f 333/83/261 298/21/261 297/19/261
f 298/21/262 335/84/262 299/20/262
f 299/20/263 336/85/263 300/23/263
f 336/85/264 301/25/264 300/23/264
f 337/87/265 302/27/265 301/25/265
f 302/27/266 339/88/266 303/29/266
f 303/29/267 340/89/267 304/31/267
f 340/89/268 305/33/268 304/31/268
f 341/91/269 306/37/269 305/33/269
f 306/37/270 343/92/270 307/36/270
f 343/92/271 308/39/271 307/36/271
f 344/93/272 309/43/272 308/39/272
f 345/94/273 310/45/273 309/43/273
f 310/45/274 347/95/274 311/44/274
f 347/95/275 312/47/275 311/44/275
f 348/97/276 313/51/276 312/47/276
f 349/98/277 314/53/277 313/51/277
f 314/53/278 351/99/278 315/52/278
f 315/52/279 352/101/279 316/55/279
f 352/101/280 317/57/280 316/55/280
f 353/103/281 318/59/281 317/57/281
f 318/59/282 355/104/282 319/61/282
f 319/61/283 356/105/283 320/63/283
f 356/105/284 321/65/284 320/63/284
f 321/65/285 358/106/285 322/69/285
f 322/69/286 359/108/286 323/68/286
f 323/68/287 360/109/287 324/71/287
f 360/109/288 289/110/288 324/71/288
f 325/75/289 362/111/289 326/74/289
f 326/74/290 363/113/290 327/76/290
f 363/113/291 328/77/291 327/76/291
f 364/114/292 329/79/292 328/77/292
f 365/115/293 330/78/293 329/79/293
f 366/116/294 331/80/294 330/78/294
f 367/117/295 332/81/295 331/80/295
f 368/118/296 333/83/296 332/81/296
f 369/119/297 334/82/297 333/83/297
f 334/82/298 371/121/298 335/84/298
f 371/121/299 336/85/299 335/84/299
f 372/122/300 337/87/300 336/85/300
f 337/87/301 374/123/301 338/86/301
f 338/86/302 375/125/302 339/88/302
f 375/125/303 340/89/303 339/88/303
f 376/126/304 341/91/304 340/89/304
f 341/91/305 378/127/305 342/90/305
f 378/127/306 343/92/306 342/90/306
f 379/129/307 344/93/307 343/92/307
f 380/130/308 345/94/308 344/93/308
f 381/131/309 346/96/309 345/94/309
f 382/132/310 347/95/310 346/96/310
f 383/133/311 348/97/311 347/95/311
f 384/134/312 349/98/312 348/97/312
f 385/135/313 350/100/313 349/98/313
f 386/136/314 351/99/314 350/100/314
f 387/137/315 352/101/315 351/99/315
f 388/138/316 353/103/316 352/101/316
f 353/103/317 390/139/317 354/102/317
f 354/102/318 391/141/318 355/104/318
f 391/141/319 356/105/319 355/104/319
f 356/105/320 393/142/320 357/107/320
f 357/107/321 394/144/321 358/106/321
f 358/106/322 395/145/322 359/108/322
f 395/145/323 360/109/323 359/108/323
f 396/147/324 325/146/324 360/109/324
f 397/148/325 362/111/325 361/112/325
f 362/111/326 399/149/326 363/113/326
f 363/113/327 400/151/327 364/114/327
f 364/114/328 401/152/328 365/115/328
f 365/115/329 402/153/329 366/116/329
f 366/116/330 403/154/330 367/117/330
f 367/117/331 404/155/331 368/118/331
f 368/118/332 405/156/332 369/119/332
f 369/119/333 406/157/333 370/120/333
f 406/157/334 371/121/334 370/120/334
f 407/158/335 372/122/335 371/121/335
f 408/159/336 373/124/336 372/122/336
f 409/160/337 374/123/337 373/124/337
f 410/161/338 375/125/338 374/123/338
f 411/162/339 376/126/339 375/125/339
f 412/163/340 377/128/340 376/126/340
f 413/164/341 378/127/341 377/128/341
f 414/165/342 379/129/342 378/127/342
f 415/166/343 380/130/343 379/129/343
f 416/167/344 381/131/344 380/130/344
f 417/168/345 382/132/345 381/131/345
f 382/132/346 419/169/346 383/133/346
f 383/133/347 420/171/347 384/134/347
f 384/134/348 421/172/348 385/135/348
f 385/135/349 422/173/349 386/136/349
f 386/136/350 423/174/350 387/137/350
f 387/137/351 424/175/351 388/138/351
f 424/175/352 389/140/352 388/138/352
f 425/176/353 390/139/353 389/140/353
f 426/177/354 391/141/354 390/139/354
f 427/178/355 392/143/355 391/141/355
f 428/179/356 393/142/356 392/143/356
f 429/180/357 394/144/357 393/142/357
f 430/181/358 395/145/358 394/144/358
f 431/182/359 396/147/359 395/145/359
f 432/184/360 361/183/360 396/147/360
f 433/185/361 398/150/361 397/148/361
f 398/150/362 435/186/362 399/149/362
f 399/149/363 436/188/363 400/151/363
f 400/151/364 437/189/364 401/152/364
f 401/152/365 438/190/365 402/153/365
f 402/153/366 439/191/366 403/154/366
f 403/154/367 440/192/367 404/155/367
f 404/155/368 441/193/368 405/156/368
f 441/193/369 406/157/369 405/156/369
f 442/194/370 407/158/370 406/157/370
f 443/195/371 408/159/371 407/158/371
f 444/196/372 409/160/372 408/159/372
f 445/197/373 410/161/373 409/160/373
f 446/198/374 411/162/374 410/161/374
f 447/199/375 412/163/375 411/162/375
f 448/200/376 413/164/376 412/163/376
f 449/201/377 414/165/377 413/164/377
f 450/202/378 415/166/378 414/165/378
f 415/166/379 452/203/379 416/167/379
f 416/167/380 453/205/380 417/168/380
f 417/168/381 454/206/381 418/170/381
f 418/170/382 455/207/382 419/169/382
f 419/169/383 456/208/383 420/171/383
f 420/171/384 457/209/384 421/172/384
f 421/172/385 458/210/385 422/173/385
f 422/173/386 459/211/386 423/174/386
f 459/211/387 424/175/387 423/174/387
f 460/212/388 425/176/388 424/175/388
f 461/213/389 426/177/389 425/176/389
f 462/214/390 427/178/390 426/177/390
f 463/215/391 428/179/391 427/178/391
f 464/216/392 429/180/392 428/179/392
f 465/217/393 430/181/393 429/180/393
f 466/218/394 431/182/394 430/181/394
f 467/219/395 432/184/395 431/182/395
f 468/221/396 397/220/396 432/184/396
f 469/222/397 434/187/397 433/185/397
f 470/223/398 435/186/398 434/187/398
f 471/224/399 436/188/399 435/186/399
f 472/225/400 437/189/400 436/188/400
f 473/226/401 438/190/401 437/189/401
f 474/227/402 439/191/402 438/190/402
f 475/228/403 440/192/403 439/191/403
f 476/229/404 441/193/404 440/192/404
f 477/230/405 442/194/405 441/193/405
f 442/194/406 479/231/406 443/195/406
f 443/195/407 480/233/407 444/196/407
f 444/196/408 481/234/408 445/197/408
f 445/197/409 482/235/409 446/198/409
f 446/198/410 483/236/410 447/199/410
f 447/199/411 484/237/411 448/200/411
f 448/200/412 485/238/412 449/201/412
f 449/201/413 486/239/413 450/202/413
f 450/202/414 487/240/414 451/204/414
f 451/204/415 488/241/415 452/203/415
f 488/241/416 453/205/416 452/203/416
f 489/242/417 454/206/417 453/205/417
f 490/243/418 455/207/418 454/206/418
f 491/244/419 456/208/419 455/207/419
f 492/245/420 457/209/420 456/208/420
f 493/246/421 458/210/421 457/209/421
f 494/247/422 459/211/422 458/210/422
f 495/248/423 460/212/423 459/211/423
f 460/212/424 497/249/424 461/213/424
f 461/213/425 498/251/425 462/214/425
f 462/214/426 499/252/426 463/215/426
f 463/215/427 500/253/427 464/216/427
f 464/216/428 501/254/428 465/217/428
f 465/217/429 502/255/429 466/218/429
f 466/218/430 503/256/430 467/219/430
f 467/219/431 504/257/431 468/221/431
f 504/257/432 433/258/432 468/221/432
f 2/1/433 253/3/433 254/1/433
f 3/6/434 254/1/434 255/6/434
f 3/6/435 256/9/435 4/9/435
f 4/9/436 257/8/436 5/8/436
f 6/10/437 257/8/437 258/10/437
f 7/14/438 258/10/438 259/14/438
f 7/14/439 260/17/439 8/17/439
f 8/17/440 261/16/440 9/16/440
f 10/18/441 261/16/441 262/18/441
f 11/22/442 262/18/442 263/22/442
f 11/22/443 264/24/443 12/24/443
f 12/24/444 265/26/444 13/26/444
f 14/28/445 265/26/445 266/28/445
f 15/30/446 266/28/446 267/30/446
f 15/30/447 268/32/447 16/32/447
f 16/32/448 269/35/448 17/35/448
f 18/34/449 269/35/449 270/34/449
f 19/38/450 270/34/450 271/38/450
f 19/38/451 272/41/451 20/41/451
f 20/41/452 273/40/452 21/40/452
f 22/42/453 273/40/453 274/42/453
f 23/46/454 274/42/454 275/46/454
f 23/46/455 276/49/455 24/49/455
f 24/49/456 277/48/456 25/48/456
f 26/50/457 277/48/457 278/50/457
f 27/54/458 278/50/458 279/54/458
f 27/54/459 280/56/459 28/56/459
f 28/56/460 281/58/460 29/58/460
f 30/60/461 281/58/461 282/60/461
f 31/62/462 282/60/462 283/62/462
f 31/62/463 284/64/463 32/64/463
f 32/64/464 285/67/464 33/67/464
f 34/66/465 285/67/465 286/66/465
f 35/70/466 286/66/466 287/70/466
f 35/70/467 288/73/467 36/73/467
f 36/73/468 253/72/468 1/72/468
f 217/222/469 470/223/469 469/222/469
f 218/223/470 471/224/470 470/223/470
f 219/224/471 472/225/471 471/224/471
f 220/225/472 473/226/472 472/225/472
f 221/226/473 474/227/473 473/226/473
f 222/227/474 475/228/474 474/227/474
f 223/228/475 476/229/475 475/228/475
f 224/229/476 477/230/476 476/229/476
f 225/230/477 478/232/477 477/230/477
f 227/231/478 478/232/478 226/232/478
f 228/233/479 479/231/479 227/231/479
f 229/234/480 480/233/480 228/233/480
f 230/235/481 481/234/481 229/234/481
f 231/236/482 482/235/482 230/235/482
f 232/237/483 483/236/483 231/236/483
f 233/238/484 484/237/484 232/237/484
f 234/239/485 485/238/485 233/238/485
f 235/240/486 486/239/486 234/239/486
f 235/240/487 488/241/487 487/240/487
f 236/241/488 489/242/488 488/241/488
f 237/242/489 490/243/489 489/242/489
f 238/243/490 491/244/490 490/243/490
f 239/244/491 492/245/491 491/244/491
f 240/245/492 493/246/492 492/245/492
f 241/246/493 494/247/493 493/246/493
f 242/247/494 495/248/494 494/247/494
f 243/248/495 496/250/495 495/248/495
f 245/249/496 496/250/496 244/250/496
f 246/251/497 497/249/497 245/249/497
f 247/252/498 498/251/498 246/251/498
f 248/253/499 499/252/499 247/252/499
f 249/254/500 500/253/500 248/253/500
f 250/255/501 501/254/501 249/254/501
f 251/256/502 502/255/502 250/255/502
f 252/257/503 503/256/503 251/256/503
f 217/259/504 504/257/504 252/257/504
f 2/1/505 38/5/505 37/2/505
f 2/1/506 3/6/506 39/4/506
f 3/6/507 4/9/507 40/7/507
f 5/8/508 41/11/508 40/7/508
f 6/10/509 42/13/509 41/11/509
f 6/10/510 7/14/510 43/12/510
f 7/14/511 8/17/511 44/15/511
f 9/16/512 45/19/512 44/15/512
f 10/18/513 46/21/513 45/19/513
f 10/18/514 11/22/514 47/20/514
f 11/22/515 12/24/515 48/23/515
f 12/24/516 13/26/516 49/25/516
f 13/26/517 14/28/517 50/27/517
f 14/28/518 15/30/518 51/29/518
f 15/30/519 16/32/519 52/31/519
f 16/32/520 17/35/520 53/33/520
f 18/34/521 54/37/521 53/33/521
f 18/34/522 19/38/522 55/36/522
f 19/38/523 20/41/523 56/39/523
f 21/40/524 57/43/524 56/39/524
f 22/42/525 58/45/525 57/43/525
f 22/42/526 23/46/526 59/44/526
f 23/46/527 24/49/527 60/47/527
f 25/48/528 61/51/528 60/47/528
f 26/50/529 62/53/529 61/51/529
f 26/50/530 27/54/530 63/52/530
f 27/54/531 28/56/531 64/55/531
f 28/56/532 29/58/532 65/57/532
f 29/58/533 30/60/533 66/59/533
f 30/60/534 31/62/534 67/61/534
f 31/62/535 32/64/535 68/63/535
f 32/64/536 33/67/536 69/65/536
f 34/66/537 70/69/537 69/65/537
f 34/66/538 35/70/538 71/68/538
f 35/70/539 36/73/539 72/71/539
f 1/72/540 37/110/540 72/71/540
f 37/2/541 38/5/541 74/74/541
f 38/5/542 39/4/542 75/76/542
f 40/7/543 76/77/543 75/76/543
f 41/11/544 77/79/544 76/77/544
f 41/11/545 42/13/545 78/78/545
f 42/13/546 43/12/546 79/80/546
f 44/15/547 80/81/547 79/80/547
f 45/19/548 81/83/548 80/81/548
f 45/19/549 46/21/549 82/82/549
f 46/21/550 47/20/550 83/84/550
f 47/20/551 48/23/551 84/85/551
f 49/25/552 85/87/552 84/85/552
f 49/25/553 50/27/553 86/86/553
f 50/27/554 51/29/554 87/88/554
f 51/29/555 52/31/555 88/89/555
f 53/33/556 89/91/556 88/89/556
f 53/33/557 54/37/557 90/90/557
f 54/37/558 55/36/558 91/92/558
f 56/39/559 92/93/559 91/92/559
f 57/43/560 93/94/560 92/93/560
f 58/45/561 94/96/561 93/94/561
f 58/45/562 59/44/562 95/95/562
f 60/47/563 96/97/563 95/95/563
f 61/51/564 97/98/564 96/97/564
f 62/53/565 98/100/565 97/98/565
f 62/53/566 63/52/566 99/99/566
f 64/55/567 100/101/567 99/99/567
f 65/57/568 101/103/568 100/101/568
f 65/57/569 66/59/569 102/102/569
f 66/59/570 67/61/570 103/104/570
f 67/61/571 68/63/571 104/105/571
f 69/65/572 105/107/572 104/105/572
f 69/65/573 70/69/573 106/106/573
f 70/69/574 71/68/574 107/108/574
f 71/68/575 72/71/575 108/109/575
f 37/110/576 73/146/576 108/109/576
f 73/75/577 74/74/577 110/111/577
f 75/76/578 111/113/578 110/111/578
f 76/77/579 112/114/579 111/113/579
f 77/79/580 113/115/580 112/114/580
f 78/78/581 114/116/581 113/115/581
f 79/80/582 115/117/582 114/116/582
f 80/81/583 116/118/583 115/117/583
f 81/83/584 117/119/584 116/118/584
f 82/82/585 118/120/585 117/119/585
f 83/84/586 119/121/586 118/120/586
f 84/85/587 120/122/587 119/121/587
f 85/87/588 121/124/588 120/122/588
f 85/87/589 86/86/589 122/123/589
f 86/86/590 87/88/590 123/125/590
f 88/89/591 124/126/591 123/125/591
f 89/91/592 125/128/592 124/126/592
f 89/91/593 90/90/593 126/127/593
f 91/92/594 127/129/594 126/127/594
f 92/93/595 128/130/595 127/129/595
f 93/94/596 129/131/596 128/130/596
f 94/96/597 130/132/597 129/131/597
f 95/95/598 131/133/598 130/132/598
f 96/97/599 132/134/599 131/133/599
f 97/98/600 133/135/600 132/134/600
f 98/100/601 134/136/601 133/135/601
f 99/99/602 135/137/602 134/136/602
f 100/101/603 136/138/603 135/137/603
f 101/103/604 137/140/604 136/138/604
f 101/103/605 102/102/605 138/139/605
f 102/102/606 103/104/606 139/141/606
f 104/105/607 140/143/607 139/141/607
f 104/105/608 105/107/608 141/142/608
f 105/107/609 106/106/609 142/144/609
f 106/106/610 107/108/610 143/145/610
f 108/109/611 144/147/611 143/145/611
f 73/146/612 109/183/612 144/147/612
f 110/111/613 146/150/613 145/148/613
f 110/111/614 111/113/614 147/149/614
f 111/113/615 112/114/615 148/151/615
f 112/114/616 113/115/616 149/152/616
f 113/115/617 114/116/617 150/153/617
f 114/116/618 115/117/618 151/154/618
f 115/117/619 116/118/619 152/155/619
f 116/118/620 117/119/620 153/156/620
f 118/120/621 154/157/621 153/156/621
f 119/121/622 155/158/622 154/157/622
f 120/122/623 156/159/623 155/158/623
f 121/124/624 157/160/624 156/159/624
f 122/123/625 158/161/625 157/160/625
f 123/125/626 159/162/626 158/161/626
f 124/126/627 160/163/627 159/162/627
f 125/128/628 161/164/628 160/163/628
f 126/127/629 162/165/629 161/164/629
f 127/129/630 163/166/630 162/165/630
f 128/130/631 164/167/631 163/166/631
f 129/131/632 165/168/632 164/167/632
f 130/132/633 166/170/633 165/168/633
f 130/132/634 131/133/634 167/169/634
f 131/133/635 132/134/635 168/171/635
f 132/134/636 133/135/636 169/172/636
f 133/135/637 134/136/637 170/173/637
f 134/136/638 135/137/638 171/174/638
f 135/137/639 136/138/639 172/175/639
f 137/140/640 173/176/640 172/175/640
f 138/139/641 174/177/641 173/176/641
f 139/141/642 175/178/642 174/177/642
f 140/143/643 176/179/643 175/178/643
f 141/142/644 177/180/644 176/179/644
f 142/144/645 178/181/645 177/180/645
f 143/145/646 179/182/646 178/181/646
f 144/147/647 180/184/647 179/182/647
f 109/183/648 145/220/648 180/184/648
f 146/150/649 182/187/649 181/185/649
f 146/150/650 147/149/650 183/186/650
f 147/149/651 148/151/651 184/188/651
f 148/151/652 149/152/652 185/189/652
f 149/152/653 150/153/653 186/190/653
f 150/153/654 151/154/654 187/191/654
f 151/154/655 152/155/655 188/192/655
f 152/155/656 153/156/656 189/193/656
f 154/157/657 190/194/657 189/193/657
f 155/158/658 191/195/658 190/194/658
f 156/159/659 192/196/659 191/195/659
f 157/160/660 193/197/660 192/196/660
f 158/161/661 194/198/661 193/197/661
f 159/162/662 195/199/662 194/198/662
f 160/163/663 196/200/663 195/199/663
f 161/164/664 197/201/664 196/200/664
f 162/165/665 198/202/665 197/201/665
f 163/166/666 199/204/666 198/202/666
f 163/166/667 164/167/667 200/203/667
f 164/167/668 165/168/668 201/205/668
f 165/168/669 166/170/669 202/206/669
f 166/170/670 167/169/670 203/207/670
f 167/169/671 168/171/671 204/208/671
f 168/171/672 169/172/672 205/209/672
f 169/172/673 170/173/673 206/210/673
f 170/173/674 171/174/674 207/211/674
f 172/175/675 208/212/675 207/211/675
f 173/176/676 209/213/676 208/212/676
f 174/177/677 210/214/677 209/213/677
f 175/178/678 211/215/678 210/214/678
f 176/179/679 212/216/679 211/215/679
f 177/180/680 213/217/680 212/216/680
f 178/181/681 214/218/681 213/217/681
f 179/182/682 215/219/682 214/218/682
f 180/184/683 216/221/683 215/219/683
f 145/220/684 181/258/684 216/221/684
f 182/187/685 218/223/685 217/222/685
f 183/186/686 219/224/686 218/223/686
f 184/188/687 220/225/687 219/224/687
f 185/189/688 221/226/688 220/225/688
f 186/190/689 222/227/689 221/226/689
f 187/191/690 223/228/690 222/227/690
f 188/192/691 224/229/691 223/228/691
f 189/193/692 225/230/692 224/229/692
f 190/194/693 226/232/693 225/230/693
f 190/194/694 191/195/694 227/231/694
f 191/195/695 192/196/695 228/233/695
f 192/196/696 193/197/696 229/234/696
f 193/197/697 194/198/697 230/235/697
f 194/198/698 195/199/698 231/236/698
f 195/199/699 196/200/699 232/237/699
f 196/200/700 197/201/700 233/238/700
f 197/201/701 198/202/701 234/239/701
f 198/202/702 199/204/702 235/240/702
f 199/204/703 200/203/703 236/241/703
f 201/205/704 237/242/704 236/241/704
f 202/206/705 238/243/705 237/242/705
f 203/207/706 239/244/706 238/243/706
f 204/208/707 240/245/707 239/244/707
f 205/209/708 241/246/708 240/245/708
f 206/210/709 242/247/709 241/246/709
f 207/211/710 243/248/710 242/247/710
f 208/212/711 244/250/711 243/248/711
f 208/212/712 209/213/712 245/249/712
f 209/213/713 210/214/713 246/251/713
f 210/214/714 211/215/714 247/252/714
f 211/215/715 212/216/715 248/253/715
f 212/216/716 213/217/716 249/254/716
f 213/217/717 214/218/717 250/255/717
f 214/218/718 215/219/718 251/256/718
f 215/219/719 216/221/719 252/257/719
f 181/258/720 217/259/720 252/257/720
f 289/2/721 290/5/721 254/1/721
f 254/1/722 290/5/722 291/4/722
f 255/6/723 291/4/723 292/7/723
f 292/7/724 293/11/724 257/8/724
f 293/11/725 294/13/725 258/10/725
f 258/10/726 294/13/726 295/12/726
f 259/14/727 295/12/727 296/15/727
f 296/15/728 297/19/728 261/16/728
f 297/19/729 298/21/729 262/18/729
f 262/18/730 298/21/730 299/20/730
f 263/22/731 299/20/731 300/23/731
f 264/24/732 300/23/732 301/25/732
f 301/25/733 302/27/733 266/28/733
f 266/28/734 302/27/734 303/29/734
f 267/30/735 303/29/735 304/31/735
f 268/32/736 304/31/736 305/33/736
f 305/33/737 306/37/737 270/34/737
f 270/34/738 306/37/738 307/36/738
f 271/38/739 307/36/739 308/39/739
f 308/39/740 309/43/740 273/40/740
f 309/43/741 310/45/741 274/42/741
f 274/42/742 310/45/742 311/44/742
f 275/46/743 311/44/743 312/47/743
f 312/47/744 313/51/744 277/48/744
f 313/51/745 314/53/745 278/50/745
f 278/50/746 314/53/746 315/52/746
f 279/54/747 315/52/747 316/55/747
f 280/56/748 316/55/748 317/57/748
f 317/57/749 318/59/749 282/60/749
f 282/60/750 318/59/750 319/61/750
f 283/62/751 319/61/751 320/63/751
f 284/64/752 320/63/752 321/65/752
f 321/65/753 322/69/753 286/66/753
f 286/66/754 322/69/754 323/68/754
f 287/70/755 323/68/755 324/71/755
f 324/71/756 289/110/756 253/72/756
f 289/2/757 325/75/757 326/74/757
f 290/5/758 326/74/758 327/76/758
f 291/4/759 327/76/759 328/77/759
f 328/77/760 329/79/760 293/11/760
f 329/79/761 330/78/761 294/13/761
f 294/13/762 330/78/762 331/80/762
f 331/80/763 332/81/763 296/15/763
f 332/81/764 333/83/764 297/19/764
f 333/83/765 334/82/765 298/21/765
f 298/21/766 334/82/766 335/84/766
f 299/20/767 335/84/767 336/85/767
f 336/85/768 337/87/768 301/25/768
f 337/87/769 338/86/769 302/27/769
f 302/27/770 338/86/770 339/88/770
f 303/29/771 339/88/771 340/89/771
f 340/89/772 341/91/772 305/33/772
f 341/91/773 342/90/773 306/37/773
f 306/37/774 342/90/774 343/92/774
f 343/92/775 344/93/775 308/39/775
f 344/93/776 345/94/776 309/43/776
f 345/94/777 346/96/777 310/45/777
f 310/45/778 346/96/778 347/95/778
f 347/95/779 348/97/779 312/47/779
f 348/97/780 349/98/780 313/51/780
f 349/98/781 350/100/781 314/53/781
f 314/53/782 350/100/782 351/99/782
f 315/52/783 351/99/783 352/101/783
f 352/101/784 353/103/784 317/57/784
f 353/103/785 354/102/785 318/59/785
f 318/59/786 354/102/786 355/104/786
f 319/61/787 355/104/787 356/105/787
f 356/105/788 357/107/788 321/65/788
f 321/65/789 357/107/789 358/106/789
f 322/69/790 358/106/790 359/108/790
f 323/68/791 359/108/791 360/109/791
f 360/109/792 325/146/792 289/110/792
f 325/75/793 361/112/793 362/111/793
f 326/74/794 362/111/794 363/113/794
f 363/113/795 364/114/795 328/77/795
f 364/114/796 365/115/796 329/79/796
f 365/115/797 366/116/797 330/78/797
f 366/116/798 367/117/798 331/80/798
f 367/117/799 368/118/799 332/81/799
f 368/118/800 369/119/800 333/83/800
f 369/119/801 370/120/801 334/82/801
f 334/82/802 370/120/802 371/121/802
f 371/121/803 372/122/803 336/85/803
f 372/122/804 373/124/804 337/87/804
f 337/87/805 373/124/805 374/123/805
f 338/86/806 374/123/806 375/125/806
f 375/125/807 376/126/807 340/89/807
f 376/126/808 377/128/808 341/91/808
f 341/91/809 377/128/809 378/127/809
f 378/127/810 379/129/810 343/92/810
f 379/129/811 380/130/811 344/93/811
f 380/130/812 381/131/812 345/94/812
f 381/131/813 382/132/813 346/96/813
f 382/132/814 383/133/814 347/95/814
f 383/133/815 384/134/815 348/97/815
f 384/134/816 385/135/816 349/98/816
f 385/135/817 386/136/817 350/100/817
f 386/136/818 387/137/818 351/99/818
f 387/137/819 388/138/819 352/101/819
f 388/138/820 389/140/820 353/103/820
f 353/103/821 389/140/821 390/139/821
f 354/102/822 390/139/822 391/141/822
f 391/141/823 392/143/823 356/105/823
f 356/105/824 392/143/824 393/142/824
f 357/107/825 393/142/825 394/144/825
f 358/106/826 394/144/826 395/145/826
f 395/145/827 396/147/827 360/109/827
f 396/147/828 361/183/828 325/146/828
f 397/148/829 398/150/829 362/111/829
f 362/111/830 398/150/830 399/149/830
f 363/113/831 399/149/831 400/151/831
f 364/114/832 400/151/832 401/152/832
f 365/115/833 401/152/833 402/153/833
f 366/116/834 402/153/834 403/154/834
f 367/117/835 403/154/835 404/155/835
f 368/118/836 404/155/836 405/156/836
f 369/119/837 405/156/837 406/157/837
f 406/157/838 407/158/838 371/121/838
f 407/158/839 408/159/839 372/122/839
f 408/159/840 409/160/840 373/124/840
f 409/160/841 410/161/841 374/123/841
f 410/161/842 411/162/842 375/125/842
f 411/162/843 412/163/843 376/126/843
f 412/163/844 413/164/844 377/128/844
f 413/164/845 414/165/845 378/127/845
f 414/165/846 415/166/846 379/129/846
f 415/166/847 416/167/847 380/130/847
f 416/167/848 417/168/848 381/131/848
f 417/168/849 418/170/849 382/132/849
f 382/132/850 418/170/850 419/169/850
f 383/133/851 419/169/851 420/171/851
f 384/134/852 420/171/852 421/172/852
f 385/135/853 421/172/853 422/173/853
f 386/136/854 422/173/854 423/174/854
f 387/137/855 423/174/855 424/175/855
f 424/175/856 425/176/856 389/140/856
f 425/176/857 426/177/857 390/139/857
f 426/177/858 427/178/858 391/141/858
f 427/178/859 428/179/859 392/143/859
f 428/179/860 429/180/860 393/142/860
f 429/180/861 430/181/861 394/144/861
f 430/181/862 431/182/862 395/145/862
f 431/182/863 432/184/863 396/147/863
f 432/184/864 397/220/864 361/183/864
f 433/185/865 434/187/865 398/150/865
f 398/150/866 434/187/866 435/186/866
f 399/149/867 435/186/867 436/188/867
f 400/151/868 436/188/868 437/189/868
f 401/152/869 437/189/869 438/190/869
f 402/153/870 438/190/870 439/191/870
f 403/154/871 439/191/871 440/192/871
f 404/155/872 440/192/872 441/193/872
f 441/193/873 442/194/873 406/157/873
f 442/194/874 443/195/874 407/158/874
f 443/195/875 444/196/875 408/159/875
f 444/196/876 445/197/876 409/160/876
f 445/197/877 446/198/877 410/161/877
f 446/198/878 447/199/878 411/162/878
f 447/199/879 448/200/879 412/163/879
f 448/200/880 449/201/880 413/164/880
f 449/201/881 450/202/881 414/165/881
f 450/202/882 451/204/882 415/166/882
f 415/166/883 451/204/883 452/203/883
f 416/167/884 452/203/884 453/205/884
f 417/168/885 453/205/885 454/206/885
f 418/170/886 454/206/886 455/207/886
f 419/169/887 455/207/887 456/208/887
f 420/171/888 456/208/888 457/209/888
f 421/172/889 457/209/889 458/210/889
f 422/173/890 458/210/890 459/211/890
f 459/211/891 460/212/891 424/175/891
f 460/212/892 461/213/892 425/176/892
f 461/213/893 462/214/893 426/177/893
f 462/214/894 463/215/894 427/178/894
f 463/215/895 464/216/895 428/179/895
f 464/216/896 465/217/896 429/180/896
f 465/217/897 466/218/897 430/181/897
f 466/218/898 467/219/898 431/182/898
f 467/219/899 468/221/899 432/184/899
f 468/221/900 433/258/900 397/220/900
f 469/222/901 470/223/901 434/187/901
f 470/223/902 471/224/902 435/186/902
f 471/224/903 472/225/903 436/188/903
f 472/225/904 473/226/904 437/189/904
f 473/226/905 474/227/905 438/190/905
f 474/227/906 475/228/906 439/191/906
f 475/228/907 476/229/907 440/192/907
f 476/229/908 477/230/908 441/193/908
f 477/230/909 478/232/909 442/194/909
f 442/194/910 478/232/910 479/231/910
f 443/195/911 479/231/911 480/233/911
f 444/196/912 480/233/912 481/234/912
f 445/197/913 481/234/913 482/235/913
f 446/198/914 482/235/914 483/236/914
f 447/199/915 483/236/915 484/237/915
f 448/200/916 484/237/916 485/238/916
f 449/201/917 485/238/917 486/239/917
f 450/202/918 486/239/918 487/240/918
f 451/204/919 487/240/919 488/241/919
f 488/241/920 489/242/920 453/205/920
f 489/242/921 490/243/921 454/206/921
f 490/243/922 491/244/922 455/207/922
f 491/244/923 492/245/923 456/208/923
f 492/245/924 493/246/924 457/209/924
f 493/246/925 494/247/925 458/210/925
f 494/247/926 495/248/926 459/211/926
f 495/248/927 496/250/927 460/212/927
f 460/212/928 496/250/928 497/249/928
f 461/213/929 497/249/929 498/251/929
f 462/214/930 498/251/930 499/252/930
f 463/215/931 499/252/931 500/253/931
f 464/216/932 500/253/932 501/254/932
f 465/217/933 501/254/933 502/255/933
f 466/218/934 502/255/934 503/256/934
f 467/219/935 503/256/935 504/257/935
f 504/257/936 469/259/936 433/258/936
f 2/1/937 1/3/937 253/3/937
f 3/6/938 2/1/938 254/1/938
f 3/6/939 255/6/939 256/9/939
f 4/9/940 256/9/940 257/8/940
f 6/10/941 5/8/941 257/8/941
f 7/14/942 6/10/942 258/10/942
f 7/14/943 259/14/943 260/17/943
f 8/17/944 260/17/944 261/16/944
f 10/18/945 9/16/945 261/16/945
f 11/22/946 10/18/946 262/18/946
f 11/22/947 263/22/947 264/24/947
f 12/24/948 264/24/948 265/26/948
f 14/28/949 13/26/949 265/26/949
f 15/30/950 14/28/950 266/28/950
f 15/30/951 267/30/951 268/32/951
f 16/32/952 268/32/952 269/35/952
f 18/34/953 17/35/953 269/35/953
f 19/38/954 18/34/954 270/34/954
f 19/38/955 271/38/955 272/41/955
f 20/41/956 272/41/956 273/40/956
f 22/42/957 21/40/957 273/40/957
f 23/46/958 22/42/958 274/42/958
f 23/46/959 275/46/959 276/49/959
f 24/49/960 276/49/960 277/48/960
f 26/50/961 25/48/961 277/48/961
f 27/54/962 26/50/962 278/50/962
f 27/54/963 279/54/963 280/56/963
f 28/56/964 280/56/964 281/58/964
f 30/60/965 29/58/965 281/58/965
f 31/62/966 30/60/966 282/60/966
f 31/62/967 283/62/967 284/64/967
f 32/64/968 284/64/968 285/67/968
f 34/66/969 33/67/969 285/67/969
f 35/70/970 34/66/970 286/66/970
f 35/70/971 287/70/971 288/73/971
f 36/73/972 288/73/972 253/72/972
f 217/222/973 218/223/973 470/223/973
f 218/223/974 219/224/974 471/224/974
f 219/224/975 220/225/975 472/225/975
f 220/225/976 221/226/976 473/226/976
f 221/226/977 222/227/977 474/227/977
f 222/227/978 223/228/978 475/228/978
f 223/228/979 224/229/979 476/229/979
f 224/229/980 225/230/980 477/230/980
f 225/230/981 226/232/981 478/232/981
f 227/231/982 479/231/982 478/232/982
f 228/233/983 480/233/983 479/231/983
f 229/234/984 481/234/984 480/233/984
f 230/235/985 482/235/985 481/234/985
f 231/236/986 483/236/986 482/235/986
f 232/237/987 484/237/987 483/236/987
f 233/238/988 485/238/988 484/237/988
f 234/239/989 486/239/989 485/238/989
f 235/240/990 487/240/990 486/239/990
f 235/240/991 236/241/991 488/241/991
f 236/241/992 237/242/992 489/242/992
f 237/242/993 238/243/993 490/243/993
f 238/243/994 239/244/994 491/244/994
f 239/244/995 240/245/995 492/245/995
f 240/245/996 241/246/996 493/246/996
f 241/246/997 242/247/997 494/247/997
f 242/247/998 243/248/998 495/248/998
f 243/248/999 244/250/999 496/250/999
f 245/249/1000 497/249/1000 496/250/1000
f 246/251/1001 498/251/1001 497/249/1001
f 247/252/1002 499/252/1002 498/251/1002
f 248/253/1003 500/253/1003 499/252/1003
f 249/254/1004 501/254/1004 500/253/1004
f 250/255/1005 502/255/1005 501/254/1005
f 251/256/1006 503/256/1006 502/255/1006
f 252/257/1007 504/257/1007 503/256/1007
f 217/259/1008 469/259/1008 504/257/1008
g C_Sleeve.001_C_Sleeve.001
v 0.421031 0.605794 0.000000
v 0.439028 0.617933 -0.102982
v 0.490501 0.652652 -0.175895
v 0.569244 0.705765 -0.214980
v 0.670756 0.774235 -0.214980
v 0.749499 0.827348 -0.175895
v 0.800972 0.862067 -0.102982
v 0.818969 0.874206 -0.000000
v 0.800972 0.862067 0.102982
v 0.749499 0.827348 0.175895
v 0.670756 0.774235 0.214980
v 0.569244 0.705765 0.214980
v 0.490501 0.652652 0.175895
v 0.439028 0.617933 0.102982
v 0.745168 0.161007 0.000000
v 0.761665 0.172134 -0.098301
v 0.808849 0.203960 -0.167900
v 0.881030 0.252647 -0.205208
v 0.974082 0.315412 -0.205208
v 1.046264 0.364099 -0.167900
v 1.093447 0.395924 -0.098301
v 1.109944 0.407052 -0.000000
v 1.093447 0.395924 0.098301
v 1.046264 0.364099 0.167900
v 0.974082 0.315412 0.205208
v 0.881030 0.252647 0.205208
v 0.808849 0.203960 0.167900
v 0.761665 0.172134 0.098301
v 0.974364 -0.227196 0.000000
v 1.003550 -0.207510 -0.102039
v 1.045880 -0.178958 -0.184861
v 1.129932 -0.122265 -0.213011
v 1.231444 -0.053794 -0.225939
v 1.304878 -0.004262 -0.174284
v 1.365495 0.036625 -0.108232
v 1.372302 0.041216 -0.000000
v 1.365495 0.036625 0.108232
v 1.304878 -0.004262 0.174284
v 1.231444 -0.053794 0.225939
v 1.129932 -0.122265 0.213011
v 1.045880 -0.178958 0.184861
v 1.003550 -0.207510 0.102039
v 1.148385 -0.531994 0.000000
v 1.189678 -0.504142 -0.102496
v 1.230461 -0.476633 -0.198854
v 1.326012 -0.412184 -0.221596
v 1.429056 -0.342679 -0.245374
v 1.505362 -0.291210 -0.179584
v 1.580019 -0.240853 -0.113494
v 1.579484 -0.241214 -0.000000
v 1.580019 -0.240853 0.113494
v 1.505362 -0.291210 0.179584
v 1.429056 -0.342679 0.245374
v 1.326012 -0.412184 0.221596
v 1.230461 -0.476633 0.198854
v 1.189678 -0.504142 0.102496
v 0.462316 0.635831 0.000000
v 0.476561 0.645301 -0.080631
v 0.515147 0.670887 -0.134564
v 0.577049 0.712254 -0.164997
v 0.661816 0.769430 -0.164997
v 0.723359 0.811328 -0.134564
v 0.761536 0.837519 -0.080631
v 0.775653 0.847180 -0.000000
v 0.761536 0.837519 0.080631
v 0.723359 0.811328 0.134564
v 0.661816 0.769430 0.164997
v 0.577049 0.712254 0.164997
v 0.515147 0.670887 0.134564
v 0.476561 0.645301 0.080631
v 0.787976 0.189628 0.000000
v 0.800076 0.197750 -0.076183
v 0.834726 0.221033 -0.126142
v 0.889419 0.257902 -0.155418
v 0.965737 0.309350 -0.154852
v 1.021268 0.346874 -0.126773
v 1.054706 0.369496 -0.075610
v 1.067946 0.378477 -0.000000
v 1.054706 0.369496 0.075610
v 1.021268 0.346874 0.126773
v 0.965737 0.309350 0.154852
v 0.889419 0.257902 0.155418
v 0.834726 0.221033 0.126142
v 0.800076 0.197750 0.076183
v 1.019688 -0.199765 0.000000
v 1.042442 -0.183941 -0.080250
v 1.073755 -0.162758 -0.142102
v 1.138873 -0.118362 -0.163699
v 1.223377 -0.061587 -0.174543
v 1.281208 -0.022475 -0.133692
v 1.326949 0.007639 -0.084516
v 1.332037 0.011160 -0.000000
v 1.326949 0.007639 0.084516
v 1.281208 -0.022475 0.133692
v 1.223377 -0.061587 0.174543
v 1.138873 -0.118362 0.163699
v 1.073755 -0.162758 0.142102
v 1.042442 -0.183941 0.080250
v 1.194837 -0.504195 0.000000
v 1.228280 -0.480865 -0.080665
v 1.259032 -0.460128 -0.155314
v 1.334848 -0.408478 -0.172478
v 1.420882 -0.350774 -0.193164
v 1.481990 -0.309186 -0.139118
v 1.540726 -0.270624 -0.089222
v 1.539530 -0.271323 -0.000000
v 1.540726 -0.270624 0.089222
v 1.481990 -0.309186 0.139118
v 1.420882 -0.350774 0.193164
v 1.334848 -0.408478 0.172478
v 1.259032 -0.460128 0.155314
v 1.228280 -0.480865 0.080665
v -0.421031 0.605794 0.000000
v -0.439027 0.617933 -0.102982
v -0.490501 0.652652 -0.175895
v -0.569244 0.705765 -0.214980
v -0.670756 0.774235 -0.214980
v -0.749499 0.827348 -0.175895
v -0.800972 0.862068 -0.102982
v -0.818969 0.874206 -0.000000
v -0.800972 0.862068 0.102982
v -0.749499 0.827348 0.175895
v -0.670756 0.774235 0.214980
v -0.569244 0.705765 0.214980
v -0.490501 0.652652 0.175895
v -0.439027 0.617933 0.102982
v -0.745168 0.161007 0.000000
v -0.761665 0.172134 -0.098301
v -0.808849 0.203960 -0.167900
v -0.881030 0.252647 -0.205208
v -0.974082 0.315412 -0.205208
v -1.046264 0.364099 -0.167900
v -1.093447 0.395925 -0.098301
v -1.109944 0.407052 -0.000000
v -1.093447 0.395925 0.098301
v -1.046264 0.364099 0.167900
v -0.974082 0.315412 0.205208
v -0.881030 0.252647 0.205208
v -0.808849 0.203960 0.167900
v -0.761665 0.172134 0.098301
v -0.974364 -0.227196 0.000000
v -1.003550 -0.207510 -0.102039
v -1.045880 -0.178958 -0.184861
v -1.129932 -0.122265 -0.213011
v -1.231444 -0.053794 -0.225939
v -1.304878 -0.004262 -0.174284
v -1.365495 0.036625 -0.108232
v -1.372302 0.041216 -0.000000
v -1.365495 0.036625 0.108232
v -1.304878 -0.004262 0.174284
v -1.231444 -0.053794 0.225939
v -1.129932 -0.122265 0.213011
v -1.045880 -0.178958 0.184861
v -1.003550 -0.207510 0.102039
v -1.148385 -0.531994 0.000000
v -1.189678 -0.504141 -0.102496
v -1.230461 -0.476633 -0.198854
v -1.326011 -0.412183 -0.221596
v -1.429056 -0.342679 -0.245374
v -1.505362 -0.291210 -0.179584
v -1.580019 -0.240853 -0.113494
v -1.579484 -0.241214 -0.000000
v -1.580019 -0.240853 0.113494
v -1.505362 -0.291210 0.179584
v -1.429056 -0.342679 0.245374
v -1.326011 -0.412183 0.221596
v -1.230461 -0.476633 0.198854
v -1.189678 -0.504141 0.102496
v -0.462315 0.635831 0.000000
v -0.476561 0.645301 -0.080631
v -0.515146 0.670888 -0.134564
v -0.577049 0.712254 -0.164997
v -0.661816 0.769430 -0.164997
v -0.723359 0.811329 -0.134564
v -0.761536 0.837519 -0.080631
v -0.775653 0.847180 -0.000000
v -0.761536 0.837519 0.080631
v -0.723359 0.811329 0.134564
v -0.661816 0.769430 0.164997
v -0.577049 0.712254 0.164997
v -0.515146 0.670888 0.134564
v -0.476561 0.645301 0.080631
v -0.787976 0.189628 0.000000
v -0.800076 0.197750 -0.076183
v -0.834725 0.221033 -0.126142
v -0.889419 0.257902 -0.155418
v -0.965737 0.309350 -0.154852
v -1.021268 0.346874 -0.126773
v -1.054706 0.369496 -0.075610
v -1.067946 0.378477 -0.000000
v -1.054706 0.369496 0.075610
v -1.021268 0.346874 0.126773
v -0.965737 0.309350 0.154852
v -0.889419 0.257902 0.155418
v -0.834725 0.221033 0.126142
v -0.800076 0.197750 0.076183
v -1.019688 -0.199765 0.000000
v -1.042441 -0.183941 -0.080250
v -1.073755 -0.162758 -0.142102
v -1.138873 -0.118362 -0.163699
v -1.223377 -0.061587 -0.174543
v -1.281208 -0.022475 -0.133692
v -1.326949 0.007639 -0.084516
v -1.332037 0.011160 -0.000000
v -1.326949 0.007639 0.084516
v -1.281208 -0.022475 0.133692
v -1.223377 -0.061587 0.174543
v -1.138873 -0.118362 0.163699
v -1.073755 -0.162758 0.142102
v -1.042441 -0.183941 0.080250
v -1.194837 -0.504194 0.000000
v -1.228280 -0.480865 -0.080665
v -1.259032 -0.460128 -0.155314
v -1.334848 -0.408477 -0.172478
v -1.420881 -0.350774 -0.193164
v -1.481990 -0.309186 -0.139118
v -1.540726 -0.270624 -0.089222
v -1.539529 -0.271323 -0.000000
v -1.540726 -0.270624 0.089222
v -1.481990 -0.309186 0.139118
v -1.420881 -0.350774 0.193164
v -1.334848 -0.408477 0.172478
v -1.259032 -0.460128 0.155314
v -1.228280 -0.480865 0.080665
vn -0.7908 -0.5763 -0.2061
vn -0.6137 -0.4510 -0.6480
vn -0.3029 -0.2313 -0.9245
vn 0.0099 -0.0147 -0.9998
vn 0.3376 0.2036 -0.9190
vn 0.6569 0.4099 -0.6328
vn 0.8311 0.5195 -0.1983
vn 0.8306 0.5173 0.2061
vn 0.6481 0.4001 0.6480
vn 0.3280 0.1941 0.9245
vn 0.0099 -0.0147 0.9998
vn -0.3153 -0.2368 0.9190
vn -0.6261 -0.4555 0.6328
vn -0.7930 -0.5760 0.1983
vn -0.8142 -0.4807 -0.3256
vn -0.7203 -0.4538 -0.5246
vn -0.2477 -0.1107 -0.9625
vn -0.0097 0.0144 -0.9998
vn 0.2991 0.2601 -0.9181
vn 0.6285 0.4522 -0.6329
vn 0.7940 0.6032 -0.0755
vn 0.7965 0.5712 0.1983
vn 0.5253 0.4182 0.7410
vn 0.4054 0.2996 0.8636
vn -0.1117 -0.0220 0.9935
vn -0.3370 -0.2046 0.9190
vn -0.6711 -0.3874 0.6321
vn -0.8275 -0.5253 0.1983
vn -0.7815 -0.4462 -0.4361
vn -0.7215 -0.4519 -0.5246
vn -0.1864 -0.0695 -0.9800
vn -0.1006 -0.0386 -0.9942
vn 0.4542 0.3653 -0.8126
vn 0.5432 0.3932 -0.7419
vn 0.7912 0.6116 0.0057
vn 0.8040 0.5898 0.0756
vn 0.4617 0.3722 0.8052
vn 0.4056 0.2993 0.8636
vn -0.1853 -0.0608 0.9808
vn -0.2348 -0.1302 0.9633
vn -0.7666 -0.4540 0.4541
vn -0.8010 -0.5021 0.3260
vn 0.7902 0.5767 0.2073
vn 0.6121 0.4490 0.6509
vn 0.3006 0.2309 0.9254
vn -0.0103 0.0153 0.9998
vn -0.3259 -0.1935 0.9254
vn -0.6465 -0.3980 0.6509
vn -0.8301 -0.5177 0.2074
vn -0.8301 -0.5177 -0.2074
vn -0.6465 -0.3980 -0.6509
vn -0.3259 -0.1935 -0.9254
vn -0.0103 0.0153 -0.9998
vn 0.3006 0.2309 -0.9254
vn 0.6121 0.4490 -0.6509
vn 0.7902 0.5767 -0.2073
vn 0.8301 0.5251 0.1878
vn 0.6636 0.3867 0.6404
vn 0.3474 0.2102 0.9138
vn 0.0051 -0.0186 0.9998
vn -0.2946 -0.2535 0.9214
vn -0.6366 -0.4596 0.6193
vn -0.7944 -0.5711 0.2069
vn -0.7944 -0.5711 -0.2069
vn -0.6366 -0.4596 -0.6193
vn -0.2946 -0.2535 -0.9214
vn 0.0051 -0.0186 -0.9998
vn 0.3474 0.2102 -0.9138
vn 0.6636 0.3867 -0.6404
vn 0.8301 0.5251 -0.1878
vn 0.8015 0.5012 0.3261
vn 0.7347 0.4346 0.5208
vn 0.2326 0.1279 0.9641
vn 0.1016 0.0386 0.9941
vn -0.4061 -0.3008 0.8629
vn -0.5409 -0.3929 0.7437
vn -0.8038 -0.5904 0.0730
vn -0.8038 -0.5904 -0.0730
vn -0.5409 -0.3929 -0.7437
vn -0.4061 -0.3008 -0.8629
vn 0.1016 0.0386 -0.9941
vn 0.2326 0.1279 -0.9641
vn 0.7347 0.4346 -0.5208
vn 0.8015 0.5012 -0.3261
vn -0.5864 0.8100 -0.0070
vn -0.5723 0.8198 -0.0205
vn -0.5621 0.8268 -0.0196
vn -0.5591 0.8289 -0.0203
vn -0.5505 0.8344 -0.0248
vn -0.5373 0.8431 -0.0221
vn -0.5293 0.8484 -0.0090
vn -0.5313 0.8472 0.0070
vn -0.5458 0.8377 0.0205
vn -0.5560 0.8309 0.0196
vn -0.5591 0.8289 0.0203
vn -0.5674 0.8230 0.0248
vn -0.5804 0.8140 0.0221
vn -0.5883 0.8086 0.0090
vn 0.5133 -0.8578 -0.0263
vn 0.5247 -0.8511 -0.0203
vn 0.5511 -0.8332 -0.0458
vn 0.5507 -0.8340 -0.0361
vn 0.5797 -0.8141 -0.0355
vn 0.5696 -0.8212 -0.0358
vn 0.6040 -0.7970 0.0003
vn 0.6018 -0.7986 -0.0018
vn 0.5856 -0.8094 0.0448
vn 0.5790 -0.8149 0.0276
vn 0.5519 -0.8328 0.0427
vn 0.5568 -0.8298 0.0376
vn 0.5241 -0.8514 0.0212
vn 0.5273 -0.8492 0.0270
vn 0.7908 -0.5763 -0.2061
vn 0.6137 -0.4510 -0.6480
vn 0.3029 -0.2313 -0.9245
vn -0.0099 -0.0147 -0.9998
vn -0.3280 0.1941 -0.9245
vn -0.6481 0.4001 -0.6480
vn -0.8306 0.5173 -0.2061
vn -0.8306 0.5173 0.2061
vn -0.6481 0.4001 0.6480
vn -0.3280 0.1941 0.9245
vn -0.0099 -0.0147 0.9998
vn 0.3029 -0.2313 0.9245
vn 0.6137 -0.4510 0.6480
vn 0.7908 -0.5763 0.2061
vn 0.8275 -0.5253 -0.1983
vn 0.6711 -0.3874 -0.6321
vn 0.3370 -0.2046 -0.9190
vn 0.0097 0.0144 -0.9998
vn -0.2991 0.2601 -0.9181
vn -0.6285 0.4522 -0.6329
vn -0.7965 0.5712 -0.1983
vn -0.7965 0.5712 0.1983
vn -0.6285 0.4522 0.6329
vn -0.2991 0.2601 0.9181
vn 0.0097 0.0144 0.9998
vn 0.3370 -0.2046 0.9190
vn 0.6711 -0.3874 0.6321
vn 0.8275 -0.5253 0.1983
vn 0.8010 -0.5021 -0.3260
vn 0.7215 -0.4519 -0.5246
vn 0.2348 -0.1303 -0.9633
vn 0.1006 -0.0386 -0.9942
vn -0.4056 0.2993 -0.8636
vn -0.5432 0.3932 -0.7419
vn -0.8040 0.5898 -0.0756
vn -0.8040 0.5898 0.0756
vn -0.5432 0.3932 0.7419
vn -0.4056 0.2993 0.8636
vn 0.1006 -0.0386 0.9942
vn 0.2348 -0.1302 0.9633
vn 0.7215 -0.4519 0.5246
vn 0.8010 -0.5021 0.3260
vn -0.7902 0.5767 0.2073
vn -0.6121 0.4490 0.6509
vn -0.3006 0.2309 0.9254
vn 0.0148 0.0109 0.9998
vn 0.3319 -0.1989 0.9221
vn 0.6656 -0.4166 0.6192
vn 0.8301 -0.5178 0.2069
vn 0.8301 -0.5177 -0.2074
vn 0.6465 -0.3980 -0.6509
vn 0.3259 -0.1935 -0.9254
vn 0.0103 0.0153 -0.9998
vn -0.3254 0.2430 -0.9138
vn -0.6201 0.4525 -0.6409
vn -0.7951 0.5766 -0.1878
vn -0.8125 0.4835 0.3257
vn -0.7229 0.4535 0.5213
vn -0.2435 0.1116 0.9635
vn -0.0051 -0.0186 0.9998
vn 0.2946 -0.2535 0.9214
vn 0.6366 -0.4596 0.6193
vn 0.7961 -0.6007 0.0730
vn 0.7944 -0.5711 -0.2069
vn 0.5260 -0.4141 -0.7429
vn 0.4056 -0.3016 -0.8629
vn -0.1111 0.0244 -0.9935
vn -0.3474 0.2102 -0.9138
vn -0.6636 0.3867 -0.6404
vn -0.8301 0.5251 -0.1878
vn -0.7742 0.4454 0.4498
vn -0.7595 0.4747 0.4447
vn -0.1769 0.0666 0.9820
vn -0.1016 0.0386 0.9941
vn 0.4628 -0.3680 0.8065
vn 0.5409 -0.3929 0.7437
vn 0.7930 -0.6090 -0.0154
vn 0.8038 -0.5904 -0.0730
vn 0.4537 -0.3623 -0.8141
vn 0.4061 -0.3008 -0.8629
vn -0.1905 0.0671 -0.9794
vn -0.2326 0.1279 -0.9641
vn -0.7347 0.4346 -0.5208
vn -0.8015 0.5012 -0.3261
vn 0.5864 0.8100 -0.0070
vn 0.5804 0.8140 -0.0221
vn 0.5674 0.8230 -0.0248
vn 0.5591 0.8289 -0.0203
vn 0.5505 0.8344 -0.0248
vn 0.5373 0.8431 -0.0221
vn 0.5313 0.8472 -0.0070
vn 0.5313 0.8472 0.0070
vn 0.5373 0.8431 0.0221
vn 0.5505 0.8344 0.0248
vn 0.5591 0.8289 0.0203
vn 0.5674 0.8230 0.0248
vn 0.5804 0.8140 0.0221
vn 0.5864 0.8100 0.0070
vn -0.5133 -0.8578 -0.0263
vn -0.5241 -0.8514 -0.0212
vn -0.5511 -0.8332 -0.0458
vn -0.5519 -0.8328 -0.0427
vn -0.5797 -0.8141 -0.0355
vn -0.5856 -0.8094 -0.0448
vn -0.6040 -0.7970 0.0003
vn -0.6040 -0.7970 -0.0003
vn -0.5856 -0.8094 0.0448
vn -0.5797 -0.8141 0.0355
vn -0.5519 -0.8328 0.0427
vn -0.5511 -0.8332 0.0458
vn -0.5241 -0.8514 0.0212
vn -0.5133 -0.8578 0.0263
vn -0.7930 -0.5760 -0.1983
vn -0.6261 -0.4555 -0.6328
vn -0.3153 -0.2368 -0.9190
vn 0.3280 0.1941 -0.9245
vn 0.6481 0.4001 -0.6480
vn 0.8306 0.5173 -0.2061
vn 0.8311 0.5195 0.1983
vn 0.6569 0.4099 0.6328
vn 0.3376 0.2036 0.9190
vn -0.3029 -0.2313 0.9245
vn -0.6137 -0.4510 0.6480
vn -0.7908 -0.5763 0.2061
vn -0.8275 -0.5253 -0.1983
vn -0.6711 -0.3874 -0.6321
vn -0.3370 -0.2046 -0.9190
vn -0.1117 -0.0220 -0.9935
vn 0.4054 0.2996 -0.8636
vn 0.5253 0.4182 -0.7410
vn 0.7965 0.5712 -0.1983
vn 0.7940 0.6032 0.0755
vn 0.6285 0.4522 0.6329
vn 0.2991 0.2601 0.9181
vn -0.0097 0.0144 0.9998
vn -0.2477 -0.1107 0.9625
vn -0.7203 -0.4538 0.5246
vn -0.8142 -0.4807 0.3256
vn -0.8010 -0.5021 -0.3260
vn -0.7666 -0.4540 -0.4541
vn -0.2348 -0.1302 -0.9633
vn -0.1853 -0.0608 -0.9808
vn 0.4056 0.2993 -0.8636
vn 0.4617 0.3722 -0.8052
vn 0.8040 0.5898 -0.0756
vn 0.7912 0.6116 -0.0057
vn 0.5432 0.3932 0.7419
vn 0.4542 0.3653 0.8126
vn -0.1006 -0.0386 0.9942
vn -0.1864 -0.0695 0.9800
vn -0.7215 -0.4519 0.5246
vn -0.7815 -0.4462 0.4361
vn 0.7951 0.5766 0.1878
vn 0.6201 0.4525 0.6409
vn 0.3254 0.2430 0.9138
vn -0.0148 0.0109 0.9998
vn -0.3319 -0.1989 0.9221
vn -0.6656 -0.4166 0.6192
vn -0.8301 -0.5178 0.2069
vn -0.8301 -0.5178 -0.2069
vn -0.6656 -0.4166 -0.6192
vn -0.3319 -0.1989 -0.9221
vn -0.0148 0.0109 -0.9998
vn 0.3254 0.2430 -0.9138
vn 0.6201 0.4525 -0.6409
vn 0.7951 0.5766 -0.1878
vn 0.8125 0.4835 0.3257
vn 0.7229 0.4535 0.5213
vn 0.2435 0.1116 0.9635
vn 0.1111 0.0244 0.9935
vn -0.4056 -0.3016 0.8629
vn -0.5260 -0.4141 0.7429
vn -0.7961 -0.6007 0.0730
vn -0.7961 -0.6007 -0.0730
vn -0.5260 -0.4141 -0.7429
vn -0.4056 -0.3016 -0.8629
vn 0.1111 0.0244 -0.9935
vn 0.2435 0.1116 -0.9635
vn 0.7229 0.4535 -0.5213
vn 0.8125 0.4835 -0.3257
vn 0.7742 0.4454 0.4498
vn 0.7595 0.4747 0.4447
vn 0.1769 0.0666 0.9820
vn 0.1905 0.0671 0.9794
vn -0.4628 -0.3680 0.8065
vn -0.4537 -0.3623 0.8141
vn -0.7930 -0.6090 -0.0154
vn -0.7930 -0.6090 0.0154
vn -0.4537 -0.3623 -0.8141
vn -0.4628 -0.3680 -0.8065
vn 0.1905 0.0671 -0.9794
vn 0.1769 0.0666 -0.9820
vn 0.7595 0.4747 -0.4447
vn 0.7742 0.4454 -0.4498
vn -0.5883 0.8086 -0.0090
vn -0.5804 0.8140 -0.0221
vn -0.5674 0.8230 -0.0248
vn -0.5560 0.8309 -0.0196
vn -0.5458 0.8377 -0.0205
vn -0.5313 0.8472 -0.0070
vn -0.5293 0.8484 0.0090
vn -0.5373 0.8431 0.0221
vn -0.5505 0.8344 0.0248
vn -0.5621 0.8268 0.0196
vn -0.5723 0.8198 0.0205
vn -0.5864 0.8100 0.0070
vn 0.5273 -0.8492 -0.0270
vn 0.5241 -0.8514 -0.0212
vn 0.5568 -0.8298 -0.0376
vn 0.5519 -0.8328 -0.0427
vn 0.5790 -0.8149 -0.0276
vn 0.5856 -0.8094 -0.0448
vn 0.6018 -0.7986 0.0018
vn 0.6040 -0.7970 -0.0003
vn 0.5696 -0.8212 0.0358
vn 0.5797 -0.8141 0.0355
vn 0.5507 -0.8340 0.0361
vn 0.5511 -0.8332 0.0458
vn 0.5247 -0.8511 0.0203
vn 0.5133 -0.8578 0.0263
vn 0.7930 -0.5760 -0.1983
vn 0.6261 -0.4555 -0.6328
vn 0.3153 -0.2368 -0.9190
vn -0.3376 0.2036 -0.9190
vn -0.6569 0.4099 -0.6328
vn -0.8311 0.5195 -0.1983
vn -0.8311 0.5195 0.1983
vn -0.6569 0.4099 0.6328
vn -0.3376 0.2036 0.9190
vn 0.3153 -0.2368 0.9190
vn 0.6261 -0.4555 0.6328
vn 0.7930 -0.5760 0.1983
vn 0.8142 -0.4807 -0.3256
vn 0.7203 -0.4538 -0.5246
vn 0.2477 -0.1107 -0.9625
vn 0.1117 -0.0220 -0.9935
vn -0.4054 0.2996 -0.8636
vn -0.5253 0.4182 -0.7410
vn -0.7940 0.6032 -0.0755
vn -0.7940 0.6032 0.0755
vn -0.5253 0.4182 0.7410
vn -0.4054 0.2996 0.8636
vn 0.1117 -0.0220 0.9935
vn 0.2477 -0.1107 0.9625
vn 0.7203 -0.4538 0.5246
vn 0.8142 -0.4807 0.3256
vn 0.7815 -0.4462 -0.4361
vn 0.7666 -0.4540 -0.4541
vn 0.1864 -0.0695 -0.9800
vn 0.1853 -0.0608 -0.9808
vn -0.4542 0.3653 -0.8126
vn -0.4617 0.3722 -0.8052
vn -0.7912 0.6116 0.0057
vn -0.7912 0.6116 -0.0057
vn -0.4617 0.3722 0.8052
vn -0.4542 0.3653 0.8126
vn 0.1853 -0.0608 0.9808
vn 0.1864 -0.0695 0.9800
vn 0.7666 -0.4540 0.4541
vn 0.7815 -0.4462 0.4361
vn -0.7951 0.5766 0.1878
vn -0.6201 0.4525 0.6409
vn -0.3254 0.2430 0.9138
vn 0.0103 0.0153 0.9998
vn 0.3259 -0.1935 0.9254
vn 0.6465 -0.3980 0.6509
vn 0.8301 -0.5177 0.2074
vn 0.8301 -0.5178 -0.2069
vn 0.6656 -0.4166 -0.6192
vn 0.3319 -0.1989 -0.9221
vn 0.0148 0.0109 -0.9998
vn -0.3006 0.2309 -0.9254
vn -0.6121 0.4490 -0.6509
vn -0.7902 0.5767 -0.2073
vn -0.8301 0.5251 0.1878
vn -0.6636 0.3867 0.6404
vn -0.3474 0.2102 0.9138
vn -0.1111 0.0244 0.9935
vn 0.4056 -0.3016 0.8629
vn 0.5260 -0.4141 0.7429
vn 0.7944 -0.5711 0.2069
vn 0.7961 -0.6007 -0.0730
vn 0.6366 -0.4596 -0.6193
vn 0.2946 -0.2535 -0.9214
vn -0.0051 -0.0186 -0.9998
vn -0.2435 0.1116 -0.9635
vn -0.7229 0.4535 -0.5213
vn -0.8125 0.4835 -0.3257
vn -0.8015 0.5012 0.3261
vn -0.7347 0.4346 0.5208
vn -0.2326 0.1279 0.9641
vn -0.1905 0.0671 0.9794
vn 0.4061 -0.3008 0.8629
vn 0.4537 -0.3623 0.8141
vn 0.8038 -0.5904 0.0730
vn 0.7930 -0.6090 0.0154
vn 0.5409 -0.3929 -0.7437
vn 0.4628 -0.3680 -0.8065
vn -0.1016 0.0386 -0.9941
vn -0.1769 0.0666 -0.9820
vn -0.7595 0.4747 -0.4447
vn -0.7742 0.4454 -0.4498
vn 0.5883 0.8086 -0.0090
vn 0.5723 0.8198 -0.0205
vn 0.5621 0.8268 -0.0196
vn 0.5560 0.8309 -0.0196
vn 0.5458 0.8377 -0.0205
vn 0.5293 0.8484 -0.0090
vn 0.5293 0.8484 0.0090
vn 0.5458 0.8377 0.0205
vn 0.5560 0.8309 0.0196
vn 0.5621 0.8268 0.0196
vn 0.5723 0.8198 0.0205
vn 0.5883 0.8086 0.0090
vn -0.5273 -0.8492 -0.0270
vn -0.5247 -0.8511 -0.0203
vn -0.5568 -0.8298 -0.0376
vn -0.5507 -0.8340 -0.0361
vn -0.5790 -0.8149 -0.0276
vn -0.5696 -0.8212 -0.0358
vn -0.6018 -0.7986 0.0018
vn -0.6018 -0.7986 -0.0018
vn -0.5696 -0.8212 0.0358
vn -0.5790 -0.8149 0.0276
vn -0.5507 -0.8340 0.0361
vn -0.5568 -0.8298 0.0376
vn -0.5247 -0.8511 0.0203
vn -0.5273 -0.8492 0.0270
vt 0.071429 0.000000
vt 0.000000 0.333333
vt 0.000000 0.000000
vt 0.142857 0.000000
vt 0.071429 0.333333
vt 0.214286 0.000000
vt 0.142857 0.333333
vt 0.285714 0.000000
vt 0.214286 0.333333
vt 0.357143 0.333333
vt 0.285714 0.333333
vt 0.357143 0.000000
vt 0.428571 0.333333
vt 0.428571 0.000000
vt 0.500000 0.333333
vt 0.571429 0.000000
vt 0.500000 0.000000
vt 0.642857 0.000000
vt 0.571429 0.333333
vt 0.714286 0.000000
vt 0.642857 0.333333
vt 0.785714 0.000000
vt 0.714286 0.333333
vt 0.857143 0.333333
vt 0.785714 0.333333
vt 0.857143 0.000000
vt 0.928571 0.333333
vt 0.928571 0.000000
vt 1.000000 0.333333
vt 0.071429 0.666667
vt 0.000000 0.666667
vt 0.142857 0.666667
vt 0.214286 0.666667
vt 0.285714 0.666667
vt 0.357143 0.666667
vt 0.500000 0.666667
vt 0.428571 0.666667
vt 0.642857 0.666667
vt 0.571429 0.666667
vt 0.714286 0.666667
vt 0.785714 0.666667
vt 0.857143 0.666667
vt 0.928571 0.666667
vt 0.071429 1.000000
vt 0.000000 1.000000
vt 0.214286 1.000000
vt 0.142857 1.000000
vt 0.357143 1.000000
vt 0.285714 1.000000
vt 0.500000 1.000000
vt 0.428571 1.000000
vt 0.642857 1.000000
vt 0.571429 1.000000
vt 0.785714 1.000000
vt 0.714286 1.000000
vt 0.928571 1.000000
vt 0.857143 1.000000
vt 1.000000 0.666667
vt 1.000000 0.000000
vt 1.000000 1.000000
s 0
g C_Sleeve.001_cotton_robe_cloth
usemtl cotton_robe_cloth
f 506/260/1009 519/261/1009 505/262/1009
f 507/263/1010 520/264/1010 506/260/1010
f 508/265/1011 521/266/1011 507/263/1011
f 509/267/1012 522/268/1012 508/265/1012
f 509/267/1013 524/269/1013 523/270/1013
f 510/271/1014 525/272/1014 524/269/1014
f 511/273/1015 526/274/1015 525/272/1015
f 513/275/1016 526/274/1016 512/276/1016
f 514/277/1017 527/278/1017 513/275/1017
f 515/279/1018 528/280/1018 514/277/1018
f 516/281/1019 529/282/1019 515/279/1019
f 516/281/1020 531/283/1020 530/284/1020
f 517/285/1021 532/286/1021 531/283/1021
f 518/287/1022 519/288/1022 532/286/1022
f 519/261/1023 534/289/1023 533/290/1023
f 520/264/1024 535/291/1024 534/289/1024
f 521/266/1025 536/292/1025 535/291/1025
f 523/270/1026 536/292/1026 522/268/1026
f 524/269/1027 537/293/1027 523/270/1027
f 525/272/1028 538/294/1028 524/269/1028
f 525/272/1029 540/295/1029 539/296/1029
f 527/278/1030 540/295/1030 526/274/1030
f 527/278/1031 542/297/1031 541/298/1031
f 528/280/1032 543/299/1032 542/297/1032
f 529/282/1033 544/300/1033 543/299/1033
f 531/283/1034 544/300/1034 530/284/1034
f 532/286/1035 545/301/1035 531/283/1035
f 519/288/1036 546/302/1036 532/286/1036
f 533/290/1037 548/303/1037 547/304/1037
f 535/291/1038 548/303/1038 534/289/1038
f 535/291/1039 550/305/1039 549/306/1039
f 537/293/1040 550/305/1040 536/292/1040
f 537/293/1041 552/307/1041 551/308/1041
f 539/296/1042 552/307/1042 538/294/1042
f 539/296/1043 554/309/1043 553/310/1043
f 541/298/1044 554/309/1044 540/295/1044
f 541/298/1045 556/311/1045 555/312/1045
f 543/299/1046 556/311/1046 542/297/1046
f 543/299/1047 558/313/1047 557/314/1047
f 545/301/1048 558/313/1048 544/300/1048
f 545/301/1049 560/315/1049 559/316/1049
f 533/317/1050 560/315/1050 546/302/1050
f 575/261/1051 562/260/1051 561/262/1051
f 576/264/1052 563/263/1052 562/260/1052
f 577/266/1053 564/265/1053 563/263/1053
f 564/265/1054 579/270/1054 565/267/1054
f 565/267/1055 580/269/1055 566/271/1055
f 566/271/1056 581/272/1056 567/273/1056
f 567/273/1057 582/274/1057 568/276/1057
f 582/274/1058 569/275/1058 568/276/1058
f 583/278/1059 570/277/1059 569/275/1059
f 584/280/1060 571/279/1060 570/277/1060
f 585/282/1061 572/281/1061 571/279/1061
f 572/281/1062 587/283/1062 573/285/1062
f 573/285/1063 588/286/1063 574/287/1063
f 574/287/1064 575/288/1064 561/318/1064
f 575/261/1065 590/289/1065 576/264/1065
f 576/264/1066 591/291/1066 577/266/1066
f 577/266/1067 592/292/1067 578/268/1067
f 592/292/1068 579/270/1068 578/268/1068
f 593/293/1069 580/269/1069 579/270/1069
f 594/294/1070 581/272/1070 580/269/1070
f 581/272/1071 596/295/1071 582/274/1071
f 596/295/1072 583/278/1072 582/274/1072
f 583/278/1073 598/297/1073 584/280/1073
f 584/280/1074 599/299/1074 585/282/1074
f 585/282/1075 600/300/1075 586/284/1075
f 600/300/1076 587/283/1076 586/284/1076
f 601/301/1077 588/286/1077 587/283/1077
f 602/302/1078 575/288/1078 588/286/1078
f 589/290/1079 604/303/1079 590/289/1079
f 590/289/1080 605/306/1080 591/291/1080
f 591/291/1081 606/305/1081 592/292/1081
f 606/305/1082 593/293/1082 592/292/1082
f 593/293/1083 608/307/1083 594/294/1083
f 608/307/1084 595/296/1084 594/294/1084
f 595/296/1085 610/309/1085 596/295/1085
f 610/309/1086 597/298/1086 596/295/1086
f 597/298/1087 612/311/1087 598/297/1087
f 612/311/1088 599/299/1088 598/297/1088
f 599/299/1089 614/313/1089 600/300/1089
f 614/313/1090 601/301/1090 600/300/1090
f 615/316/1091 602/302/1091 601/301/1091
f 616/315/1092 589/317/1092 602/302/1092
f 505/262/1093 562/260/1093 506/260/1093
f 507/263/1094 562/260/1094 563/263/1094
f 508/265/1095 563/263/1095 564/265/1095
f 508/265/1096 565/267/1096 509/267/1096
f 509/267/1097 566/271/1097 510/271/1097
f 510/271/1098 567/273/1098 511/273/1098
f 512/276/1099 567/273/1099 568/276/1099
f 512/276/1100 569/275/1100 513/275/1100
f 514/277/1101 569/275/1101 570/277/1101
f 515/279/1102 570/277/1102 571/279/1102
f 515/279/1103 572/281/1103 516/281/1103
f 516/281/1104 573/285/1104 517/285/1104
f 517/285/1105 574/287/1105 518/287/1105
f 505/318/1106 574/287/1106 561/318/1106
f 548/303/1107 603/304/1107 547/304/1107
f 548/303/1108 605/306/1108 604/303/1108
f 550/305/1109 605/306/1109 549/306/1109
f 550/305/1110 607/308/1110 606/305/1110
f 552/307/1111 607/308/1111 551/308/1111
f 552/307/1112 609/310/1112 608/307/1112
f 554/309/1113 609/310/1113 553/310/1113
f 554/309/1114 611/312/1114 610/309/1114
f 556/311/1115 611/312/1115 555/312/1115
f 556/311/1116 613/314/1116 612/311/1116
f 558/313/1117 613/314/1117 557/314/1117
f 558/313/1118 615/316/1118 614/313/1118
f 560/315/1119 615/316/1119 559/316/1119
f 560/315/1120 603/319/1120 616/315/1120
f 631/261/1121 618/260/1121 617/262/1121
f 632/264/1122 619/263/1122 618/260/1122
f 633/266/1123 620/265/1123 619/263/1123
f 634/268/1124 621/267/1124 620/265/1124
f 621/267/1125 636/269/1125 622/271/1125
f 622/271/1126 637/272/1126 623/273/1126
f 623/273/1127 638/274/1127 624/276/1127
f 638/274/1128 625/275/1128 624/276/1128
f 639/278/1129 626/277/1129 625/275/1129
f 640/280/1130 627/279/1130 626/277/1130
f 627/279/1131 642/284/1131 628/281/1131
f 628/281/1132 643/283/1132 629/285/1132
f 629/285/1133 644/286/1133 630/287/1133
f 630/287/1134 631/288/1134 617/318/1134
f 631/261/1135 646/289/1135 632/264/1135
f 632/264/1136 647/291/1136 633/266/1136
f 633/266/1137 648/292/1137 634/268/1137
f 648/292/1138 635/270/1138 634/268/1138
f 649/293/1139 636/269/1139 635/270/1139
f 650/294/1140 637/272/1140 636/269/1140
f 637/272/1141 652/295/1141 638/274/1141
f 652/295/1142 639/278/1142 638/274/1142
f 639/278/1143 654/297/1143 640/280/1143
f 640/280/1144 655/299/1144 641/282/1144
f 641/282/1145 656/300/1145 642/284/1145
f 656/300/1146 643/283/1146 642/284/1146
f 657/301/1147 644/286/1147 643/283/1147
f 658/302/1148 631/288/1148 644/286/1148
f 645/290/1149 660/303/1149 646/289/1149
f 660/303/1150 647/291/1150 646/289/1150
f 647/291/1151 662/305/1151 648/292/1151
f 662/305/1152 649/293/1152 648/292/1152
f 649/293/1153 664/307/1153 650/294/1153
f 664/307/1154 651/296/1154 650/294/1154
f 651/296/1155 666/309/1155 652/295/1155
f 666/309/1156 653/298/1156 652/295/1156
f 653/298/1157 668/311/1157 654/297/1157
f 668/311/1158 655/299/1158 654/297/1158
f 655/299/1159 670/313/1159 656/300/1159
f 670/313/1160 657/301/1160 656/300/1160
f 657/301/1161 672/315/1161 658/302/1161
f 672/315/1162 645/317/1162 658/302/1162
f 674/260/1163 687/261/1163 673/262/1163
f 675/263/1164 688/264/1164 674/260/1164
f 676/265/1165 689/266/1165 675/263/1165
f 676/265/1166 691/270/1166 690/268/1166
f 677/267/1167 692/269/1167 691/270/1167
f 678/271/1168 693/272/1168 692/269/1168
f 679/273/1169 694/274/1169 693/272/1169
f 681/275/1170 694/274/1170 680/276/1170
f 682/277/1171 695/278/1171 681/275/1171
f 683/279/1172 696/280/1172 682/277/1172
f 684/281/1173 697/282/1173 683/279/1173
f 684/281/1174 699/283/1174 698/284/1174
f 685/285/1175 700/286/1175 699/283/1175
f 686/287/1176 687/288/1176 700/286/1176
f 687/261/1177 702/289/1177 701/290/1177
f 688/264/1178 703/291/1178 702/289/1178
f 689/266/1179 704/292/1179 703/291/1179
f 691/270/1180 704/292/1180 690/268/1180
f 692/269/1181 705/293/1181 691/270/1181
f 693/272/1182 706/294/1182 692/269/1182
f 693/272/1183 708/295/1183 707/296/1183
f 695/278/1184 708/295/1184 694/274/1184
f 695/278/1185 710/297/1185 709/298/1185
f 696/280/1186 711/299/1186 710/297/1186
f 697/282/1187 712/300/1187 711/299/1187
f 699/283/1188 712/300/1188 698/284/1188
f 700/286/1189 713/301/1189 699/283/1189
f 687/288/1190 714/302/1190 700/286/1190
f 701/290/1191 716/303/1191 715/304/1191
f 702/289/1192 717/306/1192 716/303/1192
f 703/291/1193 718/305/1193 717/306/1193
f 705/293/1194 718/305/1194 704/292/1194
f 705/293/1195 720/307/1195 719/308/1195
f 707/296/1196 720/307/1196 706/294/1196
f 707/296/1197 722/309/1197 721/310/1197
f 709/298/1198 722/309/1198 708/295/1198
f 709/298/1199 724/311/1199 723/312/1199
f 711/299/1200 724/311/1200 710/297/1200
f 711/299/1201 726/313/1201 725/314/1201
f 713/301/1202 726/313/1202 712/300/1202
f 714/302/1203 727/316/1203 713/301/1203
f 701/317/1204 728/315/1204 714/302/1204
f 674/260/1205 617/262/1205 618/260/1205
f 619/263/1206 674/260/1206 618/260/1206
f 620/265/1207 675/263/1207 619/263/1207
f 621/267/1208 676/265/1208 620/265/1208
f 678/271/1209 621/267/1209 622/271/1209
f 679/273/1210 622/271/1210 623/273/1210
f 624/276/1211 679/273/1211 623/273/1211
f 681/275/1212 624/276/1212 625/275/1212
f 626/277/1213 681/275/1213 625/275/1213
f 627/279/1214 682/277/1214 626/277/1214
f 628/281/1215 683/279/1215 627/279/1215
f 685/285/1216 628/281/1216 629/285/1216
f 686/287/1217 629/285/1217 630/287/1217
f 617/318/1218 686/287/1218 630/287/1218
f 715/304/1219 660/303/1219 659/304/1219
f 660/303/1220 717/306/1220 661/306/1220
f 717/306/1221 662/305/1221 661/306/1221
f 662/305/1222 719/308/1222 663/308/1222
f 719/308/1223 664/307/1223 663/308/1223
f 664/307/1224 721/310/1224 665/310/1224
f 721/310/1225 666/309/1225 665/310/1225
f 666/309/1226 723/312/1226 667/312/1226
f 723/312/1227 668/311/1227 667/312/1227
f 668/311/1228 725/314/1228 669/314/1228
f 725/314/1229 670/313/1229 669/314/1229
f 670/313/1230 727/316/1230 671/316/1230
f 727/316/1231 672/315/1231 671/316/1231
f 672/315/1232 715/319/1232 659/319/1232
f 506/260/1233 520/264/1233 519/261/1233
f 507/263/1234 521/266/1234 520/264/1234
f 508/265/1235 522/268/1235 521/266/1235
f 509/267/1012 523/270/1012 522/268/1012
f 509/267/1236 510/271/1236 524/269/1236
f 510/271/1237 511/273/1237 525/272/1237
f 511/273/1238 512/276/1238 526/274/1238
f 513/275/1239 527/278/1239 526/274/1239
f 514/277/1240 528/280/1240 527/278/1240
f 515/279/1241 529/282/1241 528/280/1241
f 516/281/1019 530/284/1019 529/282/1019
f 516/281/1242 517/285/1242 531/283/1242
f 517/285/1243 518/287/1243 532/286/1243
f 518/287/1244 505/318/1244 519/288/1244
f 519/261/1245 520/264/1245 534/289/1245
f 520/264/1246 521/266/1246 535/291/1246
f 521/266/1247 522/268/1247 536/292/1247
f 523/270/1248 537/293/1248 536/292/1248
f 524/269/1249 538/294/1249 537/293/1249
f 525/272/1250 539/296/1250 538/294/1250
f 525/272/1251 526/274/1251 540/295/1251
f 527/278/1252 541/298/1252 540/295/1252
f 527/278/1253 528/280/1253 542/297/1253
f 528/280/1254 529/282/1254 543/299/1254
f 529/282/1255 530/284/1255 544/300/1255
f 531/283/1256 545/301/1256 544/300/1256
f 532/286/1257 546/302/1257 545/301/1257
f 519/288/1258 533/317/1258 546/302/1258
f 533/290/1259 534/289/1259 548/303/1259
f 535/291/1260 549/306/1260 548/303/1260
f 535/291/1261 536/292/1261 550/305/1261
f 537/293/1262 551/308/1262 550/305/1262
f 537/293/1263 538/294/1263 552/307/1263
f 539/296/1264 553/310/1264 552/307/1264
f 539/296/1265 540/295/1265 554/309/1265
f 541/298/1266 555/312/1266 554/309/1266
f 541/298/1267 542/297/1267 556/311/1267
f 543/299/1268 557/314/1268 556/311/1268
f 543/299/1269 544/300/1269 558/313/1269
f 545/301/1270 559/316/1270 558/313/1270
f 545/301/1271 546/302/1271 560/315/1271
f 533/317/1272 547/319/1272 560/315/1272
f 575/261/1273 576/264/1273 562/260/1273
f 576/264/1274 577/266/1274 563/263/1274
f 577/266/1275 578/268/1275 564/265/1275
f 564/265/1276 578/268/1276 579/270/1276
f 565/267/1277 579/270/1277 580/269/1277
f 566/271/1278 580/269/1278 581/272/1278
f 567/273/1279 581/272/1279 582/274/1279
f 582/274/1280 583/278/1280 569/275/1280
f 583/278/1281 584/280/1281 570/277/1281
f 584/280/1282 585/282/1282 571/279/1282
f 585/282/1283 586/284/1283 572/281/1283
f 572/281/1284 586/284/1284 587/283/1284
f 573/285/1285 587/283/1285 588/286/1285
f 574/287/1286 588/286/1286 575/288/1286
f 575/261/1287 589/290/1287 590/289/1287
f 576/264/1288 590/289/1288 591/291/1288
f 577/266/1289 591/291/1289 592/292/1289
f 592/292/1290 593/293/1290 579/270/1290
f 593/293/1291 594/294/1291 580/269/1291
f 594/294/1292 595/296/1292 581/272/1292
f 581/272/1293 595/296/1293 596/295/1293
f 596/295/1294 597/298/1294 583/278/1294
f 583/278/1295 597/298/1295 598/297/1295
f 584/280/1296 598/297/1296 599/299/1296
f 585/282/1297 599/299/1297 600/300/1297
f 600/300/1298 601/301/1298 587/283/1298
f 601/301/1299 602/302/1299 588/286/1299
f 602/302/1300 589/317/1300 575/288/1300
f 589/290/1301 603/304/1301 604/303/1301
f 590/289/1302 604/303/1302 605/306/1302
f 591/291/1303 605/306/1303 606/305/1303
f 606/305/1304 607/308/1304 593/293/1304
f 593/293/1305 607/308/1305 608/307/1305
f 608/307/1306 609/310/1306 595/296/1306
f 595/296/1307 609/310/1307 610/309/1307
f 610/309/1308 611/312/1308 597/298/1308
f 597/298/1309 611/312/1309 612/311/1309
f 612/311/1310 613/314/1310 599/299/1310
f 599/299/1311 613/314/1311 614/313/1311
f 614/313/1312 615/316/1312 601/301/1312
f 615/316/1313 616/315/1313 602/302/1313
f 616/315/1314 603/319/1314 589/317/1314
f 505/262/1315 561/262/1315 562/260/1315
f 507/263/1316 506/260/1316 562/260/1316
f 508/265/1317 507/263/1317 563/263/1317
f 508/265/1096 564/265/1096 565/267/1096
f 509/267/1318 565/267/1318 566/271/1318
f 510/271/1319 566/271/1319 567/273/1319
f 512/276/1320 511/273/1320 567/273/1320
f 512/276/1321 568/276/1321 569/275/1321
f 514/277/1322 513/275/1322 569/275/1322
f 515/279/1323 514/277/1323 570/277/1323
f 515/279/1103 571/279/1103 572/281/1103
f 516/281/1324 572/281/1324 573/285/1324
f 517/285/1325 573/285/1325 574/287/1325
f 505/318/1326 518/287/1326 574/287/1326
f 548/303/1327 604/303/1327 603/304/1327
f 548/303/1328 549/306/1328 605/306/1328
f 550/305/1329 606/305/1329 605/306/1329
f 550/305/1330 551/308/1330 607/308/1330
f 552/307/1331 608/307/1331 607/308/1331
f 552/307/1332 553/310/1332 609/310/1332
f 554/309/1333 610/309/1333 609/310/1333
f 554/309/1334 555/312/1334 611/312/1334
f 556/311/1335 612/311/1335 611/312/1335
f 556/311/1336 557/314/1336 613/314/1336
f 558/313/1337 614/313/1337 613/314/1337
f 558/313/1338 559/316/1338 615/316/1338
f 560/315/1339 616/315/1339 615/316/1339
f 560/315/1340 547/319/1340 603/319/1340
f 631/261/1341 632/264/1341 618/260/1341
f 632/264/1342 633/266/1342 619/263/1342
f 633/266/1343 634/268/1343 620/265/1343
f 634/268/1124 635/270/1124 621/267/1124
f 621/267/1344 635/270/1344 636/269/1344
f 622/271/1345 636/269/1345 637/272/1345
f 623/273/1346 637/272/1346 638/274/1346
f 638/274/1347 639/278/1347 625/275/1347
f 639/278/1348 640/280/1348 626/277/1348
f 640/280/1349 641/282/1349 627/279/1349
f 627/279/1131 641/282/1131 642/284/1131
f 628/281/1350 642/284/1350 643/283/1350
f 629/285/1351 643/283/1351 644/286/1351
f 630/287/1352 644/286/1352 631/288/1352
f 631/261/1353 645/290/1353 646/289/1353
f 632/264/1354 646/289/1354 647/291/1354
f 633/266/1355 647/291/1355 648/292/1355
f 648/292/1356 649/293/1356 635/270/1356
f 649/293/1357 650/294/1357 636/269/1357
f 650/294/1358 651/296/1358 637/272/1358
f 637/272/1359 651/296/1359 652/295/1359
f 652/295/1360 653/298/1360 639/278/1360
f 639/278/1361 653/298/1361 654/297/1361
f 640/280/1362 654/297/1362 655/299/1362
f 641/282/1363 655/299/1363 656/300/1363
f 656/300/1364 657/301/1364 643/283/1364
f 657/301/1365 658/302/1365 644/286/1365
f 658/302/1366 645/317/1366 631/288/1366
f 645/290/1367 659/304/1367 660/303/1367
f 660/303/1368 661/306/1368 647/291/1368
f 647/291/1369 661/306/1369 662/305/1369
f 662/305/1370 663/308/1370 649/293/1370
f 649/293/1371 663/308/1371 664/307/1371
f 664/307/1372 665/310/1372 651/296/1372
f 651/296/1373 665/310/1373 666/309/1373
f 666/309/1374 667/312/1374 653/298/1374
f 653/298/1375 667/312/1375 668/311/1375
f 668/311/1376 669/314/1376 655/299/1376
f 655/299/1377 669/314/1377 670/313/1377
f 670/313/1378 671/316/1378 657/301/1378
f 657/301/1379 671/316/1379 672/315/1379
f 672/315/1380 659/319/1380 645/317/1380
f 674/260/1381 688/264/1381 687/261/1381
f 675/263/1382 689/266/1382 688/264/1382
f 676/265/1383 690/268/1383 689/266/1383
f 676/265/1384 677/267/1384 691/270/1384
f 677/267/1385 678/271/1385 692/269/1385
f 678/271/1386 679/273/1386 693/272/1386
f 679/273/1387 680/276/1387 694/274/1387
f 681/275/1388 695/278/1388 694/274/1388
f 682/277/1389 696/280/1389 695/278/1389
f 683/279/1390 697/282/1390 696/280/1390
f 684/281/1391 698/284/1391 697/282/1391
f 684/281/1392 685/285/1392 699/283/1392
f 685/285/1393 686/287/1393 700/286/1393
f 686/287/1394 673/318/1394 687/288/1394
f 687/261/1395 688/264/1395 702/289/1395
f 688/264/1396 689/266/1396 703/291/1396
f 689/266/1397 690/268/1397 704/292/1397
f 691/270/1398 705/293/1398 704/292/1398
f 692/269/1399 706/294/1399 705/293/1399
f 693/272/1400 707/296/1400 706/294/1400
f 693/272/1401 694/274/1401 708/295/1401
f 695/278/1402 709/298/1402 708/295/1402
f 695/278/1403 696/280/1403 710/297/1403
f 696/280/1404 697/282/1404 711/299/1404
f 697/282/1405 698/284/1405 712/300/1405
f 699/283/1406 713/301/1406 712/300/1406
f 700/286/1407 714/302/1407 713/301/1407
f 687/288/1408 701/317/1408 714/302/1408
f 701/290/1409 702/289/1409 716/303/1409
f 702/289/1410 703/291/1410 717/306/1410
f 703/291/1411 704/292/1411 718/305/1411
f 705/293/1412 719/308/1412 718/305/1412
f 705/293/1413 706/294/1413 720/307/1413
f 707/296/1414 721/310/1414 720/307/1414
f 707/296/1415 708/295/1415 722/309/1415
f 709/298/1416 723/312/1416 722/309/1416
f 709/298/1417 710/297/1417 724/311/1417
f 711/299/1418 725/314/1418 724/311/1418
f 711/299/1419 712/300/1419 726/313/1419
f 713/301/1420 727/316/1420 726/313/1420
f 714/302/1421 728/315/1421 727/316/1421
f 701/317/1422 715/319/1422 728/315/1422
f 674/260/1423 673/262/1423 617/262/1423
f 619/263/1424 675/263/1424 674/260/1424
f 620/265/1425 676/265/1425 675/263/1425
f 621/267/1208 677/267/1208 676/265/1208
f 678/271/1426 677/267/1426 621/267/1426
f 679/273/1427 678/271/1427 622/271/1427
f 624/276/1428 680/276/1428 679/273/1428
f 681/275/1429 680/276/1429 624/276/1429
f 626/277/1430 682/277/1430 681/275/1430
f 627/279/1431 683/279/1431 682/277/1431
f 628/281/1215 684/281/1215 683/279/1215
f 685/285/1432 684/281/1432 628/281/1432
f 686/287/1433 685/285/1433 629/285/1433
f 617/318/1434 673/318/1434 686/287/1434
f 715/304/1435 716/303/1435 660/303/1435
f 660/303/1436 716/303/1436 717/306/1436
f 717/306/1437 718/305/1437 662/305/1437
f 662/305/1438 718/305/1438 719/308/1438
f 719/308/1439 720/307/1439 664/307/1439
f 664/307/1440 720/307/1440 721/310/1440
f 721/310/1441 722/309/1441 666/309/1441
f 666/309/1442 722/309/1442 723/312/1442
f 723/312/1443 724/311/1443 668/311/1443
f 668/311/1444 724/311/1444 725/314/1444
f 725/314/1445 726/313/1445 670/313/1445
f 670/313/1446 726/313/1446 727/316/1446
f 727/316/1447 728/315/1447 672/315/1447
f 672/315/1448 728/315/1448 715/319/1448
g E_Knot.001_E_Knot.001
v 0.080000 -0.060000 0.440000
v 0.320000 -0.060000 0.440000
v 0.340000 -0.260000 0.440000
v 0.060000 -0.260000 0.440000
v 0.080000 -0.060000 0.560000
v 0.320000 -0.060000 0.560000
v 0.340000 -0.260000 0.560000
v 0.060000 -0.260000 0.560000
vn -0.0000 -0.0000 -1.0000
vn -0.0000 -0.0000 1.0000
vn -0.9950 0.0995 -0.0000
vn -0.0000 1.0000 -0.0000
vn 0.9950 0.0995 -0.0000
vn -0.0000 -1.0000 -0.0000
s 0
g E_Knot.001_cotton_robe_sash
usemtl cotton_robe_sash
f 729//1449 731//1449 732//1449
f 736//1450 734//1450 733//1450
f 732//1451 733//1451 729//1451
f 729//1452 734//1452 730//1452
f 730//1453 735//1453 731//1453
f 731//1454 736//1454 732//1454
f 729//1449 730//1449 731//1449
f 736//1450 735//1450 734//1450
f 732//1451 736//1451 733//1451
f 729//1452 733//1452 734//1452
f 730//1453 734//1453 735//1453
f 731//1454 735//1454 736//1454
g E_Sash.001_E_Sash.001
v 0.610000 -0.280000 0.020000
v 0.602267 -0.280000 -0.091592
v 0.579186 -0.280000 -0.176314
v 0.541093 -0.280000 -0.249391
v 0.488512 -0.280000 -0.312122
v 0.422072 -0.280000 -0.364403
v 0.342351 -0.280000 -0.405778
v 0.249482 -0.280000 -0.435753
v 0.141815 -0.280000 -0.453915
v 0.000000 -0.280000 -0.460000
v -0.141815 -0.280000 -0.453915
v -0.249482 -0.280000 -0.435753
v -0.342351 -0.280000 -0.405778
v -0.422072 -0.280000 -0.364403
v -0.488512 -0.280000 -0.312122
v -0.541093 -0.280000 -0.249391
v -0.579186 -0.280000 -0.176314
v -0.602267 -0.280000 -0.091592
v -0.610000 -0.280000 0.020000
v -0.602267 -0.280000 0.131592
v -0.579186 -0.280000 0.216314
v -0.541093 -0.280000 0.289391
v -0.488512 -0.280000 0.352122
v -0.422072 -0.280000 0.404402
v -0.342351 -0.280000 0.445778
v -0.249482 -0.280000 0.475753
v -0.141815 -0.280000 0.493915
v -0.000000 -0.280000 0.500000
v 0.141815 -0.280000 0.493915
v 0.249482 -0.280000 0.475753
v 0.342351 -0.280000 0.445778
v 0.422072 -0.280000 0.404402
v 0.488512 -0.280000 0.352122
v 0.541093 -0.280000 0.289391
v 0.579186 -0.280000 0.216314
v 0.602267 -0.280000 0.131592
v 0.610000 -0.040000 0.020000
v 0.602267 -0.040000 -0.091592
v 0.579186 -0.040000 -0.176314
v 0.541093 -0.040000 -0.249391
v 0.488512 -0.040000 -0.312122
v 0.422072 -0.040000 -0.364403
v 0.342351 -0.040000 -0.405778
v 0.249482 -0.040000 -0.435753
v 0.141815 -0.040000 -0.453915
v 0.000000 -0.040000 -0.460000
v -0.141815 -0.040000 -0.453915
v -0.249482 -0.040000 -0.435753
v -0.342351 -0.040000 -0.405778
v -0.422072 -0.040000 -0.364403
v -0.488512 -0.040000 -0.312122
v -0.541093 -0.040000 -0.249391
v -0.579186 -0.040000 -0.176314
v -0.602267 -0.040000 -0.091592
v -0.610000 -0.040000 0.020000
v -0.602267 -0.040000 0.131592
v -0.579186 -0.040000 0.216314
v -0.541093 -0.040000 0.289391
v -0.488512 -0.040000 0.352122
v -0.422072 -0.040000 0.404402
v -0.342351 -0.040000 0.445778
v -0.249482 -0.040000 0.475753
v -0.141815 -0.040000 0.493915
v -0.000000 -0.040000 0.500000
v 0.141815 -0.040000 0.493915
v 0.249482 -0.040000 0.475753
v 0.342351 -0.040000 0.445778
v 0.422072 -0.040000 0.404402
v 0.488512 -0.040000 0.352122
v 0.541093 -0.040000 0.289391
v 0.579186 -0.040000 0.216314
v 0.602267 -0.040000 0.131592
v 0.559880 -0.280000 0.020000
v 0.552728 -0.280000 -0.083211
v 0.532359 -0.280000 -0.157976
v 0.499274 -0.280000 -0.221447
v 0.453521 -0.280000 -0.276032
v 0.394856 -0.280000 -0.322195
v 0.323022 -0.280000 -0.359477
v 0.237582 -0.280000 -0.387054
v 0.136564 -0.280000 -0.404095
v 0.000000 -0.280000 -0.409954
v -0.136564 -0.280000 -0.404095
v -0.237582 -0.280000 -0.387054
v -0.323022 -0.280000 -0.359477
v -0.394856 -0.280000 -0.322195
v -0.453521 -0.280000 -0.276032
v -0.499274 -0.280000 -0.221447
v -0.532359 -0.280000 -0.157976
v -0.552728 -0.280000 -0.083211
v -0.559880 -0.280000 0.020000
v -0.552728 -0.280000 0.123211
v -0.532359 -0.280000 0.197976
v -0.499274 -0.280000 0.261447
v -0.453521 -0.280000 0.316032
v -0.394856 -0.280000 0.362195
v -0.323022 -0.280000 0.399477
v -0.237582 -0.280000 0.427054
v -0.136564 -0.280000 0.444095
v -0.000000 -0.280000 0.449954
v 0.136564 -0.280000 0.444095
v 0.237582 -0.280000 0.427054
v 0.323022 -0.280000 0.399477
v 0.394856 -0.280000 0.362195
v 0.453521 -0.280000 0.316032
v 0.499274 -0.280000 0.261447
v 0.532359 -0.280000 0.197976
v 0.552728 -0.280000 0.123211
v 0.559880 -0.040000 0.020000
v 0.552728 -0.040000 -0.083211
v 0.532359 -0.040000 -0.157976
v 0.499274 -0.040000 -0.221447
v 0.453521 -0.040000 -0.276032
v 0.394856 -0.040000 -0.322195
v 0.323022 -0.040000 -0.359477
v 0.237582 -0.040000 -0.387054
v 0.136564 -0.040000 -0.404095
v 0.000000 -0.040000 -0.409954
v -0.136564 -0.040000 -0.404095
v -0.237582 -0.040000 -0.387054
v -0.323022 -0.040000 -0.359477
v -0.394856 -0.040000 -0.322195
v -0.453521 -0.040000 -0.276032
v -0.499274 -0.040000 -0.221447
v -0.532359 -0.040000 -0.157976
v -0.552728 -0.040000 -0.083211
v -0.559880 -0.040000 0.020000
v -0.552728 -0.040000 0.123211
v -0.532359 -0.040000 0.197976
v -0.499274 -0.040000 0.261447
v -0.453521 -0.040000 0.316032
v -0.394856 -0.040000 0.362195
v -0.323022 -0.040000 0.399477
v -0.237582 -0.040000 0.427054
v -0.136564 -0.040000 0.444095
v -0.000000 -0.040000 0.449954
v 0.136564 -0.040000 0.444095
v 0.237582 -0.040000 0.427054
v 0.323022 -0.040000 0.399477
v 0.394856 -0.040000 0.362195
v 0.453521 -0.040000 0.316032
v 0.499274 -0.040000 0.261447
v 0.532359 -0.040000 0.197976
v 0.552728 -0.040000 0.123211
vn 0.9976 -0.0000 -0.0691
vn 0.9648 -0.0000 -0.2629
vn 0.8868 -0.0000 -0.4622
vn 0.7664 -0.0000 -0.6424
vn 0.6184 -0.0000 -0.7859
vn 0.4607 -0.0000 -0.8876
vn 0.3072 -0.0000 -0.9517
vn 0.1663 -0.0000 -0.9861
vn 0.0429 -0.0000 -0.9991
vn -0.0429 -0.0000 -0.9991
vn -0.1663 -0.0000 -0.9861
vn -0.3072 -0.0000 -0.9517
vn -0.4607 -0.0000 -0.8876
vn -0.6184 -0.0000 -0.7859
vn -0.7664 -0.0000 -0.6424
vn -0.8868 -0.0000 -0.4622
vn -0.9648 -0.0000 -0.2629
vn -0.9976 -0.0000 -0.0691
vn -0.9976 -0.0000 0.0691
vn -0.9648 -0.0000 0.2629
vn -0.8868 -0.0000 0.4622
vn -0.7664 -0.0000 0.6424
vn -0.6184 -0.0000 0.7859
vn -0.4607 -0.0000 0.8876
vn -0.3072 -0.0000 0.9517
vn -0.1663 -0.0000 0.9861
vn -0.0429 -0.0000 0.9991
vn 0.0429 -0.0000 0.9991
vn 0.1663 -0.0000 0.9861
vn 0.3072 -0.0000 0.9517
vn 0.4607 -0.0000 0.8876
vn 0.6184 -0.0000 0.7859
vn 0.7664 -0.0000 0.6424
vn 0.8868 -0.0000 0.4622
vn 0.9648 -0.0000 0.2629
vn 0.9976 -0.0000 0.0691
vn -0.0000 -1.0000 -0.0000
vn -0.0000 1.0000 -0.0000
vt 0.027778 0.000000
vt 0.000000 1.000000
vt 0.000000 0.000000
vt 0.055556 0.000000
vt 0.027778 1.000000
vt 0.083333 0.000000
vt 0.055556 1.000000
vt 0.111111 0.000000
vt 0.083333 1.000000
vt 0.138889 0.000000
vt 0.111111 1.000000
vt 0.166667 0.000000
vt 0.138889 1.000000
vt 0.194444 0.000000
vt 0.166667 1.000000
vt 0.222222 0.000000
vt 0.194444 1.000000
vt 0.250000 0.000000
vt 0.222222 1.000000
vt 0.277778 0.000000
vt 0.250000 1.000000
vt 0.305556 0.000000
vt 0.277778 1.000000
vt 0.333333 0.000000
vt 0.305556 1.000000
vt 0.361111 0.000000
vt 0.333333 1.000000
vt 0.388889 0.000000
vt 0.361111 1.000000
vt 0.416667 0.000000
vt 0.388889 1.000000
vt 0.444444 0.000000
vt 0.416667 1.000000
vt 0.472222 0.000000
vt 0.444444 1.000000
vt 0.500000 0.000000
vt 0.472222 1.000000
vt 0.527778 0.000000
vt 0.500000 1.000000
vt 0.555556 0.000000
vt 0.527778 1.000000
vt 0.583333 0.000000
vt 0.555556 1.000000
vt 0.611111 0.000000
vt 0.583333 1.000000
vt 0.638889 0.000000
vt 0.611111 1.000000
vt 0.666667 0.000000
vt 0.638889 1.000000
vt 0.694444 0.000000
vt 0.666667 1.000000
vt 0.722222 0.000000
vt 0.694444 1.000000
vt 0.750000 0.000000
vt 0.722222 1.000000
vt 0.777778 0.000000
vt 0.750000 1.000000
vt 0.805556 0.000000
vt 0.777778 1.000000
vt 0.833333 0.000000
vt 0.805556 1.000000
vt 0.861111 0.000000
vt 0.833333 1.000000
vt 0.888889 0.000000
vt 0.861111 1.000000
vt 0.916667 0.000000
vt 0.888889 1.000000
vt 0.944444 0.000000
vt 0.916667 1.000000
vt 0.972222 0.000000
vt 0.944444 1.000000
vt 1.000000 0.000000
vt 0.972222 1.000000
vt 1.000000 1.000000
s 0
g E_Sash.001_cotton_robe_sash
usemtl cotton_robe_sash
f 738/320/1455 773/321/1455 737/322/1455
f 739/323/1456 774/324/1456 738/320/1456
f 740/325/1457 775/326/1457 739/323/1457
f 741/327/1458 776/328/1458 740/325/1458
f 742/329/1459 777/330/1459 741/327/1459
f 743/331/1460 778/332/1460 742/329/1460
f 744/333/1461 779/334/1461 743/331/1461
f 745/335/1462 780/336/1462 744/333/1462
f 746/337/1463 781/338/1463 745/335/1463
f 747/339/1464 782/340/1464 746/337/1464
f 748/341/1465 783/342/1465 747/339/1465
f 749/343/1466 784/344/1466 748/341/1466
f 750/345/1467 785/346/1467 749/343/1467
f 751/347/1468 786/348/1468 750/345/1468
f 752/349/1469 787/350/1469 751/347/1469
f 753/351/1470 788/352/1470 752/349/1470
f 754/353/1471 789/354/1471 753/351/1471
f 755/355/1472 790/356/1472 754/353/1472
f 756/357/1473 791/358/1473 755/355/1473
f 757/359/1474 792/360/1474 756/357/1474
f 758/361/1475 793/362/1475 757/359/1475
f 759/363/1476 794/364/1476 758/361/1476
f 760/365/1477 795/366/1477 759/363/1477
f 761/367/1478 796/368/1478 760/365/1478
f 762/369/1479 797/370/1479 761/367/1479
f 763/371/1480 798/372/1480 762/369/1480
f 764/373/1481 799/374/1481 763/371/1481
f 765/375/1482 800/376/1482 764/373/1482
f 766/377/1483 801/378/1483 765/375/1483
f 767/379/1484 802/380/1484 766/377/1484
f 768/381/1485 803/382/1485 767/379/1485
f 769/383/1486 804/384/1486 768/381/1486
f 770/385/1487 805/386/1487 769/383/1487
f 771/387/1488 806/388/1488 770/385/1488
f 772/389/1489 807/390/1489 771/387/1489
f 737/391/1490 808/392/1490 772/389/1490
f 845/321/1473 810/320/1473 809/322/1473
f 846/324/1474 811/323/1474 810/320/1474
f 847/326/1475 812/325/1475 811/323/1475
f 848/328/1476 813/327/1476 812/325/1476
f 849/330/1477 814/329/1477 813/327/1477
f 850/332/1478 815/331/1478 814/329/1478
f 851/334/1479 816/333/1479 815/331/1479
f 852/336/1480 817/335/1480 816/333/1480
f 853/338/1481 818/337/1481 817/335/1481
f 854/340/1482 819/339/1482 818/337/1482
f 855/342/1483 820/341/1483 819/339/1483
f 856/344/1484 821/343/1484 820/341/1484
f 857/346/1485 822/345/1485 821/343/1485
f 858/348/1486 823/347/1486 822/345/1486
f 859/350/1487 824/349/1487 823/347/1487
f 860/352/1488 825/351/1488 824/349/1488
f 861/354/1489 826/353/1489 825/351/1489
f 862/356/1490 827/355/1490 826/353/1490
f 863/358/1455 828/357/1455 827/355/1455
f 864/360/1456 829/359/1456 828/357/1456
f 865/362/1457 830/361/1457 829/359/1457
f 866/364/1458 831/363/1458 830/361/1458
f 867/366/1459 832/365/1459 831/363/1459
f 868/368/1460 833/367/1460 832/365/1460
f 869/370/1461 834/369/1461 833/367/1461
f 870/372/1462 835/371/1462 834/369/1462
f 871/374/1463 836/373/1463 835/371/1463
f 872/376/1464 837/375/1464 836/373/1464
f 873/378/1465 838/377/1465 837/375/1465
f 874/380/1466 839/379/1466 838/377/1466
f 875/382/1467 840/381/1467 839/379/1467
f 876/384/1468 841/383/1468 840/381/1468
f 877/386/1469 842/385/1469 841/383/1469
f 878/388/1470 843/387/1470 842/385/1470
f 879/390/1471 844/389/1471 843/387/1471
f 880/392/1472 809/391/1472 844/389/1472
f 737/322/1491 810/320/1491 738/320/1491
f 773/321/1492 846/324/1492 845/321/1492
f 738/320/1491 811/323/1491 739/323/1491
f 774/324/1492 847/326/1492 846/324/1492
f 739/323/1491 812/325/1491 740/325/1491
f 775/326/1492 848/328/1492 847/326/1492
f 741/327/1491 812/325/1491 813/327/1491
f 777/330/1492 848/328/1492 776/328/1492
f 742/329/1491 813/327/1491 814/329/1491
f 778/332/1492 849/330/1492 777/330/1492
f 743/331/1491 814/329/1491 815/331/1491
f 779/334/1492 850/332/1492 778/332/1492
f 744/333/1491 815/331/1491 816/333/1491
f 780/336/1492 851/334/1492 779/334/1492
f 745/335/1491 816/333/1491 817/335/1491
f 781/338/1492 852/336/1492 780/336/1492
f 746/337/1491 817/335/1491 818/337/1491
f 782/340/1492 853/338/1492 781/338/1492
f 746/337/1491 819/339/1491 747/339/1491
f 782/340/1492 855/342/1492 854/340/1492
f 747/339/1491 820/341/1491 748/341/1491
f 783/342/1492 856/344/1492 855/342/1492
f 748/341/1491 821/343/1491 749/343/1491
f 784/344/1492 857/346/1492 856/344/1492
f 749/343/1491 822/345/1491 750/345/1491
f 785/346/1492 858/348/1492 857/346/1492
f 750/345/1491 823/347/1491 751/347/1491
f 786/348/1492 859/350/1492 858/348/1492
f 751/347/1491 824/349/1491 752/349/1491
f 787/350/1492 860/352/1492 859/350/1492
f 753/351/1491 824/349/1491 825/351/1491
f 789/354/1492 860/352/1492 788/352/1492
f 754/353/1491 825/351/1491 826/353/1491
f 790/356/1492 861/354/1492 789/354/1492
f 755/355/1491 826/353/1491 827/355/1491
f 791/358/1492 862/356/1492 790/356/1492
f 755/355/1491 828/357/1491 756/357/1491
f 791/358/1492 864/360/1492 863/358/1492
f 756/357/1491 829/359/1491 757/359/1491
f 792/360/1492 865/362/1492 864/360/1492
f 757/359/1491 830/361/1491 758/361/1491
f 793/362/1492 866/364/1492 865/362/1492
f 759/363/1491 830/361/1491 831/363/1491
f 795/366/1492 866/364/1492 794/364/1492
f 760/365/1491 831/363/1491 832/365/1491
f 796/368/1492 867/366/1492 795/366/1492
f 761/367/1491 832/365/1491 833/367/1491
f 797/370/1492 868/368/1492 796/368/1492
f 762/369/1491 833/367/1491 834/369/1491
f 798/372/1492 869/370/1492 797/370/1492
f 763/371/1491 834/369/1491 835/371/1491
f 799/374/1492 870/372/1492 798/372/1492
f 764/373/1491 835/371/1491 836/373/1491
f 800/376/1492 871/374/1492 799/374/1492
f 764/373/1491 837/375/1491 765/375/1491
f 800/376/1492 873/378/1492 872/376/1492
f 765/375/1491 838/377/1491 766/377/1491
f 801/378/1492 874/380/1492 873/378/1492
f 766/377/1491 839/379/1491 767/379/1491
f 802/380/1492 875/382/1492 874/380/1492
f 767/379/1491 840/381/1491 768/381/1491
f 803/382/1492 876/384/1492 875/382/1492
f 768/381/1491 841/383/1491 769/383/1491
f 804/384/1492 877/386/1492 876/384/1492
f 769/383/1491 842/385/1491 770/385/1491
f 805/386/1492 878/388/1492 877/386/1492
f 771/387/1491 842/385/1491 843/387/1491
f 807/390/1492 878/388/1492 806/388/1492
f 772/389/1491 843/387/1491 844/389/1491
f 808/392/1492 879/390/1492 807/390/1492
f 737/391/1491 844/389/1491 809/391/1491
f 773/393/1492 880/392/1492 808/392/1492
f 738/320/1455 774/324/1455 773/321/1455
f 739/323/1456 775/326/1456 774/324/1456
f 740/325/1457 776/328/1457 775/326/1457
f 741/327/1458 777/330/1458 776/328/1458
f 742/329/1459 778/332/1459 777/330/1459
f 743/331/1460 779/334/1460 778/332/1460
f 744/333/1461 780/336/1461 779/334/1461
f 745/335/1462 781/338/1462 780/336/1462
f 746/337/1463 782/340/1463 781/338/1463
f 747/339/1464 783/342/1464 782/340/1464
f 748/341/1465 784/344/1465 783/342/1465
f 749/343/1466 785/346/1466 784/344/1466
f 750/345/1467 786/348/1467 785/346/1467
f 751/347/1468 787/350/1468 786/348/1468
f 752/349/1469 788/352/1469 787/350/1469
f 753/351/1470 789/354/1470 788/352/1470
f 754/353/1471 790/356/1471 789/354/1471
f 755/355/1472 791/358/1472 790/356/1472
f 756/357/1473 792/360/1473 791/358/1473
f 757/359/1474 793/362/1474 792/360/1474
f 758/361/1475 794/364/1475 793/362/1475
f 759/363/1476 795/366/1476 794/364/1476
f 760/365/1477 796/368/1477 795/366/1477
f 761/367/1478 797/370/1478 796/368/1478
f 762/369/1479 798/372/1479 797/370/1479
f 763/371/1480 799/374/1480 798/372/1480
f 764/373/1481 800/376/1481 799/374/1481
f 765/375/1482 801/378/1482 800/376/1482
f 766/377/1483 802/380/1483 801/378/1483
f 767/379/1484 803/382/1484 802/380/1484
f 768/381/1485 804/384/1485 803/382/1485
f 769/383/1486 805/386/1486 804/384/1486
f 770/385/1487 806/388/1487 805/386/1487
f 771/387/1488 807/390/1488 806/388/1488
f 772/389/1489 808/392/1489 807/390/1489
f 737/391/1490 773/393/1490 808/392/1490
f 845/321/1473 846/324/1473 810/320/1473
f 846/324/1474 847/326/1474 811/323/1474
f 847/326/1475 848/328/1475 812/325/1475
f 848/328/1476 849/330/1476 813/327/1476
f 849/330/1477 850/332/1477 814/329/1477
f 850/332/1478 851/334/1478 815/331/1478
f 851/334/1479 852/336/1479 816/333/1479
f 852/336/1480 853/338/1480 817/335/1480
f 853/338/1481 854/340/1481 818/337/1481
f 854/340/1482 855/342/1482 819/339/1482
f 855/342/1483 856/344/1483 820/341/1483
f 856/344/1484 857/346/1484 821/343/1484
f 857/346/1485 858/348/1485 822/345/1485
f 858/348/1486 859/350/1486 823/347/1486
f 859/350/1487 860/352/1487 824/349/1487
f 860/352/1488 861/354/1488 825/351/1488
f 861/354/1489 862/356/1489 826/353/1489
f 862/356/1490 863/358/1490 827/355/1490
f 863/358/1455 864/360/1455 828/357/1455
f 864/360/1456 865/362/1456 829/359/1456
f 865/362/1457 866/364/1457 830/361/1457
f 866/364/1458 867/366/1458 831/363/1458
f 867/366/1459 868/368/1459 832/365/1459
f 868/368/1460 869/370/1460 833/367/1460
f 869/370/1461 870/372/1461 834/369/1461
f 870/372/1462 871/374/1462 835/371/1462
f 871/374/1463 872/376/1463 836/373/1463
f 872/376/1464 873/378/1464 837/375/1464
f 873/378/1465 874/380/1465 838/377/1465
f 874/380/1466 875/382/1466 839/379/1466
f 875/382/1467 876/384/1467 840/381/1467
f 876/384/1468 877/386/1468 841/383/1468
f 877/386/1469 878/388/1469 842/385/1469
f 878/388/1470 879/390/1470 843/387/1470
f 879/390/1471 880/392/1471 844/389/1471
f 880/392/1472 845/393/1472 809/391/1472
f 737/322/1491 809/322/1491 810/320/1491
f 773/321/1492 774/324/1492 846/324/1492
f 738/320/1491 810/320/1491 811/323/1491
f 774/324/1492 775/326/1492 847/326/1492
f 739/323/1491 811/323/1491 812/325/1491
f 775/326/1492 776/328/1492 848/328/1492
f 741/327/1491 740/325/1491 812/325/1491
f 777/330/1492 849/330/1492 848/328/1492
f 742/329/1491 741/327/1491 813/327/1491
f 778/332/1492 850/332/1492 849/330/1492
f 743/331/1491 742/329/1491 814/329/1491
f 779/334/1492 851/334/1492 850/332/1492
f 744/333/1491 743/331/1491 815/331/1491
f 780/336/1492 852/336/1492 851/334/1492
f 745/335/1491 744/333/1491 816/333/1491
f 781/338/1492 853/338/1492 852/336/1492
f 746/337/1491 745/335/1491 817/335/1491
f 782/340/1492 854/340/1492 853/338/1492
f 746/337/1491 818/337/1491 819/339/1491
f 782/340/1492 783/342/1492 855/342/1492
f 747/339/1491 819/339/1491 820/341/1491
f 783/342/1492 784/344/1492 856/344/1492
f 748/341/1491 820/341/1491 821/343/1491
f 784/344/1492 785/346/1492 857/346/1492
f 749/343/1491 821/343/1491 822/345/1491
f 785/346/1492 786/348/1492 858/348/1492
f 750/345/1491 822/345/1491 823/347/1491
f 786/348/1492 787/350/1492 859/350/1492
f 751/347/1491 823/347/1491 824/349/1491
f 787/350/1492 788/352/1492 860/352/1492
f 753/351/1491 752/349/1491 824/349/1491
f 789/354/1492 861/354/1492 860/352/1492
f 754/353/1491 753/351/1491 825/351/1491
f 790/356/1492 862/356/1492 861/354/1492
f 755/355/1491 754/353/1491 826/353/1491
f 791/358/1492 863/358/1492 862/356/1492
f 755/355/1491 827/355/1491 828/357/1491
f 791/358/1492 792/360/1492 864/360/1492
f 756/357/1491 828/357/1491 829/359/1491
f 792/360/1492 793/362/1492 865/362/1492
f 757/359/1491 829/359/1491 830/361/1491
f 793/362/1492 794/364/1492 866/364/1492
f 759/363/1491 758/361/1491 830/361/1491
f 795/366/1492 867/366/1492 866/364/1492
f 760/365/1491 759/363/1491 831/363/1491
f 796/368/1492 868/368/1492 867/366/1492
f 761/367/1491 760/365/1491 832/365/1491
f 797/370/1492 869/370/1492 868/368/1492
f 762/369/1491 761/367/1491 833/367/1491
f 798/372/1492 870/372/1492 869/370/1492
f 763/371/1491 762/369/1491 834/369/1491
f 799/374/1492 871/374/1492 870/372/1492
f 764/373/1491 763/371/1491 835/371/1491
f 800/376/1492 872/376/1492 871/374/1492
f 764/373/1491 836/373/1491 837/375/1491
f 800/376/1492 801/378/1492 873/378/1492
f 765/375/1491 837/375/1491 838/377/1491
f 801/378/1492 802/380/1492 874/380/1492
f 766/377/1491 838/377/1491 839/379/1491
f 802/380/1492 803/382/1492 875/382/1492
f 767/379/1491 839/379/1491 840/381/1491
f 803/382/1492 804/384/1492 876/384/1492
f 768/381/1491 840/381/1491 841/383/1491
f 804/384/1492 805/386/1492 877/386/1492
f 769/383/1491 841/383/1491 842/385/1491
f 805/386/1492 806/388/1492 878/388/1492
f 771/387/1491 770/385/1491 842/385/1491
f 807/390/1492 879/390/1492 878/388/1492
f 772/389/1491 771/387/1491 843/387/1491
f 808/392/1492 880/392/1492 879/390/1492
f 737/391/1491 772/389/1491 844/389/1491
f 773/393/1492 845/393/1492 880/392/1492
g E_Tail0.001_E_Tail0.001
v 0.090681 -0.250258 0.500000
v 0.229319 -0.269742 0.500000
v 0.130827 -1.114253 0.500000
v 0.027786 -1.200755 0.500000
v -0.047421 -1.089202 0.500000
v 0.090681 -0.250258 0.540000
v 0.229319 -0.269742 0.540000
v 0.130827 -1.114253 0.540000
v 0.027786 -1.200755 0.540000
v -0.047421 -1.089202 0.540000
vn -0.0000 -0.0000 -1.0000
vn -0.0000 -0.0000 1.0000
vn -0.9867 0.1624 -0.0000
vn 0.1392 0.9903 -0.0000
vn 0.9933 -0.1158 -0.0000
vn 0.6430 -0.7659 -0.0000
vn -0.8292 -0.5590 -0.0000
s 0
g E_Tail0.001_cotton_robe_sash
usemtl cotton_robe_sash
f 882//1493 884//1493 885//1493
f 890//1494 888//1494 887//1494
f 885//1495 886//1495 881//1495
f 881//1496 887//1496 882//1496
f 882//1497 888//1497 883//1497
f 883//1498 889//1498 884//1498
f 884//1499 890//1499 885//1499
f 885//1493 881//1493 882//1493
f 882//1493 883//1493 884//1493
f 887//1494 886//1494 890//1494
f 890//1494 889//1494 888//1494
f 885//1495 890//1495 886//1495
f 881//1496 886//1496 887//1496
f 882//1497 887//1497 888//1497
f 883//1498 888//1498 889//1498
f 884//1499 889//1499 890//1499
g E_Tail1.001_E_Tail1.001
v 0.210383 -0.267317 0.500000
v 0.349617 -0.252683 0.500000
v 0.437450 -0.897032 0.500000
v 0.358396 -1.005891 0.500000
v 0.258437 -0.915847 0.500000
v 0.210383 -0.267317 0.540000
v 0.349617 -0.252683 0.540000
v 0.437450 -0.897032 0.540000
v 0.358396 -1.005891 0.540000
v 0.258437 -0.915847 0.540000
vn -0.0000 -0.0000 -1.0000
vn -0.0000 -0.0000 1.0000
vn -0.9973 -0.0739 -0.0000
vn -0.1045 0.9945 -0.0000
vn 0.9908 0.1351 -0.0000
vn 0.8091 -0.5876 -0.0000
vn -0.6693 -0.7430 -0.0000
s 0
g E_Tail1.001_cotton_robe_sash
usemtl cotton_robe_sash
f 892//1500 894//1500 895//1500
f 900//1501 898//1501 897//1501
f 895//1502 896//1502 891//1502
f 891//1503 897//1503 892//1503
f 892//1504 898//1504 893//1504
f 893//1505 899//1505 894//1505
f 894//1506 900//1506 895//1506
f 895//1500 891//1500 892//1500
f 892//1500 893//1500 894//1500
f 897//1501 896//1501 900//1501
f 900//1501 899//1501 898//1501
f 895//1502 900//1502 896//1502
f 891//1503 896//1503 897//1503
f 892//1504 897//1504 898//1504
f 893//1505 898//1505 899//1505
f 894//1506 899//1506 900//1506
