# Blender 5.2.2 LTS
# www.blender.org
mtllib mochi.mtl
g A_Skewer.001_A_Skewer.001
v 0.886023 0.786535 -0.012500
v 0.886023 0.786535 0.012500
v 0.900000 0.770000 0.025000
v 0.913977 0.753465 0.012500
v 0.913977 0.753465 -0.012500
v 0.900000 0.770000 -0.025000
v -0.923977 -0.743465 -0.012500
v -0.923977 -0.743465 0.012500
v -0.910000 -0.760000 0.025000
v -0.896023 -0.776535 0.012500
v -0.896023 -0.776535 -0.012500
v -0.910000 -0.760000 -0.025000
v -0.923977 -0.743465 -0.012500
v -0.923977 -0.743465 0.012500
v -0.910000 -0.760000 0.025000
v -0.896023 -0.776535 0.012500
v -0.896023 -0.776535 -0.012500
v -0.910000 -0.760000 -0.025000
v -0.297686 -0.214059 -0.012500
v -0.297686 -0.214059 0.012500
v -0.283709 -0.230593 0.025000
v -0.269732 -0.247128 0.012500
v -0.269732 -0.247128 -0.012500
v -0.283709 -0.230593 -0.025000
v 0.259732 0.257128 -0.012500
v 0.259732 0.257128 0.012500
v 0.273708 0.240593 0.025000
v 0.287685 0.224059 0.012500
v 0.287685 0.224059 -0.012500
v 0.273708 0.240593 -0.025000
v 0.886023 0.786535 -0.012500
v 0.886023 0.786535 0.012500
v 0.900000 0.770000 0.025000
v 0.913977 0.753465 0.012500
v 0.913977 0.753465 -0.012500
v 0.900000 0.770000 -0.025000
vn 0.7637 0.6456 -0.0000
vn -0.7637 -0.6456 -0.0000
vn -0.5591 0.6614 -0.5000
vn -0.5591 0.6614 0.5000
vn -0.0000 -0.0000 1.0000
vn 0.5591 -0.6614 0.5000
vn 0.5591 -0.6614 -0.5000
vn -0.0000 -0.0000 -1.0000
vt 1.000000 0.000000
vt 0.600000 0.000000
vt 0.800000 0.000000
vt 0.400000 0.000000
vt 0.000000 0.000000
vt 0.200000 0.000000
vt 0.000000 1.000000
vt 0.333333 1.000000
vt 0.333333 0.833333
vt 0.000000 0.833333
vt 0.000000 0.166667
vt 0.333333 0.166667
vt 0.333333 0.000000
vt 0.000000 0.333333
vt 0.333333 0.333333
vt 0.000000 0.500000
vt 0.333333 0.500000
vt 0.000000 0.666667
vt 0.333333 0.666667
vt 0.666667 1.000000
vt 0.666667 0.833333
vt 0.666667 0.166667
vt 0.666667 0.000000
vt 0.666667 0.333333
vt 0.666667 0.500000
vt 0.666667 0.666667
vt 1.000000 1.000000
vt 1.000000 0.833333
vt 1.000000 0.166667
vt 1.000000 0.333333
vt 1.000000 0.500000
vt 1.000000 0.666667
s 1
g A_Skewer.001_mochi_bamboo_pick
usemtl mochi_bamboo_pick
f 6/1/1 4/2/1 5/3/1
f 6/1/1 3/4/1 4/2/1
f 1/5/1 3/4/1 6/1/1
f 1/5/1 2/6/1 3/4/1
s 2
f 9/4/2 11/3/2 10/2/2
f 9/4/2 12/1/2 11/3/2
f 8/6/2 12/1/2 9/4/2
f 8/6/2 7/5/2 12/1/2
s 3
f 13/7/3 19/8/3 24/9/8 18/10/8
f 14/11/4 20/12/4 19/13/3 13/5/3
f 15/14/5 21/15/5 20/12/4 14/11/4
f 16/16/6 22/17/6 21/15/5 15/14/5
f 17/18/7 23/19/7 22/17/6 16/16/6
f 18/10/8 24/9/8 23/19/7 17/18/7
f 19/8/3 25/20/3 30/21/8 24/9/8
f 20/12/4 26/22/4 25/23/3 19/13/3
f 21/15/5 27/24/5 26/22/4 20/12/4
f 22/17/6 28/25/6 27/24/5 21/15/5
f 23/19/7 29/26/7 28/25/6 22/17/6
f 24/9/8 30/21/8 29/26/7 23/19/7
f 25/20/3 31/27/3 36/28/8 30/21/8
f 26/22/4 32/29/4 31/1/3 25/23/3
f 27/24/5 33/30/5 32/29/4 26/22/4
f 28/25/6 34/31/6 33/30/5 27/24/5
f 29/26/7 35/32/7 34/31/6 28/25/6
f 30/21/8 36/28/8 35/32/7 29/26/7
g A_Skewer.001_A_Skewer.001
v 0.886023 0.786535 -0.012500
v 0.886023 0.786535 0.012500
v 0.900000 0.770000 0.025000
v 0.913977 0.753465 0.012500
v 0.913977 0.753465 -0.012500
v 0.900000 0.770000 -0.025000
v -0.923977 -0.743465 -0.012500
v -0.923977 -0.743465 0.012500
v -0.910000 -0.760000 0.025000
v -0.896023 -0.776535 0.012500
v -0.896023 -0.776535 -0.012500
v -0.910000 -0.760000 -0.025000
v -0.923977 -0.743465 -0.012500
v -0.923977 -0.743465 0.012500
v -0.910000 -0.760000 0.025000
v -0.896023 -0.776535 0.012500
v -0.896023 -0.776535 -0.012500
v -0.910000 -0.760000 -0.025000
v -0.297686 -0.214059 -0.012500
v -0.297686 -0.214059 0.012500
v -0.283709 -0.230593 0.025000
v -0.269732 -0.247128 0.012500
v -0.269732 -0.247128 -0.012500
v -0.283709 -0.230593 -0.025000
v 0.259732 0.257128 -0.012500
v 0.259732 0.257128 0.012500
v 0.273708 0.240593 0.025000
v 0.287685 0.224059 0.012500
v 0.287685 0.224059 -0.012500
v 0.273708 0.240593 -0.025000
v 0.886023 0.786535 -0.012500
v 0.886023 0.786535 0.012500
v 0.900000 0.770000 0.025000
v 0.913977 0.753465 0.012500
v 0.913977 0.753465 -0.012500
v 0.900000 0.770000 -0.025000
vn 0.7637 0.6456 -0.0000
vn -0.7637 -0.6456 -0.0000
vn -0.5591 0.6614 -0.5000
vn -0.5591 0.6614 0.5000
vn -0.0000 -0.0000 1.0000
vn 0.5591 -0.6614 0.5000
vn 0.5591 -0.6614 -0.5000
vn -0.0000 -0.0000 -1.0000
vt 1.000000 0.000000
vt 0.600000 0.000000
vt 0.800000 0.000000
vt 0.400000 0.000000
vt 0.000000 0.000000
vt 0.200000 0.000000
vt 0.000000 1.000000
vt 0.333333 0.833333
vt 0.000000 0.833333
vt 0.333333 0.166667
vt 0.000000 0.166667
vt 0.333333 0.333333
vt 0.000000 0.333333
vt 0.000000 0.500000
vt 0.333333 0.666667
vt 0.000000 0.666667
vt 0.333333 1.000000
vt 0.666667 0.833333
vt 0.666667 0.000000
vt 0.333333 0.000000
vt 0.666667 0.166667
vt 0.333333 0.500000
vt 0.666667 0.333333
vt 0.666667 0.666667
vt 1.000000 1.000000
vt 0.666667 1.000000
vt 1.000000 0.166667
vt 1.000000 0.500000
vt 0.666667 0.500000
vt 1.000000 0.833333
vt 1.000000 0.333333
vt 1.000000 0.666667
s 1
g A_Skewer.001_mochi_bamboo_pick
usemtl mochi_bamboo_pick
f 42/33/9 40/34/9 41/35/9
f 42/33/9 39/36/9 40/34/9
f 37/37/9 39/36/9 42/33/9
f 37/37/9 38/38/9 39/36/9
s 2
f 45/36/10 47/35/10 46/34/10
f 45/36/10 48/33/10 47/35/10
f 44/38/10 48/33/10 45/36/10
f 44/38/10 43/37/10 48/33/10
s 3
f 49/39/11 60/40/16 54/41/16
f 56/42/12 49/37/11 50/43/12
f 57/44/13 50/43/12 51/45/13
f 52/46/14 57/44/13 51/45/13
f 59/47/15 52/46/14 53/48/15
f 60/40/16 53/48/15 54/41/16
f 55/49/11 66/50/16 60/40/16
f 56/42/12 61/51/11 55/52/11
f 57/44/13 62/53/12 56/42/12
f 58/54/14 63/55/13 57/44/13
f 65/56/15 58/54/14 59/47/15
f 60/40/16 65/56/15 59/47/15
f 67/57/11 66/50/16 61/58/11
f 68/59/12 61/51/11 62/53/12
f 63/55/13 68/59/12 62/53/12
f 70/60/14 63/55/13 64/61/14
f 65/56/15 70/60/14 64/61/14
f 72/62/16 65/56/15 66/50/16
f 49/39/11 55/49/11 60/40/16
f 56/42/12 55/52/11 49/37/11
f 57/44/13 56/42/12 50/43/12
f 52/46/14 58/54/14 57/44/13
f 59/47/15 58/54/14 52/46/14
f 60/40/16 59/47/15 53/48/15
f 55/49/11 61/58/11 66/50/16
f 56/42/12 62/53/12 61/51/11
f 57/44/13 63/55/13 62/53/12
f 58/54/14 64/61/14 63/55/13
f 65/56/15 64/61/14 58/54/14
f 60/40/16 66/50/16 65/56/15
f 67/57/11 72/62/16 66/50/16
f 68/59/12 67/33/11 61/51/11
f 63/55/13 69/63/13 68/59/12
f 70/60/14 69/63/13 63/55/13
f 65/56/15 71/64/15 70/60/14
f 72/62/16 71/64/15 65/56/15
g B_RiceCake0.001_B_RiceCake0.001
v -0.430000 -0.728254 0.000000
v -0.115804 -0.568863 0.198448
v -0.550102 -0.563027 0.321479
v -0.818183 -0.572081 -0.000000
v -0.550102 -0.563027 -0.321479
v -0.115804 -0.568863 -0.198448
v -0.309898 -0.298364 0.321479
v -0.744196 -0.304201 0.198448
v -0.744196 -0.304201 -0.198448
v -0.309898 -0.298364 -0.321479
v -0.041817 -0.307421 0.000000
v -0.430000 -0.130874 0.000000
v -0.531175 -0.625467 0.270654
v -0.500600 -0.683226 0.188723
v -0.463728 -0.718561 0.090109
v -0.341704 -0.719089 0.055685
v -0.245212 -0.685414 0.116589
v -0.165261 -0.629743 0.167132
v -0.198931 -0.582234 0.257458
v -0.315771 -0.586296 0.305687
v -0.442881 -0.578300 0.326614
v -0.077189 -0.586878 -0.111389
v -0.060769 -0.594589 -0.000000
v -0.077189 -0.586878 0.111389
v -0.341704 -0.719089 -0.055685
v -0.245212 -0.685414 -0.116589
v -0.165261 -0.629743 -0.167132
v -0.757126 -0.632152 0.000000
v -0.658373 -0.686687 -0.000000
v -0.539137 -0.719407 -0.000000
v -0.640249 -0.581592 0.270655
v -0.728843 -0.591628 0.188723
v -0.790745 -0.587226 0.090109
v -0.531175 -0.625467 -0.270654
v -0.500600 -0.683226 -0.188723
v -0.463728 -0.718561 -0.090109
v -0.790745 -0.587226 -0.090109
v -0.728843 -0.591628 -0.188723
v -0.640249 -0.581592 -0.270655
v -0.442881 -0.578300 -0.326614
v -0.315771 -0.586296 -0.305687
v -0.198931 -0.582234 -0.257458
v -0.014905 -0.366831 0.055685
v -0.017314 -0.440910 0.116589
v -0.056418 -0.513276 0.167132
v -0.056418 -0.513276 -0.167132
v -0.017314 -0.440910 -0.116589
v -0.014905 -0.366831 -0.055685
v -0.362546 -0.355736 0.361255
v -0.430000 -0.429564 0.378197
v -0.497454 -0.504126 0.361255
v -0.131603 -0.510101 0.257459
v -0.174700 -0.434320 0.305689
v -0.240573 -0.358082 0.326615
v -0.803582 -0.364886 0.167132
v -0.842686 -0.440910 0.116589
v -0.845095 -0.515220 0.055685
v -0.619427 -0.506473 0.326615
v -0.685300 -0.434320 0.305689
v -0.728397 -0.361710 0.257459
v -0.728397 -0.361710 -0.257459
v -0.685300 -0.434320 -0.305689
v -0.619427 -0.506473 -0.326615
v -0.845095 -0.515220 -0.055685
v -0.842686 -0.440910 -0.116589
v -0.803582 -0.364886 -0.167132
v -0.240573 -0.358082 -0.326615
v -0.174700 -0.434320 -0.305689
v -0.131603 -0.510101 -0.257459
v -0.497454 -0.504126 -0.361255
v -0.430000 -0.429564 -0.378197
v -0.362546 -0.355736 -0.361255
v -0.069255 -0.289785 0.090109
v -0.131157 -0.280219 0.188723
v -0.219751 -0.284148 0.270655
v -0.417119 -0.280856 0.326614
v -0.544229 -0.274886 0.305687
v -0.661069 -0.284790 0.257458
v -0.782811 -0.289435 0.111389
v -0.799231 -0.283180 -0.000000
v -0.782811 -0.289435 -0.111389
v -0.661069 -0.284790 -0.257458
v -0.544229 -0.274886 -0.305687
v -0.417119 -0.280856 -0.326614
v -0.219751 -0.284148 -0.270655
v -0.131157 -0.280219 -0.188723
v -0.069255 -0.289785 -0.090109
v -0.396273 -0.140754 0.090109
v -0.359400 -0.176704 0.188723
v -0.328825 -0.235283 0.270654
v -0.102874 -0.241971 -0.000000
v -0.201627 -0.180165 -0.000000
v -0.320863 -0.141600 0.000000
v -0.518296 -0.141282 0.055685
v -0.614788 -0.178891 0.116588
v -0.694739 -0.239559 0.167132
v -0.518296 -0.141282 -0.055685
v -0.614788 -0.178891 -0.116589
v -0.694739 -0.239559 -0.167132
v -0.396273 -0.140754 -0.090109
v -0.359400 -0.176704 -0.188723
v -0.328825 -0.235283 -0.270654
v -0.272797 -0.164933 -0.099170
v -0.152835 -0.220169 -0.099170
v -0.235710 -0.217479 -0.198450
v -0.490059 -0.163323 -0.160507
v -0.452942 -0.214675 -0.259908
v -0.587204 -0.216533 -0.221913
v -0.624290 -0.165879 0.000000
v -0.721311 -0.220700 -0.061283
v -0.721311 -0.220700 0.061283
v -0.490059 -0.163323 0.160507
v -0.587204 -0.216533 0.221913
v -0.452942 -0.214675 0.259908
v -0.272797 -0.164933 0.099170
v -0.235710 -0.217479 0.198450
v -0.152835 -0.220169 0.099170
v -0.055939 -0.357437 -0.160508
v -0.078796 -0.438086 -0.221914
v -0.138687 -0.353966 -0.259910
v -0.490059 -0.348190 -0.359596
v -0.564276 -0.430968 -0.359596
v -0.624293 -0.350745 -0.321479
v -0.841023 -0.359164 -0.061283
v -0.863852 -0.441943 0.000000
v -0.841023 -0.359164 0.061283
v -0.624293 -0.350745 0.321478
v -0.564277 -0.430968 0.359596
v -0.490059 -0.348190 0.359596
v -0.138687 -0.353967 0.259910
v -0.078797 -0.438087 0.221914
v -0.055939 -0.357437 0.160509
v -0.295723 -0.430968 -0.359596
v -0.235707 -0.514078 -0.321478
v -0.369941 -0.511522 -0.359596
v -0.781203 -0.438086 -0.221914
v -0.721312 -0.517299 -0.259911
v -0.804061 -0.520769 -0.160509
v -0.781203 -0.438086 0.221914
v -0.804061 -0.520769 0.160509
v -0.721312 -0.517299 0.259911
v -0.295723 -0.430968 0.359596
v -0.369941 -0.511522 0.359596
v -0.235707 -0.514078 0.321478
v 0.003852 -0.441943 0.000000
v -0.018977 -0.522495 0.061283
v -0.018977 -0.522495 -0.061283
v -0.272796 -0.646398 -0.221913
v -0.369942 -0.696388 -0.160508
v -0.407058 -0.644540 -0.259909
v -0.624291 -0.647344 -0.198449
v -0.587203 -0.697998 -0.099170
v -0.707165 -0.650033 -0.099170
v -0.707165 -0.650033 0.099170
v -0.587203 -0.697998 0.099171
v -0.624291 -0.647344 0.198450
v -0.138689 -0.650564 -0.061283
v -0.138688 -0.650564 0.061283
v -0.235709 -0.698944 0.000000
v -0.407057 -0.644540 0.259908
v -0.369941 -0.696388 0.160508
v -0.272795 -0.646398 0.221913
vn 0.0289 -0.9926 0.1176
vn 0.5950 -0.6929 0.4073
vn -0.0806 -0.9938 0.0767
vn -0.0806 -0.9938 -0.0767
vn 0.0289 -0.9926 -0.1176
vn 0.7271 -0.5330 0.4328
vn -0.1108 -0.4863 0.8667
vn -0.8231 -0.5452 0.1590
vn -0.3463 -0.4968 -0.7958
vn 0.5501 -0.5135 -0.6586
vn 0.6945 -0.4082 0.5925
vn -0.2457 -0.3820 0.8909
vn -0.9039 -0.4278 -0.0000
vn -0.2457 -0.3820 -0.8909
vn 0.6945 -0.4082 -0.5925
vn 0.2919 0.6517 0.7001
vn -0.5304 0.6622 0.5293
vn -0.6287 0.6712 -0.3927
vn 0.1415 0.6465 -0.7497
vn 0.7283 0.6794 -0.0888
vn 0.0976 0.9926 -0.0723
vn 0.3069 0.9488 -0.0745
vn 0.5288 0.8449 -0.0807
vn 0.1802 0.9734 -0.1417
vn 0.1643 0.9449 -0.2831
vn 0.4130 0.8968 -0.1586
vn 0.3978 0.8640 -0.3087
vn 0.2640 0.8898 -0.3723
vn 0.2338 0.8301 -0.5062
vn 0.6420 0.7501 -0.1585
vn 0.6259 0.7093 -0.3241
vn 0.4993 0.7707 -0.3959
vn 0.4692 0.6981 -0.5409
vn 0.3267 0.7293 -0.6012
vn 0.2919 0.6517 -0.7001
vn -0.0391 0.9916 -0.1233
vn 0.0243 0.9421 -0.3344
vn 0.0889 0.8256 -0.5572
vn -0.0670 0.9726 -0.2226
vn -0.2075 0.9445 -0.2545
vn -0.0088 0.8871 -0.4616
vn -0.1527 0.8536 -0.4980
vn -0.2459 0.8906 -0.3827
vn -0.3814 0.8343 -0.3981
vn 0.0609 0.7247 -0.6863
vn -0.0872 0.6834 -0.7248
vn -0.1872 0.7584 -0.6243
vn -0.3256 0.6893 -0.6472
vn -0.4260 0.7354 -0.5270
vn -0.5304 0.6622 -0.5293
vn -0.1171 0.9931 -0.0000
vn -0.2881 0.9488 -0.1294
vn -0.4693 0.8415 -0.2677
vn -0.2260 0.9741 -0.0000
vn -0.2881 0.9488 0.1294
vn -0.4217 0.8967 -0.1345
vn -0.4919 0.8706 -0.0000
vn -0.4217 0.8967 0.1345
vn -0.4693 0.8415 0.2677
vn -0.6023 0.7460 -0.2841
vn -0.6845 0.7153 -0.1411
vn -0.6256 0.7802 -0.0000
vn -0.6845 0.7153 0.1411
vn -0.6023 0.7460 0.2841
vn -0.6287 0.6712 0.3927
vn -0.0391 0.9916 0.1233
vn -0.2075 0.9445 0.2545
vn -0.3814 0.8343 0.3981
vn -0.0670 0.9726 0.2226
vn 0.0243 0.9421 0.3344
vn -0.2459 0.8906 0.3827
vn -0.1527 0.8536 0.4980
vn -0.0088 0.8871 0.4616
vn 0.0889 0.8256 0.5572
vn -0.4260 0.7354 0.5270
vn -0.3256 0.6893 0.6472
vn -0.1872 0.7584 0.6243
vn -0.0872 0.6834 0.7248
vn 0.0609 0.7247 0.6863
vn 0.1415 0.6465 0.7497
vn 0.0976 0.9926 0.0723
vn 0.1643 0.9449 0.2831
vn 0.2338 0.8301 0.5062
vn 0.1802 0.9734 0.1417
vn 0.3069 0.9488 0.0745
vn 0.2640 0.8898 0.3723
vn 0.3978 0.8640 0.3087
vn 0.4130 0.8968 0.1586
vn 0.5288 0.8449 0.0807
vn 0.3267 0.7293 0.6012
vn 0.4692 0.6981 0.5409
vn 0.4993 0.7707 0.3959
vn 0.6259 0.7093 0.3241
vn 0.6420 0.7501 0.1585
vn 0.7283 0.6794 0.0888
vn 0.8384 0.5231 -0.1529
vn 0.9100 0.2452 -0.3343
vn 0.8569 -0.1116 -0.5032
vn 0.8385 0.4634 -0.2867
vn 0.7251 0.5599 -0.4009
vn 0.8573 0.1353 -0.4968
vn 0.7475 0.2551 -0.6133
vn 0.6877 0.4666 -0.5562
vn 0.5548 0.5478 -0.6262
vn 0.7429 -0.2355 -0.6266
vn 0.6517 -0.1073 -0.7509
vn 0.6552 0.1303 -0.7442
vn 0.5265 0.2303 -0.8184
vn 0.4794 0.4398 -0.7594
vn 0.3668 0.4936 -0.7886
vn 0.1211 0.4881 -0.8643
vn 0.0005 0.2232 -0.9748
vn -0.1355 -0.1014 -0.9856
vn 0.0136 0.4280 -0.9037
vn -0.1130 0.5331 -0.8385
vn -0.1374 0.1232 -0.9828
vn -0.2693 0.2415 -0.9323
vn -0.2524 0.4452 -0.8591
vn -0.3601 0.5386 -0.7617
vn -0.2627 -0.2186 -0.9398
vn -0.4023 -0.1035 -0.9096
vn -0.4066 0.1258 -0.9049
vn -0.5272 0.2303 -0.8179
vn -0.5035 0.4407 -0.7432
vn -0.5752 0.5035 -0.6447
vn -0.7476 0.5154 -0.4190
vn -0.9097 0.2452 -0.3350
vn -0.9773 -0.1146 -0.1784
vn -0.8277 0.4626 -0.3178
vn -0.8096 0.5672 -0.1512
vn -0.9746 0.1387 -0.1757
vn -0.9640 0.2659 -0.0000
vn -0.8762 0.4819 -0.0000
vn -0.8096 0.5672 0.1512
vn -0.9688 -0.2480 -0.0000
vn -0.9773 -0.1146 0.1784
vn -0.9746 0.1387 0.1757
vn -0.9097 0.2452 0.3350
vn -0.8277 0.4626 0.3178
vn -0.7476 0.5154 0.4190
vn -0.5752 0.5035 0.6447
vn -0.5272 0.2303 0.8179
vn -0.4023 -0.1035 0.9096
vn -0.5035 0.4407 0.7432
vn -0.3601 0.5386 0.7617
vn -0.4066 0.1258 0.9049
vn -0.2693 0.2415 0.9323
vn -0.2524 0.4452 0.8591
vn -0.1130 0.5331 0.8385
vn -0.2627 -0.2186 0.9398
vn -0.1355 -0.1014 0.9856
vn -0.1374 0.1232 0.9828
vn 0.0005 0.2232 0.9748
vn 0.0136 0.4280 0.9037
vn 0.1211 0.4881 0.8643
vn 0.3668 0.4936 0.7886
vn 0.5265 0.2303 0.8184
vn 0.6517 -0.1073 0.7509
vn 0.4794 0.4398 0.7594
vn 0.5548 0.5478 0.6262
vn 0.6552 0.1303 0.7442
vn 0.7475 0.2551 0.6133
vn 0.6877 0.4666 0.5562
vn 0.7251 0.5599 0.4009
vn 0.7429 -0.2355 0.6266
vn 0.8569 -0.1116 0.5032
vn 0.8573 0.1353 0.4968
vn 0.9100 0.2452 0.3343
vn 0.8385 0.4634 0.2867
vn 0.8384 0.5231 0.1529
vn 0.2597 0.3779 -0.8887
vn 0.4071 0.1026 -0.9076
vn 0.5160 -0.2314 -0.8247
vn 0.2704 0.2195 -0.9374
vn 0.1376 0.1005 -0.9854
vn 0.4007 -0.1268 -0.9074
vn 0.2609 -0.2404 -0.9350
vn 0.1349 -0.1243 -0.9830
vn -0.0002 -0.2214 -0.9752
vn 0.4806 -0.4486 -0.7536
vn 0.3367 -0.5417 -0.7702
vn 0.2360 -0.4500 -0.8613
vn 0.1051 -0.5303 -0.8412
vn -0.0133 -0.4311 -0.9022
vn -0.1108 -0.4863 -0.8667
vn -0.7119 0.3981 -0.5786
vn -0.6565 0.1064 -0.7468
vn -0.5156 -0.2314 -0.8250
vn -0.7516 0.2323 -0.6174
vn -0.8596 0.1105 -0.4988
vn -0.6492 -0.1315 -0.7491
vn -0.7379 -0.2589 -0.6233
vn -0.8539 -0.1369 -0.5021
vn -0.9059 -0.2504 -0.3414
vn -0.4563 -0.4468 -0.7695
vn -0.5280 -0.5589 -0.6394
vn -0.6661 -0.4796 -0.5712
vn -0.7016 -0.5797 -0.4145
vn -0.8250 -0.4805 -0.2975
vn -0.8231 -0.5452 -0.1590
vn -0.7119 0.3981 0.5786
vn -0.8596 0.1105 0.4988
vn -0.9059 -0.2504 0.3414
vn -0.7516 0.2323 0.6174
vn -0.6565 0.1064 0.7468
vn -0.8539 -0.1369 0.5021
vn -0.7379 -0.2589 0.6233
vn -0.6492 -0.1315 0.7491
vn -0.5156 -0.2314 0.8250
vn -0.8250 -0.4805 0.2975
vn -0.7016 -0.5797 0.4145
vn -0.6661 -0.4796 0.5712
vn -0.5280 -0.5589 0.6394
vn -0.4563 -0.4468 0.7695
vn -0.3463 -0.4968 0.7958
vn 0.2597 0.3779 0.8887
vn 0.1376 0.1005 0.9854
vn -0.0002 -0.2214 0.9752
vn 0.2704 0.2195 0.9374
vn 0.4071 0.1026 0.9076
vn 0.1349 -0.1243 0.9830
vn 0.2609 -0.2404 0.9350
vn 0.4007 -0.1268 0.9074
vn 0.5160 -0.2314 0.8247
vn -0.0133 -0.4311 0.9022
vn 0.1051 -0.5303 0.8412
vn 0.2360 -0.4500 0.8613
vn 0.3367 -0.5417 0.7702
vn 0.4806 -0.4486 0.7536
vn 0.5501 -0.5135 0.6586
vn 0.9109 0.4126 -0.0000
vn 0.9778 0.1133 0.1765
vn 0.9057 -0.2504 0.3422
vn 0.9702 0.2423 -0.0000
vn 0.9778 0.1133 -0.1765
vn 0.9739 -0.1406 0.1781
vn 0.9621 -0.2727 -0.0000
vn 0.9739 -0.1406 -0.1781
vn 0.9057 -0.2504 -0.3422
vn 0.8135 -0.4791 0.3295
vn 0.7904 -0.5920 0.1575
vn 0.8651 -0.5015 -0.0000
vn 0.7904 -0.5920 -0.1575
vn 0.8135 -0.4791 -0.3295
vn 0.7271 -0.5330 -0.4328
vn 0.4940 -0.6800 -0.5418
vn 0.3373 -0.8506 -0.4034
vn 0.1727 -0.9520 -0.2527
vn 0.3899 -0.7471 -0.5383
vn 0.2935 -0.6991 -0.6521
vn 0.2156 -0.8959 -0.3883
vn 0.1285 -0.8588 -0.4959
vn 0.1678 -0.7582 -0.6300
vn 0.0758 -0.6869 -0.7228
vn 0.0597 -0.9722 -0.2266
vn -0.0240 -0.9439 -0.3293
vn 0.0115 -0.8848 -0.4658
vn -0.0793 -0.8284 -0.5544
vn -0.0513 -0.7223 -0.6897
vn -0.1284 -0.6492 -0.7497
vn -0.2638 -0.6558 -0.7074
vn -0.2017 -0.8344 -0.5129
vn -0.1367 -0.9477 -0.2885
vn -0.2968 -0.7378 -0.6063
vn -0.4312 -0.7125 -0.5535
vn -0.2315 -0.8988 -0.3721
vn -0.3520 -0.8804 -0.3177
vn -0.4591 -0.7909 -0.4047
vn -0.5887 -0.7349 -0.3368
vn -0.1529 -0.9787 -0.1372
vn -0.2638 -0.9613 -0.0797
vn -0.3666 -0.9168 -0.1585
vn -0.4817 -0.8722 -0.0854
vn -0.6039 -0.7801 -0.1636
vn -0.6983 -0.7097 -0.0933
vn -0.6983 -0.7097 0.0933
vn -0.4817 -0.8722 0.0854
vn -0.2638 -0.9613 0.0797
vn -0.6039 -0.7801 0.1636
vn -0.5887 -0.7349 0.3368
vn -0.3666 -0.9168 0.1585
vn -0.3520 -0.8804 0.3177
vn -0.4591 -0.7909 0.4047
vn -0.4312 -0.7125 0.5535
vn -0.1529 -0.9787 0.1372
vn -0.1367 -0.9477 0.2885
vn -0.2315 -0.8988 0.3721
vn -0.2017 -0.8344 0.5129
vn -0.2968 -0.7378 0.6063
vn -0.2638 -0.6558 0.7074
vn 0.5950 -0.6929 -0.4073
vn 0.6510 -0.7446 -0.1475
vn 0.6510 -0.7446 0.1475
vn 0.5620 -0.7734 -0.2932
vn 0.4254 -0.8618 -0.2763
vn 0.5834 -0.8122 -0.0000
vn 0.4462 -0.8949 -0.0000
vn 0.3715 -0.9183 -0.1368
vn 0.2515 -0.9589 -0.1318
vn 0.5620 -0.7734 0.2932
vn 0.4254 -0.8618 0.2763
vn 0.3715 -0.9183 0.1368
vn 0.2515 -0.9589 0.1318
vn 0.1867 -0.9824 -0.0000
vn 0.1032 -0.9947 -0.0000
vn -0.1284 -0.6492 0.7497
vn -0.0793 -0.8284 0.5544
vn -0.0240 -0.9439 0.3293
vn -0.0513 -0.7223 0.6897
vn 0.0758 -0.6869 0.7228
vn 0.0115 -0.8848 0.4658
vn 0.1285 -0.8588 0.4959
vn 0.1678 -0.7582 0.6300
vn 0.2935 -0.6991 0.6521
vn 0.0597 -0.9722 0.2266
vn 0.1727 -0.9520 0.2527
vn 0.2156 -0.8959 0.3883
vn 0.3373 -0.8506 0.4034
vn 0.3899 -0.7471 0.5383
vn 0.4940 -0.6800 0.5418
vt 0.276389 1.000000
vt 1.000000 0.381971
vt 0.000000 0.000000
vt 0.000000 1.000000
vt 0.359537 0.000000
vt 1.000000 0.738082
vt 1.000000 1.000000
vt 0.000000 0.690991
vt 1.000000 0.000000
vt 1.000000 0.690991
vt 0.276389 0.000000
vt 1.000000 0.618029
vt 0.219316 0.000000
vt 1.000000 0.359532
vt 0.000000 0.219319
vt 0.491078 1.000000
vt 1.000000 0.219324
vt 0.381971 1.000000
vt 0.219319 1.000000
vt 1.000000 0.231062
vt 0.219320 1.000000
vt 1.000000 0.809832
vt 0.000000 0.653066
vt 0.999995 0.000000
vt 0.568460 0.000000
vt 0.000000 0.999997
vt 0.500000 0.000000
vt 0.000000 0.346934
vt 0.999995 1.000000
vt 0.173468 0.000000
vt 1.000000 0.261921
vt 0.000000 0.653059
vt 0.261923 0.000000
vt 0.000000 0.261918
vt 0.640463 1.000000
vt 0.000000 0.261922
vt 0.823438 1.000000
vt 1.000000 0.261927
vt 1.000000 0.309009
vt 1.000000 0.402987
vt 1.000000 0.493886
vt 0.000000 0.610641
vt 0.908659 0.000000
vt 1.000000 0.091943
vt 0.298560 1.000000
vt 0.000000 0.593102
vt 0.999996 0.000000
vt 0.000004 1.000000
vt 1.000000 0.309012
vt 0.700061 0.000000
vt 0.000000 0.902106
vt 1.000000 0.118821
vt 0.247112 1.000000
vt 0.000000 0.701347
vt 0.908657 0.000000
vt 1.000000 0.105903
vt 0.091945 1.000000
vt 0.000000 0.792531
vt 0.902112 1.000000
vt 0.152553 1.000000
vt 0.000000 0.118814
vt 0.853624 1.000000
vt 0.000000 0.701358
vt 0.000000 0.618029
vt 0.723611 0.000000
vt 0.000000 0.714042
vt 0.717784 0.000000
vt 0.000000 0.868964
vt 0.753630 0.000000
vt 1.000000 0.328536
vt 0.231434 1.000000
vt 0.000000 0.581176
vt 0.773675 0.000000
vt 1.000000 0.284084
vt 0.284074 1.000000
vt 0.000000 0.618031
vt 0.723612 0.000000
vt 1.000000 0.417223
vt 0.221224 1.000000
vt 0.480132 0.000000
vt 0.000000 0.743609
vt 1.000000 0.701356
vt 0.288605 0.000000
vt 0.000000 0.105895
vt 0.718200 1.000000
vt 0.320163 0.000000
vt 0.000000 0.999999
vt 1.000000 0.105896
vt 0.632311 1.000000
vt 1.000000 0.606734
vt 0.313251 1.000000
vt 0.261923 1.000000
vt 0.000000 0.346941
vt 0.500000 1.000000
vt 1.000000 0.089691
vt 0.477710 1.000000
vt 1.000000 0.249578
vt 0.522663 1.000000
vt 0.000000 0.089691
vt 0.522290 1.000000
vt 0.525732 0.000000
vt 0.000000 0.910844
vt 1.000000 0.910844
vt 0.474268 0.000000
vt 0.000000 0.249578
vt 0.477337 1.000000
vt 1.000000 0.701360
vt 0.473541 0.000000
vt 0.000000 0.105893
vt 0.550258 1.000000
vt 1.000000 0.105893
vt 0.449742 1.000000
vt 0.526459 0.000000
vt 0.000000 0.701360
vt 1.000000 0.261918
vt 0.359537 1.000000
vt 0.000000 0.381971
vt 0.723611 1.000000
vt 0.000000 0.418824
vt 0.773675 1.000000
vt 0.519868 0.000000
vt 1.000000 0.743609
vt 0.231433 0.000000
vt 1.000000 0.671464
vt 0.000000 0.285958
vt 0.717784 1.000000
vt 0.221224 0.000000
vt 1.000000 0.582777
vt 0.000000 0.381969
vt 0.723612 1.000000
vt 0.284074 0.000000
vt 1.000000 0.715916
vt 0.000000 0.131036
vt 0.753630 1.000000
vt 0.313251 0.000000
vt 1.000000 0.393266
vt 0.000000 0.309009
vt 0.298560 0.000000
vt 1.000000 0.908057
vt 0.247112 0.000000
vt 1.000000 0.881179
vt 0.091341 0.000000
vt 1.000000 0.610641
vt 0.000000 0.402987
vt 0.000000 0.097894
vt 0.700060 1.000000
vt 0.000000 0.309012
vt 0.999996 1.000000
vt 0.000004 0.000000
vt 1.000000 0.593102
vt 0.000000 0.493886
vt 0.000000 0.701358
vt 0.853624 1.000000
vt 0.152553 0.000000
vt 0.000000 0.881186
vt 0.097888 1.000000
vt 1.000000 0.792531
vt 0.000000 0.105903
vt 0.908056 1.000000
vt 0.091343 0.000000
vt 1.000000 0.701347
vt 0.000000 0.261927
vt 0.618029 0.000000
vt 0.000000 0.780676
vt 0.000000 0.581174
vt 0.000000 0.480128
vt 1.000000 1.000000
vt 1.000000 0.100525
vt 0.328534 1.000000
vt 0.714046 0.000000
vt 0.000000 0.906002
vt 0.000000 0.000000
vt 1.000000 0.417224
vt 0.000000 0.618031
vt 0.999996 0.000000
vt 0.000005 1.000000
vt 1.000000 0.284079
vt 0.000000 0.914949
vt 0.906013 0.000000
vt 0.000004 0.000000
vt 1.000000 0.606740
vt 0.000000 0.424586
vt 0.000000 0.000000
vt 1.000000 0.453849
vt 0.000000 0.646380
vt 0.908663 0.000000
vt 0.100519 1.000000
vt 1.000000 0.204267
vt 0.000000 0.768938
vt 0.780681 0.000000
vt 0.508922 0.000000
vt 1.000000 0.780681
vt 0.471002 0.000000
vt 1.000000 0.908662
vt 0.000000 0.497713
vt 0.999998 0.000000
vt 0.000000 0.100520
vt 0.572018 1.000000
vt 0.426211 0.000000
vt 1.000000 0.906009
vt 0.000002 1.000000
vt 1.000000 0.552779
vt 0.000000 0.447221
vt 0.999999 1.000000
vt 0.000000 0.000001
vt 0.596558 1.000000
vt 0.314882 0.000000
vt 0.000000 0.906008
vt 0.000002 1.000000
vt 1.000000 0.452258
vt 0.000000 0.544461
vt 0.999998 1.000000
vt 0.000002 0.000000
vt 1.000000 0.504254
vt 0.000000 0.414152
vt 0.908663 0.000000
vt 0.100519 1.000000
vt 1.000000 0.646893
vt 0.000000 0.190167
vt 0.780680 0.000000
vt 0.000000 0.640468
vt 0.780684 1.000000
vt 0.000000 0.522664
vt 0.908663 1.000000
vt 0.000000 0.477710
vt 0.999998 1.000000
vt 0.000000 0.100518
vt 0.473538 1.000000
vt 0.550260 0.000000
vt 1.000000 0.906011
vt 0.000002 0.000000
vt 1.000000 0.525732
vt 0.499999 0.000000
vt 1.000000 0.999997
vt 0.000000 0.000003
vt 0.500000 1.000000
vt 0.449739 0.000000
vt 0.000000 0.906010
vt 0.499999 1.000000
vt 0.000000 0.522291
vt 0.999997 0.000000
vt 0.000002 1.000000
vt 1.000000 0.474268
vt 0.000000 0.477336
vt 0.908661 0.000000
vt 1.000000 0.100521
vt 0.526462 1.000000
vt 0.000000 0.359532
vt 0.780684 0.000000
vt 0.000000 0.190168
vt 0.000000 0.414153
vt 0.908664 0.000000
vt 0.000000 0.544462
vt 0.999997 1.000000
vt 0.100518 1.000000
vt 1.000000 0.646894
vt 0.314879 0.000000
vt 0.000000 0.906008
vt 0.000003 0.000000
vt 1.000000 0.504253
vt 0.000000 0.447221
vt 1.000000 1.000000
vt 0.000000 0.000000
vt 0.596560 1.000000
vt 0.426209 0.000000
vt 1.000000 0.906009
vt 0.000002 1.000000
vt 1.000000 0.452256
vt 0.000000 0.497714
vt 0.999997 0.000000
vt 0.000003 1.000000
vt 1.000000 0.552778
vt 0.471004 0.000000
vt 1.000000 0.908663
vt 0.000000 0.100518
vt 0.572019 1.000000
vt 0.000000 0.646380
vt 0.908667 0.000000
vt 0.000000 0.575416
vt 0.999992 1.000000
vt 0.100514 1.000000
vt 1.000000 0.204267
vt 0.000000 0.914949
vt 0.906014 0.000000
vt 0.000007 0.000000
vt 1.000000 0.546151
vt 0.000000 0.381969
vt 0.999994 1.000000
vt 0.000007 0.000000
vt 1.000000 0.715925
vt 0.285949 0.000000
vt 1.000000 0.906002
vt 0.000004 1.000000
vt 1.000000 0.393256
vt 0.000000 0.519874
vt 0.999992 0.000000
vt 0.000007 1.000000
vt 1.000000 0.582773
vt 0.000000 0.418828
vt 0.908663 1.000000
vt 0.000000 0.100518
vt 0.671468 1.000000
vt 0.381971 0.000000
vt 1.000000 0.780676
vt 1.000000 0.000003
vt 0.431540 1.000000
vt 0.000000 0.000000
vt 1.000000 0.455538
vt 0.091339 1.000000
vt 1.000000 0.585848
vt 0.000000 0.547744
vt 0.000000 0.000000
vt 1.000000 0.502286
vt 0.000000 0.495746
vt 0.000001 0.000000
vt 1.000000 0.552780
vt 0.000000 0.447221
vt 0.000000 0.091339
vt 0.528997 1.000000
vt 0.000000 0.353106
vt 0.899479 0.000000
vt 1.000000 0.093992
vt 0.685120 1.000000
vt 1.000000 0.999999
vt 0.403440 0.000000
vt 0.000000 0.093991
vt 0.573790 1.000000
vt 1.000000 0.899479
vt 0.427981 0.000000
vt 0.000005 1.000000
vt 1.000000 0.346934
vt 0.000000 0.000000
vt 1.000000 0.424583
vt 0.091337 1.000000
vt 1.000000 0.353616
vt 0.000000 0.606745
vt 0.000000 0.000000
vt 1.000000 0.480126
vt 0.000000 0.453853
vt 0.000003 0.000000
vt 1.000000 0.618029
vt 0.000000 0.417229
vt 0.091343 0.000000
vt 1.000000 0.581170
vt 0.000000 0.795732
vt 0.899481 0.000000
vt 0.093987 1.000000
vt 1.000000 0.085058
vt 0.999996 1.000000
vt 0.000000 0.284072
vt 0.000000 0.093998
vt 0.714054 1.000000
vt 1.000000 0.899475
vt 0.328532 0.000000
vt 0.000000 0.219324
vt 0.618029 1.000000
vt 0.000005 0.000000
vt 1.000000 0.653066
vt 1.000000 0.519874
vt 0.091343 1.000000
vt 1.000000 0.418830
vt 0.999996 1.000000
vt 0.000000 0.393255
vt 0.000000 0.000000
vt 1.000000 0.575417
vt 0.000000 0.582771
vt 0.000003 1.000000
vt 1.000000 0.381971
vt 0.000000 0.546147
vt 0.091337 1.000000
vt 1.000000 0.353616
vt 0.671469 0.000000
vt 0.000000 0.899475
vt 1.000000 0.093998
vt 0.285946 1.000000
vt 0.000000 0.715929
vt 0.999996 0.000000
vt 1.000000 0.085058
vt 0.000000 0.795732
vt 0.000000 1.000000
vt 0.000000 0.091339
vt 0.000000 1.000000
vt 1.000000 0.000000
vt 0.000000 0.447221
vt 1.000000 0.552780
vt 0.000000 0.495746
vt 0.091339 1.000000
vt 1.000000 0.585847
vt 0.427981 0.000000
vt 0.573790 1.000000
vt 0.403440 0.000000
vt 0.685121 1.000000
vt 0.899479 0.000000
vt 0.000000 0.353106
vt 0.219320 1.000000
vt 1.000000 0.809833
vt 0.000000 1.000000
vt 1.000000 0.522290
vt 0.091337 0.000000
vt 1.000000 0.477336
vt 0.000000 1.000000
vt 1.000000 0.477710
vt 0.000000 0.474269
vt 0.500000 1.000000
vt 0.000000 0.525731
vt 0.091337 1.000000
vt 1.000000 0.522664
vt 0.526462 0.000000
vt 1.000000 0.899482
vt 0.000000 0.093989
vt 0.449740 1.000000
vt 0.500000 0.000000
vt 1.000000 0.093989
vt 0.550260 1.000000
vt 0.000000 0.899482
vt 0.473538 0.000000
vt 0.219316 1.000000
vt 1.000000 0.640468
vt 0.738077 1.000000
vt 1.000000 0.346941
vt 0.000000 0.256391
vt 0.480131 1.000000
vt 0.226326 0.000000
vt 1.000000 0.581172
vt 0.000000 0.606737
vt 0.686749 1.000000
vt 0.367688 0.000000
vt 0.000000 0.894103
vt 0.000000 0.417229
vt 0.778776 1.000000
vt 0.276387 0.000000
vt 1.000000 0.618028
vt 0.000000 0.000003
vt 0.679838 1.000000
vt 0.281799 0.000000
vt 1.000000 0.894104
vt 0.000000 0.328533
vt 0.768565 1.000000
vt 0.282216 0.000000
vt 1.000000 0.714049
vt 0.000000 0.284077
vt 0.715925 1.000000
vt 0.246370 0.000000
vt 1.000000 0.868970
vt 0.000000 0.298640
vt 0.711396 1.000000
vt 0.176562 0.000000
vt 1.000000 0.738078
vt 0.000000 0.738079
vt 0.826532 1.000000
vt 0.000000 0.118817
vt 0.752889 1.000000
vt 0.000000 0.091941
vt 0.701441 1.000000
vt 1.000000 0.298642
vt 0.146370 0.000000
vt 1.000000 0.118809
vt 0.847452 1.000000
vt 1.000000 0.902110
vt 0.299940 0.000000
vt 0.000001 0.000000
vt 1.000000 0.690986
vt 0.000000 0.207465
vt 0.902116 0.000000
vt 0.091940 0.000000
vt 1.000000 0.894097
vt 0.908660 1.000000
vt 0.000000 0.389361
vt 1.000000 0.597010
vt 0.999999 1.000000
vt 0.000000 0.406902
vt 1.000000 0.506109
vt 0.000000 0.298651
vt 0.908662 1.000000
vt 1.000000 0.738073
vt 0.000000 0.738073
vt 0.000000 0.506109
vt 0.000000 0.597009
vt 1.000000 0.298650
vt 0.091341 1.000000
vt 0.908057 0.000000
vt 0.000000 0.894097
vt 1.000000 0.406901
vt 0.000002 0.000000
vt 0.999997 1.000000
vt 0.000000 0.690987
vt 1.000000 0.207466
vt 0.097890 0.000000
vt 1.000000 0.881184
vt 0.847452 0.000000
vt 1.000000 0.389361
vt 0.091346 1.000000
vt 0.701441 0.000000
vt 0.000000 0.908052
vt 0.299939 1.000000
vt 1.000000 0.097896
vt 0.752889 0.000000
vt 0.000000 0.881176
vt 0.146370 0.000000
vt 1.000000 0.298638
vt 0.000000 0.738082
vt 0.640463 0.000000
vt 0.000000 0.894107
vt 0.550258 0.000000
vt 0.449739 0.000000
vt 1.000000 0.894106
vt 0.473542 1.000000
vt 1.000000 0.298639
vt 0.522663 0.000000
vt 1.000000 0.750421
vt 0.500001 1.000000
vt 0.000000 0.000003
vt 0.499999 0.000000
vt 1.000000 0.999998
vt 0.525732 1.000000
vt 0.000000 0.089160
vt 0.477711 0.000000
vt 1.000000 0.910305
vt 0.526460 1.000000
vt 0.000000 0.298637
vt 0.000000 0.750419
vt 0.477338 0.000000
vt 0.474267 1.000000
vt 1.000000 0.089160
vt 0.000000 0.910305
vt 0.522291 0.000000
vt 0.499997 1.000000
vt 0.246369 1.000000
vt 1.000000 0.131034
vt 0.282214 1.000000
vt 1.000000 0.285953
vt 0.000000 0.298643
vt 0.711393 1.000000
vt 0.281803 0.000000
vt 1.000000 0.894105
vt 0.000000 0.715920
vt 0.715925 0.000000
vt 0.276389 1.000000
vt 1.000000 0.381969
vt 1.000000 0.000004
vt 0.679833 1.000000
vt 0.367694 0.000000
vt 0.000000 0.894103
vt 0.000000 0.671466
vt 0.768572 0.000000
vt 0.226321 1.000000
vt 1.000000 0.418826
vt 0.000000 0.582774
vt 0.778780 0.000000
vt 1.000000 0.256387
vt 0.519869 1.000000
vt 0.000000 0.393263
vt 0.686747 0.000000
vt 1.000000 0.653059
vt 0.738077 0.000000
s 0
g B_RiceCake0.001_mochi_flavor0
usemtl mochi_flavor0
f 73/65/17 88/66/17 87/67/17
f 74/68/18 90/69/18 96/70/18
f 73/71/19 87/72/19 102/73/19
f 73/68/20 102/67/20 108/74/20
f 73/75/21 108/68/21 97/76/21
f 74/77/22 96/68/22 117/78/22
f 75/79/23 93/73/23 123/80/23
f 76/81/24 105/67/24 129/82/24
f 77/83/25 111/67/25 135/84/25
f 78/85/26 114/67/26 141/86/26
f 74/87/27 117/71/27 124/88/27
f 75/89/28 123/71/28 130/90/28
f 76/91/29 129/68/29 136/71/29
f 77/89/30 135/90/30 142/71/30
f 78/92/31 141/93/31 118/73/31
f 79/94/32 147/95/32 162/68/32
f 80/96/33 150/97/33 168/71/33
f 81/73/34 153/98/34 171/99/34
f 82/73/35 156/100/35 174/101/35
f 83/67/36 159/102/36 163/68/36
f 165/68/37 172/103/37 84/67/37
f 164/68/38 175/104/38 165/67/38
f 163/68/39 176/105/39 164/67/39
f 165/106/40 175/71/40 172/107/40
f 175/108/41 173/109/41 172/67/41
f 164/110/42 176/71/42 175/111/42
f 176/112/43 177/113/43 175/67/43
f 175/114/44 177/71/44 173/115/44
f 177/116/45 174/117/45 173/67/45
f 163/118/46 159/119/46 176/71/46
f 159/67/47 158/120/47 176/121/47
f 176/122/48 158/123/48 177/73/48
f 158/73/49 157/124/49 177/125/49
f 177/126/50 157/73/50 174/127/50
f 157/95/51 82/94/51 174/68/51
f 172/71/52 169/128/52 84/129/52
f 173/71/53 178/130/53 172/131/53
f 174/71/54 179/132/54 173/133/54
f 172/134/55 178/135/55 169/67/55
f 178/71/56 170/136/56 169/137/56
f 173/138/57 179/139/57 178/67/57
f 179/71/58 180/140/58 178/141/58
f 178/142/59 180/143/59 170/67/59
f 180/71/60 171/144/60 170/145/60
f 174/146/61 156/147/61 179/68/61
f 156/73/62 155/148/62 179/149/62
f 179/71/63 155/150/63 180/151/63
f 155/152/64 154/67/64 180/153/64
f 180/154/65 154/155/65 171/67/65
f 154/156/66 81/157/66 171/73/66
f 169/73/67 166/67/67 84/158/67
f 170/159/68 181/67/68 169/160/68
f 171/161/69 182/67/69 170/162/69
f 169/71/70 181/91/70 166/68/70
f 181/73/71 167/163/71 166/164/71
f 170/71/72 182/165/72 181/166/72
f 182/73/73 183/67/73 181/158/73
f 181/167/74 183/168/74 167/68/74
f 183/73/75 168/169/75 167/170/75
f 171/171/76 153/172/76 182/68/76
f 153/73/77 152/173/77 182/174/77
f 182/71/78 152/91/78 183/68/78
f 152/175/79 151/67/79 183/176/79
f 183/71/80 151/177/80 168/178/80
f 151/179/81 80/67/81 168/180/81
f 166/181/82 160/73/82 84/182/82
f 167/183/83 184/73/83 166/184/83
f 168/185/84 185/68/84 167/186/84
f 166/68/85 184/187/85 160/188/85
f 184/189/86 161/73/86 160/190/86
f 167/68/87 185/191/87 184/192/87
f 185/193/88 186/73/88 184/194/88
f 184/68/89 186/195/89 161/196/89
f 186/197/90 162/73/90 161/198/90
f 168/68/91 150/199/91 185/200/91
f 150/67/92 149/152/92 185/153/92
f 185/151/93 149/150/93 186/71/93
f 149/148/94 148/73/94 186/149/94
f 186/68/95 148/147/95 162/146/95
f 148/100/96 79/73/96 162/101/96
f 160/201/97 165/71/97 84/73/97
f 161/202/98 187/203/98 160/68/98
f 162/204/99 188/205/99 161/68/99
f 160/206/100 187/68/100 165/207/100
f 187/208/101 164/71/101 165/73/101
f 161/209/102 188/73/102 187/210/102
f 188/211/103 189/212/103 187/73/103
f 187/213/104 189/68/104 164/214/104
f 189/215/105 163/71/105 164/73/105
f 162/216/106 147/73/106 188/217/106
f 147/218/107 146/71/107 188/219/107
f 188/67/108 146/220/108 189/221/108
f 146/222/109 145/73/109 189/223/109
f 189/68/110 145/224/110 163/225/110
f 145/226/111 83/73/111 163/71/111
f 120/227/112 159/71/112 83/228/112
f 119/229/113 190/71/113 120/119/113
f 118/230/114 191/231/114 119/73/114
f 120/67/115 190/232/115 159/233/115
f 190/234/116 158/71/116 159/235/116
f 119/236/117 191/68/117 190/237/117
f 191/238/118 192/71/118 190/239/118
f 190/67/119 192/240/119 158/241/119
f 192/242/120 157/243/120 158/71/120
f 118/244/121 141/68/121 191/245/121
f 141/246/122 140/231/122 191/73/122
f 191/247/123 140/68/123 192/248/123
f 140/249/124 139/250/124 192/71/124
f 192/251/125 139/67/125 157/252/125
f 139/253/126 82/254/126 157/71/126
f 144/255/127 156/68/127 82/256/127
f 143/257/128 193/68/128 144/258/128
f 142/259/129 194/260/129 143/71/129
f 144/73/130 193/261/130 156/262/130
f 193/263/131 155/68/131 156/264/131
f 143/265/132 194/67/132 193/266/132
f 194/267/133 195/73/133 193/268/133
f 193/73/134 195/269/134 155/270/134
f 195/271/135 154/272/135 155/71/135
f 142/273/136 135/67/136 194/274/136
f 135/275/137 134/73/137 194/276/137
f 194/68/138 134/277/138 195/278/138
f 134/279/139 133/280/139 195/71/139
f 195/281/140 133/67/140 154/282/140
f 133/283/141 81/284/141 154/71/141
f 138/285/142 153/73/142 81/286/142
f 137/287/143 196/73/143 138/288/143
f 136/289/144 197/73/144 137/290/144
f 138/73/145 196/291/145 153/292/145
f 196/293/146 152/68/146 153/294/146
f 137/68/147 197/295/147 196/296/147
f 197/297/148 198/68/148 196/298/148
f 196/73/149 198/299/149 152/300/149
f 198/301/150 151/302/150 152/71/150
f 136/73/151 129/67/151 197/303/151
f 129/304/152 128/305/152 197/71/152
f 197/306/153 128/67/153 198/307/153
f 128/308/154 127/309/154 198/71/154
f 198/310/155 127/67/155 151/311/155
f 127/312/156 80/313/156 151/71/156
f 132/314/157 150/71/157 80/284/157
f 131/315/158 199/71/158 132/316/158
f 130/317/159 200/318/159 131/73/159
f 132/67/160 199/319/160 150/320/160
f 199/321/161 149/71/161 150/322/161
f 131/323/162 200/68/162 199/324/162
f 200/325/163 201/326/163 199/73/163
f 199/327/164 201/73/164 149/328/164
f 201/329/165 148/330/165 149/68/165
f 130/67/166 123/331/166 200/332/166
f 123/333/167 122/71/167 200/334/167
f 200/67/168 122/335/168 201/336/168
f 122/337/169 121/338/169 201/68/169
f 201/339/170 121/73/170 148/340/170
f 121/255/171 79/256/171 148/68/171
f 126/253/172 147/71/172 79/254/172
f 125/341/173 202/71/173 126/342/173
f 124/343/174 203/344/174 125/73/174
f 126/67/175 202/345/175 147/346/175
f 202/347/176 146/71/176 147/348/176
f 125/349/177 203/68/177 202/350/177
f 203/351/178 204/352/178 202/73/178
f 202/353/179 204/68/179 146/354/179
f 204/355/180 145/356/180 146/68/180
f 124/67/181 117/357/181 203/358/181
f 117/359/182 116/71/182 203/360/182
f 203/67/183 116/361/183 204/362/183
f 116/363/184 115/364/184 204/73/184
f 204/365/185 115/73/185 145/366/185
f 115/367/186 83/368/186 145/68/186
f 139/369/187 144/67/187 82/370/187
f 140/68/188 205/371/188 139/372/188
f 141/373/189 206/67/189 140/374/189
f 139/71/190 205/375/190 144/260/190
f 205/68/191 143/376/191 144/377/191
f 140/231/192 206/378/192 205/73/192
f 206/68/193 207/379/193 205/380/193
f 205/231/194 207/381/194 143/73/194
f 207/73/195 142/382/195 143/383/195
f 141/71/196 114/384/196 206/385/196
f 114/386/197 113/67/197 206/387/197
f 206/388/198 113/389/198 207/68/198
f 113/73/199 112/390/199 207/391/199
f 207/392/200 112/393/200 142/68/200
f 112/73/201 77/79/201 142/80/201
f 133/394/202 138/67/202 81/395/202
f 134/68/203 208/396/203 133/397/203
f 135/398/204 209/67/204 134/399/204
f 133/71/205 208/400/205 138/239/205
f 208/68/206 137/401/206 138/402/206
f 134/231/207 209/403/207 208/73/207
f 209/68/208 210/404/208 208/405/208
f 208/231/209 210/406/209 137/73/209
f 210/68/210 136/407/210 137/408/210
f 135/71/211 111/409/211 209/410/211
f 111/411/212 110/67/212 209/412/212
f 209/413/213 110/414/213 210/73/213
f 110/73/214 109/415/214 210/416/214
f 210/417/215 109/418/215 136/68/215
f 109/73/216 76/419/216 136/420/216
f 127/68/217 132/421/217 80/422/217
f 128/68/218 211/401/218 127/423/218
f 129/424/219 212/67/219 128/425/219
f 127/426/220 211/427/220 132/73/220
f 211/68/221 131/428/221 132/429/221
f 128/231/222 212/430/222 211/73/222
f 212/431/223 213/67/223 211/432/223
f 211/231/224 213/433/224 131/73/224
f 213/67/225 130/434/225 131/435/225
f 129/71/226 105/436/226 212/437/226
f 105/438/227 104/67/227 212/439/227
f 212/71/228 104/440/228 213/441/228
f 104/67/229 103/411/229 213/442/229
f 213/410/230 103/443/230 130/71/230
f 103/67/231 75/83/231 130/84/231
f 121/67/232 126/369/232 79/370/232
f 122/67/233 214/444/233 121/377/233
f 123/445/234 215/73/234 122/383/234
f 121/260/235 214/375/235 126/71/235
f 214/67/236 125/446/236 126/372/236
f 122/447/237 215/448/237 214/71/237
f 215/379/238 216/68/238 214/449/238
f 214/447/239 216/450/239 125/71/239
f 216/67/240 124/451/240 125/452/240
f 123/68/241 93/453/241 215/392/241
f 93/390/242 92/73/242 215/454/242
f 215/68/243 92/455/243 216/388/243
f 92/67/244 91/386/244 216/456/244
f 216/457/245 91/458/245 124/71/245
f 91/67/246 74/459/246 124/460/246
f 115/67/247 120/73/247 83/158/247
f 116/67/248 217/461/248 115/462/248
f 117/463/249 218/68/249 116/464/249
f 115/68/250 217/91/250 120/71/250
f 217/67/251 119/465/251 120/466/251
f 116/447/252 218/467/252 217/71/252
f 218/67/253 219/73/253 217/468/253
f 217/447/254 219/469/254 119/71/254
f 219/67/255 118/470/255 119/471/255
f 117/68/256 96/472/256 218/473/256
f 96/474/257 95/73/257 218/475/257
f 218/68/258 95/476/258 219/71/258
f 95/67/259 94/477/259 219/478/259
f 219/479/260 94/480/260 118/71/260
f 94/67/261 78/481/261 118/482/261
f 99/67/262 114/483/262 78/484/262
f 98/485/263 220/73/263 99/486/263
f 97/487/264 221/68/264 98/488/264
f 99/73/265 220/489/265 114/490/265
f 220/491/266 113/492/266 114/71/266
f 98/73/267 221/493/267 220/494/267
f 221/495/268 222/68/268 220/496/268
f 220/73/269 222/497/269 113/498/269
f 222/499/270 112/68/270 113/500/270
f 97/73/271 108/501/271 221/502/271
f 108/503/272 107/68/272 221/504/272
f 221/73/273 107/505/273 222/506/273
f 107/507/274 106/68/274 222/508/274
f 222/73/275 106/509/275 112/510/275
f 106/511/276 77/68/276 112/512/276
f 106/73/277 111/513/277 77/514/277
f 107/73/278 223/515/278 106/516/278
f 108/73/279 224/517/279 107/518/279
f 106/519/280 223/520/280 111/68/280
f 223/521/281 110/67/281 111/522/281
f 107/523/282 224/524/282 223/68/282
f 224/68/283 225/525/283 223/526/283
f 223/71/284 225/527/284 110/528/284
f 225/529/285 109/68/285 110/530/285
f 108/531/286 102/532/286 224/73/286
f 102/68/287 101/67/287 224/533/287
f 224/534/288 101/535/288 225/73/288
f 101/68/289 100/67/289 225/536/289
f 225/73/290 100/537/290 109/538/290
f 100/67/291 76/68/291 109/539/291
f 100/73/292 105/540/292 76/71/292
f 101/71/293 226/541/293 100/73/293
f 102/71/294 227/542/294 101/73/294
f 100/543/295 226/67/295 105/544/295
f 226/545/296 104/546/296 105/71/296
f 101/547/297 227/68/297 226/548/297
f 227/549/298 228/550/298 226/73/298
f 226/551/299 228/68/299 104/552/299
f 228/553/300 103/554/300 104/68/300
f 102/555/301 87/556/301 227/67/301
f 87/71/302 86/557/302 227/558/302
f 227/559/303 86/560/303 228/67/303
f 86/71/304 85/561/304 228/562/304
f 228/563/305 85/564/305 103/68/305
f 85/73/306 75/514/306 103/513/306
f 94/565/307 99/566/307 78/71/307
f 95/567/308 229/568/308 94/71/308
f 96/68/309 230/569/309 95/570/309
f 94/571/310 229/67/310 99/572/310
f 229/68/311 98/573/311 99/574/311
f 95/575/312 230/576/312 229/73/312
f 230/68/313 231/577/313 229/578/313
f 229/579/314 231/580/314 98/73/314
f 231/68/315 97/581/315 98/582/315
f 96/583/316 90/584/316 230/73/316
f 90/585/317 89/586/317 230/71/317
f 230/587/318 89/67/318 231/588/318
f 89/589/319 88/590/319 231/71/319
f 231/591/320 88/67/320 97/73/320
f 88/68/321 73/91/321 97/71/321
f 85/511/322 93/512/322 75/68/322
f 86/592/323 232/593/323 85/67/323
f 87/594/324 233/595/324 86/67/324
f 85/596/325 232/73/325 93/597/325
f 232/598/326 92/599/326 93/68/326
f 86/600/327 233/71/327 232/601/327
f 233/602/328 234/603/328 232/67/328
f 232/67/329 234/604/329 92/605/329
f 234/606/330 91/71/330 92/607/330
f 87/608/331 88/71/331 233/609/331
f 88/610/332 89/611/332 233/67/332
f 233/612/333 89/71/333 234/613/333
f 89/614/334 90/615/334 234/67/334
f 234/616/335 90/71/335 91/617/335
f 90/68/336 74/618/336 91/619/336
g B_RiceCake1.001_B_RiceCake1.001
v 0.000000 -0.308254 -0.000000
v 0.314196 -0.148863 0.198448
v -0.120102 -0.143027 0.321479
v -0.388183 -0.152081 -0.000000
v -0.120102 -0.143027 -0.321479
v 0.314196 -0.148863 -0.198448
v 0.120102 0.121636 0.321479
v -0.314196 0.115799 0.198448
v -0.314196 0.115799 -0.198448
v 0.120102 0.121636 -0.321479
v 0.388183 0.112579 0.000000
v 0.000000 0.289126 0.000000
v -0.101175 -0.205467 0.270654
v -0.070600 -0.263227 0.188723
v -0.033727 -0.298561 0.090109
v 0.088296 -0.299089 0.055685
v 0.184788 -0.265414 0.116589
v 0.264739 -0.209743 0.167132
v 0.231069 -0.162234 0.257458
v 0.114229 -0.166296 0.305687
v -0.012881 -0.158300 0.326614
v 0.352811 -0.166878 -0.111389
v 0.369231 -0.174589 0.000000
v 0.352811 -0.166878 0.111389
v 0.088296 -0.299089 -0.055685
v 0.184788 -0.265414 -0.116589
v 0.264739 -0.209743 -0.167132
v -0.327126 -0.212152 0.000000
v -0.228373 -0.266687 -0.000000
v -0.109137 -0.299407 -0.000000
v -0.210249 -0.161592 0.270655
v -0.298843 -0.171628 0.188723
v -0.360745 -0.167226 0.090109
v -0.101175 -0.205467 -0.270654
v -0.070600 -0.263226 -0.188723
v -0.033727 -0.298561 -0.090109
v -0.360745 -0.167226 -0.090109
v -0.298843 -0.171628 -0.188723
v -0.210249 -0.161592 -0.270655
v -0.012881 -0.158300 -0.326614
v 0.114229 -0.166296 -0.305687
v 0.231069 -0.162234 -0.257458
v 0.415095 0.053169 0.055685
v 0.412686 -0.020910 0.116589
v 0.373582 -0.093276 0.167132
v 0.373582 -0.093276 -0.167132
v 0.412686 -0.020910 -0.116589
v 0.415095 0.053169 -0.055685
v 0.067454 0.064264 0.361255
v 0.000000 -0.009564 0.378197
v -0.067454 -0.084126 0.361255
v 0.298397 -0.090101 0.257459
v 0.255300 -0.014320 0.305689
v 0.189427 0.061918 0.326615
v -0.373582 0.055114 0.167132
v -0.412686 -0.020910 0.116589
v -0.415095 -0.095220 0.055685
v -0.189427 -0.086473 0.326615
v -0.255300 -0.014320 0.305689
v -0.298397 0.058290 0.257459
v -0.298397 0.058290 -0.257459
v -0.255300 -0.014320 -0.305689
v -0.189427 -0.086473 -0.326615
v -0.415095 -0.095220 -0.055685
v -0.412686 -0.020910 -0.116589
v -0.373582 0.055114 -0.167132
v 0.189427 0.061918 -0.326615
v 0.255300 -0.014320 -0.305689
v 0.298397 -0.090101 -0.257459
v -0.067454 -0.084126 -0.361255
v 0.000000 -0.009564 -0.378197
v 0.067454 0.064264 -0.361255
v 0.360745 0.130215 0.090109
v 0.298843 0.139781 0.188723
v 0.210249 0.135852 0.270655
v 0.012881 0.139144 0.326614
v -0.114229 0.145114 0.305687
v -0.231069 0.135210 0.257458
v -0.352811 0.130565 0.111389
v -0.369231 0.136820 -0.000000
v -0.352811 0.130565 -0.111389
v -0.231069 0.135210 -0.257458
v -0.114229 0.145114 -0.305687
v 0.012881 0.139144 -0.326614
v 0.210249 0.135852 -0.270655
v 0.298843 0.139781 -0.188723
v 0.360745 0.130215 -0.090109
v 0.033727 0.279246 0.090109
v 0.070600 0.243296 0.188723
v 0.101175 0.184717 0.270654
v 0.327126 0.178029 -0.000000
v 0.228373 0.239835 -0.000000
v 0.109137 0.278400 0.000000
v -0.088296 0.278718 0.055685
v -0.184788 0.241109 0.116588
v -0.264739 0.180441 0.167132
v -0.088296 0.278718 -0.055685
v -0.184788 0.241109 -0.116589
v -0.264739 0.180441 -0.167132
v 0.033727 0.279246 -0.090109
v 0.070600 0.243296 -0.188723
v 0.101175 0.184717 -0.270654
v 0.157203 0.255067 -0.099170
v 0.277165 0.199831 -0.099170
v 0.194290 0.202521 -0.198450
v -0.060059 0.256677 -0.160507
v -0.022942 0.205325 -0.259908
v -0.157204 0.203467 -0.221913
v -0.194290 0.254121 -0.000000
v -0.291311 0.199300 -0.061283
v -0.291311 0.199300 0.061283
v -0.060059 0.256677 0.160507
v -0.157204 0.203467 0.221913
v -0.022942 0.205325 0.259908
v 0.157203 0.255067 0.099170
v 0.194290 0.202521 0.198450
v 0.277165 0.199831 0.099170
v 0.374061 0.062563 -0.160508
v 0.351204 -0.018086 -0.221914
v 0.291313 0.066034 -0.259910
v -0.060059 0.071810 -0.359596
v -0.134276 -0.010968 -0.359596
v -0.194293 0.069255 -0.321479
v -0.411023 0.060836 -0.061283
v -0.433852 -0.021943 0.000000
v -0.411023 0.060836 0.061283
v -0.194293 0.069255 0.321478
v -0.134277 -0.010968 0.359596
v -0.060059 0.071810 0.359596
v 0.291313 0.066033 0.259910
v 0.351203 -0.018087 0.221914
v 0.374061 0.062563 0.160509
v 0.134277 -0.010968 -0.359596
v 0.194293 -0.094078 -0.321478
v 0.060059 -0.091522 -0.359596
v -0.351203 -0.018086 -0.221914
v -0.291312 -0.097299 -0.259911
v -0.374061 -0.100769 -0.160509
v -0.351203 -0.018086 0.221914
v -0.374061 -0.100769 0.160509
v -0.291312 -0.097299 0.259911
v 0.134277 -0.010968 0.359596
v 0.060059 -0.091522 0.359596
v 0.194293 -0.094078 0.321478
v 0.433852 -0.021943 0.000000
v 0.411023 -0.102495 0.061283
v 0.411023 -0.102495 -0.061283
v 0.157204 -0.226398 -0.221913
v 0.060058 -0.276389 -0.160508
v 0.022942 -0.224540 -0.259909
v -0.194291 -0.227344 -0.198449
v -0.157203 -0.277998 -0.099170
v -0.277165 -0.230033 -0.099170
v -0.277165 -0.230033 0.099170
v -0.157203 -0.277998 0.099171
v -0.194291 -0.227344 0.198450
v 0.291311 -0.230565 -0.061283
v 0.291312 -0.230564 0.061283
v 0.194291 -0.278944 0.000000
v 0.022943 -0.224540 0.259908
v 0.060059 -0.276389 0.160508
v 0.157205 -0.226398 0.221913
vn 0.0289 -0.9926 0.1176
vn 0.5950 -0.6929 0.4073
vn -0.0806 -0.9938 0.0767
vn -0.0806 -0.9938 -0.0767
vn 0.0289 -0.9926 -0.1176
vn 0.7271 -0.5330 0.4328
vn -0.1108 -0.4863 0.8667
vn -0.8231 -0.5452 0.1590
vn -0.3463 -0.4968 -0.7958
vn 0.5501 -0.5135 -0.6586
vn 0.6945 -0.4082 0.5925
vn -0.2457 -0.3820 0.8909
vn -0.9039 -0.4278 -0.0000
vn -0.2457 -0.3820 -0.8909
vn 0.6945 -0.4082 -0.5925
vn 0.2919 0.6517 0.7001
vn -0.5304 0.6622 0.5293
vn -0.6287 0.6712 -0.3927
vn 0.1415 0.6465 -0.7497
vn 0.7283 0.6794 -0.0888
vn 0.0976 0.9926 -0.0723
vn 0.3069 0.9488 -0.0745
vn 0.5288 0.8449 -0.0807
vn 0.1802 0.9734 -0.1417
vn 0.1643 0.9449 -0.2831
vn 0.4130 0.8968 -0.1586
vn 0.3978 0.8640 -0.3087
vn 0.2640 0.8898 -0.3723
vn 0.2338 0.8301 -0.5062
vn 0.6420 0.7501 -0.1585
vn 0.6259 0.7093 -0.3241
vn 0.4993 0.7707 -0.3959
vn 0.4692 0.6981 -0.5409
vn 0.3267 0.7293 -0.6012
vn 0.2919 0.6517 -0.7001
vn -0.0391 0.9916 -0.1233
vn 0.0243 0.9421 -0.3344
vn 0.0889 0.8256 -0.5572
vn -0.0670 0.9726 -0.2226
vn -0.2075 0.9445 -0.2545
vn -0.0088 0.8871 -0.4616
vn -0.1527 0.8536 -0.4980
vn -0.2459 0.8906 -0.3827
vn -0.3814 0.8343 -0.3981
vn 0.0609 0.7247 -0.6863
vn -0.0872 0.6834 -0.7248
vn -0.1872 0.7584 -0.6243
vn -0.3256 0.6893 -0.6472
vn -0.4260 0.7354 -0.5270
vn -0.5304 0.6622 -0.5293
vn -0.1171 0.9931 -0.0000
vn -0.2881 0.9488 -0.1294
vn -0.4693 0.8415 -0.2677
vn -0.2260 0.9741 -0.0000
vn -0.2881 0.9488 0.1294
vn -0.4217 0.8967 -0.1345
vn -0.4919 0.8706 -0.0000
vn -0.4217 0.8967 0.1345
vn -0.4693 0.8415 0.2677
vn -0.6023 0.7460 -0.2841
vn -0.6845 0.7153 -0.1411
vn -0.6256 0.7802 -0.0000
vn -0.6845 0.7153 0.1411
vn -0.6023 0.7460 0.2841
vn -0.6287 0.6712 0.3927
vn -0.0391 0.9916 0.1233
vn -0.2075 0.9445 0.2545
vn -0.3814 0.8343 0.3981
vn -0.0670 0.9726 0.2226
vn 0.0243 0.9421 0.3344
vn -0.2459 0.8906 0.3827
vn -0.1527 0.8536 0.4980
vn -0.0088 0.8871 0.4616
vn 0.0889 0.8256 0.5572
vn -0.4260 0.7354 0.5270
vn -0.3256 0.6893 0.6472
vn -0.1872 0.7584 0.6243
vn -0.0872 0.6834 0.7248
vn 0.0609 0.7247 0.6863
vn 0.1415 0.6465 0.7497
vn 0.0976 0.9926 0.0723
vn 0.1643 0.9449 0.2831
vn 0.2338 0.8301 0.5062
vn 0.1802 0.9734 0.1417
vn 0.3069 0.9488 0.0745
vn 0.2640 0.8898 0.3723
vn 0.3978 0.8640 0.3087
vn 0.4130 0.8968 0.1586
vn 0.5288 0.8449 0.0807
vn 0.3267 0.7293 0.6012
vn 0.4692 0.6981 0.5409
vn 0.4993 0.7707 0.3959
vn 0.6259 0.7093 0.3241
vn 0.6420 0.7501 0.1585
vn 0.7283 0.6794 0.0888
vn 0.8384 0.5231 -0.1529
vn 0.9100 0.2452 -0.3343
vn 0.8569 -0.1116 -0.5032
vn 0.8385 0.4634 -0.2867
vn 0.7251 0.5599 -0.4009
vn 0.8573 0.1353 -0.4968
vn 0.7475 0.2551 -0.6133
vn 0.6877 0.4666 -0.5562
vn 0.5548 0.5478 -0.6262
vn 0.7429 -0.2355 -0.6266
vn 0.6517 -0.1073 -0.7509
vn 0.6552 0.1303 -0.7442
vn 0.5265 0.2303 -0.8184
vn 0.4794 0.4398 -0.7594
vn 0.3668 0.4936 -0.7886
vn 0.1211 0.4881 -0.8643
vn 0.0005 0.2232 -0.9748
vn -0.1355 -0.1014 -0.9856
vn 0.0136 0.4280 -0.9037
vn -0.1130 0.5331 -0.8385
vn -0.1374 0.1232 -0.9828
vn -0.2693 0.2415 -0.9323
vn -0.2524 0.4452 -0.8591
vn -0.3601 0.5386 -0.7617
vn -0.2627 -0.2186 -0.9398
vn -0.4023 -0.1035 -0.9096
vn -0.4066 0.1258 -0.9049
vn -0.5272 0.2303 -0.8179
vn -0.5035 0.4407 -0.7432
vn -0.5752 0.5035 -0.6447
vn -0.7476 0.5154 -0.4190
vn -0.9097 0.2452 -0.3350
vn -0.9773 -0.1146 -0.1784
vn -0.8277 0.4626 -0.3178
vn -0.8096 0.5672 -0.1512
vn -0.9746 0.1387 -0.1757
vn -0.9640 0.2659 -0.0000
vn -0.8762 0.4819 -0.0000
vn -0.8096 0.5672 0.1512
vn -0.9688 -0.2480 -0.0000
vn -0.9773 -0.1146 0.1784
vn -0.9746 0.1387 0.1757
vn -0.9097 0.2452 0.3350
vn -0.8277 0.4626 0.3178
vn -0.7476 0.5154 0.4190
vn -0.5752 0.5035 0.6447
vn -0.5272 0.2303 0.8179
vn -0.4023 -0.1035 0.9096
vn -0.5035 0.4407 0.7432
vn -0.3601 0.5386 0.7617
vn -0.4066 0.1258 0.9049
vn -0.2693 0.2415 0.9323
vn -0.2524 0.4452 0.8591
vn -0.1130 0.5331 0.8385
vn -0.2627 -0.2186 0.9398
vn -0.1355 -0.1014 0.9856
vn -0.1374 0.1232 0.9828
vn 0.0005 0.2232 0.9748
vn 0.0136 0.4280 0.9037
vn 0.1211 0.4881 0.8643
vn 0.3668 0.4936 0.7886
vn 0.5265 0.2303 0.8184
vn 0.6517 -0.1073 0.7509
vn 0.4794 0.4398 0.7594
vn 0.5548 0.5478 0.6262
vn 0.6552 0.1303 0.7442
vn 0.7475 0.2551 0.6133
vn 0.6877 0.4666 0.5562
vn 0.7251 0.5599 0.4009
vn 0.7429 -0.2355 0.6266
vn 0.8569 -0.1116 0.5032
vn 0.8573 0.1353 0.4968
vn 0.9100 0.2452 0.3343
vn 0.8385 0.4634 0.2867
vn 0.8384 0.5231 0.1529
vn 0.2597 0.3779 -0.8887
vn 0.4071 0.1026 -0.9076
vn 0.5160 -0.2314 -0.8247
vn 0.2704 0.2195 -0.9374
vn 0.1376 0.1005 -0.9854
vn 0.4007 -0.1268 -0.9074
vn 0.2609 -0.2404 -0.9350
vn 0.1349 -0.1243 -0.9830
vn -0.0002 -0.2214 -0.9752
vn 0.4806 -0.4486 -0.7536
vn 0.3367 -0.5417 -0.7702
vn 0.2360 -0.4500 -0.8613
vn 0.1051 -0.5303 -0.8412
vn -0.0133 -0.4311 -0.9022
vn -0.1108 -0.4863 -0.8667
vn -0.7119 0.3981 -0.5786
vn -0.6565 0.1064 -0.7468
vn -0.5156 -0.2314 -0.8250
vn -0.7516 0.2323 -0.6174
vn -0.8596 0.1105 -0.4988
vn -0.6492 -0.1315 -0.7491
vn -0.7379 -0.2589 -0.6233
vn -0.8539 -0.1369 -0.5021
vn -0.9059 -0.2504 -0.3414
vn -0.4563 -0.4468 -0.7695
vn -0.5280 -0.5589 -0.6394
vn -0.6661 -0.4796 -0.5712
vn -0.7016 -0.5797 -0.4145
vn -0.8250 -0.4805 -0.2975
vn -0.8231 -0.5452 -0.1590
vn -0.7119 0.3981 0.5786
vn -0.8596 0.1105 0.4988
vn -0.9059 -0.2504 0.3414
vn -0.7516 0.2323 0.6174
vn -0.6565 0.1064 0.7468
vn -0.8539 -0.1369 0.5021
vn -0.7379 -0.2589 0.6233
vn -0.6492 -0.1315 0.7491
vn -0.5156 -0.2314 0.8250
vn -0.8250 -0.4805 0.2975
vn -0.7016 -0.5797 0.4145
vn -0.6661 -0.4796 0.5712
vn -0.5280 -0.5589 0.6394
vn -0.4563 -0.4468 0.7695
vn -0.3463 -0.4968 0.7958
vn 0.2597 0.3779 0.8887
vn 0.1376 0.1005 0.9854
vn -0.0002 -0.2214 0.9752
vn 0.2704 0.2195 0.9374
vn 0.4071 0.1026 0.9076
vn 0.1349 -0.1243 0.9830
vn 0.2609 -0.2404 0.9350
vn 0.4007 -0.1268 0.9074
vn 0.5160 -0.2314 0.8247
vn -0.0133 -0.4311 0.9022
vn 0.1051 -0.5303 0.8412
vn 0.2360 -0.4500 0.8613
vn 0.3367 -0.5417 0.7702
vn 0.4806 -0.4486 0.7536
vn 0.5501 -0.5135 0.6586
vn 0.9109 0.4126 -0.0000
vn 0.9778 0.1133 0.1765
vn 0.9057 -0.2504 0.3422
vn 0.9702 0.2423 -0.0000
vn 0.9778 0.1133 -0.1765
vn 0.9739 -0.1406 0.1781
vn 0.9621 -0.2727 -0.0000
vn 0.9739 -0.1406 -0.1781
vn 0.9057 -0.2504 -0.3422
vn 0.8135 -0.4791 0.3295
vn 0.7904 -0.5920 0.1575
vn 0.8651 -0.5015 -0.0000
vn 0.7904 -0.5920 -0.1575
vn 0.8135 -0.4791 -0.3295
vn 0.7271 -0.5330 -0.4328
vn 0.4940 -0.6800 -0.5418
vn 0.3373 -0.8506 -0.4034
vn 0.1727 -0.9520 -0.2527
vn 0.3899 -0.7471 -0.5383
vn 0.2935 -0.6991 -0.6521
vn 0.2156 -0.8959 -0.3883
vn 0.1285 -0.8588 -0.4959
vn 0.1678 -0.7582 -0.6300
vn 0.0758 -0.6869 -0.7228
vn 0.0597 -0.9722 -0.2266
vn -0.0240 -0.9439 -0.3293
vn 0.0115 -0.8848 -0.4658
vn -0.0793 -0.8284 -0.5544
vn -0.0513 -0.7223 -0.6897
vn -0.1284 -0.6492 -0.7497
vn -0.2638 -0.6558 -0.7074
vn -0.2017 -0.8344 -0.5129
vn -0.1367 -0.9477 -0.2885
vn -0.2968 -0.7378 -0.6063
vn -0.4312 -0.7125 -0.5535
vn -0.2315 -0.8988 -0.3721
vn -0.3520 -0.8804 -0.3177
vn -0.4591 -0.7909 -0.4047
vn -0.5887 -0.7349 -0.3368
vn -0.1529 -0.9787 -0.1372
vn -0.2638 -0.9613 -0.0797
vn -0.3666 -0.9168 -0.1585
vn -0.4817 -0.8722 -0.0854
vn -0.6039 -0.7801 -0.1636
vn -0.6983 -0.7097 -0.0933
vn -0.6983 -0.7097 0.0933
vn -0.4817 -0.8722 0.0854
vn -0.2638 -0.9613 0.0797
vn -0.6039 -0.7801 0.1636
vn -0.5887 -0.7349 0.3368
vn -0.3666 -0.9168 0.1585
vn -0.3520 -0.8804 0.3177
vn -0.4591 -0.7909 0.4047
vn -0.4312 -0.7125 0.5535
vn -0.1529 -0.9787 0.1372
vn -0.1367 -0.9477 0.2885
vn -0.2315 -0.8988 0.3721
vn -0.2017 -0.8344 0.5129
vn -0.2968 -0.7378 0.6063
vn -0.2638 -0.6558 0.7074
vn 0.5950 -0.6929 -0.4073
vn 0.6510 -0.7446 -0.1475
vn 0.6510 -0.7446 0.1475
vn 0.5620 -0.7734 -0.2932
vn 0.4254 -0.8618 -0.2763
vn 0.5834 -0.8122 -0.0000
vn 0.4462 -0.8949 -0.0000
vn 0.3715 -0.9183 -0.1368
vn 0.2515 -0.9589 -0.1318
vn 0.5620 -0.7734 0.2932
vn 0.4254 -0.8618 0.2763
vn 0.3715 -0.9183 0.1368
vn 0.2515 -0.9589 0.1318
vn 0.1867 -0.9824 -0.0000
vn 0.1032 -0.9947 -0.0000
vn -0.1284 -0.6492 0.7497
vn -0.0793 -0.8284 0.5544
vn -0.0240 -0.9439 0.3293
vn -0.0513 -0.7223 0.6897
vn 0.0758 -0.6869 0.7228
vn 0.0115 -0.8848 0.4658
vn 0.1285 -0.8588 0.4959
vn 0.1678 -0.7582 0.6300
vn 0.2935 -0.6991 0.6521
vn 0.0597 -0.9722 0.2266
vn 0.1727 -0.9520 0.2527
vn 0.2156 -0.8959 0.3883
vn 0.3373 -0.8506 0.4034
vn 0.3899 -0.7471 0.5383
vn 0.4940 -0.6800 0.5418
vt 0.276389 1.000000
vt 1.000000 0.381971
vt 0.000000 0.000000
vt 0.000000 1.000000
vt 0.359537 0.000000
vt 1.000000 0.738082
vt 1.000000 1.000000
vt 0.000000 0.690991
vt 1.000000 0.000000
vt 1.000000 0.690991
vt 0.276389 0.000000
vt 1.000000 0.618029
vt 0.219316 0.000000
vt 1.000000 0.359532
vt 0.000000 0.219319
vt 0.491078 1.000000
vt 1.000000 0.219324
vt 0.381971 1.000000
vt 0.219319 1.000000
vt 1.000000 0.231062
vt 0.219320 1.000000
vt 1.000000 0.809832
vt 0.000000 0.653066
vt 0.999995 0.000000
vt 0.568460 0.000000
vt 0.000000 0.999997
vt 0.500000 0.000000
vt 0.000000 0.346934
vt 0.999995 1.000000
vt 0.173468 0.000000
vt 1.000000 0.261921
vt 0.000000 0.653059
vt 0.261923 0.000000
vt 0.000000 0.261918
vt 0.640463 1.000000
vt 0.000000 0.261922
vt 0.823438 1.000000
vt 1.000000 0.261927
vt 1.000000 0.309009
vt 1.000000 0.402987
vt 1.000000 0.493886
vt 0.000000 0.610641
vt 0.908659 0.000000
vt 1.000000 0.091943
vt 0.298560 1.000000
vt 0.000000 0.593102
vt 0.999996 0.000000
vt 0.000004 1.000000
vt 1.000000 0.309012
vt 0.700061 0.000000
vt 0.000000 0.902106
vt 1.000000 0.118821
vt 0.247112 1.000000
vt 0.000000 0.701347
vt 0.908657 0.000000
vt 1.000000 0.105903
vt 0.091945 1.000000
vt 0.000000 0.792531
vt 0.902112 1.000000
vt 0.152553 1.000000
vt 0.000000 0.118814
vt 0.853624 1.000000
vt 0.000000 0.701358
vt 0.000000 0.618029
vt 0.723611 0.000000
vt 0.000000 0.714042
vt 0.717784 0.000000
vt 0.000000 0.868964
vt 0.753630 0.000000
vt 1.000000 0.328536
vt 0.231434 1.000000
vt 0.000000 0.581176
vt 0.773675 0.000000
vt 1.000000 0.284084
vt 0.284074 1.000000
vt 0.000000 0.618031
vt 0.723612 0.000000
vt 1.000000 0.417223
vt 0.221224 1.000000
vt 0.480132 0.000000
vt 0.000000 0.743609
vt 1.000000 0.701356
vt 0.288605 0.000000
vt 0.000000 0.105895
vt 0.718200 1.000000
vt 0.320163 0.000000
vt 0.000000 0.999999
vt 1.000000 0.105896
vt 0.632311 1.000000
vt 1.000000 0.606734
vt 0.313251 1.000000
vt 0.261923 1.000000
vt 0.000000 0.346941
vt 0.500000 1.000000
vt 1.000000 0.089691
vt 0.477710 1.000000
vt 1.000000 0.249578
vt 0.522663 1.000000
vt 0.000000 0.089691
vt 0.522290 1.000000
vt 0.525732 0.000000
vt 0.000000 0.910844
vt 1.000000 0.910844
vt 0.474268 0.000000
vt 0.000000 0.249578
vt 0.477337 1.000000
vt 1.000000 0.701360
vt 0.473541 0.000000
vt 0.000000 0.105893
vt 0.550258 1.000000
vt 1.000000 0.105893
vt 0.449742 1.000000
vt 0.526459 0.000000
vt 0.000000 0.701360
vt 1.000000 0.261918
vt 0.359537 1.000000
vt 0.000000 0.381971
vt 0.723611 1.000000
vt 0.000000 0.418824
vt 0.773675 1.000000
vt 0.519868 0.000000
vt 1.000000 0.743609
vt 0.231433 0.000000
vt 1.000000 0.671464
vt 0.000000 0.285958
vt 0.717784 1.000000
vt 0.221224 0.000000
vt 1.000000 0.582777
vt 0.000000 0.381969
vt 0.723612 1.000000
vt 0.284074 0.000000
vt 1.000000 0.715916
vt 0.000000 0.131036
vt 0.753630 1.000000
vt 0.313251 0.000000
vt 1.000000 0.393266
vt 0.000000 0.309009
vt 0.298560 0.000000
vt 1.000000 0.908057
vt 0.247112 0.000000
vt 1.000000 0.881179
vt 0.091341 0.000000
vt 1.000000 0.610641
vt 0.000000 0.402987
vt 0.000000 0.097894
vt 0.700060 1.000000
vt 0.000000 0.309012
vt 0.999996 1.000000
vt 0.000004 0.000000
vt 1.000000 0.593102
vt 0.000000 0.493886
vt 0.000000 0.701358
vt 0.853624 1.000000
vt 0.152553 0.000000
vt 0.000000 0.881186
vt 0.097888 1.000000
vt 1.000000 0.792531
vt 0.000000 0.105903
vt 0.908056 1.000000
vt 0.091343 0.000000
vt 1.000000 0.701347
vt 0.000000 0.261927
vt 0.618029 0.000000
vt 0.000000 0.780676
vt 0.000000 0.581174
vt 0.000000 0.480128
vt 1.000000 1.000000
vt 1.000000 0.100525
vt 0.328534 1.000000
vt 0.714046 0.000000
vt 0.000000 0.906002
vt 0.000000 0.000000
vt 1.000000 0.417224
vt 0.000000 0.618031
vt 0.999996 0.000000
vt 0.000005 1.000000
vt 1.000000 0.284079
vt 0.000000 0.914949
vt 0.906013 0.000000
vt 0.000004 0.000000
vt 1.000000 0.606740
vt 0.000000 0.424586
vt 0.000000 0.000000
vt 1.000000 0.453849
vt 0.000000 0.646380
vt 0.908663 0.000000
vt 0.100519 1.000000
vt 1.000000 0.204267
vt 0.000000 0.768938
vt 0.780681 0.000000
vt 0.508922 0.000000
vt 1.000000 0.780681
vt 0.471002 0.000000
vt 1.000000 0.908662
vt 0.000000 0.497713
vt 0.999998 0.000000
vt 0.000000 0.100520
vt 0.572018 1.000000
vt 0.426211 0.000000
vt 1.000000 0.906009
vt 0.000002 1.000000
vt 1.000000 0.552779
vt 0.000000 0.447221
vt 0.999999 1.000000
vt 0.000000 0.000001
vt 0.596558 1.000000
vt 0.314882 0.000000
vt 0.000000 0.906008
vt 0.000002 1.000000
vt 1.000000 0.452258
vt 0.000000 0.544461
vt 0.999998 1.000000
vt 0.000002 0.000000
vt 1.000000 0.504254
vt 0.000000 0.414152
vt 0.908663 0.000000
vt 0.100519 1.000000
vt 1.000000 0.646893
vt 0.000000 0.190167
vt 0.780680 0.000000
vt 0.000000 0.640468
vt 0.780684 1.000000
vt 0.000000 0.522664
vt 0.908663 1.000000
vt 0.000000 0.477710
vt 0.999998 1.000000
vt 0.000000 0.100518
vt 0.473538 1.000000
vt 0.550260 0.000000
vt 1.000000 0.906011
vt 0.000002 0.000000
vt 1.000000 0.525732
vt 0.499999 0.000000
vt 1.000000 0.999997
vt 0.000000 0.000003
vt 0.500000 1.000000
vt 0.449739 0.000000
vt 0.000000 0.906010
vt 0.499999 1.000000
vt 0.000000 0.522291
vt 0.999997 0.000000
vt 0.000002 1.000000
vt 1.000000 0.474268
vt 0.000000 0.477336
vt 0.908661 0.000000
vt 1.000000 0.100521
vt 0.526462 1.000000
vt 0.000000 0.359532
vt 0.780684 0.000000
vt 0.000000 0.190168
vt 0.000000 0.414153
vt 0.908664 0.000000
vt 0.000000 0.544462
vt 0.999997 1.000000
vt 0.100518 1.000000
vt 1.000000 0.646894
vt 0.314879 0.000000
vt 0.000000 0.906008
vt 0.000003 0.000000
vt 1.000000 0.504253
vt 0.000000 0.447221
vt 1.000000 1.000000
vt 0.000000 0.000000
vt 0.596560 1.000000
vt 0.426209 0.000000
vt 1.000000 0.906009
vt 0.000002 1.000000
vt 1.000000 0.452256
vt 0.000000 0.497714
vt 0.999997 0.000000
vt 0.000003 1.000000
vt 1.000000 0.552778
vt 0.471004 0.000000
vt 1.000000 0.908663
vt 0.000000 0.100518
vt 0.572019 1.000000
vt 0.000000 0.646380
vt 0.908667 0.000000
vt 0.000000 0.575416
vt 0.999992 1.000000
vt 0.100514 1.000000
vt 1.000000 0.204267
vt 0.000000 0.914949
vt 0.906014 0.000000
vt 0.000007 0.000000
vt 1.000000 0.546151
vt 0.000000 0.381969
vt 0.999994 1.000000
vt 0.000007 0.000000
vt 1.000000 0.715925
vt 0.285949 0.000000
vt 1.000000 0.906002
vt 0.000004 1.000000
vt 1.000000 0.393256
vt 0.000000 0.519874
vt 0.999992 0.000000
vt 0.000007 1.000000
vt 1.000000 0.582773
vt 0.000000 0.418828
vt 0.908663 1.000000
vt 0.000000 0.100518
vt 0.671468 1.000000
vt 0.381971 0.000000
vt 1.000000 0.780676
vt 1.000000 0.000003
vt 0.431540 1.000000
vt 0.000000 0.000000
vt 1.000000 0.455538
vt 0.091339 1.000000
vt 1.000000 0.585848
vt 0.000000 0.547744
vt 0.000000 0.000000
vt 1.000000 0.502286
vt 0.000000 0.495746
vt 0.000001 0.000000
vt 1.000000 0.552780
vt 0.000000 0.447221
vt 0.000000 0.091339
vt 0.528997 1.000000
vt 0.000000 0.353106
vt 0.899479 0.000000
vt 1.000000 0.093992
vt 0.685120 1.000000
vt 1.000000 0.999999
vt 0.403440 0.000000
vt 0.000000 0.093991
vt 0.573790 1.000000
vt 1.000000 0.899479
vt 0.427981 0.000000
vt 0.000005 1.000000
vt 1.000000 0.346934
vt 0.000000 0.000000
vt 1.000000 0.424583
vt 0.091337 1.000000
vt 1.000000 0.353616
vt 0.000000 0.606745
vt 0.000000 0.000000
vt 1.000000 0.480126
vt 0.000000 0.453853
vt 0.000003 0.000000
vt 1.000000 0.618029
vt 0.000000 0.417229
vt 0.091343 0.000000
vt 1.000000 0.581170
vt 0.000000 0.795732
vt 0.899481 0.000000
vt 0.093987 1.000000
vt 1.000000 0.085058
vt 0.999996 1.000000
vt 0.000000 0.284072
vt 0.000000 0.093998
vt 0.714054 1.000000
vt 1.000000 0.899475
vt 0.328532 0.000000
vt 0.000000 0.219324
vt 0.618029 1.000000
vt 0.000005 0.000000
vt 1.000000 0.653066
vt 1.000000 0.519874
vt 0.091343 1.000000
vt 1.000000 0.418830
vt 0.999996 1.000000
vt 0.000000 0.393255
vt 0.000000 0.000000
vt 1.000000 0.575417
vt 0.000000 0.582771
vt 0.000003 1.000000
vt 1.000000 0.381971
vt 0.000000 0.546147
vt 0.091337 1.000000
vt 1.000000 0.353616
vt 0.671469 0.000000
vt 0.000000 0.899475
vt 1.000000 0.093998
vt 0.285946 1.000000
vt 0.000000 0.715929
vt 0.999996 0.000000
vt 1.000000 0.085058
vt 0.000000 0.795732
vt 0.000000 1.000000
vt 0.000000 0.091339
vt 0.000000 1.000000
vt 1.000000 0.000000
vt 0.000000 0.447221
vt 1.000000 0.552780
vt 0.000000 0.495746
vt 0.091339 1.000000
vt 1.000000 0.585847
vt 0.427981 0.000000
vt 0.573790 1.000000
vt 0.403440 0.000000
vt 0.685121 1.000000
vt 0.899479 0.000000
vt 0.000000 0.353106
vt 0.219320 1.000000
vt 1.000000 0.809833
vt 0.000000 1.000000
vt 1.000000 0.522290
vt 0.091337 0.000000
vt 1.000000 0.477336
vt 0.000000 1.000000
vt 1.000000 0.477710
vt 0.000000 0.474269
vt 0.500000 1.000000
vt 0.000000 0.525731
vt 0.091337 1.000000
vt 1.000000 0.522664
vt 0.526462 0.000000
vt 1.000000 0.899482
vt 0.000000 0.093989
vt 0.449740 1.000000
vt 0.500000 0.000000
vt 1.000000 0.093989
vt 0.550260 1.000000
vt 0.000000 0.899482
vt 0.473538 0.000000
vt 0.219316 1.000000
vt 1.000000 0.640468
vt 0.738077 1.000000
vt 1.000000 0.346941
vt 0.000000 0.256391
vt 0.480131 1.000000
vt 0.226326 0.000000
vt 1.000000 0.581172
vt 0.000000 0.606737
vt 0.686749 1.000000
vt 0.367688 0.000000
vt 0.000000 0.894103
vt 0.000000 0.417229
vt 0.778776 1.000000
vt 0.276387 0.000000
vt 1.000000 0.618028
vt 0.000000 0.000003
vt 0.679838 1.000000
vt 0.281799 0.000000
vt 1.000000 0.894104
vt 0.000000 0.328533
vt 0.768565 1.000000
vt 0.282216 0.000000
vt 1.000000 0.714049
vt 0.000000 0.284077
vt 0.715925 1.000000
vt 0.246370 0.000000
vt 1.000000 0.868970
vt 0.000000 0.298640
vt 0.711396 1.000000
vt 0.176562 0.000000
vt 1.000000 0.738078
vt 0.000000 0.738079
vt 0.826532 1.000000
vt 0.000000 0.118817
vt 0.752889 1.000000
vt 0.000000 0.091941
vt 0.701441 1.000000
vt 1.000000 0.298642
vt 0.146370 0.000000
vt 1.000000 0.118809
vt 0.847452 1.000000
vt 1.000000 0.902110
vt 0.299940 0.000000
vt 0.000001 0.000000
vt 1.000000 0.690986
vt 0.000000 0.207465
vt 0.902116 0.000000
vt 0.091940 0.000000
vt 1.000000 0.894097
vt 0.908660 1.000000
vt 0.000000 0.389361
vt 1.000000 0.597010
vt 0.999999 1.000000
vt 0.000000 0.406902
vt 1.000000 0.506109
vt 0.000000 0.298651
vt 0.908662 1.000000
vt 1.000000 0.738073
vt 0.000000 0.738073
vt 0.000000 0.506109
vt 0.000000 0.597009
vt 1.000000 0.298650
vt 0.091341 1.000000
vt 0.908057 0.000000
vt 0.000000 0.894097
vt 1.000000 0.406901
vt 0.000002 0.000000
vt 0.999997 1.000000
vt 0.000000 0.690987
vt 1.000000 0.207466
vt 0.097890 0.000000
vt 1.000000 0.881184
vt 0.847452 0.000000
vt 1.000000 0.389361
vt 0.091346 1.000000
vt 0.701441 0.000000
vt 0.000000 0.908052
vt 0.299939 1.000000
vt 1.000000 0.097896
vt 0.752889 0.000000
vt 0.000000 0.881176
vt 0.146370 0.000000
vt 1.000000 0.298638
vt 0.000000 0.738082
vt 0.640463 0.000000
vt 0.000000 0.894107
vt 0.550258 0.000000
vt 0.449739 0.000000
vt 1.000000 0.894106
vt 0.473542 1.000000
vt 1.000000 0.298639
vt 0.522663 0.000000
vt 1.000000 0.750421
vt 0.500001 1.000000
vt 0.000000 0.000003
vt 0.499999 0.000000
vt 1.000000 0.999998
vt 0.525732 1.000000
vt 0.000000 0.089160
vt 0.477711 0.000000
vt 1.000000 0.910305
vt 0.526460 1.000000
vt 0.000000 0.298637
vt 0.000000 0.750419
vt 0.477338 0.000000
vt 0.474267 1.000000
vt 1.000000 0.089160
vt 0.000000 0.910305
vt 0.522291 0.000000
vt 0.499997 1.000000
vt 0.246369 1.000000
vt 1.000000 0.131034
vt 0.282214 1.000000
vt 1.000000 0.285953
vt 0.000000 0.298643
vt 0.711393 1.000000
vt 0.281803 0.000000
vt 1.000000 0.894105
vt 0.000000 0.715920
vt 0.715925 0.000000
vt 0.276389 1.000000
vt 1.000000 0.381969
vt 1.000000 0.000004
vt 0.679833 1.000000
vt 0.367694 0.000000
vt 0.000000 0.894103
vt 0.000000 0.671466
vt 0.768572 0.000000
vt 0.226321 1.000000
vt 1.000000 0.418826
vt 0.000000 0.582774
vt 0.778780 0.000000
vt 1.000000 0.256387
vt 0.519869 1.000000
vt 0.000000 0.393263
vt 0.686747 0.000000
vt 1.000000 0.653059
vt 0.738077 0.000000
s 0
g B_RiceCake1.001_mochi_flavor1
usemtl mochi_flavor1
f 235/620/337 250/621/337 249/622/337
f 236/623/338 252/624/338 258/625/338
f 235/626/339 249/627/339 264/628/339
f 235/623/340 264/622/340 270/629/340
f 235/630/341 270/623/341 259/631/341
f 236/632/342 258/623/342 279/633/342
f 237/634/343 255/628/343 285/635/343
f 238/636/344 267/622/344 291/637/344
f 239/638/345 273/622/345 297/639/345
f 240/640/346 276/622/346 303/641/346
f 236/642/347 279/626/347 286/643/347
f 237/644/348 285/626/348 292/645/348
f 238/646/349 291/623/349 298/626/349
f 239/644/350 297/645/350 304/626/350
f 240/647/351 303/648/351 280/628/351
f 241/649/352 309/650/352 324/623/352
f 242/651/353 312/652/353 330/626/353
f 243/628/354 315/653/354 333/654/354
f 244/628/355 318/655/355 336/656/355
f 245/622/356 321/657/356 325/623/356
f 327/623/357 334/658/357 246/622/357
f 326/623/358 337/659/358 327/622/358
f 325/623/359 338/660/359 326/622/359
f 327/661/360 337/626/360 334/662/360
f 337/663/361 335/664/361 334/622/361
f 326/665/362 338/626/362 337/666/362
f 338/667/363 339/668/363 337/622/363
f 337/669/364 339/626/364 335/670/364
f 339/671/365 336/672/365 335/622/365
f 325/673/366 321/674/366 338/626/366
f 321/622/367 320/675/367 338/676/367
f 338/677/368 320/678/368 339/628/368
f 320/628/369 319/679/369 339/680/369
f 339/681/370 319/628/370 336/682/370
f 319/650/371 244/649/371 336/623/371
f 334/626/372 331/683/372 246/684/372
f 335/626/373 340/685/373 334/686/373
f 336/626/374 341/687/374 335/688/374
f 334/689/375 340/690/375 331/622/375
f 340/626/376 332/691/376 331/692/376
f 335/693/377 341/694/377 340/622/377
f 341/626/378 342/695/378 340/696/378
f 340/697/379 342/698/379 332/622/379
f 342/626/380 333/699/380 332/700/380
f 336/701/381 318/702/381 341/623/381
f 318/628/382 317/703/382 341/704/382
f 341/626/383 317/705/383 342/706/383
f 317/707/384 316/622/384 342/708/384
f 342/709/385 316/710/385 333/622/385
f 316/711/386 243/712/386 333/628/386
f 331/628/387 328/622/387 246/713/387
f 332/714/388 343/622/388 331/715/388
f 333/716/389 344/622/389 332/717/389
f 331/626/390 343/646/390 328/623/390
f 343/628/391 329/718/391 328/719/391
f 332/626/392 344/720/392 343/721/392
f 344/628/393 345/622/393 343/713/393
f 343/722/394 345/723/394 329/623/394
f 345/628/395 330/724/395 329/725/395
f 333/726/396 315/727/396 344/623/396
f 315/628/397 314/728/397 344/729/397
f 344/626/398 314/646/398 345/623/398
f 314/730/399 313/622/399 345/731/399
f 345/626/400 313/732/400 330/733/400
f 313/734/401 242/622/401 330/735/401
f 328/736/402 322/628/402 246/737/402
f 329/738/403 346/628/403 328/739/403
f 330/740/404 347/623/404 329/741/404
f 328/623/405 346/742/405 322/743/405
f 346/744/406 323/628/406 322/745/406
f 329/623/407 347/746/407 346/747/407
f 347/748/408 348/628/408 346/749/408
f 346/623/409 348/750/409 323/751/409
f 348/752/410 324/628/410 323/753/410
f 330/623/411 312/754/411 347/755/411
f 312/622/412 311/707/412 347/708/412
f 347/706/413 311/705/413 348/626/413
f 311/703/414 310/628/414 348/704/414
f 348/623/415 310/702/415 324/701/415
f 310/655/416 241/628/416 324/656/416
f 322/756/417 327/626/417 246/628/417
f 323/757/418 349/758/418 322/623/418
f 324/759/419 350/760/419 323/623/419
f 322/761/420 349/623/420 327/762/420
f 349/763/421 326/626/421 327/628/421
f 323/764/422 350/628/422 349/765/422
f 350/766/423 351/767/423 349/628/423
f 349/768/424 351/623/424 326/769/424
f 351/770/425 325/626/425 326/628/425
f 324/771/426 309/628/426 350/772/426
f 309/773/427 308/626/427 350/774/427
f 350/622/428 308/775/428 351/776/428
f 308/777/429 307/628/429 351/778/429
f 351/623/430 307/779/430 325/780/430
f 307/781/431 245/628/431 325/626/431
f 282/782/432 321/626/432 245/783/432
f 281/784/433 352/626/433 282/674/433
f 280/785/434 353/786/434 281/628/434
f 282/622/435 352/787/435 321/788/435
f 352/789/436 320/626/436 321/790/436
f 281/791/437 353/623/437 352/792/437
f 353/793/438 354/626/438 352/794/438
f 352/622/439 354/795/439 320/796/439
f 354/797/440 319/798/440 320/626/440
f 280/799/441 303/623/441 353/800/441
f 303/801/442 302/786/442 353/628/442
f 353/802/443 302/623/443 354/803/443
f 302/804/444 301/805/444 354/626/444
f 354/806/445 301/622/445 319/807/445
f 301/808/446 244/809/446 319/626/446
f 306/810/447 318/623/447 244/811/447
f 305/812/448 355/623/448 306/813/448
f 304/814/449 356/815/449 305/626/449
f 306/628/450 355/816/450 318/817/450
f 355/818/451 317/623/451 318/819/451
f 305/820/452 356/622/452 355/821/452
f 356/822/453 357/628/453 355/823/453
f 355/628/454 357/824/454 317/825/454
f 357/826/455 316/827/455 317/626/455
f 304/828/456 297/622/456 356/829/456
f 297/830/457 296/628/457 356/831/457
f 356/623/458 296/832/458 357/833/458
f 296/834/459 295/835/459 357/626/459
f 357/836/460 295/622/460 316/837/460
f 295/838/461 243/839/461 316/626/461
f 300/840/462 315/628/462 243/841/462
f 299/842/463 358/628/463 300/843/463
f 298/844/464 359/628/464 299/845/464
f 300/628/465 358/846/465 315/847/465
f 358/848/466 314/623/466 315/849/466
f 299/623/467 359/850/467 358/851/467
f 359/852/468 360/623/468 358/853/468
f 358/628/469 360/854/469 314/855/469
f 360/856/470 313/857/470 314/626/470
f 298/628/471 291/622/471 359/858/471
f 291/859/472 290/860/472 359/626/472
f 359/861/473 290/622/473 360/862/473
f 290/863/474 289/864/474 360/626/474
f 360/865/475 289/622/475 313/866/475
f 289/867/476 242/868/476 313/626/476
f 294/869/477 312/626/477 242/839/477
f 293/870/478 361/626/478 294/871/478
f 292/872/479 362/873/479 293/628/479
f 294/622/480 361/874/480 312/875/480
f 361/876/481 311/626/481 312/877/481
f 293/878/482 362/623/482 361/879/482
f 362/880/483 363/881/483 361/628/483
f 361/882/484 363/628/484 311/883/484
f 363/884/485 310/885/485 311/623/485
f 292/622/486 285/886/486 362/887/486
f 285/888/487 284/626/487 362/889/487
f 362/622/488 284/890/488 363/891/488
f 284/892/489 283/893/489 363/623/489
f 363/894/490 283/628/490 310/895/490
f 283/810/491 241/811/491 310/623/491
f 288/808/492 309/626/492 241/809/492
f 287/896/493 364/626/493 288/897/493
f 286/898/494 365/899/494 287/628/494
f 288/622/495 364/900/495 309/901/495
f 364/902/496 308/626/496 309/903/496
f 287/904/497 365/623/497 364/905/497
f 365/906/498 366/907/498 364/628/498
f 364/908/499 366/623/499 308/909/499
f 366/910/500 307/911/500 308/623/500
f 286/622/501 279/912/501 365/913/501
f 279/914/502 278/626/502 365/915/502
f 365/622/503 278/916/503 366/917/503
f 278/918/504 277/919/504 366/628/504
f 366/920/505 277/628/505 307/921/505
f 277/922/506 245/923/506 307/623/506
f 301/924/507 306/622/507 244/925/507
f 302/623/508 367/926/508 301/927/508
f 303/928/509 368/622/509 302/929/509
f 301/626/510 367/930/510 306/815/510
f 367/623/511 305/931/511 306/932/511
f 302/786/512 368/933/512 367/628/512
f 368/623/513 369/934/513 367/935/513
f 367/786/514 369/936/514 305/628/514
f 369/628/515 304/937/515 305/938/515
f 303/626/516 276/939/516 368/940/516
f 276/941/517 275/622/517 368/942/517
f 368/943/518 275/944/518 369/623/518
f 275/628/519 274/945/519 369/946/519
f 369/947/520 274/948/520 304/623/520
f 274/628/521 239/634/521 304/635/521
f 295/949/522 300/622/522 243/950/522
f 296/623/523 370/951/523 295/952/523
f 297/953/524 371/622/524 296/954/524
f 295/626/525 370/955/525 300/794/525
f 370/623/526 299/956/526 300/957/526
f 296/786/527 371/958/527 370/628/527
f 371/623/528 372/959/528 370/960/528
f 370/786/529 372/961/529 299/628/529
f 372/623/530 298/962/530 299/963/530
f 297/626/531 273/964/531 371/965/531
f 273/966/532 272/622/532 371/967/532
f 371/968/533 272/969/533 372/628/533
f 272/628/534 271/970/534 372/971/534
f 372/972/535 271/973/535 298/623/535
f 271/628/536 238/974/536 298/975/536
f 289/623/537 294/976/537 242/977/537
f 290/623/538 373/956/538 289/978/538
f 291/979/539 374/622/539 290/980/539
f 289/981/540 373/982/540 294/628/540
f 373/623/541 293/983/541 294/984/541
f 290/786/542 374/985/542 373/628/542
f 374/986/543 375/622/543 373/987/543
f 373/786/544 375/988/544 293/628/544
f 375/622/545 292/989/545 293/990/545
f 291/626/546 267/991/546 374/992/546
f 267/993/547 266/622/547 374/994/547
f 374/626/548 266/995/548 375/996/548
f 266/622/549 265/966/549 375/997/549
f 375/965/550 265/998/550 292/626/550
f 265/622/551 237/638/551 292/639/551
f 283/622/552 288/924/552 241/925/552
f 284/622/553 376/999/553 283/932/553
f 285/1000/554 377/628/554 284/938/554
f 283/815/555 376/930/555 288/626/555
f 376/622/556 287/1001/556 288/927/556
f 284/1002/557 377/1003/557 376/626/557
f 377/934/558 378/623/558 376/1004/558
f 376/1002/559 378/1005/559 287/626/559
f 378/622/560 286/1006/560 287/1007/560
f 285/623/561 255/1008/561 377/947/561
f 255/945/562 254/628/562 377/1009/562
f 377/623/563 254/1010/563 378/943/563
f 254/622/564 253/941/564 378/1011/564
f 378/1012/565 253/1013/565 286/626/565
f 253/622/566 236/1014/566 286/1015/566
f 277/622/567 282/628/567 245/713/567
f 278/622/568 379/1016/568 277/1017/568
f 279/1018/569 380/623/569 278/1019/569
f 277/623/570 379/646/570 282/626/570
f 379/622/571 281/1020/571 282/1021/571
f 278/1002/572 380/1022/572 379/626/572
f 380/622/573 381/628/573 379/1023/573
f 379/1002/574 381/1024/574 281/626/574
f 381/622/575 280/1025/575 281/1026/575
f 279/623/576 258/1027/576 380/1028/576
f 258/1029/577 257/628/577 380/1030/577
f 380/623/578 257/1031/578 381/626/578
f 257/622/579 256/1032/579 381/1033/579
f 381/1034/580 256/1035/580 280/626/580
f 256/622/581 240/1036/581 280/1037/581
f 261/622/582 276/1038/582 240/1039/582
f 260/1040/583 382/628/583 261/1041/583
f 259/1042/584 383/623/584 260/1043/584
f 261/628/585 382/1044/585 276/1045/585
f 382/1046/586 275/1047/586 276/626/586
f 260/628/587 383/1048/587 382/1049/587
f 383/1050/588 384/623/588 382/1051/588
f 382/628/589 384/1052/589 275/1053/589
f 384/1054/590 274/623/590 275/1055/590
f 259/628/591 270/1056/591 383/1057/591
f 270/1058/592 269/623/592 383/1059/592
f 383/628/593 269/1060/593 384/1061/593
f 269/1062/594 268/623/594 384/1063/594
f 384/628/595 268/1064/595 274/1065/595
f 268/1066/596 239/623/596 274/1067/596
f 268/628/597 273/1068/597 239/1069/597
f 269/628/598 385/1070/598 268/1071/598
f 270/628/599 386/1072/599 269/1073/599
f 268/1074/600 385/1075/600 273/623/600
f 385/1076/601 272/622/601 273/1077/601
f 269/1078/602 386/1079/602 385/623/602
f 386/623/603 387/1080/603 385/1081/603
f 385/626/604 387/1082/604 272/1083/604
f 387/1084/605 271/623/605 272/1085/605
f 270/1086/606 264/1087/606 386/628/606
f 264/623/607 263/622/607 386/1088/607
f 386/1089/608 263/1090/608 387/628/608
f 263/623/609 262/622/609 387/1091/609
f 387/628/610 262/1092/610 271/1093/610
f 262/622/611 238/623/611 271/1094/611
f 262/628/612 267/1095/612 238/626/612
f 263/626/613 388/1096/613 262/628/613
f 264/626/614 389/1097/614 263/628/614
f 262/1098/615 388/622/615 267/1099/615
f 388/1100/616 266/1101/616 267/626/616
f 263/1102/617 389/623/617 388/1103/617
f 389/1104/618 390/1105/618 388/628/618
f 388/1106/619 390/623/619 266/1107/619
f 390/1108/620 265/1109/620 266/623/620
f 264/1110/621 249/1111/621 389/622/621
f 249/626/622 248/1112/622 389/1113/622
f 389/1114/623 248/1115/623 390/622/623
f 248/626/624 247/1116/624 390/1117/624
f 390/1118/625 247/1119/625 265/623/625
f 247/628/626 237/1069/626 265/1068/626
f 256/1120/627 261/1121/627 240/626/627
f 257/1122/628 391/1123/628 256/626/628
f 258/623/629 392/1124/629 257/1125/629
f 256/1126/630 391/622/630 261/1127/630
f 391/623/631 260/1128/631 261/1129/631
f 257/1130/632 392/1131/632 391/628/632
f 392/623/633 393/1132/633 391/1133/633
f 391/1134/634 393/1135/634 260/628/634
f 393/623/635 259/1136/635 260/1137/635
f 258/1138/636 252/1139/636 392/628/636
f 252/1140/637 251/1141/637 392/626/637
f 392/1142/638 251/622/638 393/1143/638
f 251/1144/639 250/1145/639 393/626/639
f 393/1146/640 250/622/640 259/628/640
f 250/623/641 235/646/641 259/626/641
f 247/1066/642 255/1067/642 237/623/642
f 248/1147/643 394/1148/643 247/622/643
f 249/1149/644 395/1150/644 248/622/644
f 247/1151/645 394/628/645 255/1152/645
f 394/1153/646 254/1154/646 255/623/646
f 248/1155/647 395/626/647 394/1156/647
f 395/1157/648 396/1158/648 394/622/648
f 394/622/649 396/1159/649 254/1160/649
f 396/1161/650 253/626/650 254/1162/650
f 249/1163/651 250/626/651 395/1164/651
f 250/1165/652 251/1166/652 395/622/652
f 395/1167/653 251/626/653 396/1168/653
f 251/1169/654 252/1170/654 396/622/654
f 396/1171/655 252/626/655 253/1172/655
f 252/623/656 236/1173/656 253/1174/656
g B_RiceCake2.001_B_RiceCake2.001
v 0.430000 0.111746 -0.000000
v 0.744196 0.271137 0.198448
v 0.309898 0.276973 0.321479
v 0.041817 0.267919 0.000000
v 0.309898 0.276973 -0.321479
v 0.744196 0.271136 -0.198448
v 0.550102 0.541636 0.321479
v 0.115804 0.535799 0.198448
v 0.115804 0.535799 -0.198448
v 0.550102 0.541636 -0.321479
v 0.818183 0.532579 0.000000
v 0.430000 0.709126 0.000000
v 0.328825 0.214533 0.270654
v 0.359400 0.156773 0.188723
v 0.396273 0.121439 0.090109
v 0.518296 0.120911 0.055685
v 0.614788 0.154586 0.116589
v 0.694740 0.210257 0.167132
v 0.661069 0.257766 0.257458
v 0.544229 0.253704 0.305687
v 0.417119 0.261700 0.326614
v 0.782811 0.253122 -0.111389
v 0.799231 0.245411 0.000000
v 0.782811 0.253122 0.111389
v 0.518296 0.120911 -0.055685
v 0.614788 0.154586 -0.116589
v 0.694739 0.210257 -0.167132
v 0.102874 0.207848 -0.000000
v 0.201627 0.153313 0.000000
v 0.320863 0.120593 -0.000000
v 0.219751 0.258408 0.270655
v 0.131157 0.248372 0.188723
v 0.069255 0.252774 0.090109
v 0.328825 0.214533 -0.270654
v 0.359400 0.156774 -0.188723
v 0.396273 0.121439 -0.090109
v 0.069255 0.252774 -0.090109
v 0.131157 0.248372 -0.188723
v 0.219751 0.258408 -0.270655
v 0.417119 0.261700 -0.326614
v 0.544229 0.253704 -0.305687
v 0.661069 0.257766 -0.257458
v 0.845095 0.473169 0.055685
v 0.842686 0.399090 0.116589
v 0.803582 0.326724 0.167132
v 0.803582 0.326724 -0.167132
v 0.842686 0.399090 -0.116589
v 0.845095 0.473169 -0.055685
v 0.497454 0.484264 0.361255
v 0.430000 0.410436 0.378197
v 0.362546 0.335874 0.361255
v 0.728397 0.329899 0.257459
v 0.685300 0.405680 0.305689
v 0.619427 0.481918 0.326615
v 0.056418 0.475114 0.167132
v 0.017314 0.399090 0.116589
v 0.014905 0.324780 0.055685
v 0.240573 0.333527 0.326615
v 0.174700 0.405680 0.305689
v 0.131603 0.478290 0.257459
v 0.131603 0.478290 -0.257459
v 0.174700 0.405680 -0.305689
v 0.240573 0.333527 -0.326615
v 0.014905 0.324780 -0.055685
v 0.017314 0.399090 -0.116589
v 0.056418 0.475114 -0.167132
v 0.619427 0.481918 -0.326615
v 0.685300 0.405680 -0.305689
v 0.728397 0.329899 -0.257459
v 0.362546 0.335874 -0.361255
v 0.430000 0.410436 -0.378197
v 0.497454 0.484264 -0.361255
v 0.790745 0.550215 0.090109
v 0.728843 0.559781 0.188723
v 0.640249 0.555852 0.270655
v 0.442881 0.559144 0.326614
v 0.315771 0.565114 0.305687
v 0.198931 0.555210 0.257458
v 0.077189 0.550565 0.111389
v 0.060769 0.556820 -0.000000
v 0.077189 0.550565 -0.111389
v 0.198931 0.555210 -0.257458
v 0.315771 0.565114 -0.305687
v 0.442881 0.559144 -0.326614
v 0.640249 0.555852 -0.270655
v 0.728843 0.559781 -0.188723
v 0.790745 0.550215 -0.090109
v 0.463728 0.699246 0.090109
v 0.500600 0.663296 0.188723
v 0.531175 0.604717 0.270654
v 0.757126 0.598029 0.000000
v 0.658373 0.659835 -0.000000
v 0.539137 0.698400 0.000000
v 0.341704 0.698718 0.055685
v 0.245212 0.661108 0.116588
v 0.165261 0.600441 0.167132
v 0.341704 0.698718 -0.055685
v 0.245212 0.661108 -0.116588
v 0.165261 0.600441 -0.167132
v 0.463728 0.699246 -0.090109
v 0.500600 0.663296 -0.188723
v 0.531175 0.604717 -0.270654
v 0.587203 0.675067 -0.099170
v 0.707165 0.619831 -0.099170
v 0.624290 0.622521 -0.198450
v 0.369941 0.676677 -0.160507
v 0.407058 0.625325 -0.259908
v 0.272796 0.623467 -0.221913
v 0.235710 0.674121 0.000000
v 0.138689 0.619300 -0.061283
v 0.138689 0.619300 0.061283
v 0.369941 0.676677 0.160507
v 0.272796 0.623467 0.221913
v 0.407058 0.625325 0.259908
v 0.587203 0.675067 0.099170
v 0.624290 0.622521 0.198450
v 0.707165 0.619831 0.099170
v 0.804061 0.482563 -0.160508
v 0.781204 0.401914 -0.221914
v 0.721313 0.486034 -0.259910
v 0.369941 0.491810 -0.359596
v 0.295724 0.409032 -0.359596
v 0.235707 0.489255 -0.321479
v 0.018977 0.480836 -0.061283
v -0.003852 0.398057 0.000000
v 0.018977 0.480836 0.061283
v 0.235707 0.489255 0.321478
v 0.295723 0.409032 0.359596
v 0.369941 0.491810 0.359596
v 0.721313 0.486033 0.259910
v 0.781203 0.401913 0.221914
v 0.804061 0.482562 0.160509
v 0.564277 0.409032 -0.359596
v 0.624293 0.325922 -0.321478
v 0.490059 0.328478 -0.359596
v 0.078797 0.401914 -0.221914
v 0.138688 0.322701 -0.259911
v 0.055939 0.319231 -0.160509
v 0.078797 0.401914 0.221914
v 0.055939 0.319231 0.160509
v 0.138688 0.322701 0.259911
v 0.564277 0.409032 0.359596
v 0.490059 0.328478 0.359596
v 0.624293 0.325922 0.321478
v 0.863852 0.398057 -0.000000
v 0.841023 0.317505 0.061283
v 0.841023 0.317505 -0.061283
v 0.587204 0.193602 -0.221913
v 0.490058 0.143611 -0.160508
v 0.452942 0.195460 -0.259909
v 0.235709 0.192656 -0.198449
v 0.272797 0.142002 -0.099170
v 0.152835 0.189967 -0.099170
v 0.152835 0.189967 0.099170
v 0.272797 0.142002 0.099171
v 0.235709 0.192656 0.198450
v 0.721311 0.189435 -0.061283
v 0.721312 0.189436 0.061283
v 0.624291 0.141056 0.000000
v 0.452943 0.195460 0.259908
v 0.490059 0.143611 0.160508
v 0.587205 0.193602 0.221913
vn 0.0289 -0.9926 0.1176
vn 0.5950 -0.6929 0.4073
vn -0.0806 -0.9938 0.0767
vn -0.0806 -0.9938 -0.0767
vn 0.0289 -0.9926 -0.1176
vn 0.7271 -0.5330 0.4328
vn -0.1108 -0.4863 0.8667
vn -0.8231 -0.5452 0.1590
vn -0.3463 -0.4968 -0.7958
vn 0.5501 -0.5135 -0.6586
vn 0.6945 -0.4082 0.5925
vn -0.2457 -0.3820 0.8909
vn -0.9039 -0.4278 -0.0000
vn -0.2457 -0.3820 -0.8909
vn 0.6945 -0.4082 -0.5925
vn 0.2919 0.6517 0.7001
vn -0.5304 0.6622 0.5293
vn -0.6287 0.6712 -0.3927
vn 0.1415 0.6465 -0.7497
vn 0.7283 0.6794 -0.0888
vn 0.0976 0.9926 -0.0723
vn 0.3069 0.9488 -0.0745
vn 0.5288 0.8449 -0.0807
vn 0.1802 0.9734 -0.1417
vn 0.1643 0.9449 -0.2831
vn 0.4130 0.8968 -0.1586
vn 0.3978 0.8640 -0.3087
vn 0.2640 0.8898 -0.3723
vn 0.2338 0.8301 -0.5062
vn 0.6420 0.7501 -0.1585
vn 0.6259 0.7093 -0.3241
vn 0.4993 0.7707 -0.3959
vn 0.4692 0.6981 -0.5409
vn 0.3267 0.7293 -0.6012
vn 0.2919 0.6517 -0.7001
vn -0.0391 0.9916 -0.1233
vn 0.0243 0.9421 -0.3344
vn 0.0889 0.8256 -0.5572
vn -0.0670 0.9726 -0.2226
vn -0.2075 0.9445 -0.2545
vn -0.0088 0.8871 -0.4616
vn -0.1527 0.8536 -0.4980
vn -0.2459 0.8906 -0.3827
vn -0.3814 0.8343 -0.3981
vn 0.0609 0.7247 -0.6863
vn -0.0872 0.6834 -0.7248
vn -0.1872 0.7584 -0.6243
vn -0.3256 0.6893 -0.6472
vn -0.4260 0.7354 -0.5270
vn -0.5304 0.6622 -0.5293
vn -0.1171 0.9931 -0.0000
vn -0.2881 0.9488 -0.1294
vn -0.4693 0.8415 -0.2677
vn -0.2260 0.9741 -0.0000
vn -0.2881 0.9488 0.1294
vn -0.4217 0.8967 -0.1345
vn -0.4919 0.8706 -0.0000
vn -0.4217 0.8967 0.1345
vn -0.4693 0.8415 0.2677
vn -0.6023 0.7460 -0.2841
vn -0.6845 0.7153 -0.1411
vn -0.6256 0.7802 -0.0000
vn -0.6845 0.7153 0.1411
vn -0.6023 0.7460 0.2841
vn -0.6287 0.6712 0.3927
vn -0.0391 0.9916 0.1233
vn -0.2075 0.9445 0.2545
vn -0.3814 0.8343 0.3981
vn -0.0670 0.9726 0.2226
vn 0.0243 0.9421 0.3344
vn -0.2459 0.8906 0.3827
vn -0.1527 0.8536 0.4980
vn -0.0088 0.8871 0.4616
vn 0.0889 0.8256 0.5572
vn -0.4260 0.7354 0.5270
vn -0.3256 0.6893 0.6472
vn -0.1872 0.7584 0.6243
vn -0.0872 0.6834 0.7248
vn 0.0609 0.7247 0.6863
vn 0.1415 0.6465 0.7497
vn 0.0976 0.9926 0.0723
vn 0.1643 0.9449 0.2831
vn 0.2338 0.8301 0.5062
vn 0.1802 0.9734 0.1417
vn 0.3069 0.9488 0.0745
vn 0.2640 0.8898 0.3723
vn 0.3978 0.8640 0.3087
vn 0.4130 0.8968 0.1586
vn 0.5288 0.8449 0.0807
vn 0.3267 0.7293 0.6012
vn 0.4692 0.6981 0.5409
vn 0.4993 0.7707 0.3959
vn 0.6259 0.7093 0.3241
vn 0.6420 0.7501 0.1585
vn 0.7283 0.6794 0.0888
vn 0.8384 0.5231 -0.1529
vn 0.9100 0.2452 -0.3343
vn 0.8569 -0.1116 -0.5032
vn 0.8385 0.4634 -0.2867
vn 0.7251 0.5599 -0.4009
vn 0.8573 0.1353 -0.4968
vn 0.7475 0.2551 -0.6133
vn 0.6877 0.4666 -0.5562
vn 0.5548 0.5478 -0.6262
vn 0.7429 -0.2355 -0.6266
vn 0.6517 -0.1073 -0.7509
vn 0.6552 0.1303 -0.7442
vn 0.5265 0.2303 -0.8184
vn 0.4794 0.4398 -0.7594
vn 0.3668 0.4936 -0.7886
vn 0.1211 0.4881 -0.8643
vn 0.0005 0.2232 -0.9748
vn -0.1355 -0.1014 -0.9856
vn 0.0136 0.4280 -0.9037
vn -0.1130 0.5331 -0.8385
vn -0.1374 0.1232 -0.9828
vn -0.2693 0.2415 -0.9323
vn -0.2524 0.4452 -0.8591
vn -0.3601 0.5386 -0.7617
vn -0.2627 -0.2186 -0.9398
vn -0.4023 -0.1035 -0.9096
vn -0.4066 0.1258 -0.9049
vn -0.5272 0.2303 -0.8179
vn -0.5035 0.4407 -0.7432
vn -0.5752 0.5035 -0.6447
vn -0.7476 0.5154 -0.4190
vn -0.9097 0.2452 -0.3350
vn -0.9773 -0.1146 -0.1784
vn -0.8277 0.4626 -0.3178
vn -0.8096 0.5672 -0.1512
vn -0.9746 0.1387 -0.1757
vn -0.9640 0.2659 -0.0000
vn -0.8762 0.4819 -0.0000
vn -0.8096 0.5672 0.1512
vn -0.9688 -0.2480 -0.0000
vn -0.9773 -0.1146 0.1784
vn -0.9746 0.1387 0.1757
vn -0.9097 0.2452 0.3350
vn -0.8277 0.4626 0.3178
vn -0.7476 0.5154 0.4190
vn -0.5752 0.5035 0.6447
vn -0.5272 0.2303 0.8179
vn -0.4023 -0.1035 0.9096
vn -0.5035 0.4407 0.7432
vn -0.3601 0.5386 0.7617
vn -0.4066 0.1258 0.9049
vn -0.2693 0.2415 0.9323
vn -0.2524 0.4452 0.8591
vn -0.1130 0.5331 0.8385
vn -0.2627 -0.2186 0.9398
vn -0.1355 -0.1014 0.9856
vn -0.1374 0.1232 0.9828
vn 0.0005 0.2232 0.9748
vn 0.0136 0.4280 0.9037
vn 0.1211 0.4881 0.8643
vn 0.3668 0.4936 0.7886
vn 0.5265 0.2303 0.8184
vn 0.6517 -0.1073 0.7509
vn 0.4794 0.4398 0.7594
vn 0.5548 0.5478 0.6262
vn 0.6552 0.1303 0.7442
vn 0.7475 0.2551 0.6133
vn 0.6877 0.4666 0.5562
vn 0.7251 0.5599 0.4009
vn 0.7429 -0.2355 0.6266
vn 0.8569 -0.1116 0.5032
vn 0.8573 0.1353 0.4968
vn 0.9100 0.2452 0.3343
vn 0.8385 0.4634 0.2867
vn 0.8384 0.5231 0.1529
vn 0.2597 0.3779 -0.8887
vn 0.4071 0.1026 -0.9076
vn 0.5160 -0.2314 -0.8247
vn 0.2704 0.2195 -0.9374
vn 0.1376 0.1005 -0.9854
vn 0.4007 -0.1268 -0.9074
vn 0.2609 -0.2404 -0.9350
vn 0.1349 -0.1243 -0.9830
vn -0.0002 -0.2214 -0.9752
vn 0.4806 -0.4486 -0.7536
vn 0.3367 -0.5417 -0.7702
vn 0.2360 -0.4500 -0.8613
vn 0.1051 -0.5303 -0.8412
vn -0.0133 -0.4311 -0.9022
vn -0.1108 -0.4863 -0.8667
vn -0.7119 0.3981 -0.5786
vn -0.6565 0.1064 -0.7468
vn -0.5156 -0.2314 -0.8250
vn -0.7516 0.2323 -0.6174
vn -0.8596 0.1105 -0.4988
vn -0.6492 -0.1315 -0.7491
vn -0.7379 -0.2589 -0.6233
vn -0.8539 -0.1369 -0.5021
vn -0.9059 -0.2504 -0.3414
vn -0.4563 -0.4468 -0.7695
vn -0.5280 -0.5589 -0.6394
vn -0.6661 -0.4796 -0.5712
vn -0.7016 -0.5797 -0.4145
vn -0.8250 -0.4805 -0.2975
vn -0.8231 -0.5452 -0.1590
vn -0.7119 0.3981 0.5786
vn -0.8596 0.1105 0.4988
vn -0.9059 -0.2504 0.3414
vn -0.7516 0.2323 0.6174
vn -0.6565 0.1064 0.7468
vn -0.8539 -0.1369 0.5021
vn -0.7379 -0.2589 0.6233
vn -0.6492 -0.1315 0.7491
vn -0.5156 -0.2314 0.8250
vn -0.8250 -0.4805 0.2975
vn -0.7016 -0.5797 0.4145
vn -0.6661 -0.4796 0.5712
vn -0.5280 -0.5589 0.6394
vn -0.4563 -0.4468 0.7695
vn -0.3463 -0.4968 0.7958
vn 0.2597 0.3779 0.8887
vn 0.1376 0.1005 0.9854
vn -0.0002 -0.2214 0.9752
vn 0.2704 0.2195 0.9374
vn 0.4071 0.1026 0.9076
vn 0.1349 -0.1243 0.9830
vn 0.2609 -0.2404 0.9350
vn 0.4007 -0.1268 0.9074
vn 0.5160 -0.2314 0.8247
vn -0.0133 -0.4311 0.9022
vn 0.1051 -0.5303 0.8412
vn 0.2360 -0.4500 0.8613
vn 0.3367 -0.5417 0.7702
vn 0.4806 -0.4486 0.7536
vn 0.5501 -0.5135 0.6586
vn 0.9109 0.4126 -0.0000
vn 0.9778 0.1133 0.1765
vn 0.9057 -0.2504 0.3422
vn 0.9702 0.2423 -0.0000
vn 0.9778 0.1133 -0.1765
vn 0.9739 -0.1406 0.1781
vn 0.9621 -0.2727 -0.0000
vn 0.9739 -0.1406 -0.1781
vn 0.9057 -0.2504 -0.3422
vn 0.8135 -0.4791 0.3295
vn 0.7904 -0.5920 0.1575
vn 0.8651 -0.5015 -0.0000
vn 0.7904 -0.5920 -0.1575
vn 0.8135 -0.4791 -0.3295
vn 0.7271 -0.5330 -0.4328
vn 0.4940 -0.6800 -0.5418
vn 0.3373 -0.8506 -0.4034
vn 0.1727 -0.9520 -0.2527
vn 0.3899 -0.7471 -0.5383
vn 0.2935 -0.6991 -0.6521
vn 0.2156 -0.8959 -0.3883
vn 0.1285 -0.8588 -0.4959
vn 0.1678 -0.7582 -0.6300
vn 0.0758 -0.6869 -0.7228
vn 0.0597 -0.9722 -0.2266
vn -0.0240 -0.9439 -0.3293
vn 0.0115 -0.8848 -0.4658
vn -0.0793 -0.8284 -0.5544
vn -0.0513 -0.7223 -0.6897
vn -0.1284 -0.6492 -0.7497
vn -0.2638 -0.6558 -0.7074
vn -0.2017 -0.8344 -0.5129
vn -0.1367 -0.9477 -0.2885
vn -0.2968 -0.7378 -0.6063
vn -0.4312 -0.7125 -0.5535
vn -0.2315 -0.8988 -0.3721
vn -0.3520 -0.8804 -0.3177
vn -0.4591 -0.7909 -0.4047
vn -0.5887 -0.7349 -0.3368
vn -0.1529 -0.9787 -0.1372
vn -0.2638 -0.9613 -0.0797
vn -0.3666 -0.9168 -0.1585
vn -0.4817 -0.8722 -0.0854
vn -0.6039 -0.7801 -0.1636
vn -0.6983 -0.7097 -0.0933
vn -0.6983 -0.7097 0.0933
vn -0.4817 -0.8722 0.0854
vn -0.2638 -0.9613 0.0797
vn -0.6039 -0.7801 0.1636
vn -0.5887 -0.7349 0.3368
vn -0.3666 -0.9168 0.1585
vn -0.3520 -0.8804 0.3177
vn -0.4591 -0.7909 0.4047
vn -0.4312 -0.7125 0.5535
vn -0.1529 -0.9787 0.1372
vn -0.1367 -0.9477 0.2885
vn -0.2315 -0.8988 0.3721
vn -0.2017 -0.8344 0.5129
vn -0.2968 -0.7378 0.6063
vn -0.2638 -0.6558 0.7074
vn 0.5950 -0.6929 -0.4073
vn 0.6510 -0.7446 -0.1475
vn 0.6510 -0.7446 0.1475
vn 0.5620 -0.7734 -0.2932
vn 0.4254 -0.8618 -0.2763
vn 0.5834 -0.8122 -0.0000
vn 0.4462 -0.8949 -0.0000
vn 0.3715 -0.9183 -0.1368
vn 0.2515 -0.9589 -0.1318
vn 0.5620 -0.7734 0.2932
vn 0.4254 -0.8618 0.2763
vn 0.3715 -0.9183 0.1368
vn 0.2515 -0.9589 0.1318
vn 0.1867 -0.9824 -0.0000
vn 0.1032 -0.9947 -0.0000
vn -0.1284 -0.6492 0.7497
vn -0.0793 -0.8284 0.5544
vn -0.0240 -0.9439 0.3293
vn -0.0513 -0.7223 0.6897
vn 0.0758 -0.6869 0.7228
vn 0.0115 -0.8848 0.4658
vn 0.1285 -0.8588 0.4959
vn 0.1678 -0.7582 0.6300
vn 0.2935 -0.6991 0.6521
vn 0.0597 -0.9722 0.2266
vn 0.1727 -0.9520 0.2527
vn 0.2156 -0.8959 0.3883
vn 0.3373 -0.8506 0.4034
vn 0.3899 -0.7471 0.5383
vn 0.4940 -0.6800 0.5418
vt 0.276389 1.000000
vt 1.000000 0.381971
vt 0.000000 0.000000
vt 0.000000 1.000000
vt 0.359537 0.000000
vt 1.000000 0.738082
vt 1.000000 1.000000
vt 0.000000 0.690991
vt 1.000000 0.000000
vt 1.000000 0.690991
vt 0.276389 0.000000
vt 1.000000 0.618029
vt 0.219316 0.000000
vt 1.000000 0.359532
vt 0.000000 0.219319
vt 0.491078 1.000000
vt 1.000000 0.219324
vt 0.381971 1.000000
vt 0.219319 1.000000
vt 1.000000 0.231062
vt 0.219320 1.000000
vt 1.000000 0.809832
vt 0.000000 0.653066
vt 0.999995 0.000000
vt 0.568460 0.000000
vt 0.000000 0.999997
vt 0.500000 0.000000
vt 0.000000 0.346934
vt 0.999995 1.000000
vt 0.173468 0.000000
vt 1.000000 0.261921
vt 0.000000 0.653059
vt 0.261923 0.000000
vt 0.000000 0.261918
vt 0.640463 1.000000
vt 0.000000 0.261922
vt 0.823438 1.000000
vt 1.000000 0.261927
vt 1.000000 0.309009
vt 1.000000 0.402987
vt 1.000000 0.493886
vt 0.000000 0.610641
vt 0.908659 0.000000
vt 1.000000 0.091943
vt 0.298560 1.000000
vt 0.000000 0.593102
vt 0.999996 0.000000
vt 0.000004 1.000000
vt 1.000000 0.309012
vt 0.700061 0.000000
vt 0.000000 0.902106
vt 1.000000 0.118821
vt 0.247112 1.000000
vt 0.000000 0.701347
vt 0.908657 0.000000
vt 1.000000 0.105903
vt 0.091945 1.000000
vt 0.000000 0.792531
vt 0.902112 1.000000
vt 0.152553 1.000000
vt 0.000000 0.118814
vt 0.853624 1.000000
vt 0.000000 0.701358
vt 0.000000 0.618029
vt 0.723611 0.000000
vt 0.000000 0.714042
vt 0.717784 0.000000
vt 0.000000 0.868964
vt 0.753630 0.000000
vt 1.000000 0.328536
vt 0.231434 1.000000
vt 0.000000 0.581176
vt 0.773675 0.000000
vt 1.000000 0.284084
vt 0.284074 1.000000
vt 0.000000 0.618031
vt 0.723612 0.000000
vt 1.000000 0.417223
vt 0.221224 1.000000
vt 0.480132 0.000000
vt 0.000000 0.743609
vt 1.000000 0.701356
vt 0.288605 0.000000
vt 0.000000 0.105895
vt 0.718200 1.000000
vt 0.320163 0.000000
vt 0.000000 0.999999
vt 1.000000 0.105896
vt 0.632311 1.000000
vt 1.000000 0.606734
vt 0.313251 1.000000
vt 0.261923 1.000000
vt 0.000000 0.346941
vt 0.500000 1.000000
vt 1.000000 0.089691
vt 0.477710 1.000000
vt 1.000000 0.249578
vt 0.522663 1.000000
vt 0.000000 0.089691
vt 0.522290 1.000000
vt 0.525732 0.000000
vt 0.000000 0.910844
vt 1.000000 0.910844
vt 0.474268 0.000000
vt 0.000000 0.249578
vt 0.477337 1.000000
vt 1.000000 0.701360
vt 0.473541 0.000000
vt 0.000000 0.105893
vt 0.550258 1.000000
vt 1.000000 0.105893
vt 0.449742 1.000000
vt 0.526459 0.000000
vt 0.000000 0.701360
vt 1.000000 0.261918
vt 0.359537 1.000000
vt 0.000000 0.381971
vt 0.723611 1.000000
vt 0.000000 0.418824
vt 0.773675 1.000000
vt 0.519868 0.000000
vt 1.000000 0.743609
vt 0.231433 0.000000
vt 1.000000 0.671464
vt 0.000000 0.285958
vt 0.717784 1.000000
vt 0.221224 0.000000
vt 1.000000 0.582777
vt 0.000000 0.381969
vt 0.723612 1.000000
vt 0.284074 0.000000
vt 1.000000 0.715916
vt 0.000000 0.131036
vt 0.753630 1.000000
vt 0.313251 0.000000
vt 1.000000 0.393266
vt 0.000000 0.309009
vt 0.298560 0.000000
vt 1.000000 0.908057
vt 0.247112 0.000000
vt 1.000000 0.881179
vt 0.091341 0.000000
vt 1.000000 0.610641
vt 0.000000 0.402987
vt 0.000000 0.097894
vt 0.700060 1.000000
vt 0.000000 0.309012
vt 0.999996 1.000000
vt 0.000004 0.000000
vt 1.000000 0.593102
vt 0.000000 0.493886
vt 0.000000 0.701358
vt 0.853624 1.000000
vt 0.152553 0.000000
vt 0.000000 0.881186
vt 0.097888 1.000000
vt 1.000000 0.792531
vt 0.000000 0.105903
vt 0.908056 1.000000
vt 0.091343 0.000000
vt 1.000000 0.701347
vt 0.000000 0.261927
vt 0.618029 0.000000
vt 0.000000 0.780676
vt 0.000000 0.581174
vt 0.000000 0.480128
vt 1.000000 1.000000
vt 1.000000 0.100525
vt 0.328534 1.000000
vt 0.714046 0.000000
vt 0.000000 0.906002
vt 0.000000 0.000000
vt 1.000000 0.417224
vt 0.000000 0.618031
vt 0.999996 0.000000
vt 0.000005 1.000000
vt 1.000000 0.284079
vt 0.000000 0.914949
vt 0.906013 0.000000
vt 0.000004 0.000000
vt 1.000000 0.606740
vt 0.000000 0.424586
vt 0.000000 0.000000
vt 1.000000 0.453849
vt 0.000000 0.646380
vt 0.908663 0.000000
vt 0.100519 1.000000
vt 1.000000 0.204267
vt 0.000000 0.768938
vt 0.780681 0.000000
vt 0.508922 0.000000
vt 1.000000 0.780681
vt 0.471002 0.000000
vt 1.000000 0.908662
vt 0.000000 0.497713
vt 0.999998 0.000000
vt 0.000000 0.100520
vt 0.572018 1.000000
vt 0.426211 0.000000
vt 1.000000 0.906009
vt 0.000002 1.000000
vt 1.000000 0.552779
vt 0.000000 0.447221
vt 0.999999 1.000000
vt 0.000000 0.000001
vt 0.596558 1.000000
vt 0.314882 0.000000
vt 0.000000 0.906008
vt 0.000002 1.000000
vt 1.000000 0.452258
vt 0.000000 0.544461
vt 0.999998 1.000000
vt 0.000002 0.000000
vt 1.000000 0.504254
vt 0.000000 0.414152
vt 0.908663 0.000000
vt 0.100519 1.000000
vt 1.000000 0.646893
vt 0.000000 0.190167
vt 0.780680 0.000000
vt 0.000000 0.640468
vt 0.780684 1.000000
vt 0.000000 0.522664
vt 0.908663 1.000000
vt 0.000000 0.477710
vt 0.999998 1.000000
vt 0.000000 0.100518
vt 0.473538 1.000000
vt 0.550260 0.000000
vt 1.000000 0.906011
vt 0.000002 0.000000
vt 1.000000 0.525732
vt 0.499999 0.000000
vt 1.000000 0.999997
vt 0.000000 0.000003
vt 0.500000 1.000000
vt 0.449739 0.000000
vt 0.000000 0.906010
vt 0.499999 1.000000
vt 0.000000 0.522291
vt 0.999997 0.000000
vt 0.000002 1.000000
vt 1.000000 0.474268
vt 0.000000 0.477336
vt 0.908661 0.000000
vt 1.000000 0.100521
vt 0.526462 1.000000
vt 0.000000 0.359532
vt 0.780684 0.000000
vt 0.000000 0.190168
vt 0.000000 0.414153
vt 0.908664 0.000000
vt 0.000000 0.544462
vt 0.999997 1.000000
vt 0.100518 1.000000
vt 1.000000 0.646894
vt 0.314879 0.000000
vt 0.000000 0.906008
vt 0.000003 0.000000
vt 1.000000 0.504253
vt 0.000000 0.447221
vt 1.000000 1.000000
vt 0.000000 0.000000
vt 0.596560 1.000000
vt 0.426209 0.000000
vt 1.000000 0.906009
vt 0.000002 1.000000
vt 1.000000 0.452256
vt 0.000000 0.497714
vt 0.999997 0.000000
vt 0.000003 1.000000
vt 1.000000 0.552778
vt 0.471004 0.000000
vt 1.000000 0.908663
vt 0.000000 0.100518
vt 0.572019 1.000000
vt 0.000000 0.646380
vt 0.908667 0.000000
vt 0.000000 0.575416
vt 0.999992 1.000000
vt 0.100514 1.000000
vt 1.000000 0.204267
vt 0.000000 0.914949
vt 0.906014 0.000000
vt 0.000007 0.000000
vt 1.000000 0.546151
vt 0.000000 0.381969
vt 0.999994 1.000000
vt 0.000007 0.000000
vt 1.000000 0.715925
vt 0.285949 0.000000
vt 1.000000 0.906002
vt 0.000004 1.000000
vt 1.000000 0.393256
vt 0.000000 0.519874
vt 0.999992 0.000000
vt 0.000007 1.000000
vt 1.000000 0.582773
vt 0.000000 0.418828
vt 0.908663 1.000000
vt 0.000000 0.100518
vt 0.671468 1.000000
vt 0.381971 0.000000
vt 1.000000 0.780676
vt 1.000000 0.000003
vt 0.431540 1.000000
vt 0.000000 0.000000
vt 1.000000 0.455538
vt 0.091339 1.000000
vt 1.000000 0.585848
vt 0.000000 0.547744
vt 0.000000 0.000000
vt 1.000000 0.502286
vt 0.000000 0.495746
vt 0.000001 0.000000
vt 1.000000 0.552780
vt 0.000000 0.447221
vt 0.000000 0.091339
vt 0.528997 1.000000
vt 0.000000 0.353106
vt 0.899479 0.000000
vt 1.000000 0.093992
vt 0.685120 1.000000
vt 1.000000 0.999999
vt 0.403440 0.000000
vt 0.000000 0.093991
vt 0.573790 1.000000
vt 1.000000 0.899479
vt 0.427981 0.000000
vt 0.000005 1.000000
vt 1.000000 0.346934
vt 0.000000 0.000000
vt 1.000000 0.424583
vt 0.091337 1.000000
vt 1.000000 0.353616
vt 0.000000 0.606745
vt 0.000000 0.000000
vt 1.000000 0.480126
vt 0.000000 0.453853
vt 0.000003 0.000000
vt 1.000000 0.618029
vt 0.000000 0.417229
vt 0.091343 0.000000
vt 1.000000 0.581170
vt 0.000000 0.795732
vt 0.899481 0.000000
vt 0.093987 1.000000
vt 1.000000 0.085058
vt 0.999996 1.000000
vt 0.000000 0.284072
vt 0.000000 0.093998
vt 0.714054 1.000000
vt 1.000000 0.899475
vt 0.328532 0.000000
vt 0.000000 0.219324
vt 0.618029 1.000000
vt 0.000005 0.000000
vt 1.000000 0.653066
vt 1.000000 0.519874
vt 0.091343 1.000000
vt 1.000000 0.418830
vt 0.999996 1.000000
vt 0.000000 0.393255
vt 0.000000 0.000000
vt 1.000000 0.575417
vt 0.000000 0.582771
vt 0.000003 1.000000
vt 1.000000 0.381971
vt 0.000000 0.546147
vt 0.091337 1.000000
vt 1.000000 0.353616
vt 0.671469 0.000000
vt 0.000000 0.899475
vt 1.000000 0.093998
vt 0.285946 1.000000
vt 0.000000 0.715929
vt 0.999996 0.000000
vt 1.000000 0.085058
vt 0.000000 0.795732
vt 0.000000 1.000000
vt 0.000000 0.091339
vt 0.000000 1.000000
vt 1.000000 0.000000
vt 0.000000 0.447221
vt 1.000000 0.552780
vt 0.000000 0.495746
vt 0.091339 1.000000
vt 1.000000 0.585847
vt 0.427981 0.000000
vt 0.573790 1.000000
vt 0.403440 0.000000
vt 0.685121 1.000000
vt 0.899479 0.000000
vt 0.000000 0.353106
vt 0.219320 1.000000
vt 1.000000 0.809833
vt 0.000000 1.000000
vt 1.000000 0.522290
vt 0.091337 0.000000
vt 1.000000 0.477336
vt 0.000000 1.000000
vt 1.000000 0.477710
vt 0.000000 0.474269
vt 0.500000 1.000000
vt 0.000000 0.525731
vt 0.091337 1.000000
vt 1.000000 0.522664
vt 0.526462 0.000000
vt 1.000000 0.899482
vt 0.000000 0.093989
vt 0.449740 1.000000
vt 0.500000 0.000000
vt 1.000000 0.093989
vt 0.550260 1.000000
vt 0.000000 0.899482
vt 0.473538 0.000000
vt 0.219316 1.000000
vt 1.000000 0.640468
vt 0.738077 1.000000
vt 1.000000 0.346941
vt 0.000000 0.256391
vt 0.480131 1.000000
vt 0.226326 0.000000
vt 1.000000 0.581172
vt 0.000000 0.606737
vt 0.686749 1.000000
vt 0.367688 0.000000
vt 0.000000 0.894103
vt 0.000000 0.417229
vt 0.778776 1.000000
vt 0.276387 0.000000
vt 1.000000 0.618028
vt 0.000000 0.000003
vt 0.679838 1.000000
vt 0.281799 0.000000
vt 1.000000 0.894104
vt 0.000000 0.328533
vt 0.768565 1.000000
vt 0.282216 0.000000
vt 1.000000 0.714049
vt 0.000000 0.284077
vt 0.715925 1.000000
vt 0.246370 0.000000
vt 1.000000 0.868970
vt 0.000000 0.298640
vt 0.711396 1.000000
vt 0.176562 0.000000
vt 1.000000 0.738078
vt 0.000000 0.738079
vt 0.826532 1.000000
vt 0.000000 0.118817
vt 0.752889 1.000000
vt 0.000000 0.091941
vt 0.701441 1.000000
vt 1.000000 0.298642
vt 0.146370 0.000000
vt 1.000000 0.118809
vt 0.847452 1.000000
vt 1.000000 0.902110
vt 0.299940 0.000000
vt 0.000001 0.000000
vt 1.000000 0.690986
vt 0.000000 0.207465
vt 0.902116 0.000000
vt 0.091940 0.000000
vt 1.000000 0.894097
vt 0.908660 1.000000
vt 0.000000 0.389361
vt 1.000000 0.597010
vt 0.999999 1.000000
vt 0.000000 0.406902
vt 1.000000 0.506109
vt 0.000000 0.298651
vt 0.908662 1.000000
vt 1.000000 0.738073
vt 0.000000 0.738073
vt 0.000000 0.506109
vt 0.000000 0.597009
vt 1.000000 0.298650
vt 0.091341 1.000000
vt 0.908057 0.000000
vt 0.000000 0.894097
vt 1.000000 0.406901
vt 0.000002 0.000000
vt 0.999997 1.000000
vt 0.000000 0.690987
vt 1.000000 0.207466
vt 0.097890 0.000000
vt 1.000000 0.881184
vt 0.847452 0.000000
vt 1.000000 0.389361
vt 0.091346 1.000000
vt 0.701441 0.000000
vt 0.000000 0.908052
vt 0.299939 1.000000
vt 1.000000 0.097896
vt 0.752889 0.000000
vt 0.000000 0.881176
vt 0.146370 0.000000
vt 1.000000 0.298638
vt 0.000000 0.738082
vt 0.640463 0.000000
vt 0.000000 0.894107
vt 0.550258 0.000000
vt 0.449739 0.000000
vt 1.000000 0.894106
vt 0.473542 1.000000
vt 1.000000 0.298639
vt 0.522663 0.000000
vt 1.000000 0.750421
vt 0.500001 1.000000
vt 0.000000 0.000003
vt 0.499999 0.000000
vt 1.000000 0.999998
vt 0.525732 1.000000
vt 0.000000 0.089160
vt 0.477711 0.000000
vt 1.000000 0.910305
vt 0.526460 1.000000
vt 0.000000 0.298637
vt 0.000000 0.750419
vt 0.477338 0.000000
vt 0.474267 1.000000
vt 1.000000 0.089160
vt 0.000000 0.910305
vt 0.522291 0.000000
vt 0.499997 1.000000
vt 0.246369 1.000000
vt 1.000000 0.131034
vt 0.282214 1.000000
vt 1.000000 0.285953
vt 0.000000 0.298643
vt 0.711393 1.000000
vt 0.281803 0.000000
vt 1.000000 0.894105
vt 0.000000 0.715920
vt 0.715925 0.000000
vt 0.276389 1.000000
vt 1.000000 0.381969
vt 1.000000 0.000004
vt 0.679833 1.000000
vt 0.367694 0.000000
vt 0.000000 0.894103
vt 0.000000 0.671466
vt 0.768572 0.000000
vt 0.226321 1.000000
vt 1.000000 0.418826
vt 0.000000 0.582774
vt 0.778780 0.000000
vt 1.000000 0.256387
vt 0.519869 1.000000
vt 0.000000 0.393263
vt 0.686747 0.000000
vt 1.000000 0.653059
vt 0.738077 0.000000
s 0
g B_RiceCake2.001_mochi_flavor2
usemtl mochi_flavor2
f 397/1175/657 412/1176/657 411/1177/657
f 398/1178/658 414/1179/658 420/1180/658
f 397/1181/659 411/1182/659 426/1183/659
f 397/1178/660 426/1177/660 432/1184/660
f 397/1185/661 432/1178/661 421/1186/661
f 398/1187/662 420/1178/662 441/1188/662
f 399/1189/663 417/1183/663 447/1190/663
f 400/1191/664 429/1177/664 453/1192/664
f 401/1193/665 435/1177/665 459/1194/665
f 402/1195/666 438/1177/666 465/1196/666
f 398/1197/667 441/1181/667 448/1198/667
f 399/1199/668 447/1181/668 454/1200/668
f 400/1201/669 453/1178/669 460/1181/669
f 401/1199/670 459/1200/670 466/1181/670
f 402/1202/671 465/1203/671 442/1183/671
f 403/1204/672 471/1205/672 486/1178/672
f 404/1206/673 474/1207/673 492/1181/673
f 405/1183/674 477/1208/674 495/1209/674
f 406/1183/675 480/1210/675 498/1211/675
f 407/1177/676 483/1212/676 487/1178/676
f 489/1178/677 496/1213/677 408/1177/677
f 488/1178/678 499/1214/678 489/1177/678
f 487/1178/679 500/1215/679 488/1177/679
f 489/1216/680 499/1181/680 496/1217/680
f 499/1218/681 497/1219/681 496/1177/681
f 488/1220/682 500/1181/682 499/1221/682
f 500/1222/683 501/1223/683 499/1177/683
f 499/1224/684 501/1181/684 497/1225/684
f 501/1226/685 498/1227/685 497/1177/685
f 487/1228/686 483/1229/686 500/1181/686
f 483/1177/687 482/1230/687 500/1231/687
f 500/1232/688 482/1233/688 501/1183/688
f 482/1183/689 481/1234/689 501/1235/689
f 501/1236/690 481/1183/690 498/1237/690
f 481/1205/691 406/1204/691 498/1178/691
f 496/1181/692 493/1238/692 408/1239/692
f 497/1181/693 502/1240/693 496/1241/693
f 498/1181/694 503/1242/694 497/1243/694
f 496/1244/695 502/1245/695 493/1177/695
f 502/1181/696 494/1246/696 493/1247/696
f 497/1248/697 503/1249/697 502/1177/697
f 503/1181/698 504/1250/698 502/1251/698
f 502/1252/699 504/1253/699 494/1177/699
f 504/1181/700 495/1254/700 494/1255/700
f 498/1256/701 480/1257/701 503/1178/701
f 480/1183/702 479/1258/702 503/1259/702
f 503/1181/703 479/1260/703 504/1261/703
f 479/1262/704 478/1177/704 504/1263/704
f 504/1264/705 478/1265/705 495/1177/705
f 478/1266/706 405/1267/706 495/1183/706
f 493/1183/707 490/1177/707 408/1268/707
f 494/1269/708 505/1177/708 493/1270/708
f 495/1271/709 506/1177/709 494/1272/709
f 493/1181/710 505/1201/710 490/1178/710
f 505/1183/711 491/1273/711 490/1274/711
f 494/1181/712 506/1275/712 505/1276/712
f 506/1183/713 507/1177/713 505/1268/713
f 505/1277/714 507/1278/714 491/1178/714
f 507/1183/715 492/1279/715 491/1280/715
f 495/1281/716 477/1282/716 506/1178/716
f 477/1183/717 476/1283/717 506/1284/717
f 506/1181/718 476/1201/718 507/1178/718
f 476/1285/719 475/1177/719 507/1286/719
f 507/1181/720 475/1287/720 492/1288/720
f 475/1289/721 404/1177/721 492/1290/721
f 490/1291/722 484/1183/722 408/1292/722
f 491/1293/723 508/1183/723 490/1294/723
f 492/1295/724 509/1178/724 491/1296/724
f 490/1178/725 508/1297/725 484/1298/725
f 508/1299/726 485/1183/726 484/1300/726
f 491/1178/727 509/1301/727 508/1302/727
f 509/1303/728 510/1183/728 508/1304/728
f 508/1178/729 510/1305/729 485/1306/729
f 510/1307/730 486/1183/730 485/1308/730
f 492/1178/731 474/1309/731 509/1310/731
f 474/1177/732 473/1262/732 509/1263/732
f 509/1261/733 473/1260/733 510/1181/733
f 473/1258/734 472/1183/734 510/1259/734
f 510/1178/735 472/1257/735 486/1256/735
f 472/1210/736 403/1183/736 486/1211/736
f 484/1311/737 489/1181/737 408/1183/737
f 485/1312/738 511/1313/738 484/1178/738
f 486/1314/739 512/1315/739 485/1178/739
f 484/1316/740 511/1178/740 489/1317/740
f 511/1318/741 488/1181/741 489/1183/741
f 485/1319/742 512/1183/742 511/1320/742
f 512/1321/743 513/1322/743 511/1183/743
f 511/1323/744 513/1178/744 488/1324/744
f 513/1325/745 487/1181/745 488/1183/745
f 486/1326/746 471/1183/746 512/1327/746
f 471/1328/747 470/1181/747 512/1329/747
f 512/1177/748 470/1330/748 513/1331/748
f 470/1332/749 469/1183/749 513/1333/749
f 513/1178/750 469/1334/750 487/1335/750
f 469/1336/751 407/1183/751 487/1181/751
f 444/1337/752 483/1181/752 407/1338/752
f 443/1339/753 514/1181/753 444/1229/753
f 442/1340/754 515/1341/754 443/1183/754
f 444/1177/755 514/1342/755 483/1343/755
f 514/1344/756 482/1181/756 483/1345/756
f 443/1346/757 515/1178/757 514/1347/757
f 515/1348/758 516/1181/758 514/1349/758
f 514/1177/759 516/1350/759 482/1351/759
f 516/1352/760 481/1353/760 482/1181/760
f 442/1354/761 465/1178/761 515/1355/761
f 465/1356/762 464/1341/762 515/1183/762
f 515/1357/763 464/1178/763 516/1358/763
f 464/1359/764 463/1360/764 516/1181/764
f 516/1361/765 463/1177/765 481/1362/765
f 463/1363/766 406/1364/766 481/1181/766
f 468/1365/767 480/1178/767 406/1366/767
f 467/1367/768 517/1178/768 468/1368/768
f 466/1369/769 518/1370/769 467/1181/769
f 468/1183/770 517/1371/770 480/1372/770
f 517/1373/771 479/1178/771 480/1374/771
f 467/1375/772 518/1177/772 517/1376/772
f 518/1377/773 519/1183/773 517/1378/773
f 517/1183/774 519/1379/774 479/1380/774
f 519/1381/775 478/1382/775 479/1181/775
f 466/1383/776 459/1177/776 518/1384/776
f 459/1385/777 458/1183/777 518/1386/777
f 518/1178/778 458/1387/778 519/1388/778
f 458/1389/779 457/1390/779 519/1181/779
f 519/1391/780 457/1177/780 478/1392/780
f 457/1393/781 405/1394/781 478/1181/781
f 462/1395/782 477/1183/782 405/1396/782
f 461/1397/783 520/1183/783 462/1398/783
f 460/1399/784 521/1183/784 461/1400/784
f 462/1183/785 520/1401/785 477/1402/785
f 520/1403/786 476/1178/786 477/1404/786
f 461/1178/787 521/1405/787 520/1406/787
f 521/1407/788 522/1178/788 520/1408/788
f 520/1183/789 522/1409/789 476/1410/789
f 522/1411/790 475/1412/790 476/1181/790
f 460/1183/791 453/1177/791 521/1413/791
f 453/1414/792 452/1415/792 521/1181/792
f 521/1416/793 452/1177/793 522/1417/793
f 452/1418/794 451/1419/794 522/1181/794
f 522/1420/795 451/1177/795 475/1421/795
f 451/1422/796 404/1423/796 475/1181/796
f 456/1424/797 474/1181/797 404/1394/797
f 455/1425/798 523/1181/798 456/1426/798
f 454/1427/799 524/1428/799 455/1183/799
f 456/1177/800 523/1429/800 474/1430/800
f 523/1431/801 473/1181/801 474/1432/801
f 455/1433/802 524/1178/802 523/1434/802
f 524/1435/803 525/1436/803 523/1183/803
f 523/1437/804 525/1183/804 473/1438/804
f 525/1439/805 472/1440/805 473/1178/805
f 454/1177/806 447/1441/806 524/1442/806
f 447/1443/807 446/1181/807 524/1444/807
f 524/1177/808 446/1445/808 525/1446/808
f 446/1447/809 445/1448/809 525/1178/809
f 525/1449/810 445/1183/810 472/1450/810
f 445/1365/811 403/1366/811 472/1178/811
f 450/1363/812 471/1181/812 403/1364/812
f 449/1451/813 526/1181/813 450/1452/813
f 448/1453/814 527/1454/814 449/1183/814
f 450/1177/815 526/1455/815 471/1456/815
f 526/1457/816 470/1181/816 471/1458/816
f 449/1459/817 527/1178/817 526/1460/817
f 527/1461/818 528/1462/818 526/1183/818
f 526/1463/819 528/1178/819 470/1464/819
f 528/1465/820 469/1466/820 470/1178/820
f 448/1177/821 441/1467/821 527/1468/821
f 441/1469/822 440/1181/822 527/1470/822
f 527/1177/823 440/1471/823 528/1472/823
f 440/1473/824 439/1474/824 528/1183/824
f 528/1475/825 439/1183/825 469/1476/825
f 439/1477/826 407/1478/826 469/1178/826
f 463/1479/827 468/1177/827 406/1480/827
f 464/1178/828 529/1481/828 463/1482/828
f 465/1483/829 530/1177/829 464/1484/829
f 463/1181/830 529/1485/830 468/1370/830
f 529/1178/831 467/1486/831 468/1487/831
f 464/1341/832 530/1488/832 529/1183/832
f 530/1178/833 531/1489/833 529/1490/833
f 529/1341/834 531/1491/834 467/1183/834
f 531/1183/835 466/1492/835 467/1493/835
f 465/1181/836 438/1494/836 530/1495/836
f 438/1496/837 437/1177/837 530/1497/837
f 530/1498/838 437/1499/838 531/1178/838
f 437/1183/839 436/1500/839 531/1501/839
f 531/1502/840 436/1503/840 466/1178/840
f 436/1183/841 401/1189/841 466/1190/841
f 457/1504/842 462/1177/842 405/1505/842
f 458/1178/843 532/1506/843 457/1507/843
f 459/1508/844 533/1177/844 458/1509/844
f 457/1181/845 532/1510/845 462/1349/845
f 532/1178/846 461/1511/846 462/1512/846
f 458/1341/847 533/1513/847 532/1183/847
f 533/1178/848 534/1514/848 532/1515/848
f 532/1341/849 534/1516/849 461/1183/849
f 534/1178/850 460/1517/850 461/1518/850
f 459/1181/851 435/1519/851 533/1520/851
f 435/1521/852 434/1177/852 533/1522/852
f 533/1523/853 434/1524/853 534/1183/853
f 434/1183/854 433/1525/854 534/1526/854
f 534/1527/855 433/1528/855 460/1178/855
f 433/1183/856 400/1529/856 460/1530/856
f 451/1178/857 456/1531/857 404/1532/857
f 452/1178/858 535/1511/858 451/1533/858
f 453/1534/859 536/1177/859 452/1535/859
f 451/1536/860 535/1537/860 456/1183/860
f 535/1178/861 455/1538/861 456/1539/861
f 452/1341/862 536/1540/862 535/1183/862
f 536/1541/863 537/1177/863 535/1542/863
f 535/1341/864 537/1543/864 455/1183/864
f 537/1177/865 454/1544/865 455/1545/865
f 453/1181/866 429/1546/866 536/1547/866
f 429/1548/867 428/1177/867 536/1549/867
f 536/1181/868 428/1550/868 537/1551/868
f 428/1177/869 427/1521/869 537/1552/869
f 537/1520/870 427/1553/870 454/1181/870
f 427/1177/871 399/1193/871 454/1194/871
f 445/1177/872 450/1479/872 403/1480/872
f 446/1177/873 538/1554/873 445/1487/873
f 447/1555/874 539/1183/874 446/1493/874
f 445/1370/875 538/1485/875 450/1181/875
f 538/1177/876 449/1556/876 450/1482/876
f 446/1557/877 539/1558/877 538/1181/877
f 539/1489/878 540/1178/878 538/1559/878
f 538/1557/879 540/1560/879 449/1181/879
f 540/1177/880 448/1561/880 449/1562/880
f 447/1178/881 417/1563/881 539/1502/881
f 417/1500/882 416/1183/882 539/1564/882
f 539/1178/883 416/1565/883 540/1498/883
f 416/1177/884 415/1496/884 540/1566/884
f 540/1567/885 415/1568/885 448/1181/885
f 415/1177/886 398/1569/886 448/1570/886
f 439/1177/887 444/1183/887 407/1268/887
f 440/1177/888 541/1571/888 439/1572/888
f 441/1573/889 542/1178/889 440/1574/889
f 439/1178/890 541/1201/890 444/1181/890
f 541/1177/891 443/1575/891 444/1576/891
f 440/1557/892 542/1577/892 541/1181/892
f 542/1177/893 543/1183/893 541/1578/893
f 541/1557/894 543/1579/894 443/1181/894
f 543/1177/895 442/1580/895 443/1581/895
f 441/1178/896 420/1582/896 542/1583/896
f 420/1584/897 419/1183/897 542/1585/897
f 542/1178/898 419/1586/898 543/1181/898
f 419/1177/899 418/1587/899 543/1588/899
f 543/1589/900 418/1590/900 442/1181/900
f 418/1177/901 402/1591/901 442/1592/901
f 423/1177/902 438/1593/902 402/1594/902
f 422/1595/903 544/1183/903 423/1596/903
f 421/1597/904 545/1178/904 422/1598/904
f 423/1183/905 544/1599/905 438/1600/905
f 544/1601/906 437/1602/906 438/1181/906
f 422/1183/907 545/1603/907 544/1604/907
f 545/1605/908 546/1178/908 544/1606/908
f 544/1183/909 546/1607/909 437/1608/909
f 546/1609/910 436/1178/910 437/1610/910
f 421/1183/911 432/1611/911 545/1612/911
f 432/1613/912 431/1178/912 545/1614/912
f 545/1183/913 431/1615/913 546/1616/913
f 431/1617/914 430/1178/914 546/1618/914
f 546/1183/915 430/1619/915 436/1620/915
f 430/1621/916 401/1178/916 436/1622/916
f 430/1183/917 435/1623/917 401/1624/917
f 431/1183/918 547/1625/918 430/1626/918
f 432/1183/919 548/1627/919 431/1628/919
f 430/1629/920 547/1630/920 435/1178/920
f 547/1631/921 434/1177/921 435/1632/921
f 431/1633/922 548/1634/922 547/1178/922
f 548/1178/923 549/1635/923 547/1636/923
f 547/1181/924 549/1637/924 434/1638/924
f 549/1639/925 433/1178/925 434/1640/925
f 432/1641/926 426/1642/926 548/1183/926
f 426/1178/927 425/1177/927 548/1643/927
f 548/1644/928 425/1645/928 549/1183/928
f 425/1178/929 424/1177/929 549/1646/929
f 549/1183/930 424/1647/930 433/1648/930
f 424/1177/931 400/1178/931 433/1649/931
f 424/1183/932 429/1650/932 400/1181/932
f 425/1181/933 550/1651/933 424/1183/933
f 426/1181/934 551/1652/934 425/1183/934
f 424/1653/935 550/1177/935 429/1654/935
f 550/1655/936 428/1656/936 429/1181/936
f 425/1657/937 551/1178/937 550/1658/937
f 551/1659/938 552/1660/938 550/1183/938
f 550/1661/939 552/1178/939 428/1662/939
f 552/1663/940 427/1664/940 428/1178/940
f 426/1665/941 411/1666/941 551/1177/941
f 411/1181/942 410/1667/942 551/1668/942
f 551/1669/943 410/1670/943 552/1177/943
f 410/1181/944 409/1671/944 552/1672/944
f 552/1673/945 409/1674/945 427/1178/945
f 409/1183/946 399/1624/946 427/1623/946
f 418/1675/947 423/1676/947 402/1181/947
f 419/1677/948 553/1678/948 418/1181/948
f 420/1178/949 554/1679/949 419/1680/949
f 418/1681/950 553/1177/950 423/1682/950
f 553/1178/951 422/1683/951 423/1684/951
f 419/1685/952 554/1686/952 553/1183/952
f 554/1178/953 555/1687/953 553/1688/953
f 553/1689/954 555/1690/954 422/1183/954
f 555/1178/955 421/1691/955 422/1692/955
f 420/1693/956 414/1694/956 554/1183/956
f 414/1695/957 413/1696/957 554/1181/957
f 554/1697/958 413/1177/958 555/1698/958
f 413/1699/959 412/1700/959 555/1181/959
f 555/1701/960 412/1177/960 421/1183/960
f 412/1178/961 397/1201/961 421/1181/961
f 409/1621/962 417/1622/962 399/1178/962
f 410/1702/963 556/1703/963 409/1177/963
f 411/1704/964 557/1705/964 410/1177/964
f 409/1706/965 556/1183/965 417/1707/965
f 556/1708/966 416/1709/966 417/1178/966
f 410/1710/967 557/1181/967 556/1711/967
f 557/1712/968 558/1713/968 556/1177/968
f 556/1177/969 558/1714/969 416/1715/969
f 558/1716/970 415/1181/970 416/1717/970
f 411/1718/971 412/1181/971 557/1719/971
f 412/1720/972 413/1721/972 557/1177/972
f 557/1722/973 413/1181/973 558/1723/973
f 413/1724/974 414/1725/974 558/1177/974
f 558/1726/975 414/1181/975 415/1727/975
f 414/1178/976 398/1728/976 415/1729/976
g D_Flour0_0.001_D_Flour0_0.001
v -0.565000 -0.445000 0.350000
v -0.546910 -0.431180 0.358937
v -0.571910 -0.431180 0.364461
v -0.587361 -0.431180 0.350000
v -0.571910 -0.431180 0.335539
v -0.546910 -0.431180 0.341063
v -0.558090 -0.408820 0.364461
v -0.583090 -0.408820 0.358937
v -0.583090 -0.408820 0.341063
v -0.558090 -0.408820 0.335539
v -0.542639 -0.408820 0.350000
v -0.565000 -0.395000 0.350000
vn 0.1593 -0.6746 0.7208
vn 0.6071 -0.7947 -0.0000
vn -0.4584 -0.7417 0.4897
vn -0.4584 -0.7417 -0.4897
vn 0.1593 -0.6746 -0.7208
vn 0.9822 -0.1876 -0.0000
vn 0.2139 -0.1322 0.9679
vn -0.6746 -0.1592 0.7208
vn -0.6746 -0.1592 -0.7208
vn 0.2139 -0.1322 -0.9679
vn 0.6746 0.1592 0.7208
vn -0.2139 0.1322 0.9679
vn -0.9822 0.1876 -0.0000
vn -0.2139 0.1322 -0.9679
vn 0.6746 0.1592 -0.7208
vn 0.4584 0.7417 0.4897
vn -0.1593 0.6746 0.7208
vn -0.6071 0.7947 -0.0000
vn -0.1593 0.6746 -0.7208
vn 0.4584 0.7417 -0.4897
vt 0.276389 1.000000
vt 1.000000 0.381971
vt 0.000000 0.000000
vt 0.000000 1.000000
vt 0.500000 0.000000
vt 1.000000 1.000000
vt 0.000000 0.690991
vt 1.000000 0.000000
vt 1.000000 0.690991
vt 0.276389 0.000000
vt 1.000000 0.618029
vt 0.500000 1.000000
vt 1.000000 0.552778
vt 0.000000 0.381971
vt 0.000000 0.447222
vt 0.000000 0.618029
vt 0.000000 0.309009
vt 0.723611 1.000000
vt 0.723611 0.000000
vt 1.000000 0.309009
s 0
g D_Flour0_0.001_mochi_rice_flour
usemtl mochi_rice_flour
f 559/1730/977 560/1731/977 561/1732/977
f 560/1733/978 559/1734/978 564/1735/978
f 559/1735/979 561/1736/979 562/1737/979
f 559/1733/980 562/1732/980 563/1738/980
f 559/1739/981 563/1733/981 564/1740/981
f 560/1732/982 564/1737/982 569/1741/982
f 561/1732/983 560/1733/983 565/1742/983
f 562/1733/984 561/1732/984 566/1731/984
f 563/1733/985 562/1732/985 567/1740/985
f 564/1733/986 563/1732/986 568/1742/986
f 560/1743/987 569/1735/987 565/1737/987
f 561/1744/988 565/1735/988 566/1737/988
f 562/1734/989 566/1733/989 567/1735/989
f 563/1744/990 567/1737/990 568/1735/990
f 564/1745/991 568/1735/991 569/1737/991
f 565/1746/992 569/1735/992 570/1737/992
f 566/1743/993 565/1737/993 570/1747/993
f 567/1737/994 566/1732/994 570/1741/994
f 568/1735/995 567/1745/995 570/1748/995
f 569/1733/996 568/1749/996 570/1732/996
g D_Flour0_1.001_D_Flour0_1.001
v -0.475000 -0.425000 0.350000
v -0.456910 -0.411180 0.358937
v -0.481910 -0.411180 0.364461
v -0.497361 -0.411180 0.350000
v -0.481910 -0.411180 0.335539
v -0.456910 -0.411180 0.341063
v -0.468090 -0.388820 0.364461
v -0.493090 -0.388820 0.358937
v -0.493090 -0.388820 0.341063
v -0.468090 -0.388820 0.335539
v -0.452639 -0.388820 0.350000
v -0.475000 -0.375000 0.350000
vn 0.1593 -0.6746 0.7208
vn 0.6071 -0.7947 -0.0000
vn -0.4584 -0.7417 0.4897
vn -0.4584 -0.7417 -0.4897
vn 0.1593 -0.6746 -0.7208
vn 0.9822 -0.1876 -0.0000
vn 0.2139 -0.1322 0.9679
vn -0.6746 -0.1592 0.7208
vn -0.6746 -0.1592 -0.7208
vn 0.2139 -0.1322 -0.9679
vn 0.6746 0.1592 0.7208
vn -0.2139 0.1322 0.9679
vn -0.9822 0.1876 -0.0000
vn -0.2139 0.1322 -0.9679
vn 0.6746 0.1592 -0.7208
vn 0.4584 0.7417 0.4897
vn -0.1593 0.6746 0.7208
vn -0.6071 0.7947 -0.0000
vn -0.1593 0.6746 -0.7208
vn 0.4584 0.7417 -0.4897
vt 0.276389 1.000000
vt 1.000000 0.381971
vt 0.000000 0.000000
vt 0.000000 1.000000
vt 0.500000 0.000000
vt 1.000000 1.000000
vt 0.000000 0.690991
vt 1.000000 0.000000
vt 1.000000 0.690991
vt 0.276389 0.000000
vt 1.000000 0.618029
vt 0.500000 1.000000
vt 1.000000 0.552778
vt 0.000000 0.381971
vt 0.000000 0.447222
vt 0.000000 0.618029
vt 0.000000 0.309009
vt 0.723611 1.000000
vt 0.723611 0.000000
vt 1.000000 0.309009
s 0
g D_Flour0_1.001_mochi_rice_flour
usemtl mochi_rice_flour
f 571/1750/997 572/1751/997 573/1752/997
f 572/1753/998 571/1754/998 576/1755/998
f 571/1755/999 573/1756/999 574/1757/999
f 571/1753/1000 574/1752/1000 575/1758/1000
f 571/1759/1001 575/1753/1001 576/1760/1001
f 572/1752/1002 576/1757/1002 581/1761/1002
f 573/1752/1003 572/1753/1003 577/1762/1003
f 574/1753/1004 573/1752/1004 578/1751/1004
f 575/1753/1005 574/1752/1005 579/1760/1005
f 576/1753/1006 575/1752/1006 580/1762/1006
f 572/1763/1007 581/1755/1007 577/1757/1007
f 573/1764/1008 577/1755/1008 578/1757/1008
f 574/1754/1009 578/1753/1009 579/1755/1009
f 575/1764/1010 579/1757/1010 580/1755/1010
f 576/1765/1011 580/1755/1011 581/1757/1011
f 577/1766/1012 581/1755/1012 582/1757/1012
f 578/1763/1013 577/1757/1013 582/1767/1013
f 579/1757/1014 578/1752/1014 582/1761/1014
f 580/1755/1015 579/1765/1015 582/1768/1015
f 581/1753/1016 580/1769/1016 582/1752/1016
g D_Flour0_2.001_D_Flour0_2.001
v -0.385000 -0.445000 0.350000
v -0.366910 -0.431180 0.358937
v -0.391910 -0.431180 0.364461
v -0.407361 -0.431180 0.350000
v -0.391910 -0.431180 0.335539
v -0.366910 -0.431180 0.341063
v -0.378090 -0.408820 0.364461
v -0.403090 -0.408820 0.358937
v -0.403090 -0.408820 0.341063
v -0.378090 -0.408820 0.335539
v -0.362639 -0.408820 0.350000
v -0.385000 -0.395000 0.350000
vn 0.1593 -0.6746 0.7208
vn 0.6071 -0.7947 -0.0000
vn -0.4584 -0.7417 0.4897
vn -0.4584 -0.7417 -0.4897
vn 0.1593 -0.6746 -0.7208
vn 0.9822 -0.1876 -0.0000
vn 0.2139 -0.1322 0.9679
vn -0.6746 -0.1592 0.7208
vn -0.6746 -0.1592 -0.7208
vn 0.2139 -0.1322 -0.9679
vn 0.6746 0.1592 0.7208
vn -0.2139 0.1322 0.9679
vn -0.9822 0.1876 -0.0000
vn -0.2139 0.1322 -0.9679
vn 0.6746 0.1592 -0.7208
vn 0.4584 0.7417 0.4897
vn -0.1593 0.6746 0.7208
vn -0.6071 0.7947 -0.0000
vn -0.1593 0.6746 -0.7208
vn 0.4584 0.7417 -0.4897
vt 0.276389 1.000000
vt 1.000000 0.381971
vt 0.000000 0.000000
vt 0.000000 1.000000
vt 0.500000 0.000000
vt 1.000000 1.000000
vt 0.000000 0.690991
vt 1.000000 0.000000
vt 1.000000 0.690991
vt 0.276389 0.000000
vt 1.000000 0.618029
vt 0.500000 1.000000
vt 1.000000 0.552778
vt 0.000000 0.381971
vt 0.000000 0.447222
vt 0.000000 0.618029
vt 0.000000 0.309009
vt 0.723611 1.000000
vt 0.723611 0.000000
vt 1.000000 0.309009
s 0
g D_Flour0_2.001_mochi_rice_flour
usemtl mochi_rice_flour
f 583/1770/1017 584/1771/1017 585/1772/1017
f 584/1773/1018 583/1774/1018 588/1775/1018
f 583/1775/1019 585/1776/1019 586/1777/1019
f 583/1773/1020 586/1772/1020 587/1778/1020
f 583/1779/1021 587/1773/1021 588/1780/1021
f 584/1772/1022 588/1777/1022 593/1781/1022
f 585/1772/1023 584/1773/1023 589/1782/1023
f 586/1773/1024 585/1772/1024 590/1771/1024
f 587/1773/1025 586/1772/1025 591/1780/1025
f 588/1773/1026 587/1772/1026 592/1782/1026
f 584/1783/1027 593/1775/1027 589/1777/1027
f 585/1784/1028 589/1775/1028 590/1777/1028
f 586/1774/1029 590/1773/1029 591/1775/1029
f 587/1784/1030 591/1777/1030 592/1775/1030
f 588/1785/1031 592/1775/1031 593/1777/1031
f 589/1786/1032 593/1775/1032 594/1777/1032
f 590/1783/1033 589/1777/1033 594/1787/1033
f 591/1777/1034 590/1772/1034 594/1781/1034
f 592/1775/1035 591/1785/1035 594/1788/1035
f 593/1773/1036 592/1789/1036 594/1772/1036
g D_Flour0_3.001_D_Flour0_3.001
v -0.295000 -0.425000 0.350000
v -0.276910 -0.411180 0.358937
v -0.301910 -0.411180 0.364461
v -0.317361 -0.411180 0.350000
v -0.301910 -0.411180 0.335539
v -0.276910 -0.411180 0.341063
v -0.288090 -0.388820 0.364461
v -0.313090 -0.388820 0.358937
v -0.313090 -0.388820 0.341063
v -0.288090 -0.388820 0.335539
v -0.272639 -0.388820 0.350000
v -0.295000 -0.375000 0.350000
vn 0.1593 -0.6746 0.7208
vn 0.6071 -0.7947 -0.0000
vn -0.4584 -0.7417 0.4897
vn -0.4584 -0.7417 -0.4897
vn 0.1593 -0.6746 -0.7208
vn 0.9822 -0.1876 -0.0000
vn 0.2139 -0.1322 0.9679
vn -0.6746 -0.1592 0.7208
vn -0.6746 -0.1592 -0.7208
vn 0.2139 -0.1322 -0.9679
vn 0.6746 0.1592 0.7208
vn -0.2139 0.1322 0.9679
vn -0.9822 0.1876 -0.0000
vn -0.2139 0.1322 -0.9679
vn 0.6746 0.1592 -0.7208
vn 0.4584 0.7417 0.4897
vn -0.1593 0.6746 0.7208
vn -0.6071 0.7947 -0.0000
vn -0.1593 0.6746 -0.7208
vn 0.4584 0.7417 -0.4897
vt 0.276389 1.000000
vt 1.000000 0.381971
vt 0.000000 0.000000
vt 0.000000 1.000000
vt 0.500000 0.000000
vt 1.000000 1.000000
vt 0.000000 0.690991
vt 1.000000 0.000000
vt 1.000000 0.690991
vt 0.276389 0.000000
vt 1.000000 0.618029
vt 0.500000 1.000000
vt 1.000000 0.552778
vt 0.000000 0.381971
vt 0.000000 0.447222
vt 0.000000 0.618029
vt 0.000000 0.309009
vt 0.723611 1.000000
vt 0.723611 0.000000
vt 1.000000 0.309009
s 0
g D_Flour0_3.001_mochi_rice_flour
usemtl mochi_rice_flour
f 595/1790/1037 596/1791/1037 597/1792/1037
f 596/1793/1038 595/1794/1038 600/1795/1038
f 595/1795/1039 597/1796/1039 598/1797/1039
f 595/1793/1040 598/1792/1040 599/1798/1040
f 595/1799/1041 599/1793/1041 600/1800/1041
f 596/1792/1042 600/1797/1042 605/1801/1042
f 597/1792/1043 596/1793/1043 601/1802/1043
f 598/1793/1044 597/1792/1044 602/1791/1044
f 599/1793/1045 598/1792/1045 603/1800/1045
f 600/1793/1046 599/1792/1046 604/1802/1046
f 596/1803/1047 605/1795/1047 601/1797/1047
f 597/1804/1048 601/1795/1048 602/1797/1048
f 598/1794/1049 602/1793/1049 603/1795/1049
f 599/1804/1050 603/1797/1050 604/1795/1050
f 600/1805/1051 604/1795/1051 605/1797/1051
f 601/1806/1052 605/1795/1052 606/1797/1052
f 602/1803/1053 601/1797/1053 606/1807/1053
f 603/1797/1054 602/1792/1054 606/1801/1054
f 604/1795/1055 603/1805/1055 606/1808/1055
f 605/1793/1056 604/1809/1056 606/1792/1056
g D_Flour1_0.001_D_Flour1_0.001
v -0.135000 -0.025000 0.350000
v -0.116910 -0.011180 0.358937
v -0.141910 -0.011180 0.364461
v -0.157361 -0.011180 0.350000
v -0.141910 -0.011180 0.335539
v -0.116910 -0.011180 0.341063
v -0.128090 0.011180 0.364461
v -0.153090 0.011180 0.358937
v -0.153090 0.011180 0.341063
v -0.128090 0.011180 0.335539
v -0.112639 0.011180 0.350000
v -0.135000 0.025000 0.350000
vn 0.1593 -0.6746 0.7208
vn 0.6071 -0.7947 -0.0000
vn -0.4584 -0.7417 0.4897
vn -0.4584 -0.7417 -0.4897
vn 0.1593 -0.6746 -0.7208
vn 0.9822 -0.1876 -0.0000
vn 0.2139 -0.1322 0.9679
vn -0.6746 -0.1592 0.7208
vn -0.6746 -0.1592 -0.7208
vn 0.2139 -0.1322 -0.9679
vn 0.6746 0.1592 0.7208
vn -0.2139 0.1322 0.9679
vn -0.9822 0.1876 -0.0000
vn -0.2139 0.1322 -0.9679
vn 0.6746 0.1592 -0.7208
vn 0.4584 0.7417 0.4897
vn -0.1593 0.6746 0.7208
vn -0.6071 0.7947 -0.0000
vn -0.1593 0.6746 -0.7208
vn 0.4584 0.7417 -0.4897
vt 0.276389 1.000000
vt 1.000000 0.381971
vt 0.000000 0.000000
vt 0.000000 1.000000
vt 0.500000 0.000000
vt 1.000000 1.000000
vt 0.000000 0.690991
vt 1.000000 0.000000
vt 1.000000 0.690991
vt 0.276389 0.000000
vt 1.000000 0.618029
vt 0.500000 1.000000
vt 1.000000 0.552778
vt 0.000000 0.381971
vt 0.000000 0.447222
vt 0.000000 0.618029
vt 0.000000 0.309009
vt 0.723611 1.000000
vt 0.723611 0.000000
vt 1.000000 0.309009
s 0
g D_Flour1_0.001_mochi_rice_flour
usemtl mochi_rice_flour
f 607/1810/1057 608/1811/1057 609/1812/1057
f 608/1813/1058 607/1814/1058 612/1815/1058
f 607/1815/1059 609/1816/1059 610/1817/1059
f 607/1813/1060 610/1812/1060 611/1818/1060
f 607/1819/1061 611/1813/1061 612/1820/1061
f 608/1812/1062 612/1817/1062 617/1821/1062
f 609/1812/1063 608/1813/1063 613/1822/1063
f 610/1813/1064 609/1812/1064 614/1811/1064
f 611/1813/1065 610/1812/1065 615/1820/1065
f 612/1813/1066 611/1812/1066 616/1822/1066
f 608/1823/1067 617/1815/1067 613/1817/1067
f 609/1824/1068 613/1815/1068 614/1817/1068
f 610/1814/1069 614/1813/1069 615/1815/1069
f 611/1824/1070 615/1817/1070 616/1815/1070
f 612/1825/1071 616/1815/1071 617/1817/1071
f 613/1826/1072 617/1815/1072 618/1817/1072
f 614/1823/1073 613/1817/1073 618/1827/1073
f 615/1817/1074 614/1812/1074 618/1821/1074
f 616/1815/1075 615/1825/1075 618/1828/1075
f 617/1813/1076 616/1829/1076 618/1812/1076
g D_Flour1_1.001_D_Flour1_1.001
v -0.045000 -0.005000 0.350000
v -0.026910 0.008820 0.358937
v -0.051910 0.008820 0.364461
v -0.067361 0.008820 0.350000
v -0.051910 0.008820 0.335539
v -0.026910 0.008820 0.341063
v -0.038090 0.031180 0.364461
v -0.063090 0.031180 0.358937
v -0.063090 0.031180 0.341063
v -0.038090 0.031180 0.335539
v -0.022639 0.031180 0.350000
v -0.045000 0.045000 0.350000
vn 0.1593 -0.6746 0.7208
vn 0.6071 -0.7947 -0.0000
vn -0.4584 -0.7417 0.4897
vn -0.4584 -0.7417 -0.4897
vn 0.1593 -0.6746 -0.7208
vn 0.9822 -0.1876 -0.0000
vn 0.2139 -0.1322 0.9679
vn -0.6746 -0.1592 0.7208
vn -0.6746 -0.1592 -0.7208
vn 0.2139 -0.1322 -0.9679
vn 0.6746 0.1592 0.7208
vn -0.2139 0.1322 0.9679
vn -0.9822 0.1876 -0.0000
vn -0.2139 0.1322 -0.9679
vn 0.6746 0.1592 -0.7208
vn 0.4584 0.7417 0.4897
vn -0.1593 0.6746 0.7208
vn -0.6071 0.7947 -0.0000
vn -0.1593 0.6746 -0.7208
vn 0.4584 0.7417 -0.4897
vt 0.276389 1.000000
vt 1.000000 0.381971
vt 0.000000 0.000000
vt 0.000000 1.000000
vt 0.500000 0.000000
vt 1.000000 1.000000
vt 0.000000 0.690991
vt 1.000000 0.000000
vt 1.000000 0.690991
vt 0.276389 0.000000
vt 1.000000 0.618029
vt 0.500000 1.000000
vt 1.000000 0.552778
vt 0.000000 0.381971
vt 0.000000 0.447222
vt 0.000000 0.618029
vt 0.000000 0.309009
vt 0.723611 1.000000
vt 0.723611 0.000000
vt 1.000000 0.309009
s 0
g D_Flour1_1.001_mochi_rice_flour
usemtl mochi_rice_flour
f 619/1830/1077 620/1831/1077 621/1832/1077
f 620/1833/1078 619/1834/1078 624/1835/1078
f 619/1835/1079 621/1836/1079 622/1837/1079
f 619/1833/1080 622/1832/1080 623/1838/1080
f 619/1839/1081 623/1833/1081 624/1840/1081
f 620/1832/1082 624/1837/1082 629/1841/1082
f 621/1832/1083 620/1833/1083 625/1842/1083
f 622/1833/1084 621/1832/1084 626/1831/1084
f 623/1833/1085 622/1832/1085 627/1840/1085
f 624/1833/1086 623/1832/1086 628/1842/1086
f 620/1843/1087 629/1835/1087 625/1837/1087
f 621/1844/1088 625/1835/1088 626/1837/1088
f 622/1834/1089 626/1833/1089 627/1835/1089
f 623/1844/1090 627/1837/1090 628/1835/1090
f 624/1845/1091 628/1835/1091 629/1837/1091
f 625/1846/1092 629/1835/1092 630/1837/1092
f 626/1843/1093 625/1837/1093 630/1847/1093
f 627/1837/1094 626/1832/1094 630/1841/1094
f 628/1835/1095 627/1845/1095 630/1848/1095
f 629/1833/1096 628/1849/1096 630/1832/1096
g D_Flour1_2.001_D_Flour1_2.001
v 0.045000 -0.025000 0.350000
v 0.063090 -0.011180 0.358937
v 0.038090 -0.011180 0.364461
v 0.022639 -0.011180 0.350000
v 0.038090 -0.011180 0.335539
v 0.063090 -0.011180 0.341063
v 0.051910 0.011180 0.364461
v 0.026910 0.011180 0.358937
v 0.026910 0.011180 0.341063
v 0.051910 0.011180 0.335539
v 0.067361 0.011180 0.350000
v 0.045000 0.025000 0.350000
vn 0.1593 -0.6746 0.7208
vn 0.6071 -0.7947 -0.0000
vn -0.4584 -0.7417 0.4897
vn -0.4584 -0.7417 -0.4897
vn 0.1593 -0.6746 -0.7208
vn 0.9822 -0.1876 -0.0000
vn 0.2139 -0.1322 0.9679
vn -0.6746 -0.1592 0.7208
vn -0.6746 -0.1592 -0.7208
vn 0.2139 -0.1322 -0.9679
vn 0.6746 0.1592 0.7208
vn -0.2139 0.1322 0.9679
vn -0.9822 0.1876 -0.0000
vn -0.2139 0.1322 -0.9679
vn 0.6746 0.1592 -0.7208
vn 0.4584 0.7417 0.4897
vn -0.1593 0.6746 0.7208
vn -0.6071 0.7947 -0.0000
vn -0.1593 0.6746 -0.7208
vn 0.4584 0.7417 -0.4897
vt 0.276389 1.000000
vt 1.000000 0.381971
vt 0.000000 0.000000
vt 0.000000 1.000000
vt 0.500000 0.000000
vt 1.000000 1.000000
vt 0.000000 0.690991
vt 1.000000 0.000000
vt 1.000000 0.690991
vt 0.276389 0.000000
vt 1.000000 0.618029
vt 0.500000 1.000000
vt 1.000000 0.552778
vt 0.000000 0.381971
vt 0.000000 0.447222
vt 0.000000 0.618029
vt 0.000000 0.309009
vt 0.723611 1.000000
vt 0.723611 0.000000
vt 1.000000 0.309009
s 0
g D_Flour1_2.001_mochi_rice_flour
usemtl mochi_rice_flour
f 631/1850/1097 632/1851/1097 633/1852/1097
f 632/1853/1098 631/1854/1098 636/1855/1098
f 631/1855/1099 633/1856/1099 634/1857/1099
f 631/1853/1100 634/1852/1100 635/1858/1100
f 631/1859/1101 635/1853/1101 636/1860/1101
f 632/1852/1102 636/1857/1102 641/1861/1102
f 633/1852/1103 632/1853/1103 637/1862/1103
f 634/1853/1104 633/1852/1104 638/1851/1104
f 635/1853/1105 634/1852/1105 639/1860/1105
f 636/1853/1106 635/1852/1106 640/1862/1106
f 632/1863/1107 641/1855/1107 637/1857/1107
f 633/1864/1108 637/1855/1108 638/1857/1108
f 634/1854/1109 638/1853/1109 639/1855/1109
f 635/1864/1110 639/1857/1110 640/1855/1110
f 636/1865/1111 640/1855/1111 641/1857/1111
f 637/1866/1112 641/1855/1112 642/1857/1112
f 638/1863/1113 637/1857/1113 642/1867/1113
f 639/1857/1114 638/1852/1114 642/1861/1114
f 640/1855/1115 639/1865/1115 642/1868/1115
f 641/1853/1116 640/1869/1116 642/1852/1116
g D_Flour1_3.001_D_Flour1_3.001
v 0.135000 -0.005000 0.350000
v 0.153090 0.008820 0.358937
v 0.128090 0.008820 0.364461
v 0.112639 0.008820 0.350000
v 0.128090 0.008820 0.335539
v 0.153090 0.008820 0.341063
v 0.141910 0.031180 0.364461
v 0.116910 0.031180 0.358937
v 0.116910 0.031180 0.341063
v 0.141910 0.031180 0.335539
v 0.157361 0.031180 0.350000
v 0.135000 0.045000 0.350000
vn 0.1593 -0.6746 0.7208
vn 0.6071 -0.7947 -0.0000
vn -0.4584 -0.7417 0.4897
vn -0.4584 -0.7417 -0.4897
vn 0.1593 -0.6746 -0.7208
vn 0.9822 -0.1876 -0.0000
vn 0.2139 -0.1322 0.9679
vn -0.6746 -0.1592 0.7208
vn -0.6746 -0.1592 -0.7208
vn 0.2139 -0.1322 -0.9679
vn 0.6746 0.1592 0.7208
vn -0.2139 0.1322 0.9679
vn -0.9822 0.1876 -0.0000
vn -0.2139 0.1322 -0.9679
vn 0.6746 0.1592 -0.7208
vn 0.4584 0.7417 0.4897
vn -0.1593 0.6746 0.7208
vn -0.6071 0.7947 -0.0000
vn -0.1593 0.6746 -0.7208
vn 0.4584 0.7417 -0.4897
vt 0.276389 1.000000
vt 1.000000 0.381971
vt 0.000000 0.000000
vt 0.000000 1.000000
vt 0.500000 0.000000
vt 1.000000 1.000000
vt 0.000000 0.690991
vt 1.000000 0.000000
vt 1.000000 0.690991
vt 0.276389 0.000000
vt 1.000000 0.618029
vt 0.500000 1.000000
vt 1.000000 0.552778
vt 0.000000 0.381971
vt 0.000000 0.447222
vt 0.000000 0.618029
vt 0.000000 0.309009
vt 0.723611 1.000000
vt 0.723611 0.000000
vt 1.000000 0.309009
s 0
g D_Flour1_3.001_mochi_rice_flour
usemtl mochi_rice_flour
f 643/1870/1117 644/1871/1117 645/1872/1117
f 644/1873/1118 643/1874/1118 648/1875/1118
f 643/1875/1119 645/1876/1119 646/1877/1119
f 643/1873/1120 646/1872/1120 647/1878/1120
f 643/1879/1121 647/1873/1121 648/1880/1121
f 644/1872/1122 648/1877/1122 653/1881/1122
f 645/1872/1123 644/1873/1123 649/1882/1123
f 646/1873/1124 645/1872/1124 650/1871/1124
f 647/1873/1125 646/1872/1125 651/1880/1125
f 648/1873/1126 647/1872/1126 652/1882/1126
f 644/1883/1127 653/1875/1127 649/1877/1127
f 645/1884/1128 649/1875/1128 650/1877/1128
f 646/1874/1129 650/1873/1129 651/1875/1129
f 647/1884/1130 651/1877/1130 652/1875/1130
f 648/1885/1131 652/1875/1131 653/1877/1131
f 649/1886/1132 653/1875/1132 654/1877/1132
f 650/1883/1133 649/1877/1133 654/1887/1133
f 651/1877/1134 650/1872/1134 654/1881/1134
f 652/1875/1135 651/1885/1135 654/1888/1135
f 653/1873/1136 652/1889/1136 654/1872/1136
g D_Flour2_0.001_D_Flour2_0.001
v 0.295000 0.395000 0.350000
v 0.313090 0.408820 0.358937
v 0.288090 0.408820 0.364461
v 0.272639 0.408820 0.350000
v 0.288090 0.408820 0.335539
v 0.313090 0.408820 0.341063
v 0.301910 0.431180 0.364461
v 0.276910 0.431180 0.358937
v 0.276910 0.431180 0.341063
v 0.301910 0.431180 0.335539
v 0.317361 0.431180 0.350000
v 0.295000 0.445000 0.350000
vn 0.1593 -0.6746 0.7208
vn 0.6071 -0.7947 -0.0000
vn -0.4584 -0.7417 0.4897
vn -0.4584 -0.7417 -0.4897
vn 0.1593 -0.6746 -0.7208
vn 0.9822 -0.1876 -0.0000
vn 0.2139 -0.1322 0.9679
vn -0.6746 -0.1592 0.7208
vn -0.6746 -0.1592 -0.7208
vn 0.2139 -0.1322 -0.9679
vn 0.6746 0.1592 0.7208
vn -0.2139 0.1322 0.9679
vn -0.9822 0.1876 -0.0000
vn -0.2139 0.1322 -0.9679
vn 0.6746 0.1592 -0.7208
vn 0.4584 0.7417 0.4897
vn -0.1593 0.6746 0.7208
vn -0.6071 0.7947 -0.0000
vn -0.1593 0.6746 -0.7208
vn 0.4584 0.7417 -0.4897
vt 0.276389 1.000000
vt 1.000000 0.381971
vt 0.000000 0.000000
vt 0.000000 1.000000
vt 0.500000 0.000000
vt 1.000000 1.000000
vt 0.000000 0.690991
vt 1.000000 0.000000
vt 1.000000 0.690991
vt 0.276389 0.000000
vt 1.000000 0.618029
vt 0.500000 1.000000
vt 1.000000 0.552778
vt 0.000000 0.381971
vt 0.000000 0.447222
vt 0.000000 0.618029
vt 0.000000 0.309009
vt 0.723611 1.000000
vt 0.723611 0.000000
vt 1.000000 0.309009
s 0
g D_Flour2_0.001_mochi_rice_flour
usemtl mochi_rice_flour
f 655/1890/1137 656/1891/1137 657/1892/1137
f 656/1893/1138 655/1894/1138 660/1895/1138
f 655/1895/1139 657/1896/1139 658/1897/1139
f 655/1893/1140 658/1892/1140 659/1898/1140
f 655/1899/1141 659/1893/1141 660/1900/1141
f 656/1892/1142 660/1897/1142 665/1901/1142
f 657/1892/1143 656/1893/1143 661/1902/1143
f 658/1893/1144 657/1892/1144 662/1891/1144
f 659/1893/1145 658/1892/1145 663/1900/1145
f 660/1893/1146 659/1892/1146 664/1902/1146
f 656/1903/1147 665/1895/1147 661/1897/1147
f 657/1904/1148 661/1895/1148 662/1897/1148
f 658/1894/1149 662/1893/1149 663/1895/1149
f 659/1904/1150 663/1897/1150 664/1895/1150
f 660/1905/1151 664/1895/1151 665/1897/1151
f 661/1906/1152 665/1895/1152 666/1897/1152
f 662/1903/1153 661/1897/1153 666/1907/1153
f 663/1897/1154 662/1892/1154 666/1901/1154
f 664/1895/1155 663/1905/1155 666/1908/1155
f 665/1893/1156 664/1909/1156 666/1892/1156
g D_Flour2_1.001_D_Flour2_1.001
v 0.385000 0.415000 0.350000
v 0.403090 0.428820 0.358937
v 0.378090 0.428820 0.364461
v 0.362639 0.428820 0.350000
v 0.378090 0.428820 0.335539
v 0.403090 0.428820 0.341063
v 0.391910 0.451180 0.364461
v 0.366910 0.451180 0.358937
v 0.366910 0.451180 0.341063
v 0.391910 0.451180 0.335539
v 0.407361 0.451180 0.350000
v 0.385000 0.465000 0.350000
vn 0.1593 -0.6746 0.7208
vn 0.6071 -0.7947 -0.0000
vn -0.4584 -0.7417 0.4897
vn -0.4584 -0.7417 -0.4897
vn 0.1593 -0.6746 -0.7208
vn 0.9822 -0.1876 -0.0000
vn 0.2139 -0.1322 0.9679
vn -0.6746 -0.1592 0.7208
vn -0.6746 -0.1592 -0.7208
vn 0.2139 -0.1322 -0.9679
vn 0.6746 0.1592 0.7208
vn -0.2139 0.1322 0.9679
vn -0.9822 0.1876 -0.0000
vn -0.2139 0.1322 -0.9679
vn 0.6746 0.1592 -0.7208
vn 0.4584 0.7417 0.4897
vn -0.1593 0.6746 0.7208
vn -0.6071 0.7947 -0.0000
vn -0.1593 0.6746 -0.7208
vn 0.4584 0.7417 -0.4897
vt 0.276389 1.000000
vt 1.000000 0.381971
vt 0.000000 0.000000
vt 0.000000 1.000000
vt 0.500000 0.000000
vt 1.000000 1.000000
vt 0.000000 0.690991
vt 1.000000 0.000000
vt 1.000000 0.690991
vt 0.276389 0.000000
vt 1.000000 0.618029
vt 0.500000 1.000000
vt 1.000000 0.552778
vt 0.000000 0.381971
vt 0.000000 0.447222
vt 0.000000 0.618029
vt 0.000000 0.309009
vt 0.723611 1.000000
vt 0.723611 0.000000
vt 1.000000 0.309009
s 0
g D_Flour2_1.001_mochi_rice_flour
usemtl mochi_rice_flour
f 667/1910/1157 668/1911/1157 669/1912/1157
f 668/1913/1158 667/1914/1158 672/1915/1158
f 667/1915/1159 669/1916/1159 670/1917/1159
f 667/1913/1160 670/1912/1160 671/1918/1160
f 667/1919/1161 671/1913/1161 672/1920/1161
f 668/1912/1162 672/1917/1162 677/1921/1162
f 669/1912/1163 668/1913/1163 673/1922/1163
f 670/1913/1164 669/1912/1164 674/1911/1164
f 671/1913/1165 670/1912/1165 675/1920/1165
f 672/1913/1166 671/1912/1166 676/1922/1166
f 668/1923/1167 677/1915/1167 673/1917/1167
f 669/1924/1168 673/1915/1168 674/1917/1168
f 670/1914/1169 674/1913/1169 675/1915/1169
f 671/1924/1170 675/1917/1170 676/1915/1170
f 672/1925/1171 676/1915/1171 677/1917/1171
f 673/1926/1172 677/1915/1172 678/1917/1172
f 674/1923/1173 673/1917/1173 678/1927/1173
f 675/1917/1174 674/1912/1174 678/1921/1174
f 676/1915/1175 675/1925/1175 678/1928/1175
f 677/1913/1176 676/1929/1176 678/1912/1176
g D_Flour2_2.001_D_Flour2_2.001
v 0.475000 0.395000 0.350000
v 0.493090 0.408820 0.358937
v 0.468090 0.408820 0.364461
v 0.452639 0.408820 0.350000
v 0.468090 0.408820 0.335539
v 0.493090 0.408820 0.341063
v 0.481910 0.431180 0.364461
v 0.456910 0.431180 0.358937
v 0.456910 0.431180 0.341063
v 0.481910 0.431180 0.335539
v 0.497361 0.431180 0.350000
v 0.475000 0.445000 0.350000
vn 0.1593 -0.6746 0.7208
vn 0.6071 -0.7947 -0.0000
vn -0.4584 -0.7417 0.4897
vn -0.4584 -0.7417 -0.4897
vn 0.1593 -0.6746 -0.7208
vn 0.9822 -0.1876 -0.0000
vn 0.2139 -0.1322 0.9679
vn -0.6746 -0.1592 0.7208
vn -0.6746 -0.1592 -0.7208
vn 0.2139 -0.1322 -0.9679
vn 0.6746 0.1592 0.7208
vn -0.2139 0.1322 0.9679
vn -0.9822 0.1876 -0.0000
vn -0.2139 0.1322 -0.9679
vn 0.6746 0.1592 -0.7208
vn 0.4584 0.7417 0.4897
vn -0.1593 0.6746 0.7208
vn -0.6071 0.7947 -0.0000
vn -0.1593 0.6746 -0.7208
vn 0.4584 0.7417 -0.4897
vt 0.276389 1.000000
vt 1.000000 0.381971
vt 0.000000 0.000000
vt 0.000000 1.000000
vt 0.500000 0.000000
vt 1.000000 1.000000
vt 0.000000 0.690991
vt 1.000000 0.000000
vt 1.000000 0.690991
vt 0.276389 0.000000
vt 1.000000 0.618029
vt 0.500000 1.000000
vt 1.000000 0.552778
vt 0.000000 0.381971
vt 0.000000 0.447222
vt 0.000000 0.618029
vt 0.000000 0.309009
vt 0.723611 1.000000
vt 0.723611 0.000000
vt 1.000000 0.309009
s 0
g D_Flour2_2.001_mochi_rice_flour
usemtl mochi_rice_flour
f 679/1930/1177 680/1931/1177 681/1932/1177
f 680/1933/1178 679/1934/1178 684/1935/1178
f 679/1935/1179 681/1936/1179 682/1937/1179
f 679/1933/1180 682/1932/1180 683/1938/1180
f 679/1939/1181 683/1933/1181 684/1940/1181
f 680/1932/1182 684/1937/1182 689/1941/1182
f 681/1932/1183 680/1933/1183 685/1942/1183
f 682/1933/1184 681/1932/1184 686/1931/1184
f 683/1933/1185 682/1932/1185 687/1940/1185
f 684/1933/1186 683/1932/1186 688/1942/1186
f 680/1943/1187 689/1935/1187 685/1937/1187
f 681/1944/1188 685/1935/1188 686/1937/1188
f 682/1934/1189 686/1933/1189 687/1935/1189
f 683/1944/1190 687/1937/1190 688/1935/1190
f 684/1945/1191 688/1935/1191 689/1937/1191
f 685/1946/1192 689/1935/1192 690/1937/1192
f 686/1943/1193 685/1937/1193 690/1947/1193
f 687/1937/1194 686/1932/1194 690/1941/1194
f 688/1935/1195 687/1945/1195 690/1948/1195
f 689/1933/1196 688/1949/1196 690/1932/1196
g D_Flour2_3.001_D_Flour2_3.001
v 0.565000 0.415000 0.350000
v 0.583090 0.428820 0.358937
v 0.558090 0.428820 0.364461
v 0.542639 0.428820 0.350000
v 0.558090 0.428820 0.335539
v 0.583090 0.428820 0.341063
v 0.571910 0.451180 0.364461
v 0.546910 0.451180 0.358937
v 0.546910 0.451180 0.341063
v 0.571910 0.451180 0.335539
v 0.587361 0.451180 0.350000
v 0.565000 0.465000 0.350000
vn 0.1593 -0.6746 0.7208
vn 0.6071 -0.7947 -0.0000
vn -0.4584 -0.7417 0.4897
vn -0.4584 -0.7417 -0.4897
vn 0.1593 -0.6746 -0.7208
vn 0.9822 -0.1876 -0.0000
vn 0.2139 -0.1322 0.9679
vn -0.6746 -0.1592 0.7208
vn -0.6746 -0.1592 -0.7208
vn 0.2139 -0.1322 -0.9679
vn 0.6746 0.1592 0.7208
vn -0.2139 0.1322 0.9679
vn -0.9822 0.1876 -0.0000
vn -0.2139 0.1322 -0.9679
vn 0.6746 0.1592 -0.7208
vn 0.4584 0.7417 0.4897
vn -0.1593 0.6746 0.7208
vn -0.6071 0.7947 -0.0000
vn -0.1593 0.6746 -0.7208
vn 0.4584 0.7417 -0.4897
vt 0.276389 1.000000
vt 1.000000 0.381971
vt 0.000000 0.000000
vt 0.000000 1.000000
vt 0.500000 0.000000
vt 1.000000 1.000000
vt 0.000000 0.690991
vt 1.000000 0.000000
vt 1.000000 0.690991
vt 0.276389 0.000000
vt 1.000000 0.618029
vt 0.500000 1.000000
vt 1.000000 0.552778
vt 0.000000 0.381971
vt 0.000000 0.447222
vt 0.000000 0.618029
vt 0.000000 0.309009
vt 0.723611 1.000000
vt 0.723611 0.000000
vt 1.000000 0.309009
s 0
g D_Flour2_3.001_mochi_rice_flour
usemtl mochi_rice_flour
f 691/1950/1197 692/1951/1197 693/1952/1197
f 692/1953/1198 691/1954/1198 696/1955/1198
f 691/1955/1199 693/1956/1199 694/1957/1199
f 691/1953/1200 694/1952/1200 695/1958/1200
f 691/1959/1201 695/1953/1201 696/1960/1201
f 692/1952/1202 696/1957/1202 701/1961/1202
f 693/1952/1203 692/1953/1203 697/1962/1203
f 694/1953/1204 693/1952/1204 698/1951/1204
f 695/1953/1205 694/1952/1205 699/1960/1205
f 696/1953/1206 695/1952/1206 700/1962/1206
f 692/1963/1207 701/1955/1207 697/1957/1207
f 693/1964/1208 697/1955/1208 698/1957/1208
f 694/1954/1209 698/1953/1209 699/1955/1209
f 695/1964/1210 699/1957/1210 700/1955/1210
f 696/1965/1211 700/1955/1211 701/1957/1211
f 697/1966/1212 701/1955/1212 702/1957/1212
f 698/1963/1213 697/1957/1213 702/1967/1213
f 699/1957/1214 698/1952/1214 702/1961/1214
f 700/1955/1215 699/1965/1215 702/1968/1215
f 701/1953/1216 700/1969/1216 702/1952/1216
