# Blender 5.2.2 LTS
# www.blender.org
mtllib ring_mail.mtl
g A_Torso.001_A_Torso.001
v 0.360000 1.020000 0.000000
v 0.353977 1.020000 -0.074847
v 0.336049 1.020000 -0.134466
v 0.306622 1.020000 -0.185950
v 0.266330 1.020000 -0.229340
v 0.215942 1.020000 -0.264036
v 0.156154 1.020000 -0.289376
v 0.086919 1.020000 -0.304814
v 0.000000 1.020000 -0.310000
v -0.086919 1.020000 -0.304814
v -0.156154 1.020000 -0.289376
v -0.215942 1.020000 -0.264036
v -0.266330 1.020000 -0.229340
v -0.306622 1.020000 -0.185950
v -0.336049 1.020000 -0.134466
v -0.353977 1.020000 -0.074847
v -0.360000 1.020000 -0.000000
v -0.353977 1.020000 0.074847
v -0.336049 1.020000 0.134466
v -0.306622 1.020000 0.185950
v -0.266330 1.020000 0.229340
v -0.215942 1.020000 0.264036
v -0.156154 1.020000 0.289376
v -0.086919 1.020000 0.304814
v -0.000000 1.020000 0.310000
v 0.086919 1.020000 0.304814
v 0.156154 1.020000 0.289376
v 0.215942 1.020000 0.264036
v 0.266330 1.020000 0.229340
v 0.306622 1.020000 0.185950
v 0.336049 1.020000 0.134466
v 0.353977 1.020000 0.074847
v 0.660000 0.900000 0.020000
v 0.649835 0.900000 -0.082795
v 0.619493 0.900000 -0.156220
v 0.569405 0.900000 -0.217451
v 0.500186 0.900000 -0.267986
v 0.412416 0.900000 -0.307839
v 0.306066 0.900000 -0.336678
v 0.178539 0.900000 -0.354147
v 0.000000 0.900000 -0.360000
v -0.178539 0.900000 -0.354147
v -0.306066 0.900000 -0.336678
v -0.412416 0.900000 -0.307839
v -0.500186 0.900000 -0.267986
v -0.569405 0.900000 -0.217451
v -0.619493 0.900000 -0.156220
v -0.649835 0.900000 -0.082795
v -0.660000 0.900000 0.020000
v -0.649835 0.900000 0.122795
v -0.619493 0.900000 0.196220
v -0.569405 0.900000 0.257451
v -0.500186 0.900000 0.307986
v -0.412416 0.900000 0.347839
v -0.306066 0.900000 0.376678
v -0.178539 0.900000 0.394147
v -0.000000 0.900000 0.400000
v 0.178539 0.900000 0.394147
v 0.306066 0.900000 0.376678
v 0.412416 0.900000 0.347839
v 0.500186 0.900000 0.307986
v 0.569405 0.900000 0.257451
v 0.619493 0.900000 0.196220
v 0.649835 0.900000 0.122795
v 0.800000 0.640000 0.070000
v 0.788585 0.640000 -0.079011
v 0.754432 0.640000 -0.175450
v 0.697777 0.640000 -0.253510
v 0.618867 0.640000 -0.316792
v 0.517616 0.640000 -0.366111
v 0.392719 0.640000 -0.401520
v 0.238418 0.640000 -0.422866
v 0.000000 0.640000 -0.430000
v -0.238418 0.640000 -0.422866
v -0.392719 0.640000 -0.401520
v -0.517616 0.640000 -0.366111
v -0.618867 0.640000 -0.316792
v -0.697777 0.640000 -0.253510
v -0.754432 0.640000 -0.175450
v -0.788585 0.640000 -0.079011
v -0.800000 0.640000 0.070000
v -0.788585 0.640000 0.219011
v -0.754432 0.640000 0.315450
v -0.697777 0.640000 0.393510
v -0.618867 0.640000 0.456792
v -0.517616 0.640000 0.506111
v -0.392719 0.640000 0.541520
v -0.238418 0.640000 0.562866
v -0.000000 0.640000 0.570000
v 0.238418 0.640000 0.562866
v 0.392719 0.640000 0.541520
v 0.517616 0.640000 0.506111
v 0.618867 0.640000 0.456792
v 0.697777 0.640000 0.393510
v 0.754432 0.640000 0.315450
v 0.788585 0.640000 0.219011
v 0.780000 0.320000 0.100000
v 0.769265 0.320000 -0.077378
v 0.737113 0.320000 -0.187014
v 0.683663 0.320000 -0.274581
v 0.608953 0.320000 -0.345004
v 0.512584 0.320000 -0.399600
v 0.392756 0.320000 -0.438660
v 0.242728 0.320000 -0.462155
v 0.000000 0.320000 -0.470000
v -0.242728 0.320000 -0.462155
v -0.392756 0.320000 -0.438660
v -0.512584 0.320000 -0.399600
v -0.608953 0.320000 -0.345004
v -0.683663 0.320000 -0.274581
v -0.737113 0.320000 -0.187014
v -0.769265 0.320000 -0.077378
v -0.780000 0.320000 0.100000
v -0.769265 0.320000 0.277378
v -0.737113 0.320000 0.387014
v -0.683663 0.320000 0.474581
v -0.608953 0.320000 0.545004
v -0.512584 0.320000 0.599600
v -0.392756 0.320000 0.638660
v -0.242728 0.320000 0.662155
v -0.000000 0.320000 0.670000
v 0.242728 0.320000 0.662155
v 0.392756 0.320000 0.638660
v 0.512584 0.320000 0.599600
v 0.608953 0.320000 0.545004
v 0.683663 0.320000 0.474581
v 0.737113 0.320000 0.387014
v 0.769265 0.320000 0.277378
v 0.690000 0.000000 0.080000
v 0.680155 0.000000 -0.071991
v 0.650697 0.000000 -0.170359
v 0.601833 0.000000 -0.249980
v 0.533773 0.000000 -0.314528
v 0.446444 0.000000 -0.364833
v 0.338720 0.000000 -0.400950
v 0.205635 0.000000 -0.422723
v 0.000000 0.000000 -0.430000
v -0.205635 0.000000 -0.422723
v -0.338720 0.000000 -0.400950
v -0.446444 0.000000 -0.364833
v -0.533773 0.000000 -0.314528
v -0.601833 0.000000 -0.249980
v -0.650697 0.000000 -0.170359
v -0.680155 0.000000 -0.071991
v -0.690000 0.000000 0.080000
v -0.680155 0.000000 0.231991
v -0.650697 0.000000 0.330359
v -0.601833 0.000000 0.409980
v -0.533773 0.000000 0.474528
v -0.446444 0.000000 0.524833
v -0.338720 0.000000 0.560950
v -0.205635 0.000000 0.582723
v -0.000000 0.000000 0.590000
v 0.205635 0.000000 0.582723
v 0.338720 0.000000 0.560950
v 0.446444 0.000000 0.524833
v 0.533773 0.000000 0.474528
v 0.601833 0.000000 0.409980
v 0.650697 0.000000 0.330359
v 0.680155 0.000000 0.231991
v 0.580000 -0.300000 0.040000
v 0.571408 -0.300000 -0.079475
v 0.545731 -0.300000 -0.160612
v 0.503236 -0.300000 -0.227236
v 0.444270 -0.300000 -0.281713
v 0.369040 -0.300000 -0.324412
v 0.277036 -0.300000 -0.355184
v 0.164989 -0.300000 -0.373778
v 0.000000 -0.300000 -0.380000
v -0.164989 -0.300000 -0.373778
v -0.277036 -0.300000 -0.355184
v -0.369040 -0.300000 -0.324412
v -0.444270 -0.300000 -0.281713
v -0.503236 -0.300000 -0.227236
v -0.545731 -0.300000 -0.160612
v -0.571408 -0.300000 -0.079475
v -0.580000 -0.300000 0.040000
v -0.571408 -0.300000 0.159475
v -0.545731 -0.300000 0.240612
v -0.503236 -0.300000 0.307236
v -0.444270 -0.300000 0.361713
v -0.369040 -0.300000 0.404412
v -0.277036 -0.300000 0.435184
v -0.164989 -0.300000 0.453778
v -0.000000 -0.300000 0.460000
v 0.164989 -0.300000 0.453778
v 0.277036 -0.300000 0.435184
v 0.369040 -0.300000 0.404412
v 0.444270 -0.300000 0.361713
v 0.503236 -0.300000 0.307236
v 0.545731 -0.300000 0.240612
v 0.571408 -0.300000 0.159475
v 0.620000 -0.560000 0.020000
v 0.610816 -0.560000 -0.105164
v 0.583367 -0.560000 -0.190165
v 0.537942 -0.560000 -0.259961
v 0.474910 -0.560000 -0.317033
v 0.394491 -0.560000 -0.361765
v 0.296141 -0.560000 -0.394002
v 0.176368 -0.560000 -0.413482
v 0.000000 -0.560000 -0.420000
v -0.176368 -0.560000 -0.413482
v -0.296141 -0.560000 -0.394002
v -0.394491 -0.560000 -0.361765
v -0.474910 -0.560000 -0.317033
v -0.537942 -0.560000 -0.259961
v -0.583367 -0.560000 -0.190165
v -0.610816 -0.560000 -0.105164
v -0.620000 -0.560000 0.020000
v -0.610816 -0.560000 0.145164
v -0.583367 -0.560000 0.230165
v -0.537942 -0.560000 0.299961
v -0.474910 -0.560000 0.357033
v -0.394491 -0.560000 0.401765
v -0.296141 -0.560000 0.434002
v -0.176368 -0.560000 0.453482
v -0.000000 -0.560000 0.460000
v 0.176368 -0.560000 0.453482
v 0.296141 -0.560000 0.434002
v 0.394491 -0.560000 0.401765
v 0.474910 -0.560000 0.357033
v 0.537942 -0.560000 0.299961
v 0.583367 -0.560000 0.230165
v 0.610816 -0.560000 0.145164
v 0.378627 1.066432 -0.000073
v 0.372707 1.066215 -0.079321
v 0.354612 1.065354 -0.144930
v 0.324552 1.063363 -0.203780
v 0.282675 1.059603 -0.255770
v 0.229192 1.053741 -0.299162
v 0.164833 1.046836 -0.331184
v 0.090581 1.041445 -0.350060
v 0.000000 1.039757 -0.355971
v -0.090581 1.041445 -0.350060
v -0.164833 1.046836 -0.331184
v -0.229192 1.053741 -0.299162
v -0.282675 1.059603 -0.255770
v -0.324552 1.063363 -0.203780
v -0.354612 1.065354 -0.144930
v -0.372707 1.066215 -0.079321
v -0.378627 1.066432 -0.000073
v -0.372228 1.066429 0.078985
v -0.353537 1.065942 0.144047
v -0.322907 1.064681 0.201786
v -0.280692 1.062366 0.252082
v -0.227377 1.058906 0.293685
v -0.163697 1.054843 0.324741
v -0.090195 1.051505 0.343654
v -0.000000 1.050349 0.349770
v 0.090195 1.051505 0.343654
v 0.163698 1.054843 0.324741
v 0.227377 1.058906 0.293685
v 0.280692 1.062366 0.252082
v 0.322907 1.064681 0.201786
v 0.353537 1.065942 0.144047
v 0.372228 1.066429 0.078985
v 0.696039 0.939195 0.019789
v 0.685922 0.938554 -0.091135
v 0.652728 0.937381 -0.174528
v 0.597588 0.935209 -0.244772
v 0.522387 0.931904 -0.302478
v 0.428568 0.927585 -0.347819
v 0.316344 0.922741 -0.380702
v 0.183213 0.918444 -0.400689
v 0.000000 0.916465 -0.407376
v -0.183213 0.918444 -0.400689
v -0.316344 0.922741 -0.380702
v -0.428568 0.927585 -0.347819
v -0.522387 0.931904 -0.302478
v -0.597588 0.935209 -0.244772
v -0.652728 0.937381 -0.174528
v -0.685922 0.938554 -0.091135
v -0.696039 0.939195 0.019789
v -0.684353 0.939493 0.130074
v -0.649651 0.939668 0.212151
v -0.593960 0.939031 0.280702
v -0.519095 0.937504 0.336996
v -0.426059 0.935239 0.381463
v -0.314755 0.932563 0.413993
v -0.182506 0.930084 0.434044
v -0.000000 0.928896 0.440871
v 0.182506 0.930084 0.434044
v 0.314755 0.932563 0.413993
v 0.426059 0.935239 0.381463
v 0.519095 0.937504 0.336996
v 0.593960 0.939031 0.280702
v 0.649651 0.939668 0.212151
v 0.684353 0.939493 0.130074
v 0.850897 0.651236 0.070097
v 0.838706 0.650694 -0.089217
v 0.799874 0.650728 -0.198383
v 0.735003 0.650860 -0.287431
v 0.646434 0.650867 -0.358283
v 0.536056 0.650678 -0.411995
v 0.403401 0.650320 -0.449630
v 0.242821 0.649886 -0.471907
v 0.000000 0.649643 -0.479211
v -0.242821 0.649886 -0.471907
v -0.403401 0.650320 -0.449630
v -0.536056 0.650678 -0.411995
v -0.646434 0.650867 -0.358283
v -0.735003 0.650860 -0.287431
v -0.799874 0.650728 -0.198383
v -0.838706 0.650694 -0.089217
v -0.850897 0.651236 0.070097
v -0.838248 0.653205 0.229331
v -0.798852 0.656110 0.337966
v -0.733579 0.658693 0.426144
v -0.644967 0.660457 0.496074
v -0.534864 0.661380 0.549079
v -0.402633 0.661678 0.586305
v -0.242482 0.661607 0.608421
v -0.000000 0.661505 0.615699
v 0.242482 0.661607 0.608421
v 0.402633 0.661678 0.586305
v 0.534864 0.661380 0.549079
v 0.644967 0.660457 0.496074
v 0.733579 0.658693 0.426144
v 0.798852 0.656110 0.337966
v 0.838248 0.653205 0.229331
v 0.829705 0.311674 0.100160
v 0.818395 0.311797 -0.086408
v 0.782693 0.312664 -0.208160
v 0.722264 0.314202 -0.307159
v 0.638402 0.316011 -0.386199
v 0.532628 0.317666 -0.446105
v 0.404412 0.318919 -0.487875
v 0.247491 0.319686 -0.512425
v 0.000000 0.319951 -0.520416
v -0.247491 0.319686 -0.512425
v -0.404412 0.318919 -0.487875
v -0.532628 0.317666 -0.446105
v -0.638402 0.316011 -0.386199
v -0.722264 0.314202 -0.307159
v -0.782693 0.312664 -0.208160
v -0.818395 0.311797 -0.086408
v -0.829705 0.311674 0.100160
v -0.818532 0.312237 0.287009
v -0.782998 0.313629 0.408962
v -0.722711 0.315549 0.508189
v -0.638897 0.317525 0.587465
v -0.533050 0.319206 0.647551
v -0.404688 0.320439 0.689407
v -0.247610 0.321187 0.713965
v -0.000000 0.321449 0.721943
v 0.247610 0.321187 0.713965
v 0.404688 0.320439 0.689407
v 0.533050 0.319206 0.647551
v 0.638897 0.317525 0.587465
v 0.722711 0.315549 0.508189
v 0.782998 0.313629 0.408962
v 0.818532 0.312237 0.287009
v 0.737687 -0.015473 0.080063
v 0.727423 -0.015062 -0.080457
v 0.694771 -0.014439 -0.190132
v 0.639543 -0.013309 -0.280695
v 0.562932 -0.011756 -0.353855
v 0.466550 -0.010110 -0.409764
v 0.350533 -0.008682 -0.448929
v 0.210490 -0.007661 -0.472003
v 0.000000 -0.007258 -0.479511
v -0.210490 -0.007661 -0.472003
v -0.350533 -0.008682 -0.448929
v -0.466550 -0.010110 -0.409764
v -0.562932 -0.011756 -0.353855
v -0.639543 -0.013309 -0.280695
v -0.694771 -0.014439 -0.190132
v -0.727423 -0.015062 -0.080457
v -0.737687 -0.015473 0.080063
v -0.726919 -0.016568 0.240546
v -0.693684 -0.017834 0.349830
v -0.638145 -0.018516 0.439747
v -0.561626 -0.018455 0.512295
v -0.465594 -0.017875 0.567842
v -0.349974 -0.017108 0.606892
v -0.210265 -0.016428 0.629989
v -0.000000 -0.016130 0.637533
v 0.210265 -0.016428 0.629989
v 0.349974 -0.017108 0.606892
v 0.465594 -0.017875 0.567842
v 0.561626 -0.018455 0.512295
v 0.638145 -0.018516 0.439747
v 0.693684 -0.017834 0.349830
v 0.726919 -0.016568 0.240546
v 0.631500 -0.305233 0.039955
v 0.622270 -0.304575 -0.089131
v 0.592721 -0.303777 -0.182598
v 0.542827 -0.302917 -0.260613
v 0.474384 -0.302084 -0.323514
v 0.389552 -0.301373 -0.371341
v 0.289013 -0.300828 -0.404719
v 0.169908 -0.300463 -0.424325
v 0.000000 -0.300329 -0.430674
v -0.169908 -0.300463 -0.424325
v -0.289013 -0.300828 -0.404719
v -0.389552 -0.301373 -0.371341
v -0.474384 -0.302084 -0.323514
v -0.542827 -0.302917 -0.260613
v -0.592721 -0.303777 -0.182598
v -0.622270 -0.304575 -0.089131
v -0.631500 -0.305233 0.039955
v -0.622211 -0.306427 0.168951
v -0.592548 -0.308066 0.262322
v -0.542562 -0.309472 0.340189
v -0.474113 -0.310333 0.402947
v -0.389344 -0.310677 0.450687
v -0.288889 -0.310690 0.484039
v -0.169861 -0.310555 0.503655
v -0.000000 -0.310434 0.510024
v 0.169861 -0.310555 0.503655
v 0.288889 -0.310690 0.484039
v 0.389344 -0.310677 0.450687
v 0.474113 -0.310333 0.402947
v 0.542562 -0.309472 0.340189
v 0.592548 -0.308066 0.262322
v 0.622211 -0.306427 0.168951
v 0.669548 -0.552381 0.019828
v 0.659520 -0.551680 -0.114833
v 0.628181 -0.551101 -0.211496
v 0.575797 -0.550921 -0.291979
v 0.503985 -0.551123 -0.357131
v 0.414569 -0.551524 -0.407016
v 0.308050 -0.551940 -0.442048
v 0.181365 -0.552250 -0.462722
v 0.000000 -0.552380 -0.469450
v -0.181365 -0.552250 -0.462722
v -0.308050 -0.551940 -0.442048
v -0.414569 -0.551524 -0.407016
v -0.503985 -0.551123 -0.357131
v -0.575797 -0.550921 -0.291979
v -0.628181 -0.551101 -0.211496
v -0.659520 -0.551680 -0.114833
v -0.669548 -0.552381 0.019828
v -0.659840 -0.553089 0.154336
v -0.628856 -0.554268 0.251191
v -0.576609 -0.555735 0.332047
v -0.504677 -0.557213 0.397529
v -0.415030 -0.558444 0.447584
v -0.308297 -0.559315 0.482659
v -0.181458 -0.559821 0.503321
v -0.000000 -0.559988 0.510035
v 0.181458 -0.559821 0.503321
v 0.308297 -0.559315 0.482659
v 0.415030 -0.558444 0.447584
v 0.504677 -0.557213 0.397529
v 0.576609 -0.555735 0.332047
v 0.628856 -0.554268 0.251191
v 0.659840 -0.553089 0.154336
vn -0.3733 -0.9270 0.0369
vn -0.3680 -0.9173 0.1521
vn -0.3542 -0.8892 0.2897
vn -0.3266 -0.8326 0.4473
vn -0.2783 -0.7396 0.6128
vn -0.2063 -0.6154 0.7607
vn -0.1184 -0.4887 0.8644
vn -0.0300 -0.3996 0.9162
vn 0.0550 -0.3840 0.9217
vn 0.1893 -0.4935 0.8489
vn 0.2973 -0.6478 0.7014
vn 0.3579 -0.7757 0.5198
vn 0.3803 -0.8548 0.3531
vn 0.3834 -0.8972 0.2192
vn 0.3799 -0.9180 0.1142
vn 0.3750 -0.9265 0.0302
vn 0.3695 -0.9287 -0.0297
vn 0.3516 -0.9248 -0.1453
vn 0.3259 -0.9070 -0.2666
vn 0.2897 -0.8710 -0.3969
vn 0.2400 -0.8142 -0.5286
vn 0.1758 -0.7407 -0.6484
vn 0.1014 -0.6650 -0.7400
vn 0.0260 -0.6096 -0.7923
vn -0.0477 -0.5993 -0.7991
vn -0.1624 -0.6660 -0.7281
vn -0.2551 -0.7567 -0.6020
vn -0.3140 -0.8327 -0.4561
vn -0.3450 -0.8822 -0.3204
vn -0.3597 -0.9101 -0.2056
vn -0.3670 -0.9237 -0.1104
vn -0.3705 -0.9281 -0.0366
vn -0.8838 -0.4629 0.0677
vn -0.8437 -0.4459 0.2988
vn -0.7343 -0.4205 0.5329
vn -0.5774 -0.3849 0.7200
vn -0.4109 -0.3459 0.8435
vn -0.2593 -0.3099 0.9147
vn -0.1315 -0.2809 0.9507
vn -0.0289 -0.2616 0.9647
vn 0.0316 -0.2598 0.9651
vn 0.1302 -0.2813 0.9507
vn 0.2487 -0.3116 0.9171
vn 0.3876 -0.3481 0.8536
vn 0.5435 -0.3878 0.7444
vn 0.7005 -0.4253 0.5730
vn 0.8240 -0.4528 0.3405
vn 0.8794 -0.4680 0.0870
vn 0.8702 -0.4851 -0.0861
vn 0.7804 -0.5358 -0.3225
vn 0.6365 -0.5691 -0.5206
vn 0.5084 -0.5828 -0.6340
vn 0.3563 -0.5813 -0.7315
vn 0.2239 -0.5713 -0.7896
vn 0.1136 -0.5587 -0.8215
vn 0.0250 -0.5482 -0.8360
vn -0.0274 -0.5470 -0.8367
vn -0.1125 -0.5590 -0.8215
vn -0.2145 -0.5730 -0.7910
vn -0.3353 -0.5851 -0.7384
vn -0.4759 -0.5903 -0.6519
vn -0.6608 -0.5773 -0.4796
vn -0.7931 -0.5404 -0.2809
vn -0.8698 -0.4888 -0.0666
vn -0.9959 0.0679 0.0603
vn -0.9410 0.0585 0.3333
vn -0.8091 0.0226 0.5872
vn -0.6254 -0.0238 0.7799
vn -0.4370 -0.0656 0.8971
vn -0.2715 -0.0960 0.9576
vn -0.1361 -0.1142 0.9841
vn -0.0321 -0.1222 0.9920
vn 0.0297 -0.1240 0.9918
vn 0.1536 -0.1225 0.9805
vn 0.3080 -0.1097 0.9450
vn 0.4912 -0.0830 0.8671
vn 0.6853 -0.0429 0.7270
vn 0.8535 0.0033 0.5210
vn 0.9588 0.0417 0.2812
vn 0.9953 0.0605 0.0762
vn 0.9956 0.0551 -0.0763
vn 0.9426 -0.0040 -0.3338
vn 0.8062 -0.0872 -0.5851
vn 0.6168 -0.1676 -0.7691
vn 0.4264 -0.2281 -0.8753
vn 0.2629 -0.2668 -0.9272
vn 0.1312 -0.2880 -0.9486
vn 0.0286 -0.2966 -0.9546
vn -0.0308 -0.2981 -0.9540
vn -0.1478 -0.2949 -0.9440
vn -0.2978 -0.2773 -0.9135
vn -0.4786 -0.2393 -0.8448
vn -0.6752 -0.1765 -0.7162
vn -0.8498 -0.0939 -0.5187
vn -0.9595 -0.0110 -0.2814
vn -0.9970 0.0492 -0.0603
vn -0.9620 0.2669 0.0582
vn -0.9260 0.2624 0.2715
vn -0.8266 0.2495 0.5045
vn -0.6683 0.2254 0.7089
vn -0.4835 0.1949 0.8534
vn -0.3057 0.1651 0.9377
vn -0.1532 0.1411 0.9781
vn -0.0320 0.1259 0.9915
vn 0.0351 0.1240 0.9917
vn 0.1599 0.1390 0.9773
vn 0.3136 0.1632 0.9354
vn 0.4897 0.1936 0.8501
vn 0.6705 0.2249 0.7070
vn 0.8252 0.2500 0.5065
vn 0.9240 0.2639 0.2767
vn 0.9612 0.2687 0.0623
vn 0.9598 0.2738 -0.0622
vn 0.9157 0.2939 -0.2742
vn 0.8111 0.3072 -0.4978
vn 0.6529 0.3068 -0.6926
vn 0.4712 0.2939 -0.8317
vn 0.2980 0.2752 -0.9141
vn 0.1495 0.2571 -0.9547
vn 0.0313 0.2442 -0.9692
vn -0.0343 0.2424 -0.9696
vn -0.1561 0.2550 -0.9543
vn -0.3058 0.2731 -0.9121
vn -0.4774 0.2923 -0.8287
vn -0.6551 0.3060 -0.6908
vn -0.8121 0.3078 -0.4957
vn -0.9168 0.2952 -0.2689
vn -0.9596 0.2754 -0.0581
vn -0.9397 0.3365 0.0609
vn -0.9070 0.3220 0.2716
vn -0.8129 0.3006 0.4989
vn -0.6624 0.2707 0.6985
vn -0.4850 0.2368 0.8419
vn -0.3111 0.2053 0.9279
vn -0.1588 0.1807 0.9706
vn -0.0349 0.1655 0.9856
vn 0.0372 0.1643 0.9857
vn 0.1610 0.1801 0.9704
vn 0.3104 0.2054 0.9281
vn 0.4795 0.2375 0.8448
vn 0.6530 0.2721 0.7068
vn 0.8035 0.3029 0.5125
vn 0.9017 0.3248 0.2854
vn 0.9385 0.3385 0.0675
vn 0.9338 0.3514 -0.0672
vn 0.8795 0.3861 -0.2783
vn 0.7671 0.4148 -0.4893
vn 0.6131 0.4287 -0.6636
vn 0.4509 0.4289 -0.7828
vn 0.2885 0.4199 -0.8605
vn 0.1474 0.4080 -0.9010
vn 0.0324 0.3984 -0.9166
vn -0.0346 0.3974 -0.9170
vn -0.1495 0.4075 -0.9009
vn -0.2879 0.4200 -0.8607
vn -0.4456 0.4301 -0.7851
vn -0.6208 0.4314 -0.6546
vn -0.7745 0.4173 -0.4753
vn -0.8829 0.3880 -0.2644
vn -0.9336 0.3531 -0.0605
vn -0.9851 -0.1570 0.0708
vn -0.9392 -0.1717 0.2972
vn -0.8293 -0.1802 0.5290
vn -0.6602 -0.1799 0.7292
vn -0.4787 -0.1733 0.8607
vn -0.3072 -0.1647 0.9373
vn -0.1585 -0.1572 0.9748
vn -0.0365 -0.1524 0.9876
vn 0.0372 -0.1520 0.9877
vn 0.1617 -0.1559 0.9744
vn 0.3130 -0.1627 0.9357
vn 0.4864 -0.1707 0.8569
vn 0.6679 -0.1769 0.7229
vn 0.8248 -0.1777 0.5368
vn 0.9377 -0.1702 0.3028
vn 0.9850 -0.1564 0.0723
vn 0.9866 -0.1462 -0.0724
vn 0.9440 -0.1263 -0.3048
vn 0.8340 -0.0989 -0.5428
vn 0.6696 -0.0687 -0.7395
vn 0.4857 -0.0415 -0.8731
vn 0.3114 -0.0208 -0.9500
vn 0.1605 -0.0073 -0.9870
vn 0.0369 -0.0005 -0.9993
vn -0.0377 -0.0000 -0.9993
vn -0.1637 -0.0060 -0.9865
vn -0.3171 -0.0190 -0.9482
vn -0.4932 -0.0394 -0.8690
vn -0.6771 -0.0666 -0.7329
vn -0.8391 -0.0970 -0.5352
vn -0.9459 -0.1249 -0.2994
vn -0.9868 -0.1457 -0.0710
vn 0.3763 0.9260 -0.0306
vn 0.3819 0.9167 -0.1174
vn 0.3856 0.8942 -0.2272
vn 0.3804 0.8486 -0.3678
vn 0.3529 0.7653 -0.5383
vn 0.2877 0.6367 -0.7154
vn 0.1816 0.4881 -0.8537
vn 0.0530 0.3843 -0.9217
vn -0.0530 0.3843 -0.9217
vn -0.1816 0.4881 -0.8537
vn -0.2877 0.6367 -0.7154
vn -0.3529 0.7653 -0.5383
vn -0.3804 0.8486 -0.3678
vn -0.3856 0.8942 -0.2272
vn -0.3819 0.9167 -0.1174
vn -0.3763 0.9260 -0.0306
vn -0.3703 0.9284 0.0300
vn -0.3677 0.9231 0.1126
vn -0.3599 0.9089 0.2108
vn -0.3436 0.8797 0.3289
vn -0.3099 0.8287 0.4661
vn -0.2492 0.7527 0.6094
vn -0.1579 0.6641 0.7308
vn -0.0465 0.5994 0.7991
vn 0.0465 0.5994 0.7991
vn 0.1579 0.6641 0.7308
vn 0.2492 0.7527 0.6094
vn 0.3099 0.8287 0.4661
vn 0.3436 0.8797 0.3289
vn 0.3599 0.9089 0.2108
vn 0.3677 0.9231 0.1126
vn 0.3703 0.9284 0.0300
vn 0.8805 0.4668 -0.0830
vn 0.8265 0.4522 -0.3353
vn 0.7053 0.4259 -0.5668
vn 0.5499 0.3894 -0.7389
vn 0.3945 0.3500 -0.8496
vn 0.2546 0.3129 -0.9150
vn 0.1336 0.2816 -0.9502
vn 0.0324 0.2598 -0.9651
vn -0.0324 0.2598 -0.9651
vn -0.1336 0.2816 -0.9502
vn -0.2546 0.3129 -0.9150
vn -0.3945 0.3500 -0.8496
vn -0.5499 0.3894 -0.7389
vn -0.7053 0.4259 -0.5668
vn -0.8265 0.4522 -0.3353
vn -0.8805 0.4668 -0.0830
vn -0.8704 0.4839 0.0909
vn -0.7797 0.5330 0.3285
vn -0.6368 0.5669 0.5226
vn -0.4773 0.5905 0.6508
vn -0.3380 0.5854 0.7370
vn -0.2172 0.5731 0.7902
vn -0.1141 0.5589 0.8213
vn -0.0277 0.5470 0.8367
vn 0.0277 0.5470 0.8367
vn 0.1141 0.5589 0.8213
vn 0.2172 0.5731 0.7902
vn 0.3380 0.5854 0.7370
vn 0.4773 0.5905 0.6508
vn 0.6368 0.5669 0.5226
vn 0.7797 0.5330 0.3285
vn 0.8704 0.4839 0.0909
vn 0.9953 -0.0603 -0.0760
vn 0.9405 -0.0591 -0.3346
vn 0.8080 -0.0240 -0.5887
vn 0.6245 0.0221 -0.7807
vn 0.4366 0.0643 -0.8974
vn 0.2715 0.0953 -0.9577
vn 0.1362 0.1140 -0.9841
vn 0.0297 0.1240 -0.9918
vn -0.0297 0.1240 -0.9918
vn -0.1362 0.1140 -0.9841
vn -0.2715 0.0953 -0.9577
vn -0.4366 0.0643 -0.8974
vn -0.6245 0.0221 -0.7807
vn -0.8080 -0.0240 -0.5887
vn -0.9405 -0.0591 -0.3346
vn -0.9953 -0.0603 -0.0760
vn -0.9953 -0.0551 0.0797
vn -0.9401 0.0033 0.3408
vn -0.8020 0.0854 0.5912
vn -0.6130 0.1653 0.7726
vn -0.4241 0.2262 0.8769
vn -0.2618 0.2656 0.9278
vn -0.1309 0.2875 0.9488
vn -0.0285 0.2964 0.9546
vn 0.0285 0.2964 0.9546
vn 0.1309 0.2875 0.9488
vn 0.2618 0.2656 0.9278
vn 0.4241 0.2262 0.8769
vn 0.6130 0.1653 0.7726
vn 0.8020 0.0854 0.5912
vn 0.9401 0.0033 0.3408
vn 0.9953 -0.0551 0.0797
vn 0.9619 -0.2670 -0.0585
vn 0.9254 -0.2625 -0.2732
vn 0.8248 -0.2497 -0.5073
vn 0.6656 -0.2256 -0.7114
vn 0.4810 -0.1951 -0.8547
vn 0.3040 -0.1653 -0.9382
vn 0.1523 -0.1413 -0.9782
vn 0.0319 -0.1260 -0.9915
vn -0.0319 -0.1260 -0.9915
vn -0.1523 -0.1413 -0.9782
vn -0.3040 -0.1653 -0.9382
vn -0.4810 -0.1951 -0.8547
vn -0.6656 -0.2256 -0.7114
vn -0.8248 -0.2497 -0.5073
vn -0.9254 -0.2625 -0.2732
vn -0.9619 -0.2670 -0.0585
vn -0.9595 -0.2756 0.0582
vn -0.9164 -0.2952 0.2704
vn -0.8106 -0.3073 0.4984
vn -0.6502 -0.3070 0.6950
vn -0.4683 -0.2941 0.8332
vn -0.2956 -0.2755 0.9147
vn -0.1481 -0.2574 0.9549
vn -0.0310 -0.2445 0.9692
vn 0.0310 -0.2445 0.9692
vn 0.1481 -0.2574 0.9549
vn 0.2956 -0.2755 0.9147
vn 0.4683 -0.2941 0.8332
vn 0.6502 -0.3070 0.6950
vn 0.8106 -0.3073 0.4984
vn 0.9164 -0.2952 0.2704
vn 0.9595 -0.2756 0.0582
vn 0.9399 -0.3360 -0.0610
vn 0.9071 -0.3213 -0.2719
vn 0.8129 -0.2997 -0.4994
vn 0.6622 -0.2696 -0.6991
vn 0.4846 -0.2358 -0.8423
vn 0.3108 -0.2046 -0.9282
vn 0.1586 -0.1803 -0.9707
vn 0.0348 -0.1653 -0.9856
vn -0.0348 -0.1653 -0.9856
vn -0.1586 -0.1803 -0.9707
vn -0.3108 -0.2046 -0.9282
vn -0.4846 -0.2358 -0.8423
vn -0.6622 -0.2696 -0.6991
vn -0.8129 -0.2997 -0.4994
vn -0.9071 -0.3213 -0.2719
vn -0.9399 -0.3360 -0.0610
vn -0.9340 -0.3523 0.0603
vn -0.8833 -0.3874 0.2641
vn -0.7746 -0.4171 0.4753
vn -0.6205 -0.4314 0.6549
vn -0.4505 -0.4285 0.7833
vn -0.2880 -0.4194 0.8609
vn -0.1470 -0.4077 0.9012
vn -0.0323 -0.3982 0.9167
vn 0.0323 -0.3982 0.9167
vn 0.1470 -0.4077 0.9012
vn 0.2880 -0.4194 0.8609
vn 0.4505 -0.4285 0.7833
vn 0.6205 -0.4314 0.6549
vn 0.7746 -0.4171 0.4753
vn 0.8833 -0.3874 0.2641
vn 0.9340 -0.3523 0.0603
vn 0.9851 0.1573 -0.0696
vn 0.9396 0.1724 -0.2956
vn 0.8295 0.1807 -0.5285
vn 0.6672 0.1770 -0.7236
vn 0.4850 0.1708 -0.8577
vn 0.3117 0.1628 -0.9361
vn 0.1609 0.1559 -0.9746
vn 0.0370 0.1519 -0.9877
vn -0.0370 0.1519 -0.9877
vn -0.1609 0.1559 -0.9746
vn -0.3117 0.1628 -0.9361
vn -0.4850 0.1708 -0.8577
vn -0.6672 0.1770 -0.7236
vn -0.8295 0.1807 -0.5285
vn -0.9396 0.1724 -0.2956
vn -0.9851 0.1573 -0.0696
vn -0.9866 0.1462 0.0724
vn -0.9449 0.1257 0.3024
vn -0.8367 0.0979 0.5389
vn -0.6738 0.0673 0.7358
vn -0.4902 0.0399 0.8707
vn -0.3150 0.0193 0.9489
vn -0.1626 0.0062 0.9867
vn -0.0375 -0.0000 0.9993
vn 0.0375 -0.0000 0.9993
vn 0.1626 0.0062 0.9867
vn 0.3150 0.0193 0.9489
vn 0.4902 0.0399 0.8707
vn 0.6738 0.0673 0.7358
vn 0.8367 0.0979 0.5389
vn 0.9449 0.1257 0.3024
vn 0.9866 0.1462 0.0724
vn -0.9223 0.3804 0.0679
vn -0.8788 0.4143 0.2369
vn -0.7861 0.4834 0.3852
vn -0.6497 0.5889 0.4807
vn -0.4863 0.7145 0.5029
vn -0.3195 0.8262 0.4640
vn -0.1695 0.8958 0.4109
vn -0.0429 0.9179 0.3945
vn 0.0254 0.9041 0.4265
vn 0.1158 0.8466 0.5194
vn 0.2610 0.7435 0.6157
vn 0.4464 0.6169 0.6483
vn 0.6331 0.5035 0.5879
vn 0.7858 0.4252 0.4491
vn 0.8842 0.3841 0.2659
vn 0.9255 0.3714 0.0745
vn 0.9258 0.3706 -0.0749
vn 0.8859 0.3897 -0.2516
vn 0.7982 0.4376 -0.4139
vn 0.6682 0.5148 -0.5371
vn 0.5113 0.6109 -0.6044
vn 0.3471 0.7040 -0.6196
vn 0.1915 0.7701 -0.6085
vn 0.0513 0.7939 -0.6058
vn -0.0374 0.7776 -0.6276
vn -0.1510 0.7201 -0.6773
vn -0.3023 0.6324 -0.7132
vn -0.4789 0.5357 -0.6955
vn -0.6532 0.4531 -0.6066
vn -0.7964 0.3981 -0.4552
vn -0.8885 0.3731 -0.2672
vn -0.9256 0.3712 -0.0745
vn 0.1519 -0.9883 -0.0111
vn 0.1583 -0.9861 -0.0511
vn 0.1484 -0.9840 -0.0988
vn 0.1234 -0.9834 -0.1330
vn 0.0897 -0.9842 -0.1528
vn 0.0563 -0.9856 -0.1596
vn 0.0283 -0.9869 -0.1586
vn 0.0065 -0.9879 -0.1548
vn -0.0056 -0.9883 -0.1523
vn -0.0249 -0.9879 -0.1530
vn -0.0502 -0.9869 -0.1531
vn -0.0824 -0.9855 -0.1481
vn -0.1191 -0.9841 -0.1315
vn -0.1521 -0.9834 -0.0990
vn -0.1669 -0.9842 -0.0600
vn -0.1650 -0.9861 -0.0174
vn -0.1520 -0.9883 0.0112
vn -0.1339 -0.9905 0.0308
vn -0.1028 -0.9935 0.0484
vn -0.0673 -0.9964 0.0514
vn -0.0369 -0.9985 0.0416
vn -0.0168 -0.9995 0.0264
vn -0.0060 -0.9999 0.0126
vn -0.0010 -1.0000 0.0035
vn -0.0000 -1.0000 0.0002
vn 0.0006 -1.0000 0.0035
vn 0.0043 -0.9999 0.0130
vn 0.0151 -0.9995 0.0272
vn 0.0374 -0.9985 0.0413
vn 0.0714 -0.9964 0.0464
vn 0.1089 -0.9934 0.0352
vn 0.1387 -0.9903 0.0048
vn -0.3750 -0.9265 0.0302
vn -0.3799 -0.9180 0.1142
vn -0.3834 -0.8972 0.2192
vn -0.3803 -0.8548 0.3531
vn -0.3579 -0.7757 0.5198
vn -0.2973 -0.6478 0.7014
vn -0.1893 -0.4935 0.8489
vn -0.0550 -0.3840 0.9217
vn 0.0300 -0.3996 0.9162
vn 0.1184 -0.4887 0.8644
vn 0.2063 -0.6154 0.7607
vn 0.2783 -0.7396 0.6128
vn 0.3266 -0.8326 0.4473
vn 0.3542 -0.8892 0.2897
vn 0.3680 -0.9173 0.1521
vn 0.3733 -0.9270 0.0369
vn 0.3705 -0.9281 -0.0366
vn 0.3670 -0.9237 -0.1104
vn 0.3597 -0.9101 -0.2056
vn 0.3450 -0.8822 -0.3204
vn 0.3140 -0.8327 -0.4561
vn 0.2551 -0.7567 -0.6020
vn 0.1624 -0.6660 -0.7281
vn 0.0477 -0.5993 -0.7991
vn -0.0260 -0.6096 -0.7923
vn -0.1014 -0.6650 -0.7400
vn -0.1758 -0.7407 -0.6484
vn -0.2400 -0.8142 -0.5286
vn -0.2897 -0.8710 -0.3969
vn -0.3259 -0.9070 -0.2666
vn -0.3516 -0.9248 -0.1453
vn -0.3695 -0.9287 -0.0297
vn -0.8794 -0.4680 0.0870
vn -0.8240 -0.4528 0.3405
vn -0.7005 -0.4253 0.5730
vn -0.5435 -0.3878 0.7444
vn -0.3876 -0.3481 0.8536
vn -0.2487 -0.3116 0.9171
vn -0.1302 -0.2813 0.9507
vn -0.0316 -0.2598 0.9651
vn 0.0289 -0.2616 0.9647
vn 0.1315 -0.2809 0.9507
vn 0.2593 -0.3099 0.9147
vn 0.4109 -0.3459 0.8435
vn 0.5774 -0.3849 0.7200
vn 0.7343 -0.4205 0.5329
vn 0.8437 -0.4459 0.2988
vn 0.8838 -0.4629 0.0677
vn 0.8698 -0.4888 -0.0666
vn 0.7931 -0.5404 -0.2809
vn 0.6608 -0.5773 -0.4796
vn 0.4759 -0.5903 -0.6519
vn 0.3353 -0.5851 -0.7384
vn 0.2145 -0.5730 -0.7910
vn 0.1125 -0.5590 -0.8215
vn 0.0274 -0.5470 -0.8367
vn -0.0250 -0.5482 -0.8360
vn -0.1136 -0.5587 -0.8215
vn -0.2239 -0.5713 -0.7896
vn -0.3563 -0.5813 -0.7315
vn -0.5084 -0.5828 -0.6340
vn -0.6365 -0.5691 -0.5206
vn -0.7804 -0.5358 -0.3225
vn -0.8702 -0.4851 -0.0861
vn -0.9953 0.0605 0.0762
vn -0.9588 0.0417 0.2812
vn -0.8535 0.0033 0.5210
vn -0.6853 -0.0429 0.7270
vn -0.4912 -0.0830 0.8671
vn -0.3080 -0.1097 0.9450
vn -0.1536 -0.1225 0.9805
vn -0.0297 -0.1240 0.9918
vn 0.0321 -0.1222 0.9920
vn 0.1361 -0.1142 0.9841
vn 0.2715 -0.0960 0.9576
vn 0.4370 -0.0656 0.8971
vn 0.6254 -0.0238 0.7799
vn 0.8091 0.0226 0.5872
vn 0.9410 0.0585 0.3333
vn 0.9959 0.0679 0.0603
vn 0.9970 0.0492 -0.0603
vn 0.9595 -0.0110 -0.2814
vn 0.8498 -0.0939 -0.5187
vn 0.6752 -0.1765 -0.7162
vn 0.4786 -0.2393 -0.8448
vn 0.2978 -0.2773 -0.9135
vn 0.1478 -0.2949 -0.9440
vn 0.0308 -0.2981 -0.9540
vn -0.0286 -0.2966 -0.9546
vn -0.1312 -0.2880 -0.9486
vn -0.2629 -0.2668 -0.9272
vn -0.4264 -0.2281 -0.8753
vn -0.6168 -0.1676 -0.7691
vn -0.8062 -0.0872 -0.5851
vn -0.9426 -0.0040 -0.3338
vn -0.9956 0.0551 -0.0763
vn -0.9612 0.2687 0.0623
vn -0.9240 0.2639 0.2767
vn -0.8252 0.2500 0.5065
vn -0.6705 0.2249 0.7070
vn -0.4897 0.1936 0.8501
vn -0.3136 0.1632 0.9354
vn -0.1599 0.1390 0.9773
vn -0.0351 0.1240 0.9917
vn 0.0320 0.1259 0.9915
vn 0.1532 0.1411 0.9781
vn 0.3057 0.1651 0.9377
vn 0.4835 0.1949 0.8534
vn 0.6683 0.2254 0.7089
vn 0.8266 0.2495 0.5045
vn 0.9260 0.2624 0.2715
vn 0.9620 0.2669 0.0582
vn 0.9596 0.2754 -0.0581
vn 0.9168 0.2952 -0.2689
vn 0.8121 0.3078 -0.4957
vn 0.6551 0.3060 -0.6908
vn 0.4774 0.2923 -0.8287
vn 0.3058 0.2731 -0.9121
vn 0.1561 0.2550 -0.9543
vn 0.0343 0.2424 -0.9696
vn -0.0313 0.2442 -0.9692
vn -0.1495 0.2571 -0.9547
vn -0.2980 0.2752 -0.9141
vn -0.4712 0.2939 -0.8317
vn -0.6529 0.3068 -0.6926
vn -0.8111 0.3072 -0.4978
vn -0.9157 0.2939 -0.2742
vn -0.9598 0.2738 -0.0622
vn -0.9385 0.3385 0.0675
vn -0.9017 0.3248 0.2854
vn -0.8035 0.3029 0.5125
vn -0.6530 0.2721 0.7068
vn -0.4795 0.2375 0.8448
vn -0.3104 0.2054 0.9281
vn -0.1610 0.1801 0.9704
vn -0.0372 0.1643 0.9857
vn 0.0349 0.1655 0.9856
vn 0.1588 0.1807 0.9706
vn 0.3111 0.2053 0.9279
vn 0.4850 0.2368 0.8419
vn 0.6624 0.2707 0.6985
vn 0.8129 0.3006 0.4989
vn 0.9070 0.3220 0.2716
vn 0.9397 0.3365 0.0609
vn 0.9336 0.3531 -0.0605
vn 0.8829 0.3880 -0.2644
vn 0.7745 0.4173 -0.4753
vn 0.6208 0.4314 -0.6546
vn 0.4456 0.4301 -0.7851
vn 0.2879 0.4200 -0.8607
vn 0.1495 0.4075 -0.9009
vn 0.0346 0.3974 -0.9170
vn -0.0324 0.3984 -0.9166
vn -0.1474 0.4080 -0.9010
vn -0.2885 0.4199 -0.8605
vn -0.4509 0.4289 -0.7828
vn -0.6131 0.4287 -0.6636
vn -0.7671 0.4148 -0.4893
vn -0.8795 0.3861 -0.2783
vn -0.9338 0.3514 -0.0672
vn -0.9850 -0.1564 0.0723
vn -0.9377 -0.1702 0.3028
vn -0.8248 -0.1777 0.5368
vn -0.6679 -0.1769 0.7229
vn -0.4864 -0.1707 0.8569
vn -0.3130 -0.1627 0.9357
vn -0.1617 -0.1559 0.9744
vn -0.0372 -0.1520 0.9877
vn 0.0365 -0.1524 0.9876
vn 0.1585 -0.1572 0.9748
vn 0.3072 -0.1647 0.9373
vn 0.4787 -0.1733 0.8607
vn 0.6602 -0.1799 0.7292
vn 0.8293 -0.1802 0.5290
vn 0.9392 -0.1717 0.2972
vn 0.9851 -0.1570 0.0708
vn 0.9868 -0.1457 -0.0710
vn 0.9459 -0.1249 -0.2994
vn 0.8391 -0.0970 -0.5352
vn 0.6771 -0.0666 -0.7329
vn 0.4932 -0.0394 -0.8690
vn 0.3171 -0.0190 -0.9482
vn 0.1637 -0.0060 -0.9865
vn 0.0377 -0.0000 -0.9993
vn -0.0369 -0.0005 -0.9993
vn -0.1605 -0.0073 -0.9870
vn -0.3114 -0.0208 -0.9500
vn -0.4857 -0.0415 -0.8731
vn -0.6696 -0.0687 -0.7395
vn -0.8340 -0.0989 -0.5428
vn -0.9440 -0.1263 -0.3048
vn -0.9866 -0.1462 -0.0724
vn 0.3739 0.9266 -0.0395
vn 0.3675 0.9163 -0.1592
vn 0.3505 0.8864 -0.3025
vn 0.3188 0.8272 -0.4628
vn 0.2685 0.7327 -0.6253
vn 0.1985 0.6097 -0.7674
vn 0.1144 0.4856 -0.8667
vn 0.0291 0.3992 -0.9164
vn -0.0291 0.3992 -0.9164
vn -0.1144 0.4856 -0.8667
vn -0.1985 0.6097 -0.7674
vn -0.2685 0.7327 -0.6253
vn -0.3188 0.8272 -0.4628
vn -0.3505 0.8864 -0.3025
vn -0.3675 0.9163 -0.1592
vn -0.3739 0.9266 -0.0395
vn -0.3713 0.9278 0.0368
vn -0.3519 0.9244 0.1468
vn -0.3240 0.9062 0.2716
vn -0.2856 0.8693 0.4033
vn -0.2353 0.8123 0.5337
vn -0.1725 0.7392 0.6510
vn -0.0999 0.6642 0.7409
vn -0.0257 0.6094 0.7924
vn 0.0257 0.6094 0.7924
vn 0.0999 0.6642 0.7409
vn 0.1725 0.7392 0.6510
vn 0.2353 0.8123 0.5337
vn 0.2856 0.8693 0.4033
vn 0.3240 0.9062 0.2716
vn 0.3519 0.9244 0.1468
vn 0.3713 0.9278 0.0368
vn 0.8836 0.4631 -0.0692
vn 0.8435 0.4457 -0.2999
vn 0.7335 0.4209 -0.5337
vn 0.5762 0.3865 -0.7202
vn 0.4097 0.3483 -0.8431
vn 0.2585 0.3122 -0.9142
vn 0.1311 0.2823 -0.9503
vn 0.0288 0.2622 -0.9646
vn -0.0288 0.2622 -0.9646
vn -0.1311 0.2823 -0.9503
vn -0.2585 0.3122 -0.9142
vn -0.4097 0.3483 -0.8431
vn -0.5762 0.3865 -0.7202
vn -0.7335 0.4209 -0.5337
vn -0.8435 0.4457 -0.2999
vn -0.8836 0.4631 -0.0692
vn -0.8698 0.4894 0.0630
vn -0.7956 0.5402 0.2741
vn -0.6643 0.5772 0.4749
vn -0.5107 0.5824 0.6324
vn -0.3568 0.5818 0.7309
vn -0.2235 0.5719 0.7893
vn -0.1132 0.5592 0.8213
vn -0.0249 0.5484 0.8358
vn 0.0249 0.5484 0.8358
vn 0.1132 0.5592 0.8213
vn 0.2235 0.5719 0.7893
vn 0.3568 0.5818 0.7309
vn 0.5107 0.5824 0.6324
vn 0.6643 0.5772 0.4749
vn 0.7956 0.5402 0.2741
vn 0.8698 0.4894 0.0630
vn 0.9959 -0.0675 -0.0604
vn 0.9587 -0.0406 -0.2814
vn 0.8535 -0.0018 -0.5210
vn 0.6857 0.0441 -0.7265
vn 0.4921 0.0837 -0.8665
vn 0.3088 0.1100 -0.9447
vn 0.1540 0.1225 -0.9805
vn 0.0322 0.1222 -0.9920
vn -0.0322 0.1222 -0.9920
vn -0.1540 0.1225 -0.9805
vn -0.3088 0.1100 -0.9447
vn -0.4921 0.0837 -0.8665
vn -0.6857 0.0441 -0.7265
vn -0.8535 -0.0018 -0.5210
vn -0.9587 -0.0406 -0.2814
vn -0.9959 -0.0675 -0.0604
vn -0.9971 -0.0475 0.0598
vn -0.9600 0.0135 0.2796
vn -0.8515 0.0963 0.5155
vn -0.6784 0.1780 0.7128
vn -0.4821 0.2399 0.8426
vn -0.3002 0.2775 0.9126
vn -0.1490 0.2949 0.9439
vn -0.0311 0.2981 0.9540
vn 0.0311 0.2981 0.9540
vn 0.1490 0.2949 0.9439
vn 0.3002 0.2775 0.9126
vn 0.4821 0.2399 0.8426
vn 0.6784 0.1780 0.7128
vn 0.8515 0.0963 0.5155
vn 0.9600 0.0135 0.2796
vn 0.9971 -0.0475 0.0598
vn 0.9612 -0.2687 -0.0621
vn 0.9241 -0.2636 -0.2766
vn 0.8254 -0.2494 -0.5065
vn 0.6707 -0.2242 -0.7071
vn 0.4899 -0.1930 -0.8502
vn 0.3138 -0.1628 -0.9354
vn 0.1600 -0.1388 -0.9773
vn 0.0351 -0.1240 -0.9917
vn -0.0351 -0.1240 -0.9917
vn -0.1600 -0.1388 -0.9773
vn -0.3138 -0.1628 -0.9354
vn -0.4899 -0.1930 -0.8502
vn -0.6707 -0.2242 -0.7071
vn -0.8254 -0.2494 -0.5065
vn -0.9241 -0.2636 -0.2766
vn -0.9612 -0.2687 -0.0621
vn -0.9598 -0.2738 0.0625
vn -0.9154 -0.2939 0.2750
vn -0.6551 -0.3053 0.6912
vn -0.4776 -0.2916 0.8288
vn -0.3062 -0.2726 0.9121
vn -0.1565 -0.2547 0.9543
vn -0.0344 -0.2424 0.9696
vn 0.0344 -0.2424 0.9696
vn 0.1565 -0.2547 0.9543
vn 0.3062 -0.2726 0.9121
vn 0.4776 -0.2916 0.8288
vn 0.6551 -0.3053 0.6912
vn 0.9154 -0.2939 0.2750
vn 0.9598 -0.2738 0.0625
vn 0.9384 -0.3388 -0.0688
vn 0.9009 -0.3252 -0.2876
vn 0.8012 -0.3033 -0.5158
vn 0.6493 -0.2722 -0.7101
vn 0.4755 -0.2375 -0.8470
vn 0.3074 -0.2053 -0.9292
vn 0.1592 -0.1801 -0.9707
vn 0.0367 -0.1643 -0.9857
vn -0.0367 -0.1643 -0.9857
vn -0.1592 -0.1801 -0.9707
vn -0.3074 -0.2053 -0.9292
vn -0.4755 -0.2375 -0.8470
vn -0.6493 -0.2722 -0.7101
vn -0.8012 -0.3033 -0.5158
vn -0.9009 -0.3252 -0.2876
vn -0.9384 -0.3388 -0.0688
vn -0.9341 -0.3512 0.0640
vn -0.8812 -0.3858 0.2732
vn -0.7692 -0.4146 0.4863
vn -0.6135 -0.4285 0.6633
vn -0.4443 -0.4301 0.7859
vn -0.2860 -0.4199 0.8613
vn -0.1481 -0.4074 0.9012
vn -0.0341 -0.3973 0.9170
vn 0.0341 -0.3973 0.9170
vn 0.1481 -0.4074 0.9012
vn 0.2860 -0.4199 0.8613
vn 0.4443 -0.4301 0.7859
vn 0.6135 -0.4285 0.6633
vn 0.7692 -0.4146 0.4863
vn 0.8812 -0.3858 0.2732
vn 0.9341 -0.3512 0.0640
vn 0.9851 0.1560 -0.0725
vn 0.9377 0.1698 -0.3030
vn 0.8250 0.1775 -0.5366
vn 0.6607 0.1800 -0.7288
vn 0.4793 0.1731 -0.8604
vn 0.3076 0.1644 -0.9372
vn 0.1587 0.1569 -0.9748
vn 0.0365 0.1523 -0.9877
vn -0.0365 0.1523 -0.9877
vn -0.1587 0.1569 -0.9748
vn -0.3076 0.1644 -0.9372
vn -0.4793 0.1731 -0.8604
vn -0.6607 0.1800 -0.7288
vn -0.8250 0.1775 -0.5366
vn -0.9377 0.1698 -0.3030
vn -0.9851 0.1560 -0.0725
vn -0.9867 0.1460 0.0720
vn -0.9444 0.1261 0.3037
vn -0.8350 0.0987 0.5413
vn -0.6708 0.0683 0.7385
vn -0.4867 0.0411 0.8726
vn -0.3120 0.0204 0.9499
vn -0.1608 0.0071 0.9870
vn -0.0370 0.0004 0.9993
vn 0.0370 0.0004 0.9993
vn 0.1608 0.0071 0.9870
vn 0.3120 0.0204 0.9499
vn 0.4867 0.0411 0.8726
vn 0.6708 0.0683 0.7385
vn 0.8350 0.0987 0.5413
vn 0.9444 0.1261 0.3037
vn 0.9867 0.1460 0.0720
vn -0.9255 0.3714 0.0745
vn -0.8842 0.3841 0.2659
vn -0.7858 0.4252 0.4491
vn -0.6331 0.5035 0.5879
vn -0.4464 0.6169 0.6483
vn -0.2610 0.7435 0.6157
vn -0.1158 0.8466 0.5194
vn -0.0254 0.9041 0.4265
vn 0.0429 0.9179 0.3945
vn 0.1695 0.8958 0.4109
vn 0.3195 0.8262 0.4640
vn 0.4863 0.7145 0.5029
vn 0.6497 0.5889 0.4807
vn 0.7861 0.4834 0.3852
vn 0.8788 0.4143 0.2369
vn 0.9223 0.3804 0.0679
vn 0.9256 0.3712 -0.0745
vn 0.8885 0.3731 -0.2672
vn 0.7964 0.3981 -0.4552
vn 0.6532 0.4531 -0.6066
vn 0.4789 0.5357 -0.6955
vn 0.3023 0.6324 -0.7132
vn 0.1510 0.7201 -0.6773
vn 0.0374 0.7776 -0.6276
vn -0.0513 0.7939 -0.6058
vn -0.1915 0.7701 -0.6085
vn -0.3471 0.7040 -0.6196
vn -0.5113 0.6109 -0.6044
vn -0.6682 0.5148 -0.5371
vn -0.7982 0.4376 -0.4139
vn -0.8859 0.3897 -0.2516
vn -0.9258 0.3706 -0.0749
vn 0.1650 -0.9861 -0.0174
vn 0.1669 -0.9842 -0.0600
vn 0.1521 -0.9834 -0.0990
vn 0.1191 -0.9841 -0.1315
vn 0.0824 -0.9855 -0.1481
vn 0.0502 -0.9869 -0.1531
vn 0.0249 -0.9879 -0.1530
vn 0.0056 -0.9883 -0.1523
vn -0.0065 -0.9879 -0.1548
vn -0.0283 -0.9869 -0.1586
vn -0.0563 -0.9856 -0.1596
vn -0.0897 -0.9842 -0.1528
vn -0.1234 -0.9834 -0.1330
vn -0.1484 -0.9840 -0.0988
vn -0.1583 -0.9861 -0.0511
vn -0.1519 -0.9883 -0.0111
vn -0.1387 -0.9903 0.0048
vn -0.1089 -0.9934 0.0352
vn -0.0714 -0.9964 0.0464
vn -0.0374 -0.9985 0.0413
vn -0.0151 -0.9995 0.0272
vn -0.0043 -0.9999 0.0130
vn -0.0006 -1.0000 0.0035
vn 0.0010 -1.0000 0.0035
vn 0.0060 -0.9999 0.0126
vn 0.0168 -0.9995 0.0264
vn 0.0369 -0.9985 0.0416
vn 0.0673 -0.9964 0.0514
vn 0.1028 -0.9935 0.0484
vn 0.1339 -0.9905 0.0308
vn 0.1520 -0.9883 0.0112
vt 0.000000 0.000000
vt 0.031250 0.166667
vt 0.000000 0.166667
vt 0.031250 0.000000
vt 0.062500 0.166667
vt 0.062500 0.000000
vt 0.093750 0.166667
vt 0.093750 0.000000
vt 0.125000 0.166667
vt 0.125000 0.000000
vt 0.156250 0.166667
vt 0.156250 0.000000
vt 0.187500 0.166667
vt 0.187500 0.000000
vt 0.218750 0.166667
vt 0.218750 0.000000
vt 0.250000 0.166667
vt 0.281250 0.000000
vt 0.250000 0.000000
vt 0.312500 0.000000
vt 0.281250 0.166667
vt 0.343750 0.000000
vt 0.312500 0.166667
vt 0.375000 0.000000
vt 0.343750 0.166667
vt 0.406250 0.000000
vt 0.375000 0.166667
vt 0.437500 0.000000
vt 0.406250 0.166667
vt 0.468750 0.000000
vt 0.437500 0.166667
vt 0.500000 0.000000
vt 0.468750 0.166667
vt 0.531250 0.000000
vt 0.500000 0.166667
vt 0.562500 0.166667
vt 0.531250 0.166667
vt 0.562500 0.000000
vt 0.593750 0.166667
vt 0.593750 0.000000
vt 0.625000 0.166667
vt 0.625000 0.000000
vt 0.656250 0.166667
vt 0.656250 0.000000
vt 0.687500 0.166667
vt 0.687500 0.000000
vt 0.718750 0.166667
vt 0.718750 0.000000
vt 0.750000 0.166667
vt 0.781250 0.000000
vt 0.750000 0.000000
vt 0.812500 0.000000
vt 0.781250 0.166667
vt 0.843750 0.000000
vt 0.812500 0.166667
vt 0.875000 0.000000
vt 0.843750 0.166667
vt 0.906250 0.000000
vt 0.875000 0.166667
vt 0.937500 0.000000
vt 0.906250 0.166667
vt 0.968750 0.000000
vt 0.937500 0.166667
vt 1.000000 0.166667
vt 0.968750 0.166667
vt 0.031250 0.333333
vt 0.000000 0.333333
vt 0.062500 0.333333
vt 0.093750 0.333333
vt 0.125000 0.333333
vt 0.156250 0.333333
vt 0.187500 0.333333
vt 0.218750 0.333333
vt 0.250000 0.333333
vt 0.281250 0.333333
vt 0.312500 0.333333
vt 0.343750 0.333333
vt 0.375000 0.333333
vt 0.406250 0.333333
vt 0.437500 0.333333
vt 0.468750 0.333333
vt 0.500000 0.333333
vt 0.531250 0.333333
vt 0.562500 0.333333
vt 0.625000 0.333333
vt 0.593750 0.333333
vt 0.656250 0.333333
vt 0.687500 0.333333
vt 0.718750 0.333333
vt 0.750000 0.333333
vt 0.781250 0.333333
vt 0.812500 0.333333
vt 0.843750 0.333333
vt 0.875000 0.333333
vt 0.937500 0.333333
vt 0.906250 0.333333
vt 0.968750 0.333333
vt 1.000000 0.333333
vt 0.031250 0.500000
vt 0.000000 0.500000
vt 0.062500 0.500000
vt 0.093750 0.500000
vt 0.125000 0.500000
vt 0.156250 0.500000
vt 0.187500 0.500000
vt 0.250000 0.500000
vt 0.218750 0.500000
vt 0.312500 0.500000
vt 0.281250 0.500000
vt 0.343750 0.500000
vt 0.375000 0.500000
vt 0.406250 0.500000
vt 0.437500 0.500000
vt 0.468750 0.500000
vt 0.500000 0.500000
vt 0.531250 0.500000
vt 0.562500 0.500000
vt 0.593750 0.500000
vt 0.625000 0.500000
vt 0.656250 0.500000
vt 0.687500 0.500000
vt 0.718750 0.500000
vt 0.781250 0.500000
vt 0.750000 0.500000
vt 0.812500 0.500000
vt 0.843750 0.500000
vt 0.875000 0.500000
vt 0.906250 0.500000
vt 0.937500 0.500000
vt 0.968750 0.500000
vt 1.000000 0.500000
vt 0.000000 0.666667
vt 0.031250 0.666667
vt 0.062500 0.666667
vt 0.093750 0.666667
vt 0.125000 0.666667
vt 0.156250 0.666667
vt 0.187500 0.666667
vt 0.218750 0.666667
vt 0.281250 0.666667
vt 0.250000 0.666667
vt 0.312500 0.666667
vt 0.343750 0.666667
vt 0.375000 0.666667
vt 0.406250 0.666667
vt 0.437500 0.666667
vt 0.468750 0.666667
vt 0.500000 0.666667
vt 0.531250 0.666667
vt 0.562500 0.666667
vt 0.593750 0.666667
vt 0.625000 0.666667
vt 0.656250 0.666667
vt 0.687500 0.666667
vt 0.718750 0.666667
vt 0.781250 0.666667
vt 0.750000 0.666667
vt 0.812500 0.666667
vt 0.843750 0.666667
vt 0.875000 0.666667
vt 0.906250 0.666667
vt 0.937500 0.666667
vt 0.968750 0.666667
vt 0.000000 0.833333
vt 0.031250 0.833333
vt 0.062500 0.833333
vt 0.093750 0.833333
vt 0.125000 0.833333
vt 0.156250 0.833333
vt 0.187500 0.833333
vt 0.218750 0.833333
vt 0.281250 0.833333
vt 0.250000 0.833333
vt 0.312500 0.833333
vt 0.343750 0.833333
vt 0.375000 0.833333
vt 0.406250 0.833333
vt 0.437500 0.833333
vt 0.468750 0.833333
vt 0.500000 0.833333
vt 0.531250 0.833333
vt 0.562500 0.833333
vt 0.593750 0.833333
vt 0.625000 0.833333
vt 0.656250 0.833333
vt 0.687500 0.833333
vt 0.718750 0.833333
vt 0.781250 0.833333
vt 0.750000 0.833333
vt 0.812500 0.833333
vt 0.843750 0.833333
vt 0.875000 0.833333
vt 0.906250 0.833333
vt 0.937500 0.833333
vt 1.000000 0.666667
vt 0.968750 0.833333
vt 0.000000 1.000000
vt 0.031250 1.000000
vt 0.062500 1.000000
vt 0.125000 1.000000
vt 0.093750 1.000000
vt 0.156250 1.000000
vt 0.187500 1.000000
vt 0.218750 1.000000
vt 0.250000 1.000000
vt 0.281250 1.000000
vt 0.312500 1.000000
vt 0.343750 1.000000
vt 0.375000 1.000000
vt 0.437500 1.000000
vt 0.406250 1.000000
vt 0.468750 1.000000
vt 0.500000 1.000000
vt 0.531250 1.000000
vt 0.562500 1.000000
vt 0.593750 1.000000
vt 0.625000 1.000000
vt 0.656250 1.000000
vt 0.687500 1.000000
vt 0.718750 1.000000
vt 0.750000 1.000000
vt 0.781250 1.000000
vt 0.812500 1.000000
vt 0.843750 1.000000
vt 0.875000 1.000000
vt 0.906250 1.000000
vt 0.937500 1.000000
vt 1.000000 0.833333
vt 0.968750 1.000000
vt 1.000000 0.000000
vt 1.000000 1.000000
s 0
g A_Torso.001_ring_mail_body
usemtl ring_mail_body
f 1/1/1 34/2/1 33/3/1
f 2/4/2 35/5/2 34/2/2
f 3/6/3 36/7/3 35/5/3
f 4/8/4 37/9/4 36/7/4
f 5/10/5 38/11/5 37/9/5
f 6/12/6 39/13/6 38/11/6
f 7/14/7 40/15/7 39/13/7
f 8/16/8 41/17/8 40/15/8
f 10/18/9 41/17/9 9/19/9
f 11/20/10 42/21/10 10/18/10
f 12/22/11 43/23/11 11/20/11
f 13/24/12 44/25/12 12/22/12
f 14/26/13 45/27/13 13/24/13
f 15/28/14 46/29/14 14/26/14
f 16/30/15 47/31/15 15/28/15
f 17/32/16 48/33/16 16/30/16
f 18/34/17 49/35/17 17/32/17
f 18/34/18 51/36/18 50/37/18
f 19/38/19 52/39/19 51/36/19
f 20/40/20 53/41/20 52/39/20
f 21/42/21 54/43/21 53/41/21
f 22/44/22 55/45/22 54/43/22
f 23/46/23 56/47/23 55/45/23
f 24/48/24 57/49/24 56/47/24
f 26/50/25 57/49/25 25/51/25
f 27/52/26 58/53/26 26/50/26
f 28/54/27 59/55/27 27/52/27
f 29/56/28 60/57/28 28/54/28
f 30/58/29 61/59/29 29/56/29
f 31/60/30 62/61/30 30/58/30
f 32/62/31 63/63/31 31/60/31
f 32/62/32 33/64/32 64/65/32
f 33/3/33 66/66/33 65/67/33
f 34/2/34 67/68/34 66/66/34
f 35/5/35 68/69/35 67/68/35
f 36/7/36 69/70/36 68/69/36
f 37/9/37 70/71/37 69/70/37
f 38/11/38 71/72/38 70/71/38
f 39/13/39 72/73/39 71/72/39
f 40/15/40 73/74/40 72/73/40
f 42/21/41 73/74/41 41/17/41
f 43/23/42 74/75/42 42/21/42
f 44/25/43 75/76/43 43/23/43
f 45/27/44 76/77/44 44/25/44
f 46/29/45 77/78/45 45/27/45
f 47/31/46 78/79/46 46/29/46
f 48/33/47 79/80/47 47/31/47
f 49/35/48 80/81/48 48/33/48
f 50/37/49 81/82/49 49/35/49
f 51/36/50 82/83/50 50/37/50
f 52/39/51 83/84/51 51/36/51
f 52/39/52 85/85/52 84/86/52
f 53/41/53 86/87/53 85/85/53
f 54/43/54 87/88/54 86/87/54
f 55/45/55 88/89/55 87/88/55
f 56/47/56 89/90/56 88/89/56
f 58/53/57 89/90/57 57/49/57
f 59/55/58 90/91/58 58/53/58
f 60/57/59 91/92/59 59/55/59
f 61/59/60 92/93/60 60/57/60
f 62/61/61 93/94/61 61/59/61
f 62/61/62 95/95/62 94/96/62
f 63/63/63 96/97/63 95/95/63
f 64/65/64 65/98/64 96/97/64
f 65/67/65 98/99/65 97/100/65
f 67/68/66 98/99/66 66/66/66
f 68/69/67 99/101/67 67/68/67
f 69/70/68 100/102/68 68/69/68
f 70/71/69 101/103/69 69/70/69
f 71/72/70 102/104/70 70/71/70
f 72/73/71 103/105/71 71/72/71
f 72/73/72 105/106/72 104/107/72
f 74/75/73 105/106/73 73/74/73
f 74/75/74 107/108/74 106/109/74
f 75/76/75 108/110/75 107/108/75
f 76/77/76 109/111/76 108/110/76
f 77/78/77 110/112/77 109/111/77
f 78/79/78 111/113/78 110/112/78
f 79/80/79 112/114/79 111/113/79
f 81/82/80 112/114/80 80/81/80
f 82/83/81 113/115/81 81/82/81
f 83/84/82 114/116/82 82/83/82
f 84/86/83 115/117/83 83/84/83
f 85/85/84 116/118/84 84/86/84
f 86/87/85 117/119/85 85/85/85
f 87/88/86 118/120/86 86/87/86
f 88/89/87 119/121/87 87/88/87
f 89/90/88 120/122/88 88/89/88
f 89/90/89 122/123/89 121/124/89
f 90/91/90 123/125/90 122/123/90
f 91/92/91 124/126/91 123/125/91
f 92/93/92 125/127/92 124/126/92
f 93/94/93 126/128/93 125/127/93
f 94/96/94 127/129/94 126/128/94
f 95/95/95 128/130/95 127/129/95
f 96/97/96 97/131/96 128/130/96
f 98/99/97 129/132/97 97/100/97
f 99/101/98 130/133/98 98/99/98
f 100/102/99 131/134/99 99/101/99
f 101/103/100 132/135/100 100/102/100
f 102/104/101 133/136/101 101/103/101
f 103/105/102 134/137/102 102/104/102
f 104/107/103 135/138/103 103/105/103
f 105/106/104 136/139/104 104/107/104
f 105/106/105 138/140/105 137/141/105
f 106/109/106 139/142/106 138/140/106
f 107/108/107 140/143/107 139/142/107
f 108/110/108 141/144/108 140/143/108
f 109/111/109 142/145/109 141/144/109
f 110/112/110 143/146/110 142/145/110
f 111/113/111 144/147/111 143/146/111
f 112/114/112 145/148/112 144/147/112
f 113/115/113 146/149/113 145/148/113
f 114/116/114 147/150/114 146/149/114
f 115/117/115 148/151/115 147/150/115
f 117/119/116 148/151/116 116/118/116
f 118/120/117 149/152/117 117/119/117
f 119/121/118 150/153/118 118/120/118
f 120/122/119 151/154/119 119/121/119
f 121/124/120 152/155/120 120/122/120
f 121/124/121 154/156/121 153/157/121
f 122/123/122 155/158/122 154/156/122
f 123/125/123 156/159/123 155/158/123
f 124/126/124 157/160/124 156/159/124
f 125/127/125 158/161/125 157/160/125
f 127/129/126 158/161/126 126/128/126
f 128/130/127 159/162/127 127/129/127
f 97/131/128 160/163/128 128/130/128
f 130/133/129 161/164/129 129/132/129
f 131/134/130 162/165/130 130/133/130
f 132/135/131 163/166/131 131/134/131
f 133/136/132 164/167/132 132/135/132
f 134/137/133 165/168/133 133/136/133
f 135/138/134 166/169/134 134/137/134
f 136/139/135 167/170/135 135/138/135
f 137/141/136 168/171/136 136/139/136
f 137/141/137 170/172/137 169/173/137
f 138/140/138 171/174/138 170/172/138
f 139/142/139 172/175/139 171/174/139
f 140/143/140 173/176/140 172/175/140
f 141/144/141 174/177/141 173/176/141
f 142/145/142 175/178/142 174/177/142
f 143/146/143 176/179/143 175/178/143
f 144/147/144 177/180/144 176/179/144
f 145/148/145 178/181/145 177/180/145
f 146/149/146 179/182/146 178/181/146
f 147/150/147 180/183/147 179/182/147
f 148/151/148 181/184/148 180/183/148
f 150/153/149 181/184/149 149/152/149
f 151/154/150 182/185/150 150/153/150
f 152/155/151 183/186/151 151/154/151
f 153/157/152 184/187/152 152/155/152
f 153/157/153 186/188/153 185/189/153
f 154/156/154 187/190/154 186/188/154
f 155/158/155 188/191/155 187/190/155
f 156/159/156 189/192/156 188/191/156
f 158/161/157 189/192/157 157/160/157
f 159/162/158 190/193/158 158/161/158
f 160/163/159 191/194/159 159/162/159
f 129/195/160 192/196/160 160/163/160
f 162/165/161 193/197/161 161/164/161
f 163/166/162 194/198/162 162/165/162
f 164/167/163 195/199/163 163/166/163
f 164/167/164 197/200/164 196/201/164
f 165/168/165 198/202/165 197/200/165
f 166/169/166 199/203/166 198/202/166
f 167/170/167 200/204/167 199/203/167
f 168/171/168 201/205/168 200/204/168
f 170/172/169 201/205/169 169/173/169
f 171/174/170 202/206/170 170/172/170
f 172/175/171 203/207/171 171/174/171
f 173/176/172 204/208/172 172/175/172
f 174/177/173 205/209/173 173/176/173
f 174/177/174 207/210/174 206/211/174
f 175/178/175 208/212/175 207/210/175
f 176/179/176 209/213/176 208/212/176
f 177/180/177 210/214/177 209/213/177
f 178/181/178 211/215/178 210/214/178
f 179/182/179 212/216/179 211/215/179
f 180/183/180 213/217/180 212/216/180
f 181/184/181 214/218/181 213/217/181
f 182/185/182 215/219/182 214/218/182
f 183/186/183 216/220/183 215/219/183
f 184/187/184 217/221/184 216/220/184
f 186/188/185 217/221/185 185/189/185
f 187/190/186 218/222/186 186/188/186
f 188/191/187 219/223/187 187/190/187
f 189/192/188 220/224/188 188/191/188
f 190/193/189 221/225/189 189/192/189
f 191/194/190 222/226/190 190/193/190
f 192/196/191 223/227/191 191/194/191
f 161/228/192 224/229/192 192/196/192
f 225/1/193 258/2/193 226/4/193
f 226/4/194 259/5/194 227/6/194
f 227/6/195 260/7/195 228/8/195
f 228/8/196 261/9/196 229/10/196
f 229/10/197 262/11/197 230/12/197
f 230/12/198 263/13/198 231/14/198
f 231/14/199 264/15/199 232/16/199
f 232/16/200 265/17/200 233/19/200
f 265/17/201 234/18/201 233/19/201
f 266/21/202 235/20/202 234/18/202
f 267/23/203 236/22/203 235/20/203
f 268/25/204 237/24/204 236/22/204
f 269/27/205 238/26/205 237/24/205
f 270/29/206 239/28/206 238/26/206
f 271/31/207 240/30/207 239/28/207
f 272/33/208 241/32/208 240/30/208
f 273/35/209 242/34/209 241/32/209
f 242/34/210 275/36/210 243/38/210
f 243/38/211 276/39/211 244/40/211
f 244/40/212 277/41/212 245/42/212
f 245/42/213 278/43/213 246/44/213
f 246/44/214 279/45/214 247/46/214
f 247/46/215 280/47/215 248/48/215
f 248/48/216 281/49/216 249/51/216
f 281/49/217 250/50/217 249/51/217
f 282/53/218 251/52/218 250/50/218
f 283/55/219 252/54/219 251/52/219
f 284/57/220 253/56/220 252/54/220
f 285/59/221 254/58/221 253/56/221
f 286/61/222 255/60/222 254/58/222
f 287/63/223 256/62/223 255/60/223
f 256/62/224 257/64/224 225/230/224
f 257/3/225 290/66/225 258/2/225
f 258/2/226 291/68/226 259/5/226
f 259/5/227 292/69/227 260/7/227
f 260/7/228 293/70/228 261/9/228
f 261/9/229 294/71/229 262/11/229
f 262/11/230 295/72/230 263/13/230
f 263/13/231 296/73/231 264/15/231
f 264/15/232 297/74/232 265/17/232
f 297/74/233 266/21/233 265/17/233
f 298/75/234 267/23/234 266/21/234
f 299/76/235 268/25/235 267/23/235
f 300/77/236 269/27/236 268/25/236
f 301/78/237 270/29/237 269/27/237
f 302/79/238 271/31/238 270/29/238
f 303/80/239 272/33/239 271/31/239
f 304/81/240 273/35/240 272/33/240
f 305/82/241 274/37/241 273/35/241
f 306/83/242 275/36/242 274/37/242
f 307/84/243 276/39/243 275/36/243
f 276/39/244 309/85/244 277/41/244
f 277/41/245 310/87/245 278/43/245
f 278/43/246 311/88/246 279/45/246
f 279/45/247 312/89/247 280/47/247
f 280/47/248 313/90/248 281/49/248
f 313/90/249 282/53/249 281/49/249
f 314/91/250 283/55/250 282/53/250
f 315/92/251 284/57/251 283/55/251
f 316/93/252 285/59/252 284/57/252
f 317/94/253 286/61/253 285/59/253
f 286/61/254 319/95/254 287/63/254
f 287/63/255 320/97/255 288/65/255
f 288/65/256 289/98/256 257/64/256
f 289/67/257 322/99/257 290/66/257
f 322/99/258 291/68/258 290/66/258
f 323/101/259 292/69/259 291/68/259
f 324/102/260 293/70/260 292/69/260
f 325/103/261 294/71/261 293/70/261
f 326/104/262 295/72/262 294/71/262
f 327/105/263 296/73/263 295/72/263
f 296/73/264 329/106/264 297/74/264
f 329/106/265 298/75/265 297/74/265
f 298/75/266 331/108/266 299/76/266
f 299/76/267 332/110/267 300/77/267
f 300/77/268 333/111/268 301/78/268
f 301/78/269 334/112/269 302/79/269
f 302/79/270 335/113/270 303/80/270
f 303/80/271 336/114/271 304/81/271
f 336/114/272 305/82/272 304/81/272
f 337/115/273 306/83/273 305/82/273
f 338/116/274 307/84/274 306/83/274
f 339/117/275 308/86/275 307/84/275
f 340/118/276 309/85/276 308/86/276
f 341/119/277 310/87/277 309/85/277
f 342/120/278 311/88/278 310/87/278
f 343/121/279 312/89/279 311/88/279
f 344/122/280 313/90/280 312/89/280
f 313/90/281 346/123/281 314/91/281
f 314/91/282 347/125/282 315/92/282
f 315/92/283 348/126/283 316/93/283
f 316/93/284 349/127/284 317/94/284
f 317/94/285 350/128/285 318/96/285
f 318/96/286 351/129/286 319/95/286
f 319/95/287 352/130/287 320/97/287
f 320/97/288 321/131/288 289/98/288
f 353/132/289 322/99/289 321/100/289
f 354/133/290 323/101/290 322/99/290
f 355/134/291 324/102/291 323/101/291
f 356/135/292 325/103/292 324/102/292
f 357/136/293 326/104/293 325/103/293
f 358/137/294 327/105/294 326/104/294
f 359/138/295 328/107/295 327/105/295
f 360/139/296 329/106/296 328/107/296
f 329/106/297 362/140/297 330/109/297
f 330/109/298 363/142/298 331/108/298
f 331/108/299 364/143/299 332/110/299
f 332/110/300 365/144/300 333/111/300
f 333/111/301 366/145/301 334/112/301
f 334/112/302 367/146/302 335/113/302
f 335/113/303 368/147/303 336/114/303
f 336/114/304 369/148/304 337/115/304
f 337/115/305 370/149/305 338/116/305
f 338/116/306 371/150/306 339/117/306
f 339/117/307 372/151/307 340/118/307
f 372/151/308 341/119/308 340/118/308
f 373/152/309 342/120/309 341/119/309
f 374/153/310 343/121/310 342/120/310
f 375/154/311 344/122/311 343/121/311
f 376/155/312 345/124/312 344/122/312
f 345/124/313 378/156/313 346/123/313
f 346/123/314 379/158/314 347/125/314
f 347/125/315 380/159/315 348/126/315
f 348/126/316 381/160/316 349/127/316
f 349/127/317 382/161/317 350/128/317
f 382/161/318 351/129/318 350/128/318
f 383/162/319 352/130/319 351/129/319
f 384/163/320 321/131/320 352/130/320
f 385/164/321 354/133/321 353/132/321
f 386/165/322 355/134/322 354/133/322
f 387/166/323 356/135/323 355/134/323
f 388/167/324 357/136/324 356/135/324
f 389/168/325 358/137/325 357/136/325
f 390/169/326 359/138/326 358/137/326
f 391/170/327 360/139/327 359/138/327
f 392/171/328 361/141/328 360/139/328
f 361/141/329 394/172/329 362/140/329
f 362/140/330 395/174/330 363/142/330
f 363/142/331 396/175/331 364/143/331
f 364/143/332 397/176/332 365/144/332
f 365/144/333 398/177/333 366/145/333
f 366/145/334 399/178/334 367/146/334
f 367/146/335 400/179/335 368/147/335
f 368/147/336 401/180/336 369/148/336
f 369/148/337 402/181/337 370/149/337
f 370/149/338 403/182/338 371/150/338
f 371/150/339 404/183/339 372/151/339
f 372/151/340 405/184/340 373/152/340
f 405/184/341 374/153/341 373/152/341
f 406/185/342 375/154/342 374/153/342
f 407/186/343 376/155/343 375/154/343
f 408/187/344 377/157/344 376/155/344
f 377/157/345 410/188/345 378/156/345
f 378/156/346 411/190/346 379/158/346
f 379/158/347 412/191/347 380/159/347
f 380/159/348 413/192/348 381/160/348
f 413/192/349 382/161/349 381/160/349
f 414/193/350 383/162/350 382/161/350
f 415/194/351 384/163/351 383/162/351
f 416/196/352 353/195/352 384/163/352
f 417/197/353 386/165/353 385/164/353
f 418/198/354 387/166/354 386/165/354
f 419/199/355 388/167/355 387/166/355
f 388/167/356 421/200/356 389/168/356
f 389/168/357 422/202/357 390/169/357
f 390/169/358 423/203/358 391/170/358
f 391/170/359 424/204/359 392/171/359
f 392/171/360 425/205/360 393/173/360
f 425/205/361 394/172/361 393/173/361
f 426/206/362 395/174/362 394/172/362
f 427/207/363 396/175/363 395/174/363
f 428/208/364 397/176/364 396/175/364
f 429/209/365 398/177/365 397/176/365
f 398/177/366 431/210/366 399/178/366
f 399/178/367 432/212/367 400/179/367
f 400/179/368 433/213/368 401/180/368
f 401/180/369 434/214/369 402/181/369
f 402/181/370 435/215/370 403/182/370
f 403/182/371 436/216/371 404/183/371
f 404/183/372 437/217/372 405/184/372
f 405/184/373 438/218/373 406/185/373
f 406/185/374 439/219/374 407/186/374
f 407/186/375 440/220/375 408/187/375
f 408/187/376 441/221/376 409/189/376
f 441/221/377 410/188/377 409/189/377
f 442/222/378 411/190/378 410/188/378
f 443/223/379 412/191/379 411/190/379
f 444/224/380 413/192/380 412/191/380
f 445/225/381 414/193/381 413/192/381
f 446/226/382 415/194/382 414/193/382
f 447/227/383 416/196/383 415/194/383
f 448/229/384 385/228/384 416/196/384
f 2/4/385 225/1/385 226/4/385
f 3/6/386 226/4/386 227/6/386
f 4/8/387 227/6/387 228/8/387
f 5/10/388 228/8/388 229/10/388
f 6/12/389 229/10/389 230/12/389
f 7/14/390 230/12/390 231/14/390
f 8/16/391 231/14/391 232/16/391
f 9/19/392 232/16/392 233/19/392
f 9/19/393 234/18/393 10/18/393
f 10/18/394 235/20/394 11/20/394
f 11/20/395 236/22/395 12/22/395
f 12/22/396 237/24/396 13/24/396
f 13/24/397 238/26/397 14/26/397
f 14/26/398 239/28/398 15/28/398
f 15/28/399 240/30/399 16/30/399
f 16/30/400 241/32/400 17/32/400
f 18/34/401 241/32/401 242/34/401
f 19/38/402 242/34/402 243/38/402
f 20/40/403 243/38/403 244/40/403
f 21/42/404 244/40/404 245/42/404
f 22/44/405 245/42/405 246/44/405
f 23/46/406 246/44/406 247/46/406
f 24/48/407 247/46/407 248/48/407
f 25/51/408 248/48/408 249/51/408
f 25/51/409 250/50/409 26/50/409
f 26/50/410 251/52/410 27/52/410
f 27/52/411 252/54/411 28/54/411
f 28/54/412 253/56/412 29/56/412
f 29/56/413 254/58/413 30/58/413
f 30/58/414 255/60/414 31/60/414
f 31/60/415 256/62/415 32/62/415
f 32/62/416 225/230/416 1/230/416
f 194/198/417 417/197/417 193/197/417
f 195/199/418 418/198/418 194/198/418
f 195/199/419 420/201/419 419/199/419
f 196/201/420 421/200/420 420/201/420
f 197/200/421 422/202/421 421/200/421
f 198/202/422 423/203/422 422/202/422
f 199/203/423 424/204/423 423/203/423
f 200/204/424 425/205/424 424/204/424
f 202/206/425 425/205/425 201/205/425
f 203/207/426 426/206/426 202/206/426
f 204/208/427 427/207/427 203/207/427
f 205/209/428 428/208/428 204/208/428
f 206/211/429 429/209/429 205/209/429
f 207/210/430 430/211/430 206/211/430
f 207/210/431 432/212/431 431/210/431
f 208/212/432 433/213/432 432/212/432
f 210/214/433 433/213/433 209/213/433
f 210/214/434 435/215/434 434/214/434
f 211/215/435 436/216/435 435/215/435
f 212/216/436 437/217/436 436/216/436
f 213/217/437 438/218/437 437/217/437
f 214/218/438 439/219/438 438/218/438
f 215/219/439 440/220/439 439/219/439
f 216/220/440 441/221/440 440/220/440
f 218/222/441 441/221/441 217/221/441
f 219/223/442 442/222/442 218/222/442
f 220/224/443 443/223/443 219/223/443
f 221/225/444 444/224/444 220/224/444
f 222/226/445 445/225/445 221/225/445
f 223/227/446 446/226/446 222/226/446
f 224/229/447 447/227/447 223/227/447
f 224/229/448 417/231/448 448/229/448
f 1/1/449 2/4/449 34/2/449
f 2/4/450 3/6/450 35/5/450
f 3/6/451 4/8/451 36/7/451
f 4/8/452 5/10/452 37/9/452
f 5/10/453 6/12/453 38/11/453
f 6/12/454 7/14/454 39/13/454
f 7/14/455 8/16/455 40/15/455
f 8/16/456 9/19/456 41/17/456
f 10/18/457 42/21/457 41/17/457
f 11/20/458 43/23/458 42/21/458
f 12/22/459 44/25/459 43/23/459
f 13/24/460 45/27/460 44/25/460
f 14/26/461 46/29/461 45/27/461
f 15/28/462 47/31/462 46/29/462
f 16/30/463 48/33/463 47/31/463
f 17/32/464 49/35/464 48/33/464
f 18/34/465 50/37/465 49/35/465
f 18/34/466 19/38/466 51/36/466
f 19/38/467 20/40/467 52/39/467
f 20/40/468 21/42/468 53/41/468
f 21/42/469 22/44/469 54/43/469
f 22/44/470 23/46/470 55/45/470
f 23/46/471 24/48/471 56/47/471
f 24/48/472 25/51/472 57/49/472
f 26/50/473 58/53/473 57/49/473
f 27/52/474 59/55/474 58/53/474
f 28/54/475 60/57/475 59/55/475
f 29/56/476 61/59/476 60/57/476
f 30/58/477 62/61/477 61/59/477
f 31/60/478 63/63/478 62/61/478
f 32/62/479 64/65/479 63/63/479
f 32/62/480 1/230/480 33/64/480
f 33/3/481 34/2/481 66/66/481
f 34/2/482 35/5/482 67/68/482
f 35/5/483 36/7/483 68/69/483
f 36/7/484 37/9/484 69/70/484
f 37/9/485 38/11/485 70/71/485
f 38/11/486 39/13/486 71/72/486
f 39/13/487 40/15/487 72/73/487
f 40/15/488 41/17/488 73/74/488
f 42/21/489 74/75/489 73/74/489
f 43/23/490 75/76/490 74/75/490
f 44/25/491 76/77/491 75/76/491
f 45/27/492 77/78/492 76/77/492
f 46/29/493 78/79/493 77/78/493
f 47/31/494 79/80/494 78/79/494
f 48/33/495 80/81/495 79/80/495
f 49/35/496 81/82/496 80/81/496
f 50/37/497 82/83/497 81/82/497
f 51/36/498 83/84/498 82/83/498
f 52/39/499 84/86/499 83/84/499
f 52/39/500 53/41/500 85/85/500
f 53/41/501 54/43/501 86/87/501
f 54/43/502 55/45/502 87/88/502
f 55/45/503 56/47/503 88/89/503
f 56/47/504 57/49/504 89/90/504
f 58/53/505 90/91/505 89/90/505
f 59/55/506 91/92/506 90/91/506
f 60/57/507 92/93/507 91/92/507
f 61/59/508 93/94/508 92/93/508
f 62/61/509 94/96/509 93/94/509
f 62/61/510 63/63/510 95/95/510
f 63/63/511 64/65/511 96/97/511
f 64/65/512 33/64/512 65/98/512
f 65/67/513 66/66/513 98/99/513
f 67/68/514 99/101/514 98/99/514
f 68/69/515 100/102/515 99/101/515
f 69/70/516 101/103/516 100/102/516
f 70/71/517 102/104/517 101/103/517
f 71/72/518 103/105/518 102/104/518
f 72/73/519 104/107/519 103/105/519
f 72/73/520 73/74/520 105/106/520
f 74/75/521 106/109/521 105/106/521
f 74/75/522 75/76/522 107/108/522
f 75/76/523 76/77/523 108/110/523
f 76/77/524 77/78/524 109/111/524
f 77/78/525 78/79/525 110/112/525
f 78/79/526 79/80/526 111/113/526
f 79/80/527 80/81/527 112/114/527
f 81/82/528 113/115/528 112/114/528
f 82/83/529 114/116/529 113/115/529
f 83/84/530 115/117/530 114/116/530
f 84/86/531 116/118/531 115/117/531
f 85/85/532 117/119/532 116/118/532
f 86/87/533 118/120/533 117/119/533
f 87/88/534 119/121/534 118/120/534
f 88/89/535 120/122/535 119/121/535
f 89/90/536 121/124/536 120/122/536
f 89/90/537 90/91/537 122/123/537
f 90/91/538 91/92/538 123/125/538
f 91/92/539 92/93/539 124/126/539
f 92/93/540 93/94/540 125/127/540
f 93/94/541 94/96/541 126/128/541
f 94/96/542 95/95/542 127/129/542
f 95/95/543 96/97/543 128/130/543
f 96/97/544 65/98/544 97/131/544
f 98/99/545 130/133/545 129/132/545
f 99/101/546 131/134/546 130/133/546
f 100/102/547 132/135/547 131/134/547
f 101/103/548 133/136/548 132/135/548
f 102/104/549 134/137/549 133/136/549
f 103/105/550 135/138/550 134/137/550
f 104/107/551 136/139/551 135/138/551
f 105/106/552 137/141/552 136/139/552
f 105/106/553 106/109/553 138/140/553
f 106/109/554 107/108/554 139/142/554
f 107/108/555 108/110/555 140/143/555
f 108/110/556 109/111/556 141/144/556
f 109/111/557 110/112/557 142/145/557
f 110/112/558 111/113/558 143/146/558
f 111/113/559 112/114/559 144/147/559
f 112/114/560 113/115/560 145/148/560
f 113/115/561 114/116/561 146/149/561
f 114/116/562 115/117/562 147/150/562
f 115/117/563 116/118/563 148/151/563
f 117/119/564 149/152/564 148/151/564
f 118/120/565 150/153/565 149/152/565
f 119/121/566 151/154/566 150/153/566
f 120/122/567 152/155/567 151/154/567
f 121/124/568 153/157/568 152/155/568
f 121/124/569 122/123/569 154/156/569
f 122/123/570 123/125/570 155/158/570
f 123/125/571 124/126/571 156/159/571
f 124/126/572 125/127/572 157/160/572
f 125/127/573 126/128/573 158/161/573
f 127/129/574 159/162/574 158/161/574
f 128/130/575 160/163/575 159/162/575
f 97/131/576 129/195/576 160/163/576
f 130/133/577 162/165/577 161/164/577
f 131/134/578 163/166/578 162/165/578
f 132/135/579 164/167/579 163/166/579
f 133/136/580 165/168/580 164/167/580
f 134/137/581 166/169/581 165/168/581
f 135/138/582 167/170/582 166/169/582
f 136/139/583 168/171/583 167/170/583
f 137/141/584 169/173/584 168/171/584
f 137/141/585 138/140/585 170/172/585
f 138/140/586 139/142/586 171/174/586
f 139/142/587 140/143/587 172/175/587
f 140/143/588 141/144/588 173/176/588
f 141/144/589 142/145/589 174/177/589
f 142/145/590 143/146/590 175/178/590
f 143/146/591 144/147/591 176/179/591
f 144/147/592 145/148/592 177/180/592
f 145/148/593 146/149/593 178/181/593
f 146/149/594 147/150/594 179/182/594
f 147/150/595 148/151/595 180/183/595
f 148/151/596 149/152/596 181/184/596
f 150/153/597 182/185/597 181/184/597
f 151/154/598 183/186/598 182/185/598
f 152/155/599 184/187/599 183/186/599
f 153/157/600 185/189/600 184/187/600
f 153/157/601 154/156/601 186/188/601
f 154/156/602 155/158/602 187/190/602
f 155/158/603 156/159/603 188/191/603
f 156/159/604 157/160/604 189/192/604
f 158/161/605 190/193/605 189/192/605
f 159/162/606 191/194/606 190/193/606
f 160/163/607 192/196/607 191/194/607
f 129/195/608 161/228/608 192/196/608
f 162/165/609 194/198/609 193/197/609
f 163/166/610 195/199/610 194/198/610
f 164/167/611 196/201/611 195/199/611
f 164/167/612 165/168/612 197/200/612
f 165/168/613 166/169/613 198/202/613
f 166/169/614 167/170/614 199/203/614
f 167/170/615 168/171/615 200/204/615
f 168/171/616 169/173/616 201/205/616
f 170/172/617 202/206/617 201/205/617
f 171/174/618 203/207/618 202/206/618
f 172/175/619 204/208/619 203/207/619
f 173/176/620 205/209/620 204/208/620
f 174/177/621 206/211/621 205/209/621
f 174/177/622 175/178/622 207/210/622
f 175/178/623 176/179/623 208/212/623
f 176/179/624 177/180/624 209/213/624
f 177/180/625 178/181/625 210/214/625
f 178/181/626 179/182/626 211/215/626
f 179/182/627 180/183/627 212/216/627
f 180/183/628 181/184/628 213/217/628
f 181/184/629 182/185/629 214/218/629
f 182/185/630 183/186/630 215/219/630
f 183/186/631 184/187/631 216/220/631
f 184/187/632 185/189/632 217/221/632
f 186/188/633 218/222/633 217/221/633
f 187/190/634 219/223/634 218/222/634
f 188/191/635 220/224/635 219/223/635
f 189/192/636 221/225/636 220/224/636
f 190/193/637 222/226/637 221/225/637
f 191/194/638 223/227/638 222/226/638
f 192/196/639 224/229/639 223/227/639
f 161/228/640 193/231/640 224/229/640
f 225/1/641 257/3/641 258/2/641
f 226/4/642 258/2/642 259/5/642
f 227/6/643 259/5/643 260/7/643
f 228/8/644 260/7/644 261/9/644
f 229/10/645 261/9/645 262/11/645
f 230/12/646 262/11/646 263/13/646
f 231/14/647 263/13/647 264/15/647
f 232/16/648 264/15/648 265/17/648
f 265/17/649 266/21/649 234/18/649
f 266/21/650 267/23/650 235/20/650
f 267/23/651 268/25/651 236/22/651
f 268/25/652 269/27/652 237/24/652
f 269/27/653 270/29/653 238/26/653
f 270/29/654 271/31/654 239/28/654
f 271/31/655 272/33/655 240/30/655
f 272/33/656 273/35/656 241/32/656
f 273/35/657 274/37/657 242/34/657
f 242/34/658 274/37/658 275/36/658
f 243/38/659 275/36/659 276/39/659
f 244/40/660 276/39/660 277/41/660
f 245/42/661 277/41/661 278/43/661
f 246/44/662 278/43/662 279/45/662
f 247/46/663 279/45/663 280/47/663
f 248/48/664 280/47/664 281/49/664
f 281/49/665 282/53/665 250/50/665
f 282/53/666 283/55/666 251/52/666
f 283/55/667 284/57/667 252/54/667
f 284/57/668 285/59/668 253/56/668
f 285/59/669 286/61/669 254/58/669
f 286/61/670 287/63/670 255/60/670
f 287/63/671 288/65/671 256/62/671
f 256/62/672 288/65/672 257/64/672
f 257/3/673 289/67/673 290/66/673
f 258/2/674 290/66/674 291/68/674
f 259/5/675 291/68/675 292/69/675
f 260/7/676 292/69/676 293/70/676
f 261/9/677 293/70/677 294/71/677
f 262/11/678 294/71/678 295/72/678
f 263/13/679 295/72/679 296/73/679
f 264/15/680 296/73/680 297/74/680
f 297/74/681 298/75/681 266/21/681
f 298/75/682 299/76/682 267/23/682
f 299/76/683 300/77/683 268/25/683
f 300/77/684 301/78/684 269/27/684
f 301/78/685 302/79/685 270/29/685
f 302/79/686 303/80/686 271/31/686
f 303/80/687 304/81/687 272/33/687
f 304/81/688 305/82/688 273/35/688
f 305/82/689 306/83/689 274/37/689
f 306/83/690 307/84/690 275/36/690
f 307/84/691 308/86/691 276/39/691
f 276/39/692 308/86/692 309/85/692
f 277/41/693 309/85/693 310/87/693
f 278/43/694 310/87/694 311/88/694
f 279/45/695 311/88/695 312/89/695
f 280/47/696 312/89/696 313/90/696
f 313/90/697 314/91/697 282/53/697
f 314/91/698 315/92/698 283/55/698
f 315/92/699 316/93/699 284/57/699
f 316/93/700 317/94/700 285/59/700
f 317/94/701 318/96/701 286/61/701
f 286/61/702 318/96/702 319/95/702
f 287/63/703 319/95/703 320/97/703
f 288/65/704 320/97/704 289/98/704
f 289/67/705 321/100/705 322/99/705
f 322/99/706 323/101/706 291/68/706
f 323/101/707 324/102/707 292/69/707
f 324/102/708 325/103/708 293/70/708
f 325/103/709 326/104/709 294/71/709
f 326/104/710 327/105/710 295/72/710
f 327/105/711 328/107/711 296/73/711
f 296/73/712 328/107/712 329/106/712
f 329/106/713 330/109/713 298/75/713
f 298/75/714 330/109/714 331/108/714
f 299/76/715 331/108/715 332/110/715
f 300/77/716 332/110/716 333/111/716
f 301/78/717 333/111/717 334/112/717
f 302/79/718 334/112/718 335/113/718
f 303/80/719 335/113/719 336/114/719
f 336/114/720 337/115/720 305/82/720
f 337/115/721 338/116/721 306/83/721
f 338/116/722 339/117/722 307/84/722
f 339/117/723 340/118/723 308/86/723
f 340/118/724 341/119/724 309/85/724
f 341/119/725 342/120/725 310/87/725
f 342/120/726 343/121/726 311/88/726
f 343/121/727 344/122/727 312/89/727
f 344/122/728 345/124/728 313/90/728
f 313/90/729 345/124/729 346/123/729
f 314/91/730 346/123/730 347/125/730
f 315/92/731 347/125/731 348/126/731
f 316/93/732 348/126/732 349/127/732
f 317/94/733 349/127/733 350/128/733
f 318/96/734 350/128/734 351/129/734
f 319/95/735 351/129/735 352/130/735
f 320/97/736 352/130/736 321/131/736
f 353/132/737 354/133/737 322/99/737
f 354/133/738 355/134/738 323/101/738
f 355/134/739 356/135/739 324/102/739
f 356/135/740 357/136/740 325/103/740
f 357/136/741 358/137/741 326/104/741
f 358/137/742 359/138/742 327/105/742
f 359/138/743 360/139/743 328/107/743
f 360/139/744 361/141/744 329/106/744
f 329/106/745 361/141/745 362/140/745
f 330/109/746 362/140/746 363/142/746
f 331/108/747 363/142/747 364/143/747
f 332/110/748 364/143/748 365/144/748
f 333/111/749 365/144/749 366/145/749
f 334/112/750 366/145/750 367/146/750
f 335/113/751 367/146/751 368/147/751
f 336/114/752 368/147/752 369/148/752
f 337/115/753 369/148/753 370/149/753
f 338/116/754 370/149/754 371/150/754
f 339/117/307 371/150/307 372/151/307
f 372/151/755 373/152/755 341/119/755
f 373/152/756 374/153/756 342/120/756
f 374/153/757 375/154/757 343/121/757
f 375/154/758 376/155/758 344/122/758
f 376/155/759 377/157/759 345/124/759
f 345/124/760 377/157/760 378/156/760
f 346/123/761 378/156/761 379/158/761
f 347/125/762 379/158/762 380/159/762
f 348/126/763 380/159/763 381/160/763
f 349/127/764 381/160/764 382/161/764
f 382/161/318 383/162/318 351/129/318
f 383/162/765 384/163/765 352/130/765
f 384/163/766 353/195/766 321/131/766
f 385/164/767 386/165/767 354/133/767
f 386/165/768 387/166/768 355/134/768
f 387/166/769 388/167/769 356/135/769
f 388/167/770 389/168/770 357/136/770
f 389/168/771 390/169/771 358/137/771
f 390/169/772 391/170/772 359/138/772
f 391/170/773 392/171/773 360/139/773
f 392/171/774 393/173/774 361/141/774
f 361/141/775 393/173/775 394/172/775
f 362/140/776 394/172/776 395/174/776
f 363/142/777 395/174/777 396/175/777
f 364/143/778 396/175/778 397/176/778
f 365/144/779 397/176/779 398/177/779
f 366/145/780 398/177/780 399/178/780
f 367/146/781 399/178/781 400/179/781
f 368/147/782 400/179/782 401/180/782
f 369/148/783 401/180/783 402/181/783
f 370/149/784 402/181/784 403/182/784
f 371/150/785 403/182/785 404/183/785
f 372/151/786 404/183/786 405/184/786
f 405/184/787 406/185/787 374/153/787
f 406/185/788 407/186/788 375/154/788
f 407/186/789 408/187/789 376/155/789
f 408/187/790 409/189/790 377/157/790
f 377/157/791 409/189/791 410/188/791
f 378/156/792 410/188/792 411/190/792
f 379/158/793 411/190/793 412/191/793
f 380/159/794 412/191/794 413/192/794
f 413/192/795 414/193/795 382/161/795
f 414/193/796 415/194/796 383/162/796
f 415/194/797 416/196/797 384/163/797
f 416/196/798 385/228/798 353/195/798
f 417/197/799 418/198/799 386/165/799
f 418/198/800 419/199/800 387/166/800
f 419/199/801 420/201/801 388/167/801
f 388/167/802 420/201/802 421/200/802
f 389/168/803 421/200/803 422/202/803
f 390/169/804 422/202/804 423/203/804
f 391/170/805 423/203/805 424/204/805
f 392/171/806 424/204/806 425/205/806
f 425/205/807 426/206/807 394/172/807
f 426/206/808 427/207/808 395/174/808
f 427/207/809 428/208/809 396/175/809
f 428/208/810 429/209/810 397/176/810
f 429/209/811 430/211/811 398/177/811
f 398/177/812 430/211/812 431/210/812
f 399/178/813 431/210/813 432/212/813
f 400/179/814 432/212/814 433/213/814
f 401/180/815 433/213/815 434/214/815
f 402/181/816 434/214/816 435/215/816
f 403/182/817 435/215/817 436/216/817
f 404/183/818 436/216/818 437/217/818
f 405/184/819 437/217/819 438/218/819
f 406/185/820 438/218/820 439/219/820
f 407/186/821 439/219/821 440/220/821
f 408/187/822 440/220/822 441/221/822
f 441/221/823 442/222/823 410/188/823
f 442/222/824 443/223/824 411/190/824
f 443/223/825 444/224/825 412/191/825
f 444/224/826 445/225/826 413/192/826
f 445/225/827 446/226/827 414/193/827
f 446/226/828 447/227/828 415/194/828
f 447/227/829 448/229/829 416/196/829
f 448/229/830 417/231/830 385/228/830
f 2/4/831 1/1/831 225/1/831
f 3/6/832 2/4/832 226/4/832
f 4/8/833 3/6/833 227/6/833
f 5/10/834 4/8/834 228/8/834
f 6/12/835 5/10/835 229/10/835
f 7/14/836 6/12/836 230/12/836
f 8/16/837 7/14/837 231/14/837
f 9/19/838 8/16/838 232/16/838
f 9/19/839 233/19/839 234/18/839
f 10/18/840 234/18/840 235/20/840
f 11/20/841 235/20/841 236/22/841
f 12/22/842 236/22/842 237/24/842
f 13/24/843 237/24/843 238/26/843
f 14/26/844 238/26/844 239/28/844
f 15/28/845 239/28/845 240/30/845
f 16/30/846 240/30/846 241/32/846
f 18/34/847 17/32/847 241/32/847
f 19/38/848 18/34/848 242/34/848
f 20/40/849 19/38/849 243/38/849
f 21/42/850 20/40/850 244/40/850
f 22/44/851 21/42/851 245/42/851
f 23/46/852 22/44/852 246/44/852
f 24/48/853 23/46/853 247/46/853
f 25/51/854 24/48/854 248/48/854
f 25/51/855 249/51/855 250/50/855
f 26/50/856 250/50/856 251/52/856
f 27/52/857 251/52/857 252/54/857
f 28/54/858 252/54/858 253/56/858
f 29/56/859 253/56/859 254/58/859
f 30/58/860 254/58/860 255/60/860
f 31/60/861 255/60/861 256/62/861
f 32/62/862 256/62/862 225/230/862
f 194/198/863 418/198/863 417/197/863
f 195/199/864 419/199/864 418/198/864
f 195/199/865 196/201/865 420/201/865
f 196/201/866 197/200/866 421/200/866
f 197/200/867 198/202/867 422/202/867
f 198/202/868 199/203/868 423/203/868
f 199/203/869 200/204/869 424/204/869
f 200/204/870 201/205/870 425/205/870
f 202/206/871 426/206/871 425/205/871
f 203/207/872 427/207/872 426/206/872
f 204/208/873 428/208/873 427/207/873
f 205/209/874 429/209/874 428/208/874
f 206/211/875 430/211/875 429/209/875
f 207/210/876 431/210/876 430/211/876
f 207/210/877 208/212/877 432/212/877
f 208/212/878 209/213/878 433/213/878
f 210/214/879 434/214/879 433/213/879
f 210/214/880 211/215/880 435/215/880
f 211/215/881 212/216/881 436/216/881
f 212/216/882 213/217/882 437/217/882
f 213/217/883 214/218/883 438/218/883
f 214/218/884 215/219/884 439/219/884
f 215/219/885 216/220/885 440/220/885
f 216/220/441 217/221/441 441/221/441
f 218/222/886 442/222/886 441/221/886
f 219/223/887 443/223/887 442/222/887
f 220/224/888 444/224/888 443/223/888
f 221/225/889 445/225/889 444/224/889
f 222/226/890 446/226/890 445/225/890
f 223/227/891 447/227/891 446/226/891
f 224/229/892 448/229/892 447/227/892
f 224/229/893 193/231/893 417/231/893
g B_NeckTrim.001_B_NeckTrim.001
v 0.330000 1.120000 0.000000
v 0.324479 1.120000 -0.072433
v 0.308045 1.120000 -0.130129
v 0.281070 1.120000 -0.179951
v 0.244136 1.120000 -0.221942
v 0.197947 1.120000 -0.255519
v 0.143142 1.120000 -0.280041
v 0.079676 1.120000 -0.294981
v 0.000000 1.120000 -0.300000
v -0.079676 1.120000 -0.294981
v -0.143142 1.120000 -0.280041
v -0.197947 1.120000 -0.255519
v -0.244136 1.120000 -0.221942
v -0.281070 1.120000 -0.179951
v -0.308045 1.120000 -0.130129
v -0.324479 1.120000 -0.072433
v -0.330000 1.120000 -0.000000
v -0.324479 1.120000 0.072433
v -0.308045 1.120000 0.130129
v -0.281070 1.120000 0.179951
v -0.244136 1.120000 0.221942
v -0.197947 1.120000 0.255519
v -0.143142 1.120000 0.280041
v -0.079676 1.120000 0.294981
v -0.000000 1.120000 0.300000
v 0.079676 1.120000 0.294981
v 0.143142 1.120000 0.280041
v 0.197947 1.120000 0.255519
v 0.244136 1.120000 0.221942
v 0.281070 1.120000 0.179951
v 0.308045 1.120000 0.130129
v 0.324479 1.120000 0.072433
v 0.330000 1.200000 0.000000
v 0.324479 1.200000 -0.072433
v 0.308045 1.200000 -0.130129
v 0.281070 1.200000 -0.179951
v 0.244136 1.200000 -0.221942
v 0.197947 1.200000 -0.255519
v 0.143142 1.200000 -0.280041
v 0.079676 1.200000 -0.294981
v 0.000000 1.200000 -0.300000
v -0.079676 1.200000 -0.294981
v -0.143142 1.200000 -0.280041
v -0.197947 1.200000 -0.255519
v -0.244136 1.200000 -0.221942
v -0.281070 1.200000 -0.179951
v -0.308045 1.200000 -0.130129
v -0.324479 1.200000 -0.072433
v -0.330000 1.200000 -0.000000
v -0.324479 1.200000 0.072433
v -0.308045 1.200000 0.130129
v -0.281070 1.200000 0.179951
v -0.244136 1.200000 0.221942
v -0.197947 1.200000 0.255519
v -0.143142 1.200000 0.280041
v -0.079676 1.200000 0.294981
v -0.000000 1.200000 0.300000
v 0.079676 1.200000 0.294981
v 0.143142 1.200000 0.280041
v 0.197947 1.200000 0.255519
v 0.244136 1.200000 0.221942
v 0.281070 1.200000 0.179951
v 0.308045 1.200000 0.130129
v 0.324479 1.200000 0.072433
v 0.284869 1.120000 0.000000
v 0.279955 1.120000 -0.064479
v 0.266120 1.120000 -0.113049
v 0.243921 1.120000 -0.154052
v 0.213641 1.120000 -0.188476
v 0.175283 1.120000 -0.216360
v 0.128667 1.120000 -0.237218
v 0.073059 1.120000 -0.250309
v 0.000000 1.120000 -0.254911
v -0.073059 1.120000 -0.250309
v -0.128667 1.120000 -0.237218
v -0.175283 1.120000 -0.216360
v -0.213641 1.120000 -0.188476
v -0.243921 1.120000 -0.154052
v -0.266120 1.120000 -0.113049
v -0.279955 1.120000 -0.064479
v -0.284869 1.120000 -0.000000
v -0.279955 1.120000 0.064479
v -0.266120 1.120000 0.113049
v -0.243921 1.120000 0.154052
v -0.213641 1.120000 0.188476
v -0.175283 1.120000 0.216360
v -0.128667 1.120000 0.237218
v -0.073059 1.120000 0.250309
v -0.000000 1.120000 0.254911
v 0.073059 1.120000 0.250309
v 0.128667 1.120000 0.237218
v 0.175283 1.120000 0.216360
v 0.213641 1.120000 0.188476
v 0.243921 1.120000 0.154052
v 0.266120 1.120000 0.113049
v 0.279955 1.120000 0.064479
v 0.284869 1.200000 0.000000
v 0.279955 1.200000 -0.064479
v 0.266120 1.200000 -0.113049
v 0.243921 1.200000 -0.154052
v 0.213641 1.200000 -0.188476
v 0.175283 1.200000 -0.216360
v 0.128667 1.200000 -0.237218
v 0.073059 1.200000 -0.250309
v 0.000000 1.200000 -0.254911
v -0.073059 1.200000 -0.250309
v -0.128667 1.200000 -0.237218
v -0.175283 1.200000 -0.216360
v -0.213641 1.200000 -0.188476
v -0.243921 1.200000 -0.154052
v -0.266120 1.200000 -0.113049
v -0.279955 1.200000 -0.064479
v -0.284869 1.200000 -0.000000
v -0.279955 1.200000 0.064479
v -0.266120 1.200000 0.113049
v -0.243921 1.200000 0.154052
v -0.213641 1.200000 0.188476
v -0.175283 1.200000 0.216360
v -0.128667 1.200000 0.237218
v -0.073059 1.200000 0.250309
v -0.000000 1.200000 0.254911
v 0.073059 1.200000 0.250309
v 0.128667 1.200000 0.237218
v 0.175283 1.200000 0.216360
v 0.213641 1.200000 0.188476
v 0.243921 1.200000 0.154052
v 0.266120 1.200000 0.113049
v 0.279955 1.200000 0.064479
vn 0.9971 -0.0000 -0.0760
vn 0.9617 -0.0000 -0.2739
vn 0.8794 -0.0000 -0.4761
vn 0.7509 -0.0000 -0.6605
vn 0.5880 -0.0000 -0.8089
vn 0.4084 -0.0000 -0.9128
vn 0.2291 -0.0000 -0.9734
vn 0.0629 -0.0000 -0.9980
vn -0.0629 -0.0000 -0.9980
vn -0.2291 -0.0000 -0.9734
vn -0.4084 -0.0000 -0.9128
vn -0.5880 -0.0000 -0.8089
vn -0.7509 -0.0000 -0.6605
vn -0.8794 -0.0000 -0.4761
vn -0.9617 -0.0000 -0.2739
vn -0.9971 -0.0000 -0.0760
vn -0.9971 -0.0000 0.0760
vn -0.9617 -0.0000 0.2739
vn -0.8794 -0.0000 0.4761
vn -0.7509 -0.0000 0.6605
vn -0.5880 -0.0000 0.8089
vn -0.4084 -0.0000 0.9128
vn -0.2291 -0.0000 0.9734
vn -0.0629 -0.0000 0.9980
vn 0.0629 -0.0000 0.9980
vn 0.2291 -0.0000 0.9734
vn 0.4084 -0.0000 0.9128
vn 0.5880 -0.0000 0.8089
vn 0.7509 -0.0000 0.6605
vn 0.8794 -0.0000 0.4761
vn 0.9617 -0.0000 0.2739
vn 0.9971 -0.0000 0.0760
vn -0.0000 -1.0000 -0.0000
vn -0.0000 1.0000 -0.0000
vt 0.031250 0.000000
vt 0.000000 1.000000
vt 0.000000 0.000000
vt 0.062500 0.000000
vt 0.031250 1.000000
vt 0.093750 0.000000
vt 0.062500 1.000000
vt 0.125000 0.000000
vt 0.093750 1.000000
vt 0.156250 0.000000
vt 0.125000 1.000000
vt 0.187500 0.000000
vt 0.156250 1.000000
vt 0.218750 0.000000
vt 0.187500 1.000000
vt 0.250000 0.000000
vt 0.218750 1.000000
vt 0.281250 0.000000
vt 0.250000 1.000000
vt 0.312500 0.000000
vt 0.281250 1.000000
vt 0.343750 0.000000
vt 0.312500 1.000000
vt 0.375000 0.000000
vt 0.343750 1.000000
vt 0.406250 0.000000
vt 0.375000 1.000000
vt 0.437500 0.000000
vt 0.406250 1.000000
vt 0.468750 0.000000
vt 0.437500 1.000000
vt 0.500000 0.000000
vt 0.468750 1.000000
vt 0.531250 0.000000
vt 0.500000 1.000000
vt 0.562500 0.000000
vt 0.531250 1.000000
vt 0.593750 0.000000
vt 0.562500 1.000000
vt 0.625000 0.000000
vt 0.593750 1.000000
vt 0.656250 0.000000
vt 0.625000 1.000000
vt 0.687500 0.000000
vt 0.656250 1.000000
vt 0.718750 0.000000
vt 0.687500 1.000000
vt 0.750000 0.000000
vt 0.718750 1.000000
vt 0.781250 0.000000
vt 0.750000 1.000000
vt 0.812500 0.000000
vt 0.781250 1.000000
vt 0.843750 0.000000
vt 0.812500 1.000000
vt 0.875000 0.000000
vt 0.843750 1.000000
vt 0.906250 0.000000
vt 0.875000 1.000000
vt 0.937500 0.000000
vt 0.906250 1.000000
vt 0.968750 0.000000
vt 0.937500 1.000000
vt 1.000000 0.000000
vt 0.968750 1.000000
vt 1.000000 1.000000
s 0
g B_NeckTrim.001_ring_mail_trim
usemtl ring_mail_trim
f 450/232/894 481/233/894 449/234/894
f 451/235/895 482/236/895 450/232/895
f 452/237/896 483/238/896 451/235/896
f 453/239/897 484/240/897 452/237/897
f 454/241/898 485/242/898 453/239/898
f 455/243/899 486/244/899 454/241/899
f 456/245/900 487/246/900 455/243/900
f 457/247/901 488/248/901 456/245/901
f 458/249/902 489/250/902 457/247/902
f 459/251/903 490/252/903 458/249/903
f 460/253/904 491/254/904 459/251/904
f 461/255/905 492/256/905 460/253/905
f 462/257/906 493/258/906 461/255/906
f 463/259/907 494/260/907 462/257/907
f 464/261/908 495/262/908 463/259/908
f 465/263/909 496/264/909 464/261/909
f 466/265/910 497/266/910 465/263/910
f 467/267/911 498/268/911 466/265/911
f 468/269/912 499/270/912 467/267/912
f 469/271/913 500/272/913 468/269/913
f 470/273/914 501/274/914 469/271/914
f 471/275/915 502/276/915 470/273/915
f 472/277/916 503/278/916 471/275/916
f 473/279/917 504/280/917 472/277/917
f 474/281/918 505/282/918 473/279/918
f 475/283/919 506/284/919 474/281/919
f 476/285/920 507/286/920 475/283/920
f 477/287/921 508/288/921 476/285/921
f 478/289/922 509/290/922 477/287/922
f 479/291/923 510/292/923 478/289/923
f 480/293/924 511/294/924 479/291/924
f 449/295/925 512/296/925 480/293/925
f 545/233/910 514/232/910 513/234/910
f 546/236/911 515/235/911 514/232/911
f 547/238/912 516/237/912 515/235/912
f 548/240/913 517/239/913 516/237/913
f 549/242/914 518/241/914 517/239/914
f 550/244/915 519/243/915 518/241/915
f 551/246/916 520/245/916 519/243/916
f 552/248/917 521/247/917 520/245/917
f 553/250/918 522/249/918 521/247/918
f 554/252/919 523/251/919 522/249/919
f 555/254/920 524/253/920 523/251/920
f 556/256/921 525/255/921 524/253/921
f 557/258/922 526/257/922 525/255/922
f 558/260/923 527/259/923 526/257/923
f 559/262/924 528/261/924 527/259/924
f 560/264/925 529/263/925 528/261/925
f 561/266/894 530/265/894 529/263/894
f 562/268/895 531/267/895 530/265/895
f 563/270/896 532/269/896 531/267/896
f 564/272/897 533/271/897 532/269/897
f 565/274/898 534/273/898 533/271/898
f 566/276/899 535/275/899 534/273/899
f 567/278/900 536/277/900 535/275/900
f 568/280/901 537/279/901 536/277/901
f 569/282/902 538/281/902 537/279/902
f 570/284/903 539/283/903 538/281/903
f 571/286/904 540/285/904 539/283/904
f 572/288/905 541/287/905 540/285/905
f 573/290/906 542/289/906 541/287/906
f 574/292/907 543/291/907 542/289/907
f 575/294/908 544/293/908 543/291/908
f 576/296/909 513/295/909 544/293/909
f 449/234/926 514/232/926 450/232/926
f 481/233/927 546/236/927 545/233/927
f 450/232/926 515/235/926 451/235/926
f 482/236/927 547/238/927 546/236/927
f 451/235/926 516/237/926 452/237/926
f 483/238/927 548/240/927 547/238/927
f 453/239/926 516/237/926 517/239/926
f 485/242/927 548/240/927 484/240/927
f 454/241/926 517/239/926 518/241/926
f 486/244/927 549/242/927 485/242/927
f 455/243/926 518/241/926 519/243/926
f 487/246/927 550/244/927 486/244/927
f 456/245/926 519/243/926 520/245/926
f 488/248/927 551/246/927 487/246/927
f 457/247/926 520/245/926 521/247/926
f 489/250/927 552/248/927 488/248/927
f 457/247/926 522/249/926 458/249/926
f 489/250/927 554/252/927 553/250/927
f 458/249/926 523/251/926 459/251/926
f 490/252/927 555/254/927 554/252/927
f 459/251/926 524/253/926 460/253/926
f 491/254/927 556/256/927 555/254/927
f 460/253/926 525/255/926 461/255/926
f 492/256/927 557/258/927 556/256/927
f 461/255/926 526/257/926 462/257/926
f 493/258/927 558/260/927 557/258/927
f 463/259/926 526/257/926 527/259/926
f 495/262/927 558/260/927 494/260/927
f 464/261/926 527/259/926 528/261/926
f 496/264/927 559/262/927 495/262/927
f 465/263/926 528/261/926 529/263/926
f 497/266/927 560/264/927 496/264/927
f 465/263/926 530/265/926 466/265/926
f 497/266/927 562/268/927 561/266/927
f 466/265/926 531/267/926 467/267/926
f 498/268/927 563/270/927 562/268/927
f 467/267/926 532/269/926 468/269/926
f 499/270/927 564/272/927 563/270/927
f 469/271/926 532/269/926 533/271/926
f 501/274/927 564/272/927 500/272/927
f 470/273/926 533/271/926 534/273/926
f 502/276/927 565/274/927 501/274/927
f 471/275/926 534/273/926 535/275/926
f 503/278/927 566/276/927 502/276/927
f 472/277/926 535/275/926 536/277/926
f 504/280/927 567/278/927 503/278/927
f 473/279/926 536/277/926 537/279/926
f 505/282/927 568/280/927 504/280/927
f 473/279/926 538/281/926 474/281/926
f 505/282/927 570/284/927 569/282/927
f 474/281/926 539/283/926 475/283/926
f 506/284/927 571/286/927 570/284/927
f 475/283/926 540/285/926 476/285/926
f 507/286/927 572/288/927 571/286/927
f 476/285/926 541/287/926 477/287/926
f 508/288/927 573/290/927 572/288/927
f 477/287/926 542/289/926 478/289/926
f 509/290/927 574/292/927 573/290/927
f 479/291/926 542/289/926 543/291/926
f 511/294/927 574/292/927 510/292/927
f 480/293/926 543/291/926 544/293/926
f 512/296/927 575/294/927 511/294/927
f 449/295/926 544/293/926 513/295/926
f 481/297/927 576/296/927 512/296/927
f 450/232/894 482/236/894 481/233/894
f 451/235/895 483/238/895 482/236/895
f 452/237/896 484/240/896 483/238/896
f 453/239/897 485/242/897 484/240/897
f 454/241/898 486/244/898 485/242/898
f 455/243/899 487/246/899 486/244/899
f 456/245/900 488/248/900 487/246/900
f 457/247/901 489/250/901 488/248/901
f 458/249/902 490/252/902 489/250/902
f 459/251/903 491/254/903 490/252/903
f 460/253/904 492/256/904 491/254/904
f 461/255/905 493/258/905 492/256/905
f 462/257/906 494/260/906 493/258/906
f 463/259/907 495/262/907 494/260/907
f 464/261/908 496/264/908 495/262/908
f 465/263/909 497/266/909 496/264/909
f 466/265/910 498/268/910 497/266/910
f 467/267/911 499/270/911 498/268/911
f 468/269/912 500/272/912 499/270/912
f 469/271/913 501/274/913 500/272/913
f 470/273/914 502/276/914 501/274/914
f 471/275/915 503/278/915 502/276/915
f 472/277/916 504/280/916 503/278/916
f 473/279/917 505/282/917 504/280/917
f 474/281/918 506/284/918 505/282/918
f 475/283/919 507/286/919 506/284/919
f 476/285/920 508/288/920 507/286/920
f 477/287/921 509/290/921 508/288/921
f 478/289/922 510/292/922 509/290/922
f 479/291/923 511/294/923 510/292/923
f 480/293/924 512/296/924 511/294/924
f 449/295/925 481/297/925 512/296/925
f 545/233/910 546/236/910 514/232/910
f 546/236/911 547/238/911 515/235/911
f 547/238/912 548/240/912 516/237/912
f 548/240/913 549/242/913 517/239/913
f 549/242/914 550/244/914 518/241/914
f 550/244/915 551/246/915 519/243/915
f 551/246/916 552/248/916 520/245/916
f 552/248/917 553/250/917 521/247/917
f 553/250/918 554/252/918 522/249/918
f 554/252/919 555/254/919 523/251/919
f 555/254/920 556/256/920 524/253/920
f 556/256/921 557/258/921 525/255/921
f 557/258/922 558/260/922 526/257/922
f 558/260/923 559/262/923 527/259/923
f 559/262/924 560/264/924 528/261/924
f 560/264/925 561/266/925 529/263/925
f 561/266/894 562/268/894 530/265/894
f 562/268/895 563/270/895 531/267/895
f 563/270/896 564/272/896 532/269/896
f 564/272/897 565/274/897 533/271/897
f 565/274/898 566/276/898 534/273/898
f 566/276/899 567/278/899 535/275/899
f 567/278/900 568/280/900 536/277/900
f 568/280/901 569/282/901 537/279/901
f 569/282/902 570/284/902 538/281/902
f 570/284/903 571/286/903 539/283/903
f 571/286/904 572/288/904 540/285/904
f 572/288/905 573/290/905 541/287/905
f 573/290/906 574/292/906 542/289/906
f 574/292/907 575/294/907 543/291/907
f 575/294/908 576/296/908 544/293/908
f 576/296/909 545/297/909 513/295/909
f 449/234/926 513/234/926 514/232/926
f 481/233/927 482/236/927 546/236/927
f 450/232/926 514/232/926 515/235/926
f 482/236/927 483/238/927 547/238/927
f 451/235/926 515/235/926 516/237/926
f 483/238/927 484/240/927 548/240/927
f 453/239/926 452/237/926 516/237/926
f 485/242/927 549/242/927 548/240/927
f 454/241/926 453/239/926 517/239/926
f 486/244/927 550/244/927 549/242/927
f 455/243/926 454/241/926 518/241/926
f 487/246/927 551/246/927 550/244/927
f 456/245/926 455/243/926 519/243/926
f 488/248/927 552/248/927 551/246/927
f 457/247/926 456/245/926 520/245/926
f 489/250/927 553/250/927 552/248/927
f 457/247/926 521/247/926 522/249/926
f 489/250/927 490/252/927 554/252/927
f 458/249/926 522/249/926 523/251/926
f 490/252/927 491/254/927 555/254/927
f 459/251/926 523/251/926 524/253/926
f 491/254/927 492/256/927 556/256/927
f 460/253/926 524/253/926 525/255/926
f 492/256/927 493/258/927 557/258/927
f 461/255/926 525/255/926 526/257/926
f 493/258/927 494/260/927 558/260/927
f 463/259/926 462/257/926 526/257/926
f 495/262/927 559/262/927 558/260/927
f 464/261/926 463/259/926 527/259/926
f 496/264/927 560/264/927 559/262/927
f 465/263/926 464/261/926 528/261/926
f 497/266/927 561/266/927 560/264/927
f 465/263/926 529/263/926 530/265/926
f 497/266/927 498/268/927 562/268/927
f 466/265/926 530/265/926 531/267/926
f 498/268/927 499/270/927 563/270/927
f 467/267/926 531/267/926 532/269/926
f 499/270/927 500/272/927 564/272/927
f 469/271/926 468/269/926 532/269/926
f 501/274/927 565/274/927 564/272/927
f 470/273/926 469/271/926 533/271/926
f 502/276/927 566/276/927 565/274/927
f 471/275/926 470/273/926 534/273/926
f 503/278/927 567/278/927 566/276/927
f 472/277/926 471/275/926 535/275/926
f 504/280/927 568/280/927 567/278/927
f 473/279/926 472/277/926 536/277/926
f 505/282/927 569/282/927 568/280/927
f 473/279/926 537/279/926 538/281/926
f 505/282/927 506/284/927 570/284/927
f 474/281/926 538/281/926 539/283/926
f 506/284/927 507/286/927 571/286/927
f 475/283/926 539/283/926 540/285/926
f 507/286/927 508/288/927 572/288/927
f 476/285/926 540/285/926 541/287/926
f 508/288/927 509/290/927 573/290/927
f 477/287/926 541/287/926 542/289/926
f 509/290/927 510/292/927 574/292/927
f 479/291/926 478/289/926 542/289/926
f 511/294/927 575/294/927 574/292/927
f 480/293/926 479/291/926 543/291/926
f 512/296/927 576/296/927 575/294/927
f 449/295/926 480/293/926 544/293/926
f 481/297/927 545/297/927 576/296/927
g C_Belt.001_C_Belt.001
v 0.630000 -0.460000 0.040000
v 0.620667 -0.460000 -0.093698
v 0.592776 -0.460000 -0.184494
v 0.546618 -0.460000 -0.259050
v 0.482569 -0.460000 -0.320012
v 0.400854 -0.460000 -0.367794
v 0.300918 -0.460000 -0.402230
v 0.179212 -0.460000 -0.423038
v 0.000000 -0.460000 -0.430000
v -0.179212 -0.460000 -0.423038
v -0.300918 -0.460000 -0.402230
v -0.400854 -0.460000 -0.367794
v -0.482569 -0.460000 -0.320012
v -0.546618 -0.460000 -0.259050
v -0.592776 -0.460000 -0.184494
v -0.620667 -0.460000 -0.093698
v -0.630000 -0.460000 0.040000
v -0.620667 -0.460000 0.173698
v -0.592776 -0.460000 0.264494
v -0.546618 -0.460000 0.339050
v -0.482569 -0.460000 0.400012
v -0.400854 -0.460000 0.447794
v -0.300918 -0.460000 0.482230
v -0.179212 -0.460000 0.503038
v -0.000000 -0.460000 0.510000
v 0.179212 -0.460000 0.503038
v 0.300918 -0.460000 0.482230
v 0.400854 -0.460000 0.447794
v 0.482569 -0.460000 0.400012
v 0.546618 -0.460000 0.339050
v 0.592776 -0.460000 0.264494
v 0.620667 -0.460000 0.173698
v 0.630000 -0.340000 0.040000
v 0.620667 -0.340000 -0.093698
v 0.592776 -0.340000 -0.184494
v 0.546618 -0.340000 -0.259050
v 0.482569 -0.340000 -0.320012
v 0.400854 -0.340000 -0.367794
v 0.300918 -0.340000 -0.402230
v 0.179212 -0.340000 -0.423038
v 0.000000 -0.340000 -0.430000
v -0.179212 -0.340000 -0.423038
v -0.300918 -0.340000 -0.402230
v -0.400854 -0.340000 -0.367794
v -0.482569 -0.340000 -0.320012
v -0.546618 -0.340000 -0.259050
v -0.592776 -0.340000 -0.184494
v -0.620667 -0.340000 -0.093698
v -0.630000 -0.340000 0.040000
v -0.620667 -0.340000 0.173698
v -0.592776 -0.340000 0.264494
v -0.546618 -0.340000 0.339050
v -0.482569 -0.340000 0.400012
v -0.400854 -0.340000 0.447794
v -0.300918 -0.340000 0.482230
v -0.179212 -0.340000 0.503038
v -0.000000 -0.340000 0.510000
v 0.179212 -0.340000 0.503038
v 0.300918 -0.340000 0.482230
v 0.400854 -0.340000 0.447794
v 0.482569 -0.340000 0.400012
v 0.546618 -0.340000 0.339050
v 0.592776 -0.340000 0.264494
v 0.620667 -0.340000 0.173698
v 0.584890 -0.460000 0.040000
v 0.576136 -0.460000 -0.085417
v 0.551463 -0.460000 -0.165737
v 0.511403 -0.460000 -0.230443
v 0.455336 -0.460000 -0.283808
v 0.381983 -0.460000 -0.326700
v 0.289722 -0.460000 -0.358491
v 0.174527 -0.460000 -0.378186
v 0.000000 -0.460000 -0.384966
v -0.174527 -0.460000 -0.378186
v -0.289722 -0.460000 -0.358491
v -0.381983 -0.460000 -0.326700
v -0.455336 -0.460000 -0.283808
v -0.511403 -0.460000 -0.230443
v -0.551463 -0.460000 -0.165737
v -0.576136 -0.460000 -0.085417
v -0.584890 -0.460000 0.040000
v -0.576136 -0.460000 0.165417
v -0.551463 -0.460000 0.245737
v -0.511403 -0.460000 0.310443
v -0.455336 -0.460000 0.363808
v -0.381983 -0.460000 0.406700
v -0.289722 -0.460000 0.438491
v -0.174527 -0.460000 0.458186
v -0.000000 -0.460000 0.464966
v 0.174527 -0.460000 0.458186
v 0.289722 -0.460000 0.438491
v 0.381983 -0.460000 0.406700
v 0.455336 -0.460000 0.363808
v 0.511403 -0.460000 0.310443
v 0.551463 -0.460000 0.245737
v 0.576136 -0.460000 0.165417
v 0.584890 -0.340000 0.040000
v 0.576136 -0.340000 -0.085417
v 0.551463 -0.340000 -0.165737
v 0.511403 -0.340000 -0.230443
v 0.455336 -0.340000 -0.283808
v 0.381983 -0.340000 -0.326700
v 0.289722 -0.340000 -0.358491
v 0.174527 -0.340000 -0.378186
v 0.000000 -0.340000 -0.384966
v -0.174527 -0.340000 -0.378186
v -0.289722 -0.340000 -0.358491
v -0.381983 -0.340000 -0.326700
v -0.455336 -0.340000 -0.283808
v -0.511403 -0.340000 -0.230443
v -0.551463 -0.340000 -0.165737
v -0.576136 -0.340000 -0.085417
v -0.584890 -0.340000 0.040000
v -0.576136 -0.340000 0.165417
v -0.551463 -0.340000 0.245737
v -0.511403 -0.340000 0.310443
v -0.455336 -0.340000 0.363808
v -0.381983 -0.340000 0.406700
v -0.289722 -0.340000 0.438491
v -0.174527 -0.340000 0.458186
v -0.000000 -0.340000 0.464966
v 0.174527 -0.340000 0.458186
v 0.289722 -0.340000 0.438491
v 0.381983 -0.340000 0.406700
v 0.455336 -0.340000 0.363808
v 0.511403 -0.340000 0.310443
v 0.551463 -0.340000 0.245737
v 0.576136 -0.340000 0.165417
vn 0.9976 -0.0000 -0.0696
vn 0.9559 -0.0000 -0.2936
vn 0.8502 -0.0000 -0.5264
vn 0.6894 -0.0000 -0.7243
vn 0.5048 -0.0000 -0.8633
vn 0.3258 -0.0000 -0.9454
vn 0.1685 -0.0000 -0.9857
vn 0.0388 -0.0000 -0.9992
vn -0.0388 -0.0000 -0.9992
vn -0.1685 -0.0000 -0.9857
vn -0.3258 -0.0000 -0.9454
vn -0.5048 -0.0000 -0.8633
vn -0.6894 -0.0000 -0.7243
vn -0.8502 -0.0000 -0.5264
vn -0.9559 -0.0000 -0.2936
vn -0.9976 -0.0000 -0.0696
vn -0.9976 -0.0000 0.0696
vn -0.9559 -0.0000 0.2936
vn -0.8502 -0.0000 0.5264
vn -0.6894 -0.0000 0.7243
vn -0.5048 -0.0000 0.8633
vn -0.3258 -0.0000 0.9454
vn -0.1685 -0.0000 0.9857
vn -0.0388 -0.0000 0.9992
vn 0.0388 -0.0000 0.9992
vn 0.1685 -0.0000 0.9857
vn 0.3258 -0.0000 0.9454
vn 0.5048 -0.0000 0.8633
vn 0.6894 -0.0000 0.7243
vn 0.8502 -0.0000 0.5264
vn 0.9559 -0.0000 0.2936
vn 0.9976 -0.0000 0.0696
vn -0.0000 -1.0000 -0.0000
vn -0.0000 1.0000 -0.0000
vt 0.031250 0.000000
vt 0.000000 1.000000
vt 0.000000 0.000000
vt 0.062500 0.000000
vt 0.031250 1.000000
vt 0.093750 0.000000
vt 0.062500 1.000000
vt 0.125000 0.000000
vt 0.093750 1.000000
vt 0.156250 0.000000
vt 0.125000 1.000000
vt 0.187500 0.000000
vt 0.156250 1.000000
vt 0.218750 0.000000
vt 0.187500 1.000000
vt 0.250000 0.000000
vt 0.218750 1.000000
vt 0.281250 0.000000
vt 0.250000 1.000000
vt 0.312500 0.000000
vt 0.281250 1.000000
vt 0.343750 0.000000
vt 0.312500 1.000000
vt 0.375000 0.000000
vt 0.343750 1.000000
vt 0.406250 0.000000
vt 0.375000 1.000000
vt 0.437500 0.000000
vt 0.406250 1.000000
vt 0.468750 0.000000
vt 0.437500 1.000000
vt 0.500000 0.000000
vt 0.468750 1.000000
vt 0.531250 0.000000
vt 0.500000 1.000000
vt 0.562500 0.000000
vt 0.531250 1.000000
vt 0.593750 0.000000
vt 0.562500 1.000000
vt 0.625000 0.000000
vt 0.593750 1.000000
vt 0.656250 0.000000
vt 0.625000 1.000000
vt 0.687500 0.000000
vt 0.656250 1.000000
vt 0.718750 0.000000
vt 0.687500 1.000000
vt 0.750000 0.000000
vt 0.718750 1.000000
vt 0.781250 0.000000
vt 0.750000 1.000000
vt 0.812500 0.000000
vt 0.781250 1.000000
vt 0.843750 0.000000
vt 0.812500 1.000000
vt 0.875000 0.000000
vt 0.843750 1.000000
vt 0.906250 0.000000
vt 0.875000 1.000000
vt 0.937500 0.000000
vt 0.906250 1.000000
vt 0.968750 0.000000
vt 0.937500 1.000000
vt 1.000000 0.000000
vt 0.968750 1.000000
vt 1.000000 1.000000
s 0
g C_Belt.001_ring_mail_belt
usemtl ring_mail_belt
f 578/298/928 609/299/928 577/300/928
f 579/301/929 610/302/929 578/298/929
f 580/303/930 611/304/930 579/301/930
f 581/305/931 612/306/931 580/303/931
f 582/307/932 613/308/932 581/305/932
f 583/309/933 614/310/933 582/307/933
f 584/311/934 615/312/934 583/309/934
f 585/313/935 616/314/935 584/311/935
f 586/315/936 617/316/936 585/313/936
f 587/317/937 618/318/937 586/315/937
f 588/319/938 619/320/938 587/317/938
f 589/321/939 620/322/939 588/319/939
f 590/323/940 621/324/940 589/321/940
f 591/325/941 622/326/941 590/323/941
f 592/327/942 623/328/942 591/325/942
f 593/329/943 624/330/943 592/327/943
f 594/331/944 625/332/944 593/329/944
f 595/333/945 626/334/945 594/331/945
f 596/335/946 627/336/946 595/333/946
f 597/337/947 628/338/947 596/335/947
f 598/339/948 629/340/948 597/337/948
f 599/341/949 630/342/949 598/339/949
f 600/343/950 631/344/950 599/341/950
f 601/345/951 632/346/951 600/343/951
f 602/347/952 633/348/952 601/345/952
f 603/349/953 634/350/953 602/347/953
f 604/351/954 635/352/954 603/349/954
f 605/353/955 636/354/955 604/351/955
f 606/355/956 637/356/956 605/353/956
f 607/357/957 638/358/957 606/355/957
f 608/359/958 639/360/958 607/357/958
f 577/361/959 640/362/959 608/359/959
f 673/299/944 642/298/944 641/300/944
f 674/302/945 643/301/945 642/298/945
f 675/304/946 644/303/946 643/301/946
f 676/306/947 645/305/947 644/303/947
f 677/308/948 646/307/948 645/305/948
f 678/310/949 647/309/949 646/307/949
f 679/312/950 648/311/950 647/309/950
f 680/314/951 649/313/951 648/311/951
f 681/316/952 650/315/952 649/313/952
f 682/318/953 651/317/953 650/315/953
f 683/320/954 652/319/954 651/317/954
f 684/322/955 653/321/955 652/319/955
f 685/324/956 654/323/956 653/321/956
f 686/326/957 655/325/957 654/323/957
f 687/328/958 656/327/958 655/325/958
f 688/330/959 657/329/959 656/327/959
f 689/332/928 658/331/928 657/329/928
f 690/334/929 659/333/929 658/331/929
f 691/336/930 660/335/930 659/333/930
f 692/338/931 661/337/931 660/335/931
f 693/340/932 662/339/932 661/337/932
f 694/342/933 663/341/933 662/339/933
f 695/344/934 664/343/934 663/341/934
f 696/346/935 665/345/935 664/343/935
f 697/348/936 666/347/936 665/345/936
f 698/350/937 667/349/937 666/347/937
f 699/352/938 668/351/938 667/349/938
f 700/354/939 669/353/939 668/351/939
f 701/356/940 670/355/940 669/353/940
f 702/358/941 671/357/941 670/355/941
f 703/360/942 672/359/942 671/357/942
f 704/362/943 641/361/943 672/359/943
f 577/300/960 642/298/960 578/298/960
f 609/299/961 674/302/961 673/299/961
f 578/298/960 643/301/960 579/301/960
f 610/302/961 675/304/961 674/302/961
f 580/303/960 643/301/960 644/303/960
f 612/306/961 675/304/961 611/304/961
f 581/305/960 644/303/960 645/305/960
f 613/308/961 676/306/961 612/306/961
f 582/307/960 645/305/960 646/307/960
f 614/310/961 677/308/961 613/308/961
f 583/309/960 646/307/960 647/309/960
f 615/312/961 678/310/961 614/310/961
f 584/311/960 647/309/960 648/311/960
f 616/314/961 679/312/961 615/312/961
f 585/313/960 648/311/960 649/313/960
f 617/316/961 680/314/961 616/314/961
f 585/313/960 650/315/960 586/315/960
f 617/316/961 682/318/961 681/316/961
f 586/315/960 651/317/960 587/317/960
f 618/318/961 683/320/961 682/318/961
f 587/317/960 652/319/960 588/319/960
f 619/320/961 684/322/961 683/320/961
f 588/319/960 653/321/960 589/321/960
f 620/322/961 685/324/961 684/322/961
f 589/321/960 654/323/960 590/323/960
f 621/324/961 686/326/961 685/324/961
f 590/323/960 655/325/960 591/325/960
f 622/326/961 687/328/961 686/326/961
f 592/327/960 655/325/960 656/327/960
f 624/330/961 687/328/961 623/328/961
f 593/329/960 656/327/960 657/329/960
f 625/332/961 688/330/961 624/330/961
f 593/329/960 658/331/960 594/331/960
f 625/332/961 690/334/961 689/332/961
f 594/331/960 659/333/960 595/333/960
f 626/334/961 691/336/961 690/334/961
f 596/335/960 659/333/960 660/335/960
f 628/338/961 691/336/961 627/336/961
f 597/337/960 660/335/960 661/337/960
f 629/340/961 692/338/961 628/338/961
f 598/339/960 661/337/960 662/339/960
f 630/342/961 693/340/961 629/340/961
f 599/341/960 662/339/960 663/341/960
f 631/344/961 694/342/961 630/342/961
f 600/343/960 663/341/960 664/343/960
f 632/346/961 695/344/961 631/344/961
f 601/345/960 664/343/960 665/345/960
f 633/348/961 696/346/961 632/346/961
f 601/345/960 666/347/960 602/347/960
f 633/348/961 698/350/961 697/348/961
f 602/347/960 667/349/960 603/349/960
f 634/350/961 699/352/961 698/350/961
f 603/349/960 668/351/960 604/351/960
f 635/352/961 700/354/961 699/352/961
f 604/351/960 669/353/960 605/353/960
f 636/354/961 701/356/961 700/354/961
f 605/353/960 670/355/960 606/355/960
f 637/356/961 702/358/961 701/356/961
f 606/355/960 671/357/960 607/357/960
f 638/358/961 703/360/961 702/358/961
f 608/359/960 671/357/960 672/359/960
f 640/362/961 703/360/961 639/360/961
f 577/361/960 672/359/960 641/361/960
f 609/363/961 704/362/961 640/362/961
f 578/298/928 610/302/928 609/299/928
f 579/301/929 611/304/929 610/302/929
f 580/303/930 612/306/930 611/304/930
f 581/305/931 613/308/931 612/306/931
f 582/307/932 614/310/932 613/308/932
f 583/309/933 615/312/933 614/310/933
f 584/311/934 616/314/934 615/312/934
f 585/313/935 617/316/935 616/314/935
f 586/315/936 618/318/936 617/316/936
f 587/317/937 619/320/937 618/318/937
f 588/319/938 620/322/938 619/320/938
f 589/321/939 621/324/939 620/322/939
f 590/323/940 622/326/940 621/324/940
f 591/325/941 623/328/941 622/326/941
f 592/327/942 624/330/942 623/328/942
f 593/329/943 625/332/943 624/330/943
f 594/331/944 626/334/944 625/332/944
f 595/333/945 627/336/945 626/334/945
f 596/335/946 628/338/946 627/336/946
f 597/337/947 629/340/947 628/338/947
f 598/339/948 630/342/948 629/340/948
f 599/341/949 631/344/949 630/342/949
f 600/343/950 632/346/950 631/344/950
f 601/345/951 633/348/951 632/346/951
f 602/347/952 634/350/952 633/348/952
f 603/349/953 635/352/953 634/350/953
f 604/351/954 636/354/954 635/352/954
f 605/353/955 637/356/955 636/354/955
f 606/355/956 638/358/956 637/356/956
f 607/357/957 639/360/957 638/358/957
f 608/359/958 640/362/958 639/360/958
f 577/361/959 609/363/959 640/362/959
f 673/299/944 674/302/944 642/298/944
f 674/302/945 675/304/945 643/301/945
f 675/304/946 676/306/946 644/303/946
f 676/306/947 677/308/947 645/305/947
f 677/308/948 678/310/948 646/307/948
f 678/310/949 679/312/949 647/309/949
f 679/312/950 680/314/950 648/311/950
f 680/314/951 681/316/951 649/313/951
f 681/316/952 682/318/952 650/315/952
f 682/318/953 683/320/953 651/317/953
f 683/320/954 684/322/954 652/319/954
f 684/322/955 685/324/955 653/321/955
f 685/324/956 686/326/956 654/323/956
f 686/326/957 687/328/957 655/325/957
f 687/328/958 688/330/958 656/327/958
f 688/330/959 689/332/959 657/329/959
f 689/332/928 690/334/928 658/331/928
f 690/334/929 691/336/929 659/333/929
f 691/336/930 692/338/930 660/335/930
f 692/338/931 693/340/931 661/337/931
f 693/340/932 694/342/932 662/339/932
f 694/342/933 695/344/933 663/341/933
f 695/344/934 696/346/934 664/343/934
f 696/346/935 697/348/935 665/345/935
f 697/348/936 698/350/936 666/347/936
f 698/350/937 699/352/937 667/349/937
f 699/352/938 700/354/938 668/351/938
f 700/354/939 701/356/939 669/353/939
f 701/356/940 702/358/940 670/355/940
f 702/358/941 703/360/941 671/357/941
f 703/360/942 704/362/942 672/359/942
f 704/362/943 673/363/943 641/361/943
f 577/300/960 641/300/960 642/298/960
f 609/299/961 610/302/961 674/302/961
f 578/298/960 642/298/960 643/301/960
f 610/302/961 611/304/961 675/304/961
f 580/303/960 579/301/960 643/301/960
f 612/306/961 676/306/961 675/304/961
f 581/305/960 580/303/960 644/303/960
f 613/308/961 677/308/961 676/306/961
f 582/307/960 581/305/960 645/305/960
f 614/310/961 678/310/961 677/308/961
f 583/309/960 582/307/960 646/307/960
f 615/312/961 679/312/961 678/310/961
f 584/311/960 583/309/960 647/309/960
f 616/314/961 680/314/961 679/312/961
f 585/313/960 584/311/960 648/311/960
f 617/316/961 681/316/961 680/314/961
f 585/313/960 649/313/960 650/315/960
f 617/316/961 618/318/961 682/318/961
f 586/315/960 650/315/960 651/317/960
f 618/318/961 619/320/961 683/320/961
f 587/317/960 651/317/960 652/319/960
f 619/320/961 620/322/961 684/322/961
f 588/319/960 652/319/960 653/321/960
f 620/322/961 621/324/961 685/324/961
f 589/321/960 653/321/960 654/323/960
f 621/324/961 622/326/961 686/326/961
f 590/323/960 654/323/960 655/325/960
f 622/326/961 623/328/961 687/328/961
f 592/327/960 591/325/960 655/325/960
f 624/330/961 688/330/961 687/328/961
f 593/329/960 592/327/960 656/327/960
f 625/332/961 689/332/961 688/330/961
f 593/329/960 657/329/960 658/331/960
f 625/332/961 626/334/961 690/334/961
f 594/331/960 658/331/960 659/333/960
f 626/334/961 627/336/961 691/336/961
f 596/335/960 595/333/960 659/333/960
f 628/338/961 692/338/961 691/336/961
f 597/337/960 596/335/960 660/335/960
f 629/340/961 693/340/961 692/338/961
f 598/339/960 597/337/960 661/337/960
f 630/342/961 694/342/961 693/340/961
f 599/341/960 598/339/960 662/339/960
f 631/344/961 695/344/961 694/342/961
f 600/343/960 599/341/960 663/341/960
f 632/346/961 696/346/961 695/344/961
f 601/345/960 600/343/960 664/343/960
f 633/348/961 697/348/961 696/346/961
f 601/345/960 665/345/960 666/347/960
f 633/348/961 634/350/961 698/350/961
f 602/347/960 666/347/960 667/349/960
f 634/350/961 635/352/961 699/352/961
f 603/349/960 667/349/960 668/351/960
f 635/352/961 636/354/961 700/354/961
f 604/351/960 668/351/960 669/353/960
f 636/354/961 637/356/961 701/356/961
f 605/353/960 669/353/960 670/355/960
f 637/356/961 638/358/961 702/358/961
f 606/355/960 670/355/960 671/357/960
f 638/358/961 639/360/961 703/360/961
f 608/359/960 607/357/960 671/357/960
f 640/362/961 704/362/961 703/360/961
f 577/361/960 608/359/960 672/359/960
f 609/363/961 673/363/961 704/362/961
g D_TabardBack.001_D_TabardBack.001
v -0.300000 -0.340000 -0.425000
v 0.300000 -0.340000 -0.425000
v 0.340000 -1.390000 -0.425000
v 0.000000 -1.560000 -0.425000
v -0.340000 -1.390000 -0.425000
v -0.300000 -0.340000 -0.375000
v 0.300000 -0.340000 -0.375000
v 0.340000 -1.390000 -0.375000
v 0.000000 -1.560000 -0.375000
v -0.340000 -1.390000 -0.375000
vn -0.0000 -0.0000 -1.0000
vn -0.0000 -0.0000 1.0000
vn -0.9993 0.0381 -0.0000
vn -0.0000 1.0000 -0.0000
vn 0.9993 0.0381 -0.0000
vn 0.4472 -0.8944 -0.0000
vn -0.4472 -0.8944 -0.0000
s 0
g D_TabardBack.001_ring_mail_tabard
usemtl ring_mail_tabard
f 706//962 708//962 709//962
f 714//963 712//963 711//963
f 709//964 710//964 705//964
f 705//965 711//965 706//965
f 706//966 712//966 707//966
f 707//967 713//967 708//967
f 708//968 714//968 709//968
f 709//962 705//962 706//962
f 706//962 707//962 708//962
f 711//963 710//963 714//963
f 714//963 713//963 712//963
f 709//964 714//964 710//964
f 705//965 710//965 711//965
f 706//966 711//966 712//966
f 707//967 712//967 713//967
f 708//968 713//968 714//968
g D_TabardFront.001_D_TabardFront.001
v -0.300000 -0.340000 0.475000
v 0.300000 -0.340000 0.475000
v 0.340000 -1.390000 0.475000
v 0.000000 -1.560000 0.475000
v -0.340000 -1.390000 0.475000
v -0.300000 -0.340000 0.525000
v 0.300000 -0.340000 0.525000
v 0.340000 -1.390000 0.525000
v 0.000000 -1.560000 0.525000
v -0.340000 -1.390000 0.525000
vn -0.0000 -0.0000 -1.0000
vn -0.0000 -0.0000 1.0000
vn -0.9993 0.0381 -0.0000
vn -0.0000 1.0000 -0.0000
vn 0.9993 0.0381 -0.0000
vn 0.4472 -0.8944 -0.0000
vn -0.4472 -0.8944 -0.0000
s 0
g D_TabardFront.001_ring_mail_tabard
usemtl ring_mail_tabard
f 716//969 718//969 719//969
f 724//970 722//970 721//970
f 719//971 720//971 715//971
f 715//972 721//972 716//972
f 716//973 722//973 717//973
f 717//974 723//974 718//974
f 718//975 724//975 719//975
f 719//969 715//969 716//969
f 716//969 717//969 718//969
f 721//970 720//970 724//970
f 724//970 723//970 722//970
f 719//971 724//971 720//971
f 715//972 720//972 721//972
f 716//973 721//973 722//973
f 717//974 722//974 723//974
f 718//975 723//975 724//975
g F_Sleeve.001_F_Sleeve.001
v 0.522342 0.563403 0.000000
v 0.534793 0.581185 -0.102982
v 0.570405 0.632045 -0.175895
v 0.624884 0.709849 -0.214980
v 0.695116 0.810151 -0.214980
v 0.749595 0.887955 -0.175895
v 0.785207 0.938815 -0.102982
v 0.797658 0.956596 -0.000000
v 0.785207 0.938815 0.102982
v 0.749595 0.887955 0.175895
v 0.695116 0.810151 0.214980
v 0.624884 0.709849 0.214980
v 0.570405 0.632045 0.175895
v 0.534793 0.581185 0.102982
v 0.943389 0.292998 0.000000
v 0.954803 0.309298 -0.098301
v 0.987447 0.355920 -0.167900
v 1.037386 0.427240 -0.205208
v 1.101766 0.519183 -0.205208
v 1.151705 0.590504 -0.167900
v 1.184349 0.637125 -0.098301
v 1.195763 0.653425 -0.000000
v 1.184349 0.637125 0.098301
v 1.151705 0.590504 0.167900
v 1.101766 0.519183 0.205208
v 1.037386 0.427240 0.205208
v 0.987447 0.355920 0.167900
v 0.954803 0.309298 0.098301
v 1.178488 0.140588 0.000000
v 1.189382 0.156148 -0.093620
v 1.220543 0.200650 -0.159904
v 1.268212 0.268729 -0.195436
v 1.329665 0.356492 -0.195436
v 1.377334 0.424571 -0.159904
v 1.408495 0.469073 -0.093620
v 1.419390 0.484632 -0.000000
v 1.408495 0.469073 0.093620
v 1.377334 0.424571 0.159904
v 1.329665 0.356492 0.195436
v 1.268212 0.268729 0.195436
v 1.220543 0.200650 0.159904
v 1.189382 0.156148 0.093620
v 0.544442 0.597752 0.000000
v 0.554866 0.612463 -0.085107
v 0.583498 0.652795 -0.142836
v 0.628788 0.716982 -0.174996
v 0.689748 0.804043 -0.174996
v 0.734575 0.868555 -0.142836
v 0.762682 0.909254 -0.085107
v 0.772940 0.924081 -0.000000
v 0.762682 0.909254 0.085107
v 0.734575 0.868555 0.142836
v 0.689748 0.804043 0.174996
v 0.628788 0.716982 0.174996
v 0.583498 0.652795 0.142836
v 0.554866 0.612463 0.085107
v 0.965538 0.327296 0.000000
v 0.974881 0.340590 -0.080491
v 1.000437 0.376812 -0.134881
v 1.041074 0.434562 -0.165222
v 1.096147 0.513214 -0.165222
v 1.136516 0.571152 -0.134881
v 1.161812 0.607555 -0.080491
v 1.171108 0.620881 -0.000000
v 1.161812 0.607555 0.080491
v 1.136516 0.571152 0.134881
v 1.096147 0.513214 0.165222
v 1.041074 0.434562 0.165222
v 1.000437 0.376812 0.134881
v 0.974881 0.340590 0.080491
v 1.200686 0.174836 0.000000
v 1.209492 0.187492 -0.075975
v 1.233483 0.221768 -0.127004
v 1.271706 0.276275 -0.155461
v 1.323768 0.350628 -0.155461
v 1.361915 0.405189 -0.127004
v 1.385919 0.439456 -0.075975
v 1.394800 0.452060 -0.000000
v 1.385919 0.439456 0.075975
v 1.361915 0.405189 0.127004
v 1.323768 0.350628 0.155461
v 1.271706 0.276275 0.155461
v 1.233483 0.221768 0.127004
v 1.209492 0.187492 0.075975
v -0.522342 0.563403 0.000000
v -0.534793 0.581185 -0.102982
v -0.570405 0.632045 -0.175895
v -0.624884 0.709849 -0.214980
v -0.695116 0.810151 -0.214980
v -0.749595 0.887955 -0.175895
v -0.785207 0.938815 -0.102982
v -0.797658 0.956596 -0.000000
v -0.785207 0.938815 0.102982
v -0.749595 0.887955 0.175895
v -0.695116 0.810151 0.214980
v -0.624884 0.709849 0.214980
v -0.570405 0.632045 0.175895
v -0.534793 0.581185 0.102982
v -0.943389 0.292998 0.000000
v -0.954803 0.309298 -0.098301
v -0.987447 0.355920 -0.167900
v -1.037386 0.427240 -0.205208
v -1.101766 0.519183 -0.205208
v -1.151705 0.590504 -0.167900
v -1.184349 0.637125 -0.098301
v -1.195763 0.653425 -0.000000
v -1.184349 0.637125 0.098301
v -1.151705 0.590504 0.167900
v -1.101766 0.519183 0.205208
v -1.037386 0.427240 0.205208
v -0.987447 0.355920 0.167900
v -0.954803 0.309298 0.098301
v -1.178488 0.140589 0.000000
v -1.189382 0.156148 -0.093620
v -1.220543 0.200650 -0.159904
v -1.268212 0.268729 -0.195436
v -1.329665 0.356492 -0.195436
v -1.377334 0.424571 -0.159904
v -1.408495 0.469073 -0.093620
v -1.419389 0.484632 -0.000000
v -1.408495 0.469073 0.093620
v -1.377334 0.424571 0.159904
v -1.329665 0.356492 0.195436
v -1.268212 0.268729 0.195436
v -1.220543 0.200650 0.159904
v -1.189382 0.156148 0.093620
v -0.544442 0.597752 0.000000
v -0.554866 0.612463 -0.085107
v -0.583498 0.652795 -0.142836
v -0.628787 0.716982 -0.174996
v -0.689748 0.804043 -0.174996
v -0.734575 0.868555 -0.142836
v -0.762682 0.909254 -0.085107
v -0.772940 0.924081 -0.000000
v -0.762682 0.909254 0.085107
v -0.734575 0.868555 0.142836
v -0.689748 0.804043 0.174996
v -0.628787 0.716982 0.174996
v -0.583498 0.652795 0.142836
v -0.554866 0.612463 0.085107
v -0.965538 0.327296 0.000000
v -0.974881 0.340590 -0.080491
v -1.000437 0.376811 -0.134881
v -1.041074 0.434562 -0.165222
v -1.096147 0.513214 -0.165222
v -1.136516 0.571152 -0.134881
v -1.161812 0.607555 -0.080491
v -1.171108 0.620881 -0.000000
v -1.161812 0.607555 0.080491
v -1.136516 0.571152 0.134881
v -1.096147 0.513214 0.165222
v -1.041074 0.434562 0.165222
v -1.000437 0.376811 0.134881
v -0.974881 0.340590 0.080491
v -1.200686 0.174836 0.000000
v -1.209492 0.187492 -0.075975
v -1.233483 0.221768 -0.127004
v -1.271706 0.276275 -0.155461
v -1.323768 0.350628 -0.155461
v -1.361915 0.405189 -0.127004
v -1.385918 0.439456 -0.075975
v -1.394800 0.452060 -0.000000
v -1.385918 0.439456 0.075975
v -1.361915 0.405189 0.127004
v -1.323768 0.350628 0.155461
v -1.271706 0.276275 0.155461
v -1.233483 0.221768 0.127004
v -1.209492 0.187492 0.075975
vn -0.5288 -0.8234 -0.2061
vn -0.4088 -0.6427 -0.6480
vn -0.1980 -0.3258 -0.9245
vn 0.0160 -0.0112 -0.9998
vn 0.2439 0.3100 -0.9189
vn 0.4686 0.6165 -0.6327
vn 0.5925 0.7808 -0.1983
vn 0.5929 0.7785 0.2061
vn 0.4641 0.6040 0.6480
vn 0.2384 0.2975 0.9245
vn 0.0160 -0.0112 0.9998
vn -0.2079 -0.3352 0.9189
vn -0.4190 -0.6512 0.6327
vn -0.5311 -0.8238 0.1983
vn -0.5331 -0.8224 -0.1987
vn -0.4145 -0.6542 -0.6326
vn -0.1968 -0.3427 -0.9186
vn 0.0286 -0.0200 -0.9994
vn 0.2545 0.3014 -0.9189
vn 0.4729 0.6125 -0.6335
vn 0.5906 0.7822 -0.1983
vn 0.5904 0.7822 0.1987
vn 0.4730 0.6132 0.6326
vn 0.2548 0.3021 0.9186
vn 0.0286 -0.0200 0.9994
vn -0.1961 -0.3423 0.9189
vn -0.4138 -0.6538 0.6335
vn -0.5330 -0.8225 0.1983
vn 0.5287 0.8232 0.2070
vn 0.4078 0.6411 0.6502
vn 0.1971 0.3244 0.9251
vn -0.0160 0.0112 0.9998
vn -0.2375 -0.2962 0.9251
vn -0.4629 -0.6025 0.6502
vn -0.5927 -0.7784 0.2070
vn -0.5927 -0.7784 -0.2070
vn -0.4629 -0.6025 -0.6502
vn -0.2375 -0.2962 -0.9251
vn -0.0160 0.0112 -0.9998
vn 0.1971 0.3244 -0.9251
vn 0.4078 0.6411 -0.6502
vn 0.5287 0.8232 -0.2070
vn 0.5330 0.8227 0.1977
vn 0.4153 0.6550 0.6313
vn 0.1975 0.3434 0.9182
vn -0.0286 0.0200 0.9994
vn -0.2552 -0.3030 0.9182
vn -0.4735 -0.6142 0.6313
vn -0.5907 -0.7823 0.1977
vn -0.5907 -0.7823 -0.1977
vn -0.4735 -0.6142 -0.6313
vn -0.2552 -0.3030 -0.9182
vn -0.0286 0.0200 -0.9994
vn 0.1975 0.3434 -0.9182
vn 0.4153 0.6550 -0.6313
vn 0.5330 0.8227 -0.1977
vn -0.8396 0.5432 -0.0077
vn -0.8296 0.5580 -0.0216
vn -0.8219 0.5692 -0.0213
vn -0.8189 0.5734 -0.0223
vn -0.8124 0.5825 -0.0272
vn -0.8022 0.5966 -0.0243
vn -0.7960 0.6052 -0.0095
vn -0.7976 0.6031 0.0077
vn -0.8080 0.5887 0.0216
vn -0.8160 0.5776 0.0213
vn -0.8189 0.5734 0.0223
vn -0.8252 0.5641 0.0272
vn -0.8350 0.5498 0.0243
vn -0.8409 0.5411 0.0095
vn 0.8391 -0.5439 0.0067
vn 0.8353 -0.5493 0.0239
vn 0.8271 -0.5610 0.0348
vn 0.8186 -0.5732 0.0367
vn 0.8107 -0.5845 0.0338
vn 0.8017 -0.5972 0.0239
vn 0.7974 -0.6034 0.0075
vn 0.7981 -0.6025 -0.0067
vn 0.8019 -0.5970 -0.0239
vn 0.8100 -0.5853 -0.0348
vn 0.8186 -0.5732 -0.0367
vn 0.8265 -0.5619 -0.0338
vn 0.8354 -0.5491 -0.0239
vn 0.8397 -0.5429 -0.0075
vn 0.5288 -0.8234 -0.2061
vn 0.4088 -0.6427 -0.6480
vn 0.1980 -0.3258 -0.9245
vn -0.0160 -0.0112 -0.9998
vn -0.2384 0.2975 -0.9245
vn -0.4641 0.6040 -0.6480
vn -0.5929 0.7785 -0.2061
vn -0.5929 0.7785 0.2061
vn -0.4641 0.6040 0.6480
vn -0.2384 0.2975 0.9245
vn -0.0160 -0.0112 0.9998
vn 0.1980 -0.3258 0.9245
vn 0.4088 -0.6427 0.6480
vn 0.5288 -0.8234 0.2061
vn 0.5330 -0.8225 -0.1983
vn 0.4145 -0.6542 -0.6326
vn 0.1968 -0.3427 -0.9186
vn -0.0286 -0.0200 -0.9994
vn -0.2548 0.3021 -0.9186
vn -0.4730 0.6132 -0.6326
vn -0.5906 0.7822 -0.1983
vn -0.5906 0.7822 0.1983
vn -0.4730 0.6132 0.6326
vn -0.2548 0.3021 0.9186
vn -0.0286 -0.0200 0.9994
vn 0.1968 -0.3427 0.9186
vn 0.4145 -0.6542 0.6326
vn 0.5330 -0.8225 0.1983
vn -0.5287 0.8232 0.2070
vn -0.4078 0.6411 0.6502
vn -0.1971 0.3244 0.9251
vn 0.0160 0.0112 0.9998
vn 0.2444 -0.3107 0.9185
vn 0.4693 -0.6173 0.6314
vn 0.5926 -0.7809 0.1977
vn 0.5927 -0.7784 -0.2070
vn 0.4629 -0.6025 -0.6502
vn 0.2375 -0.2962 -0.9251
vn 0.0160 0.0112 -0.9998
vn -0.2084 0.3360 -0.9185
vn -0.4196 0.6521 -0.6314
vn -0.5311 0.8239 -0.1977
vn -0.5332 0.8223 0.1988
vn -0.4153 0.6550 0.6313
vn -0.1975 0.3434 0.9182
vn 0.0286 0.0200 0.9994
vn 0.2546 -0.3013 0.9189
vn 0.4730 -0.6123 0.6336
vn 0.5907 -0.7823 0.1977
vn 0.5904 -0.7823 -0.1988
vn 0.4735 -0.6142 -0.6313
vn 0.2552 -0.3030 -0.9182
vn 0.0286 0.0200 -0.9994
vn -0.1960 0.3423 -0.9189
vn -0.4136 0.6538 -0.6336
vn -0.5330 0.8227 -0.1977
vn 0.8396 0.5432 -0.0077
vn 0.8350 0.5498 -0.0243
vn 0.8252 0.5641 -0.0272
vn 0.8189 0.5734 -0.0223
vn 0.8124 0.5825 -0.0272
vn 0.8022 0.5966 -0.0243
vn 0.7976 0.6031 -0.0077
vn 0.7976 0.6031 0.0077
vn 0.8022 0.5966 0.0243
vn 0.8124 0.5825 0.0272
vn 0.8189 0.5734 0.0223
vn 0.8252 0.5641 0.0272
vn 0.8350 0.5498 0.0243
vn 0.8396 0.5432 0.0077
vn -0.8397 -0.5430 0.0075
vn -0.8353 -0.5493 0.0239
vn -0.8271 -0.5610 0.0348
vn -0.8186 -0.5732 0.0367
vn -0.8100 -0.5853 0.0348
vn -0.8019 -0.5970 0.0239
vn -0.7974 -0.6034 0.0075
vn -0.7974 -0.6034 -0.0075
vn -0.8019 -0.5970 -0.0239
vn -0.8100 -0.5853 -0.0348
vn -0.8186 -0.5732 -0.0367
vn -0.8271 -0.5610 -0.0348
vn -0.8353 -0.5493 -0.0239
vn -0.8397 -0.5430 -0.0075
vn -0.5311 -0.8238 -0.1983
vn -0.4190 -0.6512 -0.6327
vn -0.2079 -0.3352 -0.9189
vn 0.2384 0.2975 -0.9245
vn 0.4641 0.6040 -0.6480
vn 0.5929 0.7785 -0.2061
vn 0.5925 0.7808 0.1983
vn 0.4686 0.6165 0.6327
vn 0.2439 0.3100 0.9189
vn -0.1980 -0.3258 0.9245
vn -0.4088 -0.6427 0.6480
vn -0.5288 -0.8234 0.2061
vn -0.5330 -0.8225 -0.1983
vn -0.4138 -0.6538 -0.6335
vn -0.1961 -0.3423 -0.9189
vn 0.2548 0.3021 -0.9186
vn 0.4730 0.6132 -0.6326
vn 0.5904 0.7822 -0.1987
vn 0.5906 0.7822 0.1983
vn 0.4729 0.6125 0.6335
vn 0.2545 0.3014 0.9189
vn -0.1968 -0.3427 0.9186
vn -0.4145 -0.6542 0.6326
vn -0.5331 -0.8224 0.1987
vn 0.5311 0.8239 0.1977
vn 0.4196 0.6521 0.6314
vn 0.2084 0.3360 0.9185
vn -0.2444 -0.3107 0.9185
vn -0.4693 -0.6173 0.6314
vn -0.5926 -0.7809 0.1977
vn -0.5926 -0.7809 -0.1977
vn -0.4693 -0.6173 -0.6314
vn -0.2444 -0.3107 -0.9185
vn 0.2084 0.3360 -0.9185
vn 0.4196 0.6521 -0.6314
vn 0.5311 0.8239 -0.1977
vn 0.5332 0.8223 0.1988
vn 0.4136 0.6538 0.6336
vn 0.1960 0.3423 0.9189
vn -0.2546 -0.3013 0.9189
vn -0.4730 -0.6123 0.6336
vn -0.5904 -0.7823 0.1988
vn -0.5904 -0.7823 -0.1988
vn -0.4730 -0.6123 -0.6336
vn -0.2546 -0.3013 -0.9189
vn 0.1960 0.3423 -0.9189
vn 0.4136 0.6538 -0.6336
vn 0.5332 0.8223 -0.1988
vn -0.8409 0.5411 -0.0095
vn -0.8350 0.5498 -0.0243
vn -0.8252 0.5641 -0.0272
vn -0.8160 0.5776 -0.0213
vn -0.8080 0.5887 -0.0216
vn -0.7976 0.6031 -0.0077
vn -0.7960 0.6052 0.0095
vn -0.8022 0.5966 0.0243
vn -0.8124 0.5825 0.0272
vn -0.8219 0.5692 0.0213
vn -0.8296 0.5580 0.0216
vn -0.8396 0.5432 0.0077
vn 0.8397 -0.5429 0.0075
vn 0.8354 -0.5491 0.0239
vn 0.8265 -0.5619 0.0338
vn 0.8100 -0.5853 0.0348
vn 0.8019 -0.5970 0.0239
vn 0.7981 -0.6025 0.0067
vn 0.7974 -0.6034 -0.0075
vn 0.8017 -0.5972 -0.0239
vn 0.8107 -0.5845 -0.0338
vn 0.8271 -0.5610 -0.0348
vn 0.8353 -0.5493 -0.0239
vn 0.8391 -0.5439 -0.0067
vn 0.5311 -0.8238 -0.1983
vn 0.4190 -0.6512 -0.6327
vn 0.2079 -0.3352 -0.9189
vn -0.2439 0.3100 -0.9189
vn -0.4686 0.6165 -0.6327
vn -0.5925 0.7808 -0.1983
vn -0.5925 0.7808 0.1983
vn -0.4686 0.6165 0.6327
vn -0.2439 0.3100 0.9189
vn 0.2079 -0.3352 0.9189
vn 0.4190 -0.6512 0.6327
vn 0.5311 -0.8238 0.1983
vn 0.5331 -0.8224 -0.1987
vn 0.4138 -0.6538 -0.6335
vn 0.1961 -0.3423 -0.9189
vn -0.2545 0.3014 -0.9189
vn -0.4729 0.6125 -0.6335
vn -0.5904 0.7822 -0.1987
vn -0.5904 0.7822 0.1987
vn -0.4729 0.6125 0.6335
vn -0.2545 0.3014 0.9189
vn 0.1961 -0.3423 0.9189
vn 0.4138 -0.6538 0.6335
vn 0.5331 -0.8224 0.1987
vn -0.5311 0.8239 0.1977
vn -0.4196 0.6521 0.6314
vn -0.2084 0.3360 0.9185
vn 0.2375 -0.2962 0.9251
vn 0.4629 -0.6025 0.6502
vn 0.5927 -0.7784 0.2070
vn 0.5926 -0.7809 -0.1977
vn 0.4693 -0.6173 -0.6314
vn 0.2444 -0.3107 -0.9185
vn -0.1971 0.3244 -0.9251
vn -0.4078 0.6411 -0.6502
vn -0.5287 0.8232 -0.2070
vn -0.5330 0.8227 0.1977
vn -0.4136 0.6538 0.6336
vn -0.1960 0.3423 0.9189
vn 0.2552 -0.3030 0.9182
vn 0.4735 -0.6142 0.6313
vn 0.5904 -0.7823 0.1988
vn 0.5907 -0.7823 -0.1977
vn 0.4730 -0.6123 -0.6336
vn 0.2546 -0.3013 -0.9189
vn -0.1975 0.3434 -0.9182
vn -0.4153 0.6550 -0.6313
vn -0.5332 0.8223 -0.1988
vn 0.8409 0.5411 -0.0095
vn 0.8296 0.5580 -0.0216
vn 0.8219 0.5692 -0.0213
vn 0.8160 0.5776 -0.0213
vn 0.8080 0.5887 -0.0216
vn 0.7960 0.6052 -0.0095
vn 0.7960 0.6052 0.0095
vn 0.8080 0.5887 0.0216
vn 0.8160 0.5776 0.0213
vn 0.8219 0.5692 0.0213
vn 0.8296 0.5580 0.0216
vn 0.8409 0.5411 0.0095
vn -0.8391 -0.5439 0.0067
vn -0.8354 -0.5491 0.0239
vn -0.8265 -0.5619 0.0338
vn -0.8107 -0.5845 0.0339
vn -0.8017 -0.5972 0.0239
vn -0.7981 -0.6025 0.0067
vn -0.7981 -0.6025 -0.0067
vn -0.8017 -0.5972 -0.0239
vn -0.8107 -0.5845 -0.0338
vn -0.8265 -0.5619 -0.0338
vn -0.8354 -0.5491 -0.0239
vn -0.8391 -0.5439 -0.0067
vt 0.071429 0.000000
vt 0.000000 0.500000
vt 0.000000 0.000000
vt 0.142857 0.000000
vt 0.071429 0.500000
vt 0.214286 0.000000
vt 0.142857 0.500000
vt 0.285714 0.000000
vt 0.214286 0.500000
vt 0.357143 0.500000
vt 0.285714 0.500000
vt 0.357143 0.000000
vt 0.428571 0.500000
vt 0.428571 0.000000
vt 0.500000 0.500000
vt 0.571429 0.000000
vt 0.500000 0.000000
vt 0.642857 0.000000
vt 0.571429 0.500000
vt 0.714286 0.000000
vt 0.642857 0.500000
vt 0.785714 0.000000
vt 0.714286 0.500000
vt 0.857143 0.500000
vt 0.785714 0.500000
vt 0.857143 0.000000
vt 0.928571 0.500000
vt 0.928571 0.000000
vt 1.000000 0.500000
vt 0.071429 1.000000
vt 0.000000 1.000000
vt 0.142857 1.000000
vt 0.214286 1.000000
vt 0.357143 1.000000
vt 0.285714 1.000000
vt 0.428571 1.000000
vt 0.571429 1.000000
vt 0.500000 1.000000
vt 0.642857 1.000000
vt 0.714286 1.000000
vt 0.857143 1.000000
vt 0.785714 1.000000
vt 0.928571 1.000000
vt 1.000000 0.000000
vt 1.000000 1.000000
s 0
g F_Sleeve.001_ring_mail_body
usemtl ring_mail_body
f 726/364/976 739/365/976 725/366/976
f 727/367/977 740/368/977 726/364/977
f 728/369/978 741/370/978 727/367/978
f 729/371/979 742/372/979 728/369/979
f 729/371/980 744/373/980 743/374/980
f 730/375/981 745/376/981 744/373/981
f 731/377/982 746/378/982 745/376/982
f 733/379/983 746/378/983 732/380/983
f 734/381/984 747/382/984 733/379/984
f 735/383/985 748/384/985 734/381/985
f 736/385/986 749/386/986 735/383/986
f 736/385/987 751/387/987 750/388/987
f 737/389/988 752/390/988 751/387/988
f 738/391/989 739/392/989 752/390/989
f 739/365/990 754/393/990 753/394/990
f 741/370/991 754/393/991 740/368/991
f 742/372/992 755/395/992 741/370/992
f 743/374/993 756/396/993 742/372/993
f 743/374/994 758/397/994 757/398/994
f 744/373/995 759/399/995 758/397/995
f 746/378/996 759/399/996 745/376/996
f 746/378/997 761/400/997 760/401/997
f 748/384/998 761/400/998 747/382/998
f 749/386/999 762/402/999 748/384/999
f 750/388/1000 763/403/1000 749/386/1000
f 750/388/1001 765/404/1001 764/405/1001
f 751/387/1002 766/406/1002 765/404/1002
f 739/392/1003 766/406/1003 752/390/1003
f 781/365/1004 768/364/1004 767/366/1004
f 782/368/1005 769/367/1005 768/364/1005
f 783/370/1006 770/369/1006 769/367/1006
f 784/372/1007 771/371/1007 770/369/1007
f 771/371/1008 786/373/1008 772/375/1008
f 772/375/1009 787/376/1009 773/377/1009
f 773/377/1010 788/378/1010 774/380/1010
f 788/378/1011 775/379/1011 774/380/1011
f 789/382/1012 776/381/1012 775/379/1012
f 790/384/1013 777/383/1013 776/381/1013
f 791/386/1014 778/385/1014 777/383/1014
f 778/385/1015 793/387/1015 779/389/1015
f 779/389/1016 794/390/1016 780/391/1016
f 780/391/1017 781/392/1017 767/407/1017
f 781/365/1018 796/393/1018 782/368/1018
f 796/393/1019 783/370/1019 782/368/1019
f 797/395/1020 784/372/1020 783/370/1020
f 798/396/1021 785/374/1021 784/372/1021
f 785/374/1022 800/397/1022 786/373/1022
f 786/373/1023 801/399/1023 787/376/1023
f 801/399/1024 788/378/1024 787/376/1024
f 788/378/1025 803/400/1025 789/382/1025
f 803/400/1026 790/384/1026 789/382/1026
f 804/402/1027 791/386/1027 790/384/1027
f 805/403/1028 792/388/1028 791/386/1028
f 792/388/1029 807/404/1029 793/387/1029
f 793/387/1030 808/406/1030 794/390/1030
f 808/406/1031 781/392/1031 794/390/1031
f 725/366/1032 768/364/1032 726/364/1032
f 727/367/1033 768/364/1033 769/367/1033
f 728/369/1034 769/367/1034 770/369/1034
f 728/369/1035 771/371/1035 729/371/1035
f 729/371/1036 772/375/1036 730/375/1036
f 730/375/1037 773/377/1037 731/377/1037
f 732/380/1038 773/377/1038 774/380/1038
f 732/380/1039 775/379/1039 733/379/1039
f 734/381/1040 775/379/1040 776/381/1040
f 735/383/1041 776/381/1041 777/383/1041
f 735/383/1042 778/385/1042 736/385/1042
f 736/385/1043 779/389/1043 737/389/1043
f 737/389/1044 780/391/1044 738/391/1044
f 725/407/1045 780/391/1045 767/407/1045
f 753/394/1046 796/393/1046 795/394/1046
f 755/395/1047 796/393/1047 754/393/1047
f 756/396/1048 797/395/1048 755/395/1048
f 757/398/1049 798/396/1049 756/396/1049
f 757/398/1050 800/397/1050 799/398/1050
f 758/397/1051 801/399/1051 800/397/1051
f 760/401/1052 801/399/1052 759/399/1052
f 760/401/1053 803/400/1053 802/401/1053
f 762/402/1054 803/400/1054 761/400/1054
f 763/403/1055 804/402/1055 762/402/1055
f 764/405/1056 805/403/1056 763/403/1056
f 764/405/1057 807/404/1057 806/405/1057
f 765/404/1058 808/406/1058 807/404/1058
f 753/408/1059 808/406/1059 766/406/1059
f 823/365/1060 810/364/1060 809/366/1060
f 824/368/1061 811/367/1061 810/364/1061
f 825/370/1062 812/369/1062 811/367/1062
f 812/369/1063 827/374/1063 813/371/1063
f 813/371/1064 828/373/1064 814/375/1064
f 814/375/1065 829/376/1065 815/377/1065
f 815/377/1066 830/378/1066 816/380/1066
f 830/378/1067 817/379/1067 816/380/1067
f 831/382/1068 818/381/1068 817/379/1068
f 832/384/1069 819/383/1069 818/381/1069
f 819/383/1070 834/388/1070 820/385/1070
f 820/385/1071 835/387/1071 821/389/1071
f 821/389/1072 836/390/1072 822/391/1072
f 822/391/1073 823/392/1073 809/407/1073
f 823/365/1074 838/393/1074 824/368/1074
f 838/393/1075 825/370/1075 824/368/1075
f 839/395/1076 826/372/1076 825/370/1076
f 840/396/1077 827/374/1077 826/372/1077
f 827/374/1078 842/397/1078 828/373/1078
f 828/373/1079 843/399/1079 829/376/1079
f 843/399/1080 830/378/1080 829/376/1080
f 830/378/1081 845/400/1081 831/382/1081
f 845/400/1082 832/384/1082 831/382/1082
f 846/402/1083 833/386/1083 832/384/1083
f 833/386/1084 848/405/1084 834/388/1084
f 834/388/1085 849/404/1085 835/387/1085
f 835/387/1086 850/406/1086 836/390/1086
f 850/406/1087 823/392/1087 836/390/1087
f 852/364/1088 865/365/1088 851/366/1088
f 853/367/1089 866/368/1089 852/364/1089
f 854/369/1090 867/370/1090 853/367/1090
f 855/371/1091 868/372/1091 854/369/1091
f 855/371/1092 870/373/1092 869/374/1092
f 856/375/1093 871/376/1093 870/373/1093
f 857/377/1094 872/378/1094 871/376/1094
f 859/379/1095 872/378/1095 858/380/1095
f 860/381/1096 873/382/1096 859/379/1096
f 861/383/1097 874/384/1097 860/381/1097
f 861/383/1098 876/388/1098 875/386/1098
f 862/385/1099 877/387/1099 876/388/1099
f 863/389/1100 878/390/1100 877/387/1100
f 864/391/1101 865/392/1101 878/390/1101
f 865/365/1102 880/393/1102 879/394/1102
f 867/370/1103 880/393/1103 866/368/1103
f 868/372/1104 881/395/1104 867/370/1104
f 869/374/1105 882/396/1105 868/372/1105
f 869/374/1106 884/397/1106 883/398/1106
f 870/373/1107 885/399/1107 884/397/1107
f 872/378/1108 885/399/1108 871/376/1108
f 872/378/1109 887/400/1109 886/401/1109
f 874/384/1110 887/400/1110 873/382/1110
f 875/386/1111 888/402/1111 874/384/1111
f 875/386/1112 890/405/1112 889/403/1112
f 876/388/1113 891/404/1113 890/405/1113
f 877/387/1114 892/406/1114 891/404/1114
f 865/392/1115 892/406/1115 878/390/1115
f 852/364/1116 809/366/1116 810/364/1116
f 811/367/1117 852/364/1117 810/364/1117
f 812/369/1118 853/367/1118 811/367/1118
f 855/371/1119 812/369/1119 813/371/1119
f 856/375/1120 813/371/1120 814/375/1120
f 857/377/1121 814/375/1121 815/377/1121
f 816/380/1122 857/377/1122 815/377/1122
f 859/379/1123 816/380/1123 817/379/1123
f 818/381/1124 859/379/1124 817/379/1124
f 819/383/1125 860/381/1125 818/381/1125
f 820/385/1126 861/383/1126 819/383/1126
f 863/389/1127 820/385/1127 821/389/1127
f 864/391/1128 821/389/1128 822/391/1128
f 809/407/1129 864/391/1129 822/391/1129
f 837/394/1130 880/393/1130 838/393/1130
f 880/393/1131 839/395/1131 838/393/1131
f 881/395/1132 840/396/1132 839/395/1132
f 882/396/1133 841/398/1133 840/396/1133
f 841/398/1134 884/397/1134 842/397/1134
f 842/397/1135 885/399/1135 843/399/1135
f 885/399/1136 844/401/1136 843/399/1136
f 844/401/1137 887/400/1137 845/400/1137
f 887/400/1138 846/402/1138 845/400/1138
f 888/402/1139 847/403/1139 846/402/1139
f 889/403/1140 848/405/1140 847/403/1140
f 848/405/1141 891/404/1141 849/404/1141
f 849/404/1142 892/406/1142 850/406/1142
f 892/406/1143 837/408/1143 850/406/1143
f 726/364/1144 740/368/1144 739/365/1144
f 727/367/1145 741/370/1145 740/368/1145
f 728/369/1146 742/372/1146 741/370/1146
f 729/371/979 743/374/979 742/372/979
f 729/371/1147 730/375/1147 744/373/1147
f 730/375/1148 731/377/1148 745/376/1148
f 731/377/1149 732/380/1149 746/378/1149
f 733/379/1150 747/382/1150 746/378/1150
f 734/381/1151 748/384/1151 747/382/1151
f 735/383/1152 749/386/1152 748/384/1152
f 736/385/986 750/388/986 749/386/986
f 736/385/1153 737/389/1153 751/387/1153
f 737/389/1154 738/391/1154 752/390/1154
f 738/391/1155 725/407/1155 739/392/1155
f 739/365/1156 740/368/1156 754/393/1156
f 741/370/1157 755/395/1157 754/393/1157
f 742/372/1158 756/396/1158 755/395/1158
f 743/374/993 757/398/993 756/396/993
f 743/374/1159 744/373/1159 758/397/1159
f 744/373/1160 745/376/1160 759/399/1160
f 746/378/1161 760/401/1161 759/399/1161
f 746/378/1162 747/382/1162 761/400/1162
f 748/384/1163 762/402/1163 761/400/1163
f 749/386/1164 763/403/1164 762/402/1164
f 750/388/1000 764/405/1000 763/403/1000
f 750/388/1165 751/387/1165 765/404/1165
f 751/387/1166 752/390/1166 766/406/1166
f 739/392/1167 753/408/1167 766/406/1167
f 781/365/1168 782/368/1168 768/364/1168
f 782/368/1169 783/370/1169 769/367/1169
f 783/370/1170 784/372/1170 770/369/1170
f 784/372/1007 785/374/1007 771/371/1007
f 771/371/1171 785/374/1171 786/373/1171
f 772/375/1172 786/373/1172 787/376/1172
f 773/377/1173 787/376/1173 788/378/1173
f 788/378/1174 789/382/1174 775/379/1174
f 789/382/1175 790/384/1175 776/381/1175
f 790/384/1176 791/386/1176 777/383/1176
f 791/386/1014 792/388/1014 778/385/1014
f 778/385/1177 792/388/1177 793/387/1177
f 779/389/1178 793/387/1178 794/390/1178
f 780/391/1179 794/390/1179 781/392/1179
f 781/365/1180 795/394/1180 796/393/1180
f 796/393/1181 797/395/1181 783/370/1181
f 797/395/1182 798/396/1182 784/372/1182
f 798/396/1021 799/398/1021 785/374/1021
f 785/374/1183 799/398/1183 800/397/1183
f 786/373/1184 800/397/1184 801/399/1184
f 801/399/1185 802/401/1185 788/378/1185
f 788/378/1186 802/401/1186 803/400/1186
f 803/400/1187 804/402/1187 790/384/1187
f 804/402/1188 805/403/1188 791/386/1188
f 805/403/1028 806/405/1028 792/388/1028
f 792/388/1189 806/405/1189 807/404/1189
f 793/387/1190 807/404/1190 808/406/1190
f 808/406/1191 795/408/1191 781/392/1191
f 725/366/1192 767/366/1192 768/364/1192
f 727/367/1193 726/364/1193 768/364/1193
f 728/369/1194 727/367/1194 769/367/1194
f 728/369/1035 770/369/1035 771/371/1035
f 729/371/1195 771/371/1195 772/375/1195
f 730/375/1196 772/375/1196 773/377/1196
f 732/380/1197 731/377/1197 773/377/1197
f 732/380/1198 774/380/1198 775/379/1198
f 734/381/1199 733/379/1199 775/379/1199
f 735/383/1200 734/381/1200 776/381/1200
f 735/383/1042 777/383/1042 778/385/1042
f 736/385/1201 778/385/1201 779/389/1201
f 737/389/1202 779/389/1202 780/391/1202
f 725/407/1203 738/391/1203 780/391/1203
f 753/394/1204 754/393/1204 796/393/1204
f 755/395/1205 797/395/1205 796/393/1205
f 756/396/1206 798/396/1206 797/395/1206
f 757/398/1049 799/398/1049 798/396/1049
f 757/398/1207 758/397/1207 800/397/1207
f 758/397/1208 759/399/1208 801/399/1208
f 760/401/1209 802/401/1209 801/399/1209
f 760/401/1210 761/400/1210 803/400/1210
f 762/402/1211 804/402/1211 803/400/1211
f 763/403/1212 805/403/1212 804/402/1212
f 764/405/1056 806/405/1056 805/403/1056
f 764/405/1213 765/404/1213 807/404/1213
f 765/404/1214 766/406/1214 808/406/1214
f 753/408/1215 795/408/1215 808/406/1215
f 823/365/1216 824/368/1216 810/364/1216
f 824/368/1217 825/370/1217 811/367/1217
f 825/370/1218 826/372/1218 812/369/1218
f 812/369/1063 826/372/1063 827/374/1063
f 813/371/1219 827/374/1219 828/373/1219
f 814/375/1220 828/373/1220 829/376/1220
f 815/377/1221 829/376/1221 830/378/1221
f 830/378/1222 831/382/1222 817/379/1222
f 831/382/1223 832/384/1223 818/381/1223
f 832/384/1224 833/386/1224 819/383/1224
f 819/383/1070 833/386/1070 834/388/1070
f 820/385/1225 834/388/1225 835/387/1225
f 821/389/1226 835/387/1226 836/390/1226
f 822/391/1227 836/390/1227 823/392/1227
f 823/365/1228 837/394/1228 838/393/1228
f 838/393/1229 839/395/1229 825/370/1229
f 839/395/1230 840/396/1230 826/372/1230
f 840/396/1077 841/398/1077 827/374/1077
f 827/374/1231 841/398/1231 842/397/1231
f 828/373/1232 842/397/1232 843/399/1232
f 843/399/1233 844/401/1233 830/378/1233
f 830/378/1234 844/401/1234 845/400/1234
f 845/400/1235 846/402/1235 832/384/1235
f 846/402/1236 847/403/1236 833/386/1236
f 833/386/1084 847/403/1084 848/405/1084
f 834/388/1237 848/405/1237 849/404/1237
f 835/387/1238 849/404/1238 850/406/1238
f 850/406/1239 837/408/1239 823/392/1239
f 852/364/1240 866/368/1240 865/365/1240
f 853/367/1241 867/370/1241 866/368/1241
f 854/369/1242 868/372/1242 867/370/1242
f 855/371/1091 869/374/1091 868/372/1091
f 855/371/1243 856/375/1243 870/373/1243
f 856/375/1244 857/377/1244 871/376/1244
f 857/377/1245 858/380/1245 872/378/1245
f 859/379/1246 873/382/1246 872/378/1246
f 860/381/1247 874/384/1247 873/382/1247
f 861/383/1248 875/386/1248 874/384/1248
f 861/383/1098 862/385/1098 876/388/1098
f 862/385/1249 863/389/1249 877/387/1249
f 863/389/1250 864/391/1250 878/390/1250
f 864/391/1251 851/407/1251 865/392/1251
f 865/365/1252 866/368/1252 880/393/1252
f 867/370/1253 881/395/1253 880/393/1253
f 868/372/1254 882/396/1254 881/395/1254
f 869/374/1105 883/398/1105 882/396/1105
f 869/374/1255 870/373/1255 884/397/1255
f 870/373/1256 871/376/1256 885/399/1256
f 872/378/1257 886/401/1257 885/399/1257
f 872/378/1258 873/382/1258 887/400/1258
f 874/384/1259 888/402/1259 887/400/1259
f 875/386/1260 889/403/1260 888/402/1260
f 875/386/1112 876/388/1112 890/405/1112
f 876/388/1261 877/387/1261 891/404/1261
f 877/387/1262 878/390/1262 892/406/1262
f 865/392/1263 879/408/1263 892/406/1263
f 852/364/1264 851/366/1264 809/366/1264
f 811/367/1265 853/367/1265 852/364/1265
f 812/369/1266 854/369/1266 853/367/1266
f 855/371/1119 854/369/1119 812/369/1119
f 856/375/1267 855/371/1267 813/371/1267
f 857/377/1268 856/375/1268 814/375/1268
f 816/380/1269 858/380/1269 857/377/1269
f 859/379/1270 858/380/1270 816/380/1270
f 818/381/1271 860/381/1271 859/379/1271
f 819/383/1272 861/383/1272 860/381/1272
f 820/385/1126 862/385/1126 861/383/1126
f 863/389/1273 862/385/1273 820/385/1273
f 864/391/1274 863/389/1274 821/389/1274
f 809/407/1275 851/407/1275 864/391/1275
f 837/394/1276 879/394/1276 880/393/1276
f 880/393/1277 881/395/1277 839/395/1277
f 881/395/1278 882/396/1278 840/396/1278
f 882/396/1133 883/398/1133 841/398/1133
f 841/398/1279 883/398/1279 884/397/1279
f 842/397/1280 884/397/1280 885/399/1280
f 885/399/1281 886/401/1281 844/401/1281
f 844/401/1282 886/401/1282 887/400/1282
f 887/400/1283 888/402/1283 846/402/1283
f 888/402/1284 889/403/1284 847/403/1284
f 889/403/1140 890/405/1140 848/405/1140
f 848/405/1285 890/405/1285 891/404/1285
f 849/404/1286 891/404/1286 892/406/1286
f 892/406/1287 879/408/1287 837/408/1287
g K_DrapedMailShoulder.001_K_DrapedMailShoulder.003
v 0.466190 0.769559 0.288403
v 0.476456 0.759866 0.296457
v 0.470142 0.775080 0.303994
v 0.470366 0.884762 0.283194
v 0.466082 0.877972 0.268141
v 0.470902 0.988697 0.216986
v 0.465005 0.977590 0.205126
v 0.471359 1.058166 0.117542
v 0.463626 1.044113 0.110991
v 0.471499 1.082555 0.000000
v 0.463023 1.067518 -0.000000
v 0.471359 1.058166 -0.117542
v 0.463626 1.044113 -0.110991
v 0.470902 0.988697 -0.216986
v 0.465005 0.977590 -0.205126
v 0.470366 0.884762 -0.283194
v 0.466082 0.877972 -0.268141
v 0.466190 0.769559 -0.288403
v 0.470142 0.775080 -0.303994
v 0.476456 0.759866 -0.296457
v 0.722987 0.814352 0.451756
v 0.743065 0.810648 0.462320
v 0.730000 0.832522 0.466342
v 0.740985 0.945492 0.427189
v 0.722100 0.933422 0.431181
v 0.740835 1.039340 0.334485
v 0.718891 1.043806 0.327394
v 0.740631 1.108838 0.181000
v 0.718580 1.113104 0.177109
v 0.740546 1.133251 0.000000
v 0.718488 1.137442 0.000000
v 0.740631 1.108838 -0.181000
v 0.718580 1.113104 -0.177109
v 0.740835 1.039340 -0.334485
v 0.718891 1.043806 -0.327394
v 0.740985 0.945492 -0.427189
v 0.722100 0.933422 -0.431181
v 0.722987 0.814352 -0.451756
v 0.730000 0.832522 -0.466342
v 0.743065 0.810648 -0.462320
v 0.972940 0.656885 0.529625
v 0.985811 0.665470 0.531035
v 0.968023 0.680115 0.532468
v 0.985852 0.771243 0.495741
v 0.969096 0.798686 0.485646
v 0.968010 0.776321 0.500429
v 0.985974 0.874824 0.379374
v 0.969247 0.893156 0.379709
v 0.986085 0.943979 0.205291
v 0.969431 0.962405 0.205517
v 0.986129 0.968254 0.000000
v 0.969506 0.986716 0.000000
v 0.986085 0.943979 -0.205291
v 0.969431 0.962405 -0.205517
v 0.985974 0.874824 -0.379374
v 0.969247 0.893156 -0.379709
v 0.985852 0.771243 -0.495741
v 0.968010 0.776321 -0.500429
v 0.969096 0.798686 -0.485646
v 0.985811 0.665470 -0.531035
v 0.972940 0.656885 -0.529625
v 0.968023 0.680115 -0.532468
v 1.205330 0.207846 0.394821
v 1.211144 0.209342 0.389204
v 1.214039 0.229602 0.398958
v 1.210517 0.319497 0.362565
v 1.214008 0.333944 0.372781
v 1.209527 0.421634 0.279224
v 1.213862 0.438039 0.285375
v 1.209347 0.490318 0.151440
v 1.213713 0.507692 0.154477
v 1.209320 0.514471 0.000000
v 1.213651 0.532169 0.000000
v 1.209347 0.490318 -0.151440
v 1.213713 0.507692 -0.154477
v 1.209527 0.421634 -0.279224
v 1.213862 0.438039 -0.285375
v 1.210517 0.319497 -0.362565
v 1.214008 0.333944 -0.372781
v 1.211144 0.209342 -0.389204
v 1.205330 0.207846 -0.394821
v 1.214039 0.229602 -0.398958
v 0.483451 0.763265 0.262099
v 0.499870 0.764808 0.259005
v 0.493167 0.753745 0.271112
v 0.482920 0.865549 0.243160
v 0.499442 0.863184 0.240457
v 0.477928 0.955171 0.187039
v 0.493893 0.948718 0.185194
v 0.472330 1.016442 0.101836
v 0.487285 1.007270 0.100924
v 0.470058 1.038463 -0.000000
v 0.484476 1.028369 -0.000000
v 0.472330 1.016442 -0.101836
v 0.487285 1.007270 -0.100924
v 0.477928 0.955171 -0.187039
v 0.493893 0.948718 -0.185194
v 0.482920 0.865549 -0.243160
v 0.499442 0.863184 -0.240457
v 0.483451 0.763265 -0.262099
v 0.493167 0.753745 -0.271112
v 0.499870 0.764808 -0.259005
v 0.731740 0.806018 0.422300
v 0.744995 0.817946 0.413243
v 0.751607 0.800636 0.431001
v 0.749991 0.913944 0.376632
v 0.732646 0.902183 0.381296
v 0.719009 0.994710 0.291373
v 0.741335 0.989334 0.299775
v 0.711655 1.055667 0.159065
v 0.733995 1.051033 0.163721
v 0.708939 1.077926 -0.000000
v 0.731235 1.073559 -0.000000
v 0.711655 1.055667 -0.159065
v 0.733995 1.051033 -0.163721
v 0.719009 0.994710 -0.291373
v 0.741335 0.989334 -0.299775
v 0.749991 0.913944 -0.376632
v 0.732646 0.902183 -0.381296
v 0.731740 0.806018 -0.422300
v 0.751607 0.800636 -0.431001
v 0.744995 0.817946 -0.413243
v 0.933580 0.665249 0.479573
v 0.951125 0.649360 0.479022
v 0.951159 0.647276 0.497617
v 0.939120 0.750553 0.452600
v 0.939407 0.774913 0.437270
v 0.957224 0.744576 0.448886
v 0.931403 0.857138 0.352786
v 0.948312 0.837914 0.353478
v 0.928358 0.923796 0.193806
v 0.945285 0.904927 0.194150
v 0.927662 0.947624 0.000000
v 0.944584 0.928858 0.000000
v 0.928358 0.923796 -0.193806
v 0.945285 0.904927 -0.194150
v 0.931403 0.857138 -0.352786
v 0.948312 0.837914 -0.353478
v 0.939407 0.774913 -0.437270
v 0.939120 0.750553 -0.452600
v 0.957224 0.744576 -0.448886
v 0.951125 0.649360 -0.479023
v 0.933580 0.665249 -0.479573
v 0.951159 0.647276 -0.497617
v 1.183596 0.202271 0.375124
v 1.172981 0.220950 0.362808
v 1.188189 0.203507 0.369307
v 1.169944 0.320635 0.340146
v 1.185402 0.311653 0.344060
v 1.165580 0.416973 0.268619
v 1.182274 0.409561 0.269808
v 1.164749 0.483496 0.146956
v 1.181794 0.476550 0.147216
v 1.164607 0.507041 0.000000
v 1.181745 0.500197 0.000000
v 1.164749 0.483496 -0.146956
v 1.181794 0.476550 -0.147216
v 1.165580 0.416973 -0.268619
v 1.182274 0.409561 -0.269808
v 1.169944 0.320635 -0.340146
v 1.185402 0.311653 -0.344060
v 1.188189 0.203507 -0.369307
v 1.172981 0.220950 -0.362808
v 1.183596 0.202271 -0.375124
v -0.466190 0.769559 0.288403
v -0.476456 0.759866 0.296457
v -0.470142 0.775080 0.303994
v -0.470366 0.884762 0.283194
v -0.466082 0.877972 0.268141
v -0.470902 0.988697 0.216986
v -0.465005 0.977590 0.205126
v -0.471359 1.058166 0.117542
v -0.463626 1.044113 0.110991
v -0.471499 1.082555 0.000000
v -0.463023 1.067518 -0.000000
v -0.471359 1.058166 -0.117542
v -0.463626 1.044113 -0.110991
v -0.470902 0.988697 -0.216986
v -0.465005 0.977590 -0.205126
v -0.470366 0.884762 -0.283194
v -0.466082 0.877972 -0.268141
v -0.466190 0.769559 -0.288403
v -0.470142 0.775080 -0.303994
v -0.476456 0.759866 -0.296457
v -0.722987 0.814352 0.451756
v -0.743065 0.810648 0.462320
v -0.730000 0.832522 0.466342
v -0.740985 0.945492 0.427189
v -0.722100 0.933422 0.431181
v -0.740835 1.039340 0.334485
v -0.718891 1.043806 0.327394
v -0.740631 1.108838 0.181000
v -0.718580 1.113104 0.177109
v -0.740546 1.133251 0.000000
v -0.718488 1.137442 0.000000
v -0.740631 1.108838 -0.181000
v -0.718580 1.113104 -0.177109
v -0.740835 1.039340 -0.334485
v -0.718891 1.043806 -0.327394
v -0.740985 0.945492 -0.427189
v -0.722100 0.933422 -0.431181
v -0.722987 0.814352 -0.451756
v -0.730000 0.832522 -0.466342
v -0.743065 0.810648 -0.462320
v -0.972940 0.656885 0.529625
v -0.985811 0.665470 0.531035
v -0.968023 0.680115 0.532468
v -0.985852 0.771243 0.495741
v -0.969096 0.798686 0.485646
v -0.968010 0.776321 0.500429
v -0.985974 0.874824 0.379374
v -0.969247 0.893156 0.379709
v -0.986085 0.943979 0.205291
v -0.969431 0.962405 0.205517
v -0.986129 0.968254 0.000000
v -0.969506 0.986716 0.000000
v -0.986085 0.943979 -0.205291
v -0.969431 0.962405 -0.205517
v -0.985974 0.874824 -0.379374
v -0.969247 0.893156 -0.379709
v -0.985852 0.771243 -0.495741
v -0.968010 0.776321 -0.500429
v -0.969096 0.798686 -0.485646
v -0.985811 0.665470 -0.531035
v -0.972940 0.656885 -0.529625
v -0.968023 0.680115 -0.532468
v -1.205330 0.207846 0.394821
v -1.211144 0.209342 0.389204
v -1.214039 0.229602 0.398958
v -1.210517 0.319497 0.362565
v -1.214008 0.333944 0.372781
v -1.209527 0.421634 0.279224
v -1.213862 0.438039 0.285375
v -1.209347 0.490318 0.151440
v -1.213713 0.507692 0.154477
v -1.209320 0.514471 0.000000
v -1.213651 0.532169 0.000000
v -1.209347 0.490318 -0.151440
v -1.213713 0.507692 -0.154477
v -1.209527 0.421634 -0.279224
v -1.213862 0.438039 -0.285375
v -1.210517 0.319497 -0.362565
v -1.214008 0.333944 -0.372781
v -1.211144 0.209342 -0.389204
v -1.205330 0.207846 -0.394821
v -1.214039 0.229602 -0.398958
v -0.483451 0.763265 0.262099
v -0.499870 0.764808 0.259005
v -0.493167 0.753745 0.271112
v -0.482920 0.865549 0.243160
v -0.499442 0.863184 0.240457
v -0.477928 0.955171 0.187039
v -0.493893 0.948718 0.185194
v -0.472330 1.016442 0.101836
v -0.487285 1.007270 0.100924
v -0.470058 1.038463 -0.000000
v -0.484476 1.028369 -0.000000
v -0.472330 1.016442 -0.101836
v -0.487285 1.007270 -0.100924
v -0.477928 0.955171 -0.187039
v -0.493893 0.948718 -0.185194
v -0.482920 0.865549 -0.243160
v -0.499442 0.863184 -0.240457
v -0.483451 0.763265 -0.262099
v -0.493167 0.753745 -0.271112
v -0.499870 0.764808 -0.259005
v -0.731740 0.806018 0.422300
v -0.744995 0.817946 0.413243
v -0.751607 0.800636 0.431001
v -0.749991 0.913944 0.376632
v -0.732646 0.902183 0.381296
v -0.719009 0.994710 0.291373
v -0.741335 0.989334 0.299775
v -0.711655 1.055667 0.159065
v -0.733995 1.051033 0.163721
v -0.708939 1.077926 -0.000000
v -0.731235 1.073559 -0.000000
v -0.711655 1.055667 -0.159065
v -0.733995 1.051033 -0.163721
v -0.719009 0.994710 -0.291373
v -0.741335 0.989334 -0.299775
v -0.749991 0.913944 -0.376632
v -0.732646 0.902183 -0.381296
v -0.731740 0.806018 -0.422300
v -0.751607 0.800636 -0.431001
v -0.744995 0.817946 -0.413243
v -0.933580 0.665249 0.479573
v -0.951125 0.649360 0.479022
v -0.951159 0.647276 0.497617
v -0.939120 0.750553 0.452600
v -0.939407 0.774913 0.437270
v -0.957224 0.744576 0.448886
v -0.931403 0.857138 0.352786
v -0.948312 0.837914 0.353478
v -0.928358 0.923796 0.193806
v -0.945285 0.904927 0.194150
v -0.927662 0.947624 0.000000
v -0.944584 0.928858 0.000000
v -0.928358 0.923796 -0.193806
v -0.945285 0.904927 -0.194150
v -0.931403 0.857138 -0.352786
v -0.948312 0.837914 -0.353478
v -0.939407 0.774913 -0.437270
v -0.939120 0.750553 -0.452600
v -0.957224 0.744576 -0.448886
v -0.951125 0.649360 -0.479023
v -0.933580 0.665249 -0.479573
v -0.951159 0.647276 -0.497617
v -1.183596 0.202271 0.375124
v -1.172981 0.220950 0.362808
v -1.188189 0.203507 0.369307
v -1.169944 0.320635 0.340146
v -1.185402 0.311653 0.344060
v -1.165580 0.416973 0.268619
v -1.182274 0.409561 0.269808
v -1.164749 0.483496 0.146956
v -1.181794 0.476550 0.147216
v -1.164607 0.507041 0.000000
v -1.181745 0.500197 0.000000
v -1.164749 0.483496 -0.146956
v -1.181794 0.476550 -0.147216
v -1.165580 0.416973 -0.268619
v -1.182274 0.409561 -0.269808
v -1.169944 0.320635 -0.340146
v -1.185402 0.311653 -0.344060
v -1.188189 0.203507 -0.369307
v -1.172981 0.220950 -0.362808
v -1.183596 0.202271 -0.375124
vn -0.7748 -0.5080 0.3763
vn -0.7748 -0.5080 -0.3763
vn -0.4814 -0.4281 0.7648
vn -0.4814 -0.4281 -0.7648
vn -0.0243 -0.1265 0.9917
vn 0.3509 0.5045 0.7889
vn 0.3509 0.5045 -0.7889
vn -0.0243 -0.1265 -0.9917
vn 0.6894 -0.3918 0.6093
vn 0.6894 -0.3918 -0.6093
vn -0.0628 -0.7192 -0.6920
vn -0.0628 -0.7192 0.6920
vn 0.1278 -0.6860 -0.7163
vn 0.1278 -0.6860 0.7163
vn -0.6704 -0.7375 -0.0814
vn -0.3294 -0.5001 -0.8009
vn -0.3294 -0.5001 0.8009
vn -0.6704 -0.7375 0.0814
vn -0.5182 -0.6562 -0.5486
vn -0.5182 -0.6562 0.5486
vn -0.9719 0.0423 0.2314
vn -0.3648 -0.5305 0.7652
vn -0.9676 0.1274 0.2179
vn -0.2698 0.6554 0.7054
vn -0.9373 0.2876 0.1966
vn 0.0521 0.9098 0.4119
vn -0.8899 0.4469 0.0917
vn 0.1658 0.9773 0.1317
vn -0.8661 0.4882 -0.1077
vn 0.1850 0.9736 -0.1337
vn -0.8912 0.3643 -0.2705
vn 0.1013 0.9035 -0.4164
vn -0.9383 0.1892 -0.2894
vn -0.0866 0.7000 -0.7088
vn -0.9663 0.0499 -0.2525
vn -0.3648 -0.5305 -0.7652
vn -0.4868 -0.4305 0.7601
vn 0.3192 0.2998 0.8990
vn -0.0203 0.3425 0.9393
vn 0.6349 0.5768 0.5140
vn 0.7160 0.6486 0.2581
vn 0.7401 0.6679 0.0791
vn 0.7408 0.6670 -0.0792
vn 0.7184 0.6461 -0.2576
vn 0.6390 0.5737 -0.5125
vn -0.0203 0.3425 -0.9393
vn 0.3213 0.2992 -0.8985
vn -0.4868 -0.4305 -0.7601
vn 0.0661 -0.2575 0.9640
vn 0.9786 -0.0430 -0.2010
vn 0.9792 -0.1223 -0.1616
vn 0.9702 -0.2130 -0.1158
vn 0.9707 -0.2372 -0.0380
vn 0.9706 -0.2376 0.0380
vn 0.9677 -0.2223 0.1194
vn 0.9618 -0.1753 0.2104
vn 0.9678 -0.0610 0.2444
vn 0.0661 -0.2575 -0.9640
vn -0.1658 -0.1804 -0.9695
vn 0.4541 -0.7685 -0.4508
vn -0.2106 -0.5401 -0.8148
vn 0.2702 -0.6720 -0.6896
vn -0.3723 -0.7756 -0.5097
vn -0.0652 -0.9101 -0.4092
vn -0.5231 -0.8370 -0.1604
vn -0.1750 -0.9758 -0.1313
vn -0.5659 -0.8084 0.1622
vn -0.1905 -0.9727 0.1329
vn -0.4767 -0.7282 0.4924
vn -0.1021 -0.9056 0.4116
vn -0.3018 -0.5180 0.8004
vn 0.1063 -0.6849 0.7208
vn -0.1842 -0.1829 0.9657
vn 0.4541 -0.7685 0.4508
vn -0.3909 -0.7276 -0.5637
vn -0.2769 -0.2738 -0.9211
vn 0.0129 -0.3850 -0.9228
vn -0.6496 -0.5729 -0.4998
vn -0.7210 -0.6435 -0.2569
vn -0.7413 -0.6664 -0.0795
vn -0.7403 -0.6676 0.0794
vn -0.7169 -0.6478 0.2579
vn -0.6393 -0.5805 0.5044
vn 0.0129 -0.3850 0.9228
vn -0.2790 -0.2730 0.9207
vn -0.3909 -0.7276 0.5637
vn -0.8923 -0.4489 -0.0487
vn 0.1583 -0.2206 -0.9624
vn -0.1500 -0.6005 -0.7855
vn -0.3352 -0.8273 -0.4508
vn -0.3713 -0.9168 -0.1471
vn -0.3669 -0.9186 0.1468
vn -0.3309 -0.8289 0.4510
vn -0.2060 -0.5893 0.7812
vn 0.1195 -0.2166 0.9689
vn -0.8923 -0.4489 0.0487
vn -0.5868 -0.7854 -0.1972
vn -0.5868 -0.7854 0.1972
vn -0.2876 -0.9323 0.2196
vn -0.2876 -0.9323 -0.2196
vn 0.2477 -0.9688 -0.0017
vn 0.2477 -0.9688 0.0017
vn -0.8427 -0.1022 -0.5286
vn -0.5480 0.1569 0.8216
vn 0.0345 -0.9589 0.2816
vn -0.4435 0.4832 0.7549
vn -0.8526 -0.3106 -0.4202
vn -0.3048 0.7814 0.5445
vn -0.9101 -0.3625 -0.2009
vn -0.2126 0.9568 0.1983
vn -0.9569 -0.2875 -0.0408
vn -0.2126 0.9568 -0.1983
vn -0.9710 -0.2351 0.0443
vn -0.3048 0.7814 -0.5445
vn -0.9555 -0.2473 0.1608
vn -0.4435 0.4832 -0.7549
vn -0.9047 -0.2347 0.3555
vn -0.5480 0.1569 -0.8216
vn -0.8472 -0.0984 0.5221
vn 0.0449 -0.9639 -0.2624
vn -0.0586 0.3244 0.9441
vn -0.5665 -0.5994 0.5655
vn 0.2953 0.6716 0.6795
vn 0.4745 0.8021 0.3626
vn 0.5356 0.8369 0.1126
vn 0.5356 0.8369 -0.1126
vn 0.4745 0.8021 -0.3626
vn 0.2953 0.6716 -0.6795
vn -0.0586 0.3244 -0.9441
vn -0.6238 -0.7776 -0.0784
vn 0.7451 0.2108 0.6327
vn -0.5239 -0.4693 0.7109
vn 0.8625 0.3775 0.3369
vn 0.8811 0.4393 0.1751
vn 0.8853 0.4619 0.0548
vn 0.8853 0.4619 -0.0548
vn 0.8811 0.4393 -0.1751
vn 0.8625 0.3775 -0.3369
vn 0.7451 0.2108 -0.6327
vn -0.6359 -0.5044 -0.5841
vn 0.6194 -0.1812 -0.7639
vn 0.4758 -0.5218 -0.7081
vn 0.4562 -0.7836 -0.4218
vn 0.4552 -0.8793 -0.1403
vn 0.4597 -0.8768 0.1410
vn 0.4850 -0.7666 0.4208
vn 0.6099 -0.4975 0.6169
vn 0.6692 -0.1525 0.7273
vn 0.5533 -0.2232 -0.8025
vn 0.4930 -0.5679 -0.6591
vn 0.3630 -0.8385 -0.4065
vn 0.2430 -0.9601 -0.1385
vn 0.2110 -0.9556 0.2056
vn 0.3106 -0.7690 0.5587
vn 0.4538 -0.4626 0.7616
vn 0.5296 -0.1549 0.8340
vn 0.0862 -0.3054 -0.9483
vn -0.3036 -0.6970 -0.6496
vn -0.4742 -0.8152 -0.3327
vn -0.5339 -0.8395 -0.1013
vn -0.5367 -0.8371 0.1061
vn -0.4772 -0.8097 0.3415
vn -0.3037 -0.6971 0.6495
vn 0.0701 -0.3447 0.9361
vn -0.7037 -0.1778 -0.6879
vn -0.8585 -0.3302 -0.3923
vn -0.8843 -0.4122 -0.2193
vn -0.8879 -0.4543 -0.0719
vn -0.8854 -0.4618 0.0537
vn -0.8819 -0.4404 0.1685
vn -0.8711 -0.3893 0.2994
vn -0.7007 -0.1741 0.6919
vn 0.7748 -0.5080 0.3763
vn 0.7748 -0.5080 -0.3763
vn 0.4814 -0.4281 0.7648
vn 0.4814 -0.4281 -0.7648
vn 0.0243 -0.1265 0.9917
vn -0.3509 0.5045 0.7889
vn -0.3509 0.5045 -0.7889
vn 0.0243 -0.1265 -0.9917
vn -0.6894 -0.3918 0.6093
vn -0.6894 -0.3918 -0.6093
vn 0.0628 -0.7192 -0.6920
vn 0.0628 -0.7192 0.6920
vn -0.1278 -0.6860 -0.7163
vn -0.1278 -0.6860 0.7163
vn 0.6704 -0.7375 -0.0814
vn 0.3294 -0.5001 -0.8009
vn 0.3294 -0.5001 0.8009
vn 0.6704 -0.7375 0.0814
vn 0.5182 -0.6562 -0.5486
vn 0.5182 -0.6562 0.5486
vn 0.9663 0.0499 0.2525
vn 0.3648 -0.5305 0.7652
vn 0.9383 0.1892 0.2894
vn 0.0866 0.7000 0.7088
vn 0.9373 0.2876 0.1966
vn -0.0521 0.9098 0.4119
vn 0.8899 0.4469 0.0917
vn -0.1658 0.9773 0.1317
vn 0.8899 0.4469 -0.0917
vn -0.1658 0.9773 -0.1317
vn 0.9373 0.2876 -0.1966
vn -0.0521 0.9098 -0.4119
vn 0.9383 0.1892 -0.2894
vn 0.0866 0.7000 -0.7088
vn 0.9663 0.0499 -0.2525
vn 0.3847 -0.4830 -0.7866
vn 0.3925 -0.1931 0.8993
vn -0.3192 0.2998 0.8990
vn -0.1134 0.5440 0.8314
vn -0.6349 0.5768 0.5141
vn -0.7160 0.6486 0.2581
vn -0.7401 0.6679 0.0791
vn -0.7401 0.6679 -0.0791
vn -0.7160 0.6486 -0.2581
vn -0.6349 0.5768 -0.5141
vn 0.0203 0.3425 -0.9393
vn -0.3192 0.2998 -0.8990
vn 0.4868 -0.4305 -0.7601
vn -0.1159 -0.2301 0.9662
vn -0.9786 -0.0430 -0.2010
vn -0.9792 -0.1223 -0.1616
vn -0.9702 -0.2130 -0.1158
vn -0.9707 -0.2372 -0.0380
vn -0.9707 -0.2372 0.0380
vn -0.9702 -0.2130 0.1158
vn -0.9792 -0.1223 0.1616
vn -0.9786 -0.0430 0.2010
vn -0.0661 -0.2575 -0.9640
vn 0.1658 -0.1804 -0.9695
vn -0.4348 -0.7988 -0.4157
vn 0.3018 -0.5180 -0.8004
vn -0.1063 -0.6849 -0.7208
vn 0.4767 -0.7282 -0.4924
vn 0.1021 -0.9056 -0.4116
vn 0.5659 -0.8084 -0.1622
vn 0.1905 -0.9727 -0.1329
vn 0.5659 -0.8084 0.1622
vn 0.1905 -0.9727 0.1329
vn 0.4767 -0.7282 0.4924
vn 0.1021 -0.9056 0.4116
vn 0.3018 -0.5180 0.8004
vn -0.1063 -0.6849 0.7208
vn 0.1658 -0.1804 0.9695
vn -0.4541 -0.7685 0.4508
vn 0.3909 -0.7276 -0.5637
vn 0.2790 -0.2730 -0.9207
vn -0.0129 -0.3850 -0.9228
vn 0.6393 -0.5805 -0.5044
vn 0.7169 -0.6478 -0.2579
vn 0.7403 -0.6676 -0.0794
vn 0.7403 -0.6676 0.0794
vn 0.7169 -0.6478 0.2579
vn 0.6393 -0.5805 0.5044
vn 0.0976 -0.5292 0.8428
vn 0.2790 -0.2730 0.9207
vn 0.5187 -0.8027 0.2943
vn 0.8923 -0.4489 -0.0487
vn -0.1195 -0.2166 -0.9689
vn 0.2060 -0.5893 -0.7812
vn 0.3309 -0.8289 -0.4510
vn 0.3669 -0.9186 -0.1468
vn 0.3669 -0.9186 0.1468
vn 0.3309 -0.8289 0.4510
vn 0.2060 -0.5893 0.7812
vn -0.1195 -0.2166 0.9689
vn 0.8806 -0.4719 -0.0433
vn 0.5868 -0.7854 -0.1972
vn 0.5867 -0.7854 0.1972
vn 0.3252 -0.9308 0.1668
vn 0.2875 -0.9323 -0.2196
vn -0.2532 -0.9674 -0.0056
vn -0.2477 -0.9688 0.0017
vn 0.8472 -0.0984 -0.5221
vn 0.5480 0.1569 0.8216
vn -0.0345 -0.9589 0.2816
vn 0.4911 0.5891 0.6417
vn 0.9047 -0.2347 -0.3555
vn 0.3621 0.8462 0.3909
vn 0.9555 -0.2473 -0.1608
vn 0.2453 0.9604 0.1321
vn 0.9710 -0.2351 -0.0443
vn 0.2126 0.9568 -0.1983
vn 0.9710 -0.2351 0.0443
vn 0.3048 0.7814 -0.5445
vn 0.9555 -0.2473 0.1608
vn 0.4435 0.4832 -0.7549
vn 0.9047 -0.2347 0.3555
vn 0.5261 0.2428 -0.8150
vn 0.8472 -0.0984 0.5221
vn -0.0345 -0.9589 -0.2816
vn 0.0612 0.3154 0.9470
vn 0.5665 -0.5994 0.5655
vn -0.2957 0.7128 0.6360
vn -0.4623 0.8238 0.3280
vn -0.5287 0.8429 0.0999
vn -0.5356 0.8369 -0.1126
vn -0.4745 0.8021 -0.3626
vn -0.2953 0.6716 -0.6795
vn 0.0586 0.3244 -0.9441
vn 0.5665 -0.5994 -0.5655
vn -0.7163 0.1700 0.6768
vn 0.6359 -0.5044 0.5841
vn -0.8548 0.3344 0.3968
vn -0.8836 0.4138 0.2192
vn -0.8877 0.4548 0.0717
vn -0.8853 0.4619 -0.0548
vn -0.8811 0.4393 -0.1751
vn -0.8625 0.3775 -0.3369
vn -0.7451 0.2108 -0.6327
vn 0.6359 -0.5044 -0.5841
vn -0.6194 -0.1812 -0.7639
vn -0.6099 -0.4975 -0.6169
vn -0.4562 -0.7836 -0.4218
vn -0.4552 -0.8793 -0.1403
vn -0.4552 -0.8793 0.1403
vn -0.4562 -0.7836 0.4218
vn -0.6099 -0.4975 0.6169
vn -0.6194 -0.1812 0.7639
vn -0.5296 -0.1549 -0.8340
vn -0.4538 -0.4626 -0.7616
vn -0.3106 -0.7690 -0.5587
vn -0.2110 -0.9556 -0.2056
vn -0.2110 -0.9556 0.2056
vn -0.3106 -0.7690 0.5587
vn -0.4538 -0.4626 0.7616
vn -0.5296 -0.1549 0.8340
vn -0.0701 -0.3447 -0.9361
vn 0.3037 -0.6971 -0.6495
vn 0.4772 -0.8097 -0.3415
vn 0.5367 -0.8371 -0.1061
vn 0.5367 -0.8371 0.1061
vn 0.4772 -0.8097 0.3415
vn 0.3037 -0.6971 0.6495
vn -0.0701 -0.3447 0.9361
vn 0.7007 -0.1741 -0.6919
vn 0.8711 -0.3893 -0.2994
vn 0.8819 -0.4404 -0.1685
vn 0.8854 -0.4618 -0.0537
vn 0.8854 -0.4618 0.0537
vn 0.8819 -0.4404 0.1685
vn 0.8711 -0.3893 0.2994
vn 0.7007 -0.1741 0.6919
vn -0.9663 0.0499 0.2525
vn -0.3847 -0.4830 0.7866
vn -0.9383 0.1892 0.2894
vn -0.0866 0.7000 0.7088
vn -0.8912 0.3643 0.2705
vn 0.1013 0.9035 0.4164
vn -0.8661 0.4882 0.1077
vn 0.1850 0.9736 0.1337
vn -0.8899 0.4469 -0.0917
vn 0.1658 0.9773 -0.1317
vn -0.9373 0.2876 -0.1966
vn 0.0521 0.9098 -0.4119
vn -0.9676 0.1274 -0.2179
vn -0.2698 0.6554 -0.7054
vn -0.9719 0.0423 -0.2314
vn -0.3847 -0.4830 -0.7866
vn -0.3925 -0.1931 0.8993
vn 0.3213 0.2992 0.8985
vn 0.1134 0.5440 0.8314
vn 0.6390 0.5737 0.5125
vn 0.7184 0.6461 0.2576
vn 0.7408 0.6670 0.0792
vn 0.7401 0.6679 -0.0791
vn 0.7160 0.6486 -0.2581
vn 0.6349 0.5768 -0.5141
vn 0.1134 0.5440 -0.8314
vn 0.3192 0.2998 -0.8990
vn -0.3925 -0.1931 -0.8993
vn 0.1159 -0.2301 0.9662
vn 0.9678 -0.0610 -0.2444
vn 0.9618 -0.1753 -0.2104
vn 0.9677 -0.2223 -0.1194
vn 0.9706 -0.2376 -0.0380
vn 0.9707 -0.2372 0.0380
vn 0.9702 -0.2130 0.1158
vn 0.9792 -0.1223 0.1616
vn 0.9786 -0.0430 0.2010
vn 0.1159 -0.2301 -0.9662
vn -0.1842 -0.1829 -0.9657
vn 0.4348 -0.7988 -0.4157
vn -0.3018 -0.5180 -0.8004
vn 0.1063 -0.6849 -0.7208
vn -0.4767 -0.7282 -0.4924
vn -0.1021 -0.9056 -0.4116
vn -0.5659 -0.8084 -0.1622
vn -0.1905 -0.9727 -0.1329
vn -0.5231 -0.8370 0.1604
vn -0.1750 -0.9758 0.1313
vn -0.3723 -0.7756 0.5097
vn -0.0652 -0.9101 0.4092
vn -0.2106 -0.5401 0.8148
vn 0.2702 -0.6720 0.6895
vn -0.1658 -0.1804 0.9695
vn 0.4348 -0.7988 0.4157
vn -0.5187 -0.8027 -0.2943
vn -0.2790 -0.2730 -0.9207
vn -0.0976 -0.5292 -0.8428
vn -0.6393 -0.5805 -0.5044
vn -0.7169 -0.6478 -0.2579
vn -0.7403 -0.6676 -0.0794
vn -0.7413 -0.6664 0.0795
vn -0.7210 -0.6435 0.2569
vn -0.6496 -0.5729 0.4998
vn -0.0976 -0.5292 0.8428
vn -0.2769 -0.2738 0.9211
vn -0.5187 -0.8027 0.2943
vn -0.8806 -0.4719 0.0433
vn 0.1195 -0.2166 -0.9689
vn -0.2060 -0.5893 -0.7812
vn -0.3309 -0.8289 -0.4510
vn -0.3669 -0.9186 -0.1468
vn -0.3713 -0.9168 0.1471
vn -0.3352 -0.8273 0.4508
vn -0.1500 -0.6005 0.7855
vn 0.1583 -0.2206 0.9624
vn -0.8806 -0.4719 -0.0433
vn -0.5867 -0.7854 -0.1972
vn -0.5867 -0.7854 0.1972
vn -0.3252 -0.9308 0.1668
vn -0.3252 -0.9308 -0.1668
vn 0.2532 -0.9674 -0.0056
vn 0.2532 -0.9674 0.0056
vn -0.8472 -0.0984 -0.5221
vn -0.5261 0.2428 0.8150
vn 0.0449 -0.9639 0.2624
vn -0.4911 0.5891 0.6417
vn -0.9047 -0.2347 -0.3555
vn -0.3621 0.8462 0.3909
vn -0.9555 -0.2473 -0.1608
vn -0.2453 0.9604 0.1321
vn -0.9710 -0.2351 -0.0443
vn -0.2453 0.9604 -0.1321
vn -0.9569 -0.2875 0.0408
vn -0.3621 0.8462 -0.3909
vn -0.9101 -0.3625 0.2009
vn -0.4911 0.5891 -0.6417
vn -0.8526 -0.3106 0.4202
vn -0.5261 0.2428 -0.8150
vn -0.8427 -0.1022 0.5286
vn 0.0345 -0.9589 -0.2816
vn -0.0612 0.3154 0.9470
vn -0.6238 -0.7776 0.0784
vn 0.2957 0.7128 0.6360
vn 0.4623 0.8238 0.3280
vn 0.5287 0.8429 0.0999
vn 0.5287 0.8429 -0.0999
vn 0.4623 0.8238 -0.3280
vn 0.2957 0.7128 -0.6360
vn -0.0612 0.3154 -0.9470
vn -0.5665 -0.5994 -0.5655
vn 0.7163 0.1700 0.6768
vn -0.6359 -0.5044 0.5841
vn 0.8548 0.3344 0.3968
vn 0.8836 0.4138 0.2192
vn 0.8877 0.4548 0.0717
vn 0.8877 0.4548 -0.0717
vn 0.8836 0.4138 -0.2192
vn 0.8548 0.3344 -0.3968
vn 0.7163 0.1700 -0.6768
vn -0.5239 -0.4693 -0.7109
vn 0.6692 -0.1525 -0.7273
vn 0.6099 -0.4975 -0.6169
vn 0.4850 -0.7666 -0.4208
vn 0.4597 -0.8768 -0.1410
vn 0.4552 -0.8793 0.1403
vn 0.4562 -0.7836 0.4218
vn 0.4758 -0.5218 0.7081
vn 0.6194 -0.1812 0.7639
vn 0.5296 -0.1549 -0.8340
vn 0.4538 -0.4626 -0.7616
vn 0.3106 -0.7690 -0.5587
vn 0.2110 -0.9556 -0.2056
vn 0.2430 -0.9601 0.1385
vn 0.3630 -0.8385 0.4065
vn 0.4930 -0.5679 0.6591
vn 0.5533 -0.2232 0.8025
vn 0.0701 -0.3447 -0.9361
vn -0.3037 -0.6971 -0.6495
vn -0.4772 -0.8097 -0.3415
vn -0.5367 -0.8371 -0.1061
vn -0.5339 -0.8395 0.1013
vn -0.4742 -0.8152 0.3327
vn -0.3036 -0.6970 0.6496
vn 0.0862 -0.3054 0.9483
vn -0.7007 -0.1741 -0.6919
vn -0.8711 -0.3893 -0.2994
vn -0.8819 -0.4404 -0.1685
vn -0.8854 -0.4618 -0.0537
vn -0.8879 -0.4543 0.0719
vn -0.8843 -0.4122 0.2193
vn -0.8585 -0.3302 0.3923
vn -0.7037 -0.1778 0.6879
vn 0.9719 0.0423 0.2314
vn 0.3847 -0.4830 0.7866
vn 0.9676 0.1274 0.2179
vn 0.2698 0.6554 0.7054
vn 0.8912 0.3643 0.2705
vn -0.1013 0.9035 0.4164
vn 0.8661 0.4882 0.1077
vn -0.1850 0.9736 0.1337
vn 0.8661 0.4882 -0.1077
vn -0.1850 0.9736 -0.1337
vn 0.8912 0.3643 -0.2705
vn -0.1013 0.9035 -0.4164
vn 0.9676 0.1274 -0.2179
vn 0.2698 0.6554 -0.7054
vn 0.9719 0.0423 -0.2314
vn 0.3648 -0.5305 -0.7652
vn 0.4868 -0.4305 0.7601
vn -0.3213 0.2992 0.8985
vn 0.0203 0.3425 0.9393
vn -0.6390 0.5737 0.5125
vn -0.7184 0.6461 0.2576
vn -0.7408 0.6670 0.0792
vn -0.7408 0.6670 -0.0792
vn -0.7184 0.6461 -0.2576
vn -0.6390 0.5737 -0.5125
vn -0.1134 0.5440 -0.8314
vn -0.3213 0.2992 -0.8985
vn 0.3925 -0.1931 -0.8993
vn -0.0661 -0.2575 0.9640
vn -0.9678 -0.0610 -0.2444
vn -0.9618 -0.1753 -0.2104
vn -0.9677 -0.2223 -0.1194
vn -0.9706 -0.2376 -0.0380
vn -0.9706 -0.2376 0.0380
vn -0.9677 -0.2223 0.1194
vn -0.9618 -0.1753 0.2104
vn -0.9678 -0.0610 0.2444
vn -0.1159 -0.2301 -0.9662
vn 0.1842 -0.1829 -0.9657
vn -0.4541 -0.7685 -0.4508
vn 0.2106 -0.5401 -0.8148
vn -0.2702 -0.6720 -0.6896
vn 0.3723 -0.7756 -0.5097
vn 0.0652 -0.9101 -0.4092
vn 0.5231 -0.8370 -0.1604
vn 0.1750 -0.9758 -0.1313
vn 0.5231 -0.8370 0.1604
vn 0.1750 -0.9758 0.1313
vn 0.3724 -0.7756 0.5097
vn 0.0652 -0.9101 0.4092
vn 0.2106 -0.5401 0.8148
vn -0.2702 -0.6720 0.6895
vn 0.1842 -0.1829 0.9657
vn -0.4348 -0.7988 0.4157
vn 0.5187 -0.8027 -0.2943
vn 0.2769 -0.2738 -0.9211
vn 0.0976 -0.5292 -0.8428
vn 0.6496 -0.5729 -0.4998
vn 0.7210 -0.6435 -0.2569
vn 0.7413 -0.6664 -0.0795
vn 0.7413 -0.6664 0.0795
vn 0.7210 -0.6435 0.2569
vn 0.6496 -0.5729 0.4998
vn -0.0129 -0.3850 0.9228
vn 0.2769 -0.2738 0.9211
vn 0.3909 -0.7276 0.5637
vn 0.8806 -0.4719 0.0433
vn -0.1583 -0.2206 -0.9624
vn 0.1500 -0.6005 -0.7855
vn 0.3352 -0.8273 -0.4508
vn 0.3713 -0.9168 -0.1471
vn 0.3713 -0.9168 0.1471
vn 0.3352 -0.8273 0.4508
vn 0.1500 -0.6005 0.7855
vn -0.1583 -0.2206 0.9624
vn 0.8923 -0.4489 0.0487
vn 0.5867 -0.7854 -0.1972
vn 0.5868 -0.7854 0.1972
vn 0.2876 -0.9323 0.2196
vn 0.3252 -0.9308 -0.1668
vn -0.2477 -0.9688 -0.0017
vn -0.2532 -0.9674 0.0056
vn 0.8427 -0.1022 -0.5286
vn 0.5261 0.2428 0.8150
vn -0.0449 -0.9639 0.2624
vn 0.4435 0.4832 0.7549
vn 0.8526 -0.3106 -0.4202
vn 0.3048 0.7814 0.5445
vn 0.9101 -0.3625 -0.2009
vn 0.2126 0.9568 0.1983
vn 0.9569 -0.2875 -0.0408
vn 0.2453 0.9604 -0.1321
vn 0.9569 -0.2875 0.0408
vn 0.3621 0.8462 -0.3909
vn 0.9101 -0.3625 0.2009
vn 0.4911 0.5891 -0.6417
vn 0.8526 -0.3106 0.4202
vn 0.5480 0.1569 -0.8216
vn 0.8427 -0.1022 0.5286
vn -0.0449 -0.9639 -0.2624
vn 0.0586 0.3244 0.9441
vn 0.6238 -0.7776 0.0784
vn -0.2953 0.6716 0.6795
vn -0.4745 0.8021 0.3626
vn -0.5356 0.8369 0.1126
vn -0.5287 0.8429 -0.0999
vn -0.4623 0.8238 -0.3280
vn -0.2957 0.7128 -0.6360
vn 0.0612 0.3154 -0.9470
vn 0.6238 -0.7776 -0.0784
vn -0.7451 0.2108 0.6327
vn 0.5239 -0.4693 0.7109
vn -0.8625 0.3775 0.3369
vn -0.8811 0.4393 0.1751
vn -0.8853 0.4619 0.0548
vn -0.8877 0.4548 -0.0717
vn -0.8836 0.4138 -0.2192
vn -0.8548 0.3344 -0.3968
vn -0.7163 0.1700 -0.6768
vn 0.5239 -0.4693 -0.7109
vn -0.6692 -0.1525 -0.7273
vn -0.4758 -0.5218 -0.7081
vn -0.4850 -0.7666 -0.4208
vn -0.4597 -0.8768 -0.1410
vn -0.4597 -0.8768 0.1410
vn -0.4850 -0.7666 0.4208
vn -0.4758 -0.5218 0.7081
vn -0.6692 -0.1525 0.7273
vn -0.5533 -0.2232 -0.8025
vn -0.4930 -0.5679 -0.6591
vn -0.3630 -0.8385 -0.4065
vn -0.2430 -0.9601 -0.1385
vn -0.2430 -0.9601 0.1385
vn -0.3630 -0.8385 0.4065
vn -0.4930 -0.5679 0.6591
vn -0.5533 -0.2232 0.8025
vn -0.0862 -0.3054 -0.9483
vn 0.3036 -0.6970 -0.6496
vn 0.4742 -0.8152 -0.3327
vn 0.5339 -0.8395 -0.1013
vn 0.5339 -0.8395 0.1013
vn 0.4742 -0.8152 0.3327
vn 0.3036 -0.6970 0.6496
vn -0.0862 -0.3054 0.9483
vn 0.7037 -0.1778 -0.6879
vn 0.8585 -0.3302 -0.3923
vn 0.8843 -0.4122 -0.2193
vn 0.8879 -0.4543 -0.0719
vn 0.8879 -0.4543 0.0719
vn 0.8843 -0.4122 0.2193
vn 0.8585 -0.3302 0.3923
vn 0.7037 -0.1778 0.6879
vt 0.000000 0.012451
vt 0.012451 0.000000
vt 0.012695 0.012939
vt 0.000000 0.987549
vt 0.012695 0.987061
vt 0.012451 1.000000
vt 0.320312 0.000000
vt 0.347168 0.000000
vt 0.333252 0.012695
vt 0.320312 1.000000
vt 0.333252 0.987305
vt 0.347168 1.000000
vt 0.666748 0.000000
vt 0.674805 0.017090
vt 0.650635 0.012695
vt 0.674805 0.125000
vt 0.652100 0.136230
vt 0.650635 0.110840
vt 0.674805 0.875000
vt 0.650635 0.889160
vt 0.652100 0.863770
vt 0.674805 0.982910
vt 0.666748 1.000000
vt 0.650635 0.987305
vt 0.992432 0.000000
vt 1.000000 0.011963
vt 0.991699 0.018555
vt 1.000000 0.988037
vt 0.992432 1.000000
vt 0.991699 0.981445
vt 0.000000 0.012939
vt 0.013428 0.014893
vt 0.012695 0.000000
vt 0.000000 0.987061
vt 0.012695 1.000000
vt 0.013428 0.985107
vt 0.320068 0.000000
vt 0.333252 0.015137
vt 0.347900 0.000000
vt 0.320068 1.000000
vt 0.347900 1.000000
vt 0.333252 0.984863
vt 0.647705 0.013428
vt 0.675293 0.018799
vt 0.648193 0.108887
vt 0.649414 0.139404
vt 0.675293 0.125000
vt 0.649414 0.860596
vt 0.648193 0.891113
vt 0.675293 0.875000
vt 0.675293 0.981201
vt 0.647705 0.986572
vt 0.991211 0.020508
vt 1.000000 0.012207
vt 1.000000 0.987793
vt 0.991211 0.979492
vt 0.000000 0.125000
vt 0.012695 0.125000
vt 0.000000 0.250000
vt 0.347900 0.136963
vt 0.319580 0.250000
vt 0.322266 0.115723
vt 0.013916 0.375000
vt 0.013428 0.250000
vt 0.347412 0.375000
vt 0.347900 0.250000
vt 0.014160 0.500000
vt 0.000000 0.375000
vt 0.347412 0.500000
vt 0.319336 0.375000
vt 0.000000 0.625000
vt 0.000000 0.500000
vt 0.319336 0.625000
vt 0.319092 0.500000
vt 0.013916 0.625000
vt 0.000000 0.750000
vt 0.347412 0.625000
vt 0.319580 0.750000
vt 0.012695 0.875000
vt 0.013428 0.750000
vt 0.347900 0.863037
vt 0.347900 0.750000
vt 0.000000 0.875000
vt 0.675049 0.250000
vt 0.675049 0.375000
vt 0.652344 0.250000
vt 0.675293 0.500000
vt 0.652588 0.375000
vt 0.652588 0.625000
vt 0.652588 0.500000
vt 0.675049 0.625000
vt 0.652344 0.750000
vt 0.675049 0.750000
vt 0.322266 0.884277
vt 1.000000 0.125000
vt 1.000000 0.250000
vt 0.991699 0.125000
vt 1.000000 0.375000
vt 0.991455 0.250000
vt 1.000000 0.500000
vt 0.991211 0.375000
vt 0.991211 0.625000
vt 0.991211 0.500000
vt 1.000000 0.625000
vt 0.991455 0.750000
vt 1.000000 0.750000
vt 0.991699 0.875000
vt 1.000000 0.875000
vt 0.014648 0.250000
vt 0.013916 0.125000
vt 0.320557 0.113525
vt 0.350586 0.250000
vt 0.350830 0.140381
vt 0.015137 0.375000
vt 0.318115 0.250000
vt 0.350098 0.375000
vt 0.015381 0.500000
vt 0.317871 0.375000
vt 0.349854 0.500000
vt 0.317871 0.625000
vt 0.317871 0.500000
vt 0.015137 0.625000
vt 0.318115 0.750000
vt 0.350098 0.625000
vt 0.014648 0.750000
vt 0.320557 0.886475
vt 0.350586 0.750000
vt 0.013916 0.875000
vt 0.675293 0.250000
vt 0.649414 0.250000
vt 0.675537 0.375000
vt 0.650146 0.375000
vt 0.675537 0.500000
vt 0.650146 0.625000
vt 0.650391 0.500000
vt 0.649414 0.750000
vt 0.675537 0.625000
vt 0.675293 0.750000
vt 0.350830 0.859619
vt 0.991211 0.125000
vt 0.990967 0.250000
vt 0.990723 0.375000
vt 0.990723 0.625000
vt 0.990723 0.500000
vt 0.990967 0.750000
vt 0.991211 0.875000
s 0
g K_DrapedMailShoulder.001_ring_mail_body
usemtl ring_mail_body
f 893/409/1288 894/410/1288 895/411/1288
f 910/412/1289 911/413/1289 912/414/1289
f 913/415/1290 914/416/1290 915/417/1290
f 930/418/1291 931/419/1291 932/420/1291
f 933/421/1292 934/422/1292 935/423/1292
f 936/424/1293 937/425/1293 938/426/1293
f 949/427/1294 950/428/1294 951/429/1294
f 952/430/1295 953/431/1295 954/432/1295
f 955/433/1296 956/434/1296 957/435/1296
f 972/436/1297 973/437/1297 974/438/1297
f 975/439/1298 976/440/1298 977/441/1298
f 992/442/1299 993/443/1299 994/444/1299
f 995/445/1300 996/446/1300 997/447/1300
f 1012/448/1301 1013/449/1301 1014/450/1301
f 1015/451/1302 1016/452/1302 1017/421/1302
f 1018/453/1303 1019/454/1303 1020/455/1303
f 1031/456/1304 1032/457/1304 1033/458/1304
f 1034/459/1305 1035/460/1305 1036/431/1305
f 1037/433/1306 1038/461/1306 1039/462/1306
f 1054/463/1307 1055/464/1307 1056/437/1307
f 895/411/1308 897/465/1308 893/409/1308
f 913/415/1309 895/411/1309 894/410/1309
f 896/466/1310 899/467/1310 897/465/1310
f 916/468/1311 919/469/1311 917/470/1311
f 900/471/1312 899/467/1312 898/472/1312
f 920/473/1313 919/469/1313 918/474/1313
f 902/475/1314 901/476/1314 900/471/1314
f 922/477/1315 921/478/1315 920/473/1315
f 902/475/1316 905/479/1316 903/480/1316
f 922/477/1317 925/481/1317 923/482/1317
f 904/483/1318 907/484/1318 905/479/1318
f 924/485/1319 927/486/1319 925/481/1319
f 908/487/1320 907/484/1320 906/488/1320
f 928/489/1321 927/486/1321 926/490/1321
f 911/413/1322 909/491/1322 908/487/1322
f 911/413/1323 930/418/1323 912/414/1323
f 914/416/1324 935/423/1324 915/417/1324
f 936/424/1325 935/423/1325 934/422/1325
f 917/470/1326 937/425/1326 916/468/1326
f 939/492/1327 937/425/1327 936/424/1327
f 941/493/1328 940/494/1328 939/492/1328
f 943/495/1329 942/496/1329 941/493/1329
f 943/495/1330 946/497/1330 944/498/1330
f 945/499/1331 948/500/1331 946/497/1331
f 947/501/1332 951/429/1332 948/500/1332
f 951/429/1333 929/502/1333 928/489/1333
f 949/427/1334 954/432/1334 950/428/1334
f 954/432/1335 932/420/1335 931/419/1335
f 933/421/1336 957/435/1336 934/422/1336
f 958/503/1337 957/435/1337 956/434/1337
f 960/504/1338 959/505/1338 958/503/1338
f 962/506/1339 961/507/1339 960/504/1339
f 964/508/1340 963/509/1340 962/506/1340
f 964/508/1341 967/510/1341 965/511/1341
f 966/512/1342 969/513/1342 967/510/1342
f 968/514/1343 971/515/1343 969/513/1343
f 970/516/1344 974/438/1344 971/515/1344
f 974/438/1345 953/431/1345 952/430/1345
f 978/465/1346 976/440/1346 975/439/1346
f 976/440/1347 995/445/1347 977/441/1347
f 978/465/1348 981/517/1348 979/518/1348
f 999/519/1349 1001/520/1349 998/521/1349
f 980/467/1350 983/522/1350 981/517/1350
f 1000/523/1351 1003/524/1351 1001/520/1351
f 982/476/1352 985/525/1352 983/522/1352
f 1002/526/1353 1005/527/1353 1003/524/1353
f 986/479/1354 985/525/1354 984/480/1354
f 1006/528/1355 1005/527/1355 1004/529/1355
f 988/484/1356 987/530/1356 986/479/1356
f 1008/531/1357 1007/532/1357 1006/528/1357
f 990/491/1358 989/533/1358 988/484/1358
f 1011/534/1359 1009/535/1359 1008/531/1359
f 990/491/1360 994/444/1360 991/536/1360
f 1012/448/1361 994/444/1361 993/443/1361
f 1015/451/1362 997/447/1362 996/446/1362
f 1015/451/1363 1020/455/1363 1016/452/1363
f 1019/454/1364 999/519/1364 998/521/1364
f 1019/454/1365 1022/537/1365 1020/455/1365
f 1021/538/1366 1024/539/1366 1022/537/1366
f 1023/540/1367 1026/541/1367 1024/539/1367
f 1027/542/1368 1026/541/1368 1025/543/1368
f 1029/544/1369 1028/545/1369 1027/542/1369
f 1031/456/1370 1030/546/1370 1029/544/1370
f 1011/534/1371 1031/456/1371 1010/547/1371
f 1035/460/1372 1033/458/1372 1032/457/1372
f 1013/449/1373 1035/460/1373 1014/450/1373
f 1038/461/1374 1017/421/1374 1016/452/1374
f 1038/461/1375 1041/503/1375 1039/462/1375
f 1040/548/1376 1043/504/1376 1041/503/1376
f 1042/549/1377 1045/506/1377 1043/504/1377
f 1044/550/1378 1047/508/1378 1045/506/1378
f 1048/551/1379 1047/508/1379 1046/552/1379
f 1050/553/1380 1049/512/1380 1048/551/1380
f 1052/554/1381 1051/514/1381 1050/553/1381
f 1055/464/1382 1053/516/1382 1052/554/1382
f 1036/431/1383 1055/464/1383 1034/459/1383
f 975/439/1384 894/410/1384 893/409/1384
f 912/414/1385 992/442/1385 910/412/1385
f 913/415/1386 997/447/1386 914/416/1386
f 1013/449/1387 930/418/1387 932/420/1387
f 955/433/1388 1039/462/1388 956/434/1388
f 1054/463/1389 973/437/1389 972/436/1389
f 893/409/1390 978/465/1390 975/439/1390
f 915/417/1391 896/466/1391 895/411/1391
f 894/410/1392 995/445/1392 913/415/1392
f 896/466/1393 919/469/1393 898/472/1393
f 897/465/1394 980/467/1394 978/465/1394
f 898/472/1395 921/478/1395 900/471/1395
f 899/467/1396 982/476/1396 980/467/1396
f 900/471/1397 923/482/1397 902/475/1397
f 901/476/1398 984/480/1398 982/476/1398
f 923/482/1399 904/483/1399 902/475/1399
f 905/479/1400 984/480/1400 903/480/1400
f 925/481/1401 906/488/1401 904/483/1401
f 907/484/1402 986/479/1402 905/479/1402
f 927/486/1403 908/487/1403 906/488/1403
f 909/491/1404 988/484/1404 907/484/1404
f 908/487/1405 931/419/1405 911/413/1405
f 910/412/1406 990/491/1406 909/491/1406
f 912/414/1407 1012/448/1407 993/443/1407
f 915/417/1408 938/426/1408 917/470/1408
f 914/416/1409 1017/421/1409 933/421/1409
f 916/468/1410 940/494/1410 918/474/1410
f 918/474/1411 942/496/1411 920/473/1411
f 920/473/1412 944/498/1412 922/477/1412
f 944/498/1413 924/485/1413 922/477/1413
f 946/497/1414 926/490/1414 924/485/1414
f 948/500/1415 928/489/1415 926/490/1415
f 950/428/1416 931/419/1416 929/502/1416
f 932/420/1417 1036/431/1417 1013/449/1417
f 934/422/1418 959/505/1418 936/424/1418
f 955/433/1419 1017/421/1419 1037/433/1419
f 936/424/1420 961/507/1420 939/492/1420
f 939/492/1421 963/509/1421 941/493/1421
f 941/493/1422 965/511/1422 943/495/1422
f 965/511/1423 945/499/1423 943/495/1423
f 967/510/1424 947/501/1424 945/499/1424
f 969/513/1425 949/427/1425 947/501/1425
f 971/515/1426 952/430/1426 949/427/1426
f 973/437/1427 1036/431/1427 953/431/1427
f 956/434/1428 1041/503/1428 958/503/1428
f 960/504/1429 1041/503/1429 1043/504/1429
f 960/504/1430 1045/506/1430 962/506/1430
f 962/506/1431 1047/508/1431 964/508/1431
f 966/512/1432 1047/508/1432 1049/512/1432
f 968/514/1433 1049/512/1433 1051/514/1433
f 968/514/1434 1053/516/1434 970/516/1434
f 972/436/1435 1053/516/1435 1054/463/1435
f 976/440/1436 999/519/1436 996/446/1436
f 979/518/1437 1000/523/1437 999/519/1437
f 981/517/1438 1002/526/1438 1000/523/1438
f 983/522/1439 1004/529/1439 1002/526/1439
f 987/530/1440 1004/529/1440 985/525/1440
f 989/533/1441 1006/528/1441 987/530/1441
f 991/536/1442 1008/531/1442 989/533/1442
f 994/444/1443 1011/534/1443 991/536/1443
f 996/446/1444 1018/453/1444 1015/451/1444
f 998/521/1445 1021/538/1445 1019/454/1445
f 1001/520/1446 1023/540/1446 1021/538/1446
f 1003/524/1447 1025/543/1447 1023/540/1447
f 1007/532/1448 1025/543/1448 1005/527/1448
f 1009/535/1449 1027/542/1449 1007/532/1449
f 1010/547/1450 1029/544/1450 1009/535/1450
f 1014/450/1451 1032/457/1451 1011/534/1451
f 1016/452/1452 1040/548/1452 1038/461/1452
f 1020/455/1453 1042/549/1453 1040/548/1453
f 1022/537/1454 1044/550/1454 1042/549/1454
f 1024/539/1455 1046/552/1455 1044/550/1455
f 1028/545/1456 1046/552/1456 1026/541/1456
f 1030/546/1457 1048/551/1457 1028/545/1457
f 1033/458/1458 1050/553/1458 1030/546/1458
f 1034/459/1459 1052/554/1459 1033/458/1459
f 1057/409/1460 1059/411/1460 1058/410/1460
f 1074/412/1461 1076/414/1461 1075/413/1461
f 1077/415/1462 1079/417/1462 1078/416/1462
f 1094/418/1463 1096/420/1463 1095/419/1463
f 1097/421/1464 1099/423/1464 1098/422/1464
f 1100/424/1465 1102/426/1465 1101/425/1465
f 1113/427/1466 1115/429/1466 1114/428/1466
f 1116/430/1467 1118/432/1467 1117/431/1467
f 1119/433/1468 1121/435/1468 1120/434/1468
f 1136/436/1469 1138/438/1469 1137/437/1469
f 1139/439/1470 1141/441/1470 1140/440/1470
f 1156/442/1471 1158/444/1471 1157/443/1471
f 1159/445/1472 1161/447/1472 1160/446/1472
f 1176/448/1473 1178/450/1473 1177/449/1473
f 1179/451/1474 1181/421/1474 1180/452/1474
f 1182/453/1475 1184/455/1475 1183/454/1475
f 1195/456/1476 1197/458/1476 1196/457/1476
f 1198/459/1477 1200/431/1477 1199/460/1477
f 1201/433/1478 1203/462/1478 1202/461/1478
f 1218/463/1479 1220/437/1479 1219/464/1479
f 1059/411/1480 1061/465/1480 1060/466/1480
f 1059/411/1481 1077/415/1481 1058/410/1481
f 1060/466/1482 1063/467/1482 1062/472/1482
f 1080/468/1483 1083/469/1483 1082/474/1483
f 1063/467/1484 1064/471/1484 1062/472/1484
f 1083/469/1485 1084/473/1485 1082/474/1485
f 1065/476/1486 1066/475/1486 1064/471/1486
f 1085/478/1487 1086/477/1487 1084/473/1487
f 1066/475/1488 1069/479/1488 1068/483/1488
f 1086/477/1489 1089/481/1489 1088/485/1489
f 1068/483/1490 1071/484/1490 1070/488/1490
f 1088/485/1491 1091/486/1491 1090/490/1491
f 1071/484/1492 1072/487/1492 1070/488/1492
f 1091/486/1493 1092/489/1493 1090/490/1493
f 1073/491/1494 1075/413/1494 1072/487/1494
f 1075/413/1495 1094/418/1495 1095/419/1495
f 1078/416/1496 1099/423/1496 1097/421/1496
f 1099/423/1497 1100/424/1497 1098/422/1497
f 1081/470/1498 1101/425/1498 1102/426/1498
f 1101/425/1499 1103/492/1499 1100/424/1499
f 1104/494/1500 1105/493/1500 1103/492/1500
f 1106/496/1501 1107/495/1501 1105/493/1501
f 1107/495/1502 1110/497/1502 1109/499/1502
f 1109/499/1503 1112/500/1503 1111/501/1503
f 1111/501/1504 1115/429/1504 1113/427/1504
f 1093/502/1505 1115/429/1505 1092/489/1505
f 1113/427/1506 1118/432/1506 1116/430/1506
f 1096/420/1507 1118/432/1507 1095/419/1507
f 1097/421/1508 1121/435/1508 1119/433/1508
f 1121/435/1509 1122/503/1509 1120/434/1509
f 1123/505/1510 1124/504/1510 1122/503/1510
f 1125/507/1511 1126/506/1511 1124/504/1511
f 1127/509/1512 1128/508/1512 1126/506/1512
f 1128/508/1513 1131/510/1513 1130/512/1513
f 1130/512/1514 1133/513/1514 1132/514/1514
f 1132/514/1515 1135/515/1515 1134/516/1515
f 1134/516/1516 1138/438/1516 1136/436/1516
f 1117/431/1517 1138/438/1517 1116/430/1517
f 1140/440/1518 1142/465/1518 1139/439/1518
f 1140/440/1519 1159/445/1519 1160/446/1519
f 1142/465/1520 1145/517/1520 1144/467/1520
f 1163/519/1521 1165/520/1521 1164/523/1521
f 1144/467/1522 1147/522/1522 1146/476/1522
f 1164/523/1523 1167/524/1523 1166/526/1523
f 1146/476/1524 1149/525/1524 1148/480/1524
f 1166/526/1525 1169/527/1525 1168/529/1525
f 1149/525/1526 1150/479/1526 1148/480/1526
f 1169/527/1527 1170/528/1527 1168/529/1527
f 1151/530/1528 1152/484/1528 1150/479/1528
f 1171/532/1529 1172/531/1529 1170/528/1529
f 1153/533/1530 1154/491/1530 1152/484/1530
f 1173/535/1531 1175/534/1531 1172/531/1531
f 1154/491/1532 1158/444/1532 1156/442/1532
f 1158/444/1533 1176/448/1533 1157/443/1533
f 1161/447/1534 1179/451/1534 1160/446/1534
f 1179/451/1535 1184/455/1535 1182/453/1535
f 1163/519/1536 1183/454/1536 1162/521/1536
f 1183/454/1537 1186/537/1537 1185/538/1537
f 1185/538/1538 1188/539/1538 1187/540/1538
f 1187/540/1539 1190/541/1539 1189/543/1539
f 1190/541/1540 1191/542/1540 1189/543/1540
f 1192/545/1541 1193/544/1541 1191/542/1541
f 1194/546/1542 1195/456/1542 1193/544/1542
f 1175/534/1543 1195/456/1543 1196/457/1543
f 1197/458/1544 1199/460/1544 1196/457/1544
f 1177/449/1545 1199/460/1545 1200/431/1545
f 1181/421/1546 1202/461/1546 1180/452/1546
f 1202/461/1547 1205/503/1547 1204/548/1547
f 1204/548/1548 1207/504/1548 1206/549/1548
f 1206/549/1549 1209/506/1549 1208/550/1549
f 1208/550/1550 1211/508/1550 1210/552/1550
f 1211/508/1551 1212/551/1551 1210/552/1551
f 1213/512/1552 1214/553/1552 1212/551/1552
f 1215/514/1553 1216/554/1553 1214/553/1553
f 1217/516/1554 1219/464/1554 1216/554/1554
f 1200/431/1555 1219/464/1555 1220/437/1555
f 1058/410/1556 1139/439/1556 1057/409/1556
f 1076/414/1557 1156/442/1557 1157/443/1557
f 1077/415/1558 1161/447/1558 1159/445/1558
f 1094/418/1559 1177/449/1559 1096/420/1559
f 1119/433/1560 1203/462/1560 1201/433/1560
f 1137/437/1561 1218/463/1561 1136/436/1561
f 1057/409/1562 1142/465/1562 1061/465/1562
f 1060/466/1563 1079/417/1563 1059/411/1563
f 1159/445/1564 1058/410/1564 1077/415/1564
f 1060/466/1565 1083/469/1565 1081/470/1565
f 1061/465/1566 1144/467/1566 1063/467/1566
f 1062/472/1567 1085/478/1567 1083/469/1567
f 1063/467/1568 1146/476/1568 1065/476/1568
f 1064/471/1569 1087/482/1569 1085/478/1569
f 1065/476/1570 1148/480/1570 1067/480/1570
f 1068/483/1571 1087/482/1571 1066/475/1571
f 1148/480/1572 1069/479/1572 1067/480/1572
f 1070/488/1573 1089/481/1573 1068/483/1573
f 1150/479/1574 1071/484/1574 1069/479/1574
f 1072/487/1575 1091/486/1575 1070/488/1575
f 1152/484/1576 1073/491/1576 1071/484/1576
f 1072/487/1577 1095/419/1577 1093/502/1577
f 1154/491/1578 1074/412/1578 1073/491/1578
f 1076/414/1579 1176/448/1579 1094/418/1579
f 1079/417/1580 1102/426/1580 1099/423/1580
f 1181/421/1581 1078/416/1581 1097/421/1581
f 1080/468/1582 1104/494/1582 1101/425/1582
f 1082/474/1583 1106/496/1583 1104/494/1583
f 1084/473/1584 1108/498/1584 1106/496/1584
f 1088/485/1585 1108/498/1585 1086/477/1585
f 1090/490/1586 1110/497/1586 1088/485/1586
f 1092/489/1587 1112/500/1587 1090/490/1587
f 1095/419/1588 1114/428/1588 1093/502/1588
f 1096/420/1589 1200/431/1589 1117/431/1589
f 1098/422/1590 1123/505/1590 1121/435/1590
f 1119/433/1591 1181/421/1591 1097/421/1591
f 1100/424/1592 1125/507/1592 1123/505/1592
f 1103/492/1593 1127/509/1593 1125/507/1593
f 1105/493/1594 1129/511/1594 1127/509/1594
f 1109/499/1595 1129/511/1595 1107/495/1595
f 1111/501/1596 1131/510/1596 1109/499/1596
f 1113/427/1597 1133/513/1597 1111/501/1597
f 1116/430/1598 1135/515/1598 1113/427/1598
f 1200/431/1599 1137/437/1599 1117/431/1599
f 1205/503/1600 1120/434/1600 1122/503/1600
f 1124/504/1601 1205/503/1601 1122/503/1601
f 1209/506/1602 1124/504/1602 1126/506/1602
f 1211/508/1603 1126/506/1603 1128/508/1603
f 1130/512/1604 1211/508/1604 1128/508/1604
f 1132/514/1605 1213/512/1605 1130/512/1605
f 1217/516/1606 1132/514/1606 1134/516/1606
f 1136/436/1607 1217/516/1607 1134/516/1607
f 1140/440/1608 1163/519/1608 1143/518/1608
f 1143/518/1609 1164/523/1609 1145/517/1609
f 1145/517/1610 1166/526/1610 1147/522/1610
f 1147/522/1611 1168/529/1611 1149/525/1611
f 1168/529/1612 1151/530/1612 1149/525/1612
f 1170/528/1613 1153/533/1613 1151/530/1613
f 1172/531/1614 1155/536/1614 1153/533/1614
f 1175/534/1615 1158/444/1615 1155/536/1615
f 1160/446/1616 1182/453/1616 1163/519/1616
f 1162/521/1617 1185/538/1617 1165/520/1617
f 1165/520/1618 1187/540/1618 1167/524/1618
f 1167/524/1619 1189/543/1619 1169/527/1619
f 1189/543/1620 1171/532/1620 1169/527/1620
f 1191/542/1621 1173/535/1621 1171/532/1621
f 1193/544/1622 1174/547/1622 1173/535/1622
f 1196/457/1623 1178/450/1623 1175/534/1623
f 1180/452/1624 1204/548/1624 1184/455/1624
f 1184/455/1625 1206/549/1625 1186/537/1625
f 1186/537/1626 1208/550/1626 1188/539/1626
f 1188/539/1627 1210/552/1627 1190/541/1627
f 1210/552/1628 1192/545/1628 1190/541/1628
f 1212/551/1629 1194/546/1629 1192/545/1629
f 1214/553/1630 1197/458/1630 1194/546/1630
f 1216/554/1631 1198/459/1631 1197/458/1631
f 895/411/1632 896/466/1632 897/465/1632
f 913/415/1633 915/417/1633 895/411/1633
f 896/466/1634 898/472/1634 899/467/1634
f 916/468/1635 918/474/1635 919/469/1635
f 900/471/1636 901/476/1636 899/467/1636
f 920/473/1637 921/478/1637 919/469/1637
f 902/475/1638 903/480/1638 901/476/1638
f 922/477/1639 923/482/1639 921/478/1639
f 902/475/1640 904/483/1640 905/479/1640
f 922/477/1641 924/485/1641 925/481/1641
f 904/483/1642 906/488/1642 907/484/1642
f 924/485/1643 926/490/1643 927/486/1643
f 908/487/1644 909/491/1644 907/484/1644
f 928/489/1645 929/502/1645 927/486/1645
f 911/413/1646 910/412/1646 909/491/1646
f 911/413/1647 931/419/1647 930/418/1647
f 914/416/1648 933/421/1648 935/423/1648
f 936/424/1649 938/426/1649 935/423/1649
f 917/470/1650 938/426/1650 937/425/1650
f 939/492/1651 940/494/1651 937/425/1651
f 941/493/1652 942/496/1652 940/494/1652
f 943/495/1653 944/498/1653 942/496/1653
f 943/495/1654 945/499/1654 946/497/1654
f 945/499/1655 947/501/1655 948/500/1655
f 947/501/1656 949/427/1656 951/429/1656
f 951/429/1657 950/428/1657 929/502/1657
f 949/427/1658 952/430/1658 954/432/1658
f 954/432/1659 953/431/1659 932/420/1659
f 933/421/1660 955/433/1660 957/435/1660
f 958/503/1661 959/505/1661 957/435/1661
f 960/504/1662 961/507/1662 959/505/1662
f 962/506/1663 963/509/1663 961/507/1663
f 964/508/1664 965/511/1664 963/509/1664
f 964/508/1665 966/512/1665 967/510/1665
f 966/512/1666 968/514/1666 969/513/1666
f 968/514/1667 970/516/1667 971/515/1667
f 970/516/1668 972/436/1668 974/438/1668
f 974/438/1669 973/437/1669 953/431/1669
f 978/465/1670 979/518/1670 976/440/1670
f 976/440/1671 996/446/1671 995/445/1671
f 978/465/1672 980/467/1672 981/517/1672
f 999/519/1673 1000/523/1673 1001/520/1673
f 980/467/1674 982/476/1674 983/522/1674
f 1000/523/1675 1002/526/1675 1003/524/1675
f 982/476/1676 984/480/1676 985/525/1676
f 1002/526/1677 1004/529/1677 1005/527/1677
f 986/479/1678 987/530/1678 985/525/1678
f 1006/528/1679 1007/532/1679 1005/527/1679
f 988/484/1680 989/533/1680 987/530/1680
f 1008/531/1681 1009/535/1681 1007/532/1681
f 990/491/1682 991/536/1682 989/533/1682
f 1011/534/1683 1010/547/1683 1009/535/1683
f 990/491/1684 992/442/1684 994/444/1684
f 1012/448/1685 1014/450/1685 994/444/1685
f 1015/451/1686 1017/421/1686 997/447/1686
f 1015/451/1687 1018/453/1687 1020/455/1687
f 1019/454/1688 1018/453/1688 999/519/1688
f 1019/454/1689 1021/538/1689 1022/537/1689
f 1021/538/1690 1023/540/1690 1024/539/1690
f 1023/540/1691 1025/543/1691 1026/541/1691
f 1027/542/1692 1028/545/1692 1026/541/1692
f 1029/544/1693 1030/546/1693 1028/545/1693
f 1031/456/1694 1033/458/1694 1030/546/1694
f 1011/534/1695 1032/457/1695 1031/456/1695
f 1035/460/1696 1034/459/1696 1033/458/1696
f 1013/449/1697 1036/431/1697 1035/460/1697
f 1038/461/1698 1037/433/1698 1017/421/1698
f 1038/461/1699 1040/548/1699 1041/503/1699
f 1040/548/1700 1042/549/1700 1043/504/1700
f 1042/549/1701 1044/550/1701 1045/506/1701
f 1044/550/1702 1046/552/1702 1047/508/1702
f 1048/551/1703 1049/512/1703 1047/508/1703
f 1050/553/1704 1051/514/1704 1049/512/1704
f 1052/554/1705 1053/516/1705 1051/514/1705
f 1055/464/1706 1054/463/1706 1053/516/1706
f 1036/431/1707 1056/437/1707 1055/464/1707
f 975/439/1708 977/441/1708 894/410/1708
f 912/414/1709 993/443/1709 992/442/1709
f 913/415/1710 995/445/1710 997/447/1710
f 1013/449/1711 1012/448/1711 930/418/1711
f 955/433/1712 1037/433/1712 1039/462/1712
f 1054/463/1713 1056/437/1713 973/437/1713
f 893/409/1714 897/465/1714 978/465/1714
f 915/417/1715 917/470/1715 896/466/1715
f 894/410/1716 977/441/1716 995/445/1716
f 896/466/1717 917/470/1717 919/469/1717
f 897/465/1718 899/467/1718 980/467/1718
f 898/472/1719 919/469/1719 921/478/1719
f 899/467/1720 901/476/1720 982/476/1720
f 900/471/1721 921/478/1721 923/482/1721
f 901/476/1722 903/480/1722 984/480/1722
f 923/482/1723 925/481/1723 904/483/1723
f 905/479/1724 986/479/1724 984/480/1724
f 925/481/1725 927/486/1725 906/488/1725
f 907/484/1726 988/484/1726 986/479/1726
f 927/486/1727 929/502/1727 908/487/1727
f 909/491/1728 990/491/1728 988/484/1728
f 908/487/1729 929/502/1729 931/419/1729
f 910/412/1730 992/442/1730 990/491/1730
f 912/414/1731 930/418/1731 1012/448/1731
f 915/417/1732 935/423/1732 938/426/1732
f 914/416/1733 997/447/1733 1017/421/1733
f 916/468/1734 937/425/1734 940/494/1734
f 918/474/1735 940/494/1735 942/496/1735
f 920/473/1736 942/496/1736 944/498/1736
f 944/498/1737 946/497/1737 924/485/1737
f 946/497/1738 948/500/1738 926/490/1738
f 948/500/1739 951/429/1739 928/489/1739
f 950/428/1740 954/432/1740 931/419/1740
f 932/420/1741 953/431/1741 1036/431/1741
f 934/422/1742 957/435/1742 959/505/1742
f 955/433/1743 933/421/1743 1017/421/1743
f 936/424/1744 959/505/1744 961/507/1744
f 939/492/1745 961/507/1745 963/509/1745
f 941/493/1746 963/509/1746 965/511/1746
f 965/511/1747 967/510/1747 945/499/1747
f 967/510/1748 969/513/1748 947/501/1748
f 969/513/1749 971/515/1749 949/427/1749
f 971/515/1750 974/438/1750 952/430/1750
f 973/437/1751 1056/437/1751 1036/431/1751
f 956/434/1752 1039/462/1752 1041/503/1752
f 960/504/1753 958/503/1753 1041/503/1753
f 960/504/1754 1043/504/1754 1045/506/1754
f 962/506/1755 1045/506/1755 1047/508/1755
f 966/512/1756 964/508/1756 1047/508/1756
f 968/514/1757 966/512/1757 1049/512/1757
f 968/514/1758 1051/514/1758 1053/516/1758
f 972/436/1759 970/516/1759 1053/516/1759
f 976/440/1760 979/518/1760 999/519/1760
f 979/518/1761 981/517/1761 1000/523/1761
f 981/517/1762 983/522/1762 1002/526/1762
f 983/522/1763 985/525/1763 1004/529/1763
f 987/530/1764 1006/528/1764 1004/529/1764
f 989/533/1765 1008/531/1765 1006/528/1765
f 991/536/1766 1011/534/1766 1008/531/1766
f 994/444/1767 1014/450/1767 1011/534/1767
f 996/446/1768 999/519/1768 1018/453/1768
f 998/521/1769 1001/520/1769 1021/538/1769
f 1001/520/1770 1003/524/1770 1023/540/1770
f 1003/524/1771 1005/527/1771 1025/543/1771
f 1007/532/1772 1027/542/1772 1025/543/1772
f 1009/535/1773 1029/544/1773 1027/542/1773
f 1010/547/1774 1031/456/1774 1029/544/1774
f 1014/450/1775 1035/460/1775 1032/457/1775
f 1016/452/1776 1020/455/1776 1040/548/1776
f 1020/455/1777 1022/537/1777 1042/549/1777
f 1022/537/1778 1024/539/1778 1044/550/1778
f 1024/539/1779 1026/541/1779 1046/552/1779
f 1028/545/1780 1048/551/1780 1046/552/1780
f 1030/546/1781 1050/553/1781 1048/551/1781
f 1033/458/1782 1052/554/1782 1050/553/1782
f 1034/459/1783 1055/464/1783 1052/554/1783
f 1059/411/1784 1057/409/1784 1061/465/1784
f 1059/411/1785 1079/417/1785 1077/415/1785
f 1060/466/1786 1061/465/1786 1063/467/1786
f 1080/468/1787 1081/470/1787 1083/469/1787
f 1063/467/1788 1065/476/1788 1064/471/1788
f 1083/469/1789 1085/478/1789 1084/473/1789
f 1065/476/1790 1067/480/1790 1066/475/1790
f 1085/478/1791 1087/482/1791 1086/477/1791
f 1066/475/1792 1067/480/1792 1069/479/1792
f 1086/477/1793 1087/482/1793 1089/481/1793
f 1068/483/1794 1069/479/1794 1071/484/1794
f 1088/485/1795 1089/481/1795 1091/486/1795
f 1071/484/1796 1073/491/1796 1072/487/1796
f 1091/486/1797 1093/502/1797 1092/489/1797
f 1073/491/1798 1074/412/1798 1075/413/1798
f 1075/413/1799 1076/414/1799 1094/418/1799
f 1078/416/1800 1079/417/1800 1099/423/1800
f 1099/423/1801 1102/426/1801 1100/424/1801
f 1081/470/1802 1080/468/1802 1101/425/1802
f 1101/425/1803 1104/494/1803 1103/492/1803
f 1104/494/1804 1106/496/1804 1105/493/1804
f 1106/496/1805 1108/498/1805 1107/495/1805
f 1107/495/1806 1108/498/1806 1110/497/1806
f 1109/499/1807 1110/497/1807 1112/500/1807
f 1111/501/1808 1112/500/1808 1115/429/1808
f 1093/502/1809 1114/428/1809 1115/429/1809
f 1113/427/1810 1114/428/1810 1118/432/1810
f 1096/420/1811 1117/431/1811 1118/432/1811
f 1097/421/1812 1098/422/1812 1121/435/1812
f 1121/435/1813 1123/505/1813 1122/503/1813
f 1123/505/1814 1125/507/1814 1124/504/1814
f 1125/507/1815 1127/509/1815 1126/506/1815
f 1127/509/1816 1129/511/1816 1128/508/1816
f 1128/508/1817 1129/511/1817 1131/510/1817
f 1130/512/1818 1131/510/1818 1133/513/1818
f 1132/514/1819 1133/513/1819 1135/515/1819
f 1134/516/1820 1135/515/1820 1138/438/1820
f 1117/431/1821 1137/437/1821 1138/438/1821
f 1140/440/1822 1143/518/1822 1142/465/1822
f 1140/440/1823 1141/441/1823 1159/445/1823
f 1142/465/1824 1143/518/1824 1145/517/1824
f 1163/519/1825 1162/521/1825 1165/520/1825
f 1144/467/1826 1145/517/1826 1147/522/1826
f 1164/523/1827 1165/520/1827 1167/524/1827
f 1146/476/1828 1147/522/1828 1149/525/1828
f 1166/526/1829 1167/524/1829 1169/527/1829
f 1149/525/1830 1151/530/1830 1150/479/1830
f 1169/527/1831 1171/532/1831 1170/528/1831
f 1151/530/1832 1153/533/1832 1152/484/1832
f 1171/532/1833 1173/535/1833 1172/531/1833
f 1153/533/1834 1155/536/1834 1154/491/1834
f 1173/535/1835 1174/547/1835 1175/534/1835
f 1154/491/1836 1155/536/1836 1158/444/1836
f 1158/444/1837 1178/450/1837 1176/448/1837
f 1161/447/1838 1181/421/1838 1179/451/1838
f 1179/451/1839 1180/452/1839 1184/455/1839
f 1163/519/1840 1182/453/1840 1183/454/1840
f 1183/454/1841 1184/455/1841 1186/537/1841
f 1185/538/1842 1186/537/1842 1188/539/1842
f 1187/540/1843 1188/539/1843 1190/541/1843
f 1190/541/1844 1192/545/1844 1191/542/1844
f 1192/545/1845 1194/546/1845 1193/544/1845
f 1194/546/1846 1197/458/1846 1195/456/1846
f 1175/534/1847 1174/547/1847 1195/456/1847
f 1197/458/1848 1198/459/1848 1199/460/1848
f 1177/449/1849 1178/450/1849 1199/460/1849
f 1181/421/1850 1201/433/1850 1202/461/1850
f 1202/461/1851 1203/462/1851 1205/503/1851
f 1204/548/1852 1205/503/1852 1207/504/1852
f 1206/549/1853 1207/504/1853 1209/506/1853
f 1208/550/1854 1209/506/1854 1211/508/1854
f 1211/508/1855 1213/512/1855 1212/551/1855
f 1213/512/1856 1215/514/1856 1214/553/1856
f 1215/514/1857 1217/516/1857 1216/554/1857
f 1217/516/1858 1218/463/1858 1219/464/1858
f 1200/431/1859 1198/459/1859 1219/464/1859
f 1058/410/1860 1141/441/1860 1139/439/1860
f 1076/414/1861 1074/412/1861 1156/442/1861
f 1077/415/1862 1078/416/1862 1161/447/1862
f 1094/418/1863 1176/448/1863 1177/449/1863
f 1119/433/1864 1120/434/1864 1203/462/1864
f 1137/437/1865 1220/437/1865 1218/463/1865
f 1057/409/1866 1139/439/1866 1142/465/1866
f 1060/466/1867 1081/470/1867 1079/417/1867
f 1159/445/1868 1141/441/1868 1058/410/1868
f 1060/466/1869 1062/472/1869 1083/469/1869
f 1061/465/1870 1142/465/1870 1144/467/1870
f 1062/472/1871 1064/471/1871 1085/478/1871
f 1063/467/1872 1144/467/1872 1146/476/1872
f 1064/471/1873 1066/475/1873 1087/482/1873
f 1065/476/1874 1146/476/1874 1148/480/1874
f 1068/483/1875 1089/481/1875 1087/482/1875
f 1148/480/1876 1150/479/1876 1069/479/1876
f 1070/488/1877 1091/486/1877 1089/481/1877
f 1150/479/1878 1152/484/1878 1071/484/1878
f 1072/487/1879 1093/502/1879 1091/486/1879
f 1152/484/1880 1154/491/1880 1073/491/1880
f 1072/487/1881 1075/413/1881 1095/419/1881
f 1154/491/1882 1156/442/1882 1074/412/1882
f 1076/414/1883 1157/443/1883 1176/448/1883
f 1079/417/1884 1081/470/1884 1102/426/1884
f 1181/421/1885 1161/447/1885 1078/416/1885
f 1080/468/1886 1082/474/1886 1104/494/1886
f 1082/474/1887 1084/473/1887 1106/496/1887
f 1084/473/1888 1086/477/1888 1108/498/1888
f 1088/485/1889 1110/497/1889 1108/498/1889
f 1090/490/1890 1112/500/1890 1110/497/1890
f 1092/489/1891 1115/429/1891 1112/500/1891
f 1095/419/1892 1118/432/1892 1114/428/1892
f 1096/420/1893 1177/449/1893 1200/431/1893
f 1098/422/1894 1100/424/1894 1123/505/1894
f 1119/433/1895 1201/433/1895 1181/421/1895
f 1100/424/1896 1103/492/1896 1125/507/1896
f 1103/492/1897 1105/493/1897 1127/509/1897
f 1105/493/1898 1107/495/1898 1129/511/1898
f 1109/499/1899 1131/510/1899 1129/511/1899
f 1111/501/1900 1133/513/1900 1131/510/1900
f 1113/427/1901 1135/515/1901 1133/513/1901
f 1116/430/1902 1138/438/1902 1135/515/1902
f 1200/431/1903 1220/437/1903 1137/437/1903
f 1205/503/1904 1203/462/1904 1120/434/1904
f 1124/504/1905 1207/504/1905 1205/503/1905
f 1209/506/1906 1207/504/1906 1124/504/1906
f 1211/508/1907 1209/506/1907 1126/506/1907
f 1130/512/1908 1213/512/1908 1211/508/1908
f 1132/514/1909 1215/514/1909 1213/512/1909
f 1217/516/1910 1215/514/1910 1132/514/1910
f 1136/436/1911 1218/463/1911 1217/516/1911
f 1140/440/1912 1160/446/1912 1163/519/1912
f 1143/518/1913 1163/519/1913 1164/523/1913
f 1145/517/1914 1164/523/1914 1166/526/1914
f 1147/522/1915 1166/526/1915 1168/529/1915
f 1168/529/1916 1170/528/1916 1151/530/1916
f 1170/528/1917 1172/531/1917 1153/533/1917
f 1172/531/1918 1175/534/1918 1155/536/1918
f 1175/534/1919 1178/450/1919 1158/444/1919
f 1160/446/1920 1179/451/1920 1182/453/1920
f 1162/521/1921 1183/454/1921 1185/538/1921
f 1165/520/1922 1185/538/1922 1187/540/1922
f 1167/524/1923 1187/540/1923 1189/543/1923
f 1189/543/1924 1191/542/1924 1171/532/1924
f 1191/542/1925 1193/544/1925 1173/535/1925
f 1193/544/1926 1195/456/1926 1174/547/1926
f 1196/457/1927 1199/460/1927 1178/450/1927
f 1180/452/1928 1202/461/1928 1204/548/1928
f 1184/455/1929 1204/548/1929 1206/549/1929
f 1186/537/1930 1206/549/1930 1208/550/1930
f 1188/539/1931 1208/550/1931 1210/552/1931
f 1210/552/1932 1212/551/1932 1192/545/1932
f 1212/551/1933 1214/553/1933 1194/546/1933
f 1214/553/1934 1216/554/1934 1197/458/1934
f 1216/554/1935 1219/464/1935 1198/459/1935
g K_Rivet0.001_K_Rivet0.001
v 0.940000 0.868863 0.472340
v 0.968944 0.890974 0.493369
v 0.928945 0.890974 0.506365
v 0.904223 0.890974 0.472340
v 0.928945 0.890974 0.438314
v 0.968944 0.890974 0.451311
v 0.951055 0.926752 0.506365
v 0.911056 0.926752 0.493369
v 0.911056 0.926752 0.451311
v 0.951055 0.926752 0.438314
v 0.975777 0.926752 0.472340
v 0.940000 0.948863 0.472340
v -0.940000 0.868863 0.472340
v -0.968944 0.890974 0.493369
v -0.928945 0.890974 0.506365
v -0.904223 0.890974 0.472340
v -0.928945 0.890974 0.438314
v -0.968944 0.890974 0.451311
v -0.951055 0.926752 0.506365
v -0.911056 0.926752 0.493369
v -0.911056 0.926752 0.451311
v -0.951055 0.926752 0.438314
v -0.975777 0.926752 0.472340
v -0.940000 0.948863 0.472340
vn 0.1876 -0.7947 0.5774
vn 0.6071 -0.7947 -0.0000
vn -0.4911 -0.7947 0.3568
vn -0.4911 -0.7947 -0.3568
vn 0.1876 -0.7947 -0.5774
vn 0.9822 -0.1876 -0.0000
vn 0.3035 -0.1876 0.9342
vn -0.7946 -0.1876 0.5774
vn -0.7946 -0.1876 -0.5774
vn 0.3035 -0.1876 -0.9342
vn 0.7946 0.1876 0.5774
vn -0.3035 0.1876 0.9342
vn -0.9822 0.1876 -0.0000
vn -0.3035 0.1876 -0.9342
vn 0.7946 0.1876 -0.5774
vn 0.4911 0.7947 0.3568
vn -0.1876 0.7947 0.5774
vn -0.6071 0.7947 -0.0000
vn -0.1876 0.7947 -0.5774
vn 0.4911 0.7947 -0.3568
vn -0.1876 -0.7947 0.5774
vn -0.6071 -0.7947 -0.0000
vn 0.4911 -0.7947 0.3568
vn 0.4911 -0.7947 -0.3568
vn -0.1876 -0.7947 -0.5774
vn -0.9822 -0.1876 -0.0000
vn -0.3035 -0.1876 0.9342
vn 0.7946 -0.1876 0.5774
vn 0.7946 -0.1876 -0.5774
vn -0.3035 -0.1876 -0.9342
vn -0.7946 0.1876 0.5774
vn 0.3035 0.1876 0.9342
vn 0.9822 0.1876 -0.0000
vn 0.3035 0.1876 -0.9342
vn -0.7946 0.1876 -0.5774
vn -0.4911 0.7947 0.3568
vn 0.1876 0.7947 0.5774
vn 0.6071 0.7947 -0.0000
vn 0.1876 0.7947 -0.5774
vn -0.4911 0.7947 -0.3568
vt 0.276367 1.000000
vt 1.000000 0.382080
vt 0.000000 0.000000
vt 0.000000 1.000000
vt 0.500000 0.000000
vt 1.000000 1.000000
vt 0.000000 0.690918
vt 1.000000 0.000000
vt 1.000000 0.690918
vt 0.276367 0.000000
vt 1.000000 0.617920
vt 0.500000 1.000000
vt 1.000000 0.552734
vt 0.000000 0.382080
vt 0.000000 0.447266
vt 0.000000 0.617920
vt 0.000000 0.309082
vt 0.723633 1.000000
vt 0.723633 0.000000
vt 1.000000 0.309082
s 0
g K_Rivet0.001_ring_mail_trim
usemtl ring_mail_trim
f 1221/555/1936 1222/556/1936 1223/557/1936
f 1222/558/1937 1221/559/1937 1226/560/1937
f 1221/560/1938 1223/561/1938 1224/562/1938
f 1221/558/1939 1224/557/1939 1225/563/1939
f 1221/564/1940 1225/558/1940 1226/565/1940
f 1222/557/1941 1226/562/1941 1231/566/1941
f 1223/557/1942 1222/558/1942 1227/567/1942
f 1224/558/1943 1223/557/1943 1228/556/1943
f 1225/558/1944 1224/557/1944 1229/565/1944
f 1226/558/1945 1225/557/1945 1230/567/1945
f 1222/568/1946 1231/560/1946 1227/562/1946
f 1223/569/1947 1227/560/1947 1228/562/1947
f 1224/559/1948 1228/558/1948 1229/560/1948
f 1225/569/1949 1229/562/1949 1230/560/1949
f 1226/570/1950 1230/560/1950 1231/562/1950
f 1227/571/1951 1231/560/1951 1232/562/1951
f 1228/568/1952 1227/562/1952 1232/572/1952
f 1229/562/1953 1228/557/1953 1232/566/1953
f 1230/560/1954 1229/570/1954 1232/573/1954
f 1231/558/1955 1230/574/1955 1232/557/1955
f 1233/555/1956 1235/557/1956 1234/556/1956
f 1234/558/1957 1238/560/1957 1233/559/1957
f 1233/560/1958 1236/562/1958 1235/561/1958
f 1233/558/1959 1237/563/1959 1236/557/1959
f 1233/564/1960 1238/565/1960 1237/558/1960
f 1234/557/1961 1243/566/1961 1238/562/1961
f 1235/557/1962 1239/567/1962 1234/558/1962
f 1236/558/1963 1240/556/1963 1235/557/1963
f 1237/558/1964 1241/565/1964 1236/557/1964
f 1238/558/1965 1242/567/1965 1237/557/1965
f 1234/568/1966 1239/562/1966 1243/560/1966
f 1235/569/1967 1240/562/1967 1239/560/1967
f 1236/559/1968 1241/560/1968 1240/558/1968
f 1237/569/1969 1242/560/1969 1241/562/1969
f 1238/570/1970 1243/562/1970 1242/560/1970
f 1239/571/1971 1244/562/1971 1243/560/1971
f 1240/568/1972 1244/572/1972 1239/562/1972
f 1241/562/1973 1244/566/1973 1240/557/1973
f 1242/560/1974 1244/573/1974 1241/570/1974
f 1243/558/1975 1244/557/1975 1242/574/1975
g K_Rivet1.001_K_Rivet1.001
v 0.940000 1.000000 0.000000
v 0.968944 1.022111 0.021029
v 0.928945 1.022111 0.034026
v 0.904223 1.022111 0.000000
v 0.928945 1.022111 -0.034026
v 0.968944 1.022111 -0.021029
v 0.951055 1.057889 0.034026
v 0.911056 1.057889 0.021029
v 0.911056 1.057889 -0.021029
v 0.951055 1.057889 -0.034026
v 0.975777 1.057889 0.000000
v 0.940000 1.080000 0.000000
v -0.940000 1.000000 0.000000
v -0.968944 1.022111 0.021029
v -0.928945 1.022111 0.034026
v -0.904223 1.022111 0.000000
v -0.928945 1.022111 -0.034026
v -0.968944 1.022111 -0.021029
v -0.951055 1.057889 0.034026
v -0.911056 1.057889 0.021029
v -0.911056 1.057889 -0.021029
v -0.951055 1.057889 -0.034026
v -0.975777 1.057889 0.000000
v -0.940000 1.080000 0.000000
vn 0.1876 -0.7947 0.5774
vn 0.6071 -0.7947 -0.0000
vn -0.4911 -0.7947 0.3568
vn -0.4911 -0.7947 -0.3568
vn 0.1876 -0.7947 -0.5774
vn 0.9822 -0.1876 -0.0000
vn 0.3035 -0.1876 0.9342
vn -0.7946 -0.1876 0.5774
vn -0.7946 -0.1876 -0.5774
vn 0.3035 -0.1876 -0.9342
vn 0.7946 0.1876 0.5774
vn -0.3035 0.1876 0.9342
vn -0.9822 0.1876 -0.0000
vn -0.3035 0.1876 -0.9342
vn 0.7946 0.1876 -0.5774
vn 0.4911 0.7947 0.3568
vn -0.1876 0.7947 0.5774
vn -0.6071 0.7947 -0.0000
vn -0.1876 0.7947 -0.5774
vn 0.4911 0.7947 -0.3568
vn -0.1876 -0.7947 0.5774
vn -0.6071 -0.7947 -0.0000
vn 0.4911 -0.7947 0.3568
vn 0.4911 -0.7947 -0.3568
vn -0.1876 -0.7947 -0.5774
vn -0.9822 -0.1876 -0.0000
vn -0.3035 -0.1876 0.9342
vn 0.7946 -0.1876 0.5774
vn 0.7946 -0.1876 -0.5774
vn -0.3035 -0.1876 -0.9342
vn -0.7946 0.1876 0.5774
vn 0.3035 0.1876 0.9342
vn 0.9822 0.1876 -0.0000
vn 0.3035 0.1876 -0.9342
vn -0.7946 0.1876 -0.5774
vn -0.4911 0.7947 0.3568
vn 0.1876 0.7947 0.5774
vn 0.6071 0.7947 -0.0000
vn 0.1876 0.7947 -0.5774
vn -0.4911 0.7947 -0.3568
vt 0.276367 1.000000
vt 1.000000 0.382080
vt 0.000000 0.000000
vt 0.000000 1.000000
vt 0.500000 0.000000
vt 1.000000 1.000000
vt 0.000000 0.690918
vt 1.000000 0.000000
vt 1.000000 0.690918
vt 0.276367 0.000000
vt 1.000000 0.617920
vt 0.500000 1.000000
vt 1.000000 0.552734
vt 0.000000 0.382080
vt 0.000000 0.447266
vt 0.000000 0.617920
vt 0.000000 0.309082
vt 0.723633 1.000000
vt 0.723633 0.000000
vt 1.000000 0.309082
s 0
g K_Rivet1.001_ring_mail_trim
usemtl ring_mail_trim
f 1245/575/1976 1246/576/1976 1247/577/1976
f 1246/578/1977 1245/579/1977 1250/580/1977
f 1245/580/1978 1247/581/1978 1248/582/1978
f 1245/578/1979 1248/577/1979 1249/583/1979
f 1245/584/1980 1249/578/1980 1250/585/1980
f 1246/577/1981 1250/582/1981 1255/586/1981
f 1247/577/1982 1246/578/1982 1251/587/1982
f 1248/578/1983 1247/577/1983 1252/576/1983
f 1249/578/1984 1248/577/1984 1253/585/1984
f 1250/578/1985 1249/577/1985 1254/587/1985
f 1246/588/1986 1255/580/1986 1251/582/1986
f 1247/589/1987 1251/580/1987 1252/582/1987
f 1248/579/1988 1252/578/1988 1253/580/1988
f 1249/589/1989 1253/582/1989 1254/580/1989
f 1250/590/1990 1254/580/1990 1255/582/1990
f 1251/591/1991 1255/580/1991 1256/582/1991
f 1252/588/1992 1251/582/1992 1256/592/1992
f 1253/582/1993 1252/577/1993 1256/586/1993
f 1254/580/1994 1253/590/1994 1256/593/1994
f 1255/578/1995 1254/594/1995 1256/577/1995
f 1257/575/1996 1259/577/1996 1258/576/1996
f 1258/578/1997 1262/580/1997 1257/579/1997
f 1257/580/1998 1260/582/1998 1259/581/1998
f 1257/578/1999 1261/583/1999 1260/577/1999
f 1257/584/2000 1262/585/2000 1261/578/2000
f 1258/577/2001 1267/586/2001 1262/582/2001
f 1259/577/2002 1263/587/2002 1258/578/2002
f 1260/578/2003 1264/576/2003 1259/577/2003
f 1261/578/2004 1265/585/2004 1260/577/2004
f 1262/578/2005 1266/587/2005 1261/577/2005
f 1258/588/2006 1263/582/2006 1267/580/2006
f 1259/589/2007 1264/582/2007 1263/580/2007
f 1260/579/2008 1265/580/2008 1264/578/2008
f 1261/589/2009 1266/580/2009 1265/582/2009
f 1262/590/2010 1267/582/2010 1266/580/2010
f 1263/591/2011 1268/582/2011 1267/580/2011
f 1264/588/2012 1268/592/2012 1263/582/2012
f 1265/582/2013 1268/586/2013 1264/577/2013
f 1266/580/2014 1268/593/2014 1265/590/2014
f 1267/578/2015 1268/577/2015 1266/594/2015
g K_Rivet2.001_K_Rivet2.001
v 0.940000 0.868863 -0.472340
v 0.968944 0.890974 -0.451311
v 0.928945 0.890974 -0.438314
v 0.904223 0.890974 -0.472340
v 0.928945 0.890974 -0.506365
v 0.968944 0.890974 -0.493369
v 0.951055 0.926752 -0.438314
v 0.911056 0.926752 -0.451311
v 0.911056 0.926752 -0.493369
v 0.951055 0.926752 -0.506365
v 0.975777 0.926752 -0.472340
v 0.940000 0.948863 -0.472340
v -0.940000 0.868863 -0.472340
v -0.968944 0.890974 -0.451311
v -0.928945 0.890974 -0.438314
v -0.904223 0.890974 -0.472340
v -0.928945 0.890974 -0.506365
v -0.968944 0.890974 -0.493369
v -0.951055 0.926752 -0.438314
v -0.911056 0.926752 -0.451311
v -0.911056 0.926752 -0.493369
v -0.951055 0.926752 -0.506365
v -0.975777 0.926752 -0.472340
v -0.940000 0.948863 -0.472340
vn 0.1876 -0.7947 0.5774
vn 0.6071 -0.7947 -0.0000
vn -0.4911 -0.7947 0.3568
vn -0.4911 -0.7947 -0.3568
vn 0.1876 -0.7947 -0.5774
vn 0.9822 -0.1876 -0.0000
vn 0.3035 -0.1876 0.9342
vn -0.7946 -0.1876 0.5774
vn -0.7946 -0.1876 -0.5774
vn 0.3035 -0.1876 -0.9342
vn 0.7946 0.1876 0.5774
vn -0.3035 0.1876 0.9342
vn -0.9822 0.1876 -0.0000
vn -0.3035 0.1876 -0.9342
vn 0.7946 0.1876 -0.5774
vn 0.4911 0.7947 0.3568
vn -0.1876 0.7947 0.5774
vn -0.6071 0.7947 -0.0000
vn -0.1876 0.7947 -0.5774
vn 0.4911 0.7947 -0.3568
vn -0.1876 -0.7947 0.5774
vn -0.6071 -0.7947 -0.0000
vn 0.4911 -0.7947 0.3568
vn 0.4911 -0.7947 -0.3568
vn -0.1876 -0.7947 -0.5774
vn -0.9822 -0.1876 -0.0000
vn -0.3035 -0.1876 0.9342
vn 0.7946 -0.1876 0.5774
vn 0.7946 -0.1876 -0.5774
vn -0.3035 -0.1876 -0.9342
vn -0.7946 0.1876 0.5774
vn 0.3035 0.1876 0.9342
vn 0.9822 0.1876 -0.0000
vn 0.3035 0.1876 -0.9342
vn -0.7946 0.1876 -0.5774
vn -0.4911 0.7947 0.3568
vn 0.1876 0.7947 0.5774
vn 0.6071 0.7947 -0.0000
vn 0.1876 0.7947 -0.5774
vn -0.4911 0.7947 -0.3568
vt 0.276367 1.000000
vt 1.000000 0.382080
vt 0.000000 0.000000
vt 0.000000 1.000000
vt 0.500000 0.000000
vt 1.000000 1.000000
vt 0.000000 0.690918
vt 1.000000 0.000000
vt 1.000000 0.690918
vt 0.276367 0.000000
vt 1.000000 0.617920
vt 0.500000 1.000000
vt 1.000000 0.552734
vt 0.000000 0.382080
vt 0.000000 0.447266
vt 0.000000 0.617920
vt 0.000000 0.309082
vt 0.723633 1.000000
vt 0.723633 0.000000
vt 1.000000 0.309082
s 0
g K_Rivet2.001_ring_mail_trim
usemtl ring_mail_trim
f 1269/595/2016 1270/596/2016 1271/597/2016
f 1270/598/2017 1269/599/2017 1274/600/2017
f 1269/600/2018 1271/601/2018 1272/602/2018
f 1269/598/2019 1272/597/2019 1273/603/2019
f 1269/604/2020 1273/598/2020 1274/605/2020
f 1270/597/2021 1274/602/2021 1279/606/2021
f 1271/597/2022 1270/598/2022 1275/607/2022
f 1272/598/2023 1271/597/2023 1276/596/2023
f 1273/598/2024 1272/597/2024 1277/605/2024
f 1274/598/2025 1273/597/2025 1278/607/2025
f 1270/608/2026 1279/600/2026 1275/602/2026
f 1271/609/2027 1275/600/2027 1276/602/2027
f 1272/599/2028 1276/598/2028 1277/600/2028
f 1273/609/2029 1277/602/2029 1278/600/2029
f 1274/610/2030 1278/600/2030 1279/602/2030
f 1275/611/2031 1279/600/2031 1280/602/2031
f 1276/608/2032 1275/602/2032 1280/612/2032
f 1277/602/2033 1276/597/2033 1280/606/2033
f 1278/600/2034 1277/610/2034 1280/613/2034
f 1279/598/2035 1278/614/2035 1280/597/2035
f 1281/595/2036 1283/597/2036 1282/596/2036
f 1282/598/2037 1286/600/2037 1281/599/2037
f 1281/600/2038 1284/602/2038 1283/601/2038
f 1281/598/2039 1285/603/2039 1284/597/2039
f 1281/604/2040 1286/605/2040 1285/598/2040
f 1282/597/2041 1291/606/2041 1286/602/2041
f 1283/597/2042 1287/607/2042 1282/598/2042
f 1284/598/2043 1288/596/2043 1283/597/2043
f 1285/598/2044 1289/605/2044 1284/597/2044
f 1286/598/2045 1290/607/2045 1285/597/2045
f 1282/608/2046 1287/602/2046 1291/600/2046
f 1283/609/2047 1288/602/2047 1287/600/2047
f 1284/599/2048 1289/600/2048 1288/598/2048
f 1285/609/2049 1290/600/2049 1289/602/2049
f 1286/610/2050 1291/602/2050 1290/600/2050
f 1287/611/2051 1292/602/2051 1291/600/2051
f 1288/608/2052 1292/612/2052 1287/602/2052
f 1289/602/2053 1292/606/2053 1288/597/2053
f 1290/600/2054 1292/613/2054 1289/610/2054
f 1291/598/2055 1292/597/2055 1290/614/2055
g K_WeightedCuff.001_K_WeightedCuff.001
v 1.214500 0.217314 -0.429415
v 1.249500 0.217314 -0.429415
v 1.267000 0.210000 -0.400000
v 1.249500 0.202686 -0.370585
v 1.214500 0.202686 -0.370585
v 1.197000 0.210000 -0.400000
v 1.214500 0.217314 0.429415
v 1.249500 0.217314 0.429415
v 1.267000 0.210000 0.400000
v 1.249500 0.202686 0.370585
v 1.214500 0.202686 0.370585
v 1.197000 0.210000 0.400000
v 1.214500 0.217314 0.429415
v 1.249500 0.217314 0.429415
v 1.267000 0.210000 0.400000
v 1.249500 0.202686 0.370585
v 1.214500 0.202686 0.370585
v 1.197000 0.210000 0.400000
v 1.214500 0.248476 0.423199
v 1.249500 0.248476 0.423199
v 1.267000 0.243126 0.393364
v 1.249500 0.237777 0.363529
v 1.214500 0.237777 0.363529
v 1.197000 0.243126 0.393364
v 1.214500 0.278458 0.418437
v 1.249500 0.278458 0.418437
v 1.267000 0.272685 0.388681
v 1.249500 0.266911 0.358925
v 1.214500 0.266911 0.358925
v 1.197000 0.272685 0.388681
v 1.214500 0.310617 0.410958
v 1.249500 0.310617 0.410958
v 1.267000 0.301516 0.382046
v 1.249500 0.292414 0.353134
v 1.214500 0.292414 0.353134
v 1.197000 0.301516 0.382046
v 1.214500 0.345660 0.396837
v 1.249500 0.345660 0.396837
v 1.267000 0.332459 0.369552
v 1.249500 0.319258 0.342267
v 1.214500 0.319258 0.342267
v 1.197000 0.332459 0.369552
v 1.214500 0.380429 0.377060
v 1.249500 0.380429 0.377060
v 1.267000 0.363859 0.351679
v 1.249500 0.347288 0.326298
v 1.214500 0.347288 0.326298
v 1.197000 0.363859 0.351679
v 1.214500 0.409135 0.355709
v 1.249500 0.409135 0.355709
v 1.267000 0.389527 0.332595
v 1.249500 0.369920 0.309480
v 1.214500 0.369920 0.309480
v 1.197000 0.389527 0.332595
v 1.214500 0.434647 0.331129
v 1.249500 0.434647 0.331129
v 1.267000 0.412616 0.310311
v 1.249500 0.390584 0.289494
v 1.214500 0.390584 0.289494
v 1.197000 0.412616 0.310311
v 1.214500 0.459897 0.301836
v 1.249500 0.459897 0.301836
v 1.267000 0.436274 0.282843
v 1.249500 0.412652 0.263850
v 1.214500 0.412652 0.263850
v 1.197000 0.436274 0.282843
v 1.214500 0.484987 0.268335
v 1.249500 0.484987 0.268335
v 1.267000 0.459832 0.251423
v 1.249500 0.434678 0.234512
v 1.214500 0.434678 0.234512
v 1.197000 0.459832 0.251423
v 1.214500 0.504501 0.235800
v 1.249500 0.504501 0.235800
v 1.267000 0.477687 0.221666
v 1.249500 0.450873 0.207532
v 1.214500 0.450873 0.207532
v 1.197000 0.477687 0.221666
v 1.214500 0.520218 0.201564
v 1.249500 0.520218 0.201564
v 1.267000 0.492177 0.190055
v 1.249500 0.464136 0.178546
v 1.214500 0.464136 0.178546
v 1.197000 0.492177 0.190055
v 1.214500 0.534404 0.162637
v 1.249500 0.534404 0.162637
v 1.267000 0.505641 0.153073
v 1.249500 0.476879 0.143510
v 1.214500 0.476879 0.143510
v 1.197000 0.505641 0.153073
v 1.214500 0.546956 0.120949
v 1.249500 0.546956 0.120949
v 1.267000 0.517583 0.113467
v 1.249500 0.488211 0.105985
v 1.214500 0.488210 0.105985
v 1.197000 0.517583 0.113467
v 1.214500 0.554996 0.082424
v 1.249500 0.554996 0.082424
v 1.267000 0.525053 0.077720
v 1.249500 0.495109 0.073016
v 1.214500 0.495109 0.073016
v 1.197000 0.525053 0.077720
v 1.214500 0.559151 0.043381
v 1.249500 0.559151 0.043381
v 1.267000 0.528906 0.041381
v 1.249500 0.498661 0.039381
v 1.214500 0.498661 0.039381
v 1.197000 0.528906 0.041381
v 1.214500 0.560311 0.000000
v 1.249500 0.560311 0.000000
v 1.267000 0.530000 -0.000000
v 1.249500 0.499689 -0.000000
v 1.214500 0.499689 -0.000000
v 1.197000 0.530000 0.000000
v 1.214500 0.559151 -0.043381
v 1.249500 0.559151 -0.043381
v 1.267000 0.528906 -0.041381
v 1.249500 0.498661 -0.039381
v 1.214500 0.498661 -0.039381
v 1.197000 0.528906 -0.041381
v 1.214500 0.554996 -0.082424
v 1.249500 0.554996 -0.082424
v 1.267000 0.525053 -0.077720
v 1.249500 0.495109 -0.073016
v 1.214500 0.495109 -0.073016
v 1.197000 0.525053 -0.077720
v 1.214500 0.546957 -0.120949
v 1.249500 0.546957 -0.120949
v 1.267000 0.517584 -0.113467
v 1.249500 0.488211 -0.105985
v 1.214500 0.488211 -0.105985
v 1.197000 0.517584 -0.113467
v 1.214500 0.534404 -0.162637
v 1.249500 0.534404 -0.162637
v 1.267000 0.505641 -0.153073
v 1.249500 0.476879 -0.143510
v 1.214500 0.476879 -0.143510
v 1.197000 0.505641 -0.153073
v 1.214500 0.520218 -0.201564
v 1.249500 0.520218 -0.201564
v 1.267000 0.492177 -0.190055
v 1.249500 0.464136 -0.178546
v 1.214500 0.464136 -0.178546
v 1.197000 0.492177 -0.190055
v 1.214500 0.504501 -0.235800
v 1.249500 0.504501 -0.235800
v 1.267000 0.477687 -0.221666
v 1.249500 0.450873 -0.207532
v 1.214500 0.450873 -0.207532
v 1.197000 0.477687 -0.221666
v 1.214500 0.484987 -0.268335
v 1.249500 0.484987 -0.268335
v 1.267000 0.459832 -0.251423
v 1.249500 0.434678 -0.234512
v 1.214500 0.434678 -0.234512
v 1.197000 0.459832 -0.251423
v 1.214500 0.459897 -0.301836
v 1.249500 0.459897 -0.301836
v 1.267000 0.436274 -0.282843
v 1.249500 0.412652 -0.263850
v 1.214500 0.412652 -0.263850
v 1.197000 0.436274 -0.282843
v 1.214500 0.434647 -0.331129
v 1.249500 0.434647 -0.331129
v 1.267000 0.412616 -0.310311
v 1.249500 0.390584 -0.289494
v 1.214500 0.390584 -0.289494
v 1.197000 0.412616 -0.310311
v 1.214500 0.409135 -0.355709
v 1.249500 0.409135 -0.355709
v 1.267000 0.389527 -0.332595
v 1.249500 0.369920 -0.309480
v 1.214500 0.369920 -0.309480
v 1.197000 0.389527 -0.332595
v 1.214500 0.380429 -0.377060
v 1.249500 0.380429 -0.377060
v 1.267000 0.363859 -0.351679
v 1.249500 0.347288 -0.326299
v 1.214500 0.347288 -0.326298
v 1.197000 0.363859 -0.351679
v 1.214500 0.345660 -0.396837
v 1.249500 0.345660 -0.396837
v 1.267000 0.332459 -0.369552
v 1.249500 0.319258 -0.342267
v 1.214500 0.319258 -0.342267
v 1.197000 0.332459 -0.369552
v 1.214500 0.310617 -0.410958
v 1.249500 0.310617 -0.410958
v 1.267000 0.301516 -0.382046
v 1.249500 0.292414 -0.353134
v 1.214500 0.292414 -0.353134
v 1.197000 0.301516 -0.382046
v 1.214500 0.278459 -0.418437
v 1.249500 0.278459 -0.418437
v 1.267000 0.272685 -0.388681
v 1.249500 0.266911 -0.358925
v 1.214500 0.266911 -0.358925
v 1.197000 0.272685 -0.388681
v 1.214500 0.248476 -0.423199
v 1.249500 0.248476 -0.423199
v 1.267000 0.243126 -0.393364
v 1.249500 0.237777 -0.363529
v 1.214500 0.237777 -0.363529
v 1.197000 0.243126 -0.393364
v 1.214500 0.217314 -0.429415
v 1.249500 0.217314 -0.429415
v 1.267000 0.210000 -0.400000
v 1.249500 0.202686 -0.370585
v 1.214500 0.202686 -0.370585
v 1.197000 0.210000 -0.400000
v -1.214500 0.217314 -0.429415
v -1.249500 0.217314 -0.429415
v -1.267000 0.210000 -0.400000
v -1.249500 0.202686 -0.370585
v -1.214500 0.202686 -0.370585
v -1.197000 0.210000 -0.400000
v -1.214500 0.217314 0.429415
v -1.249500 0.217314 0.429415
v -1.267000 0.210000 0.400000
v -1.249500 0.202686 0.370585
v -1.214500 0.202686 0.370585
v -1.197000 0.210000 0.400000
v -1.214500 0.217314 0.429415
v -1.249500 0.217314 0.429415
v -1.267000 0.210000 0.400000
v -1.249500 0.202686 0.370585
v -1.214500 0.202686 0.370585
v -1.197000 0.210000 0.400000
v -1.214500 0.248476 0.423199
v -1.249500 0.248476 0.423199
v -1.267000 0.243126 0.393364
v -1.249500 0.237777 0.363529
v -1.214500 0.237777 0.363529
v -1.197000 0.243126 0.393364
v -1.214500 0.278458 0.418437
v -1.249500 0.278458 0.418437
v -1.267000 0.272685 0.388681
v -1.249500 0.266911 0.358925
v -1.214500 0.266911 0.358925
v -1.197000 0.272685 0.388681
v -1.214500 0.310617 0.410958
v -1.249500 0.310617 0.410958
v -1.267000 0.301516 0.382046
v -1.249500 0.292414 0.353134
v -1.214500 0.292414 0.353134
v -1.197000 0.301516 0.382046
v -1.214500 0.345660 0.396837
v -1.249500 0.345660 0.396837
v -1.267000 0.332459 0.369552
v -1.249500 0.319258 0.342267
v -1.214500 0.319258 0.342267
v -1.197000 0.332459 0.369552
v -1.214500 0.380429 0.377060
v -1.249500 0.380429 0.377060
v -1.267000 0.363859 0.351679
v -1.249500 0.347288 0.326298
v -1.214500 0.347288 0.326298
v -1.197000 0.363859 0.351679
v -1.214500 0.409135 0.355709
v -1.249500 0.409135 0.355709
v -1.267000 0.389527 0.332595
v -1.249500 0.369920 0.309480
v -1.214500 0.369920 0.309480
v -1.197000 0.389527 0.332595
v -1.214500 0.434647 0.331129
v -1.249500 0.434647 0.331129
v -1.267000 0.412616 0.310311
v -1.249500 0.390584 0.289494
v -1.214500 0.390584 0.289494
v -1.197000 0.412616 0.310311
v -1.214500 0.459897 0.301836
v -1.249500 0.459897 0.301836
v -1.267000 0.436274 0.282843
v -1.249500 0.412652 0.263850
v -1.214500 0.412652 0.263850
v -1.197000 0.436274 0.282843
v -1.214500 0.484987 0.268335
v -1.249500 0.484987 0.268335
v -1.267000 0.459832 0.251423
v -1.249500 0.434678 0.234512
v -1.214500 0.434678 0.234512
v -1.197000 0.459832 0.251423
v -1.214500 0.504501 0.235800
v -1.249500 0.504501 0.235800
v -1.267000 0.477687 0.221666
v -1.249500 0.450873 0.207532
v -1.214500 0.450873 0.207532
v -1.197000 0.477687 0.221666
v -1.214500 0.520218 0.201564
v -1.249500 0.520218 0.201564
v -1.267000 0.492177 0.190055
v -1.249500 0.464136 0.178546
v -1.214500 0.464136 0.178546
v -1.197000 0.492177 0.190055
v -1.214500 0.534404 0.162637
v -1.249500 0.534404 0.162637
v -1.267000 0.505641 0.153073
v -1.249500 0.476879 0.143510
v -1.214500 0.476879 0.143510
v -1.197000 0.505641 0.153073
v -1.214500 0.546956 0.120949
v -1.249500 0.546956 0.120949
v -1.267000 0.517583 0.113467
v -1.249500 0.488211 0.105985
v -1.214500 0.488210 0.105985
v -1.197000 0.517583 0.113467
v -1.214500 0.554996 0.082424
v -1.249500 0.554996 0.082424
v -1.267000 0.525053 0.077720
v -1.249500 0.495109 0.073016
v -1.214500 0.495109 0.073016
v -1.197000 0.525053 0.077720
v -1.214500 0.559151 0.043381
v -1.249500 0.559151 0.043381
v -1.267000 0.528906 0.041381
v -1.249500 0.498661 0.039381
v -1.214500 0.498661 0.039381
v -1.197000 0.528906 0.041381
v -1.214500 0.560311 0.000000
v -1.249500 0.560311 0.000000
v -1.267000 0.530000 -0.000000
v -1.249500 0.499689 -0.000000
v -1.214500 0.499689 -0.000000
v -1.197000 0.530000 0.000000
v -1.214500 0.559151 -0.043381
v -1.249500 0.559151 -0.043381
v -1.267000 0.528906 -0.041381
v -1.249500 0.498661 -0.039381
v -1.214500 0.498661 -0.039381
v -1.197000 0.528906 -0.041381
v -1.214500 0.554996 -0.082424
v -1.249500 0.554996 -0.082424
v -1.267000 0.525053 -0.077720
v -1.249500 0.495109 -0.073016
v -1.214500 0.495109 -0.073016
v -1.197000 0.525053 -0.077720
v -1.214500 0.546957 -0.120949
v -1.249500 0.546957 -0.120949
v -1.267000 0.517584 -0.113467
v -1.249500 0.488211 -0.105985
v -1.214500 0.488211 -0.105985
v -1.197000 0.517584 -0.113467
v -1.214500 0.534404 -0.162637
v -1.249500 0.534404 -0.162637
v -1.267000 0.505641 -0.153073
v -1.249500 0.476879 -0.143510
v -1.214500 0.476879 -0.143510
v -1.197000 0.505641 -0.153073
v -1.214500 0.520218 -0.201564
v -1.249500 0.520218 -0.201564
v -1.267000 0.492177 -0.190055
v -1.249500 0.464136 -0.178546
v -1.214500 0.464136 -0.178546
v -1.197000 0.492177 -0.190055
v -1.214500 0.504501 -0.235800
v -1.249500 0.504501 -0.235800
v -1.267000 0.477687 -0.221666
v -1.249500 0.450873 -0.207532
v -1.214500 0.450873 -0.207532
v -1.197000 0.477687 -0.221666
v -1.214500 0.484987 -0.268335
v -1.249500 0.484987 -0.268335
v -1.267000 0.459832 -0.251423
v -1.249500 0.434678 -0.234512
v -1.214500 0.434678 -0.234512
v -1.197000 0.459832 -0.251423
v -1.214500 0.459897 -0.301836
v -1.249500 0.459897 -0.301836
v -1.267000 0.436274 -0.282843
v -1.249500 0.412652 -0.263850
v -1.214500 0.412652 -0.263850
v -1.197000 0.436274 -0.282843
v -1.214500 0.434647 -0.331129
v -1.249500 0.434647 -0.331129
v -1.267000 0.412616 -0.310311
v -1.249500 0.390584 -0.289494
v -1.214500 0.390584 -0.289494
v -1.197000 0.412616 -0.310311
v -1.214500 0.409135 -0.355709
v -1.249500 0.409135 -0.355709
v -1.267000 0.389527 -0.332595
v -1.249500 0.369920 -0.309480
v -1.214500 0.369920 -0.309480
v -1.197000 0.389527 -0.332595
v -1.214500 0.380429 -0.377060
v -1.249500 0.380429 -0.377060
v -1.267000 0.363859 -0.351679
v -1.249500 0.347288 -0.326299
v -1.214500 0.347288 -0.326298
v -1.197000 0.363859 -0.351679
v -1.214500 0.345660 -0.396837
v -1.249500 0.345660 -0.396837
v -1.267000 0.332459 -0.369552
v -1.249500 0.319258 -0.342267
v -1.214500 0.319258 -0.342267
v -1.197000 0.332459 -0.369552
v -1.214500 0.310617 -0.410958
v -1.249500 0.310617 -0.410958
v -1.267000 0.301516 -0.382046
v -1.249500 0.292414 -0.353134
v -1.214500 0.292414 -0.353134
v -1.197000 0.301516 -0.382046
v -1.214500 0.278459 -0.418437
v -1.249500 0.278459 -0.418437
v -1.267000 0.272685 -0.388681
v -1.249500 0.266911 -0.358925
v -1.214500 0.266911 -0.358925
v -1.197000 0.272685 -0.388681
v -1.214500 0.248476 -0.423199
v -1.249500 0.248476 -0.423199
v -1.267000 0.243126 -0.393364
v -1.249500 0.237777 -0.363529
v -1.214500 0.237777 -0.363529
v -1.197000 0.243126 -0.393364
v -1.214500 0.217314 -0.429415
v -1.249500 0.217314 -0.429415
v -1.267000 0.210000 -0.400000
v -1.249500 0.202686 -0.370585
v -1.214500 0.202686 -0.370585
v -1.197000 0.210000 -0.400000
vn -0.0000 -0.9705 -0.2413
vn -0.0000 -0.9705 0.2413
vn -0.5062 0.1688 0.8457
vn 0.5062 0.1688 0.8457
vn 0.9999 -0.0031 -0.0143
vn 0.4936 -0.1714 -0.8527
vn -0.4936 -0.1714 -0.8527
vn -0.9999 -0.0031 -0.0143
vn -0.5027 0.1524 0.8509
vn 0.5027 0.1524 0.8509
vn 1.0000 -0.0012 -0.0063
vn 0.4971 -0.1532 -0.8541
vn -0.4971 -0.1532 -0.8541
vn -1.0000 -0.0012 -0.0063
vn -0.4951 0.1665 0.8527
vn 0.4951 0.1665 0.8527
vn 0.9999 0.0025 0.0107
vn 0.5045 -0.1633 -0.8478
vn -0.5045 -0.1633 -0.8478
vn -0.9999 0.0025 0.0107
vn -0.4898 0.2624 0.8314
vn 0.4898 0.2624 0.8314
vn 0.9997 0.0078 0.0238
vn 0.5116 -0.2573 -0.8198
vn -0.5116 -0.2573 -0.8198
vn -0.9997 0.0078 0.0238
vn -0.4910 0.3791 0.7844
vn 0.4910 0.3791 0.7844
vn 0.9998 0.0091 0.0192
vn 0.5094 -0.3752 -0.7745
vn -0.5094 -0.3752 -0.7745
vn -0.9998 0.0091 0.0192
vn -0.4917 0.4760 0.7291
vn 0.4917 0.4760 0.7291
vn 0.9998 0.0106 0.0162
vn 0.5085 -0.4708 -0.7210
vn -0.5085 -0.4708 -0.7210
vn -0.9998 0.0106 0.0162
vn -0.4915 0.5632 0.6643
vn 0.4915 0.5632 0.6643
vn 0.9998 0.0131 0.0156
vn 0.5092 -0.5570 -0.6561
vn -0.5092 -0.5570 -0.6561
vn -0.9998 0.0131 0.0156
vn -0.4937 0.6318 0.5976
vn 0.4937 0.6318 0.5976
vn 0.9999 0.0105 0.0102
vn 0.5064 -0.6271 -0.5919
vn -0.5064 -0.6271 -0.5919
vn -0.9999 0.0105 0.0102
vn -0.4953 0.6771 0.5443
vn 0.4953 0.6771 0.5443
vn 0.9999 0.0084 0.0067
vn 0.5046 -0.6728 -0.5410
vn -0.5046 -0.6728 -0.5410
vn -0.9999 0.0084 0.0067
vn -0.4931 0.7221 0.4852
vn 0.4931 0.7221 0.4852
vn 0.9999 0.0136 0.0090
vn 0.5073 -0.7150 -0.4811
vn -0.5073 -0.7150 -0.4811
vn -0.9999 0.0136 0.0090
vn -0.4926 0.7698 0.4059
vn 0.4926 0.7698 0.4059
vn 0.9998 0.0155 0.0083
vn 0.5079 -0.7621 -0.4015
vn -0.5079 -0.7621 -0.4015
vn -0.9998 0.0155 0.0083
vn -0.4945 0.8040 0.3303
vn 0.4945 0.8040 0.3303
vn 0.9999 0.0118 0.0050
vn 0.5056 -0.7983 -0.3273
vn -0.5056 -0.7983 -0.3273
vn -0.9999 0.0118 0.0050
vn -0.4961 0.8239 0.2739
vn 0.4961 0.8239 0.2739
vn 1.0000 0.0085 0.0028
vn 0.5038 -0.8197 -0.2726
vn -0.5038 -0.8197 -0.2726
vn -1.0000 0.0085 0.0028
vn -0.4941 0.8425 0.2144
vn 0.4941 0.8425 0.2144
vn 0.9999 0.0134 0.0033
vn 0.5061 -0.8357 -0.2131
vn -0.5061 -0.8357 -0.2131
vn -0.9999 0.0134 0.0033
vn -0.4933 0.8593 0.1350
vn 0.4933 0.8593 0.1350
vn 0.9999 0.0158 0.0025
vn 0.5071 -0.8514 -0.1337
vn -0.5071 -0.8514 -0.1337
vn -0.9999 0.0158 0.0025
vn -0.4946 0.8672 0.0576
vn 0.4946 0.8672 0.0576
vn 0.9999 0.0126 0.0009
vn 0.5055 -0.8610 -0.0567
vn -0.5055 -0.8610 -0.0567
vn -0.9999 0.0126 0.0009
vn -0.4963 0.8681 -0.0000
vn 0.4963 0.8681 -0.0000
vn 1.0000 0.0084 -0.0000
vn 0.5036 -0.8639 -0.0000
vn -0.5036 -0.8639 -0.0000
vn -1.0000 0.0084 -0.0000
vn -0.4946 0.8672 -0.0576
vn 0.4946 0.8672 -0.0576
vn 0.9999 0.0126 -0.0009
vn 0.5055 -0.8610 0.0567
vn -0.5055 -0.8610 0.0567
vn -0.9999 0.0126 -0.0009
vn -0.4933 0.8593 -0.1350
vn 0.4933 0.8593 -0.1350
vn 0.9999 0.0158 -0.0025
vn 0.5071 -0.8514 0.1337
vn -0.5071 -0.8514 0.1337
vn -0.9999 0.0158 -0.0025
vn -0.4941 0.8425 -0.2144
vn 0.4941 0.8425 -0.2144
vn 0.9999 0.0134 -0.0033
vn 0.5061 -0.8357 0.2131
vn -0.5061 -0.8357 0.2131
vn -0.9999 0.0134 -0.0033
vn -0.4961 0.8239 -0.2739
vn 0.4961 0.8239 -0.2739
vn 1.0000 0.0085 -0.0028
vn 0.5038 -0.8197 0.2726
vn -0.5038 -0.8197 0.2726
vn -1.0000 0.0085 -0.0028
vn -0.4945 0.8040 -0.3303
vn 0.4945 0.8040 -0.3303
vn 0.9999 0.0118 -0.0050
vn 0.5056 -0.7983 0.3273
vn -0.5056 -0.7983 0.3273
vn -0.9999 0.0118 -0.0050
vn -0.4926 0.7698 -0.4059
vn 0.4926 0.7698 -0.4059
vn 0.9998 0.0155 -0.0083
vn 0.5079 -0.7621 0.4015
vn -0.5079 -0.7621 0.4015
vn -0.9998 0.0155 -0.0083
vn -0.4931 0.7221 -0.4852
vn 0.4931 0.7221 -0.4852
vn 0.9999 0.0136 -0.0090
vn 0.5073 -0.7150 0.4811
vn -0.5073 -0.7150 0.4811
vn -0.9999 0.0136 -0.0090
vn -0.4953 0.6771 -0.5443
vn 0.4953 0.6771 -0.5443
vn 0.9999 0.0084 -0.0067
vn 0.5046 -0.6728 0.5410
vn -0.5046 -0.6728 0.5410
vn -0.9999 0.0084 -0.0067
vn -0.4937 0.6318 -0.5976
vn 0.4937 0.6318 -0.5976
vn 0.9999 0.0105 -0.0102
vn 0.5064 -0.6271 0.5919
vn -0.5064 -0.6271 0.5919
vn -0.9999 0.0105 -0.0102
vn -0.4915 0.5632 -0.6643
vn 0.4915 0.5632 -0.6643
vn 0.9998 0.0131 -0.0156
vn 0.5092 -0.5570 0.6561
vn -0.5092 -0.5570 0.6561
vn -0.9998 0.0131 -0.0156
vn -0.4917 0.4760 -0.7291
vn 0.4917 0.4760 -0.7291
vn 0.9998 0.0106 -0.0162
vn 0.5085 -0.4708 0.7210
vn -0.5085 -0.4708 0.7210
vn -0.9998 0.0106 -0.0162
vn -0.4910 0.3791 -0.7844
vn 0.4910 0.3791 -0.7844
vn 0.9998 0.0091 -0.0192
vn 0.5094 -0.3752 0.7745
vn -0.5094 -0.3752 0.7745
vn -0.9998 0.0091 -0.0192
vn -0.4898 0.2624 -0.8314
vn 0.4898 0.2624 -0.8314
vn 0.9997 0.0078 -0.0238
vn 0.5116 -0.2573 0.8198
vn -0.5116 -0.2573 0.8198
vn -0.9997 0.0078 -0.0238
vn -0.4951 0.1665 -0.8527
vn 0.4951 0.1665 -0.8527
vn 0.9999 0.0025 -0.0107
vn 0.5045 -0.1633 0.8478
vn -0.5045 -0.1633 0.8478
vn -0.9999 0.0025 -0.0107
vn -0.5027 0.1524 -0.8509
vn 0.5027 0.1524 -0.8509
vn 1.0000 -0.0012 0.0063
vn 0.4971 -0.1532 0.8541
vn -0.4971 -0.1532 0.8541
vn -1.0000 -0.0012 0.0063
vn -0.5062 0.1688 -0.8457
vn 0.5062 0.1688 -0.8457
vn 0.9999 -0.0031 0.0143
vn 0.4936 -0.1714 0.8527
vn -0.4936 -0.1714 0.8527
vn -0.9999 -0.0031 0.0143
vn 0.5064 -0.6271 0.5918
vt 1.000000 0.000000
vt 0.600000 0.000000
vt 0.800000 0.000000
vt 0.400000 0.000000
vt 0.000000 0.000000
vt 0.200000 0.000000
vt 0.000000 1.000000
vt 0.031250 1.000000
vt 0.031250 0.833333
vt 0.000000 0.833333
vt 0.000000 0.166667
vt 0.031250 0.166667
vt 0.031250 0.000000
vt 0.000000 0.333333
vt 0.031250 0.333333
vt 0.000000 0.500000
vt 0.031250 0.500000
vt 0.000000 0.666667
vt 0.031250 0.666667
vt 0.062500 1.000000
vt 0.062500 0.833333
vt 0.062500 0.166667
vt 0.062500 0.000000
vt 0.062500 0.333333
vt 0.062500 0.500000
vt 0.062500 0.666667
vt 0.093750 1.000000
vt 0.093750 0.833333
vt 0.093750 0.166667
vt 0.093750 0.000000
vt 0.093750 0.333333
vt 0.093750 0.500000
vt 0.093750 0.666667
vt 0.125000 1.000000
vt 0.125000 0.833333
vt 0.125000 0.166667
vt 0.125000 0.000000
vt 0.125000 0.333333
vt 0.125000 0.500000
vt 0.125000 0.666667
vt 0.156250 1.000000
vt 0.156250 0.833333
vt 0.156250 0.166667
vt 0.156250 0.000000
vt 0.156250 0.333333
vt 0.156250 0.500000
vt 0.156250 0.666667
vt 0.187500 1.000000
vt 0.187500 0.833333
vt 0.187500 0.166667
vt 0.187500 0.000000
vt 0.187500 0.333333
vt 0.187500 0.500000
vt 0.187500 0.666667
vt 0.218750 1.000000
vt 0.218750 0.833333
vt 0.218750 0.166667
vt 0.218750 0.000000
vt 0.218750 0.333333
vt 0.218750 0.500000
vt 0.218750 0.666667
vt 0.250000 1.000000
vt 0.250000 0.833333
vt 0.250000 0.166667
vt 0.250000 0.000000
vt 0.250000 0.333333
vt 0.250000 0.500000
vt 0.250000 0.666667
vt 0.281250 1.000000
vt 0.281250 0.833333
vt 0.281250 0.166667
vt 0.281250 0.000000
vt 0.281250 0.333333
vt 0.281250 0.500000
vt 0.281250 0.666667
vt 0.312500 1.000000
vt 0.312500 0.833333
vt 0.312500 0.166667
vt 0.312500 0.000000
vt 0.312500 0.333333
vt 0.312500 0.500000
vt 0.312500 0.666667
vt 0.343750 1.000000
vt 0.343750 0.833333
vt 0.343750 0.166667
vt 0.343750 0.000000
vt 0.343750 0.333333
vt 0.343750 0.500000
vt 0.343750 0.666667
vt 0.375000 1.000000
vt 0.375000 0.833333
vt 0.375000 0.166667
vt 0.375000 0.000000
vt 0.375000 0.333333
vt 0.375000 0.500000
vt 0.375000 0.666667
vt 0.406250 1.000000
vt 0.406250 0.833333
vt 0.406250 0.166667
vt 0.406250 0.000000
vt 0.406250 0.333333
vt 0.406250 0.500000
vt 0.406250 0.666667
vt 0.437500 1.000000
vt 0.437500 0.833333
vt 0.437500 0.166667
vt 0.437500 0.000000
vt 0.437500 0.333333
vt 0.437500 0.500000
vt 0.437500 0.666667
vt 0.468750 1.000000
vt 0.468750 0.833333
vt 0.468750 0.166667
vt 0.468750 0.000000
vt 0.468750 0.333333
vt 0.468750 0.500000
vt 0.468750 0.666667
vt 0.500000 1.000000
vt 0.500000 0.833333
vt 0.500000 0.166667
vt 0.500000 0.000000
vt 0.500000 0.333333
vt 0.500000 0.500000
vt 0.500000 0.666667
vt 0.531250 1.000000
vt 0.531250 0.833333
vt 0.531250 0.166667
vt 0.531250 0.000000
vt 0.531250 0.333333
vt 0.531250 0.500000
vt 0.531250 0.666667
vt 0.562500 1.000000
vt 0.562500 0.833333
vt 0.562500 0.166667
vt 0.562500 0.000000
vt 0.562500 0.333333
vt 0.562500 0.500000
vt 0.562500 0.666667
vt 0.593750 1.000000
vt 0.593750 0.833333
vt 0.593750 0.166667
vt 0.593750 0.000000
vt 0.593750 0.333333
vt 0.593750 0.500000
vt 0.593750 0.666667
vt 0.625000 1.000000
vt 0.625000 0.833333
vt 0.625000 0.166667
vt 0.625000 0.000000
vt 0.625000 0.333333
vt 0.625000 0.500000
vt 0.625000 0.666667
vt 0.656250 1.000000
vt 0.656250 0.833333
vt 0.656250 0.166667
vt 0.656250 0.000000
vt 0.656250 0.333333
vt 0.656250 0.500000
vt 0.656250 0.666667
vt 0.687500 1.000000
vt 0.687500 0.833333
vt 0.687500 0.166667
vt 0.687500 0.000000
vt 0.687500 0.333333
vt 0.687500 0.500000
vt 0.687500 0.666667
vt 0.718750 1.000000
vt 0.718750 0.833333
vt 0.718750 0.166667
vt 0.718750 0.000000
vt 0.718750 0.333333
vt 0.718750 0.500000
vt 0.718750 0.666667
vt 0.750000 1.000000
vt 0.750000 0.833333
vt 0.750000 0.166667
vt 0.750000 0.000000
vt 0.750000 0.333333
vt 0.750000 0.500000
vt 0.750000 0.666667
vt 0.781250 1.000000
vt 0.781250 0.833333
vt 0.781250 0.166667
vt 0.781250 0.000000
vt 0.781250 0.333333
vt 0.781250 0.500000
vt 0.781250 0.666667
vt 0.812500 1.000000
vt 0.812500 0.833333
vt 0.812500 0.166667
vt 0.812500 0.000000
vt 0.812500 0.333333
vt 0.812500 0.500000
vt 0.812500 0.666667
vt 0.843750 1.000000
vt 0.843750 0.833333
vt 0.843750 0.166667
vt 0.843750 0.000000
vt 0.843750 0.333333
vt 0.843750 0.500000
vt 0.843750 0.666667
vt 0.875000 1.000000
vt 0.875000 0.833333
vt 0.875000 0.166667
vt 0.875000 0.000000
vt 0.875000 0.333333
vt 0.875000 0.500000
vt 0.875000 0.666667
vt 0.906250 1.000000
vt 0.906250 0.833333
vt 0.906250 0.166667
vt 0.906250 0.000000
vt 0.906250 0.333333
vt 0.906250 0.500000
vt 0.906250 0.666667
vt 0.937500 1.000000
vt 0.937500 0.833333
vt 0.937500 0.166667
vt 0.937500 0.000000
vt 0.937500 0.333333
vt 0.937500 0.500000
vt 0.937500 0.666667
vt 0.968750 1.000000
vt 0.968750 0.833333
vt 0.968750 0.166667
vt 0.968750 0.000000
vt 0.968750 0.333333
vt 0.968750 0.500000
vt 0.968750 0.666667
vt 1.000000 1.000000
vt 1.000000 0.833333
vt 1.000000 0.166667
vt 1.000000 0.333333
vt 1.000000 0.500000
vt 1.000000 0.666667
s 1
g K_WeightedCuff.001_ring_mail_trim
usemtl ring_mail_trim
f 1298/615/2056 1296/616/2056 1297/617/2056
f 1298/615/2056 1295/618/2056 1296/616/2056
f 1293/619/2056 1295/618/2056 1298/615/2056
f 1293/619/2056 1294/620/2056 1295/618/2056
s 2
f 1301/618/2057 1303/617/2057 1302/616/2057
f 1301/618/2057 1304/615/2057 1303/617/2057
f 1300/620/2057 1304/615/2057 1301/618/2057
f 1300/620/2057 1299/619/2057 1304/615/2057
s 3
f 1305/621/2058 1311/622/2064 1316/623/2069 1310/624/2063
f 1306/625/2059 1312/626/2065 1311/627/2064 1305/619/2058
f 1307/628/2060 1313/629/2066 1312/626/2065 1306/625/2059
f 1308/630/2061 1314/631/2067 1313/629/2066 1307/628/2060
f 1309/632/2062 1315/633/2068 1314/631/2067 1308/630/2061
f 1310/624/2063 1316/623/2069 1315/633/2068 1309/632/2062
f 1311/622/2064 1317/634/2070 1322/635/2075 1316/623/2069
f 1312/626/2065 1318/636/2071 1317/637/2070 1311/627/2064
f 1313/629/2066 1319/638/2072 1318/636/2071 1312/626/2065
f 1314/631/2067 1320/639/2073 1319/638/2072 1313/629/2066
f 1315/633/2068 1321/640/2074 1320/639/2073 1314/631/2067
f 1316/623/2069 1322/635/2075 1321/640/2074 1315/633/2068
f 1317/634/2070 1323/641/2076 1328/642/2081 1322/635/2075
f 1318/636/2071 1324/643/2077 1323/644/2076 1317/637/2070
f 1319/638/2072 1325/645/2078 1324/643/2077 1318/636/2071
f 1320/639/2073 1326/646/2079 1325/645/2078 1319/638/2072
f 1321/640/2074 1327/647/2080 1326/646/2079 1320/639/2073
f 1322/635/2075 1328/642/2081 1327/647/2080 1321/640/2074
f 1323/641/2076 1329/648/2082 1334/649/2087 1328/642/2081
f 1324/643/2077 1330/650/2083 1329/651/2082 1323/644/2076
f 1325/645/2078 1331/652/2084 1330/650/2083 1324/643/2077
f 1326/646/2079 1332/653/2085 1331/652/2084 1325/645/2078
f 1327/647/2080 1333/654/2086 1332/653/2085 1326/646/2079
f 1328/642/2081 1334/649/2087 1333/654/2086 1327/647/2080
f 1329/648/2082 1335/655/2088 1340/656/2093 1334/649/2087
f 1330/650/2083 1336/657/2089 1335/658/2088 1329/651/2082
f 1331/652/2084 1337/659/2090 1336/657/2089 1330/650/2083
f 1332/653/2085 1338/660/2091 1337/659/2090 1331/652/2084
f 1333/654/2086 1339/661/2092 1338/660/2091 1332/653/2085
f 1334/649/2087 1340/656/2093 1339/661/2092 1333/654/2086
f 1335/655/2088 1341/662/2094 1346/663/2099 1340/656/2093
f 1336/657/2089 1342/664/2095 1341/665/2094 1335/658/2088
f 1337/659/2090 1343/666/2096 1342/664/2095 1336/657/2089
f 1338/660/2091 1344/667/2097 1343/666/2096 1337/659/2090
f 1339/661/2092 1345/668/2098 1344/667/2097 1338/660/2091
f 1340/656/2093 1346/663/2099 1345/668/2098 1339/661/2092
f 1341/662/2094 1347/669/2100 1352/670/2105 1346/663/2099
f 1342/664/2095 1348/671/2101 1347/672/2100 1341/665/2094
f 1343/666/2096 1349/673/2102 1348/671/2101 1342/664/2095
f 1344/667/2097 1350/674/2103 1349/673/2102 1343/666/2096
f 1345/668/2098 1351/675/2104 1350/674/2103 1344/667/2097
f 1346/663/2099 1352/670/2105 1351/675/2104 1345/668/2098
f 1347/669/2100 1353/676/2106 1358/677/2111 1352/670/2105
f 1348/671/2101 1354/678/2107 1353/679/2106 1347/672/2100
f 1349/673/2102 1355/680/2108 1354/678/2107 1348/671/2101
f 1350/674/2103 1356/681/2109 1355/680/2108 1349/673/2102
f 1351/675/2104 1357/682/2110 1356/681/2109 1350/674/2103
f 1352/670/2105 1358/677/2111 1357/682/2110 1351/675/2104
f 1353/676/2106 1359/683/2112 1364/684/2117 1358/677/2111
f 1354/678/2107 1360/685/2113 1359/686/2112 1353/679/2106
f 1355/680/2108 1361/687/2114 1360/685/2113 1354/678/2107
f 1356/681/2109 1362/688/2115 1361/687/2114 1355/680/2108
f 1357/682/2110 1363/689/2116 1362/688/2115 1356/681/2109
f 1358/677/2111 1364/684/2117 1363/689/2116 1357/682/2110
f 1359/683/2112 1365/690/2118 1370/691/2123 1364/684/2117
f 1360/685/2113 1366/692/2119 1365/693/2118 1359/686/2112
f 1361/687/2114 1367/694/2120 1366/692/2119 1360/685/2113
f 1362/688/2115 1368/695/2121 1367/694/2120 1361/687/2114
f 1363/689/2116 1369/696/2122 1368/695/2121 1362/688/2115
f 1364/684/2117 1370/691/2123 1369/696/2122 1363/689/2116
f 1365/690/2118 1371/697/2124 1376/698/2129 1370/691/2123
f 1366/692/2119 1372/699/2125 1371/700/2124 1365/693/2118
f 1367/694/2120 1373/701/2126 1372/699/2125 1366/692/2119
f 1368/695/2121 1374/702/2127 1373/701/2126 1367/694/2120
f 1369/696/2122 1375/703/2128 1374/702/2127 1368/695/2121
f 1370/691/2123 1376/698/2129 1375/703/2128 1369/696/2122
f 1371/697/2124 1377/704/2130 1382/705/2135 1376/698/2129
f 1372/699/2125 1378/706/2131 1377/707/2130 1371/700/2124
f 1373/701/2126 1379/708/2132 1378/706/2131 1372/699/2125
f 1374/702/2127 1380/709/2133 1379/708/2132 1373/701/2126
f 1375/703/2128 1381/710/2134 1380/709/2133 1374/702/2127
f 1376/698/2129 1382/705/2135 1381/710/2134 1375/703/2128
f 1377/704/2130 1383/711/2136 1388/712/2141 1382/705/2135
f 1378/706/2131 1384/713/2137 1383/714/2136 1377/707/2130
f 1379/708/2132 1385/715/2138 1384/713/2137 1378/706/2131
f 1380/709/2133 1386/716/2139 1385/715/2138 1379/708/2132
f 1381/710/2134 1387/717/2140 1386/716/2139 1380/709/2133
f 1382/705/2135 1388/712/2141 1387/717/2140 1381/710/2134
f 1383/711/2136 1389/718/2142 1394/719/2147 1388/712/2141
f 1384/713/2137 1390/720/2143 1389/721/2142 1383/714/2136
f 1385/715/2138 1391/722/2144 1390/720/2143 1384/713/2137
f 1386/716/2139 1392/723/2145 1391/722/2144 1385/715/2138
f 1387/717/2140 1393/724/2146 1392/723/2145 1386/716/2139
f 1388/712/2141 1394/719/2147 1393/724/2146 1387/717/2140
f 1389/718/2142 1395/725/2148 1400/726/2153 1394/719/2147
f 1390/720/2143 1396/727/2149 1395/728/2148 1389/721/2142
f 1391/722/2144 1397/729/2150 1396/727/2149 1390/720/2143
f 1392/723/2145 1398/730/2151 1397/729/2150 1391/722/2144
f 1393/724/2146 1399/731/2152 1398/730/2151 1392/723/2145
f 1394/719/2147 1400/726/2153 1399/731/2152 1393/724/2146
f 1395/725/2148 1401/732/2154 1406/733/2159 1400/726/2153
f 1396/727/2149 1402/734/2155 1401/735/2154 1395/728/2148
f 1397/729/2150 1403/736/2156 1402/734/2155 1396/727/2149
f 1398/730/2151 1404/737/2157 1403/736/2156 1397/729/2150
f 1399/731/2152 1405/738/2158 1404/737/2157 1398/730/2151
f 1400/726/2153 1406/733/2159 1405/738/2158 1399/731/2152
f 1401/732/2154 1407/739/2160 1412/740/2165 1406/733/2159
f 1402/734/2155 1408/741/2161 1407/742/2160 1401/735/2154
f 1403/736/2156 1409/743/2162 1408/741/2161 1402/734/2155
f 1404/737/2157 1410/744/2163 1409/743/2162 1403/736/2156
f 1405/738/2158 1411/745/2164 1410/744/2163 1404/737/2157
f 1406/733/2159 1412/740/2165 1411/745/2164 1405/738/2158
f 1407/739/2160 1413/746/2166 1418/747/2171 1412/740/2165
f 1408/741/2161 1414/748/2167 1413/749/2166 1407/742/2160
f 1409/743/2162 1415/750/2168 1414/748/2167 1408/741/2161
f 1410/744/2163 1416/751/2169 1415/750/2168 1409/743/2162
f 1411/745/2164 1417/752/2170 1416/751/2169 1410/744/2163
f 1412/740/2165 1418/747/2171 1417/752/2170 1411/745/2164
f 1413/746/2166 1419/753/2172 1424/754/2177 1418/747/2171
f 1414/748/2167 1420/755/2173 1419/756/2172 1413/749/2166
f 1415/750/2168 1421/757/2174 1420/755/2173 1414/748/2167
f 1416/751/2169 1422/758/2175 1421/757/2174 1415/750/2168
f 1417/752/2170 1423/759/2176 1422/758/2175 1416/751/2169
f 1418/747/2171 1424/754/2177 1423/759/2176 1417/752/2170
f 1419/753/2172 1425/760/2178 1430/761/2183 1424/754/2177
f 1420/755/2173 1426/762/2179 1425/763/2178 1419/756/2172
f 1421/757/2174 1427/764/2180 1426/762/2179 1420/755/2173
f 1422/758/2175 1428/765/2181 1427/764/2180 1421/757/2174
f 1423/759/2176 1429/766/2182 1428/765/2181 1422/758/2175
f 1424/754/2177 1430/761/2183 1429/766/2182 1423/759/2176
f 1425/760/2178 1431/767/2184 1436/768/2189 1430/761/2183
f 1426/762/2179 1432/769/2185 1431/770/2184 1425/763/2178
f 1427/764/2180 1433/771/2186 1432/769/2185 1426/762/2179
f 1428/765/2181 1434/772/2187 1433/771/2186 1427/764/2180
f 1429/766/2182 1435/773/2188 1434/772/2187 1428/765/2181
f 1430/761/2183 1436/768/2189 1435/773/2188 1429/766/2182
f 1431/767/2184 1437/774/2190 1442/775/2195 1436/768/2189
f 1432/769/2185 1438/776/2191 1437/777/2190 1431/770/2184
f 1433/771/2186 1439/778/2192 1438/776/2191 1432/769/2185
f 1434/772/2187 1440/779/2193 1439/778/2192 1433/771/2186
f 1435/773/2188 1441/780/2194 1440/779/2193 1434/772/2187
f 1436/768/2189 1442/775/2195 1441/780/2194 1435/773/2188
f 1437/774/2190 1443/781/2196 1448/782/2201 1442/775/2195
f 1438/776/2191 1444/783/2197 1443/784/2196 1437/777/2190
f 1439/778/2192 1445/785/2198 1444/783/2197 1438/776/2191
f 1440/779/2193 1446/786/2199 1445/785/2198 1439/778/2192
f 1441/780/2194 1447/787/2200 1446/786/2199 1440/779/2193
f 1442/775/2195 1448/782/2201 1447/787/2200 1441/780/2194
f 1443/781/2196 1449/788/2202 1454/789/2207 1448/782/2201
f 1444/783/2197 1450/790/2203 1449/791/2202 1443/784/2196
f 1445/785/2198 1451/792/2204 1450/790/2203 1444/783/2197
f 1446/786/2199 1452/793/2205 1451/792/2204 1445/785/2198
f 1447/787/2200 1453/794/2206 1452/793/2205 1446/786/2199
f 1448/782/2201 1454/789/2207 1453/794/2206 1447/787/2200
f 1449/788/2202 1455/795/2208 1460/796/2213 1454/789/2207
f 1450/790/2203 1456/797/2209 1455/798/2208 1449/791/2202
f 1451/792/2204 1457/799/2210 1456/797/2209 1450/790/2203
f 1452/793/2205 1458/800/2211 1457/799/2210 1451/792/2204
f 1453/794/2206 1459/801/2212 1458/800/2211 1452/793/2205
f 1454/789/2207 1460/796/2213 1459/801/2212 1453/794/2206
f 1455/795/2208 1461/802/2214 1466/803/2219 1460/796/2213
f 1456/797/2209 1462/804/2215 1461/805/2214 1455/798/2208
f 1457/799/2210 1463/806/2216 1462/804/2215 1456/797/2209
f 1458/800/2211 1464/807/2217 1463/806/2216 1457/799/2210
f 1459/801/2212 1465/808/2218 1464/807/2217 1458/800/2211
f 1460/796/2213 1466/803/2219 1465/808/2218 1459/801/2212
f 1461/802/2214 1467/809/2220 1472/810/2225 1466/803/2219
f 1462/804/2215 1468/811/2221 1467/812/2220 1461/805/2214
f 1463/806/2216 1469/813/2222 1468/811/2221 1462/804/2215
f 1464/807/2217 1470/814/2223 1469/813/2222 1463/806/2216
f 1465/808/2218 1471/815/2224 1470/814/2223 1464/807/2217
f 1466/803/2219 1472/810/2225 1471/815/2224 1465/808/2218
f 1467/809/2220 1473/816/2226 1478/817/2231 1472/810/2225
f 1468/811/2221 1474/818/2227 1473/819/2226 1467/812/2220
f 1469/813/2222 1475/820/2228 1474/818/2227 1468/811/2221
f 1470/814/2223 1476/821/2229 1475/820/2228 1469/813/2222
f 1471/815/2224 1477/822/2230 1476/821/2229 1470/814/2223
f 1472/810/2225 1478/817/2231 1477/822/2230 1471/815/2224
f 1473/816/2226 1479/823/2232 1484/824/2237 1478/817/2231
f 1474/818/2227 1480/825/2233 1479/826/2232 1473/819/2226
f 1475/820/2228 1481/827/2234 1480/825/2233 1474/818/2227
f 1476/821/2229 1482/828/2235 1481/827/2234 1475/820/2228
f 1477/822/2230 1483/829/2236 1482/828/2235 1476/821/2229
f 1478/817/2231 1484/824/2237 1483/829/2236 1477/822/2230
f 1479/823/2232 1485/830/2238 1490/831/2243 1484/824/2237
f 1480/825/2233 1486/832/2239 1485/833/2238 1479/826/2232
f 1481/827/2234 1487/834/2240 1486/832/2239 1480/825/2233
f 1482/828/2235 1488/835/2241 1487/834/2240 1481/827/2234
f 1483/829/2236 1489/836/2242 1488/835/2241 1482/828/2235
f 1484/824/2237 1490/831/2243 1489/836/2242 1483/829/2236
f 1485/830/2238 1491/837/2244 1496/838/2249 1490/831/2243
f 1486/832/2239 1492/839/2245 1491/840/2244 1485/833/2238
f 1487/834/2240 1493/841/2246 1492/839/2245 1486/832/2239
f 1488/835/2241 1494/842/2247 1493/841/2246 1487/834/2240
f 1489/836/2242 1495/843/2248 1494/842/2247 1488/835/2241
f 1490/831/2243 1496/838/2249 1495/843/2248 1489/836/2242
f 1491/837/2244 1497/844/2250 1502/845/2255 1496/838/2249
f 1492/839/2245 1498/846/2251 1497/615/2250 1491/840/2244
f 1493/841/2246 1499/847/2252 1498/846/2251 1492/839/2245
f 1494/842/2247 1500/848/2253 1499/847/2252 1493/841/2246
f 1495/843/2248 1501/849/2254 1500/848/2253 1494/842/2247
f 1496/838/2249 1502/845/2255 1501/849/2254 1495/843/2248
s 4
f 1508/615/2056 1507/617/2056 1506/616/2056
f 1508/615/2056 1506/616/2056 1505/618/2056
f 1503/619/2056 1508/615/2056 1505/618/2056
f 1503/619/2056 1505/618/2056 1504/620/2056
s 5
f 1511/618/2057 1512/616/2057 1513/617/2057
f 1511/618/2057 1513/617/2057 1514/615/2057
f 1510/620/2057 1511/618/2057 1514/615/2057
f 1510/620/2057 1514/615/2057 1509/619/2057
s 6
f 1515/621/2059 1520/624/2060 1526/623/2066 1521/622/2065
f 1516/625/2058 1515/619/2059 1521/627/2065 1522/626/2064
f 1517/628/2063 1516/625/2058 1522/626/2064 1523/629/2069
f 1518/630/2062 1517/628/2063 1523/629/2069 1524/631/2068
f 1519/632/2061 1518/630/2062 1524/631/2068 1525/633/2067
f 1520/624/2060 1519/632/2061 1525/633/2067 1526/623/2066
f 1521/622/2065 1526/623/2066 1532/635/2072 1527/634/2071
f 1522/626/2064 1521/627/2065 1527/637/2071 1528/636/2070
f 1523/629/2069 1522/626/2064 1528/636/2070 1529/638/2075
f 1524/631/2068 1523/629/2069 1529/638/2075 1530/639/2074
f 1525/633/2067 1524/631/2068 1530/639/2074 1531/640/2073
f 1526/623/2066 1525/633/2067 1531/640/2073 1532/635/2072
f 1527/634/2071 1532/635/2072 1538/642/2078 1533/641/2077
f 1528/636/2070 1527/637/2071 1533/644/2077 1534/643/2076
f 1529/638/2075 1528/636/2070 1534/643/2076 1535/645/2081
f 1530/639/2074 1529/638/2075 1535/645/2081 1536/646/2080
f 1531/640/2073 1530/639/2074 1536/646/2080 1537/647/2079
f 1532/635/2072 1531/640/2073 1537/647/2079 1538/642/2078
f 1533/641/2077 1538/642/2078 1544/649/2084 1539/648/2083
f 1534/643/2076 1533/644/2077 1539/651/2083 1540/650/2082
f 1535/645/2081 1534/643/2076 1540/650/2082 1541/652/2087
f 1536/646/2080 1535/645/2081 1541/652/2087 1542/653/2086
f 1537/647/2079 1536/646/2080 1542/653/2086 1543/654/2085
f 1538/642/2078 1537/647/2079 1543/654/2085 1544/649/2084
f 1539/648/2083 1544/649/2084 1550/656/2090 1545/655/2089
f 1540/650/2082 1539/651/2083 1545/658/2089 1546/657/2088
f 1541/652/2087 1540/650/2082 1546/657/2088 1547/659/2093
f 1542/653/2086 1541/652/2087 1547/659/2093 1548/660/2092
f 1543/654/2085 1542/653/2086 1548/660/2092 1549/661/2091
f 1544/649/2084 1543/654/2085 1549/661/2091 1550/656/2090
f 1545/655/2089 1550/656/2090 1556/663/2096 1551/662/2095
f 1546/657/2088 1545/658/2089 1551/665/2095 1552/664/2094
f 1547/659/2093 1546/657/2088 1552/664/2094 1553/666/2099
f 1548/660/2092 1547/659/2093 1553/666/2099 1554/667/2098
f 1549/661/2091 1548/660/2092 1554/667/2098 1555/668/2097
f 1550/656/2090 1549/661/2091 1555/668/2097 1556/663/2096
f 1551/662/2095 1556/663/2096 1562/670/2102 1557/669/2101
f 1552/664/2094 1551/665/2095 1557/672/2101 1558/671/2100
f 1553/666/2099 1552/664/2094 1558/671/2100 1559/673/2105
f 1554/667/2098 1553/666/2099 1559/673/2105 1560/674/2104
f 1555/668/2097 1554/667/2098 1560/674/2104 1561/675/2103
f 1556/663/2096 1555/668/2097 1561/675/2103 1562/670/2102
f 1557/669/2101 1562/670/2102 1568/677/2108 1563/676/2107
f 1558/671/2100 1557/672/2101 1563/679/2107 1564/678/2106
f 1559/673/2105 1558/671/2100 1564/678/2106 1565/680/2111
f 1560/674/2104 1559/673/2105 1565/680/2111 1566/681/2110
f 1561/675/2103 1560/674/2104 1566/681/2110 1567/682/2109
f 1562/670/2102 1561/675/2103 1567/682/2109 1568/677/2108
f 1563/676/2107 1568/677/2108 1574/684/2114 1569/683/2113
f 1564/678/2106 1563/679/2107 1569/686/2113 1570/685/2112
f 1565/680/2111 1564/678/2106 1570/685/2112 1571/687/2117
f 1566/681/2110 1565/680/2111 1571/687/2117 1572/688/2116
f 1567/682/2109 1566/681/2110 1572/688/2116 1573/689/2115
f 1568/677/2108 1567/682/2109 1573/689/2115 1574/684/2114
f 1569/683/2113 1574/684/2114 1580/691/2120 1575/690/2119
f 1570/685/2112 1569/686/2113 1575/693/2119 1576/692/2118
f 1571/687/2117 1570/685/2112 1576/692/2118 1577/694/2123
f 1572/688/2116 1571/687/2117 1577/694/2123 1578/695/2122
f 1573/689/2115 1572/688/2116 1578/695/2122 1579/696/2121
f 1574/684/2114 1573/689/2115 1579/696/2121 1580/691/2120
f 1575/690/2119 1580/691/2120 1586/698/2126 1581/697/2125
f 1576/692/2118 1575/693/2119 1581/700/2125 1582/699/2124
f 1577/694/2123 1576/692/2118 1582/699/2124 1583/701/2129
f 1578/695/2122 1577/694/2123 1583/701/2129 1584/702/2128
f 1579/696/2121 1578/695/2122 1584/702/2128 1585/703/2127
f 1580/691/2120 1579/696/2121 1585/703/2127 1586/698/2126
f 1581/697/2125 1586/698/2126 1592/705/2132 1587/704/2131
f 1582/699/2124 1581/700/2125 1587/707/2131 1588/706/2130
f 1583/701/2129 1582/699/2124 1588/706/2130 1589/708/2135
f 1584/702/2128 1583/701/2129 1589/708/2135 1590/709/2134
f 1585/703/2127 1584/702/2128 1590/709/2134 1591/710/2133
f 1586/698/2126 1585/703/2127 1591/710/2133 1592/705/2132
f 1587/704/2131 1592/705/2132 1598/712/2138 1593/711/2137
f 1588/706/2130 1587/707/2131 1593/714/2137 1594/713/2136
f 1589/708/2135 1588/706/2130 1594/713/2136 1595/715/2141
f 1590/709/2134 1589/708/2135 1595/715/2141 1596/716/2140
f 1591/710/2133 1590/709/2134 1596/716/2140 1597/717/2139
f 1592/705/2132 1591/710/2133 1597/717/2139 1598/712/2138
f 1593/711/2137 1598/712/2138 1604/719/2144 1599/718/2143
f 1594/713/2136 1593/714/2137 1599/721/2143 1600/720/2142
f 1595/715/2141 1594/713/2136 1600/720/2142 1601/722/2147
f 1596/716/2140 1595/715/2141 1601/722/2147 1602/723/2146
f 1597/717/2139 1596/716/2140 1602/723/2146 1603/724/2145
f 1598/712/2138 1597/717/2139 1603/724/2145 1604/719/2144
f 1599/718/2143 1604/719/2144 1610/726/2150 1605/725/2149
f 1600/720/2142 1599/721/2143 1605/728/2149 1606/727/2148
f 1601/722/2147 1600/720/2142 1606/727/2148 1607/729/2153
f 1602/723/2146 1601/722/2147 1607/729/2153 1608/730/2152
f 1603/724/2145 1602/723/2146 1608/730/2152 1609/731/2151
f 1604/719/2144 1603/724/2145 1609/731/2151 1610/726/2150
f 1605/725/2149 1610/726/2150 1616/733/2156 1611/732/2155
f 1606/727/2148 1605/728/2149 1611/735/2155 1612/734/2154
f 1607/729/2153 1606/727/2148 1612/734/2154 1613/736/2159
f 1608/730/2152 1607/729/2153 1613/736/2159 1614/737/2158
f 1609/731/2151 1608/730/2152 1614/737/2158 1615/738/2157
f 1610/726/2150 1609/731/2151 1615/738/2157 1616/733/2156
f 1611/732/2155 1616/733/2156 1622/740/2162 1617/739/2161
f 1612/734/2154 1611/735/2155 1617/742/2161 1618/741/2160
f 1613/736/2159 1612/734/2154 1618/741/2160 1619/743/2165
f 1614/737/2158 1613/736/2159 1619/743/2165 1620/744/2164
f 1615/738/2157 1614/737/2158 1620/744/2164 1621/745/2163
f 1616/733/2156 1615/738/2157 1621/745/2163 1622/740/2162
f 1617/739/2161 1622/740/2162 1628/747/2168 1623/746/2167
f 1618/741/2160 1617/742/2161 1623/749/2167 1624/748/2166
f 1619/743/2165 1618/741/2160 1624/748/2166 1625/750/2171
f 1620/744/2164 1619/743/2165 1625/750/2171 1626/751/2170
f 1621/745/2163 1620/744/2164 1626/751/2170 1627/752/2169
f 1622/740/2162 1621/745/2163 1627/752/2169 1628/747/2168
f 1623/746/2167 1628/747/2168 1634/754/2174 1629/753/2173
f 1624/748/2166 1623/749/2167 1629/756/2173 1630/755/2172
f 1625/750/2171 1624/748/2166 1630/755/2172 1631/757/2177
f 1626/751/2170 1625/750/2171 1631/757/2177 1632/758/2176
f 1627/752/2169 1626/751/2170 1632/758/2176 1633/759/2175
f 1628/747/2168 1627/752/2169 1633/759/2175 1634/754/2174
f 1629/753/2173 1634/754/2174 1640/761/2180 1635/760/2179
f 1630/755/2172 1629/756/2173 1635/763/2179 1636/762/2178
f 1631/757/2177 1630/755/2172 1636/762/2178 1637/764/2183
f 1632/758/2176 1631/757/2177 1637/764/2183 1638/765/2182
f 1633/759/2175 1632/758/2176 1638/765/2182 1639/766/2181
f 1634/754/2174 1633/759/2175 1639/766/2181 1640/761/2180
f 1635/760/2179 1640/761/2180 1646/768/2186 1641/767/2185
f 1636/762/2178 1635/763/2179 1641/770/2185 1642/769/2184
f 1637/764/2183 1636/762/2178 1642/769/2184 1643/771/2189
f 1638/765/2182 1637/764/2183 1643/771/2189 1644/772/2188
f 1639/766/2181 1638/765/2182 1644/772/2188 1645/773/2187
f 1640/761/2180 1639/766/2181 1645/773/2187 1646/768/2186
f 1641/767/2185 1646/768/2186 1652/775/2192 1647/774/2191
f 1642/769/2184 1641/770/2185 1647/777/2191 1648/776/2190
f 1643/771/2189 1642/769/2184 1648/776/2190 1649/778/2195
f 1644/772/2188 1643/771/2189 1649/778/2195 1650/779/2194
f 1645/773/2187 1644/772/2188 1650/779/2194 1651/780/2193
f 1646/768/2186 1645/773/2187 1651/780/2193 1652/775/2192
f 1647/774/2191 1652/775/2192 1658/782/2198 1653/781/2197
f 1648/776/2190 1647/777/2191 1653/784/2197 1654/783/2196
f 1649/778/2195 1648/776/2190 1654/783/2196 1655/785/2201
f 1650/779/2194 1649/778/2195 1655/785/2201 1656/786/2200
f 1651/780/2193 1650/779/2194 1656/786/2200 1657/787/2199
f 1652/775/2192 1651/780/2193 1657/787/2199 1658/782/2198
f 1653/781/2197 1658/782/2198 1664/789/2204 1659/788/2203
f 1654/783/2196 1653/784/2197 1659/791/2203 1660/790/2202
f 1655/785/2201 1654/783/2196 1660/790/2202 1661/792/2207
f 1656/786/2200 1655/785/2201 1661/792/2207 1662/793/2206
f 1657/787/2199 1656/786/2200 1662/793/2206 1663/794/2205
f 1658/782/2198 1657/787/2199 1663/794/2205 1664/789/2204
f 1659/788/2203 1664/789/2204 1670/796/2210 1665/795/2209
f 1660/790/2202 1659/791/2203 1665/798/2209 1666/797/2208
f 1661/792/2207 1660/790/2202 1666/797/2208 1667/799/2213
f 1662/793/2206 1661/792/2207 1667/799/2213 1668/800/2212
f 1663/794/2205 1662/793/2206 1668/800/2212 1669/801/2256
f 1664/789/2204 1663/794/2205 1669/801/2256 1670/796/2210
f 1665/795/2209 1670/796/2210 1676/803/2216 1671/802/2215
f 1666/797/2208 1665/798/2209 1671/805/2215 1672/804/2214
f 1667/799/2213 1666/797/2208 1672/804/2214 1673/806/2219
f 1668/800/2212 1667/799/2213 1673/806/2219 1674/807/2218
f 1669/801/2256 1668/800/2212 1674/807/2218 1675/808/2217
f 1670/796/2210 1669/801/2256 1675/808/2217 1676/803/2216
f 1671/802/2215 1676/803/2216 1682/810/2222 1677/809/2221
f 1672/804/2214 1671/805/2215 1677/812/2221 1678/811/2220
f 1673/806/2219 1672/804/2214 1678/811/2220 1679/813/2225
f 1674/807/2218 1673/806/2219 1679/813/2225 1680/814/2224
f 1675/808/2217 1674/807/2218 1680/814/2224 1681/815/2223
f 1676/803/2216 1675/808/2217 1681/815/2223 1682/810/2222
f 1677/809/2221 1682/810/2222 1688/817/2228 1683/816/2227
f 1678/811/2220 1677/812/2221 1683/819/2227 1684/818/2226
f 1679/813/2225 1678/811/2220 1684/818/2226 1685/820/2231
f 1680/814/2224 1679/813/2225 1685/820/2231 1686/821/2230
f 1681/815/2223 1680/814/2224 1686/821/2230 1687/822/2229
f 1682/810/2222 1681/815/2223 1687/822/2229 1688/817/2228
f 1683/816/2227 1688/817/2228 1694/824/2234 1689/823/2233
f 1684/818/2226 1683/819/2227 1689/826/2233 1690/825/2232
f 1685/820/2231 1684/818/2226 1690/825/2232 1691/827/2237
f 1686/821/2230 1685/820/2231 1691/827/2237 1692/828/2236
f 1687/822/2229 1686/821/2230 1692/828/2236 1693/829/2235
f 1688/817/2228 1687/822/2229 1693/829/2235 1694/824/2234
f 1689/823/2233 1694/824/2234 1700/831/2240 1695/830/2239
f 1690/825/2232 1689/826/2233 1695/833/2239 1696/832/2238
f 1691/827/2237 1690/825/2232 1696/832/2238 1697/834/2243
f 1692/828/2236 1691/827/2237 1697/834/2243 1698/835/2242
f 1693/829/2235 1692/828/2236 1698/835/2242 1699/836/2241
f 1694/824/2234 1693/829/2235 1699/836/2241 1700/831/2240
f 1695/830/2239 1700/831/2240 1706/838/2246 1701/837/2245
f 1696/832/2238 1695/833/2239 1701/840/2245 1702/839/2244
f 1697/834/2243 1696/832/2238 1702/839/2244 1703/841/2249
f 1698/835/2242 1697/834/2243 1703/841/2249 1704/842/2248
f 1699/836/2241 1698/835/2242 1704/842/2248 1705/843/2247
f 1700/831/2240 1699/836/2241 1705/843/2247 1706/838/2246
f 1701/837/2245 1706/838/2246 1712/845/2252 1707/844/2251
f 1702/839/2244 1701/840/2245 1707/615/2251 1708/846/2250
f 1703/841/2249 1702/839/2244 1708/846/2250 1709/847/2255
f 1704/842/2248 1703/841/2249 1709/847/2255 1710/848/2254
f 1705/843/2247 1704/842/2248 1710/848/2254 1711/849/2253
f 1706/838/2246 1705/843/2247 1711/849/2253 1712/845/2252
g K_WeightedCuff.001_K_WeightedCuff.001
v 1.214500 0.217314 -0.429415
v 1.249500 0.217314 -0.429415
v 1.267000 0.210000 -0.400000
v 1.249500 0.202686 -0.370585
v 1.214500 0.202686 -0.370585
v 1.197000 0.210000 -0.400000
v 1.214500 0.217314 0.429415
v 1.249500 0.217314 0.429415
v 1.267000 0.210000 0.400000
v 1.249500 0.202686 0.370585
v 1.214500 0.202686 0.370585
v 1.197000 0.210000 0.400000
v 1.214500 0.217314 0.429415
v 1.249500 0.217314 0.429415
v 1.267000 0.210000 0.400000
v 1.249500 0.202686 0.370585
v 1.214500 0.202686 0.370585
v 1.197000 0.210000 0.400000
v 1.214500 0.248476 0.423199
v 1.249500 0.248476 0.423199
v 1.267000 0.243126 0.393364
v 1.249500 0.237777 0.363529
v 1.214500 0.237777 0.363529
v 1.197000 0.243126 0.393364
v 1.214500 0.278458 0.418437
v 1.249500 0.278458 0.418437
v 1.267000 0.272685 0.388681
v 1.249500 0.266911 0.358925
v 1.214500 0.266911 0.358925
v 1.197000 0.272685 0.388681
v 1.214500 0.310617 0.410958
v 1.249500 0.310617 0.410958
v 1.267000 0.301516 0.382046
v 1.249500 0.292414 0.353134
v 1.214500 0.292414 0.353134
v 1.197000 0.301516 0.382046
v 1.214500 0.345660 0.396837
v 1.249500 0.345660 0.396837
v 1.267000 0.332459 0.369552
v 1.249500 0.319258 0.342267
v 1.214500 0.319258 0.342267
v 1.197000 0.332459 0.369552
v 1.214500 0.380429 0.377060
v 1.249500 0.380429 0.377060
v 1.267000 0.363859 0.351679
v 1.249500 0.347288 0.326298
v 1.214500 0.347288 0.326298
v 1.197000 0.363859 0.351679
v 1.214500 0.409135 0.355709
v 1.249500 0.409135 0.355709
v 1.267000 0.389527 0.332595
v 1.249500 0.369920 0.309480
v 1.214500 0.369920 0.309480
v 1.197000 0.389527 0.332595
v 1.214500 0.434647 0.331129
v 1.249500 0.434647 0.331129
v 1.267000 0.412616 0.310311
v 1.249500 0.390584 0.289494
v 1.214500 0.390584 0.289494
v 1.197000 0.412616 0.310311
v 1.214500 0.459897 0.301836
v 1.249500 0.459897 0.301836
v 1.267000 0.436274 0.282843
v 1.249500 0.412652 0.263850
v 1.214500 0.412652 0.263850
v 1.197000 0.436274 0.282843
v 1.214500 0.484987 0.268335
v 1.249500 0.484987 0.268335
v 1.267000 0.459832 0.251423
v 1.249500 0.434678 0.234512
v 1.214500 0.434678 0.234512
v 1.197000 0.459832 0.251423
v 1.214500 0.504501 0.235800
v 1.249500 0.504501 0.235800
v 1.267000 0.477687 0.221666
v 1.249500 0.450873 0.207532
v 1.214500 0.450873 0.207532
v 1.197000 0.477687 0.221666
v 1.214500 0.520218 0.201564
v 1.249500 0.520218 0.201564
v 1.267000 0.492177 0.190055
v 1.249500 0.464136 0.178546
v 1.214500 0.464136 0.178546
v 1.197000 0.492177 0.190055
v 1.214500 0.534404 0.162637
v 1.249500 0.534404 0.162637
v 1.267000 0.505641 0.153073
v 1.249500 0.476879 0.143510
v 1.214500 0.476879 0.143510
v 1.197000 0.505641 0.153073
v 1.214500 0.546956 0.120949
v 1.249500 0.546956 0.120949
v 1.267000 0.517583 0.113467
v 1.249500 0.488211 0.105985
v 1.214500 0.488210 0.105985
v 1.197000 0.517583 0.113467
v 1.214500 0.554996 0.082424
v 1.249500 0.554996 0.082424
v 1.267000 0.525053 0.077720
v 1.249500 0.495109 0.073016
v 1.214500 0.495109 0.073016
v 1.197000 0.525053 0.077720
v 1.214500 0.559151 0.043381
v 1.249500 0.559151 0.043381
v 1.267000 0.528906 0.041381
v 1.249500 0.498661 0.039381
v 1.214500 0.498661 0.039381
v 1.197000 0.528906 0.041381
v 1.214500 0.560311 0.000000
v 1.249500 0.560311 0.000000
v 1.267000 0.530000 -0.000000
v 1.249500 0.499689 -0.000000
v 1.214500 0.499689 -0.000000
v 1.197000 0.530000 0.000000
v 1.214500 0.559151 -0.043381
v 1.249500 0.559151 -0.043381
v 1.267000 0.528906 -0.041381
v 1.249500 0.498661 -0.039381
v 1.214500 0.498661 -0.039381
v 1.197000 0.528906 -0.041381
v 1.214500 0.554996 -0.082424
v 1.249500 0.554996 -0.082424
v 1.267000 0.525053 -0.077720
v 1.249500 0.495109 -0.073016
v 1.214500 0.495109 -0.073016
v 1.197000 0.525053 -0.077720
v 1.214500 0.546957 -0.120949
v 1.249500 0.546957 -0.120949
v 1.267000 0.517584 -0.113467
v 1.249500 0.488211 -0.105985
v 1.214500 0.488211 -0.105985
v 1.197000 0.517584 -0.113467
v 1.214500 0.534404 -0.162637
v 1.249500 0.534404 -0.162637
v 1.267000 0.505641 -0.153073
v 1.249500 0.476879 -0.143510
v 1.214500 0.476879 -0.143510
v 1.197000 0.505641 -0.153073
v 1.214500 0.520218 -0.201564
v 1.249500 0.520218 -0.201564
v 1.267000 0.492177 -0.190055
v 1.249500 0.464136 -0.178546
v 1.214500 0.464136 -0.178546
v 1.197000 0.492177 -0.190055
v 1.214500 0.504501 -0.235800
v 1.249500 0.504501 -0.235800
v 1.267000 0.477687 -0.221666
v 1.249500 0.450873 -0.207532
v 1.214500 0.450873 -0.207532
v 1.197000 0.477687 -0.221666
v 1.214500 0.484987 -0.268335
v 1.249500 0.484987 -0.268335
v 1.267000 0.459832 -0.251423
v 1.249500 0.434678 -0.234512
v 1.214500 0.434678 -0.234512
v 1.197000 0.459832 -0.251423
v 1.214500 0.459897 -0.301836
v 1.249500 0.459897 -0.301836
v 1.267000 0.436274 -0.282843
v 1.249500 0.412652 -0.263850
v 1.214500 0.412652 -0.263850
v 1.197000 0.436274 -0.282843
v 1.214500 0.434647 -0.331129
v 1.249500 0.434647 -0.331129
v 1.267000 0.412616 -0.310311
v 1.249500 0.390584 -0.289494
v 1.214500 0.390584 -0.289494
v 1.197000 0.412616 -0.310311
v 1.214500 0.409135 -0.355709
v 1.249500 0.409135 -0.355709
v 1.267000 0.389527 -0.332595
v 1.249500 0.369920 -0.309480
v 1.214500 0.369920 -0.309480
v 1.197000 0.389527 -0.332595
v 1.214500 0.380429 -0.377060
v 1.249500 0.380429 -0.377060
v 1.267000 0.363859 -0.351679
v 1.249500 0.347288 -0.326299
v 1.214500 0.347288 -0.326298
v 1.197000 0.363859 -0.351679
v 1.214500 0.345660 -0.396837
v 1.249500 0.345660 -0.396837
v 1.267000 0.332459 -0.369552
v 1.249500 0.319258 -0.342267
v 1.214500 0.319258 -0.342267
v 1.197000 0.332459 -0.369552
v 1.214500 0.310617 -0.410958
v 1.249500 0.310617 -0.410958
v 1.267000 0.301516 -0.382046
v 1.249500 0.292414 -0.353134
v 1.214500 0.292414 -0.353134
v 1.197000 0.301516 -0.382046
v 1.214500 0.278459 -0.418437
v 1.249500 0.278459 -0.418437
v 1.267000 0.272685 -0.388681
v 1.249500 0.266911 -0.358925
v 1.214500 0.266911 -0.358925
v 1.197000 0.272685 -0.388681
v 1.214500 0.248476 -0.423199
v 1.249500 0.248476 -0.423199
v 1.267000 0.243126 -0.393364
v 1.249500 0.237777 -0.363529
v 1.214500 0.237777 -0.363529
v 1.197000 0.243126 -0.393364
v 1.214500 0.217314 -0.429415
v 1.249500 0.217314 -0.429415
v 1.267000 0.210000 -0.400000
v 1.249500 0.202686 -0.370585
v 1.214500 0.202686 -0.370585
v 1.197000 0.210000 -0.400000
v -1.214500 0.217314 -0.429415
v -1.249500 0.217314 -0.429415
v -1.267000 0.210000 -0.400000
v -1.249500 0.202686 -0.370585
v -1.214500 0.202686 -0.370585
v -1.197000 0.210000 -0.400000
v -1.214500 0.217314 0.429415
v -1.249500 0.217314 0.429415
v -1.267000 0.210000 0.400000
v -1.249500 0.202686 0.370585
v -1.214500 0.202686 0.370585
v -1.197000 0.210000 0.400000
v -1.214500 0.217314 0.429415
v -1.249500 0.217314 0.429415
v -1.267000 0.210000 0.400000
v -1.249500 0.202686 0.370585
v -1.214500 0.202686 0.370585
v -1.197000 0.210000 0.400000
v -1.214500 0.248476 0.423199
v -1.249500 0.248476 0.423199
v -1.267000 0.243126 0.393364
v -1.249500 0.237777 0.363529
v -1.214500 0.237777 0.363529
v -1.197000 0.243126 0.393364
v -1.214500 0.278458 0.418437
v -1.249500 0.278458 0.418437
v -1.267000 0.272685 0.388681
v -1.249500 0.266911 0.358925
v -1.214500 0.266911 0.358925
v -1.197000 0.272685 0.388681
v -1.214500 0.310617 0.410958
v -1.249500 0.310617 0.410958
v -1.267000 0.301516 0.382046
v -1.249500 0.292414 0.353134
v -1.214500 0.292414 0.353134
v -1.197000 0.301516 0.382046
v -1.214500 0.345660 0.396837
v -1.249500 0.345660 0.396837
v -1.267000 0.332459 0.369552
v -1.249500 0.319258 0.342267
v -1.214500 0.319258 0.342267
v -1.197000 0.332459 0.369552
v -1.214500 0.380429 0.377060
v -1.249500 0.380429 0.377060
v -1.267000 0.363859 0.351679
v -1.249500 0.347288 0.326298
v -1.214500 0.347288 0.326298
v -1.197000 0.363859 0.351679
v -1.214500 0.409135 0.355709
v -1.249500 0.409135 0.355709
v -1.267000 0.389527 0.332595
v -1.249500 0.369920 0.309480
v -1.214500 0.369920 0.309480
v -1.197000 0.389527 0.332595
v -1.214500 0.434647 0.331129
v -1.249500 0.434647 0.331129
v -1.267000 0.412616 0.310311
v -1.249500 0.390584 0.289494
v -1.214500 0.390584 0.289494
v -1.197000 0.412616 0.310311
v -1.214500 0.459897 0.301836
v -1.249500 0.459897 0.301836
v -1.267000 0.436274 0.282843
v -1.249500 0.412652 0.263850
v -1.214500 0.412652 0.263850
v -1.197000 0.436274 0.282843
v -1.214500 0.484987 0.268335
v -1.249500 0.484987 0.268335
v -1.267000 0.459832 0.251423
v -1.249500 0.434678 0.234512
v -1.214500 0.434678 0.234512
v -1.197000 0.459832 0.251423
v -1.214500 0.504501 0.235800
v -1.249500 0.504501 0.235800
v -1.267000 0.477687 0.221666
v -1.249500 0.450873 0.207532
v -1.214500 0.450873 0.207532
v -1.197000 0.477687 0.221666
v -1.214500 0.520218 0.201564
v -1.249500 0.520218 0.201564
v -1.267000 0.492177 0.190055
v -1.249500 0.464136 0.178546
v -1.214500 0.464136 0.178546
v -1.197000 0.492177 0.190055
v -1.214500 0.534404 0.162637
v -1.249500 0.534404 0.162637
v -1.267000 0.505641 0.153073
v -1.249500 0.476879 0.143510
v -1.214500 0.476879 0.143510
v -1.197000 0.505641 0.153073
v -1.214500 0.546956 0.120949
v -1.249500 0.546956 0.120949
v -1.267000 0.517583 0.113467
v -1.249500 0.488211 0.105985
v -1.214500 0.488210 0.105985
v -1.197000 0.517583 0.113467
v -1.214500 0.554996 0.082424
v -1.249500 0.554996 0.082424
v -1.267000 0.525053 0.077720
v -1.249500 0.495109 0.073016
v -1.214500 0.495109 0.073016
v -1.197000 0.525053 0.077720
v -1.214500 0.559151 0.043381
v -1.249500 0.559151 0.043381
v -1.267000 0.528906 0.041381
v -1.249500 0.498661 0.039381
v -1.214500 0.498661 0.039381
v -1.197000 0.528906 0.041381
v -1.214500 0.560311 0.000000
v -1.249500 0.560311 0.000000
v -1.267000 0.530000 -0.000000
v -1.249500 0.499689 -0.000000
v -1.214500 0.499689 -0.000000
v -1.197000 0.530000 0.000000
v -1.214500 0.559151 -0.043381
v -1.249500 0.559151 -0.043381
v -1.267000 0.528906 -0.041381
v -1.249500 0.498661 -0.039381
v -1.214500 0.498661 -0.039381
v -1.197000 0.528906 -0.041381
v -1.214500 0.554996 -0.082424
v -1.249500 0.554996 -0.082424
v -1.267000 0.525053 -0.077720
v -1.249500 0.495109 -0.073016
v -1.214500 0.495109 -0.073016
v -1.197000 0.525053 -0.077720
v -1.214500 0.546957 -0.120949
v -1.249500 0.546957 -0.120949
v -1.267000 0.517584 -0.113467
v -1.249500 0.488211 -0.105985
v -1.214500 0.488211 -0.105985
v -1.197000 0.517584 -0.113467
v -1.214500 0.534404 -0.162637
v -1.249500 0.534404 -0.162637
v -1.267000 0.505641 -0.153073
v -1.249500 0.476879 -0.143510
v -1.214500 0.476879 -0.143510
v -1.197000 0.505641 -0.153073
v -1.214500 0.520218 -0.201564
v -1.249500 0.520218 -0.201564
v -1.267000 0.492177 -0.190055
v -1.249500 0.464136 -0.178546
v -1.214500 0.464136 -0.178546
v -1.197000 0.492177 -0.190055
v -1.214500 0.504501 -0.235800
v -1.249500 0.504501 -0.235800
v -1.267000 0.477687 -0.221666
v -1.249500 0.450873 -0.207532
v -1.214500 0.450873 -0.207532
v -1.197000 0.477687 -0.221666
v -1.214500 0.484987 -0.268335
v -1.249500 0.484987 -0.268335
v -1.267000 0.459832 -0.251423
v -1.249500 0.434678 -0.234512
v -1.214500 0.434678 -0.234512
v -1.197000 0.459832 -0.251423
v -1.214500 0.459897 -0.301836
v -1.249500 0.459897 -0.301836
v -1.267000 0.436274 -0.282843
v -1.249500 0.412652 -0.263850
v -1.214500 0.412652 -0.263850
v -1.197000 0.436274 -0.282843
v -1.214500 0.434647 -0.331129
v -1.249500 0.434647 -0.331129
v -1.267000 0.412616 -0.310311
v -1.249500 0.390584 -0.289494
v -1.214500 0.390584 -0.289494
v -1.197000 0.412616 -0.310311
v -1.214500 0.409135 -0.355709
v -1.249500 0.409135 -0.355709
v -1.267000 0.389527 -0.332595
v -1.249500 0.369920 -0.309480
v -1.214500 0.369920 -0.309480
v -1.197000 0.389527 -0.332595
v -1.214500 0.380429 -0.377060
v -1.249500 0.380429 -0.377060
v -1.267000 0.363859 -0.351679
v -1.249500 0.347288 -0.326299
v -1.214500 0.347288 -0.326298
v -1.197000 0.363859 -0.351679
v -1.214500 0.345660 -0.396837
v -1.249500 0.345660 -0.396837
v -1.267000 0.332459 -0.369552
v -1.249500 0.319258 -0.342267
v -1.214500 0.319258 -0.342267
v -1.197000 0.332459 -0.369552
v -1.214500 0.310617 -0.410958
v -1.249500 0.310617 -0.410958
v -1.267000 0.301516 -0.382046
v -1.249500 0.292414 -0.353134
v -1.214500 0.292414 -0.353134
v -1.197000 0.301516 -0.382046
v -1.214500 0.278459 -0.418437
v -1.249500 0.278459 -0.418437
v -1.267000 0.272685 -0.388681
v -1.249500 0.266911 -0.358925
v -1.214500 0.266911 -0.358925
v -1.197000 0.272685 -0.388681
v -1.214500 0.248476 -0.423199
v -1.249500 0.248476 -0.423199
v -1.267000 0.243126 -0.393364
v -1.249500 0.237777 -0.363529
v -1.214500 0.237777 -0.363529
v -1.197000 0.243126 -0.393364
v -1.214500 0.217314 -0.429415
v -1.249500 0.217314 -0.429415
v -1.267000 0.210000 -0.400000
v -1.249500 0.202686 -0.370585
v -1.214500 0.202686 -0.370585
v -1.197000 0.210000 -0.400000
vn -0.0000 -0.9705 -0.2413
vn -0.0000 -0.9705 0.2413
vn -0.5063 0.1688 0.8457
vn 0.5062 0.1688 0.8457
vn 0.9999 -0.0030 -0.0143
vn 0.4935 -0.1715 -0.8527
vn -0.4935 -0.1715 -0.8527
vn -0.9999 -0.0030 -0.0143
vn -0.5027 0.1524 0.8509
vn 0.5027 0.1524 0.8509
vn 1.0000 -0.0012 -0.0063
vn 0.4971 -0.1532 -0.8541
vn -0.4971 -0.1532 -0.8541
vn -1.0000 -0.0012 -0.0063
vn -0.4951 0.1665 0.8528
vn 0.4951 0.1665 0.8528
vn 0.9999 0.0022 0.0106
vn 0.5047 -0.1631 -0.8478
vn -0.5047 -0.1631 -0.8478
vn -0.9999 0.0022 0.0106
vn -0.4897 0.2625 0.8315
vn 0.4896 0.2625 0.8315
vn 0.9997 0.0076 0.0237
vn 0.5117 -0.2573 -0.8198
vn -0.5117 -0.2573 -0.8198
vn -0.9997 0.0076 0.0237
vn -0.4909 0.3791 0.7844
vn 0.4910 0.3791 0.7844
vn 0.9998 0.0092 0.0191
vn 0.5094 -0.3752 -0.7744
vn -0.5094 -0.3752 -0.7744
vn -0.9998 0.0092 0.0191
vn -0.4917 0.4760 0.7291
vn 0.4917 0.4760 0.7291
vn 0.9998 0.0106 0.0162
vn 0.5085 -0.4708 -0.7210
vn -0.5085 -0.4708 -0.7210
vn -0.9998 0.0106 0.0162
vn -0.4914 0.5632 0.6643
vn 0.4914 0.5632 0.6643
vn 0.9998 0.0131 0.0156
vn 0.5092 -0.5570 -0.6561
vn -0.5092 -0.5570 -0.6561
vn -0.9998 0.0131 0.0156
vn -0.4937 0.6318 0.5976
vn 0.4937 0.6318 0.5976
vn 0.9999 0.0105 0.0101
vn 0.5064 -0.6272 -0.5918
vn -0.5064 -0.6272 -0.5918
vn -0.9999 0.0105 0.0101
vn -0.4953 0.6771 0.5443
vn 0.4953 0.6771 0.5443
vn 0.9999 0.0083 0.0067
vn 0.5046 -0.6728 -0.5410
vn -0.5046 -0.6728 -0.5410
vn -0.9999 0.0083 0.0067
vn -0.4931 0.7222 0.4852
vn 0.4931 0.7222 0.4852
vn 0.9999 0.0136 0.0091
vn 0.5073 -0.7150 -0.4811
vn -0.5073 -0.7150 -0.4811
vn -0.9999 0.0136 0.0091
vn -0.4926 0.7698 0.4060
vn 0.4926 0.7698 0.4060
vn 0.9998 0.0155 0.0082
vn 0.5079 -0.7621 -0.4015
vn -0.5079 -0.7621 -0.4015
vn -0.9998 0.0155 0.0082
vn -0.4945 0.8040 0.3304
vn 0.4945 0.8040 0.3304
vn 0.9999 0.0118 0.0049
vn 0.5056 -0.7983 -0.3272
vn -0.5056 -0.7983 -0.3272
vn -0.9999 0.0118 0.0049
vn -0.4961 0.8239 0.2739
vn 0.4961 0.8239 0.2739
vn 1.0000 0.0084 0.0028
vn 0.5039 -0.8197 -0.2726
vn -0.5039 -0.8197 -0.2726
vn -1.0000 0.0084 0.0028
vn -0.4941 0.8426 0.2144
vn 0.4941 0.8426 0.2144
vn 0.9999 0.0134 0.0033
vn 0.5061 -0.8357 -0.2132
vn -0.5061 -0.8357 -0.2132
vn -0.9999 0.0134 0.0033
vn -0.4932 0.8593 0.1350
vn 0.4933 0.8593 0.1350
vn 0.9999 0.0157 0.0025
vn 0.5071 -0.8514 -0.1337
vn -0.5071 -0.8514 -0.1337
vn -0.9999 0.0157 0.0025
vn -0.4946 0.8672 0.0576
vn 0.4946 0.8672 0.0576
vn 0.9999 0.0125 0.0009
vn 0.5055 -0.8609 -0.0566
vn -0.5055 -0.8609 -0.0566
vn -0.9999 0.0125 0.0009
vn -0.4963 0.8681 -0.0000
vn 0.4963 0.8681 -0.0000
vn 1.0000 0.0084 -0.0000
vn 0.5036 -0.8639 -0.0000
vn -0.5036 -0.8639 -0.0000
vn -1.0000 0.0084 -0.0000
vn -0.4946 0.8672 -0.0576
vn 0.4946 0.8672 -0.0576
vn 0.9999 0.0125 -0.0009
vn 0.5055 -0.8609 0.0566
vn -0.5056 -0.8609 0.0566
vn -0.9999 0.0125 -0.0009
vn -0.4933 0.8593 -0.1350
vn 0.4933 0.8593 -0.1350
vn 0.9999 0.0157 -0.0025
vn 0.5071 -0.8514 0.1337
vn -0.5071 -0.8514 0.1337
vn -0.9999 0.0157 -0.0025
vn -0.4941 0.8426 -0.2144
vn 0.4941 0.8426 -0.2144
vn 0.9999 0.0134 -0.0033
vn 0.5061 -0.8357 0.2132
vn -0.5061 -0.8357 0.2132
vn -0.9999 0.0134 -0.0033
vn -0.4961 0.8239 -0.2739
vn 0.4961 0.8239 -0.2739
vn 1.0000 0.0084 -0.0028
vn 0.5039 -0.8197 0.2726
vn -0.5039 -0.8197 0.2726
vn -1.0000 0.0084 -0.0028
vn -0.4945 0.8040 -0.3304
vn 0.4945 0.8040 -0.3304
vn 0.9999 0.0118 -0.0049
vn 0.5056 -0.7983 0.3272
vn -0.5056 -0.7983 0.3272
vn -0.9999 0.0118 -0.0049
vn -0.4926 0.7698 -0.4060
vn 0.4926 0.7698 -0.4060
vn 0.9998 0.0155 -0.0082
vn 0.5079 -0.7621 0.4015
vn -0.5079 -0.7621 0.4015
vn -0.9998 0.0155 -0.0082
vn -0.4931 0.7222 -0.4852
vn 0.4931 0.7222 -0.4852
vn 0.9999 0.0136 -0.0091
vn 0.5073 -0.7150 0.4811
vn -0.5073 -0.7150 0.4811
vn -0.9999 0.0136 -0.0091
vn -0.4953 0.6771 -0.5443
vn 0.4953 0.6771 -0.5443
vn 0.9999 0.0083 -0.0067
vn 0.5046 -0.6728 0.5410
vn -0.5046 -0.6728 0.5410
vn -0.9999 0.0083 -0.0067
vn -0.4937 0.6318 -0.5976
vn 0.4937 0.6318 -0.5976
vn 0.9999 0.0105 -0.0101
vn 0.5064 -0.6272 0.5918
vn -0.5064 -0.6272 0.5918
vn -0.9999 0.0105 -0.0101
vn -0.4914 0.5632 -0.6643
vn 0.4914 0.5632 -0.6643
vn 0.9998 0.0131 -0.0156
vn 0.5092 -0.5570 0.6561
vn -0.5092 -0.5570 0.6561
vn -0.9998 0.0131 -0.0156
vn -0.4917 0.4760 -0.7291
vn 0.4917 0.4760 -0.7291
vn 0.9998 0.0106 -0.0162
vn 0.5085 -0.4708 0.7210
vn -0.5085 -0.4708 0.7210
vn -0.9998 0.0106 -0.0162
vn -0.4910 0.3791 -0.7844
vn 0.4910 0.3791 -0.7844
vn 0.9998 0.0092 -0.0191
vn 0.5094 -0.3752 0.7744
vn -0.5094 -0.3752 0.7744
vn -0.9998 0.0092 -0.0191
vn -0.4896 0.2625 -0.8315
vn 0.4896 0.2625 -0.8315
vn 0.9997 0.0076 -0.0237
vn 0.5117 -0.2573 0.8198
vn -0.5117 -0.2573 0.8198
vn -0.9997 0.0076 -0.0237
vn -0.4951 0.1665 -0.8528
vn 0.4951 0.1665 -0.8528
vn 0.9999 0.0022 -0.0106
vn 0.5047 -0.1631 0.8478
vn -0.5047 -0.1631 0.8478
vn -0.9999 0.0022 -0.0106
vn -0.5027 0.1524 -0.8509
vn 0.5027 0.1524 -0.8509
vn 1.0000 -0.0012 0.0063
vn 0.4971 -0.1532 0.8541
vn -0.4971 -0.1532 0.8541
vn -1.0000 -0.0012 0.0063
vn -0.5063 0.1688 -0.8457
vn 0.5062 0.1688 -0.8457
vn 0.9999 -0.0030 0.0143
vn 0.4935 -0.1715 0.8527
vn -0.4935 -0.1715 0.8527
vn -0.9999 -0.0030 0.0143
vn 0.5063 0.1688 0.8457
vn -0.5062 0.1688 0.8457
vn 0.4897 0.2625 0.8315
vn -0.4896 0.2625 0.8315
vn 0.4909 0.3791 0.7844
vn -0.4910 0.3791 0.7844
vn -0.4933 0.8593 0.1350
vn -0.5055 -0.8609 0.0566
vn 0.5063 0.1688 -0.8457
vn -0.5062 0.1688 -0.8457
vt 1.000000 0.000000
vt 0.600000 0.000000
vt 0.800000 0.000000
vt 0.400000 0.000000
vt 0.000000 0.000000
vt 0.200000 0.000000
vt 0.000000 1.000000
vt 0.031250 0.833333
vt 0.000000 0.833333
vt 0.000000 0.166667
vt 0.031250 0.000000
vt 0.031250 0.333333
vt 0.000000 0.333333
vt 0.031250 0.500000
vt 0.000000 0.500000
vt 0.031250 0.666667
vt 0.000000 0.666667
vt 0.031250 1.000000
vt 0.062500 0.833333
vt 0.031250 0.166667
vt 0.062500 0.000000
vt 0.062500 0.333333
vt 0.062500 0.500000
vt 0.062500 0.666667
vt 0.062500 1.000000
vt 0.093750 0.833333
vt 0.093750 0.166667
vt 0.062500 0.166667
vt 0.093750 0.333333
vt 0.093750 0.500000
vt 0.093750 0.666667
vt 0.125000 1.000000
vt 0.093750 1.000000
vt 0.125000 0.000000
vt 0.093750 0.000000
vt 0.125000 0.166667
vt 0.125000 0.333333
vt 0.125000 0.666667
vt 0.125000 0.833333
vt 0.156250 1.000000
vt 0.156250 0.166667
vt 0.125000 0.500000
vt 0.156250 0.333333
vt 0.156250 0.666667
vt 0.156250 0.833333
vt 0.187500 0.833333
vt 0.187500 0.166667
vt 0.156250 0.000000
vt 0.187500 0.333333
vt 0.187500 0.500000
vt 0.156250 0.500000
vt 0.187500 0.666667
vt 0.218750 1.000000
vt 0.187500 1.000000
vt 0.218750 0.166667
vt 0.187500 0.000000
vt 0.218750 0.333333
vt 0.218750 0.666667
vt 0.218750 0.833333
vt 0.250000 1.000000
vt 0.250000 0.166667
vt 0.218750 0.000000
vt 0.218750 0.500000
vt 0.250000 0.333333
vt 0.250000 0.666667
vt 0.250000 0.833333
vt 0.281250 0.833333
vt 0.281250 0.166667
vt 0.250000 0.000000
vt 0.281250 0.333333
vt 0.281250 0.500000
vt 0.250000 0.500000
vt 0.281250 0.666667
vt 0.281250 1.000000
vt 0.312500 0.833333
vt 0.312500 0.166667
vt 0.281250 0.000000
vt 0.312500 0.333333
vt 0.312500 0.500000
vt 0.312500 0.666667
vt 0.343750 1.000000
vt 0.312500 1.000000
vt 0.343750 0.166667
vt 0.312500 0.000000
vt 0.343750 0.333333
vt 0.343750 0.500000
vt 0.343750 0.833333
vt 0.375000 1.000000
vt 0.375000 0.166667
vt 0.343750 0.000000
vt 0.375000 0.333333
vt 0.343750 0.666667
vt 0.375000 0.500000
vt 0.375000 0.833333
vt 0.406250 0.833333
vt 0.406250 0.166667
vt 0.375000 0.000000
vt 0.406250 0.333333
vt 0.406250 0.500000
vt 0.375000 0.666667
vt 0.406250 0.666667
vt 0.406250 1.000000
vt 0.437500 0.833333
vt 0.437500 0.166667
vt 0.406250 0.000000
vt 0.437500 0.333333
vt 0.437500 0.500000
vt 0.437500 0.666667
vt 0.468750 1.000000
vt 0.437500 1.000000
vt 0.468750 0.166667
vt 0.437500 0.000000
vt 0.468750 0.333333
vt 0.468750 0.666667
vt 0.468750 0.833333
vt 0.500000 1.000000
vt 0.500000 0.166667
vt 0.468750 0.000000
vt 0.468750 0.500000
vt 0.500000 0.333333
vt 0.500000 0.666667
vt 0.500000 0.833333
vt 0.531250 0.833333
vt 0.531250 0.166667
vt 0.500000 0.000000
vt 0.531250 0.333333
vt 0.531250 0.500000
vt 0.500000 0.500000
vt 0.531250 0.666667
vt 0.531250 1.000000
vt 0.562500 0.833333
vt 0.562500 0.166667
vt 0.531250 0.000000
vt 0.562500 0.333333
vt 0.562500 0.500000
vt 0.562500 0.666667
vt 0.593750 1.000000
vt 0.562500 1.000000
vt 0.593750 0.166667
vt 0.562500 0.000000
vt 0.593750 0.333333
vt 0.593750 0.666667
vt 0.593750 0.833333
vt 0.625000 1.000000
vt 0.625000 0.166667
vt 0.593750 0.000000
vt 0.593750 0.500000
vt 0.625000 0.333333
vt 0.625000 0.666667
vt 0.625000 0.833333
vt 0.656250 0.833333
vt 0.656250 0.166667
vt 0.625000 0.000000
vt 0.656250 0.333333
vt 0.656250 0.500000
vt 0.625000 0.500000
vt 0.656250 0.666667
vt 0.656250 1.000000
vt 0.687500 0.833333
vt 0.687500 0.166667
vt 0.656250 0.000000
vt 0.687500 0.333333
vt 0.687500 0.500000
vt 0.687500 0.666667
vt 0.718750 1.000000
vt 0.687500 1.000000
vt 0.718750 0.166667
vt 0.687500 0.000000
vt 0.718750 0.333333
vt 0.718750 0.666667
vt 0.718750 0.833333
vt 0.750000 1.000000
vt 0.750000 0.166667
vt 0.718750 0.000000
vt 0.718750 0.500000
vt 0.750000 0.333333
vt 0.750000 0.500000
vt 0.750000 0.833333
vt 0.781250 0.833333
vt 0.781250 0.166667
vt 0.750000 0.000000
vt 0.781250 0.333333
vt 0.781250 0.500000
vt 0.750000 0.666667
vt 0.781250 0.666667
vt 0.781250 1.000000
vt 0.812500 0.833333
vt 0.812500 0.166667
vt 0.781250 0.000000
vt 0.812500 0.333333
vt 0.812500 0.500000
vt 0.812500 0.666667
vt 0.843750 1.000000
vt 0.812500 1.000000
vt 0.843750 0.166667
vt 0.812500 0.000000
vt 0.843750 0.333333
vt 0.843750 0.666667
vt 0.843750 0.833333
vt 0.875000 0.833333
vt 0.875000 0.166667
vt 0.843750 0.000000
vt 0.875000 0.333333
vt 0.875000 0.500000
vt 0.843750 0.500000
vt 0.875000 0.666667
vt 0.875000 1.000000
vt 0.906250 0.833333
vt 0.906250 0.166667
vt 0.875000 0.000000
vt 0.906250 0.333333
vt 0.906250 0.500000
vt 0.906250 0.666667
vt 0.937500 1.000000
vt 0.906250 1.000000
vt 0.937500 0.166667
vt 0.906250 0.000000
vt 0.937500 0.333333
vt 0.937500 0.666667
vt 0.937500 0.833333
vt 0.968750 1.000000
vt 0.968750 0.166667
vt 0.937500 0.000000
vt 0.937500 0.500000
vt 0.968750 0.333333
vt 0.968750 0.666667
vt 0.968750 0.833333
vt 1.000000 1.000000
vt 1.000000 0.166667
vt 0.968750 0.000000
vt 0.968750 0.500000
vt 1.000000 0.333333
vt 1.000000 0.666667
vt 1.000000 0.833333
vt 1.000000 0.500000
s 1
g K_WeightedCuff.001_ring_mail_trim
usemtl ring_mail_trim
f 1718/850/2257 1716/851/2257 1717/852/2257
f 1718/850/2257 1715/853/2257 1716/851/2257
f 1713/854/2257 1715/853/2257 1718/850/2257
f 1713/854/2257 1714/855/2257 1715/853/2257
s 2
f 1721/853/2258 1723/852/2258 1722/851/2258
f 1721/853/2258 1724/850/2258 1723/852/2258
f 1720/855/2258 1724/850/2258 1721/853/2258
f 1720/855/2258 1719/854/2258 1724/850/2258
s 3
f 1725/856/2259 1736/857/2270 1730/858/2264
f 1726/859/2260 1731/860/2265 1725/854/2259
f 1733/861/2267 1726/859/2260 1727/862/2261
f 1734/863/2268 1727/862/2261 1728/864/2262
f 1735/865/2269 1728/864/2262 1729/866/2263
f 1730/858/2264 1735/865/2269 1729/866/2263
f 1731/867/2265 1742/868/2276 1736/857/2270
f 1732/869/2266 1737/870/2271 1731/860/2265
f 1739/871/2273 1732/869/2266 1733/861/2267
f 1740/872/2274 1733/861/2267 1734/863/2268
f 1741/873/2275 1734/863/2268 1735/865/2269
f 1736/857/2270 1741/873/2275 1735/865/2269
f 1737/874/2271 1748/875/2282 1742/868/2276
f 1744/876/2278 1737/870/2271 1738/877/2272
f 1745/878/2279 1738/877/2272 1739/871/2273
f 1746/879/2280 1739/871/2273 1740/872/2274
f 1747/880/2281 1740/872/2274 1741/873/2275
f 1742/868/2276 1747/880/2281 1741/873/2275
f 1749/881/2283 1748/875/2282 1743/882/2277
f 1744/876/2278 1749/883/2283 1743/884/2277
f 1745/878/2279 1750/885/2284 1744/876/2278
f 1746/879/2280 1751/886/2285 1745/878/2279
f 1753/887/2287 1746/879/2280 1747/880/2281
f 1754/888/2288 1747/880/2281 1748/875/2282
f 1755/889/2289 1754/888/2288 1749/881/2283
f 1756/890/2290 1749/883/2283 1750/885/2284
f 1751/886/2285 1756/890/2290 1750/885/2284
f 1752/891/2286 1757/892/2291 1751/886/2285
f 1759/893/2293 1752/891/2286 1753/887/2287
f 1760/894/2294 1753/887/2287 1754/888/2288
f 1755/889/2289 1766/895/2300 1760/894/2294
f 1762/896/2296 1755/897/2289 1756/890/2290
f 1763/898/2297 1756/890/2290 1757/892/2291
f 1764/899/2298 1757/892/2291 1758/900/2292
f 1765/901/2299 1758/900/2292 1759/893/2293
f 1760/894/2294 1765/901/2299 1759/893/2293
f 1767/902/2301 1766/895/2300 1761/903/2295
f 1768/904/2302 1761/905/2295 1762/896/2296
f 1763/898/2297 1768/904/2302 1762/896/2296
f 1764/899/2298 1769/906/2303 1763/898/2297
f 1771/907/2305 1764/899/2298 1765/901/2299
f 1772/908/2306 1765/901/2299 1766/895/2300
f 1773/909/2307 1772/908/2306 1767/902/2301
f 1774/910/2308 1767/911/2301 1768/904/2302
f 1769/906/2303 1774/910/2308 1768/904/2302
f 1770/912/2304 1775/913/2309 1769/906/2303
f 1777/914/2311 1770/912/2304 1771/907/2305
f 1778/915/2312 1771/907/2305 1772/908/2306
f 1773/909/2307 1784/916/2318 1778/915/2312
f 1780/917/2314 1773/918/2307 1774/910/2308
f 1781/919/2315 1774/910/2308 1775/913/2309
f 1782/920/2316 1775/913/2309 1776/921/2310
f 1783/922/2317 1776/921/2310 1777/914/2311
f 1778/915/2312 1783/922/2317 1777/914/2311
f 1779/923/2313 1790/924/2324 1784/916/2318
f 1786/925/2320 1779/926/2313 1780/917/2314
f 1787/927/2321 1780/917/2314 1781/919/2315
f 1788/928/2322 1781/919/2315 1782/920/2316
f 1789/929/2323 1782/920/2316 1783/922/2317
f 1784/916/2318 1789/929/2323 1783/922/2317
f 1791/930/2325 1790/924/2324 1785/931/2319
f 1792/932/2326 1785/933/2319 1786/925/2320
f 1787/927/2321 1792/932/2326 1786/925/2320
f 1788/928/2322 1793/934/2327 1787/927/2321
f 1789/929/2323 1794/935/2328 1788/928/2322
f 1796/936/2330 1789/929/2323 1790/924/2324
f 1797/937/2331 1796/936/2330 1791/930/2325
f 1798/938/2332 1791/939/2325 1792/932/2326
f 1793/934/2327 1798/938/2332 1792/932/2326
f 1794/935/2328 1799/940/2333 1793/934/2327
f 1795/941/2329 1800/942/2334 1794/935/2328
f 1802/943/2336 1795/941/2329 1796/936/2330
f 1797/937/2331 1808/944/2342 1802/943/2336
f 1804/945/2338 1797/946/2331 1798/938/2332
f 1805/947/2339 1798/938/2332 1799/940/2333
f 1806/948/2340 1799/940/2333 1800/942/2334
f 1801/949/2335 1806/948/2340 1800/942/2334
f 1802/943/2336 1807/950/2341 1801/949/2335
f 1803/951/2337 1814/952/2348 1808/944/2342
f 1810/953/2344 1803/954/2337 1804/945/2338
f 1811/955/2345 1804/945/2338 1805/947/2339
f 1812/956/2346 1805/947/2339 1806/948/2340
f 1807/950/2341 1812/956/2346 1806/948/2340
f 1808/944/2342 1813/957/2347 1807/950/2341
f 1815/958/2349 1814/952/2348 1809/959/2343
f 1816/960/2350 1809/961/2343 1810/953/2344
f 1811/955/2345 1816/960/2350 1810/953/2344
f 1812/956/2346 1817/962/2351 1811/955/2345
f 1819/963/2353 1812/956/2346 1813/957/2347
f 1820/964/2354 1813/957/2347 1814/952/2348
f 1821/965/2355 1820/964/2354 1815/958/2349
f 1822/966/2356 1815/967/2349 1816/960/2350
f 1817/962/2351 1822/966/2356 1816/960/2350
f 1818/968/2352 1823/969/2357 1817/962/2351
f 1825/970/2359 1818/968/2352 1819/963/2353
f 1826/971/2360 1819/963/2353 1820/964/2354
f 1821/965/2355 1832/972/2366 1826/971/2360
f 1828/973/2362 1821/974/2355 1822/966/2356
f 1829/975/2363 1822/966/2356 1823/969/2357
f 1830/976/2364 1823/969/2357 1824/977/2358
f 1825/970/2359 1830/976/2364 1824/977/2358
f 1826/971/2360 1831/978/2365 1825/970/2359
f 1827/979/2361 1838/980/2372 1832/972/2366
f 1834/981/2368 1827/982/2361 1828/973/2362
f 1835/983/2369 1828/973/2362 1829/975/2363
f 1836/984/2370 1829/975/2363 1830/976/2364
f 1837/985/2371 1830/976/2364 1831/978/2365
f 1832/972/2366 1837/985/2371 1831/978/2365
f 1839/986/2373 1838/980/2372 1833/987/2367
f 1840/988/2374 1833/989/2367 1834/981/2368
f 1835/983/2369 1840/988/2374 1834/981/2368
f 1836/984/2370 1841/990/2375 1835/983/2369
f 1843/991/2377 1836/984/2370 1837/985/2371
f 1844/992/2378 1837/985/2371 1838/980/2372
f 1845/993/2379 1844/992/2378 1839/986/2373
f 1846/994/2380 1839/995/2373 1840/988/2374
f 1841/990/2375 1846/994/2380 1840/988/2374
f 1842/996/2376 1847/997/2381 1841/990/2375
f 1849/998/2383 1842/996/2376 1843/991/2377
f 1850/999/2384 1843/991/2377 1844/992/2378
f 1845/993/2379 1856/1000/2390 1850/999/2384
f 1852/1001/2386 1845/1002/2379 1846/994/2380
f 1853/1003/2387 1846/994/2380 1847/997/2381
f 1854/1004/2388 1847/997/2381 1848/1005/2382
f 1855/1006/2389 1848/1005/2382 1849/998/2383
f 1850/999/2384 1855/1006/2389 1849/998/2383
f 1851/1007/2385 1862/1008/2396 1856/1000/2390
f 1858/1009/2392 1851/1010/2385 1852/1001/2386
f 1859/1011/2393 1852/1001/2386 1853/1003/2387
f 1860/1012/2394 1853/1003/2387 1854/1004/2388
f 1861/1013/2395 1854/1004/2388 1855/1006/2389
f 1856/1000/2390 1861/1013/2395 1855/1006/2389
f 1863/1014/2397 1862/1008/2396 1857/1015/2391
f 1864/1016/2398 1857/1017/2391 1858/1009/2392
f 1859/1011/2393 1864/1016/2398 1858/1009/2392
f 1860/1012/2394 1865/1018/2399 1859/1011/2393
f 1867/1019/2401 1860/1012/2394 1861/1013/2395
f 1868/1020/2402 1861/1013/2395 1862/1008/2396
f 1869/1021/2403 1868/1020/2402 1863/1014/2397
f 1870/1022/2404 1863/1023/2397 1864/1016/2398
f 1865/1018/2399 1870/1022/2404 1864/1016/2398
f 1866/1024/2400 1871/1025/2405 1865/1018/2399
f 1867/1019/2401 1872/1026/2406 1866/1024/2400
f 1874/1027/2408 1867/1019/2401 1868/1020/2402
f 1869/1021/2403 1880/1028/2414 1874/1027/2408
f 1876/1029/2410 1869/1030/2403 1870/1022/2404
f 1877/1031/2411 1870/1022/2404 1871/1025/2405
f 1878/1032/2412 1871/1025/2405 1872/1026/2406
f 1873/1033/2407 1878/1032/2412 1872/1026/2406
f 1874/1027/2408 1879/1034/2413 1873/1033/2407
f 1875/1035/2409 1886/1036/2420 1880/1028/2414
f 1882/1037/2416 1875/1038/2409 1876/1029/2410
f 1883/1039/2417 1876/1029/2410 1877/1031/2411
f 1884/1040/2418 1877/1031/2411 1878/1032/2412
f 1879/1034/2413 1884/1040/2418 1878/1032/2412
f 1880/1028/2414 1885/1041/2419 1879/1034/2413
f 1887/1042/2421 1886/1036/2420 1881/1043/2415
f 1888/1044/2422 1881/1045/2415 1882/1037/2416
f 1883/1039/2417 1888/1044/2422 1882/1037/2416
f 1884/1040/2418 1889/1046/2423 1883/1039/2417
f 1891/1047/2425 1884/1040/2418 1885/1041/2419
f 1892/1048/2426 1885/1041/2419 1886/1036/2420
f 1887/1042/2421 1898/1049/2432 1892/1048/2426
f 1894/1050/2428 1887/1051/2421 1888/1044/2422
f 1895/1052/2429 1888/1044/2422 1889/1046/2423
f 1896/1053/2430 1889/1046/2423 1890/1054/2424
f 1891/1047/2425 1896/1053/2430 1890/1054/2424
f 1892/1048/2426 1897/1055/2431 1891/1047/2425
f 1893/1056/2427 1904/1057/2438 1898/1049/2432
f 1900/1058/2434 1893/1059/2427 1894/1050/2428
f 1901/1060/2435 1894/1050/2428 1895/1052/2429
f 1902/1061/2436 1895/1052/2429 1896/1053/2430
f 1903/1062/2437 1896/1053/2430 1897/1055/2431
f 1898/1049/2432 1903/1062/2437 1897/1055/2431
f 1905/1063/2439 1904/1057/2438 1899/1064/2433
f 1906/1065/2440 1899/1066/2433 1900/1058/2434
f 1901/1060/2435 1906/1065/2440 1900/1058/2434
f 1902/1061/2436 1907/1067/2441 1901/1060/2435
f 1909/1068/2443 1902/1061/2436 1903/1062/2437
f 1910/1069/2444 1903/1062/2437 1904/1057/2438
f 1911/1070/2445 1910/1069/2444 1905/1063/2439
f 1912/1071/2446 1905/1072/2439 1906/1065/2440
f 1907/1067/2441 1912/1071/2446 1906/1065/2440
f 1908/1073/2442 1913/1074/2447 1907/1067/2441
f 1915/1075/2449 1908/1073/2442 1909/1068/2443
f 1916/1076/2450 1909/1068/2443 1910/1069/2444
f 1917/1077/2451 1916/1076/2450 1911/1070/2445
f 1918/1078/2452 1911/1079/2445 1912/1071/2446
f 1913/1074/2447 1918/1078/2452 1912/1071/2446
f 1914/1080/2448 1919/1081/2453 1913/1074/2447
f 1921/1082/2455 1914/1080/2448 1915/1075/2449
f 1922/1083/2456 1915/1075/2449 1916/1076/2450
s 4
f 1928/850/2257 1927/852/2257 1926/851/2257
f 1928/850/2257 1926/851/2257 1925/853/2257
f 1923/854/2257 1928/850/2257 1925/853/2257
f 1923/854/2257 1925/853/2257 1924/855/2257
s 5
f 1931/853/2258 1932/851/2258 1933/852/2258
f 1931/853/2258 1933/852/2258 1934/850/2258
f 1930/855/2258 1931/853/2258 1934/850/2258
f 1930/855/2258 1934/850/2258 1929/854/2258
s 6
f 1935/856/2457 1946/857/2267 1941/867/2266
f 1936/859/2458 1941/860/2266 1942/869/2265
f 1936/859/2458 1943/861/2270 1937/862/2264
f 1937/862/2264 1944/863/2269 1938/864/2263
f 1938/864/2263 1945/865/2268 1939/866/2262
f 1940/858/2261 1945/865/2268 1946/857/2267
f 1941/867/2266 1952/868/2273 1947/874/2272
f 1942/869/2265 1947/870/2272 1948/877/2271
f 1942/869/2265 1949/871/2276 1943/861/2270
f 1943/861/2270 1950/872/2275 1944/863/2269
f 1944/863/2269 1951/873/2274 1945/865/2268
f 1946/857/2267 1951/873/2274 1952/868/2273
f 1947/874/2272 1958/875/2279 1953/882/2459
f 1947/870/2272 1954/876/2460 1948/877/2271
f 1948/877/2271 1955/878/2282 1949/871/2276
f 1949/871/2276 1956/879/2281 1950/872/2275
f 1950/872/2275 1957/880/2280 1951/873/2274
f 1952/868/2273 1957/880/2280 1958/875/2279
f 1958/875/2279 1959/881/2461 1953/882/2459
f 1954/876/2460 1959/883/2461 1960/885/2462
f 1955/878/2282 1960/885/2462 1961/886/2288
f 1956/879/2281 1961/886/2288 1962/891/2287
f 1956/879/2281 1963/887/2286 1957/880/2280
f 1957/880/2280 1964/888/2285 1958/875/2279
f 1964/888/2285 1965/889/2290 1959/881/2461
f 1959/883/2461 1966/890/2289 1960/885/2462
f 1961/886/2288 1966/890/2289 1967/892/2294
f 1962/891/2287 1967/892/2294 1968/900/2293
f 1962/891/2287 1969/893/2292 1963/887/2286
f 1963/887/2286 1970/894/2291 1964/888/2285
f 1965/889/2290 1976/895/2297 1971/903/2296
f 1965/897/2290 1972/896/2295 1966/890/2289
f 1966/890/2289 1973/898/2300 1967/892/2294
f 1967/892/2294 1974/899/2299 1968/900/2293
f 1968/900/2293 1975/901/2298 1969/893/2292
f 1970/894/2291 1975/901/2298 1976/895/2297
f 1976/895/2297 1977/902/2302 1971/903/2296
f 1971/905/2296 1978/904/2301 1972/896/2295
f 1973/898/2300 1978/904/2301 1979/906/2306
f 1974/899/2299 1979/906/2306 1980/912/2305
f 1974/899/2299 1981/907/2304 1975/901/2298
f 1975/901/2298 1982/908/2303 1976/895/2297
f 1982/908/2303 1983/909/2308 1977/902/2302
f 1977/911/2302 1984/910/2307 1978/904/2301
f 1979/906/2306 1984/910/2307 1985/913/2312
f 1980/912/2305 1985/913/2312 1986/921/2311
f 1980/912/2305 1987/914/2310 1981/907/2304
f 1981/907/2304 1988/915/2309 1982/908/2303
f 1983/909/2308 1994/916/2315 1989/923/2314
f 1983/918/2308 1990/917/2313 1984/910/2307
f 1984/910/2307 1991/919/2318 1985/913/2312
f 1985/913/2312 1992/920/2317 1986/921/2311
f 1986/921/2311 1993/922/2316 1987/914/2310
f 1988/915/2309 1993/922/2316 1994/916/2315
f 1989/923/2314 2000/924/2321 1995/931/2320
f 1989/926/2314 1996/925/2319 1990/917/2313
f 1990/917/2313 1997/927/2324 1991/919/2318
f 1991/919/2318 1998/928/2323 1992/920/2317
f 1992/920/2317 1999/929/2322 1993/922/2316
f 1994/916/2315 1999/929/2322 2000/924/2321
f 2000/924/2321 2001/930/2326 1995/931/2320
f 1995/933/2320 2002/932/2325 1996/925/2319
f 1997/927/2324 2002/932/2325 2003/934/2330
f 1998/928/2323 2003/934/2330 2004/935/2329
f 1999/929/2322 2004/935/2329 2005/941/2328
f 1999/929/2322 2006/936/2327 2000/924/2321
f 2006/936/2327 2007/937/2332 2001/930/2326
f 2001/939/2326 2008/938/2331 2002/932/2325
f 2003/934/2330 2008/938/2331 2009/940/2336
f 2004/935/2329 2009/940/2336 2010/942/2335
f 2005/941/2328 2010/942/2335 2011/949/2334
f 2005/941/2328 2012/943/2333 2006/936/2327
f 2007/937/2332 2018/944/2339 2013/951/2338
f 2007/946/2332 2014/945/2337 2008/938/2331
f 2008/938/2331 2015/947/2342 2009/940/2336
f 2009/940/2336 2016/948/2341 2010/942/2335
f 2011/949/2334 2016/948/2341 2017/950/2340
f 2012/943/2333 2017/950/2340 2018/944/2339
f 2013/951/2338 2024/952/2345 2019/959/2344
f 2013/954/2338 2020/953/2463 2014/945/2337
f 2014/945/2337 2021/955/2348 2015/947/2342
f 2015/947/2342 2022/956/2347 2016/948/2341
f 2017/950/2340 2022/956/2347 2023/957/2346
f 2018/944/2339 2023/957/2346 2024/952/2345
f 2024/952/2345 2025/958/2350 2019/959/2344
f 2019/961/2344 2026/960/2349 2020/953/2463
f 2021/955/2348 2026/960/2349 2027/962/2354
f 2022/956/2347 2027/962/2354 2028/968/2353
f 2022/956/2347 2029/963/2352 2023/957/2346
f 2023/957/2346 2030/964/2351 2024/952/2345
f 2030/964/2351 2031/965/2356 2025/958/2350
f 2025/967/2350 2032/966/2355 2026/960/2349
f 2027/962/2354 2032/966/2355 2033/969/2360
f 2028/968/2353 2033/969/2360 2034/977/2359
f 2028/968/2353 2035/970/2358 2029/963/2352
f 2029/963/2352 2036/971/2357 2030/964/2351
f 2031/965/2356 2042/972/2363 2037/979/2362
f 2031/974/2356 2038/973/2361 2032/966/2355
f 2032/966/2355 2039/975/2366 2033/969/2360
f 2033/969/2360 2040/976/2464 2034/977/2359
f 2034/977/2359 2041/978/2364 2035/970/2358
f 2036/971/2357 2041/978/2364 2042/972/2363
f 2037/979/2362 2048/980/2369 2043/987/2368
f 2037/982/2362 2044/981/2367 2038/973/2361
f 2038/973/2361 2045/983/2372 2039/975/2366
f 2039/975/2366 2046/984/2371 2040/976/2464
f 2040/976/2464 2047/985/2370 2041/978/2364
f 2042/972/2363 2047/985/2370 2048/980/2369
f 2048/980/2369 2049/986/2374 2043/987/2368
f 2043/989/2368 2050/988/2373 2044/981/2367
f 2045/983/2372 2050/988/2373 2051/990/2378
f 2046/984/2371 2051/990/2378 2052/996/2377
f 2046/984/2371 2053/991/2376 2047/985/2370
f 2047/985/2370 2054/992/2375 2048/980/2369
f 2054/992/2375 2055/993/2380 2049/986/2374
f 2049/995/2374 2056/994/2379 2050/988/2373
f 2051/990/2378 2056/994/2379 2057/997/2384
f 2052/996/2377 2057/997/2384 2058/1005/2383
f 2052/996/2377 2059/998/2382 2053/991/2376
f 2053/991/2376 2060/999/2381 2054/992/2375
f 2055/993/2380 2066/1000/2387 2061/1007/2386
f 2055/1002/2380 2062/1001/2385 2056/994/2379
f 2056/994/2379 2063/1003/2390 2057/997/2384
f 2057/997/2384 2064/1004/2389 2058/1005/2383
f 2058/1005/2383 2065/1006/2388 2059/998/2382
f 2060/999/2381 2065/1006/2388 2066/1000/2387
f 2061/1007/2386 2072/1008/2393 2067/1015/2392
f 2061/1010/2386 2068/1009/2391 2062/1001/2385
f 2062/1001/2385 2069/1011/2396 2063/1003/2390
f 2063/1003/2390 2070/1012/2395 2064/1004/2389
f 2064/1004/2389 2071/1013/2394 2065/1006/2388
f 2066/1000/2387 2071/1013/2394 2072/1008/2393
f 2072/1008/2393 2073/1014/2398 2067/1015/2392
f 2067/1017/2392 2074/1016/2397 2068/1009/2391
f 2069/1011/2396 2074/1016/2397 2075/1018/2402
f 2070/1012/2395 2075/1018/2402 2076/1024/2401
f 2070/1012/2395 2077/1019/2400 2071/1013/2394
f 2071/1013/2394 2078/1020/2399 2072/1008/2393
f 2078/1020/2399 2079/1021/2404 2073/1014/2398
f 2073/1023/2398 2080/1022/2403 2074/1016/2397
f 2075/1018/2402 2080/1022/2403 2081/1025/2408
f 2076/1024/2401 2081/1025/2408 2082/1026/2407
f 2077/1019/2400 2082/1026/2407 2083/1033/2406
f 2077/1019/2400 2084/1027/2405 2078/1020/2399
f 2079/1021/2404 2090/1028/2411 2085/1035/2410
f 2079/1030/2404 2086/1029/2409 2080/1022/2403
f 2080/1022/2403 2087/1031/2414 2081/1025/2408
f 2081/1025/2408 2088/1032/2413 2082/1026/2407
f 2083/1033/2406 2088/1032/2413 2089/1034/2412
f 2084/1027/2405 2089/1034/2412 2090/1028/2411
f 2085/1035/2410 2096/1036/2417 2091/1043/2416
f 2085/1038/2410 2092/1037/2415 2086/1029/2409
f 2086/1029/2409 2093/1039/2420 2087/1031/2414
f 2087/1031/2414 2094/1040/2419 2088/1032/2413
f 2089/1034/2412 2094/1040/2419 2095/1041/2418
f 2090/1028/2411 2095/1041/2418 2096/1036/2417
f 2096/1036/2417 2097/1042/2422 2091/1043/2416
f 2091/1045/2416 2098/1044/2421 2092/1037/2415
f 2093/1039/2420 2098/1044/2421 2099/1046/2426
f 2094/1040/2419 2099/1046/2426 2100/1054/2425
f 2094/1040/2419 2101/1047/2424 2095/1041/2418
f 2095/1041/2418 2102/1048/2423 2096/1036/2417
f 2097/1042/2422 2108/1049/2429 2103/1056/2428
f 2097/1051/2422 2104/1050/2427 2098/1044/2421
f 2098/1044/2421 2105/1052/2432 2099/1046/2426
f 2099/1046/2426 2106/1053/2431 2100/1054/2425
f 2101/1047/2424 2106/1053/2431 2107/1055/2430
f 2102/1048/2423 2107/1055/2430 2108/1049/2429
f 2103/1056/2428 2114/1057/2435 2109/1064/2434
f 2103/1059/2428 2110/1058/2433 2104/1050/2427
f 2104/1050/2427 2111/1060/2438 2105/1052/2432
f 2105/1052/2432 2112/1061/2437 2106/1053/2431
f 2106/1053/2431 2113/1062/2436 2107/1055/2430
f 2108/1049/2429 2113/1062/2436 2114/1057/2435
f 2114/1057/2435 2115/1063/2440 2109/1064/2434
f 2109/1066/2434 2116/1065/2439 2110/1058/2433
f 2111/1060/2438 2116/1065/2439 2117/1067/2444
f 2112/1061/2437 2117/1067/2444 2118/1073/2443
f 2112/1061/2437 2119/1068/2442 2113/1062/2436
f 2113/1062/2436 2120/1069/2441 2114/1057/2435
f 2120/1069/2441 2121/1070/2446 2115/1063/2440
f 2115/1072/2440 2122/1071/2445 2116/1065/2439
f 2117/1067/2444 2122/1071/2445 2123/1074/2450
f 2118/1073/2443 2123/1074/2450 2124/1080/2449
f 2118/1073/2443 2125/1075/2448 2119/1068/2442
f 2119/1068/2442 2126/1076/2447 2120/1069/2441
f 2126/1076/2447 2127/1077/2465 2121/1070/2446
f 2121/1079/2446 2128/1078/2466 2122/1071/2445
f 2123/1074/2450 2128/1078/2466 2129/1081/2456
f 2124/1080/2449 2129/1081/2456 2130/1084/2455
f 2124/1080/2449 2131/1082/2454 2125/1075/2448
f 2125/1075/2448 2132/1083/2453 2126/1076/2447
s 3
f 1725/856/2259 1731/867/2265 1736/857/2270
f 1726/859/2260 1732/869/2266 1731/860/2265
f 1733/861/2267 1732/869/2266 1726/859/2260
f 1734/863/2268 1733/861/2267 1727/862/2261
f 1735/865/2269 1734/863/2268 1728/864/2262
f 1730/858/2264 1736/857/2270 1735/865/2269
f 1731/867/2265 1737/874/2271 1742/868/2276
f 1732/869/2266 1738/877/2272 1737/870/2271
f 1739/871/2273 1738/877/2272 1732/869/2266
f 1740/872/2274 1739/871/2273 1733/861/2267
f 1741/873/2275 1740/872/2274 1734/863/2268
f 1736/857/2270 1742/868/2276 1741/873/2275
f 1737/874/2271 1743/882/2277 1748/875/2282
f 1744/876/2278 1743/884/2277 1737/870/2271
f 1745/878/2279 1744/876/2278 1738/877/2272
f 1746/879/2280 1745/878/2279 1739/871/2273
f 1747/880/2281 1746/879/2280 1740/872/2274
f 1742/868/2276 1748/875/2282 1747/880/2281
f 1749/881/2283 1754/888/2288 1748/875/2282
f 1744/876/2278 1750/885/2284 1749/883/2283
f 1745/878/2279 1751/886/2285 1750/885/2284
f 1746/879/2280 1752/891/2286 1751/886/2285
f 1753/887/2287 1752/891/2286 1746/879/2280
f 1754/888/2288 1753/887/2287 1747/880/2281
f 1755/889/2289 1760/894/2294 1754/888/2288
f 1756/890/2290 1755/897/2289 1749/883/2283
f 1751/886/2285 1757/892/2291 1756/890/2290
f 1752/891/2286 1758/900/2292 1757/892/2291
f 1759/893/2293 1758/900/2292 1752/891/2286
f 1760/894/2294 1759/893/2293 1753/887/2287
f 1755/889/2289 1761/903/2295 1766/895/2300
f 1762/896/2296 1761/905/2295 1755/897/2289
f 1763/898/2297 1762/896/2296 1756/890/2290
f 1764/899/2298 1763/898/2297 1757/892/2291
f 1765/901/2299 1764/899/2298 1758/900/2292
f 1760/894/2294 1766/895/2300 1765/901/2299
f 1767/902/2301 1772/908/2306 1766/895/2300
f 1768/904/2302 1767/911/2301 1761/905/2295
f 1763/898/2297 1769/906/2303 1768/904/2302
f 1764/899/2298 1770/912/2304 1769/906/2303
f 1771/907/2305 1770/912/2304 1764/899/2298
f 1772/908/2306 1771/907/2305 1765/901/2299
f 1773/909/2307 1778/915/2312 1772/908/2306
f 1774/910/2308 1773/918/2307 1767/911/2301
f 1769/906/2303 1775/913/2309 1774/910/2308
f 1770/912/2304 1776/921/2310 1775/913/2309
f 1777/914/2311 1776/921/2310 1770/912/2304
f 1778/915/2312 1777/914/2311 1771/907/2305
f 1773/909/2307 1779/923/2313 1784/916/2318
f 1780/917/2314 1779/926/2313 1773/918/2307
f 1781/919/2315 1780/917/2314 1774/910/2308
f 1782/920/2316 1781/919/2315 1775/913/2309
f 1783/922/2317 1782/920/2316 1776/921/2310
f 1778/915/2312 1784/916/2318 1783/922/2317
f 1779/923/2313 1785/931/2319 1790/924/2324
f 1786/925/2320 1785/933/2319 1779/926/2313
f 1787/927/2321 1786/925/2320 1780/917/2314
f 1788/928/2322 1787/927/2321 1781/919/2315
f 1789/929/2323 1788/928/2322 1782/920/2316
f 1784/916/2318 1790/924/2324 1789/929/2323
f 1791/930/2325 1796/936/2330 1790/924/2324
f 1792/932/2326 1791/939/2325 1785/933/2319
f 1787/927/2321 1793/934/2327 1792/932/2326
f 1788/928/2322 1794/935/2328 1793/934/2327
f 1789/929/2323 1795/941/2329 1794/935/2328
f 1796/936/2330 1795/941/2329 1789/929/2323
f 1797/937/2331 1802/943/2336 1796/936/2330
f 1798/938/2332 1797/946/2331 1791/939/2325
f 1793/934/2327 1799/940/2333 1798/938/2332
f 1794/935/2328 1800/942/2334 1799/940/2333
f 1795/941/2329 1801/949/2335 1800/942/2334
f 1802/943/2336 1801/949/2335 1795/941/2329
f 1797/937/2331 1803/951/2337 1808/944/2342
f 1804/945/2338 1803/954/2337 1797/946/2331
f 1805/947/2339 1804/945/2338 1798/938/2332
f 1806/948/2340 1805/947/2339 1799/940/2333
f 1801/949/2335 1807/950/2341 1806/948/2340
f 1802/943/2336 1808/944/2342 1807/950/2341
f 1803/951/2337 1809/959/2343 1814/952/2348
f 1810/953/2344 1809/961/2343 1803/954/2337
f 1811/955/2345 1810/953/2344 1804/945/2338
f 1812/956/2346 1811/955/2345 1805/947/2339
f 1807/950/2341 1813/957/2347 1812/956/2346
f 1808/944/2342 1814/952/2348 1813/957/2347
f 1815/958/2349 1820/964/2354 1814/952/2348
f 1816/960/2350 1815/967/2349 1809/961/2343
f 1811/955/2345 1817/962/2351 1816/960/2350
f 1812/956/2346 1818/968/2352 1817/962/2351
f 1819/963/2353 1818/968/2352 1812/956/2346
f 1820/964/2354 1819/963/2353 1813/957/2347
f 1821/965/2355 1826/971/2360 1820/964/2354
f 1822/966/2356 1821/974/2355 1815/967/2349
f 1817/962/2351 1823/969/2357 1822/966/2356
f 1818/968/2352 1824/977/2358 1823/969/2357
f 1825/970/2359 1824/977/2358 1818/968/2352
f 1826/971/2360 1825/970/2359 1819/963/2353
f 1821/965/2355 1827/979/2361 1832/972/2366
f 1828/973/2362 1827/982/2361 1821/974/2355
f 1829/975/2363 1828/973/2362 1822/966/2356
f 1830/976/2364 1829/975/2363 1823/969/2357
f 1825/970/2359 1831/978/2365 1830/976/2364
f 1826/971/2360 1832/972/2366 1831/978/2365
f 1827/979/2361 1833/987/2367 1838/980/2372
f 1834/981/2368 1833/989/2367 1827/982/2361
f 1835/983/2369 1834/981/2368 1828/973/2362
f 1836/984/2370 1835/983/2369 1829/975/2363
f 1837/985/2371 1836/984/2370 1830/976/2364
f 1832/972/2366 1838/980/2372 1837/985/2371
f 1839/986/2373 1844/992/2378 1838/980/2372
f 1840/988/2374 1839/995/2373 1833/989/2367
f 1835/983/2369 1841/990/2375 1840/988/2374
f 1836/984/2370 1842/996/2376 1841/990/2375
f 1843/991/2377 1842/996/2376 1836/984/2370
f 1844/992/2378 1843/991/2377 1837/985/2371
f 1845/993/2379 1850/999/2384 1844/992/2378
f 1846/994/2380 1845/1002/2379 1839/995/2373
f 1841/990/2375 1847/997/2381 1846/994/2380
f 1842/996/2376 1848/1005/2382 1847/997/2381
f 1849/998/2383 1848/1005/2382 1842/996/2376
f 1850/999/2384 1849/998/2383 1843/991/2377
f 1845/993/2379 1851/1007/2385 1856/1000/2390
f 1852/1001/2386 1851/1010/2385 1845/1002/2379
f 1853/1003/2387 1852/1001/2386 1846/994/2380
f 1854/1004/2388 1853/1003/2387 1847/997/2381
f 1855/1006/2389 1854/1004/2388 1848/1005/2382
f 1850/999/2384 1856/1000/2390 1855/1006/2389
f 1851/1007/2385 1857/1015/2391 1862/1008/2396
f 1858/1009/2392 1857/1017/2391 1851/1010/2385
f 1859/1011/2393 1858/1009/2392 1852/1001/2386
f 1860/1012/2394 1859/1011/2393 1853/1003/2387
f 1861/1013/2395 1860/1012/2394 1854/1004/2388
f 1856/1000/2390 1862/1008/2396 1861/1013/2395
f 1863/1014/2397 1868/1020/2402 1862/1008/2396
f 1864/1016/2398 1863/1023/2397 1857/1017/2391
f 1859/1011/2393 1865/1018/2399 1864/1016/2398
f 1860/1012/2394 1866/1024/2400 1865/1018/2399
f 1867/1019/2401 1866/1024/2400 1860/1012/2394
f 1868/1020/2402 1867/1019/2401 1861/1013/2395
f 1869/1021/2403 1874/1027/2408 1868/1020/2402
f 1870/1022/2404 1869/1030/2403 1863/1023/2397
f 1865/1018/2399 1871/1025/2405 1870/1022/2404
f 1866/1024/2400 1872/1026/2406 1871/1025/2405
f 1867/1019/2401 1873/1033/2407 1872/1026/2406
f 1874/1027/2408 1873/1033/2407 1867/1019/2401
f 1869/1021/2403 1875/1035/2409 1880/1028/2414
f 1876/1029/2410 1875/1038/2409 1869/1030/2403
f 1877/1031/2411 1876/1029/2410 1870/1022/2404
f 1878/1032/2412 1877/1031/2411 1871/1025/2405
f 1873/1033/2407 1879/1034/2413 1878/1032/2412
f 1874/1027/2408 1880/1028/2414 1879/1034/2413
f 1875/1035/2409 1881/1043/2415 1886/1036/2420
f 1882/1037/2416 1881/1045/2415 1875/1038/2409
f 1883/1039/2417 1882/1037/2416 1876/1029/2410
f 1884/1040/2418 1883/1039/2417 1877/1031/2411
f 1879/1034/2413 1885/1041/2419 1884/1040/2418
f 1880/1028/2414 1886/1036/2420 1885/1041/2419
f 1887/1042/2421 1892/1048/2426 1886/1036/2420
f 1888/1044/2422 1887/1051/2421 1881/1045/2415
f 1883/1039/2417 1889/1046/2423 1888/1044/2422
f 1884/1040/2418 1890/1054/2424 1889/1046/2423
f 1891/1047/2425 1890/1054/2424 1884/1040/2418
f 1892/1048/2426 1891/1047/2425 1885/1041/2419
f 1887/1042/2421 1893/1056/2427 1898/1049/2432
f 1894/1050/2428 1893/1059/2427 1887/1051/2421
f 1895/1052/2429 1894/1050/2428 1888/1044/2422
f 1896/1053/2430 1895/1052/2429 1889/1046/2423
f 1891/1047/2425 1897/1055/2431 1896/1053/2430
f 1892/1048/2426 1898/1049/2432 1897/1055/2431
f 1893/1056/2427 1899/1064/2433 1904/1057/2438
f 1900/1058/2434 1899/1066/2433 1893/1059/2427
f 1901/1060/2435 1900/1058/2434 1894/1050/2428
f 1902/1061/2436 1901/1060/2435 1895/1052/2429
f 1903/1062/2437 1902/1061/2436 1896/1053/2430
f 1898/1049/2432 1904/1057/2438 1903/1062/2437
f 1905/1063/2439 1910/1069/2444 1904/1057/2438
f 1906/1065/2440 1905/1072/2439 1899/1066/2433
f 1901/1060/2435 1907/1067/2441 1906/1065/2440
f 1902/1061/2436 1908/1073/2442 1907/1067/2441
f 1909/1068/2443 1908/1073/2442 1902/1061/2436
f 1910/1069/2444 1909/1068/2443 1903/1062/2437
f 1911/1070/2445 1916/1076/2450 1910/1069/2444
f 1912/1071/2446 1911/1079/2445 1905/1072/2439
f 1907/1067/2441 1913/1074/2447 1912/1071/2446
f 1908/1073/2442 1914/1080/2448 1913/1074/2447
f 1915/1075/2449 1914/1080/2448 1908/1073/2442
f 1916/1076/2450 1915/1075/2449 1909/1068/2443
f 1917/1077/2451 1922/1083/2456 1916/1076/2450
f 1918/1078/2452 1917/850/2451 1911/1079/2445
f 1913/1074/2447 1919/1081/2453 1918/1078/2452
f 1914/1080/2448 1920/1084/2454 1919/1081/2453
f 1921/1082/2455 1920/1084/2454 1914/1080/2448
f 1922/1083/2456 1921/1082/2455 1915/1075/2449
s 6
f 1935/856/2457 1940/858/2261 1946/857/2267
f 1936/859/2458 1935/854/2457 1941/860/2266
f 1936/859/2458 1942/869/2265 1943/861/2270
f 1937/862/2264 1943/861/2270 1944/863/2269
f 1938/864/2263 1944/863/2269 1945/865/2268
f 1940/858/2261 1939/866/2262 1945/865/2268
f 1941/867/2266 1946/857/2267 1952/868/2273
f 1942/869/2265 1941/860/2266 1947/870/2272
f 1942/869/2265 1948/877/2271 1949/871/2276
f 1943/861/2270 1949/871/2276 1950/872/2275
f 1944/863/2269 1950/872/2275 1951/873/2274
f 1946/857/2267 1945/865/2268 1951/873/2274
f 1947/874/2272 1952/868/2273 1958/875/2279
f 1947/870/2272 1953/884/2459 1954/876/2460
f 1948/877/2271 1954/876/2460 1955/878/2282
f 1949/871/2276 1955/878/2282 1956/879/2281
f 1950/872/2275 1956/879/2281 1957/880/2280
f 1952/868/2273 1951/873/2274 1957/880/2280
f 1958/875/2279 1964/888/2285 1959/881/2461
f 1954/876/2460 1953/884/2459 1959/883/2461
f 1955/878/2282 1954/876/2460 1960/885/2462
f 1956/879/2281 1955/878/2282 1961/886/2288
f 1956/879/2281 1962/891/2287 1963/887/2286
f 1957/880/2280 1963/887/2286 1964/888/2285
f 1964/888/2285 1970/894/2291 1965/889/2290
f 1959/883/2461 1965/897/2290 1966/890/2289
f 1961/886/2288 1960/885/2462 1966/890/2289
f 1962/891/2287 1961/886/2288 1967/892/2294
f 1962/891/2287 1968/900/2293 1969/893/2292
f 1963/887/2286 1969/893/2292 1970/894/2291
f 1965/889/2290 1970/894/2291 1976/895/2297
f 1965/897/2290 1971/905/2296 1972/896/2295
f 1966/890/2289 1972/896/2295 1973/898/2300
f 1967/892/2294 1973/898/2300 1974/899/2299
f 1968/900/2293 1974/899/2299 1975/901/2298
f 1970/894/2291 1969/893/2292 1975/901/2298
f 1976/895/2297 1982/908/2303 1977/902/2302
f 1971/905/2296 1977/911/2302 1978/904/2301
f 1973/898/2300 1972/896/2295 1978/904/2301
f 1974/899/2299 1973/898/2300 1979/906/2306
f 1974/899/2299 1980/912/2305 1981/907/2304
f 1975/901/2298 1981/907/2304 1982/908/2303
f 1982/908/2303 1988/915/2309 1983/909/2308
f 1977/911/2302 1983/918/2308 1984/910/2307
f 1979/906/2306 1978/904/2301 1984/910/2307
f 1980/912/2305 1979/906/2306 1985/913/2312
f 1980/912/2305 1986/921/2311 1987/914/2310
f 1981/907/2304 1987/914/2310 1988/915/2309
f 1983/909/2308 1988/915/2309 1994/916/2315
f 1983/918/2308 1989/926/2314 1990/917/2313
f 1984/910/2307 1990/917/2313 1991/919/2318
f 1985/913/2312 1991/919/2318 1992/920/2317
f 1986/921/2311 1992/920/2317 1993/922/2316
f 1988/915/2309 1987/914/2310 1993/922/2316
f 1989/923/2314 1994/916/2315 2000/924/2321
f 1989/926/2314 1995/933/2320 1996/925/2319
f 1990/917/2313 1996/925/2319 1997/927/2324
f 1991/919/2318 1997/927/2324 1998/928/2323
f 1992/920/2317 1998/928/2323 1999/929/2322
f 1994/916/2315 1993/922/2316 1999/929/2322
f 2000/924/2321 2006/936/2327 2001/930/2326
f 1995/933/2320 2001/939/2326 2002/932/2325
f 1997/927/2324 1996/925/2319 2002/932/2325
f 1998/928/2323 1997/927/2324 2003/934/2330
f 1999/929/2322 1998/928/2323 2004/935/2329
f 1999/929/2322 2005/941/2328 2006/936/2327
f 2006/936/2327 2012/943/2333 2007/937/2332
f 2001/939/2326 2007/946/2332 2008/938/2331
f 2003/934/2330 2002/932/2325 2008/938/2331
f 2004/935/2329 2003/934/2330 2009/940/2336
f 2005/941/2328 2004/935/2329 2010/942/2335
f 2005/941/2328 2011/949/2334 2012/943/2333
f 2007/937/2332 2012/943/2333 2018/944/2339
f 2007/946/2332 2013/954/2338 2014/945/2337
f 2008/938/2331 2014/945/2337 2015/947/2342
f 2009/940/2336 2015/947/2342 2016/948/2341
f 2011/949/2334 2010/942/2335 2016/948/2341
f 2012/943/2333 2011/949/2334 2017/950/2340
f 2013/951/2338 2018/944/2339 2024/952/2345
f 2013/954/2338 2019/961/2344 2020/953/2463
f 2014/945/2337 2020/953/2463 2021/955/2348
f 2015/947/2342 2021/955/2348 2022/956/2347
f 2017/950/2340 2016/948/2341 2022/956/2347
f 2018/944/2339 2017/950/2340 2023/957/2346
f 2024/952/2345 2030/964/2351 2025/958/2350
f 2019/961/2344 2025/967/2350 2026/960/2349
f 2021/955/2348 2020/953/2463 2026/960/2349
f 2022/956/2347 2021/955/2348 2027/962/2354
f 2022/956/2347 2028/968/2353 2029/963/2352
f 2023/957/2346 2029/963/2352 2030/964/2351
f 2030/964/2351 2036/971/2357 2031/965/2356
f 2025/967/2350 2031/974/2356 2032/966/2355
f 2027/962/2354 2026/960/2349 2032/966/2355
f 2028/968/2353 2027/962/2354 2033/969/2360
f 2028/968/2353 2034/977/2359 2035/970/2358
f 2029/963/2352 2035/970/2358 2036/971/2357
f 2031/965/2356 2036/971/2357 2042/972/2363
f 2031/974/2356 2037/982/2362 2038/973/2361
f 2032/966/2355 2038/973/2361 2039/975/2366
f 2033/969/2360 2039/975/2366 2040/976/2464
f 2034/977/2359 2040/976/2464 2041/978/2364
f 2036/971/2357 2035/970/2358 2041/978/2364
f 2037/979/2362 2042/972/2363 2048/980/2369
f 2037/982/2362 2043/989/2368 2044/981/2367
f 2038/973/2361 2044/981/2367 2045/983/2372
f 2039/975/2366 2045/983/2372 2046/984/2371
f 2040/976/2464 2046/984/2371 2047/985/2370
f 2042/972/2363 2041/978/2364 2047/985/2370
f 2048/980/2369 2054/992/2375 2049/986/2374
f 2043/989/2368 2049/995/2374 2050/988/2373
f 2045/983/2372 2044/981/2367 2050/988/2373
f 2046/984/2371 2045/983/2372 2051/990/2378
f 2046/984/2371 2052/996/2377 2053/991/2376
f 2047/985/2370 2053/991/2376 2054/992/2375
f 2054/992/2375 2060/999/2381 2055/993/2380
f 2049/995/2374 2055/1002/2380 2056/994/2379
f 2051/990/2378 2050/988/2373 2056/994/2379
f 2052/996/2377 2051/990/2378 2057/997/2384
f 2052/996/2377 2058/1005/2383 2059/998/2382
f 2053/991/2376 2059/998/2382 2060/999/2381
f 2055/993/2380 2060/999/2381 2066/1000/2387
f 2055/1002/2380 2061/1010/2386 2062/1001/2385
f 2056/994/2379 2062/1001/2385 2063/1003/2390
f 2057/997/2384 2063/1003/2390 2064/1004/2389
f 2058/1005/2383 2064/1004/2389 2065/1006/2388
f 2060/999/2381 2059/998/2382 2065/1006/2388
f 2061/1007/2386 2066/1000/2387 2072/1008/2393
f 2061/1010/2386 2067/1017/2392 2068/1009/2391
f 2062/1001/2385 2068/1009/2391 2069/1011/2396
f 2063/1003/2390 2069/1011/2396 2070/1012/2395
f 2064/1004/2389 2070/1012/2395 2071/1013/2394
f 2066/1000/2387 2065/1006/2388 2071/1013/2394
f 2072/1008/2393 2078/1020/2399 2073/1014/2398
f 2067/1017/2392 2073/1023/2398 2074/1016/2397
f 2069/1011/2396 2068/1009/2391 2074/1016/2397
f 2070/1012/2395 2069/1011/2396 2075/1018/2402
f 2070/1012/2395 2076/1024/2401 2077/1019/2400
f 2071/1013/2394 2077/1019/2400 2078/1020/2399
f 2078/1020/2399 2084/1027/2405 2079/1021/2404
f 2073/1023/2398 2079/1030/2404 2080/1022/2403
f 2075/1018/2402 2074/1016/2397 2080/1022/2403
f 2076/1024/2401 2075/1018/2402 2081/1025/2408
f 2077/1019/2400 2076/1024/2401 2082/1026/2407
f 2077/1019/2400 2083/1033/2406 2084/1027/2405
f 2079/1021/2404 2084/1027/2405 2090/1028/2411
f 2079/1030/2404 2085/1038/2410 2086/1029/2409
f 2080/1022/2403 2086/1029/2409 2087/1031/2414
f 2081/1025/2408 2087/1031/2414 2088/1032/2413
f 2083/1033/2406 2082/1026/2407 2088/1032/2413
f 2084/1027/2405 2083/1033/2406 2089/1034/2412
f 2085/1035/2410 2090/1028/2411 2096/1036/2417
f 2085/1038/2410 2091/1045/2416 2092/1037/2415
f 2086/1029/2409 2092/1037/2415 2093/1039/2420
f 2087/1031/2414 2093/1039/2420 2094/1040/2419
f 2089/1034/2412 2088/1032/2413 2094/1040/2419
f 2090/1028/2411 2089/1034/2412 2095/1041/2418
f 2096/1036/2417 2102/1048/2423 2097/1042/2422
f 2091/1045/2416 2097/1051/2422 2098/1044/2421
f 2093/1039/2420 2092/1037/2415 2098/1044/2421
f 2094/1040/2419 2093/1039/2420 2099/1046/2426
f 2094/1040/2419 2100/1054/2425 2101/1047/2424
f 2095/1041/2418 2101/1047/2424 2102/1048/2423
f 2097/1042/2422 2102/1048/2423 2108/1049/2429
f 2097/1051/2422 2103/1059/2428 2104/1050/2427
f 2098/1044/2421 2104/1050/2427 2105/1052/2432
f 2099/1046/2426 2105/1052/2432 2106/1053/2431
f 2101/1047/2424 2100/1054/2425 2106/1053/2431
f 2102/1048/2423 2101/1047/2424 2107/1055/2430
f 2103/1056/2428 2108/1049/2429 2114/1057/2435
f 2103/1059/2428 2109/1066/2434 2110/1058/2433
f 2104/1050/2427 2110/1058/2433 2111/1060/2438
f 2105/1052/2432 2111/1060/2438 2112/1061/2437
f 2106/1053/2431 2112/1061/2437 2113/1062/2436
f 2108/1049/2429 2107/1055/2430 2113/1062/2436
f 2114/1057/2435 2120/1069/2441 2115/1063/2440
f 2109/1066/2434 2115/1072/2440 2116/1065/2439
f 2111/1060/2438 2110/1058/2433 2116/1065/2439
f 2112/1061/2437 2111/1060/2438 2117/1067/2444
f 2112/1061/2437 2118/1073/2443 2119/1068/2442
f 2113/1062/2436 2119/1068/2442 2120/1069/2441
f 2120/1069/2441 2126/1076/2447 2121/1070/2446
f 2115/1072/2440 2121/1079/2446 2122/1071/2445
f 2117/1067/2444 2116/1065/2439 2122/1071/2445
f 2118/1073/2443 2117/1067/2444 2123/1074/2450
f 2118/1073/2443 2124/1080/2449 2125/1075/2448
f 2119/1068/2442 2125/1075/2448 2126/1076/2447
f 2126/1076/2447 2132/1083/2453 2127/1077/2465
f 2121/1079/2446 2127/850/2465 2128/1078/2466
f 2123/1074/2450 2122/1071/2445 2128/1078/2466
f 2124/1080/2449 2123/1074/2450 2129/1081/2456
f 2124/1080/2449 2130/1084/2455 2131/1082/2454
f 2125/1075/2448 2131/1082/2454 2132/1083/2453
