# Blender 5.0.1
# www.blender.org
mtllib town_portal.mtl
g A_Grip.001_A_GripProfileData.001
v 0.000000 -0.020000 0.000000
v 0.110000 -0.020000 0.000000
v 0.110000 0.600000 0.000000
v 0.000000 0.600000 0.000000
v 0.068584 -0.020000 -0.086001
v 0.068584 0.600000 -0.086001
v -0.024477 -0.020000 -0.107242
v -0.024477 0.600000 -0.107242
v -0.099107 -0.020000 -0.047727
v -0.099107 0.600000 -0.047727
v -0.099107 -0.020000 0.047727
v -0.099107 0.600000 0.047727
v -0.024477 -0.020000 0.107242
v -0.024477 0.600000 0.107242
v 0.068584 -0.020000 0.086001
v 0.068584 0.600000 0.086001
vn -0.0000 1.0000 -0.0000
vn -0.7836 0.6212 -0.0000
vn -0.7836 -0.6212 -0.0000
vn -0.0000 -1.0000 -0.0000
vn -0.4886 0.6212 0.6127
vn -0.4886 -0.6212 0.6127
vn 0.1744 0.6212 0.7640
vn 0.1744 -0.6212 0.7640
vn 0.7060 0.6212 0.3400
vn 0.7060 -0.6212 0.3400
vn 0.7060 0.6212 -0.3400
vn 0.7060 -0.6212 -0.3400
vn 0.1744 0.6212 -0.7640
vn 0.1744 -0.6212 -0.7640
vn -0.4886 0.6212 -0.6127
vn -0.4886 -0.6212 -0.6127
vt 0.071429 0.000000
vt 0.000000 0.000000
vt 0.142857 0.000000
vt 0.214286 0.000000
vt 0.285714 0.000000
vt 0.357143 0.000000
vt 0.428571 0.000000
vt 0.500000 0.000000
vt 0.571429 0.000000
vt 0.642857 0.000000
vt 0.714286 0.000000
vt 0.785714 0.000000
vt 0.857143 0.000000
vt 0.928571 0.000000
vt 1.000000 0.000000
vt 0.000000 1.000000
vt 0.142857 1.000000
vt 0.285714 1.000000
vt 0.428571 1.000000
vt 0.571429 1.000000
vt 0.714286 1.000000
vt 0.857143 1.000000
vt 1.000000 1.000000
vt 0.071429 1.000000
vt 0.214286 1.000000
vt 0.357143 1.000000
vt 0.500000 1.000000
vt 0.642857 1.000000
vt 0.785714 1.000000
vt 0.928571 1.000000
s 1
g A_Grip.001_dark_wood
usemtl dark_wood
f 1/1/1 2/2/2 5/3/5
f 1/4/1 5/3/5 7/5/7
f 1/6/1 7/5/7 9/7/9
f 1/8/1 9/7/9 11/9/11
f 1/10/1 11/9/11 13/11/13
f 1/12/1 13/11/13 15/13/15
f 1/14/1 15/13/15 2/15/2
f 2/2/2 3/16/3 6/17/6 5/3/5
f 5/3/5 6/17/6 8/18/8 7/5/7
f 7/5/7 8/18/8 10/19/10 9/7/9
f 9/7/9 10/19/10 12/20/12 11/9/11
f 11/9/11 12/20/12 14/21/14 13/11/13
f 13/11/13 14/21/14 16/22/16 15/13/15
f 15/13/15 16/22/16 3/23/3 2/15/2
f 3/16/3 4/24/4 6/17/6
f 6/17/6 4/25/4 8/18/8
f 8/18/8 4/26/4 10/19/10
f 10/19/10 4/27/4 12/20/12
f 12/20/12 4/28/4 14/21/14
f 14/21/14 4/29/4 16/22/16
f 16/22/16 4/30/4 3/23/3
g A_Grip.001_Mesh
v 0.000000 -0.020000 0.000000
v 0.110000 -0.020000 0.000000
v 0.110000 0.600000 0.000000
v 0.000000 0.600000 0.000000
v 0.068584 -0.020000 -0.086001
v 0.068584 0.600000 -0.086001
v -0.024477 -0.020000 -0.107242
v -0.024477 0.600000 -0.107242
v -0.099107 -0.020000 -0.047727
v -0.099107 0.600000 -0.047727
v -0.099107 -0.020000 0.047727
v -0.099107 0.600000 0.047727
v -0.024477 -0.020000 0.107242
v -0.024477 0.600000 0.107242
v 0.068584 -0.020000 0.086001
v 0.068584 0.600000 0.086001
vn -0.0000 1.0000 -0.0000
vn -0.7836 0.6212 -0.0000
vn -0.7836 -0.6212 -0.0000
vn -0.0000 -1.0000 -0.0000
vn -0.4886 0.6212 0.6127
vn -0.4886 -0.6212 0.6127
vn 0.1744 0.6212 0.7640
vn 0.1744 -0.6212 0.7640
vn 0.7060 0.6212 0.3400
vn 0.7060 -0.6212 0.3400
vn 0.7060 0.6212 -0.3400
vn 0.7060 -0.6212 -0.3400
vn 0.1744 0.6212 -0.7640
vn 0.1744 -0.6212 -0.7640
vn -0.4886 0.6212 -0.6127
vn -0.4886 -0.6212 -0.6127
vt 0.071429 0.000000
vt 0.000000 0.000000
vt 0.142857 0.000000
vt 0.214286 0.000000
vt 0.285714 0.000000
vt 0.357143 0.000000
vt 0.428571 0.000000
vt 0.500000 0.000000
vt 0.571429 0.000000
vt 0.642857 0.000000
vt 0.714286 0.000000
vt 0.785714 0.000000
vt 0.857143 0.000000
vt 0.928571 0.000000
vt 1.000000 0.000000
vt 0.000000 1.000000
vt 0.142857 1.000000
vt 0.285714 1.000000
vt 0.428571 1.000000
vt 0.571429 1.000000
vt 0.714286 1.000000
vt 0.857143 1.000000
vt 0.071429 1.000000
vt 0.214286 1.000000
vt 0.357143 1.000000
vt 0.500000 1.000000
vt 0.642857 1.000000
vt 0.785714 1.000000
vt 0.928571 1.000000
vt 1.000000 1.000000
s 1
g A_Grip.001_dark_wood
usemtl dark_wood
f 17/31/17 18/32/18 21/33/21
f 17/34/17 21/33/21 23/35/23
f 17/36/17 23/35/23 25/37/25
f 17/38/17 25/37/25 27/39/27
f 17/40/17 27/39/27 29/41/29
f 17/42/17 29/41/29 31/43/31
f 17/44/17 31/43/31 18/45/18
f 19/46/19 21/33/21 18/32/18
f 22/47/22 23/35/23 21/33/21
f 24/48/24 25/37/25 23/35/23
f 26/49/26 27/39/27 25/37/25
f 28/50/28 29/41/29 27/39/27
f 30/51/30 31/43/31 29/41/29
f 32/52/32 18/45/18 31/43/31
f 19/46/19 20/53/20 22/47/22
f 22/47/22 20/54/20 24/48/24
f 24/48/24 20/55/20 26/49/26
f 26/49/26 20/56/20 28/50/28
f 28/50/28 20/57/20 30/51/30
f 30/51/30 20/58/20 32/52/32
f 32/52/32 20/59/20 19/60/19
f 19/46/19 22/47/22 21/33/21
f 22/47/22 24/48/24 23/35/23
f 24/48/24 26/49/26 25/37/25
f 26/49/26 28/50/28 27/39/27
f 28/50/28 30/51/30 29/41/29
f 30/51/30 32/52/32 31/43/31
f 32/52/32 19/60/19 18/45/18
g A_InnerRing.001_A_InnerRingProfileData.001
v 0.516524 1.074641 0.020000
v 0.510018 1.071182 0.047500
v 0.492243 1.061730 0.067631
v 0.467962 1.048820 0.075000
v 0.443681 1.035910 0.067631
v 0.425906 1.026458 0.047500
v 0.419400 1.022999 0.020000
v 0.425906 1.026458 -0.007500
v 0.443681 1.035909 -0.027631
v 0.467962 1.048820 -0.035000
v 0.492243 1.061730 -0.027631
v 0.510018 1.071182 -0.007500
v 0.431996 1.194467 0.020000
v 0.426555 1.189498 0.047500
v 0.411689 1.175924 0.067631
v 0.391381 1.157380 0.075000
v 0.371074 1.138837 0.067631
v 0.356208 1.125262 0.047500
v 0.350766 1.120294 0.020000
v 0.356208 1.125262 -0.007500
v 0.371074 1.138837 -0.027631
v 0.391381 1.157380 -0.035000
v 0.411689 1.175924 -0.027631
v 0.426555 1.189498 -0.007500
v 0.320324 1.289507 0.020000
v 0.316290 1.283341 0.047500
v 0.305266 1.266496 0.067631
v 0.290208 1.243485 0.075000
v 0.275150 1.220474 0.067631
v 0.264127 1.203629 0.047500
v 0.260092 1.197463 0.020000
v 0.264127 1.203629 -0.007500
v 0.275150 1.220474 -0.027631
v 0.290208 1.243485 -0.035000
v 0.305266 1.266496 -0.027631
v 0.316290 1.283341 -0.007500
v 0.188525 1.353790 0.020000
v 0.186151 1.346814 0.047500
v 0.179663 1.327757 0.067631
v 0.170801 1.301724 0.075000
v 0.161939 1.275691 0.067631
v 0.155451 1.256634 0.047500
v 0.153076 1.249658 0.020000
v 0.155451 1.256634 -0.007500
v 0.161939 1.275691 -0.027631
v 0.170801 1.301724 -0.035000
v 0.179663 1.327757 -0.027631
v 0.186151 1.346814 -0.007500
v 0.044881 1.383276 0.020000
v 0.044315 1.375929 0.047500
v 0.042771 1.355857 0.067631
v 0.040661 1.328438 0.075000
v 0.038551 1.301019 0.067631
v 0.037007 1.280947 0.047500
v 0.036442 1.273600 0.020000
v 0.037007 1.280947 -0.007500
v 0.038551 1.301019 -0.027631
v 0.040661 1.328438 -0.035000
v 0.042771 1.355857 -0.027631
v 0.044315 1.375929 -0.007500
v -0.101584 1.376112 0.020000
v -0.100305 1.368856 0.047500
v -0.096809 1.349030 0.067631
v -0.092034 1.321948 0.075000
v -0.087258 1.294866 0.067631
v -0.083762 1.275040 0.047500
v -0.082483 1.267784 0.020000
v -0.083762 1.275040 -0.007500
v -0.087258 1.294866 -0.027631
v -0.092034 1.321948 -0.035000
v -0.096809 1.349030 -0.027631
v -0.100305 1.368856 -0.007500
v -0.241666 1.332750 0.020000
v -0.238622 1.326040 0.047500
v -0.230306 1.307706 0.067631
v -0.218945 1.282662 0.075000
v -0.207585 1.257619 0.067631
v -0.199269 1.239285 0.047500
v -0.196225 1.232575 0.020000
v -0.199269 1.239285 -0.007500
v -0.207585 1.257619 -0.027631
v -0.218945 1.282662 -0.035000
v -0.230306 1.307706 -0.027631
v -0.238622 1.326040 -0.007500
v -0.366563 1.255913 0.020000
v -0.361946 1.250170 0.047500
v -0.349332 1.234481 0.067631
v -0.332100 1.213049 0.075000
v -0.314868 1.191617 0.067631
v -0.302254 1.175928 0.047500
v -0.297637 1.170186 0.020000
v -0.302254 1.175928 -0.007500
v -0.314868 1.191617 -0.027631
v -0.332100 1.213049 -0.035000
v -0.349332 1.234481 -0.027631
v -0.361946 1.250170 -0.007500
v -0.468428 1.150429 0.020000
v -0.462528 1.146015 0.047500
v -0.446408 1.133956 0.067631
v -0.424388 1.117483 0.075000
v -0.402367 1.101009 0.067631
v -0.386248 1.088950 0.047500
v -0.380347 1.084536 0.020000
v -0.386248 1.088950 -0.007500
v -0.402367 1.101009 -0.027631
v -0.424388 1.117483 -0.035000
v -0.446408 1.133956 -0.027631
v -0.462528 1.146015 -0.007500
v -0.540859 1.022926 0.020000
v -0.534047 1.020118 0.047500
v -0.515434 1.012447 0.067631
v -0.490009 1.001967 0.075000
v -0.464584 0.991488 0.067631
v -0.445972 0.983816 0.047500
v -0.439159 0.981008 0.020000
v -0.445972 0.983816 -0.007500
v -0.464584 0.991488 -0.027631
v -0.490009 1.001967 -0.035000
v -0.515434 1.012447 -0.027631
v -0.534047 1.020118 -0.007500
v -0.579307 0.881416 0.020000
v -0.572010 0.880391 0.047500
v -0.552074 0.877589 0.067631
v -0.524842 0.873762 0.075000
v -0.497610 0.869935 0.067631
v -0.477674 0.867133 0.047500
v -0.470377 0.866107 0.020000
v -0.477674 0.867133 -0.007500
v -0.497610 0.869935 -0.027631
v -0.524842 0.873762 -0.035000
v -0.552074 0.877589 -0.027631
v -0.572010 0.880391 -0.007500
v -0.581354 0.734791 0.020000
v -0.574032 0.735612 0.047500
v -0.554026 0.737856 0.067631
v -0.526697 0.740922 0.075000
v -0.499368 0.743987 0.067631
v -0.479362 0.746231 0.047500
v -0.472040 0.747052 0.020000
v -0.479362 0.746231 -0.007500
v -0.499368 0.743987 -0.027631
v -0.526697 0.740922 -0.035000
v -0.554026 0.737856 -0.027631
v -0.574032 0.735612 -0.007500
v -0.546873 0.592263 0.020000
v -0.539985 0.594879 0.047500
v -0.521165 0.602028 0.067631
v -0.495458 0.611793 0.075000
v -0.469750 0.621559 0.067631
v -0.450931 0.628708 0.047500
v -0.444042 0.631324 0.020000
v -0.450931 0.628708 -0.007500
v -0.469750 0.621559 -0.027631
v -0.495458 0.611793 -0.035000
v -0.521165 0.602028 -0.027631
v -0.539985 0.594879 -0.007500
v -0.478030 0.462787 0.020000
v -0.472009 0.467035 0.047500
v -0.455558 0.478639 0.067631
v -0.433087 0.494491 0.075000
v -0.410615 0.510343 0.067631
v -0.394165 0.521947 0.047500
v -0.388144 0.526195 0.020000
v -0.394165 0.521947 -0.007500
v -0.410615 0.510343 -0.027631
v -0.433087 0.494491 -0.035000
v -0.455558 0.478639 -0.027631
v -0.472009 0.467035 -0.007500
v -0.379150 0.354500 0.020000
v -0.374374 0.360112 0.047500
v -0.361327 0.375443 0.067631
v -0.343504 0.396385 0.075000
v -0.325680 0.417327 0.067631
v -0.312633 0.432658 0.047500
v -0.307857 0.438269 0.020000
v -0.312633 0.432658 -0.007500
v -0.325680 0.417327 -0.027631
v -0.343504 0.396385 -0.035000
v -0.361327 0.375443 -0.027631
v -0.374374 0.360112 -0.007500
v -0.256447 0.274206 0.020000
v -0.253217 0.280828 0.047500
v -0.244392 0.298922 0.067631
v -0.232337 0.323639 0.075000
v -0.220282 0.348356 0.067631
v -0.211457 0.366450 0.047500
v -0.208226 0.373073 0.020000
v -0.211457 0.366450 -0.007500
v -0.220282 0.348356 -0.027631
v -0.232337 0.323639 -0.035000
v -0.244392 0.298922 -0.027631
v -0.253217 0.280828 -0.007500
v -0.117631 0.226949 0.020000
v -0.116149 0.234167 0.047500
v -0.112101 0.253887 0.067631
v -0.106571 0.280825 0.075000
v -0.101042 0.307764 0.067631
v -0.096994 0.327484 0.047500
v -0.095512 0.334702 0.020000
v -0.096994 0.327484 -0.007500
v -0.101042 0.307764 -0.027631
v -0.106571 0.280825 -0.035000
v -0.112101 0.253887 -0.027631
v -0.116149 0.234167 -0.007500
v 0.028577 0.215698 0.020000
v 0.028217 0.223058 0.047500
v 0.027234 0.243166 0.067631
v 0.025890 0.270633 0.075000
v 0.024547 0.298100 0.067631
v 0.023564 0.318207 0.047500
v 0.023204 0.325567 0.020000
v 0.023564 0.318207 -0.007500
v 0.024547 0.298100 -0.027631
v 0.025890 0.270633 -0.035000
v 0.027234 0.243166 -0.027631
v 0.028217 0.223058 -0.007500
v 0.172989 0.241162 0.020000
v 0.170810 0.248201 0.047500
v 0.164857 0.267432 0.067631
v 0.156725 0.293703 0.075000
v 0.148593 0.319973 0.067631
v 0.142640 0.339204 0.047500
v 0.140461 0.346243 0.020000
v 0.142640 0.339204 -0.007500
v 0.148593 0.319973 -0.027631
v 0.156725 0.293703 -0.035000
v 0.164857 0.267432 -0.027631
v 0.170810 0.248201 -0.007500
vn 0.8171 0.5764 -0.0000
vn 0.7131 0.5030 0.4883
vn 0.4234 0.2987 0.8553
vn 0.0170 0.0120 0.9998
vn -0.3980 -0.2808 0.8733
vn -0.7047 -0.4971 0.5062
vn -0.8171 -0.5764 -0.0000
vn -0.7047 -0.4971 -0.5062
vn -0.3980 -0.2808 -0.8733
vn 0.0170 0.0120 -0.9998
vn 0.4234 0.2987 -0.8553
vn 0.7131 0.5030 -0.4883
vn 0.7385 0.6743 -0.0000
vn 0.6432 0.5873 0.4913
vn 0.3805 0.3474 0.8571
vn 0.0153 0.0140 0.9998
vn -0.3575 -0.3265 0.8750
vn -0.6356 -0.5804 0.5092
vn -0.7385 -0.6743 -0.0000
vn -0.6356 -0.5804 -0.5092
vn -0.3575 -0.3265 -0.8750
vn 0.0153 0.0140 -0.9998
vn 0.3805 0.3474 -0.8571
vn 0.6432 0.5873 -0.4913
vn 0.5476 0.8368 -0.0000
vn 0.4769 0.7288 0.4913
vn 0.2821 0.4311 0.8571
vn 0.0113 0.0173 0.9998
vn -0.2651 -0.4051 0.8750
vn -0.4713 -0.7202 0.5092
vn -0.5476 -0.8368 -0.0000
vn -0.4713 -0.7202 -0.5092
vn -0.2651 -0.4051 -0.8750
vn 0.0113 0.0173 -0.9998
vn 0.2821 0.4311 -0.8571
vn 0.4769 0.7288 -0.4913
vn 0.3223 0.9466 -0.0000
vn 0.2807 0.8245 0.4913
vn 0.1660 0.4877 0.8571
vn 0.0067 0.0196 0.9998
vn -0.1560 -0.4583 0.8750
vn -0.2774 -0.8148 0.5092
vn -0.3223 -0.9466 -0.0000
vn -0.2774 -0.8148 -0.5092
vn -0.1560 -0.4583 -0.8750
vn 0.0067 0.0196 -0.9998
vn 0.1660 0.4877 -0.8571
vn 0.2807 0.8245 -0.4913
vn 0.0767 0.9971 -0.0000
vn 0.0668 0.8684 0.4913
vn 0.0395 0.5137 0.8571
vn 0.0016 0.0206 0.9998
vn -0.0371 -0.4827 0.8750
vn -0.0660 -0.8581 0.5092
vn -0.0767 -0.9971 -0.0000
vn -0.0660 -0.8581 -0.5092
vn -0.0371 -0.4827 -0.8750
vn 0.0016 0.0206 -0.9998
vn 0.0395 0.5137 -0.8571
vn 0.0668 0.8684 -0.4913
vn -0.1736 0.9848 -0.0000
vn -0.1512 0.8578 0.4913
vn -0.0895 0.5074 0.8571
vn -0.0036 0.0204 0.9998
vn 0.0841 -0.4768 0.8750
vn 0.1495 -0.8476 0.5092
vn 0.1736 -0.9848 -0.0000
vn 0.1495 -0.8476 -0.5092
vn 0.0841 -0.4768 -0.8750
vn -0.0036 0.0204 -0.9998
vn -0.0895 0.5074 -0.8571
vn -0.1512 0.8578 -0.4913
vn -0.4131 0.9107 -0.0000
vn -0.3598 0.7932 0.4913
vn -0.2128 0.4692 0.8571
vn -0.0085 0.0188 0.9998
vn 0.2000 -0.4409 0.8750
vn 0.3555 -0.7838 0.5092
vn 0.4131 -0.9107 -0.0000
vn 0.3555 -0.7838 -0.5092
vn 0.2000 -0.4409 -0.8750
vn -0.0085 0.0188 -0.9998
vn -0.2128 0.4692 -0.8571
vn -0.3598 0.7932 -0.4913
vn -0.6266 0.7793 -0.0000
vn -0.5458 0.6788 0.4913
vn -0.3228 0.4015 0.8571
vn -0.0130 0.0161 0.9998
vn 0.3034 -0.3773 0.8750
vn 0.5393 -0.6708 0.5092
vn 0.6266 -0.7793 -0.0000
vn 0.5393 -0.6708 -0.5092
vn 0.3034 -0.3773 -0.8750
vn -0.0130 0.0161 -0.9998
vn -0.3228 0.4015 -0.8571
vn -0.5458 0.6788 -0.4913
vn -0.8007 0.5990 -0.0000
vn -0.6974 0.5218 0.4913
vn -0.4125 0.3086 0.8571
vn -0.0166 0.0124 0.9998
vn 0.3877 -0.2900 0.8750
vn 0.6892 -0.5156 0.5092
vn 0.8007 -0.5990 -0.0000
vn 0.6892 -0.5156 -0.5092
vn 0.3877 -0.2900 -0.8750
vn -0.0166 0.0124 -0.9998
vn -0.4125 0.3086 -0.8571
vn -0.6974 0.5218 -0.4913
vn -0.9245 0.3811 -0.0000
vn -0.8053 0.3319 0.4913
vn -0.4763 0.1963 0.8571
vn -0.0191 0.0079 0.9998
vn 0.4476 -0.1845 0.8750
vn 0.7957 -0.3280 0.5092
vn 0.9245 -0.3811 -0.0000
vn 0.7957 -0.3280 -0.5092
vn 0.4476 -0.1845 -0.8750
vn -0.0191 0.0079 -0.9998
vn -0.4763 0.1963 -0.8571
vn -0.8053 0.3319 -0.4913
vn -0.9903 0.1392 -0.0000
vn -0.8625 0.1212 0.4913
vn -0.5102 0.0717 0.8571
vn -0.0205 0.0029 0.9998
vn 0.4795 -0.0674 0.8750
vn 0.8523 -0.1198 0.5092
vn 0.9903 -0.1392 -0.0000
vn 0.8523 -0.1198 -0.5092
vn 0.4795 -0.0674 -0.8750
vn -0.0205 0.0029 -0.9998
vn -0.5102 0.0717 -0.8571
vn -0.8625 0.1212 -0.4913
vn -0.9938 -0.1115 -0.0000
vn -0.8656 -0.0971 0.4913
vn -0.5120 -0.0574 0.8571
vn -0.0206 -0.0023 0.9998
vn 0.4812 0.0540 0.8750
vn 0.8553 0.0959 0.5092
vn 0.9938 0.1115 -0.0000
vn 0.8553 0.0959 -0.5092
vn 0.4812 0.0540 -0.8750
vn -0.0206 -0.0023 -0.9998
vn -0.5120 -0.0574 -0.8571
vn -0.8656 -0.0971 -0.4913
vn -0.9348 -0.3551 -0.0000
vn -0.8142 -0.3093 0.4913
vn -0.4816 -0.1830 0.8571
vn -0.0193 -0.0073 0.9998
vn 0.4526 0.1719 0.8750
vn 0.8046 0.3056 0.5092
vn 0.9348 0.3551 -0.0000
vn 0.8046 0.3056 -0.5092
vn 0.4526 0.1719 -0.8750
vn -0.0193 -0.0073 -0.9998
vn -0.4816 -0.1830 -0.8571
vn -0.8142 -0.3093 -0.4913
vn -0.7117 -0.5021 0.4913
vn -0.4210 -0.2970 0.8571
vn -0.0169 -0.0119 0.9998
vn 0.3956 0.2791 0.8750
vn 0.7033 0.4961 0.5092
vn 0.7033 0.4961 -0.5092
vn 0.3956 0.2791 -0.8750
vn -0.0169 -0.0119 -0.9998
vn -0.4210 -0.2970 -0.8571
vn -0.7117 -0.5021 -0.4913
vn -0.6481 -0.7615 -0.0000
vn -0.5645 -0.6633 0.4913
vn -0.3339 -0.3923 0.8571
vn -0.0134 -0.0158 0.9998
vn 0.3138 0.3687 0.8750
vn 0.5578 0.6554 0.5092
vn 0.6481 0.7615 -0.0000
vn 0.5578 0.6554 -0.5092
vn 0.3138 0.3687 -0.8750
vn -0.0134 -0.0158 -0.9998
vn -0.3339 -0.3923 -0.8571
vn -0.5645 -0.6633 -0.4913
vn -0.4384 -0.8988 -0.0000
vn -0.3818 -0.7829 0.4913
vn -0.2258 -0.4631 0.8571
vn -0.0091 -0.0186 0.9998
vn 0.2122 0.4352 0.8750
vn 0.3773 0.7736 0.5092
vn 0.4384 0.8988 -0.0000
vn 0.3773 0.7736 -0.5092
vn 0.2122 0.4352 -0.8750
vn -0.0091 -0.0186 -0.9998
vn -0.2258 -0.4631 -0.8571
vn -0.3818 -0.7829 -0.4913
vn -0.2011 -0.9796 -0.0000
vn -0.1751 -0.8532 0.4913
vn -0.1036 -0.5047 0.8571
vn -0.0042 -0.0203 0.9998
vn 0.0974 0.4743 0.8750
vn 0.1731 0.8431 0.5092
vn 0.2011 0.9796 -0.0000
vn 0.1731 0.8431 -0.5092
vn 0.0974 0.4743 -0.8750
vn -0.0042 -0.0203 -0.9998
vn -0.1036 -0.5047 -0.8571
vn -0.1751 -0.8532 -0.4913
vn 0.0488 -0.9988 -0.0000
vn 0.0425 -0.8700 0.4913
vn 0.0252 -0.5146 0.8571
vn 0.0010 -0.0207 0.9998
vn -0.0237 0.4836 0.8750
vn -0.0420 0.8596 0.5092
vn -0.0488 0.9988 -0.0000
vn -0.0420 0.8596 -0.5092
vn -0.0237 0.4836 -0.8750
vn 0.0010 -0.0207 -0.9998
vn 0.0252 -0.5146 -0.8571
vn 0.0425 -0.8700 -0.4913
vn 0.1515 -0.8594 0.4883
vn 0.0900 -0.5103 0.8553
vn 0.0036 -0.0205 0.9998
vn -0.0846 0.4797 0.8733
vn -0.1498 0.8493 0.5062
vn -0.1498 0.8493 -0.5062
vn -0.0846 0.4797 -0.8733
vn 0.0036 -0.0205 -0.9998
vn 0.0900 -0.5103 -0.8553
vn 0.1515 -0.8594 -0.4883
vt 0.000000 0.750000
vt 0.000000 0.500000
vt 0.055556 0.500000
vt 0.055556 0.750000
vt 0.111111 0.500000
vt 0.111111 0.750000
vt 0.166667 0.500000
vt 0.166667 0.750000
vt 0.222222 0.500000
vt 0.222222 0.750000
vt 0.277778 0.500000
vt 0.277778 0.750000
vt 0.333333 0.500000
vt 0.333333 0.750000
vt 0.388889 0.500000
vt 0.388889 0.750000
vt 0.444444 0.500000
vt 0.444444 0.750000
vt 0.500000 0.500000
vt 0.500000 0.750000
vt 0.555556 0.500000
vt 0.555556 0.750000
vt 0.611111 0.500000
vt 0.611111 0.750000
vt 0.666667 0.500000
vt 0.666667 0.750000
vt 0.722222 0.500000
vt 0.722222 0.750000
vt 0.777778 0.500000
vt 0.777778 0.750000
vt 0.833333 0.500000
vt 0.833333 0.750000
vt 0.888889 0.500000
vt 0.888889 0.750000
vt 0.944444 0.500000
vt 0.944444 0.750000
vt 1.000000 0.500000
vt 1.000000 0.750000
vt 0.000000 0.933013
vt 0.055556 0.933013
vt 0.111111 0.933013
vt 0.166667 0.933013
vt 0.222222 0.933013
vt 0.277778 0.933013
vt 0.333333 0.933013
vt 0.388889 0.933013
vt 0.444444 0.933013
vt 0.500000 0.933013
vt 0.555556 0.933013
vt 0.611111 0.933013
vt 0.666667 0.933013
vt 0.722222 0.933013
vt 0.777778 0.933013
vt 0.833333 0.933013
vt 0.888889 0.933013
vt 0.944444 0.933013
vt 1.000000 0.933013
vt 0.000000 1.000000
vt 0.055556 1.000000
vt 0.111111 1.000000
vt 0.166667 1.000000
vt 0.222222 1.000000
vt 0.277778 1.000000
vt 0.333333 1.000000
vt 0.388889 1.000000
vt 0.444444 1.000000
vt 0.500000 1.000000
vt 0.555556 1.000000
vt 0.611111 1.000000
vt 0.666667 1.000000
vt 0.722222 1.000000
vt 0.777778 1.000000
vt 0.833333 1.000000
vt 0.888889 1.000000
vt 0.944444 1.000000
vt 1.000000 1.000000
vt 0.000000 0.250000
vt 0.055556 0.250000
vt 0.111111 0.250000
vt 0.166667 0.250000
vt 0.222222 0.250000
vt 0.277778 0.250000
vt 0.333333 0.250000
vt 0.388889 0.250000
vt 0.444444 0.250000
vt 0.500000 0.250000
vt 0.555556 0.250000
vt 0.611111 0.250000
vt 0.666667 0.250000
vt 0.722222 0.250000
vt 0.777778 0.250000
vt 0.833333 0.250000
vt 0.888889 0.250000
vt 0.944444 0.250000
vt 1.000000 0.250000
vt 0.000000 0.066987
vt 0.055556 0.066987
vt 0.111111 0.066987
vt 0.166667 0.066987
vt 0.222222 0.066987
vt 0.277778 0.066987
vt 0.333333 0.066987
vt 0.388889 0.066987
vt 0.444444 0.066987
vt 0.500000 0.066987
vt 0.555556 0.066987
vt 0.611111 0.066987
vt 0.666667 0.066987
vt 0.722222 0.066987
vt 0.777778 0.066987
vt 0.833333 0.066987
vt 0.888889 0.066987
vt 0.944444 0.066987
vt 1.000000 0.066987
vt 0.000000 0.000000
vt 0.055556 0.000000
vt 0.111111 0.000000
vt 0.166667 0.000000
vt 0.222222 0.000000
vt 0.277778 0.000000
vt 0.333333 0.000000
vt 0.388889 0.000000
vt 0.444444 0.000000
vt 0.500000 0.000000
vt 0.555556 0.000000
vt 0.611111 0.000000
vt 0.666667 0.000000
vt 0.722222 0.000000
vt 0.777778 0.000000
vt 0.833333 0.000000
vt 0.888889 0.000000
vt 0.944444 0.000000
vt 1.000000 0.000000
s 1
g A_InnerRing.001_wrought_iron
usemtl wrought_iron
f 34/61/34 33/62/33 45/63/45 46/64/46
f 46/64/46 45/63/45 57/65/57 58/66/58
f 58/66/58 57/65/57 69/67/69 70/68/70
f 70/68/70 69/67/69 81/69/81 82/70/82
f 82/70/82 81/69/81 93/71/93 94/72/94
f 94/72/94 93/71/93 105/73/105 106/74/106
f 106/74/106 105/73/105 117/75/117 118/76/118
f 118/76/118 117/75/117 129/77/129 130/78/130
f 130/78/130 129/77/129 141/79/141 142/80/142
f 142/80/142 141/79/141 153/81/153 154/82/154
f 154/82/154 153/81/153 165/83/165 166/84/166
f 166/84/166 165/83/165 177/85/177 178/86/178
f 178/86/178 177/85/177 189/87/39 190/88/189
f 190/88/189 189/87/39 201/89/199 202/90/200
f 202/90/200 201/89/199 213/91/211 214/92/212
f 214/92/212 213/91/211 225/93/223 226/94/224
f 226/94/224 225/93/223 237/95/235 238/96/236
f 238/96/236 237/95/235 249/97/99 250/98/247
f 35/99/35 34/61/34 46/64/46 47/100/47
f 47/100/47 46/64/46 58/66/58 59/101/59
f 59/101/59 58/66/58 70/68/70 71/102/71
f 71/102/71 70/68/70 82/70/82 83/103/83
f 83/103/83 82/70/82 94/72/94 95/104/95
f 95/104/95 94/72/94 106/74/106 107/105/107
f 107/105/107 106/74/106 118/76/118 119/106/119
f 119/106/119 118/76/118 130/78/130 131/107/131
f 131/107/131 130/78/130 142/80/142 143/108/143
f 143/108/143 142/80/142 154/82/154 155/109/155
f 155/109/155 154/82/154 166/84/166 167/110/167
f 167/110/167 166/84/166 178/86/178 179/111/179
f 179/111/179 178/86/178 190/88/189 191/112/190
f 191/112/190 190/88/189 202/90/200 203/113/201
f 203/113/201 202/90/200 214/92/212 215/114/213
f 215/114/213 214/92/212 226/94/224 227/115/225
f 227/115/225 226/94/224 238/96/236 239/116/237
f 239/116/237 238/96/236 250/98/247 251/117/248
f 36/118/36 35/99/35 47/100/47 48/119/48
f 48/119/48 47/100/47 59/101/59 60/120/60
f 60/120/60 59/101/59 71/102/71 72/121/72
f 72/121/72 71/102/71 83/103/83 84/122/84
f 84/122/84 83/103/83 95/104/95 96/123/96
f 96/123/96 95/104/95 107/105/107 108/124/108
f 108/124/108 107/105/107 119/106/119 120/125/120
f 120/125/120 119/106/119 131/107/131 132/126/132
f 132/126/132 131/107/131 143/108/143 144/127/144
f 144/127/144 143/108/143 155/109/155 156/128/156
f 156/128/156 155/109/155 167/110/167 168/129/168
f 168/129/168 167/110/167 179/111/179 180/130/180
f 180/130/180 179/111/179 191/112/190 192/131/191
f 192/131/191 191/112/190 203/113/201 204/132/202
f 204/132/202 203/113/201 215/114/213 216/133/214
f 216/133/214 215/114/213 227/115/225 228/134/226
f 228/134/226 227/115/225 239/116/237 240/135/238
f 240/135/238 239/116/237 251/117/248 252/136/249
f 37/99/37 36/118/36 48/119/48 49/100/49
f 49/100/49 48/119/48 60/120/60 61/101/61
f 61/101/61 60/120/60 72/121/72 73/102/73
f 73/102/73 72/121/72 84/122/84 85/103/85
f 85/103/85 84/122/84 96/123/96 97/104/97
f 97/104/97 96/123/96 108/124/108 109/105/109
f 109/105/109 108/124/108 120/125/120 121/106/121
f 121/106/121 120/125/120 132/126/132 133/107/133
f 133/107/133 132/126/132 144/127/144 145/108/145
f 145/108/145 144/127/144 156/128/156 157/109/157
f 157/109/157 156/128/156 168/129/168 169/110/169
f 169/110/169 168/129/168 180/130/180 181/111/181
f 181/111/181 180/130/180 192/131/191 193/112/192
f 193/112/192 192/131/191 204/132/202 205/113/203
f 205/113/203 204/132/202 216/133/214 217/114/215
f 217/114/215 216/133/214 228/134/226 229/115/227
f 229/115/227 228/134/226 240/135/238 241/116/239
f 241/116/239 240/135/238 252/136/249 253/117/250
f 38/61/38 37/99/37 49/100/49 50/64/50
f 50/64/50 49/100/49 61/101/61 62/66/62
f 62/66/62 61/101/61 73/102/73 74/68/74
f 74/68/74 73/102/73 85/103/85 86/70/86
f 86/70/86 85/103/85 97/104/97 98/72/98
f 98/72/98 97/104/97 109/105/109 110/74/110
f 110/74/110 109/105/109 121/106/121 122/76/122
f 122/76/122 121/106/121 133/107/133 134/78/134
f 134/78/134 133/107/133 145/108/145 146/80/146
f 146/80/146 145/108/145 157/109/157 158/82/158
f 158/82/158 157/109/157 169/110/169 170/84/170
f 170/84/170 169/110/169 181/111/181 182/86/182
f 182/86/182 181/111/181 193/112/192 194/88/193
f 194/88/193 193/112/192 205/113/203 206/90/204
f 206/90/204 205/113/203 217/114/215 218/92/216
f 218/92/216 217/114/215 229/115/227 230/94/228
f 230/94/228 229/115/227 241/116/239 242/96/240
f 242/96/240 241/116/239 253/117/250 254/98/251
f 39/62/39 38/61/38 50/64/50 51/63/51
f 51/63/51 50/64/50 62/66/62 63/65/63
f 63/65/63 62/66/62 74/68/74 75/67/75
f 75/67/75 74/68/74 86/70/86 87/69/87
f 87/69/87 86/70/86 98/72/98 99/71/99
f 99/71/99 98/72/98 110/74/110 111/73/111
f 111/73/111 110/74/110 122/76/122 123/75/123
f 123/75/123 122/76/122 134/78/134 135/77/135
f 135/77/135 134/78/134 146/80/146 147/79/147
f 147/79/147 146/80/146 158/82/158 159/81/159
f 159/81/159 158/82/158 170/84/170 171/83/171
f 171/83/171 170/84/170 182/86/182 183/85/183
f 183/85/183 182/86/182 194/88/193 195/87/33
f 195/87/33 194/88/193 206/90/204 207/89/205
f 207/89/205 206/90/204 218/92/216 219/91/217
f 219/91/217 218/92/216 230/94/228 231/93/229
f 231/93/229 230/94/228 242/96/240 243/95/241
f 243/95/241 242/96/240 254/98/251 255/97/93
f 40/137/40 39/62/39 51/63/51 52/138/52
f 52/138/52 51/63/51 63/65/63 64/139/64
f 64/139/64 63/65/63 75/67/75 76/140/76
f 76/140/76 75/67/75 87/69/87 88/141/88
f 88/141/88 87/69/87 99/71/99 100/142/100
f 100/142/100 99/71/99 111/73/111 112/143/112
f 112/143/112 111/73/111 123/75/123 124/144/124
f 124/144/124 123/75/123 135/77/135 136/145/136
f 136/145/136 135/77/135 147/79/147 148/146/148
f 148/146/148 147/79/147 159/81/159 160/147/160
f 160/147/160 159/81/159 171/83/171 172/148/172
f 172/148/172 171/83/171 183/85/183 184/149/184
f 184/149/184 183/85/183 195/87/33 196/150/194
f 196/150/194 195/87/33 207/89/205 208/151/206
f 208/151/206 207/89/205 219/91/217 220/152/218
f 220/152/218 219/91/217 231/93/229 232/153/230
f 232/153/230 231/93/229 243/95/241 244/154/242
f 244/154/242 243/95/241 255/97/93 256/155/252
f 41/156/41 40/137/40 52/138/52 53/157/53
f 53/157/53 52/138/52 64/139/64 65/158/65
f 65/158/65 64/139/64 76/140/76 77/159/77
f 77/159/77 76/140/76 88/141/88 89/160/89
f 89/160/89 88/141/88 100/142/100 101/161/101
f 101/161/101 100/142/100 112/143/112 113/162/113
f 113/162/113 112/143/112 124/144/124 125/163/125
f 125/163/125 124/144/124 136/145/136 137/164/137
f 137/164/137 136/145/136 148/146/148 149/165/149
f 149/165/149 148/146/148 160/147/160 161/166/161
f 161/166/161 160/147/160 172/148/172 173/167/173
f 173/167/173 172/148/172 184/149/184 185/168/185
f 185/168/185 184/149/184 196/150/194 197/169/195
f 197/169/195 196/150/194 208/151/206 209/170/207
f 209/170/207 208/151/206 220/152/218 221/171/219
f 221/171/219 220/152/218 232/153/230 233/172/231
f 233/172/231 232/153/230 244/154/242 245/173/243
f 245/173/243 244/154/242 256/155/252 257/174/253
f 42/175/42 41/156/41 53/157/53 54/176/54
f 54/176/54 53/157/53 65/158/65 66/177/66
f 66/177/66 65/158/65 77/159/77 78/178/78
f 78/178/78 77/159/77 89/160/89 90/179/90
f 90/179/90 89/160/89 101/161/101 102/180/102
f 102/180/102 101/161/101 113/162/113 114/181/114
f 114/181/114 113/162/113 125/163/125 126/182/126
f 126/182/126 125/163/125 137/164/137 138/183/138
f 138/183/138 137/164/137 149/165/149 150/184/150
f 150/184/150 149/165/149 161/166/161 162/185/162
f 162/185/162 161/166/161 173/167/173 174/186/174
f 174/186/174 173/167/173 185/168/185 186/187/186
f 186/187/186 185/168/185 197/169/195 198/188/196
f 198/188/196 197/169/195 209/170/207 210/189/208
f 210/189/208 209/170/207 221/171/219 222/190/220
f 222/190/220 221/171/219 233/172/231 234/191/232
f 234/191/232 233/172/231 245/173/243 246/192/244
f 246/192/244 245/173/243 257/174/253 258/193/254
f 43/156/43 42/175/42 54/176/54 55/157/55
f 55/157/55 54/176/54 66/177/66 67/158/67
f 67/158/67 66/177/66 78/178/78 79/159/79
f 79/159/79 78/178/78 90/179/90 91/160/91
f 91/160/91 90/179/90 102/180/102 103/161/103
f 103/161/103 102/180/102 114/181/114 115/162/115
f 115/162/115 114/181/114 126/182/126 127/163/127
f 127/163/127 126/182/126 138/183/138 139/164/139
f 139/164/139 138/183/138 150/184/150 151/165/151
f 151/165/151 150/184/150 162/185/162 163/166/163
f 163/166/163 162/185/162 174/186/174 175/167/175
f 175/167/175 174/186/174 186/187/186 187/168/187
f 187/168/187 186/187/186 198/188/196 199/169/197
f 199/169/197 198/188/196 210/189/208 211/170/209
f 211/170/209 210/189/208 222/190/220 223/171/221
f 223/171/221 222/190/220 234/191/232 235/172/233
f 235/172/233 234/191/232 246/192/244 247/173/245
f 247/173/245 246/192/244 258/193/254 259/174/255
f 44/137/44 43/156/43 55/157/55 56/138/56
f 56/138/56 55/157/55 67/158/67 68/139/68
f 68/139/68 67/158/67 79/159/79 80/140/80
f 80/140/80 79/159/79 91/160/91 92/141/92
f 92/141/92 91/160/91 103/161/103 104/142/104
f 104/142/104 103/161/103 115/162/115 116/143/116
f 116/143/116 115/162/115 127/163/127 128/144/128
f 128/144/128 127/163/127 139/164/139 140/145/140
f 140/145/140 139/164/139 151/165/151 152/146/152
f 152/146/152 151/165/151 163/166/163 164/147/164
f 164/147/164 163/166/163 175/167/175 176/148/176
f 176/148/176 175/167/175 187/168/187 188/149/188
f 188/149/188 187/168/187 199/169/197 200/150/198
f 200/150/198 199/169/197 211/170/209 212/151/210
f 212/151/210 211/170/209 223/171/221 224/152/222
f 224/152/222 223/171/221 235/172/233 236/153/234
f 236/153/234 235/172/233 247/173/245 248/154/246
f 248/154/246 247/173/245 259/174/255 260/155/256
f 33/62/33 44/137/44 56/138/56 45/63/45
f 45/63/45 56/138/56 68/139/68 57/65/57
f 57/65/57 68/139/68 80/140/80 69/67/69
f 69/67/69 80/140/80 92/141/92 81/69/81
f 81/69/81 92/141/92 104/142/104 93/71/93
f 93/71/93 104/142/104 116/143/116 105/73/105
f 105/73/105 116/143/116 128/144/128 117/75/117
f 117/75/117 128/144/128 140/145/140 129/77/129
f 129/77/129 140/145/140 152/146/152 141/79/141
f 141/79/141 152/146/152 164/147/164 153/81/153
f 153/81/153 164/147/164 176/148/176 165/83/165
f 165/83/165 176/148/176 188/149/188 177/85/177
f 177/85/177 188/149/188 200/150/198 189/87/39
f 189/87/39 200/150/198 212/151/210 201/89/199
f 201/89/199 212/151/210 224/152/222 213/91/211
f 213/91/211 224/152/222 236/153/234 225/93/223
f 225/93/223 236/153/234 248/154/246 237/95/235
f 237/95/235 248/154/246 260/155/256 249/97/99
g A_InnerRing.001_Mesh
v 0.516524 1.074641 0.020000
v 0.510018 1.071182 0.047500
v 0.492243 1.061730 0.067631
v 0.467962 1.048820 0.075000
v 0.443681 1.035910 0.067631
v 0.425906 1.026458 0.047500
v 0.419400 1.022999 0.020000
v 0.425906 1.026458 -0.007500
v 0.443681 1.035909 -0.027631
v 0.467962 1.048820 -0.035000
v 0.492243 1.061730 -0.027631
v 0.510018 1.071182 -0.007500
v 0.431996 1.194467 0.020000
v 0.426555 1.189498 0.047500
v 0.411689 1.175924 0.067631
v 0.391381 1.157380 0.075000
v 0.371074 1.138837 0.067631
v 0.356208 1.125262 0.047500
v 0.350766 1.120294 0.020000
v 0.356208 1.125262 -0.007500
v 0.371074 1.138837 -0.027631
v 0.391381 1.157380 -0.035000
v 0.411689 1.175924 -0.027631
v 0.426555 1.189498 -0.007500
v 0.320324 1.289507 0.020000
v 0.316290 1.283341 0.047500
v 0.305266 1.266496 0.067631
v 0.290208 1.243485 0.075000
v 0.275150 1.220474 0.067631
v 0.264127 1.203629 0.047500
v 0.260092 1.197463 0.020000
v 0.264127 1.203629 -0.007500
v 0.275150 1.220474 -0.027631
v 0.290208 1.243485 -0.035000
v 0.305266 1.266496 -0.027631
v 0.316290 1.283341 -0.007500
v 0.188525 1.353790 0.020000
v 0.186151 1.346814 0.047500
v 0.179663 1.327757 0.067631
v 0.170801 1.301724 0.075000
v 0.161939 1.275691 0.067631
v 0.155451 1.256634 0.047500
v 0.153076 1.249658 0.020000
v 0.155451 1.256634 -0.007500
v 0.161939 1.275691 -0.027631
v 0.170801 1.301724 -0.035000
v 0.179663 1.327757 -0.027631
v 0.186151 1.346814 -0.007500
v 0.044881 1.383276 0.020000
v 0.044315 1.375929 0.047500
v 0.042771 1.355857 0.067631
v 0.040661 1.328438 0.075000
v 0.038551 1.301019 0.067631
v 0.037007 1.280947 0.047500
v 0.036442 1.273600 0.020000
v 0.037007 1.280947 -0.007500
v 0.038551 1.301019 -0.027631
v 0.040661 1.328438 -0.035000
v 0.042771 1.355857 -0.027631
v 0.044315 1.375929 -0.007500
v -0.101584 1.376112 0.020000
v -0.100305 1.368856 0.047500
v -0.096809 1.349030 0.067631
v -0.092034 1.321948 0.075000
v -0.087258 1.294866 0.067631
v -0.083762 1.275040 0.047500
v -0.082483 1.267784 0.020000
v -0.083762 1.275040 -0.007500
v -0.087258 1.294866 -0.027631
v -0.092034 1.321948 -0.035000
v -0.096809 1.349030 -0.027631
v -0.100305 1.368856 -0.007500
v -0.241666 1.332750 0.020000
v -0.238622 1.326040 0.047500
v -0.230306 1.307706 0.067631
v -0.218945 1.282662 0.075000
v -0.207585 1.257619 0.067631
v -0.199269 1.239285 0.047500
v -0.196225 1.232575 0.020000
v -0.199269 1.239285 -0.007500
v -0.207585 1.257619 -0.027631
v -0.218945 1.282662 -0.035000
v -0.230306 1.307706 -0.027631
v -0.238622 1.326040 -0.007500
v -0.366563 1.255913 0.020000
v -0.361946 1.250170 0.047500
v -0.349332 1.234481 0.067631
v -0.332100 1.213049 0.075000
v -0.314868 1.191617 0.067631
v -0.302254 1.175928 0.047500
v -0.297637 1.170186 0.020000
v -0.302254 1.175928 -0.007500
v -0.314868 1.191617 -0.027631
v -0.332100 1.213049 -0.035000
v -0.349332 1.234481 -0.027631
v -0.361946 1.250170 -0.007500
v -0.468428 1.150429 0.020000
v -0.462528 1.146015 0.047500
v -0.446408 1.133956 0.067631
v -0.424388 1.117483 0.075000
v -0.402367 1.101009 0.067631
v -0.386248 1.088950 0.047500
v -0.380347 1.084536 0.020000
v -0.386248 1.088950 -0.007500
v -0.402367 1.101009 -0.027631
v -0.424388 1.117483 -0.035000
v -0.446408 1.133956 -0.027631
v -0.462528 1.146015 -0.007500
v -0.540859 1.022926 0.020000
v -0.534047 1.020118 0.047500
v -0.515434 1.012447 0.067631
v -0.490009 1.001967 0.075000
v -0.464584 0.991488 0.067631
v -0.445972 0.983816 0.047500
v -0.439159 0.981008 0.020000
v -0.445972 0.983816 -0.007500
v -0.464584 0.991488 -0.027631
v -0.490009 1.001967 -0.035000
v -0.515434 1.012447 -0.027631
v -0.534047 1.020118 -0.007500
v -0.579307 0.881416 0.020000
v -0.572010 0.880391 0.047500
v -0.552074 0.877589 0.067631
v -0.524842 0.873762 0.075000
v -0.497610 0.869935 0.067631
v -0.477674 0.867133 0.047500
v -0.470377 0.866107 0.020000
v -0.477674 0.867133 -0.007500
v -0.497610 0.869935 -0.027631
v -0.524842 0.873762 -0.035000
v -0.552074 0.877589 -0.027631
v -0.572010 0.880391 -0.007500
v -0.581354 0.734791 0.020000
v -0.574032 0.735612 0.047500
v -0.554026 0.737856 0.067631
v -0.526697 0.740922 0.075000
v -0.499368 0.743987 0.067631
v -0.479362 0.746231 0.047500
v -0.472040 0.747052 0.020000
v -0.479362 0.746231 -0.007500
v -0.499368 0.743987 -0.027631
v -0.526697 0.740922 -0.035000
v -0.554026 0.737856 -0.027631
v -0.574032 0.735612 -0.007500
v -0.546873 0.592263 0.020000
v -0.539985 0.594879 0.047500
v -0.521165 0.602028 0.067631
v -0.495458 0.611793 0.075000
v -0.469750 0.621559 0.067631
v -0.450931 0.628708 0.047500
v -0.444042 0.631324 0.020000
v -0.450931 0.628708 -0.007500
v -0.469750 0.621559 -0.027631
v -0.495458 0.611793 -0.035000
v -0.521165 0.602028 -0.027631
v -0.539985 0.594879 -0.007500
v -0.478030 0.462787 0.020000
v -0.472009 0.467035 0.047500
v -0.455558 0.478639 0.067631
v -0.433087 0.494491 0.075000
v -0.410615 0.510343 0.067631
v -0.394165 0.521947 0.047500
v -0.388144 0.526195 0.020000
v -0.394165 0.521947 -0.007500
v -0.410615 0.510343 -0.027631
v -0.433087 0.494491 -0.035000
v -0.455558 0.478639 -0.027631
v -0.472009 0.467035 -0.007500
v -0.379150 0.354500 0.020000
v -0.374374 0.360112 0.047500
v -0.361327 0.375443 0.067631
v -0.343504 0.396385 0.075000
v -0.325680 0.417327 0.067631
v -0.312633 0.432658 0.047500
v -0.307857 0.438269 0.020000
v -0.312633 0.432658 -0.007500
v -0.325680 0.417327 -0.027631
v -0.343504 0.396385 -0.035000
v -0.361327 0.375443 -0.027631
v -0.374374 0.360112 -0.007500
v -0.256447 0.274206 0.020000
v -0.253217 0.280828 0.047500
v -0.244392 0.298922 0.067631
v -0.232337 0.323639 0.075000
v -0.220282 0.348356 0.067631
v -0.211457 0.366450 0.047500
v -0.208226 0.373073 0.020000
v -0.211457 0.366450 -0.007500
v -0.220282 0.348356 -0.027631
v -0.232337 0.323639 -0.035000
v -0.244392 0.298922 -0.027631
v -0.253217 0.280828 -0.007500
v -0.117631 0.226949 0.020000
v -0.116149 0.234167 0.047500
v -0.112101 0.253887 0.067631
v -0.106571 0.280825 0.075000
v -0.101042 0.307764 0.067631
v -0.096994 0.327484 0.047500
v -0.095512 0.334702 0.020000
v -0.096994 0.327484 -0.007500
v -0.101042 0.307764 -0.027631
v -0.106571 0.280825 -0.035000
v -0.112101 0.253887 -0.027631
v -0.116149 0.234167 -0.007500
v 0.028577 0.215698 0.020000
v 0.028217 0.223058 0.047500
v 0.027234 0.243166 0.067631
v 0.025890 0.270633 0.075000
v 0.024547 0.298100 0.067631
v 0.023564 0.318207 0.047500
v 0.023204 0.325567 0.020000
v 0.023564 0.318207 -0.007500
v 0.024547 0.298100 -0.027631
v 0.025890 0.270633 -0.035000
v 0.027234 0.243166 -0.027631
v 0.028217 0.223058 -0.007500
v 0.172989 0.241162 0.020000
v 0.170810 0.248201 0.047500
v 0.164857 0.267432 0.067631
v 0.156725 0.293703 0.075000
v 0.148593 0.319973 0.067631
v 0.142640 0.339204 0.047500
v 0.140461 0.346243 0.020000
v 0.142640 0.339204 -0.007500
v 0.148593 0.319973 -0.027631
v 0.156725 0.293703 -0.035000
v 0.164857 0.267432 -0.027631
v 0.170810 0.248201 -0.007500
vn 0.8171 0.5764 -0.0000
vn 0.7131 0.5030 0.4883
vn 0.4234 0.2987 0.8553
vn 0.0171 0.0120 0.9998
vn -0.3980 -0.2808 0.8733
vn -0.7047 -0.4971 0.5062
vn -0.8171 -0.5764 -0.0000
vn -0.7047 -0.4971 -0.5062
vn -0.3980 -0.2808 -0.8733
vn 0.0171 0.0120 -0.9998
vn 0.4234 0.2987 -0.8553
vn 0.7131 0.5030 -0.4883
vn 0.7385 0.6743 -0.0000
vn 0.6432 0.5873 0.4913
vn 0.3805 0.3474 0.8571
vn 0.0153 0.0140 0.9998
vn -0.3575 -0.3265 0.8750
vn -0.6356 -0.5804 0.5092
vn -0.7385 -0.6743 -0.0000
vn -0.6356 -0.5804 -0.5092
vn -0.3575 -0.3265 -0.8750
vn 0.0153 0.0140 -0.9998
vn 0.3805 0.3474 -0.8571
vn 0.6432 0.5873 -0.4913
vn 0.5476 0.8368 -0.0000
vn 0.4769 0.7288 0.4913
vn 0.2821 0.4311 0.8571
vn 0.0113 0.0173 0.9998
vn -0.2651 -0.4051 0.8750
vn -0.4713 -0.7202 0.5092
vn -0.5476 -0.8368 -0.0000
vn -0.4713 -0.7202 -0.5092
vn -0.2651 -0.4051 -0.8750
vn 0.0113 0.0173 -0.9998
vn 0.2821 0.4311 -0.8571
vn 0.4769 0.7288 -0.4913
vn 0.3223 0.9466 -0.0000
vn 0.2807 0.8245 0.4913
vn 0.1660 0.4877 0.8571
vn 0.0067 0.0196 0.9998
vn -0.1560 -0.4583 0.8750
vn -0.2774 -0.8148 0.5092
vn -0.3223 -0.9466 -0.0000
vn -0.2774 -0.8148 -0.5092
vn -0.1560 -0.4583 -0.8750
vn 0.0067 0.0196 -0.9998
vn 0.1660 0.4877 -0.8571
vn 0.2807 0.8245 -0.4913
vn 0.0767 0.9971 -0.0000
vn 0.0668 0.8684 0.4913
vn 0.0395 0.5137 0.8571
vn 0.0016 0.0206 0.9998
vn -0.0371 -0.4827 0.8750
vn -0.0660 -0.8581 0.5092
vn -0.0767 -0.9971 -0.0000
vn -0.0660 -0.8581 -0.5092
vn -0.0371 -0.4827 -0.8750
vn 0.0016 0.0206 -0.9998
vn 0.0395 0.5137 -0.8571
vn 0.0668 0.8685 -0.4913
vn -0.1736 0.9848 -0.0000
vn -0.1512 0.8578 0.4913
vn -0.0895 0.5074 0.8571
vn -0.0036 0.0204 0.9998
vn 0.0841 -0.4768 0.8750
vn 0.1495 -0.8476 0.5092
vn 0.1736 -0.9848 -0.0000
vn 0.1495 -0.8476 -0.5092
vn 0.0841 -0.4768 -0.8750
vn -0.0036 0.0204 -0.9998
vn -0.0895 0.5074 -0.8571
vn -0.1512 0.8578 -0.4913
vn -0.4131 0.9107 -0.0000
vn -0.3598 0.7932 0.4913
vn -0.2128 0.4692 0.8571
vn -0.0086 0.0188 0.9998
vn 0.2000 -0.4409 0.8750
vn 0.3555 -0.7838 0.5092
vn 0.4131 -0.9107 -0.0000
vn 0.3555 -0.7838 -0.5092
vn 0.2000 -0.4409 -0.8750
vn -0.0085 0.0188 -0.9998
vn -0.2128 0.4692 -0.8571
vn -0.3598 0.7932 -0.4913
vn -0.6266 0.7793 -0.0000
vn -0.5458 0.6788 0.4913
vn -0.3228 0.4015 0.8571
vn -0.0130 0.0161 0.9998
vn 0.3034 -0.3773 0.8750
vn 0.5393 -0.6708 0.5092
vn 0.6266 -0.7793 -0.0000
vn 0.5393 -0.6708 -0.5092
vn 0.3034 -0.3773 -0.8750
vn -0.0130 0.0161 -0.9998
vn -0.3228 0.4015 -0.8571
vn -0.5458 0.6788 -0.4913
vn -0.8007 0.5990 -0.0000
vn -0.6974 0.5218 0.4913
vn -0.4125 0.3086 0.8571
vn -0.0166 0.0124 0.9998
vn 0.3877 -0.2900 0.8750
vn 0.6892 -0.5156 0.5092
vn 0.8007 -0.5990 -0.0000
vn 0.6892 -0.5156 -0.5092
vn 0.3877 -0.2900 -0.8750
vn -0.0166 0.0124 -0.9998
vn -0.4125 0.3086 -0.8571
vn -0.6975 0.5218 -0.4913
vn -0.9245 0.3811 -0.0000
vn -0.8053 0.3319 0.4913
vn -0.4763 0.1963 0.8571
vn -0.0191 0.0079 0.9998
vn 0.4476 -0.1845 0.8750
vn 0.7957 -0.3280 0.5092
vn 0.9245 -0.3811 -0.0000
vn 0.7957 -0.3280 -0.5092
vn 0.4476 -0.1845 -0.8750
vn -0.0191 0.0079 -0.9998
vn -0.4763 0.1963 -0.8571
vn -0.8053 0.3319 -0.4913
vn -0.9903 0.1392 -0.0000
vn -0.8625 0.1212 0.4913
vn -0.5102 0.0717 0.8571
vn -0.0205 0.0029 0.9998
vn 0.4795 -0.0674 0.8750
vn 0.8523 -0.1198 0.5092
vn 0.9903 -0.1392 -0.0000
vn 0.8523 -0.1198 -0.5092
vn 0.4795 -0.0674 -0.8750
vn -0.0205 0.0029 -0.9998
vn -0.5102 0.0717 -0.8571
vn -0.8625 0.1212 -0.4913
vn -0.9938 -0.1115 -0.0000
vn -0.8656 -0.0971 0.4913
vn -0.5120 -0.0574 0.8571
vn -0.0206 -0.0023 0.9998
vn 0.4811 0.0540 0.8750
vn 0.8553 0.0959 0.5092
vn 0.9938 0.1115 -0.0000
vn 0.8553 0.0959 -0.5092
vn 0.4811 0.0540 -0.8750
vn -0.0206 -0.0023 -0.9998
vn -0.5120 -0.0574 -0.8571
vn -0.8656 -0.0971 -0.4913
vn -0.9348 -0.3551 -0.0000
vn -0.8142 -0.3093 0.4913
vn -0.4816 -0.1830 0.8571
vn -0.0193 -0.0073 0.9998
vn 0.4526 0.1719 0.8750
vn 0.8046 0.3056 0.5092
vn 0.9348 0.3551 -0.0000
vn 0.8046 0.3056 -0.5092
vn 0.4526 0.1719 -0.8750
vn -0.0193 -0.0073 -0.9998
vn -0.4816 -0.1830 -0.8571
vn -0.8142 -0.3093 -0.4913
vn -0.7117 -0.5021 0.4913
vn -0.4210 -0.2970 0.8571
vn -0.0169 -0.0119 0.9998
vn 0.3956 0.2791 0.8750
vn 0.7033 0.4961 0.5092
vn 0.7033 0.4961 -0.5092
vn 0.3956 0.2791 -0.8750
vn -0.0169 -0.0119 -0.9998
vn -0.4210 -0.2970 -0.8571
vn -0.7117 -0.5021 -0.4913
vn -0.6481 -0.7615 -0.0000
vn -0.5645 -0.6633 0.4913
vn -0.3339 -0.3924 0.8571
vn -0.0134 -0.0158 0.9998
vn 0.3138 0.3687 0.8750
vn 0.5578 0.6554 0.5092
vn 0.6481 0.7615 -0.0000
vn 0.5578 0.6554 -0.5092
vn 0.3138 0.3687 -0.8750
vn -0.0134 -0.0158 -0.9998
vn -0.3339 -0.3924 -0.8571
vn -0.5645 -0.6633 -0.4913
vn -0.4384 -0.8988 -0.0000
vn -0.3818 -0.7829 0.4913
vn -0.2259 -0.4631 0.8571
vn -0.0091 -0.0186 0.9998
vn 0.2122 0.4352 0.8750
vn 0.3773 0.7736 0.5092
vn 0.4384 0.8988 -0.0000
vn 0.3773 0.7736 -0.5092
vn 0.2122 0.4352 -0.8750
vn -0.0091 -0.0186 -0.9998
vn -0.2259 -0.4631 -0.8571
vn -0.3818 -0.7829 -0.4913
vn -0.2011 -0.9796 -0.0000
vn -0.1751 -0.8532 0.4913
vn -0.1036 -0.5047 0.8571
vn -0.0042 -0.0203 0.9998
vn 0.0974 0.4743 0.8750
vn 0.1731 0.8431 0.5092
vn 0.2011 0.9796 -0.0000
vn 0.1731 0.8431 -0.5092
vn 0.0974 0.4743 -0.8750
vn -0.0042 -0.0203 -0.9998
vn -0.1036 -0.5047 -0.8571
vn -0.1751 -0.8532 -0.4913
vn 0.0489 -0.9988 -0.0000
vn 0.0425 -0.8700 0.4913
vn 0.0252 -0.5146 0.8571
vn 0.0010 -0.0207 0.9998
vn -0.0236 0.4836 0.8750
vn -0.0420 0.8596 0.5092
vn -0.0488 0.9988 -0.0000
vn -0.0420 0.8596 -0.5092
vn -0.0236 0.4836 -0.8750
vn 0.0010 -0.0207 -0.9998
vn 0.0252 -0.5146 -0.8571
vn 0.0425 -0.8700 -0.4913
vn 0.1515 -0.8594 0.4883
vn 0.0900 -0.5103 0.8553
vn 0.0036 -0.0205 0.9998
vn -0.0846 0.4797 0.8733
vn -0.1498 0.8493 0.5062
vn -0.1498 0.8493 -0.5062
vn -0.0846 0.4797 -0.8733
vn 0.0036 -0.0205 -0.9998
vn 0.0900 -0.5103 -0.8553
vn 0.1515 -0.8594 -0.4883
vt 0.000000 0.500000
vt 0.055556 0.750000
vt 0.000000 0.750000
vt 0.055556 0.500000
vt 0.111111 0.750000
vt 0.111111 0.500000
vt 0.166667 0.750000
vt 0.222222 0.500000
vt 0.222222 0.750000
vt 0.277778 0.500000
vt 0.277778 0.750000
vt 0.333333 0.500000
vt 0.333333 0.750000
vt 0.388889 0.750000
vt 0.444444 0.500000
vt 0.444444 0.750000
vt 0.500000 0.750000
vt 0.555556 0.500000
vt 0.555556 0.750000
vt 0.611111 0.750000
vt 0.666667 0.500000
vt 0.666667 0.750000
vt 0.722222 0.750000
vt 0.722222 0.500000
vt 0.777778 0.750000
vt 0.777778 0.500000
vt 0.833333 0.750000
vt 0.833333 0.500000
vt 0.888889 0.750000
vt 0.944444 0.500000
vt 0.944444 0.750000
vt 1.000000 0.500000
vt 1.000000 0.750000
vt 0.055556 0.933013
vt 0.000000 0.933013
vt 0.111111 0.933013
vt 0.166667 0.933013
vt 0.222222 0.933013
vt 0.277778 0.933013
vt 0.333333 0.933013
vt 0.388889 0.933013
vt 0.444444 0.933013
vt 0.500000 0.933013
vt 0.555556 0.933013
vt 0.611111 0.933013
vt 0.666667 0.933013
vt 0.722222 0.933013
vt 0.777778 0.933013
vt 0.833333 0.933013
vt 0.888889 0.933013
vt 0.944444 0.933013
vt 1.000000 0.933013
vt 0.055556 1.000000
vt 0.000000 1.000000
vt 0.111111 1.000000
vt 0.166667 1.000000
vt 0.222222 1.000000
vt 0.277778 1.000000
vt 0.333333 1.000000
vt 0.388889 1.000000
vt 0.444444 1.000000
vt 0.500000 1.000000
vt 0.555556 1.000000
vt 0.611111 1.000000
vt 0.666667 1.000000
vt 0.722222 1.000000
vt 0.777778 1.000000
vt 0.833333 1.000000
vt 0.888889 1.000000
vt 0.944444 1.000000
vt 1.000000 1.000000
vt 0.166667 0.500000
vt 0.388889 0.500000
vt 0.500000 0.500000
vt 0.611111 0.500000
vt 0.888889 0.500000
vt 0.055556 0.250000
vt 0.000000 0.250000
vt 0.111111 0.250000
vt 0.166667 0.250000
vt 0.222222 0.250000
vt 0.277778 0.250000
vt 0.333333 0.250000
vt 0.388889 0.250000
vt 0.444444 0.250000
vt 0.500000 0.250000
vt 0.555556 0.250000
vt 0.611111 0.250000
vt 0.666667 0.250000
vt 0.722222 0.250000
vt 0.777778 0.250000
vt 0.833333 0.250000
vt 0.888889 0.250000
vt 0.944444 0.250000
vt 1.000000 0.250000
vt 0.000000 0.066987
vt 0.055556 0.066987
vt 0.111111 0.066987
vt 0.166667 0.066987
vt 0.222222 0.066987
vt 0.277778 0.066987
vt 0.333333 0.066987
vt 0.388889 0.066987
vt 0.444444 0.066987
vt 0.500000 0.066987
vt 0.555556 0.066987
vt 0.611111 0.066987
vt 0.666667 0.066987
vt 0.722222 0.066987
vt 0.777778 0.066987
vt 0.833333 0.066987
vt 0.888889 0.066987
vt 0.944444 0.066987
vt 1.000000 0.066987
vt 0.000000 0.000000
vt 0.055556 0.000000
vt 0.111111 0.000000
vt 0.166667 0.000000
vt 0.222222 0.000000
vt 0.277778 0.000000
vt 0.333333 0.000000
vt 0.388889 0.000000
vt 0.444444 0.000000
vt 0.500000 0.000000
vt 0.555556 0.000000
vt 0.611111 0.000000
vt 0.666667 0.000000
vt 0.722222 0.000000
vt 0.777778 0.000000
vt 0.833333 0.000000
vt 0.888889 0.000000
vt 0.944444 0.000000
vt 1.000000 0.000000
s 1
g A_InnerRing.001_wrought_iron
usemtl wrought_iron
f 261/194/257 274/195/270 262/196/258
f 273/197/269 286/198/282 274/195/270
f 285/199/281 298/200/294 286/198/282
f 298/200/294 309/201/305 310/202/306
f 310/202/306 321/203/317 322/204/318
f 322/204/318 333/205/329 334/206/330
f 333/205/329 346/207/342 334/206/330
f 346/207/342 357/208/353 358/209/354
f 357/208/353 370/210/366 358/209/354
f 370/210/366 381/211/377 382/212/378
f 381/211/377 394/213/390 382/212/378
f 394/213/390 405/214/401 406/215/402
f 405/214/401 418/216/413 406/215/402
f 417/217/263 430/218/424 418/216/413
f 429/219/423 442/220/436 430/218/424
f 441/221/435 454/222/448 442/220/436
f 454/222/448 465/223/459 466/224/460
f 466/224/460 477/225/323 478/226/471
f 262/196/258 275/227/271 263/228/259
f 274/195/270 287/229/283 275/227/271
f 286/198/282 299/230/295 287/229/283
f 298/200/294 311/231/307 299/230/295
f 310/202/306 323/232/319 311/231/307
f 322/204/318 335/233/331 323/232/319
f 334/206/330 347/234/343 335/233/331
f 346/207/342 359/235/355 347/234/343
f 358/209/354 371/236/367 359/235/355
f 370/210/366 383/237/379 371/236/367
f 383/237/379 394/213/390 395/238/391
f 395/238/391 406/215/402 407/239/403
f 407/239/403 418/216/413 419/240/414
f 418/216/413 431/241/425 419/240/414
f 430/218/424 443/242/437 431/241/425
f 442/220/436 455/243/449 443/242/437
f 454/222/448 467/244/461 455/243/449
f 466/224/460 479/245/472 467/244/461
f 263/228/259 276/246/272 264/247/260
f 276/246/272 287/229/283 288/248/284
f 288/248/284 299/230/295 300/249/296
f 300/249/296 311/231/307 312/250/308
f 312/250/308 323/232/319 324/251/320
f 324/251/320 335/233/331 336/252/332
f 335/233/331 348/253/344 336/252/332
f 347/234/343 360/254/356 348/253/344
f 360/254/356 371/236/367 372/255/368
f 371/236/367 384/256/380 372/255/368
f 383/237/379 396/257/392 384/256/380
f 396/257/392 407/239/403 408/258/404
f 407/239/403 420/259/415 408/258/404
f 420/259/415 431/241/425 432/260/426
f 431/241/425 444/261/438 432/260/426
f 443/242/437 456/262/450 444/261/438
f 455/243/449 468/263/462 456/262/450
f 468/263/462 479/245/472 480/264/473
f 264/247/260 277/227/273 265/228/261
f 276/246/272 289/229/285 277/227/273
f 288/248/284 301/230/297 289/229/285
f 300/249/296 313/231/309 301/230/297
f 312/250/308 325/232/321 313/231/309
f 324/251/320 337/233/333 325/232/321
f 336/252/332 349/234/345 337/233/333
f 349/234/345 360/254/356 361/235/357
f 360/254/356 373/236/369 361/235/357
f 372/255/368 385/237/381 373/236/369
f 384/256/380 397/238/393 385/237/381
f 396/257/392 409/239/405 397/238/393
f 408/258/404 421/240/416 409/239/405
f 421/240/416 432/260/426 433/241/427
f 432/260/426 445/242/439 433/241/427
f 445/242/439 456/262/450 457/243/451
f 456/262/450 469/244/463 457/243/451
f 468/263/462 481/245/474 469/244/463
f 265/228/261 278/195/274 266/196/262
f 278/195/274 289/229/285 290/198/286
f 290/198/286 301/230/297 302/200/298
f 302/200/298 313/231/309 314/202/310
f 313/231/309 326/204/322 314/202/310
f 325/232/321 338/206/334 326/204/322
f 337/233/333 350/207/346 338/206/334
f 350/207/346 361/235/357 362/209/358
f 361/235/357 374/210/370 362/209/358
f 373/236/369 386/212/382 374/210/370
f 385/237/381 398/213/394 386/212/382
f 397/238/393 410/215/406 398/213/394
f 409/239/405 422/216/417 410/215/406
f 421/240/416 434/218/428 422/216/417
f 433/241/427 446/220/440 434/218/428
f 445/242/439 458/222/452 446/220/440
f 457/243/451 470/224/464 458/222/452
f 469/244/463 482/226/475 470/224/464
f 266/196/262 279/197/275 267/194/263
f 278/195/274 291/199/287 279/197/275
f 290/198/286 303/265/299 291/199/287
f 302/200/298 315/201/311 303/265/299
f 314/202/310 327/203/323 315/201/311
f 327/203/323 338/206/334 339/205/335
f 338/206/334 351/266/347 339/205/335
f 350/207/346 363/208/359 351/266/347
f 363/208/359 374/210/370 375/267/371
f 374/210/370 387/211/383 375/267/371
f 386/212/382 399/268/395 387/211/383
f 399/268/395 410/215/406 411/214/407
f 411/214/407 422/216/417 423/217/257
f 422/216/417 435/219/429 423/217/257
f 435/219/429 446/220/440 447/221/441
f 446/220/440 459/269/453 447/221/441
f 458/222/452 471/223/465 459/269/453
f 471/223/465 482/226/475 483/225/317
f 267/194/263 280/270/276 268/271/264
f 279/197/275 292/272/288 280/270/276
f 292/272/288 303/265/299 304/273/300
f 304/273/300 315/201/311 316/274/312
f 316/274/312 327/203/323 328/275/324
f 327/203/323 340/276/336 328/275/324
f 339/205/335 352/277/348 340/276/336
f 351/266/347 364/278/360 352/277/348
f 363/208/359 376/279/372 364/278/360
f 375/267/371 388/280/384 376/279/372
f 388/280/384 399/268/395 400/281/396
f 399/268/395 412/282/408 400/281/396
f 411/214/407 424/283/418 412/282/408
f 424/283/418 435/219/429 436/284/430
f 435/219/429 448/285/442 436/284/430
f 448/285/442 459/269/453 460/286/454
f 459/269/453 472/287/466 460/286/454
f 471/223/465 484/288/476 472/287/466
f 269/289/265 280/270/276 281/290/277
f 280/270/276 293/291/289 281/290/277
f 292/272/288 305/292/301 293/291/289
f 304/273/300 317/293/313 305/292/301
f 316/274/312 329/294/325 317/293/313
f 328/275/324 341/295/337 329/294/325
f 340/276/336 353/296/349 341/295/337
f 352/277/348 365/297/361 353/296/349
f 364/278/360 377/298/373 365/297/361
f 376/279/372 389/299/385 377/298/373
f 388/280/384 401/300/397 389/299/385
f 400/281/396 413/301/409 401/300/397
f 412/282/408 425/302/419 413/301/409
f 424/283/418 437/303/431 425/302/419
f 436/284/430 449/304/443 437/303/431
f 449/304/443 460/286/454 461/305/455
f 461/305/455 472/287/466 473/306/467
f 473/306/467 484/288/476 485/307/477
f 270/308/266 281/290/277 282/309/278
f 281/290/277 294/310/290 282/309/278
f 293/291/289 306/311/302 294/310/290
f 306/311/302 317/293/313 318/312/314
f 317/293/313 330/313/326 318/312/314
f 329/294/325 342/314/338 330/313/326
f 341/295/337 354/315/350 342/314/338
f 353/296/349 366/316/362 354/315/350
f 365/297/361 378/317/374 366/316/362
f 377/298/373 390/318/386 378/317/374
f 389/299/385 402/319/398 390/318/386
f 402/319/398 413/301/409 414/320/410
f 413/301/409 426/321/420 414/320/410
f 425/302/419 438/322/432 426/321/420
f 437/303/431 450/323/444 438/322/432
f 449/304/443 462/324/456 450/323/444
f 462/324/456 473/306/467 474/325/468
f 473/306/467 486/326/478 474/325/468
f 270/308/266 283/290/279 271/289/267
f 282/309/278 295/291/291 283/290/279
f 294/310/290 307/292/303 295/291/291
f 306/311/302 319/293/315 307/292/303
f 318/312/314 331/294/327 319/293/315
f 330/313/326 343/295/339 331/294/327
f 343/295/339 354/315/350 355/296/351
f 354/315/350 367/297/363 355/296/351
f 366/316/362 379/298/375 367/297/363
f 378/317/374 391/299/387 379/298/375
f 390/318/386 403/300/399 391/299/387
f 402/319/398 415/301/411 403/300/399
f 415/301/411 426/321/420 427/302/421
f 426/321/420 439/303/433 427/302/421
f 439/303/433 450/323/444 451/304/445
f 451/304/445 462/324/456 463/305/457
f 463/305/457 474/325/468 475/306/469
f 474/325/468 487/307/479 475/306/469
f 272/271/268 283/290/279 284/270/280
f 283/290/279 296/272/292 284/270/280
f 296/272/292 307/292/303 308/273/304
f 307/292/303 320/274/316 308/273/304
f 320/274/316 331/294/327 332/275/328
f 332/275/328 343/295/339 344/276/340
f 343/295/339 356/277/352 344/276/340
f 355/296/351 368/278/364 356/277/352
f 368/278/364 379/298/375 380/279/376
f 379/298/375 392/280/388 380/279/376
f 391/299/387 404/281/400 392/280/388
f 403/300/399 416/282/412 404/281/400
f 415/301/411 428/283/422 416/282/412
f 427/302/421 440/284/434 428/283/422
f 439/303/433 452/285/446 440/284/434
f 451/304/445 464/286/458 452/285/446
f 464/286/458 475/306/469 476/287/470
f 476/287/470 487/307/479 488/288/480
f 272/271/268 273/197/269 261/194/257
f 273/197/269 296/272/292 285/199/281
f 285/199/281 308/273/304 297/265/293
f 308/273/304 309/201/305 297/265/293
f 320/274/316 321/203/317 309/201/305
f 321/203/317 344/276/340 333/205/329
f 344/276/340 345/266/341 333/205/329
f 356/277/352 357/208/353 345/266/341
f 368/278/364 369/267/365 357/208/353
f 380/279/376 381/211/377 369/267/365
f 392/280/388 393/268/389 381/211/377
f 404/281/400 405/214/401 393/268/389
f 416/282/412 417/217/263 405/214/401
f 417/217/263 440/284/434 429/219/423
f 440/284/434 441/221/435 429/219/423
f 441/221/435 464/286/458 453/269/447
f 464/286/458 465/223/459 453/269/447
f 476/287/470 477/225/323 465/223/459
f 261/194/257 273/197/269 274/195/270
f 273/197/269 285/199/281 286/198/282
f 285/199/281 297/265/293 298/200/294
f 298/200/294 297/265/293 309/201/305
f 310/202/306 309/201/305 321/203/317
f 322/204/318 321/203/317 333/205/329
f 333/205/329 345/266/341 346/207/342
f 346/207/342 345/266/341 357/208/353
f 357/208/353 369/267/365 370/210/366
f 370/210/366 369/267/365 381/211/377
f 381/211/377 393/268/389 394/213/390
f 394/213/390 393/268/389 405/214/401
f 405/214/401 417/217/263 418/216/413
f 417/217/263 429/219/423 430/218/424
f 429/219/423 441/221/435 442/220/436
f 441/221/435 453/269/447 454/222/448
f 454/222/448 453/269/447 465/223/459
f 466/224/460 465/223/459 477/225/323
f 262/196/258 274/195/270 275/227/271
f 274/195/270 286/198/282 287/229/283
f 286/198/282 298/200/294 299/230/295
f 298/200/294 310/202/306 311/231/307
f 310/202/306 322/204/318 323/232/319
f 322/204/318 334/206/330 335/233/331
f 334/206/330 346/207/342 347/234/343
f 346/207/342 358/209/354 359/235/355
f 358/209/354 370/210/366 371/236/367
f 370/210/366 382/212/378 383/237/379
f 383/237/379 382/212/378 394/213/390
f 395/238/391 394/213/390 406/215/402
f 407/239/403 406/215/402 418/216/413
f 418/216/413 430/218/424 431/241/425
f 430/218/424 442/220/436 443/242/437
f 442/220/436 454/222/448 455/243/449
f 454/222/448 466/224/460 467/244/461
f 466/224/460 478/226/471 479/245/472
f 263/228/259 275/227/271 276/246/272
f 276/246/272 275/227/271 287/229/283
f 288/248/284 287/229/283 299/230/295
f 300/249/296 299/230/295 311/231/307
f 312/250/308 311/231/307 323/232/319
f 324/251/320 323/232/319 335/233/331
f 335/233/331 347/234/343 348/253/344
f 347/234/343 359/235/355 360/254/356
f 360/254/356 359/235/355 371/236/367
f 371/236/367 383/237/379 384/256/380
f 383/237/379 395/238/391 396/257/392
f 396/257/392 395/238/391 407/239/403
f 407/239/403 419/240/414 420/259/415
f 420/259/415 419/240/414 431/241/425
f 431/241/425 443/242/437 444/261/438
f 443/242/437 455/243/449 456/262/450
f 455/243/449 467/244/461 468/263/462
f 468/263/462 467/244/461 479/245/472
f 264/247/260 276/246/272 277/227/273
f 276/246/272 288/248/284 289/229/285
f 288/248/284 300/249/296 301/230/297
f 300/249/296 312/250/308 313/231/309
f 312/250/308 324/251/320 325/232/321
f 324/251/320 336/252/332 337/233/333
f 336/252/332 348/253/344 349/234/345
f 349/234/345 348/253/344 360/254/356
f 360/254/356 372/255/368 373/236/369
f 372/255/368 384/256/380 385/237/381
f 384/256/380 396/257/392 397/238/393
f 396/257/392 408/258/404 409/239/405
f 408/258/404 420/259/415 421/240/416
f 421/240/416 420/259/415 432/260/426
f 432/260/426 444/261/438 445/242/439
f 445/242/439 444/261/438 456/262/450
f 456/262/450 468/263/462 469/244/463
f 468/263/462 480/264/473 481/245/474
f 265/228/261 277/227/273 278/195/274
f 278/195/274 277/227/273 289/229/285
f 290/198/286 289/229/285 301/230/297
f 302/200/298 301/230/297 313/231/309
f 313/231/309 325/232/321 326/204/322
f 325/232/321 337/233/333 338/206/334
f 337/233/333 349/234/345 350/207/346
f 350/207/346 349/234/345 361/235/357
f 361/235/357 373/236/369 374/210/370
f 373/236/369 385/237/381 386/212/382
f 385/237/381 397/238/393 398/213/394
f 397/238/393 409/239/405 410/215/406
f 409/239/405 421/240/416 422/216/417
f 421/240/416 433/241/427 434/218/428
f 433/241/427 445/242/439 446/220/440
f 445/242/439 457/243/451 458/222/452
f 457/243/451 469/244/463 470/224/464
f 469/244/463 481/245/474 482/226/475
f 266/196/262 278/195/274 279/197/275
f 278/195/274 290/198/286 291/199/287
f 290/198/286 302/200/298 303/265/299
f 302/200/298 314/202/310 315/201/311
f 314/202/310 326/204/322 327/203/323
f 327/203/323 326/204/322 338/206/334
f 338/206/334 350/207/346 351/266/347
f 350/207/346 362/209/358 363/208/359
f 363/208/359 362/209/358 374/210/370
f 374/210/370 386/212/382 387/211/383
f 386/212/382 398/213/394 399/268/395
f 399/268/395 398/213/394 410/215/406
f 411/214/407 410/215/406 422/216/417
f 422/216/417 434/218/428 435/219/429
f 435/219/429 434/218/428 446/220/440
f 446/220/440 458/222/452 459/269/453
f 458/222/452 470/224/464 471/223/465
f 471/223/465 470/224/464 482/226/475
f 267/194/263 279/197/275 280/270/276
f 279/197/275 291/199/287 292/272/288
f 292/272/288 291/199/287 303/265/299
f 304/273/300 303/265/299 315/201/311
f 316/274/312 315/201/311 327/203/323
f 327/203/323 339/205/335 340/276/336
f 339/205/335 351/266/347 352/277/348
f 351/266/347 363/208/359 364/278/360
f 363/208/359 375/267/371 376/279/372
f 375/267/371 387/211/383 388/280/384
f 388/280/384 387/211/383 399/268/395
f 399/268/395 411/214/407 412/282/408
f 411/214/407 423/217/257 424/283/418
f 424/283/418 423/217/257 435/219/429
f 435/219/429 447/221/441 448/285/442
f 448/285/442 447/221/441 459/269/453
f 459/269/453 471/223/465 472/287/466
f 471/223/465 483/225/317 484/288/476
f 269/289/265 268/271/264 280/270/276
f 280/270/276 292/272/288 293/291/289
f 292/272/288 304/273/300 305/292/301
f 304/273/300 316/274/312 317/293/313
f 316/274/312 328/275/324 329/294/325
f 328/275/324 340/276/336 341/295/337
f 340/276/336 352/277/348 353/296/349
f 352/277/348 364/278/360 365/297/361
f 364/278/360 376/279/372 377/298/373
f 376/279/372 388/280/384 389/299/385
f 388/280/384 400/281/396 401/300/397
f 400/281/396 412/282/408 413/301/409
f 412/282/408 424/283/418 425/302/419
f 424/283/418 436/284/430 437/303/431
f 436/284/430 448/285/442 449/304/443
f 449/304/443 448/285/442 460/286/454
f 461/305/455 460/286/454 472/287/466
f 473/306/467 472/287/466 484/288/476
f 270/308/266 269/289/265 281/290/277
f 281/290/277 293/291/289 294/310/290
f 293/291/289 305/292/301 306/311/302
f 306/311/302 305/292/301 317/293/313
f 317/293/313 329/294/325 330/313/326
f 329/294/325 341/295/337 342/314/338
f 341/295/337 353/296/349 354/315/350
f 353/296/349 365/297/361 366/316/362
f 365/297/361 377/298/373 378/317/374
f 377/298/373 389/299/385 390/318/386
f 389/299/385 401/300/397 402/319/398
f 402/319/398 401/300/397 413/301/409
f 413/301/409 425/302/419 426/321/420
f 425/302/419 437/303/431 438/322/432
f 437/303/431 449/304/443 450/323/444
f 449/304/443 461/305/455 462/324/456
f 462/324/456 461/305/455 473/306/467
f 473/306/467 485/307/477 486/326/478
f 270/308/266 282/309/278 283/290/279
f 282/309/278 294/310/290 295/291/291
f 294/310/290 306/311/302 307/292/303
f 306/311/302 318/312/314 319/293/315
f 318/312/314 330/313/326 331/294/327
f 330/313/326 342/314/338 343/295/339
f 343/295/339 342/314/338 354/315/350
f 354/315/350 366/316/362 367/297/363
f 366/316/362 378/317/374 379/298/375
f 378/317/374 390/318/386 391/299/387
f 390/318/386 402/319/398 403/300/399
f 402/319/398 414/320/410 415/301/411
f 415/301/411 414/320/410 426/321/420
f 426/321/420 438/322/432 439/303/433
f 439/303/433 438/322/432 450/323/444
f 451/304/445 450/323/444 462/324/456
f 463/305/457 462/324/456 474/325/468
f 474/325/468 486/326/478 487/307/479
f 272/271/268 271/289/267 283/290/279
f 283/290/279 295/291/291 296/272/292
f 296/272/292 295/291/291 307/292/303
f 307/292/303 319/293/315 320/274/316
f 320/274/316 319/293/315 331/294/327
f 332/275/328 331/294/327 343/295/339
f 343/295/339 355/296/351 356/277/352
f 355/296/351 367/297/363 368/278/364
f 368/278/364 367/297/363 379/298/375
f 379/298/375 391/299/387 392/280/388
f 391/299/387 403/300/399 404/281/400
f 403/300/399 415/301/411 416/282/412
f 415/301/411 427/302/421 428/283/422
f 427/302/421 439/303/433 440/284/434
f 439/303/433 451/304/445 452/285/446
f 451/304/445 463/305/457 464/286/458
f 464/286/458 463/305/457 475/306/469
f 476/287/470 475/306/469 487/307/479
f 272/271/268 284/270/280 273/197/269
f 273/197/269 284/270/280 296/272/292
f 285/199/281 296/272/292 308/273/304
f 308/273/304 320/274/316 309/201/305
f 320/274/316 332/275/328 321/203/317
f 321/203/317 332/275/328 344/276/340
f 344/276/340 356/277/352 345/266/341
f 356/277/352 368/278/364 357/208/353
f 368/278/364 380/279/376 369/267/365
f 380/279/376 392/280/388 381/211/377
f 392/280/388 404/281/400 393/268/389
f 404/281/400 416/282/412 405/214/401
f 416/282/412 428/283/422 417/217/263
f 417/217/263 428/283/422 440/284/434
f 440/284/434 452/285/446 441/221/435
f 441/221/435 452/285/446 464/286/458
f 464/286/458 476/287/470 465/223/459
f 476/287/470 488/288/480 477/225/323
g A_InnerRing2.001_A_InnerRing2ProfileData.001
v 0.358368 0.683559 -0.223845
v 0.365103 0.681371 -0.204388
v 0.361683 0.682482 -0.183997
v 0.349025 0.686595 -0.168136
v 0.330521 0.692607 -0.161054
v 0.311128 0.698908 -0.164650
v 0.296043 0.703810 -0.177959
v 0.289308 0.705998 -0.197416
v 0.292727 0.704887 -0.217807
v 0.305385 0.700774 -0.233668
v 0.323889 0.694762 -0.240750
v 0.343282 0.688461 -0.237154
v 0.380532 0.780219 -0.217690
v 0.387009 0.776905 -0.198305
v 0.382884 0.774939 -0.178110
v 0.369262 0.774850 -0.162516
v 0.349794 0.776659 -0.155702
v 0.329696 0.779884 -0.159494
v 0.314352 0.783659 -0.172875
v 0.307875 0.786974 -0.192260
v 0.312000 0.788939 -0.212455
v 0.325622 0.789029 -0.228049
v 0.345090 0.787219 -0.234863
v 0.365189 0.783995 -0.231071
v 0.384942 0.877802 -0.199513
v 0.391368 0.873351 -0.180339
v 0.387102 0.868280 -0.160723
v 0.373289 0.863947 -0.145920
v 0.353629 0.861514 -0.139896
v 0.333390 0.861633 -0.144266
v 0.317996 0.864271 -0.157858
v 0.311570 0.868723 -0.177032
v 0.315835 0.873794 -0.196648
v 0.329649 0.878127 -0.211452
v 0.349309 0.880559 -0.217475
v 0.369547 0.880441 -0.213106
v 0.371393 0.971755 -0.170161
v 0.377976 0.966209 -0.151329
v 0.374142 0.958148 -0.132647
v 0.360918 0.949730 -0.119120
v 0.341847 0.943212 -0.114372
v 0.322040 0.940341 -0.119676
v 0.306803 0.941885 -0.133611
v 0.300219 0.947430 -0.152442
v 0.304053 0.955492 -0.171125
v 0.317278 0.963910 -0.184652
v 0.336349 0.970427 -0.189399
v 0.356156 0.973299 -0.184095
v 0.340516 1.057695 -0.131003
v 0.347459 1.051148 -0.112628
v 0.344608 1.040351 -0.095192
v 0.332726 1.028197 -0.083367
v 0.314998 1.017943 -0.080322
v 0.296173 1.012336 -0.086873
v 0.281296 1.012878 -0.101264
v 0.274353 1.019425 -0.119639
v 0.277204 1.030222 -0.137075
v 0.289086 1.042376 -0.148900
v 0.306814 1.052631 -0.151945
v 0.325639 1.058238 -0.145394
v 0.293752 1.131612 -0.083868
v 0.301240 1.124203 -0.066042
v 0.299877 1.111054 -0.050106
v 0.290029 1.095686 -0.040331
v 0.274334 1.082218 -0.039335
v 0.256997 1.074258 -0.047386
v 0.242665 1.073940 -0.062326
v 0.235177 1.081348 -0.080152
v 0.236540 1.094498 -0.096087
v 0.246389 1.109866 -0.105863
v 0.262084 1.123334 -0.106859
v 0.279420 1.131293 -0.098808
v 0.233284 1.190057 -0.030953
v 0.241476 1.181968 -0.013744
v 0.242038 1.166958 0.000508
v 0.234818 1.149049 0.007983
v 0.221752 1.133040 0.006678
v 0.206340 1.123220 -0.003057
v 0.192712 1.122221 -0.018614
v 0.184520 1.130310 -0.035823
v 0.183958 1.145320 -0.050075
v 0.191178 1.163229 -0.057549
v 0.204244 1.179238 -0.056245
v 0.219656 1.189058 -0.046510
v 0.161931 1.230304 0.025272
v 0.170954 1.221746 0.041826
v 0.173787 1.205455 0.054288
v 0.169670 1.185796 0.059318
v 0.159706 1.168037 0.055569
v 0.146565 1.156937 0.044045
v 0.133769 1.155468 0.027833
v 0.124745 1.164026 0.011278
v 0.121913 1.180317 -0.001183
v 0.126030 1.199976 -0.006214
v 0.135994 1.217735 -0.002464
v 0.149134 1.228836 0.009060
v 0.083023 1.250475 0.082184
v 0.092966 1.241682 0.098075
v 0.098310 1.224749 0.108726
v 0.097624 1.204213 0.111282
v 0.091091 1.185577 0.105058
v 0.080462 1.173835 0.091722
v 0.068584 1.172131 0.074848
v 0.058641 1.180924 0.058956
v 0.053297 1.197857 0.048305
v 0.053983 1.218393 0.045750
v 0.060517 1.237029 0.051973
v 0.071146 1.248772 0.065309
v 0.000242 1.249629 0.137128
v 0.011149 1.240846 0.152379
v 0.019128 1.223940 0.161281
v 0.022041 1.203441 0.161448
v 0.019107 1.184842 0.152835
v 0.011113 1.173126 0.137751
v 0.000200 1.171432 0.120236
v -0.010708 1.180216 0.104985
v -0.018687 1.197122 0.096083
v -0.021599 1.217620 0.095916
v -0.018666 1.236220 0.104529
v -0.010671 1.247936 0.119613
v -0.082551 1.227805 0.187540
v -0.070679 1.219276 0.202205
v -0.060065 1.203065 0.209502
v -0.053552 1.183515 0.207477
v -0.052886 1.165864 0.196672
v -0.058246 1.154843 0.179983
v -0.068194 1.153404 0.161881
v -0.080066 1.161933 0.147217
v -0.090680 1.178144 0.139920
v -0.097193 1.197694 0.141945
v -0.097858 1.215345 0.152749
v -0.092499 1.226366 0.169438
v -0.161492 1.186022 0.231069
v -0.148700 1.177980 0.245226
v -0.135574 1.163098 0.251138
v -0.125629 1.145365 0.247221
v -0.121531 1.129531 0.234523
v -0.124377 1.119840 0.216449
v -0.133406 1.118888 0.197840
v -0.146198 1.126930 0.183683
v -0.159324 1.141811 0.177771
v -0.169269 1.159545 0.181688
v -0.173367 1.175378 0.194386
v -0.170520 1.185070 0.212460
v -0.232898 1.126229 0.265684
v -0.219275 1.118883 0.279438
v -0.203876 1.105905 0.284248
v -0.190826 1.090771 0.278825
v -0.183624 1.077537 0.264623
v -0.184197 1.069749 0.245447
v -0.192394 1.069493 0.226434
v -0.206018 1.076839 0.212681
v -0.221417 1.089817 0.207870
v -0.234466 1.104951 0.213293
v -0.241669 1.118185 0.227495
v -0.241095 1.125973 0.246671
v -0.293439 1.051215 0.289769
v -0.279110 1.044744 0.303242
v -0.261784 1.034153 0.307286
v -0.246102 1.022281 0.300816
v -0.236268 1.012308 0.285567
v -0.234915 1.006907 0.265624
v -0.242406 1.007526 0.246331
v -0.256735 1.013997 0.232858
v -0.274061 1.024588 0.228814
v -0.289743 1.036460 0.235284
v -0.299578 1.046433 0.250533
v -0.300930 1.051833 0.270476
v -0.340289 0.964481 0.302201
v -0.325415 0.959020 0.315529
v -0.306597 0.951190 0.319177
v -0.288879 0.943089 0.312167
v -0.277007 0.936887 0.296377
v -0.274163 0.934247 0.276038
v -0.281108 0.935876 0.256601
v -0.295983 0.941337 0.243272
v -0.314800 0.949167 0.239625
v -0.332519 0.957268 0.246635
v -0.344391 0.963470 0.262425
v -0.347235 0.966110 0.282763
v -0.371263 0.870073 0.302400
v -0.356028 0.865712 0.315726
v -0.336224 0.860887 0.319367
v -0.317159 0.856890 0.312349
v -0.303940 0.854793 0.296550
v -0.300111 0.855158 0.276205
v -0.306695 0.857886 0.256765
v -0.321931 0.862248 0.243439
v -0.341734 0.867073 0.239798
v -0.360799 0.871070 0.246816
v -0.374018 0.873166 0.262615
v -0.377848 0.872802 0.282960
v -0.384915 0.772396 0.290356
v -0.369521 0.769172 0.303823
v -0.349283 0.767456 0.307848
v -0.329624 0.767706 0.301352
v -0.315812 0.769856 0.286077
v -0.311548 0.773330 0.266116
v -0.317973 0.777197 0.246816
v -0.333368 0.780420 0.233350
v -0.353606 0.782136 0.229325
v -0.373264 0.781886 0.235820
v -0.387076 0.779736 0.251095
v -0.391341 0.776262 0.271057
v -0.380609 0.676006 0.266632
v -0.365265 0.673906 0.280375
v -0.345164 0.675257 0.285155
v -0.325692 0.679699 0.279691
v -0.312068 0.686039 0.265448
v -0.307940 0.692581 0.246241
v -0.314416 0.697570 0.227218
v -0.329760 0.699671 0.213475
v -0.349861 0.698319 0.208695
v -0.369333 0.693878 0.214159
v -0.382958 0.687537 0.228403
v -0.387085 0.680996 0.247609
v -0.358545 0.585402 0.232335
v -0.343458 0.584357 0.246477
v -0.324060 0.588592 0.252349
v -0.305547 0.596973 0.248376
v -0.292882 0.607253 0.235624
v -0.289457 0.616678 0.217509
v -0.296190 0.622723 0.198885
v -0.311277 0.623768 0.184743
v -0.330676 0.619533 0.178872
v -0.349188 0.611152 0.182844
v -0.361853 0.600872 0.195596
v -0.365279 0.591447 0.213711
vn 0.8079 -0.1489 -0.5702
vn 0.9716 -0.2167 -0.0954
vn 0.8838 -0.2287 0.4081
vn 0.5599 -0.1799 0.8088
vn 0.0812 -0.0819 0.9933
vn -0.4212 0.0389 0.9062
vn -0.8079 0.1489 0.5702
vn -0.9728 0.2181 0.0777
vn -0.8707 0.2274 -0.4361
vn -0.5309 0.1745 -0.8292
vn -0.0512 0.0751 -0.9959
vn 0.4367 -0.0429 -0.8986
vn 0.8272 -0.0430 -0.5602
vn 0.9886 -0.1247 -0.0842
vn 0.8927 -0.1742 0.4156
vn 0.5602 -0.1780 0.8090
vn 0.0742 -0.1339 0.9882
vn -0.4356 -0.0530 0.8986
vn -0.8272 0.0430 0.5602
vn -0.9897 0.1271 0.0666
vn -0.8790 0.1758 -0.4432
vn -0.5307 0.1765 -0.8290
vn -0.0437 0.1301 -0.9905
vn 0.4514 0.0499 -0.8910
vn 0.8368 0.1691 -0.5207
vn 0.9970 0.0599 -0.0498
vn 0.8976 -0.0653 0.4359
vn 0.5603 -0.1742 0.8097
vn 0.0696 -0.2371 0.9690
vn -0.4438 -0.2357 0.8645
vn -0.8368 -0.1691 0.5207
vn -0.9979 -0.0557 0.0325
vn -0.8837 0.0726 -0.4625
vn -0.5305 0.1802 -0.8283
vn -0.0388 0.2389 -0.9703
vn 0.4597 0.2345 -0.8566
vn 0.8074 0.3734 -0.4569
vn 0.9713 0.2377 0.0058
vn 0.8825 0.0395 0.4687
vn 0.5598 -0.1706 0.8109
vn 0.0839 -0.3365 0.9379
vn -0.4185 -0.4117 0.8096
vn -0.8074 -0.3734 0.4569
vn -0.9725 -0.2316 -0.0224
vn -0.8693 -0.0267 -0.4935
vn -0.5310 0.1839 -0.8272
vn -0.0539 0.3437 -0.9375
vn 0.4341 0.4123 -0.8010
vn 0.7403 0.5602 -0.3717
vn 0.9129 0.4003 0.0798
vn 0.8481 0.1353 0.5123
vn 0.5586 -0.1672 0.8124
vn 0.1166 -0.4274 0.8965
vn -0.3606 -0.5726 0.7363
vn -0.7403 -0.5602 0.3717
vn -0.9147 -0.3926 -0.0958
vn -0.8367 -0.1176 -0.5349
vn -0.5322 0.1872 -0.8256
vn -0.0884 0.4396 -0.8938
vn 0.3756 0.5749 -0.7269
vn 0.6386 0.7209 -0.2693
vn 0.8244 0.5401 0.1690
vn 0.7959 0.2178 0.5649
vn 0.5568 -0.1644 0.8142
vn 0.1660 -0.5055 0.8467
vn -0.2731 -0.7110 0.6480
vn -0.6386 -0.7209 0.2693
vn -0.8271 -0.5310 -0.1840
vn -0.7872 -0.1958 -0.5847
vn -0.5340 0.1901 -0.8238
vn -0.1405 0.5220 -0.8413
vn 0.2872 0.7147 -0.6378
vn 0.5071 0.8479 -0.1542
vn 0.7100 0.6507 0.2691
vn 0.7284 0.2830 0.6239
vn 0.5545 -0.1621 0.8163
vn 0.2300 -0.5673 0.7907
vn -0.1598 -0.8205 0.5489
vn -0.5071 -0.8479 0.1542
vn -0.7139 -0.6404 -0.2831
vn -0.7233 -0.2576 -0.6407
vn -0.5364 0.1923 -0.8218
vn -0.2080 0.5872 -0.7822
vn 0.1728 0.8253 -0.5376
vn 0.3520 0.9354 -0.0320
vn 0.5750 0.7269 0.3755
vn 0.6488 0.3279 0.6867
vn 0.5517 -0.1605 0.8185
vn 0.3054 -0.6099 0.7313
vn -0.0262 -0.8958 0.4436
vn -0.3520 -0.9354 0.0320
vn -0.5803 -0.7158 -0.3884
vn -0.6479 -0.3001 -0.7001
vn -0.5391 0.1939 -0.8196
vn -0.2876 0.6321 -0.7195
vn 0.0377 0.9014 -0.4313
vn 0.1805 0.9793 0.0917
vn 0.4257 0.7650 0.4832
vn 0.5608 0.3504 0.7501
vn 0.5486 -0.1598 0.8207
vn 0.3888 -0.6312 0.6711
vn 0.1216 -0.9336 0.3370
vn -0.1805 -0.9793 -0.0917
vn -0.4325 -0.7536 -0.4950
vn -0.5644 -0.3215 -0.7603
vn -0.5422 0.1947 -0.8174
vn -0.3756 0.6546 -0.6560
vn -0.1115 0.9396 -0.3236
vn 0.0005 0.9775 0.2111
vn 0.2691 0.7634 0.5872
vn 0.4685 0.3494 0.8114
vn 0.5454 -0.1598 0.8228
vn 0.4764 -0.6303 0.6130
vn 0.2766 -0.9320 0.2341
vn -0.0005 -0.9775 -0.2111
vn -0.2775 -0.7520 -0.5979
vn -0.4769 -0.3206 -0.8184
vn -0.5454 0.1946 -0.8153
vn -0.4679 0.6537 -0.5947
vn -0.2682 0.9380 -0.2196
vn -0.1795 0.9300 0.3207
vn 0.1124 0.7221 0.6825
vn 0.3761 0.3251 0.8677
vn 0.5422 -0.1606 0.8247
vn 0.5639 -0.6072 0.5597
vn 0.4316 -0.8912 0.1397
vn 0.1795 -0.9300 -0.3207
vn -0.1224 -0.7111 -0.6923
vn -0.3893 -0.2975 -0.8717
vn -0.5486 0.1938 -0.8133
vn -0.5603 0.6293 -0.5385
vn -0.4248 0.8967 -0.1242
vn -0.3511 0.8392 0.4154
vn -0.0369 0.6431 0.7649
vn 0.2881 0.2785 0.9162
vn 0.5392 -0.1623 0.8264
vn 0.6474 -0.5630 0.5137
vn 0.5795 -0.8129 0.0582
vn 0.3511 -0.8392 -0.4154
vn 0.0254 -0.6329 -0.7738
vn -0.3059 -0.2533 -0.9178
vn -0.5517 0.1922 -0.8116
vn -0.6484 0.5827 -0.4900
vn -0.5742 0.8177 -0.0419
vn -0.5063 0.7092 0.4906
vn -0.1720 0.5300 0.8304
vn 0.2084 0.2118 0.9548
vn 0.5364 -0.1646 0.8278
vn 0.7229 -0.4998 0.4771
vn 0.7132 -0.7009 -0.0066
vn 0.5063 -0.7092 -0.4906
vn 0.1591 -0.5209 -0.8387
vn -0.2304 -0.1901 -0.9544
vn -0.5544 0.1899 -0.8103
vn -0.7280 0.5160 -0.4513
vn -0.7093 0.7045 0.0236
vn -0.6379 0.5461 0.5430
vn -0.2866 0.3880 0.8760
vn 0.1409 0.1281 0.9817
vn 0.5341 -0.1675 0.8287
vn 0.7869 -0.4205 0.4516
vn 0.8266 -0.5605 -0.0517
vn 0.6379 -0.5461 -0.5430
vn 0.2725 -0.3804 -0.8838
vn -0.1663 -0.1108 -0.9798
vn -0.5568 0.1869 -0.8093
vn -0.7955 0.4324 -0.4245
vn -0.8238 0.5626 0.0692
vn -0.7398 0.3576 0.5700
vn -0.3752 0.2239 0.8995
vn 0.0886 0.0313 0.9956
vn 0.5322 -0.1708 0.8292
vn 0.8364 -0.3288 0.4385
vn 0.9143 -0.3980 -0.0750
vn 0.7398 -0.3576 -0.5700
vn 0.3602 -0.2180 -0.9070
vn -0.1168 -0.0191 -0.9930
vn -0.5586 0.1836 -0.8089
vn -0.8478 0.3356 -0.4106
vn -0.9125 0.3985 0.0927
vn -0.8071 0.1523 0.5704
vn -0.4338 0.0453 0.8999
vn 0.0541 -0.0740 0.9958
vn 0.5310 -0.1745 0.8292
vn 0.8692 -0.2290 0.4383
vn 0.9723 -0.2212 -0.0754
vn 0.8071 -0.1523 -0.5704
vn 0.4182 -0.0412 -0.9074
vn -0.0841 0.0808 -0.9932
vn -0.5598 0.1799 -0.8089
vn -0.8824 0.2303 -0.4104
vn -0.9711 0.2199 0.0931
vn -0.8368 -0.0600 0.5443
vn -0.4596 -0.1395 0.8771
vn 0.0388 -0.1829 0.9824
vn 0.5305 -0.1783 0.8287
vn 0.8836 -0.1257 0.4510
vn 0.9979 -0.0383 -0.0528
vn 0.8368 0.0600 -0.5443
vn 0.4438 0.1417 -0.8849
vn -0.0696 0.1841 -0.9804
vn -0.5603 0.1761 -0.8093
vn -0.8976 0.1213 -0.4238
vn -0.9969 0.0351 0.0703
vn -0.8274 -0.2696 0.4927
vn -0.4515 -0.3219 0.8322
vn 0.0436 -0.2904 0.9559
vn 0.5307 -0.1820 0.8278
vn 0.8791 -0.0238 0.4761
vn 0.9898 0.1422 -0.0084
vn 0.8274 0.2696 -0.4927
vn 0.4357 0.3222 -0.8404
vn -0.0742 0.2860 -0.9554
vn -0.5602 0.1724 -0.8102
vn -0.8928 0.0138 -0.4503
vn -0.9888 -0.1473 0.0254
vn -0.8082 -0.3702 0.4581
vn -0.4369 -0.4096 0.8008
vn 0.0510 -0.3427 0.9381
vn 0.5309 -0.1839 0.8272
vn 0.8708 0.0262 0.4909
vn 0.9731 0.2298 0.0190
vn 0.8082 0.3702 -0.4581
vn 0.4214 0.4090 -0.8094
vn -0.0811 0.3355 -0.9385
vn -0.5599 0.1706 -0.8108
vn -0.8840 -0.0389 -0.4659
vn -0.9718 -0.2358 -0.0023
vt 0.000000 0.750000
vt 0.000000 0.500000
vt 0.055556 0.500000
vt 0.055556 0.750000
vt 0.111111 0.500000
vt 0.111111 0.750000
vt 0.166667 0.500000
vt 0.166667 0.750000
vt 0.222222 0.500000
vt 0.222222 0.750000
vt 0.277778 0.500000
vt 0.277778 0.750000
vt 0.333333 0.500000
vt 0.333333 0.750000
vt 0.388889 0.500000
vt 0.388889 0.750000
vt 0.444444 0.500000
vt 0.444444 0.750000
vt 0.500000 0.500000
vt 0.500000 0.750000
vt 0.555556 0.500000
vt 0.555556 0.750000
vt 0.611111 0.500000
vt 0.611111 0.750000
vt 0.666667 0.500000
vt 0.666667 0.750000
vt 0.722222 0.500000
vt 0.722222 0.750000
vt 0.777778 0.500000
vt 0.777778 0.750000
vt 0.833333 0.500000
vt 0.833333 0.750000
vt 0.888889 0.500000
vt 0.888889 0.750000
vt 0.944444 0.500000
vt 0.944444 0.750000
vt 1.000000 0.500000
vt 1.000000 0.750000
vt 0.000000 0.933013
vt 0.055556 0.933013
vt 0.111111 0.933013
vt 0.166667 0.933013
vt 0.222222 0.933013
vt 0.277778 0.933013
vt 0.333333 0.933013
vt 0.388889 0.933013
vt 0.444444 0.933013
vt 0.500000 0.933013
vt 0.555556 0.933013
vt 0.611111 0.933013
vt 0.666667 0.933013
vt 0.722222 0.933013
vt 0.777778 0.933013
vt 0.833333 0.933013
vt 0.888889 0.933013
vt 0.944444 0.933013
vt 1.000000 0.933013
vt 0.000000 1.000000
vt 0.055556 1.000000
vt 0.111111 1.000000
vt 0.166667 1.000000
vt 0.222222 1.000000
vt 0.277778 1.000000
vt 0.333333 1.000000
vt 0.388889 1.000000
vt 0.444444 1.000000
vt 0.500000 1.000000
vt 0.555556 1.000000
vt 0.611111 1.000000
vt 0.666667 1.000000
vt 0.722222 1.000000
vt 0.777778 1.000000
vt 0.833333 1.000000
vt 0.888889 1.000000
vt 0.944444 1.000000
vt 1.000000 1.000000
vt 0.000000 0.250000
vt 0.055556 0.250000
vt 0.111111 0.250000
vt 0.166667 0.250000
vt 0.222222 0.250000
vt 0.277778 0.250000
vt 0.333333 0.250000
vt 0.388889 0.250000
vt 0.444444 0.250000
vt 0.500000 0.250000
vt 0.555556 0.250000
vt 0.611111 0.250000
vt 0.666667 0.250000
vt 0.722222 0.250000
vt 0.777778 0.250000
vt 0.833333 0.250000
vt 0.888889 0.250000
vt 0.944444 0.250000
vt 1.000000 0.250000
vt 0.000000 0.066987
vt 0.055556 0.066987
vt 0.111111 0.066987
vt 0.166667 0.066987
vt 0.222222 0.066987
vt 0.277778 0.066987
vt 0.333333 0.066987
vt 0.388889 0.066987
vt 0.444444 0.066987
vt 0.500000 0.066987
vt 0.555556 0.066987
vt 0.611111 0.066987
vt 0.666667 0.066987
vt 0.722222 0.066987
vt 0.777778 0.066987
vt 0.833333 0.066987
vt 0.888889 0.066987
vt 0.944444 0.066987
vt 1.000000 0.066987
vt 0.000000 0.000000
vt 0.055556 0.000000
vt 0.111111 0.000000
vt 0.166667 0.000000
vt 0.222222 0.000000
vt 0.277778 0.000000
vt 0.333333 0.000000
vt 0.388889 0.000000
vt 0.444444 0.000000
vt 0.500000 0.000000
vt 0.555556 0.000000
vt 0.611111 0.000000
vt 0.666667 0.000000
vt 0.722222 0.000000
vt 0.777778 0.000000
vt 0.833333 0.000000
vt 0.888889 0.000000
vt 0.944444 0.000000
vt 1.000000 0.000000
s 1
g A_InnerRing2.001_oxidized_bronze
usemtl oxidized_bronze
f 490/327/482 489/328/481 501/329/493 502/330/494
f 502/330/494 501/329/493 513/331/505 514/332/506
f 514/332/506 513/331/505 525/333/517 526/334/518
f 526/334/518 525/333/517 537/335/529 538/336/530
f 538/336/530 537/335/529 549/337/541 550/338/542
f 550/338/542 549/337/541 561/339/553 562/340/554
f 562/340/554 561/339/553 573/341/565 574/342/566
f 574/342/566 573/341/565 585/343/577 586/344/578
f 586/344/578 585/343/577 597/345/589 598/346/590
f 598/346/590 597/345/589 609/347/601 610/348/602
f 610/348/602 609/347/601 621/349/613 622/350/614
f 622/350/614 621/349/613 633/351/625 634/352/626
f 634/352/626 633/351/625 645/353/637 646/354/638
f 646/354/638 645/353/637 657/355/649 658/356/650
f 658/356/650 657/355/649 669/357/661 670/358/662
f 670/358/662 669/357/661 681/359/673 682/360/674
f 682/360/674 681/359/673 693/361/685 694/362/686
f 694/362/686 693/361/685 705/363/697 706/364/698
f 491/365/483 490/327/482 502/330/494 503/366/495
f 503/366/495 502/330/494 514/332/506 515/367/507
f 515/367/507 514/332/506 526/334/518 527/368/519
f 527/368/519 526/334/518 538/336/530 539/369/531
f 539/369/531 538/336/530 550/338/542 551/370/543
f 551/370/543 550/338/542 562/340/554 563/371/555
f 563/371/555 562/340/554 574/342/566 575/372/567
f 575/372/567 574/342/566 586/344/578 587/373/579
f 587/373/579 586/344/578 598/346/590 599/374/591
f 599/374/591 598/346/590 610/348/602 611/375/603
f 611/375/603 610/348/602 622/350/614 623/376/615
f 623/376/615 622/350/614 634/352/626 635/377/627
f 635/377/627 634/352/626 646/354/638 647/378/639
f 647/378/639 646/354/638 658/356/650 659/379/651
f 659/379/651 658/356/650 670/358/662 671/380/663
f 671/380/663 670/358/662 682/360/674 683/381/675
f 683/381/675 682/360/674 694/362/686 695/382/687
f 695/382/687 694/362/686 706/364/698 707/383/699
f 492/384/484 491/365/483 503/366/495 504/385/496
f 504/385/496 503/366/495 515/367/507 516/386/508
f 516/386/508 515/367/507 527/368/519 528/387/520
f 528/387/520 527/368/519 539/369/531 540/388/532
f 540/388/532 539/369/531 551/370/543 552/389/544
f 552/389/544 551/370/543 563/371/555 564/390/556
f 564/390/556 563/371/555 575/372/567 576/391/568
f 576/391/568 575/372/567 587/373/579 588/392/580
f 588/392/580 587/373/579 599/374/591 600/393/592
f 600/393/592 599/374/591 611/375/603 612/394/604
f 612/394/604 611/375/603 623/376/615 624/395/616
f 624/395/616 623/376/615 635/377/627 636/396/628
f 636/396/628 635/377/627 647/378/639 648/397/640
f 648/397/640 647/378/639 659/379/651 660/398/652
f 660/398/652 659/379/651 671/380/663 672/399/664
f 672/399/664 671/380/663 683/381/675 684/400/676
f 684/400/676 683/381/675 695/382/687 696/401/688
f 696/401/688 695/382/687 707/383/699 708/402/700
f 493/365/485 492/384/484 504/385/496 505/366/497
f 505/366/497 504/385/496 516/386/508 517/367/509
f 517/367/509 516/386/508 528/387/520 529/368/521
f 529/368/521 528/387/520 540/388/532 541/369/533
f 541/369/533 540/388/532 552/389/544 553/370/545
f 553/370/545 552/389/544 564/390/556 565/371/557
f 565/371/557 564/390/556 576/391/568 577/372/569
f 577/372/569 576/391/568 588/392/580 589/373/581
f 589/373/581 588/392/580 600/393/592 601/374/593
f 601/374/593 600/393/592 612/394/604 613/375/605
f 613/375/605 612/394/604 624/395/616 625/376/617
f 625/376/617 624/395/616 636/396/628 637/377/629
f 637/377/629 636/396/628 648/397/640 649/378/641
f 649/378/641 648/397/640 660/398/652 661/379/653
f 661/379/653 660/398/652 672/399/664 673/380/665
f 673/380/665 672/399/664 684/400/676 685/381/677
f 685/381/677 684/400/676 696/401/688 697/382/689
f 697/382/689 696/401/688 708/402/700 709/383/701
f 494/327/486 493/365/485 505/366/497 506/330/498
f 506/330/498 505/366/497 517/367/509 518/332/510
f 518/332/510 517/367/509 529/368/521 530/334/522
f 530/334/522 529/368/521 541/369/533 542/336/534
f 542/336/534 541/369/533 553/370/545 554/338/546
f 554/338/546 553/370/545 565/371/557 566/340/558
f 566/340/558 565/371/557 577/372/569 578/342/570
f 578/342/570 577/372/569 589/373/581 590/344/582
f 590/344/582 589/373/581 601/374/593 602/346/594
f 602/346/594 601/374/593 613/375/605 614/348/606
f 614/348/606 613/375/605 625/376/617 626/350/618
f 626/350/618 625/376/617 637/377/629 638/352/630
f 638/352/630 637/377/629 649/378/641 650/354/642
f 650/354/642 649/378/641 661/379/653 662/356/654
f 662/356/654 661/379/653 673/380/665 674/358/666
f 674/358/666 673/380/665 685/381/677 686/360/678
f 686/360/678 685/381/677 697/382/689 698/362/690
f 698/362/690 697/382/689 709/383/701 710/364/702
f 495/328/487 494/327/486 506/330/498 507/329/499
f 507/329/499 506/330/498 518/332/510 519/331/511
f 519/331/511 518/332/510 530/334/522 531/333/523
f 531/333/523 530/334/522 542/336/534 543/335/535
f 543/335/535 542/336/534 554/338/546 555/337/547
f 555/337/547 554/338/546 566/340/558 567/339/559
f 567/339/559 566/340/558 578/342/570 579/341/571
f 579/341/571 578/342/570 590/344/582 591/343/583
f 591/343/583 590/344/582 602/346/594 603/345/595
f 603/345/595 602/346/594 614/348/606 615/347/607
f 615/347/607 614/348/606 626/350/618 627/349/619
f 627/349/619 626/350/618 638/352/630 639/351/631
f 639/351/631 638/352/630 650/354/642 651/353/643
f 651/353/643 650/354/642 662/356/654 663/355/655
f 663/355/655 662/356/654 674/358/666 675/357/667
f 675/357/667 674/358/666 686/360/678 687/359/679
f 687/359/679 686/360/678 698/362/690 699/361/691
f 699/361/691 698/362/690 710/364/702 711/363/703
f 496/403/488 495/328/487 507/329/499 508/404/500
f 508/404/500 507/329/499 519/331/511 520/405/512
f 520/405/512 519/331/511 531/333/523 532/406/524
f 532/406/524 531/333/523 543/335/535 544/407/536
f 544/407/536 543/335/535 555/337/547 556/408/548
f 556/408/548 555/337/547 567/339/559 568/409/560
f 568/409/560 567/339/559 579/341/571 580/410/572
f 580/410/572 579/341/571 591/343/583 592/411/584
f 592/411/584 591/343/583 603/345/595 604/412/596
f 604/412/596 603/345/595 615/347/607 616/413/608
f 616/413/608 615/347/607 627/349/619 628/414/620
f 628/414/620 627/349/619 639/351/631 640/415/632
f 640/415/632 639/351/631 651/353/643 652/416/644
f 652/416/644 651/353/643 663/355/655 664/417/656
f 664/417/656 663/355/655 675/357/667 676/418/668
f 676/418/668 675/357/667 687/359/679 688/419/680
f 688/419/680 687/359/679 699/361/691 700/420/692
f 700/420/692 699/361/691 711/363/703 712/421/704
f 497/422/489 496/403/488 508/404/500 509/423/501
f 509/423/501 508/404/500 520/405/512 521/424/513
f 521/424/513 520/405/512 532/406/524 533/425/525
f 533/425/525 532/406/524 544/407/536 545/426/537
f 545/426/537 544/407/536 556/408/548 557/427/549
f 557/427/549 556/408/548 568/409/560 569/428/561
f 569/428/561 568/409/560 580/410/572 581/429/573
f 581/429/573 580/410/572 592/411/584 593/430/585
f 593/430/585 592/411/584 604/412/596 605/431/597
f 605/431/597 604/412/596 616/413/608 617/432/609
f 617/432/609 616/413/608 628/414/620 629/433/621
f 629/433/621 628/414/620 640/415/632 641/434/633
f 641/434/633 640/415/632 652/416/644 653/435/645
f 653/435/645 652/416/644 664/417/656 665/436/657
f 665/436/657 664/417/656 676/418/668 677/437/669
f 677/437/669 676/418/668 688/419/680 689/438/681
f 689/438/681 688/419/680 700/420/692 701/439/693
f 701/439/693 700/420/692 712/421/704 713/440/705
f 498/441/490 497/422/489 509/423/501 510/442/502
f 510/442/502 509/423/501 521/424/513 522/443/514
f 522/443/514 521/424/513 533/425/525 534/444/526
f 534/444/526 533/425/525 545/426/537 546/445/538
f 546/445/538 545/426/537 557/427/549 558/446/550
f 558/446/550 557/427/549 569/428/561 570/447/562
f 570/447/562 569/428/561 581/429/573 582/448/574
f 582/448/574 581/429/573 593/430/585 594/449/586
f 594/449/586 593/430/585 605/431/597 606/450/598
f 606/450/598 605/431/597 617/432/609 618/451/610
f 618/451/610 617/432/609 629/433/621 630/452/622
f 630/452/622 629/433/621 641/434/633 642/453/634
f 642/453/634 641/434/633 653/435/645 654/454/646
f 654/454/646 653/435/645 665/436/657 666/455/658
f 666/455/658 665/436/657 677/437/669 678/456/670
f 678/456/670 677/437/669 689/438/681 690/457/682
f 690/457/682 689/438/681 701/439/693 702/458/694
f 702/458/694 701/439/693 713/440/705 714/459/706
f 499/422/491 498/441/490 510/442/502 511/423/503
f 511/423/503 510/442/502 522/443/514 523/424/515
f 523/424/515 522/443/514 534/444/526 535/425/527
f 535/425/527 534/444/526 546/445/538 547/426/539
f 547/426/539 546/445/538 558/446/550 559/427/551
f 559/427/551 558/446/550 570/447/562 571/428/563
f 571/428/563 570/447/562 582/448/574 583/429/575
f 583/429/575 582/448/574 594/449/586 595/430/587
f 595/430/587 594/449/586 606/450/598 607/431/599
f 607/431/599 606/450/598 618/451/610 619/432/611
f 619/432/611 618/451/610 630/452/622 631/433/623
f 631/433/623 630/452/622 642/453/634 643/434/635
f 643/434/635 642/453/634 654/454/646 655/435/647
f 655/435/647 654/454/646 666/455/658 667/436/659
f 667/436/659 666/455/658 678/456/670 679/437/671
f 679/437/671 678/456/670 690/457/682 691/438/683
f 691/438/683 690/457/682 702/458/694 703/439/695
f 703/439/695 702/458/694 714/459/706 715/440/707
f 500/403/492 499/422/491 511/423/503 512/404/504
f 512/404/504 511/423/503 523/424/515 524/405/516
f 524/405/516 523/424/515 535/425/527 536/406/528
f 536/406/528 535/425/527 547/426/539 548/407/540
f 548/407/540 547/426/539 559/427/551 560/408/552
f 560/408/552 559/427/551 571/428/563 572/409/564
f 572/409/564 571/428/563 583/429/575 584/410/576
f 584/410/576 583/429/575 595/430/587 596/411/588
f 596/411/588 595/430/587 607/431/599 608/412/600
f 608/412/600 607/431/599 619/432/611 620/413/612
f 620/413/612 619/432/611 631/433/623 632/414/624
f 632/414/624 631/433/623 643/434/635 644/415/636
f 644/415/636 643/434/635 655/435/647 656/416/648
f 656/416/648 655/435/647 667/436/659 668/417/660
f 668/417/660 667/436/659 679/437/671 680/418/672
f 680/418/672 679/437/671 691/438/683 692/419/684
f 692/419/684 691/438/683 703/439/695 704/420/696
f 704/420/696 703/439/695 715/440/707 716/421/708
f 489/328/481 500/403/492 512/404/504 501/329/493
f 501/329/493 512/404/504 524/405/516 513/331/505
f 513/331/505 524/405/516 536/406/528 525/333/517
f 525/333/517 536/406/528 548/407/540 537/335/529
f 537/335/529 548/407/540 560/408/552 549/337/541
f 549/337/541 560/408/552 572/409/564 561/339/553
f 561/339/553 572/409/564 584/410/576 573/341/565
f 573/341/565 584/410/576 596/411/588 585/343/577
f 585/343/577 596/411/588 608/412/600 597/345/589
f 597/345/589 608/412/600 620/413/612 609/347/601
f 609/347/601 620/413/612 632/414/624 621/349/613
f 621/349/613 632/414/624 644/415/636 633/351/625
f 633/351/625 644/415/636 656/416/648 645/353/637
f 645/353/637 656/416/648 668/417/660 657/355/649
f 657/355/649 668/417/660 680/418/672 669/357/661
f 669/357/661 680/418/672 692/419/684 681/359/673
f 681/359/673 692/419/684 704/420/696 693/361/685
f 693/361/685 704/420/696 716/421/708 705/363/697
g A_InnerRing2.001_Mesh
v 0.358368 0.683559 -0.223845
v 0.365103 0.681371 -0.204388
v 0.361683 0.682482 -0.183997
v 0.349025 0.686595 -0.168136
v 0.330521 0.692607 -0.161054
v 0.311128 0.698908 -0.164650
v 0.296043 0.703810 -0.177959
v 0.289308 0.705998 -0.197416
v 0.292727 0.704887 -0.217807
v 0.305385 0.700774 -0.233668
v 0.323889 0.694762 -0.240750
v 0.343282 0.688461 -0.237154
v 0.380532 0.780219 -0.217690
v 0.387009 0.776905 -0.198305
v 0.382884 0.774939 -0.178110
v 0.369262 0.774850 -0.162516
v 0.349794 0.776659 -0.155702
v 0.329696 0.779884 -0.159494
v 0.314352 0.783659 -0.172875
v 0.307875 0.786974 -0.192260
v 0.312000 0.788939 -0.212455
v 0.325622 0.789029 -0.228049
v 0.345090 0.787219 -0.234863
v 0.365189 0.783995 -0.231071
v 0.384942 0.877802 -0.199513
v 0.391368 0.873351 -0.180339
v 0.387102 0.868280 -0.160723
v 0.373289 0.863947 -0.145920
v 0.353629 0.861514 -0.139896
v 0.333390 0.861633 -0.144266
v 0.317996 0.864271 -0.157858
v 0.311570 0.868723 -0.177032
v 0.315835 0.873794 -0.196648
v 0.329649 0.878127 -0.211452
v 0.349309 0.880559 -0.217475
v 0.369547 0.880441 -0.213106
v 0.371393 0.971755 -0.170161
v 0.377976 0.966209 -0.151329
v 0.374142 0.958148 -0.132647
v 0.360918 0.949730 -0.119120
v 0.341847 0.943212 -0.114372
v 0.322040 0.940341 -0.119676
v 0.306803 0.941885 -0.133611
v 0.300219 0.947430 -0.152442
v 0.304053 0.955492 -0.171125
v 0.317278 0.963910 -0.184652
v 0.336349 0.970427 -0.189399
v 0.356156 0.973299 -0.184095
v 0.340516 1.057695 -0.131003
v 0.347459 1.051148 -0.112628
v 0.344608 1.040351 -0.095192
v 0.332726 1.028197 -0.083367
v 0.314998 1.017943 -0.080322
v 0.296173 1.012336 -0.086873
v 0.281296 1.012878 -0.101264
v 0.274353 1.019425 -0.119639
v 0.277204 1.030222 -0.137075
v 0.289086 1.042376 -0.148900
v 0.306814 1.052631 -0.151945
v 0.325639 1.058238 -0.145394
v 0.293752 1.131612 -0.083868
v 0.301240 1.124203 -0.066042
v 0.299877 1.111054 -0.050106
v 0.290029 1.095686 -0.040331
v 0.274334 1.082218 -0.039335
v 0.256997 1.074258 -0.047386
v 0.242665 1.073940 -0.062326
v 0.235177 1.081348 -0.080152
v 0.236540 1.094498 -0.096087
v 0.246389 1.109866 -0.105863
v 0.262084 1.123334 -0.106859
v 0.279420 1.131293 -0.098808
v 0.233284 1.190057 -0.030953
v 0.241476 1.181968 -0.013744
v 0.242038 1.166958 0.000508
v 0.234818 1.149049 0.007983
v 0.221752 1.133040 0.006678
v 0.206340 1.123220 -0.003057
v 0.192712 1.122221 -0.018614
v 0.184520 1.130310 -0.035823
v 0.183958 1.145320 -0.050075
v 0.191178 1.163229 -0.057549
v 0.204244 1.179238 -0.056245
v 0.219656 1.189058 -0.046510
v 0.161931 1.230304 0.025272
v 0.170954 1.221746 0.041826
v 0.173787 1.205455 0.054288
v 0.169670 1.185796 0.059318
v 0.159706 1.168037 0.055569
v 0.146565 1.156937 0.044045
v 0.133769 1.155468 0.027833
v 0.124745 1.164026 0.011278
v 0.121913 1.180317 -0.001183
v 0.126030 1.199976 -0.006214
v 0.135994 1.217735 -0.002464
v 0.149134 1.228836 0.009060
v 0.083023 1.250475 0.082184
v 0.092966 1.241682 0.098075
v 0.098310 1.224749 0.108726
v 0.097624 1.204213 0.111282
v 0.091091 1.185577 0.105058
v 0.080462 1.173835 0.091722
v 0.068584 1.172131 0.074848
v 0.058641 1.180924 0.058956
v 0.053297 1.197857 0.048305
v 0.053983 1.218393 0.045750
v 0.060517 1.237029 0.051973
v 0.071146 1.248772 0.065309
v 0.000242 1.249629 0.137128
v 0.011149 1.240846 0.152379
v 0.019128 1.223940 0.161281
v 0.022041 1.203441 0.161448
v 0.019107 1.184842 0.152835
v 0.011113 1.173126 0.137751
v 0.000200 1.171432 0.120236
v -0.010708 1.180216 0.104985
v -0.018687 1.197122 0.096083
v -0.021599 1.217620 0.095916
v -0.018666 1.236220 0.104529
v -0.010671 1.247936 0.119613
v -0.082551 1.227805 0.187540
v -0.070679 1.219276 0.202205
v -0.060065 1.203065 0.209502
v -0.053552 1.183515 0.207477
v -0.052886 1.165864 0.196672
v -0.058246 1.154843 0.179983
v -0.068194 1.153404 0.161881
v -0.080066 1.161933 0.147217
v -0.090680 1.178144 0.139920
v -0.097193 1.197694 0.141945
v -0.097858 1.215345 0.152749
v -0.092499 1.226366 0.169438
v -0.161492 1.186022 0.231069
v -0.148700 1.177980 0.245226
v -0.135574 1.163098 0.251138
v -0.125629 1.145365 0.247221
v -0.121531 1.129531 0.234523
v -0.124377 1.119840 0.216449
v -0.133406 1.118888 0.197840
v -0.146198 1.126930 0.183683
v -0.159324 1.141811 0.177771
v -0.169269 1.159545 0.181688
v -0.173367 1.175378 0.194386
v -0.170520 1.185070 0.212460
v -0.232898 1.126229 0.265684
v -0.219275 1.118883 0.279438
v -0.203876 1.105905 0.284248
v -0.190826 1.090771 0.278825
v -0.183624 1.077537 0.264623
v -0.184197 1.069749 0.245447
v -0.192394 1.069493 0.226434
v -0.206018 1.076839 0.212681
v -0.221417 1.089817 0.207870
v -0.234466 1.104951 0.213293
v -0.241669 1.118185 0.227495
v -0.241095 1.125973 0.246671
v -0.293439 1.051215 0.289769
v -0.279110 1.044744 0.303242
v -0.261784 1.034153 0.307286
v -0.246102 1.022281 0.300816
v -0.236268 1.012308 0.285567
v -0.234915 1.006907 0.265624
v -0.242406 1.007526 0.246331
v -0.256735 1.013997 0.232858
v -0.274061 1.024588 0.228814
v -0.289743 1.036460 0.235284
v -0.299578 1.046433 0.250533
v -0.300930 1.051833 0.270476
v -0.340289 0.964481 0.302201
v -0.325415 0.959020 0.315529
v -0.306597 0.951190 0.319177
v -0.288879 0.943089 0.312167
v -0.277007 0.936887 0.296377
v -0.274163 0.934247 0.276038
v -0.281108 0.935876 0.256601
v -0.295983 0.941337 0.243272
v -0.314800 0.949167 0.239625
v -0.332519 0.957268 0.246635
v -0.344391 0.963470 0.262425
v -0.347235 0.966110 0.282763
v -0.371263 0.870073 0.302400
v -0.356028 0.865712 0.315726
v -0.336224 0.860887 0.319367
v -0.317159 0.856890 0.312349
v -0.303940 0.854793 0.296550
v -0.300111 0.855158 0.276205
v -0.306695 0.857886 0.256765
v -0.321931 0.862248 0.243439
v -0.341734 0.867073 0.239798
v -0.360799 0.871070 0.246816
v -0.374018 0.873166 0.262615
v -0.377848 0.872802 0.282960
v -0.384915 0.772396 0.290356
v -0.369521 0.769172 0.303823
v -0.349283 0.767456 0.307848
v -0.329624 0.767706 0.301352
v -0.315812 0.769856 0.286077
v -0.311548 0.773330 0.266116
v -0.317973 0.777197 0.246816
v -0.333368 0.780420 0.233350
v -0.353606 0.782136 0.229325
v -0.373264 0.781886 0.235820
v -0.387076 0.779736 0.251095
v -0.391341 0.776262 0.271057
v -0.380609 0.676006 0.266632
v -0.365265 0.673906 0.280375
v -0.345164 0.675257 0.285155
v -0.325692 0.679699 0.279691
v -0.312068 0.686039 0.265448
v -0.307940 0.692581 0.246241
v -0.314416 0.697570 0.227218
v -0.329760 0.699671 0.213475
v -0.349861 0.698319 0.208695
v -0.369333 0.693878 0.214159
v -0.382958 0.687537 0.228403
v -0.387085 0.680996 0.247609
v -0.358545 0.585402 0.232335
v -0.343458 0.584357 0.246477
v -0.324060 0.588592 0.252349
v -0.305547 0.596973 0.248376
v -0.292882 0.607253 0.235624
v -0.289457 0.616678 0.217509
v -0.296190 0.622723 0.198885
v -0.311277 0.623768 0.184743
v -0.330676 0.619533 0.178872
v -0.349188 0.611152 0.182844
v -0.361853 0.600872 0.195596
v -0.365279 0.591447 0.213711
vn 0.8079 -0.1489 -0.5702
vn 0.9716 -0.2167 -0.0954
vn 0.8838 -0.2287 0.4081
vn 0.5599 -0.1799 0.8088
vn 0.0813 -0.0819 0.9933
vn -0.4211 0.0389 0.9062
vn -0.8079 0.1489 0.5702
vn -0.9728 0.2181 0.0777
vn -0.8707 0.2274 -0.4361
vn -0.5309 0.1745 -0.8292
vn -0.0511 0.0751 -0.9959
vn 0.4367 -0.0429 -0.8986
vn 0.8272 -0.0430 -0.5602
vn 0.9886 -0.1247 -0.0842
vn 0.8927 -0.1742 0.4156
vn 0.5602 -0.1780 0.8090
vn 0.0743 -0.1339 0.9882
vn -0.4356 -0.0530 0.8986
vn -0.8272 0.0430 0.5602
vn -0.9897 0.1271 0.0666
vn -0.8790 0.1758 -0.4432
vn -0.5307 0.1765 -0.8290
vn -0.0437 0.1301 -0.9905
vn 0.4514 0.0499 -0.8909
vn 0.8368 0.1691 -0.5207
vn 0.9970 0.0599 -0.0498
vn 0.8976 -0.0653 0.4359
vn 0.5603 -0.1742 0.8097
vn 0.0696 -0.2371 0.9690
vn -0.4438 -0.2357 0.8645
vn -0.8368 -0.1691 0.5207
vn -0.9979 -0.0557 0.0325
vn -0.8837 0.0726 -0.4625
vn -0.5305 0.1802 -0.8283
vn -0.0388 0.2389 -0.9703
vn 0.4597 0.2345 -0.8566
vn 0.8074 0.3734 -0.4569
vn 0.9713 0.2377 0.0058
vn 0.8825 0.0395 0.4686
vn 0.5598 -0.1706 0.8109
vn 0.0839 -0.3365 0.9379
vn -0.4185 -0.4117 0.8096
vn -0.8074 -0.3734 0.4569
vn -0.9725 -0.2316 -0.0225
vn -0.8693 -0.0267 -0.4935
vn -0.5310 0.1839 -0.8272
vn -0.0539 0.3437 -0.9375
vn 0.4341 0.4123 -0.8010
vn 0.7403 0.5602 -0.3717
vn 0.9129 0.4003 0.0798
vn 0.8481 0.1353 0.5123
vn 0.5586 -0.1672 0.8124
vn 0.1166 -0.4273 0.8965
vn -0.3606 -0.5726 0.7363
vn -0.7403 -0.5602 0.3717
vn -0.9147 -0.3926 -0.0958
vn -0.8367 -0.1176 -0.5349
vn -0.5322 0.1872 -0.8256
vn -0.0884 0.4396 -0.8938
vn 0.3756 0.5749 -0.7269
vn 0.6386 0.7209 -0.2693
vn 0.8244 0.5401 0.1690
vn 0.7959 0.2178 0.5649
vn 0.5568 -0.1644 0.8142
vn 0.1660 -0.5055 0.8467
vn -0.2731 -0.7110 0.6480
vn -0.6386 -0.7209 0.2693
vn -0.8271 -0.5310 -0.1841
vn -0.7872 -0.1958 -0.5847
vn -0.5340 0.1901 -0.8238
vn -0.1405 0.5220 -0.8413
vn 0.2872 0.7147 -0.6378
vn 0.5071 0.8480 -0.1542
vn 0.7100 0.6507 0.2691
vn 0.7284 0.2830 0.6239
vn 0.5545 -0.1621 0.8163
vn 0.2300 -0.5673 0.7907
vn -0.1598 -0.8205 0.5489
vn -0.5071 -0.8479 0.1542
vn -0.7139 -0.6404 -0.2831
vn -0.7233 -0.2576 -0.6407
vn -0.5364 0.1923 -0.8218
vn -0.2080 0.5872 -0.7822
vn 0.1728 0.8253 -0.5376
vn 0.3520 0.9354 -0.0320
vn 0.5750 0.7269 0.3755
vn 0.6488 0.3279 0.6867
vn 0.5517 -0.1605 0.8185
vn 0.3054 -0.6099 0.7313
vn -0.0262 -0.8958 0.4436
vn -0.3520 -0.9354 0.0320
vn -0.5803 -0.7158 -0.3884
vn -0.6478 -0.3001 -0.7002
vn -0.5391 0.1939 -0.8196
vn -0.2876 0.6321 -0.7195
vn 0.0378 0.9014 -0.4313
vn 0.1805 0.9793 0.0917
vn 0.4257 0.7650 0.4832
vn 0.5608 0.3504 0.7501
vn 0.5486 -0.1598 0.8207
vn 0.3888 -0.6312 0.6711
vn 0.1216 -0.9336 0.3370
vn -0.1805 -0.9793 -0.0917
vn -0.4325 -0.7536 -0.4950
vn -0.5644 -0.3215 -0.7603
vn -0.5422 0.1947 -0.8174
vn -0.3756 0.6546 -0.6560
vn -0.1115 0.9396 -0.3236
vn 0.0005 0.9775 0.2111
vn 0.2691 0.7634 0.5872
vn 0.4685 0.3494 0.8114
vn 0.5454 -0.1598 0.8228
vn 0.4764 -0.6303 0.6130
vn 0.2766 -0.9320 0.2341
vn -0.0005 -0.9775 -0.2111
vn -0.2775 -0.7520 -0.5979
vn -0.4769 -0.3206 -0.8184
vn -0.5454 0.1946 -0.8153
vn -0.4679 0.6537 -0.5947
vn -0.2682 0.9380 -0.2196
vn -0.1795 0.9300 0.3207
vn 0.1124 0.7221 0.6825
vn 0.3761 0.3251 0.8677
vn 0.5422 -0.1606 0.8247
vn 0.5639 -0.6072 0.5597
vn 0.4316 -0.8912 0.1397
vn 0.1795 -0.9300 -0.3207
vn -0.1224 -0.7111 -0.6923
vn -0.3893 -0.2975 -0.8717
vn -0.5486 0.1938 -0.8133
vn -0.5603 0.6294 -0.5385
vn -0.4248 0.8967 -0.1242
vn -0.3511 0.8392 0.4154
vn -0.0369 0.6431 0.7649
vn 0.2881 0.2785 0.9162
vn 0.5392 -0.1623 0.8264
vn 0.6474 -0.5630 0.5137
vn 0.5795 -0.8129 0.0582
vn 0.3511 -0.8392 -0.4154
vn 0.0254 -0.6329 -0.7738
vn -0.3059 -0.2533 -0.9178
vn -0.5517 0.1922 -0.8116
vn -0.6484 0.5827 -0.4900
vn -0.5742 0.8177 -0.0419
vn -0.5063 0.7092 0.4906
vn -0.1720 0.5300 0.8304
vn 0.2084 0.2118 0.9548
vn 0.5364 -0.1646 0.8278
vn 0.7229 -0.4998 0.4771
vn 0.7132 -0.7009 -0.0066
vn 0.5063 -0.7092 -0.4906
vn 0.1591 -0.5209 -0.8387
vn -0.2304 -0.1901 -0.9544
vn -0.5544 0.1899 -0.8103
vn -0.7280 0.5160 -0.4513
vn -0.7093 0.7045 0.0236
vn -0.6379 0.5461 0.5430
vn -0.2866 0.3880 0.8760
vn 0.1409 0.1281 0.9817
vn 0.5340 -0.1675 0.8287
vn 0.7869 -0.4205 0.4516
vn 0.8266 -0.5605 -0.0517
vn 0.6379 -0.5461 -0.5430
vn 0.2725 -0.3804 -0.8838
vn -0.1663 -0.1108 -0.9798
vn -0.5568 0.1869 -0.8093
vn -0.7955 0.4324 -0.4245
vn -0.8238 0.5626 0.0692
vn -0.7398 0.3576 0.5700
vn -0.3752 0.2239 0.8995
vn 0.0886 0.0313 0.9956
vn 0.5322 -0.1708 0.8292
vn 0.8364 -0.3288 0.4385
vn 0.9143 -0.3980 -0.0750
vn 0.7398 -0.3576 -0.5700
vn 0.3602 -0.2180 -0.9070
vn -0.1168 -0.0191 -0.9930
vn -0.5586 0.1836 -0.8089
vn -0.8478 0.3356 -0.4106
vn -0.9125 0.3985 0.0927
vn -0.8071 0.1523 0.5704
vn -0.4338 0.0453 0.8999
vn 0.0541 -0.0740 0.9958
vn 0.5310 -0.1745 0.8292
vn 0.8692 -0.2290 0.4383
vn 0.9723 -0.2212 -0.0754
vn 0.8071 -0.1523 -0.5704
vn 0.4182 -0.0412 -0.9074
vn -0.0841 0.0808 -0.9932
vn -0.5598 0.1799 -0.8089
vn -0.8824 0.2303 -0.4104
vn -0.9711 0.2199 0.0931
vn -0.8368 -0.0600 0.5443
vn -0.4597 -0.1395 0.8771
vn 0.0388 -0.1829 0.9824
vn 0.5305 -0.1783 0.8287
vn 0.8836 -0.1257 0.4510
vn 0.9979 -0.0383 -0.0528
vn 0.8368 0.0600 -0.5443
vn 0.4438 0.1417 -0.8849
vn -0.0696 0.1841 -0.9804
vn -0.5603 0.1761 -0.8093
vn -0.8976 0.1213 -0.4238
vn -0.9969 0.0351 0.0703
vn -0.8274 -0.2696 0.4927
vn -0.4515 -0.3219 0.8322
vn 0.0436 -0.2904 0.9559
vn 0.5307 -0.1820 0.8278
vn 0.8791 -0.0238 0.4761
vn 0.9898 0.1422 -0.0084
vn 0.8274 0.2696 -0.4927
vn 0.4357 0.3222 -0.8404
vn -0.0742 0.2860 -0.9554
vn -0.5602 0.1724 -0.8102
vn -0.8928 0.0138 -0.4503
vn -0.9888 -0.1473 0.0254
vn -0.8082 -0.3702 0.4581
vn -0.4369 -0.4096 0.8008
vn 0.0510 -0.3427 0.9381
vn 0.5309 -0.1839 0.8272
vn 0.8708 0.0262 0.4909
vn 0.9731 0.2298 0.0190
vn 0.8082 0.3702 -0.4581
vn 0.4214 0.4090 -0.8094
vn -0.0811 0.3355 -0.9385
vn -0.5599 0.1706 -0.8108
vn -0.8840 -0.0389 -0.4659
vn -0.9718 -0.2358 -0.0023
vt 0.000000 0.500000
vt 0.055556 0.750000
vt 0.000000 0.750000
vt 0.055556 0.500000
vt 0.111111 0.750000
vt 0.166667 0.500000
vt 0.166667 0.750000
vt 0.222222 0.750000
vt 0.222222 0.500000
vt 0.277778 0.750000
vt 0.277778 0.500000
vt 0.333333 0.750000
vt 0.333333 0.500000
vt 0.388889 0.750000
vt 0.388889 0.500000
vt 0.444444 0.750000
vt 0.444444 0.500000
vt 0.500000 0.750000
vt 0.500000 0.500000
vt 0.555556 0.750000
vt 0.611111 0.500000
vt 0.611111 0.750000
vt 0.666667 0.750000
vt 0.666667 0.500000
vt 0.722222 0.750000
vt 0.722222 0.500000
vt 0.777778 0.750000
vt 0.777778 0.500000
vt 0.833333 0.750000
vt 0.833333 0.500000
vt 0.888889 0.750000
vt 0.888889 0.500000
vt 0.944444 0.750000
vt 0.944444 0.500000
vt 1.000000 0.750000
vt 0.055556 0.933013
vt 0.000000 0.933013
vt 0.111111 0.933013
vt 0.166667 0.933013
vt 0.222222 0.933013
vt 0.277778 0.933013
vt 0.333333 0.933013
vt 0.388889 0.933013
vt 0.444444 0.933013
vt 0.500000 0.933013
vt 0.555556 0.933013
vt 0.611111 0.933013
vt 0.666667 0.933013
vt 0.722222 0.933013
vt 0.777778 0.933013
vt 0.833333 0.933013
vt 0.888889 0.933013
vt 0.944444 0.933013
vt 1.000000 0.933013
vt 0.055556 1.000000
vt 0.000000 1.000000
vt 0.111111 1.000000
vt 0.166667 1.000000
vt 0.222222 1.000000
vt 0.277778 1.000000
vt 0.333333 1.000000
vt 0.388889 1.000000
vt 0.444444 1.000000
vt 0.500000 1.000000
vt 0.555556 1.000000
vt 0.611111 1.000000
vt 0.666667 1.000000
vt 0.722222 1.000000
vt 0.777778 1.000000
vt 0.833333 1.000000
vt 0.888889 1.000000
vt 0.944444 1.000000
vt 1.000000 1.000000
vt 0.111111 0.500000
vt 0.555556 0.500000
vt 1.000000 0.500000
vt 0.055556 0.250000
vt 0.000000 0.250000
vt 0.111111 0.250000
vt 0.166667 0.250000
vt 0.222222 0.250000
vt 0.277778 0.250000
vt 0.333333 0.250000
vt 0.388889 0.250000
vt 0.444444 0.250000
vt 0.500000 0.250000
vt 0.555556 0.250000
vt 0.611111 0.250000
vt 0.666667 0.250000
vt 0.722222 0.250000
vt 0.777778 0.250000
vt 0.833333 0.250000
vt 0.888889 0.250000
vt 0.944444 0.250000
vt 1.000000 0.250000
vt 0.055556 0.066987
vt 0.000000 0.066987
vt 0.111111 0.066987
vt 0.166667 0.066987
vt 0.222222 0.066987
vt 0.277778 0.066987
vt 0.333333 0.066987
vt 0.388889 0.066987
vt 0.444444 0.066987
vt 0.500000 0.066987
vt 0.555556 0.066987
vt 0.611111 0.066987
vt 0.666667 0.066987
vt 0.722222 0.066987
vt 0.777778 0.066987
vt 0.833333 0.066987
vt 0.888889 0.066987
vt 0.944444 0.066987
vt 1.000000 0.066987
vt 0.000000 0.000000
vt 0.055556 0.000000
vt 0.111111 0.000000
vt 0.166667 0.000000
vt 0.222222 0.000000
vt 0.277778 0.000000
vt 0.333333 0.000000
vt 0.388889 0.000000
vt 0.444444 0.000000
vt 0.500000 0.000000
vt 0.555556 0.000000
vt 0.611111 0.000000
vt 0.666667 0.000000
vt 0.722222 0.000000
vt 0.777778 0.000000
vt 0.833333 0.000000
vt 0.888889 0.000000
vt 0.944444 0.000000
vt 1.000000 0.000000
s 1
g A_InnerRing2.001_oxidized_bronze
usemtl oxidized_bronze
f 717/460/709 730/461/722 718/462/710
f 729/463/721 742/464/734 730/461/722
f 742/464/734 753/465/745 754/466/746
f 753/465/745 766/467/758 754/466/746
f 765/468/757 778/469/770 766/467/758
f 777/470/769 790/471/782 778/469/770
f 789/472/781 802/473/794 790/471/782
f 801/474/793 814/475/806 802/473/794
f 813/476/805 826/477/818 814/475/806
f 825/478/817 838/479/830 826/477/818
f 838/479/830 849/480/841 850/481/842
f 849/480/841 862/482/854 850/481/842
f 861/483/853 874/484/866 862/482/854
f 873/485/865 886/486/878 874/484/866
f 885/487/877 898/488/890 886/486/878
f 897/489/889 910/490/902 898/488/890
f 909/491/901 922/492/914 910/490/902
f 921/493/913 934/494/926 922/492/914
f 718/462/710 731/495/723 719/496/711
f 731/495/723 742/464/734 743/497/735
f 742/464/734 755/498/747 743/497/735
f 755/498/747 766/467/758 767/499/759
f 766/467/758 779/500/771 767/499/759
f 778/469/770 791/501/783 779/500/771
f 790/471/782 803/502/795 791/501/783
f 802/473/794 815/503/807 803/502/795
f 814/475/806 827/504/819 815/503/807
f 826/477/818 839/505/831 827/504/819
f 838/479/830 851/506/843 839/505/831
f 850/481/842 863/507/855 851/506/843
f 862/482/854 875/508/867 863/507/855
f 875/508/867 886/486/878 887/509/879
f 886/486/878 899/510/891 887/509/879
f 899/510/891 910/490/902 911/511/903
f 910/490/902 923/512/915 911/511/903
f 922/492/914 935/513/927 923/512/915
f 719/496/711 732/514/724 720/515/712
f 731/495/723 744/516/736 732/514/724
f 743/497/735 756/517/748 744/516/736
f 755/498/747 768/518/760 756/517/748
f 767/499/759 780/519/772 768/518/760
f 779/500/771 792/520/784 780/519/772
f 791/501/783 804/521/796 792/520/784
f 803/502/795 816/522/808 804/521/796
f 815/503/807 828/523/820 816/522/808
f 828/523/820 839/505/831 840/524/832
f 839/505/831 852/525/844 840/524/832
f 852/525/844 863/507/855 864/526/856
f 864/526/856 875/508/867 876/527/868
f 875/508/867 888/528/880 876/527/868
f 887/509/879 900/529/892 888/528/880
f 899/510/891 912/530/904 900/529/892
f 911/511/903 924/531/916 912/530/904
f 923/512/915 936/532/928 924/531/916
f 720/515/712 733/495/725 721/496/713
f 733/495/725 744/516/736 745/497/737
f 745/497/737 756/517/748 757/498/749
f 756/517/748 769/499/761 757/498/749
f 769/499/761 780/519/772 781/500/773
f 781/500/773 792/520/784 793/501/785
f 792/520/784 805/502/797 793/501/785
f 804/521/796 817/503/809 805/502/797
f 817/503/809 828/523/820 829/504/821
f 829/504/821 840/524/832 841/505/833
f 840/524/832 853/506/845 841/505/833
f 852/525/844 865/507/857 853/506/845
f 864/526/856 877/508/869 865/507/857
f 876/527/868 889/509/881 877/508/869
f 888/528/880 901/510/893 889/509/881
f 900/529/892 913/511/905 901/510/893
f 912/530/904 925/512/917 913/511/905
f 924/531/916 937/513/929 925/512/917
f 721/496/713 734/461/726 722/462/714
f 733/495/725 746/464/738 734/461/726
f 745/497/737 758/466/750 746/464/738
f 757/498/749 770/467/762 758/466/750
f 769/499/761 782/469/774 770/467/762
f 781/500/773 794/471/786 782/469/774
f 793/501/785 806/473/798 794/471/786
f 805/502/797 818/475/810 806/473/798
f 817/503/809 830/477/822 818/475/810
f 829/504/821 842/479/834 830/477/822
f 841/505/833 854/481/846 842/479/834
f 853/506/845 866/482/858 854/481/846
f 865/507/857 878/484/870 866/482/858
f 877/508/869 890/486/882 878/484/870
f 889/509/881 902/488/894 890/486/882
f 901/510/893 914/490/906 902/488/894
f 914/490/906 925/512/917 926/492/918
f 925/512/917 938/494/930 926/492/918
f 722/462/714 735/463/727 723/460/715
f 734/461/726 747/533/739 735/463/727
f 747/533/739 758/466/750 759/465/751
f 758/466/750 771/468/763 759/465/751
f 770/467/762 783/470/775 771/468/763
f 782/469/774 795/472/787 783/470/775
f 794/471/786 807/474/799 795/472/787
f 807/474/799 818/475/810 819/476/811
f 818/475/810 831/478/823 819/476/811
f 830/477/822 843/534/835 831/478/823
f 842/479/834 855/480/847 843/534/835
f 854/481/846 867/483/859 855/480/847
f 866/482/858 879/485/871 867/483/859
f 878/484/870 891/487/883 879/485/871
f 890/486/882 903/489/895 891/487/883
f 902/488/894 915/491/907 903/489/895
f 914/490/906 927/493/919 915/491/907
f 926/492/918 939/535/931 927/493/919
f 723/460/715 736/536/728 724/537/716
f 735/463/727 748/538/740 736/536/728
f 747/533/739 760/539/752 748/538/740
f 759/465/751 772/540/764 760/539/752
f 771/468/763 784/541/776 772/540/764
f 783/470/775 796/542/788 784/541/776
f 795/472/787 808/543/800 796/542/788
f 807/474/799 820/544/812 808/543/800
f 819/476/811 832/545/824 820/544/812
f 831/478/823 844/546/836 832/545/824
f 843/534/835 856/547/848 844/546/836
f 855/480/847 868/548/860 856/547/848
f 867/483/859 880/549/872 868/548/860
f 879/485/871 892/550/884 880/549/872
f 891/487/883 904/551/896 892/550/884
f 903/489/895 916/552/908 904/551/896
f 916/552/908 927/493/919 928/553/920
f 927/493/919 940/554/932 928/553/920
f 724/537/716 737/555/729 725/556/717
f 736/536/728 749/557/741 737/555/729
f 748/538/740 761/558/753 749/557/741
f 761/558/753 772/540/764 773/559/765
f 773/559/765 784/541/776 785/560/777
f 784/541/776 797/561/789 785/560/777
f 796/542/788 809/562/801 797/561/789
f 808/543/800 821/563/813 809/562/801
f 821/563/813 832/545/824 833/564/825
f 833/564/825 844/546/836 845/565/837
f 845/565/837 856/547/848 857/566/849
f 857/566/849 868/548/860 869/567/861
f 869/567/861 880/549/872 881/568/873
f 880/549/872 893/569/885 881/568/873
f 892/550/884 905/570/897 893/569/885
f 905/570/897 916/552/908 917/571/909
f 916/552/908 929/572/921 917/571/909
f 928/553/920 941/573/933 929/572/921
f 726/574/718 737/555/729 738/575/730
f 737/555/729 750/576/742 738/575/730
f 749/557/741 762/577/754 750/576/742
f 762/577/754 773/559/765 774/578/766
f 773/559/765 786/579/778 774/578/766
f 785/560/777 798/580/790 786/579/778
f 798/580/790 809/562/801 810/581/802
f 809/562/801 822/582/814 810/581/802
f 821/563/813 834/583/826 822/582/814
f 833/564/825 846/584/838 834/583/826
f 845/565/837 858/585/850 846/584/838
f 858/585/850 869/567/861 870/586/862
f 870/586/862 881/568/873 882/587/874
f 881/568/873 894/588/886 882/587/874
f 893/569/885 906/589/898 894/588/886
f 905/570/897 918/590/910 906/589/898
f 917/571/909 930/591/922 918/590/910
f 929/572/921 942/592/934 930/591/922
f 726/574/718 739/555/731 727/556/719
f 738/575/730 751/557/743 739/555/731
f 751/557/743 762/577/754 763/558/755
f 763/558/755 774/578/766 775/559/767
f 775/559/767 786/579/778 787/560/779
f 787/560/779 798/580/790 799/561/791
f 798/580/790 811/562/803 799/561/791
f 810/581/802 823/563/815 811/562/803
f 822/582/814 835/564/827 823/563/815
f 834/583/826 847/565/839 835/564/827
f 847/565/839 858/585/850 859/566/851
f 858/585/850 871/567/863 859/566/851
f 870/586/862 883/568/875 871/567/863
f 882/587/874 895/569/887 883/568/875
f 894/588/886 907/570/899 895/569/887
f 906/589/898 919/571/911 907/570/899
f 918/590/910 931/572/923 919/571/911
f 930/591/922 943/573/935 931/572/923
f 727/556/719 740/536/732 728/537/720
f 739/555/731 752/538/744 740/536/732
f 751/557/743 764/539/756 752/538/744
f 763/558/755 776/540/768 764/539/756
f 775/559/767 788/541/780 776/540/768
f 787/560/779 800/542/792 788/541/780
f 799/561/791 812/543/804 800/542/792
f 811/562/803 824/544/816 812/543/804
f 823/563/815 836/545/828 824/544/816
f 835/564/827 848/546/840 836/545/828
f 848/546/840 859/566/851 860/547/852
f 860/547/852 871/567/863 872/548/864
f 871/567/863 884/549/876 872/548/864
f 883/568/875 896/550/888 884/549/876
f 895/569/887 908/551/900 896/550/888
f 907/570/899 920/552/912 908/551/900
f 919/571/911 932/553/924 920/552/912
f 931/572/923 944/554/936 932/553/924
f 728/537/720 729/463/721 717/460/709
f 740/536/732 741/533/733 729/463/721
f 752/538/744 753/465/745 741/533/733
f 753/465/745 776/540/768 765/468/757
f 765/468/757 788/541/780 777/470/769
f 788/541/780 789/472/781 777/470/769
f 800/542/792 801/474/793 789/472/781
f 812/543/804 813/476/805 801/474/793
f 813/476/805 836/545/828 825/478/817
f 836/545/828 837/534/829 825/478/817
f 837/534/829 860/547/852 849/480/841
f 860/547/852 861/483/853 849/480/841
f 872/548/864 873/485/865 861/483/853
f 884/549/876 885/487/877 873/485/865
f 896/550/888 897/489/889 885/487/877
f 908/551/900 909/491/901 897/489/889
f 920/552/912 921/493/913 909/491/901
f 932/553/924 933/535/925 921/493/913
f 717/460/709 729/463/721 730/461/722
f 729/463/721 741/533/733 742/464/734
f 742/464/734 741/533/733 753/465/745
f 753/465/745 765/468/757 766/467/758
f 765/468/757 777/470/769 778/469/770
f 777/470/769 789/472/781 790/471/782
f 789/472/781 801/474/793 802/473/794
f 801/474/793 813/476/805 814/475/806
f 813/476/805 825/478/817 826/477/818
f 825/478/817 837/534/829 838/479/830
f 838/479/830 837/534/829 849/480/841
f 849/480/841 861/483/853 862/482/854
f 861/483/853 873/485/865 874/484/866
f 873/485/865 885/487/877 886/486/878
f 885/487/877 897/489/889 898/488/890
f 897/489/889 909/491/901 910/490/902
f 909/491/901 921/493/913 922/492/914
f 921/493/913 933/535/925 934/494/926
f 718/462/710 730/461/722 731/495/723
f 731/495/723 730/461/722 742/464/734
f 742/464/734 754/466/746 755/498/747
f 755/498/747 754/466/746 766/467/758
f 766/467/758 778/469/770 779/500/771
f 778/469/770 790/471/782 791/501/783
f 790/471/782 802/473/794 803/502/795
f 802/473/794 814/475/806 815/503/807
f 814/475/806 826/477/818 827/504/819
f 826/477/818 838/479/830 839/505/831
f 838/479/830 850/481/842 851/506/843
f 850/481/842 862/482/854 863/507/855
f 862/482/854 874/484/866 875/508/867
f 875/508/867 874/484/866 886/486/878
f 886/486/878 898/488/890 899/510/891
f 899/510/891 898/488/890 910/490/902
f 910/490/902 922/492/914 923/512/915
f 922/492/914 934/494/926 935/513/927
f 719/496/711 731/495/723 732/514/724
f 731/495/723 743/497/735 744/516/736
f 743/497/735 755/498/747 756/517/748
f 755/498/747 767/499/759 768/518/760
f 767/499/759 779/500/771 780/519/772
f 779/500/771 791/501/783 792/520/784
f 791/501/783 803/502/795 804/521/796
f 803/502/795 815/503/807 816/522/808
f 815/503/807 827/504/819 828/523/820
f 828/523/820 827/504/819 839/505/831
f 839/505/831 851/506/843 852/525/844
f 852/525/844 851/506/843 863/507/855
f 864/526/856 863/507/855 875/508/867
f 875/508/867 887/509/879 888/528/880
f 887/509/879 899/510/891 900/529/892
f 899/510/891 911/511/903 912/530/904
f 911/511/903 923/512/915 924/531/916
f 923/512/915 935/513/927 936/532/928
f 720/515/712 732/514/724 733/495/725
f 733/495/725 732/514/724 744/516/736
f 745/497/737 744/516/736 756/517/748
f 756/517/748 768/518/760 769/499/761
f 769/499/761 768/518/760 780/519/772
f 781/500/773 780/519/772 792/520/784
f 792/520/784 804/521/796 805/502/797
f 804/521/796 816/522/808 817/503/809
f 817/503/809 816/522/808 828/523/820
f 829/504/821 828/523/820 840/524/832
f 840/524/832 852/525/844 853/506/845
f 852/525/844 864/526/856 865/507/857
f 864/526/856 876/527/868 877/508/869
f 876/527/868 888/528/880 889/509/881
f 888/528/880 900/529/892 901/510/893
f 900/529/892 912/530/904 913/511/905
f 912/530/904 924/531/916 925/512/917
f 924/531/916 936/532/928 937/513/929
f 721/496/713 733/495/725 734/461/726
f 733/495/725 745/497/737 746/464/738
f 745/497/737 757/498/749 758/466/750
f 757/498/749 769/499/761 770/467/762
f 769/499/761 781/500/773 782/469/774
f 781/500/773 793/501/785 794/471/786
f 793/501/785 805/502/797 806/473/798
f 805/502/797 817/503/809 818/475/810
f 817/503/809 829/504/821 830/477/822
f 829/504/821 841/505/833 842/479/834
f 841/505/833 853/506/845 854/481/846
f 853/506/845 865/507/857 866/482/858
f 865/507/857 877/508/869 878/484/870
f 877/508/869 889/509/881 890/486/882
f 889/509/881 901/510/893 902/488/894
f 901/510/893 913/511/905 914/490/906
f 914/490/906 913/511/905 925/512/917
f 925/512/917 937/513/929 938/494/930
f 722/462/714 734/461/726 735/463/727
f 734/461/726 746/464/738 747/533/739
f 747/533/739 746/464/738 758/466/750
f 758/466/750 770/467/762 771/468/763
f 770/467/762 782/469/774 783/470/775
f 782/469/774 794/471/786 795/472/787
f 794/471/786 806/473/798 807/474/799
f 807/474/799 806/473/798 818/475/810
f 818/475/810 830/477/822 831/478/823
f 830/477/822 842/479/834 843/534/835
f 842/479/834 854/481/846 855/480/847
f 854/481/846 866/482/858 867/483/859
f 866/482/858 878/484/870 879/485/871
f 878/484/870 890/486/882 891/487/883
f 890/486/882 902/488/894 903/489/895
f 902/488/894 914/490/906 915/491/907
f 914/490/906 926/492/918 927/493/919
f 926/492/918 938/494/930 939/535/931
f 723/460/715 735/463/727 736/536/728
f 735/463/727 747/533/739 748/538/740
f 747/533/739 759/465/751 760/539/752
f 759/465/751 771/468/763 772/540/764
f 771/468/763 783/470/775 784/541/776
f 783/470/775 795/472/787 796/542/788
f 795/472/787 807/474/799 808/543/800
f 807/474/799 819/476/811 820/544/812
f 819/476/811 831/478/823 832/545/824
f 831/478/823 843/534/835 844/546/836
f 843/534/835 855/480/847 856/547/848
f 855/480/847 867/483/859 868/548/860
f 867/483/859 879/485/871 880/549/872
f 879/485/871 891/487/883 892/550/884
f 891/487/883 903/489/895 904/551/896
f 903/489/895 915/491/907 916/552/908
f 916/552/908 915/491/907 927/493/919
f 927/493/919 939/535/931 940/554/932
f 724/537/716 736/536/728 737/555/729
f 736/536/728 748/538/740 749/557/741
f 748/538/740 760/539/752 761/558/753
f 761/558/753 760/539/752 772/540/764
f 773/559/765 772/540/764 784/541/776
f 784/541/776 796/542/788 797/561/789
f 796/542/788 808/543/800 809/562/801
f 808/543/800 820/544/812 821/563/813
f 821/563/813 820/544/812 832/545/824
f 833/564/825 832/545/824 844/546/836
f 845/565/837 844/546/836 856/547/848
f 857/566/849 856/547/848 868/548/860
f 869/567/861 868/548/860 880/549/872
f 880/549/872 892/550/884 893/569/885
f 892/550/884 904/551/896 905/570/897
f 905/570/897 904/551/896 916/552/908
f 916/552/908 928/553/920 929/572/921
f 928/553/920 940/554/932 941/573/933
f 726/574/718 725/556/717 737/555/729
f 737/555/729 749/557/741 750/576/742
f 749/557/741 761/558/753 762/577/754
f 762/577/754 761/558/753 773/559/765
f 773/559/765 785/560/777 786/579/778
f 785/560/777 797/561/789 798/580/790
f 798/580/790 797/561/789 809/562/801
f 809/562/801 821/563/813 822/582/814
f 821/563/813 833/564/825 834/583/826
f 833/564/825 845/565/837 846/584/838
f 845/565/837 857/566/849 858/585/850
f 858/585/850 857/566/849 869/567/861
f 870/586/862 869/567/861 881/568/873
f 881/568/873 893/569/885 894/588/886
f 893/569/885 905/570/897 906/589/898
f 905/570/897 917/571/909 918/590/910
f 917/571/909 929/572/921 930/591/922
f 929/572/921 941/573/933 942/592/934
f 726/574/718 738/575/730 739/555/731
f 738/575/730 750/576/742 751/557/743
f 751/557/743 750/576/742 762/577/754
f 763/558/755 762/577/754 774/578/766
f 775/559/767 774/578/766 786/579/778
f 787/560/779 786/579/778 798/580/790
f 798/580/790 810/581/802 811/562/803
f 810/581/802 822/582/814 823/563/815
f 822/582/814 834/583/826 835/564/827
f 834/583/826 846/584/838 847/565/839
f 847/565/839 846/584/838 858/585/850
f 858/585/850 870/586/862 871/567/863
f 870/586/862 882/587/874 883/568/875
f 882/587/874 894/588/886 895/569/887
f 894/588/886 906/589/898 907/570/899
f 906/589/898 918/590/910 919/571/911
f 918/590/910 930/591/922 931/572/923
f 930/591/922 942/592/934 943/573/935
f 727/556/719 739/555/731 740/536/732
f 739/555/731 751/557/743 752/538/744
f 751/557/743 763/558/755 764/539/756
f 763/558/755 775/559/767 776/540/768
f 775/559/767 787/560/779 788/541/780
f 787/560/779 799/561/791 800/542/792
f 799/561/791 811/562/803 812/543/804
f 811/562/803 823/563/815 824/544/816
f 823/563/815 835/564/827 836/545/828
f 835/564/827 847/565/839 848/546/840
f 848/546/840 847/565/839 859/566/851
f 860/547/852 859/566/851 871/567/863
f 871/567/863 883/568/875 884/549/876
f 883/568/875 895/569/887 896/550/888
f 895/569/887 907/570/899 908/551/900
f 907/570/899 919/571/911 920/552/912
f 919/571/911 931/572/923 932/553/924
f 931/572/923 943/573/935 944/554/936
f 728/537/720 740/536/732 729/463/721
f 740/536/732 752/538/744 741/533/733
f 752/538/744 764/539/756 753/465/745
f 753/465/745 764/539/756 776/540/768
f 765/468/757 776/540/768 788/541/780
f 788/541/780 800/542/792 789/472/781
f 800/542/792 812/543/804 801/474/793
f 812/543/804 824/544/816 813/476/805
f 813/476/805 824/544/816 836/545/828
f 836/545/828 848/546/840 837/534/829
f 837/534/829 848/546/840 860/547/852
f 860/547/852 872/548/864 861/483/853
f 872/548/864 884/549/876 873/485/865
f 884/549/876 896/550/888 885/487/877
f 896/550/888 908/551/900 897/489/889
f 908/551/900 920/552/912 909/491/901
f 920/552/912 932/553/924 921/493/913
f 932/553/924 944/554/936 933/535/925
g A_OuterRing.001_A_OuterRingProfileData.001
v 0.865000 0.800000 0.000000
v 0.853612 0.800000 0.042500
v 0.822500 0.800000 0.073612
v 0.780000 0.800000 0.085000
v 0.737500 0.800000 0.073612
v 0.706388 0.800000 0.042500
v 0.695000 0.800000 0.000000
v 0.706388 0.800000 -0.042500
v 0.737500 0.800000 -0.073612
v 0.780000 0.800000 -0.085000
v 0.822500 0.800000 -0.073612
v 0.853612 0.800000 -0.042500
v 0.841387 1.000729 -0.000000
v 0.830311 0.998086 0.042500
v 0.800048 0.990867 0.073612
v 0.758708 0.981004 0.085000
v 0.717368 0.971142 0.073612
v 0.687105 0.963922 0.042500
v 0.676028 0.961279 -0.000000
v 0.687105 0.963922 -0.042500
v 0.717368 0.971142 -0.073612
v 0.758708 0.981004 -0.085000
v 0.800048 0.990867 -0.073612
v 0.830311 0.998086 -0.042500
v 0.771839 1.190499 -0.000000
v 0.761678 1.185358 0.042500
v 0.733916 1.171313 0.073612
v 0.695994 1.152126 0.085000
v 0.658071 1.132940 0.073612
v 0.630309 1.118895 0.042500
v 0.620148 1.113754 -0.000000
v 0.630309 1.118895 -0.042500
v 0.658071 1.132940 -0.073612
v 0.695994 1.152126 -0.085000
v 0.733916 1.171313 -0.073612
v 0.761678 1.185358 -0.042500
v 0.660152 1.358950 -0.000000
v 0.651461 1.351591 0.042500
v 0.627717 1.331487 0.073612
v 0.595281 1.304024 0.085000
v 0.562846 1.276561 0.073612
v 0.539102 1.256457 0.042500
v 0.530411 1.249098 -0.000000
v 0.539102 1.256457 -0.042500
v 0.562846 1.276561 -0.073612
v 0.595281 1.304024 -0.085000
v 0.627717 1.331487 -0.073612
v 0.651461 1.351591 -0.042500
v 0.512423 1.496884 -0.000000
v 0.505677 1.487710 0.042500
v 0.487246 1.462644 0.073612
v 0.462069 1.428404 0.085000
v 0.436893 1.394164 0.073612
v 0.418462 1.369099 0.042500
v 0.411716 1.359924 -0.000000
v 0.418462 1.369099 -0.042500
v 0.436893 1.394164 -0.073612
v 0.462069 1.428404 -0.085000
v 0.487246 1.462644 -0.073612
v 0.505677 1.487710 -0.042500
v 0.336719 1.596772 -0.000000
v 0.332286 1.586282 0.042500
v 0.320175 1.557624 0.073612
v 0.303631 1.518476 0.085000
v 0.287087 1.479329 0.073612
v 0.274976 1.450670 0.042500
v 0.270543 1.440181 -0.000000
v 0.274976 1.450670 -0.042500
v 0.287087 1.479329 -0.073612
v 0.303631 1.518476 -0.085000
v 0.320175 1.557624 -0.073612
v 0.332286 1.586282 -0.042500
v 0.142631 1.653160 -0.000000
v 0.140753 1.641928 0.042500
v 0.135623 1.611241 0.073612
v 0.128615 1.569323 0.085000
v 0.121607 1.527405 0.073612
v 0.116477 1.496719 0.042500
v 0.114599 1.485487 -0.000000
v 0.116477 1.496719 -0.042500
v 0.121607 1.527405 -0.073612
v 0.128615 1.569323 -0.085000
v 0.135623 1.611241 -0.073612
v 0.140753 1.641928 -0.042500
v -0.059244 1.662969 -0.000000
v -0.058464 1.651608 0.042500
v -0.056333 1.620569 0.073612
v -0.053422 1.578168 0.085000
v -0.050512 1.535768 0.073612
v -0.048381 1.504729 0.042500
v -0.047601 1.493368 -0.000000
v -0.048381 1.504729 -0.042500
v -0.050512 1.535768 -0.073612
v -0.053422 1.578168 -0.085000
v -0.056333 1.620569 -0.073612
v -0.058464 1.651608 -0.042500
v -0.257884 1.625664 -0.000000
v -0.254489 1.614794 0.042500
v -0.245214 1.585096 0.073612
v -0.232543 1.544529 0.085000
v -0.219873 1.503962 0.073612
v -0.210597 1.474265 0.042500
v -0.207202 1.463395 -0.000000
v -0.210597 1.474265 -0.042500
v -0.219873 1.503962 -0.073612
v -0.232543 1.544529 -0.085000
v -0.245214 1.585096 -0.073612
v -0.254489 1.614794 -0.042500
v -0.442446 1.543281 -0.000000
v -0.436621 1.533496 0.042500
v -0.420707 1.506762 0.073612
v -0.398968 1.470242 0.085000
v -0.377230 1.433722 0.073612
v -0.361316 1.406988 0.042500
v -0.355491 1.397203 -0.000000
v -0.361316 1.406988 -0.042500
v -0.377230 1.433722 -0.073612
v -0.398968 1.470242 -0.085000
v -0.420707 1.506762 -0.073612
v -0.436621 1.533496 -0.042500
v -0.602851 1.420319 -0.000000
v -0.594914 1.412152 0.042500
v -0.573231 1.389841 0.073612
v -0.543611 1.359363 0.085000
v -0.513992 1.328885 0.073612
v -0.492308 1.306573 0.042500
v -0.484372 1.298407 -0.000000
v -0.492308 1.306573 -0.042500
v -0.513992 1.328885 -0.073612
v -0.543611 1.359363 -0.085000
v -0.573231 1.389841 -0.073612
v -0.594914 1.412152 -0.042500
v -0.730344 1.263490 -0.000000
v -0.720729 1.257388 0.042500
v -0.694460 1.240717 0.073612
v -0.658576 1.217945 0.085000
v -0.622692 1.195172 0.073612
v -0.596423 1.178501 0.042500
v -0.586808 1.172400 -0.000000
v -0.596423 1.178501 -0.042500
v -0.622692 1.195172 -0.073612
v -0.658576 1.217945 -0.085000
v -0.694460 1.240717 -0.073612
v -0.720729 1.257388 -0.042500
v -0.817963 1.081357 -0.000000
v -0.807194 1.077653 0.042500
v -0.777774 1.067533 0.073612
v -0.737585 1.053709 0.085000
v -0.697396 1.039885 0.073612
v -0.667976 1.029765 0.042500
v -0.657207 1.026061 -0.000000
v -0.667976 1.029765 -0.042500
v -0.697396 1.039885 -0.073612
v -0.737585 1.053709 -0.085000
v -0.777774 1.067533 -0.073612
v -0.807194 1.077653 -0.042500
v -0.860925 0.883863 -0.000000
v -0.849591 0.882759 0.042500
v -0.818625 0.879742 0.073612
v -0.776326 0.875622 0.085000
v -0.734026 0.871502 0.073612
v -0.703060 0.868485 0.042500
v -0.691726 0.867381 -0.000000
v -0.703060 0.868485 -0.042500
v -0.734026 0.871502 -0.073612
v -0.776326 0.875622 -0.085000
v -0.818625 0.879742 -0.073612
v -0.849591 0.882759 -0.042500
v -0.856885 0.681790 0.000000
v -0.845604 0.683346 0.042500
v -0.814783 0.687598 0.073612
v -0.772682 0.693406 0.085000
v -0.730581 0.699214 0.073612
v -0.699761 0.703466 0.042500
v -0.688480 0.705022 0.000000
v -0.699761 0.703466 -0.042500
v -0.730581 0.699214 -0.073612
v -0.772682 0.693406 -0.085000
v -0.814783 0.687598 -0.073612
v -0.845604 0.683346 -0.042500
v -0.806062 0.486171 0.000000
v -0.795450 0.490303 0.042500
v -0.766458 0.501590 0.073612
v -0.726854 0.517010 0.085000
v -0.687250 0.532429 0.073612
v -0.658257 0.543717 0.042500
v -0.647645 0.547849 0.000000
v -0.658257 0.543717 -0.042500
v -0.687250 0.532429 -0.073612
v -0.726854 0.517010 -0.085000
v -0.766458 0.501590 -0.073612
v -0.795450 0.490303 -0.042500
v -0.711233 0.307686 0.000000
v -0.701869 0.314167 0.042500
v -0.676288 0.331875 0.073612
v -0.641343 0.356064 0.085000
v -0.606398 0.380252 0.073612
v -0.580816 0.397960 0.042500
v -0.571453 0.404441 0.000000
v -0.580816 0.397960 -0.042500
v -0.606398 0.380252 -0.073612
v -0.641343 0.356064 -0.085000
v -0.676288 0.331875 -0.073612
v -0.701869 0.314167 -0.042500
v -0.577573 0.156079 0.000000
v -0.569969 0.164556 0.042500
v -0.549195 0.187717 0.073612
v -0.520817 0.219354 0.085000
v -0.492439 0.250992 0.073612
v -0.471665 0.274152 0.042500
v -0.464061 0.282630 0.000000
v -0.471665 0.274152 -0.042500
v -0.492439 0.250992 -0.073612
v -0.520817 0.219354 -0.085000
v -0.549195 0.187717 -0.073612
v -0.569969 0.164556 -0.042500
v -0.412380 0.039627 0.000000
v -0.406951 0.049637 0.042500
v -0.392119 0.076986 0.073612
v -0.371857 0.114345 0.085000
v -0.351596 0.151705 0.073612
v -0.336763 0.179054 0.042500
v -0.331334 0.189064 0.000000
v -0.336763 0.179054 -0.042500
v -0.351596 0.151705 -0.073612
v -0.371857 0.114345 -0.085000
v -0.392119 0.076986 -0.073612
v -0.406951 0.049637 -0.042500
v -0.224674 -0.035312 0.000000
v -0.221716 -0.024315 0.042500
v -0.213635 0.005729 0.073612
v -0.202596 0.046770 0.085000
v -0.191557 0.087812 0.073612
v -0.183476 0.117856 0.042500
v -0.180518 0.128853 0.000000
v -0.183476 0.117856 -0.042500
v -0.191557 0.087812 -0.073612
v -0.202596 0.046770 -0.085000
v -0.213635 0.005729 -0.073612
v -0.221716 -0.024315 -0.042500
v -0.024701 -0.064647 0.000000
v -0.024376 -0.053264 0.042500
v -0.023487 -0.022165 0.073612
v -0.022274 0.020318 0.085000
v -0.021060 0.062801 0.073612
v -0.020171 0.093900 0.042500
v -0.019846 0.105283 0.000000
v -0.020171 0.093900 -0.042500
v -0.021060 0.062801 -0.073612
v -0.022274 0.020318 -0.085000
v -0.023487 -0.022165 -0.073612
v -0.024376 -0.053264 -0.042500
v 0.176621 -0.046776 0.000000
v 0.174295 -0.035628 0.042500
v 0.167943 -0.005172 0.073612
v 0.159265 0.036433 0.085000
v 0.150587 0.078038 0.073612
v 0.144234 0.108494 0.042500
v 0.141909 0.119642 0.000000
v 0.144234 0.108494 -0.042500
v 0.150587 0.078038 -0.073612
v 0.159265 0.036433 -0.085000
v 0.167943 -0.005172 -0.073612
v 0.174295 -0.035628 -0.042500
v 0.368299 0.017325 0.000000
v 0.363451 0.027629 0.042500
v 0.350204 0.055780 0.073612
v 0.332108 0.094235 0.085000
v 0.314012 0.132690 0.073612
v 0.300765 0.160841 0.042500
v 0.295917 0.171145 0.000000
v 0.300765 0.160841 -0.042500
v 0.314012 0.132690 -0.073612
v 0.332108 0.094235 -0.085000
v 0.350204 0.055780 -0.073612
v 0.363451 0.027629 -0.042500
vn 0.9932 0.1168 -0.0000
vn 0.8662 0.1019 0.4893
vn 0.5132 0.0604 0.8561
vn 0.0193 0.0023 0.9998
vn -0.4845 -0.0570 0.8729
vn -0.8567 -0.1008 0.5059
vn -0.9932 -0.1168 -0.0000
vn -0.8567 -0.1008 -0.5059
vn -0.4845 -0.0570 -0.8729
vn 0.0193 0.0023 -0.9998
vn 0.5132 0.0604 -0.8561
vn 0.8662 0.1019 -0.4893
vn 0.9727 0.2321 -0.0000
vn 0.8469 0.2020 0.4918
vn 0.5001 0.1193 0.8577
vn 0.0188 0.0045 0.9998
vn -0.4720 -0.1126 0.8744
vn -0.8375 -0.1998 0.5085
vn -0.9727 -0.2321 -0.0000
vn -0.8375 -0.1998 -0.5085
vn -0.4720 -0.1126 -0.8744
vn 0.0188 0.0045 -0.9998
vn 0.5001 0.1193 -0.8577
vn 0.8469 0.2020 -0.4918
vn 0.8923 0.4514 -0.0000
vn 0.7769 0.3931 0.4918
vn 0.4588 0.2321 0.8577
vn 0.0172 0.0087 0.9998
vn -0.4330 -0.2191 0.8744
vn -0.7683 -0.3887 0.5085
vn -0.8923 -0.4514 -0.0000
vn -0.7683 -0.3887 -0.5085
vn -0.4330 -0.2191 -0.8744
vn 0.0172 0.0087 -0.9998
vn 0.4588 0.2321 -0.8577
vn 0.7769 0.3931 -0.4918
vn 0.7632 0.6462 -0.0000
vn 0.6645 0.5626 0.4918
vn 0.3924 0.3323 0.8577
vn 0.0147 0.0125 0.9998
vn -0.3703 -0.3136 0.8744
vn -0.6571 -0.5564 0.5085
vn -0.7632 -0.6462 -0.0000
vn -0.6571 -0.5564 -0.5085
vn -0.3703 -0.3136 -0.8744
vn 0.0147 0.0125 -0.9998
vn 0.3924 0.3323 -0.8577
vn 0.6645 0.5626 -0.4918
vn 0.5924 0.8056 -0.0000
vn 0.5158 0.7015 0.4918
vn 0.3046 0.4142 0.8577
vn 0.0114 0.0155 0.9998
vn -0.2875 -0.3910 0.8744
vn -0.5101 -0.6937 0.5085
vn -0.5924 -0.8056 -0.0000
vn -0.5101 -0.6937 -0.5085
vn -0.2875 -0.3910 -0.8744
vn 0.0114 0.0155 -0.9998
vn 0.3046 0.4142 -0.8577
vn 0.5158 0.7015 -0.4918
vn 0.3893 0.9211 -0.0000
vn 0.3389 0.8020 0.4918
vn 0.2002 0.4736 0.8577
vn 0.0075 0.0178 0.9998
vn -0.1889 -0.4470 0.8744
vn -0.3352 -0.7931 0.5085
vn -0.3893 -0.9211 -0.0000
vn -0.3352 -0.7931 -0.5085
vn -0.1889 -0.4470 -0.8744
vn 0.0075 0.0178 -0.9998
vn 0.2002 0.4736 -0.8577
vn 0.3389 0.8020 -0.4918
vn 0.1649 0.9863 -0.0000
vn 0.1436 0.8588 0.4918
vn 0.0848 0.5071 0.8577
vn 0.0032 0.0190 0.9998
vn -0.0800 -0.4786 0.8744
vn -0.1420 -0.8493 0.5085
vn -0.1649 -0.9863 -0.0000
vn -0.1420 -0.8493 -0.5085
vn -0.0800 -0.4786 -0.8744
vn 0.0032 0.0190 -0.9998
vn 0.0848 0.5071 -0.8577
vn 0.1436 0.8588 -0.4918
vn -0.0685 0.9977 -0.0000
vn -0.0596 0.8686 0.4918
vn -0.0352 0.5130 0.8577
vn -0.0013 0.0192 0.9998
vn 0.0332 -0.4841 0.8744
vn 0.0590 -0.8590 0.5085
vn 0.0685 -0.9977 -0.0000
vn 0.0590 -0.8590 -0.5085
vn 0.0332 -0.4841 -0.8744
vn -0.0013 0.0192 -0.9998
vn -0.0352 0.5130 -0.8577
vn -0.0596 0.8686 -0.4918
vn -0.2981 0.9545 -0.0000
vn -0.2596 0.8311 0.4918
vn -0.1533 0.4908 0.8577
vn -0.0057 0.0184 0.9998
vn 0.1447 -0.4632 0.8744
vn 0.2567 -0.8219 0.5085
vn 0.2981 -0.9545 -0.0000
vn 0.2567 -0.8219 -0.5085
vn 0.1447 -0.4632 -0.8744
vn -0.0057 0.0184 -0.9998
vn -0.1533 0.4908 -0.8577
vn -0.2596 0.8311 -0.4918
vn -0.5115 0.8593 -0.0000
vn -0.4454 0.7482 0.4918
vn -0.2630 0.4418 0.8577
vn -0.0099 0.0166 0.9998
vn 0.2482 -0.4170 0.8744
vn 0.4404 -0.7399 0.5085
vn 0.5115 -0.8593 -0.0000
vn 0.4404 -0.7399 -0.5085
vn 0.2482 -0.4170 -0.8744
vn -0.0099 0.0166 -0.9998
vn -0.2630 0.4418 -0.8577
vn -0.4454 0.7482 -0.4918
vn -0.6969 0.7171 -0.0000
vn -0.6068 0.6244 0.4918
vn -0.3584 0.3687 0.8577
vn -0.0134 0.0138 0.9998
vn 0.3382 -0.3480 0.8744
vn 0.6001 -0.6175 0.5085
vn 0.6969 -0.7171 -0.0000
vn 0.6001 -0.6175 -0.5085
vn 0.3382 -0.3480 -0.8744
vn -0.0134 0.0138 -0.9998
vn -0.3584 0.3687 -0.8577
vn -0.6068 0.6244 -0.4918
vn -0.8443 0.5358 -0.0000
vn -0.7351 0.4665 0.4918
vn -0.4341 0.2755 0.8577
vn -0.0163 0.0103 0.9998
vn 0.4097 -0.2600 0.8744
vn 0.7270 -0.4614 0.5085
vn 0.8443 -0.5358 -0.0000
vn 0.7270 -0.4614 -0.5085
vn 0.4097 -0.2600 -0.8744
vn -0.0163 0.0103 -0.9998
vn -0.4341 0.2755 -0.8577
vn -0.7351 0.4665 -0.4918
vn -0.9456 0.3253 -0.0000
vn -0.8233 0.2832 0.4918
vn -0.4862 0.1672 0.8577
vn -0.0182 0.0063 0.9998
vn 0.4589 -0.1578 0.8744
vn 0.8142 -0.2801 0.5085
vn 0.9456 -0.3253 -0.0000
vn 0.8142 -0.2801 -0.5085
vn 0.4589 -0.1578 -0.8744
vn -0.0182 0.0063 -0.9998
vn -0.4862 0.1672 -0.8577
vn -0.8233 0.2832 -0.4918
vn -0.9953 0.0970 -0.0000
vn -0.8666 0.0844 0.4918
vn -0.5118 0.0499 0.8577
vn -0.0192 0.0019 0.9998
vn 0.4830 -0.0470 0.8744
vn 0.8570 -0.0835 0.5085
vn 0.9953 -0.0970 -0.0000
vn 0.8570 -0.0835 -0.5085
vn 0.4830 -0.0470 -0.8744
vn -0.0192 0.0019 -0.9998
vn -0.5118 0.0499 -0.8577
vn -0.8666 0.0844 -0.4918
vn -0.9906 -0.1367 -0.0000
vn -0.8625 -0.1190 0.4918
vn -0.5094 -0.0703 0.8577
vn -0.0191 -0.0026 0.9998
vn 0.4807 0.0663 0.8744
vn 0.8530 0.1177 0.5085
vn 0.9906 0.1367 -0.0000
vn 0.8530 0.1177 -0.5085
vn 0.4807 0.0663 -0.8744
vn -0.0191 -0.0026 -0.9998
vn -0.5094 -0.0703 -0.8577
vn -0.8625 -0.1190 -0.4918
vn -0.9319 -0.3628 -0.0000
vn -0.8114 -0.3159 0.4918
vn -0.4791 -0.1865 0.8577
vn -0.0180 -0.0070 0.9998
vn 0.4522 0.1761 0.8744
vn 0.8024 0.3124 0.5085
vn 0.9319 0.3628 -0.0000
vn 0.8024 0.3124 -0.5085
vn 0.4522 0.1761 -0.8744
vn -0.0180 -0.0070 -0.9998
vn -0.4791 -0.1865 -0.8577
vn -0.8114 -0.3159 -0.4918
vn -0.8222 -0.5691 -0.0000
vn -0.7159 -0.4955 0.4918
vn -0.4228 -0.2926 0.8577
vn -0.0159 -0.0110 0.9998
vn 0.3990 0.2762 0.8744
vn 0.7080 0.4901 0.5085
vn 0.8222 0.5691 -0.0000
vn 0.7080 0.4901 -0.5085
vn 0.3990 0.2762 -0.8744
vn -0.0159 -0.0110 -0.9998
vn -0.4228 -0.2926 -0.8577
vn -0.7159 -0.4955 -0.4918
vn -0.6677 -0.7444 -0.0000
vn -0.5814 -0.6482 0.4918
vn -0.3433 -0.3828 0.8577
vn -0.0129 -0.0144 0.9998
vn 0.3240 0.3612 0.8744
vn 0.5749 0.6410 0.5085
vn 0.6677 0.7444 -0.0000
vn 0.5749 0.6410 -0.5085
vn 0.3240 0.3612 -0.8744
vn -0.0129 -0.0144 -0.9998
vn -0.3433 -0.3828 -0.8577
vn -0.5814 -0.6482 -0.4918
vn -0.4767 -0.8790 -0.0000
vn -0.4151 -0.7654 0.4918
vn -0.2451 -0.4520 0.8577
vn -0.0092 -0.0169 0.9998
vn 0.2313 0.4266 0.8744
vn 0.4105 0.7569 0.5085
vn 0.4767 0.8790 -0.0000
vn 0.4105 0.7569 -0.5085
vn 0.2313 0.4266 -0.8744
vn -0.0092 -0.0169 -0.9998
vn -0.2451 -0.4520 -0.8577
vn -0.4151 -0.7654 -0.4918
vn -0.2597 -0.9657 -0.0000
vn -0.2261 -0.8408 0.4918
vn -0.1336 -0.4965 0.8577
vn -0.0050 -0.0186 0.9998
vn 0.1260 0.4686 0.8744
vn 0.2236 0.8315 0.5085
vn 0.2597 0.9657 -0.0000
vn 0.2236 0.8315 -0.5085
vn 0.1260 0.4686 -0.8744
vn -0.0050 -0.0186 -0.9998
vn -0.1336 -0.4965 -0.8577
vn -0.2261 -0.8408 -0.4918
vn -0.0286 -0.9996 -0.0000
vn -0.0249 -0.8703 0.4918
vn -0.0147 -0.5140 0.8577
vn -0.0006 -0.0193 0.9998
vn 0.0139 0.4851 0.8744
vn 0.0246 0.8607 0.5085
vn 0.0286 0.9996 -0.0000
vn 0.0246 0.8607 -0.5085
vn 0.0139 0.4851 -0.8744
vn -0.0006 -0.0193 -0.9998
vn -0.0147 -0.5140 -0.8577
vn -0.0249 -0.8703 -0.4918
vn 0.2042 -0.9789 -0.0000
vn 0.1778 -0.8523 0.4918
vn 0.1050 -0.5033 0.8577
vn 0.0039 -0.0189 0.9998
vn -0.0991 0.4750 0.8744
vn -0.1758 0.8429 0.5085
vn -0.2042 0.9789 -0.0000
vn -0.1758 0.8429 -0.5085
vn -0.0991 0.4750 -0.8744
vn 0.0039 -0.0189 -0.9998
vn 0.1050 -0.5033 -0.8577
vn 0.1778 -0.8523 -0.4918
vn 0.3172 -0.9484 -0.0000
vn 0.2766 -0.8271 0.4893
vn 0.1639 -0.4901 0.8561
vn 0.0062 -0.0184 0.9998
vn -0.1547 0.4626 0.8729
vn -0.2736 0.8180 0.5059
vn -0.3172 0.9484 -0.0000
vn -0.2736 0.8180 -0.5059
vn -0.1547 0.4626 -0.8729
vn 0.0062 -0.0184 -0.9998
vn 0.1639 -0.4901 -0.8561
vn 0.2766 -0.8271 -0.4893
vt 0.000000 0.750000
vt 0.000000 0.500000
vt 0.045455 0.500000
vt 0.045455 0.750000
vt 0.090909 0.500000
vt 0.090909 0.750000
vt 0.136364 0.500000
vt 0.136364 0.750000
vt 0.181818 0.500000
vt 0.181818 0.750000
vt 0.227273 0.500000
vt 0.227273 0.750000
vt 0.272727 0.500000
vt 0.272727 0.750000
vt 0.318182 0.500000
vt 0.318182 0.750000
vt 0.363636 0.500000
vt 0.363636 0.750000
vt 0.409091 0.500000
vt 0.409091 0.750000
vt 0.454545 0.500000
vt 0.454545 0.750000
vt 0.500000 0.500000
vt 0.500000 0.750000
vt 0.545455 0.500000
vt 0.545455 0.750000
vt 0.590909 0.500000
vt 0.590909 0.750000
vt 0.636364 0.500000
vt 0.636364 0.750000
vt 0.681818 0.500000
vt 0.681818 0.750000
vt 0.727273 0.500000
vt 0.727273 0.750000
vt 0.772727 0.500000
vt 0.772727 0.750000
vt 0.818182 0.500000
vt 0.818182 0.750000
vt 0.863636 0.500000
vt 0.863636 0.750000
vt 0.909091 0.500000
vt 0.909091 0.750000
vt 0.954545 0.500000
vt 0.954545 0.750000
vt 1.000000 0.500000
vt 1.000000 0.750000
vt 0.000000 0.933013
vt 0.045455 0.933013
vt 0.090909 0.933013
vt 0.136364 0.933013
vt 0.181818 0.933013
vt 0.227273 0.933013
vt 0.272727 0.933013
vt 0.318182 0.933013
vt 0.363636 0.933013
vt 0.409091 0.933013
vt 0.454545 0.933013
vt 0.500000 0.933013
vt 0.545455 0.933013
vt 0.590909 0.933013
vt 0.636364 0.933013
vt 0.681818 0.933013
vt 0.727273 0.933013
vt 0.772727 0.933013
vt 0.818182 0.933013
vt 0.863636 0.933013
vt 0.909091 0.933013
vt 0.954545 0.933013
vt 1.000000 0.933013
vt 0.000000 1.000000
vt 0.045455 1.000000
vt 0.090909 1.000000
vt 0.136364 1.000000
vt 0.181818 1.000000
vt 0.227273 1.000000
vt 0.272727 1.000000
vt 0.318182 1.000000
vt 0.363636 1.000000
vt 0.409091 1.000000
vt 0.454545 1.000000
vt 0.500000 1.000000
vt 0.545455 1.000000
vt 0.590909 1.000000
vt 0.636364 1.000000
vt 0.681818 1.000000
vt 0.727273 1.000000
vt 0.772727 1.000000
vt 0.818182 1.000000
vt 0.863636 1.000000
vt 0.909091 1.000000
vt 0.954545 1.000000
vt 1.000000 1.000000
vt 0.000000 0.250000
vt 0.045455 0.250000
vt 0.090909 0.250000
vt 0.136364 0.250000
vt 0.181818 0.250000
vt 0.227273 0.250000
vt 0.272727 0.250000
vt 0.318182 0.250000
vt 0.363636 0.250000
vt 0.409091 0.250000
vt 0.454545 0.250000
vt 0.500000 0.250000
vt 0.545455 0.250000
vt 0.590909 0.250000
vt 0.636364 0.250000
vt 0.681818 0.250000
vt 0.727273 0.250000
vt 0.772727 0.250000
vt 0.818182 0.250000
vt 0.863636 0.250000
vt 0.909091 0.250000
vt 0.954545 0.250000
vt 1.000000 0.250000
vt 0.000000 0.066987
vt 0.045455 0.066987
vt 0.090909 0.066987
vt 0.136364 0.066987
vt 0.181818 0.066987
vt 0.227273 0.066987
vt 0.272727 0.066987
vt 0.318182 0.066987
vt 0.363636 0.066987
vt 0.409091 0.066987
vt 0.454545 0.066987
vt 0.500000 0.066987
vt 0.545455 0.066987
vt 0.590909 0.066987
vt 0.636364 0.066987
vt 0.681818 0.066987
vt 0.727273 0.066987
vt 0.772727 0.066987
vt 0.818182 0.066987
vt 0.863636 0.066987
vt 0.909091 0.066987
vt 0.954545 0.066987
vt 1.000000 0.066987
vt 0.000000 0.000000
vt 0.045455 0.000000
vt 0.090909 0.000000
vt 0.136364 0.000000
vt 0.181818 0.000000
vt 0.227273 0.000000
vt 0.272727 0.000000
vt 0.318182 0.000000
vt 0.363636 0.000000
vt 0.409091 0.000000
vt 0.454545 0.000000
vt 0.500000 0.000000
vt 0.545455 0.000000
vt 0.590909 0.000000
vt 0.636364 0.000000
vt 0.681818 0.000000
vt 0.727273 0.000000
vt 0.772727 0.000000
vt 0.818182 0.000000
vt 0.863636 0.000000
vt 0.909091 0.000000
vt 0.954545 0.000000
vt 1.000000 0.000000
s 1
g A_OuterRing.001_ritual_gold
usemtl ritual_gold
f 946/593/938 945/594/937 957/595/949 958/596/950
f 958/596/950 957/595/949 969/597/961 970/598/962
f 970/598/962 969/597/961 981/599/973 982/600/974
f 982/600/974 981/599/973 993/601/985 994/602/986
f 994/602/986 993/601/985 1005/603/997 1006/604/998
f 1006/604/998 1005/603/997 1017/605/1009 1018/606/1010
f 1018/606/1010 1017/605/1009 1029/607/1021 1030/608/1022
f 1030/608/1022 1029/607/1021 1041/609/1033 1042/610/1034
f 1042/610/1034 1041/609/1033 1053/611/1045 1054/612/1046
f 1054/612/1046 1053/611/1045 1065/613/1057 1066/614/1058
f 1066/614/1058 1065/613/1057 1077/615/1069 1078/616/1070
f 1078/616/1070 1077/615/1069 1089/617/1081 1090/618/1082
f 1090/618/1082 1089/617/1081 1101/619/1093 1102/620/1094
f 1102/620/1094 1101/619/1093 1113/621/1105 1114/622/1106
f 1114/622/1106 1113/621/1105 1125/623/1117 1126/624/1118
f 1126/624/1118 1125/623/1117 1137/625/1129 1138/626/1130
f 1138/626/1130 1137/625/1129 1149/627/1141 1150/628/1142
f 1150/628/1142 1149/627/1141 1161/629/1153 1162/630/1154
f 1162/630/1154 1161/629/1153 1173/631/1165 1174/632/1166
f 1174/632/1166 1173/631/1165 1185/633/1177 1186/634/1178
f 1186/634/1178 1185/633/1177 1197/635/1189 1198/636/1190
f 1198/636/1190 1197/635/1189 1209/637/1201 1210/638/1202
f 947/639/939 946/593/938 958/596/950 959/640/951
f 959/640/951 958/596/950 970/598/962 971/641/963
f 971/641/963 970/598/962 982/600/974 983/642/975
f 983/642/975 982/600/974 994/602/986 995/643/987
f 995/643/987 994/602/986 1006/604/998 1007/644/999
f 1007/644/999 1006/604/998 1018/606/1010 1019/645/1011
f 1019/645/1011 1018/606/1010 1030/608/1022 1031/646/1023
f 1031/646/1023 1030/608/1022 1042/610/1034 1043/647/1035
f 1043/647/1035 1042/610/1034 1054/612/1046 1055/648/1047
f 1055/648/1047 1054/612/1046 1066/614/1058 1067/649/1059
f 1067/649/1059 1066/614/1058 1078/616/1070 1079/650/1071
f 1079/650/1071 1078/616/1070 1090/618/1082 1091/651/1083
f 1091/651/1083 1090/618/1082 1102/620/1094 1103/652/1095
f 1103/652/1095 1102/620/1094 1114/622/1106 1115/653/1107
f 1115/653/1107 1114/622/1106 1126/624/1118 1127/654/1119
f 1127/654/1119 1126/624/1118 1138/626/1130 1139/655/1131
f 1139/655/1131 1138/626/1130 1150/628/1142 1151/656/1143
f 1151/656/1143 1150/628/1142 1162/630/1154 1163/657/1155
f 1163/657/1155 1162/630/1154 1174/632/1166 1175/658/1167
f 1175/658/1167 1174/632/1166 1186/634/1178 1187/659/1179
f 1187/659/1179 1186/634/1178 1198/636/1190 1199/660/1191
f 1199/660/1191 1198/636/1190 1210/638/1202 1211/661/1203
f 948/662/940 947/639/939 959/640/951 960/663/952
f 960/663/952 959/640/951 971/641/963 972/664/964
f 972/664/964 971/641/963 983/642/975 984/665/976
f 984/665/976 983/642/975 995/643/987 996/666/988
f 996/666/988 995/643/987 1007/644/999 1008/667/1000
f 1008/667/1000 1007/644/999 1019/645/1011 1020/668/1012
f 1020/668/1012 1019/645/1011 1031/646/1023 1032/669/1024
f 1032/669/1024 1031/646/1023 1043/647/1035 1044/670/1036
f 1044/670/1036 1043/647/1035 1055/648/1047 1056/671/1048
f 1056/671/1048 1055/648/1047 1067/649/1059 1068/672/1060
f 1068/672/1060 1067/649/1059 1079/650/1071 1080/673/1072
f 1080/673/1072 1079/650/1071 1091/651/1083 1092/674/1084
f 1092/674/1084 1091/651/1083 1103/652/1095 1104/675/1096
f 1104/675/1096 1103/652/1095 1115/653/1107 1116/676/1108
f 1116/676/1108 1115/653/1107 1127/654/1119 1128/677/1120
f 1128/677/1120 1127/654/1119 1139/655/1131 1140/678/1132
f 1140/678/1132 1139/655/1131 1151/656/1143 1152/679/1144
f 1152/679/1144 1151/656/1143 1163/657/1155 1164/680/1156
f 1164/680/1156 1163/657/1155 1175/658/1167 1176/681/1168
f 1176/681/1168 1175/658/1167 1187/659/1179 1188/682/1180
f 1188/682/1180 1187/659/1179 1199/660/1191 1200/683/1192
f 1200/683/1192 1199/660/1191 1211/661/1203 1212/684/1204
f 949/639/941 948/662/940 960/663/952 961/640/953
f 961/640/953 960/663/952 972/664/964 973/641/965
f 973/641/965 972/664/964 984/665/976 985/642/977
f 985/642/977 984/665/976 996/666/988 997/643/989
f 997/643/989 996/666/988 1008/667/1000 1009/644/1001
f 1009/644/1001 1008/667/1000 1020/668/1012 1021/645/1013
f 1021/645/1013 1020/668/1012 1032/669/1024 1033/646/1025
f 1033/646/1025 1032/669/1024 1044/670/1036 1045/647/1037
f 1045/647/1037 1044/670/1036 1056/671/1048 1057/648/1049
f 1057/648/1049 1056/671/1048 1068/672/1060 1069/649/1061
f 1069/649/1061 1068/672/1060 1080/673/1072 1081/650/1073
f 1081/650/1073 1080/673/1072 1092/674/1084 1093/651/1085
f 1093/651/1085 1092/674/1084 1104/675/1096 1105/652/1097
f 1105/652/1097 1104/675/1096 1116/676/1108 1117/653/1109
f 1117/653/1109 1116/676/1108 1128/677/1120 1129/654/1121
f 1129/654/1121 1128/677/1120 1140/678/1132 1141/655/1133
f 1141/655/1133 1140/678/1132 1152/679/1144 1153/656/1145
f 1153/656/1145 1152/679/1144 1164/680/1156 1165/657/1157
f 1165/657/1157 1164/680/1156 1176/681/1168 1177/658/1169
f 1177/658/1169 1176/681/1168 1188/682/1180 1189/659/1181
f 1189/659/1181 1188/682/1180 1200/683/1192 1201/660/1193
f 1201/660/1193 1200/683/1192 1212/684/1204 1213/661/1205
f 950/593/942 949/639/941 961/640/953 962/596/954
f 962/596/954 961/640/953 973/641/965 974/598/966
f 974/598/966 973/641/965 985/642/977 986/600/978
f 986/600/978 985/642/977 997/643/989 998/602/990
f 998/602/990 997/643/989 1009/644/1001 1010/604/1002
f 1010/604/1002 1009/644/1001 1021/645/1013 1022/606/1014
f 1022/606/1014 1021/645/1013 1033/646/1025 1034/608/1026
f 1034/608/1026 1033/646/1025 1045/647/1037 1046/610/1038
f 1046/610/1038 1045/647/1037 1057/648/1049 1058/612/1050
f 1058/612/1050 1057/648/1049 1069/649/1061 1070/614/1062
f 1070/614/1062 1069/649/1061 1081/650/1073 1082/616/1074
f 1082/616/1074 1081/650/1073 1093/651/1085 1094/618/1086
f 1094/618/1086 1093/651/1085 1105/652/1097 1106/620/1098
f 1106/620/1098 1105/652/1097 1117/653/1109 1118/622/1110
f 1118/622/1110 1117/653/1109 1129/654/1121 1130/624/1122
f 1130/624/1122 1129/654/1121 1141/655/1133 1142/626/1134
f 1142/626/1134 1141/655/1133 1153/656/1145 1154/628/1146
f 1154/628/1146 1153/656/1145 1165/657/1157 1166/630/1158
f 1166/630/1158 1165/657/1157 1177/658/1169 1178/632/1170
f 1178/632/1170 1177/658/1169 1189/659/1181 1190/634/1182
f 1190/634/1182 1189/659/1181 1201/660/1193 1202/636/1194
f 1202/636/1194 1201/660/1193 1213/661/1205 1214/638/1206
f 951/594/943 950/593/942 962/596/954 963/595/955
f 963/595/955 962/596/954 974/598/966 975/597/967
f 975/597/967 974/598/966 986/600/978 987/599/979
f 987/599/979 986/600/978 998/602/990 999/601/991
f 999/601/991 998/602/990 1010/604/1002 1011/603/1003
f 1011/603/1003 1010/604/1002 1022/606/1014 1023/605/1015
f 1023/605/1015 1022/606/1014 1034/608/1026 1035/607/1027
f 1035/607/1027 1034/608/1026 1046/610/1038 1047/609/1039
f 1047/609/1039 1046/610/1038 1058/612/1050 1059/611/1051
f 1059/611/1051 1058/612/1050 1070/614/1062 1071/613/1063
f 1071/613/1063 1070/614/1062 1082/616/1074 1083/615/1075
f 1083/615/1075 1082/616/1074 1094/618/1086 1095/617/1087
f 1095/617/1087 1094/618/1086 1106/620/1098 1107/619/1099
f 1107/619/1099 1106/620/1098 1118/622/1110 1119/621/1111
f 1119/621/1111 1118/622/1110 1130/624/1122 1131/623/1123
f 1131/623/1123 1130/624/1122 1142/626/1134 1143/625/1135
f 1143/625/1135 1142/626/1134 1154/628/1146 1155/627/1147
f 1155/627/1147 1154/628/1146 1166/630/1158 1167/629/1159
f 1167/629/1159 1166/630/1158 1178/632/1170 1179/631/1171
f 1179/631/1171 1178/632/1170 1190/634/1182 1191/633/1183
f 1191/633/1183 1190/634/1182 1202/636/1194 1203/635/1195
f 1203/635/1195 1202/636/1194 1214/638/1206 1215/637/1207
f 952/685/944 951/594/943 963/595/955 964/686/956
f 964/686/956 963/595/955 975/597/967 976/687/968
f 976/687/968 975/597/967 987/599/979 988/688/980
f 988/688/980 987/599/979 999/601/991 1000/689/992
f 1000/689/992 999/601/991 1011/603/1003 1012/690/1004
f 1012/690/1004 1011/603/1003 1023/605/1015 1024/691/1016
f 1024/691/1016 1023/605/1015 1035/607/1027 1036/692/1028
f 1036/692/1028 1035/607/1027 1047/609/1039 1048/693/1040
f 1048/693/1040 1047/609/1039 1059/611/1051 1060/694/1052
f 1060/694/1052 1059/611/1051 1071/613/1063 1072/695/1064
f 1072/695/1064 1071/613/1063 1083/615/1075 1084/696/1076
f 1084/696/1076 1083/615/1075 1095/617/1087 1096/697/1088
f 1096/697/1088 1095/617/1087 1107/619/1099 1108/698/1100
f 1108/698/1100 1107/619/1099 1119/621/1111 1120/699/1112
f 1120/699/1112 1119/621/1111 1131/623/1123 1132/700/1124
f 1132/700/1124 1131/623/1123 1143/625/1135 1144/701/1136
f 1144/701/1136 1143/625/1135 1155/627/1147 1156/702/1148
f 1156/702/1148 1155/627/1147 1167/629/1159 1168/703/1160
f 1168/703/1160 1167/629/1159 1179/631/1171 1180/704/1172
f 1180/704/1172 1179/631/1171 1191/633/1183 1192/705/1184
f 1192/705/1184 1191/633/1183 1203/635/1195 1204/706/1196
f 1204/706/1196 1203/635/1195 1215/637/1207 1216/707/1208
f 953/708/945 952/685/944 964/686/956 965/709/957
f 965/709/957 964/686/956 976/687/968 977/710/969
f 977/710/969 976/687/968 988/688/980 989/711/981
f 989/711/981 988/688/980 1000/689/992 1001/712/993
f 1001/712/993 1000/689/992 1012/690/1004 1013/713/1005
f 1013/713/1005 1012/690/1004 1024/691/1016 1025/714/1017
f 1025/714/1017 1024/691/1016 1036/692/1028 1037/715/1029
f 1037/715/1029 1036/692/1028 1048/693/1040 1049/716/1041
f 1049/716/1041 1048/693/1040 1060/694/1052 1061/717/1053
f 1061/717/1053 1060/694/1052 1072/695/1064 1073/718/1065
f 1073/718/1065 1072/695/1064 1084/696/1076 1085/719/1077
f 1085/719/1077 1084/696/1076 1096/697/1088 1097/720/1089
f 1097/720/1089 1096/697/1088 1108/698/1100 1109/721/1101
f 1109/721/1101 1108/698/1100 1120/699/1112 1121/722/1113
f 1121/722/1113 1120/699/1112 1132/700/1124 1133/723/1125
f 1133/723/1125 1132/700/1124 1144/701/1136 1145/724/1137
f 1145/724/1137 1144/701/1136 1156/702/1148 1157/725/1149
f 1157/725/1149 1156/702/1148 1168/703/1160 1169/726/1161
f 1169/726/1161 1168/703/1160 1180/704/1172 1181/727/1173
f 1181/727/1173 1180/704/1172 1192/705/1184 1193/728/1185
f 1193/728/1185 1192/705/1184 1204/706/1196 1205/729/1197
f 1205/729/1197 1204/706/1196 1216/707/1208 1217/730/1209
f 954/731/946 953/708/945 965/709/957 966/732/958
f 966/732/958 965/709/957 977/710/969 978/733/970
f 978/733/970 977/710/969 989/711/981 990/734/982
f 990/734/982 989/711/981 1001/712/993 1002/735/994
f 1002/735/994 1001/712/993 1013/713/1005 1014/736/1006
f 1014/736/1006 1013/713/1005 1025/714/1017 1026/737/1018
f 1026/737/1018 1025/714/1017 1037/715/1029 1038/738/1030
f 1038/738/1030 1037/715/1029 1049/716/1041 1050/739/1042
f 1050/739/1042 1049/716/1041 1061/717/1053 1062/740/1054
f 1062/740/1054 1061/717/1053 1073/718/1065 1074/741/1066
f 1074/741/1066 1073/718/1065 1085/719/1077 1086/742/1078
f 1086/742/1078 1085/719/1077 1097/720/1089 1098/743/1090
f 1098/743/1090 1097/720/1089 1109/721/1101 1110/744/1102
f 1110/744/1102 1109/721/1101 1121/722/1113 1122/745/1114
f 1122/745/1114 1121/722/1113 1133/723/1125 1134/746/1126
f 1134/746/1126 1133/723/1125 1145/724/1137 1146/747/1138
f 1146/747/1138 1145/724/1137 1157/725/1149 1158/748/1150
f 1158/748/1150 1157/725/1149 1169/726/1161 1170/749/1162
f 1170/749/1162 1169/726/1161 1181/727/1173 1182/750/1174
f 1182/750/1174 1181/727/1173 1193/728/1185 1194/751/1186
f 1194/751/1186 1193/728/1185 1205/729/1197 1206/752/1198
f 1206/752/1198 1205/729/1197 1217/730/1209 1218/753/1210
f 955/708/947 954/731/946 966/732/958 967/709/959
f 967/709/959 966/732/958 978/733/970 979/710/971
f 979/710/971 978/733/970 990/734/982 991/711/983
f 991/711/983 990/734/982 1002/735/994 1003/712/995
f 1003/712/995 1002/735/994 1014/736/1006 1015/713/1007
f 1015/713/1007 1014/736/1006 1026/737/1018 1027/714/1019
f 1027/714/1019 1026/737/1018 1038/738/1030 1039/715/1031
f 1039/715/1031 1038/738/1030 1050/739/1042 1051/716/1043
f 1051/716/1043 1050/739/1042 1062/740/1054 1063/717/1055
f 1063/717/1055 1062/740/1054 1074/741/1066 1075/718/1067
f 1075/718/1067 1074/741/1066 1086/742/1078 1087/719/1079
f 1087/719/1079 1086/742/1078 1098/743/1090 1099/720/1091
f 1099/720/1091 1098/743/1090 1110/744/1102 1111/721/1103
f 1111/721/1103 1110/744/1102 1122/745/1114 1123/722/1115
f 1123/722/1115 1122/745/1114 1134/746/1126 1135/723/1127
f 1135/723/1127 1134/746/1126 1146/747/1138 1147/724/1139
f 1147/724/1139 1146/747/1138 1158/748/1150 1159/725/1151
f 1159/725/1151 1158/748/1150 1170/749/1162 1171/726/1163
f 1171/726/1163 1170/749/1162 1182/750/1174 1183/727/1175
f 1183/727/1175 1182/750/1174 1194/751/1186 1195/728/1187
f 1195/728/1187 1194/751/1186 1206/752/1198 1207/729/1199
f 1207/729/1199 1206/752/1198 1218/753/1210 1219/730/1211
f 956/685/948 955/708/947 967/709/959 968/686/960
f 968/686/960 967/709/959 979/710/971 980/687/972
f 980/687/972 979/710/971 991/711/983 992/688/984
f 992/688/984 991/711/983 1003/712/995 1004/689/996
f 1004/689/996 1003/712/995 1015/713/1007 1016/690/1008
f 1016/690/1008 1015/713/1007 1027/714/1019 1028/691/1020
f 1028/691/1020 1027/714/1019 1039/715/1031 1040/692/1032
f 1040/692/1032 1039/715/1031 1051/716/1043 1052/693/1044
f 1052/693/1044 1051/716/1043 1063/717/1055 1064/694/1056
f 1064/694/1056 1063/717/1055 1075/718/1067 1076/695/1068
f 1076/695/1068 1075/718/1067 1087/719/1079 1088/696/1080
f 1088/696/1080 1087/719/1079 1099/720/1091 1100/697/1092
f 1100/697/1092 1099/720/1091 1111/721/1103 1112/698/1104
f 1112/698/1104 1111/721/1103 1123/722/1115 1124/699/1116
f 1124/699/1116 1123/722/1115 1135/723/1127 1136/700/1128
f 1136/700/1128 1135/723/1127 1147/724/1139 1148/701/1140
f 1148/701/1140 1147/724/1139 1159/725/1151 1160/702/1152
f 1160/702/1152 1159/725/1151 1171/726/1163 1172/703/1164
f 1172/703/1164 1171/726/1163 1183/727/1175 1184/704/1176
f 1184/704/1176 1183/727/1175 1195/728/1187 1196/705/1188
f 1196/705/1188 1195/728/1187 1207/729/1199 1208/706/1200
f 1208/706/1200 1207/729/1199 1219/730/1211 1220/707/1212
f 945/594/937 956/685/948 968/686/960 957/595/949
f 957/595/949 968/686/960 980/687/972 969/597/961
f 969/597/961 980/687/972 992/688/984 981/599/973
f 981/599/973 992/688/984 1004/689/996 993/601/985
f 993/601/985 1004/689/996 1016/690/1008 1005/603/997
f 1005/603/997 1016/690/1008 1028/691/1020 1017/605/1009
f 1017/605/1009 1028/691/1020 1040/692/1032 1029/607/1021
f 1029/607/1021 1040/692/1032 1052/693/1044 1041/609/1033
f 1041/609/1033 1052/693/1044 1064/694/1056 1053/611/1045
f 1053/611/1045 1064/694/1056 1076/695/1068 1065/613/1057
f 1065/613/1057 1076/695/1068 1088/696/1080 1077/615/1069
f 1077/615/1069 1088/696/1080 1100/697/1092 1089/617/1081
f 1089/617/1081 1100/697/1092 1112/698/1104 1101/619/1093
f 1101/619/1093 1112/698/1104 1124/699/1116 1113/621/1105
f 1113/621/1105 1124/699/1116 1136/700/1128 1125/623/1117
f 1125/623/1117 1136/700/1128 1148/701/1140 1137/625/1129
f 1137/625/1129 1148/701/1140 1160/702/1152 1149/627/1141
f 1149/627/1141 1160/702/1152 1172/703/1164 1161/629/1153
f 1161/629/1153 1172/703/1164 1184/704/1176 1173/631/1165
f 1173/631/1165 1184/704/1176 1196/705/1188 1185/633/1177
f 1185/633/1177 1196/705/1188 1208/706/1200 1197/635/1189
f 1197/635/1189 1208/706/1200 1220/707/1212 1209/637/1201
g A_OuterRing.001_Mesh
v 0.865000 0.800000 0.000000
v 0.853612 0.800000 0.042500
v 0.822500 0.800000 0.073612
v 0.780000 0.800000 0.085000
v 0.737500 0.800000 0.073612
v 0.706388 0.800000 0.042500
v 0.695000 0.800000 0.000000
v 0.706388 0.800000 -0.042500
v 0.737500 0.800000 -0.073612
v 0.780000 0.800000 -0.085000
v 0.822500 0.800000 -0.073612
v 0.853612 0.800000 -0.042500
v 0.841387 1.000729 -0.000000
v 0.830311 0.998086 0.042500
v 0.800048 0.990867 0.073612
v 0.758708 0.981004 0.085000
v 0.717368 0.971142 0.073612
v 0.687105 0.963922 0.042500
v 0.676028 0.961279 -0.000000
v 0.687105 0.963922 -0.042500
v 0.717368 0.971142 -0.073612
v 0.758708 0.981004 -0.085000
v 0.800048 0.990867 -0.073612
v 0.830311 0.998086 -0.042500
v 0.771839 1.190499 -0.000000
v 0.761678 1.185358 0.042500
v 0.733916 1.171313 0.073612
v 0.695994 1.152126 0.085000
v 0.658071 1.132940 0.073612
v 0.630309 1.118895 0.042500
v 0.620148 1.113754 -0.000000
v 0.630309 1.118895 -0.042500
v 0.658071 1.132940 -0.073612
v 0.695994 1.152126 -0.085000
v 0.733916 1.171313 -0.073612
v 0.761678 1.185358 -0.042500
v 0.660152 1.358950 -0.000000
v 0.651461 1.351591 0.042500
v 0.627717 1.331487 0.073612
v 0.595281 1.304024 0.085000
v 0.562846 1.276561 0.073612
v 0.539102 1.256457 0.042500
v 0.530411 1.249098 -0.000000
v 0.539102 1.256457 -0.042500
v 0.562846 1.276561 -0.073612
v 0.595281 1.304024 -0.085000
v 0.627717 1.331487 -0.073612
v 0.651461 1.351591 -0.042500
v 0.512423 1.496884 -0.000000
v 0.505677 1.487710 0.042500
v 0.487246 1.462644 0.073612
v 0.462069 1.428404 0.085000
v 0.436893 1.394164 0.073612
v 0.418462 1.369099 0.042500
v 0.411716 1.359924 -0.000000
v 0.418462 1.369099 -0.042500
v 0.436893 1.394164 -0.073612
v 0.462069 1.428404 -0.085000
v 0.487246 1.462644 -0.073612
v 0.505677 1.487710 -0.042500
v 0.336719 1.596772 -0.000000
v 0.332286 1.586282 0.042500
v 0.320175 1.557624 0.073612
v 0.303631 1.518476 0.085000
v 0.287087 1.479329 0.073612
v 0.274976 1.450670 0.042500
v 0.270543 1.440181 -0.000000
v 0.274976 1.450670 -0.042500
v 0.287087 1.479329 -0.073612
v 0.303631 1.518476 -0.085000
v 0.320175 1.557624 -0.073612
v 0.332286 1.586282 -0.042500
v 0.142631 1.653160 -0.000000
v 0.140753 1.641928 0.042500
v 0.135623 1.611241 0.073612
v 0.128615 1.569323 0.085000
v 0.121607 1.527405 0.073612
v 0.116477 1.496719 0.042500
v 0.114599 1.485487 -0.000000
v 0.116477 1.496719 -0.042500
v 0.121607 1.527405 -0.073612
v 0.128615 1.569323 -0.085000
v 0.135623 1.611241 -0.073612
v 0.140753 1.641928 -0.042500
v -0.059244 1.662969 -0.000000
v -0.058464 1.651608 0.042500
v -0.056333 1.620569 0.073612
v -0.053422 1.578168 0.085000
v -0.050512 1.535768 0.073612
v -0.048381 1.504729 0.042500
v -0.047601 1.493368 -0.000000
v -0.048381 1.504729 -0.042500
v -0.050512 1.535768 -0.073612
v -0.053422 1.578168 -0.085000
v -0.056333 1.620569 -0.073612
v -0.058464 1.651608 -0.042500
v -0.257884 1.625664 -0.000000
v -0.254489 1.614794 0.042500
v -0.245214 1.585096 0.073612
v -0.232543 1.544529 0.085000
v -0.219873 1.503962 0.073612
v -0.210597 1.474265 0.042500
v -0.207202 1.463395 -0.000000
v -0.210597 1.474265 -0.042500
v -0.219873 1.503962 -0.073612
v -0.232543 1.544529 -0.085000
v -0.245214 1.585096 -0.073612
v -0.254489 1.614794 -0.042500
v -0.442446 1.543281 -0.000000
v -0.436621 1.533496 0.042500
v -0.420707 1.506762 0.073612
v -0.398968 1.470242 0.085000
v -0.377230 1.433722 0.073612
v -0.361316 1.406988 0.042500
v -0.355491 1.397203 -0.000000
v -0.361316 1.406988 -0.042500
v -0.377230 1.433722 -0.073612
v -0.398968 1.470242 -0.085000
v -0.420707 1.506762 -0.073612
v -0.436621 1.533496 -0.042500
v -0.602851 1.420319 -0.000000
v -0.594914 1.412152 0.042500
v -0.573231 1.389841 0.073612
v -0.543611 1.359363 0.085000
v -0.513992 1.328885 0.073612
v -0.492308 1.306573 0.042500
v -0.484372 1.298407 -0.000000
v -0.492308 1.306573 -0.042500
v -0.513992 1.328885 -0.073612
v -0.543611 1.359363 -0.085000
v -0.573231 1.389841 -0.073612
v -0.594914 1.412152 -0.042500
v -0.730344 1.263490 -0.000000
v -0.720729 1.257388 0.042500
v -0.694460 1.240717 0.073612
v -0.658576 1.217945 0.085000
v -0.622692 1.195172 0.073612
v -0.596423 1.178501 0.042500
v -0.586808 1.172400 -0.000000
v -0.596423 1.178501 -0.042500
v -0.622692 1.195172 -0.073612
v -0.658576 1.217945 -0.085000
v -0.694460 1.240717 -0.073612
v -0.720729 1.257388 -0.042500
v -0.817963 1.081357 -0.000000
v -0.807194 1.077653 0.042500
v -0.777774 1.067533 0.073612
v -0.737585 1.053709 0.085000
v -0.697396 1.039885 0.073612
v -0.667976 1.029765 0.042500
v -0.657207 1.026061 -0.000000
v -0.667976 1.029765 -0.042500
v -0.697396 1.039885 -0.073612
v -0.737585 1.053709 -0.085000
v -0.777774 1.067533 -0.073612
v -0.807194 1.077653 -0.042500
v -0.860925 0.883863 -0.000000
v -0.849591 0.882759 0.042500
v -0.818625 0.879742 0.073612
v -0.776326 0.875622 0.085000
v -0.734026 0.871502 0.073612
v -0.703060 0.868485 0.042500
v -0.691726 0.867381 -0.000000
v -0.703060 0.868485 -0.042500
v -0.734026 0.871502 -0.073612
v -0.776326 0.875622 -0.085000
v -0.818625 0.879742 -0.073612
v -0.849591 0.882759 -0.042500
v -0.856885 0.681790 0.000000
v -0.845604 0.683346 0.042500
v -0.814783 0.687598 0.073612
v -0.772682 0.693406 0.085000
v -0.730581 0.699214 0.073612
v -0.699761 0.703466 0.042500
v -0.688480 0.705022 0.000000
v -0.699761 0.703466 -0.042500
v -0.730581 0.699214 -0.073612
v -0.772682 0.693406 -0.085000
v -0.814783 0.687598 -0.073612
v -0.845604 0.683346 -0.042500
v -0.806062 0.486171 0.000000
v -0.795450 0.490303 0.042500
v -0.766458 0.501590 0.073612
v -0.726854 0.517010 0.085000
v -0.687250 0.532429 0.073612
v -0.658257 0.543717 0.042500
v -0.647645 0.547849 0.000000
v -0.658257 0.543717 -0.042500
v -0.687250 0.532429 -0.073612
v -0.726854 0.517010 -0.085000
v -0.766458 0.501590 -0.073612
v -0.795450 0.490303 -0.042500
v -0.711233 0.307686 0.000000
v -0.701869 0.314167 0.042500
v -0.676288 0.331875 0.073612
v -0.641343 0.356064 0.085000
v -0.606398 0.380252 0.073612
v -0.580816 0.397960 0.042500
v -0.571453 0.404441 0.000000
v -0.580816 0.397960 -0.042500
v -0.606398 0.380252 -0.073612
v -0.641343 0.356064 -0.085000
v -0.676288 0.331875 -0.073612
v -0.701869 0.314167 -0.042500
v -0.577573 0.156079 0.000000
v -0.569969 0.164556 0.042500
v -0.549195 0.187717 0.073612
v -0.520817 0.219354 0.085000
v -0.492439 0.250992 0.073612
v -0.471665 0.274152 0.042500
v -0.464061 0.282630 0.000000
v -0.471665 0.274152 -0.042500
v -0.492439 0.250992 -0.073612
v -0.520817 0.219354 -0.085000
v -0.549195 0.187717 -0.073612
v -0.569969 0.164556 -0.042500
v -0.412380 0.039627 0.000000
v -0.406951 0.049637 0.042500
v -0.392119 0.076986 0.073612
v -0.371857 0.114345 0.085000
v -0.351596 0.151705 0.073612
v -0.336763 0.179054 0.042500
v -0.331334 0.189064 0.000000
v -0.336763 0.179054 -0.042500
v -0.351596 0.151705 -0.073612
v -0.371857 0.114345 -0.085000
v -0.392119 0.076986 -0.073612
v -0.406951 0.049637 -0.042500
v -0.224674 -0.035312 0.000000
v -0.221716 -0.024315 0.042500
v -0.213635 0.005729 0.073612
v -0.202596 0.046770 0.085000
v -0.191557 0.087812 0.073612
v -0.183476 0.117856 0.042500
v -0.180518 0.128853 0.000000
v -0.183476 0.117856 -0.042500
v -0.191557 0.087812 -0.073612
v -0.202596 0.046770 -0.085000
v -0.213635 0.005729 -0.073612
v -0.221716 -0.024315 -0.042500
v -0.024701 -0.064647 0.000000
v -0.024376 -0.053264 0.042500
v -0.023487 -0.022165 0.073612
v -0.022274 0.020318 0.085000
v -0.021060 0.062801 0.073612
v -0.020171 0.093900 0.042500
v -0.019846 0.105283 0.000000
v -0.020171 0.093900 -0.042500
v -0.021060 0.062801 -0.073612
v -0.022274 0.020318 -0.085000
v -0.023487 -0.022165 -0.073612
v -0.024376 -0.053264 -0.042500
v 0.176621 -0.046776 0.000000
v 0.174295 -0.035628 0.042500
v 0.167943 -0.005172 0.073612
v 0.159265 0.036433 0.085000
v 0.150587 0.078038 0.073612
v 0.144234 0.108494 0.042500
v 0.141909 0.119642 0.000000
v 0.144234 0.108494 -0.042500
v 0.150587 0.078038 -0.073612
v 0.159265 0.036433 -0.085000
v 0.167943 -0.005172 -0.073612
v 0.174295 -0.035628 -0.042500
v 0.368299 0.017325 0.000000
v 0.363451 0.027629 0.042500
v 0.350204 0.055780 0.073612
v 0.332108 0.094235 0.085000
v 0.314012 0.132690 0.073612
v 0.300765 0.160841 0.042500
v 0.295917 0.171145 0.000000
v 0.300765 0.160841 -0.042500
v 0.314012 0.132690 -0.073612
v 0.332108 0.094235 -0.085000
v 0.350204 0.055780 -0.073612
v 0.363451 0.027629 -0.042500
vn 0.9932 0.1168 -0.0000
vn 0.8662 0.1019 0.4893
vn 0.5133 0.0604 0.8561
vn 0.0193 0.0023 0.9998
vn -0.4845 -0.0570 0.8729
vn -0.8567 -0.1008 0.5059
vn -0.9932 -0.1168 -0.0000
vn -0.8567 -0.1008 -0.5059
vn -0.4845 -0.0570 -0.8730
vn 0.0193 0.0023 -0.9998
vn 0.5132 0.0604 -0.8561
vn 0.8662 0.1019 -0.4893
vn 0.9727 0.2321 -0.0000
vn 0.8469 0.2020 0.4918
vn 0.5002 0.1193 0.8577
vn 0.0188 0.0045 0.9998
vn -0.4720 -0.1126 0.8744
vn -0.8375 -0.1998 0.5085
vn -0.9727 -0.2321 -0.0000
vn -0.8375 -0.1998 -0.5085
vn -0.4720 -0.1126 -0.8744
vn 0.0188 0.0045 -0.9998
vn 0.5002 0.1193 -0.8577
vn 0.8469 0.2021 -0.4918
vn 0.8923 0.4514 -0.0000
vn 0.7769 0.3931 0.4918
vn 0.4588 0.2321 0.8577
vn 0.0172 0.0087 0.9998
vn -0.4330 -0.2191 0.8744
vn -0.7683 -0.3887 0.5085
vn -0.8923 -0.4514 -0.0000
vn -0.7683 -0.3887 -0.5085
vn -0.4330 -0.2191 -0.8744
vn 0.0172 0.0087 -0.9998
vn 0.4588 0.2321 -0.8577
vn 0.7769 0.3931 -0.4918
vn 0.7632 0.6462 -0.0000
vn 0.6645 0.5626 0.4918
vn 0.3924 0.3323 0.8577
vn 0.0147 0.0125 0.9998
vn -0.3703 -0.3136 0.8744
vn -0.6571 -0.5564 0.5085
vn -0.7632 -0.6462 -0.0000
vn -0.6571 -0.5564 -0.5085
vn -0.3703 -0.3136 -0.8744
vn 0.0147 0.0125 -0.9998
vn 0.3924 0.3323 -0.8577
vn 0.6645 0.5626 -0.4918
vn 0.5924 0.8056 -0.0000
vn 0.5158 0.7015 0.4918
vn 0.3046 0.4143 0.8577
vn 0.0114 0.0155 0.9998
vn -0.2875 -0.3909 0.8744
vn -0.5101 -0.6937 0.5085
vn -0.5924 -0.8056 -0.0000
vn -0.5101 -0.6937 -0.5085
vn -0.2875 -0.3909 -0.8744
vn 0.0114 0.0155 -0.9998
vn 0.3046 0.4143 -0.8577
vn 0.5158 0.7015 -0.4918
vn 0.3893 0.9211 -0.0000
vn 0.3389 0.8020 0.4918
vn 0.2002 0.4736 0.8577
vn 0.0075 0.0178 0.9998
vn -0.1889 -0.4470 0.8744
vn -0.3352 -0.7931 0.5085
vn -0.3893 -0.9211 -0.0000
vn -0.3352 -0.7931 -0.5085
vn -0.1889 -0.4470 -0.8744
vn 0.0075 0.0178 -0.9998
vn 0.2002 0.4736 -0.8577
vn 0.3389 0.8020 -0.4918
vn 0.1649 0.9863 -0.0000
vn 0.1436 0.8588 0.4918
vn 0.0848 0.5071 0.8577
vn 0.0032 0.0190 0.9998
vn -0.0800 -0.4786 0.8744
vn -0.1420 -0.8493 0.5085
vn -0.1649 -0.9863 -0.0000
vn -0.1420 -0.8493 -0.5085
vn -0.0800 -0.4786 -0.8744
vn 0.0032 0.0190 -0.9998
vn 0.0848 0.5072 -0.8577
vn 0.1436 0.8588 -0.4918
vn -0.0685 0.9977 -0.0000
vn -0.0596 0.8686 0.4918
vn -0.0352 0.5130 0.8577
vn -0.0013 0.0192 0.9998
vn 0.0332 -0.4841 0.8744
vn 0.0590 -0.8590 0.5085
vn 0.0685 -0.9977 -0.0000
vn 0.0590 -0.8590 -0.5085
vn 0.0332 -0.4841 -0.8744
vn -0.0013 0.0192 -0.9998
vn -0.0352 0.5130 -0.8577
vn -0.0596 0.8686 -0.4918
vn -0.2981 0.9545 -0.0000
vn -0.2596 0.8311 0.4918
vn -0.1533 0.4908 0.8577
vn -0.0057 0.0184 0.9998
vn 0.1447 -0.4632 0.8744
vn 0.2567 -0.8219 0.5085
vn 0.2981 -0.9545 -0.0000
vn 0.2567 -0.8219 -0.5085
vn 0.1447 -0.4632 -0.8744
vn -0.0057 0.0184 -0.9998
vn -0.1533 0.4908 -0.8577
vn -0.2596 0.8311 -0.4918
vn -0.5115 0.8593 -0.0000
vn -0.4454 0.7482 0.4918
vn -0.2630 0.4418 0.8577
vn -0.0099 0.0166 0.9998
vn 0.2482 -0.4170 0.8744
vn 0.4404 -0.7399 0.5085
vn 0.5115 -0.8593 -0.0000
vn 0.4404 -0.7399 -0.5085
vn 0.2482 -0.4170 -0.8744
vn -0.0099 0.0166 -0.9998
vn -0.2630 0.4418 -0.8577
vn -0.4454 0.7482 -0.4918
vn -0.6969 0.7171 -0.0000
vn -0.6068 0.6244 0.4918
vn -0.3584 0.3687 0.8577
vn -0.0134 0.0138 0.9998
vn 0.3382 -0.3480 0.8744
vn 0.6001 -0.6175 0.5085
vn 0.6969 -0.7171 -0.0000
vn 0.6001 -0.6175 -0.5085
vn 0.3382 -0.3480 -0.8744
vn -0.0134 0.0138 -0.9998
vn -0.3584 0.3687 -0.8577
vn -0.6068 0.6244 -0.4918
vn -0.8443 0.5358 -0.0000
vn -0.7351 0.4665 0.4918
vn -0.4341 0.2755 0.8577
vn -0.0163 0.0103 0.9998
vn 0.4097 -0.2600 0.8744
vn 0.7270 -0.4614 0.5085
vn 0.8443 -0.5358 -0.0000
vn 0.7270 -0.4614 -0.5085
vn 0.4097 -0.2600 -0.8744
vn -0.0163 0.0103 -0.9998
vn -0.4341 0.2755 -0.8577
vn -0.7351 0.4665 -0.4918
vn -0.9456 0.3253 -0.0000
vn -0.8233 0.2832 0.4918
vn -0.4862 0.1673 0.8577
vn -0.0182 0.0063 0.9998
vn 0.4589 -0.1578 0.8744
vn 0.8142 -0.2801 0.5085
vn 0.9456 -0.3253 -0.0000
vn 0.8142 -0.2801 -0.5085
vn 0.4589 -0.1578 -0.8744
vn -0.0182 0.0063 -0.9998
vn -0.4862 0.1672 -0.8577
vn -0.8233 0.2832 -0.4918
vn -0.9953 0.0970 -0.0000
vn -0.8666 0.0844 0.4918
vn -0.5118 0.0499 0.8577
vn -0.0192 0.0019 0.9998
vn 0.4830 -0.0470 0.8744
vn 0.8570 -0.0835 0.5085
vn 0.9953 -0.0970 -0.0000
vn 0.8570 -0.0835 -0.5085
vn 0.4830 -0.0470 -0.8744
vn -0.0192 0.0019 -0.9998
vn -0.5118 0.0499 -0.8577
vn -0.8666 0.0844 -0.4918
vn -0.9906 -0.1367 -0.0000
vn -0.8625 -0.1190 0.4918
vn -0.5094 -0.0703 0.8577
vn -0.0191 -0.0026 0.9998
vn 0.4807 0.0663 0.8744
vn 0.8530 0.1177 0.5085
vn 0.9906 0.1367 -0.0000
vn 0.8530 0.1177 -0.5085
vn 0.4807 0.0663 -0.8744
vn -0.0191 -0.0026 -0.9998
vn -0.5094 -0.0703 -0.8577
vn -0.8625 -0.1190 -0.4918
vn -0.9319 -0.3628 -0.0000
vn -0.8114 -0.3159 0.4918
vn -0.4792 -0.1866 0.8577
vn -0.0180 -0.0070 0.9998
vn 0.4522 0.1761 0.8744
vn 0.8024 0.3124 0.5085
vn 0.9319 0.3628 -0.0000
vn 0.8024 0.3124 -0.5085
vn 0.4522 0.1761 -0.8744
vn -0.0180 -0.0070 -0.9998
vn -0.4792 -0.1866 -0.8577
vn -0.8114 -0.3159 -0.4918
vn -0.8222 -0.5691 -0.0000
vn -0.7159 -0.4955 0.4918
vn -0.4228 -0.2926 0.8577
vn -0.0159 -0.0110 0.9998
vn 0.3990 0.2762 0.8744
vn 0.7080 0.4901 0.5085
vn 0.8222 0.5691 -0.0000
vn 0.7080 0.4901 -0.5085
vn 0.3990 0.2762 -0.8744
vn -0.0159 -0.0110 -0.9998
vn -0.4228 -0.2927 -0.8577
vn -0.7159 -0.4955 -0.4918
vn -0.6677 -0.7444 -0.0000
vn -0.5814 -0.6482 0.4918
vn -0.3433 -0.3828 0.8577
vn -0.0129 -0.0144 0.9998
vn 0.3240 0.3612 0.8744
vn 0.5749 0.6410 0.5085
vn 0.6677 0.7444 -0.0000
vn 0.5749 0.6410 -0.5085
vn 0.3240 0.3612 -0.8744
vn -0.0129 -0.0144 -0.9998
vn -0.3433 -0.3828 -0.8577
vn -0.5814 -0.6482 -0.4918
vn -0.4767 -0.8790 -0.0000
vn -0.4151 -0.7654 0.4918
vn -0.2451 -0.4520 0.8577
vn -0.0092 -0.0170 0.9998
vn 0.2313 0.4266 0.8744
vn 0.4105 0.7569 0.5085
vn 0.4767 0.8790 -0.0000
vn 0.4105 0.7569 -0.5085
vn 0.2313 0.4266 -0.8744
vn -0.0092 -0.0170 -0.9998
vn -0.2451 -0.4520 -0.8577
vn -0.4151 -0.7654 -0.4918
vn -0.2597 -0.9657 -0.0000
vn -0.2262 -0.8408 0.4918
vn -0.1336 -0.4965 0.8577
vn -0.0050 -0.0186 0.9998
vn 0.1260 0.4686 0.8744
vn 0.2236 0.8315 0.5085
vn 0.2597 0.9657 -0.0000
vn 0.2236 0.8315 -0.5085
vn 0.1260 0.4686 -0.8744
vn -0.0050 -0.0186 -0.9998
vn -0.1336 -0.4965 -0.8577
vn -0.2262 -0.8408 -0.4918
vn -0.0286 -0.9996 -0.0000
vn -0.0249 -0.8703 0.4918
vn -0.0147 -0.5140 0.8577
vn -0.0006 -0.0193 0.9998
vn 0.0139 0.4851 0.8744
vn 0.0246 0.8607 0.5085
vn 0.0286 0.9996 -0.0000
vn 0.0246 0.8607 -0.5085
vn 0.0139 0.4851 -0.8744
vn -0.0006 -0.0193 -0.9998
vn -0.0147 -0.5140 -0.8577
vn -0.0249 -0.8703 -0.4918
vn 0.2042 -0.9789 -0.0000
vn 0.1778 -0.8523 0.4918
vn 0.1050 -0.5034 0.8577
vn 0.0039 -0.0189 0.9998
vn -0.0991 0.4750 0.8744
vn -0.1758 0.8429 0.5085
vn -0.2042 0.9789 -0.0000
vn -0.1758 0.8429 -0.5085
vn -0.0991 0.4750 -0.8744
vn 0.0039 -0.0189 -0.9998
vn 0.1050 -0.5034 -0.8577
vn 0.1778 -0.8523 -0.4918
vn 0.3172 -0.9484 -0.0000
vn 0.2766 -0.8271 0.4893
vn 0.1639 -0.4901 0.8561
vn 0.0062 -0.0184 0.9998
vn -0.1547 0.4626 0.8730
vn -0.2736 0.8180 0.5059
vn -0.3172 0.9484 -0.0000
vn -0.2736 0.8180 -0.5059
vn -0.1547 0.4626 -0.8729
vn 0.0062 -0.0184 -0.9998
vn 0.1639 -0.4901 -0.8561
vn 0.2766 -0.8271 -0.4893
vt 0.000000 0.500000
vt 0.045455 0.750000
vt 0.000000 0.750000
vt 0.045455 0.500000
vt 0.090909 0.750000
vt 0.136364 0.500000
vt 0.136364 0.750000
vt 0.181818 0.500000
vt 0.181818 0.750000
vt 0.227273 0.500000
vt 0.227273 0.750000
vt 0.272727 0.750000
vt 0.272727 0.500000
vt 0.318182 0.750000
vt 0.318182 0.500000
vt 0.363636 0.750000
vt 0.363636 0.500000
vt 0.409091 0.750000
vt 0.454545 0.500000
vt 0.454545 0.750000
vt 0.500000 0.500000
vt 0.500000 0.750000
vt 0.545455 0.500000
vt 0.545455 0.750000
vt 0.590909 0.500000
vt 0.590909 0.750000
vt 0.636364 0.750000
vt 0.636364 0.500000
vt 0.681818 0.750000
vt 0.681818 0.500000
vt 0.727273 0.750000
vt 0.727273 0.500000
vt 0.772727 0.750000
vt 0.772727 0.500000
vt 0.818182 0.750000
vt 0.818182 0.500000
vt 0.863636 0.750000
vt 0.863636 0.500000
vt 0.909091 0.750000
vt 0.909091 0.500000
vt 0.954545 0.750000
vt 1.000000 0.500000
vt 1.000000 0.750000
vt 0.000000 0.933013
vt 0.045455 0.933013
vt 0.090909 0.933013
vt 0.136364 0.933013
vt 0.181818 0.933013
vt 0.227273 0.933013
vt 0.272727 0.933013
vt 0.318182 0.933013
vt 0.363636 0.933013
vt 0.409091 0.933013
vt 0.454545 0.933013
vt 0.500000 0.933013
vt 0.545455 0.933013
vt 0.590909 0.933013
vt 0.636364 0.933013
vt 0.681818 0.933013
vt 0.727273 0.933013
vt 0.772727 0.933013
vt 0.818182 0.933013
vt 0.863636 0.933013
vt 0.909091 0.933013
vt 0.954545 0.933013
vt 1.000000 0.933013
vt 0.045455 1.000000
vt 0.000000 1.000000
vt 0.090909 1.000000
vt 0.136364 1.000000
vt 0.181818 1.000000
vt 0.227273 1.000000
vt 0.272727 1.000000
vt 0.318182 1.000000
vt 0.363636 1.000000
vt 0.409091 1.000000
vt 0.454545 1.000000
vt 0.500000 1.000000
vt 0.545455 1.000000
vt 0.590909 1.000000
vt 0.636364 1.000000
vt 0.681818 1.000000
vt 0.727273 1.000000
vt 0.772727 1.000000
vt 0.818182 1.000000
vt 0.863636 1.000000
vt 0.909091 1.000000
vt 0.954545 1.000000
vt 1.000000 1.000000
vt 0.090909 0.500000
vt 0.409091 0.500000
vt 0.954545 0.500000
vt 0.045455 0.250000
vt 0.000000 0.250000
vt 0.090909 0.250000
vt 0.136364 0.250000
vt 0.181818 0.250000
vt 0.227273 0.250000
vt 0.272727 0.250000
vt 0.318182 0.250000
vt 0.363636 0.250000
vt 0.409091 0.250000
vt 0.454545 0.250000
vt 0.500000 0.250000
vt 0.545455 0.250000
vt 0.590909 0.250000
vt 0.636364 0.250000
vt 0.681818 0.250000
vt 0.727273 0.250000
vt 0.772727 0.250000
vt 0.818182 0.250000
vt 0.863636 0.250000
vt 0.909091 0.250000
vt 0.954545 0.250000
vt 1.000000 0.250000
vt 0.000000 0.066987
vt 0.045455 0.066987
vt 0.090909 0.066987
vt 0.136364 0.066987
vt 0.181818 0.066987
vt 0.227273 0.066987
vt 0.272727 0.066987
vt 0.318182 0.066987
vt 0.363636 0.066987
vt 0.409091 0.066987
vt 0.454545 0.066987
vt 0.500000 0.066987
vt 0.545455 0.066987
vt 0.590909 0.066987
vt 0.636364 0.066987
vt 0.681818 0.066987
vt 0.727273 0.066987
vt 0.772727 0.066987
vt 0.818182 0.066987
vt 0.863636 0.066987
vt 0.909091 0.066987
vt 0.954545 0.066987
vt 1.000000 0.066987
vt 0.045455 0.000000
vt 0.000000 0.000000
vt 0.090909 0.000000
vt 0.136364 0.000000
vt 0.181818 0.000000
vt 0.227273 0.000000
vt 0.272727 0.000000
vt 0.318182 0.000000
vt 0.363636 0.000000
vt 0.409091 0.000000
vt 0.454545 0.000000
vt 0.500000 0.000000
vt 0.545455 0.000000
vt 0.590909 0.000000
vt 0.636364 0.000000
vt 0.681818 0.000000
vt 0.727273 0.000000
vt 0.772727 0.000000
vt 0.818182 0.000000
vt 0.863636 0.000000
vt 0.909091 0.000000
vt 0.954545 0.000000
vt 1.000000 0.000000
s 1
g A_OuterRing.001_ritual_gold
usemtl ritual_gold
f 1221/754/1213 1234/755/1226 1222/756/1214
f 1233/757/1225 1246/758/1238 1234/755/1226
f 1246/758/1238 1257/759/1249 1258/760/1250
f 1258/760/1250 1269/761/1261 1270/762/1262
f 1270/762/1262 1281/763/1273 1282/764/1274
f 1281/763/1273 1294/765/1286 1282/764/1274
f 1293/766/1285 1306/767/1298 1294/765/1286
f 1305/768/1297 1318/769/1310 1306/767/1298
f 1317/770/1309 1330/771/1322 1318/769/1310
f 1330/771/1322 1341/772/1333 1342/773/1334
f 1342/773/1334 1353/774/1345 1354/775/1346
f 1354/775/1346 1365/776/1357 1366/777/1358
f 1366/777/1358 1377/778/1369 1378/779/1370
f 1377/778/1369 1390/780/1382 1378/779/1370
f 1389/781/1381 1402/782/1394 1390/780/1382
f 1401/783/1393 1414/784/1406 1402/782/1394
f 1413/785/1405 1426/786/1418 1414/784/1406
f 1425/787/1417 1438/788/1430 1426/786/1418
f 1437/789/1429 1450/790/1442 1438/788/1430
f 1449/791/1441 1462/792/1454 1450/790/1442
f 1461/793/1453 1474/794/1466 1462/792/1454
f 1474/794/1466 1485/795/1477 1486/796/1478
f 1223/797/1215 1234/755/1226 1235/798/1227
f 1234/755/1226 1247/799/1239 1235/798/1227
f 1246/758/1238 1259/800/1251 1247/799/1239
f 1258/760/1250 1271/801/1263 1259/800/1251
f 1270/762/1262 1283/802/1275 1271/801/1263
f 1283/802/1275 1294/765/1286 1295/803/1287
f 1294/765/1286 1307/804/1299 1295/803/1287
f 1306/767/1298 1319/805/1311 1307/804/1299
f 1318/769/1310 1331/806/1323 1319/805/1311
f 1330/771/1322 1343/807/1335 1331/806/1323
f 1342/773/1334 1355/808/1347 1343/807/1335
f 1354/775/1346 1367/809/1359 1355/808/1347
f 1366/777/1358 1379/810/1371 1367/809/1359
f 1378/779/1370 1391/811/1383 1379/810/1371
f 1390/780/1382 1403/812/1395 1391/811/1383
f 1402/782/1394 1415/813/1407 1403/812/1395
f 1414/784/1406 1427/814/1419 1415/813/1407
f 1426/786/1418 1439/815/1431 1427/814/1419
f 1438/788/1430 1451/816/1443 1439/815/1431
f 1450/790/1442 1463/817/1455 1451/816/1443
f 1462/792/1454 1475/818/1467 1463/817/1455
f 1474/794/1466 1487/819/1479 1475/818/1467
f 1223/797/1215 1236/820/1228 1224/821/1216
f 1235/798/1227 1248/822/1240 1236/820/1228
f 1247/799/1239 1260/823/1252 1248/822/1240
f 1260/823/1252 1271/801/1263 1272/824/1264
f 1272/824/1264 1283/802/1275 1284/825/1276
f 1283/802/1275 1296/826/1288 1284/825/1276
f 1295/803/1287 1308/827/1300 1296/826/1288
f 1307/804/1299 1320/828/1312 1308/827/1300
f 1319/805/1311 1332/829/1324 1320/828/1312
f 1331/806/1323 1344/830/1336 1332/829/1324
f 1344/830/1336 1355/808/1347 1356/831/1348
f 1355/808/1347 1368/832/1360 1356/831/1348
f 1367/809/1359 1380/833/1372 1368/832/1360
f 1379/810/1371 1392/834/1384 1380/833/1372
f 1391/811/1383 1404/835/1396 1392/834/1384
f 1403/812/1395 1416/836/1408 1404/835/1396
f 1416/836/1408 1427/814/1419 1428/837/1420
f 1428/837/1420 1439/815/1431 1440/838/1432
f 1440/838/1432 1451/816/1443 1452/839/1444
f 1451/816/1443 1464/840/1456 1452/839/1444
f 1463/817/1455 1476/841/1468 1464/840/1456
f 1475/818/1467 1488/842/1480 1476/841/1468
f 1224/821/1216 1237/798/1229 1225/797/1217
f 1236/820/1228 1249/799/1241 1237/798/1229
f 1248/822/1240 1261/800/1253 1249/799/1241
f 1260/823/1252 1273/801/1265 1261/800/1253
f 1272/824/1264 1285/802/1277 1273/801/1265
f 1284/825/1276 1297/803/1289 1285/802/1277
f 1297/803/1289 1308/827/1300 1309/804/1301
f 1308/827/1300 1321/805/1313 1309/804/1301
f 1321/805/1313 1332/829/1324 1333/806/1325
f 1332/829/1324 1345/807/1337 1333/806/1325
f 1344/830/1336 1357/808/1349 1345/807/1337
f 1356/831/1348 1369/809/1361 1357/808/1349
f 1368/832/1360 1381/810/1373 1369/809/1361
f 1380/833/1372 1393/811/1385 1381/810/1373
f 1393/811/1385 1404/835/1396 1405/812/1397
f 1404/835/1396 1417/813/1409 1405/812/1397
f 1416/836/1408 1429/814/1421 1417/813/1409
f 1428/837/1420 1441/815/1433 1429/814/1421
f 1440/838/1432 1453/816/1445 1441/815/1433
f 1452/839/1444 1465/817/1457 1453/816/1445
f 1464/840/1456 1477/818/1469 1465/817/1457
f 1476/841/1468 1489/819/1481 1477/818/1469
f 1225/797/1217 1238/755/1230 1226/756/1218
f 1238/755/1230 1249/799/1241 1250/758/1242
f 1250/758/1242 1261/800/1253 1262/760/1254
f 1261/800/1253 1274/762/1266 1262/760/1254
f 1273/801/1265 1286/764/1278 1274/762/1266
f 1285/802/1277 1298/765/1290 1286/764/1278
f 1297/803/1289 1310/767/1302 1298/765/1290
f 1309/804/1301 1322/769/1314 1310/767/1302
f 1321/805/1313 1334/771/1326 1322/769/1314
f 1333/806/1325 1346/773/1338 1334/771/1326
f 1345/807/1337 1358/775/1350 1346/773/1338
f 1358/775/1350 1369/809/1361 1370/777/1362
f 1369/809/1361 1382/779/1374 1370/777/1362
f 1381/810/1373 1394/780/1386 1382/779/1374
f 1393/811/1385 1406/782/1398 1394/780/1386
f 1405/812/1397 1418/784/1410 1406/782/1398
f 1418/784/1410 1429/814/1421 1430/786/1422
f 1430/786/1422 1441/815/1433 1442/788/1434
f 1441/815/1433 1454/790/1446 1442/788/1434
f 1453/816/1445 1466/792/1458 1454/790/1446
f 1465/817/1457 1478/794/1470 1466/792/1458
f 1478/794/1470 1489/819/1481 1490/796/1482
f 1226/756/1218 1239/757/1231 1227/754/1219
f 1239/757/1231 1250/758/1242 1251/843/1243
f 1250/758/1242 1263/759/1255 1251/843/1243
f 1262/760/1254 1275/761/1267 1263/759/1255
f 1274/762/1266 1287/763/1279 1275/761/1267
f 1286/764/1278 1299/766/1291 1287/763/1279
f 1298/765/1290 1311/768/1303 1299/766/1291
f 1310/767/1302 1323/770/1315 1311/768/1303
f 1322/769/1314 1335/844/1327 1323/770/1315
f 1334/771/1326 1347/772/1339 1335/844/1327
f 1346/773/1338 1359/774/1351 1347/772/1339
f 1358/775/1350 1371/776/1363 1359/774/1351
f 1370/777/1362 1383/778/1375 1371/776/1363
f 1382/779/1374 1395/781/1387 1383/778/1375
f 1394/780/1386 1407/783/1399 1395/781/1387
f 1406/782/1398 1419/785/1411 1407/783/1399
f 1418/784/1410 1431/787/1423 1419/785/1411
f 1430/786/1422 1443/789/1435 1431/787/1423
f 1443/789/1435 1454/790/1446 1455/791/1447
f 1455/791/1447 1466/792/1458 1467/793/1459
f 1466/792/1458 1479/845/1471 1467/793/1459
f 1478/794/1470 1491/795/1483 1479/845/1471
f 1227/754/1219 1240/846/1232 1228/847/1220
f 1240/846/1232 1251/843/1243 1252/848/1244
f 1251/843/1243 1264/849/1256 1252/848/1244
f 1263/759/1255 1276/850/1268 1264/849/1256
f 1276/850/1268 1287/763/1279 1288/851/1280
f 1288/851/1280 1299/766/1291 1300/852/1292
f 1299/766/1291 1312/853/1304 1300/852/1292
f 1311/768/1303 1324/854/1316 1312/853/1304
f 1323/770/1315 1336/855/1328 1324/854/1316
f 1335/844/1327 1348/856/1340 1336/855/1328
f 1347/772/1339 1360/857/1352 1348/856/1340
f 1360/857/1352 1371/776/1363 1372/858/1364
f 1371/776/1363 1384/859/1376 1372/858/1364
f 1383/778/1375 1396/860/1388 1384/859/1376
f 1395/781/1387 1408/861/1400 1396/860/1388
f 1407/783/1399 1420/862/1412 1408/861/1400
f 1420/862/1412 1431/787/1423 1432/863/1424
f 1432/863/1424 1443/789/1435 1444/864/1436
f 1443/789/1435 1456/865/1448 1444/864/1436
f 1455/791/1447 1468/866/1460 1456/865/1448
f 1467/793/1459 1480/867/1472 1468/866/1460
f 1479/845/1471 1492/868/1484 1480/867/1472
f 1229/869/1221 1240/846/1232 1241/870/1233
f 1240/846/1232 1253/871/1245 1241/870/1233
f 1252/848/1244 1265/872/1257 1253/871/1245
f 1264/849/1256 1277/873/1269 1265/872/1257
f 1277/873/1269 1288/851/1280 1289/874/1281
f 1289/874/1281 1300/852/1292 1301/875/1293
f 1300/852/1292 1313/876/1305 1301/875/1293
f 1312/853/1304 1325/877/1317 1313/876/1305
f 1325/877/1317 1336/855/1328 1337/878/1329
f 1337/878/1329 1348/856/1340 1349/879/1341
f 1348/856/1340 1361/880/1353 1349/879/1341
f 1360/857/1352 1373/881/1365 1361/880/1353
f 1372/858/1364 1385/882/1377 1373/881/1365
f 1384/859/1376 1397/883/1389 1385/882/1377
f 1396/860/1388 1409/884/1401 1397/883/1389
f 1408/861/1400 1421/885/1413 1409/884/1401
f 1420/862/1412 1433/886/1425 1421/885/1413
f 1432/863/1424 1445/887/1437 1433/886/1425
f 1444/864/1436 1457/888/1449 1445/887/1437
f 1456/865/1448 1469/889/1461 1457/888/1449
f 1468/866/1460 1481/890/1473 1469/889/1461
f 1481/890/1473 1492/868/1484 1493/891/1485
f 1229/869/1221 1242/892/1234 1230/893/1222
f 1242/892/1234 1253/871/1245 1254/894/1246
f 1253/871/1245 1266/895/1258 1254/894/1246
f 1266/895/1258 1277/873/1269 1278/896/1270
f 1277/873/1269 1290/897/1282 1278/896/1270
f 1289/874/1281 1302/898/1294 1290/897/1282
f 1301/875/1293 1314/899/1306 1302/898/1294
f 1314/899/1306 1325/877/1317 1326/900/1318
f 1325/877/1317 1338/901/1330 1326/900/1318
f 1337/878/1329 1350/902/1342 1338/901/1330
f 1349/879/1341 1362/903/1354 1350/902/1342
f 1362/903/1354 1373/881/1365 1374/904/1366
f 1373/881/1365 1386/905/1378 1374/904/1366
f 1386/905/1378 1397/883/1389 1398/906/1390
f 1397/883/1389 1410/907/1402 1398/906/1390
f 1410/907/1402 1421/885/1413 1422/908/1414
f 1422/908/1414 1433/886/1425 1434/909/1426
f 1433/886/1425 1446/910/1438 1434/909/1426
f 1446/910/1438 1457/888/1449 1458/911/1450
f 1458/911/1450 1469/889/1461 1470/912/1462
f 1469/889/1461 1482/913/1474 1470/912/1462
f 1482/913/1474 1493/891/1485 1494/914/1486
f 1230/893/1222 1243/870/1235 1231/869/1223
f 1243/870/1235 1254/894/1246 1255/871/1247
f 1254/894/1246 1267/872/1259 1255/871/1247
f 1266/895/1258 1279/873/1271 1267/872/1259
f 1278/896/1270 1291/874/1283 1279/873/1271
f 1290/897/1282 1303/875/1295 1291/874/1283
f 1303/875/1295 1314/899/1306 1315/876/1307
f 1315/876/1307 1326/900/1318 1327/877/1319
f 1326/900/1318 1339/878/1331 1327/877/1319
f 1338/901/1330 1351/879/1343 1339/878/1331
f 1350/902/1342 1363/880/1355 1351/879/1343
f 1362/903/1354 1375/881/1367 1363/880/1355
f 1374/904/1366 1387/882/1379 1375/881/1367
f 1386/905/1378 1399/883/1391 1387/882/1379
f 1398/906/1390 1411/884/1403 1399/883/1391
f 1410/907/1402 1423/885/1415 1411/884/1403
f 1422/908/1414 1435/886/1427 1423/885/1415
f 1434/909/1426 1447/887/1439 1435/886/1427
f 1446/910/1438 1459/888/1451 1447/887/1439
f 1458/911/1450 1471/889/1463 1459/888/1451
f 1470/912/1462 1483/890/1475 1471/889/1463
f 1482/913/1474 1495/891/1487 1483/890/1475
f 1231/869/1223 1244/846/1236 1232/847/1224
f 1243/870/1235 1256/848/1248 1244/846/1236
f 1255/871/1247 1268/849/1260 1256/848/1248
f 1268/849/1260 1279/873/1271 1280/850/1272
f 1280/850/1272 1291/874/1283 1292/851/1284
f 1291/874/1283 1304/852/1296 1292/851/1284
f 1303/875/1295 1316/853/1308 1304/852/1296
f 1315/876/1307 1328/854/1320 1316/853/1308
f 1327/877/1319 1340/855/1332 1328/854/1320
f 1339/878/1331 1352/856/1344 1340/855/1332
f 1351/879/1343 1364/857/1356 1352/856/1344
f 1364/857/1356 1375/881/1367 1376/858/1368
f 1375/881/1367 1388/859/1380 1376/858/1368
f 1387/882/1379 1400/860/1392 1388/859/1380
f 1399/883/1391 1412/861/1404 1400/860/1392
f 1412/861/1404 1423/885/1415 1424/862/1416
f 1423/885/1415 1436/863/1428 1424/862/1416
f 1435/886/1427 1448/864/1440 1436/863/1428
f 1448/864/1440 1459/888/1451 1460/865/1452
f 1460/865/1452 1471/889/1463 1472/866/1464
f 1471/889/1463 1484/867/1476 1472/866/1464
f 1483/890/1475 1496/868/1488 1484/867/1476
f 1232/847/1224 1233/757/1225 1221/754/1213
f 1244/846/1236 1245/843/1237 1233/757/1225
f 1256/848/1248 1257/759/1249 1245/843/1237
f 1268/849/1260 1269/761/1261 1257/759/1249
f 1280/850/1272 1281/763/1273 1269/761/1261
f 1292/851/1284 1293/766/1285 1281/763/1273
f 1304/852/1296 1305/768/1297 1293/766/1285
f 1316/853/1308 1317/770/1309 1305/768/1297
f 1328/854/1320 1329/844/1321 1317/770/1309
f 1340/855/1332 1341/772/1333 1329/844/1321
f 1352/856/1344 1353/774/1345 1341/772/1333
f 1364/857/1356 1365/776/1357 1353/774/1345
f 1376/858/1368 1377/778/1369 1365/776/1357
f 1377/778/1369 1400/860/1392 1389/781/1381
f 1400/860/1392 1401/783/1393 1389/781/1381
f 1412/861/1404 1413/785/1405 1401/783/1393
f 1413/785/1405 1436/863/1428 1425/787/1417
f 1425/787/1417 1448/864/1440 1437/789/1429
f 1448/864/1440 1449/791/1441 1437/789/1429
f 1449/791/1441 1472/866/1464 1461/793/1453
f 1472/866/1464 1473/845/1465 1461/793/1453
f 1484/867/1476 1485/795/1477 1473/845/1465
f 1221/754/1213 1233/757/1225 1234/755/1226
f 1233/757/1225 1245/843/1237 1246/758/1238
f 1246/758/1238 1245/843/1237 1257/759/1249
f 1258/760/1250 1257/759/1249 1269/761/1261
f 1270/762/1262 1269/761/1261 1281/763/1273
f 1281/763/1273 1293/766/1285 1294/765/1286
f 1293/766/1285 1305/768/1297 1306/767/1298
f 1305/768/1297 1317/770/1309 1318/769/1310
f 1317/770/1309 1329/844/1321 1330/771/1322
f 1330/771/1322 1329/844/1321 1341/772/1333
f 1342/773/1334 1341/772/1333 1353/774/1345
f 1354/775/1346 1353/774/1345 1365/776/1357
f 1366/777/1358 1365/776/1357 1377/778/1369
f 1377/778/1369 1389/781/1381 1390/780/1382
f 1389/781/1381 1401/783/1393 1402/782/1394
f 1401/783/1393 1413/785/1405 1414/784/1406
f 1413/785/1405 1425/787/1417 1426/786/1418
f 1425/787/1417 1437/789/1429 1438/788/1430
f 1437/789/1429 1449/791/1441 1450/790/1442
f 1449/791/1441 1461/793/1453 1462/792/1454
f 1461/793/1453 1473/845/1465 1474/794/1466
f 1474/794/1466 1473/845/1465 1485/795/1477
f 1223/797/1215 1222/756/1214 1234/755/1226
f 1234/755/1226 1246/758/1238 1247/799/1239
f 1246/758/1238 1258/760/1250 1259/800/1251
f 1258/760/1250 1270/762/1262 1271/801/1263
f 1270/762/1262 1282/764/1274 1283/802/1275
f 1283/802/1275 1282/764/1274 1294/765/1286
f 1294/765/1286 1306/767/1298 1307/804/1299
f 1306/767/1298 1318/769/1310 1319/805/1311
f 1318/769/1310 1330/771/1322 1331/806/1323
f 1330/771/1322 1342/773/1334 1343/807/1335
f 1342/773/1334 1354/775/1346 1355/808/1347
f 1354/775/1346 1366/777/1358 1367/809/1359
f 1366/777/1358 1378/779/1370 1379/810/1371
f 1378/779/1370 1390/780/1382 1391/811/1383
f 1390/780/1382 1402/782/1394 1403/812/1395
f 1402/782/1394 1414/784/1406 1415/813/1407
f 1414/784/1406 1426/786/1418 1427/814/1419
f 1426/786/1418 1438/788/1430 1439/815/1431
f 1438/788/1430 1450/790/1442 1451/816/1443
f 1450/790/1442 1462/792/1454 1463/817/1455
f 1462/792/1454 1474/794/1466 1475/818/1467
f 1474/794/1466 1486/796/1478 1487/819/1479
f 1223/797/1215 1235/798/1227 1236/820/1228
f 1235/798/1227 1247/799/1239 1248/822/1240
f 1247/799/1239 1259/800/1251 1260/823/1252
f 1260/823/1252 1259/800/1251 1271/801/1263
f 1272/824/1264 1271/801/1263 1283/802/1275
f 1283/802/1275 1295/803/1287 1296/826/1288
f 1295/803/1287 1307/804/1299 1308/827/1300
f 1307/804/1299 1319/805/1311 1320/828/1312
f 1319/805/1311 1331/806/1323 1332/829/1324
f 1331/806/1323 1343/807/1335 1344/830/1336
f 1344/830/1336 1343/807/1335 1355/808/1347
f 1355/808/1347 1367/809/1359 1368/832/1360
f 1367/809/1359 1379/810/1371 1380/833/1372
f 1379/810/1371 1391/811/1383 1392/834/1384
f 1391/811/1383 1403/812/1395 1404/835/1396
f 1403/812/1395 1415/813/1407 1416/836/1408
f 1416/836/1408 1415/813/1407 1427/814/1419
f 1428/837/1420 1427/814/1419 1439/815/1431
f 1440/838/1432 1439/815/1431 1451/816/1443
f 1451/816/1443 1463/817/1455 1464/840/1456
f 1463/817/1455 1475/818/1467 1476/841/1468
f 1475/818/1467 1487/819/1479 1488/842/1480
f 1224/821/1216 1236/820/1228 1237/798/1229
f 1236/820/1228 1248/822/1240 1249/799/1241
f 1248/822/1240 1260/823/1252 1261/800/1253
f 1260/823/1252 1272/824/1264 1273/801/1265
f 1272/824/1264 1284/825/1276 1285/802/1277
f 1284/825/1276 1296/826/1288 1297/803/1289
f 1297/803/1289 1296/826/1288 1308/827/1300
f 1308/827/1300 1320/828/1312 1321/805/1313
f 1321/805/1313 1320/828/1312 1332/829/1324
f 1332/829/1324 1344/830/1336 1345/807/1337
f 1344/830/1336 1356/831/1348 1357/808/1349
f 1356/831/1348 1368/832/1360 1369/809/1361
f 1368/832/1360 1380/833/1372 1381/810/1373
f 1380/833/1372 1392/834/1384 1393/811/1385
f 1393/811/1385 1392/834/1384 1404/835/1396
f 1404/835/1396 1416/836/1408 1417/813/1409
f 1416/836/1408 1428/837/1420 1429/814/1421
f 1428/837/1420 1440/838/1432 1441/815/1433
f 1440/838/1432 1452/839/1444 1453/816/1445
f 1452/839/1444 1464/840/1456 1465/817/1457
f 1464/840/1456 1476/841/1468 1477/818/1469
f 1476/841/1468 1488/842/1480 1489/819/1481
f 1225/797/1217 1237/798/1229 1238/755/1230
f 1238/755/1230 1237/798/1229 1249/799/1241
f 1250/758/1242 1249/799/1241 1261/800/1253
f 1261/800/1253 1273/801/1265 1274/762/1266
f 1273/801/1265 1285/802/1277 1286/764/1278
f 1285/802/1277 1297/803/1289 1298/765/1290
f 1297/803/1289 1309/804/1301 1310/767/1302
f 1309/804/1301 1321/805/1313 1322/769/1314
f 1321/805/1313 1333/806/1325 1334/771/1326
f 1333/806/1325 1345/807/1337 1346/773/1338
f 1345/807/1337 1357/808/1349 1358/775/1350
f 1358/775/1350 1357/808/1349 1369/809/1361
f 1369/809/1361 1381/810/1373 1382/779/1374
f 1381/810/1373 1393/811/1385 1394/780/1386
f 1393/811/1385 1405/812/1397 1406/782/1398
f 1405/812/1397 1417/813/1409 1418/784/1410
f 1418/784/1410 1417/813/1409 1429/814/1421
f 1430/786/1422 1429/814/1421 1441/815/1433
f 1441/815/1433 1453/816/1445 1454/790/1446
f 1453/816/1445 1465/817/1457 1466/792/1458
f 1465/817/1457 1477/818/1469 1478/794/1470
f 1478/794/1470 1477/818/1469 1489/819/1481
f 1226/756/1218 1238/755/1230 1239/757/1231
f 1239/757/1231 1238/755/1230 1250/758/1242
f 1250/758/1242 1262/760/1254 1263/759/1255
f 1262/760/1254 1274/762/1266 1275/761/1267
f 1274/762/1266 1286/764/1278 1287/763/1279
f 1286/764/1278 1298/765/1290 1299/766/1291
f 1298/765/1290 1310/767/1302 1311/768/1303
f 1310/767/1302 1322/769/1314 1323/770/1315
f 1322/769/1314 1334/771/1326 1335/844/1327
f 1334/771/1326 1346/773/1338 1347/772/1339
f 1346/773/1338 1358/775/1350 1359/774/1351
f 1358/775/1350 1370/777/1362 1371/776/1363
f 1370/777/1362 1382/779/1374 1383/778/1375
f 1382/779/1374 1394/780/1386 1395/781/1387
f 1394/780/1386 1406/782/1398 1407/783/1399
f 1406/782/1398 1418/784/1410 1419/785/1411
f 1418/784/1410 1430/786/1422 1431/787/1423
f 1430/786/1422 1442/788/1434 1443/789/1435
f 1443/789/1435 1442/788/1434 1454/790/1446
f 1455/791/1447 1454/790/1446 1466/792/1458
f 1466/792/1458 1478/794/1470 1479/845/1471
f 1478/794/1470 1490/796/1482 1491/795/1483
f 1227/754/1219 1239/757/1231 1240/846/1232
f 1240/846/1232 1239/757/1231 1251/843/1243
f 1251/843/1243 1263/759/1255 1264/849/1256
f 1263/759/1255 1275/761/1267 1276/850/1268
f 1276/850/1268 1275/761/1267 1287/763/1279
f 1288/851/1280 1287/763/1279 1299/766/1291
f 1299/766/1291 1311/768/1303 1312/853/1304
f 1311/768/1303 1323/770/1315 1324/854/1316
f 1323/770/1315 1335/844/1327 1336/855/1328
f 1335/844/1327 1347/772/1339 1348/856/1340
f 1347/772/1339 1359/774/1351 1360/857/1352
f 1360/857/1352 1359/774/1351 1371/776/1363
f 1371/776/1363 1383/778/1375 1384/859/1376
f 1383/778/1375 1395/781/1387 1396/860/1388
f 1395/781/1387 1407/783/1399 1408/861/1400
f 1407/783/1399 1419/785/1411 1420/862/1412
f 1420/862/1412 1419/785/1411 1431/787/1423
f 1432/863/1424 1431/787/1423 1443/789/1435
f 1443/789/1435 1455/791/1447 1456/865/1448
f 1455/791/1447 1467/793/1459 1468/866/1460
f 1467/793/1459 1479/845/1471 1480/867/1472
f 1479/845/1471 1491/795/1483 1492/868/1484
f 1229/869/1221 1228/847/1220 1240/846/1232
f 1240/846/1232 1252/848/1244 1253/871/1245
f 1252/848/1244 1264/849/1256 1265/872/1257
f 1264/849/1256 1276/850/1268 1277/873/1269
f 1277/873/1269 1276/850/1268 1288/851/1280
f 1289/874/1281 1288/851/1280 1300/852/1292
f 1300/852/1292 1312/853/1304 1313/876/1305
f 1312/853/1304 1324/854/1316 1325/877/1317
f 1325/877/1317 1324/854/1316 1336/855/1328
f 1337/878/1329 1336/855/1328 1348/856/1340
f 1348/856/1340 1360/857/1352 1361/880/1353
f 1360/857/1352 1372/858/1364 1373/881/1365
f 1372/858/1364 1384/859/1376 1385/882/1377
f 1384/859/1376 1396/860/1388 1397/883/1389
f 1396/860/1388 1408/861/1400 1409/884/1401
f 1408/861/1400 1420/862/1412 1421/885/1413
f 1420/862/1412 1432/863/1424 1433/886/1425
f 1432/863/1424 1444/864/1436 1445/887/1437
f 1444/864/1436 1456/865/1448 1457/888/1449
f 1456/865/1448 1468/866/1460 1469/889/1461
f 1468/866/1460 1480/867/1472 1481/890/1473
f 1481/890/1473 1480/867/1472 1492/868/1484
f 1229/869/1221 1241/870/1233 1242/892/1234
f 1242/892/1234 1241/870/1233 1253/871/1245
f 1253/871/1245 1265/872/1257 1266/895/1258
f 1266/895/1258 1265/872/1257 1277/873/1269
f 1277/873/1269 1289/874/1281 1290/897/1282
f 1289/874/1281 1301/875/1293 1302/898/1294
f 1301/875/1293 1313/876/1305 1314/899/1306
f 1314/899/1306 1313/876/1305 1325/877/1317
f 1325/877/1317 1337/878/1329 1338/901/1330
f 1337/878/1329 1349/879/1341 1350/902/1342
f 1349/879/1341 1361/880/1353 1362/903/1354
f 1362/903/1354 1361/880/1353 1373/881/1365
f 1373/881/1365 1385/882/1377 1386/905/1378
f 1386/905/1378 1385/882/1377 1397/883/1389
f 1397/883/1389 1409/884/1401 1410/907/1402
f 1410/907/1402 1409/884/1401 1421/885/1413
f 1422/908/1414 1421/885/1413 1433/886/1425
f 1433/886/1425 1445/887/1437 1446/910/1438
f 1446/910/1438 1445/887/1437 1457/888/1449
f 1458/911/1450 1457/888/1449 1469/889/1461
f 1469/889/1461 1481/890/1473 1482/913/1474
f 1482/913/1474 1481/890/1473 1493/891/1485
f 1230/893/1222 1242/892/1234 1243/870/1235
f 1243/870/1235 1242/892/1234 1254/894/1246
f 1254/894/1246 1266/895/1258 1267/872/1259
f 1266/895/1258 1278/896/1270 1279/873/1271
f 1278/896/1270 1290/897/1282 1291/874/1283
f 1290/897/1282 1302/898/1294 1303/875/1295
f 1303/875/1295 1302/898/1294 1314/899/1306
f 1315/876/1307 1314/899/1306 1326/900/1318
f 1326/900/1318 1338/901/1330 1339/878/1331
f 1338/901/1330 1350/902/1342 1351/879/1343
f 1350/902/1342 1362/903/1354 1363/880/1355
f 1362/903/1354 1374/904/1366 1375/881/1367
f 1374/904/1366 1386/905/1378 1387/882/1379
f 1386/905/1378 1398/906/1390 1399/883/1391
f 1398/906/1390 1410/907/1402 1411/884/1403
f 1410/907/1402 1422/908/1414 1423/885/1415
f 1422/908/1414 1434/909/1426 1435/886/1427
f 1434/909/1426 1446/910/1438 1447/887/1439
f 1446/910/1438 1458/911/1450 1459/888/1451
f 1458/911/1450 1470/912/1462 1471/889/1463
f 1470/912/1462 1482/913/1474 1483/890/1475
f 1482/913/1474 1494/914/1486 1495/891/1487
f 1231/869/1223 1243/870/1235 1244/846/1236
f 1243/870/1235 1255/871/1247 1256/848/1248
f 1255/871/1247 1267/872/1259 1268/849/1260
f 1268/849/1260 1267/872/1259 1279/873/1271
f 1280/850/1272 1279/873/1271 1291/874/1283
f 1291/874/1283 1303/875/1295 1304/852/1296
f 1303/875/1295 1315/876/1307 1316/853/1308
f 1315/876/1307 1327/877/1319 1328/854/1320
f 1327/877/1319 1339/878/1331 1340/855/1332
f 1339/878/1331 1351/879/1343 1352/856/1344
f 1351/879/1343 1363/880/1355 1364/857/1356
f 1364/857/1356 1363/880/1355 1375/881/1367
f 1375/881/1367 1387/882/1379 1388/859/1380
f 1387/882/1379 1399/883/1391 1400/860/1392
f 1399/883/1391 1411/884/1403 1412/861/1404
f 1412/861/1404 1411/884/1403 1423/885/1415
f 1423/885/1415 1435/886/1427 1436/863/1428
f 1435/886/1427 1447/887/1439 1448/864/1440
f 1448/864/1440 1447/887/1439 1459/888/1451
f 1460/865/1452 1459/888/1451 1471/889/1463
f 1471/889/1463 1483/890/1475 1484/867/1476
f 1483/890/1475 1495/891/1487 1496/868/1488
f 1232/847/1224 1244/846/1236 1233/757/1225
f 1244/846/1236 1256/848/1248 1245/843/1237
f 1256/848/1248 1268/849/1260 1257/759/1249
f 1268/849/1260 1280/850/1272 1269/761/1261
f 1280/850/1272 1292/851/1284 1281/763/1273
f 1292/851/1284 1304/852/1296 1293/766/1285
f 1304/852/1296 1316/853/1308 1305/768/1297
f 1316/853/1308 1328/854/1320 1317/770/1309
f 1328/854/1320 1340/855/1332 1329/844/1321
f 1340/855/1332 1352/856/1344 1341/772/1333
f 1352/856/1344 1364/857/1356 1353/774/1345
f 1364/857/1356 1376/858/1368 1365/776/1357
f 1376/858/1368 1388/859/1380 1377/778/1369
f 1377/778/1369 1388/859/1380 1400/860/1392
f 1400/860/1392 1412/861/1404 1401/783/1393
f 1412/861/1404 1424/862/1416 1413/785/1405
f 1413/785/1405 1424/862/1416 1436/863/1428
f 1425/787/1417 1436/863/1428 1448/864/1440
f 1448/864/1440 1460/865/1452 1449/791/1441
f 1449/791/1441 1460/865/1452 1472/866/1464
f 1472/866/1464 1484/867/1476 1473/845/1465
f 1484/867/1476 1496/868/1488 1485/795/1477
g A_Pommel.001_A_PommelProfileData.001
v 0.000000 -0.090000 0.000000
v 0.190000 -0.090000 0.000000
v 0.220000 -0.060000 0.000000
v 0.220000 0.000000 0.000000
v 0.190000 0.030000 0.000000
v 0.000000 0.030000 0.000000
v 0.153713 -0.090000 -0.111679
v 0.177984 -0.060000 -0.129313
v 0.177984 0.000000 -0.129313
v 0.153713 0.030000 -0.111679
v 0.058713 -0.090000 -0.180701
v 0.067984 -0.060000 -0.209232
v 0.067984 0.000000 -0.209232
v 0.058713 0.030000 -0.180701
v -0.058713 -0.090000 -0.180701
v -0.067984 -0.060000 -0.209232
v -0.067984 0.000000 -0.209232
v -0.058713 0.030000 -0.180701
v -0.153713 -0.090000 -0.111679
v -0.177984 -0.060000 -0.129313
v -0.177984 0.000000 -0.129313
v -0.153713 0.030000 -0.111679
v -0.190000 -0.090000 0.000000
v -0.220000 -0.060000 0.000000
v -0.220000 0.000000 0.000000
v -0.190000 0.030000 0.000000
v -0.153713 -0.090000 0.111679
v -0.177984 -0.060000 0.129313
v -0.177984 0.000000 0.129313
v -0.153713 0.030000 0.111679
v -0.058713 -0.090000 0.180701
v -0.067984 -0.060000 0.209232
v -0.067984 0.000000 0.209232
v -0.058713 0.030000 0.180701
v 0.058713 -0.090000 0.180701
v 0.067984 -0.060000 0.209232
v 0.067984 0.000000 0.209232
v 0.058713 0.030000 0.180701
v 0.153713 -0.090000 0.111679
v 0.177984 -0.060000 0.129313
v 0.177984 0.000000 0.129313
v 0.153713 0.030000 0.111679
vn -0.0000 -1.0000 -0.0000
vn 0.4440 -0.8960 -0.0000
vn 0.9336 -0.3584 -0.0000
vn 0.9336 0.3584 -0.0000
vn 0.4440 0.8960 -0.0000
vn -0.0000 1.0000 -0.0000
vn 0.3592 -0.8960 -0.2610
vn 0.7553 -0.3584 -0.5487
vn 0.7553 0.3584 -0.5487
vn 0.3592 0.8960 -0.2610
vn 0.1372 -0.8960 -0.4223
vn 0.2885 -0.3584 -0.8879
vn 0.2885 0.3584 -0.8879
vn 0.1372 0.8960 -0.4223
vn -0.1372 -0.8960 -0.4223
vn -0.2885 -0.3584 -0.8879
vn -0.2885 0.3584 -0.8879
vn -0.1372 0.8960 -0.4223
vn -0.3592 -0.8960 -0.2610
vn -0.7553 -0.3584 -0.5487
vn -0.7553 0.3584 -0.5487
vn -0.3592 0.8960 -0.2610
vn -0.4440 -0.8960 -0.0000
vn -0.9336 -0.3584 -0.0000
vn -0.9336 0.3584 -0.0000
vn -0.4440 0.8960 -0.0000
vn -0.3592 -0.8960 0.2610
vn -0.7553 -0.3584 0.5487
vn -0.7553 0.3584 0.5487
vn -0.3592 0.8960 0.2610
vn -0.1372 -0.8960 0.4223
vn -0.2885 -0.3584 0.8879
vn -0.2885 0.3584 0.8879
vn -0.1372 0.8960 0.4223
vn 0.1372 -0.8960 0.4223
vn 0.2885 -0.3584 0.8879
vn 0.2885 0.3584 0.8879
vn 0.1372 0.8960 0.4223
vn 0.3592 -0.8960 0.2610
vn 0.7553 -0.3584 0.5487
vn 0.7553 0.3584 0.5487
vn 0.3592 0.8960 0.2610
vt 0.000000 0.000000
vt 0.050000 0.000000
vt 0.100000 0.000000
vt 0.150000 0.000000
vt 0.200000 0.000000
vt 0.250000 0.000000
vt 0.300000 0.000000
vt 0.350000 0.000000
vt 0.400000 0.000000
vt 0.450000 0.000000
vt 0.500000 0.000000
vt 0.550000 0.000000
vt 0.600000 0.000000
vt 0.650000 0.000000
vt 0.700000 0.000000
vt 0.750000 0.000000
vt 0.800000 0.000000
vt 0.850000 0.000000
vt 0.900000 0.000000
vt 0.950000 0.000000
vt 1.000000 0.000000
vt 0.000000 0.250000
vt 0.100000 0.250000
vt 0.200000 0.250000
vt 0.300000 0.250000
vt 0.400000 0.250000
vt 0.500000 0.250000
vt 0.600000 0.250000
vt 0.700000 0.250000
vt 0.800000 0.250000
vt 0.900000 0.250000
vt 1.000000 0.250000
vt 0.000000 0.750000
vt 0.100000 0.750000
vt 0.200000 0.750000
vt 0.300000 0.750000
vt 0.400000 0.750000
vt 0.500000 0.750000
vt 0.600000 0.750000
vt 0.700000 0.750000
vt 0.800000 0.750000
vt 0.900000 0.750000
vt 1.000000 0.750000
vt 0.000000 1.000000
vt 0.100000 1.000000
vt 0.200000 1.000000
vt 0.300000 1.000000
vt 0.400000 1.000000
vt 0.500000 1.000000
vt 0.600000 1.000000
vt 0.700000 1.000000
vt 0.800000 1.000000
vt 0.900000 1.000000
vt 1.000000 1.000000
vt 0.050000 1.000000
vt 0.150000 1.000000
vt 0.250000 1.000000
vt 0.350000 1.000000
vt 0.450000 1.000000
vt 0.550000 1.000000
vt 0.650000 1.000000
vt 0.750000 1.000000
vt 0.850000 1.000000
vt 0.950000 1.000000
s 1
g A_Pommel.001_ritual_gold
usemtl ritual_gold
f 1498/915/1490 1497/916/1489 1503/917/1495
f 1503/917/1495 1497/918/1489 1507/919/1499
f 1507/919/1499 1497/920/1489 1511/921/1503
f 1511/921/1503 1497/922/1489 1515/923/1507
f 1515/923/1507 1497/924/1489 1519/925/1511
f 1519/925/1511 1497/926/1489 1523/927/1515
f 1523/927/1515 1497/928/1489 1527/929/1519
f 1527/929/1519 1497/930/1489 1531/931/1523
f 1531/931/1523 1497/932/1489 1535/933/1527
f 1535/933/1527 1497/934/1489 1498/935/1490
f 1499/936/1491 1498/915/1490 1503/917/1495 1504/937/1496
f 1504/937/1496 1503/917/1495 1507/919/1499 1508/938/1500
f 1508/938/1500 1507/919/1499 1511/921/1503 1512/939/1504
f 1512/939/1504 1511/921/1503 1515/923/1507 1516/940/1508
f 1516/940/1508 1515/923/1507 1519/925/1511 1520/941/1512
f 1520/941/1512 1519/925/1511 1523/927/1515 1524/942/1516
f 1524/942/1516 1523/927/1515 1527/929/1519 1528/943/1520
f 1528/943/1520 1527/929/1519 1531/931/1523 1532/944/1524
f 1532/944/1524 1531/931/1523 1535/933/1527 1536/945/1528
f 1536/945/1528 1535/933/1527 1498/935/1490 1499/946/1491
f 1500/947/1492 1499/936/1491 1504/937/1496 1505/948/1497
f 1505/948/1497 1504/937/1496 1508/938/1500 1509/949/1501
f 1509/949/1501 1508/938/1500 1512/939/1504 1513/950/1505
f 1513/950/1505 1512/939/1504 1516/940/1508 1517/951/1509
f 1517/951/1509 1516/940/1508 1520/941/1512 1521/952/1513
f 1521/952/1513 1520/941/1512 1524/942/1516 1525/953/1517
f 1525/953/1517 1524/942/1516 1528/943/1520 1529/954/1521
f 1529/954/1521 1528/943/1520 1532/944/1524 1533/955/1525
f 1533/955/1525 1532/944/1524 1536/945/1528 1537/956/1529
f 1537/956/1529 1536/945/1528 1499/946/1491 1500/957/1492
f 1501/958/1493 1500/947/1492 1505/948/1497 1506/959/1498
f 1506/959/1498 1505/948/1497 1509/949/1501 1510/960/1502
f 1510/960/1502 1509/949/1501 1513/950/1505 1514/961/1506
f 1514/961/1506 1513/950/1505 1517/951/1509 1518/962/1510
f 1518/962/1510 1517/951/1509 1521/952/1513 1522/963/1514
f 1522/963/1514 1521/952/1513 1525/953/1517 1526/964/1518
f 1526/964/1518 1525/953/1517 1529/954/1521 1530/965/1522
f 1530/965/1522 1529/954/1521 1533/955/1525 1534/966/1526
f 1534/966/1526 1533/955/1525 1537/956/1529 1538/967/1530
f 1538/967/1530 1537/956/1529 1500/957/1492 1501/968/1493
f 1502/969/1494 1501/958/1493 1506/959/1498
f 1502/970/1494 1506/959/1498 1510/960/1502
f 1502/971/1494 1510/960/1502 1514/961/1506
f 1502/972/1494 1514/961/1506 1518/962/1510
f 1502/973/1494 1518/962/1510 1522/963/1514
f 1502/974/1494 1522/963/1514 1526/964/1518
f 1502/975/1494 1526/964/1518 1530/965/1522
f 1502/976/1494 1530/965/1522 1534/966/1526
f 1502/977/1494 1534/966/1526 1538/967/1530
f 1502/978/1494 1538/967/1530 1501/968/1493
g A_Pommel.001_Mesh
v 0.000000 -0.090000 0.000000
v 0.190000 -0.090000 0.000000
v 0.220000 -0.060000 0.000000
v 0.220000 0.000000 0.000000
v 0.190000 0.030000 0.000000
v 0.000000 0.030000 0.000000
v 0.153713 -0.090000 -0.111679
v 0.177984 -0.060000 -0.129313
v 0.177984 0.000000 -0.129313
v 0.153713 0.030000 -0.111679
v 0.058713 -0.090000 -0.180701
v 0.067984 -0.060000 -0.209232
v 0.067984 0.000000 -0.209232
v 0.058713 0.030000 -0.180701
v -0.058713 -0.090000 -0.180701
v -0.067984 -0.060000 -0.209232
v -0.067984 0.000000 -0.209232
v -0.058713 0.030000 -0.180701
v -0.153713 -0.090000 -0.111679
v -0.177984 -0.060000 -0.129313
v -0.177984 0.000000 -0.129313
v -0.153713 0.030000 -0.111679
v -0.190000 -0.090000 0.000000
v -0.220000 -0.060000 0.000000
v -0.220000 0.000000 0.000000
v -0.190000 0.030000 0.000000
v -0.153713 -0.090000 0.111679
v -0.177984 -0.060000 0.129313
v -0.177984 0.000000 0.129313
v -0.153713 0.030000 0.111679
v -0.058713 -0.090000 0.180701
v -0.067984 -0.060000 0.209232
v -0.067984 0.000000 0.209232
v -0.058713 0.030000 0.180701
v 0.058713 -0.090000 0.180701
v 0.067984 -0.060000 0.209232
v 0.067984 0.000000 0.209232
v 0.058713 0.030000 0.180701
v 0.153713 -0.090000 0.111679
v 0.177984 -0.060000 0.129313
v 0.177984 0.000000 0.129313
v 0.153713 0.030000 0.111679
vn -0.0000 -1.0000 -0.0000
vn 0.4440 -0.8960 -0.0000
vn 0.9336 -0.3584 -0.0000
vn 0.9336 0.3584 -0.0000
vn 0.4440 0.8960 -0.0000
vn -0.0000 1.0000 -0.0000
vn 0.3592 -0.8960 -0.2610
vn 0.7553 -0.3584 -0.5487
vn 0.7553 0.3584 -0.5488
vn 0.3592 0.8960 -0.2610
vn 0.1372 -0.8960 -0.4223
vn 0.2885 -0.3584 -0.8879
vn 0.2885 0.3584 -0.8879
vn 0.1372 0.8960 -0.4223
vn -0.1372 -0.8960 -0.4223
vn -0.2885 -0.3584 -0.8879
vn -0.2885 0.3584 -0.8879
vn -0.1372 0.8960 -0.4223
vn -0.3592 -0.8960 -0.2610
vn -0.7553 -0.3584 -0.5488
vn -0.7553 0.3584 -0.5487
vn -0.3592 0.8960 -0.2610
vn -0.4440 -0.8960 -0.0000
vn -0.9336 -0.3584 -0.0000
vn -0.9336 0.3584 -0.0000
vn -0.4440 0.8960 -0.0000
vn -0.3592 -0.8960 0.2610
vn -0.7553 -0.3584 0.5487
vn -0.7553 0.3584 0.5487
vn -0.3592 0.8960 0.2610
vn -0.1372 -0.8960 0.4223
vn -0.2885 -0.3584 0.8879
vn -0.2885 0.3584 0.8879
vn -0.1372 0.8960 0.4223
vn 0.1372 -0.8960 0.4223
vn 0.2885 -0.3584 0.8879
vn 0.2885 0.3584 0.8879
vn 0.1372 0.8960 0.4223
vn 0.3592 -0.8960 0.2610
vn 0.7553 -0.3584 0.5487
vn 0.7553 0.3584 0.5487
vn 0.3592 0.8960 0.2610
vt 0.000000 0.000000
vt 0.050000 0.000000
vt 0.100000 0.000000
vt 0.150000 0.000000
vt 0.200000 0.000000
vt 0.250000 0.000000
vt 0.300000 0.000000
vt 0.350000 0.000000
vt 0.400000 0.000000
vt 0.450000 0.000000
vt 0.500000 0.000000
vt 0.550000 0.000000
vt 0.600000 0.000000
vt 0.650000 0.000000
vt 0.700000 0.000000
vt 0.750000 0.000000
vt 0.800000 0.000000
vt 0.850000 0.000000
vt 0.900000 0.000000
vt 0.950000 0.000000
vt 1.000000 0.000000
vt 0.100000 0.250000
vt 0.000000 0.250000
vt 0.200000 0.250000
vt 0.300000 0.250000
vt 0.400000 0.250000
vt 0.500000 0.250000
vt 0.600000 0.250000
vt 0.700000 0.250000
vt 0.800000 0.250000
vt 0.900000 0.250000
vt 1.000000 0.250000
vt 0.100000 0.750000
vt 0.000000 0.750000
vt 0.200000 0.750000
vt 0.300000 0.750000
vt 0.400000 0.750000
vt 0.500000 0.750000
vt 0.600000 0.750000
vt 0.700000 0.750000
vt 0.800000 0.750000
vt 0.900000 0.750000
vt 1.000000 0.750000
vt 0.000000 1.000000
vt 0.100000 1.000000
vt 0.200000 1.000000
vt 0.300000 1.000000
vt 0.400000 1.000000
vt 0.500000 1.000000
vt 0.600000 1.000000
vt 0.700000 1.000000
vt 0.800000 1.000000
vt 0.900000 1.000000
vt 1.000000 1.000000
vt 0.050000 1.000000
vt 0.150000 1.000000
vt 0.250000 1.000000
vt 0.350000 1.000000
vt 0.450000 1.000000
vt 0.550000 1.000000
vt 0.650000 1.000000
vt 0.750000 1.000000
vt 0.850000 1.000000
vt 0.950000 1.000000
s 1
g A_Pommel.001_ritual_gold
usemtl ritual_gold
f 1540/979/1532 1539/980/1531 1545/981/1537
f 1545/981/1537 1539/982/1531 1549/983/1541
f 1549/983/1541 1539/984/1531 1553/985/1545
f 1553/985/1545 1539/986/1531 1557/987/1549
f 1557/987/1549 1539/988/1531 1561/989/1553
f 1561/989/1553 1539/990/1531 1565/991/1557
f 1565/991/1557 1539/992/1531 1569/993/1561
f 1569/993/1561 1539/994/1531 1573/995/1565
f 1573/995/1565 1539/996/1531 1577/997/1569
f 1577/997/1569 1539/998/1531 1540/999/1532
f 1540/979/1532 1546/1000/1538 1541/1001/1533
f 1546/1000/1538 1549/983/1541 1550/1002/1542
f 1549/983/1541 1554/1003/1546 1550/1002/1542
f 1553/985/1545 1558/1004/1550 1554/1003/1546
f 1558/1004/1550 1561/989/1553 1562/1005/1554
f 1561/989/1553 1566/1006/1558 1562/1005/1554
f 1565/991/1557 1570/1007/1562 1566/1006/1558
f 1569/993/1561 1574/1008/1566 1570/1007/1562
f 1574/1008/1566 1577/997/1569 1578/1009/1570
f 1577/997/1569 1541/1010/1533 1578/1009/1570
f 1541/1001/1533 1547/1011/1539 1542/1012/1534
f 1546/1000/1538 1551/1013/1543 1547/1011/1539
f 1550/1002/1542 1555/1014/1547 1551/1013/1543
f 1554/1003/1546 1559/1015/1551 1555/1014/1547
f 1558/1004/1550 1563/1016/1555 1559/1015/1551
f 1562/1005/1554 1567/1017/1559 1563/1016/1555
f 1566/1006/1558 1571/1018/1563 1567/1017/1559
f 1570/1007/1562 1575/1019/1567 1571/1018/1563
f 1574/1008/1566 1579/1020/1571 1575/1019/1567
f 1578/1009/1570 1542/1021/1534 1579/1020/1571
f 1543/1022/1535 1547/1011/1539 1548/1023/1540
f 1547/1011/1539 1552/1024/1544 1548/1023/1540
f 1552/1024/1544 1555/1014/1547 1556/1025/1548
f 1555/1014/1547 1560/1026/1552 1556/1025/1548
f 1559/1015/1551 1564/1027/1556 1560/1026/1552
f 1563/1016/1555 1568/1028/1560 1564/1027/1556
f 1567/1017/1559 1572/1029/1564 1568/1028/1560
f 1571/1018/1563 1576/1030/1568 1572/1029/1564
f 1575/1019/1567 1580/1031/1572 1576/1030/1568
f 1580/1031/1572 1542/1021/1534 1543/1032/1535
f 1544/1033/1536 1543/1022/1535 1548/1023/1540
f 1544/1034/1536 1548/1023/1540 1552/1024/1544
f 1544/1035/1536 1552/1024/1544 1556/1025/1548
f 1544/1036/1536 1556/1025/1548 1560/1026/1552
f 1544/1037/1536 1560/1026/1552 1564/1027/1556
f 1544/1038/1536 1564/1027/1556 1568/1028/1560
f 1544/1039/1536 1568/1028/1560 1572/1029/1564
f 1544/1040/1536 1572/1029/1564 1576/1030/1568
f 1544/1041/1536 1576/1030/1568 1580/1031/1572
f 1544/1042/1536 1580/1031/1572 1543/1032/1535
f 1540/979/1532 1545/981/1537 1546/1000/1538
f 1546/1000/1538 1545/981/1537 1549/983/1541
f 1549/983/1541 1553/985/1545 1554/1003/1546
f 1553/985/1545 1557/987/1549 1558/1004/1550
f 1558/1004/1550 1557/987/1549 1561/989/1553
f 1561/989/1553 1565/991/1557 1566/1006/1558
f 1565/991/1557 1569/993/1561 1570/1007/1562
f 1569/993/1561 1573/995/1565 1574/1008/1566
f 1574/1008/1566 1573/995/1565 1577/997/1569
f 1577/997/1569 1540/999/1532 1541/1010/1533
f 1541/1001/1533 1546/1000/1538 1547/1011/1539
f 1546/1000/1538 1550/1002/1542 1551/1013/1543
f 1550/1002/1542 1554/1003/1546 1555/1014/1547
f 1554/1003/1546 1558/1004/1550 1559/1015/1551
f 1558/1004/1550 1562/1005/1554 1563/1016/1555
f 1562/1005/1554 1566/1006/1558 1567/1017/1559
f 1566/1006/1558 1570/1007/1562 1571/1018/1563
f 1570/1007/1562 1574/1008/1566 1575/1019/1567
f 1574/1008/1566 1578/1009/1570 1579/1020/1571
f 1578/1009/1570 1541/1010/1533 1542/1021/1534
f 1543/1022/1535 1542/1012/1534 1547/1011/1539
f 1547/1011/1539 1551/1013/1543 1552/1024/1544
f 1552/1024/1544 1551/1013/1543 1555/1014/1547
f 1555/1014/1547 1559/1015/1551 1560/1026/1552
f 1559/1015/1551 1563/1016/1555 1564/1027/1556
f 1563/1016/1555 1567/1017/1559 1568/1028/1560
f 1567/1017/1559 1571/1018/1563 1572/1029/1564
f 1571/1018/1563 1575/1019/1567 1576/1030/1568
f 1575/1019/1567 1579/1020/1571 1580/1031/1572
f 1580/1031/1572 1579/1020/1571 1542/1021/1534
g A_Stud_0.001_A_Stud_0ProfileData.001
v 0.600000 0.800000 0.000000
v 0.680000 0.800000 0.000000
v 0.678082 0.815529 0.000000
v 0.672337 0.830000 0.000000
v 0.662767 0.842426 0.000000
v 0.649246 0.851962 0.000000
v 0.631059 0.857956 0.000000
v 0.600000 0.860000 0.000000
v 0.640000 0.800000 -0.069282
v 0.639041 0.815529 -0.067621
v 0.636169 0.830000 -0.062646
v 0.631383 0.842426 -0.054358
v 0.624623 0.851962 -0.042648
v 0.615530 0.857956 -0.026898
v 0.560000 0.800000 -0.069282
v 0.560959 0.815529 -0.067621
v 0.563831 0.830000 -0.062646
v 0.568617 0.842426 -0.054358
v 0.575377 0.851962 -0.042648
v 0.584471 0.857956 -0.026898
v 0.520000 0.800000 0.000000
v 0.521918 0.815529 0.000000
v 0.527663 0.830000 0.000000
v 0.537233 0.842426 0.000000
v 0.550754 0.851962 0.000000
v 0.568941 0.857956 0.000000
v 0.560000 0.800000 0.069282
v 0.560959 0.815529 0.067621
v 0.563831 0.830000 0.062646
v 0.568617 0.842426 0.054358
v 0.575377 0.851962 0.042648
v 0.584471 0.857956 0.026898
v 0.640000 0.800000 0.069282
v 0.639041 0.815529 0.067621
v 0.636169 0.830000 0.062646
v 0.631383 0.842426 0.054358
v 0.624623 0.851962 0.042648
v 0.615530 0.857956 0.026898
vn -0.0000 1.0000 -0.0000
vn -0.8261 0.5635 -0.0000
vn -0.9711 -0.2386 -0.0000
vn -0.8794 -0.4761 -0.0000
vn -0.7158 -0.6983 -0.0000
vn -0.4867 -0.8736 -0.0000
vn -0.2305 -0.9731 -0.0000
vn -0.0000 -1.0000 -0.0000
vn -0.4131 0.5635 0.7154
vn -0.4856 -0.2386 0.8410
vn -0.4397 -0.4761 0.7616
vn -0.3579 -0.6983 0.6199
vn -0.2433 -0.8736 0.4215
vn -0.1153 -0.9731 0.1997
vn 0.4131 0.5635 0.7154
vn 0.4856 -0.2386 0.8410
vn 0.4397 -0.4761 0.7616
vn 0.3579 -0.6983 0.6199
vn 0.2433 -0.8736 0.4215
vn 0.1153 -0.9731 0.1997
vn 0.8261 0.5635 -0.0000
vn 0.9711 -0.2386 -0.0000
vn 0.8794 -0.4761 -0.0000
vn 0.7158 -0.6983 -0.0000
vn 0.4867 -0.8736 -0.0000
vn 0.2305 -0.9731 -0.0000
vn 0.4131 0.5635 -0.7154
vn 0.4856 -0.2386 -0.8410
vn 0.4397 -0.4761 -0.7616
vn 0.3579 -0.6983 -0.6199
vn 0.2433 -0.8736 -0.4215
vn 0.1153 -0.9731 -0.1997
vn -0.4131 0.5635 -0.7154
vn -0.4856 -0.2386 -0.8410
vn -0.4397 -0.4761 -0.7616
vn -0.3579 -0.6983 -0.6199
vn -0.2433 -0.8736 -0.4215
vn -0.1153 -0.9731 -0.1997
vt 0.083333 0.000000
vt 0.000000 0.000000
vt 0.166667 0.000000
vt 0.250000 0.000000
vt 0.333333 0.000000
vt 0.416667 0.000000
vt 0.500000 0.000000
vt 0.583333 0.000000
vt 0.666667 0.000000
vt 0.750000 0.000000
vt 0.833333 0.000000
vt 0.916667 0.000000
vt 1.000000 0.000000
vt 0.000000 0.258819
vt 0.166667 0.258819
vt 0.333333 0.258819
vt 0.500000 0.258819
vt 0.666667 0.258819
vt 0.833333 0.258819
vt 1.000000 0.258819
vt 0.000000 0.500000
vt 0.166667 0.500000
vt 0.333333 0.500000
vt 0.500000 0.500000
vt 0.666667 0.500000
vt 0.833333 0.500000
vt 1.000000 0.500000
vt 0.000000 0.707107
vt 0.166667 0.707107
vt 0.333333 0.707107
vt 0.500000 0.707107
vt 0.666667 0.707107
vt 0.833333 0.707107
vt 1.000000 0.707107
vt 0.000000 0.866025
vt 0.166667 0.866025
vt 0.333333 0.866025
vt 0.500000 0.866025
vt 0.666667 0.866025
vt 0.833333 0.866025
vt 1.000000 0.866025
vt 0.000000 0.965926
vt 0.166667 0.965926
vt 0.333333 0.965926
vt 0.500000 0.965926
vt 0.666667 0.965926
vt 0.833333 0.965926
vt 1.000000 0.965926
vt 0.083333 1.000000
vt 0.250000 1.000000
vt 0.416667 1.000000
vt 0.583333 1.000000
vt 0.750000 1.000000
vt 0.916667 1.000000
s 1
g A_Stud_0.001_ritual_gold
usemtl ritual_gold
f 1581/1043/1573 1582/1044/1574 1589/1045/1581
f 1581/1046/1573 1589/1045/1581 1595/1047/1587
f 1581/1048/1573 1595/1047/1587 1601/1049/1593
f 1581/1050/1573 1601/1049/1593 1607/1051/1599
f 1581/1052/1573 1607/1051/1599 1613/1053/1605
f 1581/1054/1573 1613/1053/1605 1582/1055/1574
f 1582/1044/1574 1583/1056/1575 1590/1057/1582 1589/1045/1581
f 1589/1045/1581 1590/1057/1582 1596/1058/1588 1595/1047/1587
f 1595/1047/1587 1596/1058/1588 1602/1059/1594 1601/1049/1593
f 1601/1049/1593 1602/1059/1594 1608/1060/1600 1607/1051/1599
f 1607/1051/1599 1608/1060/1600 1614/1061/1606 1613/1053/1605
f 1613/1053/1605 1614/1061/1606 1583/1062/1575 1582/1055/1574
f 1583/1056/1575 1584/1063/1576 1591/1064/1583 1590/1057/1582
f 1590/1057/1582 1591/1064/1583 1597/1065/1589 1596/1058/1588
f 1596/1058/1588 1597/1065/1589 1603/1066/1595 1602/1059/1594
f 1602/1059/1594 1603/1066/1595 1609/1067/1601 1608/1060/1600
f 1608/1060/1600 1609/1067/1601 1615/1068/1607 1614/1061/1606
f 1614/1061/1606 1615/1068/1607 1584/1069/1576 1583/1062/1575
f 1584/1063/1576 1585/1070/1577 1592/1071/1584 1591/1064/1583
f 1591/1064/1583 1592/1071/1584 1598/1072/1590 1597/1065/1589
f 1597/1065/1589 1598/1072/1590 1604/1073/1596 1603/1066/1595
f 1603/1066/1595 1604/1073/1596 1610/1074/1602 1609/1067/1601
f 1609/1067/1601 1610/1074/1602 1616/1075/1608 1615/1068/1607
f 1615/1068/1607 1616/1075/1608 1585/1076/1577 1584/1069/1576
f 1585/1070/1577 1586/1077/1578 1593/1078/1585 1592/1071/1584
f 1592/1071/1584 1593/1078/1585 1599/1079/1591 1598/1072/1590
f 1598/1072/1590 1599/1079/1591 1605/1080/1597 1604/1073/1596
f 1604/1073/1596 1605/1080/1597 1611/1081/1603 1610/1074/1602
f 1610/1074/1602 1611/1081/1603 1617/1082/1609 1616/1075/1608
f 1616/1075/1608 1617/1082/1609 1586/1083/1578 1585/1076/1577
f 1586/1077/1578 1587/1084/1579 1594/1085/1586 1593/1078/1585
f 1593/1078/1585 1594/1085/1586 1600/1086/1592 1599/1079/1591
f 1599/1079/1591 1600/1086/1592 1606/1087/1598 1605/1080/1597
f 1605/1080/1597 1606/1087/1598 1612/1088/1604 1611/1081/1603
f 1611/1081/1603 1612/1088/1604 1618/1089/1610 1617/1082/1609
f 1617/1082/1609 1618/1089/1610 1587/1090/1579 1586/1083/1578
f 1587/1084/1579 1588/1091/1580 1594/1085/1586
f 1594/1085/1586 1588/1092/1580 1600/1086/1592
f 1600/1086/1592 1588/1093/1580 1606/1087/1598
f 1606/1087/1598 1588/1094/1580 1612/1088/1604
f 1612/1088/1604 1588/1095/1580 1618/1089/1610
f 1618/1089/1610 1588/1096/1580 1587/1090/1579
g A_Stud_0.001_Mesh
v 0.600000 0.800000 0.000000
v 0.680000 0.800000 0.000000
v 0.678082 0.815529 0.000000
v 0.672337 0.830000 0.000000
v 0.662767 0.842426 0.000000
v 0.649246 0.851962 0.000000
v 0.631059 0.857956 0.000000
v 0.600000 0.860000 0.000000
v 0.640000 0.800000 -0.069282
v 0.639041 0.815529 -0.067621
v 0.636169 0.830000 -0.062646
v 0.631383 0.842426 -0.054358
v 0.624623 0.851962 -0.042648
v 0.615530 0.857956 -0.026898
v 0.560000 0.800000 -0.069282
v 0.560959 0.815529 -0.067621
v 0.563831 0.830000 -0.062646
v 0.568617 0.842426 -0.054358
v 0.575377 0.851962 -0.042648
v 0.584471 0.857956 -0.026898
v 0.520000 0.800000 0.000000
v 0.521918 0.815529 0.000000
v 0.527663 0.830000 0.000000
v 0.537233 0.842426 0.000000
v 0.550754 0.851962 0.000000
v 0.568941 0.857956 0.000000
v 0.560000 0.800000 0.069282
v 0.560959 0.815529 0.067621
v 0.563831 0.830000 0.062646
v 0.568617 0.842426 0.054358
v 0.575377 0.851962 0.042648
v 0.584471 0.857956 0.026898
v 0.640000 0.800000 0.069282
v 0.639041 0.815529 0.067621
v 0.636169 0.830000 0.062646
v 0.631383 0.842426 0.054358
v 0.624623 0.851962 0.042648
v 0.615530 0.857956 0.026898
vn -0.0000 1.0000 -0.0000
vn -0.8261 0.5635 -0.0000
vn -0.9711 -0.2386 -0.0000
vn -0.8794 -0.4761 -0.0000
vn -0.7158 -0.6983 -0.0000
vn -0.4867 -0.8736 -0.0000
vn -0.2305 -0.9731 -0.0000
vn -0.0000 -1.0000 -0.0000
vn -0.4130 0.5635 0.7154
vn -0.4856 -0.2386 0.8410
vn -0.4397 -0.4761 0.7616
vn -0.3579 -0.6983 0.6199
vn -0.2433 -0.8736 0.4215
vn -0.1153 -0.9731 0.1997
vn 0.4130 0.5635 0.7154
vn 0.4856 -0.2386 0.8410
vn 0.4397 -0.4761 0.7616
vn 0.3579 -0.6983 0.6199
vn 0.2433 -0.8736 0.4215
vn 0.1153 -0.9731 0.1997
vn 0.8261 0.5635 -0.0000
vn 0.9711 -0.2386 -0.0000
vn 0.8794 -0.4761 -0.0000
vn 0.7158 -0.6983 -0.0000
vn 0.4867 -0.8736 -0.0000
vn 0.2305 -0.9731 -0.0000
vn 0.4130 0.5635 -0.7154
vn 0.4856 -0.2386 -0.8410
vn 0.4397 -0.4761 -0.7616
vn 0.3579 -0.6983 -0.6199
vn 0.2433 -0.8736 -0.4215
vn 0.1153 -0.9731 -0.1997
vn -0.4131 0.5635 -0.7154
vn -0.4856 -0.2386 -0.8410
vn -0.4397 -0.4761 -0.7616
vn -0.3579 -0.6983 -0.6199
vn -0.2433 -0.8736 -0.4215
vn -0.1153 -0.9731 -0.1997
vt 0.083333 0.000000
vt 0.000000 0.000000
vt 0.166667 0.000000
vt 0.250000 0.000000
vt 0.333333 0.000000
vt 0.416667 0.000000
vt 0.500000 0.000000
vt 0.583333 0.000000
vt 0.666667 0.000000
vt 0.750000 0.000000
vt 0.833333 0.000000
vt 0.916667 0.000000
vt 1.000000 0.000000
vt 0.000000 0.258819
vt 0.166667 0.258819
vt 0.500000 0.258819
vt 0.666667 0.258819
vt 0.833333 0.258819
vt 0.000000 0.500000
vt 0.166667 0.500000
vt 0.333333 0.258819
vt 0.333333 0.500000
vt 0.500000 0.500000
vt 0.666667 0.500000
vt 1.000000 0.500000
vt 1.000000 0.258819
vt 0.166667 0.707107
vt 0.333333 0.707107
vt 0.500000 0.707107
vt 0.666667 0.707107
vt 0.833333 0.500000
vt 0.833333 0.707107
vt 0.000000 0.707107
vt 0.166667 0.866025
vt 0.333333 0.866025
vt 0.500000 0.866025
vt 0.666667 0.866025
vt 0.833333 0.866025
vt 1.000000 0.707107
vt 0.000000 0.965926
vt 0.000000 0.866025
vt 0.166667 0.965926
vt 0.500000 0.965926
vt 0.666667 0.965926
vt 1.000000 0.965926
vt 1.000000 0.866025
vt 0.083333 1.000000
vt 0.250000 1.000000
vt 0.333333 0.965926
vt 0.416667 1.000000
vt 0.583333 1.000000
vt 0.750000 1.000000
vt 0.833333 0.965926
vt 0.916667 1.000000
s 1
g A_Stud_0.001_ritual_gold
usemtl ritual_gold
f 1619/1097/1611 1620/1098/1612 1627/1099/1619
f 1619/1100/1611 1627/1099/1619 1633/1101/1625
f 1619/1102/1611 1633/1101/1625 1639/1103/1631
f 1619/1104/1611 1639/1103/1631 1645/1105/1637
f 1619/1106/1611 1645/1105/1637 1651/1107/1643
f 1619/1108/1611 1651/1107/1643 1620/1109/1612
f 1621/1110/1613 1627/1099/1619 1620/1098/1612
f 1628/1111/1620 1633/1101/1625 1627/1099/1619
f 1633/1101/1625 1640/1112/1632 1639/1103/1631
f 1640/1112/1632 1645/1105/1637 1639/1103/1631
f 1646/1113/1638 1651/1107/1643 1645/1105/1637
f 1652/1114/1644 1620/1109/1612 1651/1107/1643
f 1622/1115/1614 1628/1111/1620 1621/1110/1613
f 1629/1116/1621 1634/1117/1626 1628/1111/1620
f 1635/1118/1627 1640/1112/1632 1634/1117/1626
f 1641/1119/1633 1646/1113/1638 1640/1112/1632
f 1647/1120/1639 1652/1114/1644 1646/1113/1638
f 1652/1114/1644 1622/1121/1614 1621/1122/1613
f 1622/1115/1614 1630/1123/1622 1629/1116/1621
f 1630/1123/1622 1635/1118/1627 1629/1116/1621
f 1636/1124/1628 1641/1119/1633 1635/1118/1627
f 1642/1125/1634 1647/1120/1639 1641/1119/1633
f 1648/1126/1640 1653/1127/1645 1647/1120/1639
f 1654/1128/1646 1622/1121/1614 1653/1127/1645
f 1623/1129/1615 1631/1130/1623 1630/1123/1622
f 1631/1130/1623 1636/1124/1628 1630/1123/1622
f 1637/1131/1629 1642/1125/1634 1636/1124/1628
f 1643/1132/1635 1648/1126/1640 1642/1125/1634
f 1649/1133/1641 1654/1128/1646 1648/1126/1640
f 1655/1134/1647 1623/1135/1615 1654/1128/1646
f 1625/1136/1617 1631/1130/1623 1624/1137/1616
f 1632/1138/1624 1637/1131/1629 1631/1130/1623
f 1637/1131/1629 1644/1139/1636 1643/1132/1635
f 1644/1139/1636 1649/1133/1641 1643/1132/1635
f 1650/1140/1642 1655/1134/1647 1649/1133/1641
f 1655/1134/1647 1625/1141/1617 1624/1142/1616
f 1625/1136/1617 1626/1143/1618 1632/1138/1624
f 1632/1138/1624 1626/1144/1618 1638/1145/1630
f 1638/1145/1630 1626/1146/1618 1644/1139/1636
f 1644/1139/1636 1626/1147/1618 1650/1140/1642
f 1650/1140/1642 1626/1148/1618 1656/1149/1648
f 1656/1149/1648 1626/1150/1618 1625/1141/1617
f 1621/1110/1613 1628/1111/1620 1627/1099/1619
f 1628/1111/1620 1634/1117/1626 1633/1101/1625
f 1633/1101/1625 1634/1117/1626 1640/1112/1632
f 1640/1112/1632 1646/1113/1638 1645/1105/1637
f 1646/1113/1638 1652/1114/1644 1651/1107/1643
f 1652/1114/1644 1621/1122/1613 1620/1109/1612
f 1622/1115/1614 1629/1116/1621 1628/1111/1620
f 1629/1116/1621 1635/1118/1627 1634/1117/1626
f 1635/1118/1627 1641/1119/1633 1640/1112/1632
f 1641/1119/1633 1647/1120/1639 1646/1113/1638
f 1647/1120/1639 1653/1127/1645 1652/1114/1644
f 1652/1114/1644 1653/1127/1645 1622/1121/1614
f 1622/1115/1614 1623/1129/1615 1630/1123/1622
f 1630/1123/1622 1636/1124/1628 1635/1118/1627
f 1636/1124/1628 1642/1125/1634 1641/1119/1633
f 1642/1125/1634 1648/1126/1640 1647/1120/1639
f 1648/1126/1640 1654/1128/1646 1653/1127/1645
f 1654/1128/1646 1623/1135/1615 1622/1121/1614
f 1623/1129/1615 1624/1137/1616 1631/1130/1623
f 1631/1130/1623 1637/1131/1629 1636/1124/1628
f 1637/1131/1629 1643/1132/1635 1642/1125/1634
f 1643/1132/1635 1649/1133/1641 1648/1126/1640
f 1649/1133/1641 1655/1134/1647 1654/1128/1646
f 1655/1134/1647 1624/1142/1616 1623/1135/1615
f 1625/1136/1617 1632/1138/1624 1631/1130/1623
f 1632/1138/1624 1638/1145/1630 1637/1131/1629
f 1637/1131/1629 1638/1145/1630 1644/1139/1636
f 1644/1139/1636 1650/1140/1642 1649/1133/1641
f 1650/1140/1642 1656/1149/1648 1655/1134/1647
f 1655/1134/1647 1656/1149/1648 1625/1141/1617
g A_Stud_1.001_A_Stud_0ProfileData.002
v 0.000000 0.800000 0.600000
v 0.080000 0.800000 0.600000
v 0.078082 0.815529 0.600000
v 0.072337 0.830000 0.600000
v 0.062767 0.842426 0.600000
v 0.049246 0.851962 0.600000
v 0.031059 0.857956 0.600000
v 0.000000 0.860000 0.600000
v 0.040000 0.800000 0.530718
v 0.039041 0.815529 0.532379
v 0.036169 0.830000 0.537354
v 0.031383 0.842426 0.545642
v 0.024623 0.851962 0.557352
v 0.015529 0.857956 0.573102
v -0.040000 0.800000 0.530718
v -0.039041 0.815529 0.532379
v -0.036169 0.830000 0.537354
v -0.031383 0.842426 0.545642
v -0.024623 0.851962 0.557352
v -0.015529 0.857956 0.573102
v -0.080000 0.800000 0.600000
v -0.078082 0.815529 0.600000
v -0.072337 0.830000 0.600000
v -0.062767 0.842426 0.600000
v -0.049246 0.851962 0.600000
v -0.031059 0.857956 0.600000
v -0.040000 0.800000 0.669282
v -0.039041 0.815529 0.667621
v -0.036169 0.830000 0.662646
v -0.031383 0.842426 0.654358
v -0.024623 0.851962 0.642648
v -0.015529 0.857956 0.626898
v 0.040000 0.800000 0.669282
v 0.039041 0.815529 0.667621
v 0.036169 0.830000 0.662646
v 0.031383 0.842426 0.654358
v 0.024623 0.851962 0.642648
v 0.015529 0.857956 0.626898
vn -0.0000 1.0000 -0.0000
vn -0.8261 0.5635 -0.0000
vn -0.9711 -0.2386 -0.0000
vn -0.8794 -0.4761 -0.0000
vn -0.7158 -0.6983 -0.0000
vn -0.4867 -0.8736 -0.0000
vn -0.2305 -0.9731 -0.0000
vn -0.0000 -1.0000 -0.0000
vn -0.4131 0.5635 0.7154
vn -0.4856 -0.2386 0.8410
vn -0.4397 -0.4761 0.7616
vn -0.3579 -0.6983 0.6199
vn -0.2433 -0.8736 0.4215
vn -0.1153 -0.9731 0.1997
vn 0.4131 0.5635 0.7154
vn 0.4856 -0.2386 0.8410
vn 0.4397 -0.4761 0.7616
vn 0.3579 -0.6983 0.6199
vn 0.2433 -0.8736 0.4215
vn 0.1153 -0.9731 0.1997
vn 0.8261 0.5635 -0.0000
vn 0.9711 -0.2386 -0.0000
vn 0.8794 -0.4761 -0.0000
vn 0.7158 -0.6983 -0.0000
vn 0.4867 -0.8736 -0.0000
vn 0.2305 -0.9731 -0.0000
vn 0.4131 0.5635 -0.7154
vn 0.4856 -0.2386 -0.8410
vn 0.4397 -0.4761 -0.7616
vn 0.3579 -0.6983 -0.6199
vn 0.2433 -0.8736 -0.4215
vn 0.1153 -0.9731 -0.1997
vn -0.4131 0.5635 -0.7154
vn -0.4856 -0.2386 -0.8410
vn -0.4397 -0.4761 -0.7616
vn -0.3579 -0.6983 -0.6199
vn -0.2433 -0.8736 -0.4215
vn -0.1153 -0.9731 -0.1997
vt 0.083333 0.000000
vt 0.000000 0.000000
vt 0.166667 0.000000
vt 0.250000 0.000000
vt 0.333333 0.000000
vt 0.416667 0.000000
vt 0.500000 0.000000
vt 0.583333 0.000000
vt 0.666667 0.000000
vt 0.750000 0.000000
vt 0.833333 0.000000
vt 0.916667 0.000000
vt 1.000000 0.000000
vt 0.000000 0.258819
vt 0.166667 0.258819
vt 0.333333 0.258819
vt 0.500000 0.258819
vt 0.666667 0.258819
vt 0.833333 0.258819
vt 1.000000 0.258819
vt 0.000000 0.500000
vt 0.166667 0.500000
vt 0.333333 0.500000
vt 0.500000 0.500000
vt 0.666667 0.500000
vt 0.833333 0.500000
vt 1.000000 0.500000
vt 0.000000 0.707107
vt 0.166667 0.707107
vt 0.333333 0.707107
vt 0.500000 0.707107
vt 0.666667 0.707107
vt 0.833333 0.707107
vt 1.000000 0.707107
vt 0.000000 0.866025
vt 0.166667 0.866025
vt 0.333333 0.866025
vt 0.500000 0.866025
vt 0.666667 0.866025
vt 0.833333 0.866025
vt 1.000000 0.866025
vt 0.000000 0.965926
vt 0.166667 0.965926
vt 0.333333 0.965926
vt 0.500000 0.965926
vt 0.666667 0.965926
vt 0.833333 0.965926
vt 1.000000 0.965926
vt 0.083333 1.000000
vt 0.250000 1.000000
vt 0.416667 1.000000
vt 0.583333 1.000000
vt 0.750000 1.000000
vt 0.916667 1.000000
s 1
g A_Stud_1.001_ritual_gold
usemtl ritual_gold
f 1657/1151/1649 1658/1152/1650 1665/1153/1657
f 1657/1154/1649 1665/1153/1657 1671/1155/1663
f 1657/1156/1649 1671/1155/1663 1677/1157/1669
f 1657/1158/1649 1677/1157/1669 1683/1159/1675
f 1657/1160/1649 1683/1159/1675 1689/1161/1681
f 1657/1162/1649 1689/1161/1681 1658/1163/1650
f 1658/1152/1650 1659/1164/1651 1666/1165/1658 1665/1153/1657
f 1665/1153/1657 1666/1165/1658 1672/1166/1664 1671/1155/1663
f 1671/1155/1663 1672/1166/1664 1678/1167/1670 1677/1157/1669
f 1677/1157/1669 1678/1167/1670 1684/1168/1676 1683/1159/1675
f 1683/1159/1675 1684/1168/1676 1690/1169/1682 1689/1161/1681
f 1689/1161/1681 1690/1169/1682 1659/1170/1651 1658/1163/1650
f 1659/1164/1651 1660/1171/1652 1667/1172/1659 1666/1165/1658
f 1666/1165/1658 1667/1172/1659 1673/1173/1665 1672/1166/1664
f 1672/1166/1664 1673/1173/1665 1679/1174/1671 1678/1167/1670
f 1678/1167/1670 1679/1174/1671 1685/1175/1677 1684/1168/1676
f 1684/1168/1676 1685/1175/1677 1691/1176/1683 1690/1169/1682
f 1690/1169/1682 1691/1176/1683 1660/1177/1652 1659/1170/1651
f 1660/1171/1652 1661/1178/1653 1668/1179/1660 1667/1172/1659
f 1667/1172/1659 1668/1179/1660 1674/1180/1666 1673/1173/1665
f 1673/1173/1665 1674/1180/1666 1680/1181/1672 1679/1174/1671
f 1679/1174/1671 1680/1181/1672 1686/1182/1678 1685/1175/1677
f 1685/1175/1677 1686/1182/1678 1692/1183/1684 1691/1176/1683
f 1691/1176/1683 1692/1183/1684 1661/1184/1653 1660/1177/1652
f 1661/1178/1653 1662/1185/1654 1669/1186/1661 1668/1179/1660
f 1668/1179/1660 1669/1186/1661 1675/1187/1667 1674/1180/1666
f 1674/1180/1666 1675/1187/1667 1681/1188/1673 1680/1181/1672
f 1680/1181/1672 1681/1188/1673 1687/1189/1679 1686/1182/1678
f 1686/1182/1678 1687/1189/1679 1693/1190/1685 1692/1183/1684
f 1692/1183/1684 1693/1190/1685 1662/1191/1654 1661/1184/1653
f 1662/1185/1654 1663/1192/1655 1670/1193/1662 1669/1186/1661
f 1669/1186/1661 1670/1193/1662 1676/1194/1668 1675/1187/1667
f 1675/1187/1667 1676/1194/1668 1682/1195/1674 1681/1188/1673
f 1681/1188/1673 1682/1195/1674 1688/1196/1680 1687/1189/1679
f 1687/1189/1679 1688/1196/1680 1694/1197/1686 1693/1190/1685
f 1693/1190/1685 1694/1197/1686 1663/1198/1655 1662/1191/1654
f 1663/1192/1655 1664/1199/1656 1670/1193/1662
f 1670/1193/1662 1664/1200/1656 1676/1194/1668
f 1676/1194/1668 1664/1201/1656 1682/1195/1674
f 1682/1195/1674 1664/1202/1656 1688/1196/1680
f 1688/1196/1680 1664/1203/1656 1694/1197/1686
f 1694/1197/1686 1664/1204/1656 1663/1198/1655
g A_Stud_1.001_Mesh
v 0.000000 0.800000 0.600000
v 0.080000 0.800000 0.600000
v 0.078082 0.815529 0.600000
v 0.072337 0.830000 0.600000
v 0.062767 0.842426 0.600000
v 0.049246 0.851962 0.600000
v 0.031059 0.857956 0.600000
v 0.000000 0.860000 0.600000
v 0.040000 0.800000 0.530718
v 0.039041 0.815529 0.532379
v 0.036169 0.830000 0.537354
v 0.031383 0.842426 0.545642
v 0.024623 0.851962 0.557352
v 0.015529 0.857956 0.573102
v -0.040000 0.800000 0.530718
v -0.039041 0.815529 0.532379
v -0.036169 0.830000 0.537354
v -0.031383 0.842426 0.545642
v -0.024623 0.851962 0.557352
v -0.015529 0.857956 0.573102
v -0.080000 0.800000 0.600000
v -0.078082 0.815529 0.600000
v -0.072337 0.830000 0.600000
v -0.062767 0.842426 0.600000
v -0.049246 0.851962 0.600000
v -0.031059 0.857956 0.600000
v -0.040000 0.800000 0.669282
v -0.039041 0.815529 0.667621
v -0.036169 0.830000 0.662646
v -0.031383 0.842426 0.654358
v -0.024623 0.851962 0.642648
v -0.015529 0.857956 0.626898
v 0.040000 0.800000 0.669282
v 0.039041 0.815529 0.667621
v 0.036169 0.830000 0.662646
v 0.031383 0.842426 0.654358
v 0.024623 0.851962 0.642648
v 0.015529 0.857956 0.626898
vn -0.0000 1.0000 -0.0000
vn -0.8261 0.5635 -0.0000
vn -0.9711 -0.2386 -0.0000
vn -0.8794 -0.4761 -0.0000
vn -0.7158 -0.6983 -0.0000
vn -0.4867 -0.8736 -0.0000
vn -0.2305 -0.9731 -0.0000
vn -0.0000 -1.0000 -0.0000
vn -0.4130 0.5635 0.7154
vn -0.4856 -0.2386 0.8410
vn -0.4397 -0.4761 0.7616
vn -0.3579 -0.6983 0.6199
vn -0.2433 -0.8736 0.4215
vn -0.1153 -0.9731 0.1997
vn 0.4130 0.5635 0.7154
vn 0.4856 -0.2386 0.8410
vn 0.4397 -0.4761 0.7616
vn 0.3579 -0.6983 0.6199
vn 0.2433 -0.8736 0.4215
vn 0.1153 -0.9731 0.1997
vn 0.8261 0.5635 -0.0000
vn 0.9711 -0.2386 -0.0000
vn 0.8794 -0.4761 -0.0000
vn 0.7158 -0.6983 -0.0000
vn 0.4867 -0.8736 -0.0000
vn 0.2305 -0.9731 -0.0000
vn 0.4130 0.5635 -0.7154
vn 0.4856 -0.2386 -0.8410
vn 0.4397 -0.4761 -0.7616
vn 0.3579 -0.6983 -0.6199
vn 0.2433 -0.8736 -0.4215
vn 0.1153 -0.9731 -0.1997
vn -0.4131 0.5635 -0.7154
vn -0.4856 -0.2386 -0.8410
vn -0.4397 -0.4761 -0.7616
vn -0.3579 -0.6983 -0.6199
vn -0.2433 -0.8736 -0.4215
vn -0.1153 -0.9731 -0.1997
vt 0.083333 0.000000
vt 0.000000 0.000000
vt 0.166667 0.000000
vt 0.250000 0.000000
vt 0.333333 0.000000
vt 0.416667 0.000000
vt 0.500000 0.000000
vt 0.583333 0.000000
vt 0.666667 0.000000
vt 0.750000 0.000000
vt 0.833333 0.000000
vt 0.916667 0.000000
vt 1.000000 0.000000
vt 0.000000 0.258819
vt 0.166667 0.258819
vt 0.500000 0.258819
vt 0.666667 0.258819
vt 0.833333 0.258819
vt 0.000000 0.500000
vt 0.166667 0.500000
vt 0.333333 0.258819
vt 0.333333 0.500000
vt 0.500000 0.500000
vt 0.666667 0.500000
vt 1.000000 0.500000
vt 1.000000 0.258819
vt 0.166667 0.707107
vt 0.333333 0.707107
vt 0.500000 0.707107
vt 0.666667 0.707107
vt 0.833333 0.500000
vt 0.833333 0.707107
vt 0.000000 0.707107
vt 0.166667 0.866025
vt 0.333333 0.866025
vt 0.500000 0.866025
vt 0.666667 0.866025
vt 0.833333 0.866025
vt 1.000000 0.707107
vt 0.000000 0.965926
vt 0.000000 0.866025
vt 0.166667 0.965926
vt 0.500000 0.965926
vt 0.666667 0.965926
vt 1.000000 0.965926
vt 1.000000 0.866025
vt 0.083333 1.000000
vt 0.250000 1.000000
vt 0.333333 0.965926
vt 0.416667 1.000000
vt 0.583333 1.000000
vt 0.750000 1.000000
vt 0.833333 0.965926
vt 0.916667 1.000000
s 1
g A_Stud_1.001_ritual_gold
usemtl ritual_gold
f 1695/1205/1687 1696/1206/1688 1703/1207/1695
f 1695/1208/1687 1703/1207/1695 1709/1209/1701
f 1695/1210/1687 1709/1209/1701 1715/1211/1707
f 1695/1212/1687 1715/1211/1707 1721/1213/1713
f 1695/1214/1687 1721/1213/1713 1727/1215/1719
f 1695/1216/1687 1727/1215/1719 1696/1217/1688
f 1697/1218/1689 1703/1207/1695 1696/1206/1688
f 1704/1219/1696 1709/1209/1701 1703/1207/1695
f 1709/1209/1701 1716/1220/1708 1715/1211/1707
f 1716/1220/1708 1721/1213/1713 1715/1211/1707
f 1722/1221/1714 1727/1215/1719 1721/1213/1713
f 1728/1222/1720 1696/1217/1688 1727/1215/1719
f 1698/1223/1690 1704/1219/1696 1697/1218/1689
f 1705/1224/1697 1710/1225/1702 1704/1219/1696
f 1711/1226/1703 1716/1220/1708 1710/1225/1702
f 1717/1227/1709 1722/1221/1714 1716/1220/1708
f 1723/1228/1715 1728/1222/1720 1722/1221/1714
f 1728/1222/1720 1698/1229/1690 1697/1230/1689
f 1698/1223/1690 1706/1231/1698 1705/1224/1697
f 1706/1231/1698 1711/1226/1703 1705/1224/1697
f 1712/1232/1704 1717/1227/1709 1711/1226/1703
f 1718/1233/1710 1723/1228/1715 1717/1227/1709
f 1724/1234/1716 1729/1235/1721 1723/1228/1715
f 1730/1236/1722 1698/1229/1690 1729/1235/1721
f 1699/1237/1691 1707/1238/1699 1706/1231/1698
f 1707/1238/1699 1712/1232/1704 1706/1231/1698
f 1713/1239/1705 1718/1233/1710 1712/1232/1704
f 1719/1240/1711 1724/1234/1716 1718/1233/1710
f 1725/1241/1717 1730/1236/1722 1724/1234/1716
f 1731/1242/1723 1699/1243/1691 1730/1236/1722
f 1701/1244/1693 1707/1238/1699 1700/1245/1692
f 1708/1246/1700 1713/1239/1705 1707/1238/1699
f 1713/1239/1705 1720/1247/1712 1719/1240/1711
f 1720/1247/1712 1725/1241/1717 1719/1240/1711
f 1726/1248/1718 1731/1242/1723 1725/1241/1717
f 1731/1242/1723 1701/1249/1693 1700/1250/1692
f 1701/1244/1693 1702/1251/1694 1708/1246/1700
f 1708/1246/1700 1702/1252/1694 1714/1253/1706
f 1714/1253/1706 1702/1254/1694 1720/1247/1712
f 1720/1247/1712 1702/1255/1694 1726/1248/1718
f 1726/1248/1718 1702/1256/1694 1732/1257/1724
f 1732/1257/1724 1702/1258/1694 1701/1249/1693
f 1697/1218/1689 1704/1219/1696 1703/1207/1695
f 1704/1219/1696 1710/1225/1702 1709/1209/1701
f 1709/1209/1701 1710/1225/1702 1716/1220/1708
f 1716/1220/1708 1722/1221/1714 1721/1213/1713
f 1722/1221/1714 1728/1222/1720 1727/1215/1719
f 1728/1222/1720 1697/1230/1689 1696/1217/1688
f 1698/1223/1690 1705/1224/1697 1704/1219/1696
f 1705/1224/1697 1711/1226/1703 1710/1225/1702
f 1711/1226/1703 1717/1227/1709 1716/1220/1708
f 1717/1227/1709 1723/1228/1715 1722/1221/1714
f 1723/1228/1715 1729/1235/1721 1728/1222/1720
f 1728/1222/1720 1729/1235/1721 1698/1229/1690
f 1698/1223/1690 1699/1237/1691 1706/1231/1698
f 1706/1231/1698 1712/1232/1704 1711/1226/1703
f 1712/1232/1704 1718/1233/1710 1717/1227/1709
f 1718/1233/1710 1724/1234/1716 1723/1228/1715
f 1724/1234/1716 1730/1236/1722 1729/1235/1721
f 1730/1236/1722 1699/1243/1691 1698/1229/1690
f 1699/1237/1691 1700/1245/1692 1707/1238/1699
f 1707/1238/1699 1713/1239/1705 1712/1232/1704
f 1713/1239/1705 1719/1240/1711 1718/1233/1710
f 1719/1240/1711 1725/1241/1717 1724/1234/1716
f 1725/1241/1717 1731/1242/1723 1730/1236/1722
f 1731/1242/1723 1700/1250/1692 1699/1243/1691
f 1701/1244/1693 1708/1246/1700 1707/1238/1699
f 1708/1246/1700 1714/1253/1706 1713/1239/1705
f 1713/1239/1705 1714/1253/1706 1720/1247/1712
f 1720/1247/1712 1726/1248/1718 1725/1241/1717
f 1726/1248/1718 1732/1257/1724 1731/1242/1723
f 1731/1242/1723 1732/1257/1724 1701/1249/1693
g A_Stud_2.001_A_Stud_0ProfileData.003
v -0.600000 0.800000 0.000000
v -0.520000 0.800000 0.000000
v -0.521918 0.815529 0.000000
v -0.527663 0.830000 0.000000
v -0.537233 0.842426 0.000000
v -0.550754 0.851962 0.000000
v -0.568941 0.857956 0.000000
v -0.600000 0.860000 0.000000
v -0.560000 0.800000 -0.069282
v -0.560959 0.815529 -0.067621
v -0.563831 0.830000 -0.062646
v -0.568617 0.842426 -0.054358
v -0.575377 0.851962 -0.042648
v -0.584471 0.857956 -0.026898
v -0.640000 0.800000 -0.069282
v -0.639041 0.815529 -0.067621
v -0.636169 0.830000 -0.062646
v -0.631383 0.842426 -0.054358
v -0.624623 0.851962 -0.042648
v -0.615530 0.857956 -0.026898
v -0.680000 0.800000 0.000000
v -0.678082 0.815529 0.000000
v -0.672337 0.830000 0.000000
v -0.662767 0.842426 0.000000
v -0.649246 0.851962 0.000000
v -0.631059 0.857956 0.000000
v -0.640000 0.800000 0.069282
v -0.639041 0.815529 0.067621
v -0.636169 0.830000 0.062646
v -0.631383 0.842426 0.054358
v -0.624623 0.851962 0.042648
v -0.615530 0.857956 0.026898
v -0.560000 0.800000 0.069282
v -0.560959 0.815529 0.067621
v -0.563831 0.830000 0.062646
v -0.568617 0.842426 0.054358
v -0.575377 0.851962 0.042648
v -0.584471 0.857956 0.026898
vn -0.0000 1.0000 -0.0000
vn -0.8261 0.5635 -0.0000
vn -0.9711 -0.2386 -0.0000
vn -0.8794 -0.4761 -0.0000
vn -0.7158 -0.6983 -0.0000
vn -0.4867 -0.8736 -0.0000
vn -0.2305 -0.9731 -0.0000
vn -0.0000 -1.0000 -0.0000
vn -0.4131 0.5635 0.7154
vn -0.4856 -0.2386 0.8410
vn -0.4397 -0.4761 0.7616
vn -0.3579 -0.6983 0.6199
vn -0.2433 -0.8736 0.4215
vn -0.1153 -0.9731 0.1997
vn 0.4131 0.5635 0.7154
vn 0.4856 -0.2386 0.8410
vn 0.4397 -0.4761 0.7616
vn 0.3579 -0.6983 0.6199
vn 0.2433 -0.8736 0.4215
vn 0.1153 -0.9731 0.1997
vn 0.8261 0.5635 -0.0000
vn 0.9711 -0.2386 -0.0000
vn 0.8794 -0.4761 -0.0000
vn 0.7158 -0.6983 -0.0000
vn 0.4867 -0.8736 -0.0000
vn 0.2305 -0.9731 -0.0000
vn 0.4131 0.5635 -0.7154
vn 0.4856 -0.2386 -0.8410
vn 0.4397 -0.4761 -0.7616
vn 0.3579 -0.6983 -0.6199
vn 0.2433 -0.8736 -0.4215
vn 0.1153 -0.9731 -0.1997
vn -0.4131 0.5635 -0.7154
vn -0.4856 -0.2386 -0.8410
vn -0.4397 -0.4761 -0.7616
vn -0.3579 -0.6983 -0.6199
vn -0.2433 -0.8736 -0.4215
vn -0.1153 -0.9731 -0.1997
vt 0.083333 0.000000
vt 0.000000 0.000000
vt 0.166667 0.000000
vt 0.250000 0.000000
vt 0.333333 0.000000
vt 0.416667 0.000000
vt 0.500000 0.000000
vt 0.583333 0.000000
vt 0.666667 0.000000
vt 0.750000 0.000000
vt 0.833333 0.000000
vt 0.916667 0.000000
vt 1.000000 0.000000
vt 0.000000 0.258819
vt 0.166667 0.258819
vt 0.333333 0.258819
vt 0.500000 0.258819
vt 0.666667 0.258819
vt 0.833333 0.258819
vt 1.000000 0.258819
vt 0.000000 0.500000
vt 0.166667 0.500000
vt 0.333333 0.500000
vt 0.500000 0.500000
vt 0.666667 0.500000
vt 0.833333 0.500000
vt 1.000000 0.500000
vt 0.000000 0.707107
vt 0.166667 0.707107
vt 0.333333 0.707107
vt 0.500000 0.707107
vt 0.666667 0.707107
vt 0.833333 0.707107
vt 1.000000 0.707107
vt 0.000000 0.866025
vt 0.166667 0.866025
vt 0.333333 0.866025
vt 0.500000 0.866025
vt 0.666667 0.866025
vt 0.833333 0.866025
vt 1.000000 0.866025
vt 0.000000 0.965926
vt 0.166667 0.965926
vt 0.333333 0.965926
vt 0.500000 0.965926
vt 0.666667 0.965926
vt 0.833333 0.965926
vt 1.000000 0.965926
vt 0.083333 1.000000
vt 0.250000 1.000000
vt 0.416667 1.000000
vt 0.583333 1.000000
vt 0.750000 1.000000
vt 0.916667 1.000000
s 1
g A_Stud_2.001_ritual_gold
usemtl ritual_gold
f 1733/1259/1725 1734/1260/1726 1741/1261/1733
f 1733/1262/1725 1741/1261/1733 1747/1263/1739
f 1733/1264/1725 1747/1263/1739 1753/1265/1745
f 1733/1266/1725 1753/1265/1745 1759/1267/1751
f 1733/1268/1725 1759/1267/1751 1765/1269/1757
f 1733/1270/1725 1765/1269/1757 1734/1271/1726
f 1734/1260/1726 1735/1272/1727 1742/1273/1734 1741/1261/1733
f 1741/1261/1733 1742/1273/1734 1748/1274/1740 1747/1263/1739
f 1747/1263/1739 1748/1274/1740 1754/1275/1746 1753/1265/1745
f 1753/1265/1745 1754/1275/1746 1760/1276/1752 1759/1267/1751
f 1759/1267/1751 1760/1276/1752 1766/1277/1758 1765/1269/1757
f 1765/1269/1757 1766/1277/1758 1735/1278/1727 1734/1271/1726
f 1735/1272/1727 1736/1279/1728 1743/1280/1735 1742/1273/1734
f 1742/1273/1734 1743/1280/1735 1749/1281/1741 1748/1274/1740
f 1748/1274/1740 1749/1281/1741 1755/1282/1747 1754/1275/1746
f 1754/1275/1746 1755/1282/1747 1761/1283/1753 1760/1276/1752
f 1760/1276/1752 1761/1283/1753 1767/1284/1759 1766/1277/1758
f 1766/1277/1758 1767/1284/1759 1736/1285/1728 1735/1278/1727
f 1736/1279/1728 1737/1286/1729 1744/1287/1736 1743/1280/1735
f 1743/1280/1735 1744/1287/1736 1750/1288/1742 1749/1281/1741
f 1749/1281/1741 1750/1288/1742 1756/1289/1748 1755/1282/1747
f 1755/1282/1747 1756/1289/1748 1762/1290/1754 1761/1283/1753
f 1761/1283/1753 1762/1290/1754 1768/1291/1760 1767/1284/1759
f 1767/1284/1759 1768/1291/1760 1737/1292/1729 1736/1285/1728
f 1737/1286/1729 1738/1293/1730 1745/1294/1737 1744/1287/1736
f 1744/1287/1736 1745/1294/1737 1751/1295/1743 1750/1288/1742
f 1750/1288/1742 1751/1295/1743 1757/1296/1749 1756/1289/1748
f 1756/1289/1748 1757/1296/1749 1763/1297/1755 1762/1290/1754
f 1762/1290/1754 1763/1297/1755 1769/1298/1761 1768/1291/1760
f 1768/1291/1760 1769/1298/1761 1738/1299/1730 1737/1292/1729
f 1738/1293/1730 1739/1300/1731 1746/1301/1738 1745/1294/1737
f 1745/1294/1737 1746/1301/1738 1752/1302/1744 1751/1295/1743
f 1751/1295/1743 1752/1302/1744 1758/1303/1750 1757/1296/1749
f 1757/1296/1749 1758/1303/1750 1764/1304/1756 1763/1297/1755
f 1763/1297/1755 1764/1304/1756 1770/1305/1762 1769/1298/1761
f 1769/1298/1761 1770/1305/1762 1739/1306/1731 1738/1299/1730
f 1739/1300/1731 1740/1307/1732 1746/1301/1738
f 1746/1301/1738 1740/1308/1732 1752/1302/1744
f 1752/1302/1744 1740/1309/1732 1758/1303/1750
f 1758/1303/1750 1740/1310/1732 1764/1304/1756
f 1764/1304/1756 1740/1311/1732 1770/1305/1762
f 1770/1305/1762 1740/1312/1732 1739/1306/1731
g A_Stud_2.001_Mesh
v -0.600000 0.800000 0.000000
v -0.520000 0.800000 0.000000
v -0.521918 0.815529 0.000000
v -0.527663 0.830000 0.000000
v -0.537233 0.842426 0.000000
v -0.550754 0.851962 0.000000
v -0.568941 0.857956 0.000000
v -0.600000 0.860000 0.000000
v -0.560000 0.800000 -0.069282
v -0.560959 0.815529 -0.067621
v -0.563831 0.830000 -0.062646
v -0.568617 0.842426 -0.054358
v -0.575377 0.851962 -0.042648
v -0.584471 0.857956 -0.026898
v -0.640000 0.800000 -0.069282
v -0.639041 0.815529 -0.067621
v -0.636169 0.830000 -0.062646
v -0.631383 0.842426 -0.054358
v -0.624623 0.851962 -0.042648
v -0.615530 0.857956 -0.026898
v -0.680000 0.800000 0.000000
v -0.678082 0.815529 0.000000
v -0.672337 0.830000 0.000000
v -0.662767 0.842426 0.000000
v -0.649246 0.851962 0.000000
v -0.631059 0.857956 0.000000
v -0.640000 0.800000 0.069282
v -0.639041 0.815529 0.067621
v -0.636169 0.830000 0.062646
v -0.631383 0.842426 0.054358
v -0.624623 0.851962 0.042648
v -0.615530 0.857956 0.026898
v -0.560000 0.800000 0.069282
v -0.560959 0.815529 0.067621
v -0.563831 0.830000 0.062646
v -0.568617 0.842426 0.054358
v -0.575377 0.851962 0.042648
v -0.584471 0.857956 0.026898
vn -0.0000 1.0000 -0.0000
vn -0.8261 0.5635 -0.0000
vn -0.9711 -0.2386 -0.0000
vn -0.8794 -0.4761 -0.0000
vn -0.7158 -0.6983 -0.0000
vn -0.4867 -0.8736 -0.0000
vn -0.2305 -0.9731 -0.0000
vn -0.0000 -1.0000 -0.0000
vn -0.4130 0.5635 0.7154
vn -0.4856 -0.2386 0.8410
vn -0.4397 -0.4761 0.7616
vn -0.3579 -0.6983 0.6199
vn -0.2433 -0.8736 0.4215
vn -0.1153 -0.9731 0.1997
vn 0.4130 0.5635 0.7154
vn 0.4856 -0.2386 0.8410
vn 0.4397 -0.4761 0.7616
vn 0.3579 -0.6983 0.6199
vn 0.2433 -0.8736 0.4215
vn 0.1153 -0.9731 0.1997
vn 0.8261 0.5635 -0.0000
vn 0.9711 -0.2386 -0.0000
vn 0.8794 -0.4761 -0.0000
vn 0.7158 -0.6983 -0.0000
vn 0.4867 -0.8736 -0.0000
vn 0.2305 -0.9731 -0.0000
vn 0.4130 0.5635 -0.7154
vn 0.4856 -0.2386 -0.8410
vn 0.4397 -0.4761 -0.7616
vn 0.3579 -0.6983 -0.6199
vn 0.2433 -0.8736 -0.4215
vn 0.1153 -0.9731 -0.1997
vn -0.4131 0.5635 -0.7154
vn -0.4856 -0.2386 -0.8410
vn -0.4397 -0.4761 -0.7616
vn -0.3579 -0.6983 -0.6199
vn -0.2433 -0.8736 -0.4215
vn -0.1153 -0.9731 -0.1997
vt 0.083333 0.000000
vt 0.000000 0.000000
vt 0.166667 0.000000
vt 0.250000 0.000000
vt 0.333333 0.000000
vt 0.416667 0.000000
vt 0.500000 0.000000
vt 0.583333 0.000000
vt 0.666667 0.000000
vt 0.750000 0.000000
vt 0.833333 0.000000
vt 0.916667 0.000000
vt 1.000000 0.000000
vt 0.000000 0.258819
vt 0.166667 0.258819
vt 0.500000 0.258819
vt 0.666667 0.258819
vt 0.833333 0.258819
vt 0.000000 0.500000
vt 0.166667 0.500000
vt 0.333333 0.258819
vt 0.333333 0.500000
vt 0.500000 0.500000
vt 0.666667 0.500000
vt 1.000000 0.500000
vt 1.000000 0.258819
vt 0.166667 0.707107
vt 0.333333 0.707107
vt 0.500000 0.707107
vt 0.666667 0.707107
vt 0.833333 0.500000
vt 0.833333 0.707107
vt 0.000000 0.707107
vt 0.166667 0.866025
vt 0.333333 0.866025
vt 0.500000 0.866025
vt 0.666667 0.866025
vt 0.833333 0.866025
vt 1.000000 0.707107
vt 0.000000 0.965926
vt 0.000000 0.866025
vt 0.166667 0.965926
vt 0.500000 0.965926
vt 0.666667 0.965926
vt 1.000000 0.965926
vt 1.000000 0.866025
vt 0.083333 1.000000
vt 0.250000 1.000000
vt 0.333333 0.965926
vt 0.416667 1.000000
vt 0.583333 1.000000
vt 0.750000 1.000000
vt 0.833333 0.965926
vt 0.916667 1.000000
s 1
g A_Stud_2.001_ritual_gold
usemtl ritual_gold
f 1771/1313/1763 1772/1314/1764 1779/1315/1771
f 1771/1316/1763 1779/1315/1771 1785/1317/1777
f 1771/1318/1763 1785/1317/1777 1791/1319/1783
f 1771/1320/1763 1791/1319/1783 1797/1321/1789
f 1771/1322/1763 1797/1321/1789 1803/1323/1795
f 1771/1324/1763 1803/1323/1795 1772/1325/1764
f 1773/1326/1765 1779/1315/1771 1772/1314/1764
f 1780/1327/1772 1785/1317/1777 1779/1315/1771
f 1785/1317/1777 1792/1328/1784 1791/1319/1783
f 1792/1328/1784 1797/1321/1789 1791/1319/1783
f 1798/1329/1790 1803/1323/1795 1797/1321/1789
f 1804/1330/1796 1772/1325/1764 1803/1323/1795
f 1774/1331/1766 1780/1327/1772 1773/1326/1765
f 1781/1332/1773 1786/1333/1778 1780/1327/1772
f 1787/1334/1779 1792/1328/1784 1786/1333/1778
f 1793/1335/1785 1798/1329/1790 1792/1328/1784
f 1799/1336/1791 1804/1330/1796 1798/1329/1790
f 1804/1330/1796 1774/1337/1766 1773/1338/1765
f 1774/1331/1766 1782/1339/1774 1781/1332/1773
f 1782/1339/1774 1787/1334/1779 1781/1332/1773
f 1788/1340/1780 1793/1335/1785 1787/1334/1779
f 1794/1341/1786 1799/1336/1791 1793/1335/1785
f 1800/1342/1792 1805/1343/1797 1799/1336/1791
f 1806/1344/1798 1774/1337/1766 1805/1343/1797
f 1775/1345/1767 1783/1346/1775 1782/1339/1774
f 1783/1346/1775 1788/1340/1780 1782/1339/1774
f 1789/1347/1781 1794/1341/1786 1788/1340/1780
f 1795/1348/1787 1800/1342/1792 1794/1341/1786
f 1801/1349/1793 1806/1344/1798 1800/1342/1792
f 1807/1350/1799 1775/1351/1767 1806/1344/1798
f 1777/1352/1769 1783/1346/1775 1776/1353/1768
f 1784/1354/1776 1789/1347/1781 1783/1346/1775
f 1789/1347/1781 1796/1355/1788 1795/1348/1787
f 1796/1355/1788 1801/1349/1793 1795/1348/1787
f 1802/1356/1794 1807/1350/1799 1801/1349/1793
f 1807/1350/1799 1777/1357/1769 1776/1358/1768
f 1777/1352/1769 1778/1359/1770 1784/1354/1776
f 1784/1354/1776 1778/1360/1770 1790/1361/1782
f 1790/1361/1782 1778/1362/1770 1796/1355/1788
f 1796/1355/1788 1778/1363/1770 1802/1356/1794
f 1802/1356/1794 1778/1364/1770 1808/1365/1800
f 1808/1365/1800 1778/1366/1770 1777/1357/1769
f 1773/1326/1765 1780/1327/1772 1779/1315/1771
f 1780/1327/1772 1786/1333/1778 1785/1317/1777
f 1785/1317/1777 1786/1333/1778 1792/1328/1784
f 1792/1328/1784 1798/1329/1790 1797/1321/1789
f 1798/1329/1790 1804/1330/1796 1803/1323/1795
f 1804/1330/1796 1773/1338/1765 1772/1325/1764
f 1774/1331/1766 1781/1332/1773 1780/1327/1772
f 1781/1332/1773 1787/1334/1779 1786/1333/1778
f 1787/1334/1779 1793/1335/1785 1792/1328/1784
f 1793/1335/1785 1799/1336/1791 1798/1329/1790
f 1799/1336/1791 1805/1343/1797 1804/1330/1796
f 1804/1330/1796 1805/1343/1797 1774/1337/1766
f 1774/1331/1766 1775/1345/1767 1782/1339/1774
f 1782/1339/1774 1788/1340/1780 1787/1334/1779
f 1788/1340/1780 1794/1341/1786 1793/1335/1785
f 1794/1341/1786 1800/1342/1792 1799/1336/1791
f 1800/1342/1792 1806/1344/1798 1805/1343/1797
f 1806/1344/1798 1775/1351/1767 1774/1337/1766
f 1775/1345/1767 1776/1353/1768 1783/1346/1775
f 1783/1346/1775 1789/1347/1781 1788/1340/1780
f 1789/1347/1781 1795/1348/1787 1794/1341/1786
f 1795/1348/1787 1801/1349/1793 1800/1342/1792
f 1801/1349/1793 1807/1350/1799 1806/1344/1798
f 1807/1350/1799 1776/1358/1768 1775/1351/1767
f 1777/1352/1769 1784/1354/1776 1783/1346/1775
f 1784/1354/1776 1790/1361/1782 1789/1347/1781
f 1789/1347/1781 1790/1361/1782 1796/1355/1788
f 1796/1355/1788 1802/1356/1794 1801/1349/1793
f 1802/1356/1794 1808/1365/1800 1807/1350/1799
f 1807/1350/1799 1808/1365/1800 1777/1357/1769
g A_Stud_3.001_A_Stud_0ProfileData.004
v -0.000000 0.800000 -0.600000
v 0.080000 0.800000 -0.600000
v 0.078082 0.815529 -0.600000
v 0.072337 0.830000 -0.600000
v 0.062767 0.842426 -0.600000
v 0.049246 0.851962 -0.600000
v 0.031059 0.857956 -0.600000
v -0.000000 0.860000 -0.600000
v 0.040000 0.800000 -0.669282
v 0.039041 0.815529 -0.667621
v 0.036169 0.830000 -0.662646
v 0.031383 0.842426 -0.654358
v 0.024623 0.851962 -0.642648
v 0.015529 0.857956 -0.626898
v -0.040000 0.800000 -0.669282
v -0.039041 0.815529 -0.667621
v -0.036169 0.830000 -0.662646
v -0.031383 0.842426 -0.654358
v -0.024623 0.851962 -0.642648
v -0.015529 0.857956 -0.626898
v -0.080000 0.800000 -0.600000
v -0.078082 0.815529 -0.600000
v -0.072337 0.830000 -0.600000
v -0.062767 0.842426 -0.600000
v -0.049246 0.851962 -0.600000
v -0.031059 0.857956 -0.600000
v -0.040000 0.800000 -0.530718
v -0.039041 0.815529 -0.532379
v -0.036169 0.830000 -0.537354
v -0.031383 0.842426 -0.545642
v -0.024623 0.851962 -0.557352
v -0.015529 0.857956 -0.573102
v 0.040000 0.800000 -0.530718
v 0.039041 0.815529 -0.532379
v 0.036169 0.830000 -0.537354
v 0.031383 0.842426 -0.545642
v 0.024623 0.851962 -0.557352
v 0.015529 0.857956 -0.573102
vn -0.0000 1.0000 -0.0000
vn -0.8261 0.5635 -0.0000
vn -0.9711 -0.2386 -0.0000
vn -0.8794 -0.4761 -0.0000
vn -0.7158 -0.6983 -0.0000
vn -0.4867 -0.8736 -0.0000
vn -0.2305 -0.9731 -0.0000
vn -0.0000 -1.0000 -0.0000
vn -0.4131 0.5635 0.7154
vn -0.4856 -0.2386 0.8410
vn -0.4397 -0.4761 0.7616
vn -0.3579 -0.6983 0.6199
vn -0.2433 -0.8736 0.4215
vn -0.1153 -0.9731 0.1997
vn 0.4131 0.5635 0.7154
vn 0.4856 -0.2386 0.8410
vn 0.4397 -0.4761 0.7616
vn 0.3579 -0.6983 0.6199
vn 0.2433 -0.8736 0.4215
vn 0.1153 -0.9731 0.1997
vn 0.8261 0.5635 -0.0000
vn 0.9711 -0.2386 -0.0000
vn 0.8794 -0.4761 -0.0000
vn 0.7158 -0.6983 -0.0000
vn 0.4867 -0.8736 -0.0000
vn 0.2305 -0.9731 -0.0000
vn 0.4131 0.5635 -0.7154
vn 0.4856 -0.2386 -0.8410
vn 0.4397 -0.4761 -0.7616
vn 0.3579 -0.6983 -0.6199
vn 0.2433 -0.8736 -0.4215
vn 0.1153 -0.9731 -0.1997
vn -0.4131 0.5635 -0.7154
vn -0.4856 -0.2386 -0.8410
vn -0.4397 -0.4761 -0.7616
vn -0.3579 -0.6983 -0.6199
vn -0.2433 -0.8736 -0.4215
vn -0.1153 -0.9731 -0.1997
vt 0.083333 0.000000
vt 0.000000 0.000000
vt 0.166667 0.000000
vt 0.250000 0.000000
vt 0.333333 0.000000
vt 0.416667 0.000000
vt 0.500000 0.000000
vt 0.583333 0.000000
vt 0.666667 0.000000
vt 0.750000 0.000000
vt 0.833333 0.000000
vt 0.916667 0.000000
vt 1.000000 0.000000
vt 0.000000 0.258819
vt 0.166667 0.258819
vt 0.333333 0.258819
vt 0.500000 0.258819
vt 0.666667 0.258819
vt 0.833333 0.258819
vt 1.000000 0.258819
vt 0.000000 0.500000
vt 0.166667 0.500000
vt 0.333333 0.500000
vt 0.500000 0.500000
vt 0.666667 0.500000
vt 0.833333 0.500000
vt 1.000000 0.500000
vt 0.000000 0.707107
vt 0.166667 0.707107
vt 0.333333 0.707107
vt 0.500000 0.707107
vt 0.666667 0.707107
vt 0.833333 0.707107
vt 1.000000 0.707107
vt 0.000000 0.866025
vt 0.166667 0.866025
vt 0.333333 0.866025
vt 0.500000 0.866025
vt 0.666667 0.866025
vt 0.833333 0.866025
vt 1.000000 0.866025
vt 0.000000 0.965926
vt 0.166667 0.965926
vt 0.333333 0.965926
vt 0.500000 0.965926
vt 0.666667 0.965926
vt 0.833333 0.965926
vt 1.000000 0.965926
vt 0.083333 1.000000
vt 0.250000 1.000000
vt 0.416667 1.000000
vt 0.583333 1.000000
vt 0.750000 1.000000
vt 0.916667 1.000000
s 1
g A_Stud_3.001_ritual_gold
usemtl ritual_gold
f 1809/1367/1801 1810/1368/1802 1817/1369/1809
f 1809/1370/1801 1817/1369/1809 1823/1371/1815
f 1809/1372/1801 1823/1371/1815 1829/1373/1821
f 1809/1374/1801 1829/1373/1821 1835/1375/1827
f 1809/1376/1801 1835/1375/1827 1841/1377/1833
f 1809/1378/1801 1841/1377/1833 1810/1379/1802
f 1810/1368/1802 1811/1380/1803 1818/1381/1810 1817/1369/1809
f 1817/1369/1809 1818/1381/1810 1824/1382/1816 1823/1371/1815
f 1823/1371/1815 1824/1382/1816 1830/1383/1822 1829/1373/1821
f 1829/1373/1821 1830/1383/1822 1836/1384/1828 1835/1375/1827
f 1835/1375/1827 1836/1384/1828 1842/1385/1834 1841/1377/1833
f 1841/1377/1833 1842/1385/1834 1811/1386/1803 1810/1379/1802
f 1811/1380/1803 1812/1387/1804 1819/1388/1811 1818/1381/1810
f 1818/1381/1810 1819/1388/1811 1825/1389/1817 1824/1382/1816
f 1824/1382/1816 1825/1389/1817 1831/1390/1823 1830/1383/1822
f 1830/1383/1822 1831/1390/1823 1837/1391/1829 1836/1384/1828
f 1836/1384/1828 1837/1391/1829 1843/1392/1835 1842/1385/1834
f 1842/1385/1834 1843/1392/1835 1812/1393/1804 1811/1386/1803
f 1812/1387/1804 1813/1394/1805 1820/1395/1812 1819/1388/1811
f 1819/1388/1811 1820/1395/1812 1826/1396/1818 1825/1389/1817
f 1825/1389/1817 1826/1396/1818 1832/1397/1824 1831/1390/1823
f 1831/1390/1823 1832/1397/1824 1838/1398/1830 1837/1391/1829
f 1837/1391/1829 1838/1398/1830 1844/1399/1836 1843/1392/1835
f 1843/1392/1835 1844/1399/1836 1813/1400/1805 1812/1393/1804
f 1813/1394/1805 1814/1401/1806 1821/1402/1813 1820/1395/1812
f 1820/1395/1812 1821/1402/1813 1827/1403/1819 1826/1396/1818
f 1826/1396/1818 1827/1403/1819 1833/1404/1825 1832/1397/1824
f 1832/1397/1824 1833/1404/1825 1839/1405/1831 1838/1398/1830
f 1838/1398/1830 1839/1405/1831 1845/1406/1837 1844/1399/1836
f 1844/1399/1836 1845/1406/1837 1814/1407/1806 1813/1400/1805
f 1814/1401/1806 1815/1408/1807 1822/1409/1814 1821/1402/1813
f 1821/1402/1813 1822/1409/1814 1828/1410/1820 1827/1403/1819
f 1827/1403/1819 1828/1410/1820 1834/1411/1826 1833/1404/1825
f 1833/1404/1825 1834/1411/1826 1840/1412/1832 1839/1405/1831
f 1839/1405/1831 1840/1412/1832 1846/1413/1838 1845/1406/1837
f 1845/1406/1837 1846/1413/1838 1815/1414/1807 1814/1407/1806
f 1815/1408/1807 1816/1415/1808 1822/1409/1814
f 1822/1409/1814 1816/1416/1808 1828/1410/1820
f 1828/1410/1820 1816/1417/1808 1834/1411/1826
f 1834/1411/1826 1816/1418/1808 1840/1412/1832
f 1840/1412/1832 1816/1419/1808 1846/1413/1838
f 1846/1413/1838 1816/1420/1808 1815/1414/1807
g A_Stud_3.001_Mesh
v -0.000000 0.800000 -0.600000
v 0.080000 0.800000 -0.600000
v 0.078082 0.815529 -0.600000
v 0.072337 0.830000 -0.600000
v 0.062767 0.842426 -0.600000
v 0.049246 0.851962 -0.600000
v 0.031059 0.857956 -0.600000
v -0.000000 0.860000 -0.600000
v 0.040000 0.800000 -0.669282
v 0.039041 0.815529 -0.667621
v 0.036169 0.830000 -0.662646
v 0.031383 0.842426 -0.654358
v 0.024623 0.851962 -0.642648
v 0.015529 0.857956 -0.626898
v -0.040000 0.800000 -0.669282
v -0.039041 0.815529 -0.667621
v -0.036169 0.830000 -0.662646
v -0.031383 0.842426 -0.654358
v -0.024623 0.851962 -0.642648
v -0.015529 0.857956 -0.626898
v -0.080000 0.800000 -0.600000
v -0.078082 0.815529 -0.600000
v -0.072337 0.830000 -0.600000
v -0.062767 0.842426 -0.600000
v -0.049246 0.851962 -0.600000
v -0.031059 0.857956 -0.600000
v -0.040000 0.800000 -0.530718
v -0.039041 0.815529 -0.532379
v -0.036169 0.830000 -0.537354
v -0.031383 0.842426 -0.545642
v -0.024623 0.851962 -0.557352
v -0.015529 0.857956 -0.573102
v 0.040000 0.800000 -0.530718
v 0.039041 0.815529 -0.532379
v 0.036169 0.830000 -0.537354
v 0.031383 0.842426 -0.545642
v 0.024623 0.851962 -0.557352
v 0.015529 0.857956 -0.573102
vn -0.0000 1.0000 -0.0000
vn -0.8261 0.5635 -0.0000
vn -0.9711 -0.2386 -0.0000
vn -0.8794 -0.4761 -0.0000
vn -0.7158 -0.6983 -0.0000
vn -0.4867 -0.8736 -0.0000
vn -0.2305 -0.9731 -0.0000
vn -0.0000 -1.0000 -0.0000
vn -0.4130 0.5635 0.7154
vn -0.4856 -0.2386 0.8410
vn -0.4397 -0.4761 0.7616
vn -0.3579 -0.6983 0.6199
vn -0.2433 -0.8736 0.4215
vn -0.1153 -0.9731 0.1997
vn 0.4130 0.5635 0.7154
vn 0.4856 -0.2386 0.8410
vn 0.4397 -0.4761 0.7616
vn 0.3579 -0.6983 0.6199
vn 0.2433 -0.8736 0.4215
vn 0.1153 -0.9731 0.1997
vn 0.8261 0.5635 -0.0000
vn 0.9711 -0.2386 -0.0000
vn 0.8794 -0.4761 -0.0000
vn 0.7158 -0.6983 -0.0000
vn 0.4867 -0.8736 -0.0000
vn 0.2305 -0.9731 -0.0000
vn 0.4130 0.5635 -0.7154
vn 0.4856 -0.2386 -0.8410
vn 0.4397 -0.4761 -0.7616
vn 0.3579 -0.6983 -0.6199
vn 0.2433 -0.8736 -0.4215
vn 0.1153 -0.9731 -0.1997
vn -0.4131 0.5635 -0.7154
vn -0.4856 -0.2386 -0.8410
vn -0.4397 -0.4761 -0.7616
vn -0.3579 -0.6983 -0.6199
vn -0.2433 -0.8736 -0.4215
vn -0.1153 -0.9731 -0.1997
vt 0.083333 0.000000
vt 0.000000 0.000000
vt 0.166667 0.000000
vt 0.250000 0.000000
vt 0.333333 0.000000
vt 0.416667 0.000000
vt 0.500000 0.000000
vt 0.583333 0.000000
vt 0.666667 0.000000
vt 0.750000 0.000000
vt 0.833333 0.000000
vt 0.916667 0.000000
vt 1.000000 0.000000
vt 0.000000 0.258819
vt 0.166667 0.258819
vt 0.500000 0.258819
vt 0.666667 0.258819
vt 0.833333 0.258819
vt 0.000000 0.500000
vt 0.166667 0.500000
vt 0.333333 0.258819
vt 0.333333 0.500000
vt 0.500000 0.500000
vt 0.666667 0.500000
vt 1.000000 0.500000
vt 1.000000 0.258819
vt 0.166667 0.707107
vt 0.333333 0.707107
vt 0.500000 0.707107
vt 0.666667 0.707107
vt 0.833333 0.500000
vt 0.833333 0.707107
vt 0.000000 0.707107
vt 0.166667 0.866025
vt 0.333333 0.866025
vt 0.500000 0.866025
vt 0.666667 0.866025
vt 0.833333 0.866025
vt 1.000000 0.707107
vt 0.000000 0.965926
vt 0.000000 0.866025
vt 0.166667 0.965926
vt 0.500000 0.965926
vt 0.666667 0.965926
vt 1.000000 0.965926
vt 1.000000 0.866025
vt 0.083333 1.000000
vt 0.250000 1.000000
vt 0.333333 0.965926
vt 0.416667 1.000000
vt 0.583333 1.000000
vt 0.750000 1.000000
vt 0.833333 0.965926
vt 0.916667 1.000000
s 1
g A_Stud_3.001_ritual_gold
usemtl ritual_gold
f 1847/1421/1839 1848/1422/1840 1855/1423/1847
f 1847/1424/1839 1855/1423/1847 1861/1425/1853
f 1847/1426/1839 1861/1425/1853 1867/1427/1859
f 1847/1428/1839 1867/1427/1859 1873/1429/1865
f 1847/1430/1839 1873/1429/1865 1879/1431/1871
f 1847/1432/1839 1879/1431/1871 1848/1433/1840
f 1849/1434/1841 1855/1423/1847 1848/1422/1840
f 1856/1435/1848 1861/1425/1853 1855/1423/1847
f 1861/1425/1853 1868/1436/1860 1867/1427/1859
f 1868/1436/1860 1873/1429/1865 1867/1427/1859
f 1874/1437/1866 1879/1431/1871 1873/1429/1865
f 1880/1438/1872 1848/1433/1840 1879/1431/1871
f 1850/1439/1842 1856/1435/1848 1849/1434/1841
f 1857/1440/1849 1862/1441/1854 1856/1435/1848
f 1863/1442/1855 1868/1436/1860 1862/1441/1854
f 1869/1443/1861 1874/1437/1866 1868/1436/1860
f 1875/1444/1867 1880/1438/1872 1874/1437/1866
f 1880/1438/1872 1850/1445/1842 1849/1446/1841
f 1850/1439/1842 1858/1447/1850 1857/1440/1849
f 1858/1447/1850 1863/1442/1855 1857/1440/1849
f 1864/1448/1856 1869/1443/1861 1863/1442/1855
f 1870/1449/1862 1875/1444/1867 1869/1443/1861
f 1876/1450/1868 1881/1451/1873 1875/1444/1867
f 1882/1452/1874 1850/1445/1842 1881/1451/1873
f 1851/1453/1843 1859/1454/1851 1858/1447/1850
f 1859/1454/1851 1864/1448/1856 1858/1447/1850
f 1865/1455/1857 1870/1449/1862 1864/1448/1856
f 1871/1456/1863 1876/1450/1868 1870/1449/1862
f 1877/1457/1869 1882/1452/1874 1876/1450/1868
f 1883/1458/1875 1851/1459/1843 1882/1452/1874
f 1853/1460/1845 1859/1454/1851 1852/1461/1844
f 1860/1462/1852 1865/1455/1857 1859/1454/1851
f 1865/1455/1857 1872/1463/1864 1871/1456/1863
f 1872/1463/1864 1877/1457/1869 1871/1456/1863
f 1878/1464/1870 1883/1458/1875 1877/1457/1869
f 1883/1458/1875 1853/1465/1845 1852/1466/1844
f 1853/1460/1845 1854/1467/1846 1860/1462/1852
f 1860/1462/1852 1854/1468/1846 1866/1469/1858
f 1866/1469/1858 1854/1470/1846 1872/1463/1864
f 1872/1463/1864 1854/1471/1846 1878/1464/1870
f 1878/1464/1870 1854/1472/1846 1884/1473/1876
f 1884/1473/1876 1854/1474/1846 1853/1465/1845
f 1849/1434/1841 1856/1435/1848 1855/1423/1847
f 1856/1435/1848 1862/1441/1854 1861/1425/1853
f 1861/1425/1853 1862/1441/1854 1868/1436/1860
f 1868/1436/1860 1874/1437/1866 1873/1429/1865
f 1874/1437/1866 1880/1438/1872 1879/1431/1871
f 1880/1438/1872 1849/1446/1841 1848/1433/1840
f 1850/1439/1842 1857/1440/1849 1856/1435/1848
f 1857/1440/1849 1863/1442/1855 1862/1441/1854
f 1863/1442/1855 1869/1443/1861 1868/1436/1860
f 1869/1443/1861 1875/1444/1867 1874/1437/1866
f 1875/1444/1867 1881/1451/1873 1880/1438/1872
f 1880/1438/1872 1881/1451/1873 1850/1445/1842
f 1850/1439/1842 1851/1453/1843 1858/1447/1850
f 1858/1447/1850 1864/1448/1856 1863/1442/1855
f 1864/1448/1856 1870/1449/1862 1869/1443/1861
f 1870/1449/1862 1876/1450/1868 1875/1444/1867
f 1876/1450/1868 1882/1452/1874 1881/1451/1873
f 1882/1452/1874 1851/1459/1843 1850/1445/1842
f 1851/1453/1843 1852/1461/1844 1859/1454/1851
f 1859/1454/1851 1865/1455/1857 1864/1448/1856
f 1865/1455/1857 1871/1456/1863 1870/1449/1862
f 1871/1456/1863 1877/1457/1869 1876/1450/1868
f 1877/1457/1869 1883/1458/1875 1882/1452/1874
f 1883/1458/1875 1852/1466/1844 1851/1459/1843
f 1853/1460/1845 1860/1462/1852 1859/1454/1851
f 1860/1462/1852 1866/1469/1858 1865/1455/1857
f 1865/1455/1857 1866/1469/1858 1872/1463/1864
f 1872/1463/1864 1878/1464/1870 1877/1457/1869
f 1878/1464/1870 1884/1473/1876 1883/1458/1875
f 1883/1458/1875 1884/1473/1876 1853/1465/1845
g A_SuspendedCore.001_A_SuspendedCoreProfileData.001
v 0.000000 0.490000 0.060000
v 0.216000 0.549160 0.060000
v 0.300000 0.657620 0.060000
v 0.240000 0.795660 0.060000
v 0.126000 0.909050 0.060000
v 0.000000 0.983000 0.060000
v 0.174748 0.549160 0.024451
v 0.242705 0.657620 0.010626
v 0.194164 0.795660 0.020501
v 0.101936 0.909050 0.039263
v 0.066748 0.549160 0.002480
v 0.092705 0.657620 -0.019889
v 0.074164 0.795660 -0.003911
v 0.038936 0.909050 0.026447
v -0.066748 0.549160 0.002480
v -0.092705 0.657620 -0.019889
v -0.074164 0.795660 -0.003911
v -0.038936 0.909050 0.026447
v -0.174748 0.549160 0.024451
v -0.242705 0.657620 0.010626
v -0.194164 0.795660 0.020501
v -0.101936 0.909050 0.039263
v -0.216000 0.549160 0.060000
v -0.300000 0.657620 0.060000
v -0.240000 0.795660 0.060000
v -0.126000 0.909050 0.060000
v -0.174748 0.549160 0.095549
v -0.242705 0.657620 0.109374
v -0.194164 0.795660 0.099499
v -0.101936 0.909050 0.080737
v -0.066748 0.549160 0.117520
v -0.092705 0.657620 0.139889
v -0.074164 0.795660 0.123911
v -0.038936 0.909050 0.093553
v 0.066748 0.549160 0.117520
v 0.092705 0.657620 0.139889
v 0.074164 0.795660 0.123911
v 0.038936 0.909050 0.093553
v 0.174748 0.549160 0.095549
v 0.242705 0.657620 0.109374
v 0.194164 0.795660 0.099499
v 0.101936 0.909050 0.080737
vn -0.0000 -1.0000 -0.0000
vn 0.5819 -0.8133 -0.0000
vn 0.9924 -0.1233 -0.0000
vn 0.8331 0.5531 -0.0000
vn 0.6228 0.7824 -0.0000
vn -0.0000 1.0000 -0.0000
vn 0.3055 -0.5277 -0.7926
vn 0.3591 -0.0551 -0.9317
vn 0.3449 0.2830 -0.8950
vn 0.3140 0.4876 -0.8147
vn 0.0838 -0.3792 -0.9215
vn 0.0905 -0.0364 -0.9952
vn 0.0889 0.1910 -0.9775
vn 0.0850 0.3457 -0.9345
vn -0.0838 -0.3792 -0.9215
vn -0.0905 -0.0364 -0.9952
vn -0.0889 0.1910 -0.9775
vn -0.0850 0.3457 -0.9345
vn -0.3055 -0.5277 -0.7926
vn -0.3591 -0.0551 -0.9317
vn -0.3449 0.2830 -0.8950
vn -0.3140 0.4876 -0.8147
vn -0.5819 -0.8133 -0.0000
vn -0.9924 -0.1233 -0.0000
vn -0.8331 0.5531 -0.0000
vn -0.6228 0.7824 -0.0000
vn -0.3055 -0.5277 0.7926
vn -0.3591 -0.0551 0.9317
vn -0.3449 0.2830 0.8950
vn -0.3140 0.4876 0.8147
vn -0.0838 -0.3792 0.9215
vn -0.0905 -0.0364 0.9952
vn -0.0889 0.1910 0.9775
vn -0.0850 0.3457 0.9345
vn 0.0838 -0.3792 0.9215
vn 0.0905 -0.0364 0.9952
vn 0.0889 0.1910 0.9775
vn 0.0850 0.3457 0.9345
vn 0.3055 -0.5277 0.7926
vn 0.3591 -0.0551 0.9317
vn 0.3449 0.2830 0.8950
vn 0.3140 0.4876 0.8147
vt 0.000000 0.120000
vt 0.050000 0.000000
vt 0.100000 0.120000
vt 0.150000 0.000000
vt 0.200000 0.120000
vt 0.250000 0.000000
vt 0.300000 0.120000
vt 0.350000 0.000000
vt 0.400000 0.120000
vt 0.450000 0.000000
vt 0.500000 0.120000
vt 0.550000 0.000000
vt 0.600000 0.120000
vt 0.650000 0.000000
vt 0.700000 0.120000
vt 0.750000 0.000000
vt 0.800000 0.120000
vt 0.850000 0.000000
vt 0.900000 0.120000
vt 0.950000 0.000000
vt 1.000000 0.120000
vt 0.000000 0.340000
vt 0.100000 0.340000
vt 0.200000 0.340000
vt 0.300000 0.340000
vt 0.400000 0.340000
vt 0.500000 0.340000
vt 0.600000 0.340000
vt 0.700000 0.340000
vt 0.800000 0.340000
vt 0.900000 0.340000
vt 1.000000 0.340000
vt 0.000000 0.620000
vt 0.100000 0.620000
vt 0.200000 0.620000
vt 0.300000 0.620000
vt 0.400000 0.620000
vt 0.500000 0.620000
vt 0.600000 0.620000
vt 0.700000 0.620000
vt 0.800000 0.620000
vt 0.900000 0.620000
vt 1.000000 0.620000
vt 0.000000 0.850000
vt 0.100000 0.850000
vt 0.200000 0.850000
vt 0.300000 0.850000
vt 0.400000 0.850000
vt 0.500000 0.850000
vt 0.600000 0.850000
vt 0.700000 0.850000
vt 0.800000 0.850000
vt 0.900000 0.850000
vt 1.000000 0.850000
vt 0.050000 1.000000
vt 0.150000 1.000000
vt 0.250000 1.000000
vt 0.350000 1.000000
vt 0.450000 1.000000
vt 0.550000 1.000000
vt 0.650000 1.000000
vt 0.750000 1.000000
vt 0.850000 1.000000
vt 0.950000 1.000000
s 1
g A_SuspendedCore.001_smoked_glass
usemtl smoked_glass
f 1886/1475/1878 1885/1476/1877 1891/1477/1883
f 1891/1477/1883 1885/1478/1877 1895/1479/1887
f 1895/1479/1887 1885/1480/1877 1899/1481/1891
f 1899/1481/1891 1885/1482/1877 1903/1483/1895
f 1903/1483/1895 1885/1484/1877 1907/1485/1899
f 1907/1485/1899 1885/1486/1877 1911/1487/1903
f 1911/1487/1903 1885/1488/1877 1915/1489/1907
f 1915/1489/1907 1885/1490/1877 1919/1491/1911
f 1919/1491/1911 1885/1492/1877 1923/1493/1915
f 1923/1493/1915 1885/1494/1877 1886/1495/1878
f 1887/1496/1879 1886/1475/1878 1891/1477/1883 1892/1497/1884
f 1892/1497/1884 1891/1477/1883 1895/1479/1887 1896/1498/1888
f 1896/1498/1888 1895/1479/1887 1899/1481/1891 1900/1499/1892
f 1900/1499/1892 1899/1481/1891 1903/1483/1895 1904/1500/1896
f 1904/1500/1896 1903/1483/1895 1907/1485/1899 1908/1501/1900
f 1908/1501/1900 1907/1485/1899 1911/1487/1903 1912/1502/1904
f 1912/1502/1904 1911/1487/1903 1915/1489/1907 1916/1503/1908
f 1916/1503/1908 1915/1489/1907 1919/1491/1911 1920/1504/1912
f 1920/1504/1912 1919/1491/1911 1923/1493/1915 1924/1505/1916
f 1924/1505/1916 1923/1493/1915 1886/1495/1878 1887/1506/1879
f 1888/1507/1880 1887/1496/1879 1892/1497/1884 1893/1508/1885
f 1893/1508/1885 1892/1497/1884 1896/1498/1888 1897/1509/1889
f 1897/1509/1889 1896/1498/1888 1900/1499/1892 1901/1510/1893
f 1901/1510/1893 1900/1499/1892 1904/1500/1896 1905/1511/1897
f 1905/1511/1897 1904/1500/1896 1908/1501/1900 1909/1512/1901
f 1909/1512/1901 1908/1501/1900 1912/1502/1904 1913/1513/1905
f 1913/1513/1905 1912/1502/1904 1916/1503/1908 1917/1514/1909
f 1917/1514/1909 1916/1503/1908 1920/1504/1912 1921/1515/1913
f 1921/1515/1913 1920/1504/1912 1924/1505/1916 1925/1516/1917
f 1925/1516/1917 1924/1505/1916 1887/1506/1879 1888/1517/1880
f 1889/1518/1881 1888/1507/1880 1893/1508/1885 1894/1519/1886
f 1894/1519/1886 1893/1508/1885 1897/1509/1889 1898/1520/1890
f 1898/1520/1890 1897/1509/1889 1901/1510/1893 1902/1521/1894
f 1902/1521/1894 1901/1510/1893 1905/1511/1897 1906/1522/1898
f 1906/1522/1898 1905/1511/1897 1909/1512/1901 1910/1523/1902
f 1910/1523/1902 1909/1512/1901 1913/1513/1905 1914/1524/1906
f 1914/1524/1906 1913/1513/1905 1917/1514/1909 1918/1525/1910
f 1918/1525/1910 1917/1514/1909 1921/1515/1913 1922/1526/1914
f 1922/1526/1914 1921/1515/1913 1925/1516/1917 1926/1527/1918
f 1926/1527/1918 1925/1516/1917 1888/1517/1880 1889/1528/1881
f 1890/1529/1882 1889/1518/1881 1894/1519/1886
f 1890/1530/1882 1894/1519/1886 1898/1520/1890
f 1890/1531/1882 1898/1520/1890 1902/1521/1894
f 1890/1532/1882 1902/1521/1894 1906/1522/1898
f 1890/1533/1882 1906/1522/1898 1910/1523/1902
f 1890/1534/1882 1910/1523/1902 1914/1524/1906
f 1890/1535/1882 1914/1524/1906 1918/1525/1910
f 1890/1536/1882 1918/1525/1910 1922/1526/1914
f 1890/1537/1882 1922/1526/1914 1926/1527/1918
f 1890/1538/1882 1926/1527/1918 1889/1528/1881
g A_SuspendedCore.001_Mesh
v 0.000000 0.490000 0.060000
v 0.216000 0.549160 0.060000
v 0.300000 0.657620 0.060000
v 0.240000 0.795660 0.060000
v 0.126000 0.909050 0.060000
v 0.000000 0.983000 0.060000
v 0.174748 0.549160 0.024451
v 0.242705 0.657620 0.010626
v 0.194164 0.795660 0.020501
v 0.101936 0.909050 0.039263
v 0.066748 0.549160 0.002480
v 0.092705 0.657620 -0.019889
v 0.074164 0.795660 -0.003911
v 0.038936 0.909050 0.026447
v -0.066748 0.549160 0.002480
v -0.092705 0.657620 -0.019889
v -0.074164 0.795660 -0.003911
v -0.038936 0.909050 0.026447
v -0.174748 0.549160 0.024451
v -0.242705 0.657620 0.010626
v -0.194164 0.795660 0.020501
v -0.101936 0.909050 0.039263
v -0.216000 0.549160 0.060000
v -0.300000 0.657620 0.060000
v -0.240000 0.795660 0.060000
v -0.126000 0.909050 0.060000
v -0.174748 0.549160 0.095549
v -0.242705 0.657620 0.109374
v -0.194164 0.795660 0.099499
v -0.101936 0.909050 0.080737
v -0.066748 0.549160 0.117520
v -0.092705 0.657620 0.139889
v -0.074164 0.795660 0.123911
v -0.038936 0.909050 0.093553
v 0.066748 0.549160 0.117520
v 0.092705 0.657620 0.139889
v 0.074164 0.795660 0.123911
v 0.038936 0.909050 0.093553
v 0.174748 0.549160 0.095549
v 0.242705 0.657620 0.109374
v 0.194164 0.795660 0.099499
v 0.101936 0.909050 0.080737
vn -0.0000 -1.0000 -0.0000
vn 0.5819 -0.8133 -0.0000
vn 0.9924 -0.1233 -0.0000
vn 0.8331 0.5530 -0.0000
vn 0.6228 0.7824 -0.0000
vn -0.0000 1.0000 -0.0000
vn 0.3055 -0.5277 -0.7926
vn 0.3591 -0.0551 -0.9317
vn 0.3449 0.2830 -0.8950
vn 0.3140 0.4876 -0.8147
vn 0.0838 -0.3792 -0.9215
vn 0.0905 -0.0364 -0.9952
vn 0.0889 0.1910 -0.9775
vn 0.0850 0.3457 -0.9345
vn -0.0838 -0.3792 -0.9215
vn -0.0905 -0.0364 -0.9952
vn -0.0889 0.1910 -0.9775
vn -0.0850 0.3457 -0.9345
vn -0.3055 -0.5277 -0.7926
vn -0.3591 -0.0551 -0.9317
vn -0.3449 0.2830 -0.8950
vn -0.3140 0.4876 -0.8147
vn -0.5819 -0.8133 -0.0000
vn -0.9924 -0.1233 -0.0000
vn -0.8331 0.5530 -0.0000
vn -0.6228 0.7824 -0.0000
vn -0.3055 -0.5277 0.7926
vn -0.3591 -0.0551 0.9317
vn -0.3449 0.2830 0.8950
vn -0.3140 0.4876 0.8147
vn -0.0838 -0.3792 0.9215
vn -0.0905 -0.0364 0.9952
vn -0.0889 0.1910 0.9775
vn -0.0850 0.3457 0.9345
vn 0.0838 -0.3792 0.9215
vn 0.0905 -0.0364 0.9952
vn 0.0889 0.1910 0.9775
vn 0.0850 0.3457 0.9345
vn 0.3055 -0.5277 0.7926
vn 0.3591 -0.0551 0.9317
vn 0.3449 0.2830 0.8950
vn 0.3140 0.4876 0.8147
vt 0.000000 0.120000
vt 0.050000 0.000000
vt 0.100000 0.120000
vt 0.150000 0.000000
vt 0.200000 0.120000
vt 0.250000 0.000000
vt 0.300000 0.120000
vt 0.350000 0.000000
vt 0.400000 0.120000
vt 0.450000 0.000000
vt 0.500000 0.120000
vt 0.550000 0.000000
vt 0.600000 0.120000
vt 0.650000 0.000000
vt 0.700000 0.120000
vt 0.750000 0.000000
vt 0.800000 0.120000
vt 0.850000 0.000000
vt 0.900000 0.120000
vt 0.950000 0.000000
vt 1.000000 0.120000
vt 0.100000 0.340000
vt 0.000000 0.340000
vt 0.200000 0.340000
vt 0.300000 0.340000
vt 0.400000 0.340000
vt 0.500000 0.340000
vt 0.600000 0.340000
vt 0.700000 0.340000
vt 0.800000 0.340000
vt 0.900000 0.340000
vt 1.000000 0.340000
vt 0.100000 0.620000
vt 0.000000 0.620000
vt 0.200000 0.620000
vt 0.300000 0.620000
vt 0.400000 0.620000
vt 0.500000 0.620000
vt 0.600000 0.620000
vt 0.700000 0.620000
vt 0.800000 0.620000
vt 0.900000 0.620000
vt 1.000000 0.620000
vt 0.100000 0.850000
vt 0.000000 0.850000
vt 0.200000 0.850000
vt 0.300000 0.850000
vt 0.400000 0.850000
vt 0.500000 0.850000
vt 0.600000 0.850000
vt 0.700000 0.850000
vt 0.800000 0.850000
vt 0.900000 0.850000
vt 1.000000 0.850000
vt 0.050000 1.000000
vt 0.150000 1.000000
vt 0.250000 1.000000
vt 0.350000 1.000000
vt 0.450000 1.000000
vt 0.550000 1.000000
vt 0.650000 1.000000
vt 0.750000 1.000000
vt 0.850000 1.000000
vt 0.950000 1.000000
s 1
g A_SuspendedCore.001_smoked_glass
usemtl smoked_glass
f 1928/1539/1920 1927/1540/1919 1933/1541/1925
f 1933/1541/1925 1927/1542/1919 1937/1543/1929
f 1937/1543/1929 1927/1544/1919 1941/1545/1933
f 1941/1545/1933 1927/1546/1919 1945/1547/1937
f 1945/1547/1937 1927/1548/1919 1949/1549/1941
f 1949/1549/1941 1927/1550/1919 1953/1551/1945
f 1953/1551/1945 1927/1552/1919 1957/1553/1949
f 1957/1553/1949 1927/1554/1919 1961/1555/1953
f 1961/1555/1953 1927/1556/1919 1965/1557/1957
f 1965/1557/1957 1927/1558/1919 1928/1559/1920
f 1928/1539/1920 1934/1560/1926 1929/1561/1921
f 1933/1541/1925 1938/1562/1930 1934/1560/1926
f 1937/1543/1929 1942/1563/1934 1938/1562/1930
f 1941/1545/1933 1946/1564/1938 1942/1563/1934
f 1946/1564/1938 1949/1549/1941 1950/1565/1942
f 1950/1565/1942 1953/1551/1945 1954/1566/1946
f 1953/1551/1945 1958/1567/1950 1954/1566/1946
f 1957/1553/1949 1962/1568/1954 1958/1567/1950
f 1962/1568/1954 1965/1557/1957 1966/1569/1958
f 1965/1557/1957 1929/1570/1921 1966/1569/1958
f 1929/1561/1921 1935/1571/1927 1930/1572/1922
f 1934/1560/1926 1939/1573/1931 1935/1571/1927
f 1939/1573/1931 1942/1563/1934 1943/1574/1935
f 1942/1563/1934 1947/1575/1939 1943/1574/1935
f 1946/1564/1938 1951/1576/1943 1947/1575/1939
f 1950/1565/1942 1955/1577/1947 1951/1576/1943
f 1954/1566/1946 1959/1578/1951 1955/1577/1947
f 1958/1567/1950 1963/1579/1955 1959/1578/1951
f 1963/1579/1955 1966/1569/1958 1967/1580/1959
f 1966/1569/1958 1930/1581/1922 1967/1580/1959
f 1930/1572/1922 1936/1582/1928 1931/1583/1923
f 1935/1571/1927 1940/1584/1932 1936/1582/1928
f 1940/1584/1932 1943/1574/1935 1944/1585/1936
f 1943/1574/1935 1948/1586/1940 1944/1585/1936
f 1947/1575/1939 1952/1587/1944 1948/1586/1940
f 1951/1576/1943 1956/1588/1948 1952/1587/1944
f 1956/1588/1948 1959/1578/1951 1960/1589/1952
f 1959/1578/1951 1964/1590/1956 1960/1589/1952
f 1964/1590/1956 1967/1580/1959 1968/1591/1960
f 1967/1580/1959 1931/1592/1923 1968/1591/1960
f 1932/1593/1924 1931/1583/1923 1936/1582/1928
f 1932/1594/1924 1936/1582/1928 1940/1584/1932
f 1932/1595/1924 1940/1584/1932 1944/1585/1936
f 1932/1596/1924 1944/1585/1936 1948/1586/1940
f 1932/1597/1924 1948/1586/1940 1952/1587/1944
f 1932/1598/1924 1952/1587/1944 1956/1588/1948
f 1932/1599/1924 1956/1588/1948 1960/1589/1952
f 1932/1600/1924 1960/1589/1952 1964/1590/1956
f 1932/1601/1924 1964/1590/1956 1968/1591/1960
f 1932/1602/1924 1968/1591/1960 1931/1592/1923
f 1928/1539/1920 1933/1541/1925 1934/1560/1926
f 1933/1541/1925 1937/1543/1929 1938/1562/1930
f 1937/1543/1929 1941/1545/1933 1942/1563/1934
f 1941/1545/1933 1945/1547/1937 1946/1564/1938
f 1946/1564/1938 1945/1547/1937 1949/1549/1941
f 1950/1565/1942 1949/1549/1941 1953/1551/1945
f 1953/1551/1945 1957/1553/1949 1958/1567/1950
f 1957/1553/1949 1961/1555/1953 1962/1568/1954
f 1962/1568/1954 1961/1555/1953 1965/1557/1957
f 1965/1557/1957 1928/1559/1920 1929/1570/1921
f 1929/1561/1921 1934/1560/1926 1935/1571/1927
f 1934/1560/1926 1938/1562/1930 1939/1573/1931
f 1939/1573/1931 1938/1562/1930 1942/1563/1934
f 1942/1563/1934 1946/1564/1938 1947/1575/1939
f 1946/1564/1938 1950/1565/1942 1951/1576/1943
f 1950/1565/1942 1954/1566/1946 1955/1577/1947
f 1954/1566/1946 1958/1567/1950 1959/1578/1951
f 1958/1567/1950 1962/1568/1954 1963/1579/1955
f 1963/1579/1955 1962/1568/1954 1966/1569/1958
f 1966/1569/1958 1929/1570/1921 1930/1581/1922
f 1930/1572/1922 1935/1571/1927 1936/1582/1928
f 1935/1571/1927 1939/1573/1931 1940/1584/1932
f 1940/1584/1932 1939/1573/1931 1943/1574/1935
f 1943/1574/1935 1947/1575/1939 1948/1586/1940
f 1947/1575/1939 1951/1576/1943 1952/1587/1944
f 1951/1576/1943 1955/1577/1947 1956/1588/1948
f 1956/1588/1948 1955/1577/1947 1959/1578/1951
f 1959/1578/1951 1963/1579/1955 1964/1590/1956
f 1964/1590/1956 1963/1579/1955 1967/1580/1959
f 1967/1580/1959 1930/1581/1922 1931/1592/1923
