# Blender 5.2.2 LTS
# www.blender.org
mtllib verdigris_coin.mtl
g A_ClosedCoinRaisedRimAnd64EdgeReeds.001_A_ClosedCoinRaisedRimAnd64EdgeReeds.001
v 0.000000 0.000000 0.164190
v 0.890000 0.000000 0.164190
v 0.889524 0.029120 0.164190
v 0.888094 0.058209 0.164190
v 0.885714 0.087235 0.164190
v 0.882386 0.116168 0.164190
v 0.878113 0.144977 0.164190
v 0.872899 0.173630 0.164190
v 0.866751 0.202098 0.164190
v 0.859674 0.230349 0.164190
v 0.851677 0.258353 0.164190
v 0.842768 0.286081 0.164190
v 0.832956 0.313503 0.164190
v 0.822253 0.340588 0.164190
v 0.810669 0.367309 0.164190
v 0.798217 0.393637 0.164190
v 0.784910 0.419543 0.164190
v 0.770763 0.445000 0.164190
v 0.755790 0.469980 0.164190
v 0.740008 0.494458 0.164190
v 0.723434 0.518405 0.164190
v 0.706084 0.541798 0.164190
v 0.687979 0.564610 0.164190
v 0.669137 0.586818 0.164190
v 0.649579 0.608397 0.164190
v 0.629325 0.629325 0.164190
v 0.608397 0.649579 0.164190
v 0.586818 0.669137 0.164190
v 0.564610 0.687979 0.164190
v 0.541798 0.706084 0.164190
v 0.518405 0.723434 0.164190
v 0.494458 0.740008 0.164190
v 0.469980 0.755790 0.164190
v 0.445000 0.770763 0.164190
v 0.419543 0.784910 0.164190
v 0.393637 0.798217 0.164190
v 0.367309 0.810669 0.164190
v 0.340588 0.822253 0.164190
v 0.313503 0.832956 0.164190
v 0.286081 0.842768 0.164190
v 0.258353 0.851677 0.164190
v 0.230349 0.859674 0.164190
v 0.202098 0.866751 0.164190
v 0.173630 0.872899 0.164190
v 0.144977 0.878113 0.164190
v 0.116168 0.882386 0.164190
v 0.087235 0.885714 0.164190
v 0.058209 0.888094 0.164190
v 0.029120 0.889524 0.164190
v 0.000000 0.890000 0.164190
v -0.029120 0.889524 0.164190
v -0.058209 0.888094 0.164190
v -0.087235 0.885714 0.164190
v -0.116168 0.882386 0.164190
v -0.144977 0.878113 0.164190
v -0.173630 0.872899 0.164190
v -0.202098 0.866751 0.164190
v -0.230349 0.859674 0.164190
v -0.258353 0.851677 0.164190
v -0.286081 0.842768 0.164190
v -0.313503 0.832956 0.164190
v -0.340588 0.822253 0.164190
v -0.367309 0.810669 0.164190
v -0.393637 0.798217 0.164190
v -0.419543 0.784910 0.164190
v -0.445000 0.770763 0.164190
v -0.469980 0.755790 0.164190
v -0.494458 0.740008 0.164190
v -0.518405 0.723434 0.164190
v -0.541798 0.706084 0.164190
v -0.564610 0.687979 0.164190
v -0.586818 0.669137 0.164190
v -0.608397 0.649579 0.164190
v -0.629325 0.629325 0.164190
v -0.649579 0.608397 0.164190
v -0.669137 0.586818 0.164190
v -0.687979 0.564610 0.164190
v -0.706084 0.541798 0.164190
v -0.723434 0.518405 0.164190
v -0.740008 0.494458 0.164190
v -0.755790 0.469980 0.164190
v -0.770763 0.445000 0.164190
v -0.784910 0.419543 0.164190
v -0.798217 0.393637 0.164190
v -0.810669 0.367309 0.164190
v -0.822253 0.340588 0.164190
v -0.832956 0.313503 0.164190
v -0.842768 0.286081 0.164190
v -0.851677 0.258353 0.164190
v -0.859674 0.230349 0.164190
v -0.866751 0.202098 0.164190
v -0.872899 0.173630 0.164190
v -0.878113 0.144977 0.164190
v -0.882386 0.116168 0.164190
v -0.885714 0.087235 0.164190
v -0.888094 0.058209 0.164190
v -0.889524 0.029120 0.164190
v -0.890000 0.000000 0.164190
v -0.889524 -0.029120 0.164190
v -0.888094 -0.058209 0.164190
v -0.885714 -0.087235 0.164190
v -0.882386 -0.116168 0.164190
v -0.878113 -0.144977 0.164190
v -0.872899 -0.173630 0.164190
v -0.866751 -0.202098 0.164190
v -0.859674 -0.230349 0.164190
v -0.851677 -0.258353 0.164190
v -0.842768 -0.286081 0.164190
v -0.832956 -0.313503 0.164190
v -0.822253 -0.340588 0.164190
v -0.810669 -0.367309 0.164190
v -0.798217 -0.393637 0.164190
v -0.784910 -0.419543 0.164190
v -0.770763 -0.445000 0.164190
v -0.755790 -0.469980 0.164190
v -0.740008 -0.494458 0.164190
v -0.723434 -0.518405 0.164190
v -0.706084 -0.541798 0.164190
v -0.687979 -0.564610 0.164190
v -0.669137 -0.586818 0.164190
v -0.649579 -0.608397 0.164190
v -0.629325 -0.629325 0.164190
v -0.608397 -0.649579 0.164190
v -0.586818 -0.669137 0.164190
v -0.564610 -0.687979 0.164190
v -0.541798 -0.706084 0.164190
v -0.518405 -0.723434 0.164190
v -0.494458 -0.740008 0.164190
v -0.469980 -0.755790 0.164190
v -0.445000 -0.770763 0.164190
v -0.419543 -0.784910 0.164190
v -0.393637 -0.798217 0.164190
v -0.367309 -0.810669 0.164190
v -0.340588 -0.822253 0.164190
v -0.313503 -0.832956 0.164190
v -0.286081 -0.842768 0.164190
v -0.258353 -0.851677 0.164190
v -0.230349 -0.859674 0.164190
v -0.202098 -0.866751 0.164190
v -0.173630 -0.872899 0.164190
v -0.144977 -0.878113 0.164190
v -0.116168 -0.882386 0.164190
v -0.087235 -0.885714 0.164190
v -0.058209 -0.888094 0.164190
v -0.029120 -0.889524 0.164190
v -0.000000 -0.890000 0.164190
v 0.029120 -0.889524 0.164190
v 0.058209 -0.888094 0.164190
v 0.087235 -0.885714 0.164190
v 0.116168 -0.882386 0.164190
v 0.144977 -0.878113 0.164190
v 0.173630 -0.872899 0.164190
v 0.202098 -0.866751 0.164190
v 0.230349 -0.859674 0.164190
v 0.258353 -0.851677 0.164190
v 0.286081 -0.842768 0.164190
v 0.313503 -0.832956 0.164190
v 0.340588 -0.822253 0.164190
v 0.367309 -0.810669 0.164190
v 0.393637 -0.798217 0.164190
v 0.419543 -0.784910 0.164190
v 0.445000 -0.770763 0.164190
v 0.469980 -0.755790 0.164190
v 0.494458 -0.740008 0.164190
v 0.518405 -0.723434 0.164190
v 0.541798 -0.706084 0.164190
v 0.564610 -0.687979 0.164190
v 0.586818 -0.669137 0.164190
v 0.608397 -0.649579 0.164190
v 0.629325 -0.629325 0.164190
v 0.649579 -0.608397 0.164190
v 0.669137 -0.586818 0.164190
v 0.687979 -0.564610 0.164190
v 0.706084 -0.541798 0.164190
v 0.723434 -0.518405 0.164190
v 0.740008 -0.494458 0.164190
v 0.755790 -0.469980 0.164190
v 0.770763 -0.445000 0.164190
v 0.784910 -0.419543 0.164190
v 0.798217 -0.393637 0.164190
v 0.810669 -0.367309 0.164190
v 0.822253 -0.340588 0.164190
v 0.832956 -0.313503 0.164190
v 0.842768 -0.286081 0.164190
v 0.851677 -0.258353 0.164190
v 0.859674 -0.230349 0.164190
v 0.866751 -0.202098 0.164190
v 0.872899 -0.173630 0.164190
v 0.878113 -0.144977 0.164190
v 0.882386 -0.116168 0.164190
v 0.885714 -0.087235 0.164190
v 0.888094 -0.058209 0.164190
v 0.889524 -0.029120 0.164190
v 0.955000 0.000000 0.194190
v 0.954489 0.031247 0.194190
v 0.952955 0.062460 0.194190
v 0.950401 0.093606 0.194190
v 0.946830 0.124653 0.194190
v 0.942244 0.155565 0.194190
v 0.936650 0.186311 0.194190
v 0.930053 0.216858 0.194190
v 0.922459 0.247172 0.194190
v 0.913878 0.277222 0.194190
v 0.904318 0.306975 0.194190
v 0.893790 0.336399 0.194190
v 0.882305 0.365463 0.194190
v 0.869875 0.394135 0.194190
v 0.856513 0.422386 0.194190
v 0.842235 0.450184 0.194190
v 0.827054 0.477500 0.194190
v 0.810988 0.504305 0.194190
v 0.794053 0.530570 0.194190
v 0.776269 0.556266 0.194190
v 0.757652 0.581367 0.194190
v 0.738225 0.605846 0.194190
v 0.718007 0.629675 0.194190
v 0.697020 0.652831 0.194190
v 0.675287 0.675287 0.194190
v 0.652831 0.697020 0.194190
v 0.629675 0.718007 0.194190
v 0.605846 0.738225 0.194190
v 0.581367 0.757652 0.194190
v 0.556266 0.776269 0.194190
v 0.530570 0.794053 0.194190
v 0.504305 0.810988 0.194190
v 0.477500 0.827054 0.194190
v 0.450184 0.842235 0.194190
v 0.422386 0.856513 0.194190
v 0.394135 0.869875 0.194190
v 0.365463 0.882305 0.194190
v 0.336399 0.893790 0.194190
v 0.306975 0.904318 0.194190
v 0.277222 0.913878 0.194190
v 0.247172 0.922459 0.194190
v 0.216858 0.930053 0.194190
v 0.186311 0.936650 0.194190
v 0.155565 0.942244 0.194190
v 0.124653 0.946830 0.194190
v 0.093606 0.950401 0.194190
v 0.062460 0.952955 0.194190
v 0.031247 0.954489 0.194190
v 0.000000 0.955000 0.194190
v -0.031247 0.954489 0.194190
v -0.062460 0.952955 0.194190
v -0.093606 0.950401 0.194190
v -0.124653 0.946830 0.194190
v -0.155565 0.942244 0.194190
v -0.186311 0.936650 0.194190
v -0.216858 0.930053 0.194190
v -0.247172 0.922459 0.194190
v -0.277222 0.913878 0.194190
v -0.306975 0.904318 0.194190
v -0.336399 0.893790 0.194190
v -0.365463 0.882305 0.194190
v -0.394135 0.869875 0.194190
v -0.422386 0.856513 0.194190
v -0.450184 0.842235 0.194190
v -0.477500 0.827054 0.194190
v -0.504305 0.810988 0.194190
v -0.530570 0.794053 0.194190
v -0.556266 0.776269 0.194190
v -0.581367 0.757652 0.194190
v -0.605846 0.738225 0.194190
v -0.629675 0.718007 0.194190
v -0.652831 0.697020 0.194190
v -0.675287 0.675287 0.194190
v -0.697020 0.652831 0.194190
v -0.718007 0.629675 0.194190
v -0.738225 0.605846 0.194190
v -0.757652 0.581367 0.194190
v -0.776269 0.556266 0.194190
v -0.794053 0.530570 0.194190
v -0.810988 0.504305 0.194190
v -0.827054 0.477500 0.194190
v -0.842235 0.450184 0.194190
v -0.856513 0.422386 0.194190
v -0.869875 0.394135 0.194190
v -0.882305 0.365463 0.194190
v -0.893790 0.336399 0.194190
v -0.904318 0.306975 0.194190
v -0.913878 0.277222 0.194190
v -0.922459 0.247172 0.194190
v -0.930053 0.216858 0.194190
v -0.936650 0.186311 0.194190
v -0.942244 0.155565 0.194190
v -0.946830 0.124653 0.194190
v -0.950401 0.093606 0.194190
v -0.952955 0.062460 0.194190
v -0.954489 0.031247 0.194190
v -0.955000 0.000000 0.194190
v -0.954489 -0.031247 0.194190
v -0.952955 -0.062460 0.194190
v -0.950401 -0.093606 0.194190
v -0.946830 -0.124653 0.194190
v -0.942244 -0.155565 0.194190
v -0.936650 -0.186311 0.194190
v -0.930053 -0.216858 0.194190
v -0.922459 -0.247172 0.194190
v -0.913878 -0.277222 0.194190
v -0.904318 -0.306975 0.194190
v -0.893790 -0.336399 0.194190
v -0.882305 -0.365463 0.194190
v -0.869875 -0.394135 0.194190
v -0.856513 -0.422386 0.194190
v -0.842235 -0.450184 0.194190
v -0.827054 -0.477500 0.194190
v -0.810988 -0.504305 0.194190
v -0.794053 -0.530570 0.194190
v -0.776269 -0.556266 0.194190
v -0.757652 -0.581367 0.194190
v -0.738225 -0.605846 0.194190
v -0.718007 -0.629675 0.194190
v -0.697020 -0.652831 0.194190
v -0.675287 -0.675287 0.194190
v -0.652831 -0.697020 0.194190
v -0.629675 -0.718007 0.194190
v -0.605846 -0.738225 0.194190
v -0.581367 -0.757652 0.194190
v -0.556266 -0.776269 0.194190
v -0.530570 -0.794053 0.194190
v -0.504305 -0.810988 0.194190
v -0.477500 -0.827054 0.194190
v -0.450184 -0.842235 0.194190
v -0.422386 -0.856513 0.194190
v -0.394135 -0.869875 0.194190
v -0.365463 -0.882305 0.194190
v -0.336399 -0.893790 0.194190
v -0.306975 -0.904318 0.194190
v -0.277222 -0.913878 0.194190
v -0.247172 -0.922459 0.194190
v -0.216858 -0.930053 0.194190
v -0.186311 -0.936650 0.194190
v -0.155565 -0.942244 0.194190
v -0.124653 -0.946830 0.194190
v -0.093606 -0.950401 0.194190
v -0.062460 -0.952955 0.194190
v -0.031247 -0.954489 0.194190
v -0.000000 -0.955000 0.194190
v 0.031247 -0.954489 0.194190
v 0.062460 -0.952955 0.194190
v 0.093606 -0.950401 0.194190
v 0.124653 -0.946830 0.194190
v 0.155565 -0.942244 0.194190
v 0.186311 -0.936650 0.194190
v 0.216858 -0.930053 0.194190
v 0.247172 -0.922459 0.194190
v 0.277222 -0.913878 0.194190
v 0.306975 -0.904318 0.194190
v 0.336399 -0.893790 0.194190
v 0.365463 -0.882305 0.194190
v 0.394135 -0.869875 0.194190
v 0.422386 -0.856513 0.194190
v 0.450184 -0.842235 0.194190
v 0.477500 -0.827054 0.194190
v 0.504305 -0.810988 0.194190
v 0.530570 -0.794053 0.194190
v 0.556266 -0.776269 0.194190
v 0.581367 -0.757652 0.194190
v 0.605846 -0.738225 0.194190
v 0.629675 -0.718007 0.194190
v 0.652831 -0.697020 0.194190
v 0.675287 -0.675287 0.194190
v 0.697020 -0.652831 0.194190
v 0.718007 -0.629675 0.194190
v 0.738225 -0.605846 0.194190
v 0.757652 -0.581367 0.194190
v 0.776269 -0.556266 0.194190
v 0.794053 -0.530570 0.194190
v 0.810988 -0.504305 0.194190
v 0.827054 -0.477500 0.194190
v 0.842235 -0.450184 0.194190
v 0.856513 -0.422386 0.194190
v 0.869875 -0.394135 0.194190
v 0.882305 -0.365463 0.194190
v 0.893790 -0.336399 0.194190
v 0.904318 -0.306975 0.194190
v 0.913878 -0.277222 0.194190
v 0.922459 -0.247172 0.194190
v 0.930053 -0.216858 0.194190
v 0.936650 -0.186311 0.194190
v 0.942244 -0.155565 0.194190
v 0.946830 -0.124653 0.194190
v 0.950401 -0.093606 0.194190
v 0.952955 -0.062460 0.194190
v 0.954489 -0.031247 0.194190
v 1.012000 0.000000 0.164190
v 0.993468 0.032523 0.164190
v 0.991872 0.065011 0.164190
v 1.007127 0.099193 0.164190
v 0.985496 0.129743 0.164190
v 0.980724 0.161918 0.164190
v 0.992555 0.197431 0.164190
v 0.968034 0.225714 0.164190
v 0.960130 0.257266 0.164190
v 0.968424 0.293768 0.164190
v 0.941249 0.319511 0.164190
v 0.930291 0.350137 0.164190
v 0.934966 0.387276 0.164190
v 0.905399 0.410231 0.164190
v 0.891492 0.439635 0.164190
v 0.892504 0.477053 0.164190
v 0.860829 0.497000 0.164190
v 0.844107 0.524899 0.164190
v 0.841447 0.562237 0.164190
v 0.807970 0.578983 0.164190
v 0.788593 0.605109 0.164190
v 0.782287 0.642006 0.164190
v 0.747329 0.655390 0.164190
v 0.725485 0.679491 0.164190
v 0.715592 0.715592 0.164190
v 0.679491 0.725485 0.164190
v 0.655390 0.747329 0.164190
v 0.642006 0.782287 0.164190
v 0.605109 0.788593 0.164190
v 0.578983 0.807970 0.164190
v 0.562237 0.841447 0.164190
v 0.524899 0.844107 0.164190
v 0.497000 0.860829 0.164190
v 0.477053 0.892504 0.164190
v 0.439635 0.891492 0.164190
v 0.410231 0.905399 0.164190
v 0.387276 0.934966 0.164190
v 0.350137 0.930291 0.164190
v 0.319511 0.941249 0.164190
v 0.293768 0.968424 0.164190
v 0.257266 0.960130 0.164190
v 0.225714 0.968034 0.164190
v 0.197431 0.992555 0.164190
v 0.161918 0.980724 0.164190
v 0.129743 0.985496 0.164190
v 0.099193 1.007127 0.164190
v 0.065011 0.991872 0.164190
v 0.032523 0.993468 0.164190
v 0.000000 1.012000 0.164190
v -0.032523 0.993468 0.164190
v -0.065011 0.991872 0.164190
v -0.099193 1.007127 0.164190
v -0.129743 0.985496 0.164190
v -0.161918 0.980724 0.164190
v -0.197431 0.992555 0.164190
v -0.225714 0.968034 0.164190
v -0.257266 0.960130 0.164190
v -0.293768 0.968424 0.164190
v -0.319511 0.941249 0.164190
v -0.350137 0.930291 0.164190
v -0.387276 0.934966 0.164190
v -0.410231 0.905399 0.164190
v -0.439635 0.891492 0.164190
v -0.477053 0.892504 0.164190
v -0.497000 0.860829 0.164190
v -0.524899 0.844107 0.164190
v -0.562237 0.841447 0.164190
v -0.578983 0.807970 0.164190
v -0.605109 0.788593 0.164190
v -0.642006 0.782287 0.164190
v -0.655390 0.747329 0.164190
v -0.679491 0.725485 0.164190
v -0.715592 0.715592 0.164190
v -0.725485 0.679491 0.164190
v -0.747329 0.655390 0.164190
v -0.782287 0.642006 0.164190
v -0.788593 0.605109 0.164190
v -0.807970 0.578983 0.164190
v -0.841447 0.562237 0.164190
v -0.844107 0.524899 0.164190
v -0.860829 0.497000 0.164190
v -0.892504 0.477053 0.164190
v -0.891492 0.439635 0.164190
v -0.905399 0.410231 0.164190
v -0.934966 0.387276 0.164190
v -0.930291 0.350137 0.164190
v -0.941249 0.319511 0.164190
v -0.968424 0.293768 0.164190
v -0.960130 0.257266 0.164190
v -0.968034 0.225714 0.164190
v -0.992555 0.197431 0.164190
v -0.980724 0.161918 0.164190
v -0.985496 0.129743 0.164190
v -1.007127 0.099193 0.164190
v -0.991872 0.065011 0.164190
v -0.993468 0.032523 0.164190
v -1.012000 0.000000 0.164190
v -0.993468 -0.032523 0.164190
v -0.991872 -0.065011 0.164190
v -1.007127 -0.099193 0.164190
v -0.985496 -0.129743 0.164190
v -0.980724 -0.161918 0.164190
v -0.992555 -0.197431 0.164190
v -0.968034 -0.225714 0.164190
v -0.960130 -0.257266 0.164190
v -0.968424 -0.293768 0.164190
v -0.941249 -0.319511 0.164190
v -0.930291 -0.350137 0.164190
v -0.934966 -0.387276 0.164190
v -0.905399 -0.410231 0.164190
v -0.891492 -0.439635 0.164190
v -0.892504 -0.477053 0.164190
v -0.860829 -0.497000 0.164190
v -0.844107 -0.524899 0.164190
v -0.841447 -0.562237 0.164190
v -0.807970 -0.578983 0.164190
v -0.788593 -0.605109 0.164190
v -0.782287 -0.642006 0.164190
v -0.747329 -0.655390 0.164190
v -0.725485 -0.679491 0.164190
v -0.715592 -0.715592 0.164190
v -0.679491 -0.725485 0.164190
v -0.655390 -0.747329 0.164190
v -0.642006 -0.782287 0.164190
v -0.605109 -0.788593 0.164190
v -0.578983 -0.807970 0.164190
v -0.562237 -0.841447 0.164190
v -0.524899 -0.844107 0.164190
v -0.497000 -0.860829 0.164190
v -0.477053 -0.892504 0.164190
v -0.439635 -0.891492 0.164190
v -0.410231 -0.905399 0.164190
v -0.387276 -0.934966 0.164190
v -0.350137 -0.930291 0.164190
v -0.319511 -0.941249 0.164190
v -0.293768 -0.968424 0.164190
v -0.257266 -0.960130 0.164190
v -0.225714 -0.968034 0.164190
v -0.197431 -0.992555 0.164190
v -0.161918 -0.980724 0.164190
v -0.129743 -0.985496 0.164190
v -0.099193 -1.007127 0.164190
v -0.065011 -0.991872 0.164190
v -0.032523 -0.993468 0.164190
v -0.000000 -1.012000 0.164190
v 0.032523 -0.993468 0.164190
v 0.065011 -0.991872 0.164190
v 0.099193 -1.007127 0.164190
v 0.129743 -0.985496 0.164190
v 0.161918 -0.980724 0.164190
v 0.197431 -0.992555 0.164190
v 0.225714 -0.968034 0.164190
v 0.257266 -0.960130 0.164190
v 0.293768 -0.968424 0.164190
v 0.319511 -0.941249 0.164190
v 0.350137 -0.930291 0.164190
v 0.387276 -0.934966 0.164190
v 0.410231 -0.905399 0.164190
v 0.439635 -0.891492 0.164190
v 0.477053 -0.892504 0.164190
v 0.497000 -0.860829 0.164190
v 0.524899 -0.844107 0.164190
v 0.562237 -0.841447 0.164190
v 0.578983 -0.807970 0.164190
v 0.605109 -0.788593 0.164190
v 0.642006 -0.782287 0.164190
v 0.655390 -0.747329 0.164190
v 0.679491 -0.725485 0.164190
v 0.715592 -0.715592 0.164190
v 0.725485 -0.679491 0.164190
v 0.747329 -0.655390 0.164190
v 0.782287 -0.642006 0.164190
v 0.788593 -0.605109 0.164190
v 0.807970 -0.578983 0.164190
v 0.841447 -0.562237 0.164190
v 0.844107 -0.524899 0.164190
v 0.860829 -0.497000 0.164190
v 0.892504 -0.477053 0.164190
v 0.891492 -0.439635 0.164190
v 0.905399 -0.410231 0.164190
v 0.934966 -0.387276 0.164190
v 0.930291 -0.350137 0.164190
v 0.941249 -0.319511 0.164190
v 0.968424 -0.293768 0.164190
v 0.960130 -0.257266 0.164190
v 0.968034 -0.225714 0.164190
v 0.992555 -0.197431 0.164190
v 0.980724 -0.161918 0.164190
v 0.985496 -0.129743 0.164190
v 1.007127 -0.099193 0.164190
v 0.991872 -0.065011 0.164190
v 0.993468 -0.032523 0.164190
v 1.012000 0.000000 -0.164190
v 0.993468 0.032523 -0.164190
v 0.991872 0.065011 -0.164190
v 1.007127 0.099193 -0.164190
v 0.985496 0.129743 -0.164190
v 0.980724 0.161918 -0.164190
v 0.992555 0.197431 -0.164190
v 0.968034 0.225714 -0.164190
v 0.960130 0.257266 -0.164190
v 0.968424 0.293768 -0.164190
v 0.941249 0.319511 -0.164190
v 0.930291 0.350137 -0.164190
v 0.934966 0.387276 -0.164190
v 0.905399 0.410231 -0.164190
v 0.891492 0.439635 -0.164190
v 0.892504 0.477053 -0.164190
v 0.860829 0.497000 -0.164190
v 0.844107 0.524899 -0.164190
v 0.841447 0.562237 -0.164190
v 0.807970 0.578983 -0.164190
v 0.788593 0.605109 -0.164190
v 0.782287 0.642006 -0.164190
v 0.747329 0.655390 -0.164190
v 0.725485 0.679491 -0.164190
v 0.715592 0.715592 -0.164190
v 0.679491 0.725485 -0.164190
v 0.655390 0.747329 -0.164190
v 0.642006 0.782287 -0.164190
v 0.605109 0.788593 -0.164190
v 0.578983 0.807970 -0.164190
v 0.562237 0.841447 -0.164190
v 0.524899 0.844107 -0.164190
v 0.497000 0.860829 -0.164190
v 0.477053 0.892504 -0.164190
v 0.439635 0.891492 -0.164190
v 0.410231 0.905399 -0.164190
v 0.387276 0.934966 -0.164190
v 0.350137 0.930291 -0.164190
v 0.319511 0.941249 -0.164190
v 0.293768 0.968424 -0.164190
v 0.257266 0.960130 -0.164190
v 0.225714 0.968034 -0.164190
v 0.197431 0.992555 -0.164190
v 0.161918 0.980724 -0.164190
v 0.129743 0.985496 -0.164190
v 0.099193 1.007127 -0.164190
v 0.065011 0.991872 -0.164190
v 0.032523 0.993468 -0.164190
v 0.000000 1.012000 -0.164190
v -0.032523 0.993468 -0.164190
v -0.065011 0.991872 -0.164190
v -0.099193 1.007127 -0.164190
v -0.129743 0.985496 -0.164190
v -0.161918 0.980724 -0.164190
v -0.197431 0.992555 -0.164190
v -0.225714 0.968034 -0.164190
v -0.257266 0.960130 -0.164190
v -0.293768 0.968424 -0.164190
v -0.319511 0.941249 -0.164190
v -0.350137 0.930291 -0.164190
v -0.387276 0.934966 -0.164190
v -0.410231 0.905399 -0.164190
v -0.439635 0.891492 -0.164190
v -0.477053 0.892504 -0.164190
v -0.497000 0.860829 -0.164190
v -0.524899 0.844107 -0.164190
v -0.562237 0.841447 -0.164190
v -0.578983 0.807970 -0.164190
v -0.605109 0.788593 -0.164190
v -0.642006 0.782287 -0.164190
v -0.655390 0.747329 -0.164190
v -0.679491 0.725485 -0.164190
v -0.715592 0.715592 -0.164190
v -0.725485 0.679491 -0.164190
v -0.747329 0.655390 -0.164190
v -0.782287 0.642006 -0.164190
v -0.788593 0.605109 -0.164190
v -0.807970 0.578983 -0.164190
v -0.841447 0.562237 -0.164190
v -0.844107 0.524899 -0.164190
v -0.860829 0.497000 -0.164190
v -0.892504 0.477053 -0.164190
v -0.891492 0.439635 -0.164190
v -0.905399 0.410231 -0.164190
v -0.934966 0.387276 -0.164190
v -0.930291 0.350137 -0.164190
v -0.941249 0.319511 -0.164190
v -0.968424 0.293768 -0.164190
v -0.960130 0.257266 -0.164190
v -0.968034 0.225714 -0.164190
v -0.992555 0.197431 -0.164190
v -0.980724 0.161918 -0.164190
v -0.985496 0.129743 -0.164190
v -1.007127 0.099193 -0.164190
v -0.991872 0.065011 -0.164190
v -0.993468 0.032523 -0.164190
v -1.012000 0.000000 -0.164190
v -0.993468 -0.032523 -0.164190
v -0.991872 -0.065011 -0.164190
v -1.007127 -0.099193 -0.164190
v -0.985496 -0.129743 -0.164190
v -0.980724 -0.161918 -0.164190
v -0.992555 -0.197431 -0.164190
v -0.968034 -0.225714 -0.164190
v -0.960130 -0.257266 -0.164190
v -0.968424 -0.293768 -0.164190
v -0.941249 -0.319511 -0.164190
v -0.930291 -0.350137 -0.164190
v -0.934966 -0.387276 -0.164190
v -0.905399 -0.410231 -0.164190
v -0.891492 -0.439635 -0.164190
v -0.892504 -0.477053 -0.164190
v -0.860829 -0.497000 -0.164190
v -0.844107 -0.524899 -0.164190
v -0.841447 -0.562237 -0.164190
v -0.807970 -0.578983 -0.164190
v -0.788593 -0.605109 -0.164190
v -0.782287 -0.642006 -0.164190
v -0.747329 -0.655390 -0.164190
v -0.725485 -0.679491 -0.164190
v -0.715592 -0.715592 -0.164190
v -0.679491 -0.725485 -0.164190
v -0.655390 -0.747329 -0.164190
v -0.642006 -0.782287 -0.164190
v -0.605109 -0.788593 -0.164190
v -0.578983 -0.807970 -0.164190
v -0.562237 -0.841447 -0.164190
v -0.524899 -0.844107 -0.164190
v -0.497000 -0.860829 -0.164190
v -0.477053 -0.892504 -0.164190
v -0.439635 -0.891492 -0.164190
v -0.410231 -0.905399 -0.164190
v -0.387276 -0.934966 -0.164190
v -0.350137 -0.930291 -0.164190
v -0.319511 -0.941249 -0.164190
v -0.293768 -0.968424 -0.164190
v -0.257266 -0.960130 -0.164190
v -0.225714 -0.968034 -0.164190
v -0.197431 -0.992555 -0.164190
v -0.161918 -0.980724 -0.164190
v -0.129743 -0.985496 -0.164190
v -0.099193 -1.007127 -0.164190
v -0.065011 -0.991872 -0.164190
v -0.032523 -0.993468 -0.164190
v -0.000000 -1.012000 -0.164190
v 0.032523 -0.993468 -0.164190
v 0.065011 -0.991872 -0.164190
v 0.099193 -1.007127 -0.164190
v 0.129743 -0.985496 -0.164190
v 0.161918 -0.980724 -0.164190
v 0.197431 -0.992555 -0.164190
v 0.225714 -0.968034 -0.164190
v 0.257266 -0.960130 -0.164190
v 0.293768 -0.968424 -0.164190
v 0.319511 -0.941249 -0.164190
v 0.350137 -0.930291 -0.164190
v 0.387276 -0.934966 -0.164190
v 0.410231 -0.905399 -0.164190
v 0.439635 -0.891492 -0.164190
v 0.477053 -0.892504 -0.164190
v 0.497000 -0.860829 -0.164190
v 0.524899 -0.844107 -0.164190
v 0.562237 -0.841447 -0.164190
v 0.578983 -0.807970 -0.164190
v 0.605109 -0.788593 -0.164190
v 0.642006 -0.782287 -0.164190
v 0.655390 -0.747329 -0.164190
v 0.679491 -0.725485 -0.164190
v 0.715592 -0.715592 -0.164190
v 0.725485 -0.679491 -0.164190
v 0.747329 -0.655390 -0.164190
v 0.782287 -0.642006 -0.164190
v 0.788593 -0.605109 -0.164190
v 0.807970 -0.578983 -0.164190
v 0.841447 -0.562237 -0.164190
v 0.844107 -0.524899 -0.164190
v 0.860829 -0.497000 -0.164190
v 0.892504 -0.477053 -0.164190
v 0.891492 -0.439635 -0.164190
v 0.905399 -0.410231 -0.164190
v 0.934966 -0.387276 -0.164190
v 0.930291 -0.350137 -0.164190
v 0.941249 -0.319511 -0.164190
v 0.968424 -0.293768 -0.164190
v 0.960130 -0.257266 -0.164190
v 0.968034 -0.225714 -0.164190
v 0.992555 -0.197431 -0.164190
v 0.980724 -0.161918 -0.164190
v 0.985496 -0.129743 -0.164190
v 1.007127 -0.099193 -0.164190
v 0.991872 -0.065011 -0.164190
v 0.993468 -0.032523 -0.164190
v 0.955000 0.000000 -0.194190
v 0.954489 0.031247 -0.194190
v 0.952955 0.062460 -0.194190
v 0.950401 0.093606 -0.194190
v 0.946830 0.124653 -0.194190
v 0.942244 0.155565 -0.194190
v 0.936650 0.186311 -0.194190
v 0.930053 0.216858 -0.194190
v 0.922459 0.247172 -0.194190
v 0.913878 0.277222 -0.194190
v 0.904318 0.306975 -0.194190
v 0.893790 0.336399 -0.194190
v 0.882305 0.365463 -0.194190
v 0.869875 0.394135 -0.194190
v 0.856513 0.422386 -0.194190
v 0.842235 0.450184 -0.194190
v 0.827054 0.477500 -0.194190
v 0.810988 0.504305 -0.194190
v 0.794053 0.530570 -0.194190
v 0.776269 0.556266 -0.194190
v 0.757652 0.581367 -0.194190
v 0.738225 0.605846 -0.194190
v 0.718007 0.629675 -0.194190
v 0.697020 0.652831 -0.194190
v 0.675287 0.675287 -0.194190
v 0.652831 0.697020 -0.194190
v 0.629675 0.718007 -0.194190
v 0.605846 0.738225 -0.194190
v 0.581367 0.757652 -0.194190
v 0.556266 0.776269 -0.194190
v 0.530570 0.794053 -0.194190
v 0.504305 0.810988 -0.194190
v 0.477500 0.827054 -0.194190
v 0.450184 0.842235 -0.194190
v 0.422386 0.856513 -0.194190
v 0.394135 0.869875 -0.194190
v 0.365463 0.882305 -0.194190
v 0.336399 0.893790 -0.194190
v 0.306975 0.904318 -0.194190
v 0.277222 0.913878 -0.194190
v 0.247172 0.922459 -0.194190
v 0.216858 0.930053 -0.194190
v 0.186311 0.936650 -0.194190
v 0.155565 0.942244 -0.194190
v 0.124653 0.946830 -0.194190
v 0.093606 0.950401 -0.194190
v 0.062460 0.952955 -0.194190
v 0.031247 0.954489 -0.194190
v 0.000000 0.955000 -0.194190
v -0.031247 0.954489 -0.194190
v -0.062460 0.952955 -0.194190
v -0.093606 0.950401 -0.194190
v -0.124653 0.946830 -0.194190
v -0.155565 0.942244 -0.194190
v -0.186311 0.936650 -0.194190
v -0.216858 0.930053 -0.194190
v -0.247172 0.922459 -0.194190
v -0.277222 0.913878 -0.194190
v -0.306975 0.904318 -0.194190
v -0.336399 0.893790 -0.194190
v -0.365463 0.882305 -0.194190
v -0.394135 0.869875 -0.194190
v -0.422386 0.856513 -0.194190
v -0.450184 0.842235 -0.194190
v -0.477500 0.827054 -0.194190
v -0.504305 0.810988 -0.194190
v -0.530570 0.794053 -0.194190
v -0.556266 0.776269 -0.194190
v -0.581367 0.757652 -0.194190
v -0.605846 0.738225 -0.194190
v -0.629675 0.718007 -0.194190
v -0.652831 0.697020 -0.194190
v -0.675287 0.675287 -0.194190
v -0.697020 0.652831 -0.194190
v -0.718007 0.629675 -0.194190
v -0.738225 0.605846 -0.194190
v -0.757652 0.581367 -0.194190
v -0.776269 0.556266 -0.194190
v -0.794053 0.530570 -0.194190
v -0.810988 0.504305 -0.194190
v -0.827054 0.477500 -0.194190
v -0.842235 0.450184 -0.194190
v -0.856513 0.422386 -0.194190
v -0.869875 0.394135 -0.194190
v -0.882305 0.365463 -0.194190
v -0.893790 0.336399 -0.194190
v -0.904318 0.306975 -0.194190
v -0.913878 0.277222 -0.194190
v -0.922459 0.247172 -0.194190
v -0.930053 0.216858 -0.194190
v -0.936650 0.186311 -0.194190
v -0.942244 0.155565 -0.194190
v -0.946830 0.124653 -0.194190
v -0.950401 0.093606 -0.194190
v -0.952955 0.062460 -0.194190
v -0.954489 0.031247 -0.194190
v -0.955000 0.000000 -0.194190
v -0.954489 -0.031247 -0.194190
v -0.952955 -0.062460 -0.194190
v -0.950401 -0.093606 -0.194190
v -0.946830 -0.124653 -0.194190
v -0.942244 -0.155565 -0.194190
v -0.936650 -0.186311 -0.194190
v -0.930053 -0.216858 -0.194190
v -0.922459 -0.247172 -0.194190
v -0.913878 -0.277222 -0.194190
v -0.904318 -0.306975 -0.194190
v -0.893790 -0.336399 -0.194190
v -0.882305 -0.365463 -0.194190
v -0.869875 -0.394135 -0.194190
v -0.856513 -0.422386 -0.194190
v -0.842235 -0.450184 -0.194190
v -0.827054 -0.477500 -0.194190
v -0.810988 -0.504305 -0.194190
v -0.794053 -0.530570 -0.194190
v -0.776269 -0.556266 -0.194190
v -0.757652 -0.581367 -0.194190
v -0.738225 -0.605846 -0.194190
v -0.718007 -0.629675 -0.194190
v -0.697020 -0.652831 -0.194190
v -0.675287 -0.675287 -0.194190
v -0.652831 -0.697020 -0.194190
v -0.629675 -0.718007 -0.194190
v -0.605846 -0.738225 -0.194190
v -0.581367 -0.757652 -0.194190
v -0.556266 -0.776269 -0.194190
v -0.530570 -0.794053 -0.194190
v -0.504305 -0.810988 -0.194190
v -0.477500 -0.827054 -0.194190
v -0.450184 -0.842235 -0.194190
v -0.422386 -0.856513 -0.194190
v -0.394135 -0.869875 -0.194190
v -0.365463 -0.882305 -0.194190
v -0.336399 -0.893790 -0.194190
v -0.306975 -0.904318 -0.194190
v -0.277222 -0.913878 -0.194190
v -0.247172 -0.922459 -0.194190
v -0.216858 -0.930053 -0.194190
v -0.186311 -0.936650 -0.194190
v -0.155565 -0.942244 -0.194190
v -0.124653 -0.946830 -0.194190
v -0.093606 -0.950401 -0.194190
v -0.062460 -0.952955 -0.194190
v -0.031247 -0.954489 -0.194190
v -0.000000 -0.955000 -0.194190
v 0.031247 -0.954489 -0.194190
v 0.062460 -0.952955 -0.194190
v 0.093606 -0.950401 -0.194190
v 0.124653 -0.946830 -0.194190
v 0.155565 -0.942244 -0.194190
v 0.186311 -0.936650 -0.194190
v 0.216858 -0.930053 -0.194190
v 0.247172 -0.922459 -0.194190
v 0.277222 -0.913878 -0.194190
v 0.306975 -0.904318 -0.194190
v 0.336399 -0.893790 -0.194190
v 0.365463 -0.882305 -0.194190
v 0.394135 -0.869875 -0.194190
v 0.422386 -0.856513 -0.194190
v 0.450184 -0.842235 -0.194190
v 0.477500 -0.827054 -0.194190
v 0.504305 -0.810988 -0.194190
v 0.530570 -0.794053 -0.194190
v 0.556266 -0.776269 -0.194190
v 0.581367 -0.757652 -0.194190
v 0.605846 -0.738225 -0.194190
v 0.629675 -0.718007 -0.194190
v 0.652831 -0.697020 -0.194190
v 0.675287 -0.675287 -0.194190
v 0.697020 -0.652831 -0.194190
v 0.718007 -0.629675 -0.194190
v 0.738225 -0.605846 -0.194190
v 0.757652 -0.581367 -0.194190
v 0.776269 -0.556266 -0.194190
v 0.794053 -0.530570 -0.194190
v 0.810988 -0.504305 -0.194190
v 0.827054 -0.477500 -0.194190
v 0.842235 -0.450184 -0.194190
v 0.856513 -0.422386 -0.194190
v 0.869875 -0.394135 -0.194190
v 0.882305 -0.365463 -0.194190
v 0.893790 -0.336399 -0.194190
v 0.904318 -0.306975 -0.194190
v 0.913878 -0.277222 -0.194190
v 0.922459 -0.247172 -0.194190
v 0.930053 -0.216858 -0.194190
v 0.936650 -0.186311 -0.194190
v 0.942244 -0.155565 -0.194190
v 0.946830 -0.124653 -0.194190
v 0.950401 -0.093606 -0.194190
v 0.952955 -0.062460 -0.194190
v 0.954489 -0.031247 -0.194190
v 0.890000 0.000000 -0.164190
v 0.889524 0.029120 -0.164190
v 0.888094 0.058209 -0.164190
v 0.885714 0.087235 -0.164190
v 0.882386 0.116168 -0.164190
v 0.878113 0.144977 -0.164190
v 0.872899 0.173630 -0.164190
v 0.866751 0.202098 -0.164190
v 0.859674 0.230349 -0.164190
v 0.851677 0.258353 -0.164190
v 0.842768 0.286081 -0.164190
v 0.832956 0.313503 -0.164190
v 0.822253 0.340588 -0.164190
v 0.810669 0.367309 -0.164190
v 0.798217 0.393637 -0.164190
v 0.784910 0.419543 -0.164190
v 0.770763 0.445000 -0.164190
v 0.755790 0.469980 -0.164190
v 0.740008 0.494458 -0.164190
v 0.723434 0.518405 -0.164190
v 0.706084 0.541798 -0.164190
v 0.687979 0.564610 -0.164190
v 0.669137 0.586818 -0.164190
v 0.649579 0.608397 -0.164190
v 0.629325 0.629325 -0.164190
v 0.608397 0.649579 -0.164190
v 0.586818 0.669137 -0.164190
v 0.564610 0.687979 -0.164190
v 0.541798 0.706084 -0.164190
v 0.518405 0.723434 -0.164190
v 0.494458 0.740008 -0.164190
v 0.469980 0.755790 -0.164190
v 0.445000 0.770763 -0.164190
v 0.419543 0.784910 -0.164190
v 0.393637 0.798217 -0.164190
v 0.367309 0.810669 -0.164190
v 0.340588 0.822253 -0.164190
v 0.313503 0.832956 -0.164190
v 0.286081 0.842768 -0.164190
v 0.258353 0.851677 -0.164190
v 0.230349 0.859674 -0.164190
v 0.202098 0.866751 -0.164190
v 0.173630 0.872899 -0.164190
v 0.144977 0.878113 -0.164190
v 0.116168 0.882386 -0.164190
v 0.087235 0.885714 -0.164190
v 0.058209 0.888094 -0.164190
v 0.029120 0.889524 -0.164190
v 0.000000 0.890000 -0.164190
v -0.029120 0.889524 -0.164190
v -0.058209 0.888094 -0.164190
v -0.087235 0.885714 -0.164190
v -0.116168 0.882386 -0.164190
v -0.144977 0.878113 -0.164190
v -0.173630 0.872899 -0.164190
v -0.202098 0.866751 -0.164190
v -0.230349 0.859674 -0.164190
v -0.258353 0.851677 -0.164190
v -0.286081 0.842768 -0.164190
v -0.313503 0.832956 -0.164190
v -0.340588 0.822253 -0.164190
v -0.367309 0.810669 -0.164190
v -0.393637 0.798217 -0.164190
v -0.419543 0.784910 -0.164190
v -0.445000 0.770763 -0.164190
v -0.469980 0.755790 -0.164190
v -0.494458 0.740008 -0.164190
v -0.518405 0.723434 -0.164190
v -0.541798 0.706084 -0.164190
v -0.564610 0.687979 -0.164190
v -0.586818 0.669137 -0.164190
v -0.608397 0.649579 -0.164190
v -0.629325 0.629325 -0.164190
v -0.649579 0.608397 -0.164190
v -0.669137 0.586818 -0.164190
v -0.687979 0.564610 -0.164190
v -0.706084 0.541798 -0.164190
v -0.723434 0.518405 -0.164190
v -0.740008 0.494458 -0.164190
v -0.755790 0.469980 -0.164190
v -0.770763 0.445000 -0.164190
v -0.784910 0.419543 -0.164190
v -0.798217 0.393637 -0.164190
v -0.810669 0.367309 -0.164190
v -0.822253 0.340588 -0.164190
v -0.832956 0.313503 -0.164190
v -0.842768 0.286081 -0.164190
v -0.851677 0.258353 -0.164190
v -0.859674 0.230349 -0.164190
v -0.866751 0.202098 -0.164190
v -0.872899 0.173630 -0.164190
v -0.878113 0.144977 -0.164190
v -0.882386 0.116168 -0.164190
v -0.885714 0.087235 -0.164190
v -0.888094 0.058209 -0.164190
v -0.889524 0.029120 -0.164190
v -0.890000 0.000000 -0.164190
v -0.889524 -0.029120 -0.164190
v -0.888094 -0.058209 -0.164190
v -0.885714 -0.087235 -0.164190
v -0.882386 -0.116168 -0.164190
v -0.878113 -0.144977 -0.164190
v -0.872899 -0.173630 -0.164190
v -0.866751 -0.202098 -0.164190
v -0.859674 -0.230349 -0.164190
v -0.851677 -0.258353 -0.164190
v -0.842768 -0.286081 -0.164190
v -0.832956 -0.313503 -0.164190
v -0.822253 -0.340588 -0.164190
v -0.810669 -0.367309 -0.164190
v -0.798217 -0.393637 -0.164190
v -0.784910 -0.419543 -0.164190
v -0.770763 -0.445000 -0.164190
v -0.755790 -0.469980 -0.164190
v -0.740008 -0.494458 -0.164190
v -0.723434 -0.518405 -0.164190
v -0.706084 -0.541798 -0.164190
v -0.687979 -0.564610 -0.164190
v -0.669137 -0.586818 -0.164190
v -0.649579 -0.608397 -0.164190
v -0.629325 -0.629325 -0.164190
v -0.608397 -0.649579 -0.164190
v -0.586818 -0.669137 -0.164190
v -0.564610 -0.687979 -0.164190
v -0.541798 -0.706084 -0.164190
v -0.518405 -0.723434 -0.164190
v -0.494458 -0.740008 -0.164190
v -0.469980 -0.755790 -0.164190
v -0.445000 -0.770763 -0.164190
v -0.419543 -0.784910 -0.164190
v -0.393637 -0.798217 -0.164190
v -0.367309 -0.810669 -0.164190
v -0.340588 -0.822253 -0.164190
v -0.313503 -0.832956 -0.164190
v -0.286081 -0.842768 -0.164190
v -0.258353 -0.851677 -0.164190
v -0.230349 -0.859674 -0.164190
v -0.202098 -0.866751 -0.164190
v -0.173630 -0.872899 -0.164190
v -0.144977 -0.878113 -0.164190
v -0.116168 -0.882386 -0.164190
v -0.087235 -0.885714 -0.164190
v -0.058209 -0.888094 -0.164190
v -0.029120 -0.889524 -0.164190
v -0.000000 -0.890000 -0.164190
v 0.029120 -0.889524 -0.164190
v 0.058209 -0.888094 -0.164190
v 0.087235 -0.885714 -0.164190
v 0.116168 -0.882386 -0.164190
v 0.144977 -0.878113 -0.164190
v 0.173630 -0.872899 -0.164190
v 0.202098 -0.866751 -0.164190
v 0.230349 -0.859674 -0.164190
v 0.258353 -0.851677 -0.164190
v 0.286081 -0.842768 -0.164190
v 0.313503 -0.832956 -0.164190
v 0.340588 -0.822253 -0.164190
v 0.367309 -0.810669 -0.164190
v 0.393637 -0.798217 -0.164190
v 0.419543 -0.784910 -0.164190
v 0.445000 -0.770763 -0.164190
v 0.469980 -0.755790 -0.164190
v 0.494458 -0.740008 -0.164190
v 0.518405 -0.723434 -0.164190
v 0.541798 -0.706084 -0.164190
v 0.564610 -0.687979 -0.164190
v 0.586818 -0.669137 -0.164190
v 0.608397 -0.649579 -0.164190
v 0.629325 -0.629325 -0.164190
v 0.649579 -0.608397 -0.164190
v 0.669137 -0.586818 -0.164190
v 0.687979 -0.564610 -0.164190
v 0.706084 -0.541798 -0.164190
v 0.723434 -0.518405 -0.164190
v 0.740008 -0.494458 -0.164190
v 0.755790 -0.469980 -0.164190
v 0.770763 -0.445000 -0.164190
v 0.784910 -0.419543 -0.164190
v 0.798217 -0.393637 -0.164190
v 0.810669 -0.367309 -0.164190
v 0.822253 -0.340588 -0.164190
v 0.832956 -0.313503 -0.164190
v 0.842768 -0.286081 -0.164190
v 0.851677 -0.258353 -0.164190
v 0.859674 -0.230349 -0.164190
v 0.866751 -0.202098 -0.164190
v 0.872899 -0.173630 -0.164190
v 0.878113 -0.144977 -0.164190
v 0.882386 -0.116168 -0.164190
v 0.885714 -0.087235 -0.164190
v 0.888094 -0.058209 -0.164190
v 0.889524 -0.029120 -0.164190
v 0.000000 0.000000 -0.164190
vn -0.0000 -0.0000 1.0000
vn -0.4190 -0.0069 0.9079
vn -0.4186 -0.0206 0.9079
vn -0.4177 -0.0342 0.9079
vn -0.4164 -0.0479 0.9079
vn -0.4146 -0.0615 0.9079
vn -0.4123 -0.0750 0.9079
vn -0.4097 -0.0885 0.9079
vn -0.4065 -0.1018 0.9079
vn -0.4030 -0.1151 0.9079
vn -0.3990 -0.1282 0.9079
vn -0.3946 -0.1412 0.9079
vn -0.3898 -0.1540 0.9079
vn -0.3845 -0.1667 0.9079
vn -0.3789 -0.1792 0.9079
vn -0.3728 -0.1915 0.9079
vn -0.3663 -0.2036 0.9079
vn -0.3595 -0.2155 0.9079
vn -0.3522 -0.2271 0.9079
vn -0.3446 -0.2385 0.9079
vn -0.3366 -0.2497 0.9079
vn -0.3283 -0.2605 0.9079
vn -0.3196 -0.2711 0.9079
vn -0.3105 -0.2815 0.9079
vn -0.3012 -0.2915 0.9079
vn -0.2915 -0.3012 0.9079
vn -0.2815 -0.3105 0.9079
vn -0.2711 -0.3196 0.9079
vn -0.2605 -0.3283 0.9079
vn -0.2497 -0.3366 0.9079
vn -0.2385 -0.3446 0.9079
vn -0.2271 -0.3522 0.9079
vn -0.2155 -0.3595 0.9079
vn -0.2036 -0.3663 0.9079
vn -0.1915 -0.3728 0.9079
vn -0.1792 -0.3789 0.9079
vn -0.1667 -0.3845 0.9079
vn -0.1540 -0.3898 0.9079
vn -0.1412 -0.3946 0.9079
vn -0.1282 -0.3990 0.9079
vn -0.1151 -0.4030 0.9079
vn -0.1018 -0.4065 0.9079
vn -0.0885 -0.4097 0.9079
vn -0.0750 -0.4123 0.9079
vn -0.0615 -0.4146 0.9079
vn -0.0479 -0.4164 0.9079
vn -0.0342 -0.4177 0.9079
vn -0.0206 -0.4186 0.9079
vn -0.0069 -0.4190 0.9079
vn 0.0069 -0.4190 0.9079
vn 0.0206 -0.4186 0.9079
vn 0.0343 -0.4177 0.9079
vn 0.0479 -0.4164 0.9079
vn 0.0615 -0.4146 0.9079
vn 0.0750 -0.4123 0.9079
vn 0.0885 -0.4097 0.9079
vn 0.1018 -0.4065 0.9079
vn 0.1151 -0.4030 0.9079
vn 0.1282 -0.3990 0.9079
vn 0.1412 -0.3946 0.9079
vn 0.1540 -0.3898 0.9079
vn 0.1667 -0.3845 0.9079
vn 0.1792 -0.3789 0.9079
vn 0.1915 -0.3728 0.9079
vn 0.2036 -0.3663 0.9079
vn 0.2155 -0.3595 0.9079
vn 0.2271 -0.3522 0.9079
vn 0.2385 -0.3446 0.9079
vn 0.2497 -0.3366 0.9079
vn 0.2605 -0.3283 0.9079
vn 0.2711 -0.3196 0.9079
vn 0.2815 -0.3105 0.9079
vn 0.2915 -0.3012 0.9079
vn 0.3012 -0.2915 0.9079
vn 0.3105 -0.2815 0.9079
vn 0.3196 -0.2711 0.9079
vn 0.3283 -0.2605 0.9079
vn 0.3366 -0.2497 0.9079
vn 0.3446 -0.2385 0.9079
vn 0.3522 -0.2271 0.9079
vn 0.3595 -0.2155 0.9079
vn 0.3663 -0.2036 0.9079
vn 0.3728 -0.1915 0.9079
vn 0.3789 -0.1792 0.9079
vn 0.3845 -0.1667 0.9079
vn 0.3898 -0.1540 0.9079
vn 0.3946 -0.1412 0.9079
vn 0.3990 -0.1282 0.9079
vn 0.4030 -0.1151 0.9079
vn 0.4065 -0.1018 0.9079
vn 0.4097 -0.0885 0.9079
vn 0.4123 -0.0750 0.9079
vn 0.4146 -0.0615 0.9079
vn 0.4164 -0.0479 0.9079
vn 0.4177 -0.0342 0.9079
vn 0.4186 -0.0206 0.9079
vn 0.4190 -0.0069 0.9079
vn 0.4190 0.0069 0.9079
vn 0.4186 0.0206 0.9079
vn 0.4177 0.0342 0.9079
vn 0.4164 0.0479 0.9079
vn 0.4146 0.0615 0.9079
vn 0.4123 0.0750 0.9079
vn 0.4097 0.0885 0.9079
vn 0.4065 0.1018 0.9079
vn 0.4030 0.1151 0.9079
vn 0.3990 0.1282 0.9079
vn 0.3946 0.1412 0.9079
vn 0.3898 0.1540 0.9079
vn 0.3845 0.1667 0.9079
vn 0.3789 0.1792 0.9079
vn 0.3728 0.1915 0.9079
vn 0.3663 0.2036 0.9079
vn 0.3595 0.2155 0.9079
vn 0.3522 0.2271 0.9079
vn 0.3446 0.2385 0.9079
vn 0.3366 0.2497 0.9079
vn 0.3283 0.2605 0.9079
vn 0.3196 0.2711 0.9079
vn 0.3105 0.2815 0.9079
vn 0.3012 0.2915 0.9079
vn 0.2915 0.3012 0.9079
vn 0.2815 0.3105 0.9079
vn 0.2711 0.3196 0.9079
vn 0.2605 0.3283 0.9079
vn 0.2497 0.3366 0.9079
vn 0.2385 0.3446 0.9079
vn 0.2271 0.3522 0.9079
vn 0.2155 0.3595 0.9079
vn 0.2036 0.3663 0.9079
vn 0.1915 0.3728 0.9079
vn 0.1792 0.3789 0.9079
vn 0.1667 0.3845 0.9079
vn 0.1540 0.3898 0.9079
vn 0.1412 0.3946 0.9079
vn 0.1282 0.3990 0.9079
vn 0.1151 0.4030 0.9079
vn 0.1018 0.4065 0.9079
vn 0.0885 0.4097 0.9079
vn 0.0750 0.4123 0.9079
vn 0.0615 0.4146 0.9079
vn 0.0479 0.4164 0.9079
vn 0.0342 0.4177 0.9079
vn 0.0206 0.4186 0.9079
vn 0.0069 0.4190 0.9079
vn -0.0069 0.4190 0.9079
vn -0.0206 0.4186 0.9079
vn -0.0343 0.4177 0.9079
vn -0.0479 0.4164 0.9079
vn -0.0615 0.4146 0.9079
vn -0.0750 0.4123 0.9079
vn -0.0885 0.4097 0.9079
vn -0.1018 0.4065 0.9079
vn -0.1151 0.4030 0.9079
vn -0.1282 0.3990 0.9079
vn -0.1412 0.3946 0.9079
vn -0.1540 0.3898 0.9079
vn -0.1667 0.3845 0.9079
vn -0.1792 0.3789 0.9079
vn -0.1915 0.3728 0.9079
vn -0.2036 0.3663 0.9079
vn -0.2155 0.3595 0.9079
vn -0.2271 0.3522 0.9079
vn -0.2385 0.3446 0.9079
vn -0.2497 0.3366 0.9079
vn -0.2605 0.3283 0.9079
vn -0.2711 0.3196 0.9079
vn -0.2815 0.3105 0.9079
vn -0.2915 0.3012 0.9079
vn -0.3012 0.2915 0.9079
vn -0.3105 0.2815 0.9079
vn -0.3196 0.2711 0.9079
vn -0.3283 0.2605 0.9079
vn -0.3366 0.2497 0.9079
vn -0.3446 0.2385 0.9079
vn -0.3522 0.2271 0.9079
vn -0.3595 0.2155 0.9079
vn -0.3663 0.2036 0.9079
vn -0.3728 0.1915 0.9079
vn -0.3789 0.1792 0.9079
vn -0.3845 0.1667 0.9079
vn -0.3898 0.1540 0.9079
vn -0.3946 0.1412 0.9079
vn -0.3990 0.1282 0.9079
vn -0.4030 0.1151 0.9079
vn -0.4065 0.1018 0.9079
vn -0.4097 0.0885 0.9079
vn -0.4123 0.0750 0.9079
vn -0.4146 0.0615 0.9079
vn -0.4164 0.0479 0.9079
vn -0.4177 0.0342 0.9079
vn -0.4186 0.0206 0.9079
vn -0.4190 0.0069 0.9079
vn 0.5511 0.1186 0.8260
vn 0.5580 -0.0000 0.8298
vn 0.4657 -0.0000 0.8849
vn 0.5601 -0.0640 0.8260
vn 0.6094 0.0199 0.7926
vn 0.5553 0.0547 0.8298
vn 0.6084 0.0399 0.7926
vn 0.5368 0.1720 0.8260
vn 0.4635 0.0457 0.8849
vn 0.6016 0.0993 0.7926
vn 0.6045 0.0796 0.7926
vn 0.5637 -0.0088 0.8260
vn 0.5473 0.1089 0.8298
vn 0.5174 0.2238 0.8260
vn 0.4568 0.0909 0.8849
vn 0.5889 0.1578 0.7926
vn 0.5938 0.1385 0.7926
vn 0.5618 0.0465 0.8260
vn 0.5340 0.1620 0.8298
vn 0.4930 0.2734 0.8260
vn 0.4457 0.1352 0.8849
vn 0.5706 0.2148 0.7926
vn 0.5774 0.1960 0.7926
vn 0.5545 0.1014 0.8260
vn 0.5155 0.2135 0.8298
vn 0.4638 0.3204 0.8260
vn 0.4303 0.1782 0.8849
vn 0.5419 0.1552 0.8260
vn 0.5554 0.2516 0.7926
vn 0.4921 0.2630 0.8298
vn 0.5468 0.2697 0.7926
vn 0.4302 0.3644 0.8260
vn 0.4108 0.2196 0.8849
vn 0.5241 0.2076 0.8260
vn 0.5280 0.3049 0.7926
vn 0.4640 0.3100 0.8298
vn 0.5178 0.3220 0.7926
vn 0.3924 0.4048 0.8260
vn 0.3873 0.2588 0.8849
vn 0.4837 0.3712 0.7926
vn 0.4956 0.3551 0.7926
vn 0.5012 0.2580 0.8260
vn 0.4313 0.3540 0.8298
vn 0.3508 0.4413 0.8260
vn 0.3600 0.2955 0.8849
vn 0.4735 0.3059 0.8260
vn 0.4584 0.4020 0.7926
vn 0.3946 0.3946 0.8298
vn 0.4450 0.4168 0.7926
vn 0.3059 0.4735 0.8260
vn 0.3293 0.3293 0.8849
vn 0.4413 0.3508 0.8260
vn 0.4168 0.4450 0.7926
vn 0.3540 0.4313 0.8298
vn 0.4020 0.4584 0.7926
vn 0.2580 0.5012 0.8260
vn 0.2955 0.3600 0.8849
vn 0.3551 0.4956 0.7926
vn 0.3712 0.4837 0.7926
vn 0.4048 0.3924 0.8260
vn 0.3100 0.4640 0.8298
vn 0.2076 0.5241 0.8260
vn 0.2588 0.3873 0.8849
vn 0.3644 0.4302 0.8260
vn 0.3220 0.5178 0.7926
vn 0.2630 0.4921 0.8298
vn 0.3049 0.5280 0.7926
vn 0.1552 0.5419 0.8260
vn 0.2196 0.4108 0.8849
vn 0.2516 0.5554 0.7926
vn 0.2697 0.5468 0.7926
vn 0.3204 0.4638 0.8260
vn 0.2135 0.5155 0.8298
vn 0.1014 0.5545 0.8260
vn 0.1782 0.4303 0.8849
vn 0.1960 0.5774 0.7926
vn 0.2148 0.5706 0.7926
vn 0.2734 0.4930 0.8260
vn 0.1620 0.5340 0.8298
vn 0.0465 0.5618 0.8260
vn 0.1352 0.4457 0.8849
vn 0.1384 0.5938 0.7926
vn 0.1578 0.5889 0.7926
vn 0.2238 0.5174 0.8260
vn 0.1089 0.5473 0.8298
vn -0.0088 0.5637 0.8260
vn 0.0909 0.4568 0.8849
vn 0.1720 0.5368 0.8260
vn 0.0993 0.6016 0.7926
vn 0.0547 0.5553 0.8298
vn 0.0796 0.6045 0.7926
vn -0.0640 0.5601 0.8260
vn 0.0457 0.4635 0.8849
vn 0.0199 0.6094 0.7926
vn 0.0399 0.6084 0.7926
vn 0.1186 0.5511 0.8260
vn -0.0000 0.5580 0.8298
vn -0.1186 0.5511 0.8260
vn -0.0000 0.4657 0.8849
vn 0.0640 0.5601 0.8260
vn -0.0199 0.6094 0.7926
vn -0.0547 0.5553 0.8298
vn -0.0399 0.6084 0.7926
vn -0.1720 0.5368 0.8260
vn -0.0457 0.4635 0.8849
vn -0.0993 0.6016 0.7926
vn -0.0796 0.6045 0.7926
vn 0.0088 0.5637 0.8260
vn -0.1089 0.5473 0.8298
vn -0.2238 0.5174 0.8260
vn -0.0909 0.4568 0.8849
vn -0.0465 0.5618 0.8260
vn -0.1384 0.5938 0.7926
vn -0.1620 0.5340 0.8298
vn -0.1578 0.5889 0.7926
vn -0.2734 0.4930 0.8260
vn -0.1352 0.4457 0.8849
vn -0.1014 0.5545 0.8260
vn -0.1960 0.5774 0.7926
vn -0.2135 0.5155 0.8298
vn -0.2148 0.5706 0.7926
vn -0.3204 0.4638 0.8260
vn -0.1782 0.4303 0.8849
vn -0.1552 0.5419 0.8260
vn -0.2516 0.5554 0.7926
vn -0.2630 0.4921 0.8298
vn -0.2697 0.5468 0.7926
vn -0.3644 0.4302 0.8260
vn -0.2196 0.4108 0.8849
vn -0.2076 0.5241 0.8260
vn -0.3049 0.5280 0.7926
vn -0.3100 0.4640 0.8298
vn -0.3220 0.5178 0.7926
vn -0.4048 0.3924 0.8260
vn -0.2588 0.3873 0.8849
vn -0.2580 0.5012 0.8260
vn -0.3551 0.4956 0.7926
vn -0.3540 0.4313 0.8298
vn -0.3712 0.4837 0.7926
vn -0.4413 0.3508 0.8260
vn -0.2955 0.3600 0.8849
vn -0.4168 0.4450 0.7926
vn -0.4020 0.4584 0.7926
vn -0.3059 0.4735 0.8260
vn -0.3946 0.3946 0.8298
vn -0.4735 0.3059 0.8260
vn -0.3293 0.3293 0.8849
vn -0.4584 0.4020 0.7926
vn -0.4450 0.4168 0.7926
vn -0.3508 0.4413 0.8260
vn -0.4313 0.3540 0.8298
vn -0.5012 0.2580 0.8260
vn -0.3600 0.2955 0.8849
vn -0.3924 0.4048 0.8260
vn -0.4837 0.3712 0.7926
vn -0.4640 0.3100 0.8298
vn -0.4956 0.3551 0.7926
vn -0.5241 0.2076 0.8260
vn -0.3873 0.2588 0.8849
vn -0.5280 0.3049 0.7926
vn -0.5178 0.3220 0.7926
vn -0.4302 0.3644 0.8260
vn -0.4921 0.2630 0.8298
vn -0.5419 0.1552 0.8260
vn -0.4108 0.2196 0.8849
vn -0.5554 0.2516 0.7926
vn -0.5468 0.2697 0.7926
vn -0.4638 0.3204 0.8260
vn -0.5155 0.2135 0.8298
vn -0.5545 0.1014 0.8260
vn -0.4303 0.1782 0.8849
vn -0.4930 0.2734 0.8260
vn -0.5706 0.2148 0.7926
vn -0.5340 0.1620 0.8298
vn -0.5774 0.1960 0.7926
vn -0.5618 0.0465 0.8260
vn -0.4457 0.1352 0.8849
vn -0.5174 0.2238 0.8260
vn -0.5889 0.1578 0.7926
vn -0.5473 0.1089 0.8298
vn -0.5938 0.1385 0.7926
vn -0.5637 -0.0088 0.8260
vn -0.4568 0.0909 0.8849
vn -0.5368 0.1720 0.8260
vn -0.6016 0.0993 0.7926
vn -0.5553 0.0547 0.8298
vn -0.6045 0.0796 0.7926
vn -0.5601 -0.0640 0.8260
vn -0.4635 0.0457 0.8849
vn -0.6094 0.0199 0.7926
vn -0.6084 0.0399 0.7926
vn -0.5511 0.1186 0.8260
vn -0.5580 -0.0000 0.8298
vn -0.5511 -0.1186 0.8260
vn -0.4657 -0.0000 0.8849
vn -0.5601 0.0640 0.8260
vn -0.6094 -0.0199 0.7926
vn -0.5553 -0.0547 0.8298
vn -0.6084 -0.0399 0.7926
vn -0.5368 -0.1720 0.8260
vn -0.4635 -0.0457 0.8849
vn -0.6016 -0.0993 0.7926
vn -0.6045 -0.0796 0.7926
vn -0.5637 0.0088 0.8260
vn -0.5473 -0.1089 0.8298
vn -0.5174 -0.2238 0.8260
vn -0.4568 -0.0909 0.8849
vn -0.5889 -0.1578 0.7926
vn -0.5938 -0.1385 0.7926
vn -0.5618 -0.0465 0.8260
vn -0.5340 -0.1620 0.8298
vn -0.4930 -0.2734 0.8260
vn -0.4457 -0.1352 0.8849
vn -0.5706 -0.2148 0.7926
vn -0.5774 -0.1960 0.7926
vn -0.5545 -0.1014 0.8260
vn -0.5155 -0.2135 0.8298
vn -0.4638 -0.3204 0.8260
vn -0.4303 -0.1782 0.8849
vn -0.5419 -0.1552 0.8260
vn -0.5554 -0.2516 0.7926
vn -0.4921 -0.2630 0.8298
vn -0.5468 -0.2697 0.7926
vn -0.4302 -0.3644 0.8260
vn -0.4108 -0.2196 0.8849
vn -0.5241 -0.2076 0.8260
vn -0.5280 -0.3049 0.7926
vn -0.4640 -0.3100 0.8298
vn -0.5178 -0.3220 0.7926
vn -0.3924 -0.4048 0.8260
vn -0.3873 -0.2588 0.8849
vn -0.4837 -0.3712 0.7926
vn -0.4956 -0.3551 0.7926
vn -0.5012 -0.2580 0.8260
vn -0.4313 -0.3540 0.8298
vn -0.3508 -0.4413 0.8260
vn -0.3600 -0.2955 0.8849
vn -0.4735 -0.3059 0.8260
vn -0.4584 -0.4020 0.7926
vn -0.3946 -0.3946 0.8298
vn -0.4450 -0.4168 0.7926
vn -0.3059 -0.4735 0.8260
vn -0.3293 -0.3293 0.8849
vn -0.4413 -0.3508 0.8260
vn -0.4168 -0.4450 0.7926
vn -0.3540 -0.4313 0.8298
vn -0.4020 -0.4584 0.7926
vn -0.2580 -0.5012 0.8260
vn -0.2955 -0.3600 0.8849
vn -0.3551 -0.4956 0.7926
vn -0.3712 -0.4837 0.7926
vn -0.4048 -0.3924 0.8260
vn -0.3100 -0.4640 0.8298
vn -0.2076 -0.5241 0.8260
vn -0.2588 -0.3873 0.8849
vn -0.3644 -0.4302 0.8260
vn -0.3220 -0.5178 0.7926
vn -0.2630 -0.4921 0.8298
vn -0.3049 -0.5280 0.7926
vn -0.1552 -0.5419 0.8260
vn -0.2196 -0.4108 0.8849
vn -0.2516 -0.5554 0.7926
vn -0.2697 -0.5468 0.7926
vn -0.3204 -0.4638 0.8260
vn -0.2135 -0.5155 0.8298
vn -0.1014 -0.5545 0.8260
vn -0.1782 -0.4303 0.8849
vn -0.1960 -0.5774 0.7926
vn -0.2148 -0.5706 0.7926
vn -0.2734 -0.4930 0.8260
vn -0.1620 -0.5340 0.8298
vn -0.0465 -0.5618 0.8260
vn -0.1352 -0.4457 0.8849
vn -0.1384 -0.5938 0.7926
vn -0.1578 -0.5889 0.7926
vn -0.2238 -0.5174 0.8260
vn -0.1089 -0.5473 0.8298
vn 0.0088 -0.5637 0.8260
vn -0.0909 -0.4568 0.8849
vn -0.1720 -0.5368 0.8260
vn -0.0993 -0.6016 0.7926
vn -0.0547 -0.5553 0.8298
vn -0.0796 -0.6045 0.7926
vn 0.0640 -0.5601 0.8260
vn -0.0457 -0.4635 0.8849
vn -0.0199 -0.6094 0.7926
vn -0.0399 -0.6084 0.7926
vn -0.1186 -0.5511 0.8260
vn -0.0000 -0.5580 0.8298
vn 0.1186 -0.5511 0.8260
vn -0.0000 -0.4657 0.8849
vn -0.0640 -0.5601 0.8260
vn 0.0199 -0.6094 0.7926
vn 0.0547 -0.5553 0.8298
vn 0.0399 -0.6084 0.7926
vn 0.1720 -0.5368 0.8260
vn 0.0457 -0.4635 0.8849
vn 0.0993 -0.6016 0.7926
vn 0.0796 -0.6045 0.7926
vn -0.0088 -0.5637 0.8260
vn 0.1089 -0.5473 0.8298
vn 0.2238 -0.5174 0.8260
vn 0.0909 -0.4568 0.8849
vn 0.0465 -0.5618 0.8260
vn 0.1384 -0.5938 0.7926
vn 0.1620 -0.5340 0.8298
vn 0.1578 -0.5889 0.7926
vn 0.2734 -0.4930 0.8260
vn 0.1352 -0.4457 0.8849
vn 0.1014 -0.5545 0.8260
vn 0.1960 -0.5774 0.7926
vn 0.2135 -0.5155 0.8298
vn 0.2148 -0.5706 0.7926
vn 0.3204 -0.4638 0.8260
vn 0.1782 -0.4303 0.8849
vn 0.1552 -0.5419 0.8260
vn 0.2516 -0.5554 0.7926
vn 0.2630 -0.4921 0.8298
vn 0.2697 -0.5468 0.7926
vn 0.3644 -0.4302 0.8260
vn 0.2196 -0.4108 0.8849
vn 0.2076 -0.5241 0.8260
vn 0.3049 -0.5280 0.7926
vn 0.3100 -0.4640 0.8298
vn 0.3220 -0.5178 0.7926
vn 0.4048 -0.3924 0.8260
vn 0.2588 -0.3873 0.8849
vn 0.2580 -0.5012 0.8260
vn 0.3551 -0.4956 0.7926
vn 0.3540 -0.4313 0.8298
vn 0.3712 -0.4837 0.7926
vn 0.4413 -0.3508 0.8260
vn 0.2955 -0.3600 0.8849
vn 0.4168 -0.4450 0.7926
vn 0.4020 -0.4584 0.7926
vn 0.3059 -0.4735 0.8260
vn 0.3946 -0.3946 0.8298
vn 0.4735 -0.3059 0.8260
vn 0.3293 -0.3293 0.8849
vn 0.4584 -0.4020 0.7926
vn 0.4450 -0.4168 0.7926
vn 0.3508 -0.4413 0.8260
vn 0.4313 -0.3540 0.8298
vn 0.5012 -0.2580 0.8260
vn 0.3600 -0.2955 0.8849
vn 0.3924 -0.4048 0.8260
vn 0.4837 -0.3712 0.7926
vn 0.4640 -0.3100 0.8298
vn 0.4956 -0.3551 0.7926
vn 0.5241 -0.2076 0.8260
vn 0.3873 -0.2588 0.8849
vn 0.5280 -0.3049 0.7926
vn 0.5178 -0.3220 0.7926
vn 0.4302 -0.3644 0.8260
vn 0.4921 -0.2630 0.8298
vn 0.5419 -0.1552 0.8260
vn 0.4108 -0.2196 0.8849
vn 0.5554 -0.2516 0.7926
vn 0.5468 -0.2697 0.7926
vn 0.4638 -0.3204 0.8260
vn 0.5155 -0.2135 0.8298
vn 0.5545 -0.1014 0.8260
vn 0.4303 -0.1782 0.8849
vn 0.4930 -0.2734 0.8260
vn 0.5706 -0.2148 0.7926
vn 0.5340 -0.1620 0.8298
vn 0.5774 -0.1960 0.7926
vn 0.5618 -0.0465 0.8260
vn 0.4457 -0.1352 0.8849
vn 0.5174 -0.2238 0.8260
vn 0.5889 -0.1578 0.7926
vn 0.5473 -0.1089 0.8298
vn 0.5938 -0.1385 0.7926
vn 0.5637 0.0088 0.8260
vn 0.4568 -0.0909 0.8849
vn 0.5368 -0.1720 0.8260
vn 0.6016 -0.0993 0.7926
vn 0.5553 -0.0547 0.8298
vn 0.6045 -0.0796 0.7926
vn 0.5601 0.0640 0.8260
vn 0.4635 -0.0457 0.8849
vn 0.6094 -0.0199 0.7926
vn 0.6084 -0.0399 0.7926
vn 0.5511 -0.1186 0.8260
vn 0.8688 0.4951 -0.0000
vn 0.9988 0.0491 -0.0000
vn 0.9132 -0.4075 -0.0000
vn 0.8161 0.5779 -0.0000
vn 0.9892 0.1467 -0.0000
vn 0.9487 -0.3161 -0.0000
vn 0.7556 0.6551 -0.0000
vn 0.9700 0.2430 -0.0000
vn 0.9751 -0.2216 -0.0000
vn 0.6877 0.7260 -0.0000
vn 0.9415 0.3369 -0.0000
vn 0.9922 -0.1249 -0.0000
vn 0.6132 0.7899 -0.0000
vn 0.9040 0.4276 -0.0000
vn 0.9996 -0.0271 -0.0000
vn 0.5329 0.8462 -0.0000
vn 0.8577 0.5141 -0.0000
vn 0.9975 0.0711 -0.0000
vn 0.4474 0.8944 -0.0000
vn 0.8032 0.5957 -0.0000
vn 0.9857 0.1685 -0.0000
vn 0.3575 0.9339 -0.0000
vn 0.7410 0.6716 -0.0000
vn 0.9644 0.2643 -0.0000
vn 0.2643 0.9644 -0.0000
vn 0.6716 0.7410 -0.0000
vn 0.9339 0.3575 -0.0000
vn 0.1685 0.9857 -0.0000
vn 0.5957 0.8032 -0.0000
vn 0.8944 0.4474 -0.0000
vn 0.0711 0.9975 -0.0000
vn 0.5141 0.8577 -0.0000
vn 0.8462 0.5329 -0.0000
vn -0.0271 0.9996 -0.0000
vn 0.4276 0.9040 -0.0000
vn 0.7899 0.6132 -0.0000
vn -0.1249 0.9922 -0.0000
vn 0.3369 0.9415 -0.0000
vn 0.7260 0.6877 -0.0000
vn -0.2216 0.9751 -0.0000
vn 0.2430 0.9700 -0.0000
vn 0.6551 0.7556 -0.0000
vn -0.3161 0.9487 -0.0000
vn 0.1467 0.9892 -0.0000
vn 0.5779 0.8161 -0.0000
vn -0.4075 0.9132 -0.0000
vn 0.0491 0.9988 -0.0000
vn 0.4951 0.8688 -0.0000
vn -0.4951 0.8688 -0.0000
vn -0.0491 0.9988 -0.0000
vn 0.4075 0.9132 -0.0000
vn -0.5779 0.8161 -0.0000
vn -0.1467 0.9892 -0.0000
vn 0.3161 0.9487 -0.0000
vn -0.6551 0.7556 -0.0000
vn -0.2430 0.9700 -0.0000
vn 0.2216 0.9751 -0.0000
vn -0.7260 0.6877 -0.0000
vn -0.3369 0.9415 -0.0000
vn 0.1249 0.9922 -0.0000
vn -0.7899 0.6132 -0.0000
vn -0.4276 0.9040 -0.0000
vn 0.0271 0.9996 -0.0000
vn -0.8462 0.5329 -0.0000
vn -0.5141 0.8577 -0.0000
vn -0.0711 0.9975 -0.0000
vn -0.8944 0.4474 -0.0000
vn -0.5957 0.8032 -0.0000
vn -0.1685 0.9857 -0.0000
vn -0.9339 0.3575 -0.0000
vn -0.6716 0.7410 -0.0000
vn -0.2643 0.9644 -0.0000
vn -0.9644 0.2643 -0.0000
vn -0.7410 0.6716 -0.0000
vn -0.3575 0.9339 -0.0000
vn -0.9857 0.1685 -0.0000
vn -0.8032 0.5957 -0.0000
vn -0.4474 0.8944 -0.0000
vn -0.9975 0.0711 -0.0000
vn -0.8577 0.5141 -0.0000
vn -0.5329 0.8462 -0.0000
vn -0.9996 -0.0271 -0.0000
vn -0.9040 0.4276 -0.0000
vn -0.6132 0.7899 -0.0000
vn -0.9922 -0.1249 -0.0000
vn -0.9415 0.3369 -0.0000
vn -0.6877 0.7260 -0.0000
vn -0.9751 -0.2216 -0.0000
vn -0.9700 0.2430 -0.0000
vn -0.7556 0.6551 -0.0000
vn -0.9487 -0.3161 -0.0000
vn -0.9892 0.1467 -0.0000
vn -0.8161 0.5779 -0.0000
vn -0.9132 -0.4075 -0.0000
vn -0.9988 0.0491 -0.0000
vn -0.8688 0.4951 -0.0000
vn -0.8688 -0.4951 -0.0000
vn -0.9988 -0.0491 -0.0000
vn -0.9132 0.4075 -0.0000
vn -0.8161 -0.5779 -0.0000
vn -0.9892 -0.1467 -0.0000
vn -0.9487 0.3161 -0.0000
vn -0.7556 -0.6551 -0.0000
vn -0.9700 -0.2430 -0.0000
vn -0.9751 0.2216 -0.0000
vn -0.6877 -0.7260 -0.0000
vn -0.9415 -0.3369 -0.0000
vn -0.9922 0.1249 -0.0000
vn -0.6132 -0.7899 -0.0000
vn -0.9040 -0.4276 -0.0000
vn -0.9996 0.0271 -0.0000
vn -0.5329 -0.8462 -0.0000
vn -0.8577 -0.5141 -0.0000
vn -0.9975 -0.0711 -0.0000
vn -0.4474 -0.8944 -0.0000
vn -0.8032 -0.5957 -0.0000
vn -0.9857 -0.1685 -0.0000
vn -0.3575 -0.9339 -0.0000
vn -0.7410 -0.6716 -0.0000
vn -0.9644 -0.2643 -0.0000
vn -0.2643 -0.9644 -0.0000
vn -0.6716 -0.7410 -0.0000
vn -0.9339 -0.3575 -0.0000
vn -0.1685 -0.9857 -0.0000
vn -0.5957 -0.8032 -0.0000
vn -0.8944 -0.4474 -0.0000
vn -0.0711 -0.9975 -0.0000
vn -0.5141 -0.8577 -0.0000
vn -0.8462 -0.5329 -0.0000
vn 0.0271 -0.9996 -0.0000
vn -0.4276 -0.9040 -0.0000
vn -0.7899 -0.6132 -0.0000
vn 0.1249 -0.9922 -0.0000
vn -0.3369 -0.9415 -0.0000
vn -0.7260 -0.6877 -0.0000
vn 0.2216 -0.9751 -0.0000
vn -0.2430 -0.9700 -0.0000
vn -0.6551 -0.7556 -0.0000
vn 0.3161 -0.9487 -0.0000
vn -0.1467 -0.9892 -0.0000
vn -0.5779 -0.8161 -0.0000
vn 0.4075 -0.9132 -0.0000
vn -0.0491 -0.9988 -0.0000
vn -0.4951 -0.8688 -0.0000
vn 0.4951 -0.8688 -0.0000
vn 0.0491 -0.9988 -0.0000
vn -0.4075 -0.9132 -0.0000
vn 0.5779 -0.8161 -0.0000
vn 0.1467 -0.9892 -0.0000
vn -0.3161 -0.9487 -0.0000
vn 0.6551 -0.7556 -0.0000
vn 0.2430 -0.9700 -0.0000
vn -0.2216 -0.9751 -0.0000
vn 0.7260 -0.6877 -0.0000
vn 0.3369 -0.9415 -0.0000
vn -0.1249 -0.9922 -0.0000
vn 0.7899 -0.6132 -0.0000
vn 0.4276 -0.9040 -0.0000
vn -0.0271 -0.9996 -0.0000
vn 0.8462 -0.5329 -0.0000
vn 0.5141 -0.8577 -0.0000
vn 0.0711 -0.9975 -0.0000
vn 0.8944 -0.4474 -0.0000
vn 0.5957 -0.8032 -0.0000
vn 0.1685 -0.9857 -0.0000
vn 0.9339 -0.3575 -0.0000
vn 0.6716 -0.7410 -0.0000
vn 0.2643 -0.9644 -0.0000
vn 0.9644 -0.2643 -0.0000
vn 0.7410 -0.6716 -0.0000
vn 0.3575 -0.9339 -0.0000
vn 0.9857 -0.1685 -0.0000
vn 0.8032 -0.5957 -0.0000
vn 0.4474 -0.8944 -0.0000
vn 0.9975 -0.0711 -0.0000
vn 0.8577 -0.5141 -0.0000
vn 0.5329 -0.8462 -0.0000
vn 0.9996 0.0271 -0.0000
vn 0.9040 -0.4276 -0.0000
vn 0.6132 -0.7899 -0.0000
vn 0.9922 0.1249 -0.0000
vn 0.9415 -0.3369 -0.0000
vn 0.6877 -0.7260 -0.0000
vn 0.9751 0.2216 -0.0000
vn 0.9700 -0.2430 -0.0000
vn 0.7556 -0.6551 -0.0000
vn 0.9487 0.3161 -0.0000
vn 0.9892 -0.1467 -0.0000
vn 0.8161 -0.5779 -0.0000
vn 0.9132 0.4075 -0.0000
vn 0.9988 -0.0491 -0.0000
vn 0.8688 -0.4951 -0.0000
vn 0.5580 -0.0000 -0.8298
vn 0.5511 0.1186 -0.8260
vn 0.4657 -0.0000 -0.8849
vn 0.6084 0.0399 -0.7926
vn 0.6094 0.0199 -0.7926
vn 0.5553 0.0547 -0.8298
vn 0.5601 -0.0640 -0.8260
vn 0.5368 0.1720 -0.8260
vn 0.4635 0.0457 -0.8849
vn 0.6016 0.0993 -0.7926
vn 0.6045 0.0796 -0.7926
vn 0.5473 0.1089 -0.8298
vn 0.5637 -0.0088 -0.8260
vn 0.5174 0.2238 -0.8260
vn 0.4568 0.0909 -0.8849
vn 0.5889 0.1578 -0.7926
vn 0.5938 0.1385 -0.7926
vn 0.5340 0.1620 -0.8298
vn 0.5618 0.0465 -0.8260
vn 0.4930 0.2734 -0.8260
vn 0.4457 0.1352 -0.8849
vn 0.5706 0.2148 -0.7926
vn 0.5774 0.1960 -0.7926
vn 0.5155 0.2135 -0.8298
vn 0.5545 0.1014 -0.8260
vn 0.4638 0.3204 -0.8260
vn 0.4303 0.1782 -0.8849
vn 0.5554 0.2516 -0.7926
vn 0.5419 0.1552 -0.8260
vn 0.4921 0.2630 -0.8298
vn 0.5468 0.2697 -0.7926
vn 0.4302 0.3644 -0.8260
vn 0.4108 0.2196 -0.8849
vn 0.5280 0.3049 -0.7926
vn 0.5241 0.2076 -0.8260
vn 0.4640 0.3100 -0.8298
vn 0.5178 0.3220 -0.7926
vn 0.3924 0.4048 -0.8260
vn 0.3873 0.2588 -0.8849
vn 0.4837 0.3712 -0.7926
vn 0.4956 0.3551 -0.7926
vn 0.4313 0.3540 -0.8298
vn 0.5012 0.2580 -0.8260
vn 0.3508 0.4413 -0.8260
vn 0.3600 0.2955 -0.8849
vn 0.4584 0.4020 -0.7926
vn 0.4735 0.3059 -0.8260
vn 0.3946 0.3946 -0.8298
vn 0.4450 0.4168 -0.7926
vn 0.3059 0.4735 -0.8260
vn 0.3293 0.3293 -0.8849
vn 0.4168 0.4450 -0.7926
vn 0.4413 0.3508 -0.8260
vn 0.3540 0.4313 -0.8298
vn 0.4020 0.4584 -0.7926
vn 0.2580 0.5012 -0.8260
vn 0.2955 0.3600 -0.8849
vn 0.3551 0.4956 -0.7926
vn 0.3712 0.4837 -0.7926
vn 0.3100 0.4640 -0.8298
vn 0.4048 0.3924 -0.8260
vn 0.2076 0.5241 -0.8260
vn 0.2588 0.3873 -0.8849
vn 0.3220 0.5178 -0.7926
vn 0.3644 0.4302 -0.8260
vn 0.2630 0.4921 -0.8298
vn 0.3049 0.5280 -0.7926
vn 0.1552 0.5419 -0.8260
vn 0.2196 0.4108 -0.8849
vn 0.2516 0.5554 -0.7926
vn 0.2697 0.5468 -0.7926
vn 0.2135 0.5155 -0.8298
vn 0.3204 0.4638 -0.8260
vn 0.1014 0.5545 -0.8260
vn 0.1782 0.4303 -0.8849
vn 0.1960 0.5774 -0.7926
vn 0.2148 0.5706 -0.7926
vn 0.1620 0.5340 -0.8298
vn 0.2734 0.4930 -0.8260
vn 0.0465 0.5618 -0.8260
vn 0.1352 0.4457 -0.8849
vn 0.1384 0.5938 -0.7926
vn 0.1578 0.5889 -0.7926
vn 0.1089 0.5473 -0.8298
vn 0.2238 0.5174 -0.8260
vn -0.0088 0.5637 -0.8260
vn 0.0909 0.4568 -0.8849
vn 0.0993 0.6016 -0.7926
vn 0.1720 0.5368 -0.8260
vn 0.0547 0.5553 -0.8298
vn 0.0796 0.6045 -0.7926
vn -0.0640 0.5601 -0.8260
vn 0.0457 0.4635 -0.8849
vn 0.0399 0.6084 -0.7926
vn 0.1186 0.5511 -0.8260
vn -0.0000 0.5580 -0.8298
vn 0.0199 0.6094 -0.7926
vn -0.1186 0.5511 -0.8260
vn -0.0000 0.4657 -0.8849
vn -0.0199 0.6094 -0.7926
vn 0.0640 0.5601 -0.8260
vn -0.0547 0.5553 -0.8298
vn -0.0399 0.6084 -0.7926
vn -0.1720 0.5368 -0.8260
vn -0.0457 0.4635 -0.8849
vn -0.0993 0.6016 -0.7926
vn -0.0796 0.6045 -0.7926
vn -0.1089 0.5473 -0.8298
vn 0.0088 0.5637 -0.8260
vn -0.2238 0.5174 -0.8260
vn -0.0909 0.4568 -0.8849
vn -0.1384 0.5938 -0.7926
vn -0.0465 0.5618 -0.8260
vn -0.1620 0.5340 -0.8298
vn -0.1578 0.5889 -0.7926
vn -0.2734 0.4930 -0.8260
vn -0.1352 0.4457 -0.8849
vn -0.1960 0.5774 -0.7926
vn -0.1014 0.5545 -0.8260
vn -0.2135 0.5155 -0.8298
vn -0.2148 0.5706 -0.7926
vn -0.3204 0.4638 -0.8260
vn -0.1782 0.4303 -0.8849
vn -0.2516 0.5554 -0.7926
vn -0.1552 0.5419 -0.8260
vn -0.2630 0.4921 -0.8298
vn -0.2697 0.5468 -0.7926
vn -0.3644 0.4302 -0.8260
vn -0.2196 0.4108 -0.8849
vn -0.3220 0.5178 -0.7926
vn -0.3049 0.5280 -0.7926
vn -0.3100 0.4640 -0.8298
vn -0.2076 0.5241 -0.8260
vn -0.4048 0.3924 -0.8260
vn -0.2588 0.3873 -0.8849
vn -0.3551 0.4956 -0.7926
vn -0.2580 0.5012 -0.8260
vn -0.3540 0.4313 -0.8298
vn -0.3712 0.4837 -0.7926
vn -0.4413 0.3508 -0.8260
vn -0.2955 0.3600 -0.8849
vn -0.4168 0.4450 -0.7926
vn -0.4020 0.4584 -0.7926
vn -0.3946 0.3946 -0.8298
vn -0.3059 0.4735 -0.8260
vn -0.4735 0.3059 -0.8260
vn -0.3293 0.3293 -0.8849
vn -0.4584 0.4020 -0.7926
vn -0.4450 0.4168 -0.7926
vn -0.4313 0.3540 -0.8298
vn -0.3508 0.4413 -0.8260
vn -0.5012 0.2580 -0.8260
vn -0.3600 0.2955 -0.8849
vn -0.4837 0.3712 -0.7926
vn -0.3924 0.4048 -0.8260
vn -0.4640 0.3100 -0.8298
vn -0.4956 0.3551 -0.7926
vn -0.5241 0.2076 -0.8260
vn -0.3873 0.2588 -0.8849
vn -0.5280 0.3049 -0.7926
vn -0.5178 0.3220 -0.7926
vn -0.4921 0.2630 -0.8298
vn -0.4302 0.3644 -0.8260
vn -0.5419 0.1552 -0.8260
vn -0.4108 0.2196 -0.8849
vn -0.5554 0.2516 -0.7926
vn -0.5468 0.2697 -0.7926
vn -0.5155 0.2135 -0.8298
vn -0.4638 0.3204 -0.8260
vn -0.5545 0.1014 -0.8260
vn -0.4303 0.1782 -0.8849
vn -0.5706 0.2148 -0.7926
vn -0.4930 0.2734 -0.8260
vn -0.5340 0.1620 -0.8298
vn -0.5774 0.1960 -0.7926
vn -0.5618 0.0465 -0.8260
vn -0.4457 0.1352 -0.8849
vn -0.5889 0.1578 -0.7926
vn -0.5174 0.2238 -0.8260
vn -0.5473 0.1089 -0.8298
vn -0.5938 0.1385 -0.7926
vn -0.5637 -0.0088 -0.8260
vn -0.4568 0.0909 -0.8849
vn -0.6016 0.0993 -0.7926
vn -0.5368 0.1720 -0.8260
vn -0.5553 0.0547 -0.8298
vn -0.6045 0.0796 -0.7926
vn -0.5601 -0.0640 -0.8260
vn -0.4635 0.0457 -0.8849
vn -0.6094 0.0199 -0.7926
vn -0.6084 0.0399 -0.7926
vn -0.5580 -0.0000 -0.8298
vn -0.5511 0.1186 -0.8260
vn -0.5511 -0.1186 -0.8260
vn -0.4657 -0.0000 -0.8849
vn -0.6084 -0.0399 -0.7926
vn -0.6094 -0.0199 -0.7926
vn -0.5553 -0.0547 -0.8298
vn -0.5601 0.0640 -0.8260
vn -0.5368 -0.1720 -0.8260
vn -0.4635 -0.0457 -0.8849
vn -0.6016 -0.0993 -0.7926
vn -0.6045 -0.0796 -0.7926
vn -0.5473 -0.1089 -0.8298
vn -0.5637 0.0088 -0.8260
vn -0.5174 -0.2238 -0.8260
vn -0.4568 -0.0909 -0.8849
vn -0.5889 -0.1578 -0.7926
vn -0.5938 -0.1385 -0.7926
vn -0.5340 -0.1620 -0.8298
vn -0.5618 -0.0465 -0.8260
vn -0.4930 -0.2734 -0.8260
vn -0.4457 -0.1352 -0.8849
vn -0.5706 -0.2148 -0.7926
vn -0.5774 -0.1960 -0.7926
vn -0.5155 -0.2135 -0.8298
vn -0.5545 -0.1014 -0.8260
vn -0.4638 -0.3204 -0.8260
vn -0.4303 -0.1782 -0.8849
vn -0.5554 -0.2516 -0.7926
vn -0.5419 -0.1552 -0.8260
vn -0.4921 -0.2630 -0.8298
vn -0.5468 -0.2697 -0.7926
vn -0.4302 -0.3644 -0.8260
vn -0.4108 -0.2196 -0.8849
vn -0.5280 -0.3049 -0.7926
vn -0.5241 -0.2076 -0.8260
vn -0.4640 -0.3100 -0.8298
vn -0.5178 -0.3220 -0.7926
vn -0.3924 -0.4048 -0.8260
vn -0.3873 -0.2588 -0.8849
vn -0.4837 -0.3712 -0.7926
vn -0.4956 -0.3551 -0.7926
vn -0.4313 -0.3540 -0.8298
vn -0.5012 -0.2580 -0.8260
vn -0.3508 -0.4413 -0.8260
vn -0.3600 -0.2955 -0.8849
vn -0.4584 -0.4020 -0.7926
vn -0.4735 -0.3059 -0.8260
vn -0.3946 -0.3946 -0.8298
vn -0.4450 -0.4168 -0.7926
vn -0.3059 -0.4735 -0.8260
vn -0.3293 -0.3293 -0.8849
vn -0.4168 -0.4450 -0.7926
vn -0.4413 -0.3508 -0.8260
vn -0.3540 -0.4313 -0.8298
vn -0.4020 -0.4584 -0.7926
vn -0.2580 -0.5012 -0.8260
vn -0.2955 -0.3600 -0.8849
vn -0.3551 -0.4956 -0.7926
vn -0.3712 -0.4837 -0.7926
vn -0.3100 -0.4640 -0.8298
vn -0.4048 -0.3924 -0.8260
vn -0.2076 -0.5241 -0.8260
vn -0.2588 -0.3873 -0.8849
vn -0.3220 -0.5178 -0.7926
vn -0.3644 -0.4302 -0.8260
vn -0.2630 -0.4921 -0.8298
vn -0.3049 -0.5280 -0.7926
vn -0.1552 -0.5419 -0.8260
vn -0.2196 -0.4108 -0.8849
vn -0.2516 -0.5554 -0.7926
vn -0.2697 -0.5468 -0.7926
vn -0.2135 -0.5155 -0.8298
vn -0.3204 -0.4638 -0.8260
vn -0.1014 -0.5545 -0.8260
vn -0.1782 -0.4303 -0.8849
vn -0.1960 -0.5774 -0.7926
vn -0.2148 -0.5706 -0.7926
vn -0.1620 -0.5340 -0.8298
vn -0.2734 -0.4930 -0.8260
vn -0.0465 -0.5618 -0.8260
vn -0.1352 -0.4457 -0.8849
vn -0.1384 -0.5938 -0.7926
vn -0.1578 -0.5889 -0.7926
vn -0.1089 -0.5473 -0.8298
vn -0.2238 -0.5174 -0.8260
vn 0.0088 -0.5637 -0.8260
vn -0.0909 -0.4568 -0.8849
vn -0.0993 -0.6016 -0.7926
vn -0.1720 -0.5368 -0.8260
vn -0.0547 -0.5553 -0.8298
vn -0.0796 -0.6045 -0.7926
vn 0.0640 -0.5601 -0.8260
vn -0.0457 -0.4635 -0.8849
vn -0.0399 -0.6084 -0.7926
vn -0.1186 -0.5511 -0.8260
vn -0.0000 -0.5580 -0.8298
vn -0.0199 -0.6094 -0.7926
vn 0.1186 -0.5511 -0.8260
vn -0.0000 -0.4657 -0.8849
vn 0.0199 -0.6094 -0.7926
vn -0.0640 -0.5601 -0.8260
vn 0.0547 -0.5553 -0.8298
vn 0.0399 -0.6084 -0.7926
vn 0.1720 -0.5368 -0.8260
vn 0.0457 -0.4635 -0.8849
vn 0.0993 -0.6016 -0.7926
vn 0.0796 -0.6045 -0.7926
vn 0.1089 -0.5473 -0.8298
vn -0.0088 -0.5637 -0.8260
vn 0.2238 -0.5174 -0.8260
vn 0.0909 -0.4568 -0.8849
vn 0.1384 -0.5938 -0.7926
vn 0.0465 -0.5618 -0.8260
vn 0.1620 -0.5340 -0.8298
vn 0.1578 -0.5889 -0.7926
vn 0.2734 -0.4930 -0.8260
vn 0.1352 -0.4457 -0.8849
vn 0.1960 -0.5774 -0.7926
vn 0.1014 -0.5545 -0.8260
vn 0.2135 -0.5155 -0.8298
vn 0.2148 -0.5706 -0.7926
vn 0.3204 -0.4638 -0.8260
vn 0.1782 -0.4303 -0.8849
vn 0.2516 -0.5554 -0.7926
vn 0.1552 -0.5419 -0.8260
vn 0.2630 -0.4921 -0.8298
vn 0.2697 -0.5468 -0.7926
vn 0.3644 -0.4302 -0.8260
vn 0.2196 -0.4108 -0.8849
vn 0.3220 -0.5178 -0.7926
vn 0.3049 -0.5280 -0.7926
vn 0.3100 -0.4640 -0.8298
vn 0.2076 -0.5241 -0.8260
vn 0.4048 -0.3924 -0.8260
vn 0.2588 -0.3873 -0.8849
vn 0.3551 -0.4956 -0.7926
vn 0.2580 -0.5012 -0.8260
vn 0.3540 -0.4313 -0.8298
vn 0.3712 -0.4837 -0.7926
vn 0.4413 -0.3508 -0.8260
vn 0.2955 -0.3600 -0.8849
vn 0.4168 -0.4450 -0.7926
vn 0.4020 -0.4584 -0.7926
vn 0.3946 -0.3946 -0.8298
vn 0.3059 -0.4735 -0.8260
vn 0.4735 -0.3059 -0.8260
vn 0.3293 -0.3293 -0.8849
vn 0.4584 -0.4020 -0.7926
vn 0.4450 -0.4168 -0.7926
vn 0.4313 -0.3540 -0.8298
vn 0.3508 -0.4413 -0.8260
vn 0.5012 -0.2580 -0.8260
vn 0.3600 -0.2955 -0.8849
vn 0.4837 -0.3712 -0.7926
vn 0.3924 -0.4048 -0.8260
vn 0.4640 -0.3100 -0.8298
vn 0.4956 -0.3551 -0.7926
vn 0.5241 -0.2076 -0.8260
vn 0.3873 -0.2588 -0.8849
vn 0.5280 -0.3049 -0.7926
vn 0.5178 -0.3220 -0.7926
vn 0.4921 -0.2630 -0.8298
vn 0.4302 -0.3644 -0.8260
vn 0.5419 -0.1552 -0.8260
vn 0.4108 -0.2196 -0.8849
vn 0.5554 -0.2516 -0.7926
vn 0.5468 -0.2697 -0.7926
vn 0.5155 -0.2135 -0.8298
vn 0.4638 -0.3204 -0.8260
vn 0.5545 -0.1014 -0.8260
vn 0.4303 -0.1782 -0.8849
vn 0.5706 -0.2148 -0.7926
vn 0.4930 -0.2734 -0.8260
vn 0.5340 -0.1620 -0.8298
vn 0.5774 -0.1960 -0.7926
vn 0.5618 -0.0465 -0.8260
vn 0.4457 -0.1352 -0.8849
vn 0.5889 -0.1578 -0.7926
vn 0.5174 -0.2238 -0.8260
vn 0.5473 -0.1089 -0.8298
vn 0.5938 -0.1385 -0.7926
vn 0.5637 0.0088 -0.8260
vn 0.4568 -0.0909 -0.8849
vn 0.6016 -0.0993 -0.7926
vn 0.5368 -0.1720 -0.8260
vn 0.5553 -0.0547 -0.8298
vn 0.6045 -0.0796 -0.7926
vn 0.5601 0.0640 -0.8260
vn 0.4635 -0.0457 -0.8849
vn 0.6094 -0.0199 -0.7926
vn 0.6084 -0.0399 -0.7926
vn 0.5511 -0.1186 -0.8260
vn -0.4190 -0.0069 -0.9079
vn -0.4186 -0.0206 -0.9079
vn -0.4177 -0.0342 -0.9079
vn -0.4164 -0.0479 -0.9079
vn -0.4146 -0.0615 -0.9079
vn -0.4123 -0.0750 -0.9079
vn -0.4097 -0.0885 -0.9079
vn -0.4065 -0.1018 -0.9079
vn -0.4030 -0.1151 -0.9079
vn -0.3990 -0.1282 -0.9079
vn -0.3946 -0.1412 -0.9079
vn -0.3898 -0.1540 -0.9079
vn -0.3845 -0.1667 -0.9079
vn -0.3789 -0.1792 -0.9079
vn -0.3728 -0.1915 -0.9079
vn -0.3663 -0.2036 -0.9079
vn -0.3595 -0.2155 -0.9079
vn -0.3522 -0.2271 -0.9079
vn -0.3446 -0.2385 -0.9079
vn -0.3366 -0.2497 -0.9079
vn -0.3283 -0.2605 -0.9079
vn -0.3196 -0.2711 -0.9079
vn -0.3105 -0.2815 -0.9079
vn -0.3012 -0.2915 -0.9079
vn -0.2915 -0.3012 -0.9079
vn -0.2815 -0.3105 -0.9079
vn -0.2711 -0.3196 -0.9079
vn -0.2605 -0.3283 -0.9079
vn -0.2497 -0.3366 -0.9079
vn -0.2385 -0.3446 -0.9079
vn -0.2271 -0.3522 -0.9079
vn -0.2155 -0.3595 -0.9079
vn -0.2036 -0.3663 -0.9079
vn -0.1915 -0.3728 -0.9079
vn -0.1792 -0.3789 -0.9079
vn -0.1667 -0.3845 -0.9079
vn -0.1540 -0.3898 -0.9079
vn -0.1412 -0.3946 -0.9079
vn -0.1282 -0.3990 -0.9079
vn -0.1151 -0.4030 -0.9079
vn -0.1018 -0.4065 -0.9079
vn -0.0885 -0.4097 -0.9079
vn -0.0750 -0.4123 -0.9079
vn -0.0615 -0.4146 -0.9079
vn -0.0479 -0.4164 -0.9079
vn -0.0342 -0.4177 -0.9079
vn -0.0206 -0.4186 -0.9079
vn -0.0069 -0.4190 -0.9079
vn 0.0069 -0.4190 -0.9079
vn 0.0206 -0.4186 -0.9079
vn 0.0343 -0.4177 -0.9079
vn 0.0479 -0.4164 -0.9079
vn 0.0615 -0.4146 -0.9079
vn 0.0750 -0.4123 -0.9079
vn 0.0885 -0.4097 -0.9079
vn 0.1018 -0.4065 -0.9079
vn 0.1151 -0.4030 -0.9079
vn 0.1282 -0.3990 -0.9079
vn 0.1412 -0.3946 -0.9079
vn 0.1540 -0.3898 -0.9079
vn 0.1667 -0.3845 -0.9079
vn 0.1792 -0.3789 -0.9079
vn 0.1915 -0.3728 -0.9079
vn 0.2036 -0.3663 -0.9079
vn 0.2155 -0.3595 -0.9079
vn 0.2271 -0.3522 -0.9079
vn 0.2385 -0.3446 -0.9079
vn 0.2497 -0.3366 -0.9079
vn 0.2605 -0.3283 -0.9079
vn 0.2711 -0.3196 -0.9079
vn 0.2815 -0.3105 -0.9079
vn 0.2915 -0.3012 -0.9079
vn 0.3012 -0.2915 -0.9079
vn 0.3105 -0.2815 -0.9079
vn 0.3196 -0.2711 -0.9079
vn 0.3283 -0.2605 -0.9079
vn 0.3366 -0.2497 -0.9079
vn 0.3446 -0.2385 -0.9079
vn 0.3522 -0.2271 -0.9079
vn 0.3595 -0.2155 -0.9079
vn 0.3663 -0.2036 -0.9079
vn 0.3728 -0.1915 -0.9079
vn 0.3789 -0.1792 -0.9079
vn 0.3845 -0.1667 -0.9079
vn 0.3898 -0.1540 -0.9079
vn 0.3946 -0.1412 -0.9079
vn 0.3990 -0.1282 -0.9079
vn 0.4030 -0.1151 -0.9079
vn 0.4065 -0.1018 -0.9079
vn 0.4097 -0.0885 -0.9079
vn 0.4123 -0.0750 -0.9079
vn 0.4146 -0.0615 -0.9079
vn 0.4164 -0.0479 -0.9079
vn 0.4177 -0.0342 -0.9079
vn 0.4186 -0.0206 -0.9079
vn 0.4190 -0.0069 -0.9079
vn 0.4190 0.0069 -0.9079
vn 0.4186 0.0206 -0.9079
vn 0.4177 0.0342 -0.9079
vn 0.4164 0.0479 -0.9079
vn 0.4146 0.0615 -0.9079
vn 0.4123 0.0750 -0.9079
vn 0.4097 0.0885 -0.9079
vn 0.4065 0.1018 -0.9079
vn 0.4030 0.1151 -0.9079
vn 0.3990 0.1282 -0.9079
vn 0.3946 0.1412 -0.9079
vn 0.3898 0.1540 -0.9079
vn 0.3845 0.1667 -0.9079
vn 0.3789 0.1792 -0.9079
vn 0.3728 0.1915 -0.9079
vn 0.3663 0.2036 -0.9079
vn 0.3595 0.2155 -0.9079
vn 0.3522 0.2271 -0.9079
vn 0.3446 0.2385 -0.9079
vn 0.3366 0.2497 -0.9079
vn 0.3283 0.2605 -0.9079
vn 0.3196 0.2711 -0.9079
vn 0.3105 0.2815 -0.9079
vn 0.3012 0.2915 -0.9079
vn 0.2915 0.3012 -0.9079
vn 0.2815 0.3105 -0.9079
vn 0.2711 0.3196 -0.9079
vn 0.2605 0.3283 -0.9079
vn 0.2497 0.3366 -0.9079
vn 0.2385 0.3446 -0.9079
vn 0.2271 0.3522 -0.9079
vn 0.2155 0.3595 -0.9079
vn 0.2036 0.3663 -0.9079
vn 0.1915 0.3728 -0.9079
vn 0.1792 0.3789 -0.9079
vn 0.1667 0.3845 -0.9079
vn 0.1540 0.3898 -0.9079
vn 0.1412 0.3946 -0.9079
vn 0.1282 0.3990 -0.9079
vn 0.1151 0.4030 -0.9079
vn 0.1018 0.4065 -0.9079
vn 0.0885 0.4097 -0.9079
vn 0.0750 0.4123 -0.9079
vn 0.0615 0.4146 -0.9079
vn 0.0479 0.4164 -0.9079
vn 0.0342 0.4177 -0.9079
vn 0.0206 0.4186 -0.9079
vn 0.0069 0.4190 -0.9079
vn -0.0069 0.4190 -0.9079
vn -0.0206 0.4186 -0.9079
vn -0.0343 0.4177 -0.9079
vn -0.0479 0.4164 -0.9079
vn -0.0615 0.4146 -0.9079
vn -0.0750 0.4123 -0.9079
vn -0.0885 0.4097 -0.9079
vn -0.1018 0.4065 -0.9079
vn -0.1151 0.4030 -0.9079
vn -0.1282 0.3990 -0.9079
vn -0.1412 0.3946 -0.9079
vn -0.1540 0.3898 -0.9079
vn -0.1667 0.3845 -0.9079
vn -0.1792 0.3789 -0.9079
vn -0.1915 0.3728 -0.9079
vn -0.2036 0.3663 -0.9079
vn -0.2155 0.3595 -0.9079
vn -0.2271 0.3522 -0.9079
vn -0.2385 0.3446 -0.9079
vn -0.2497 0.3366 -0.9079
vn -0.2605 0.3283 -0.9079
vn -0.2711 0.3196 -0.9079
vn -0.2815 0.3105 -0.9079
vn -0.2915 0.3012 -0.9079
vn -0.3012 0.2915 -0.9079
vn -0.3105 0.2815 -0.9079
vn -0.3196 0.2711 -0.9079
vn -0.3283 0.2605 -0.9079
vn -0.3366 0.2497 -0.9079
vn -0.3446 0.2385 -0.9079
vn -0.3522 0.2271 -0.9079
vn -0.3595 0.2155 -0.9079
vn -0.3663 0.2036 -0.9079
vn -0.3728 0.1915 -0.9079
vn -0.3789 0.1792 -0.9079
vn -0.3845 0.1667 -0.9079
vn -0.3898 0.1540 -0.9079
vn -0.3946 0.1412 -0.9079
vn -0.3990 0.1282 -0.9079
vn -0.4030 0.1151 -0.9079
vn -0.4065 0.1018 -0.9079
vn -0.4097 0.0885 -0.9079
vn -0.4123 0.0750 -0.9079
vn -0.4146 0.0615 -0.9079
vn -0.4164 0.0479 -0.9079
vn -0.4177 0.0342 -0.9079
vn -0.4186 0.0206 -0.9079
vn -0.4190 0.0069 -0.9079
vn -0.0000 -0.0000 -1.0000
vn -0.0343 -0.4177 0.9079
vn 0.0342 -0.4177 0.9079
vn 0.0343 0.4177 0.9079
vn -0.0342 0.4177 0.9079
vn -0.0343 -0.4177 -0.9079
vn 0.0342 -0.4177 -0.9079
vn 0.0343 0.4177 -0.9079
vn -0.0342 0.4177 -0.9079
vt 0.343932 0.703125
vt 0.343854 0.710291
vt 0.197917 0.703125
vt 0.343620 0.717450
vt 0.343229 0.724593
vt 0.342683 0.731713
vt 0.341982 0.738803
vt 0.341127 0.745854
vt 0.340118 0.752860
vt 0.338957 0.759812
vt 0.337645 0.766704
vt 0.336183 0.773528
vt 0.334574 0.780276
vt 0.332818 0.786942
vt 0.330917 0.793518
vt 0.328874 0.799997
vt 0.326691 0.806372
vt 0.324370 0.812637
vt 0.321913 0.818784
vt 0.319324 0.824808
vt 0.316605 0.830701
vt 0.313759 0.836458
vt 0.310788 0.842072
vt 0.307697 0.847537
vt 0.304488 0.852848
vt 0.301165 0.857998
vt 0.297732 0.862982
vt 0.294191 0.867796
vt 0.290548 0.872432
vt 0.286805 0.876888
vt 0.282968 0.881157
vt 0.279039 0.885236
vt 0.275023 0.889120
vt 0.270924 0.892805
vt 0.266748 0.896286
vt 0.262498 0.899561
vt 0.258178 0.902626
vt 0.253794 0.905476
vt 0.249351 0.908110
vt 0.244852 0.910525
vt 0.240303 0.912717
vt 0.235708 0.914685
vt 0.231073 0.916427
vt 0.226403 0.917940
vt 0.221702 0.919223
vt 0.216976 0.920275
vt 0.212229 0.921094
vt 0.207467 0.921679
vt 0.202694 0.922031
vt 0.197917 0.922148
vt 0.193139 0.922031
vt 0.188367 0.921679
vt 0.183605 0.921094
vt 0.178858 0.920275
vt 0.174131 0.919223
vt 0.169430 0.917940
vt 0.164760 0.916427
vt 0.160125 0.914685
vt 0.155531 0.912717
vt 0.150981 0.910525
vt 0.146483 0.908110
vt 0.142039 0.905476
vt 0.137655 0.902626
vt 0.133336 0.899561
vt 0.129085 0.896286
vt 0.124909 0.892805
vt 0.120811 0.889120
vt 0.116795 0.885236
vt 0.112866 0.881157
vt 0.109028 0.876888
vt 0.105285 0.872432
vt 0.101642 0.867796
vt 0.098102 0.862982
vt 0.094668 0.857998
vt 0.091345 0.852848
vt 0.088136 0.847537
vt 0.085045 0.842072
vt 0.082075 0.836458
vt 0.079228 0.830701
vt 0.076509 0.824808
vt 0.073920 0.818784
vt 0.071463 0.812637
vt 0.069142 0.806372
vt 0.066959 0.799997
vt 0.064916 0.793518
vt 0.063016 0.786942
vt 0.061260 0.780276
vt 0.059650 0.773528
vt 0.058188 0.766704
vt 0.056876 0.759812
vt 0.055715 0.752860
vt 0.054707 0.745854
vt 0.053851 0.738803
vt 0.053150 0.731713
vt 0.052604 0.724593
vt 0.052214 0.717450
vt 0.051979 0.710291
vt 0.051901 0.703125
vt 0.051979 0.695959
vt 0.052214 0.688800
vt 0.052604 0.681657
vt 0.053150 0.674537
vt 0.053851 0.667447
vt 0.054707 0.660396
vt 0.055715 0.653390
vt 0.056876 0.646438
vt 0.058188 0.639546
vt 0.059650 0.632722
vt 0.061260 0.625974
vt 0.063016 0.619308
vt 0.064916 0.612732
vt 0.066959 0.606253
vt 0.069142 0.599878
vt 0.071463 0.593613
vt 0.073920 0.587466
vt 0.076509 0.581442
vt 0.079228 0.575549
vt 0.082075 0.569792
vt 0.085045 0.564178
vt 0.088136 0.558713
vt 0.091345 0.553402
vt 0.094668 0.548252
vt 0.098102 0.543268
vt 0.101642 0.538454
vt 0.105285 0.533818
vt 0.109028 0.529362
vt 0.112866 0.525093
vt 0.116795 0.521014
vt 0.120811 0.517130
vt 0.124909 0.513445
vt 0.129085 0.509964
vt 0.133336 0.506689
vt 0.137655 0.503624
vt 0.142039 0.500774
vt 0.146483 0.498140
vt 0.150981 0.495725
vt 0.155531 0.493533
vt 0.160125 0.491565
vt 0.164760 0.489823
vt 0.169430 0.488310
vt 0.174131 0.487027
vt 0.178858 0.485975
vt 0.183605 0.485156
vt 0.188367 0.484571
vt 0.193139 0.484219
vt 0.197917 0.484102
vt 0.202694 0.484219
vt 0.207467 0.484571
vt 0.212229 0.485156
vt 0.216976 0.485975
vt 0.221702 0.487027
vt 0.226403 0.488310
vt 0.231073 0.489823
vt 0.235708 0.491565
vt 0.240303 0.493533
vt 0.244852 0.495725
vt 0.249351 0.498140
vt 0.253794 0.500774
vt 0.258178 0.503624
vt 0.262498 0.506689
vt 0.266748 0.509964
vt 0.270924 0.513445
vt 0.275023 0.517130
vt 0.279039 0.521014
vt 0.282968 0.525093
vt 0.286805 0.529362
vt 0.290548 0.533818
vt 0.294191 0.538454
vt 0.297732 0.543268
vt 0.301165 0.548252
vt 0.304488 0.553402
vt 0.307697 0.558713
vt 0.310788 0.564178
vt 0.313759 0.569792
vt 0.316605 0.575549
vt 0.319324 0.581442
vt 0.321913 0.587466
vt 0.324370 0.593613
vt 0.326691 0.599878
vt 0.328874 0.606253
vt 0.330917 0.612732
vt 0.332818 0.619308
vt 0.334574 0.625974
vt 0.336183 0.632722
vt 0.337645 0.639546
vt 0.338957 0.646438
vt 0.340118 0.653390
vt 0.341127 0.660396
vt 0.341982 0.667447
vt 0.342683 0.674537
vt 0.343229 0.681657
vt 0.343620 0.688800
vt 0.343854 0.695959
vt 0.354596 0.703125
vt 0.354261 0.718496
vt 0.354512 0.710815
vt 0.353256 0.733801
vt 0.353842 0.726161
vt 0.352504 0.741409
vt 0.351586 0.748975
vt 0.349258 0.763953
vt 0.350503 0.756492
vt 0.347850 0.771348
vt 0.344554 0.785911
vt 0.346281 0.778670
vt 0.342670 0.793063
vt 0.338438 0.807072
vt 0.340631 0.800119
vt 0.336096 0.813912
vt 0.330969 0.827231
vt 0.333605 0.820635
vt 0.325273 0.840019
vt 0.328191 0.833695
vt 0.322219 0.846196
vt 0.319032 0.852220
vt 0.312272 0.863783
vt 0.315715 0.858084
vt 0.308706 0.869309
vt 0.305022 0.874657
vt 0.297313 0.884798
vt 0.301223 0.879822
vt 0.293297 0.889579
vt 0.284963 0.898537
vt 0.289179 0.894160
vt 0.276257 0.906658
vt 0.280654 0.902704
vt 0.271775 0.910394
vt 0.262579 0.917196
vt 0.267214 0.913908
vt 0.257875 0.920255
vt 0.253107 0.923081
vt 0.243398 0.928025
vt 0.248280 0.925672
vt 0.238468 0.930136
vt 0.233495 0.932005
vt 0.228483 0.933629
vt 0.218367 0.936134
vt 0.223439 0.935005
vt 0.208164 0.937641
vt 0.213274 0.937013
vt 0.203043 0.938019
vt 0.197917 0.938145
vt 0.192790 0.938019
vt 0.187669 0.937641
vt 0.177466 0.936134
vt 0.182559 0.937013
vt 0.167350 0.933629
vt 0.172394 0.935005
vt 0.157365 0.930136
vt 0.162338 0.932005
vt 0.152435 0.928025
vt 0.142726 0.923081
vt 0.147554 0.925672
vt 0.137958 0.920255
vt 0.133254 0.917196
vt 0.128619 0.913908
vt 0.124058 0.910394
vt 0.115179 0.902704
vt 0.119577 0.906658
vt 0.110870 0.898537
vt 0.102536 0.889579
vt 0.106654 0.894160
vt 0.098520 0.884798
vt 0.090812 0.874657
vt 0.094611 0.879822
vt 0.087127 0.869309
vt 0.083562 0.863783
vt 0.076802 0.852220
vt 0.080119 0.858084
vt 0.070560 0.840019
vt 0.073614 0.846196
vt 0.064864 0.827231
vt 0.067642 0.833695
vt 0.059738 0.813912
vt 0.062228 0.820635
vt 0.057395 0.807072
vt 0.055203 0.800119
vt 0.053164 0.793063
vt 0.049552 0.778670
vt 0.051279 0.785911
vt 0.047984 0.771348
vt 0.046576 0.763953
vt 0.044248 0.748975
vt 0.045330 0.756492
vt 0.042577 0.733801
vt 0.043330 0.741409
vt 0.041572 0.718496
vt 0.041991 0.726161
vt 0.041237 0.703125
vt 0.041321 0.710815
vt 0.041572 0.687754
vt 0.041321 0.695435
vt 0.042577 0.672449
vt 0.041991 0.680089
vt 0.043330 0.664841
vt 0.044248 0.657275
vt 0.046576 0.642297
vt 0.045330 0.649758
vt 0.047984 0.634902
vt 0.051279 0.620339
vt 0.049552 0.627580
vt 0.053164 0.613187
vt 0.057395 0.599178
vt 0.055203 0.606131
vt 0.059738 0.592338
vt 0.064864 0.579019
vt 0.062228 0.585615
vt 0.070560 0.566231
vt 0.067642 0.572555
vt 0.073614 0.560054
vt 0.076802 0.554030
vt 0.083562 0.542467
vt 0.080119 0.548166
vt 0.087127 0.536941
vt 0.090812 0.531593
vt 0.098520 0.521452
vt 0.094611 0.526428
vt 0.102536 0.516671
vt 0.110870 0.507713
vt 0.106654 0.512090
vt 0.119577 0.499592
vt 0.115179 0.503546
vt 0.124058 0.495856
vt 0.133254 0.489054
vt 0.128619 0.492342
vt 0.137958 0.485995
vt 0.142726 0.483169
vt 0.152435 0.478225
vt 0.147554 0.480578
vt 0.157365 0.476114
vt 0.162338 0.474245
vt 0.167350 0.472621
vt 0.177466 0.470116
vt 0.172394 0.471245
vt 0.187669 0.468609
vt 0.182559 0.469237
vt 0.192790 0.468231
vt 0.197917 0.468105
vt 0.203043 0.468231
vt 0.208164 0.468609
vt 0.218367 0.470116
vt 0.213274 0.469237
vt 0.228483 0.472621
vt 0.223439 0.471245
vt 0.238468 0.476114
vt 0.233495 0.474245
vt 0.243398 0.478225
vt 0.253107 0.483169
vt 0.248280 0.480578
vt 0.257875 0.485995
vt 0.262579 0.489054
vt 0.267214 0.492342
vt 0.271775 0.495856
vt 0.280654 0.503546
vt 0.276257 0.499592
vt 0.284963 0.507713
vt 0.293297 0.516671
vt 0.289179 0.512090
vt 0.297313 0.521452
vt 0.305022 0.531593
vt 0.301223 0.526428
vt 0.308706 0.536941
vt 0.312272 0.542467
vt 0.319032 0.554030
vt 0.315715 0.548166
vt 0.325273 0.566231
vt 0.322219 0.560054
vt 0.330969 0.579019
vt 0.328191 0.572555
vt 0.336096 0.592338
vt 0.333605 0.585615
vt 0.338438 0.599178
vt 0.340631 0.606131
vt 0.342670 0.613187
vt 0.346281 0.627580
vt 0.344554 0.620339
vt 0.347850 0.634902
vt 0.349258 0.642297
vt 0.351586 0.657275
vt 0.350503 0.649758
vt 0.353256 0.672449
vt 0.352504 0.664841
vt 0.354261 0.687754
vt 0.353842 0.680089
vt 0.354512 0.695435
vt 0.271783 0.270779
vt 0.266927 0.259766
vt 0.266927 0.270779
vt 0.276638 0.270779
vt 0.271783 0.259766
vt 0.281494 0.259766
vt 0.276638 0.259766
vt 0.286350 0.270779
vt 0.281494 0.270779
vt 0.291206 0.259766
vt 0.286350 0.259766
vt 0.291206 0.270779
vt 0.296061 0.259766
vt 0.300917 0.270779
vt 0.296061 0.270779
vt 0.305773 0.259766
vt 0.300917 0.259766
vt 0.305773 0.270779
vt 0.310628 0.259766
vt 0.315484 0.270779
vt 0.310628 0.270779
vt 0.320340 0.259766
vt 0.315484 0.259766
vt 0.320340 0.270779
vt 0.325195 0.259766
vt 0.330051 0.270779
vt 0.325195 0.270779
vt 0.334907 0.270779
vt 0.330051 0.259766
vt 0.339762 0.259766
vt 0.334907 0.259766
vt 0.344618 0.270779
vt 0.339762 0.270779
vt 0.349474 0.270779
vt 0.344618 0.259766
vt 0.354329 0.259766
vt 0.349474 0.259766
vt 0.359185 0.270779
vt 0.354329 0.270779
vt 0.364041 0.259766
vt 0.359185 0.259766
vt 0.364041 0.270779
vt 0.368896 0.259766
vt 0.373752 0.270779
vt 0.368896 0.270779
vt 0.378608 0.270779
vt 0.373752 0.259766
vt 0.383464 0.259766
vt 0.378608 0.259766
vt 0.388319 0.270779
vt 0.383464 0.270779
vt 0.393175 0.270779
vt 0.388319 0.259766
vt 0.398031 0.259766
vt 0.393175 0.259766
vt 0.402886 0.270779
vt 0.398031 0.270779
vt 0.407742 0.259766
vt 0.402886 0.259766
vt 0.407742 0.270779
vt 0.412598 0.259766
vt 0.417453 0.270779
vt 0.412598 0.270779
vt 0.422309 0.270779
vt 0.417453 0.259766
vt 0.427165 0.259766
vt 0.422309 0.259766
vt 0.432020 0.270779
vt 0.427165 0.270779
vt 0.436876 0.259766
vt 0.432020 0.259766
vt 0.436876 0.270779
vt 0.441732 0.259766
vt 0.446587 0.270779
vt 0.441732 0.270779
vt 0.451443 0.259766
vt 0.446587 0.259766
vt 0.451443 0.270779
vt 0.456299 0.259766
vt 0.461155 0.270779
vt 0.456299 0.270779
vt 0.466010 0.259766
vt 0.461155 0.259766
vt 0.466010 0.270779
vt 0.470866 0.259766
vt 0.475722 0.270779
vt 0.470866 0.270779
vt 0.480577 0.270779
vt 0.475722 0.259766
vt 0.485433 0.259766
vt 0.480577 0.259766
vt 0.490289 0.270779
vt 0.485433 0.270779
vt 0.495144 0.259766
vt 0.490289 0.259766
vt 0.495144 0.270779
vt 0.500000 0.259766
vt 0.504856 0.270779
vt 0.500000 0.270779
vt 0.509711 0.270779
vt 0.504856 0.259766
vt 0.514567 0.259766
vt 0.509711 0.259766
vt 0.519423 0.270779
vt 0.514567 0.270779
vt 0.524278 0.259766
vt 0.519423 0.259766
vt 0.524278 0.270779
vt 0.529134 0.259766
vt 0.533990 0.270779
vt 0.529134 0.270779
vt 0.538845 0.270779
vt 0.533990 0.259766
vt 0.543701 0.259766
vt 0.538845 0.259766
vt 0.548557 0.270779
vt 0.543701 0.270779
vt 0.553413 0.270779
vt 0.548557 0.259766
vt 0.558268 0.259766
vt 0.553413 0.259766
vt 0.563124 0.270779
vt 0.558268 0.270779
vt 0.567980 0.270779
vt 0.563124 0.259766
vt 0.572835 0.259766
vt 0.567980 0.259766
vt 0.577691 0.270779
vt 0.572835 0.270779
vt 0.582547 0.270779
vt 0.577691 0.259766
vt 0.587402 0.259766
vt 0.582547 0.259766
vt 0.592258 0.270779
vt 0.587402 0.270779
vt 0.597114 0.270779
vt 0.592258 0.259766
vt 0.601969 0.259766
vt 0.597114 0.259766
vt 0.606825 0.270779
vt 0.601969 0.270779
vt 0.611681 0.259766
vt 0.606825 0.259766
vt 0.611681 0.270779
vt 0.616536 0.259766
vt 0.621392 0.270779
vt 0.616536 0.270779
vt 0.626248 0.259766
vt 0.621392 0.259766
vt 0.626248 0.270779
vt 0.631104 0.259766
vt 0.635959 0.270779
vt 0.631104 0.270779
vt 0.640815 0.270779
vt 0.635959 0.259766
vt 0.645671 0.259766
vt 0.640815 0.259766
vt 0.650526 0.270779
vt 0.645671 0.270779
vt 0.655382 0.259766
vt 0.650526 0.259766
vt 0.655382 0.270779
vt 0.660238 0.259766
vt 0.665093 0.270779
vt 0.660238 0.270779
vt 0.669949 0.259766
vt 0.665093 0.259766
vt 0.669949 0.270779
vt 0.674805 0.259766
vt 0.679660 0.270779
vt 0.674805 0.270779
vt 0.684516 0.270779
vt 0.679660 0.259766
vt 0.689372 0.259766
vt 0.684516 0.259766
vt 0.694227 0.270779
vt 0.689372 0.270779
vt 0.699083 0.270779
vt 0.694227 0.259766
vt 0.703939 0.259766
vt 0.699083 0.259766
vt 0.708794 0.270779
vt 0.703939 0.270779
vt 0.713650 0.270779
vt 0.708794 0.259766
vt 0.718506 0.259766
vt 0.713650 0.259766
vt 0.723362 0.270779
vt 0.718506 0.270779
vt 0.728217 0.259766
vt 0.723362 0.259766
vt 0.728217 0.270779
vt 0.733073 0.259766
vt 0.737929 0.270779
vt 0.733073 0.270779
vt 0.742784 0.270779
vt 0.737929 0.259766
vt 0.747640 0.259766
vt 0.742784 0.259766
vt 0.752496 0.270779
vt 0.747640 0.270779
vt 0.757351 0.259766
vt 0.752496 0.259766
vt 0.757351 0.270779
vt 0.762207 0.259766
vt 0.767063 0.270779
vt 0.762207 0.270779
vt 0.771918 0.259766
vt 0.767063 0.259766
vt 0.771918 0.270779
vt 0.776774 0.259766
vt 0.781630 0.270779
vt 0.776774 0.270779
vt 0.786485 0.259766
vt 0.781630 0.259766
vt 0.786485 0.270779
vt 0.791341 0.259766
vt 0.796197 0.270779
vt 0.791341 0.270779
vt 0.801053 0.270779
vt 0.796197 0.259766
vt 0.805908 0.259766
vt 0.801053 0.259766
vt 0.810764 0.270779
vt 0.805908 0.270779
vt 0.815620 0.270779
vt 0.810764 0.259766
vt 0.820475 0.259766
vt 0.815620 0.259766
vt 0.825331 0.270779
vt 0.820475 0.270779
vt 0.830187 0.259766
vt 0.825331 0.259766
vt 0.830187 0.270779
vt 0.835042 0.259766
vt 0.839898 0.270779
vt 0.835042 0.270779
vt 0.844754 0.270779
vt 0.839898 0.259766
vt 0.849609 0.259766
vt 0.844754 0.259766
vt 0.854465 0.270779
vt 0.849609 0.270779
vt 0.859321 0.270779
vt 0.854465 0.259766
vt 0.864176 0.259766
vt 0.859321 0.259766
vt 0.869032 0.270779
vt 0.864176 0.270779
vt 0.873888 0.259766
vt 0.869032 0.259766
vt 0.873888 0.270779
vt 0.878743 0.259766
vt 0.883599 0.270779
vt 0.878743 0.270779
vt 0.888455 0.270779
vt 0.883599 0.259766
vt 0.893311 0.259766
vt 0.888455 0.259766
vt 0.898166 0.270779
vt 0.893311 0.270779
vt 0.903022 0.259766
vt 0.898166 0.259766
vt 0.903022 0.270779
vt 0.907878 0.259766
vt 0.912733 0.270779
vt 0.907878 0.270779
vt 0.917589 0.259766
vt 0.912733 0.259766
vt 0.917589 0.270779
vt 0.922445 0.259766
vt 0.927300 0.270779
vt 0.922445 0.270779
vt 0.932156 0.259766
vt 0.927300 0.259766
vt 0.932156 0.270779
vt 0.937012 0.259766
vt 0.941867 0.270779
vt 0.937012 0.270779
vt 0.946723 0.270779
vt 0.941867 0.259766
vt 0.951579 0.259766
vt 0.946723 0.259766
vt 0.956434 0.270779
vt 0.951579 0.270779
vt 0.961290 0.259766
vt 0.956434 0.259766
vt 0.961290 0.270779
vt 0.966146 0.259766
vt 0.038710 0.270779
vt 0.033854 0.259766
vt 0.033854 0.270779
vt 0.043566 0.270779
vt 0.038710 0.259766
vt 0.048421 0.259766
vt 0.043566 0.259766
vt 0.053277 0.270779
vt 0.048421 0.270779
vt 0.058133 0.259766
vt 0.053277 0.259766
vt 0.058133 0.270779
vt 0.062988 0.259766
vt 0.067844 0.270779
vt 0.062988 0.270779
vt 0.072700 0.270779
vt 0.067844 0.259766
vt 0.077555 0.259766
vt 0.072700 0.259766
vt 0.082411 0.270779
vt 0.077555 0.270779
vt 0.087267 0.270779
vt 0.082411 0.259766
vt 0.092122 0.259766
vt 0.087267 0.259766
vt 0.096978 0.270779
vt 0.092122 0.270779
vt 0.101834 0.270779
vt 0.096978 0.259766
vt 0.106689 0.259766
vt 0.101834 0.259766
vt 0.111545 0.270779
vt 0.106689 0.270779
vt 0.116401 0.270779
vt 0.111545 0.259766
vt 0.121257 0.259766
vt 0.116401 0.259766
vt 0.126112 0.270779
vt 0.121257 0.270779
vt 0.130968 0.270779
vt 0.126112 0.259766
vt 0.135824 0.259766
vt 0.130968 0.259766
vt 0.140679 0.270779
vt 0.135824 0.270779
vt 0.145535 0.259766
vt 0.140679 0.259766
vt 0.145535 0.270779
vt 0.150391 0.259766
vt 0.155246 0.270779
vt 0.150391 0.270779
vt 0.160102 0.259766
vt 0.155246 0.259766
vt 0.160102 0.270779
vt 0.164958 0.259766
vt 0.169813 0.270779
vt 0.164958 0.270779
vt 0.174669 0.270779
vt 0.169813 0.259766
vt 0.179525 0.259766
vt 0.174669 0.259766
vt 0.184380 0.270779
vt 0.179525 0.270779
vt 0.189236 0.259766
vt 0.184380 0.259766
vt 0.189236 0.270779
vt 0.194092 0.259766
vt 0.198947 0.270779
vt 0.194092 0.270779
vt 0.203803 0.259766
vt 0.198947 0.259766
vt 0.203803 0.270779
vt 0.208659 0.259766
vt 0.213515 0.270779
vt 0.208659 0.270779
vt 0.218370 0.270779
vt 0.213515 0.259766
vt 0.223226 0.259766
vt 0.218370 0.259766
vt 0.228082 0.270779
vt 0.223226 0.270779
vt 0.232937 0.270779
vt 0.228082 0.259766
vt 0.237793 0.259766
vt 0.232937 0.259766
vt 0.242649 0.270779
vt 0.237793 0.270779
vt 0.247504 0.270779
vt 0.242649 0.259766
vt 0.252360 0.259766
vt 0.247504 0.259766
vt 0.257216 0.270779
vt 0.252360 0.270779
vt 0.262071 0.259766
vt 0.257216 0.259766
vt 0.262071 0.270779
vt 0.271783 0.207129
vt 0.266927 0.069238
vt 0.266927 0.207129
vt 0.276638 0.207129
vt 0.271783 0.069238
vt 0.281494 0.207129
vt 0.276638 0.069238
vt 0.286350 0.207129
vt 0.281494 0.069238
vt 0.291206 0.207129
vt 0.286350 0.069238
vt 0.296061 0.207129
vt 0.291206 0.069238
vt 0.300917 0.207129
vt 0.296061 0.069238
vt 0.305773 0.207129
vt 0.300917 0.069238
vt 0.310628 0.207129
vt 0.305773 0.069238
vt 0.315484 0.207129
vt 0.310628 0.069238
vt 0.320340 0.207129
vt 0.315484 0.069238
vt 0.325195 0.207129
vt 0.320340 0.069238
vt 0.330051 0.207129
vt 0.325195 0.069238
vt 0.334907 0.207129
vt 0.330051 0.069238
vt 0.339762 0.207129
vt 0.334907 0.069238
vt 0.344618 0.207129
vt 0.339762 0.069238
vt 0.349474 0.207129
vt 0.344618 0.069238
vt 0.354329 0.207129
vt 0.349474 0.069238
vt 0.359185 0.207129
vt 0.354329 0.069238
vt 0.364041 0.207129
vt 0.359185 0.069238
vt 0.368896 0.207129
vt 0.364041 0.069238
vt 0.373752 0.207129
vt 0.368896 0.069238
vt 0.378608 0.207129
vt 0.373752 0.069238
vt 0.383464 0.207129
vt 0.378608 0.069238
vt 0.388319 0.207129
vt 0.383464 0.069238
vt 0.393175 0.207129
vt 0.388319 0.069238
vt 0.398031 0.207129
vt 0.393175 0.069238
vt 0.402886 0.207129
vt 0.398031 0.069238
vt 0.407742 0.207129
vt 0.402886 0.069238
vt 0.412598 0.207129
vt 0.407742 0.069238
vt 0.417453 0.207129
vt 0.412598 0.069238
vt 0.422309 0.207129
vt 0.417453 0.069238
vt 0.427165 0.207129
vt 0.422309 0.069238
vt 0.432020 0.207129
vt 0.427165 0.069238
vt 0.436876 0.207129
vt 0.432020 0.069238
vt 0.441732 0.207129
vt 0.436876 0.069238
vt 0.446587 0.207129
vt 0.441732 0.069238
vt 0.451443 0.207129
vt 0.446587 0.069238
vt 0.456299 0.207129
vt 0.451443 0.069238
vt 0.461155 0.207129
vt 0.456299 0.069238
vt 0.466010 0.207129
vt 0.461155 0.069238
vt 0.470866 0.207129
vt 0.466010 0.069238
vt 0.475722 0.207129
vt 0.470866 0.069238
vt 0.480577 0.207129
vt 0.475722 0.069238
vt 0.485433 0.207129
vt 0.480577 0.069238
vt 0.490289 0.207129
vt 0.485433 0.069238
vt 0.495144 0.207129
vt 0.490289 0.069238
vt 0.500000 0.207129
vt 0.495144 0.069238
vt 0.504856 0.207129
vt 0.500000 0.069238
vt 0.509711 0.207129
vt 0.504856 0.069238
vt 0.514567 0.207129
vt 0.509711 0.069238
vt 0.519423 0.207129
vt 0.514567 0.069238
vt 0.524278 0.207129
vt 0.519423 0.069238
vt 0.529134 0.207129
vt 0.524278 0.069238
vt 0.533990 0.207129
vt 0.529134 0.069238
vt 0.538845 0.207129
vt 0.533990 0.069238
vt 0.543701 0.207129
vt 0.538845 0.069238
vt 0.548557 0.207129
vt 0.543701 0.069238
vt 0.553413 0.207129
vt 0.548557 0.069238
vt 0.558268 0.207129
vt 0.553413 0.069238
vt 0.563124 0.207129
vt 0.558268 0.069238
vt 0.567980 0.207129
vt 0.563124 0.069238
vt 0.572835 0.207129
vt 0.567980 0.069238
vt 0.577691 0.207129
vt 0.572835 0.069238
vt 0.582547 0.207129
vt 0.577691 0.069238
vt 0.587402 0.207129
vt 0.582547 0.069238
vt 0.592258 0.207129
vt 0.587402 0.069238
vt 0.597114 0.207129
vt 0.592258 0.069238
vt 0.601969 0.207129
vt 0.597114 0.069238
vt 0.606825 0.207129
vt 0.601969 0.069238
vt 0.611681 0.207129
vt 0.606825 0.069238
vt 0.616536 0.207129
vt 0.611681 0.069238
vt 0.621392 0.207129
vt 0.616536 0.069238
vt 0.626248 0.207129
vt 0.621392 0.069238
vt 0.631104 0.207129
vt 0.626248 0.069238
vt 0.635959 0.207129
vt 0.631104 0.069238
vt 0.640815 0.207129
vt 0.635959 0.069238
vt 0.645671 0.207129
vt 0.640815 0.069238
vt 0.650526 0.207129
vt 0.645671 0.069238
vt 0.655382 0.207129
vt 0.650526 0.069238
vt 0.660238 0.207129
vt 0.655382 0.069238
vt 0.665093 0.207129
vt 0.660238 0.069238
vt 0.669949 0.207129
vt 0.665093 0.069238
vt 0.674805 0.207129
vt 0.669949 0.069238
vt 0.679660 0.207129
vt 0.674805 0.069238
vt 0.684516 0.207129
vt 0.679660 0.069238
vt 0.689372 0.207129
vt 0.684516 0.069238
vt 0.694227 0.207129
vt 0.689372 0.069238
vt 0.699083 0.207129
vt 0.694227 0.069238
vt 0.703939 0.207129
vt 0.699083 0.069238
vt 0.708794 0.207129
vt 0.703939 0.069238
vt 0.713650 0.207129
vt 0.708794 0.069238
vt 0.718506 0.207129
vt 0.713650 0.069238
vt 0.723362 0.207129
vt 0.718506 0.069238
vt 0.728217 0.207129
vt 0.723362 0.069238
vt 0.733073 0.207129
vt 0.728217 0.069238
vt 0.737929 0.207129
vt 0.733073 0.069238
vt 0.742784 0.207129
vt 0.737929 0.069238
vt 0.747640 0.207129
vt 0.742784 0.069238
vt 0.752496 0.207129
vt 0.747640 0.069238
vt 0.757351 0.207129
vt 0.752496 0.069238
vt 0.762207 0.207129
vt 0.757351 0.069238
vt 0.767063 0.207129
vt 0.762207 0.069238
vt 0.771918 0.207129
vt 0.767063 0.069238
vt 0.776774 0.207129
vt 0.771918 0.069238
vt 0.781630 0.207129
vt 0.776774 0.069238
vt 0.786485 0.207129
vt 0.781630 0.069238
vt 0.791341 0.207129
vt 0.786485 0.069238
vt 0.796197 0.207129
vt 0.791341 0.069238
vt 0.801053 0.207129
vt 0.796197 0.069238
vt 0.805908 0.207129
vt 0.801053 0.069238
vt 0.810764 0.207129
vt 0.805908 0.069238
vt 0.815620 0.207129
vt 0.810764 0.069238
vt 0.820475 0.207129
vt 0.815620 0.069238
vt 0.825331 0.207129
vt 0.820475 0.069238
vt 0.830187 0.207129
vt 0.825331 0.069238
vt 0.835042 0.207129
vt 0.830187 0.069238
vt 0.839898 0.207129
vt 0.835042 0.069238
vt 0.844754 0.207129
vt 0.839898 0.069238
vt 0.849609 0.207129
vt 0.844754 0.069238
vt 0.854465 0.207129
vt 0.849609 0.069238
vt 0.859321 0.207129
vt 0.854465 0.069238
vt 0.864176 0.207129
vt 0.859321 0.069238
vt 0.869032 0.207129
vt 0.864176 0.069238
vt 0.873888 0.207129
vt 0.869032 0.069238
vt 0.878743 0.207129
vt 0.873888 0.069238
vt 0.883599 0.207129
vt 0.878743 0.069238
vt 0.888455 0.207129
vt 0.883599 0.069238
vt 0.893311 0.207129
vt 0.888455 0.069238
vt 0.898166 0.207129
vt 0.893311 0.069238
vt 0.903022 0.207129
vt 0.898166 0.069238
vt 0.907878 0.207129
vt 0.903022 0.069238
vt 0.912733 0.207129
vt 0.907878 0.069238
vt 0.917589 0.207129
vt 0.912733 0.069238
vt 0.922445 0.207129
vt 0.917589 0.069238
vt 0.927300 0.207129
vt 0.922445 0.069238
vt 0.932156 0.207129
vt 0.927300 0.069238
vt 0.937012 0.207129
vt 0.932156 0.069238
vt 0.941867 0.207129
vt 0.937012 0.069238
vt 0.946723 0.207129
vt 0.941867 0.069238
vt 0.951579 0.207129
vt 0.946723 0.069238
vt 0.956434 0.207129
vt 0.951579 0.069238
vt 0.961290 0.207129
vt 0.956434 0.069238
vt 0.966146 0.207129
vt 0.961290 0.069238
vt 0.038710 0.207129
vt 0.033854 0.069238
vt 0.033854 0.207129
vt 0.043566 0.207129
vt 0.038710 0.069238
vt 0.048421 0.207129
vt 0.043566 0.069238
vt 0.053277 0.207129
vt 0.048421 0.069238
vt 0.058133 0.207129
vt 0.053277 0.069238
vt 0.062988 0.207129
vt 0.058133 0.069238
vt 0.067844 0.207129
vt 0.062988 0.069238
vt 0.072700 0.207129
vt 0.067844 0.069238
vt 0.077555 0.207129
vt 0.072700 0.069238
vt 0.082411 0.207129
vt 0.077555 0.069238
vt 0.087267 0.207129
vt 0.082411 0.069238
vt 0.092122 0.207129
vt 0.087267 0.069238
vt 0.096978 0.207129
vt 0.092122 0.069238
vt 0.101834 0.207129
vt 0.096978 0.069238
vt 0.106689 0.207129
vt 0.101834 0.069238
vt 0.111545 0.207129
vt 0.106689 0.069238
vt 0.116401 0.207129
vt 0.111545 0.069238
vt 0.121257 0.207129
vt 0.116401 0.069238
vt 0.126112 0.207129
vt 0.121257 0.069238
vt 0.130968 0.207129
vt 0.126112 0.069238
vt 0.135824 0.207129
vt 0.130968 0.069238
vt 0.140679 0.207129
vt 0.135824 0.069238
vt 0.145535 0.207129
vt 0.140679 0.069238
vt 0.150391 0.207129
vt 0.145535 0.069238
vt 0.155246 0.207129
vt 0.150391 0.069238
vt 0.160102 0.207129
vt 0.155246 0.069238
vt 0.164958 0.207129
vt 0.160102 0.069238
vt 0.169813 0.207129
vt 0.164958 0.069238
vt 0.174669 0.207129
vt 0.169813 0.069238
vt 0.179525 0.207129
vt 0.174669 0.069238
vt 0.184380 0.207129
vt 0.179525 0.069238
vt 0.189236 0.207129
vt 0.184380 0.069238
vt 0.194092 0.207129
vt 0.189236 0.069238
vt 0.198947 0.207129
vt 0.194092 0.069238
vt 0.203803 0.207129
vt 0.198947 0.069238
vt 0.208659 0.207129
vt 0.203803 0.069238
vt 0.213515 0.207129
vt 0.208659 0.069238
vt 0.218370 0.207129
vt 0.213515 0.069238
vt 0.223226 0.207129
vt 0.218370 0.069238
vt 0.228082 0.207129
vt 0.223226 0.069238
vt 0.232937 0.207129
vt 0.228082 0.069238
vt 0.237793 0.207129
vt 0.232937 0.069238
vt 0.242649 0.207129
vt 0.237793 0.069238
vt 0.247504 0.207129
vt 0.242649 0.069238
vt 0.252360 0.207129
vt 0.247504 0.069238
vt 0.257216 0.207129
vt 0.252360 0.069238
vt 0.262071 0.207129
vt 0.257216 0.069238
vt 0.262071 0.069238
vt 0.266927 0.402344
vt 0.271783 0.391330
vt 0.266927 0.391330
vt 0.276638 0.402344
vt 0.271783 0.402344
vt 0.281494 0.402344
vt 0.276638 0.391330
vt 0.286350 0.391330
vt 0.281494 0.391330
vt 0.291206 0.402344
vt 0.286350 0.402344
vt 0.296061 0.402344
vt 0.291206 0.391330
vt 0.300917 0.391330
vt 0.296061 0.391330
vt 0.305773 0.402344
vt 0.300917 0.402344
vt 0.310628 0.402344
vt 0.305773 0.391330
vt 0.315484 0.391330
vt 0.310628 0.391330
vt 0.320340 0.402344
vt 0.315484 0.402344
vt 0.325195 0.402344
vt 0.320340 0.391330
vt 0.330051 0.391330
vt 0.325195 0.391330
vt 0.330051 0.402344
vt 0.334907 0.391330
vt 0.339762 0.402344
vt 0.334907 0.402344
vt 0.344618 0.391330
vt 0.339762 0.391330
vt 0.344618 0.402344
vt 0.349474 0.391330
vt 0.354329 0.402344
vt 0.349474 0.402344
vt 0.359185 0.391330
vt 0.354329 0.391330
vt 0.364041 0.402344
vt 0.359185 0.402344
vt 0.368896 0.402344
vt 0.364041 0.391330
vt 0.373752 0.391330
vt 0.368896 0.391330
vt 0.373752 0.402344
vt 0.378608 0.391330
vt 0.383464 0.402344
vt 0.378608 0.402344
vt 0.388319 0.391330
vt 0.383464 0.391330
vt 0.388319 0.402344
vt 0.393175 0.391330
vt 0.398031 0.402344
vt 0.393175 0.402344
vt 0.402886 0.391330
vt 0.398031 0.391330
vt 0.407742 0.402344
vt 0.402886 0.402344
vt 0.412598 0.402344
vt 0.407742 0.391330
vt 0.417453 0.391330
vt 0.412598 0.391330
vt 0.417453 0.402344
vt 0.422309 0.391330
vt 0.427165 0.402344
vt 0.422309 0.402344
vt 0.432020 0.391330
vt 0.427165 0.391330
vt 0.436876 0.402344
vt 0.432020 0.402344
vt 0.441732 0.402344
vt 0.436876 0.391330
vt 0.446587 0.391330
vt 0.441732 0.391330
vt 0.451443 0.402344
vt 0.446587 0.402344
vt 0.456299 0.402344
vt 0.451443 0.391330
vt 0.461155 0.391330
vt 0.456299 0.391330
vt 0.466010 0.402344
vt 0.461155 0.402344
vt 0.470866 0.402344
vt 0.466010 0.391330
vt 0.475722 0.391330
vt 0.470866 0.391330
vt 0.475722 0.402344
vt 0.480577 0.391330
vt 0.485433 0.402344
vt 0.480577 0.402344
vt 0.490289 0.391330
vt 0.485433 0.391330
vt 0.490289 0.402344
vt 0.495144 0.391330
vt 0.500000 0.402344
vt 0.495144 0.402344
vt 0.504856 0.391330
vt 0.500000 0.391330
vt 0.504856 0.402344
vt 0.509711 0.391330
vt 0.514567 0.402344
vt 0.509711 0.402344
vt 0.519423 0.391330
vt 0.514567 0.391330
vt 0.524278 0.402344
vt 0.519423 0.402344
vt 0.529134 0.402344
vt 0.524278 0.391330
vt 0.533990 0.391330
vt 0.529134 0.391330
vt 0.533990 0.402344
vt 0.538845 0.391330
vt 0.543701 0.402344
vt 0.538845 0.402344
vt 0.548557 0.391330
vt 0.543701 0.391330
vt 0.548557 0.402344
vt 0.553413 0.391330
vt 0.558268 0.402344
vt 0.553413 0.402344
vt 0.563124 0.391330
vt 0.558268 0.391330
vt 0.563124 0.402344
vt 0.567980 0.391330
vt 0.572835 0.402344
vt 0.567980 0.402344
vt 0.577691 0.391330
vt 0.572835 0.391330
vt 0.582547 0.402344
vt 0.577691 0.402344
vt 0.587402 0.402344
vt 0.582547 0.391330
vt 0.592258 0.391330
vt 0.587402 0.391330
vt 0.592258 0.402344
vt 0.597114 0.391330
vt 0.601969 0.402344
vt 0.597114 0.402344
vt 0.606825 0.391330
vt 0.601969 0.391330
vt 0.611681 0.402344
vt 0.606825 0.402344
vt 0.616536 0.402344
vt 0.611681 0.391330
vt 0.621392 0.391330
vt 0.616536 0.391330
vt 0.626248 0.402344
vt 0.621392 0.402344
vt 0.631104 0.402344
vt 0.626248 0.391330
vt 0.635959 0.391330
vt 0.631104 0.391330
vt 0.635959 0.402344
vt 0.640815 0.391330
vt 0.645671 0.402344
vt 0.640815 0.402344
vt 0.650526 0.391330
vt 0.645671 0.391330
vt 0.655382 0.402344
vt 0.650526 0.402344
vt 0.660238 0.402344
vt 0.655382 0.391330
vt 0.665093 0.391330
vt 0.660238 0.391330
vt 0.669949 0.402344
vt 0.665093 0.402344
vt 0.674805 0.402344
vt 0.669949 0.391330
vt 0.679660 0.391330
vt 0.674805 0.391330
vt 0.679660 0.402344
vt 0.684516 0.391330
vt 0.689372 0.402344
vt 0.684516 0.402344
vt 0.694227 0.391330
vt 0.689372 0.391330
vt 0.694227 0.402344
vt 0.699083 0.391330
vt 0.703939 0.402344
vt 0.699083 0.402344
vt 0.708794 0.391330
vt 0.703939 0.391330
vt 0.708794 0.402344
vt 0.713650 0.391330
vt 0.718506 0.402344
vt 0.713650 0.402344
vt 0.723362 0.391330
vt 0.718506 0.391330
vt 0.728217 0.402344
vt 0.723362 0.402344
vt 0.733073 0.402344
vt 0.728217 0.391330
vt 0.737929 0.391330
vt 0.733073 0.391330
vt 0.742784 0.402344
vt 0.737929 0.402344
vt 0.747640 0.402344
vt 0.742784 0.391330
vt 0.752496 0.391330
vt 0.747640 0.391330
vt 0.757351 0.402344
vt 0.752496 0.402344
vt 0.762207 0.402344
vt 0.757351 0.391330
vt 0.767063 0.391330
vt 0.762207 0.391330
vt 0.771918 0.402344
vt 0.767063 0.402344
vt 0.776774 0.402344
vt 0.771918 0.391330
vt 0.781630 0.391330
vt 0.776774 0.391330
vt 0.786485 0.402344
vt 0.781630 0.402344
vt 0.791341 0.402344
vt 0.786485 0.391330
vt 0.796197 0.391330
vt 0.791341 0.391330
vt 0.796197 0.402344
vt 0.801053 0.391330
vt 0.805908 0.402344
vt 0.801053 0.402344
vt 0.810764 0.391330
vt 0.805908 0.391330
vt 0.810764 0.402344
vt 0.815620 0.391330
vt 0.820475 0.402344
vt 0.815620 0.402344
vt 0.825331 0.391330
vt 0.820475 0.391330
vt 0.830187 0.402344
vt 0.825331 0.402344
vt 0.835042 0.402344
vt 0.830187 0.391330
vt 0.839898 0.391330
vt 0.835042 0.391330
vt 0.839898 0.402344
vt 0.844754 0.391330
vt 0.849609 0.402344
vt 0.844754 0.402344
vt 0.854465 0.391330
vt 0.849609 0.391330
vt 0.854465 0.402344
vt 0.859321 0.391330
vt 0.864176 0.402344
vt 0.859321 0.402344
vt 0.869032 0.391330
vt 0.864176 0.391330
vt 0.873888 0.402344
vt 0.869032 0.402344
vt 0.878743 0.402344
vt 0.873888 0.391330
vt 0.883599 0.391330
vt 0.878743 0.391330
vt 0.883599 0.402344
vt 0.888455 0.391330
vt 0.893311 0.402344
vt 0.888455 0.402344
vt 0.898166 0.391330
vt 0.893311 0.391330
vt 0.903022 0.402344
vt 0.898166 0.402344
vt 0.907878 0.402344
vt 0.903022 0.391330
vt 0.912733 0.391330
vt 0.907878 0.391330
vt 0.917589 0.402344
vt 0.912733 0.402344
vt 0.922445 0.402344
vt 0.917589 0.391330
vt 0.927300 0.391330
vt 0.922445 0.391330
vt 0.932156 0.402344
vt 0.927300 0.402344
vt 0.937012 0.402344
vt 0.932156 0.391330
vt 0.941867 0.391330
vt 0.937012 0.391330
vt 0.941867 0.402344
vt 0.946723 0.391330
vt 0.951579 0.402344
vt 0.946723 0.402344
vt 0.956434 0.391330
vt 0.951579 0.391330
vt 0.956434 0.402344
vt 0.961290 0.391330
vt 0.966146 0.402344
vt 0.961290 0.402344
vt 0.033854 0.402344
vt 0.038710 0.391330
vt 0.033854 0.391330
vt 0.038710 0.402344
vt 0.043566 0.391330
vt 0.048421 0.402344
vt 0.043566 0.402344
vt 0.053277 0.391330
vt 0.048421 0.391330
vt 0.058133 0.402344
vt 0.053277 0.402344
vt 0.062988 0.402344
vt 0.058133 0.391330
vt 0.067844 0.391330
vt 0.062988 0.391330
vt 0.067844 0.402344
vt 0.072700 0.391330
vt 0.077555 0.402344
vt 0.072700 0.402344
vt 0.082411 0.391330
vt 0.077555 0.391330
vt 0.082411 0.402344
vt 0.087267 0.391330
vt 0.092122 0.402344
vt 0.087267 0.402344
vt 0.096978 0.391330
vt 0.092122 0.391330
vt 0.096978 0.402344
vt 0.101834 0.391330
vt 0.106689 0.402344
vt 0.101834 0.402344
vt 0.111545 0.391330
vt 0.106689 0.391330
vt 0.116401 0.402344
vt 0.111545 0.402344
vt 0.121257 0.402344
vt 0.116401 0.391330
vt 0.126112 0.391330
vt 0.121257 0.391330
vt 0.126112 0.402344
vt 0.130968 0.391330
vt 0.135824 0.402344
vt 0.130968 0.402344
vt 0.140679 0.391330
vt 0.135824 0.391330
vt 0.145535 0.402344
vt 0.140679 0.402344
vt 0.150391 0.402344
vt 0.145535 0.391330
vt 0.155246 0.391330
vt 0.150391 0.391330
vt 0.160102 0.402344
vt 0.155246 0.402344
vt 0.164958 0.402344
vt 0.160102 0.391330
vt 0.169813 0.391330
vt 0.164958 0.391330
vt 0.169813 0.402344
vt 0.174669 0.391330
vt 0.179525 0.402344
vt 0.174669 0.402344
vt 0.184380 0.391330
vt 0.179525 0.391330
vt 0.189236 0.402344
vt 0.184380 0.402344
vt 0.194092 0.402344
vt 0.189236 0.391330
vt 0.198947 0.391330
vt 0.194092 0.391330
vt 0.203803 0.402344
vt 0.198947 0.402344
vt 0.208659 0.402344
vt 0.203803 0.391330
vt 0.213515 0.391330
vt 0.208659 0.391330
vt 0.213515 0.402344
vt 0.218370 0.391330
vt 0.223226 0.402344
vt 0.218370 0.402344
vt 0.228082 0.391330
vt 0.223226 0.391330
vt 0.228082 0.402344
vt 0.232937 0.391330
vt 0.237793 0.402344
vt 0.232937 0.402344
vt 0.242649 0.391330
vt 0.237793 0.391330
vt 0.242649 0.402344
vt 0.247504 0.391330
vt 0.252360 0.402344
vt 0.247504 0.402344
vt 0.257216 0.391330
vt 0.252360 0.391330
vt 0.262071 0.402344
vt 0.257216 0.402344
vt 0.262071 0.391330
vt 0.698021 0.710291
vt 0.708763 0.703125
vt 0.698099 0.703125
vt 0.708428 0.718496
vt 0.708679 0.710815
vt 0.697396 0.724593
vt 0.697786 0.717450
vt 0.707423 0.733801
vt 0.708009 0.726161
vt 0.696149 0.738803
vt 0.696850 0.731713
vt 0.705752 0.748975
vt 0.706670 0.741409
vt 0.694285 0.752860
vt 0.695293 0.745854
vt 0.703424 0.763953
vt 0.704670 0.756492
vt 0.693124 0.759812
vt 0.702016 0.771348
vt 0.690350 0.773528
vt 0.691812 0.766704
vt 0.698721 0.785911
vt 0.700448 0.778670
vt 0.688740 0.780276
vt 0.696836 0.793063
vt 0.685084 0.793518
vt 0.686984 0.786942
vt 0.683041 0.799997
vt 0.694797 0.800119
vt 0.680858 0.806372
vt 0.692605 0.807072
vt 0.678537 0.812637
vt 0.690262 0.813912
vt 0.685136 0.827231
vt 0.687772 0.820635
vt 0.673491 0.824808
vt 0.676080 0.818784
vt 0.679440 0.840019
vt 0.682358 0.833695
vt 0.667925 0.836458
vt 0.670772 0.830701
vt 0.673198 0.852220
vt 0.676386 0.846196
vt 0.661864 0.847537
vt 0.664955 0.842072
vt 0.666438 0.863783
vt 0.669881 0.858084
vt 0.655332 0.857998
vt 0.658655 0.852848
vt 0.659188 0.874657
vt 0.662873 0.869309
vt 0.648358 0.867796
vt 0.651899 0.862982
vt 0.651480 0.884798
vt 0.655389 0.879822
vt 0.640972 0.876888
vt 0.644715 0.872432
vt 0.637134 0.881157
vt 0.647464 0.889579
vt 0.639130 0.898537
vt 0.643346 0.894160
vt 0.629189 0.889120
vt 0.633205 0.885236
vt 0.625091 0.892805
vt 0.634821 0.902704
vt 0.625942 0.910394
vt 0.630423 0.906658
vt 0.616664 0.899561
vt 0.620915 0.896286
vt 0.612345 0.902626
vt 0.621381 0.913908
vt 0.607961 0.905476
vt 0.616746 0.917196
vt 0.603517 0.908110
vt 0.612042 0.920255
vt 0.599019 0.910525
vt 0.607274 0.923081
vt 0.594469 0.912717
vt 0.602446 0.925672
vt 0.589875 0.914685
vt 0.597565 0.928025
vt 0.585240 0.916427
vt 0.592635 0.930136
vt 0.582650 0.933629
vt 0.587662 0.932005
vt 0.575869 0.919223
vt 0.580570 0.917940
vt 0.572534 0.936134
vt 0.577606 0.935005
vt 0.566395 0.921094
vt 0.571142 0.920275
vt 0.562331 0.937641
vt 0.567441 0.937013
vt 0.561633 0.921679
vt 0.557210 0.938019
vt 0.556861 0.922031
vt 0.552083 0.938145
vt 0.547306 0.922031
vt 0.552083 0.922148
vt 0.542533 0.921679
vt 0.546957 0.938019
vt 0.537771 0.921094
vt 0.541836 0.937641
vt 0.531633 0.936134
vt 0.536726 0.937013
vt 0.528298 0.919223
vt 0.533024 0.920275
vt 0.521517 0.933629
vt 0.526561 0.935005
vt 0.518927 0.916427
vt 0.523597 0.917940
vt 0.514292 0.914685
vt 0.516505 0.932005
vt 0.509697 0.912717
vt 0.511532 0.930136
vt 0.505148 0.910525
vt 0.506602 0.928025
vt 0.496893 0.923081
vt 0.501720 0.925672
vt 0.496206 0.905476
vt 0.500649 0.908110
vt 0.491822 0.902626
vt 0.492125 0.920255
vt 0.487502 0.899561
vt 0.487421 0.917196
vt 0.478225 0.910394
vt 0.482786 0.913908
vt 0.479076 0.892805
vt 0.483252 0.896286
vt 0.474977 0.889120
vt 0.473743 0.906658
vt 0.470961 0.885236
vt 0.469346 0.902704
vt 0.467032 0.881157
vt 0.465037 0.898537
vt 0.456703 0.889579
vt 0.460821 0.894160
vt 0.463195 0.876888
vt 0.452687 0.884798
vt 0.455809 0.867796
vt 0.459452 0.872432
vt 0.444978 0.874657
vt 0.448777 0.879822
vt 0.448835 0.857998
vt 0.452268 0.862982
vt 0.445512 0.852848
vt 0.441294 0.869309
vt 0.442303 0.847537
vt 0.437728 0.863783
vt 0.430968 0.852220
vt 0.434285 0.858084
vt 0.436241 0.836458
vt 0.439212 0.842072
vt 0.433395 0.830701
vt 0.427781 0.846196
vt 0.430676 0.824808
vt 0.424727 0.840019
vt 0.419031 0.827231
vt 0.421809 0.833695
vt 0.425630 0.812637
vt 0.428087 0.818784
vt 0.413904 0.813912
vt 0.416395 0.820635
vt 0.421126 0.799997
vt 0.423309 0.806372
vt 0.419083 0.793518
vt 0.411562 0.807072
vt 0.407330 0.793063
vt 0.409369 0.800119
vt 0.415426 0.780276
vt 0.417182 0.786942
vt 0.413817 0.773528
vt 0.405446 0.785911
vt 0.402150 0.771348
vt 0.403719 0.778670
vt 0.411043 0.759812
vt 0.412355 0.766704
vt 0.409882 0.752860
vt 0.400742 0.763953
vt 0.398414 0.748975
vt 0.399497 0.756492
vt 0.408018 0.738803
vt 0.408873 0.745854
vt 0.407317 0.731713
vt 0.397496 0.741409
vt 0.406771 0.724593
vt 0.396744 0.733801
vt 0.395739 0.718496
vt 0.396158 0.726161
vt 0.406146 0.710291
vt 0.406380 0.717450
vt 0.395404 0.703125
vt 0.395488 0.710815
vt 0.406146 0.695959
vt 0.406068 0.703125
vt 0.395739 0.687754
vt 0.395488 0.695435
vt 0.406771 0.681657
vt 0.406380 0.688800
vt 0.396744 0.672449
vt 0.396158 0.680089
vt 0.408018 0.667447
vt 0.407317 0.674537
vt 0.398414 0.657275
vt 0.397496 0.664841
vt 0.409882 0.653390
vt 0.408873 0.660396
vt 0.400742 0.642297
vt 0.399497 0.649758
vt 0.411043 0.646438
vt 0.402150 0.634902
vt 0.413817 0.632722
vt 0.412355 0.639546
vt 0.405446 0.620339
vt 0.403719 0.627580
vt 0.415426 0.625974
vt 0.407330 0.613187
vt 0.419083 0.612732
vt 0.417182 0.619308
vt 0.421126 0.606253
vt 0.409369 0.606131
vt 0.423309 0.599878
vt 0.411562 0.599178
vt 0.425630 0.593613
vt 0.413904 0.592338
vt 0.419031 0.579019
vt 0.416395 0.585615
vt 0.430676 0.581442
vt 0.428087 0.587466
vt 0.424727 0.566231
vt 0.421809 0.572555
vt 0.436241 0.569792
vt 0.433395 0.575549
vt 0.430968 0.554030
vt 0.427781 0.560054
vt 0.442303 0.558713
vt 0.439212 0.564178
vt 0.437728 0.542467
vt 0.434285 0.548166
vt 0.448835 0.548252
vt 0.445512 0.553402
vt 0.444978 0.531593
vt 0.441294 0.536941
vt 0.455809 0.538454
vt 0.452268 0.543268
vt 0.452687 0.521452
vt 0.448777 0.526428
vt 0.463195 0.529362
vt 0.459452 0.533818
vt 0.467032 0.525093
vt 0.456703 0.516671
vt 0.465037 0.507713
vt 0.460821 0.512090
vt 0.474977 0.517130
vt 0.470961 0.521014
vt 0.479076 0.513445
vt 0.469346 0.503546
vt 0.478225 0.495856
vt 0.473743 0.499592
vt 0.487502 0.506689
vt 0.483252 0.509964
vt 0.491822 0.503624
vt 0.482786 0.492342
vt 0.496206 0.500774
vt 0.487421 0.489054
vt 0.500649 0.498140
vt 0.492125 0.485995
vt 0.505148 0.495725
vt 0.496893 0.483169
vt 0.509697 0.493533
vt 0.501720 0.480578
vt 0.514292 0.491565
vt 0.506602 0.478225
vt 0.518927 0.489823
vt 0.511532 0.476114
vt 0.521517 0.472621
vt 0.516505 0.474245
vt 0.528298 0.487027
vt 0.523597 0.488310
vt 0.531633 0.470116
vt 0.526561 0.471245
vt 0.537771 0.485156
vt 0.533024 0.485975
vt 0.541836 0.468609
vt 0.536726 0.469237
vt 0.542533 0.484571
vt 0.546957 0.468231
vt 0.547306 0.484219
vt 0.552083 0.468105
vt 0.556861 0.484219
vt 0.552083 0.484102
vt 0.561633 0.484571
vt 0.557210 0.468231
vt 0.566395 0.485156
vt 0.562331 0.468609
vt 0.572534 0.470116
vt 0.567441 0.469237
vt 0.575869 0.487027
vt 0.571142 0.485975
vt 0.582650 0.472621
vt 0.577606 0.471245
vt 0.585240 0.489823
vt 0.580570 0.488310
vt 0.589875 0.491565
vt 0.587662 0.474245
vt 0.594469 0.493533
vt 0.592635 0.476114
vt 0.599019 0.495725
vt 0.597565 0.478225
vt 0.607274 0.483169
vt 0.602446 0.480578
vt 0.607961 0.500774
vt 0.603517 0.498140
vt 0.612345 0.503624
vt 0.612042 0.485995
vt 0.616664 0.506689
vt 0.616746 0.489054
vt 0.625942 0.495856
vt 0.621381 0.492342
vt 0.625091 0.513445
vt 0.620915 0.509964
vt 0.629189 0.517130
vt 0.630423 0.499592
vt 0.633205 0.521014
vt 0.634821 0.503546
vt 0.637134 0.525093
vt 0.639130 0.507713
vt 0.647464 0.516671
vt 0.643346 0.512090
vt 0.640972 0.529362
vt 0.651480 0.521452
vt 0.648358 0.538454
vt 0.644715 0.533818
vt 0.659188 0.531593
vt 0.655389 0.526428
vt 0.655332 0.548252
vt 0.651899 0.543268
vt 0.658655 0.553402
vt 0.662873 0.536941
vt 0.661864 0.558713
vt 0.666438 0.542467
vt 0.673198 0.554030
vt 0.669881 0.548166
vt 0.667925 0.569792
vt 0.664955 0.564178
vt 0.670772 0.575549
vt 0.676386 0.560054
vt 0.673491 0.581442
vt 0.679440 0.566231
vt 0.685136 0.579019
vt 0.682358 0.572555
vt 0.678537 0.593613
vt 0.676080 0.587466
vt 0.690262 0.592338
vt 0.687772 0.585615
vt 0.683041 0.606253
vt 0.680858 0.599878
vt 0.685084 0.612732
vt 0.692605 0.599178
vt 0.696836 0.613187
vt 0.694797 0.606131
vt 0.688740 0.625974
vt 0.686984 0.619308
vt 0.690350 0.632722
vt 0.698721 0.620339
vt 0.702016 0.634902
vt 0.700448 0.627580
vt 0.693124 0.646438
vt 0.691812 0.639546
vt 0.694285 0.653390
vt 0.703424 0.642297
vt 0.705752 0.657275
vt 0.704670 0.649758
vt 0.696149 0.667447
vt 0.695293 0.660396
vt 0.696850 0.674537
vt 0.706670 0.664841
vt 0.697396 0.681657
vt 0.707423 0.672449
vt 0.708428 0.687754
vt 0.708009 0.680089
vt 0.698021 0.695959
vt 0.697786 0.688800
vt 0.708679 0.695435
vt 0.552083 0.703125
vt 0.966146 0.270779
vt 0.966146 0.069238
vt 0.966146 0.391330
s 0
g A_ClosedCoinRaisedRimAnd64EdgeReeds.001_verdigris_coin_coin_front
usemtl verdigris_coin_coin_front
f 2/1/1 3/2/1 1/3/1
f 3/2/1 4/4/1 1/3/1
f 4/4/1 5/5/1 1/3/1
f 5/5/1 6/6/1 1/3/1
f 6/6/1 7/7/1 1/3/1
f 7/7/1 8/8/1 1/3/1
f 8/8/1 9/9/1 1/3/1
f 9/9/1 10/10/1 1/3/1
f 10/10/1 11/11/1 1/3/1
f 11/11/1 12/12/1 1/3/1
f 12/12/1 13/13/1 1/3/1
f 13/13/1 14/14/1 1/3/1
f 14/14/1 15/15/1 1/3/1
f 15/15/1 16/16/1 1/3/1
f 16/16/1 17/17/1 1/3/1
f 17/17/1 18/18/1 1/3/1
f 18/18/1 19/19/1 1/3/1
f 19/19/1 20/20/1 1/3/1
f 20/20/1 21/21/1 1/3/1
f 21/21/1 22/22/1 1/3/1
f 22/22/1 23/23/1 1/3/1
f 23/23/1 24/24/1 1/3/1
f 24/24/1 25/25/1 1/3/1
f 25/25/1 26/26/1 1/3/1
f 26/26/1 27/27/1 1/3/1
f 27/27/1 28/28/1 1/3/1
f 28/28/1 29/29/1 1/3/1
f 29/29/1 30/30/1 1/3/1
f 30/30/1 31/31/1 1/3/1
f 31/31/1 32/32/1 1/3/1
f 32/32/1 33/33/1 1/3/1
f 33/33/1 34/34/1 1/3/1
f 34/34/1 35/35/1 1/3/1
f 35/35/1 36/36/1 1/3/1
f 36/36/1 37/37/1 1/3/1
f 37/37/1 38/38/1 1/3/1
f 38/38/1 39/39/1 1/3/1
f 39/39/1 40/40/1 1/3/1
f 40/40/1 41/41/1 1/3/1
f 41/41/1 42/42/1 1/3/1
f 42/42/1 43/43/1 1/3/1
f 43/43/1 44/44/1 1/3/1
f 44/44/1 45/45/1 1/3/1
f 45/45/1 46/46/1 1/3/1
f 46/46/1 47/47/1 1/3/1
f 47/47/1 48/48/1 1/3/1
f 48/48/1 49/49/1 1/3/1
f 49/49/1 50/50/1 1/3/1
f 50/50/1 51/51/1 1/3/1
f 51/51/1 52/52/1 1/3/1
f 52/52/1 53/53/1 1/3/1
f 53/53/1 54/54/1 1/3/1
f 54/54/1 55/55/1 1/3/1
f 55/55/1 56/56/1 1/3/1
f 56/56/1 57/57/1 1/3/1
f 57/57/1 58/58/1 1/3/1
f 58/58/1 59/59/1 1/3/1
f 59/59/1 60/60/1 1/3/1
f 60/60/1 61/61/1 1/3/1
f 61/61/1 62/62/1 1/3/1
f 62/62/1 63/63/1 1/3/1
f 63/63/1 64/64/1 1/3/1
f 64/64/1 65/65/1 1/3/1
f 65/65/1 66/66/1 1/3/1
f 66/66/1 67/67/1 1/3/1
f 67/67/1 68/68/1 1/3/1
f 68/68/1 69/69/1 1/3/1
f 69/69/1 70/70/1 1/3/1
f 70/70/1 71/71/1 1/3/1
f 71/71/1 72/72/1 1/3/1
f 72/72/1 73/73/1 1/3/1
f 73/73/1 74/74/1 1/3/1
f 74/74/1 75/75/1 1/3/1
f 75/75/1 76/76/1 1/3/1
f 76/76/1 77/77/1 1/3/1
f 77/77/1 78/78/1 1/3/1
f 78/78/1 79/79/1 1/3/1
f 79/79/1 80/80/1 1/3/1
f 80/80/1 81/81/1 1/3/1
f 81/81/1 82/82/1 1/3/1
f 82/82/1 83/83/1 1/3/1
f 83/83/1 84/84/1 1/3/1
f 84/84/1 85/85/1 1/3/1
f 85/85/1 86/86/1 1/3/1
f 86/86/1 87/87/1 1/3/1
f 87/87/1 88/88/1 1/3/1
f 88/88/1 89/89/1 1/3/1
f 89/89/1 90/90/1 1/3/1
f 90/90/1 91/91/1 1/3/1
f 91/91/1 92/92/1 1/3/1
f 92/92/1 93/93/1 1/3/1
f 93/93/1 94/94/1 1/3/1
f 94/94/1 95/95/1 1/3/1
f 95/95/1 96/96/1 1/3/1
f 96/96/1 97/97/1 1/3/1
f 97/97/1 98/98/1 1/3/1
f 98/98/1 99/99/1 1/3/1
f 99/99/1 100/100/1 1/3/1
f 100/100/1 101/101/1 1/3/1
f 101/101/1 102/102/1 1/3/1
f 102/102/1 103/103/1 1/3/1
f 103/103/1 104/104/1 1/3/1
f 104/104/1 105/105/1 1/3/1
f 105/105/1 106/106/1 1/3/1
f 106/106/1 107/107/1 1/3/1
f 107/107/1 108/108/1 1/3/1
f 108/108/1 109/109/1 1/3/1
f 109/109/1 110/110/1 1/3/1
f 110/110/1 111/111/1 1/3/1
f 111/111/1 112/112/1 1/3/1
f 112/112/1 113/113/1 1/3/1
f 113/113/1 114/114/1 1/3/1
f 114/114/1 115/115/1 1/3/1
f 115/115/1 116/116/1 1/3/1
f 116/116/1 117/117/1 1/3/1
f 117/117/1 118/118/1 1/3/1
f 118/118/1 119/119/1 1/3/1
f 119/119/1 120/120/1 1/3/1
f 120/120/1 121/121/1 1/3/1
f 121/121/1 122/122/1 1/3/1
f 122/122/1 123/123/1 1/3/1
f 123/123/1 124/124/1 1/3/1
f 124/124/1 125/125/1 1/3/1
f 125/125/1 126/126/1 1/3/1
f 126/126/1 127/127/1 1/3/1
f 127/127/1 128/128/1 1/3/1
f 128/128/1 129/129/1 1/3/1
f 129/129/1 130/130/1 1/3/1
f 130/130/1 131/131/1 1/3/1
f 131/131/1 132/132/1 1/3/1
f 132/132/1 133/133/1 1/3/1
f 133/133/1 134/134/1 1/3/1
f 134/134/1 135/135/1 1/3/1
f 135/135/1 136/136/1 1/3/1
f 136/136/1 137/137/1 1/3/1
f 137/137/1 138/138/1 1/3/1
f 138/138/1 139/139/1 1/3/1
f 139/139/1 140/140/1 1/3/1
f 140/140/1 141/141/1 1/3/1
f 141/141/1 142/142/1 1/3/1
f 142/142/1 143/143/1 1/3/1
f 143/143/1 144/144/1 1/3/1
f 144/144/1 145/145/1 1/3/1
f 145/145/1 146/146/1 1/3/1
f 146/146/1 147/147/1 1/3/1
f 147/147/1 148/148/1 1/3/1
f 148/148/1 149/149/1 1/3/1
f 149/149/1 150/150/1 1/3/1
f 150/150/1 151/151/1 1/3/1
f 151/151/1 152/152/1 1/3/1
f 152/152/1 153/153/1 1/3/1
f 153/153/1 154/154/1 1/3/1
f 154/154/1 155/155/1 1/3/1
f 155/155/1 156/156/1 1/3/1
f 156/156/1 157/157/1 1/3/1
f 157/157/1 158/158/1 1/3/1
f 158/158/1 159/159/1 1/3/1
f 159/159/1 160/160/1 1/3/1
f 160/160/1 161/161/1 1/3/1
f 161/161/1 162/162/1 1/3/1
f 162/162/1 163/163/1 1/3/1
f 163/163/1 164/164/1 1/3/1
f 164/164/1 165/165/1 1/3/1
f 165/165/1 166/166/1 1/3/1
f 166/166/1 167/167/1 1/3/1
f 167/167/1 168/168/1 1/3/1
f 168/168/1 169/169/1 1/3/1
f 169/169/1 170/170/1 1/3/1
f 170/170/1 171/171/1 1/3/1
f 171/171/1 172/172/1 1/3/1
f 172/172/1 173/173/1 1/3/1
f 173/173/1 174/174/1 1/3/1
f 174/174/1 175/175/1 1/3/1
f 175/175/1 176/176/1 1/3/1
f 176/176/1 177/177/1 1/3/1
f 177/177/1 178/178/1 1/3/1
f 178/178/1 179/179/1 1/3/1
f 179/179/1 180/180/1 1/3/1
f 180/180/1 181/181/1 1/3/1
f 181/181/1 182/182/1 1/3/1
f 182/182/1 183/183/1 1/3/1
f 183/183/1 184/184/1 1/3/1
f 184/184/1 185/185/1 1/3/1
f 185/185/1 186/186/1 1/3/1
f 186/186/1 187/187/1 1/3/1
f 187/187/1 188/188/1 1/3/1
f 188/188/1 189/189/1 1/3/1
f 189/189/1 190/190/1 1/3/1
f 190/190/1 191/191/1 1/3/1
f 191/191/1 192/192/1 1/3/1
f 192/192/1 193/193/1 1/3/1
f 193/193/1 2/1/1 1/3/1
f 194/194/2 3/2/2 2/1/2
f 196/195/3 3/2/3 195/196/3
f 196/195/4 5/5/4 4/4/4
f 198/197/5 5/5/5 197/198/5
f 199/199/6 6/6/6 198/197/6
f 200/200/7 7/7/7 199/199/7
f 200/200/8 9/9/8 8/8/8
f 202/201/9 9/9/9 201/202/9
f 203/203/10 10/10/10 202/201/10
f 203/203/11 12/12/11 11/11/11
f 205/204/12 12/12/12 204/205/12
f 206/206/13 13/13/13 205/204/13
f 206/206/14 15/15/14 14/14/14
f 208/207/15 15/15/15 207/208/15
f 208/207/16 17/17/16 16/16/16
f 209/209/17 18/18/17 17/17/17
f 211/210/18 18/18/18 210/211/18
f 211/210/19 20/20/19 19/19/19
f 213/212/20 20/20/20 212/213/20
f 214/214/21 21/21/21 213/212/21
f 215/215/22 22/22/22 214/214/22
f 215/215/23 24/24/23 23/23/23
f 217/216/24 24/24/24 216/217/24
f 218/218/25 25/25/25 217/216/25
f 219/219/26 26/26/26 218/218/26
f 219/219/27 28/28/27 27/27/27
f 221/220/28 28/28/28 220/221/28
f 221/220/29 30/30/29 29/29/29
f 222/222/30 31/31/30 30/30/30
f 224/223/31 31/31/31 223/224/31
f 224/223/32 33/33/32 32/32/32
f 226/225/33 33/33/33 225/226/33
f 227/227/34 34/34/34 226/225/34
f 227/227/35 36/36/35 35/35/35
f 229/228/36 36/36/36 228/229/36
f 230/230/37 37/37/37 229/228/37
f 231/231/38 38/38/38 230/230/38
f 231/231/39 40/40/39 39/39/39
f 233/232/40 40/40/40 232/233/40
f 234/234/41 41/41/41 233/232/41
f 235/235/42 42/42/42 234/234/42
f 236/236/43 43/43/43 235/235/43
f 236/236/44 45/45/44 44/44/44
f 238/237/45 45/45/45 237/238/45
f 238/237/46 47/47/46 46/46/46
f 240/239/47 47/47/47 239/240/47
f 241/241/48 48/48/48 240/239/48
f 242/242/49 49/49/49 241/241/49
f 242/242/50 51/51/50 50/50/50
f 243/243/51 52/52/51 51/51/51
f 244/244/52 53/53/52 52/52/52
f 246/245/53 53/53/53 245/246/53
f 246/245/54 55/55/54 54/54/54
f 248/247/55 55/55/55 247/248/55
f 248/247/56 57/57/56 56/56/56
f 250/249/57 57/57/57 249/250/57
f 250/249/58 59/59/58 58/58/58
f 251/251/59 60/60/59 59/59/59
f 253/252/60 60/60/60 252/253/60
f 254/254/61 61/61/61 253/252/61
f 255/255/62 62/62/62 254/254/62
f 256/256/63 63/63/63 255/255/63
f 257/257/64 64/64/64 256/256/64
f 257/257/65 66/66/65 65/65/65
f 259/258/66 66/66/66 258/259/66
f 260/260/67 67/67/67 259/258/67
f 260/260/68 69/69/68 68/68/68
f 262/261/69 69/69/69 261/262/69
f 263/263/70 70/70/70 262/261/70
f 263/263/71 72/72/71 71/71/71
f 265/264/72 72/72/72 264/265/72
f 265/264/73 74/74/73 73/73/73
f 266/266/74 75/75/74 74/74/74
f 267/267/75 76/76/75 75/75/75
f 269/268/76 76/76/76 268/269/76
f 269/268/77 78/78/77 77/77/77
f 271/270/78 78/78/78 270/271/78
f 271/270/79 80/80/79 79/79/79
f 273/272/80 80/80/80 272/273/80
f 273/272/81 82/82/81 81/81/81
f 275/274/82 82/82/82 274/275/82
f 276/276/83 83/83/83 275/274/83
f 277/277/84 84/84/84 276/276/84
f 278/278/85 85/85/85 277/277/85
f 278/278/86 87/87/86 86/86/86
f 280/279/87 87/87/87 279/280/87
f 281/281/88 88/88/88 280/279/88
f 281/281/89 90/90/89 89/89/89
f 282/282/90 91/91/90 90/90/90
f 284/283/91 91/91/91 283/284/91
f 284/283/92 93/93/92 92/92/92
f 286/285/93 93/93/93 285/286/93
f 286/285/94 95/95/94 94/94/94
f 288/287/95 95/95/95 287/288/95
f 288/287/96 97/97/96 96/96/96
f 290/289/97 97/97/97 289/290/97
f 290/289/98 99/99/98 98/98/98
f 292/291/99 99/99/99 291/292/99
f 292/291/100 101/101/100 100/100/100
f 294/293/101 101/101/101 293/294/101
f 295/295/102 102/102/102 294/293/102
f 296/296/103 103/103/103 295/295/103
f 296/296/104 105/105/104 104/104/104
f 298/297/105 105/105/105 297/298/105
f 299/299/106 106/106/106 298/297/106
f 299/299/107 108/108/107 107/107/107
f 301/300/108 108/108/108 300/301/108
f 302/302/109 109/109/109 301/300/109
f 302/302/110 111/111/110 110/110/110
f 304/303/111 111/111/111 303/304/111
f 304/303/112 113/113/112 112/112/112
f 305/305/113 114/114/113 113/113/113
f 307/306/114 114/114/114 306/307/114
f 307/306/115 116/116/115 115/115/115
f 309/308/116 116/116/116 308/309/116
f 310/310/117 117/117/117 309/308/117
f 311/311/118 118/118/118 310/310/118
f 311/311/119 120/120/119 119/119/119
f 313/312/120 120/120/120 312/313/120
f 314/314/121 121/121/121 313/312/121
f 315/315/122 122/122/122 314/314/122
f 315/315/123 124/124/123 123/123/123
f 317/316/124 124/124/124 316/317/124
f 317/316/125 126/126/125 125/125/125
f 318/318/126 127/127/126 126/126/126
f 320/319/127 127/127/127 319/320/127
f 320/319/128 129/129/128 128/128/128
f 322/321/129 129/129/129 321/322/129
f 323/323/130 130/130/130 322/321/130
f 323/323/131 132/132/131 131/131/131
f 325/324/132 132/132/132 324/325/132
f 326/326/133 133/133/133 325/324/133
f 327/327/134 134/134/134 326/326/134
f 327/327/135 136/136/135 135/135/135
f 329/328/136 136/136/136 328/329/136
f 330/330/137 137/137/137 329/328/137
f 331/331/138 138/138/138 330/330/138
f 332/332/139 139/139/139 331/331/139
f 332/332/140 141/141/140 140/140/140
f 334/333/141 141/141/141 333/334/141
f 334/333/142 143/143/142 142/142/142
f 336/335/143 143/143/143 335/336/143
f 337/337/144 144/144/144 336/335/144
f 338/338/145 145/145/145 337/337/145
f 338/338/146 147/147/146 146/146/146
f 339/339/147 148/148/147 147/147/147
f 340/340/148 149/149/148 148/148/148
f 342/341/149 149/149/149 341/342/149
f 342/341/150 151/151/150 150/150/150
f 344/343/151 151/151/151 343/344/151
f 344/343/152 153/153/152 152/152/152
f 346/345/153 153/153/153 345/346/153
f 346/345/154 155/155/154 154/154/154
f 347/347/155 156/156/155 155/155/155
f 349/348/156 156/156/156 348/349/156
f 350/350/157 157/157/157 349/348/157
f 351/351/158 158/158/158 350/350/158
f 352/352/159 159/159/159 351/351/159
f 353/353/160 160/160/160 352/352/160
f 353/353/161 162/162/161 161/161/161
f 355/354/162 162/162/162 354/355/162
f 356/356/163 163/163/163 355/354/163
f 356/356/164 165/165/164 164/164/164
f 358/357/165 165/165/165 357/358/165
f 359/359/166 166/166/166 358/357/166
f 359/359/167 168/168/167 167/167/167
f 361/360/168 168/168/168 360/361/168
f 361/360/169 170/170/169 169/169/169
f 362/362/170 171/171/170 170/170/170
f 363/363/171 172/172/171 171/171/171
f 365/364/172 172/172/172 364/365/172
f 365/364/173 174/174/173 173/173/173
f 367/366/174 174/174/174 366/367/174
f 367/366/175 176/176/175 175/175/175
f 369/368/176 176/176/176 368/369/176
f 369/368/177 178/178/177 177/177/177
f 371/370/178 178/178/178 370/371/178
f 372/372/179 179/179/179 371/370/179
f 373/373/180 180/180/180 372/372/180
f 374/374/181 181/181/181 373/373/181
f 374/374/182 183/183/182 182/182/182
f 376/375/183 183/183/183 375/376/183
f 377/377/184 184/184/184 376/375/184
f 377/377/185 186/186/185 185/185/185
f 378/378/186 187/187/186 186/186/186
f 380/379/187 187/187/187 379/380/187
f 380/379/188 189/189/188 188/188/188
f 382/381/189 189/189/189 381/382/189
f 382/381/190 191/191/190 190/190/190
f 384/383/191 191/191/191 383/384/191
f 384/383/192 193/193/192 192/192/192
f 194/194/193 193/193/193 385/385/193
f 194/194/2 195/196/2 3/2/2
f 196/195/3 4/4/3 3/2/3
f 196/195/4 197/198/4 5/5/4
f 198/197/5 6/6/5 5/5/5
f 199/199/6 7/7/6 6/6/6
f 200/200/7 8/8/7 7/7/7
f 200/200/8 201/202/8 9/9/8
f 202/201/9 10/10/9 9/9/9
f 203/203/10 11/11/10 10/10/10
f 203/203/11 204/205/11 12/12/11
f 205/204/12 13/13/12 12/12/12
f 206/206/13 14/14/13 13/13/13
f 206/206/14 207/208/14 15/15/14
f 208/207/15 16/16/15 15/15/15
f 208/207/16 209/209/16 17/17/16
f 209/209/17 210/211/17 18/18/17
f 211/210/18 19/19/18 18/18/18
f 211/210/19 212/213/19 20/20/19
f 213/212/20 21/21/20 20/20/20
f 214/214/21 22/22/21 21/21/21
f 215/215/22 23/23/22 22/22/22
f 215/215/23 216/217/23 24/24/23
f 217/216/24 25/25/24 24/24/24
f 218/218/25 26/26/25 25/25/25
f 219/219/26 27/27/26 26/26/26
f 219/219/27 220/221/27 28/28/27
f 221/220/28 29/29/28 28/28/28
f 221/220/29 222/222/29 30/30/29
f 222/222/30 223/224/30 31/31/30
f 224/223/31 32/32/31 31/31/31
f 224/223/32 225/226/32 33/33/32
f 226/225/33 34/34/33 33/33/33
f 227/227/34 35/35/34 34/34/34
f 227/227/35 228/229/35 36/36/35
f 229/228/36 37/37/36 36/36/36
f 230/230/37 38/38/37 37/37/37
f 231/231/38 39/39/38 38/38/38
f 231/231/39 232/233/39 40/40/39
f 233/232/40 41/41/40 40/40/40
f 234/234/41 42/42/41 41/41/41
f 235/235/42 43/43/42 42/42/42
f 236/236/43 44/44/43 43/43/43
f 236/236/44 237/238/44 45/45/44
f 238/237/45 46/46/45 45/45/45
f 238/237/46 239/240/46 47/47/46
f 240/239/1347 48/48/1347 47/47/1347
f 241/241/48 49/49/48 48/48/48
f 242/242/49 50/50/49 49/49/49
f 242/242/50 243/243/50 51/51/50
f 243/243/51 244/244/51 52/52/51
f 244/244/1348 245/246/1348 53/53/1348
f 246/245/53 54/54/53 53/53/53
f 246/245/54 247/248/54 55/55/54
f 248/247/55 56/56/55 55/55/55
f 248/247/56 249/250/56 57/57/56
f 250/249/57 58/58/57 57/57/57
f 250/249/58 251/251/58 59/59/58
f 251/251/59 252/253/59 60/60/59
f 253/252/60 61/61/60 60/60/60
f 254/254/61 62/62/61 61/61/61
f 255/255/62 63/63/62 62/62/62
f 256/256/63 64/64/63 63/63/63
f 257/257/64 65/65/64 64/64/64
f 257/257/65 258/259/65 66/66/65
f 259/258/66 67/67/66 66/66/66
f 260/260/67 68/68/67 67/67/67
f 260/260/68 261/262/68 69/69/68
f 262/261/69 70/70/69 69/69/69
f 263/263/70 71/71/70 70/70/70
f 263/263/71 264/265/71 72/72/71
f 265/264/72 73/73/72 72/72/72
f 265/264/73 266/266/73 74/74/73
f 266/266/74 267/267/74 75/75/74
f 267/267/75 268/269/75 76/76/75
f 269/268/76 77/77/76 76/76/76
f 269/268/77 270/271/77 78/78/77
f 271/270/78 79/79/78 78/78/78
f 271/270/79 272/273/79 80/80/79
f 273/272/80 81/81/80 80/80/80
f 273/272/81 274/275/81 82/82/81
f 275/274/82 83/83/82 82/82/82
f 276/276/83 84/84/83 83/83/83
f 277/277/84 85/85/84 84/84/84
f 278/278/85 86/86/85 85/85/85
f 278/278/86 279/280/86 87/87/86
f 280/279/87 88/88/87 87/87/87
f 281/281/88 89/89/88 88/88/88
f 281/281/89 282/282/89 90/90/89
f 282/282/90 283/284/90 91/91/90
f 284/283/91 92/92/91 91/91/91
f 284/283/92 285/286/92 93/93/92
f 286/285/93 94/94/93 93/93/93
f 286/285/94 287/288/94 95/95/94
f 288/287/95 96/96/95 95/95/95
f 288/287/96 289/290/96 97/97/96
f 290/289/97 98/98/97 97/97/97
f 290/289/98 291/292/98 99/99/98
f 292/291/99 100/100/99 99/99/99
f 292/291/100 293/294/100 101/101/100
f 294/293/101 102/102/101 101/101/101
f 295/295/102 103/103/102 102/102/102
f 296/296/103 104/104/103 103/103/103
f 296/296/104 297/298/104 105/105/104
f 298/297/105 106/106/105 105/105/105
f 299/299/106 107/107/106 106/106/106
f 299/299/107 300/301/107 108/108/107
f 301/300/108 109/109/108 108/108/108
f 302/302/109 110/110/109 109/109/109
f 302/302/110 303/304/110 111/111/110
f 304/303/111 112/112/111 111/111/111
f 304/303/112 305/305/112 113/113/112
f 305/305/113 306/307/113 114/114/113
f 307/306/114 115/115/114 114/114/114
f 307/306/115 308/309/115 116/116/115
f 309/308/116 117/117/116 116/116/116
f 310/310/117 118/118/117 117/117/117
f 311/311/118 119/119/118 118/118/118
f 311/311/119 312/313/119 120/120/119
f 313/312/120 121/121/120 120/120/120
f 314/314/121 122/122/121 121/121/121
f 315/315/122 123/123/122 122/122/122
f 315/315/123 316/317/123 124/124/123
f 317/316/124 125/125/124 124/124/124
f 317/316/125 318/318/125 126/126/125
f 318/318/126 319/320/126 127/127/126
f 320/319/127 128/128/127 127/127/127
f 320/319/128 321/322/128 129/129/128
f 322/321/129 130/130/129 129/129/129
f 323/323/130 131/131/130 130/130/130
f 323/323/131 324/325/131 132/132/131
f 325/324/132 133/133/132 132/132/132
f 326/326/133 134/134/133 133/133/133
f 327/327/134 135/135/134 134/134/134
f 327/327/135 328/329/135 136/136/135
f 329/328/136 137/137/136 136/136/136
f 330/330/137 138/138/137 137/137/137
f 331/331/138 139/139/138 138/138/138
f 332/332/139 140/140/139 139/139/139
f 332/332/140 333/334/140 141/141/140
f 334/333/141 142/142/141 141/141/141
f 334/333/142 335/336/142 143/143/142
f 336/335/1349 144/144/1349 143/143/1349
f 337/337/144 145/145/144 144/144/144
f 338/338/145 146/146/145 145/145/145
f 338/338/146 339/339/146 147/147/146
f 339/339/147 340/340/147 148/148/147
f 340/340/1350 341/342/1350 149/149/1350
f 342/341/149 150/150/149 149/149/149
f 342/341/150 343/344/150 151/151/150
f 344/343/151 152/152/151 151/151/151
f 344/343/152 345/346/152 153/153/152
f 346/345/153 154/154/153 153/153/153
f 346/345/154 347/347/154 155/155/154
f 347/347/155 348/349/155 156/156/155
f 349/348/156 157/157/156 156/156/156
f 350/350/157 158/158/157 157/157/157
f 351/351/158 159/159/158 158/158/158
f 352/352/159 160/160/159 159/159/159
f 353/353/160 161/161/160 160/160/160
f 353/353/161 354/355/161 162/162/161
f 355/354/162 163/163/162 162/162/162
f 356/356/163 164/164/163 163/163/163
f 356/356/164 357/358/164 165/165/164
f 358/357/165 166/166/165 165/165/165
f 359/359/166 167/167/166 166/166/166
f 359/359/167 360/361/167 168/168/167
f 361/360/168 169/169/168 168/168/168
f 361/360/169 362/362/169 170/170/169
f 362/362/170 363/363/170 171/171/170
f 363/363/171 364/365/171 172/172/171
f 365/364/172 173/173/172 172/172/172
f 365/364/173 366/367/173 174/174/173
f 367/366/174 175/175/174 174/174/174
f 367/366/175 368/369/175 176/176/175
f 369/368/176 177/177/176 176/176/176
f 369/368/177 370/371/177 178/178/177
f 371/370/178 179/179/178 178/178/178
f 372/372/179 180/180/179 179/179/179
f 373/373/180 181/181/180 180/180/180
f 374/374/181 182/182/181 181/181/181
f 374/374/182 375/376/182 183/183/182
f 376/375/183 184/184/183 183/183/183
f 377/377/184 185/185/184 184/184/184
f 377/377/185 378/378/185 186/186/185
f 378/378/186 379/380/186 187/187/186
f 380/379/187 188/188/187 187/187/187
f 380/379/188 381/382/188 189/189/188
f 382/381/189 190/190/189 189/189/189
f 382/381/190 383/384/190 191/191/190
f 384/383/191 192/192/191 191/191/191
f 384/383/192 385/385/192 193/193/192
f 194/194/193 2/1/193 193/193/193
g A_ClosedCoinRaisedRimAnd64EdgeReeds.001_verdigris_coin_coin_back
usemtl verdigris_coin_coin_back
f 963/1541/1154 770/1542/1154 962/1543/1154
f 963/1541/1155 772/1544/1155 771/1545/1155
f 965/1546/1156 772/1544/1156 964/1547/1156
f 965/1546/1157 774/1548/1157 773/1549/1157
f 967/1550/1158 774/1548/1158 966/1551/1158
f 967/1550/1159 776/1552/1159 775/1553/1159
f 969/1554/1160 776/1552/1160 968/1555/1160
f 969/1554/1161 778/1556/1161 777/1557/1161
f 970/1558/1162 779/1559/1162 778/1556/1162
f 972/1560/1163 779/1559/1163 971/1561/1163
f 972/1560/1164 781/1562/1164 780/1563/1164
f 973/1564/1165 782/1565/1165 781/1562/1165
f 975/1566/1166 782/1565/1166 974/1567/1166
f 976/1568/1167 783/1569/1167 975/1566/1167
f 977/1570/1168 784/1571/1168 976/1568/1168
f 978/1572/1169 785/1573/1169 977/1570/1169
f 978/1572/1170 787/1574/1170 786/1575/1170
f 980/1576/1171 787/1574/1171 979/1577/1171
f 980/1576/1172 789/1578/1172 788/1579/1172
f 982/1580/1173 789/1578/1173 981/1581/1173
f 982/1580/1174 791/1582/1174 790/1583/1174
f 984/1584/1175 791/1582/1175 983/1585/1175
f 984/1584/1176 793/1586/1176 792/1587/1176
f 986/1588/1177 793/1586/1177 985/1589/1177
f 986/1588/1178 795/1590/1178 794/1591/1178
f 988/1592/1179 795/1590/1179 987/1593/1179
f 988/1592/1180 797/1594/1180 796/1595/1180
f 990/1596/1181 797/1594/1181 989/1597/1181
f 991/1598/1182 798/1599/1182 990/1596/1182
f 991/1598/1183 800/1600/1183 799/1601/1183
f 993/1602/1184 800/1600/1184 992/1603/1184
f 994/1604/1185 801/1605/1185 993/1602/1185
f 994/1604/1186 803/1606/1186 802/1607/1186
f 996/1608/1187 803/1606/1187 995/1609/1187
f 997/1610/1188 804/1611/1188 996/1608/1188
f 998/1612/1189 805/1613/1189 997/1610/1189
f 999/1614/1190 806/1615/1190 998/1612/1190
f 1000/1616/1191 807/1617/1191 999/1614/1191
f 1001/1618/1192 808/1619/1192 1000/1616/1192
f 1002/1620/1193 809/1621/1193 1001/1618/1193
f 1003/1622/1194 810/1623/1194 1002/1620/1194
f 1003/1622/1195 812/1624/1195 811/1625/1195
f 1005/1626/1196 812/1624/1196 1004/1627/1196
f 1005/1626/1197 814/1628/1197 813/1629/1197
f 1007/1630/1198 814/1628/1198 1006/1631/1198
f 1007/1630/1199 816/1632/1199 815/1633/1199
f 1008/1634/1200 817/1635/1200 816/1632/1200
f 1009/1636/1201 818/1637/1201 817/1635/1201
f 1011/1638/1202 818/1637/1202 1010/1639/1202
f 1012/1640/1203 819/1641/1203 1011/1638/1203
f 1013/1642/1204 820/1643/1204 1012/1640/1204
f 1013/1642/1205 822/1644/1205 821/1645/1205
f 1015/1646/1206 822/1644/1206 1014/1647/1206
f 1015/1646/1207 824/1648/1207 823/1649/1207
f 1017/1650/1208 824/1648/1208 1016/1651/1208
f 1018/1652/1209 825/1653/1209 1017/1650/1209
f 1019/1654/1210 826/1655/1210 1018/1652/1210
f 1020/1656/1211 827/1657/1211 1019/1654/1211
f 1020/1656/1212 829/1658/1212 828/1659/1212
f 1022/1660/1213 829/1658/1213 1021/1661/1213
f 1023/1662/1214 830/1663/1214 1022/1660/1214
f 1024/1664/1215 831/1665/1215 1023/1662/1215
f 1024/1664/1216 833/1666/1216 832/1667/1216
f 1026/1668/1217 833/1666/1217 1025/1669/1217
f 1027/1670/1218 834/1671/1218 1026/1668/1218
f 1028/1672/1219 835/1673/1219 1027/1670/1219
f 1029/1674/1220 836/1675/1220 1028/1672/1220
f 1029/1674/1221 838/1676/1221 837/1677/1221
f 1030/1678/1222 839/1679/1222 838/1676/1222
f 1032/1680/1223 839/1679/1223 1031/1681/1223
f 1032/1680/1224 841/1682/1224 840/1683/1224
f 1034/1684/1225 841/1682/1225 1033/1685/1225
f 1035/1686/1226 842/1687/1226 1034/1684/1226
f 1036/1688/1227 843/1689/1227 1035/1686/1227
f 1036/1688/1228 845/1690/1228 844/1691/1228
f 1038/1692/1229 845/1690/1229 1037/1693/1229
f 1039/1694/1230 846/1695/1230 1038/1692/1230
f 1040/1696/1231 847/1697/1231 1039/1694/1231
f 1040/1696/1232 849/1698/1232 848/1699/1232
f 1042/1700/1233 849/1698/1233 1041/1701/1233
f 1042/1700/1234 851/1702/1234 850/1703/1234
f 1044/1704/1235 851/1702/1235 1043/1705/1235
f 1045/1706/1236 852/1707/1236 1044/1704/1236
f 1045/1706/1237 854/1708/1237 853/1709/1237
f 1047/1710/1238 854/1708/1238 1046/1711/1238
f 1048/1712/1239 855/1713/1239 1047/1710/1239
f 1048/1712/1240 857/1714/1240 856/1715/1240
f 1050/1716/1241 857/1714/1241 1049/1717/1241
f 1051/1718/1242 858/1719/1242 1050/1716/1242
f 1051/1718/1243 860/1720/1243 859/1721/1243
f 1053/1722/1244 860/1720/1244 1052/1723/1244
f 1054/1724/1245 861/1725/1245 1053/1722/1245
f 1055/1726/1246 862/1727/1246 1054/1724/1246
f 1055/1726/1247 864/1728/1247 863/1729/1247
f 1057/1730/1248 864/1728/1248 1056/1731/1248
f 1057/1730/1249 866/1732/1249 865/1733/1249
f 1059/1734/1250 866/1732/1250 1058/1735/1250
f 1059/1734/1251 868/1736/1251 867/1737/1251
f 1061/1738/1252 868/1736/1252 1060/1739/1252
f 1061/1738/1253 870/1740/1253 869/1741/1253
f 1063/1742/1254 870/1740/1254 1062/1743/1254
f 1063/1742/1255 872/1744/1255 871/1745/1255
f 1065/1746/1256 872/1744/1256 1064/1747/1256
f 1065/1746/1257 874/1748/1257 873/1749/1257
f 1066/1750/1258 875/1751/1258 874/1748/1258
f 1068/1752/1259 875/1751/1259 1067/1753/1259
f 1068/1752/1260 877/1754/1260 876/1755/1260
f 1069/1756/1261 878/1757/1261 877/1754/1261
f 1071/1758/1262 878/1757/1262 1070/1759/1262
f 1072/1760/1263 879/1761/1263 1071/1758/1263
f 1073/1762/1264 880/1763/1264 1072/1760/1264
f 1074/1764/1265 881/1765/1265 1073/1762/1265
f 1074/1764/1266 883/1766/1266 882/1767/1266
f 1076/1768/1267 883/1766/1267 1075/1769/1267
f 1076/1768/1268 885/1770/1268 884/1771/1268
f 1078/1772/1269 885/1770/1269 1077/1773/1269
f 1078/1772/1270 887/1774/1270 886/1775/1270
f 1080/1776/1271 887/1774/1271 1079/1777/1271
f 1080/1776/1272 889/1778/1272 888/1779/1272
f 1082/1780/1273 889/1778/1273 1081/1781/1273
f 1082/1780/1274 891/1782/1274 890/1783/1274
f 1084/1784/1275 891/1782/1275 1083/1785/1275
f 1084/1784/1276 893/1786/1276 892/1787/1276
f 1086/1788/1277 893/1786/1277 1085/1789/1277
f 1087/1790/1278 894/1791/1278 1086/1788/1278
f 1087/1790/1279 896/1792/1279 895/1793/1279
f 1089/1794/1280 896/1792/1280 1088/1795/1280
f 1090/1796/1281 897/1797/1281 1089/1794/1281
f 1090/1796/1282 899/1798/1282 898/1799/1282
f 1092/1800/1283 899/1798/1283 1091/1801/1283
f 1093/1802/1284 900/1803/1284 1092/1800/1284
f 1094/1804/1285 901/1805/1285 1093/1802/1285
f 1095/1806/1286 902/1807/1286 1094/1804/1286
f 1096/1808/1287 903/1809/1287 1095/1806/1287
f 1097/1810/1288 904/1811/1288 1096/1808/1288
f 1098/1812/1289 905/1813/1289 1097/1810/1289
f 1099/1814/1290 906/1815/1290 1098/1812/1290
f 1099/1814/1291 908/1816/1291 907/1817/1291
f 1101/1818/1292 908/1816/1292 1100/1819/1292
f 1101/1818/1293 910/1820/1293 909/1821/1293
f 1103/1822/1294 910/1820/1294 1102/1823/1294
f 1103/1822/1295 912/1824/1295 911/1825/1295
f 1104/1826/1296 913/1827/1296 912/1824/1296
f 1105/1828/1297 914/1829/1297 913/1827/1297
f 1107/1830/1298 914/1829/1298 1106/1831/1298
f 1108/1832/1299 915/1833/1299 1107/1830/1299
f 1109/1834/1300 916/1835/1300 1108/1832/1300
f 1109/1834/1301 918/1836/1301 917/1837/1301
f 1111/1838/1302 918/1836/1302 1110/1839/1302
f 1111/1838/1303 920/1840/1303 919/1841/1303
f 1113/1842/1304 920/1840/1304 1112/1843/1304
f 1114/1844/1305 921/1845/1305 1113/1842/1305
f 1115/1846/1306 922/1847/1306 1114/1844/1306
f 1116/1848/1307 923/1849/1307 1115/1846/1307
f 1116/1848/1308 925/1850/1308 924/1851/1308
f 1118/1852/1309 925/1850/1309 1117/1853/1309
f 1119/1854/1310 926/1855/1310 1118/1852/1310
f 1120/1856/1311 927/1857/1311 1119/1854/1311
f 1120/1856/1312 929/1858/1312 928/1859/1312
f 1122/1860/1313 929/1858/1313 1121/1861/1313
f 1123/1862/1314 930/1863/1314 1122/1860/1314
f 1124/1864/1315 931/1865/1315 1123/1862/1315
f 1125/1866/1316 932/1867/1316 1124/1864/1316
f 1125/1866/1317 934/1868/1317 933/1869/1317
f 1126/1870/1318 935/1871/1318 934/1868/1318
f 1128/1872/1319 935/1871/1319 1127/1873/1319
f 1128/1872/1320 937/1874/1320 936/1875/1320
f 1130/1876/1321 937/1874/1321 1129/1877/1321
f 1131/1878/1322 938/1879/1322 1130/1876/1322
f 1132/1880/1323 939/1881/1323 1131/1878/1323
f 1132/1880/1324 941/1882/1324 940/1883/1324
f 1134/1884/1325 941/1882/1325 1133/1885/1325
f 1135/1886/1326 942/1887/1326 1134/1884/1326
f 1136/1888/1327 943/1889/1327 1135/1886/1327
f 1136/1888/1328 945/1890/1328 944/1891/1328
f 1138/1892/1329 945/1890/1329 1137/1893/1329
f 1138/1892/1330 947/1894/1330 946/1895/1330
f 1140/1896/1331 947/1894/1331 1139/1897/1331
f 1141/1898/1332 948/1899/1332 1140/1896/1332
f 1141/1898/1333 950/1900/1333 949/1901/1333
f 1143/1902/1334 950/1900/1334 1142/1903/1334
f 1144/1904/1335 951/1905/1335 1143/1902/1335
f 1144/1904/1336 953/1906/1336 952/1907/1336
f 1146/1908/1337 953/1906/1337 1145/1909/1337
f 1147/1910/1338 954/1911/1338 1146/1908/1338
f 1147/1910/1339 956/1912/1339 955/1913/1339
f 1149/1914/1340 956/1912/1340 1148/1915/1340
f 1150/1916/1341 957/1917/1341 1149/1914/1341
f 1151/1918/1342 958/1919/1342 1150/1916/1342
f 1151/1918/1343 960/1920/1343 959/1921/1343
f 1153/1922/1344 960/1920/1344 1152/1923/1344
f 1153/1922/1345 770/1542/1345 961/1924/1345
f 1154/1925/1346 963/1541/1346 962/1543/1346
f 1154/1925/1346 964/1547/1346 963/1541/1346
f 1154/1925/1346 965/1546/1346 964/1547/1346
f 1154/1925/1346 966/1551/1346 965/1546/1346
f 1154/1925/1346 967/1550/1346 966/1551/1346
f 1154/1925/1346 968/1555/1346 967/1550/1346
f 1154/1925/1346 969/1554/1346 968/1555/1346
f 1154/1925/1346 970/1558/1346 969/1554/1346
f 1154/1925/1346 971/1561/1346 970/1558/1346
f 1154/1925/1346 972/1560/1346 971/1561/1346
f 1154/1925/1346 973/1564/1346 972/1560/1346
f 1154/1925/1346 974/1567/1346 973/1564/1346
f 1154/1925/1346 975/1566/1346 974/1567/1346
f 1154/1925/1346 976/1568/1346 975/1566/1346
f 1154/1925/1346 977/1570/1346 976/1568/1346
f 1154/1925/1346 978/1572/1346 977/1570/1346
f 1154/1925/1346 979/1577/1346 978/1572/1346
f 1154/1925/1346 980/1576/1346 979/1577/1346
f 1154/1925/1346 981/1581/1346 980/1576/1346
f 1154/1925/1346 982/1580/1346 981/1581/1346
f 1154/1925/1346 983/1585/1346 982/1580/1346
f 1154/1925/1346 984/1584/1346 983/1585/1346
f 1154/1925/1346 985/1589/1346 984/1584/1346
f 1154/1925/1346 986/1588/1346 985/1589/1346
f 1154/1925/1346 987/1593/1346 986/1588/1346
f 1154/1925/1346 988/1592/1346 987/1593/1346
f 1154/1925/1346 989/1597/1346 988/1592/1346
f 1154/1925/1346 990/1596/1346 989/1597/1346
f 1154/1925/1346 991/1598/1346 990/1596/1346
f 1154/1925/1346 992/1603/1346 991/1598/1346
f 1154/1925/1346 993/1602/1346 992/1603/1346
f 1154/1925/1346 994/1604/1346 993/1602/1346
f 1154/1925/1346 995/1609/1346 994/1604/1346
f 1154/1925/1346 996/1608/1346 995/1609/1346
f 1154/1925/1346 997/1610/1346 996/1608/1346
f 1154/1925/1346 998/1612/1346 997/1610/1346
f 1154/1925/1346 999/1614/1346 998/1612/1346
f 1154/1925/1346 1000/1616/1346 999/1614/1346
f 1154/1925/1346 1001/1618/1346 1000/1616/1346
f 1154/1925/1346 1002/1620/1346 1001/1618/1346
f 1154/1925/1346 1003/1622/1346 1002/1620/1346
f 1154/1925/1346 1004/1627/1346 1003/1622/1346
f 1154/1925/1346 1005/1626/1346 1004/1627/1346
f 1154/1925/1346 1006/1631/1346 1005/1626/1346
f 1154/1925/1346 1007/1630/1346 1006/1631/1346
f 1154/1925/1346 1008/1634/1346 1007/1630/1346
f 1154/1925/1346 1009/1636/1346 1008/1634/1346
f 1154/1925/1346 1010/1639/1346 1009/1636/1346
f 1154/1925/1346 1011/1638/1346 1010/1639/1346
f 1154/1925/1346 1012/1640/1346 1011/1638/1346
f 1154/1925/1346 1013/1642/1346 1012/1640/1346
f 1154/1925/1346 1014/1647/1346 1013/1642/1346
f 1154/1925/1346 1015/1646/1346 1014/1647/1346
f 1154/1925/1346 1016/1651/1346 1015/1646/1346
f 1154/1925/1346 1017/1650/1346 1016/1651/1346
f 1154/1925/1346 1018/1652/1346 1017/1650/1346
f 1154/1925/1346 1019/1654/1346 1018/1652/1346
f 1154/1925/1346 1020/1656/1346 1019/1654/1346
f 1154/1925/1346 1021/1661/1346 1020/1656/1346
f 1154/1925/1346 1022/1660/1346 1021/1661/1346
f 1154/1925/1346 1023/1662/1346 1022/1660/1346
f 1154/1925/1346 1024/1664/1346 1023/1662/1346
f 1154/1925/1346 1025/1669/1346 1024/1664/1346
f 1154/1925/1346 1026/1668/1346 1025/1669/1346
f 1154/1925/1346 1027/1670/1346 1026/1668/1346
f 1154/1925/1346 1028/1672/1346 1027/1670/1346
f 1154/1925/1346 1029/1674/1346 1028/1672/1346
f 1154/1925/1346 1030/1678/1346 1029/1674/1346
f 1154/1925/1346 1031/1681/1346 1030/1678/1346
f 1154/1925/1346 1032/1680/1346 1031/1681/1346
f 1154/1925/1346 1033/1685/1346 1032/1680/1346
f 1154/1925/1346 1034/1684/1346 1033/1685/1346
f 1154/1925/1346 1035/1686/1346 1034/1684/1346
f 1154/1925/1346 1036/1688/1346 1035/1686/1346
f 1154/1925/1346 1037/1693/1346 1036/1688/1346
f 1154/1925/1346 1038/1692/1346 1037/1693/1346
f 1154/1925/1346 1039/1694/1346 1038/1692/1346
f 1154/1925/1346 1040/1696/1346 1039/1694/1346
f 1154/1925/1346 1041/1701/1346 1040/1696/1346
f 1154/1925/1346 1042/1700/1346 1041/1701/1346
f 1154/1925/1346 1043/1705/1346 1042/1700/1346
f 1154/1925/1346 1044/1704/1346 1043/1705/1346
f 1154/1925/1346 1045/1706/1346 1044/1704/1346
f 1154/1925/1346 1046/1711/1346 1045/1706/1346
f 1154/1925/1346 1047/1710/1346 1046/1711/1346
f 1154/1925/1346 1048/1712/1346 1047/1710/1346
f 1154/1925/1346 1049/1717/1346 1048/1712/1346
f 1154/1925/1346 1050/1716/1346 1049/1717/1346
f 1154/1925/1346 1051/1718/1346 1050/1716/1346
f 1154/1925/1346 1052/1723/1346 1051/1718/1346
f 1154/1925/1346 1053/1722/1346 1052/1723/1346
f 1154/1925/1346 1054/1724/1346 1053/1722/1346
f 1154/1925/1346 1055/1726/1346 1054/1724/1346
f 1154/1925/1346 1056/1731/1346 1055/1726/1346
f 1154/1925/1346 1057/1730/1346 1056/1731/1346
f 1154/1925/1346 1058/1735/1346 1057/1730/1346
f 1154/1925/1346 1059/1734/1346 1058/1735/1346
f 1154/1925/1346 1060/1739/1346 1059/1734/1346
f 1154/1925/1346 1061/1738/1346 1060/1739/1346
f 1154/1925/1346 1062/1743/1346 1061/1738/1346
f 1154/1925/1346 1063/1742/1346 1062/1743/1346
f 1154/1925/1346 1064/1747/1346 1063/1742/1346
f 1154/1925/1346 1065/1746/1346 1064/1747/1346
f 1154/1925/1346 1066/1750/1346 1065/1746/1346
f 1154/1925/1346 1067/1753/1346 1066/1750/1346
f 1154/1925/1346 1068/1752/1346 1067/1753/1346
f 1154/1925/1346 1069/1756/1346 1068/1752/1346
f 1154/1925/1346 1070/1759/1346 1069/1756/1346
f 1154/1925/1346 1071/1758/1346 1070/1759/1346
f 1154/1925/1346 1072/1760/1346 1071/1758/1346
f 1154/1925/1346 1073/1762/1346 1072/1760/1346
f 1154/1925/1346 1074/1764/1346 1073/1762/1346
f 1154/1925/1346 1075/1769/1346 1074/1764/1346
f 1154/1925/1346 1076/1768/1346 1075/1769/1346
f 1154/1925/1346 1077/1773/1346 1076/1768/1346
f 1154/1925/1346 1078/1772/1346 1077/1773/1346
f 1154/1925/1346 1079/1777/1346 1078/1772/1346
f 1154/1925/1346 1080/1776/1346 1079/1777/1346
f 1154/1925/1346 1081/1781/1346 1080/1776/1346
f 1154/1925/1346 1082/1780/1346 1081/1781/1346
f 1154/1925/1346 1083/1785/1346 1082/1780/1346
f 1154/1925/1346 1084/1784/1346 1083/1785/1346
f 1154/1925/1346 1085/1789/1346 1084/1784/1346
f 1154/1925/1346 1086/1788/1346 1085/1789/1346
f 1154/1925/1346 1087/1790/1346 1086/1788/1346
f 1154/1925/1346 1088/1795/1346 1087/1790/1346
f 1154/1925/1346 1089/1794/1346 1088/1795/1346
f 1154/1925/1346 1090/1796/1346 1089/1794/1346
f 1154/1925/1346 1091/1801/1346 1090/1796/1346
f 1154/1925/1346 1092/1800/1346 1091/1801/1346
f 1154/1925/1346 1093/1802/1346 1092/1800/1346
f 1154/1925/1346 1094/1804/1346 1093/1802/1346
f 1154/1925/1346 1095/1806/1346 1094/1804/1346
f 1154/1925/1346 1096/1808/1346 1095/1806/1346
f 1154/1925/1346 1097/1810/1346 1096/1808/1346
f 1154/1925/1346 1098/1812/1346 1097/1810/1346
f 1154/1925/1346 1099/1814/1346 1098/1812/1346
f 1154/1925/1346 1100/1819/1346 1099/1814/1346
f 1154/1925/1346 1101/1818/1346 1100/1819/1346
f 1154/1925/1346 1102/1823/1346 1101/1818/1346
f 1154/1925/1346 1103/1822/1346 1102/1823/1346
f 1154/1925/1346 1104/1826/1346 1103/1822/1346
f 1154/1925/1346 1105/1828/1346 1104/1826/1346
f 1154/1925/1346 1106/1831/1346 1105/1828/1346
f 1154/1925/1346 1107/1830/1346 1106/1831/1346
f 1154/1925/1346 1108/1832/1346 1107/1830/1346
f 1154/1925/1346 1109/1834/1346 1108/1832/1346
f 1154/1925/1346 1110/1839/1346 1109/1834/1346
f 1154/1925/1346 1111/1838/1346 1110/1839/1346
f 1154/1925/1346 1112/1843/1346 1111/1838/1346
f 1154/1925/1346 1113/1842/1346 1112/1843/1346
f 1154/1925/1346 1114/1844/1346 1113/1842/1346
f 1154/1925/1346 1115/1846/1346 1114/1844/1346
f 1154/1925/1346 1116/1848/1346 1115/1846/1346
f 1154/1925/1346 1117/1853/1346 1116/1848/1346
f 1154/1925/1346 1118/1852/1346 1117/1853/1346
f 1154/1925/1346 1119/1854/1346 1118/1852/1346
f 1154/1925/1346 1120/1856/1346 1119/1854/1346
f 1154/1925/1346 1121/1861/1346 1120/1856/1346
f 1154/1925/1346 1122/1860/1346 1121/1861/1346
f 1154/1925/1346 1123/1862/1346 1122/1860/1346
f 1154/1925/1346 1124/1864/1346 1123/1862/1346
f 1154/1925/1346 1125/1866/1346 1124/1864/1346
f 1154/1925/1346 1126/1870/1346 1125/1866/1346
f 1154/1925/1346 1127/1873/1346 1126/1870/1346
f 1154/1925/1346 1128/1872/1346 1127/1873/1346
f 1154/1925/1346 1129/1877/1346 1128/1872/1346
f 1154/1925/1346 1130/1876/1346 1129/1877/1346
f 1154/1925/1346 1131/1878/1346 1130/1876/1346
f 1154/1925/1346 1132/1880/1346 1131/1878/1346
f 1154/1925/1346 1133/1885/1346 1132/1880/1346
f 1154/1925/1346 1134/1884/1346 1133/1885/1346
f 1154/1925/1346 1135/1886/1346 1134/1884/1346
f 1154/1925/1346 1136/1888/1346 1135/1886/1346
f 1154/1925/1346 1137/1893/1346 1136/1888/1346
f 1154/1925/1346 1138/1892/1346 1137/1893/1346
f 1154/1925/1346 1139/1897/1346 1138/1892/1346
f 1154/1925/1346 1140/1896/1346 1139/1897/1346
f 1154/1925/1346 1141/1898/1346 1140/1896/1346
f 1154/1925/1346 1142/1903/1346 1141/1898/1346
f 1154/1925/1346 1143/1902/1346 1142/1903/1346
f 1154/1925/1346 1144/1904/1346 1143/1902/1346
f 1154/1925/1346 1145/1909/1346 1144/1904/1346
f 1154/1925/1346 1146/1908/1346 1145/1909/1346
f 1154/1925/1346 1147/1910/1346 1146/1908/1346
f 1154/1925/1346 1148/1915/1346 1147/1910/1346
f 1154/1925/1346 1149/1914/1346 1148/1915/1346
f 1154/1925/1346 1150/1916/1346 1149/1914/1346
f 1154/1925/1346 1151/1918/1346 1150/1916/1346
f 1154/1925/1346 1152/1923/1346 1151/1918/1346
f 1154/1925/1346 1153/1922/1346 1152/1923/1346
f 1154/1925/1346 962/1543/1346 1153/1922/1346
f 963/1541/1154 771/1545/1154 770/1542/1154
f 963/1541/1155 964/1547/1155 772/1544/1155
f 965/1546/1156 773/1549/1156 772/1544/1156
f 965/1546/1157 966/1551/1157 774/1548/1157
f 967/1550/1158 775/1553/1158 774/1548/1158
f 967/1550/1159 968/1555/1159 776/1552/1159
f 969/1554/1160 777/1557/1160 776/1552/1160
f 969/1554/1161 970/1558/1161 778/1556/1161
f 970/1558/1162 971/1561/1162 779/1559/1162
f 972/1560/1163 780/1563/1163 779/1559/1163
f 972/1560/1164 973/1564/1164 781/1562/1164
f 973/1564/1165 974/1567/1165 782/1565/1165
f 975/1566/1166 783/1569/1166 782/1565/1166
f 976/1568/1167 784/1571/1167 783/1569/1167
f 977/1570/1168 785/1573/1168 784/1571/1168
f 978/1572/1169 786/1575/1169 785/1573/1169
f 978/1572/1170 979/1577/1170 787/1574/1170
f 980/1576/1171 788/1579/1171 787/1574/1171
f 980/1576/1172 981/1581/1172 789/1578/1172
f 982/1580/1173 790/1583/1173 789/1578/1173
f 982/1580/1174 983/1585/1174 791/1582/1174
f 984/1584/1175 792/1587/1175 791/1582/1175
f 984/1584/1176 985/1589/1176 793/1586/1176
f 986/1588/1177 794/1591/1177 793/1586/1177
f 986/1588/1178 987/1593/1178 795/1590/1178
f 988/1592/1179 796/1595/1179 795/1590/1179
f 988/1592/1180 989/1597/1180 797/1594/1180
f 990/1596/1181 798/1599/1181 797/1594/1181
f 991/1598/1182 799/1601/1182 798/1599/1182
f 991/1598/1183 992/1603/1183 800/1600/1183
f 993/1602/1184 801/1605/1184 800/1600/1184
f 994/1604/1185 802/1607/1185 801/1605/1185
f 994/1604/1186 995/1609/1186 803/1606/1186
f 996/1608/1187 804/1611/1187 803/1606/1187
f 997/1610/1188 805/1613/1188 804/1611/1188
f 998/1612/1189 806/1615/1189 805/1613/1189
f 999/1614/1190 807/1617/1190 806/1615/1190
f 1000/1616/1191 808/1619/1191 807/1617/1191
f 1001/1618/1192 809/1621/1192 808/1619/1192
f 1002/1620/1193 810/1623/1193 809/1621/1193
f 1003/1622/1194 811/1625/1194 810/1623/1194
f 1003/1622/1195 1004/1627/1195 812/1624/1195
f 1005/1626/1196 813/1629/1196 812/1624/1196
f 1005/1626/1197 1006/1631/1197 814/1628/1197
f 1007/1630/1198 815/1633/1198 814/1628/1198
f 1007/1630/1351 1008/1634/1351 816/1632/1351
f 1008/1634/1200 1009/1636/1200 817/1635/1200
f 1009/1636/1201 1010/1639/1201 818/1637/1201
f 1011/1638/1202 819/1641/1202 818/1637/1202
f 1012/1640/1203 820/1643/1203 819/1641/1203
f 1013/1642/1352 821/1645/1352 820/1643/1352
f 1013/1642/1205 1014/1647/1205 822/1644/1205
f 1015/1646/1206 823/1649/1206 822/1644/1206
f 1015/1646/1207 1016/1651/1207 824/1648/1207
f 1017/1650/1208 825/1653/1208 824/1648/1208
f 1018/1652/1209 826/1655/1209 825/1653/1209
f 1019/1654/1210 827/1657/1210 826/1655/1210
f 1020/1656/1211 828/1659/1211 827/1657/1211
f 1020/1656/1212 1021/1661/1212 829/1658/1212
f 1022/1660/1213 830/1663/1213 829/1658/1213
f 1023/1662/1214 831/1665/1214 830/1663/1214
f 1024/1664/1215 832/1667/1215 831/1665/1215
f 1024/1664/1216 1025/1669/1216 833/1666/1216
f 1026/1668/1217 834/1671/1217 833/1666/1217
f 1027/1670/1218 835/1673/1218 834/1671/1218
f 1028/1672/1219 836/1675/1219 835/1673/1219
f 1029/1674/1220 837/1677/1220 836/1675/1220
f 1029/1674/1221 1030/1678/1221 838/1676/1221
f 1030/1678/1222 1031/1681/1222 839/1679/1222
f 1032/1680/1223 840/1683/1223 839/1679/1223
f 1032/1680/1224 1033/1685/1224 841/1682/1224
f 1034/1684/1225 842/1687/1225 841/1682/1225
f 1035/1686/1226 843/1689/1226 842/1687/1226
f 1036/1688/1227 844/1691/1227 843/1689/1227
f 1036/1688/1228 1037/1693/1228 845/1690/1228
f 1038/1692/1229 846/1695/1229 845/1690/1229
f 1039/1694/1230 847/1697/1230 846/1695/1230
f 1040/1696/1231 848/1699/1231 847/1697/1231
f 1040/1696/1232 1041/1701/1232 849/1698/1232
f 1042/1700/1233 850/1703/1233 849/1698/1233
f 1042/1700/1234 1043/1705/1234 851/1702/1234
f 1044/1704/1235 852/1707/1235 851/1702/1235
f 1045/1706/1236 853/1709/1236 852/1707/1236
f 1045/1706/1237 1046/1711/1237 854/1708/1237
f 1047/1710/1238 855/1713/1238 854/1708/1238
f 1048/1712/1239 856/1715/1239 855/1713/1239
f 1048/1712/1240 1049/1717/1240 857/1714/1240
f 1050/1716/1241 858/1719/1241 857/1714/1241
f 1051/1718/1242 859/1721/1242 858/1719/1242
f 1051/1718/1243 1052/1723/1243 860/1720/1243
f 1053/1722/1244 861/1725/1244 860/1720/1244
f 1054/1724/1245 862/1727/1245 861/1725/1245
f 1055/1726/1246 863/1729/1246 862/1727/1246
f 1055/1726/1247 1056/1731/1247 864/1728/1247
f 1057/1730/1248 865/1733/1248 864/1728/1248
f 1057/1730/1249 1058/1735/1249 866/1732/1249
f 1059/1734/1250 867/1737/1250 866/1732/1250
f 1059/1734/1251 1060/1739/1251 868/1736/1251
f 1061/1738/1252 869/1741/1252 868/1736/1252
f 1061/1738/1253 1062/1743/1253 870/1740/1253
f 1063/1742/1254 871/1745/1254 870/1740/1254
f 1063/1742/1255 1064/1747/1255 872/1744/1255
f 1065/1746/1256 873/1749/1256 872/1744/1256
f 1065/1746/1257 1066/1750/1257 874/1748/1257
f 1066/1750/1258 1067/1753/1258 875/1751/1258
f 1068/1752/1259 876/1755/1259 875/1751/1259
f 1068/1752/1260 1069/1756/1260 877/1754/1260
f 1069/1756/1261 1070/1759/1261 878/1757/1261
f 1071/1758/1262 879/1761/1262 878/1757/1262
f 1072/1760/1263 880/1763/1263 879/1761/1263
f 1073/1762/1264 881/1765/1264 880/1763/1264
f 1074/1764/1265 882/1767/1265 881/1765/1265
f 1074/1764/1266 1075/1769/1266 883/1766/1266
f 1076/1768/1267 884/1771/1267 883/1766/1267
f 1076/1768/1268 1077/1773/1268 885/1770/1268
f 1078/1772/1269 886/1775/1269 885/1770/1269
f 1078/1772/1270 1079/1777/1270 887/1774/1270
f 1080/1776/1271 888/1779/1271 887/1774/1271
f 1080/1776/1272 1081/1781/1272 889/1778/1272
f 1082/1780/1273 890/1783/1273 889/1778/1273
f 1082/1780/1274 1083/1785/1274 891/1782/1274
f 1084/1784/1275 892/1787/1275 891/1782/1275
f 1084/1784/1276 1085/1789/1276 893/1786/1276
f 1086/1788/1277 894/1791/1277 893/1786/1277
f 1087/1790/1278 895/1793/1278 894/1791/1278
f 1087/1790/1279 1088/1795/1279 896/1792/1279
f 1089/1794/1280 897/1797/1280 896/1792/1280
f 1090/1796/1281 898/1799/1281 897/1797/1281
f 1090/1796/1282 1091/1801/1282 899/1798/1282
f 1092/1800/1283 900/1803/1283 899/1798/1283
f 1093/1802/1284 901/1805/1284 900/1803/1284
f 1094/1804/1285 902/1807/1285 901/1805/1285
f 1095/1806/1286 903/1809/1286 902/1807/1286
f 1096/1808/1287 904/1811/1287 903/1809/1287
f 1097/1810/1288 905/1813/1288 904/1811/1288
f 1098/1812/1289 906/1815/1289 905/1813/1289
f 1099/1814/1290 907/1817/1290 906/1815/1290
f 1099/1814/1291 1100/1819/1291 908/1816/1291
f 1101/1818/1292 909/1821/1292 908/1816/1292
f 1101/1818/1293 1102/1823/1293 910/1820/1293
f 1103/1822/1294 911/1825/1294 910/1820/1294
f 1103/1822/1353 1104/1826/1353 912/1824/1353
f 1104/1826/1296 1105/1828/1296 913/1827/1296
f 1105/1828/1297 1106/1831/1297 914/1829/1297
f 1107/1830/1298 915/1833/1298 914/1829/1298
f 1108/1832/1299 916/1835/1299 915/1833/1299
f 1109/1834/1354 917/1837/1354 916/1835/1354
f 1109/1834/1301 1110/1839/1301 918/1836/1301
f 1111/1838/1302 919/1841/1302 918/1836/1302
f 1111/1838/1303 1112/1843/1303 920/1840/1303
f 1113/1842/1304 921/1845/1304 920/1840/1304
f 1114/1844/1305 922/1847/1305 921/1845/1305
f 1115/1846/1306 923/1849/1306 922/1847/1306
f 1116/1848/1307 924/1851/1307 923/1849/1307
f 1116/1848/1308 1117/1853/1308 925/1850/1308
f 1118/1852/1309 926/1855/1309 925/1850/1309
f 1119/1854/1310 927/1857/1310 926/1855/1310
f 1120/1856/1311 928/1859/1311 927/1857/1311
f 1120/1856/1312 1121/1861/1312 929/1858/1312
f 1122/1860/1313 930/1863/1313 929/1858/1313
f 1123/1862/1314 931/1865/1314 930/1863/1314
f 1124/1864/1315 932/1867/1315 931/1865/1315
f 1125/1866/1316 933/1869/1316 932/1867/1316
f 1125/1866/1317 1126/1870/1317 934/1868/1317
f 1126/1870/1318 1127/1873/1318 935/1871/1318
f 1128/1872/1319 936/1875/1319 935/1871/1319
f 1128/1872/1320 1129/1877/1320 937/1874/1320
f 1130/1876/1321 938/1879/1321 937/1874/1321
f 1131/1878/1322 939/1881/1322 938/1879/1322
f 1132/1880/1323 940/1883/1323 939/1881/1323
f 1132/1880/1324 1133/1885/1324 941/1882/1324
f 1134/1884/1325 942/1887/1325 941/1882/1325
f 1135/1886/1326 943/1889/1326 942/1887/1326
f 1136/1888/1327 944/1891/1327 943/1889/1327
f 1136/1888/1328 1137/1893/1328 945/1890/1328
f 1138/1892/1329 946/1895/1329 945/1890/1329
f 1138/1892/1330 1139/1897/1330 947/1894/1330
f 1140/1896/1331 948/1899/1331 947/1894/1331
f 1141/1898/1332 949/1901/1332 948/1899/1332
f 1141/1898/1333 1142/1903/1333 950/1900/1333
f 1143/1902/1334 951/1905/1334 950/1900/1334
f 1144/1904/1335 952/1907/1335 951/1905/1335
f 1144/1904/1336 1145/1909/1336 953/1906/1336
f 1146/1908/1337 954/1911/1337 953/1906/1337
f 1147/1910/1338 955/1913/1338 954/1911/1338
f 1147/1910/1339 1148/1915/1339 956/1912/1339
f 1149/1914/1340 957/1917/1340 956/1912/1340
f 1150/1916/1341 958/1919/1341 957/1917/1341
f 1151/1918/1342 959/1921/1342 958/1919/1342
f 1151/1918/1343 1152/1923/1343 960/1920/1343
f 1153/1922/1344 961/1924/1344 960/1920/1344
f 1153/1922/1345 962/1543/1345 770/1542/1345
s 385
g A_ClosedCoinRaisedRimAnd64EdgeReeds.001_verdigris_coin_gold
usemtl verdigris_coin_gold
f 387/386/194 194/387/195 386/388/196
f 388/389/197 195/390/198 387/386/194
f 388/389/197 197/391/199 196/392/200
f 390/393/201 197/391/199 389/394/202
f 390/393/201 199/395/203 198/396/204
f 391/397/205 200/398/206 199/395/203
f 393/399/207 200/398/206 392/400/208
f 393/399/207 202/401/209 201/402/210
f 394/403/211 203/404/212 202/401/209
f 396/405/213 203/404/212 395/406/214
f 396/405/213 205/407/215 204/408/216
f 397/409/217 206/410/218 205/407/215
f 399/411/219 206/410/218 398/412/220
f 400/413/221 207/414/222 399/411/219
f 400/413/221 209/415/223 208/416/224
f 402/417/225 209/415/223 401/418/226
f 403/419/227 210/420/228 402/417/225
f 403/419/227 212/421/229 211/422/230
f 405/423/231 212/421/229 404/424/232
f 405/423/231 214/425/233 213/426/234
f 406/427/235 215/428/236 214/425/233
f 408/429/237 215/428/236 407/430/238
f 409/431/239 216/432/240 408/429/237
f 409/431/239 218/433/241 217/434/242
f 411/435/243 218/433/241 410/436/244
f 412/437/245 219/438/246 411/435/243
f 412/437/245 221/439/247 220/440/248
f 414/441/249 221/439/247 413/442/250
f 414/441/249 223/443/251 222/444/252
f 415/445/253 224/446/254 223/443/251
f 417/447/255 224/446/254 416/448/256
f 418/449/257 225/450/258 417/447/255
f 418/449/257 227/451/259 226/452/260
f 420/453/261 227/451/259 419/454/262
f 420/453/261 229/455/263 228/456/264
f 421/457/265 230/458/266 229/455/263
f 423/459/267 230/458/266 422/460/268
f 423/459/267 232/461/269 231/462/270
f 424/463/271 233/464/272 232/461/269
f 426/465/273 233/464/272 425/466/274
f 426/465/273 235/467/275 234/468/276
f 427/469/277 236/470/278 235/467/275
f 429/471/279 236/470/278 428/472/280
f 430/473/281 237/474/282 429/471/279
f 430/473/281 239/475/283 238/476/284
f 432/477/285 239/475/283 431/478/286
f 432/477/285 241/479/287 240/480/288
f 433/481/289 242/482/290 241/479/287
f 435/483/291 242/482/290 434/484/292
f 436/485/293 243/486/294 435/483/291
f 436/485/293 245/487/295 244/488/296
f 438/489/297 245/487/295 437/490/298
f 438/489/297 247/491/299 246/492/300
f 439/493/301 248/494/302 247/491/299
f 441/495/303 248/494/302 440/496/304
f 442/497/305 249/498/306 441/495/303
f 442/497/305 251/499/307 250/500/308
f 444/501/309 251/499/307 443/502/310
f 445/503/311 252/504/312 444/501/309
f 445/503/311 254/505/313 253/506/314
f 447/507/315 254/505/313 446/508/316
f 448/509/317 255/510/318 447/507/315
f 448/509/317 257/511/319 256/512/320
f 450/513/321 257/511/319 449/514/322
f 451/515/323 258/516/324 450/513/321
f 451/515/323 260/517/325 259/518/326
f 453/519/327 260/517/325 452/520/328
f 454/521/329 261/522/330 453/519/327
f 454/521/329 263/523/331 262/524/332
f 456/525/333 263/523/331 455/526/334
f 456/525/333 265/527/335 264/528/336
f 457/529/337 266/530/338 265/527/335
f 459/531/339 266/530/338 458/532/340
f 459/531/339 268/533/341 267/534/342
f 460/535/343 269/536/344 268/533/341
f 462/537/345 269/536/344 461/538/346
f 463/539/347 270/540/348 462/537/345
f 463/539/347 272/541/349 271/542/350
f 465/543/351 272/541/349 464/544/352
f 465/543/351 274/545/353 273/546/354
f 466/547/355 275/548/356 274/545/353
f 468/549/357 275/548/356 467/550/358
f 468/549/357 277/551/359 276/552/360
f 469/553/361 278/554/362 277/551/359
f 471/555/363 278/554/362 470/556/364
f 472/557/365 279/558/366 471/555/363
f 472/557/365 281/559/367 280/560/368
f 474/561/369 281/559/367 473/562/370
f 475/563/371 282/564/372 474/561/369
f 475/563/371 284/565/373 283/566/374
f 477/567/375 284/565/373 476/568/376
f 478/569/377 285/570/378 477/567/375
f 478/569/377 287/571/379 286/572/380
f 480/573/381 287/571/379 479/574/382
f 480/573/381 289/575/383 288/576/384
f 481/577/385 290/578/386 289/575/383
f 483/579/387 290/578/386 482/580/388
f 484/581/389 291/582/390 483/579/387
f 484/581/389 293/583/391 292/584/392
f 486/585/393 293/583/391 485/586/394
f 486/585/393 295/587/395 294/588/396
f 487/589/397 296/590/398 295/587/395
f 489/591/399 296/590/398 488/592/400
f 489/591/399 298/593/401 297/594/402
f 490/595/403 299/596/404 298/593/401
f 492/597/405 299/596/404 491/598/406
f 492/597/405 301/599/407 300/600/408
f 493/601/409 302/602/410 301/599/407
f 495/603/411 302/602/410 494/604/412
f 496/605/413 303/606/414 495/603/411
f 496/605/413 305/607/415 304/608/416
f 498/609/417 305/607/415 497/610/418
f 499/611/419 306/612/420 498/609/417
f 499/611/419 308/613/421 307/614/422
f 501/615/423 308/613/421 500/616/424
f 501/615/423 310/617/425 309/618/426
f 502/619/427 311/620/428 310/617/425
f 504/621/429 311/620/428 503/622/430
f 505/623/431 312/624/432 504/621/429
f 505/623/431 314/625/433 313/626/434
f 507/627/435 314/625/433 506/628/436
f 508/629/437 315/630/438 507/627/435
f 508/629/437 317/631/439 316/632/440
f 510/633/441 317/631/439 509/634/442
f 510/633/441 319/635/443 318/636/444
f 511/637/445 320/638/446 319/635/443
f 513/639/447 320/638/446 512/640/448
f 514/641/449 321/642/450 513/639/447
f 514/641/449 323/643/451 322/644/452
f 516/645/453 323/643/451 515/646/454
f 516/645/453 325/647/455 324/648/456
f 517/649/457 326/650/458 325/647/455
f 519/651/459 326/650/458 518/652/460
f 519/651/459 328/653/461 327/654/462
f 520/655/463 329/656/464 328/653/461
f 522/657/465 329/656/464 521/658/466
f 522/657/465 331/659/467 330/660/468
f 523/661/469 332/662/470 331/659/467
f 525/663/471 332/662/470 524/664/472
f 526/665/473 333/666/474 525/663/471
f 526/665/473 335/667/475 334/668/476
f 528/669/477 335/667/475 527/670/478
f 528/669/477 337/671/479 336/672/480
f 529/673/481 338/674/482 337/671/479
f 531/675/483 338/676/482 530/677/484
f 532/678/485 339/679/486 531/675/483
f 532/678/485 341/680/487 340/681/488
f 534/682/489 341/680/487 533/683/490
f 534/682/489 343/684/491 342/685/492
f 535/686/493 344/687/494 343/684/491
f 537/688/495 344/687/494 536/689/496
f 538/690/497 345/691/498 537/688/495
f 538/690/497 347/692/499 346/693/500
f 540/694/501 347/692/499 539/695/502
f 541/696/503 348/697/504 540/694/501
f 541/696/503 350/698/505 349/699/506
f 543/700/507 350/698/505 542/701/508
f 544/702/509 351/703/510 543/700/507
f 544/702/509 353/704/511 352/705/512
f 546/706/513 353/704/511 545/707/514
f 547/708/515 354/709/516 546/706/513
f 547/708/515 356/710/517 355/711/518
f 549/712/519 356/710/517 548/713/520
f 550/714/521 357/715/522 549/712/519
f 550/714/521 359/716/523 358/717/524
f 552/718/525 359/716/523 551/719/526
f 552/718/525 361/720/527 360/721/528
f 553/722/529 362/723/530 361/720/527
f 555/724/531 362/723/530 554/725/532
f 555/724/531 364/726/533 363/727/534
f 556/728/535 365/729/536 364/726/533
f 558/730/537 365/729/536 557/731/538
f 559/732/539 366/733/540 558/730/537
f 559/732/539 368/734/541 367/735/542
f 561/736/543 368/734/541 560/737/544
f 561/736/543 370/738/545 369/739/546
f 562/740/547 371/741/548 370/738/545
f 564/742/549 371/741/548 563/743/550
f 564/742/549 373/744/551 372/745/552
f 565/746/553 374/747/554 373/744/551
f 567/748/555 374/747/554 566/749/556
f 568/750/557 375/751/558 567/748/555
f 568/750/557 377/752/559 376/753/560
f 570/754/561 377/752/559 569/755/562
f 571/756/563 378/757/564 570/754/561
f 571/756/563 380/758/565 379/759/566
f 573/760/567 380/758/565 572/761/568
f 574/762/569 381/763/570 573/760/567
f 574/762/569 383/764/571 382/765/572
f 576/766/573 383/764/571 575/767/574
f 576/766/573 385/768/575 384/769/576
f 577/770/577 194/387/195 385/768/575
s 578
f 770/1156/770 579/1157/771 578/1158/772
f 772/1159/773 579/1157/771 771/1160/774
f 773/1161/775 580/1162/776 772/1159/773
f 773/1161/775 582/1163/777 581/1164/778
f 775/1165/779 582/1163/777 774/1166/780
f 776/1167/781 583/1168/782 775/1165/779
f 776/1167/781 585/1169/783 584/1170/784
f 778/1171/785 585/1169/783 777/1172/786
f 779/1173/787 586/1174/788 778/1171/785
f 779/1173/787 588/1175/789 587/1176/790
f 781/1177/791 588/1175/789 780/1178/792
f 782/1179/793 589/1180/794 781/1177/791
f 782/1179/793 591/1181/795 590/1182/796
f 783/1183/797 592/1184/798 591/1181/795
f 785/1185/799 592/1184/798 784/1186/800
f 785/1185/799 594/1187/801 593/1188/802
f 786/1189/803 595/1190/804 594/1187/801
f 788/1191/805 595/1190/804 787/1192/806
f 788/1191/805 597/1193/807 596/1194/808
f 790/1195/809 597/1193/807 789/1196/810
f 791/1197/811 598/1198/812 790/1195/809
f 791/1197/811 600/1199/813 599/1200/814
f 792/1201/815 601/1202/816 600/1199/813
f 794/1203/817 601/1202/816 793/1204/818
f 794/1203/817 603/1205/819 602/1206/820
f 795/1207/821 604/1208/822 603/1205/819
f 797/1209/823 604/1208/822 796/1210/824
f 797/1209/823 606/1211/825 605/1212/826
f 799/1213/827 606/1211/825 798/1214/828
f 800/1215/829 607/1216/830 799/1213/827
f 800/1215/829 609/1217/831 608/1218/832
f 801/1219/833 610/1220/834 609/1217/831
f 803/1221/835 610/1220/834 802/1222/836
f 803/1221/835 612/1223/837 611/1224/838
f 805/1225/839 612/1223/837 804/1226/840
f 806/1227/841 613/1228/842 805/1225/839
f 806/1227/841 615/1229/843 614/1230/844
f 808/1231/845 615/1229/843 807/1232/846
f 809/1233/847 616/1234/848 808/1231/845
f 809/1233/847 618/1235/849 617/1236/850
f 811/1237/851 618/1235/849 810/1238/852
f 812/1239/853 619/1240/854 811/1237/851
f 812/1239/853 621/1241/855 620/1242/856
f 813/1243/857 622/1244/858 621/1241/855
f 815/1245/859 622/1244/858 814/1246/860
f 815/1245/859 624/1247/861 623/1248/862
f 816/1249/863 625/1250/864 624/1247/861
f 818/1251/865 625/1250/864 817/1252/866
f 818/1251/865 627/1253/867 626/1254/868
f 819/1255/869 628/1256/870 627/1253/867
f 821/1257/871 628/1256/870 820/1258/872
f 821/1257/871 630/1259/873 629/1260/874
f 823/1261/875 630/1259/873 822/1262/876
f 824/1263/877 631/1264/878 823/1261/875
f 824/1263/877 633/1265/879 632/1266/880
f 825/1267/881 634/1268/882 633/1265/879
f 827/1269/883 634/1268/882 826/1270/884
f 827/1269/883 636/1271/885 635/1272/886
f 828/1273/887 637/1274/888 636/1271/885
f 830/1275/889 637/1274/888 829/1276/890
f 830/1275/889 639/1277/891 638/1278/892
f 831/1279/893 640/1280/894 639/1277/891
f 833/1281/895 640/1280/894 832/1282/896
f 833/1281/895 642/1283/897 641/1284/898
f 835/1285/899 642/1283/897 834/1286/900
f 836/1287/901 643/1288/902 835/1285/899
f 836/1287/901 645/1289/903 644/1290/904
f 837/1291/905 646/1292/906 645/1289/903
f 839/1293/907 646/1292/906 838/1294/908
f 839/1293/907 648/1295/909 647/1296/910
f 841/1297/911 648/1295/909 840/1298/912
f 842/1299/913 649/1300/914 841/1297/911
f 842/1299/913 651/1301/915 650/1302/916
f 844/1303/917 651/1301/915 843/1304/918
f 845/1305/919 652/1306/920 844/1303/917
f 845/1305/919 654/1307/921 653/1308/922
f 846/1309/923 655/1310/924 654/1307/921
f 848/1311/925 655/1310/924 847/1312/926
f 848/1311/925 657/1313/927 656/1314/928
f 850/1315/929 657/1313/927 849/1316/930
f 851/1317/931 658/1318/932 850/1315/929
f 851/1317/931 660/1319/933 659/1320/934
f 853/1321/935 660/1319/933 852/1322/936
f 854/1323/937 661/1324/938 853/1321/935
f 854/1323/937 663/1325/939 662/1326/940
f 855/1327/941 664/1328/942 663/1325/939
f 857/1329/943 664/1328/942 856/1330/944
f 857/1329/943 666/1331/945 665/1332/946
f 858/1333/947 667/1334/948 666/1331/945
f 860/1335/949 667/1334/948 859/1336/950
f 860/1335/949 669/1337/951 668/1338/952
f 861/1339/953 670/1340/954 669/1337/951
f 863/1341/955 670/1340/954 862/1342/956
f 863/1341/955 672/1343/957 671/1344/958
f 865/1345/959 672/1343/957 864/1346/960
f 866/1347/961 673/1348/962 865/1345/959
f 866/1347/961 675/1349/963 674/1350/964
f 868/1351/965 675/1349/963 867/1352/966
f 869/1353/967 676/1354/968 868/1351/965
f 869/1353/967 678/1355/969 677/1356/970
f 871/1357/971 678/1355/969 870/1358/972
f 872/1359/973 679/1360/974 871/1357/971
f 872/1359/973 681/1361/975 680/1362/976
f 874/1363/977 681/1361/975 873/1364/978
f 875/1365/979 682/1366/980 874/1363/977
f 875/1365/979 684/1367/981 683/1368/982
f 877/1369/983 684/1367/981 876/1370/984
f 878/1371/985 685/1372/986 877/1369/983
f 878/1371/985 687/1373/987 686/1374/988
f 879/1375/989 688/1376/990 687/1373/987
f 881/1377/991 688/1376/990 880/1378/992
f 881/1377/991 690/1379/993 689/1380/994
f 882/1381/995 691/1382/996 690/1379/993
f 884/1383/997 691/1382/996 883/1384/998
f 884/1383/997 693/1385/999 692/1386/1000
f 886/1387/1001 693/1385/999 885/1388/1002
f 887/1389/1003 694/1390/1004 886/1387/1001
f 887/1389/1003 696/1391/1005 695/1392/1006
f 888/1393/1007 697/1394/1008 696/1391/1005
f 890/1395/1009 697/1394/1008 889/1396/1010
f 890/1395/1009 699/1397/1011 698/1398/1012
f 891/1399/1013 700/1400/1014 699/1397/1011
f 893/1401/1015 700/1400/1014 892/1402/1016
f 893/1401/1015 702/1403/1017 701/1404/1018
f 895/1405/1019 702/1403/1017 894/1406/1020
f 896/1407/1021 703/1408/1022 895/1405/1019
f 896/1407/1021 705/1409/1023 704/1410/1024
f 897/1411/1025 706/1412/1026 705/1409/1023
f 899/1413/1027 706/1412/1026 898/1414/1028
f 899/1413/1027 708/1415/1029 707/1416/1030
f 901/1417/1031 708/1415/1029 900/1418/1032
f 902/1419/1033 709/1420/1034 901/1417/1031
f 902/1419/1033 711/1421/1035 710/1422/1036
f 904/1423/1037 711/1421/1035 903/1424/1038
f 905/1425/1039 712/1426/1040 904/1423/1037
f 905/1425/1039 714/1427/1041 713/1428/1042
f 907/1429/1043 714/1427/1041 906/1430/1044
f 908/1431/1045 715/1432/1046 907/1429/1043
f 908/1431/1045 717/1433/1047 716/1434/1048
f 909/1435/1049 718/1436/1050 717/1433/1047
f 911/1437/1051 718/1436/1050 910/1438/1052
f 911/1437/1051 720/1439/1053 719/1440/1054
f 912/1441/1055 721/1442/1056 720/1439/1053
f 914/1443/1057 721/1442/1056 913/1444/1058
f 914/1445/1057 723/1446/1059 722/1447/1060
f 915/1448/1061 724/1449/1062 723/1446/1059
f 917/1450/1063 724/1449/1062 916/1451/1064
f 917/1450/1063 726/1452/1065 725/1453/1066
f 919/1454/1067 726/1452/1065 918/1455/1068
f 920/1456/1069 727/1457/1070 919/1454/1067
f 920/1456/1069 729/1458/1071 728/1459/1072
f 921/1460/1073 730/1461/1074 729/1458/1071
f 923/1462/1075 730/1461/1074 922/1463/1076
f 923/1462/1075 732/1464/1077 731/1465/1078
f 924/1466/1079 733/1467/1080 732/1464/1077
f 926/1468/1081 733/1467/1080 925/1469/1082
f 926/1468/1081 735/1470/1083 734/1471/1084
f 927/1472/1085 736/1473/1086 735/1470/1083
f 929/1474/1087 736/1473/1086 928/1475/1088
f 929/1474/1087 738/1476/1089 737/1477/1090
f 931/1478/1091 738/1476/1089 930/1479/1092
f 932/1480/1093 739/1481/1094 931/1478/1091
f 932/1480/1093 741/1482/1095 740/1483/1096
f 933/1484/1097 742/1485/1098 741/1482/1095
f 935/1486/1099 742/1485/1098 934/1487/1100
f 935/1486/1099 744/1488/1101 743/1489/1102
f 937/1490/1103 744/1488/1101 936/1491/1104
f 938/1492/1105 745/1493/1106 937/1490/1103
f 938/1492/1105 747/1494/1107 746/1495/1108
f 940/1496/1109 747/1494/1107 939/1497/1110
f 941/1498/1111 748/1499/1112 940/1496/1109
f 941/1498/1111 750/1500/1113 749/1501/1114
f 942/1502/1115 751/1503/1116 750/1500/1113
f 944/1504/1117 751/1503/1116 943/1505/1118
f 944/1504/1117 753/1506/1119 752/1507/1120
f 946/1508/1121 753/1506/1119 945/1509/1122
f 947/1510/1123 754/1511/1124 946/1508/1121
f 947/1510/1123 756/1512/1125 755/1513/1126
f 949/1514/1127 756/1512/1125 948/1515/1128
f 950/1516/1129 757/1517/1130 949/1514/1127
f 950/1516/1129 759/1518/1131 758/1519/1132
f 951/1520/1133 760/1521/1134 759/1518/1131
f 953/1522/1135 760/1521/1134 952/1523/1136
f 953/1522/1135 762/1524/1137 761/1525/1138
f 954/1526/1139 763/1527/1140 762/1524/1137
f 956/1528/1141 763/1527/1140 955/1529/1142
f 956/1528/1141 765/1530/1143 764/1531/1144
f 957/1532/1145 766/1533/1146 765/1530/1143
f 959/1534/1147 766/1533/1146 958/1535/1148
f 959/1534/1147 768/1536/1149 767/1537/1150
f 961/1538/1151 768/1536/1149 960/1539/1152
f 770/1156/770 769/1540/1153 961/1538/1151
s 385
f 387/386/194 195/390/198 194/387/195
f 388/389/197 196/392/200 195/390/198
f 388/389/197 389/394/202 197/391/199
f 390/393/201 198/396/204 197/391/199
f 390/393/201 391/397/205 199/395/203
f 391/397/205 392/400/208 200/398/206
f 393/399/207 201/402/210 200/398/206
f 393/399/207 394/403/211 202/401/209
f 394/403/211 395/406/214 203/404/212
f 396/405/213 204/408/216 203/404/212
f 396/405/213 397/409/217 205/407/215
f 397/409/217 398/412/220 206/410/218
f 399/411/219 207/414/222 206/410/218
f 400/413/221 208/416/224 207/414/222
f 400/413/221 401/418/226 209/415/223
f 402/417/225 210/420/228 209/415/223
f 403/419/227 211/422/230 210/420/228
f 403/419/227 404/424/232 212/421/229
f 405/423/231 213/426/234 212/421/229
f 405/423/231 406/427/235 214/425/233
f 406/427/235 407/430/238 215/428/236
f 408/429/237 216/432/240 215/428/236
f 409/431/239 217/434/242 216/432/240
f 409/431/239 410/436/244 218/433/241
f 411/435/243 219/438/246 218/433/241
f 412/437/245 220/440/248 219/438/246
f 412/437/245 413/442/250 221/439/247
f 414/441/249 222/444/252 221/439/247
f 414/441/249 415/445/253 223/443/251
f 415/445/253 416/448/256 224/446/254
f 417/447/255 225/450/258 224/446/254
f 418/449/257 226/452/260 225/450/258
f 418/449/257 419/454/262 227/451/259
f 420/453/261 228/456/264 227/451/259
f 420/453/261 421/457/265 229/455/263
f 421/457/265 422/460/268 230/458/266
f 423/459/267 231/462/270 230/458/266
f 423/459/267 424/463/271 232/461/269
f 424/463/271 425/466/274 233/464/272
f 426/465/273 234/468/276 233/464/272
f 426/465/273 427/469/277 235/467/275
f 427/469/277 428/472/280 236/470/278
f 429/471/279 237/474/282 236/470/278
f 430/473/281 238/476/284 237/474/282
f 430/473/281 431/478/286 239/475/283
f 432/477/285 240/480/288 239/475/283
f 432/477/285 433/481/289 241/479/287
f 433/481/289 434/484/292 242/482/290
f 435/483/291 243/486/294 242/482/290
f 436/485/293 244/488/296 243/486/294
f 436/485/293 437/490/298 245/487/295
f 438/489/297 246/492/300 245/487/295
f 438/489/297 439/493/301 247/491/299
f 439/493/301 440/496/304 248/494/302
f 441/495/303 249/498/306 248/494/302
f 442/497/305 250/500/308 249/498/306
f 442/497/305 443/502/310 251/499/307
f 444/501/309 252/504/312 251/499/307
f 445/503/311 253/506/314 252/504/312
f 445/503/311 446/508/316 254/505/313
f 447/507/315 255/510/318 254/505/313
f 448/509/317 256/512/320 255/510/318
f 448/509/317 449/514/322 257/511/319
f 450/513/321 258/516/324 257/511/319
f 451/515/323 259/518/326 258/516/324
f 451/515/323 452/520/328 260/517/325
f 453/519/327 261/522/330 260/517/325
f 454/521/329 262/524/332 261/522/330
f 454/521/329 455/526/334 263/523/331
f 456/525/333 264/528/336 263/523/331
f 456/525/333 457/529/337 265/527/335
f 457/529/337 458/532/340 266/530/338
f 459/531/339 267/534/342 266/530/338
f 459/531/339 460/535/343 268/533/341
f 460/535/343 461/538/346 269/536/344
f 462/537/345 270/540/348 269/536/344
f 463/539/347 271/542/350 270/540/348
f 463/539/347 464/544/352 272/541/349
f 465/543/351 273/546/354 272/541/349
f 465/543/351 466/547/355 274/545/353
f 466/547/355 467/550/358 275/548/356
f 468/549/357 276/552/360 275/548/356
f 468/549/357 469/553/361 277/551/359
f 469/553/361 470/556/364 278/554/362
f 471/555/363 279/558/366 278/554/362
f 472/557/365 280/560/368 279/558/366
f 472/557/365 473/562/370 281/559/367
f 474/561/369 282/564/372 281/559/367
f 475/563/371 283/566/374 282/564/372
f 475/563/371 476/568/376 284/565/373
f 477/567/375 285/570/378 284/565/373
f 478/569/377 286/572/380 285/570/378
f 478/569/377 479/574/382 287/571/379
f 480/573/381 288/576/384 287/571/379
f 480/573/381 481/577/385 289/575/383
f 481/577/385 482/580/388 290/578/386
f 483/579/387 291/582/390 290/578/386
f 484/581/389 292/584/392 291/582/390
f 484/581/389 485/586/394 293/583/391
f 486/585/393 294/588/396 293/583/391
f 486/585/393 487/589/397 295/587/395
f 487/589/397 488/592/400 296/590/398
f 489/591/399 297/594/402 296/590/398
f 489/591/399 490/595/403 298/593/401
f 490/595/403 491/598/406 299/596/404
f 492/597/405 300/600/408 299/596/404
f 492/597/405 493/601/409 301/599/407
f 493/601/409 494/604/412 302/602/410
f 495/603/411 303/606/414 302/602/410
f 496/605/413 304/608/416 303/606/414
f 496/605/413 497/610/418 305/607/415
f 498/609/417 306/612/420 305/607/415
f 499/611/419 307/614/422 306/612/420
f 499/611/419 500/616/424 308/613/421
f 501/615/423 309/618/426 308/613/421
f 501/615/423 502/619/427 310/617/425
f 502/619/427 503/622/430 311/620/428
f 504/621/429 312/624/432 311/620/428
f 505/623/431 313/626/434 312/624/432
f 505/623/431 506/628/436 314/625/433
f 507/627/435 315/630/438 314/625/433
f 508/629/437 316/632/440 315/630/438
f 508/629/437 509/634/442 317/631/439
f 510/633/441 318/636/444 317/631/439
f 510/633/441 511/637/445 319/635/443
f 511/637/445 512/640/448 320/638/446
f 513/639/447 321/642/450 320/638/446
f 514/641/449 322/644/452 321/642/450
f 514/641/449 515/646/454 323/643/451
f 516/645/453 324/648/456 323/643/451
f 516/645/453 517/649/457 325/647/455
f 517/649/457 518/652/460 326/650/458
f 519/651/459 327/654/462 326/650/458
f 519/651/459 520/655/463 328/653/461
f 520/655/463 521/658/466 329/656/464
f 522/657/465 330/660/468 329/656/464
f 522/657/465 523/661/469 331/659/467
f 523/661/469 524/664/472 332/662/470
f 525/663/471 333/666/474 332/662/470
f 526/665/473 334/668/476 333/666/474
f 526/665/473 527/670/478 335/667/475
f 528/669/477 336/672/480 335/667/475
f 528/669/477 529/673/481 337/671/479
f 529/673/481 530/1926/484 338/674/482
f 531/675/483 339/679/486 338/676/482
f 532/678/485 340/681/488 339/679/486
f 532/678/485 533/683/490 341/680/487
f 534/682/489 342/685/492 341/680/487
f 534/682/489 535/686/493 343/684/491
f 535/686/493 536/689/496 344/687/494
f 537/688/495 345/691/498 344/687/494
f 538/690/497 346/693/500 345/691/498
f 538/690/497 539/695/502 347/692/499
f 540/694/501 348/697/504 347/692/499
f 541/696/503 349/699/506 348/697/504
f 541/696/503 542/701/508 350/698/505
f 543/700/507 351/703/510 350/698/505
f 544/702/509 352/705/512 351/703/510
f 544/702/509 545/707/514 353/704/511
f 546/706/513 354/709/516 353/704/511
f 547/708/515 355/711/518 354/709/516
f 547/708/515 548/713/520 356/710/517
f 549/712/519 357/715/522 356/710/517
f 550/714/521 358/717/524 357/715/522
f 550/714/521 551/719/526 359/716/523
f 552/718/525 360/721/528 359/716/523
f 552/718/525 553/722/529 361/720/527
f 553/722/529 554/725/532 362/723/530
f 555/724/531 363/727/534 362/723/530
f 555/724/531 556/728/535 364/726/533
f 556/728/535 557/731/538 365/729/536
f 558/730/537 366/733/540 365/729/536
f 559/732/539 367/735/542 366/733/540
f 559/732/539 560/737/544 368/734/541
f 561/736/543 369/739/546 368/734/541
f 561/736/543 562/740/547 370/738/545
f 562/740/547 563/743/550 371/741/548
f 564/742/549 372/745/552 371/741/548
f 564/742/549 565/746/553 373/744/551
f 565/746/553 566/749/556 374/747/554
f 567/748/555 375/751/558 374/747/554
f 568/750/557 376/753/560 375/751/558
f 568/750/557 569/755/562 377/752/559
f 570/754/561 378/757/564 377/752/559
f 571/756/563 379/759/566 378/757/564
f 571/756/563 572/761/568 380/758/565
f 573/760/567 381/763/570 380/758/565
f 574/762/569 382/765/572 381/763/570
f 574/762/569 575/767/574 383/764/571
f 576/766/573 384/769/576 383/764/571
f 576/766/573 577/770/577 385/768/575
f 577/770/577 386/388/196 194/387/195
s 578
f 770/1156/770 771/1160/774 579/1157/771
f 772/1159/773 580/1162/776 579/1157/771
f 773/1161/775 581/1164/778 580/1162/776
f 773/1161/775 774/1166/780 582/1163/777
f 775/1165/779 583/1168/782 582/1163/777
f 776/1167/781 584/1170/784 583/1168/782
f 776/1167/781 777/1172/786 585/1169/783
f 778/1171/785 586/1174/788 585/1169/783
f 779/1173/787 587/1176/790 586/1174/788
f 779/1173/787 780/1178/792 588/1175/789
f 781/1177/791 589/1180/794 588/1175/789
f 782/1179/793 590/1182/796 589/1180/794
f 782/1179/793 783/1183/797 591/1181/795
f 783/1183/797 784/1186/800 592/1184/798
f 785/1185/799 593/1188/802 592/1184/798
f 785/1185/799 786/1189/803 594/1187/801
f 786/1189/803 787/1192/806 595/1190/804
f 788/1191/805 596/1194/808 595/1190/804
f 788/1191/805 789/1196/810 597/1193/807
f 790/1195/809 598/1198/812 597/1193/807
f 791/1197/811 599/1200/814 598/1198/812
f 791/1197/811 792/1201/815 600/1199/813
f 792/1201/815 793/1204/818 601/1202/816
f 794/1203/817 602/1206/820 601/1202/816
f 794/1203/817 795/1207/821 603/1205/819
f 795/1207/821 796/1210/824 604/1208/822
f 797/1209/823 605/1212/826 604/1208/822
f 797/1209/823 798/1214/828 606/1211/825
f 799/1213/827 607/1216/830 606/1211/825
f 800/1215/829 608/1218/832 607/1216/830
f 800/1215/829 801/1219/833 609/1217/831
f 801/1219/833 802/1222/836 610/1220/834
f 803/1221/835 611/1224/838 610/1220/834
f 803/1221/835 804/1226/840 612/1223/837
f 805/1225/839 613/1228/842 612/1223/837
f 806/1227/841 614/1230/844 613/1228/842
f 806/1227/841 807/1232/846 615/1229/843
f 808/1231/845 616/1234/848 615/1229/843
f 809/1233/847 617/1236/850 616/1234/848
f 809/1233/847 810/1238/852 618/1235/849
f 811/1237/851 619/1240/854 618/1235/849
f 812/1239/853 620/1242/856 619/1240/854
f 812/1239/853 813/1243/857 621/1241/855
f 813/1243/857 814/1246/860 622/1244/858
f 815/1245/859 623/1248/862 622/1244/858
f 815/1245/859 816/1249/863 624/1247/861
f 816/1249/863 817/1252/866 625/1250/864
f 818/1251/865 626/1254/868 625/1250/864
f 818/1251/865 819/1255/869 627/1253/867
f 819/1255/869 820/1258/872 628/1256/870
f 821/1257/871 629/1260/874 628/1256/870
f 821/1257/871 822/1262/876 630/1259/873
f 823/1261/875 631/1264/878 630/1259/873
f 824/1263/877 632/1266/880 631/1264/878
f 824/1263/877 825/1267/881 633/1265/879
f 825/1267/881 826/1270/884 634/1268/882
f 827/1269/883 635/1272/886 634/1268/882
f 827/1269/883 828/1273/887 636/1271/885
f 828/1273/887 829/1276/890 637/1274/888
f 830/1275/889 638/1278/892 637/1274/888
f 830/1275/889 831/1279/893 639/1277/891
f 831/1279/893 832/1282/896 640/1280/894
f 833/1281/895 641/1284/898 640/1280/894
f 833/1281/895 834/1286/900 642/1283/897
f 835/1285/899 643/1288/902 642/1283/897
f 836/1287/901 644/1290/904 643/1288/902
f 836/1287/901 837/1291/905 645/1289/903
f 837/1291/905 838/1294/908 646/1292/906
f 839/1293/907 647/1296/910 646/1292/906
f 839/1293/907 840/1298/912 648/1295/909
f 841/1297/911 649/1300/914 648/1295/909
f 842/1299/913 650/1302/916 649/1300/914
f 842/1299/913 843/1304/918 651/1301/915
f 844/1303/917 652/1306/920 651/1301/915
f 845/1305/919 653/1308/922 652/1306/920
f 845/1305/919 846/1309/923 654/1307/921
f 846/1309/923 847/1312/926 655/1310/924
f 848/1311/925 656/1314/928 655/1310/924
f 848/1311/925 849/1316/930 657/1313/927
f 850/1315/929 658/1318/932 657/1313/927
f 851/1317/931 659/1320/934 658/1318/932
f 851/1317/931 852/1322/936 660/1319/933
f 853/1321/935 661/1324/938 660/1319/933
f 854/1323/937 662/1326/940 661/1324/938
f 854/1323/937 855/1327/941 663/1325/939
f 855/1327/941 856/1330/944 664/1328/942
f 857/1329/943 665/1332/946 664/1328/942
f 857/1329/943 858/1333/947 666/1331/945
f 858/1333/947 859/1336/950 667/1334/948
f 860/1335/949 668/1338/952 667/1334/948
f 860/1335/949 861/1339/953 669/1337/951
f 861/1339/953 862/1342/956 670/1340/954
f 863/1341/955 671/1344/958 670/1340/954
f 863/1341/955 864/1346/960 672/1343/957
f 865/1345/959 673/1348/962 672/1343/957
f 866/1347/961 674/1350/964 673/1348/962
f 866/1347/961 867/1352/966 675/1349/963
f 868/1351/965 676/1354/968 675/1349/963
f 869/1353/967 677/1356/970 676/1354/968
f 869/1353/967 870/1358/972 678/1355/969
f 871/1357/971 679/1360/974 678/1355/969
f 872/1359/973 680/1362/976 679/1360/974
f 872/1359/973 873/1364/978 681/1361/975
f 874/1363/977 682/1366/980 681/1361/975
f 875/1365/979 683/1368/982 682/1366/980
f 875/1365/979 876/1370/984 684/1367/981
f 877/1369/983 685/1372/986 684/1367/981
f 878/1371/985 686/1374/988 685/1372/986
f 878/1371/985 879/1375/989 687/1373/987
f 879/1375/989 880/1378/992 688/1376/990
f 881/1377/991 689/1380/994 688/1376/990
f 881/1377/991 882/1381/995 690/1379/993
f 882/1381/995 883/1384/998 691/1382/996
f 884/1383/997 692/1386/1000 691/1382/996
f 884/1383/997 885/1388/1002 693/1385/999
f 886/1387/1001 694/1390/1004 693/1385/999
f 887/1389/1003 695/1392/1006 694/1390/1004
f 887/1389/1003 888/1393/1007 696/1391/1005
f 888/1393/1007 889/1396/1010 697/1394/1008
f 890/1395/1009 698/1398/1012 697/1394/1008
f 890/1395/1009 891/1399/1013 699/1397/1011
f 891/1399/1013 892/1402/1016 700/1400/1014
f 893/1401/1015 701/1404/1018 700/1400/1014
f 893/1401/1015 894/1406/1020 702/1403/1017
f 895/1405/1019 703/1408/1022 702/1403/1017
f 896/1407/1021 704/1410/1024 703/1408/1022
f 896/1407/1021 897/1411/1025 705/1409/1023
f 897/1411/1025 898/1414/1028 706/1412/1026
f 899/1413/1027 707/1416/1030 706/1412/1026
f 899/1413/1027 900/1418/1032 708/1415/1029
f 901/1417/1031 709/1420/1034 708/1415/1029
f 902/1419/1033 710/1422/1036 709/1420/1034
f 902/1419/1033 903/1424/1038 711/1421/1035
f 904/1423/1037 712/1426/1040 711/1421/1035
f 905/1425/1039 713/1428/1042 712/1426/1040
f 905/1425/1039 906/1430/1044 714/1427/1041
f 907/1429/1043 715/1432/1046 714/1427/1041
f 908/1431/1045 716/1434/1048 715/1432/1046
f 908/1431/1045 909/1435/1049 717/1433/1047
f 909/1435/1049 910/1438/1052 718/1436/1050
f 911/1437/1051 719/1440/1054 718/1436/1050
f 911/1437/1051 912/1441/1055 720/1439/1053
f 912/1441/1055 913/1444/1058 721/1442/1056
f 914/1443/1057 722/1928/1060 721/1442/1056
f 914/1445/1057 915/1448/1061 723/1446/1059
f 915/1448/1061 916/1451/1064 724/1449/1062
f 917/1450/1063 725/1453/1066 724/1449/1062
f 917/1450/1063 918/1455/1068 726/1452/1065
f 919/1454/1067 727/1457/1070 726/1452/1065
f 920/1456/1069 728/1459/1072 727/1457/1070
f 920/1456/1069 921/1460/1073 729/1458/1071
f 921/1460/1073 922/1463/1076 730/1461/1074
f 923/1462/1075 731/1465/1078 730/1461/1074
f 923/1462/1075 924/1466/1079 732/1464/1077
f 924/1466/1079 925/1469/1082 733/1467/1080
f 926/1468/1081 734/1471/1084 733/1467/1080
f 926/1468/1081 927/1472/1085 735/1470/1083
f 927/1472/1085 928/1475/1088 736/1473/1086
f 929/1474/1087 737/1477/1090 736/1473/1086
f 929/1474/1087 930/1479/1092 738/1476/1089
f 931/1478/1091 739/1481/1094 738/1476/1089
f 932/1480/1093 740/1483/1096 739/1481/1094
f 932/1480/1093 933/1484/1097 741/1482/1095
f 933/1484/1097 934/1487/1100 742/1485/1098
f 935/1486/1099 743/1489/1102 742/1485/1098
f 935/1486/1099 936/1491/1104 744/1488/1101
f 937/1490/1103 745/1493/1106 744/1488/1101
f 938/1492/1105 746/1495/1108 745/1493/1106
f 938/1492/1105 939/1497/1110 747/1494/1107
f 940/1496/1109 748/1499/1112 747/1494/1107
f 941/1498/1111 749/1501/1114 748/1499/1112
f 941/1498/1111 942/1502/1115 750/1500/1113
f 942/1502/1115 943/1505/1118 751/1503/1116
f 944/1504/1117 752/1507/1120 751/1503/1116
f 944/1504/1117 945/1509/1122 753/1506/1119
f 946/1508/1121 754/1511/1124 753/1506/1119
f 947/1510/1123 755/1513/1126 754/1511/1124
f 947/1510/1123 948/1515/1128 756/1512/1125
f 949/1514/1127 757/1517/1130 756/1512/1125
f 950/1516/1129 758/1519/1132 757/1517/1130
f 950/1516/1129 951/1520/1133 759/1518/1131
f 951/1520/1133 952/1523/1136 760/1521/1134
f 953/1522/1135 761/1525/1138 760/1521/1134
f 953/1522/1135 954/1526/1139 762/1524/1137
f 954/1526/1139 955/1529/1142 763/1527/1140
f 956/1528/1141 764/1531/1144 763/1527/1140
f 956/1528/1141 957/1532/1145 765/1530/1143
f 957/1532/1145 958/1535/1148 766/1533/1146
f 959/1534/1147 767/1537/1150 766/1533/1146
f 959/1534/1147 960/1539/1152 768/1536/1149
f 961/1538/1151 769/1540/1153 768/1536/1149
f 770/1156/770 578/1158/772 769/1540/1153
s 0
g A_ClosedCoinRaisedRimAnd64EdgeReeds.001_verdigris_coin_bronze
usemtl verdigris_coin_bronze
f 579/771/578 386/772/578 578/773/578
f 580/774/579 387/775/579 579/771/579
f 581/776/580 388/777/580 580/774/580
f 582/778/581 389/779/581 581/776/581
f 583/780/582 390/781/582 582/778/582
f 584/782/583 391/783/583 583/780/583
f 585/784/584 392/785/584 584/782/584
f 586/786/585 393/787/585 585/784/585
f 587/788/586 394/789/586 586/786/586
f 588/790/587 395/791/587 587/788/587
f 589/792/588 396/793/588 588/790/588
f 590/794/589 397/795/589 589/792/589
f 591/796/590 398/797/590 590/794/590
f 592/798/591 399/799/591 591/796/591
f 593/800/592 400/801/592 592/798/592
f 594/802/593 401/803/593 593/800/593
f 595/804/594 402/805/594 594/802/594
f 596/806/595 403/807/595 595/804/595
f 597/808/596 404/809/596 596/806/596
f 598/810/597 405/811/597 597/808/597
f 599/812/598 406/813/598 598/810/598
f 600/814/599 407/815/599 599/812/599
f 601/816/600 408/817/600 600/814/600
f 602/818/601 409/819/601 601/816/601
f 603/820/602 410/821/602 602/818/602
f 604/822/603 411/823/603 603/820/603
f 605/824/604 412/825/604 604/822/604
f 606/826/605 413/827/605 605/824/605
f 607/828/606 414/829/606 606/826/606
f 608/830/607 415/831/607 607/828/607
f 609/832/608 416/833/608 608/830/608
f 610/834/609 417/835/609 609/832/609
f 611/836/610 418/837/610 610/834/610
f 612/838/611 419/839/611 611/836/611
f 613/840/612 420/841/612 612/838/612
f 614/842/613 421/843/613 613/840/613
f 615/844/614 422/845/614 614/842/614
f 616/846/615 423/847/615 615/844/615
f 617/848/616 424/849/616 616/846/616
f 618/850/617 425/851/617 617/848/617
f 619/852/618 426/853/618 618/850/618
f 620/854/619 427/855/619 619/852/619
f 621/856/620 428/857/620 620/854/620
f 622/858/621 429/859/621 621/856/621
f 623/860/622 430/861/622 622/858/622
f 624/862/623 431/863/623 623/860/623
f 625/864/624 432/865/624 624/862/624
f 626/866/625 433/867/625 625/864/625
f 627/868/626 434/869/626 626/866/626
f 628/870/627 435/871/627 627/868/627
f 629/872/628 436/873/628 628/870/628
f 630/874/629 437/875/629 629/872/629
f 631/876/630 438/877/630 630/874/630
f 632/878/631 439/879/631 631/876/631
f 633/880/632 440/881/632 632/878/632
f 634/882/633 441/883/633 633/880/633
f 635/884/634 442/885/634 634/882/634
f 636/886/635 443/887/635 635/884/635
f 637/888/636 444/889/636 636/886/636
f 638/890/637 445/891/637 637/888/637
f 639/892/638 446/893/638 638/890/638
f 640/894/639 447/895/639 639/892/639
f 641/896/640 448/897/640 640/894/640
f 642/898/641 449/899/641 641/896/641
f 643/900/642 450/901/642 642/898/642
f 644/902/643 451/903/643 643/900/643
f 645/904/644 452/905/644 644/902/644
f 646/906/645 453/907/645 645/904/645
f 647/908/646 454/909/646 646/906/646
f 648/910/647 455/911/647 647/908/647
f 649/912/648 456/913/648 648/910/648
f 650/914/649 457/915/649 649/912/649
f 651/916/650 458/917/650 650/914/650
f 652/918/651 459/919/651 651/916/651
f 653/920/652 460/921/652 652/918/652
f 654/922/653 461/923/653 653/920/653
f 655/924/654 462/925/654 654/922/654
f 656/926/655 463/927/655 655/924/655
f 657/928/656 464/929/656 656/926/656
f 658/930/657 465/931/657 657/928/657
f 659/932/658 466/933/658 658/930/658
f 660/934/659 467/935/659 659/932/659
f 661/936/660 468/937/660 660/934/660
f 662/938/661 469/939/661 661/936/661
f 663/940/662 470/941/662 662/938/662
f 664/942/663 471/943/663 663/940/663
f 665/944/664 472/945/664 664/942/664
f 666/946/665 473/947/665 665/944/665
f 667/948/666 474/949/666 666/946/666
f 668/950/667 475/951/667 667/948/667
f 669/952/668 476/953/668 668/950/668
f 670/954/669 477/955/669 669/952/669
f 671/956/670 478/957/670 670/954/670
f 672/958/671 479/959/671 671/956/671
f 673/960/672 480/961/672 672/958/672
f 674/962/673 481/963/673 673/960/673
f 675/964/674 482/965/674 674/962/674
f 676/966/675 483/967/675 675/964/675
f 677/968/676 484/969/676 676/966/676
f 678/970/677 485/971/677 677/968/677
f 679/972/678 486/973/678 678/970/678
f 680/974/679 487/975/679 679/972/679
f 681/976/680 488/977/680 680/974/680
f 682/978/681 489/979/681 681/976/681
f 683/980/682 490/981/682 682/978/682
f 684/982/683 491/983/683 683/980/683
f 685/984/684 492/985/684 684/982/684
f 686/986/685 493/987/685 685/984/685
f 687/988/686 494/989/686 686/986/686
f 688/990/687 495/991/687 687/988/687
f 689/992/688 496/993/688 688/990/688
f 690/994/689 497/995/689 689/992/689
f 691/996/690 498/997/690 690/994/690
f 692/998/691 499/999/691 691/996/691
f 693/1000/692 500/1001/692 692/998/692
f 694/1002/693 501/1003/693 693/1000/693
f 695/1004/694 502/1005/694 694/1002/694
f 696/1006/695 503/1007/695 695/1004/695
f 697/1008/696 504/1009/696 696/1006/696
f 698/1010/697 505/1011/697 697/1008/697
f 699/1012/698 506/1013/698 698/1010/698
f 700/1014/699 507/1015/699 699/1012/699
f 701/1016/700 508/1017/700 700/1014/700
f 702/1018/701 509/1019/701 701/1016/701
f 703/1020/702 510/1021/702 702/1018/702
f 704/1022/703 511/1023/703 703/1020/703
f 705/1024/704 512/1025/704 704/1022/704
f 706/1026/705 513/1027/705 705/1024/705
f 707/1028/706 514/1029/706 706/1026/706
f 708/1030/707 515/1031/707 707/1028/707
f 709/1032/708 516/1033/708 708/1030/708
f 710/1034/709 517/1035/709 709/1032/709
f 711/1036/710 518/1037/710 710/1034/710
f 712/1038/711 519/1039/711 711/1036/711
f 713/1040/712 520/1041/712 712/1038/712
f 714/1042/713 521/1043/713 713/1040/713
f 715/1044/714 522/1045/714 714/1042/714
f 716/1046/715 523/1047/715 715/1044/715
f 717/1048/716 524/1049/716 716/1046/716
f 718/1050/717 525/1051/717 717/1048/717
f 719/1052/718 526/1053/718 718/1050/718
f 720/1054/719 527/1055/719 719/1052/719
f 721/1056/720 528/1057/720 720/1054/720
f 722/1058/721 529/1059/721 721/1056/721
f 723/1060/722 530/1061/722 722/1062/722
f 724/1063/723 531/1064/723 723/1060/723
f 725/1065/724 532/1066/724 724/1063/724
f 726/1067/725 533/1068/725 725/1065/725
f 727/1069/726 534/1070/726 726/1067/726
f 728/1071/727 535/1072/727 727/1069/727
f 729/1073/728 536/1074/728 728/1071/728
f 730/1075/729 537/1076/729 729/1073/729
f 731/1077/730 538/1078/730 730/1075/730
f 732/1079/731 539/1080/731 731/1077/731
f 733/1081/732 540/1082/732 732/1079/732
f 734/1083/733 541/1084/733 733/1081/733
f 735/1085/734 542/1086/734 734/1083/734
f 736/1087/735 543/1088/735 735/1085/735
f 737/1089/736 544/1090/736 736/1087/736
f 738/1091/737 545/1092/737 737/1089/737
f 739/1093/738 546/1094/738 738/1091/738
f 740/1095/739 547/1096/739 739/1093/739
f 741/1097/740 548/1098/740 740/1095/740
f 742/1099/741 549/1100/741 741/1097/741
f 743/1101/742 550/1102/742 742/1099/742
f 744/1103/743 551/1104/743 743/1101/743
f 745/1105/744 552/1106/744 744/1103/744
f 746/1107/745 553/1108/745 745/1105/745
f 747/1109/746 554/1110/746 746/1107/746
f 748/1111/747 555/1112/747 747/1109/747
f 749/1113/748 556/1114/748 748/1111/748
f 750/1115/749 557/1116/749 749/1113/749
f 751/1117/750 558/1118/750 750/1115/750
f 752/1119/751 559/1120/751 751/1117/751
f 753/1121/752 560/1122/752 752/1119/752
f 754/1123/753 561/1124/753 753/1121/753
f 755/1125/754 562/1126/754 754/1123/754
f 756/1127/755 563/1128/755 755/1125/755
f 757/1129/756 564/1130/756 756/1127/756
f 758/1131/757 565/1132/757 757/1129/757
f 759/1133/758 566/1134/758 758/1131/758
f 760/1135/759 567/1136/759 759/1133/759
f 761/1137/760 568/1138/760 760/1135/760
f 762/1139/761 569/1140/761 761/1137/761
f 763/1141/762 570/1142/762 762/1139/762
f 764/1143/763 571/1144/763 763/1141/763
f 765/1145/764 572/1146/764 764/1143/764
f 766/1147/765 573/1148/765 765/1145/765
f 767/1149/766 574/1150/766 766/1147/766
f 768/1151/767 575/1152/767 767/1149/767
f 769/1153/768 576/1154/768 768/1151/768
f 578/773/769 577/1155/769 769/1153/769
f 579/771/578 387/775/578 386/772/578
f 580/774/579 388/777/579 387/775/579
f 581/776/580 389/779/580 388/777/580
f 582/778/581 390/781/581 389/779/581
f 583/780/582 391/783/582 390/781/582
f 584/782/583 392/785/583 391/783/583
f 585/784/584 393/787/584 392/785/584
f 586/786/585 394/789/585 393/787/585
f 587/788/586 395/791/586 394/789/586
f 588/790/587 396/793/587 395/791/587
f 589/792/588 397/795/588 396/793/588
f 590/794/589 398/797/589 397/795/589
f 591/796/590 399/799/590 398/797/590
f 592/798/591 400/801/591 399/799/591
f 593/800/592 401/803/592 400/801/592
f 594/802/593 402/805/593 401/803/593
f 595/804/594 403/807/594 402/805/594
f 596/806/595 404/809/595 403/807/595
f 597/808/596 405/811/596 404/809/596
f 598/810/597 406/813/597 405/811/597
f 599/812/598 407/815/598 406/813/598
f 600/814/599 408/817/599 407/815/599
f 601/816/600 409/819/600 408/817/600
f 602/818/601 410/821/601 409/819/601
f 603/820/602 411/823/602 410/821/602
f 604/822/603 412/825/603 411/823/603
f 605/824/604 413/827/604 412/825/604
f 606/826/605 414/829/605 413/827/605
f 607/828/606 415/831/606 414/829/606
f 608/830/607 416/833/607 415/831/607
f 609/832/608 417/835/608 416/833/608
f 610/834/609 418/837/609 417/835/609
f 611/836/610 419/839/610 418/837/610
f 612/838/611 420/841/611 419/839/611
f 613/840/612 421/843/612 420/841/612
f 614/842/613 422/845/613 421/843/613
f 615/844/614 423/847/614 422/845/614
f 616/846/615 424/849/615 423/847/615
f 617/848/616 425/851/616 424/849/616
f 618/850/617 426/853/617 425/851/617
f 619/852/618 427/855/618 426/853/618
f 620/854/619 428/857/619 427/855/619
f 621/856/620 429/859/620 428/857/620
f 622/858/621 430/861/621 429/859/621
f 623/860/622 431/863/622 430/861/622
f 624/862/623 432/865/623 431/863/623
f 625/864/624 433/867/624 432/865/624
f 626/866/625 434/869/625 433/867/625
f 627/868/626 435/871/626 434/869/626
f 628/870/627 436/873/627 435/871/627
f 629/872/628 437/875/628 436/873/628
f 630/874/629 438/877/629 437/875/629
f 631/876/630 439/879/630 438/877/630
f 632/878/631 440/881/631 439/879/631
f 633/880/632 441/883/632 440/881/632
f 634/882/633 442/885/633 441/883/633
f 635/884/634 443/887/634 442/885/634
f 636/886/635 444/889/635 443/887/635
f 637/888/636 445/891/636 444/889/636
f 638/890/637 446/893/637 445/891/637
f 639/892/638 447/895/638 446/893/638
f 640/894/639 448/897/639 447/895/639
f 641/896/640 449/899/640 448/897/640
f 642/898/641 450/901/641 449/899/641
f 643/900/642 451/903/642 450/901/642
f 644/902/643 452/905/643 451/903/643
f 645/904/644 453/907/644 452/905/644
f 646/906/645 454/909/645 453/907/645
f 647/908/646 455/911/646 454/909/646
f 648/910/647 456/913/647 455/911/647
f 649/912/648 457/915/648 456/913/648
f 650/914/649 458/917/649 457/915/649
f 651/916/650 459/919/650 458/917/650
f 652/918/651 460/921/651 459/919/651
f 653/920/652 461/923/652 460/921/652
f 654/922/653 462/925/653 461/923/653
f 655/924/654 463/927/654 462/925/654
f 656/926/655 464/929/655 463/927/655
f 657/928/656 465/931/656 464/929/656
f 658/930/657 466/933/657 465/931/657
f 659/932/658 467/935/658 466/933/658
f 660/934/659 468/937/659 467/935/659
f 661/936/660 469/939/660 468/937/660
f 662/938/661 470/941/661 469/939/661
f 663/940/662 471/943/662 470/941/662
f 664/942/663 472/945/663 471/943/663
f 665/944/664 473/947/664 472/945/664
f 666/946/665 474/949/665 473/947/665
f 667/948/666 475/951/666 474/949/666
f 668/950/667 476/953/667 475/951/667
f 669/952/668 477/955/668 476/953/668
f 670/954/669 478/957/669 477/955/669
f 671/956/670 479/959/670 478/957/670
f 672/958/671 480/961/671 479/959/671
f 673/960/672 481/963/672 480/961/672
f 674/962/673 482/965/673 481/963/673
f 675/964/674 483/967/674 482/965/674
f 676/966/675 484/969/675 483/967/675
f 677/968/676 485/971/676 484/969/676
f 678/970/677 486/973/677 485/971/677
f 679/972/678 487/975/678 486/973/678
f 680/974/679 488/977/679 487/975/679
f 681/976/680 489/979/680 488/977/680
f 682/978/681 490/981/681 489/979/681
f 683/980/682 491/983/682 490/981/682
f 684/982/683 492/985/683 491/983/683
f 685/984/684 493/987/684 492/985/684
f 686/986/685 494/989/685 493/987/685
f 687/988/686 495/991/686 494/989/686
f 688/990/687 496/993/687 495/991/687
f 689/992/688 497/995/688 496/993/688
f 690/994/689 498/997/689 497/995/689
f 691/996/690 499/999/690 498/997/690
f 692/998/691 500/1001/691 499/999/691
f 693/1000/692 501/1003/692 500/1001/692
f 694/1002/693 502/1005/693 501/1003/693
f 695/1004/694 503/1007/694 502/1005/694
f 696/1006/695 504/1009/695 503/1007/695
f 697/1008/696 505/1011/696 504/1009/696
f 698/1010/697 506/1013/697 505/1011/697
f 699/1012/698 507/1015/698 506/1013/698
f 700/1014/699 508/1017/699 507/1015/699
f 701/1016/700 509/1019/700 508/1017/700
f 702/1018/701 510/1021/701 509/1019/701
f 703/1020/702 511/1023/702 510/1021/702
f 704/1022/703 512/1025/703 511/1023/703
f 705/1024/704 513/1027/704 512/1025/704
f 706/1026/705 514/1029/705 513/1027/705
f 707/1028/706 515/1031/706 514/1029/706
f 708/1030/707 516/1033/707 515/1031/707
f 709/1032/708 517/1035/708 516/1033/708
f 710/1034/709 518/1037/709 517/1035/709
f 711/1036/710 519/1039/710 518/1037/710
f 712/1038/711 520/1041/711 519/1039/711
f 713/1040/712 521/1043/712 520/1041/712
f 714/1042/713 522/1045/713 521/1043/713
f 715/1044/714 523/1047/714 522/1045/714
f 716/1046/715 524/1049/715 523/1047/715
f 717/1048/716 525/1051/716 524/1049/716
f 718/1050/717 526/1053/717 525/1051/717
f 719/1052/718 527/1055/718 526/1053/718
f 720/1054/719 528/1057/719 527/1055/719
f 721/1056/720 529/1059/720 528/1057/720
f 722/1058/721 530/1927/721 529/1059/721
f 723/1060/722 531/1064/722 530/1061/722
f 724/1063/723 532/1066/723 531/1064/723
f 725/1065/724 533/1068/724 532/1066/724
f 726/1067/725 534/1070/725 533/1068/725
f 727/1069/726 535/1072/726 534/1070/726
f 728/1071/727 536/1074/727 535/1072/727
f 729/1073/728 537/1076/728 536/1074/728
f 730/1075/729 538/1078/729 537/1076/729
f 731/1077/730 539/1080/730 538/1078/730
f 732/1079/731 540/1082/731 539/1080/731
f 733/1081/732 541/1084/732 540/1082/732
f 734/1083/733 542/1086/733 541/1084/733
f 735/1085/734 543/1088/734 542/1086/734
f 736/1087/735 544/1090/735 543/1088/735
f 737/1089/736 545/1092/736 544/1090/736
f 738/1091/737 546/1094/737 545/1092/737
f 739/1093/738 547/1096/738 546/1094/738
f 740/1095/739 548/1098/739 547/1096/739
f 741/1097/740 549/1100/740 548/1098/740
f 742/1099/741 550/1102/741 549/1100/741
f 743/1101/742 551/1104/742 550/1102/742
f 744/1103/743 552/1106/743 551/1104/743
f 745/1105/744 553/1108/744 552/1106/744
f 746/1107/745 554/1110/745 553/1108/745
f 747/1109/746 555/1112/746 554/1110/746
f 748/1111/747 556/1114/747 555/1112/747
f 749/1113/748 557/1116/748 556/1114/748
f 750/1115/749 558/1118/749 557/1116/749
f 751/1117/750 559/1120/750 558/1118/750
f 752/1119/751 560/1122/751 559/1120/751
f 753/1121/752 561/1124/752 560/1122/752
f 754/1123/753 562/1126/753 561/1124/753
f 755/1125/754 563/1128/754 562/1126/754
f 756/1127/755 564/1130/755 563/1128/755
f 757/1129/756 565/1132/756 564/1130/756
f 758/1131/757 566/1134/757 565/1132/757
f 759/1133/758 567/1136/758 566/1134/758
f 760/1135/759 568/1138/759 567/1136/759
f 761/1137/760 569/1140/760 568/1138/760
f 762/1139/761 570/1142/761 569/1140/761
f 763/1141/762 571/1144/762 570/1142/762
f 764/1143/763 572/1146/763 571/1144/763
f 765/1145/764 573/1148/764 572/1146/764
f 766/1147/765 574/1150/765 573/1148/765
f 767/1149/766 575/1152/766 574/1150/766
f 768/1151/767 576/1154/767 575/1152/767
f 769/1153/768 577/1155/768 576/1154/768
f 578/773/769 386/772/769 577/1155/769
