# Blender 5.2.2 LTS
# www.blender.org
mtllib environment.mtl
g st_maria_praca_TH_RENDER_st_maria_praca_TH_RENDER_seed
v -17.799999 0.000000 8.000000
v -17.156757 0.000000 8.000000
v -16.513514 0.000000 8.000000
v -15.870271 0.000000 8.000000
v -15.227027 0.000000 8.000000
v -14.583784 0.000000 8.000000
v -13.940540 0.000000 8.000000
v -13.297297 0.000000 8.000000
v -12.654054 0.000000 8.000000
v -12.010811 0.000000 8.000000
v -11.367568 0.000000 8.000000
v -10.724324 0.000000 8.000000
v -10.081081 0.000000 8.000000
v -9.437838 0.000000 8.000000
v -8.794595 0.000000 8.000000
v -8.151351 0.000000 8.000000
v -7.508108 0.000000 8.000000
v -6.864865 0.000000 8.000000
v -6.221622 0.000000 8.000000
v -5.578378 0.000000 8.000000
v -4.935135 0.000000 8.000000
v -4.291892 0.000000 8.000000
v -3.648649 0.000000 8.000000
v -3.005405 0.000000 8.000000
v -2.362162 0.000000 8.000000
v -1.718919 0.000000 8.000000
v -1.075676 0.000000 8.000000
v -0.432432 0.000000 8.000000
v 0.210811 0.000000 8.000000
v 0.854054 0.000000 8.000000
v 1.497297 0.000000 8.000000
v 2.140541 0.000000 8.000000
v 2.783784 0.000000 8.000000
v 3.427027 0.000000 8.000000
v 4.070270 0.000000 8.000000
v 4.713513 0.000000 8.000000
v 5.356757 0.000000 8.000000
v 6.000000 0.000000 8.000000
v -17.799999 0.000000 0.000000
v -17.156757 0.000000 0.000000
v -16.513514 0.000000 0.000000
v -15.870271 0.000000 0.000000
v -15.227027 0.000000 0.000000
v -14.583784 0.000000 0.000000
v -13.940540 0.000000 0.000000
v -13.297297 0.000000 0.000000
v -12.654054 0.000000 0.000000
v -12.010811 0.000000 0.000000
v -11.367568 0.000000 0.000000
v -10.724324 0.000000 0.000000
v -10.081081 0.000000 0.000000
v -9.437838 0.000000 0.000000
v -8.794595 0.000000 0.000000
v -8.151351 0.000000 0.000000
v -7.508108 0.000000 0.000000
v -6.864865 0.000000 0.000000
v -6.221622 0.000000 0.000000
v -5.578378 0.000000 0.000000
v -4.935135 0.000000 0.000000
v -4.291892 0.000000 0.000000
v -3.648649 0.000000 0.000000
v -3.005405 0.000000 0.000000
v -2.362162 0.000000 0.000000
v -1.718919 0.000000 0.000000
v -1.075676 0.000000 0.000000
v -0.432432 0.000000 0.000000
v 0.210811 0.000000 0.000000
v 0.854054 0.000000 0.000000
v 1.497297 0.000000 0.000000
v 2.140541 0.000000 0.000000
v 2.783784 0.000000 0.000000
v 3.427027 0.000000 0.000000
v 4.070270 0.000000 0.000000
v 4.713513 0.000000 0.000000
v 5.356757 0.000000 0.000000
v 6.000000 0.000000 0.000000
v -17.799999 0.000000 -2.000000
v -17.156757 0.000000 -2.000000
v -16.513514 0.000000 -2.000000
v -15.870271 0.000000 -2.000000
v -15.227027 0.000000 -2.000000
v -14.583784 0.000000 -2.000000
v -13.940540 0.000000 -2.000000
v -13.297297 0.000000 -2.000000
v -12.654054 0.000000 -2.000000
v -12.010811 0.000000 -2.000000
v -11.367568 0.000000 -2.000000
v -10.724324 0.000000 -2.000000
v -10.081081 0.000000 -2.000000
v -9.437838 0.000000 -2.000000
v -8.794595 0.000000 -2.000000
v -8.151351 0.000000 -2.000000
v -7.508108 0.000000 -2.000000
v -6.864865 0.000000 -2.000000
v -6.221622 0.000000 -2.000000
v -5.578378 0.000000 -2.000000
v -4.935135 0.000000 -2.000000
v -4.291892 0.000000 -2.000000
v -3.648649 0.000000 -2.000000
v -3.005405 0.000000 -2.000000
v -2.362162 0.000000 -2.000000
v -1.718919 0.000000 -2.000000
v -1.075676 0.000000 -2.000000
v -0.432432 0.000000 -2.000000
v 0.210811 0.000000 -2.000000
v 0.854054 0.000000 -2.000000
v 1.497297 0.000000 -2.000000
v 2.140541 0.000000 -2.000000
v 2.783784 0.000000 -2.000000
v 3.427027 0.000000 -2.000000
v 4.070270 0.000000 -2.000000
v 4.713513 0.000000 -2.000000
v 5.356757 0.000000 -2.000000
v 6.000000 0.000000 -2.000000
v -17.799999 0.300000 -8.000000
v -17.156757 0.300000 -8.000000
v -16.513514 0.300000 -8.000000
v -15.870271 0.300000 -8.000000
v -15.227027 0.300000 -8.000000
v -14.583784 0.300000 -8.000000
v -13.940540 0.300000 -8.000000
v -13.297297 0.300000 -8.000000
v -12.654054 0.300000 -8.000000
v -12.010811 0.300000 -8.000000
v -11.367568 0.300000 -8.000000
v -10.724324 0.300000 -8.000000
v -10.081081 0.300000 -8.000000
v -9.437838 0.300000 -8.000000
v -8.794595 0.300000 -8.000000
v -8.151351 0.300000 -8.000000
v -7.508108 0.300000 -8.000000
v -6.864865 0.300000 -8.000000
v -6.221622 0.300000 -8.000000
v -5.578378 0.300000 -8.000000
v -4.935135 0.300000 -8.000000
v -4.291892 0.300000 -8.000000
v -3.648649 0.300000 -8.000000
v -3.005405 0.300000 -8.000000
v -2.362162 0.300000 -8.000000
v -1.718919 0.300000 -8.000000
v -1.075676 0.300000 -8.000000
v -0.432432 0.300000 -8.000000
v 0.210811 0.300000 -8.000000
v 0.854054 0.300000 -8.000000
v 1.497297 0.300000 -8.000000
v 2.140541 0.300000 -8.000000
v 2.783784 0.300000 -8.000000
v 3.427027 0.300000 -8.000000
v 4.070270 0.300000 -8.000000
v 4.713513 0.300000 -8.000000
v 5.356757 0.300000 -8.000000
v 6.000000 0.300000 -8.000000
v -17.799999 0.300000 -12.000000
v -17.156757 0.300000 -12.000000
v -16.513514 0.300000 -12.000000
v -15.870271 0.300000 -12.000000
v -15.227027 0.300000 -12.000000
v -14.583784 0.300000 -12.000000
v -13.940540 0.300000 -12.000000
v -13.297297 0.300000 -12.000000
v -12.654054 0.300000 -12.000000
v -12.010811 0.300000 -12.000000
v -11.367568 0.300000 -12.000000
v -10.724324 0.300000 -12.000000
v -10.081081 0.300000 -12.000000
v -9.437838 0.300000 -12.000000
v -8.794595 0.300000 -12.000000
v -8.151351 0.300000 -12.000000
v -7.508108 0.300000 -12.000000
v -6.864865 0.300000 -12.000000
v -6.221622 0.300000 -12.000000
v -5.578378 0.300000 -12.000000
v -4.935135 0.300000 -12.000000
v -4.291892 0.300000 -12.000000
v -3.648649 0.300000 -12.000000
v -3.005405 0.300000 -12.000000
v -2.362162 0.300000 -12.000000
v -1.718919 0.300000 -12.000000
v -1.075676 0.300000 -12.000000
v -0.432432 0.300000 -12.000000
v 0.210811 0.300000 -12.000000
v 0.854054 0.300000 -12.000000
v 1.497297 0.300000 -12.000000
v 2.140541 0.300000 -12.000000
v 2.783784 0.300000 -12.000000
v 3.427027 0.300000 -12.000000
v 4.070270 0.300000 -12.000000
v 4.713513 0.300000 -12.000000
v 5.356757 0.300000 -12.000000
v 6.000000 0.300000 -12.000000
v -17.799999 0.300000 -22.000000
v -17.156757 0.300000 -22.000000
v -16.513514 0.300000 -22.000000
v -15.870271 0.300000 -22.000000
v -15.227027 0.300000 -22.000000
v -14.583784 0.300000 -22.000000
v -13.940540 0.300000 -22.000000
v -13.297297 0.300000 -22.000000
v -12.654054 0.300000 -22.000000
v -12.010811 0.300000 -22.000000
v -11.367568 0.300000 -22.000000
v -10.724324 0.300000 -22.000000
v -10.081081 0.300000 -22.000000
v -9.437838 0.300000 -22.000000
v -8.794595 0.300000 -22.000000
v -8.151351 0.300000 -22.000000
v -7.508108 0.300000 -22.000000
v -6.864865 0.300000 -22.000000
v -6.221622 0.300000 -22.000000
v -5.578378 0.300000 -22.000000
v -4.935135 0.300000 -22.000000
v -4.291892 0.300000 -22.000000
v -3.648649 0.300000 -22.000000
v -3.005405 0.300000 -22.000000
v -2.362162 0.300000 -22.000000
v -1.718919 0.300000 -22.000000
v -1.075676 0.300000 -22.000000
v -0.432432 0.300000 -22.000000
v 0.210811 0.300000 -22.000000
v 0.854054 0.300000 -22.000000
v 1.497297 0.300000 -22.000000
v 2.140541 0.300000 -22.000000
v 2.783784 0.300000 -22.000000
v 3.427027 0.300000 -22.000000
v 4.070270 0.300000 -22.000000
v 4.713513 0.300000 -22.000000
v 5.356757 0.300000 -22.000000
v 6.000000 0.300000 -22.000000
v 4.500000 0.300000 1.700000
v 4.950000 0.300000 1.700000
v 4.950000 0.300000 0.175000
v 4.500000 0.300000 0.175000
v 4.500000 1.220000 1.700000
v 4.950000 1.220000 1.700000
v 4.950000 1.220000 0.175000
v 4.500000 1.220000 0.175000
v 4.500000 2.970000 1.700000
v 4.950000 2.970000 1.700000
v 4.950000 2.970000 0.175000
v 4.500000 2.970000 0.175000
v 4.500000 3.800000 1.700000
v 4.950000 3.800000 1.700000
v 4.950000 3.800000 0.175000
v 4.500000 3.800000 0.175000
v 4.950000 0.300000 -1.175000
v 4.500000 0.300000 -1.175000
v 4.950000 1.220000 -1.175000
v 4.500000 1.220000 -1.175000
v 4.950000 2.970000 -1.175000
v 4.500000 2.970000 -1.175000
v 4.950000 3.800000 -1.175000
v 4.500000 3.800000 -1.175000
v 4.950000 0.300000 -2.825000
v 4.500000 0.300000 -2.825000
v 4.950000 1.220000 -2.825000
v 4.500000 1.220000 -2.825000
v 4.950000 2.970000 -2.825000
v 4.500000 2.970000 -2.825000
v 4.950000 3.800000 -2.825000
v 4.500000 3.800000 -2.825000
v 4.950000 0.300000 -4.175000
v 4.500000 0.300000 -4.175000
v 4.950000 1.220000 -4.175000
v 4.500000 1.220000 -4.175000
v 4.950000 2.970000 -4.175000
v 4.500000 2.970000 -4.175000
v 4.950000 3.800000 -4.175000
v 4.500000 3.800000 -4.175000
v 4.950000 0.300000 -6.125000
v 4.500000 0.300000 -6.125000
v 4.950000 1.220000 -6.125000
v 4.500000 1.220000 -6.125000
v 4.950000 2.970000 -6.125000
v 4.500000 2.970000 -6.125000
v 4.950000 3.800000 -6.125000
v 4.500000 3.800000 -6.125000
v 4.950000 0.300000 -7.475000
v 4.500000 0.300000 -7.475000
v 4.950000 1.220000 -7.475000
v 4.500000 1.220000 -7.475000
v 4.950000 2.970000 -7.475000
v 4.500000 2.970000 -7.475000
v 4.950000 3.800000 -7.475000
v 4.500000 3.800000 -7.475000
v 4.950000 0.300000 -8.450000
v 4.950000 1.220000 -8.450000
v 4.500000 1.220000 -8.450000
v 4.950000 2.970000 -8.450000
v 4.500000 2.970000 -8.450000
v 4.950000 3.800000 -8.450000
v 4.500000 3.800000 -8.450000
v 4.500000 0.300000 1.925000
v 9.500000 0.300000 1.925000
v 9.500000 0.300000 1.475000
v 4.500000 0.300000 1.475000
v 4.500000 3.800000 1.925000
v 9.500000 3.800000 1.925000
v 9.500000 3.800000 1.475000
v 4.500000 3.800000 1.475000
v 4.500000 0.300000 -8.224999
v 6.550000 0.300000 -8.224999
v 6.550000 0.300000 -8.675000
v 4.500000 0.300000 -8.675000
v 4.500000 3.800000 -8.224999
v 6.550000 3.800000 -8.224999
v 6.550000 3.800000 -8.675000
v 4.500000 3.800000 -8.675000
v 7.650000 0.300000 -8.224999
v 9.500000 0.300000 -8.224999
v 9.500000 0.300000 -8.675000
v 7.650000 0.300000 -8.675000
v 7.650000 3.800000 -8.224999
v 9.500000 3.800000 -8.224999
v 9.500000 3.800000 -8.675000
v 7.650000 3.800000 -8.675000
v 6.550000 2.600000 -8.224999
v 7.650000 2.600000 -8.224999
v 7.650000 2.600000 -8.675000
v 9.049999 0.300000 1.700000
v 9.500000 0.300000 1.700000
v 9.500000 0.300000 -8.450000
v 9.049999 0.300000 -8.450000
v 9.049999 3.800000 1.700000
v 9.500000 3.800000 1.700000
v 9.500000 3.800000 -8.450000
v 9.049999 3.800000 -8.450000
v 4.500000 0.160000 1.700000
v 9.500000 0.160000 1.700000
v 9.500000 0.160000 -8.450000
v 4.500000 0.160000 -8.450000
v 4.500000 0.300000 -8.450000
v 4.450000 -0.120000 1.750000
v 9.550000 -0.120000 1.750000
v 9.550000 -0.120000 -8.500000
v 4.450000 -0.120000 -8.500000
v 4.450000 0.300000 1.750000
v 9.550000 0.300000 1.750000
v 9.550000 0.300000 -8.500000
v 4.450000 0.300000 -8.500000
v 4.070000 3.800000 2.100000
v 4.070000 3.800000 -8.850000
v 7.000000 5.050000 2.100000
v 7.000000 5.050000 -8.850000
v 9.930000 3.800000 2.100000
v 9.930000 3.800000 -8.850000
v 4.070000 3.640000 2.100000
v 4.070000 3.640000 -8.850000
v 7.000000 4.890000 2.100000
v 7.000000 4.890000 -8.850000
v 9.930000 3.640000 2.100000
v 9.930000 3.640000 -8.850000
v 4.500000 3.700000 1.700000
v 7.000000 4.920000 1.700000
v 9.500000 3.700000 1.700000
v 4.500000 3.700000 -8.450000
v 7.000000 4.920000 -8.450000
v 9.500000 3.700000 -8.450000
v 3.990000 3.570000 2.100000
v 4.220000 3.570000 2.100000
v 4.220000 3.570000 -8.850000
v 3.990000 3.570000 -8.850000
v 3.990000 3.730000 2.100000
v 4.220000 3.730000 2.100000
v 4.220000 3.730000 -8.850000
v 3.990000 3.730000 -8.850000
v 4.420000 1.135000 0.320000
v 4.410000 1.135000 0.310000
v 4.420000 1.125000 0.310000
v 4.770000 1.135000 0.320000
v 4.770000 1.125000 0.310000
v 4.780000 1.135000 0.310000
v 4.770000 1.135000 0.175000
v 4.780000 1.135000 0.185000
v 4.770000 1.125000 0.185000
v 4.410000 1.135000 0.185000
v 4.420000 1.135000 0.175000
v 4.420000 1.125000 0.185000
v 4.410000 3.055000 0.310000
v 4.420000 3.055000 0.320000
v 4.420000 3.065000 0.310000
v 4.770000 3.055000 0.320000
v 4.780000 3.055000 0.310000
v 4.770000 3.065000 0.310000
v 4.780000 3.055000 0.185000
v 4.770000 3.055000 0.175000
v 4.770000 3.065000 0.185000
v 4.410000 3.055000 0.185000
v 4.420000 3.065000 0.185000
v 4.420000 3.055000 0.175000
v 4.420000 1.135000 -1.175000
v 4.410000 1.135000 -1.185000
v 4.420000 1.125000 -1.185000
v 4.770000 1.135000 -1.175000
v 4.770000 1.125000 -1.185000
v 4.770000 1.135000 -1.320000
v 4.770000 1.125000 -1.310000
v 4.410000 1.135000 -1.310000
v 4.420000 1.135000 -1.320000
v 4.420000 1.125000 -1.310000
v 4.410000 3.055000 -1.185000
v 4.420000 3.055000 -1.175000
v 4.420000 3.065000 -1.185000
v 4.770000 3.055000 -1.175000
v 4.780000 3.055000 -1.185000
v 4.770000 3.065000 -1.185000
v 4.780000 3.055000 -1.310000
v 4.770000 3.055000 -1.320000
v 4.770000 3.065000 -1.310000
v 4.410000 3.055000 -1.310000
v 4.420000 3.065000 -1.310000
v 4.420000 3.055000 -1.320000
v 4.420000 2.980000 0.320000
v 4.410000 2.980000 0.310000
v 4.420000 2.970000 0.310000
v 4.770000 2.980000 -1.320000
v 4.780000 2.980000 -1.310000
v 4.770000 2.970000 -1.310000
v 4.410000 2.980000 -1.310000
v 4.420000 2.980000 -1.320000
v 4.420000 2.970000 -1.310000
v 4.410000 3.105000 0.310000
v 4.420000 3.105000 0.320000
v 4.420000 3.115000 0.310000
v 4.780000 3.105000 -1.310000
v 4.770000 3.105000 -1.320000
v 4.770000 3.115000 -1.310000
v 4.410000 3.105000 -1.310000
v 4.420000 3.115000 -1.310000
v 4.420000 3.105000 -1.320000
v 4.168000 1.083000 0.435000
v 4.150000 1.083000 0.417000
v 4.168000 1.065000 0.417000
v 4.752000 1.083000 0.435000
v 4.752000 1.065000 0.417000
v 4.752000 1.083000 -1.435000
v 4.770000 1.083000 -1.417000
v 4.752000 1.065000 -1.417000
v 4.150000 1.083000 -1.417000
v 4.168000 1.083000 -1.435000
v 4.168000 1.065000 -1.417000
v 4.150000 1.207000 0.417000
v 4.168000 1.207000 0.435000
v 4.168000 1.225000 0.417000
v 4.752000 1.207000 0.435000
v 4.770000 1.207000 0.417000
v 4.752000 1.225000 0.417000
v 4.770000 1.207000 -1.417000
v 4.752000 1.207000 -1.435000
v 4.752000 1.225000 -1.417000
v 4.150000 1.207000 -1.417000
v 4.168000 1.225000 -1.417000
v 4.168000 1.207000 -1.435000
v 4.675000 1.220000 0.175000
v 4.675000 2.970000 0.175000
v 4.675000 2.970000 -1.175000
v 4.675000 1.220000 -1.175000
v 4.385448 1.220000 0.337262
v 4.380654 1.220000 0.282472
v 3.721671 1.220000 0.340125
v 3.726465 1.220000 0.394916
v 4.385448 2.970000 0.337262
v 4.380654 2.970000 0.282472
v 3.721671 2.970000 0.340125
v 3.726465 2.970000 0.394916
v 4.002674 1.220000 -1.821913
v 3.960542 1.220000 -1.786559
v 4.385746 1.220000 -1.279821
v 4.427878 1.220000 -1.315174
v 4.002674 2.970000 -1.821913
v 3.960542 2.970000 -1.786559
v 4.385746 2.970000 -1.279821
v 4.427878 2.970000 -1.315174
v 4.420000 1.135000 -2.680000
v 4.410000 1.135000 -2.690000
v 4.420000 1.125000 -2.690000
v 4.770000 1.135000 -2.680000
v 4.770000 1.125000 -2.690000
v 4.780000 1.135000 -2.690000
v 4.770000 1.135000 -2.825000
v 4.780000 1.135000 -2.815000
v 4.770000 1.125000 -2.815000
v 4.410000 1.135000 -2.815000
v 4.420000 1.135000 -2.825000
v 4.410000 3.055000 -2.690000
v 4.420000 3.055000 -2.680000
v 4.420000 3.065000 -2.690000
v 4.770000 3.055000 -2.680000
v 4.780000 3.055000 -2.690000
v 4.770000 3.065000 -2.690000
v 4.780000 3.055000 -2.815000
v 4.770000 3.055000 -2.825000
v 4.770000 3.065000 -2.815000
v 4.410000 3.055000 -2.815000
v 4.420000 3.055000 -2.825000
v 4.420000 1.135000 -4.175000
v 4.410000 1.135000 -4.185000
v 4.420000 1.125000 -4.185000
v 4.770000 1.135000 -4.175000
v 4.770000 1.125000 -4.185000
v 4.770000 1.135000 -4.320000
v 4.770000 1.125000 -4.310000
v 4.410000 1.135000 -4.310000
v 4.420000 1.135000 -4.320000
v 4.420000 1.125000 -4.310000
v 4.410000 3.055000 -4.185000
v 4.420000 3.055000 -4.175000
v 4.420000 3.065000 -4.185000
v 4.770000 3.055000 -4.175000
v 4.780000 3.055000 -4.185000
v 4.770000 3.065000 -4.185000
v 4.780000 3.055000 -4.310000
v 4.770000 3.055000 -4.320000
v 4.770000 3.065000 -4.310000
v 4.410000 3.055000 -4.310000
v 4.420000 3.065000 -4.310000
v 4.420000 3.055000 -4.320000
v 4.420000 2.980000 -2.680000
v 4.410000 2.980000 -2.690000
v 4.420000 2.970000 -2.690000
v 4.770000 2.980000 -2.680000
v 4.770000 2.970000 -2.690000
v 4.780000 2.980000 -2.690000
v 4.770000 2.980000 -4.320000
v 4.780000 2.980000 -4.310000
v 4.770000 2.970000 -4.310000
v 4.410000 2.980000 -4.310000
v 4.420000 2.980000 -4.320000
v 4.420000 2.970000 -4.310000
v 4.410000 3.105000 -2.690000
v 4.420000 3.105000 -2.680000
v 4.420000 3.115000 -2.690000
v 4.410000 3.105000 -4.310000
v 4.420000 3.115000 -4.310000
v 4.420000 3.105000 -4.320000
v 4.168000 1.083000 -2.565000
v 4.150000 1.083000 -2.583000
v 4.168000 1.065000 -2.583000
v 4.752000 1.083000 -2.565000
v 4.752000 1.065000 -2.583000
v 4.770000 1.083000 -2.583000
v 4.752000 1.083000 -4.435000
v 4.770000 1.083000 -4.417000
v 4.752000 1.065000 -4.417000
v 4.150000 1.083000 -4.417000
v 4.168000 1.083000 -4.435000
v 4.168000 1.065000 -4.417000
v 4.150000 1.207000 -2.583000
v 4.168000 1.207000 -2.565000
v 4.168000 1.225000 -2.583000
v 4.752000 1.207000 -2.565000
v 4.770000 1.207000 -2.583000
v 4.752000 1.225000 -2.583000
v 4.770000 1.207000 -4.417000
v 4.752000 1.207000 -4.435000
v 4.752000 1.225000 -4.417000
v 4.150000 1.207000 -4.417000
v 4.168000 1.225000 -4.417000
v 4.168000 1.207000 -4.435000
v 4.675000 1.220000 -2.825000
v 4.675000 2.970000 -2.825000
v 4.675000 2.970000 -4.175000
v 4.675000 1.220000 -4.175000
v 4.415849 1.220000 -2.673803
v 4.384302 1.220000 -2.718856
v 3.842433 1.220000 -2.339435
v 3.873980 1.220000 -2.294382
v 4.415849 2.970000 -2.673803
v 4.384302 2.970000 -2.718856
v 3.842433 2.970000 -2.339435
v 3.873980 2.970000 -2.294382
v 3.724864 1.220000 -4.164162
v 3.739099 1.220000 -4.111036
v 4.378059 1.220000 -4.282245
v 4.363823 1.220000 -4.335371
v 3.724864 2.970000 -4.164162
v 3.739099 2.970000 -4.111036
v 4.378059 2.970000 -4.282245
v 4.363823 2.970000 -4.335371
v 4.420000 1.135000 -5.980000
v 4.410000 1.135000 -5.990000
v 4.420000 1.125000 -5.990000
v 4.770000 1.135000 -5.980000
v 4.770000 1.125000 -5.990000
v 4.780000 1.135000 -5.990000
v 4.770000 1.135000 -6.125000
v 4.780000 1.135000 -6.115000
v 4.770000 1.125000 -6.115000
v 4.410000 1.135000 -6.115000
v 4.420000 1.135000 -6.125000
v 4.410000 3.055000 -5.990000
v 4.420000 3.055000 -5.980000
v 4.420000 3.065000 -5.990000
v 4.770000 3.055000 -5.980000
v 4.780000 3.055000 -5.990000
v 4.770000 3.065000 -5.990000
v 4.780000 3.055000 -6.115000
v 4.770000 3.055000 -6.125000
v 4.770000 3.065000 -6.115000
v 4.410000 3.055000 -6.115000
v 4.420000 3.055000 -6.125000
v 4.420000 1.135000 -7.475000
v 4.420000 1.125000 -7.485000
v 4.770000 1.135000 -7.475000
v 4.770000 1.125000 -7.485000
v 4.780000 1.135000 -7.485000
v 4.770000 1.135000 -7.620000
v 4.780000 1.135000 -7.610000
v 4.770000 1.125000 -7.610000
v 4.410000 1.135000 -7.610000
v 4.420000 1.135000 -7.620000
v 4.420000 1.125000 -7.610000
v 4.420000 3.055000 -7.475000
v 4.420000 3.065000 -7.485000
v 4.770000 3.055000 -7.475000
v 4.780000 3.055000 -7.485000
v 4.770000 3.065000 -7.485000
v 4.780000 3.055000 -7.610000
v 4.770000 3.055000 -7.620000
v 4.770000 3.065000 -7.610000
v 4.410000 3.055000 -7.610000
v 4.420000 3.065000 -7.610000
v 4.420000 3.055000 -7.620000
v 4.420000 2.980000 -5.980000
v 4.410000 2.980000 -5.990000
v 4.420000 2.970000 -5.990000
v 4.770000 2.980000 -5.980000
v 4.770000 2.970000 -5.990000
v 4.780000 2.980000 -5.990000
v 4.770000 2.980000 -7.620000
v 4.780000 2.980000 -7.610000
v 4.770000 2.970000 -7.610000
v 4.410000 2.980000 -7.610000
v 4.420000 2.980000 -7.620000
v 4.420000 2.970000 -7.610000
v 4.410000 3.105000 -5.990000
v 4.420000 3.105000 -5.980000
v 4.420000 3.115000 -5.990000
v 4.780000 3.105000 -7.610000
v 4.770000 3.105000 -7.620000
v 4.770000 3.115000 -7.610000
v 4.410000 3.105000 -7.610000
v 4.420000 3.115000 -7.610000
v 4.420000 3.105000 -7.620000
v 4.168000 1.083000 -5.865000
v 4.150000 1.083000 -5.883000
v 4.168000 1.065000 -5.883000
v 4.752000 1.083000 -5.865000
v 4.752000 1.065000 -5.883000
v 4.770000 1.083000 -5.883000
v 4.752000 1.083000 -7.735000
v 4.752000 1.065000 -7.717000
v 4.150000 1.083000 -7.717000
v 4.168000 1.083000 -7.735000
v 4.168000 1.065000 -7.717000
v 4.150000 1.207000 -5.883000
v 4.168000 1.207000 -5.865000
v 4.168000 1.225000 -5.883000
v 4.752000 1.207000 -5.865000
v 4.770000 1.207000 -5.883000
v 4.752000 1.225000 -5.883000
v 4.770000 1.207000 -7.717000
v 4.752000 1.207000 -7.735000
v 4.752000 1.225000 -7.717000
v 4.150000 1.207000 -7.717000
v 4.168000 1.225000 -7.717000
v 4.168000 1.207000 -7.735000
v 4.675000 1.220000 -6.125000
v 4.675000 2.970000 -6.125000
v 4.675000 2.970000 -7.475000
v 4.675000 1.220000 -7.475000
v 4.396177 1.220000 -5.964630
v 4.381941 1.220000 -6.017756
v 3.742982 1.220000 -5.846547
v 3.757217 1.220000 -5.793421
v 4.396177 2.970000 -5.964630
v 4.381941 2.970000 -6.017756
v 3.742982 2.970000 -5.846547
v 3.757217 2.970000 -5.793421
v 3.913436 1.220000 -8.048081
v 3.878083 1.220000 -8.005949
v 4.384821 1.220000 -7.580745
v 4.420175 1.220000 -7.622878
v 3.913436 2.970000 -8.048081
v 3.878083 2.970000 -8.005949
v 4.384821 2.970000 -7.580745
v 4.420175 2.970000 -7.622878
v 4.950000 0.300000 -10.460000
v 4.500000 0.300000 -10.460000
v 4.950000 3.850000 -10.460000
v 4.500000 3.850000 -10.460000
v 4.500000 3.850000 -8.450000
v 4.950000 3.850000 -8.450000
v 4.500000 4.450000 -8.450000
v 4.950000 4.450000 -8.450000
v 4.950000 4.450000 -10.460000
v 4.500000 4.450000 -10.460000
v 4.950000 4.450000 -12.540000
v 4.500000 4.450000 -12.540000
v 4.500000 0.300000 -12.540000
v 4.950000 0.300000 -12.540000
v 4.500000 3.850000 -12.540000
v 4.950000 3.850000 -12.540000
v 4.950000 3.850000 -14.450000
v 4.500000 3.850000 -14.450000
v 4.950000 4.450000 -14.450000
v 4.500000 4.450000 -14.450000
v 4.500000 4.450000 -8.224999
v 6.550000 4.450000 -8.224999
v 6.550000 4.450000 -8.675000
v 4.500000 4.450000 -8.675000
v 10.800000 0.300000 -8.224999
v 10.800000 0.300000 -8.675000
v 7.650001 4.450000 -8.224999
v 10.800000 4.450000 -8.224999
v 10.800000 4.450000 -8.675000
v 7.650001 4.450000 -8.675000
v 6.550000 2.600000 -8.675000
v 4.500000 0.300000 -14.675000
v 4.500000 4.450000 -14.224999
v 6.550000 4.450000 -14.675000
v 4.500000 4.450000 -14.675000
v 10.800000 0.300000 -14.224999
v 10.800000 0.300000 -14.675000
v 7.650001 4.450000 -14.224999
v 10.800000 4.450000 -14.224999
v 10.800000 4.450000 -14.675000
v 7.650001 4.450000 -14.675000
v 7.650000 2.600000 -14.675000
v 6.550000 4.450000 -14.224999
v 10.349999 0.300000 -8.450000
v 10.800000 0.300000 -8.450000
v 10.800000 0.300000 -14.450000
v 10.349999 0.300000 -14.450000
v 10.349999 4.450000 -8.450000
v 10.800000 4.450000 -8.450000
v 10.800000 4.450000 -14.450000
v 10.349999 4.450000 -14.450000
v 10.800000 0.160000 -8.450000
v 10.800000 0.160000 -14.450000
v 4.500000 0.300000 -14.450000
v 4.450000 -0.120000 -8.400000
v 10.850000 -0.120000 -8.400000
v 10.850000 -0.120000 -14.500000
v 4.450000 -0.120000 -14.500000
v 4.450000 0.300000 -8.400000
v 10.850000 0.300000 -8.400000
v 10.850000 0.300000 -14.500000
v 4.450000 0.300000 -14.500000
v 4.070000 4.450000 -8.050000
v 4.070000 4.450000 -14.850000
v 7.650000 5.750000 -8.050000
v 7.650000 5.750000 -14.850000
v 11.230000 4.450000 -8.050000
v 11.230000 4.450000 -14.850000
v 4.070000 4.290000 -8.050000
v 4.070000 4.290000 -14.850000
v 7.650000 5.590000 -8.050000
v 7.650000 5.590000 -14.850000
v 11.230000 4.290000 -8.050000
v 11.230000 4.290000 -14.850000
v 4.500000 4.350000 -8.450000
v 7.650000 5.620000 -8.450000
v 10.800000 4.350000 -8.450000
v 4.500000 4.350000 -14.450000
v 7.650000 5.620000 -14.450000
v 10.800000 4.350000 -14.450000
v 3.990000 4.220000 -8.049999
v 4.220000 4.220000 -8.049999
v 4.220000 4.220000 -14.850000
v 3.990000 4.220000 -14.850000
v 3.990000 4.380000 -8.049999
v 4.220000 4.380000 -8.049999
v 4.220000 4.380000 -14.850000
v 3.990000 4.380000 -14.850000
v 4.950000 0.300000 -14.450001
v 4.950000 0.300000 -16.500000
v 4.500000 0.300000 -16.500000
v 4.500000 1.300000 -14.450001
v 4.950000 1.300000 -14.450001
v 4.950000 1.300000 -16.500000
v 4.500000 1.300000 -16.500000
v 4.500000 2.900000 -16.500000
v 4.500000 2.900000 -14.450001
v 4.950000 2.900000 -14.450001
v 4.950000 2.900000 -16.500000
v 4.500000 3.600000 -14.450001
v 4.950000 3.600000 -14.450001
v 4.950000 3.600000 -16.500000
v 4.500000 3.600000 -16.500000
v 4.950000 0.300000 -17.700001
v 4.500000 0.300000 -17.700001
v 4.950000 1.300000 -17.700001
v 4.500000 1.300000 -17.700001
v 4.950000 2.900000 -17.700001
v 4.500000 2.900000 -17.700001
v 4.950000 3.600000 -17.700001
v 4.500000 3.600000 -17.700001
v 4.500000 0.300000 -14.224999
v 6.550000 0.300000 -14.224999
v 6.550000 0.300000 -14.675000
v 4.500000 3.600000 -14.224999
v 6.550000 3.600000 -14.224999
v 6.550000 3.600000 -14.675000
v 4.500000 3.600000 -14.675000
v 7.650000 0.300000 -14.224999
v 9.500000 0.300000 -14.224999
v 9.500000 0.300000 -14.675000
v 7.650000 0.300000 -14.675000
v 7.650000 3.600000 -14.224999
v 9.500000 3.600000 -14.224999
v 9.500000 3.600000 -14.675000
v 7.650000 3.600000 -14.675000
v 6.550000 2.600000 -14.224999
v 7.650000 2.600000 -14.224999
v 6.550000 2.600000 -14.675000
v 9.049999 0.300000 -14.450001
v 9.500000 0.300000 -14.450001
v 9.500000 0.300000 -21.000000
v 9.049999 0.300000 -21.000000
v 9.049999 3.600000 -14.450001
v 9.500000 3.600000 -14.450001
v 9.500000 3.600000 -21.000000
v 9.049999 3.600000 -21.000000
v 4.500000 0.160000 -14.450001
v 9.500000 0.160000 -14.450001
v 9.500000 0.160000 -21.000000
v 4.500000 0.160000 -21.000000
v 4.500000 0.300000 -21.000000
v 4.450000 -0.120000 -14.400001
v 9.550000 -0.120000 -14.400001
v 9.550000 -0.120000 -21.050001
v 4.450000 -0.120000 -21.050001
v 4.450000 0.300000 -14.400001
v 9.550000 0.300000 -14.400001
v 9.550000 0.300000 -21.050001
v 4.450000 0.300000 -21.050001
v 4.070000 3.600000 -14.050000
v 4.070000 3.600000 -21.400000
v 7.000000 4.850000 -14.050000
v 7.000000 4.850000 -21.400000
v 9.930000 3.600000 -14.050000
v 9.930000 3.600000 -21.400000
v 4.070000 3.440000 -14.050000
v 4.070000 3.440000 -21.400000
v 7.000000 4.690000 -14.050000
v 7.000000 4.690000 -21.400000
v 9.930000 3.440000 -14.050000
v 9.930000 3.440000 -21.400000
v 4.500000 3.500000 -14.450000
v 7.000000 4.720000 -14.450000
v 9.500000 3.500000 -14.450000
v 3.990000 3.370000 -14.050000
v 4.220000 3.370000 -14.050000
v 4.220000 3.370000 -21.400000
v 3.990000 3.370000 -21.400000
v 3.990000 3.530000 -14.050000
v 4.220000 3.530000 -14.050000
v 4.220000 3.530000 -21.400000
v 3.990000 3.530000 -21.400000
v 4.420000 1.215000 -16.355000
v 4.410000 1.215000 -16.365000
v 4.420000 1.205000 -16.365000
v 4.770000 1.215000 -16.355000
v 4.770000 1.205000 -16.365000
v 4.780000 1.215000 -16.365000
v 4.770000 1.215000 -16.500000
v 4.780000 1.215000 -16.490000
v 4.770000 1.205000 -16.490000
v 4.410000 1.215000 -16.490000
v 4.420000 1.215000 -16.500000
v 4.410000 2.985000 -16.365000
v 4.420000 2.985000 -16.355000
v 4.420000 2.995000 -16.365000
v 4.770000 2.985000 -16.355000
v 4.780000 2.985000 -16.365000
v 4.770000 2.995000 -16.365000
v 4.780000 2.985000 -16.490000
v 4.770000 2.985000 -16.500000
v 4.770000 2.995000 -16.490000
v 4.410000 2.985000 -16.490000
v 4.420000 2.985000 -16.500000
v 4.420000 1.215000 -17.699999
v 4.410000 1.215000 -17.709999
v 4.770000 1.215000 -17.699999
v 4.770000 1.205000 -17.709999
v 4.780000 1.215000 -17.709999
v 4.770000 1.215000 -17.844999
v 4.780000 1.215000 -17.834999
v 4.770000 1.205000 -17.834999
v 4.410000 1.215000 -17.834999
v 4.420000 1.215000 -17.844999
v 4.410000 2.985000 -17.709999
v 4.420000 2.985000 -17.699999
v 4.770000 2.985000 -17.699999
v 4.780000 2.985000 -17.709999
v 4.780000 2.985000 -17.834999
v 4.770000 2.985000 -17.844999
v 4.410000 2.985000 -17.834999
v 4.420000 2.985000 -17.844999
v 4.420000 2.910000 -16.355000
v 4.410000 2.910000 -16.365000
v 4.420000 2.900000 -16.365000
v 4.770000 2.910000 -16.355000
v 4.770000 2.900000 -16.365000
v 4.780000 2.910000 -16.365000
v 4.770000 2.910000 -17.845001
v 4.780000 2.910000 -17.835001
v 4.770000 2.900000 -17.835001
v 4.410000 2.910000 -17.835001
v 4.420000 2.910000 -17.845001
v 4.420000 2.900000 -17.835001
v 4.410000 3.035000 -16.365000
v 4.420000 3.035000 -16.355000
v 4.420000 3.045000 -16.365000
v 4.780000 3.035000 -17.835001
v 4.770000 3.035000 -17.845001
v 4.770000 3.045000 -17.835001
v 4.410000 3.035000 -17.835001
v 4.420000 3.045000 -17.835001
v 4.420000 3.035000 -17.845001
v 4.168000 1.163000 -16.240000
v 4.150000 1.163000 -16.257999
v 4.168000 1.145000 -16.257999
v 4.752000 1.163000 -16.240000
v 4.752000 1.145000 -16.257999
v 4.770000 1.163000 -16.257999
v 4.752000 1.163000 -17.960001
v 4.770000 1.163000 -17.942001
v 4.752000 1.145000 -17.942001
v 4.150000 1.163000 -17.942001
v 4.168000 1.163000 -17.960001
v 4.168000 1.145000 -17.942001
v 4.150000 1.287000 -16.257999
v 4.168000 1.287000 -16.240000
v 4.168000 1.305000 -16.257999
v 4.752000 1.287000 -16.240000
v 4.770000 1.287000 -16.257999
v 4.752000 1.305000 -16.257999
v 4.770000 1.287000 -17.942001
v 4.752000 1.287000 -17.960001
v 4.752000 1.305000 -17.942001
v 4.150000 1.287000 -17.942001
v 4.168000 1.305000 -17.942001
v 4.168000 1.287000 -17.960001
v 4.675000 1.300000 -16.500000
v 4.675000 2.900000 -16.500000
v 4.675000 2.900000 -17.700001
v 4.675000 1.300000 -17.700001
v 4.401376 1.300000 -16.341269
v 4.382565 1.300000 -16.392952
v 3.830026 1.300000 -16.191843
v 3.848837 1.300000 -16.140160
v 4.401376 2.900000 -16.341269
v 4.382565 2.900000 -16.392952
v 3.830026 2.900000 -16.191843
v 3.848837 2.900000 -16.140160
v 4.620000 0.300000 -10.610000
v 4.620000 3.030000 -10.610000
v 4.620000 3.030000 -10.790000
v 4.620000 0.300000 -10.790000
v 4.780000 0.300000 -10.610000
v 4.780000 3.030000 -10.610000
v 4.780000 3.030000 -10.790000
v 4.780000 0.300000 -10.790000
v 4.620000 0.300000 -12.210000
v 4.620000 3.030000 -12.210000
v 4.620000 3.030000 -12.390000
v 4.620000 0.300000 -12.390000
v 4.780000 0.300000 -12.210000
v 4.780000 3.030000 -12.210000
v 4.780000 3.030000 -12.390000
v 4.780000 0.300000 -12.390000
v 4.340000 0.300000 -10.580000
v 4.340000 0.460000 -10.580000
v 4.340000 0.460000 -12.420000
v 4.340000 0.300000 -12.420000
v 4.860000 0.300000 -10.580000
v 4.860000 0.460000 -10.580000
v 4.860000 0.460000 -12.420000
v 4.860000 0.300000 -12.420000
v 4.530000 2.850000 -10.540000
v 4.530000 3.090000 -10.540000
v 4.530000 3.090000 -12.460000
v 4.530000 2.850000 -12.460000
v 4.790000 2.850000 -10.540000
v 4.790000 3.090000 -10.540000
v 4.790000 3.090000 -12.460000
v 4.790000 2.850000 -12.460000
v 4.700000 0.300000 -10.790000
v 4.700000 2.850000 -10.790000
v 4.700000 2.850000 -12.210000
v 4.700000 0.300000 -12.210000
v 3.975000 0.315000 -10.490000
v 3.960000 0.315000 -10.505000
v 3.975000 0.300000 -10.505000
v 4.705000 0.315000 -10.490000
v 4.705000 0.300000 -10.505000
v 4.720000 0.315000 -10.505000
v 4.705000 0.315000 -12.510000
v 4.720000 0.315000 -12.495000
v 4.705000 0.300000 -12.495000
v 3.960000 0.315000 -12.495000
v 3.975000 0.315000 -12.510000
v 3.975000 0.300000 -12.495000
v 3.960000 0.345000 -10.505000
v 3.975000 0.345000 -10.490000
v 3.975000 0.360000 -10.505000
v 4.705000 0.345000 -10.490000
v 4.720000 0.345000 -10.505000
v 4.705000 0.360000 -10.505000
v 4.720000 0.345000 -12.495000
v 4.705000 0.345000 -12.510000
v 4.705000 0.360000 -12.495000
v 3.960000 0.345000 -12.495000
v 3.975000 0.360000 -12.495000
v 3.975000 0.345000 -12.510000
v 4.140000 0.325000 -10.200000
v 4.115000 0.325000 -10.225000
v 4.140000 0.300000 -10.225000
v 4.480000 0.325000 -10.200000
v 4.480000 0.300000 -10.225000
v 4.505000 0.325000 -10.225000
v 4.480000 0.325000 -10.460000
v 4.505000 0.325000 -10.434999
v 4.480000 0.300000 -10.434999
v 4.115000 0.325000 -10.434999
v 4.140000 0.325000 -10.460000
v 4.140000 0.300000 -10.434999
v 4.115000 2.785000 -10.225000
v 4.140000 2.785000 -10.200000
v 4.140000 2.810000 -10.225000
v 4.480000 2.785000 -10.200000
v 4.505000 2.785000 -10.225000
v 4.505000 2.785000 -10.434999
v 4.480000 2.785000 -10.460000
v 4.480000 2.810000 -10.434999
v 4.115000 2.785000 -10.434999
v 4.140000 2.810000 -10.434999
v 4.140000 2.785000 -10.460000
v 4.500000 2.810000 -10.460000
v 4.620000 2.810000 -10.610000
v 4.562469 0.300000 -10.410025
v 4.562469 2.810000 -10.410025
v 4.682469 2.810000 -10.560024
v 4.682469 0.300000 -10.560024
v 4.140000 0.325000 -12.540000
v 4.115000 0.325000 -12.565001
v 4.140000 0.300000 -12.565001
v 4.480000 0.325000 -12.540000
v 4.480000 0.300000 -12.565001
v 4.505000 0.325000 -12.565001
v 4.480000 0.325000 -12.800000
v 4.505000 0.325000 -12.775000
v 4.480000 0.300000 -12.775000
v 4.115000 0.325000 -12.775000
v 4.140000 0.325000 -12.800000
v 4.140000 0.300000 -12.775000
v 4.115000 2.785000 -12.565001
v 4.140000 2.785000 -12.540000
v 4.140000 2.810000 -12.565001
v 4.480000 2.785000 -12.540000
v 4.505000 2.785000 -12.565001
v 4.480000 2.810000 -12.565001
v 4.505000 2.785000 -12.775000
v 4.480000 2.785000 -12.800000
v 4.480000 2.810000 -12.775000
v 4.115000 2.785000 -12.775000
v 4.140000 2.810000 -12.775000
v 4.140000 2.785000 -12.800000
v 4.620000 2.810000 -12.390000
v 4.500000 2.810000 -12.540000
v 4.682469 0.300000 -12.439976
v 4.682469 2.810000 -12.439976
v 4.562469 2.810000 -12.589975
v 4.562469 0.300000 -12.589975
v 4.100000 2.810000 -12.540000
v 4.100000 3.058888 -12.509780
v 4.100000 3.121110 -12.762224
v 4.100000 2.810000 -12.800000
v 4.510000 2.810000 -12.540000
v 4.510000 3.058888 -12.509780
v 4.510000 3.121110 -12.762224
v 4.510000 2.810000 -12.800000
v 4.500000 3.058888 -12.509780
v 4.500000 3.850000 -12.509780
v 4.950000 2.810000 -12.540000
v 4.950000 3.058888 -12.509780
v 4.950000 3.850000 -12.509780
v 4.100000 3.293312 -12.420875
v 4.100000 3.414140 -12.651093
v 4.510000 3.293312 -12.420875
v 4.510000 3.414140 -12.651093
v 4.500000 3.293312 -12.420875
v 4.500000 3.850000 -12.420875
v 4.950000 3.293312 -12.420875
v 4.950000 3.850000 -12.420875
v 4.100000 3.499648 -12.278451
v 4.100000 3.672060 -12.473064
v 4.510000 3.499648 -12.278451
v 4.510000 3.672060 -12.473064
v 4.500000 3.499648 -12.278451
v 4.500000 3.850000 -12.278451
v 4.950000 3.499648 -12.278451
v 4.950000 3.850000 -12.278451
v 4.100000 3.665903 -12.090787
v 4.100000 3.879879 -12.238484
v 4.510000 3.665903 -12.090787
v 4.510000 3.879879 -12.238484
v 4.500000 3.665903 -12.090787
v 4.500000 3.850000 -12.090787
v 4.950000 3.665903 -12.090787
v 4.950000 3.850000 -12.090787
v 4.100000 3.782417 -11.868789
v 4.100000 4.025521 -11.960986
v 4.510000 3.782417 -11.868789
v 4.510000 4.025521 -11.960986
v 4.500000 3.782417 -11.868789
v 4.500000 3.850000 -11.868789
v 4.950000 3.782417 -11.868789
v 4.950000 3.850000 -11.868789
v 4.100000 3.842417 -11.625359
v 4.100000 4.100522 -11.656697
v 4.510000 3.842417 -11.625359
v 4.510000 4.100522 -11.656697
v 4.500000 3.842417 -11.625359
v 4.500000 3.850000 -11.625359
v 4.950000 3.842417 -11.625359
v 4.950000 3.850000 -11.625359
v 4.100000 3.842417 -11.374641
v 4.100000 4.100522 -11.343303
v 4.510000 3.842417 -11.374641
v 4.510000 4.100522 -11.343303
v 4.500000 3.842417 -11.374641
v 4.500000 3.850000 -11.374641
v 4.950000 3.842417 -11.374641
v 4.950000 3.850000 -11.374641
v 4.100000 3.782417 -11.131211
v 4.100000 4.025521 -11.039014
v 4.510000 3.782417 -11.131211
v 4.510000 4.025521 -11.039014
v 4.500000 3.782417 -11.131211
v 4.500000 3.850000 -11.131211
v 4.950000 3.782417 -11.131211
v 4.950000 3.850000 -11.131211
v 4.100000 3.665903 -10.909213
v 4.100000 3.879879 -10.761516
v 4.510000 3.665903 -10.909213
v 4.510000 3.879879 -10.761516
v 4.500000 3.665903 -10.909213
v 4.500000 3.850000 -10.909213
v 4.950000 3.665903 -10.909213
v 4.950000 3.850000 -10.909213
v 4.100000 3.499648 -10.721549
v 4.100000 3.672060 -10.526936
v 4.510000 3.499648 -10.721549
v 4.510000 3.672060 -10.526936
v 4.500000 3.499648 -10.721549
v 4.500000 3.850000 -10.721549
v 4.950000 3.499648 -10.721549
v 4.950000 3.850000 -10.721549
v 4.100000 3.293312 -10.579125
v 4.100000 3.414140 -10.348907
v 4.510000 3.293312 -10.579125
v 4.510000 3.414140 -10.348907
v 4.500000 3.293312 -10.579125
v 4.500000 3.850000 -10.579125
v 4.950000 3.293312 -10.579125
v 4.950000 3.850000 -10.579125
v 4.100000 3.058888 -10.490220
v 4.100000 3.121110 -10.237776
v 4.510000 3.058888 -10.490220
v 4.510000 3.121110 -10.237776
v 4.500000 3.058888 -10.490220
v 4.500000 3.850000 -10.490220
v 4.950000 3.058888 -10.490220
v 4.950000 3.850000 -10.490220
v 4.100000 2.810000 -10.460000
v 4.100000 2.810000 -10.200000
v 4.510000 2.810000 -10.460000
v 4.510000 2.810000 -10.200000
v 4.950000 2.810000 -10.460000
v 4.880000 3.230000 -11.500000
v 4.880000 3.230000 -12.451420
v 4.880000 3.362524 -12.381089
v 4.880000 3.483549 -12.292421
v 4.880000 3.590557 -12.187263
v 4.880000 3.681321 -12.067802
v 4.880000 3.753952 -11.936525
v 4.880000 3.806939 -11.796165
v 4.880000 3.839178 -11.649639
v 4.880000 3.850000 -11.500000
v 4.880000 3.839178 -11.350361
v 4.880000 3.806939 -11.203835
v 4.880000 3.753952 -11.063475
v 4.880000 3.681321 -10.932198
v 4.880000 3.590557 -10.812737
v 4.880000 3.483549 -10.707579
v 4.880000 3.362524 -10.618911
v 4.880000 3.230000 -10.548580
v -1.550000 3.380000 -8.080000
v -1.550000 3.380000 -13.780000
v 4.660000 4.140000 -8.080000
v 4.660000 4.140000 -13.780000
v -1.550000 3.240000 -8.080000
v -1.550000 3.240000 -13.780000
v 4.660000 4.000000 -8.080000
v 4.660000 4.000000 -13.780000
v -1.642000 3.203000 -7.955000
v -1.660000 3.203000 -7.973001
v -1.642000 3.185000 -7.973001
v -1.458000 3.203000 -7.955000
v -1.458000 3.185000 -7.973001
v -1.440000 3.203000 -7.973001
v -1.458000 3.203000 -13.905001
v -1.440000 3.203000 -13.887000
v -1.458000 3.185000 -13.887000
v -1.660000 3.203000 -13.887000
v -1.642000 3.203000 -13.905001
v -1.642000 3.185000 -13.887000
v -1.660000 3.397000 -7.973001
v -1.642000 3.397000 -7.955000
v -1.642000 3.415000 -7.973001
v -1.458000 3.397000 -7.955000
v -1.440000 3.397000 -7.973001
v -1.458000 3.415000 -7.973001
v -1.440000 3.397000 -13.887000
v -1.458000 3.397000 -13.905001
v -1.458000 3.415000 -13.887000
v -1.660000 3.397000 -13.887000
v -1.642000 3.415000 -13.887000
v -1.642000 3.397000 -13.905001
v -1.640000 0.395000 -8.125000
v -1.655000 0.395000 -8.139999
v -1.460000 0.395000 -8.125000
v -1.445000 0.395000 -8.139999
v -1.460000 0.395000 -8.334999
v -1.445000 0.395000 -8.320000
v -1.655000 0.395000 -8.320000
v -1.640000 0.395000 -8.334999
v -1.655000 3.195000 -8.139999
v -1.640000 3.195000 -8.125000
v -1.460000 3.195000 -8.125000
v -1.445000 3.195000 -8.139999
v -1.445000 3.195000 -8.320000
v -1.460000 3.195000 -8.334999
v -1.655000 3.195000 -8.320000
v -1.640000 3.195000 -8.334999
v -1.700000 0.325000 -8.054999
v -1.725000 0.325000 -8.080000
v -1.700000 0.300000 -8.080000
v -1.400000 0.325000 -8.054999
v -1.400000 0.300000 -8.080000
v -1.375000 0.325000 -8.080000
v -1.400000 0.325000 -8.405000
v -1.375000 0.325000 -8.379999
v -1.400000 0.300000 -8.379999
v -1.725000 0.325000 -8.379999
v -1.700000 0.325000 -8.405000
v -1.700000 0.300000 -8.379999
v -1.725000 0.525000 -8.080000
v -1.700000 0.525000 -8.054999
v -1.700000 0.550000 -8.080000
v -1.400000 0.525000 -8.054999
v -1.375000 0.525000 -8.080000
v -1.400000 0.550000 -8.080000
v -1.375000 0.525000 -8.379999
v -1.400000 0.525000 -8.405000
v -1.400000 0.550000 -8.379999
v -1.725000 0.525000 -8.379999
v -1.700000 0.550000 -8.379999
v -1.700000 0.525000 -8.405000
v -1.550000 2.490000 -8.295000
v -1.582500 2.522500 -8.275962
v -1.595962 2.535962 -8.230000
v -1.582500 2.522500 -8.184037
v -1.550000 2.490000 -8.165000
v -1.517500 2.457500 -8.184037
v -1.504038 2.444038 -8.230000
v -1.517500 2.457500 -8.275962
v -0.730000 3.310000 -8.294999
v -0.762500 3.342500 -8.275962
v -0.775962 3.355962 -8.230000
v -0.762500 3.342500 -8.184037
v -0.730000 3.310000 -8.164999
v -0.697500 3.277500 -8.184037
v -0.684038 3.264038 -8.230000
v -0.697500 3.277500 -8.275962
v -1.512000 3.593000 -8.165000
v -1.520000 3.593000 -8.172999
v -1.512000 3.585000 -8.172999
v 4.572000 3.593000 -8.165000
v 4.572000 3.585000 -8.172999
v 4.580000 3.593000 -8.172999
v 4.572000 3.593000 -8.294999
v 4.580000 3.593000 -8.287000
v 4.572000 3.585000 -8.287000
v -1.520000 3.593000 -8.287000
v -1.512000 3.593000 -8.294999
v -1.512000 3.585000 -8.287000
v -1.520000 3.767000 -8.172999
v -1.512000 3.767000 -8.165000
v -1.512000 3.775000 -8.172999
v 4.572000 3.767000 -8.165000
v 4.580000 3.767000 -8.172999
v 4.572000 3.775000 -8.172999
v 4.580000 3.767000 -8.287000
v 4.572000 3.767000 -8.294999
v 4.572000 3.775000 -8.287000
v -1.520000 3.767000 -8.287000
v -1.512000 3.775000 -8.287000
v -1.512000 3.767000 -8.294999
v -1.640000 0.395000 -13.425000
v -1.655000 0.395000 -13.440000
v -1.460000 0.395000 -13.425000
v -1.445000 0.395000 -13.440000
v -1.460000 0.395000 -13.634999
v -1.445000 0.395000 -13.620000
v -1.655000 0.395000 -13.620000
v -1.640000 0.395000 -13.634999
v -1.655000 3.195000 -13.440000
v -1.640000 3.195000 -13.425000
v -1.460000 3.195000 -13.425000
v -1.445000 3.195000 -13.440000
v -1.445000 3.195000 -13.620000
v -1.460000 3.195000 -13.634999
v -1.655000 3.195000 -13.620000
v -1.640000 3.195000 -13.634999
v -1.700000 0.325000 -13.355000
v -1.725000 0.325000 -13.380000
v -1.700000 0.300000 -13.380000
v -1.400000 0.325000 -13.355000
v -1.400000 0.300000 -13.380000
v -1.375000 0.325000 -13.380000
v -1.400000 0.325000 -13.705000
v -1.375000 0.325000 -13.679999
v -1.400000 0.300000 -13.679999
v -1.725000 0.325000 -13.679999
v -1.700000 0.325000 -13.705000
v -1.700000 0.300000 -13.679999
v -1.725000 0.525000 -13.380000
v -1.700000 0.525000 -13.355000
v -1.700000 0.550000 -13.380000
v -1.400000 0.525000 -13.355000
v -1.375000 0.525000 -13.380000
v -1.400000 0.550000 -13.380000
v -1.375000 0.525000 -13.679999
v -1.400000 0.525000 -13.705000
v -1.400000 0.550000 -13.679999
v -1.725000 0.525000 -13.679999
v -1.700000 0.550000 -13.679999
v -1.700000 0.525000 -13.705000
v -1.550000 2.490000 -13.595000
v -1.582500 2.522500 -13.575962
v -1.595962 2.535962 -13.530000
v -1.582500 2.522500 -13.484037
v -1.550000 2.490000 -13.465000
v -1.517500 2.457500 -13.484037
v -1.504038 2.444038 -13.530000
v -1.517500 2.457500 -13.575962
v -0.730000 3.310000 -13.594999
v -0.762500 3.342500 -13.575962
v -0.775962 3.355962 -13.530000
v -0.762500 3.342500 -13.484037
v -0.730000 3.310000 -13.464999
v -0.697500 3.277500 -13.484037
v -0.684038 3.264038 -13.530000
v -0.697500 3.277500 -13.575962
v -1.512000 3.593000 -13.465000
v -1.520000 3.593000 -13.473000
v -1.512000 3.585000 -13.473000
v 4.572000 3.593000 -13.465000
v 4.572000 3.585000 -13.473000
v 4.580000 3.593000 -13.473000
v 4.572000 3.593000 -13.594999
v 4.580000 3.593000 -13.587000
v 4.572000 3.585000 -13.587000
v -1.520000 3.593000 -13.587000
v -1.512000 3.593000 -13.594999
v -1.512000 3.585000 -13.587000
v -1.520000 3.767000 -13.473000
v -1.512000 3.767000 -13.465000
v -1.512000 3.775000 -13.473000
v 4.572000 3.767000 -13.465000
v 4.580000 3.767000 -13.473000
v 4.572000 3.775000 -13.473000
v 4.580000 3.767000 -13.587000
v 4.572000 3.767000 -13.594999
v 4.572000 3.775000 -13.587000
v -1.520000 3.767000 -13.587000
v -1.512000 3.775000 -13.587000
v -1.512000 3.767000 -13.594999
v 12.299999 0.000000 4.867000
v 12.750000 0.000000 4.867000
v 12.750000 0.000000 3.817000
v 12.299999 0.000000 3.817000
v 12.299999 4.100000 4.867000
v 12.750000 4.100000 4.867000
v 12.750000 4.100000 3.817000
v 12.299999 4.100000 3.817000
v 12.299999 5.650000 4.867000
v 12.750000 5.650000 4.867000
v 12.750000 5.650001 3.817000
v 12.299999 5.650001 3.817000
v 12.299999 6.300000 4.867000
v 12.750000 6.300000 4.867000
v 12.750000 6.300000 3.817000
v 12.299999 6.300000 3.817000
v 12.750000 0.000000 1.800000
v 12.299999 0.000000 1.800000
v 12.750000 4.100000 1.800000
v 12.299999 4.100000 1.800000
v 12.750000 5.650000 1.800000
v 12.299999 5.650000 1.800000
v 12.750000 6.300000 1.800000
v 12.299999 6.300000 1.800000
v 12.300000 0.000000 2.025000
v 16.299999 0.000000 2.025000
v 16.299999 0.000000 1.575000
v 12.300000 0.000000 1.575000
v 12.300000 6.300000 2.025000
v 16.299999 6.300000 2.025000
v 16.299999 6.300000 1.575000
v 12.300000 6.300000 1.575000
v 15.850000 0.000000 10.000000
v 15.850000 0.000000 1.800000
v 15.850000 6.300000 10.000000
v 16.300001 6.300000 10.000000
v 16.300001 6.300000 1.800000
v 15.850000 6.300000 1.800000
v 12.300000 -0.140000 10.000000
v 16.299999 -0.140000 10.000000
v 16.299999 -0.140000 1.800000
v 12.300000 -0.140000 1.800000
v 12.300000 0.000000 10.000000
v 16.299999 0.000000 10.000000
v 16.299999 0.000000 1.800000
v 11.870000 6.300000 10.400000
v 11.870000 6.300000 1.400000
v 14.300000 7.500000 10.400000
v 14.300000 7.500000 1.400000
v 16.730000 6.300000 10.400000
v 16.730000 6.300000 1.400000
v 11.870000 6.140000 10.400000
v 11.870000 6.140000 1.400000
v 14.300000 7.340000 10.400000
v 14.300000 7.340000 1.400000
v 16.730000 6.140000 10.400000
v 16.730000 6.140000 1.400000
v 12.300000 6.200000 1.800000
v 14.300000 7.370000 1.800000
v 16.299999 6.200000 1.800000
v 11.790000 6.070000 10.400000
v 12.020000 6.070000 10.400000
v 12.020000 6.070000 1.400000
v 11.790000 6.070000 1.400000
v 11.790000 6.230000 10.400000
v 12.020000 6.230000 10.400000
v 12.020000 6.230000 1.400000
v 11.790000 6.230000 1.400000
v 12.220000 4.015000 5.012000
v 12.210000 4.015000 5.002000
v 12.570001 4.015000 5.012000
v 12.570001 4.005000 5.002000
v 12.580001 4.015000 5.002000
v 12.570001 4.015000 4.867000
v 12.580001 4.015000 4.877000
v 12.570001 4.005000 4.877000
v 12.210000 4.015000 4.877000
v 12.220000 4.015000 4.867000
v 12.210000 5.735000 5.002000
v 12.220000 5.735000 5.012000
v 12.570001 5.735000 5.012000
v 12.580001 5.735000 5.002000
v 12.580001 5.735000 4.877000
v 12.570001 5.735000 4.867000
v 12.210000 5.735000 4.877000
v 12.220000 5.735000 4.867000
v 12.220000 4.015000 3.817000
v 12.210000 4.015000 3.807000
v 12.220000 4.005000 3.807000
v 12.570001 4.015000 3.817000
v 12.570001 4.005000 3.807000
v 12.580001 4.015000 3.807000
v 12.570001 4.015000 3.672000
v 12.580001 4.015000 3.682000
v 12.570001 4.005000 3.682000
v 12.210000 4.015000 3.682000
v 12.220000 4.015000 3.672000
v 12.220000 4.005000 3.682000
v 12.210000 5.735000 3.807000
v 12.220000 5.735000 3.817000
v 12.220000 5.745000 3.807000
v 12.570001 5.735000 3.817000
v 12.580001 5.735000 3.807000
v 12.570001 5.745000 3.807000
v 12.580001 5.735000 3.682000
v 12.570001 5.735000 3.672000
v 12.570001 5.745000 3.682000
v 12.210000 5.735000 3.682000
v 12.220000 5.745000 3.682000
v 12.220000 5.735000 3.672000
v 12.220000 5.660000 5.012000
v 12.210000 5.660000 5.002000
v 12.220000 5.650000 5.002000
v 12.570001 5.660000 5.012000
v 12.570001 5.650000 5.002000
v 12.580001 5.660000 5.002000
v 12.570001 5.660000 3.672000
v 12.580001 5.660000 3.682000
v 12.570001 5.650000 3.682000
v 12.210000 5.660000 3.682000
v 12.220000 5.660000 3.672000
v 12.220000 5.650000 3.682000
v 12.210000 5.785000 5.002000
v 12.220000 5.785000 5.012000
v 12.220000 5.795000 5.002000
v 12.570001 5.785000 5.012000
v 12.580001 5.785000 5.002000
v 12.570001 5.795000 5.002000
v 12.210000 5.785000 3.682000
v 12.220000 5.795000 3.682000
v 12.220000 5.785000 3.672000
v 11.968000 3.963000 5.127000
v 11.950000 3.963000 5.109000
v 11.968000 3.945000 5.109000
v 12.552000 3.963000 5.127000
v 12.552000 3.945000 5.109000
v 12.570001 3.963000 5.109000
v 12.552000 3.963000 3.557000
v 12.570001 3.963000 3.575000
v 12.552000 3.945000 3.575000
v 11.950000 3.963000 3.575000
v 11.968000 3.963000 3.557000
v 11.968000 3.945000 3.575000
v 11.950000 4.087000 5.109000
v 11.968000 4.087000 5.127000
v 11.968000 4.105000 5.109000
v 12.552000 4.087000 5.127000
v 12.570001 4.087000 5.109000
v 12.552000 4.105000 5.109000
v 12.570001 4.087000 3.575000
v 12.552000 4.087000 3.557000
v 12.552000 4.105000 3.575000
v 11.950000 4.087000 3.575000
v 11.968000 4.105000 3.575000
v 11.968000 4.087000 3.557000
v 12.475000 4.100000 4.867000
v 12.475000 5.650000 4.867000
v 12.475000 5.650000 3.817000
v 12.475000 4.100000 3.817000
v 12.201377 4.100000 5.025731
v 12.182566 4.100000 4.974048
v 11.699094 4.100000 5.150017
v 11.717905 4.100000 5.201700
v 12.201377 5.650000 5.025731
v 12.182566 5.650000 4.974048
v 11.699094 5.650000 5.150017
v 11.717905 5.650000 5.201700
v 11.897163 4.100000 3.282696
v 11.855031 4.100000 3.318049
v 12.185745 4.100000 3.712179
v 12.227878 4.100000 3.676826
v 11.897163 5.650000 3.282696
v 11.855031 5.650000 3.318049
v 12.185745 5.650000 3.712179
v 12.227878 5.650000 3.676826
v 12.175000 3.515000 10.000000
v 12.335000 3.515000 10.000000
v 12.335000 3.515000 1.800000
v 12.175000 3.515000 1.800000
v 12.175000 3.685000 10.000000
v 12.335000 3.685000 10.000000
v 12.335000 3.685000 1.800000
v 12.175000 3.685000 1.800000
v 13.980000 6.750000 6.190000
v 14.620000 6.750000 6.190000
v 14.620000 6.750000 5.610000
v 13.980000 6.750000 5.610000
v 13.980000 7.850000 6.190000
v 14.620000 7.850000 6.190000
v 14.620000 7.850000 5.610000
v 13.980000 7.850000 5.610000
v 13.890000 7.800000 6.275000
v 14.710000 7.800000 6.275000
v 14.710000 7.800000 5.525000
v 13.890000 7.800000 5.525000
v 13.890000 7.960000 6.275000
v 14.710000 7.960000 6.275000
v 14.710000 7.960000 5.525000
v 13.890000 7.960000 5.525000
v 13.799999 0.000000 1.800000
v 14.250000 0.000000 1.800000
v 13.799999 4.100000 1.800000
v 14.250000 4.100000 1.800000
v 14.250000 4.100000 -2.239000
v 13.799999 5.650000 1.800000
v 14.250000 5.650000 1.800000
v 13.799999 7.150000 1.800000
v 14.250000 7.150000 1.800000
v 13.799999 0.000000 -2.239000
v 14.250000 0.000000 -2.239000
v 13.799999 4.100000 -2.239000
v 14.250000 4.100000 -3.289000
v 13.799999 5.650001 -2.239000
v 14.250000 5.650001 -2.239000
v 13.799999 7.150000 -2.239000
v 14.250000 7.150000 -2.239000
v 13.799999 0.000000 -3.289000
v 14.250000 0.000000 -3.289000
v 14.250000 0.000000 -8.922000
v 13.799999 0.000000 -8.922000
v 13.799999 4.100000 -3.289000
v 14.250000 4.100000 -8.922000
v 13.799999 4.100000 -8.922000
v 13.799999 5.650001 -3.289000
v 14.250000 5.650001 -3.289000
v 14.250000 5.650001 -8.922000
v 13.799999 5.650001 -8.922000
v 13.799999 7.150000 -3.289000
v 14.250000 7.150000 -3.289000
v 14.250000 7.150000 -8.922000
v 13.799999 7.150000 -8.922000
v 13.799999 0.000000 -9.972000
v 14.250000 0.000000 -9.972000
v 14.250000 0.000000 -14.500000
v 13.799999 0.000000 -14.500000
v 13.799999 4.100000 -9.972000
v 14.250000 4.100000 -9.972000
v 14.250000 4.100000 -14.500000
v 13.799999 4.100000 -14.500000
v 13.799999 5.650001 -9.972000
v 14.250000 5.650001 -9.972000
v 14.250000 5.650000 -14.500000
v 13.799999 5.650000 -14.500000
v 13.799999 7.150000 -9.972000
v 14.250000 7.150000 -9.972000
v 14.250000 7.150000 -14.500000
v 13.799999 7.150000 -14.500000
v 13.800000 0.000000 2.025000
v 17.799999 0.000000 2.025000
v 17.799999 0.000000 1.575000
v 13.800000 0.000000 1.575000
v 13.800000 7.150000 2.025000
v 17.799999 7.150000 2.025000
v 17.799999 7.150000 1.575000
v 13.800000 7.150000 1.575000
v 13.800000 0.000000 -14.275000
v 17.799999 0.000000 -14.275000
v 17.799999 0.000000 -14.725000
v 13.800000 0.000000 -14.725000
v 13.800000 7.150000 -14.275000
v 17.799999 7.150000 -14.275000
v 17.799999 7.150000 -14.725000
v 13.800000 7.150000 -14.725000
v 17.350000 0.000000 1.800000
v 17.350000 0.000000 -14.500000
v 17.350000 7.150000 1.800000
v 17.800001 7.150000 1.800000
v 17.800001 7.150000 -14.500000
v 17.350000 7.150000 -14.500000
v 13.800000 -0.140000 1.800000
v 17.799999 -0.140000 1.800000
v 17.799999 -0.140000 -14.500000
v 13.800000 -0.140000 -14.500000
v 17.799999 0.000000 1.800000
v 17.799999 0.000000 -14.500000
v 13.370000 7.150000 2.200000
v 13.370000 7.150000 -14.900000
v 15.800000 8.400000 2.200000
v 15.800000 8.400000 -14.900000
v 18.230000 7.150000 2.200000
v 18.230000 7.150000 -14.900000
v 13.370000 6.990000 2.200000
v 13.370000 6.990000 -14.900000
v 15.800000 8.240000 2.200000
v 15.800000 8.240000 -14.900000
v 18.230000 6.990000 2.200000
v 18.230000 6.990000 -14.900000
v 13.800000 7.050000 1.800000
v 15.800000 8.270000 1.800000
v 17.799999 7.050000 1.800000
v 13.800000 7.050000 -14.500000
v 15.800000 8.270000 -14.500000
v 17.799999 7.050000 -14.500000
v 13.290000 6.920000 2.200000
v 13.520000 6.920000 2.200000
v 13.520000 6.920000 -14.900000
v 13.290000 6.920000 -14.900000
v 13.290000 7.080000 2.200000
v 13.520000 7.080000 2.200000
v 13.520000 7.080000 -14.900000
v 13.290000 7.080000 -14.900000
v 13.720000 4.015000 -2.094000
v 13.710000 4.015000 -2.104000
v 13.720000 4.005000 -2.104000
v 14.070001 4.015000 -2.094000
v 14.070001 4.005000 -2.104000
v 14.070001 4.015000 -2.239000
v 14.080001 4.015000 -2.229000
v 14.070001 4.005000 -2.229000
v 13.710000 4.015000 -2.229000
v 13.720000 4.015000 -2.239000
v 13.720000 4.005000 -2.229000
v 13.710000 5.735000 -2.104000
v 13.720000 5.735000 -2.094000
v 13.720000 5.745000 -2.104000
v 14.070001 5.735000 -2.094000
v 14.080001 5.735000 -2.104000
v 14.070001 5.745000 -2.104000
v 14.080001 5.735000 -2.229000
v 14.070001 5.735000 -2.239000
v 14.070001 5.745000 -2.229000
v 13.710000 5.735000 -2.229000
v 13.720000 5.745000 -2.229000
v 13.720000 5.735000 -2.239000
v 13.720000 4.015000 -3.289000
v 13.710000 4.015000 -3.299000
v 13.720000 4.005000 -3.299000
v 14.070001 4.015000 -3.289000
v 14.070001 4.005000 -3.299000
v 14.080001 4.015000 -3.299000
v 14.070001 4.015000 -3.434000
v 14.080001 4.015000 -3.424000
v 14.070001 4.005000 -3.424000
v 13.710000 4.015000 -3.424000
v 13.720000 4.015000 -3.434000
v 13.720000 4.005000 -3.424000
v 13.710000 5.735000 -3.299000
v 13.720000 5.735000 -3.289000
v 13.720000 5.745000 -3.299000
v 14.070001 5.735000 -3.289000
v 14.080001 5.735000 -3.299000
v 14.070001 5.745000 -3.299000
v 14.080001 5.735000 -3.424000
v 14.070001 5.735000 -3.434000
v 14.070001 5.745000 -3.424000
v 13.710000 5.735000 -3.424000
v 13.720000 5.745000 -3.424000
v 13.720000 5.735000 -3.434000
v 13.720000 5.660000 -2.094000
v 13.710000 5.660000 -2.104000
v 13.720000 5.650000 -2.104000
v 14.070001 5.660000 -3.434000
v 14.080001 5.660000 -3.424000
v 14.070001 5.650000 -3.424000
v 13.710000 5.660000 -3.424000
v 13.720000 5.660000 -3.434000
v 13.720000 5.650000 -3.424000
v 13.710000 5.785000 -2.104000
v 13.720000 5.785000 -2.094000
v 13.720000 5.795000 -2.104000
v 14.080001 5.785000 -3.424000
v 14.070001 5.785000 -3.434000
v 14.070001 5.795000 -3.424000
v 13.710000 5.785000 -3.424000
v 13.720000 5.795000 -3.424000
v 13.720000 5.785000 -3.434000
v 13.468000 3.963000 -1.979000
v 13.450000 3.963000 -1.997000
v 13.468000 3.945000 -1.997000
v 14.052000 3.963000 -1.979000
v 14.052000 3.945000 -1.997000
v 14.052000 3.963000 -3.549000
v 14.070001 3.963000 -3.531000
v 14.052000 3.945000 -3.531000
v 13.450000 3.963000 -3.531000
v 13.468000 3.963000 -3.549000
v 13.468000 3.945000 -3.531000
v 13.450000 4.087000 -1.997000
v 13.468000 4.087000 -1.979000
v 13.468000 4.105000 -1.997000
v 14.052000 4.087000 -1.979000
v 14.070001 4.087000 -1.997000
v 14.052000 4.105000 -1.997000
v 14.070001 4.087000 -3.531000
v 14.052000 4.087000 -3.549000
v 14.052000 4.105000 -3.531000
v 13.450000 4.087000 -3.531000
v 13.468000 4.105000 -3.531000
v 13.468000 4.087000 -3.549000
v 13.975000 4.100000 -2.239000
v 13.975000 5.650000 -2.239000
v 13.975000 5.650000 -3.289000
v 13.975000 4.100000 -3.289000
v 13.701377 4.100000 -2.080269
v 13.682566 4.100000 -2.131953
v 13.199094 4.100000 -1.955983
v 13.217905 4.100000 -1.904300
v 13.701377 5.650000 -2.080269
v 13.682566 5.650000 -2.131953
v 13.199094 5.650000 -1.955983
v 13.217905 5.650000 -1.904300
v 13.397163 4.100000 -3.823304
v 13.355031 4.100000 -3.787951
v 13.685745 4.100000 -3.393821
v 13.727878 4.100000 -3.429174
v 13.397163 5.650000 -3.823304
v 13.355031 5.650000 -3.787951
v 13.685745 5.650000 -3.393821
v 13.727878 5.650000 -3.429174
v 13.720000 4.015000 -8.776999
v 13.710000 4.015000 -8.787000
v 13.720000 4.005000 -8.787000
v 14.070001 4.015000 -8.776999
v 14.070001 4.005000 -8.787000
v 14.080001 4.015000 -8.787000
v 14.070001 4.015000 -8.922000
v 14.080001 4.015000 -8.912000
v 14.070001 4.005000 -8.912000
v 13.710000 4.015000 -8.912000
v 13.720000 4.015000 -8.922000
v 13.720000 4.005000 -8.912000
v 13.710000 5.735000 -8.787000
v 13.720000 5.735000 -8.776999
v 13.720000 5.745000 -8.787000
v 14.070001 5.735000 -8.776999
v 14.080001 5.735000 -8.787000
v 14.070001 5.745000 -8.787000
v 14.080001 5.735000 -8.912000
v 14.070001 5.735000 -8.922000
v 14.070001 5.745000 -8.912000
v 13.710000 5.735000 -8.912000
v 13.720000 5.745000 -8.912000
v 13.720000 5.735000 -8.922000
v 13.720000 4.015000 -9.972000
v 13.710000 4.015000 -9.982000
v 13.720000 4.005000 -9.982000
v 14.070001 4.015000 -9.972000
v 14.070001 4.005000 -9.982000
v 14.080001 4.015000 -9.982000
v 14.070001 4.015000 -10.117001
v 14.080001 4.015000 -10.107000
v 14.070001 4.005000 -10.107000
v 13.710000 4.015000 -10.107000
v 13.720000 4.015000 -10.117001
v 13.720000 4.005000 -10.107000
v 13.710000 5.735000 -9.982000
v 13.720000 5.735000 -9.972000
v 13.720000 5.745000 -9.982000
v 14.070001 5.735000 -9.972000
v 14.080001 5.735000 -9.982000
v 14.070001 5.745000 -9.982000
v 14.080001 5.735000 -10.107000
v 14.070001 5.735000 -10.117001
v 14.070001 5.745000 -10.107000
v 13.710000 5.735000 -10.107000
v 13.720000 5.745000 -10.107000
v 13.720000 5.735000 -10.117001
v 13.720000 5.660000 -8.776999
v 13.710000 5.660000 -8.787000
v 13.720000 5.650000 -8.787000
v 14.070001 5.660000 -10.117000
v 14.080001 5.660000 -10.106999
v 14.070001 5.650000 -10.106999
v 13.710000 5.660000 -10.106999
v 13.720000 5.660000 -10.117000
v 13.720000 5.650000 -10.106999
v 13.710000 5.785000 -8.787000
v 13.720000 5.785000 -8.776999
v 13.720000 5.795000 -8.787000
v 14.080001 5.785000 -10.106999
v 14.070001 5.785000 -10.117000
v 14.070001 5.795000 -10.106999
v 13.710000 5.785000 -10.106999
v 13.720000 5.795000 -10.106999
v 13.720000 5.785000 -10.117000
v 13.468000 3.963000 -8.662000
v 13.450000 3.963000 -8.679999
v 13.468000 3.945000 -8.679999
v 14.052000 3.963000 -8.662000
v 14.052000 3.945000 -8.679999
v 14.070001 3.963000 -8.679999
v 14.052000 3.963000 -10.231999
v 14.070001 3.963000 -10.214000
v 14.052000 3.945000 -10.214000
v 13.450000 3.963000 -10.214000
v 13.468000 3.963000 -10.231999
v 13.468000 3.945000 -10.214000
v 13.450000 4.087000 -8.679999
v 13.468000 4.087000 -8.662000
v 13.468000 4.105000 -8.679999
v 14.052000 4.087000 -8.662000
v 14.070001 4.087000 -8.679999
v 14.052000 4.105000 -8.679999
v 14.070001 4.087000 -10.214000
v 14.052000 4.087000 -10.231999
v 14.052000 4.105000 -10.214000
v 13.450000 4.087000 -10.214000
v 13.468000 4.105000 -10.214000
v 13.468000 4.087000 -10.231999
v 13.975000 4.100000 -8.922000
v 13.975000 5.650000 -8.922000
v 13.975000 5.650000 -9.972000
v 13.975000 4.100000 -9.972000
v 13.701376 4.100000 -8.763268
v 13.682565 4.100000 -8.814951
v 13.199093 4.100000 -8.638982
v 13.217904 4.100000 -8.587299
v 13.701376 5.650000 -8.763268
v 13.682565 5.650000 -8.814951
v 13.199093 5.650000 -8.638982
v 13.217904 5.650000 -8.587299
v 13.397163 4.100000 -10.506304
v 13.355031 4.100000 -10.470950
v 13.685745 4.100000 -10.076820
v 13.727878 4.100000 -10.112174
v 13.397163 5.650000 -10.506304
v 13.355031 5.650000 -10.470950
v 13.685745 5.650000 -10.076820
v 13.727878 5.650000 -10.112174
v 13.675000 3.515000 1.800000
v 13.835000 3.515000 1.800000
v 13.835000 3.515000 -14.500000
v 13.675000 3.515000 -14.500000
v 13.675000 3.685000 1.800000
v 13.835000 3.685000 1.800000
v 13.835000 3.685000 -14.500000
v 13.675000 3.685000 -14.500000
v 15.480000 7.599999 -6.060000
v 16.120001 7.599999 -6.060000
v 16.120001 7.599999 -6.640000
v 15.480000 7.599999 -6.640000
v 15.480000 8.700000 -6.060000
v 16.120001 8.700000 -6.060000
v 16.120001 8.700000 -6.640000
v 15.480000 8.700000 -6.640000
v 15.390000 8.650000 -5.975000
v 16.210001 8.650000 -5.975000
v 16.210001 8.650000 -6.725000
v 15.390000 8.650000 -6.725000
v 15.390000 8.809999 -5.975000
v 16.210001 8.809999 -5.975000
v 16.210001 8.809999 -6.725000
v 15.390000 8.809999 -6.725000
v 12.099999 0.000000 -14.500000
v 12.550000 0.000000 -14.500000
v 12.550000 0.000000 -17.195000
v 12.099999 0.000000 -17.195000
v 12.099999 4.100000 -14.500000
v 12.550000 4.100000 -14.500000
v 12.550001 4.100000 -17.195000
v 12.100000 4.100000 -17.195000
v 12.099999 5.650000 -14.500000
v 12.550000 5.650000 -14.500000
v 12.550001 5.650001 -17.195000
v 12.100000 5.650001 -17.195000
v 12.099999 6.600000 -14.500000
v 12.550000 6.600000 -14.500000
v 12.550000 6.600000 -17.195000
v 12.099999 6.600000 -17.195000
v 12.550000 0.000000 -18.244999
v 12.099999 0.000000 -18.244999
v 12.550000 4.100000 -18.244999
v 12.099999 4.100000 -18.244999
v 12.550000 5.650000 -18.244999
v 12.099999 5.650000 -18.244999
v 12.550000 6.600000 -18.244999
v 12.099999 6.600000 -18.244999
v 12.100000 0.000000 -14.275000
v 16.100000 0.000000 -14.725000
v 12.100000 0.000000 -14.725000
v 12.100000 6.600000 -14.275000
v 16.100000 6.600000 -14.275000
v 16.100000 6.600000 -14.725000
v 12.100000 6.600000 -14.725000
v 12.100000 6.500000 -14.500000
v 14.100000 7.670000 -14.500000
v 16.100000 6.500000 -14.500000
v 12.020000 4.015000 -17.049999
v 12.009999 4.015000 -17.059999
v 12.020000 4.005000 -17.059999
v 12.370000 4.015000 -17.049999
v 12.370000 4.005000 -17.059999
v 12.370000 4.015000 -17.195000
v 12.380000 4.015000 -17.184999
v 12.370000 4.005000 -17.184999
v 12.009999 4.015000 -17.184999
v 12.020000 4.015000 -17.195000
v 12.020000 4.005000 -17.184999
v 12.009999 5.735000 -17.059999
v 12.020000 5.735000 -17.049999
v 12.020000 5.745000 -17.059999
v 12.370000 5.735000 -17.049999
v 12.380000 5.735000 -17.059999
v 12.370000 5.745000 -17.059999
v 12.380000 5.735000 -17.184999
v 12.370000 5.735000 -17.195000
v 12.370000 5.745000 -17.184999
v 12.009999 5.735000 -17.184999
v 12.020000 5.745000 -17.184999
v 12.020000 5.735000 -17.195000
v 12.020000 5.660000 -17.049999
v 12.009999 5.660000 -17.059999
v 12.020000 5.650000 -17.059999
v 12.370000 5.660000 -18.389999
v 12.380000 5.660000 -18.379999
v 12.370000 5.650000 -18.379999
v 12.009999 5.660000 -18.379999
v 12.020000 5.660000 -18.389999
v 12.020000 5.650000 -18.379999
v 12.009999 5.785000 -17.059999
v 12.020000 5.785000 -17.049999
v 12.020000 5.795000 -17.059999
v 12.380000 5.785000 -18.379999
v 12.370000 5.785000 -18.389999
v 12.370000 5.795000 -18.379999
v 12.009999 5.785000 -18.379999
v 12.020000 5.795000 -18.379999
v 12.020000 5.785000 -18.389999
v 11.768001 3.963000 -16.934999
v 11.750000 3.963000 -16.952999
v 11.768001 3.945000 -16.952999
v 12.352000 3.963000 -16.934999
v 12.352000 3.945000 -16.952999
v 12.352000 3.963000 -18.504999
v 12.370001 3.963000 -18.487000
v 12.352000 3.945000 -18.487000
v 11.750000 3.963000 -18.487000
v 11.768001 3.963000 -18.504999
v 11.768001 3.945000 -18.487000
v 11.750000 4.087000 -16.952999
v 11.768001 4.087000 -16.934999
v 11.768001 4.105000 -16.952999
v 12.352000 4.087000 -16.934999
v 12.370001 4.087000 -16.952999
v 12.352000 4.105000 -16.952999
v 12.370001 4.087000 -18.487000
v 12.352000 4.087000 -18.504999
v 12.352000 4.105000 -18.487000
v 11.750000 4.087000 -18.487000
v 11.768001 4.105000 -18.487000
v 11.768001 4.087000 -18.504999
v 12.275000 4.100000 -17.195000
v 12.275000 5.650000 -17.195000
v 12.275000 5.650000 -18.245001
v 12.275000 4.100000 -18.245001
v 12.001376 4.100000 -17.036268
v 11.982565 4.100000 -17.087952
v 11.499093 4.100000 -16.911982
v 11.517904 4.100000 -16.860298
v 12.001376 5.650000 -17.036268
v 11.982565 5.650000 -17.087952
v 11.499093 5.650000 -16.911982
v 11.517904 5.650000 -16.860298
v -6.500000 0.000000 2.275000
v -1.350000 0.000000 2.275000
v -1.350000 0.000000 1.925000
v -6.500000 0.000000 1.925000
v -6.500000 0.900000 2.275000
v -1.350000 0.900000 2.275000
v -1.350000 0.900000 1.925000
v -6.500000 0.900000 1.925000
v -6.525000 0.925000 2.340000
v -6.550000 0.925000 2.315000
v -6.525000 0.900000 2.315000
v -1.325000 0.925000 2.340000
v -1.325000 0.900000 2.315000
v -1.300000 0.925000 2.315000
v -1.325000 0.925000 1.860000
v -1.300000 0.925000 1.885000
v -1.325000 0.900000 1.885000
v -6.550000 0.925000 1.885000
v -6.525000 0.925000 1.860000
v -6.525000 0.900000 1.885000
v -6.550000 0.995000 2.315000
v -6.525000 0.995000 2.340000
v -6.525000 1.020000 2.315000
v -1.325000 0.995000 2.340000
v -1.300000 0.995000 2.315000
v -1.325000 1.020000 2.315000
v -1.300000 0.995000 1.885000
v -1.325000 0.995000 1.860000
v -1.325000 1.020000 1.885000
v -6.550000 0.995000 1.885000
v -6.525000 1.020000 1.885000
v -6.525000 0.995000 1.860000
v 1.350000 0.000000 2.275000
v 4.500000 0.000000 2.275000
v 4.500000 0.000000 1.925000
v 1.350000 0.000000 1.925000
v 1.350000 0.900000 2.275000
v 4.500000 0.900000 2.275000
v 4.500000 0.900000 1.925000
v 1.350000 0.900000 1.925000
v 1.325000 0.925000 2.340000
v 1.300000 0.925000 2.315000
v 1.325000 0.900000 2.315000
v 4.525000 0.925000 2.340000
v 4.525000 0.900000 2.315000
v 4.550000 0.925000 2.315000
v 4.525000 0.925000 1.860000
v 4.550000 0.925000 1.885000
v 4.525000 0.900000 1.885000
v 1.300000 0.925000 1.885000
v 1.325000 0.925000 1.860000
v 1.325000 0.900000 1.885000
v 1.300000 0.995000 2.315000
v 1.325000 0.995000 2.340000
v 1.325000 1.020000 2.315000
v 4.525000 0.995000 2.340000
v 4.550000 0.995000 2.315000
v 4.525000 1.020000 2.315000
v 4.550000 0.995000 1.885000
v 4.525000 0.995000 1.860000
v 4.525000 1.020000 1.885000
v 1.300000 0.995000 1.885000
v 1.325000 1.020000 1.885000
v 1.325000 0.995000 1.860000
v -6.500000 0.000000 -14.224999
v 4.500000 0.000000 -14.224999
v 4.500000 0.000000 -14.575000
v -6.500000 0.000000 -14.575000
v -6.500000 0.900000 -14.224999
v 4.500000 0.900000 -14.224999
v 4.500000 0.900000 -14.575000
v -6.500000 0.900000 -14.575000
v -6.525000 0.925000 -14.160000
v -6.550000 0.925000 -14.184999
v -6.525000 0.900000 -14.184999
v 4.525000 0.925000 -14.160000
v 4.525000 0.900000 -14.184999
v 4.525000 0.925000 -14.639999
v 4.550000 0.925000 -14.615000
v 4.525000 0.900000 -14.615000
v -6.550000 0.925000 -14.615000
v -6.525000 0.925000 -14.639999
v -6.525000 0.900000 -14.615000
v -6.550000 0.995000 -14.184999
v -6.525000 0.995000 -14.160000
v -6.525000 1.020000 -14.184999
v 4.525000 0.995000 -14.160000
v 4.525000 1.020000 -14.184999
v 4.550000 0.995000 -14.615000
v 4.525000 0.995000 -14.639999
v 4.525000 1.020000 -14.615000
v -6.550000 0.995000 -14.615000
v -6.525000 1.020000 -14.615000
v -6.525000 0.995000 -14.639999
v -1.635000 0.025000 2.320000
v -1.660000 0.025000 2.295000
v -1.635000 0.000000 2.295000
v -1.365000 0.025000 2.320000
v -1.365000 0.000000 2.295000
v -1.340000 0.025000 2.295000
v -1.365000 0.025000 1.880000
v -1.340000 0.025000 1.905000
v -1.365000 0.000000 1.905000
v -1.660000 0.025000 1.905000
v -1.635000 0.025000 1.880000
v -1.635000 0.000000 1.905000
v -1.660000 2.725000 2.295000
v -1.635000 2.725000 2.320000
v -1.635000 2.750000 2.295000
v -1.365000 2.725000 2.320000
v -1.340000 2.725000 2.295000
v -1.365000 2.750000 2.295000
v -1.340000 2.725000 1.905000
v -1.365000 2.725000 1.880000
v -1.365000 2.750000 1.905000
v -1.660000 2.725000 1.905000
v -1.635000 2.750000 1.905000
v -1.635000 2.725000 1.880000
v -1.700000 2.770000 2.375000
v -1.720000 2.770000 2.355000
v -1.700000 2.750000 2.355000
v -1.300000 2.770000 2.375000
v -1.300000 2.750000 2.355000
v -1.280000 2.770000 2.355000
v -1.300000 2.770000 1.825000
v -1.280000 2.770000 1.845000
v -1.300000 2.750000 1.845000
v -1.720000 2.770000 1.845000
v -1.700000 2.770000 1.825000
v -1.700000 2.750000 1.845000
v -1.720000 2.890000 2.355000
v -1.700000 2.890000 2.375000
v -1.700000 2.910000 2.355000
v -1.300000 2.890000 2.375000
v -1.280000 2.890000 2.355000
v -1.300000 2.910000 2.355000
v -1.280000 2.890000 1.845000
v -1.300000 2.890000 1.825000
v -1.300000 2.910000 1.845000
v -1.720000 2.890000 1.845000
v -1.700000 2.910000 1.845000
v -1.700000 2.890000 1.825000
v 1.365000 0.025000 2.320000
v 1.340000 0.025000 2.295000
v 1.365000 0.000000 2.295000
v 1.635000 0.025000 2.320000
v 1.635000 0.000000 2.295000
v 1.660000 0.025000 2.295000
v 1.635000 0.025000 1.880000
v 1.660000 0.025000 1.905000
v 1.635000 0.000000 1.905000
v 1.340000 0.025000 1.905000
v 1.365000 0.025000 1.880000
v 1.365000 0.000000 1.905000
v 1.340000 2.725000 2.295000
v 1.365000 2.725000 2.320000
v 1.365000 2.750000 2.295000
v 1.635000 2.725000 2.320000
v 1.660000 2.725000 2.295000
v 1.635000 2.750000 2.295000
v 1.660000 2.725000 1.905000
v 1.635000 2.725000 1.880000
v 1.635000 2.750000 1.905000
v 1.340000 2.725000 1.905000
v 1.365000 2.750000 1.905000
v 1.365000 2.725000 1.880000
v 1.300000 2.770000 2.375000
v 1.280000 2.770000 2.355000
v 1.300000 2.750000 2.355000
v 1.700000 2.770000 2.375000
v 1.700000 2.750000 2.355000
v 1.720000 2.770000 2.355000
v 1.700000 2.770000 1.825000
v 1.720000 2.770000 1.845000
v 1.700000 2.750000 1.845000
v 1.280000 2.770000 1.845000
v 1.300000 2.770000 1.825000
v 1.300000 2.750000 1.845000
v 1.280000 2.890000 2.355000
v 1.300000 2.890000 2.375000
v 1.300000 2.910000 2.355000
v 1.700000 2.890000 2.375000
v 1.720000 2.890000 2.355000
v 1.700000 2.910000 2.355000
v 1.720000 2.890000 1.845000
v 1.700000 2.890000 1.825000
v 1.700000 2.910000 1.845000
v 1.280000 2.890000 1.845000
v 1.300000 2.910000 1.845000
v 1.300000 2.890000 1.825000
v -1.675000 2.720000 2.325000
v -1.700000 2.720000 2.300000
v -1.675000 2.695000 2.300000
v 1.675000 2.720000 2.325000
v 1.675000 2.695000 2.300000
v 1.700000 2.720000 2.300000
v 1.675000 2.720000 1.875000
v 1.700000 2.720000 1.900000
v 1.675000 2.695000 1.900000
v -1.700000 2.720000 1.900000
v -1.675000 2.720000 1.875000
v -1.675000 2.695000 1.900000
v -1.700000 2.900000 2.300000
v -1.675000 2.900000 2.325000
v -1.675000 2.925000 2.300000
v 1.675000 2.900000 2.325000
v 1.700000 2.900000 2.300000
v 1.675000 2.925000 2.300000
v 1.700000 2.900000 1.900000
v 1.675000 2.900000 1.875000
v 1.675000 2.925000 1.900000
v -1.700000 2.900000 1.900000
v -1.675000 2.925000 1.900000
v -1.675000 2.900000 1.875000
v 4.340000 0.375000 -4.100000
v 4.420000 0.375000 -4.100000
v 4.420000 0.375000 -5.900000
v 4.340000 0.375000 -5.900000
v 4.340000 1.825000 -4.100000
v 4.420000 1.825000 -5.900000
v 4.340000 1.825000 -5.900000
v 3.470000 0.315000 -4.175000
v 3.415000 0.315000 -4.230000
v 3.470000 0.260000 -4.230000
v 4.210000 0.315000 -4.175000
v 4.210000 0.260000 -4.230000
v 4.265000 0.315000 -4.230000
v 4.210000 0.315000 -5.825000
v 4.265000 0.315000 -5.770000
v 4.210000 0.260000 -5.770000
v 3.415000 0.315000 -5.770000
v 3.470000 0.315000 -5.825000
v 3.470000 0.260000 -5.770000
v 3.415000 0.345000 -4.230000
v 3.470000 0.345000 -4.175000
v 3.470000 0.400000 -4.230000
v 4.210000 0.345000 -4.175000
v 4.265000 0.345000 -4.230000
v 4.210000 0.400000 -4.230000
v 4.265000 0.345000 -5.770000
v 4.210000 0.345000 -5.825000
v 4.210000 0.400000 -5.770000
v 3.415000 0.345000 -5.770000
v 3.470000 0.400000 -5.770000
v 3.470000 0.345000 -5.825000
v 3.415000 0.375000 -4.130000
v 3.390000 0.375000 -4.155000
v 3.415000 0.350000 -4.155000
v 4.265000 0.375000 -4.130000
v 4.265000 0.350000 -4.155000
v 4.290000 0.375000 -4.155000
v 4.265000 0.375000 -4.270000
v 4.290000 0.375000 -4.245000
v 4.265000 0.350000 -4.245000
v 3.415000 0.375000 -4.270000
v 3.390000 0.665000 -4.155000
v 3.415000 0.665000 -4.130000
v 3.415000 0.690000 -4.155000
v 4.265000 0.665000 -4.130000
v 4.290000 0.665000 -4.155000
v 4.265000 0.690000 -4.155000
v 4.290000 0.665000 -4.245000
v 4.265000 0.665000 -4.270000
v 4.265000 0.690000 -4.245000
v 3.415000 0.690000 -4.245000
v 3.415000 0.665000 -4.270000
v 3.415000 0.375000 -5.730000
v 4.265000 0.375000 -5.730000
v 4.265000 0.350000 -5.755000
v 4.290000 0.375000 -5.755000
v 4.265000 0.375000 -5.870000
v 4.290000 0.375000 -5.845000
v 4.265000 0.350000 -5.845000
v 3.390000 0.375000 -5.845000
v 3.415000 0.375000 -5.870000
v 3.415000 0.350000 -5.845000
v 3.415000 0.665000 -5.730000
v 3.415000 0.690000 -5.755000
v 4.265000 0.665000 -5.730000
v 4.290000 0.665000 -5.755000
v 4.265000 0.690000 -5.755000
v 4.290000 0.665000 -5.845000
v 4.265000 0.665000 -5.870000
v 4.265000 0.690000 -5.845000
v 3.390000 0.665000 -5.845000
v 3.415000 0.690000 -5.845000
v 3.415000 0.665000 -5.870000
v 3.325000 0.375000 -4.175000
v 3.300000 0.375000 -4.200000
v 3.325000 0.350000 -4.200000
v 3.415000 0.375000 -4.175000
v 3.415000 0.350000 -4.200000
v 3.440000 0.375000 -4.200000
v 3.415000 0.375000 -5.825000
v 3.440000 0.375000 -5.800000
v 3.415000 0.350000 -5.800000
v 3.300000 0.375000 -5.800000
v 3.325000 0.375000 -5.825000
v 3.325000 0.350000 -5.800000
v 3.300000 0.665000 -4.200000
v 3.325000 0.665000 -4.175000
v 3.325000 0.690000 -4.200000
v 3.415000 0.665000 -4.175000
v 3.440000 0.665000 -4.200000
v 3.415000 0.690000 -4.200000
v 3.440000 0.665000 -5.800000
v 3.415000 0.665000 -5.825000
v 3.415000 0.690000 -5.800000
v 3.300000 0.665000 -5.800000
v 3.325000 0.690000 -5.800000
v 3.325000 0.665000 -5.825000
v 3.470000 0.552500 -4.290000
v 4.170000 0.552500 -4.290000
v 4.170000 0.552500 -5.710000
v 3.470000 0.552500 -5.710000
v 3.470000 0.587500 -4.290000
v 4.170000 0.587500 -4.290000
v 4.170000 0.587500 -5.710000
v 3.470000 0.587500 -5.710000
v 4.270000 1.130000 -4.965000
v 4.270000 1.147500 -4.969689
v 4.270000 1.160311 -4.982500
v 4.270000 1.165000 -5.000000
v 4.270000 1.160311 -5.017500
v 4.270000 1.147500 -5.030311
v 4.270000 1.130000 -5.035000
v 4.270000 1.112500 -5.030311
v 4.270000 1.099689 -5.017500
v 4.270000 1.095000 -5.000000
v 4.270000 1.099689 -4.982500
v 4.270000 1.112500 -4.969689
v 3.930000 1.130000 -4.965000
v 3.930000 1.147500 -4.969689
v 3.930000 1.160311 -4.982500
v 3.930000 1.165000 -5.000000
v 3.930000 1.160311 -5.017500
v 3.930000 1.147500 -5.030311
v 3.930000 1.130000 -5.035000
v 3.930000 1.112500 -5.030311
v 3.930000 1.099689 -5.017500
v 3.930000 1.095000 -5.000000
v 3.930000 1.099689 -4.982500
v 3.930000 1.112500 -4.969689
v 4.230000 1.840000 -4.010000
v 4.210000 1.840000 -4.030000
v 4.230000 1.820000 -4.030000
v 4.430000 1.840000 -4.010000
v 4.430000 1.820000 -4.030000
v 4.450000 1.840000 -4.030000
v 4.430000 1.840000 -5.990000
v 4.450000 1.840000 -5.970000
v 4.430000 1.820000 -5.970000
v 4.210000 1.840000 -5.970000
v 4.230000 1.840000 -5.990000
v 4.230000 1.820000 -5.970000
v 4.210000 1.940000 -4.030000
v 4.230000 1.940000 -4.010000
v 4.230000 1.960000 -4.030000
v 4.430000 1.940000 -4.010000
v 4.450000 1.940000 -4.030000
v 4.430000 1.960000 -4.030000
v 4.450000 1.940000 -5.970000
v 4.430000 1.940000 -5.990000
v 4.430000 1.960000 -5.970000
v 4.210000 1.940000 -5.970000
v 4.230000 1.960000 -5.970000
v 4.230000 1.940000 -5.990000
v 3.055000 0.685000 -7.180000
v 3.040000 0.685000 -7.195000
v 3.055000 0.670000 -7.195000
v 3.665000 0.685000 -7.180000
v 3.665000 0.670000 -7.195000
v 3.680000 0.685000 -7.195000
v 3.665000 0.685000 -8.800000
v 3.680000 0.685000 -8.785000
v 3.665000 0.670000 -8.785000
v 3.040000 0.685000 -8.785000
v 3.055000 0.685000 -8.800000
v 3.055000 0.670000 -8.785000
v 3.040000 0.775000 -7.195000
v 3.055000 0.775000 -7.180000
v 3.055000 0.790000 -7.195000
v 3.665000 0.775000 -7.180000
v 3.680000 0.775000 -7.195000
v 3.665000 0.790000 -7.195000
v 3.680000 0.775000 -8.785000
v 3.665000 0.775000 -8.800000
v 3.665000 0.790000 -8.785000
v 3.040000 0.775000 -8.785000
v 3.055000 0.790000 -8.785000
v 3.055000 0.775000 -8.800000
v 3.285000 0.230000 -7.295000
v 3.435000 0.230000 -7.295000
v 3.435000 0.230000 -7.445000
v 3.285000 0.230000 -7.445000
v 3.285000 0.670000 -7.295000
v 3.435000 0.670000 -7.295000
v 3.435000 0.670000 -7.445000
v 3.285000 0.670000 -7.445000
v 3.285000 0.230000 -8.535000
v 3.435000 0.230000 -8.535000
v 3.435000 0.230000 -8.684999
v 3.285000 0.230000 -8.684999
v 3.285000 0.670000 -8.535000
v 3.435000 0.670000 -8.535000
v 3.435000 0.670000 -8.684999
v 3.285000 0.670000 -8.684999
v 3.017500 0.250000 -6.200000
v 3.007033 0.250000 -6.252619
v 2.977227 0.250000 -6.297227
v 2.932619 0.250000 -6.327034
v 2.880000 0.250000 -6.337500
v 2.827381 0.250000 -6.327034
v 2.782773 0.250000 -6.297227
v 2.752967 0.250000 -6.252619
v 2.742500 0.250000 -6.200000
v 2.752967 0.250000 -6.147381
v 2.782773 0.250000 -6.102773
v 2.827381 0.250000 -6.072967
v 2.880000 0.250000 -6.062500
v 2.932619 0.250000 -6.072967
v 2.977227 0.250000 -6.102773
v 3.007033 0.250000 -6.147381
v 3.040000 0.295000 -6.200000
v 3.027821 0.295000 -6.261230
v 2.993137 0.295000 -6.313137
v 2.941229 0.295000 -6.347821
v 2.880000 0.295000 -6.360000
v 2.818771 0.295000 -6.347821
v 2.766863 0.295000 -6.313137
v 2.732179 0.295000 -6.261230
v 2.720000 0.295000 -6.200000
v 2.732179 0.295000 -6.138771
v 2.766863 0.295000 -6.086863
v 2.818771 0.295000 -6.052179
v 2.880000 0.295000 -6.040000
v 2.941229 0.295000 -6.052179
v 2.993137 0.295000 -6.086863
v 3.027821 0.295000 -6.138771
v 3.130000 0.617200 -6.200000
v 3.110970 0.617200 -6.295671
v 3.056777 0.617200 -6.376777
v 2.975671 0.617200 -6.430970
v 2.880000 0.617200 -6.450000
v 2.784329 0.617200 -6.430970
v 2.703223 0.617200 -6.376777
v 2.649030 0.617200 -6.295671
v 2.630000 0.617200 -6.200000
v 2.649030 0.617200 -6.104329
v 2.703223 0.617200 -6.023223
v 2.784329 0.617200 -5.969030
v 2.880000 0.617200 -5.950000
v 2.975671 0.617200 -5.969030
v 3.056777 0.617200 -6.023223
v 3.110970 0.617200 -6.104329
v 3.067500 0.773800 -6.200000
v 3.053227 0.773800 -6.271753
v 3.012583 0.773800 -6.332582
v 2.951753 0.773800 -6.373228
v 2.880000 0.773800 -6.387500
v 2.808247 0.773800 -6.373228
v 2.747417 0.773800 -6.332582
v 2.706773 0.773800 -6.271753
v 2.692500 0.773800 -6.200000
v 2.706773 0.773800 -6.128247
v 2.747417 0.773800 -6.067418
v 2.808247 0.773800 -6.026772
v 2.880000 0.773800 -6.012500
v 2.951753 0.773800 -6.026772
v 3.012583 0.773800 -6.067418
v 3.053227 0.773800 -6.128247
v 3.080000 0.790000 -6.200000
v 3.064776 0.790000 -6.276536
v 3.021421 0.790000 -6.341421
v 2.956537 0.790000 -6.384776
v 2.880000 0.790000 -6.400000
v 2.803463 0.790000 -6.384776
v 2.738579 0.790000 -6.341421
v 2.695224 0.790000 -6.276536
v 2.680000 0.790000 -6.200000
v 2.695224 0.790000 -6.123463
v 2.738579 0.790000 -6.058578
v 2.803463 0.790000 -6.015224
v 2.880000 0.790000 -6.000000
v 2.956537 0.790000 -6.015224
v 3.021421 0.790000 -6.058578
v 3.064776 0.790000 -6.123463
v 3.040000 0.790000 -6.200000
v 3.027821 0.790000 -6.261230
v 2.993137 0.790000 -6.313137
v 2.941229 0.790000 -6.347821
v 2.880000 0.790000 -6.360000
v 2.818771 0.790000 -6.347821
v 2.766863 0.790000 -6.313137
v 2.732179 0.790000 -6.261230
v 2.720000 0.790000 -6.200000
v 2.732179 0.790000 -6.138771
v 2.766863 0.790000 -6.086863
v 2.818771 0.790000 -6.052179
v 2.880000 0.790000 -6.040000
v 2.941229 0.790000 -6.052179
v 2.993137 0.790000 -6.086863
v 3.027821 0.790000 -6.138771
v 3.040000 0.665800 -6.200000
v 3.027821 0.665800 -6.261230
v 2.993137 0.665800 -6.313137
v 2.941229 0.665800 -6.347821
v 2.880000 0.665800 -6.360000
v 2.818771 0.665800 -6.347821
v 2.766863 0.665800 -6.313137
v 2.732179 0.665800 -6.261230
v 2.720000 0.665800 -6.200000
v 2.732179 0.665800 -6.138771
v 2.766863 0.665800 -6.086863
v 2.818771 0.665800 -6.052179
v 2.880000 0.665800 -6.040000
v 2.941229 0.665800 -6.052179
v 2.993137 0.665800 -6.086863
v 3.027821 0.665800 -6.138771
v 2.979000 0.250000 -6.700000
v 2.971464 0.250000 -6.737885
v 2.950004 0.250000 -6.770004
v 2.917886 0.250000 -6.791464
v 2.880000 0.250000 -6.799000
v 2.842114 0.250000 -6.791464
v 2.809996 0.250000 -6.770004
v 2.788536 0.250000 -6.737885
v 2.781000 0.250000 -6.700000
v 2.788536 0.250000 -6.662114
v 2.809996 0.250000 -6.629996
v 2.842114 0.250000 -6.608536
v 2.880000 0.250000 -6.601000
v 2.917886 0.250000 -6.608536
v 2.950004 0.250000 -6.629996
v 2.971464 0.250000 -6.662114
v 2.995200 0.295000 -6.700000
v 2.986431 0.295000 -6.744085
v 2.961459 0.295000 -6.781459
v 2.924085 0.295000 -6.806431
v 2.880000 0.295000 -6.815200
v 2.835915 0.295000 -6.806431
v 2.798541 0.295000 -6.781459
v 2.773569 0.295000 -6.744085
v 2.764800 0.295000 -6.700000
v 2.773569 0.295000 -6.655915
v 2.798541 0.295000 -6.618541
v 2.835915 0.295000 -6.593569
v 2.880000 0.295000 -6.584800
v 2.924085 0.295000 -6.593569
v 2.961459 0.295000 -6.618541
v 2.986431 0.295000 -6.655915
v 3.060000 0.522000 -6.700000
v 3.046298 0.522000 -6.768883
v 3.007279 0.522000 -6.827279
v 2.948883 0.522000 -6.866298
v 2.880000 0.522000 -6.880000
v 2.811117 0.522000 -6.866298
v 2.752721 0.522000 -6.827279
v 2.713702 0.522000 -6.768883
v 2.700000 0.522000 -6.700000
v 2.713702 0.522000 -6.631117
v 2.752721 0.522000 -6.572721
v 2.811117 0.522000 -6.533702
v 2.880000 0.522000 -6.520000
v 2.948883 0.522000 -6.533702
v 3.007279 0.522000 -6.572721
v 3.046298 0.522000 -6.631117
v 3.015000 0.638000 -6.700000
v 3.004724 0.638000 -6.751662
v 2.975459 0.638000 -6.795459
v 2.931662 0.638000 -6.824724
v 2.880000 0.638000 -6.835000
v 2.828338 0.638000 -6.824724
v 2.784541 0.638000 -6.795459
v 2.755276 0.638000 -6.751662
v 2.745000 0.638000 -6.700000
v 2.755276 0.638000 -6.648338
v 2.784541 0.638000 -6.604540
v 2.828338 0.638000 -6.575276
v 2.880000 0.638000 -6.565000
v 2.931662 0.638000 -6.575276
v 2.975459 0.638000 -6.604540
v 3.004724 0.638000 -6.648338
v 3.024000 0.650000 -6.700000
v 3.013039 0.650000 -6.755106
v 2.981823 0.650000 -6.801823
v 2.935107 0.650000 -6.833039
v 2.880000 0.650000 -6.844000
v 2.824893 0.650000 -6.833039
v 2.778177 0.650000 -6.801823
v 2.746961 0.650000 -6.755106
v 2.736000 0.650000 -6.700000
v 2.746961 0.650000 -6.644894
v 2.778177 0.650000 -6.598176
v 2.824893 0.650000 -6.566961
v 2.880000 0.650000 -6.556000
v 2.935107 0.650000 -6.566961
v 2.981823 0.650000 -6.598176
v 3.013039 0.650000 -6.644894
v 2.995200 0.650000 -6.700000
v 2.986431 0.650000 -6.744085
v 2.961459 0.650000 -6.781459
v 2.924085 0.650000 -6.806431
v 2.880000 0.650000 -6.815200
v 2.835915 0.650000 -6.806431
v 2.798541 0.650000 -6.781459
v 2.773569 0.650000 -6.744085
v 2.764800 0.650000 -6.700000
v 2.773569 0.650000 -6.655915
v 2.798541 0.650000 -6.618541
v 2.835915 0.650000 -6.593569
v 2.880000 0.650000 -6.584800
v 2.924085 0.650000 -6.593569
v 2.961459 0.650000 -6.618541
v 2.986431 0.650000 -6.655915
v 2.995200 0.558000 -6.700000
v 2.986431 0.558000 -6.744085
v 2.961459 0.558000 -6.781459
v 2.924085 0.558000 -6.806431
v 2.880000 0.558000 -6.815200
v 2.835915 0.558000 -6.806431
v 2.798541 0.558000 -6.781459
v 2.773569 0.558000 -6.744085
v 2.764800 0.558000 -6.700000
v 2.773569 0.558000 -6.655915
v 2.798541 0.558000 -6.618541
v 2.835915 0.558000 -6.593569
v 2.880000 0.558000 -6.584800
v 2.924085 0.558000 -6.593569
v 2.961459 0.558000 -6.618541
v 2.986431 0.558000 -6.655915
v -6.810000 0.000000 5.812500
v -6.810000 0.240000 5.812500
v -6.810000 0.240000 5.187500
v -6.810000 0.000000 5.187500
v -6.390000 0.000000 5.812500
v -6.390000 0.240000 5.812500
v -6.390000 0.240000 5.187500
v -6.390000 0.000000 5.187500
v -6.810000 0.000000 5.162500
v -6.810000 0.240000 5.162500
v -6.810000 0.240000 4.537500
v -6.810000 0.000000 4.537500
v -6.390000 0.000000 5.162500
v -6.390000 0.240000 5.162500
v -6.390000 0.240000 4.537500
v -6.390000 0.000000 4.537500
v -6.810000 -0.000001 4.512500
v -6.810000 0.239999 4.512500
v -6.810000 0.239999 3.887500
v -6.810000 -0.000001 3.887500
v -6.390000 -0.000001 4.512500
v -6.390000 0.239999 4.512500
v -6.390000 0.239999 3.887500
v -6.390000 -0.000001 3.887500
v -6.810000 0.000000 3.862500
v -6.810000 0.240000 3.862500
v -6.810000 0.240000 3.237500
v -6.810000 0.000000 3.237500
v -6.390000 0.000000 3.862500
v -6.390000 0.240000 3.862500
v -6.390000 0.240000 3.237500
v -6.390000 0.000000 3.237500
v -6.810000 0.000000 3.212500
v -6.810000 0.240000 3.212500
v -6.810000 0.240000 2.587500
v -6.810000 0.000000 2.587500
v -6.390000 0.000000 3.212500
v -6.390000 0.240000 3.212500
v -6.390000 0.240000 2.587500
v -6.390000 0.000000 2.587500
v -6.810000 -0.000001 2.562500
v -6.810000 0.239999 2.562500
v -6.810000 0.239999 1.937500
v -6.810000 -0.000001 1.937500
v -6.390000 -0.000001 2.562500
v -6.390000 0.239999 2.562500
v -6.390000 0.239999 1.937500
v -6.390000 -0.000001 1.937500
v -6.810000 0.000000 1.912500
v -6.810000 0.240000 1.912500
v -6.810000 0.240000 1.287500
v -6.810000 0.000000 1.287500
v -6.390000 0.000000 1.912500
v -6.390000 0.240000 1.912500
v -6.390000 0.240000 1.287500
v -6.390000 0.000000 1.287500
v -6.810000 0.000000 1.262500
v -6.810000 0.240000 1.262500
v -6.810000 0.240000 0.637500
v -6.810000 0.000000 0.637500
v -6.390000 0.000000 1.262500
v -6.390000 0.240000 1.262500
v -6.390000 0.240000 0.637500
v -6.390000 0.000000 0.637500
v -6.810000 0.000000 0.612500
v -6.810000 0.240000 0.612500
v -6.810000 0.240000 -0.012500
v -6.810000 0.000000 -0.012500
v -6.390000 0.000000 0.612500
v -6.390000 0.240000 0.612500
v -6.390000 0.240000 -0.012500
v -6.390000 0.000000 -0.012500
v -6.810000 0.000000 -0.037500
v -6.810000 0.240000 -0.037500
v -6.810000 0.240000 -0.662500
v -6.810000 0.000000 -0.662500
v -6.390000 0.000000 -0.037500
v -6.390000 0.240000 -0.037500
v -6.390000 0.240000 -0.662500
v -6.390000 0.000000 -0.662500
v -6.810000 0.000000 -0.687500
v -6.810000 0.240000 -0.687500
v -6.810000 0.240000 -1.312500
v -6.810000 0.000000 -1.312500
v -6.390000 0.000000 -0.687500
v -6.390000 0.240000 -0.687500
v -6.390000 0.240000 -1.312500
v -6.390000 0.000000 -1.312500
v -6.810000 0.000000 -1.337500
v -6.810000 0.240000 -1.337500
v -6.810000 0.240000 -1.962500
v -6.810000 0.000000 -1.962500
v -6.390000 0.000000 -1.337500
v -6.390000 0.240000 -1.337500
v -6.390000 0.240000 -1.962500
v -6.390000 0.000000 -1.962500
v -6.810000 0.015000 -1.987500
v -6.810000 0.255000 -1.987500
v -6.810000 0.255000 -2.612500
v -6.810000 0.015000 -2.612500
v -6.390000 0.015000 -1.987500
v -6.390000 0.255000 -1.987500
v -6.390000 0.255000 -2.612500
v -6.390000 0.015000 -2.612500
v -6.810000 0.047500 -2.637500
v -6.810000 0.287500 -2.637500
v -6.810000 0.287500 -3.262500
v -6.810000 0.047500 -3.262500
v -6.390000 0.047500 -2.637500
v -6.390000 0.287500 -2.637500
v -6.390000 0.287500 -3.262500
v -6.390000 0.047500 -3.262500
v -6.810000 0.079999 -3.287500
v -6.810000 0.319999 -3.287500
v -6.810000 0.319999 -3.912500
v -6.810000 0.079999 -3.912500
v -6.390000 0.079999 -3.287500
v -6.390000 0.319999 -3.287500
v -6.390000 0.319999 -3.912500
v -6.390000 0.079999 -3.912500
v -6.810000 0.112500 -3.937500
v -6.810000 0.352500 -3.937500
v -6.810000 0.352500 -4.562500
v -6.810000 0.112500 -4.562500
v -6.390000 0.112500 -3.937500
v -6.390000 0.352500 -3.937500
v -6.390000 0.352500 -4.562500
v -6.390000 0.112500 -4.562500
v -6.810000 0.145000 -4.587500
v -6.810000 0.385000 -4.587500
v -6.810000 0.385000 -5.212500
v -6.810000 0.145000 -5.212500
v -6.390000 0.145000 -4.587500
v -6.390000 0.385000 -4.587500
v -6.390000 0.385000 -5.212500
v -6.390000 0.145000 -5.212500
v -6.810000 0.177499 -5.237500
v -6.810000 0.417499 -5.237500
v -6.810000 0.417499 -5.862500
v -6.810000 0.177499 -5.862500
v -6.390000 0.177499 -5.237500
v -6.390000 0.417499 -5.237500
v -6.390000 0.417499 -5.862500
v -6.390000 0.177499 -5.862500
v -6.810000 0.210000 -5.887500
v -6.810000 0.450000 -5.887500
v -6.810000 0.450000 -6.512500
v -6.810000 0.210000 -6.512500
v -6.390000 0.210000 -5.887500
v -6.390000 0.450000 -5.887500
v -6.390000 0.450000 -6.512500
v -6.390000 0.210000 -6.512500
v -6.810000 0.242499 -6.537500
v -6.810000 0.482499 -6.537500
v -6.810000 0.482499 -7.162500
v -6.810000 0.242499 -7.162500
v -6.390000 0.242499 -6.537500
v -6.390000 0.482499 -6.537500
v -6.390000 0.482499 -7.162500
v -6.390000 0.242499 -7.162500
v -6.810000 0.274999 -7.187500
v -6.810000 0.514999 -7.187500
v -6.810000 0.514999 -7.812500
v -6.810000 0.274999 -7.812500
v -6.390000 0.274999 -7.187500
v -6.390000 0.514999 -7.187500
v -6.390000 0.514999 -7.812500
v -6.390000 0.274999 -7.812500
v -6.810000 0.300001 -7.837500
v -6.810000 0.540001 -7.837500
v -6.810000 0.540001 -8.462500
v -6.810000 0.300001 -8.462500
v -6.390000 0.300001 -7.837500
v -6.390000 0.540001 -7.837500
v -6.390000 0.540001 -8.462500
v -6.390000 0.300001 -8.462500
v -6.810000 0.300000 -8.487500
v -6.810000 0.540000 -8.487500
v -6.810000 0.540000 -9.112500
v -6.810000 0.300000 -9.112500
v -6.390000 0.300000 -8.487500
v -6.390000 0.540000 -8.487500
v -6.390000 0.540000 -9.112500
v -6.390000 0.300000 -9.112500
v -6.810000 0.300000 -9.137500
v -6.810000 0.540000 -9.137500
v -6.810000 0.540000 -9.762500
v -6.810000 0.300000 -9.762500
v -6.390000 0.300000 -9.137500
v -6.390000 0.540000 -9.137500
v -6.390000 0.540000 -9.762500
v -6.390000 0.300000 -9.762500
v -6.810000 0.300001 -9.787500
v -6.810000 0.540001 -9.787500
v -6.810000 0.540001 -10.412500
v -6.810000 0.300001 -10.412500
v -6.390000 0.300001 -9.787500
v -6.390000 0.540001 -9.787500
v -6.390000 0.540001 -10.412500
v -6.390000 0.300001 -10.412500
v -6.810000 0.300000 -10.437500
v -6.810000 0.540000 -10.437500
v -6.810000 0.540000 -11.062500
v -6.810000 0.300000 -11.062500
v -6.390000 0.300000 -10.437500
v -6.390000 0.540000 -10.437500
v -6.390000 0.540000 -11.062500
v -6.390000 0.300000 -11.062500
v -6.810000 0.300000 -11.087500
v -6.810000 0.540000 -11.087500
v -6.810000 0.540000 -11.712500
v -6.810000 0.300000 -11.712500
v -6.390000 0.300000 -11.087500
v -6.390000 0.540000 -11.087500
v -6.390000 0.540000 -11.712500
v -6.390000 0.300000 -11.712500
v -6.810000 0.300001 -11.737500
v -6.810000 0.540001 -11.737500
v -6.810000 0.540001 -12.362500
v -6.810000 0.300001 -12.362500
v -6.390000 0.300001 -11.737500
v -6.390000 0.540001 -11.737500
v -6.390000 0.540001 -12.362500
v -6.390000 0.300001 -12.362500
v -6.810000 0.300001 -12.387500
v -6.810000 0.540001 -12.387500
v -6.810000 0.540001 -13.012500
v -6.810000 0.300001 -13.012500
v -6.390000 0.300001 -12.387500
v -6.390000 0.540001 -12.387500
v -6.390000 0.540001 -13.012500
v -6.390000 0.300001 -13.012500
v -6.810000 0.300001 -13.037500
v -6.810000 0.540001 -13.037500
v -6.810000 0.540001 -13.662500
v -6.810000 0.300001 -13.662500
v -6.390000 0.300001 -13.037500
v -6.390000 0.540001 -13.037500
v -6.390000 0.540001 -13.662500
v -6.390000 0.300001 -13.662500
v -6.810000 0.300001 -13.687500
v -6.810000 0.540001 -13.687500
v -6.810000 0.540001 -14.312500
v -6.810000 0.300001 -14.312500
v -6.390000 0.300001 -13.687500
v -6.390000 0.540001 -13.687500
v -6.390000 0.540001 -14.312500
v -6.390000 0.300001 -14.312500
v -6.810000 0.300001 -14.337500
v -6.810000 0.540001 -14.337500
v -6.810000 0.540001 -14.962500
v -6.810000 0.300001 -14.962500
v -6.390000 0.300001 -14.337500
v -6.390000 0.540001 -14.337500
v -6.390000 0.540001 -14.962500
v -6.390000 0.300001 -14.962500
v -6.810000 0.300001 -14.987500
v -6.810000 0.540001 -14.987500
v -6.810000 0.540001 -15.612500
v -6.810000 0.300001 -15.612500
v -6.390000 0.300001 -14.987500
v -6.390000 0.540001 -14.987500
v -6.390000 0.540001 -15.612500
v -6.390000 0.300001 -15.612500
v -6.810000 0.300001 -15.637500
v -6.810000 0.540001 -15.637500
v -6.810000 0.540001 -16.262501
v -6.810000 0.300001 -16.262501
v -6.390000 0.300001 -15.637500
v -6.390000 0.540001 -15.637500
v -6.390000 0.540001 -16.262501
v -6.390000 0.300001 -16.262501
v -6.810000 0.300001 -16.287500
v -6.810000 0.540001 -16.287500
v -6.810000 0.540001 -16.912500
v -6.810000 0.300001 -16.912500
v -6.390000 0.300001 -16.287500
v -6.390000 0.540001 -16.287500
v -6.390000 0.540001 -16.912500
v -6.390000 0.300001 -16.912500
v -6.810000 0.300001 -16.937500
v -6.810000 0.540001 -16.937500
v -6.810000 0.540001 -17.562500
v -6.810000 0.300001 -17.562500
v -6.390000 0.300001 -16.937500
v -6.390000 0.540001 -16.937500
v -6.390000 0.540001 -17.562500
v -6.390000 0.300001 -17.562500
v 4.050000 2.505000 -9.605000
v 4.210000 2.505000 -9.605000
v 4.210000 2.505000 -9.795000
v 4.050000 2.505000 -9.795000
v 4.050000 2.795000 -9.605000
v 4.210000 2.795000 -9.605000
v 4.210000 2.795000 -9.795000
v 4.050000 2.795000 -9.795000
v 4.005000 2.447500 -9.570000
v 4.255000 2.447500 -9.570000
v 4.255000 2.447500 -9.830000
v 4.005000 2.447500 -9.830000
v 4.005000 2.512500 -9.570000
v 4.255000 2.512500 -9.570000
v 4.255000 2.512500 -9.830000
v 4.005000 2.512500 -9.830000
v 4.005000 2.777500 -9.570000
v 4.255000 2.777500 -9.570000
v 4.255000 2.777500 -9.830000
v 4.005000 2.777500 -9.830000
v 4.005000 2.842500 -9.570000
v 4.255000 2.842500 -9.570000
v 4.255000 2.842500 -9.830000
v 4.005000 2.842500 -9.830000
v 4.035000 2.505000 -9.592500
v 4.225000 2.505000 -9.592500
v 4.225000 2.505000 -9.617499
v 4.035000 2.505000 -9.617499
v 4.035000 2.795000 -9.592500
v 4.225000 2.795000 -9.592500
v 4.225000 2.795000 -9.617499
v 4.035000 2.795000 -9.617499
v 4.035000 2.505000 -9.782500
v 4.225000 2.505000 -9.782500
v 4.225000 2.505000 -9.807500
v 4.035000 2.505000 -9.807500
v 4.035000 2.795000 -9.782500
v 4.225000 2.795000 -9.782500
v 4.225000 2.795000 -9.807500
v 4.035000 2.795000 -9.807500
v 4.050000 2.505000 -13.205000
v 4.050000 2.505000 -13.395000
v 4.050000 2.795000 -13.205000
v 4.050000 2.795000 -13.395000
v 4.005000 2.447500 -13.170000
v 4.255000 2.447500 -13.170000
v 4.255000 2.447500 -13.430000
v 4.005000 2.447500 -13.430000
v 4.005000 2.512500 -13.170000
v 4.255000 2.512500 -13.170000
v 4.255000 2.512500 -13.430000
v 4.005000 2.512500 -13.430000
v 4.005000 2.777500 -13.170000
v 4.255000 2.777500 -13.170000
v 4.255000 2.777500 -13.430000
v 4.005000 2.777500 -13.430000
v 4.005000 2.842500 -13.170000
v 4.255000 2.842500 -13.170000
v 4.255000 2.842500 -13.430000
v 4.005000 2.842500 -13.430000
v 4.035000 2.505000 -13.192500
v 4.225000 2.505000 -13.192500
v 4.225000 2.505000 -13.217500
v 4.035000 2.505000 -13.217500
v 4.035000 2.795000 -13.192500
v 4.225000 2.795000 -13.192500
v 4.225000 2.795000 -13.217500
v 4.035000 2.795000 -13.217500
v 4.035000 2.505000 -13.382501
v 4.225000 2.505000 -13.382501
v 4.225000 2.505000 -13.407500
v 4.035000 2.505000 -13.407500
v 4.035000 2.795000 -13.382501
v 4.225000 2.795000 -13.382501
v 4.225000 2.795000 -13.407500
v 4.035000 2.795000 -13.407500
v 2.880000 3.610000 -11.370000
v 3.120000 3.610000 -11.370000
v 3.120000 3.610000 -11.630000
v 2.880000 3.610000 -11.630000
v 2.880000 3.730000 -11.370000
v 3.120000 3.730000 -11.370000
v 3.120000 3.730000 -11.630000
v 2.880000 3.730000 -11.630000
v 2.850000 3.717500 -11.340000
v 3.150000 3.717500 -11.340000
v 3.150000 3.717500 -11.660000
v 2.850000 3.717500 -11.660000
v 2.850000 3.762500 -11.340000
v 3.150000 3.762500 -11.340000
v 3.150000 3.762500 -11.660000
v 2.850000 3.762500 -11.660000
vn -0.0000 1.0000 -0.0000
vn -0.0000 0.9988 0.0499
vn -0.0000 -1.0000 -0.0000
vn 1.0000 -0.0000 -0.0000
vn -1.0000 -0.0000 -0.0000
vn -0.0000 -0.0000 -1.0000
vn -0.0000 -0.0000 1.0000
vn -0.3924 0.9198 -0.0000
vn 0.3924 0.9198 -0.0000
vn -0.3924 -0.9198 -0.0000
vn 0.3924 -0.9198 -0.0000
vn 0.5774 -0.5774 -0.5773
vn -0.5774 -0.5774 -0.5773
vn 0.5774 0.5774 0.5773
vn 0.5774 0.5774 -0.5773
vn -0.0000 -0.7071 0.7071
vn 0.7071 -0.7071 -0.0000
vn -0.0000 0.7071 0.7071
vn 0.7071 0.7071 -0.0000
vn -0.0000 0.7071 -0.7071
vn -0.7071 -0.0000 0.7071
vn -0.7071 -0.0000 -0.7071
vn -0.0000 -0.7071 -0.7071
vn 0.5774 -0.5773 -0.5773
vn -0.5774 -0.5773 -0.5773
vn -0.5774 0.5773 0.5773
vn 0.5774 0.5773 -0.5773
vn -0.5774 0.5773 -0.5773
vn -0.7071 -0.7071 -0.0000
vn -0.7071 0.7071 -0.0000
vn -0.5774 0.5774 0.5773
vn -0.5774 0.5774 -0.5773
vn 0.7071 -0.0000 -0.7071
vn 0.9962 -0.0000 -0.0871
vn -0.0872 -0.0000 -0.9962
vn -0.9962 -0.0000 0.0872
vn 0.0872 -0.0000 0.9962
vn -0.6428 -0.0000 -0.7660
vn -0.7660 -0.0000 0.6428
vn 0.6428 -0.0000 0.7660
vn 0.7660 -0.0000 -0.6428
vn -0.5774 -0.5774 0.5773
vn 0.5774 -0.5774 0.5773
vn 0.7071 -0.0000 0.7071
vn 0.8192 -0.0000 -0.5736
vn -0.5736 -0.0000 -0.8192
vn -0.8192 -0.0000 0.5736
vn 0.5736 -0.0000 0.8192
vn -0.9659 -0.0000 0.2588
vn 0.2588 -0.0000 0.9659
vn 0.9659 -0.0000 -0.2588
vn -0.2588 -0.0000 -0.9659
vn -0.0000 -0.7072 0.7071
vn 0.7072 -0.0000 -0.7071
vn -0.5774 -0.5773 0.5773
vn 0.5774 -0.5773 0.5773
vn 0.5774 0.5773 0.5773
vn -0.7660 -0.0000 -0.6428
vn -0.6428 -0.0000 0.7660
vn 0.7660 -0.0000 0.6428
vn 0.6428 -0.0000 -0.7660
vn -0.3413 0.9399 -0.0000
vn 0.3413 0.9399 -0.0000
vn -0.3413 -0.9399 -0.0000
vn 0.3413 -0.9399 -0.0000
vn 0.5774 -0.5773 -0.5774
vn 0.5774 0.5773 0.5774
vn -0.0000 -0.7070 0.7072
vn -0.0000 0.7072 0.7070
vn 0.5773 -0.5775 0.5772
vn 0.5773 -0.5774 -0.5773
vn -0.5774 -0.5773 0.5774
vn 0.5774 -0.5773 0.5774
vn -0.5774 -0.5773 -0.5774
vn -0.5774 0.5773 0.5774
vn 0.5774 0.5773 -0.5774
vn -0.5774 0.5773 -0.5774
vn -0.0000 0.7072 -0.7070
vn -0.5773 -0.5774 0.5773
vn -0.5773 0.5774 0.5773
vn 0.5773 0.5774 0.5773
vn -0.0000 0.7072 0.7071
vn -0.0000 0.7072 -0.7071
vn 0.9397 -0.0000 -0.3420
vn -0.3420 -0.0000 -0.9397
vn -0.9397 -0.0000 0.3420
vn 0.3420 -0.0000 0.9397
vn 0.5773 -0.5774 0.5774
vn 0.5773 -0.5774 -0.5774
vn 0.5773 0.5774 0.5774
vn 0.5773 0.5774 -0.5774
vn 0.5773 -0.5774 0.5773
vn -0.5773 -0.5774 -0.5773
vn -0.7809 -0.0000 -0.6247
vn 0.7809 -0.0000 0.6247
vn 0.6247 -0.0000 -0.7809
vn 0.5773 0.5774 -0.5773
vn -0.5773 0.5774 -0.5773
vn -0.7809 -0.0000 0.6247
vn 0.7809 -0.0000 -0.6247
vn 0.6247 -0.0000 0.7809
vn -0.0000 -0.1205 0.9927
vn -0.0000 0.1205 -0.9927
vn -0.0000 -0.3546 0.9350
vn -0.0000 0.3546 -0.9350
vn -0.0000 -0.5681 0.8230
vn -0.0000 0.7485 0.6631
vn -0.0000 0.5681 0.8230
vn -0.0000 0.7485 -0.6631
vn -0.0000 -0.7485 0.6631
vn -0.0000 0.8855 -0.4647
vn -0.0000 -0.9709 -0.2393
vn -0.0000 0.8855 0.4647
vn -0.0000 -0.8855 -0.4647
vn -0.0000 -0.7485 -0.6631
vn -0.0000 -0.5681 -0.8230
vn -0.0000 -0.8855 0.4647
vn -0.0000 -0.3546 -0.9350
vn -0.0000 -0.9709 0.2393
vn -0.0000 -0.1205 -0.9927
vn -0.0000 0.1205 0.9927
vn -0.1215 0.9926 -0.0000
vn 0.1215 -0.9926 -0.0000
vn -0.5773 -0.5774 0.5774
vn -0.2706 0.2706 -0.9239
vn -0.6533 0.6533 -0.3827
vn -0.6533 0.6533 0.3827
vn -0.2706 0.2706 0.9239
vn 0.2706 -0.2706 0.9239
vn 0.6533 -0.6533 0.3827
vn 0.6533 -0.6533 -0.3827
vn 0.2706 -0.2706 -0.9239
vn 0.5773 0.5773 0.5775
vn 0.5773 -0.5773 0.5774
vn 0.5773 -0.5773 -0.5774
vn -0.5773 -0.5774 -0.5774
vn -0.5773 0.5774 0.5774
vn -0.5773 0.5774 -0.5774
vn -0.0000 0.7070 -0.7072
vn -0.4428 0.8966 -0.0000
vn 0.4428 0.8966 -0.0000
vn -0.4428 -0.8966 -0.0000
vn 0.4428 -0.8966 -0.0000
vn 0.5773 0.5773 0.5774
vn 0.5773 0.5773 -0.5774
vn -0.5774 -0.5774 -0.5774
vn -0.5774 0.5774 -0.5774
vn 0.5774 -0.5774 -0.5774
vn -0.5773 0.5773 -0.5774
vn -0.6428 -0.0000 -0.7661
vn 0.6428 -0.0000 0.7661
vn -0.4574 0.8892 -0.0000
vn 0.4574 0.8892 -0.0000
vn -0.4574 -0.8892 -0.0000
vn 0.4574 -0.8892 -0.0000
vn -0.5773 -0.5773 -0.5774
vn -0.5773 0.5773 0.5774
vn -0.5774 -0.5774 0.5774
vn -0.0000 -0.7072 -0.7070
vn 0.5774 0.5774 -0.5772
vn 0.5773 0.5773 -0.5775
vn -0.0000 -0.7070 -0.7072
vn -0.5774 0.5774 0.5774
vn 0.5774 -0.5774 0.5774
vn 0.5774 0.5774 0.5774
vn 0.5774 0.5774 -0.5774
vn -0.0000 0.2588 0.9659
vn -0.0000 0.9659 0.2588
vn -0.0000 0.9659 -0.2588
vn -0.0000 0.2588 -0.9659
vn -0.0000 -0.2588 -0.9659
vn -0.0000 -0.2588 0.9659
vn 0.8806 -0.4403 -0.1752
vn 0.7465 -0.4403 -0.4988
vn 0.4988 -0.4403 -0.7465
vn 0.1752 -0.4403 -0.8806
vn -0.1752 -0.4403 -0.8806
vn -0.4988 -0.4403 -0.7465
vn -0.7465 -0.4403 -0.4988
vn -0.8806 -0.4403 -0.1752
vn -0.8806 -0.4403 0.1752
vn -0.7465 -0.4403 0.4988
vn -0.4988 -0.4403 0.7465
vn -0.1752 -0.4403 0.8806
vn 0.1752 -0.4403 0.8806
vn 0.4988 -0.4403 0.7465
vn 0.7465 -0.4403 0.4988
vn 0.8806 -0.4403 0.1752
vn 0.9459 -0.2642 -0.1882
vn 0.8019 -0.2642 -0.5358
vn 0.5358 -0.2642 -0.8019
vn 0.1882 -0.2642 -0.9459
vn -0.1882 -0.2642 -0.9459
vn -0.5358 -0.2642 -0.8019
vn -0.8019 -0.2642 -0.5358
vn -0.9459 -0.2642 -0.1882
vn -0.9459 -0.2642 0.1882
vn -0.8019 -0.2642 0.5358
vn -0.5358 -0.2642 0.8019
vn -0.1882 -0.2642 0.9459
vn 0.1882 -0.2642 0.9459
vn 0.5358 -0.2642 0.8019
vn 0.8019 -0.2642 0.5358
vn 0.9459 -0.2642 0.1882
vn 0.9133 0.3645 -0.1817
vn 0.7743 0.3645 -0.5173
vn 0.5173 0.3645 -0.7743
vn 0.1817 0.3645 -0.9133
vn -0.1817 0.3645 -0.9133
vn -0.5173 0.3645 -0.7743
vn -0.7743 0.3645 -0.5173
vn -0.9133 0.3645 -0.1817
vn -0.9133 0.3645 0.1817
vn -0.7743 0.3645 0.5173
vn -0.5173 0.3645 0.7743
vn -0.1817 0.3645 0.9133
vn 0.1817 0.3645 0.9133
vn 0.5174 0.3645 0.7743
vn 0.7743 0.3645 0.5173
vn 0.9133 0.3645 0.1817
vn 0.7821 -0.6034 -0.1556
vn 0.6630 -0.6035 -0.4430
vn 0.4430 -0.6034 -0.6630
vn 0.1556 -0.6035 -0.7821
vn -0.1556 -0.6035 -0.7821
vn -0.4430 -0.6034 -0.6630
vn -0.6630 -0.6035 -0.4430
vn -0.7821 -0.6035 -0.1556
vn -0.7821 -0.6035 0.1556
vn -0.6630 -0.6035 0.4430
vn -0.4430 -0.6034 0.6630
vn -0.1556 -0.6034 0.7821
vn 0.1556 -0.6035 0.7821
vn 0.4430 -0.6035 0.6630
vn 0.6630 -0.6035 0.4430
vn 0.7821 -0.6035 0.1556
vn -0.9808 -0.0000 0.1951
vn -0.8315 -0.0000 0.5556
vn -0.5556 -0.0000 0.8315
vn -0.1951 -0.0000 0.9808
vn 0.1951 -0.0000 0.9808
vn 0.5556 -0.0000 0.8315
vn 0.8315 -0.0000 0.5556
vn 0.9808 -0.0000 0.1951
vn 0.9808 -0.0000 -0.1951
vn 0.8315 -0.0000 -0.5556
vn 0.5556 -0.0000 -0.8315
vn 0.1951 -0.0000 -0.9808
vn -0.1951 -0.0000 -0.9808
vn -0.5556 -0.0000 -0.8315
vn -0.8315 -0.0000 -0.5556
vn -0.9808 -0.0000 -0.1951
vn 0.9248 -0.3329 -0.1840
vn 0.7840 -0.3329 -0.5239
vn 0.5239 -0.3329 -0.7840
vn 0.1840 -0.3329 -0.9248
vn -0.1840 -0.3329 -0.9248
vn -0.5239 -0.3330 -0.7840
vn -0.7840 -0.3329 -0.5239
vn -0.9248 -0.3329 -0.1840
vn -0.9248 -0.3329 0.1840
vn -0.7840 -0.3329 0.5239
vn -0.5239 -0.3329 0.7840
vn -0.1840 -0.3329 0.9248
vn 0.1840 -0.3329 0.9248
vn 0.5239 -0.3330 0.7840
vn 0.7840 -0.3330 0.5239
vn 0.9248 -0.3329 0.1840
vn 0.9445 -0.2696 -0.1879
vn 0.8007 -0.2696 -0.5350
vn 0.5350 -0.2696 -0.8007
vn 0.1879 -0.2696 -0.9445
vn -0.1879 -0.2696 -0.9445
vn -0.5350 -0.2696 -0.8007
vn -0.8007 -0.2696 -0.5350
vn -0.9445 -0.2696 -0.1879
vn -0.9445 -0.2696 0.1879
vn -0.8007 -0.2696 0.5350
vn -0.5350 -0.2696 0.8007
vn -0.1879 -0.2696 0.9445
vn 0.1879 -0.2696 0.9445
vn 0.5350 -0.2696 0.8007
vn 0.8007 -0.2696 0.5350
vn 0.9445 -0.2696 0.1879
vn 0.9167 0.3556 -0.1823
vn 0.7771 0.3556 -0.5193
vn 0.5193 0.3556 -0.7771
vn 0.1823 0.3556 -0.9167
vn -0.1823 0.3556 -0.9167
vn -0.5193 0.3556 -0.7771
vn -0.7771 0.3556 -0.5193
vn -0.9167 0.3556 -0.1823
vn -0.9167 0.3556 0.1823
vn -0.7771 0.3556 0.5193
vn -0.5193 0.3556 0.7771
vn -0.1823 0.3556 0.9167
vn 0.1823 0.3556 0.9167
vn 0.5193 0.3556 0.7771
vn 0.7771 0.3556 0.5193
vn 0.9167 0.3556 0.1823
vn 0.7901 -0.5925 -0.1572
vn 0.6698 -0.5925 -0.4475
vn 0.4475 -0.5926 -0.6698
vn 0.1571 -0.5926 -0.7900
vn -0.1571 -0.5926 -0.7900
vn -0.4475 -0.5926 -0.6698
vn -0.6698 -0.5926 -0.4475
vn -0.7901 -0.5925 -0.1571
vn -0.7901 -0.5925 0.1572
vn -0.6698 -0.5926 0.4475
vn -0.4475 -0.5926 0.6698
vn -0.1572 -0.5925 0.7901
vn 0.1571 -0.5926 0.7900
vn 0.4475 -0.5926 0.6698
vn 0.6698 -0.5925 0.4475
vn 0.7901 -0.5925 0.1572
vn 0.9962 -0.0000 -0.0872
vn 0.7072 -0.0000 0.7071
vn -0.0000 -0.7072 0.7070
vn -0.0000 0.7070 0.7072
vn -0.0000 -0.7072 -0.7071
vn 0.7071 -0.0000 -0.7072
vn 1.0000 -0.0000 0.0001
vn 1.0000 -0.0000 -0.0001
vn -0.5174 0.3645 -0.7743
vn -0.7743 0.3645 -0.5174
vn 0.5173 0.3645 0.7743
vn 0.7821 -0.6035 -0.1556
vn 0.6630 -0.6034 -0.4430
vn -0.4430 -0.6035 -0.6630
vn -0.4430 -0.6035 0.6630
vn -0.1556 -0.6035 0.7821
vn 0.1556 -0.6034 0.7821
vn 0.6630 -0.6034 0.4430
vn 0.7821 -0.6034 0.1556
vn -0.5239 -0.3329 -0.7840
vn -0.7840 -0.3330 0.5239
vn -0.5239 -0.3330 0.7840
vn 0.5239 -0.3329 0.7840
vn 0.7840 -0.3329 0.5239
vn -0.9167 0.3556 -0.1824
vn -0.5192 0.3556 0.7771
vn 0.7901 -0.5926 -0.1572
vn 0.6698 -0.5926 -0.4475
vn 0.4475 -0.5925 -0.6698
vn 0.1572 -0.5925 -0.7901
vn -0.1572 -0.5925 -0.7901
vn -0.4476 -0.5925 -0.6698
vn -0.6698 -0.5925 -0.4475
vn -0.7901 -0.5925 -0.1572
vn -0.7901 -0.5925 0.1571
vn -0.6698 -0.5925 0.4475
vn -0.4475 -0.5925 0.6698
vn -0.1571 -0.5926 0.7901
vn 0.1572 -0.5925 0.7901
vn 0.4475 -0.5925 0.6698
vt 0.367160 0.475678
vt 0.377359 0.348837
vt 0.377358 0.475678
vt 0.356961 0.475678
vt 0.367160 0.348837
vt 0.346762 0.475678
vt 0.356961 0.348837
vt 0.336563 0.475678
vt 0.346762 0.348837
vt 0.326364 0.475678
vt 0.336563 0.348837
vt 0.316165 0.475678
vt 0.326364 0.348837
vt 0.305967 0.475678
vt 0.316166 0.348837
vt 0.295768 0.475678
vt 0.305967 0.348837
vt 0.285569 0.475678
vt 0.295768 0.348837
vt 0.275370 0.475678
vt 0.285569 0.348837
vt 0.265171 0.475678
vt 0.275370 0.348837
vt 0.254972 0.475678
vt 0.265171 0.348837
vt 0.244773 0.475678
vt 0.254973 0.348837
vt 0.234575 0.475678
vt 0.244774 0.348837
vt 0.224376 0.475678
vt 0.234575 0.348837
vt 0.214177 0.475678
vt 0.224376 0.348837
vt 0.203978 0.475678
vt 0.214177 0.348837
vt 0.193779 0.475678
vt 0.203978 0.348837
vt 0.183580 0.475678
vt 0.193779 0.348837
vt 0.173382 0.475678
vt 0.183581 0.348837
vt 0.163183 0.475678
vt 0.173382 0.348837
vt 0.152984 0.475678
vt 0.163183 0.348837
vt 0.142785 0.475678
vt 0.152984 0.348837
vt 0.132586 0.475678
vt 0.142785 0.348837
vt 0.122387 0.475678
vt 0.132586 0.348837
vt 0.112188 0.475678
vt 0.122388 0.348837
vt 0.101990 0.475678
vt 0.112189 0.348837
vt 0.091791 0.475678
vt 0.101990 0.348837
vt 0.081592 0.475678
vt 0.091791 0.348837
vt 0.071393 0.475678
vt 0.081592 0.348837
vt 0.061194 0.475678
vt 0.071393 0.348837
vt 0.050995 0.475678
vt 0.061194 0.348837
vt 0.040797 0.475678
vt 0.050996 0.348837
vt 0.030598 0.475678
vt 0.040797 0.348837
vt 0.020399 0.475678
vt 0.030598 0.348837
vt 0.010200 0.475678
vt 0.020399 0.348837
vt 0.000001 0.475678
vt 0.010200 0.348837
vt 0.377359 0.317127
vt 0.367160 0.317127
vt 0.356961 0.317127
vt 0.346762 0.317127
vt 0.336563 0.317127
vt 0.326365 0.317127
vt 0.316166 0.317127
vt 0.305967 0.317127
vt 0.295768 0.317127
vt 0.285569 0.317127
vt 0.275370 0.317127
vt 0.265171 0.317127
vt 0.254973 0.317127
vt 0.244774 0.317127
vt 0.234575 0.317127
vt 0.224376 0.317127
vt 0.214177 0.317127
vt 0.203978 0.317127
vt 0.193779 0.317127
vt 0.183581 0.317127
vt 0.173382 0.317127
vt 0.163183 0.317127
vt 0.152984 0.317127
vt 0.142785 0.317127
vt 0.132586 0.317127
vt 0.122388 0.317127
vt 0.112189 0.317127
vt 0.101990 0.317127
vt 0.091791 0.317127
vt 0.081592 0.317127
vt 0.071393 0.317127
vt 0.061194 0.317127
vt 0.050996 0.317127
vt 0.040797 0.317127
vt 0.030598 0.317127
vt 0.020399 0.317127
vt 0.000001 0.348837
vt 0.010200 0.317127
vt 0.377357 0.221972
vt 0.367159 0.221972
vt 0.356960 0.221972
vt 0.346761 0.221972
vt 0.336562 0.221972
vt 0.326363 0.221972
vt 0.316164 0.221972
vt 0.305965 0.221972
vt 0.295767 0.221972
vt 0.285568 0.221972
vt 0.275369 0.221972
vt 0.265170 0.221972
vt 0.254971 0.221972
vt 0.244772 0.221972
vt 0.234573 0.221972
vt 0.224375 0.221972
vt 0.214176 0.221972
vt 0.203977 0.221972
vt 0.193778 0.221972
vt 0.183579 0.221972
vt 0.173380 0.221972
vt 0.163182 0.221972
vt 0.152983 0.221972
vt 0.142784 0.221972
vt 0.132585 0.221972
vt 0.122386 0.221972
vt 0.112187 0.221972
vt 0.101988 0.221972
vt 0.091790 0.221972
vt 0.081591 0.221972
vt 0.071392 0.221972
vt 0.061193 0.221972
vt 0.050994 0.221972
vt 0.040795 0.221972
vt 0.030597 0.221972
vt 0.020398 0.221972
vt 0.000001 0.317127
vt 0.010199 0.221972
vt 0.377357 0.158552
vt 0.367159 0.158552
vt 0.356960 0.158552
vt 0.346761 0.158552
vt 0.336562 0.158552
vt 0.326363 0.158552
vt 0.316164 0.158552
vt 0.305966 0.158552
vt 0.295767 0.158552
vt 0.285568 0.158552
vt 0.275369 0.158552
vt 0.265170 0.158552
vt 0.254971 0.158552
vt 0.244772 0.158552
vt 0.234574 0.158552
vt 0.224375 0.158552
vt 0.214176 0.158552
vt 0.203977 0.158552
vt 0.193778 0.158552
vt 0.183579 0.158552
vt 0.173381 0.158552
vt 0.163182 0.158552
vt 0.152983 0.158552
vt 0.142784 0.158552
vt 0.132585 0.158552
vt 0.122386 0.158552
vt 0.112187 0.158552
vt 0.101989 0.158552
vt 0.091790 0.158552
vt 0.081591 0.158552
vt 0.071392 0.158552
vt 0.061193 0.158552
vt 0.050994 0.158552
vt 0.040795 0.158552
vt 0.030597 0.158552
vt 0.020398 0.158552
vt -0.000000 0.221972
vt 0.010199 0.158552
vt 0.377358 0.000000
vt 0.367159 0.000000
vt 0.356960 0.000000
vt 0.346761 0.000000
vt 0.336562 0.000000
vt 0.326363 0.000000
vt 0.316165 0.000000
vt 0.305966 0.000000
vt 0.295767 0.000000
vt 0.285568 0.000000
vt 0.275369 0.000000
vt 0.265170 0.000000
vt 0.254972 0.000000
vt 0.244773 0.000000
vt 0.234574 0.000000
vt 0.224375 0.000000
vt 0.214176 0.000000
vt 0.203977 0.000000
vt 0.193778 0.000000
vt 0.183580 0.000000
vt 0.173381 0.000000
vt 0.163182 0.000000
vt 0.152983 0.000000
vt 0.142784 0.000000
vt 0.132585 0.000000
vt 0.122387 0.000000
vt 0.112188 0.000000
vt 0.101989 0.000000
vt 0.091790 0.000000
vt 0.081591 0.000000
vt 0.071392 0.000000
vt 0.061193 0.000000
vt 0.050995 0.000000
vt 0.040796 0.000000
vt 0.030597 0.000000
vt 0.020398 0.000000
vt 0.000000 0.158552
vt 0.010199 0.000000
vt 0.599592 0.784575
vt 0.592458 0.760396
vt 0.599592 0.760396
vt 0.782300 0.218502
vt 0.796887 0.242678
vt 0.782300 0.242679
vt 0.760422 0.282613
vt 0.775008 0.258434
vt 0.775008 0.282612
vt 0.796887 0.218500
vt 0.824633 0.242676
vt 0.367685 0.951114
vt 0.374819 0.923368
vt 0.374819 0.951115
vt 0.802755 0.282611
vt 0.961143 0.524010
vt 0.968278 0.499831
vt 0.968278 0.524010
vt 0.824633 0.218498
vt 0.837793 0.242675
vt 0.367685 0.923368
vt 0.374819 0.910209
vt 0.802755 0.258433
vt 0.815915 0.282610
vt 0.599592 0.805980
vt 0.592458 0.784575
vt 0.782300 0.197098
vt 0.775008 0.304016
vt 0.760422 0.304017
vt 0.961143 0.499831
vt 0.968278 0.478426
vt 0.824633 0.197095
vt 0.837793 0.218498
vt 0.672105 0.257326
vt 0.679239 0.244167
vt 0.679239 0.257327
vt 0.815915 0.304014
vt 0.802755 0.304015
vt 0.599592 0.832141
vt 0.592458 0.805980
vt 0.782300 0.170939
vt 0.796887 0.197097
vt 0.760422 0.330177
vt 0.775008 0.330176
vt 0.796887 0.170938
vt 0.217377 0.961583
vt 0.224511 0.933837
vt 0.224511 0.961583
vt 0.802755 0.330175
vt 0.961143 0.478426
vt 0.968278 0.452265
vt 0.824633 0.170936
vt 0.837793 0.197094
vt 0.217377 0.933837
vt 0.224511 0.920677
vt 0.815915 0.330174
vt 0.599592 0.853546
vt 0.592458 0.832141
vt 0.782300 0.149536
vt 0.775008 0.351580
vt 0.760422 0.351581
vt 0.961143 0.452265
vt 0.968278 0.430861
vt 0.815915 0.351578
vt 0.802755 0.351579
vt 0.599592 0.884464
vt 0.592458 0.853546
vt 0.782300 0.118620
vt 0.796887 0.149535
vt 0.775008 0.382497
vt 0.760422 0.382497
vt 0.796887 0.118619
vt 0.824633 0.149533
vt 0.539813 0.976841
vt 0.546947 0.949095
vt 0.546947 0.976841
vt 0.802755 0.382495
vt 0.961143 0.430861
vt 0.968278 0.399943
vt 0.815915 0.382495
vt 0.599592 0.905869
vt 0.592458 0.884464
vt 0.782300 0.097217
vt 0.694303 0.257266
vt 0.701437 0.242680
vt 0.701437 0.257266
vt 0.775008 0.403900
vt 0.760422 0.403901
vt 0.961143 0.399943
vt 0.968278 0.378539
vt 0.914211 0.482389
vt 0.927371 0.503791
vt 0.914211 0.503792
vt 0.679239 0.257326
vt 0.686374 0.244167
vt 0.686374 0.257327
vt 0.815915 0.403899
vt 0.802755 0.403899
vt 0.599592 0.921328
vt 0.592458 0.905869
vt 0.782300 0.081759
vt 0.796887 0.097216
vt 0.311716 0.965701
vt 0.318851 0.951115
vt 0.318851 0.965701
vt 0.775008 0.419359
vt 0.760422 0.419359
vt 0.783252 0.977565
vt 0.790386 0.949821
vt 0.790386 0.977566
vt 0.311716 0.951114
vt 0.318851 0.923368
vt 0.961143 0.378539
vt 0.968278 0.363080
vt 0.914211 0.466931
vt 0.927371 0.482388
vt 0.311716 0.923368
vt 0.318851 0.910209
vt 0.815915 0.419357
vt 0.802755 0.419357
vt 0.389885 0.895021
vt 0.397020 0.974297
vt 0.389885 0.974297
vt 0.819718 0.000009
vt 0.875207 0.079271
vt 0.819718 0.079279
vt 0.318851 0.965701
vt 0.325985 0.910209
vt 0.325985 0.965701
vt 0.764225 0.000004
vt 0.819718 0.079272
vt 0.764225 0.079276
vt 0.849209 0.957750
vt 0.856344 0.902257
vt 0.856344 0.957750
vt 0.777861 0.474851
vt 0.810362 0.419367
vt 0.810362 0.474856
vt 0.867439 0.963294
vt 0.874574 0.907802
vt 0.874574 0.963295
vt 0.941165 0.249830
vt 0.948300 0.194337
vt 0.948300 0.249830
vt 0.043124 0.932306
vt 0.072455 0.876822
vt 0.072454 0.932311
vt 0.899942 0.670769
vt 0.929272 0.615278
vt 0.929272 0.670771
vt 0.430474 0.960820
vt 0.437608 0.905327
vt 0.437608 0.960820
vt 0.890589 0.671568
vt 0.897724 0.654127
vt 0.897724 0.671568
vt 0.881713 0.796812
vt 0.899152 0.777789
vt 0.899152 0.796814
vt 0.367209 0.808736
vt 0.374344 0.789710
vt 0.374344 0.808737
vt 0.880443 0.654126
vt 0.897882 0.635101
vt 0.897882 0.654127
vt 0.790387 0.949820
vt 0.783252 0.788888
vt 0.790387 0.788888
vt 0.460913 0.951303
vt 0.468048 0.790373
vt 0.468048 0.951303
vt 0.781032 0.511431
vt 0.836525 0.672347
vt 0.781032 0.672351
vt 0.311716 0.649393
vt 0.367209 0.810315
vt 0.311716 0.810318
vt 0.376089 0.636610
vt 0.296812 0.475678
vt 0.376089 0.475678
vt 0.681145 0.419362
vt 0.760421 0.258432
vt 0.760421 0.419362
vt 0.601335 0.905311
vt 0.603555 0.984583
vt 0.601335 0.984583
vt 0.606306 0.162516
vt 0.687168 0.000000
vt 0.687168 0.162515
vt 0.423815 0.895022
vt 0.430474 0.975877
vt 0.423815 0.975878
vt 0.965976 0.099875
vt 0.972635 0.262380
vt 0.965976 0.262380
vt 0.403838 0.895021
vt 0.410497 0.975878
vt 0.403838 0.975878
vt 0.962733 0.672352
vt 0.969392 0.834862
vt 0.962733 0.834862
vt 0.250349 0.649292
vt 0.296812 0.475776
vt 0.296812 0.649390
vt 0.203900 0.649390
vt 0.250350 0.475678
vt 0.984133 0.968727
vt 0.986670 0.795123
vt 0.986670 0.968727
vt 0.423800 0.516868
vt 0.377359 0.690484
vt 0.377359 0.516868
vt 0.470271 0.516868
vt 0.423800 0.690484
vt 0.934191 0.455985
vt 0.951472 0.409530
vt 0.954008 0.409529
vt 0.934191 0.363080
vt 0.441094 0.790373
vt 0.458376 0.836825
vt 0.438557 0.790373
vt 0.441094 0.883279
vt 0.460913 0.836825
vt 0.683365 0.876182
vt 0.702708 0.915816
vt 0.683365 0.955453
vt 0.438557 0.883280
vt 0.457899 0.922912
vt 0.438557 0.962550
vt 0.077057 0.920421
vt 0.073410 0.746805
vt 0.077057 0.746805
vt 0.887420 0.496346
vt 0.889956 0.499992
vt 0.887420 0.499993
vt 0.984133 0.621519
vt 0.986670 0.795123
vt 0.984133 0.795123
vt 0.769968 0.139128
vt 0.772505 0.142774
vt 0.769968 0.142774
vt 0.986670 0.621511
vt 0.989207 0.795119
vt 0.986670 0.795119
vt 0.004112 0.996025
vt 0.004113 0.996186
vt 0.003953 0.996184
vt 0.043124 0.985268
vt 0.043285 0.985267
vt 0.043283 0.985427
vt 0.915954 0.075870
vt 0.916112 0.075712
vt 0.916113 0.075870
vt 0.008658 0.996025
vt 0.008658 0.996186
vt 0.008500 0.996026
vt 0.167594 0.783085
vt 0.167755 0.788636
vt 0.167594 0.788634
vt 0.004113 0.998167
vt 0.003953 0.998165
vt 0.916113 0.081420
vt 0.915954 0.081420
vt 0.918094 0.075712
vt 0.918253 0.081420
vt 0.918095 0.075870
vt 0.918253 0.075870
vt 0.986428 0.216412
vt 0.986588 0.246853
vt 0.986428 0.246854
vt 0.043124 0.954827
vt 0.988570 0.216411
vt 0.988570 0.246853
vt 0.048834 0.954826
vt 0.048834 0.985268
vt 0.918095 0.081420
vt 0.911356 0.075870
vt 0.911514 0.075712
vt 0.911515 0.075870
vt 0.008973 0.996025
vt 0.008972 0.996186
vt 0.008816 0.996025
vt 0.601104 0.781484
vt 0.601264 0.787035
vt 0.601104 0.787033
vt 0.167435 0.788636
vt 0.167595 0.794186
vt 0.167435 0.794185
vt 0.911515 0.081420
vt 0.911356 0.081420
vt 0.913655 0.081420
vt 0.913497 0.075870
vt 0.913655 0.075870
vt 0.721104 0.956157
vt 0.721264 0.986598
vt 0.721104 0.986599
vt 0.167594 0.734118
vt 0.167755 0.764559
vt 0.167594 0.764560
vt 0.893207 0.802364
vt 0.895189 0.796814
vt 0.895189 0.802364
vt 0.723245 0.956156
vt 0.723245 0.986598
vt 0.913497 0.081420
vt 0.007229 0.996025
vt 0.007232 0.996185
vt 0.007073 0.996185
vt 0.801269 0.976300
vt 0.801327 0.976449
vt 0.801178 0.976505
vt 0.703975 0.781810
vt 0.703817 0.781969
vt 0.703817 0.781809
vt 0.009131 0.996025
vt 0.009130 0.996186
vt 0.008973 0.996025
vt 0.803118 0.975587
vt 0.803323 0.975678
vt 0.803177 0.975737
vt 0.657474 0.987494
vt 0.657314 0.961807
vt 0.657474 0.961809
vt 0.803323 0.981627
vt 0.803173 0.981683
vt 0.703817 0.756124
vt 0.659455 0.961649
vt 0.657473 0.961649
vt 0.659456 0.987493
vt 0.001877 0.998276
vt 0.002166 0.998275
vt 0.002163 0.998562
vt 0.337211 0.970062
vt 0.337212 0.970351
vt 0.336925 0.970348
vt 0.254002 0.950041
vt 0.253717 0.950326
vt 0.253717 0.950039
vt 0.244457 0.950326
vt 0.244172 0.950041
vt 0.244457 0.950039
vt 0.002166 0.996309
vt 0.001877 0.996310
vt 0.002163 0.996025
vt 0.339177 0.970062
vt 0.339462 0.970347
vt 0.339178 0.970351
vt 0.921662 0.970826
vt 0.921951 0.980089
vt 0.921662 0.980085
vt 0.956361 0.987430
vt 0.956074 0.958350
vt 0.956361 0.958353
vt 0.337212 0.979610
vt 0.336925 0.979607
vt 0.253717 0.920961
vt 0.253717 0.920677
vt 0.244457 0.920961
vt 0.244457 0.920677
vt 0.958325 0.958065
vt 0.956359 0.958065
vt 0.921951 0.970830
vt 0.923916 0.980088
vt 0.947919 0.796560
vt 0.938659 0.767482
vt 0.947919 0.767482
vt 0.958327 0.987430
vt 0.339178 0.979610
vt 0.171399 0.799917
vt 0.192803 0.827664
vt 0.171399 0.827664
vt 0.438480 0.918793
vt 0.437608 0.908305
vt 0.438480 0.908305
vt 0.438480 0.918793
vt 0.437608 0.929282
vt 0.437608 0.918793
vt 0.603143 0.620578
vt 0.604012 0.592831
vt 0.604012 0.620577
vt 0.529355 0.952428
vt 0.539813 0.924677
vt 0.539813 0.952423
vt 0.376089 0.634560
vt 0.376958 0.606813
vt 0.376958 0.634559
vt 0.518896 0.952432
vt 0.529355 0.924677
vt 0.529355 0.952422
vt 0.859261 0.912745
vt 0.860133 0.923233
vt 0.859261 0.923233
vt 0.682964 0.915221
vt 0.682092 0.925709
vt 0.682092 0.915221
vt 0.374465 0.745985
vt 0.375139 0.718236
vt 0.375139 0.745982
vt 0.760417 0.970461
vt 0.768514 0.942682
vt 0.768514 0.970429
vt 0.374465 0.718236
vt 0.375140 0.690484
vt 0.375140 0.718229
vt 0.173157 0.965074
vt 0.181271 0.937288
vt 0.181271 0.965034
vt 0.377089 0.506121
vt 0.377249 0.506120
vt 0.377248 0.506280
vt 0.683525 0.985893
vt 0.683523 0.986054
vt 0.683365 0.985895
vt 0.004431 0.996025
vt 0.004432 0.996186
vt 0.004272 0.996184
vt 0.940801 0.796719
vt 0.940959 0.796560
vt 0.940960 0.796719
vt 0.689074 0.985893
vt 0.689072 0.986054
vt 0.004432 0.998167
vt 0.004272 0.998165
vt 0.940960 0.802268
vt 0.940801 0.802268
vt 0.942941 0.796560
vt 0.377089 0.475679
vt 0.689074 0.955454
vt 0.689234 0.985895
vt 0.689074 0.985896
vt 0.689069 0.955453
vt 0.694783 0.955454
vt 0.694783 0.985895
vt 0.468048 0.950824
vt 0.468208 0.950823
vt 0.468206 0.950982
vt 0.035832 0.984311
vt 0.035992 0.984310
vt 0.035990 0.984470
vt 0.897562 0.075870
vt 0.897721 0.075712
vt 0.897721 0.075870
vt 0.782069 0.100364
vt 0.782229 0.105915
vt 0.782069 0.105913
vt 0.470190 0.950823
vt 0.041541 0.984311
vt 0.041539 0.984470
vt 0.899702 0.075712
vt 0.899861 0.081420
vt 0.899703 0.075870
vt 0.899861 0.075870
vt 0.468048 0.920382
vt 0.035832 0.953869
vt 0.895189 0.802364
vt 0.897170 0.796814
vt 0.897170 0.802364
vt 0.470190 0.920381
vt 0.899703 0.081420
vt 0.897721 0.081420
vt 0.655332 0.961649
vt 0.655332 0.961809
vt 0.655173 0.961807
vt 0.377326 0.548616
vt 0.377165 0.548614
vt 0.377324 0.548455
vt 0.006754 0.996186
vt 0.006754 0.996025
vt 0.006913 0.996028
vt 0.796979 0.976300
vt 0.797037 0.976450
vt 0.796888 0.976505
vt 0.782067 0.132233
vt 0.781908 0.132392
vt 0.781908 0.132233
vt 0.798828 0.975587
vt 0.799033 0.975678
vt 0.798886 0.975737
vt 0.377326 0.554165
vt 0.377165 0.554163
vt 0.655332 0.987493
vt 0.799033 0.981627
vt 0.798883 0.981683
vt 0.781908 0.106547
vt 0.657314 0.961649
vt 0.657314 0.987493
vt 0.476614 0.958766
vt 0.476616 0.959054
vt 0.476329 0.959051
vt 0.816203 0.965967
vt 0.815914 0.965964
vt 0.816199 0.965678
vt 0.001011 0.998277
vt 0.001300 0.998275
vt 0.001296 0.998562
vt 0.627839 0.970169
vt 0.627841 0.970458
vt 0.627554 0.970454
vt 0.234342 0.950041
vt 0.234056 0.950326
vt 0.234056 0.950039
vt 0.224797 0.950326
vt 0.224511 0.950041
vt 0.224797 0.950039
vt 0.001300 0.996309
vt 0.001011 0.996311
vt 0.001296 0.996025
vt 0.629805 0.970169
vt 0.630090 0.970454
vt 0.629807 0.970458
vt 0.816203 0.975226
vt 0.815914 0.975223
vt 0.476616 0.988131
vt 0.627841 0.979717
vt 0.627554 0.979713
vt 0.234056 0.920961
vt 0.234056 0.920677
vt 0.224797 0.920961
vt 0.224797 0.920677
vt 0.478580 0.958765
vt 0.818165 0.965678
vt 0.134101 0.956848
vt 0.124841 0.927769
vt 0.134101 0.927769
vt 0.478582 0.988131
vt 0.629807 0.979716
vt 0.859039 0.624794
vt 0.880442 0.652541
vt 0.859039 0.652540
vt 0.682964 0.904733
vt 0.682092 0.915221
vt 0.682092 0.904733
vt 0.781820 0.917319
vt 0.782692 0.927807
vt 0.781820 0.927807
vt 0.686374 0.222056
vt 0.687095 0.194306
vt 0.687095 0.222053
vt 0.623748 0.960259
vt 0.632408 0.932476
vt 0.632408 0.960222
vt 0.686374 0.249805
vt 0.687093 0.222056
vt 0.687093 0.249802
vt 0.134101 0.955589
vt 0.142767 0.927769
vt 0.142767 0.955514
vt 0.878382 0.485168
vt 0.879255 0.495657
vt 0.878382 0.495657
vt 0.254002 0.931165
vt 0.254874 0.920677
vt 0.254874 0.931165
vt 0.574909 0.815900
vt 0.575753 0.788152
vt 0.575753 0.815898
vt 0.084191 0.955546
vt 0.094355 0.927769
vt 0.094355 0.955514
vt 0.310288 0.790662
vt 0.311133 0.762915
vt 0.311133 0.790661
vt 0.104519 0.955532
vt 0.114680 0.927769
vt 0.114680 0.955515
vt 0.377089 0.536722
vt 0.377249 0.536721
vt 0.377248 0.536881
vt 0.054384 0.985265
vt 0.054382 0.985426
vt 0.054223 0.985267
vt 0.004271 0.996025
vt 0.004272 0.996186
vt 0.004113 0.996184
vt 0.942942 0.796719
vt 0.943100 0.796560
vt 0.943101 0.796719
vt 0.059933 0.985265
vt 0.059931 0.985426
vt 0.004272 0.998167
vt 0.004113 0.998166
vt 0.943101 0.802268
vt 0.942942 0.802268
vt 0.945082 0.796560
vt 0.377089 0.506280
vt 0.694783 0.955454
vt 0.694944 0.985895
vt 0.694783 0.985896
vt 0.059928 0.954825
vt 0.700493 0.955454
vt 0.700493 0.985895
vt 0.966216 0.671398
vt 0.966214 0.671558
vt 0.966055 0.671400
vt 0.913655 0.075870
vt 0.913813 0.075712
vt 0.913814 0.075870
vt 0.971765 0.671399
vt 0.971763 0.671559
vt 0.167595 0.788636
vt 0.167755 0.794186
vt 0.167595 0.794185
vt 0.915795 0.075712
vt 0.915954 0.081420
vt 0.915796 0.075870
vt 0.915954 0.075870
vt 0.966055 0.640960
vt 0.576046 0.935997
vt 0.576206 0.966437
vt 0.576046 0.966438
vt 0.374345 0.647200
vt 0.374505 0.677641
vt 0.374345 0.677642
vt 0.971765 0.640959
vt 0.891225 0.802364
vt 0.893207 0.796814
vt 0.893207 0.802364
vt 0.578188 0.935996
vt 0.578188 0.966437
vt 0.915796 0.081420
vt 0.913814 0.081420
vt 0.659614 0.961649
vt 0.659615 0.961809
vt 0.659456 0.961807
vt 0.603338 0.620738
vt 0.603177 0.620736
vt 0.603336 0.620578
vt 0.007389 0.996025
vt 0.007392 0.996185
vt 0.007232 0.996185
vt 0.781908 0.132233
vt 0.781750 0.132392
vt 0.781750 0.132233
vt 0.009288 0.996025
vt 0.009288 0.996186
vt 0.009131 0.996025
vt 0.892805 0.075712
vt 0.892964 0.075870
vt 0.892806 0.075872
vt 0.603338 0.626287
vt 0.603177 0.626285
vt 0.659615 0.987494
vt 0.890665 0.075871
vt 0.890825 0.081421
vt 0.890665 0.081420
vt 0.781750 0.106547
vt 0.661596 0.961649
vt 0.890825 0.075872
vt 0.890824 0.075712
vt 0.661597 0.987493
vt 0.892806 0.081421
vt 0.474362 0.958766
vt 0.474363 0.959054
vt 0.474076 0.959051
vt 0.879620 0.963584
vt 0.879331 0.963580
vt 0.879617 0.963295
vt 0.069412 0.968921
vt 0.069414 0.969210
vt 0.069127 0.969206
vt 0.244172 0.950041
vt 0.243887 0.950326
vt 0.243886 0.950039
vt 0.234627 0.950326
vt 0.234627 0.950039
vt 0.006319 0.996025
vt 0.006317 0.996314
vt 0.006035 0.996025
vt 0.071379 0.968921
vt 0.071664 0.969206
vt 0.071380 0.969210
vt 0.879620 0.972843
vt 0.879331 0.972839
vt 0.474363 0.988131
vt 0.069414 0.978469
vt 0.069127 0.978465
vt 0.243886 0.920961
vt 0.243887 0.920677
vt 0.234627 0.920961
vt 0.234627 0.920677
vt 0.476328 0.958766
vt 0.881583 0.963295
vt 0.810111 0.503935
vt 0.800851 0.474856
vt 0.810111 0.474856
vt 0.476329 0.988131
vt 0.071380 0.978468
vt 0.860309 0.767482
vt 0.881713 0.795229
vt 0.860309 0.795228
vt 0.703580 0.924471
vt 0.702708 0.913983
vt 0.703580 0.913983
vt 0.796808 0.914946
vt 0.795936 0.925434
vt 0.795936 0.914946
vt 0.574909 0.788152
vt 0.575754 0.760404
vt 0.575754 0.788151
vt 0.114680 0.955532
vt 0.124841 0.927769
vt 0.124841 0.955515
vt 0.795936 0.816636
vt 0.796781 0.788888
vt 0.796781 0.816635
vt 0.094355 0.955546
vt 0.104519 0.927769
vt 0.104519 0.955514
vt 0.859261 0.902257
vt 0.860133 0.912745
vt 0.859261 0.912745
vt 0.859261 0.933721
vt 0.859261 0.923233
vt 0.374465 0.773732
vt 0.375128 0.745988
vt 0.375128 0.773735
vt 0.264222 0.973148
vt 0.272172 0.945490
vt 0.272172 0.973235
vt 0.374465 0.801481
vt 0.375126 0.773738
vt 0.375126 0.801485
vt 0.962733 0.975973
vt 0.970691 0.948270
vt 0.970691 0.976016
vt 0.599592 0.953197
vt 0.592458 0.921328
vt 0.860309 0.735615
vt 0.916595 0.767477
vt 0.860309 0.767482
vt 0.936407 0.671562
vt 0.929272 0.615276
vt 0.936407 0.615277
vt 0.077057 0.832644
vt 0.133343 0.864509
vt 0.077057 0.864511
vt 0.973110 0.357511
vt 0.980245 0.325642
vt 0.980245 0.357511
vt 0.916595 0.735610
vt 0.926108 0.767477
vt 0.133343 0.832641
vt 0.142856 0.864509
vt 0.149991 0.970267
vt 0.142856 0.937287
vt 0.149991 0.937287
vt 0.973110 0.325642
vt 0.980245 0.292664
vt 0.916595 0.702634
vt 0.926108 0.735610
vt 0.142856 0.897486
vt 0.133343 0.897487
vt 0.389885 0.925304
vt 0.382751 0.895021
vt 0.389885 0.895021
vt 0.943541 0.671558
vt 0.950675 0.615277
vt 0.950675 0.671559
vt 0.860309 0.702638
vt 0.916595 0.672352
vt 0.936406 0.671561
vt 0.943541 0.615277
vt 0.943541 0.671562
vt 0.973110 0.292664
vt 0.980245 0.262380
vt 0.926108 0.702633
vt 0.142856 0.927769
vt 0.133343 0.927769
vt 0.971925 0.534316
vt 0.979060 0.566820
vt 0.971925 0.566820
vt 0.874574 0.897496
vt 0.948300 0.184031
vt 0.333120 0.960153
vt 0.340255 0.910208
vt 0.340255 0.960153
vt 0.971925 0.466931
vt 0.979060 0.516875
vt 0.971925 0.516875
vt 0.940373 0.961069
vt 0.947507 0.895271
vt 0.947507 0.961070
vt 0.518896 0.924673
vt 0.568837 0.858879
vt 0.568837 0.924677
vt 0.437608 0.895021
vt 0.979060 0.534316
vt 0.899152 0.767484
vt 0.374344 0.779405
vt 0.880443 0.624794
vt 0.897882 0.624795
vt 0.965976 0.329765
vt 0.973110 0.362269
vt 0.965976 0.362269
vt 0.171399 0.799912
vt 0.203900 0.734123
vt 0.203900 0.799917
vt 0.874574 0.963294
vt 0.881708 0.897496
vt 0.881708 0.963295
vt 0.933238 0.961070
vt 0.940373 0.895271
vt 0.940373 0.961070
vt 0.950675 0.671559
vt 0.957810 0.621615
vt 0.957810 0.671559
vt 0.965976 0.262380
vt 0.973110 0.312325
vt 0.965976 0.312325
vt 0.875207 0.065794
vt 0.925148 0.000008
vt 0.925148 0.065802
vt 0.860305 0.963294
vt 0.867439 0.897496
vt 0.867439 0.963295
vt 0.926103 0.961070
vt 0.933238 0.895271
vt 0.933238 0.961070
vt 0.643249 0.975126
vt 0.650383 0.957685
vt 0.650383 0.975126
vt 0.973110 0.329765
vt 0.896772 0.496260
vt 0.914211 0.466933
vt 0.914211 0.496263
vt 0.970690 0.977558
vt 0.977825 0.948227
vt 0.977825 0.977559
vt 0.896772 0.496263
vt 0.879332 0.466930
vt 0.896772 0.466931
vt 0.968905 0.095132
vt 0.961770 0.000000
vt 0.968905 0.000000
vt 0.968905 0.095131
vt 0.976040 0.000000
vt 0.976040 0.095131
vt 0.860305 0.802370
vt 0.926103 0.897491
vt 0.860305 0.897495
vt 0.606306 0.162518
vt 0.672105 0.257643
vt 0.606306 0.257646
vt 0.687168 0.242679
vt 0.782300 0.142791
vt 0.782300 0.242679
vt 0.375140 0.690484
vt 0.470271 0.790373
vt 0.375140 0.790373
vt 0.976527 0.672352
vt 0.978746 0.772232
vt 0.976527 0.772233
vt 0.995307 0.086406
vt 0.997527 0.181534
vt 0.995307 0.181534
vt 0.681145 0.419362
vt 0.777861 0.520836
vt 0.681145 0.520836
vt 0.980245 0.256045
vt 0.986904 0.357510
vt 0.980245 0.357511
vt 0.982699 0.000000
vt 0.989359 0.096711
vt 0.982699 0.096711
vt 0.979769 0.099875
vt 0.986428 0.201342
vt 0.979769 0.201342
vt 0.976040 0.000000
vt 0.982700 0.096713
vt 0.976040 0.096714
vt 0.470373 0.703636
vt 0.578086 0.760404
vt 0.470271 0.760404
vt 0.470271 0.646880
vt 0.578188 0.703635
vt 0.994281 0.729320
vt 0.996818 0.621511
vt 0.996818 0.729319
vt 0.311716 0.706137
vt 0.203900 0.649390
vt 0.311716 0.649390
vt 0.311716 0.762915
vt 0.203900 0.706137
vt 0.580725 0.760396
vt 0.598798 0.703635
vt 0.601335 0.703635
vt 0.580725 0.646880
vt 0.574914 0.516868
vt 0.592989 0.573625
vt 0.572378 0.516868
vt 0.574914 0.630385
vt 0.595526 0.573625
vt 0.683364 0.776299
vt 0.703500 0.826239
vt 0.683364 0.876182
vt 0.938706 0.258432
vt 0.958841 0.308369
vt 0.938706 0.358313
vt 0.990317 0.902939
vt 0.986670 0.795123
vt 0.990317 0.795123
vt 0.889956 0.496346
vt 0.892493 0.499992
vt 0.889956 0.499993
vt 0.994789 0.255271
vt 0.997326 0.363080
vt 0.994789 0.363080
vt 0.772505 0.139128
vt 0.775041 0.142774
vt 0.772505 0.142774
vt 0.993964 0.363080
vt 0.996500 0.470892
vt 0.993964 0.470892
vt 0.389885 0.957808
vt 0.382751 0.925304
vt 0.222925 0.920675
vt 0.255426 0.904822
vt 0.255426 0.920677
vt 0.870295 0.247448
vt 0.837793 0.231591
vt 0.870295 0.231593
vt 0.222925 0.904820
vt 0.255426 0.879454
vt 0.367685 0.976483
vt 0.374819 0.951115
vt 0.374819 0.976483
vt 0.870295 0.206225
vt 0.325985 0.961738
vt 0.333120 0.929234
vt 0.333120 0.961738
vt 0.222925 0.879451
vt 0.255426 0.868355
vt 0.837793 0.206223
vt 0.870295 0.195126
vt 0.389885 0.976834
vt 0.382751 0.957808
vt 0.203900 0.920673
vt 0.875207 0.081657
vt 0.882342 0.065803
vt 0.882342 0.081658
vt 0.889320 0.231594
vt 0.889320 0.247449
vt 0.325985 0.929234
vt 0.333120 0.910208
vt 0.203900 0.879450
vt 0.222925 0.868353
vt 0.328998 0.647709
vt 0.336133 0.636611
vt 0.336133 0.647709
vt 0.889320 0.195127
vt 0.889320 0.206225
vt 0.203900 0.747599
vt 0.881708 0.910973
vt 0.889320 0.247446
vt 0.921822 0.195127
vt 0.921822 0.247448
vt 0.940373 0.908748
vt 0.633418 0.932470
vt 0.662748 0.880157
vt 0.662748 0.932475
vt 0.633418 0.932476
vt 0.604088 0.880152
vt 0.633418 0.880154
vt 0.933238 0.908748
vt 0.914211 0.480409
vt 0.977825 0.961704
vt 0.977002 0.938715
vt 0.969867 0.834862
vt 0.977002 0.834862
vt 0.971925 0.466931
vt 0.979060 0.363080
vt 0.979060 0.466931
vt 0.899942 0.511431
vt 0.952263 0.615272
vt 0.899942 0.615276
vt 0.946399 0.508307
vt 0.953534 0.455986
vt 0.953534 0.508308
vt 0.879332 0.363082
vt 0.931654 0.466928
vt 0.683364 0.880152
vt 0.604088 0.776299
vt 0.683364 0.776299
vt 0.703975 0.892740
vt 0.783252 0.788888
vt 0.783252 0.892739
vt 0.203900 0.868352
vt 0.284762 0.762915
vt 0.284762 0.868351
vt 0.417156 0.895022
vt 0.423815 0.975877
vt 0.417156 0.975878
vt 0.277782 0.868352
vt 0.284441 0.973782
vt 0.277782 0.973782
vt 0.410497 0.895021
vt 0.410497 0.975878
vt 0.697000 0.659666
vt 0.703659 0.765099
vt 0.697000 0.765100
vt 0.650537 0.776201
vt 0.697000 0.659764
vt 0.697000 0.776299
vt 0.604088 0.776299
vt 0.650537 0.659666
vt 0.992770 0.202935
vt 0.995307 0.086406
vt 0.995307 0.202935
vt 0.750417 0.672351
vt 0.703975 0.788888
vt 0.703975 0.672351
vt 0.796888 0.672351
vt 0.750417 0.788888
vt 0.928640 0.895271
vt 0.945921 0.848815
vt 0.948458 0.848815
vt 0.928640 0.802365
vt 0.928644 0.672351
vt 0.945926 0.718803
vt 0.926108 0.672352
vt 0.928644 0.765258
vt 0.948463 0.718803
vt 0.662748 0.880152
vt 0.682092 0.919786
vt 0.662748 0.959424
vt 0.990075 0.216411
vt 0.986428 0.099874
vt 0.990075 0.099874
vt 0.892493 0.496346
vt 0.895030 0.499992
vt 0.892493 0.499993
vt 0.992854 0.795123
vt 0.995391 0.911651
vt 0.992854 0.911652
vt 0.767431 0.139128
vt 0.769968 0.142774
vt 0.767431 0.142774
vt 0.991744 0.621511
vt 0.994281 0.738042
vt 0.991744 0.738043
vt 0.003952 0.996025
vt 0.003953 0.996186
vt 0.003794 0.996184
vt 0.938659 0.796719
vt 0.938818 0.796560
vt 0.938819 0.796719
vt 0.272172 0.973626
vt 0.277723 0.973466
vt 0.277721 0.973626
vt 0.003953 0.998167
vt 0.003794 0.998165
vt 0.938819 0.802268
vt 0.938659 0.802268
vt 0.940800 0.796560
vt 0.376958 0.606813
vt 0.377118 0.634876
vt 0.376958 0.634877
vt 0.091082 0.955548
vt 0.091243 0.983610
vt 0.091082 0.983611
vt 0.272174 0.973465
vt 0.277721 0.945404
vt 0.096792 0.955547
vt 0.096792 0.983610
vt 0.118949 0.983594
vt 0.118947 0.983754
vt 0.118788 0.983596
vt 0.956653 0.257675
vt 0.956814 0.257674
vt 0.956812 0.257833
vt 0.958796 0.257674
vt 0.958794 0.257833
vt 0.584847 0.959404
vt 0.585007 0.987467
vt 0.584847 0.987468
vt 0.118788 0.955534
vt 0.956653 0.229611
vt 0.096792 0.955548
vt 0.096952 0.983610
vt 0.096792 0.983611
vt 0.124498 0.955533
vt 0.124498 0.983594
vt 0.586989 0.959403
vt 0.586989 0.987467
vt 0.958796 0.229610
vt 0.102501 0.955547
vt 0.102501 0.983610
vt 0.326144 0.961738
vt 0.326144 0.961898
vt 0.325985 0.961896
vt 0.374505 0.677803
vt 0.374344 0.677801
vt 0.374503 0.677642
vt 0.003633 0.998165
vt 0.003794 0.998165
vt 0.003792 0.998324
vt 0.893123 0.075712
vt 0.893124 0.075872
vt 0.892964 0.075870
vt 0.782069 0.102584
vt 0.781910 0.102742
vt 0.781910 0.102583
vt 0.003794 0.996183
vt 0.003633 0.996184
vt 0.003792 0.996025
vt 0.895104 0.075712
vt 0.895263 0.075870
vt 0.895105 0.075872
vt 0.374505 0.683352
vt 0.374344 0.683350
vt 0.326144 0.985204
vt 0.781910 0.079276
vt 0.073410 0.752354
vt 0.073252 0.746805
vt 0.073410 0.746805
vt 0.328126 0.961738
vt 0.328126 0.985204
vt 0.895105 0.081421
vt 0.893123 0.081421
vt 0.072267 0.959012
vt 0.072268 0.959300
vt 0.071981 0.959297
vt 0.002166 0.998277
vt 0.002455 0.998275
vt 0.002451 0.998562
vt 0.146947 0.970267
vt 0.146948 0.970555
vt 0.146661 0.970552
vt 0.958293 0.957779
vt 0.958008 0.958064
vt 0.958008 0.957778
vt 0.948749 0.958064
vt 0.948463 0.957779
vt 0.948749 0.957778
vt 0.002455 0.996309
vt 0.002166 0.996311
vt 0.002451 0.996025
vt 0.148913 0.970267
vt 0.149198 0.970552
vt 0.148914 0.970555
vt 0.167466 0.764560
vt 0.167755 0.773822
vt 0.167466 0.773819
vt 0.072268 0.985999
vt 0.146948 0.979814
vt 0.146661 0.979811
vt 0.958008 0.931078
vt 0.958008 0.930794
vt 0.948749 0.931078
vt 0.948749 0.930794
vt 0.074233 0.959011
vt 0.003064 0.996029
vt 0.003352 0.997991
vt 0.003064 0.997995
vt 0.074581 0.959011
vt 0.065322 0.932311
vt 0.074581 0.932311
vt 0.074234 0.985999
vt 0.148914 0.979814
vt 0.815915 0.485168
vt 0.834940 0.510537
vt 0.815915 0.510536
vt 0.815835 0.501017
vt 0.814963 0.510340
vt 0.814963 0.501017
vt 0.795936 0.925434
vt 0.796808 0.934757
vt 0.795936 0.934757
vt 0.310288 0.816032
vt 0.311111 0.790662
vt 0.311111 0.816030
vt 0.255426 0.970791
vt 0.264222 0.945404
vt 0.264222 0.970772
vt 0.202633 0.825287
vt 0.203455 0.799917
vt 0.203455 0.825285
vt 0.203900 0.970504
vt 0.212700 0.945098
vt 0.212700 0.970465
vt 0.374505 0.647199
vt 0.377359 0.690484
vt 0.374505 0.690484
vt 0.994789 0.255271
vt 0.997643 0.211987
vt 0.997643 0.255271
vt 0.994838 0.781324
vt 0.997374 0.738043
vt 0.997374 0.781325
vt 0.537052 0.952428
vt 0.539588 0.995713
vt 0.537052 0.995713
vt 0.580340 0.646241
vt 0.577803 0.643387
vt 0.580340 0.643387
vt 0.582877 0.646241
vt 0.585414 0.643387
vt 0.585414 0.646241
vt 0.992453 0.000000
vt 0.995307 0.043285
vt 0.992453 0.043285
vt 0.993411 0.968421
vt 0.996265 0.925137
vt 0.996265 0.968421
vt 0.995307 0.043282
vt 0.997843 0.000000
vt 0.997843 0.043282
vt 0.526593 0.952432
vt 0.529129 0.995716
vt 0.526593 0.995716
vt 0.582877 0.646241
vt 0.582877 0.643387
vt 0.585414 0.646241
vt 0.587951 0.643387
vt 0.587951 0.646241
vt 0.133676 0.956848
vt 0.131139 0.986020
vt 0.131139 0.956848
vt 0.650383 0.957685
vt 0.652920 0.986857
vt 0.650383 0.986857
vt 0.185077 0.971192
vt 0.187613 0.979436
vt 0.185077 0.979437
vt 0.940056 0.970980
vt 0.937519 0.979224
vt 0.937519 0.970980
vt 0.661165 0.961649
vt 0.652920 0.932475
vt 0.661165 0.932475
vt 0.957810 0.671559
vt 0.966055 0.642386
vt 0.966055 0.671559
vt 0.956074 0.958065
vt 0.952268 0.988506
vt 0.952268 0.958065
vt 0.470271 0.958766
vt 0.474076 0.989206
vt 0.470271 0.989206
vt 0.183132 0.827665
vt 0.186937 0.831787
vt 0.183132 0.831787
vt 0.190742 0.827665
vt 0.186937 0.831787
vt 0.186937 0.827665
vt 0.021403 0.984312
vt 0.017281 0.953869
vt 0.021403 0.953869
vt 0.638967 0.987810
vt 0.643090 0.957368
vt 0.643090 0.987809
vt 0.836525 0.624794
vt 0.859039 0.665225
vt 0.836525 0.665224
vt 0.686612 0.162516
vt 0.686613 0.162756
vt 0.686374 0.162753
vt 0.702949 0.924712
vt 0.702708 0.924709
vt 0.702945 0.924471
vt 0.005197 0.996739
vt 0.005438 0.996737
vt 0.005435 0.996976
vt 0.780319 0.509579
vt 0.780320 0.509820
vt 0.780081 0.509817
vt 0.927085 0.797030
vt 0.926946 0.797337
vt 0.926862 0.797113
vt 0.916106 0.801395
vt 0.915800 0.801255
vt 0.916022 0.801171
vt 0.005438 0.996261
vt 0.005197 0.996263
vt 0.005435 0.996025
vt 0.780794 0.509579
vt 0.781032 0.509817
vt 0.780796 0.509820
vt 0.702949 0.936286
vt 0.702708 0.936283
vt 0.686613 0.194306
vt 0.780320 0.521394
vt 0.780081 0.521391
vt 0.915800 0.767564
vt 0.377326 0.548455
vt 0.377089 0.536881
vt 0.377326 0.536881
vt 0.687089 0.162756
vt 0.703424 0.924712
vt 0.703424 0.936286
vt 0.938659 0.799034
vt 0.927085 0.767482
vt 0.938659 0.767482
vt 0.687089 0.194306
vt 0.780796 0.521394
vt 0.959003 0.969796
vt 0.959404 0.969794
vt 0.959400 0.970193
vt 0.161975 0.976288
vt 0.161970 0.976690
vt 0.161574 0.976294
vt 0.564714 0.963683
vt 0.565116 0.963681
vt 0.565111 0.964079
vt 0.167366 0.976293
vt 0.167766 0.976291
vt 0.167762 0.976690
vt 0.167366 0.976289
vt 0.167361 0.976691
vt 0.962733 0.969794
vt 0.173157 0.976291
vt 0.173152 0.976690
vt 0.568445 0.963681
vt 0.568440 0.964080
vt 0.602664 0.625810
vt 0.603060 0.629141
vt 0.602664 0.629139
vt 0.703975 0.792751
vt 0.703581 0.787360
vt 0.703975 0.787360
vt 0.959003 0.930792
vt 0.161574 0.937292
vt 0.564714 0.924679
vt 0.167366 0.937290
vt 0.167366 0.937288
vt 0.809989 0.257980
vt 0.813319 0.252589
vt 0.813319 0.257980
vt 0.962733 0.930791
vt 0.173157 0.937288
vt 0.991755 0.044396
vt 0.994115 0.084201
vt 0.991755 0.084192
vt 0.139810 0.955589
vt 0.142166 0.995396
vt 0.139810 0.995385
vt 0.836344 0.258268
vt 0.837612 0.255222
vt 0.837612 0.258268
vt 0.377070 0.515487
vt 0.376089 0.555278
vt 0.376089 0.515482
vt 0.588018 0.973800
vt 0.588419 0.973798
vt 0.588415 0.974197
vt 0.156183 0.976288
vt 0.156179 0.976690
vt 0.155782 0.976294
vt 0.927371 0.506156
vt 0.927771 0.506188
vt 0.927733 0.506585
vt 0.149991 0.976687
vt 0.150392 0.976685
vt 0.150387 0.977084
vt 0.005720 0.996025
vt 0.005720 0.996586
vt 0.005438 0.996304
vt 0.931060 0.467323
vt 0.930660 0.467292
vt 0.931088 0.466930
vt 0.149991 0.937684
vt 0.150387 0.937287
vt 0.150392 0.937681
vt 0.161574 0.976289
vt 0.161569 0.976691
vt 0.591748 0.973798
vt 0.155782 0.976685
vt 0.155778 0.977084
vt 0.931088 0.506469
vt 0.931050 0.506866
vt 0.595764 0.643389
vt 0.596160 0.646716
vt 0.595764 0.646718
vt 0.703975 0.787360
vt 0.703581 0.781969
vt 0.703975 0.781969
vt 0.155782 0.937292
vt 0.161574 0.937288
vt 0.813319 0.257980
vt 0.816649 0.252589
vt 0.816649 0.257980
vt 0.591746 0.934795
vt 0.155782 0.937682
vt 0.989359 0.044405
vt 0.991755 0.084192
vt 0.989359 0.084201
vt 0.977317 0.199767
vt 0.979718 0.239552
vt 0.977317 0.239563
vt 0.376089 0.515482
vt 0.377089 0.475678
vt 0.377089 0.515472
vt 0.810961 0.510882
vt 0.814484 0.505950
vt 0.814964 0.509896
vt 0.350414 0.647626
vt 0.356902 0.643644
vt 0.356914 0.647596
vt 0.187779 0.966263
vt 0.181271 0.971173
vt 0.181278 0.966245
vt 0.758215 0.520836
vt 0.762338 0.527337
vt 0.758215 0.527337
vt 0.602664 0.605374
vt 0.603143 0.592831
vt 0.603143 0.609320
vt 0.602664 0.609320
vt 0.603143 0.621863
vt 0.602664 0.625810
vt 0.575806 0.767539
vt 0.576285 0.774674
vt 0.575806 0.774674
vt 0.810362 0.505950
vt 0.814964 0.502004
vt 0.350402 0.643674
vt 0.356902 0.639910
vt 0.187772 0.961628
vt 0.181271 0.961610
vt 0.315204 0.649170
vt 0.322356 0.645436
vt 0.322339 0.649170
vt 0.315221 0.645436
vt 0.322354 0.636610
vt 0.783043 0.253086
vt 0.787135 0.257558
vt 0.783043 0.257061
vt 0.350402 0.639939
vt 0.356914 0.636610
vt 0.681147 0.523936
vt 0.687647 0.520837
vt 0.687648 0.523936
vt 0.879331 0.978397
vt 0.881589 0.972843
vt 0.881589 0.981669
vt 0.716571 0.520837
vt 0.722126 0.527971
vt 0.716571 0.527972
vt 0.723475 0.252472
vt 0.728518 0.255834
vt 0.724664 0.257296
vt 0.855551 0.665255
vt 0.858914 0.671726
vt 0.855551 0.671755
vt 0.681146 0.524540
vt 0.687646 0.524540
vt 0.819624 0.252589
vt 0.822599 0.255508
vt 0.819624 0.258144
vt 0.957810 0.634618
vt 0.960786 0.641750
vt 0.957810 0.641752
vt 0.829232 0.972355
vt 0.832151 0.979489
vt 0.829232 0.979489
vt 0.778951 0.257061
vt 0.783043 0.252589
vt 0.783043 0.257558
vt 0.723475 0.247503
vt 0.727567 0.251975
vt 0.681145 0.528928
vt 0.687645 0.528928
vt 0.776459 0.524696
vt 0.777531 0.528216
vt 0.774612 0.528216
vt 0.808923 0.503935
vt 0.809994 0.511070
vt 0.808923 0.511070
vt 0.728518 0.244141
vt 0.727567 0.248000
vt 0.777411 0.520836
vt 0.777531 0.524696
vt 0.374344 0.689061
vt 0.374465 0.696195
vt 0.374344 0.696195
vt 0.687648 0.528671
vt 0.694149 0.524696
vt 0.694149 0.528671
vt 0.766460 0.520837
vt 0.770559 0.527342
vt 0.766460 0.527337
vt 0.739961 0.520837
vt 0.744930 0.527337
vt 0.739961 0.527337
vt 0.003473 1.000000
vt 0.003352 0.996025
vt 0.003473 0.996025
vt 0.374465 0.703330
vt 0.374344 0.703330
vt 0.687648 0.524696
vt 0.694150 0.520836
vt 0.251415 0.974934
vt 0.255288 0.981452
vt 0.251415 0.981434
vt 0.927129 0.080911
vt 0.927250 0.077051
vt 0.927250 0.080911
vt 0.202633 0.825287
vt 0.203704 0.832421
vt 0.202633 0.832421
vt 0.089235 0.961408
vt 0.087690 0.955547
vt 0.091082 0.957888
vt 0.791228 0.252589
vt 0.787136 0.257061
vt 0.787136 0.253086
vt 0.749855 0.520837
vt 0.754266 0.527337
vt 0.749855 0.527338
vt 0.173157 0.974984
vt 0.176677 0.982120
vt 0.173157 0.982118
vt 0.290709 0.972355
vt 0.293628 0.979489
vt 0.290709 0.979489
vt 0.088284 0.965267
vt 0.085381 0.959946
vt 0.727680 0.520837
vt 0.730655 0.527339
vt 0.727680 0.527337
vt 0.730655 0.520839
vt 0.733741 0.527337
vt 0.819624 0.255508
vt 0.816648 0.252589
vt 0.819624 0.252589
vt 0.325331 0.636610
vt 0.322356 0.639529
vt 0.322356 0.636610
vt 0.722126 0.520837
vt 0.727680 0.527971
vt 0.722126 0.527972
vt 0.084191 0.969739
vt 0.084191 0.964770
vt 0.782300 0.137858
vt 0.777699 0.133912
vt 0.781701 0.132925
vt 0.363426 0.636610
vt 0.356914 0.639923
vt 0.356926 0.636638
vt 0.176677 0.974985
vt 0.180327 0.981484
vt 0.176677 0.981486
vt 0.770559 0.520872
vt 0.774612 0.527337
vt 0.770559 0.527372
vt 0.327589 0.636610
vt 0.325331 0.642165
vt 0.217377 0.970409
vt 0.224511 0.961585
vt 0.224511 0.970410
vt 0.088284 0.969243
vt 0.085381 0.974564
vt 0.781701 0.142791
vt 0.778178 0.137858
vt 0.363415 0.639896
vt 0.356914 0.643649
vt 0.788643 0.503397
vt 0.792645 0.509897
vt 0.788643 0.509897
vt 0.837753 0.251506
vt 0.836344 0.242679
vt 0.837753 0.242679
vt 0.328999 0.636611
vt 0.327589 0.645437
vt 0.089235 0.973102
vt 0.087690 0.978963
vt 0.363415 0.643622
vt 0.356926 0.647598
vt 0.762338 0.520836
vt 0.766460 0.527337
vt 0.744930 0.520845
vt 0.749855 0.527337
vt 0.744930 0.527345
vt 0.758216 0.527976
vt 0.754266 0.520836
vt 0.758216 0.520842
vt 0.596160 0.646873
vt 0.603295 0.630386
vt 0.603295 0.646874
vt 0.575806 0.760404
vt 0.576285 0.767539
vt 0.575806 0.767539
vt 0.192803 0.815001
vt 0.194904 0.828971
vt 0.192803 0.830086
vt 0.196823 0.827565
vt 0.198519 0.825898
vt 0.199958 0.824003
vt 0.201110 0.821922
vt 0.201950 0.819697
vt 0.202461 0.817374
vt 0.202633 0.815001
vt 0.202461 0.812629
vt 0.201950 0.810305
vt 0.201110 0.808080
vt 0.199958 0.805999
vt 0.198519 0.804105
vt 0.196823 0.802438
vt 0.194904 0.801032
vt 0.192803 0.799917
vt 0.077057 0.734175
vt 0.167431 0.832586
vt 0.077057 0.832641
vt 0.560647 0.858875
vt 0.470271 0.760404
vt 0.560647 0.760404
vt 0.983800 0.991820
vt 0.981596 0.892899
vt 0.983800 0.892629
vt 0.562866 0.760404
vt 0.572689 0.858860
vt 0.560647 0.760404
vt 0.991712 0.269027
vt 0.991714 0.269315
vt 0.991427 0.269313
vt 0.572667 0.646462
vt 0.572663 0.646751
vt 0.572378 0.646466
vt 0.168030 0.734228
vt 0.168042 0.734516
vt 0.167755 0.734523
vt 0.764225 0.142489
vt 0.764514 0.142487
vt 0.764511 0.142774
vt 0.992378 0.599825
vt 0.992093 0.600110
vt 0.992093 0.599823
vt 0.989175 0.600110
vt 0.988890 0.599825
vt 0.989175 0.599823
vt 0.171115 0.734406
vt 0.171103 0.734117
vt 0.171399 0.734392
vt 0.764225 0.139413
vt 0.764511 0.139127
vt 0.764514 0.139411
vt 0.575584 0.646463
vt 0.575580 0.646752
vt 0.991714 0.363080
vt 0.767431 0.142487
vt 0.767428 0.142774
vt 0.171399 0.828218
vt 0.171112 0.828225
vt 0.992093 0.506056
vt 0.988890 0.506057
vt 0.992093 0.505772
vt 0.989175 0.506056
vt 0.989175 0.505772
vt 0.994788 0.269027
vt 0.572378 0.643390
vt 0.575584 0.643387
vt 0.859261 0.996025
vt 0.856344 0.902257
vt 0.859261 0.902257
vt 0.994789 0.363080
vt 0.767431 0.139411
vt 0.991744 0.738044
vt 0.991984 0.782437
vt 0.991744 0.782438
vt 0.974942 0.776999
vt 0.975182 0.821387
vt 0.974942 0.821390
vt 0.212700 0.945100
vt 0.212940 0.989492
vt 0.212700 0.989494
vt 0.546947 0.949096
vt 0.547188 0.993488
vt 0.546947 0.993490
vt 0.978036 0.776996
vt 0.978036 0.821388
vt 0.994838 0.738043
vt 0.994838 0.782437
vt 0.215794 0.945098
vt 0.215794 0.989493
vt 0.550042 0.949095
vt 0.550042 0.993489
vt 0.806816 0.252589
vt 0.806818 0.252989
vt 0.806420 0.252985
vt 0.796108 0.252991
vt 0.795706 0.252986
vt 0.796103 0.252589
vt 0.767456 0.252589
vt 0.767459 0.252990
vt 0.767060 0.252985
vt 0.775384 0.252589
vt 0.775386 0.252990
vt 0.774987 0.252985
vt 0.738913 0.258138
vt 0.738517 0.257742
vt 0.738915 0.257742
vt 0.738517 0.252985
vt 0.738913 0.252589
vt 0.738915 0.252985
vt 0.770630 0.252990
vt 0.770627 0.252589
vt 0.771024 0.252985
vt 0.778555 0.252589
vt 0.778951 0.252985
vt 0.778557 0.252990
vt 0.796108 0.257747
vt 0.795706 0.257742
vt 0.806818 0.257745
vt 0.775386 0.257746
vt 0.774987 0.257742
vt 0.767459 0.257746
vt 0.767060 0.257742
vt 0.743671 0.257742
vt 0.743670 0.252589
vt 0.576201 0.797912
vt 0.575806 0.793155
vt 0.576201 0.793155
vt 0.809987 0.252589
vt 0.799273 0.252589
vt 0.799278 0.257746
vt 0.753583 0.257345
vt 0.758340 0.252589
vt 0.758340 0.257345
vt 0.809989 0.257745
vt 0.770630 0.257746
vt 0.778557 0.257746
vt 0.898042 0.658371
vt 0.898009 0.657342
vt 0.899466 0.657302
vt 0.949030 0.202416
vt 0.948300 0.184035
vt 0.949030 0.184031
vt 0.899063 0.671568
vt 0.899499 0.658332
vt 0.899784 0.671335
vt 0.898777 0.658565
vt 0.949757 0.220807
vt 0.949034 0.202420
vt 0.949757 0.202420
vt 0.948300 0.220807
vt 0.949034 0.220807
vt 0.703436 0.913983
vt 0.702708 0.900759
vt 0.703436 0.900972
vt 0.880066 0.665826
vt 0.879332 0.652541
vt 0.880066 0.652745
vt 0.949757 0.202420
vt 0.949757 0.184035
vt 0.903116 0.194316
vt 0.903244 0.194316
vt 0.903243 0.194443
vt 0.458022 0.883362
vt 0.458027 0.883490
vt 0.457899 0.883493
vt 0.995516 0.602489
vt 0.995389 0.602363
vt 0.995517 0.602363
vt 0.995389 0.505899
vt 0.995516 0.505772
vt 0.995517 0.505899
vt 0.460780 0.883279
vt 0.460910 0.883402
vt 0.460785 0.883408
vt 0.703847 0.659666
vt 0.703975 0.756124
vt 0.703847 0.756122
vt 0.905051 0.194316
vt 0.460910 0.979905
vt 0.460783 0.979907
vt 0.909199 0.499232
vt 0.911008 0.499105
vt 0.911006 0.499232
vt 0.997324 0.602363
vt 0.997324 0.505772
vt 0.997450 0.602363
vt 0.997324 0.505899
vt 0.997450 0.505899
vt 0.903116 0.191558
vt 0.977002 0.931326
vt 0.978810 0.834862
vt 0.978810 0.931326
vt 0.905051 0.191557
vt 0.909201 0.499105
vt 0.911008 0.496346
vt 0.991427 0.224633
vt 0.991667 0.269026
vt 0.991427 0.269027
vt 0.199791 0.937290
vt 0.200031 0.981679
vt 0.199791 0.981682
vt 0.989359 0.000001
vt 0.989599 0.044394
vt 0.989359 0.044396
vt 0.990317 0.925138
vt 0.990557 0.969531
vt 0.990317 0.969532
vt 0.202885 0.937288
vt 0.202885 0.981679
vt 0.994521 0.224632
vt 0.994521 0.269026
vt 0.992453 0.000000
vt 0.992453 0.044394
vt 0.993411 0.925137
vt 0.993411 0.969531
vt 0.803247 0.252589
vt 0.803249 0.252989
vt 0.802851 0.252985
vt 0.799680 0.252991
vt 0.799278 0.252986
vt 0.799675 0.252589
vt 0.763492 0.252589
vt 0.763495 0.252990
vt 0.763096 0.252985
vt 0.771420 0.252589
vt 0.771423 0.252990
vt 0.771024 0.252985
vt 0.744068 0.258138
vt 0.743671 0.257742
vt 0.744070 0.257742
vt 0.743671 0.252985
vt 0.744068 0.252589
vt 0.744070 0.252985
vt 0.766666 0.252990
vt 0.766663 0.252589
vt 0.767060 0.252985
vt 0.774591 0.252589
vt 0.774987 0.252985
vt 0.774594 0.252990
vt 0.799680 0.257747
vt 0.799278 0.257742
vt 0.803249 0.257745
vt 0.771423 0.257746
vt 0.771024 0.257742
vt 0.763495 0.257746
vt 0.763096 0.257742
vt 0.748826 0.257742
vt 0.748824 0.252589
vt 0.703975 0.797507
vt 0.703581 0.792751
vt 0.703975 0.792751
vt 0.806418 0.252589
vt 0.802846 0.252589
vt 0.802851 0.257746
vt 0.758339 0.257345
vt 0.763096 0.252589
vt 0.763096 0.257345
vt 0.806420 0.257745
vt 0.766666 0.257746
vt 0.774594 0.257746
vt 0.924358 0.962179
vt 0.924325 0.961150
vt 0.925782 0.961111
vt 0.202961 0.933869
vt 0.202232 0.915487
vt 0.202961 0.915484
vt 0.926100 0.975143
vt 0.925093 0.962373
vt 0.925815 0.962140
vt 0.925379 0.975376
vt 0.949757 0.239194
vt 0.949034 0.220807
vt 0.949757 0.220807
vt 0.948300 0.239194
vt 0.949034 0.239194
vt 0.072577 0.914405
vt 0.073306 0.901607
vt 0.073306 0.914618
vt 0.437608 0.908102
vt 0.438342 0.895224
vt 0.438342 0.908305
vt 0.203689 0.933873
vt 0.203689 0.915487
vt 0.905051 0.194316
vt 0.905179 0.194316
vt 0.905178 0.194443
vt 0.703788 0.659794
vt 0.703659 0.659793
vt 0.703786 0.659666
vt 0.005196 0.996025
vt 0.005197 0.996153
vt 0.005070 0.996152
vt 0.992501 0.505854
vt 0.992506 0.505983
vt 0.992378 0.505985
vt 0.956780 0.178475
vt 0.956653 0.178349
vt 0.956781 0.178349
vt 0.956653 0.081885
vt 0.956780 0.081758
vt 0.956781 0.081885
vt 0.009807 0.996113
vt 0.009716 0.996204
vt 0.009716 0.996025
vt 0.995259 0.505772
vt 0.995389 0.505895
vt 0.995263 0.505900
vt 0.703788 0.756251
vt 0.703659 0.756249
vt 0.906987 0.194316
vt 0.995389 0.602397
vt 0.995262 0.602400
vt 0.005197 0.997961
vt 0.005070 0.997959
vt 0.958588 0.178349
vt 0.958588 0.081758
vt 0.958715 0.178349
vt 0.958588 0.081885
vt 0.958715 0.081885
vt 0.905051 0.191558
vt 0.986904 0.352508
vt 0.988712 0.256044
vt 0.988712 0.352508
vt 0.906987 0.191557
vt 0.347390 0.926856
vt 0.340255 0.910208
vt 0.347390 0.910208
vt 0.903112 0.962497
vt 0.910246 0.897497
vt 0.910246 0.962498
vt 0.502249 0.958764
vt 0.518896 0.893760
vt 0.518896 0.958765
vt 0.895977 0.962501
vt 0.903112 0.897496
vt 0.903112 0.962502
vt 0.901209 0.181645
vt 0.917857 0.116640
vt 0.917857 0.181646
vt 0.347390 0.958836
vt 0.354525 0.942188
vt 0.354525 0.958836
vt 0.343267 0.646915
vt 0.350402 0.636611
vt 0.350402 0.646916
vt 0.502249 0.869183
vt 0.518896 0.858879
vt 0.518896 0.869184
vt 0.336133 0.646916
vt 0.343267 0.636611
vt 0.343267 0.646916
vt 0.917857 0.092064
vt 0.901209 0.081758
vt 0.917857 0.081759
vt 0.347390 0.958837
vt 0.340255 0.926856
vt 0.470271 0.958762
vt 0.502249 0.893758
vt 0.949836 0.181648
vt 0.949836 0.116641
vt 0.021563 0.978442
vt 0.028697 0.953870
vt 0.028697 0.978444
vt 0.470271 0.893756
vt 0.949836 0.092066
vt 0.347390 0.942188
vt 0.354525 0.910208
vt 0.470271 0.869181
vt 0.502249 0.858877
vt 0.949836 0.081760
vt 0.311716 0.910198
vt 0.375133 0.810328
vt 0.375133 0.910208
vt 0.796888 0.902252
vt 0.860305 0.802370
vt 0.860305 0.902257
vt 0.971925 0.666707
vt 0.979059 0.566820
vt 0.979059 0.666708
vt 0.374344 0.779404
vt 0.367209 0.649390
vt 0.374344 0.649390
vt 0.063421 0.876817
vt 0.070556 0.746805
vt 0.070556 0.876817
vt 0.972635 0.199755
vt 0.979769 0.099875
vt 0.979769 0.199756
vt 0.472491 0.516875
vt 0.572378 0.646873
vt 0.472491 0.646880
vt 0.604088 0.529658
vt 0.703975 0.659662
vt 0.604088 0.659666
vt 0.860309 0.802365
vt 0.796888 0.672351
vt 0.860309 0.672351
vt 0.000000 0.876817
vt 0.063421 0.746805
vt 0.063421 0.876817
vt 0.986670 0.902939
vt 0.988890 0.966356
vt 0.986670 0.966356
vt 0.470271 0.516875
vt 0.074837 0.920421
vt 0.077057 0.983838
vt 0.074837 0.983838
vt 0.468048 0.790373
vt 0.470268 0.920381
vt 0.468048 0.920381
vt 0.725690 0.142696
vt 0.764225 0.000094
vt 0.764225 0.142790
vt 0.687168 0.142791
vt 0.725690 0.000000
vt 0.988890 0.363080
vt 0.991427 0.220392
vt 0.991427 0.363080
vt 0.742490 0.529653
vt 0.703975 0.672351
vt 0.703975 0.529653
vt 0.781032 0.529653
vt 0.742490 0.672351
vt 0.024099 0.953868
vt 0.040588 0.915340
vt 0.043124 0.915340
vt 0.024099 0.876817
vt 0.002537 0.876817
vt 0.019026 0.915342
vt -0.000000 0.876817
vt 0.002537 0.953869
vt 0.021563 0.915342
vt 0.741868 0.892740
vt 0.760417 0.924445
vt 0.741868 0.956156
vt 0.310288 0.905613
vt 0.306641 0.762915
vt 0.310288 0.762915
vt 0.895030 0.496346
vt 0.897566 0.499992
vt 0.895030 0.499993
vt 0.989207 0.621511
vt 0.991744 0.764199
vt 0.989207 0.764199
vt 0.775041 0.139128
vt 0.777578 0.142774
vt 0.775041 0.142774
vt 0.988890 0.363080
vt 0.991427 0.505772
vt 0.988890 0.505772
vt 0.709845 0.983425
vt 0.709843 0.983586
vt 0.709685 0.983427
vt 0.630408 0.987531
vt 0.630568 0.987530
vt 0.630566 0.987690
vt 0.632550 0.987530
vt 0.632548 0.987690
vt 0.189921 0.961610
vt 0.190081 0.988880
vt 0.189921 0.988881
vt 0.709685 0.956158
vt 0.630408 0.960260
vt 0.729027 0.956158
vt 0.729187 0.983428
vt 0.729027 0.983429
vt 0.715394 0.956157
vt 0.715394 0.983426
vt 0.192062 0.961610
vt 0.192062 0.988881
vt 0.632550 0.960260
vt 0.734736 0.956157
vt 0.734736 0.983428
vt 0.006433 0.996025
vt 0.006594 0.996029
vt 0.006433 0.996186
vt 0.004750 0.996025
vt 0.004751 0.996186
vt 0.004591 0.996184
vt 0.904459 0.075870
vt 0.904617 0.075712
vt 0.904618 0.075870
vt 0.009401 0.996135
vt 0.009288 0.996249
vt 0.009288 0.996025
vt 0.601104 0.792586
vt 0.601263 0.798137
vt 0.601104 0.798135
vt 0.004751 0.998167
vt 0.004591 0.998165
vt 0.904618 0.081420
vt 0.904459 0.081420
vt 0.906758 0.081420
vt 0.906600 0.075870
vt 0.906758 0.075870
vt 0.284762 0.961635
vt 0.284922 0.988905
vt 0.284762 0.988906
vt 0.781750 0.079277
vt 0.781910 0.106546
vt 0.781750 0.106547
vt 0.633418 0.984637
vt 0.638967 0.957368
vt 0.638967 0.984637
vt 0.889243 0.802364
vt 0.891225 0.796814
vt 0.891225 0.802364
vt 0.286904 0.961634
vt 0.286904 0.988905
vt 0.906600 0.081420
vt 0.918413 0.075873
vt 0.918253 0.075871
vt 0.918411 0.075712
vt 0.007551 0.996185
vt 0.007551 0.996025
vt 0.007711 0.996028
vt 0.950766 0.615989
vt 0.950825 0.616138
vt 0.950675 0.616194
vt 0.854869 0.977941
vt 0.854758 0.978136
vt 0.854716 0.977982
vt 0.849404 0.979596
vt 0.849209 0.979485
vt 0.849362 0.979442
vt 0.952615 0.615276
vt 0.952820 0.615367
vt 0.952674 0.615425
vt 0.918413 0.081422
vt 0.918253 0.081420
vt 0.977476 0.260652
vt 0.977317 0.239722
vt 0.977476 0.239724
vt 0.952820 0.621316
vt 0.952671 0.621372
vt 0.849209 0.957791
vt 0.979457 0.239563
vt 0.977475 0.239564
vt 0.920393 0.075712
vt 0.920395 0.081421
vt 0.979458 0.260652
vt 0.818577 0.961635
vt 0.818579 0.961923
vt 0.818292 0.961920
vt 0.516924 0.968964
vt 0.516635 0.968961
vt 0.516920 0.968675
vt 0.001300 0.998277
vt 0.001588 0.998275
vt 0.001585 0.998562
vt 0.643249 0.957082
vt 0.642963 0.957368
vt 0.642963 0.957081
vt 0.633704 0.957368
vt 0.633418 0.957082
vt 0.633704 0.957081
vt 0.001588 0.996309
vt 0.001300 0.996311
vt 0.001585 0.996025
vt 0.584245 0.969313
vt 0.584530 0.969598
vt 0.584246 0.969601
vt 0.516924 0.978223
vt 0.516635 0.978220
vt 0.818579 0.986244
vt 0.581993 0.969598
vt 0.582280 0.978860
vt 0.581993 0.978857
vt 0.642963 0.932759
vt 0.642963 0.932475
vt 0.633704 0.932759
vt 0.633704 0.932475
vt 0.820543 0.961635
vt 0.518886 0.968675
vt 0.582280 0.969601
vt 0.582279 0.969313
vt 0.518889 0.978223
vt 0.308290 0.962835
vt 0.299031 0.938513
vt 0.308290 0.938513
vt 0.820545 0.986244
vt 0.584246 0.978860
vt 0.851588 0.485168
vt 0.868235 0.509745
vt 0.851588 0.509744
vt 0.254874 0.939323
vt 0.254002 0.931165
vt 0.254874 0.931165
vt 0.703580 0.936286
vt 0.702708 0.944443
vt 0.702708 0.936286
vt 0.795936 0.841213
vt 0.796759 0.816636
vt 0.796759 0.841211
vt 0.518896 0.977024
vt 0.526593 0.952432
vt 0.526593 0.977007
vt 0.310288 0.889763
vt 0.311110 0.865186
vt 0.311110 0.889762
vt 0.224511 0.974934
vt 0.232211 0.950326
vt 0.232211 0.974900
vt 0.847948 0.934990
vt 0.848820 0.943148
vt 0.847948 0.943148
vt 0.860133 0.933722
vt 0.859261 0.941879
vt 0.859261 0.933722
vt 0.782494 0.917318
vt 0.783169 0.892740
vt 0.783169 0.917315
vt 0.124841 0.981448
vt 0.131139 0.956848
vt 0.131139 0.981423
vt 0.603338 0.645158
vt 0.604013 0.620578
vt 0.604013 0.645151
vt 0.747577 0.980763
vt 0.753888 0.956156
vt 0.753888 0.980731
vt 0.992854 0.925137
vt 0.990317 0.795123
vt 0.992854 0.795123
vt 0.991427 0.493092
vt 0.993964 0.363080
vt 0.993964 0.493092
vt 0.587951 0.646082
vt 0.590488 0.643387
vt 0.590488 0.646082
vt 0.990075 0.086406
vt 0.992770 0.216411
vt 0.590488 0.646082
vt 0.593024 0.643387
vt 0.593024 0.646082
vt 0.070556 0.746805
vt 0.073252 0.876813
vt 0.070556 0.876813
vt 0.296812 0.646757
vt 0.306008 0.636610
vt 0.306008 0.646757
vt 0.000000 0.971309
vt 0.010147 0.953871
vt 0.010147 0.971310
vt 0.859039 0.669982
vt 0.869185 0.652542
vt 0.869185 0.669983
vt 0.572378 0.630385
vt 0.584269 0.643386
vt 0.572378 0.643386
vt 0.794192 0.963297
vt 0.796729 0.976297
vt 0.794192 0.976298
vt 0.351195 0.968746
vt 0.353732 0.980636
vt 0.351195 0.980636
vt 0.957810 0.621615
vt 0.960347 0.634615
vt 0.957810 0.634615
vt 0.365148 0.963324
vt 0.367685 0.975215
vt 0.365148 0.975215
vt 0.955598 0.736391
vt 0.948463 0.672352
vt 0.955598 0.672352
vt 0.492942 0.194397
vt 0.557948 0.258427
vt 0.492942 0.258432
vt 0.774686 0.982321
vt 0.781820 0.917315
vt 0.781820 0.982321
vt 0.377359 0.258437
vt 0.442365 0.322471
vt 0.377359 0.322474
vt 0.557948 0.194392
vt 0.582523 0.258426
vt 0.774686 0.917315
vt 0.781820 0.892740
vt 0.466940 0.258433
vt 0.466940 0.322470
vt 0.955598 0.930791
vt 0.962733 0.866752
vt 0.962733 0.930791
vt 0.582523 0.194390
vt 0.606306 0.258424
vt 0.490723 0.322469
vt 0.955598 0.753039
vt 0.948463 0.736391
vt 0.492942 0.177750
vt 0.888843 0.962501
vt 0.895977 0.897496
vt 0.895977 0.962502
vt 0.442365 0.339119
vt 0.377359 0.339122
vt 0.955598 0.866752
vt 0.962733 0.850104
vt 0.606306 0.177742
vt 0.606306 0.194389
vt 0.111654 0.979314
vt 0.118788 0.955532
vt 0.118788 0.979315
vt 0.490723 0.339116
vt 0.466940 0.339118
vt 0.955598 0.842353
vt 0.948463 0.753039
vt 0.492942 0.088443
vt 0.557948 0.177745
vt 0.961143 0.637373
vt 0.968278 0.572368
vt 0.968278 0.637374
vt 0.377359 0.428431
vt 0.442365 0.428428
vt 0.028697 0.978442
vt 0.035832 0.953870
vt 0.035832 0.978444
vt 0.557948 0.088438
vt 0.582523 0.177743
vt 0.961143 0.572368
vt 0.968278 0.547793
vt 0.466940 0.428427
vt 0.955598 0.850104
vt 0.962733 0.760792
vt 0.606306 0.088435
vt 0.961143 0.547792
vt 0.968278 0.524010
vt 0.490723 0.428426
vt 0.955598 0.859001
vt 0.948463 0.842353
vt 0.492942 0.071796
vt 0.442365 0.445075
vt 0.377359 0.445078
vt 0.955598 0.760792
vt 0.962733 0.744144
vt 0.582523 0.071790
vt 0.582523 0.088437
vt 0.104519 0.979314
vt 0.111654 0.955532
vt 0.111654 0.979315
vt 0.490723 0.445073
vt 0.466940 0.445074
vt 0.955598 0.930794
vt 0.948463 0.859001
vt 0.492942 0.000008
vt 0.557948 0.071791
vt 0.442365 0.516865
vt 0.377359 0.516868
vt 0.010147 0.978443
vt 0.017281 0.953870
vt 0.017281 0.978444
vt 0.557948 0.000004
vt 0.466940 0.516864
vt 0.955598 0.744144
vt 0.962733 0.672352
vt 0.582523 0.000002
vt 0.606306 0.071788
vt 0.490723 0.516863
vt 0.917381 0.960917
vt 0.924516 0.897496
vt 0.924516 0.960917
vt 0.804022 0.902257
vt 0.811157 0.965678
vt 0.804022 0.965678
vt 0.837793 0.195114
vt 0.901209 0.081768
vt 0.901209 0.195125
vt 0.568837 0.972239
vt 0.575972 0.858876
vt 0.575972 0.972239
vt 0.815915 0.485164
vt 0.879332 0.371805
vt 0.879332 0.485168
vt 0.910246 0.960917
vt 0.917381 0.897495
vt 0.917381 0.960917
vt 0.796888 0.902257
vt 0.804022 0.965678
vt 0.796888 0.965678
vt 0.836525 0.624784
vt 0.899942 0.511437
vt 0.899942 0.624794
vt 0.962733 0.948226
vt 0.969867 0.834862
vt 0.969867 0.948226
vt 0.815915 0.371796
vt 0.879332 0.258437
vt 0.879332 0.371800
vt 0.595526 0.630233
vt 0.602661 0.516868
vt 0.602661 0.630233
vt 0.961143 0.621522
vt 0.954008 0.363080
vt 0.961143 0.363080
vt 0.958841 0.358313
vt 0.965976 0.099874
vt 0.965976 0.358313
vt 0.379578 0.000008
vt 0.492942 0.258424
vt 0.379578 0.258432
vt 0.490723 0.258437
vt 0.604088 0.516863
vt 0.490723 0.516868
vt 0.140478 0.734120
vt 0.077057 0.475678
vt 0.140478 0.475678
vt 0.140478 0.734117
vt 0.203900 0.475678
vt 0.203900 0.734117
vt 0.845729 0.990250
vt 0.847948 0.926833
vt 0.847948 0.990249
vt 0.377359 0.000008
vt 0.377359 0.258432
vt 0.986670 0.363080
vt 0.988890 0.621511
vt 0.986670 0.621511
vt 0.642610 0.529555
vt 0.681145 0.258530
vt 0.681145 0.529653
vt 0.604088 0.529653
vt 0.642610 0.258432
vt 0.979060 0.905302
vt 0.981596 0.634195
vt 0.981596 0.905302
vt 0.038514 0.475678
vt -0.000000 0.746805
vt -0.000000 0.475678
vt 0.077057 0.475678
vt 0.038514 0.746805
vt 0.927684 0.077051
vt 0.944965 0.038523
vt 0.947502 0.038522
vt 0.927684 0.000000
vt 0.257963 0.868352
vt 0.275245 0.906876
vt 0.255426 0.868352
vt 0.257963 0.945404
vt 0.277782 0.906876
vt 0.921822 0.184031
vt 0.941165 0.215738
vt 0.921822 0.247448
vt 0.703975 0.892740
vt 0.723317 0.924445
vt 0.703975 0.956156
vt 0.971925 0.634206
vt 0.968278 0.363080
vt 0.971925 0.363080
vt 0.981597 0.363080
vt 0.984133 0.634187
vt 0.981597 0.634187
vt 0.167755 0.828225
vt 0.170291 0.831872
vt 0.167755 0.831872
vt 0.979060 0.363080
vt 0.981597 0.634194
vt 0.979060 0.634194
vt 0.007392 0.996186
vt 0.007392 0.996025
vt 0.007551 0.996028
vt 0.902160 0.075870
vt 0.902318 0.075712
vt 0.902319 0.075870
vt 0.008185 0.996025
vt 0.008184 0.996186
vt 0.008028 0.996025
vt 0.167433 0.783085
vt 0.167594 0.788636
vt 0.167433 0.788634
vt 0.902319 0.081420
vt 0.902160 0.081420
vt 0.904300 0.075712
vt 0.904459 0.081420
vt 0.904301 0.075870
vt 0.904459 0.075870
vt 0.194204 0.961610
vt 0.194364 0.988881
vt 0.194204 0.988881
vt 0.741868 0.956157
vt 0.742028 0.983427
vt 0.741868 0.983428
vt 0.945083 0.802110
vt 0.947065 0.796560
vt 0.947065 0.802110
vt 0.196346 0.961610
vt 0.196346 0.988881
vt 0.747577 0.956157
vt 0.747577 0.983427
vt 0.904301 0.081420
vt 0.006434 0.996137
vt 0.006319 0.996249
vt 0.006319 0.996025
vt 0.004590 0.996025
vt 0.004591 0.996186
vt 0.004432 0.996184
vt 0.134101 0.982860
vt 0.134261 0.982859
vt 0.134260 0.983019
vt 0.906758 0.075870
vt 0.906916 0.075712
vt 0.906917 0.075870
vt 0.008343 0.996025
vt 0.008342 0.996186
vt 0.139810 0.982860
vt 0.139809 0.983019
vt 0.004591 0.998167
vt 0.004432 0.998165
vt 0.906917 0.081420
vt 0.906758 0.081420
vt 0.909057 0.081420
vt 0.908899 0.075870
vt 0.909057 0.075870
vt 0.196346 0.961610
vt 0.196506 0.988881
vt 0.196346 0.988881
vt 0.134101 0.955590
vt 0.616684 0.984637
vt 0.622233 0.957369
vt 0.622233 0.984638
vt 0.576046 0.971988
vt 0.578028 0.966438
vt 0.578028 0.971988
vt 0.198488 0.961610
vt 0.198488 0.988881
vt 0.908899 0.081420
vt 0.006913 0.996186
vt 0.006913 0.996025
vt 0.007073 0.996028
vt 0.924046 0.976089
vt 0.924105 0.976238
vt 0.923955 0.976294
vt 0.601262 0.781325
vt 0.601104 0.781484
vt 0.601104 0.781325
vt 0.008500 0.996025
vt 0.008500 0.996186
vt 0.008343 0.996025
vt 0.925896 0.975376
vt 0.926100 0.975467
vt 0.925954 0.975525
vt 0.328286 0.982826
vt 0.328126 0.961896
vt 0.328286 0.961898
vt 0.926100 0.981416
vt 0.925951 0.981471
vt 0.601104 0.760396
vt 0.330267 0.961738
vt 0.328285 0.961738
vt 0.330267 0.982826
vt 0.823083 0.961635
vt 0.823084 0.961923
vt 0.822798 0.961920
vt 0.001588 0.998277
vt 0.001877 0.998275
vt 0.001874 0.998562
vt 0.221392 0.970874
vt 0.221462 0.971154
vt 0.221182 0.971219
vt 0.613918 0.957083
vt 0.613633 0.957368
vt 0.613633 0.957081
vt 0.604373 0.957368
vt 0.604088 0.957083
vt 0.604373 0.957081
vt 0.001877 0.996309
vt 0.001588 0.996310
vt 0.001874 0.996025
vt 0.223302 0.970410
vt 0.223647 0.970620
vt 0.223372 0.970690
vt 0.167466 0.773822
vt 0.167755 0.783085
vt 0.167466 0.783081
vt 0.823084 0.986244
vt 0.223647 0.980152
vt 0.223367 0.980216
vt 0.613633 0.932760
vt 0.613633 0.932476
vt 0.604373 0.932760
vt 0.604373 0.932476
vt 0.825049 0.961635
vt 0.199791 0.961610
vt 0.190531 0.937288
vt 0.199791 0.937288
vt 0.825050 0.986244
vt 0.899152 0.767482
vt 0.915800 0.792058
vt 0.899152 0.792057
vt 0.848820 0.934991
vt 0.847948 0.926833
vt 0.848820 0.926833
vt 0.782692 0.935964
vt 0.781820 0.944122
vt 0.781820 0.935964
vt 0.310288 0.840609
vt 0.311111 0.816032
vt 0.311111 0.840607
vt 0.592458 0.977789
vt 0.600154 0.953197
vt 0.600154 0.977772
vt 0.795936 0.865790
vt 0.796759 0.841213
vt 0.796759 0.865789
vt 0.247610 0.974934
vt 0.255310 0.950326
vt 0.255310 0.974900
vt 0.437608 0.929282
vt 0.438480 0.937439
vt 0.437608 0.937439
vt 0.203757 0.937288
vt 0.202885 0.945445
vt 0.202885 0.937288
vt 0.781820 0.917318
vt 0.782494 0.892740
vt 0.782494 0.917315
vt 0.604088 0.981968
vt 0.610386 0.957368
vt 0.610386 0.981944
vt 0.682092 0.904733
vt 0.682766 0.880152
vt 0.682766 0.904726
vt 0.753888 0.980763
vt 0.760200 0.956156
vt 0.760200 0.980731
vt 0.187779 0.988881
vt 0.187939 0.988881
vt 0.187937 0.989040
vt 0.374505 0.683512
vt 0.374344 0.683510
vt 0.374503 0.683351
vt 0.005069 0.996025
vt 0.005070 0.996185
vt 0.004910 0.996184
vt 0.909057 0.075870
vt 0.909215 0.075712
vt 0.909216 0.075870
vt 0.008028 0.996025
vt 0.008028 0.996185
vt 0.007870 0.996026
vt 0.374505 0.689061
vt 0.374344 0.689059
vt 0.704134 0.983586
vt 0.709685 0.983427
vt 0.709683 0.983587
vt 0.005070 0.998167
vt 0.004910 0.998165
vt 0.909216 0.081420
vt 0.909057 0.081420
vt 0.911197 0.075712
vt 0.911356 0.081420
vt 0.911198 0.075870
vt 0.911356 0.075870
vt 0.187779 0.961610
vt 0.703975 0.956157
vt 0.704136 0.983427
vt 0.703975 0.983428
vt 0.189921 0.961610
vt 0.189921 0.988881
vt 0.709685 0.956157
vt 0.911198 0.081420
vt 0.715555 0.983425
vt 0.715553 0.983586
vt 0.715394 0.983427
vt 0.004909 0.996025
vt 0.004910 0.996185
vt 0.004751 0.996184
vt 0.895263 0.075870
vt 0.895422 0.075712
vt 0.895422 0.075870
vt 0.009559 0.996025
vt 0.009559 0.996186
vt 0.009401 0.996026
vt 0.721104 0.983425
vt 0.721102 0.983586
vt 0.167435 0.794186
vt 0.167595 0.799737
vt 0.167435 0.799735
vt 0.004910 0.998167
vt 0.004751 0.998165
vt 0.895422 0.081420
vt 0.895263 0.081420
vt 0.897562 0.081420
vt 0.897404 0.075870
vt 0.897562 0.075870
vt 0.192062 0.961610
vt 0.192222 0.988881
vt 0.192062 0.988881
vt 0.167434 0.734118
vt 0.167594 0.761388
vt 0.167434 0.761389
vt 0.721099 0.956156
vt 0.971925 0.672257
vt 0.973907 0.666708
vt 0.973907 0.672257
vt 0.194204 0.961610
vt 0.194204 0.988881
vt 0.897404 0.081420
vt 0.006751 0.996025
vt 0.006754 0.996186
vt 0.006594 0.996186
vt 0.799124 0.976300
vt 0.799182 0.976450
vt 0.799033 0.976505
vt 0.782225 0.127477
vt 0.782067 0.127635
vt 0.782067 0.127476
vt 0.008816 0.996025
vt 0.008815 0.996186
vt 0.008658 0.996025
vt 0.800973 0.975587
vt 0.801178 0.975678
vt 0.801032 0.975737
vt 0.903271 0.983587
vt 0.903112 0.962657
vt 0.903271 0.962658
vt 0.801178 0.981627
vt 0.801028 0.981683
vt 0.782067 0.106547
vt 0.905252 0.962498
vt 0.903270 0.962498
vt 0.905253 0.983586
vt 0.072871 0.920710
vt 0.072582 0.920707
vt 0.072868 0.920421
vt 0.002455 0.998276
vt 0.002743 0.998275
vt 0.002740 0.998562
vt 0.588018 0.959118
vt 0.587733 0.959403
vt 0.587733 0.959116
vt 0.578474 0.959403
vt 0.578188 0.959118
vt 0.578473 0.959116
vt 0.002743 0.996309
vt 0.002455 0.996310
vt 0.002740 0.996025
vt 0.914722 0.792058
vt 0.915008 0.792343
vt 0.914724 0.792346
vt 0.072871 0.929969
vt 0.072582 0.929965
vt 0.653207 0.986258
vt 0.652920 0.961934
vt 0.653207 0.961937
vt 0.912471 0.792343
vt 0.912758 0.801605
vt 0.912471 0.801602
vt 0.587733 0.934795
vt 0.655172 0.961649
vt 0.653206 0.961649
vt 0.074834 0.920421
vt 0.912758 0.792347
vt 0.912756 0.792058
vt 0.190531 0.961610
vt 0.181271 0.937287
vt 0.190531 0.937287
vt 0.655173 0.986258
vt 0.914724 0.801605
vt 0.832562 0.902257
vt 0.849209 0.926833
vt 0.832562 0.926832
vt 0.682964 0.942024
vt 0.682091 0.933867
vt 0.682964 0.933867
vt 0.796808 0.934757
vt 0.795936 0.942914
vt 0.310288 0.865186
vt 0.311111 0.840609
vt 0.311111 0.865185
vt 0.460913 0.975895
vt 0.468610 0.951303
vt 0.468610 0.975878
vt 0.795936 0.890367
vt 0.796759 0.865790
vt 0.796759 0.890365
vt 0.232211 0.974934
vt 0.239911 0.950326
vt 0.239911 0.974900
vt 0.781820 0.927807
vt 0.782692 0.935964
vt 0.781820 0.935964
vt 0.633280 0.932476
vt 0.632408 0.940633
vt 0.632408 0.932476
vt 0.795936 0.914946
vt 0.796611 0.890367
vt 0.796611 0.914942
vt 0.610386 0.981968
vt 0.616684 0.957368
vt 0.616684 0.981944
vt 0.072577 0.901394
vt 0.073252 0.876813
vt 0.073252 0.901387
vt 0.734736 0.980764
vt 0.741047 0.956157
vt 0.741047 0.980732
vt 0.984133 0.892629
vt 0.981597 0.634187
vt 0.984133 0.634187
vt 0.984133 0.621519
vt 0.986670 0.363080
vt 0.986670 0.621519
vt 0.593024 0.646082
vt 0.595561 0.643387
vt 0.595561 0.646082
vt 0.601335 0.646880
vt 0.604030 0.905311
vt 0.601335 0.905311
vt 0.306008 0.646757
vt 0.315204 0.636610
vt 0.315204 0.646757
vt 0.880443 0.671566
vt 0.890589 0.654128
vt 0.890589 0.671568
vt 0.869185 0.669982
vt 0.879332 0.652542
vt 0.879332 0.669982
vt 0.584269 0.630385
vt 0.596160 0.643387
vt 0.584269 0.643387
vt 0.958715 0.081758
vt 0.961251 0.094758
vt 0.958715 0.094759
vt 0.080862 0.967407
vt 0.083399 0.979298
vt 0.080862 0.979298
vt 0.922297 0.065802
vt 0.924834 0.078803
vt 0.922297 0.078803
vt 0.315521 0.965702
vt 0.318058 0.977592
vt 0.315521 0.977593
vt 0.825427 0.944987
vt 0.818292 0.902257
vt 0.825427 0.902257
vt 0.895979 0.363077
vt 0.938706 0.298074
vt 0.938706 0.363080
vt 0.142856 0.937285
vt 0.185584 0.872280
vt 0.185584 0.937287
vt 0.895979 0.298071
vt 0.938706 0.273499
vt 0.077057 0.967407
vt 0.084191 0.942832
vt 0.084191 0.967407
vt 0.142856 0.872279
vt 0.185584 0.847705
vt 0.825427 0.961634
vt 0.832562 0.918904
vt 0.832562 0.961634
vt 0.895979 0.273496
vt 0.938706 0.258436
vt 0.077057 0.942831
vt 0.084191 0.927769
vt 0.142856 0.847703
vt 0.185584 0.832643
vt 0.825427 0.961635
vt 0.818292 0.944987
vt 0.879332 0.363076
vt 0.881708 0.962501
vt 0.888843 0.897496
vt 0.888843 0.962502
vt 0.202232 0.872281
vt 0.202232 0.937287
vt 0.825427 0.918904
vt 0.832562 0.902257
vt 0.879332 0.273494
vt 0.895979 0.258433
vt 0.687168 0.257741
vt 0.694303 0.242680
vt 0.694303 0.257742
vt 0.202232 0.832643
vt 0.202232 0.847706
vt 0.811157 0.902257
vt 0.818292 0.965678
vt 0.811157 0.965678
vt 0.375140 0.895016
vt 0.438557 0.790377
vt 0.438557 0.895021
vt 0.969392 0.776996
vt 0.976527 0.672352
vt 0.976527 0.776996
vt 0.723317 0.892740
vt 0.741868 0.924447
vt 0.723317 0.956157
vt 0.377197 0.634084
vt 0.377357 0.634084
vt 0.377356 0.634243
vt 0.007711 0.996186
vt 0.007711 0.996025
vt 0.007870 0.996028
vt 0.899861 0.075870
vt 0.900020 0.075712
vt 0.900020 0.075870
vt 0.009716 0.996025
vt 0.009716 0.996186
vt 0.009559 0.996025
vt 0.601104 0.787035
vt 0.601264 0.792586
vt 0.601104 0.792584
vt 0.900020 0.081420
vt 0.899861 0.081420
vt 0.902001 0.075712
vt 0.902160 0.081420
vt 0.902002 0.075870
vt 0.902160 0.075870
vt 0.377197 0.606813
vt 0.723317 0.956158
vt 0.723478 0.983428
vt 0.723317 0.983429
vt 0.897171 0.802364
vt 0.899152 0.796814
vt 0.899152 0.802364
vt 0.729027 0.956157
vt 0.729027 0.983428
vt 0.902002 0.081420
vt 0.003473 0.998166
vt 0.003633 0.998165
vt 0.003631 0.998324
vt 0.888525 0.075712
vt 0.888526 0.075872
vt 0.888366 0.075871
vt 0.782227 0.100205
vt 0.782069 0.100364
vt 0.782069 0.100204
vt 0.003633 0.996183
vt 0.003473 0.996184
vt 0.003631 0.996025
vt 0.890506 0.075712
vt 0.890665 0.075870
vt 0.890507 0.075872
vt 0.330427 0.982826
vt 0.330267 0.961896
vt 0.330427 0.961898
vt 0.888526 0.081421
vt 0.888366 0.081420
vt 0.782069 0.079276
vt 0.073410 0.757904
vt 0.073252 0.752354
vt 0.073410 0.752354
vt 0.332408 0.961738
vt 0.330426 0.961738
vt 0.332409 0.982826
vt 0.890507 0.081421
vt 0.820830 0.961635
vt 0.820832 0.961923
vt 0.820545 0.961920
vt 0.000722 0.998276
vt 0.001011 0.998275
vt 0.001007 0.998562
vt 0.344345 0.968746
vt 0.344347 0.969035
vt 0.344060 0.969032
vt 0.623748 0.957083
vt 0.623463 0.957368
vt 0.623463 0.957081
vt 0.614203 0.957368
vt 0.614203 0.957081
vt 0.001011 0.996309
vt 0.000722 0.996310
vt 0.001007 0.996025
vt 0.346311 0.968746
vt 0.346597 0.969031
vt 0.346313 0.969035
vt 0.007610 0.971311
vt 0.007899 0.980573
vt 0.007610 0.980569
vt 0.820832 0.986244
vt 0.344347 0.978294
vt 0.344060 0.978291
vt 0.623463 0.932760
vt 0.623463 0.932476
vt 0.614203 0.932760
vt 0.614204 0.932476
vt 0.822796 0.961635
vt 0.007899 0.971314
vt 0.009865 0.980573
vt 0.294022 0.961634
vt 0.284762 0.937312
vt 0.294022 0.937312
vt 0.822798 0.986244
vt 0.346313 0.978294
vt 0.834940 0.485168
vt 0.851588 0.509745
vt 0.834940 0.509744
vt 0.682964 0.925709
vt 0.682092 0.933867
vt 0.780081 0.521394
vt 0.780953 0.529551
vt 0.780081 0.529551
vt 0.574909 0.840477
vt 0.575732 0.815899
vt 0.575732 0.840475
vt 0.529355 0.977021
vt 0.537052 0.952428
vt 0.537052 0.977004
vt 0.702708 0.900759
vt 0.703530 0.876182
vt 0.703530 0.900757
vt 0.239911 0.974934
vt 0.247610 0.950326
vt 0.247610 0.974900
vt 0.810362 0.501017
vt 0.815912 0.419362
vt 0.815912 0.501017
vt 0.947502 0.000002
vt 0.961770 0.081649
vt 0.947502 0.081651
vt 0.672105 0.162517
vt 0.686374 0.244165
vt 0.672105 0.244166
vt 0.701437 0.256949
vt 0.706986 0.242679
vt 0.706986 0.256949
vt 0.307038 0.931062
vt 0.307040 0.931462
vt 0.306641 0.931458
vt 0.202633 0.833042
vt 0.202232 0.833037
vt 0.202628 0.832641
vt 0.925710 0.504194
vt 0.925713 0.504596
vt 0.925314 0.504591
vt 0.979456 0.905302
vt 0.979459 0.905703
vt 0.979060 0.905698
vt 0.375537 0.978261
vt 0.375140 0.977865
vt 0.375538 0.977865
vt 0.375140 0.895417
vt 0.375537 0.895021
vt 0.375538 0.895417
vt 0.926823 0.504596
vt 0.926820 0.504194
vt 0.927217 0.504591
vt 0.980566 0.905302
vt 0.980962 0.905698
vt 0.980568 0.905703
vt 0.202633 0.915484
vt 0.202232 0.915479
vt 0.307040 0.938280
vt 0.979459 0.988145
vt 0.979060 0.988141
vt 0.925713 0.511413
vt 0.925314 0.511408
vt 0.382356 0.977865
vt 0.382354 0.895021
vt 0.382751 0.977865
vt 0.382356 0.895417
vt 0.382751 0.895417
vt 0.308148 0.931062
vt 0.203738 0.832641
vt 0.203743 0.915483
vt 0.397020 0.977468
vt 0.403838 0.895021
vt 0.403838 0.977468
vt 0.308149 0.938279
vt 0.926823 0.511413
vt 0.980568 0.988145
vt 0.969392 0.826940
vt 0.974942 0.776996
vt 0.974942 0.826940
vt 0.760417 0.892742
vt 0.774686 0.942680
vt 0.760417 0.942683
vt 0.712535 0.256949
vt 0.718084 0.242680
vt 0.718084 0.256949
vt 0.764225 0.079277
vt 0.778495 0.129217
vt 0.764225 0.129218
vt 0.661561 0.932475
vt 0.661563 0.932875
vt 0.661165 0.932871
vt 0.924917 0.897897
vt 0.924516 0.897892
vt 0.924912 0.897496
vt 0.957050 0.178476
vt 0.957052 0.178876
vt 0.956653 0.178872
vt 0.932050 0.507515
vt 0.931654 0.507119
vt 0.932052 0.507119
vt 0.931654 0.456382
vt 0.932050 0.455985
vt 0.932052 0.456382
vt 0.958160 0.178475
vt 0.958556 0.178872
vt 0.958162 0.178876
vt 0.924917 0.948630
vt 0.924516 0.948625
vt 0.661563 0.939693
vt 0.957052 0.229610
vt 0.956653 0.229606
vt 0.948300 0.239194
vt 0.948698 0.246016
vt 0.948300 0.246011
vt 0.938870 0.507119
vt 0.938868 0.455985
vt 0.939265 0.507119
vt 0.938870 0.456382
vt 0.939265 0.456382
vt 0.662671 0.932475
vt 0.926022 0.897496
vt 0.926027 0.948630
vt 0.354525 0.960945
vt 0.361342 0.910208
vt 0.361342 0.960945
vt 0.662673 0.939693
vt 0.948698 0.239199
vt 0.949808 0.246016
vt 0.958162 0.229610
vt 0.790387 0.963297
vt 0.795936 0.788888
vt 0.795936 0.963297
vt 0.284762 0.762917
vt 0.299031 0.937310
vt 0.284762 0.937312
vt 0.706986 0.256949
vt 0.712535 0.242680
vt 0.712535 0.256949
vt 0.578188 0.760397
vt 0.592458 0.934794
vt 0.578188 0.934795
vt 0.661561 0.939693
vt 0.661563 0.940093
vt 0.661165 0.940089
vt 0.000321 0.997531
vt 0.000722 0.997529
vt 0.000717 0.997928
vt 0.576682 0.760404
vt 0.576684 0.760805
vt 0.576285 0.760801
vt 0.299427 0.938513
vt 0.299031 0.938116
vt 0.299429 0.938116
vt 0.000722 0.996419
vt 0.000321 0.996421
vt 0.000717 0.996025
vt 0.577792 0.760404
vt 0.578188 0.760801
vt 0.577794 0.760805
vt 0.599593 0.760396
vt 0.599994 0.935589
vt 0.599593 0.935584
vt 0.661563 0.946910
vt 0.576684 0.935996
vt 0.576285 0.935991
vt 0.306247 0.938116
vt 0.299031 0.762915
vt 0.306641 0.938116
vt 0.306247 0.762915
vt 0.306641 0.762915
vt 0.662671 0.939693
vt 0.599994 0.760401
vt 0.601104 0.935589
vt 0.949836 0.256959
vt 0.956653 0.081758
vt 0.956653 0.256959
vt 0.662673 0.946910
vt 0.577794 0.935996
vt 0.299429 0.762915
vt 0.839145 0.969644
vt 0.839545 0.969642
vt 0.839542 0.970040
vt 0.973036 0.242562
vt 0.973031 0.242963
vt 0.972635 0.242567
vt 0.551546 0.967488
vt 0.551947 0.967486
vt 0.551942 0.967884
vt 0.768514 0.985493
vt 0.768915 0.985491
vt 0.768911 0.985890
vt 0.977317 0.242563
vt 0.977312 0.242964
vt 0.773196 0.985491
vt 0.773191 0.985890
vt 0.839145 0.926835
vt 0.972635 0.199761
vt 0.551546 0.924679
vt 0.768514 0.942685
vt 0.977317 0.199757
vt 0.845729 0.926833
vt 0.845729 0.969642
vt 0.558130 0.924677
vt 0.558130 0.967486
vt 0.773196 0.942683
vt 0.780081 0.509579
vt 0.784362 0.503396
vt 0.784362 0.509579
vt 0.281904 0.973783
vt 0.281905 0.974103
vt 0.281587 0.974100
vt 0.879656 0.795550
vt 0.879335 0.795547
vt 0.879652 0.795229
vt 0.000000 0.998245
vt 0.000321 0.998243
vt 0.000317 0.998562
vt 0.394008 0.974298
vt 0.394010 0.974618
vt 0.393690 0.974615
vt 0.292290 0.967877
vt 0.292246 0.968323
vt 0.292044 0.968077
vt 0.287350 0.972354
vt 0.286904 0.972311
vt 0.287148 0.972108
vt 0.000321 0.996340
vt 0.000000 0.996342
vt 0.000317 0.996025
vt 0.395910 0.974297
vt 0.396227 0.974615
vt 0.395912 0.974618
vt 0.879656 0.801892
vt 0.879335 0.801888
vt 0.281905 0.982189
vt 0.394010 0.980960
vt 0.393690 0.980956
vt 0.286904 0.961835
vt 0.703817 0.781969
vt 0.703501 0.775626
vt 0.703817 0.775627
vt 0.283806 0.973783
vt 0.881555 0.795229
vt 0.881559 0.801892
vt 0.283808 0.982189
vt 0.395912 0.980960
vt 0.832562 0.969644
vt 0.832962 0.969642
vt 0.832958 0.970040
vt 0.294423 0.980118
vt 0.294418 0.980520
vt 0.294022 0.980123
vt 0.558130 0.967488
vt 0.558531 0.967486
vt 0.558527 0.967884
vt 0.979769 0.244153
vt 0.980170 0.244151
vt 0.980165 0.244550
vt 0.298704 0.980119
vt 0.298699 0.980520
vt 0.984451 0.244151
vt 0.984446 0.244550
vt 0.832562 0.926835
vt 0.294022 0.937317
vt 0.558130 0.924679
vt 0.979769 0.201345
vt 0.298704 0.937313
vt 0.839145 0.926833
vt 0.839145 0.969642
vt 0.564714 0.924677
vt 0.564714 0.967486
vt 0.984451 0.201343
vt 0.784362 0.509579
vt 0.788643 0.503396
vt 0.788643 0.509579
vt 0.002743 0.997929
vt 0.003064 0.997928
vt 0.003061 0.998246
vt 0.323452 0.975932
vt 0.323131 0.975928
vt 0.323448 0.975611
vt 0.358647 0.970855
vt 0.358649 0.971176
vt 0.358330 0.971172
vt 0.968595 0.634206
vt 0.968597 0.634527
vt 0.968278 0.634524
vt 0.830813 0.972311
vt 0.830366 0.972354
vt 0.830569 0.972108
vt 0.825470 0.968323
vt 0.825427 0.967876
vt 0.825673 0.968077
vt 0.360552 0.971176
vt 0.360550 0.970855
vt 0.360867 0.971172
vt 0.970498 0.634206
vt 0.970815 0.634523
vt 0.970500 0.634527
vt 0.323452 0.982274
vt 0.323131 0.982270
vt 0.968597 0.640869
vt 0.968278 0.640865
vt 0.358649 0.979262
vt 0.358330 0.979258
vt 0.830567 0.961634
vt 0.777846 0.527179
vt 0.777531 0.520836
vt 0.777846 0.520837
vt 0.002743 0.996027
vt 0.325350 0.975611
vt 0.325354 0.982274
vt 0.360552 0.979261
vt 0.970500 0.640869
vt 0.576203 0.781417
vt 0.576205 0.781817
vt 0.575806 0.781813
vt 0.778896 0.079677
vt 0.778495 0.079672
vt 0.778891 0.079276
vt 0.576203 0.774674
vt 0.576205 0.775075
vt 0.575806 0.775070
vt 0.308860 0.910208
vt 0.308862 0.910609
vt 0.308463 0.910605
vt 0.778896 0.132788
vt 0.778495 0.132783
vt 0.576205 0.788159
vt 0.308862 0.963721
vt 0.308463 0.963717
vt 0.576205 0.781417
vt 0.575806 0.781412
vt 0.946005 0.509497
vt 0.939661 0.509894
vt 0.939663 0.509497
vt 0.939265 0.509497
vt 0.946003 0.455985
vt 0.939663 0.456382
vt 0.939661 0.455985
vt 0.946399 0.509497
vt 0.946005 0.456382
vt 0.946399 0.456382
vt 0.781750 0.132788
vt 0.361343 0.963324
vt 0.367685 0.910208
vt 0.367685 0.963324
vt 0.311716 0.963721
vt 0.377357 0.583823
vt 0.376089 0.555283
vt 0.377357 0.555283
vt 0.376089 0.606813
vt 0.377357 0.583823
vt 0.377357 0.606813
vt 0.777861 0.474858
vt 0.800851 0.503395
vt 0.777861 0.503396
vt 0.603533 0.567535
vt 0.603537 0.568415
vt 0.602661 0.568407
vt 0.575792 0.841360
vt 0.574909 0.841349
vt 0.575781 0.840477
vt 0.603533 0.542237
vt 0.603538 0.543119
vt 0.602661 0.543109
vt 0.311160 0.889763
vt 0.311166 0.890645
vt 0.310288 0.890635
vt 0.575792 0.853092
vt 0.574909 0.853081
vt 0.603537 0.592831
vt 0.311166 0.902377
vt 0.310288 0.902368
vt 0.603538 0.567535
vt 0.602661 0.567524
vt 0.216505 0.920677
vt 0.217377 0.945098
vt 0.216505 0.945094
vt 0.203900 0.920681
vt 0.204772 0.945094
vt 0.203900 0.945098
vt 0.604008 0.567535
vt 0.576257 0.840477
vt 0.604008 0.542237
vt 0.311636 0.889763
vt 0.576268 0.853092
vt 0.551546 0.949094
vt 0.551546 0.924677
vt 0.604012 0.592831
vt 0.604014 0.567535
vt 0.311641 0.902377
vt 0.575806 0.792759
vt 0.576206 0.792757
vt 0.576203 0.793155
vt 0.728920 0.243081
vt 0.728518 0.243076
vt 0.728915 0.242680
vt 0.920395 0.080706
vt 0.920796 0.080704
vt 0.920791 0.081103
vt 0.912075 0.510853
vt 0.911679 0.510457
vt 0.912077 0.510457
vt 0.911679 0.496980
vt 0.912075 0.496584
vt 0.912077 0.496980
vt 0.920796 0.076106
vt 0.920395 0.076108
vt 0.920791 0.075712
vt 0.728920 0.256557
vt 0.728518 0.256552
vt 0.922223 0.080704
vt 0.922218 0.081103
vt 0.913502 0.496584
vt 0.913898 0.510457
vt 0.913504 0.496980
vt 0.913898 0.496980
vt 0.575806 0.788161
vt 0.733513 0.242679
vt 0.733518 0.256557
vt 0.922223 0.076106
vt 0.831746 0.242680
vt 0.836344 0.256155
vt 0.831746 0.256156
vt 0.913504 0.510457
vt 0.733919 0.243081
vt 0.733518 0.243076
vt 0.733914 0.242679
vt 0.973110 0.362506
vt 0.973512 0.362503
vt 0.973507 0.362902
vt 0.718480 0.242680
vt 0.718483 0.243080
vt 0.718084 0.243076
vt 0.900734 0.962898
vt 0.901131 0.962501
vt 0.901133 0.962898
vt 0.973512 0.357905
vt 0.973110 0.357908
vt 0.973507 0.357511
vt 0.723078 0.242679
vt 0.723475 0.243076
vt 0.723081 0.243080
vt 0.718483 0.256557
vt 0.718084 0.256552
vt 0.974938 0.362503
vt 0.974934 0.362902
vt 0.901133 0.976375
vt 0.900734 0.976375
vt 0.902558 0.962501
vt 0.902954 0.976375
vt 0.902560 0.962898
vt 0.902954 0.962898
vt 0.738512 0.242679
vt 0.738514 0.256557
vt 0.733917 0.256557
vt 0.974938 0.357905
vt 0.723081 0.256556
vt 0.902560 0.976375
vt 0.049230 0.954826
vt 0.049232 0.955226
vt 0.048834 0.955222
vt 0.973907 0.671702
vt 0.974308 0.671700
vt 0.974303 0.672098
vt 0.780081 0.529160
vt 0.779685 0.529557
vt 0.779684 0.529159
vt 0.973907 0.667104
vt 0.974303 0.666708
vt 0.974308 0.667102
vt 0.887583 0.802293
vt 0.889015 0.801892
vt 0.889010 0.802293
vt 0.049232 0.980593
vt 0.975734 0.671700
vt 0.975730 0.672099
vt 0.059933 0.954825
vt 0.060331 0.980197
vt 0.059933 0.980192
vt 0.779684 0.503790
vt 0.778258 0.529557
vt 0.777861 0.503792
vt 0.778257 0.529159
vt 0.777861 0.529160
vt 0.779685 0.503396
vt 0.778257 0.503790
vt 0.778258 0.503396
vt 0.053828 0.954826
vt 0.887588 0.801892
vt 0.889014 0.797294
vt 0.604088 0.542237
vt 0.602661 0.516868
vt 0.604088 0.516868
vt 0.053830 0.980593
vt 0.060331 0.954830
vt 0.064929 0.980196
vt 0.975734 0.667102
vt 0.054223 0.954826
vt 0.043124 0.932311
vt 0.054223 0.932311
vt 0.054223 0.954825
vt 0.065322 0.932311
vt 0.065322 0.954825
vt 0.311161 0.807941
vt 0.311716 0.819039
vt 0.311161 0.819039
vt 0.311161 0.785428
vt 0.311716 0.807941
vt 0.311161 0.807941
vt 0.376745 0.635422
vt 0.377300 0.646520
vt 0.376745 0.646520
vt 0.311161 0.762915
vt 0.311716 0.785428
vt 0.311161 0.785428
vt 0.298028 0.647686
vt 0.298277 0.646757
vt 0.298956 0.647437
vt 0.297492 0.646757
vt 0.297741 0.647686
vt 0.296812 0.647437
vt 0.311716 0.824431
vt 0.311440 0.829822
vt 0.311440 0.824432
vt 0.830731 0.252589
vt 0.830527 0.257980
vt 0.830527 0.252589
vt 0.831009 0.252589
vt 0.830731 0.257980
vt 0.831286 0.252589
vt 0.831009 0.257980
vt 0.831488 0.252589
vt 0.831286 0.257980
vt 0.311439 0.824431
vt 0.311716 0.819039
vt 0.311716 0.824430
vt 0.311161 0.824430
vt 0.311439 0.819040
vt 0.311161 0.829821
vt 0.311161 0.824431
vt 0.984768 0.201342
vt 0.984769 0.201662
vt 0.984451 0.201659
vt 0.901531 0.191878
vt 0.901209 0.191874
vt 0.901527 0.191557
vt 0.898199 0.624794
vt 0.898201 0.625115
vt 0.897882 0.625111
vt 0.575901 0.643387
vt 0.575903 0.643707
vt 0.575584 0.643704
vt 0.952268 0.989141
vt 0.951951 0.989458
vt 0.951951 0.989139
vt 0.948780 0.989458
vt 0.948463 0.989141
vt 0.948780 0.989139
vt 0.006035 0.996025
vt 0.006033 0.996346
vt 0.005720 0.996025
vt 0.577486 0.643387
vt 0.577803 0.643704
vt 0.577488 0.643707
vt 0.901531 0.195049
vt 0.901209 0.195045
vt 0.984769 0.232420
vt 0.575903 0.646878
vt 0.575584 0.646875
vt 0.898201 0.655872
vt 0.897882 0.655868
vt 0.951951 0.958380
vt 0.948463 0.958382
vt 0.951951 0.958065
vt 0.948780 0.958380
vt 0.948780 0.958065
vt 0.986353 0.201342
vt 0.903112 0.191557
vt 0.903116 0.195049
vt 0.703664 0.986213
vt 0.700493 0.955453
vt 0.703664 0.955453
vt 0.986355 0.232420
vt 0.899787 0.655872
vt 0.577488 0.646878
vt 0.306879 0.905613
vt 0.306880 0.905853
vt 0.306641 0.905851
vt 0.599833 0.935830
vt 0.599593 0.935827
vt 0.599830 0.935589
vt 0.102739 0.955547
vt 0.102740 0.955787
vt 0.102501 0.955784
vt 0.980007 0.244550
vt 0.980008 0.244791
vt 0.979769 0.244788
vt 0.878382 0.510616
vt 0.878145 0.510854
vt 0.878145 0.510615
vt 0.868473 0.510854
vt 0.868235 0.510616
vt 0.868473 0.510615
vt 0.104167 0.955787
vt 0.104166 0.955547
vt 0.104404 0.955784
vt 0.981434 0.244550
vt 0.981672 0.244788
vt 0.981435 0.244791
vt 0.599833 0.945501
vt 0.599593 0.945498
vt 0.306880 0.931062
vt 0.980008 0.254462
vt 0.979769 0.254459
vt 0.102740 0.980996
vt 0.102501 0.980993
vt 0.878145 0.485405
vt 0.868235 0.485406
vt 0.878145 0.485168
vt 0.868473 0.485405
vt 0.868473 0.485168
vt 0.308306 0.905613
vt 0.601257 0.935589
vt 0.601260 0.945501
vt 0.652920 0.957685
vt 0.643249 0.932475
vt 0.308307 0.931062
vt 0.104167 0.980995
vt 0.981435 0.254462
vt 0.365804 0.648898
vt 0.368183 0.646520
vt 0.368183 0.648898
vt 0.318375 0.982587
vt 0.320753 0.975611
vt 0.320753 0.982587
vt 0.311716 0.982587
vt 0.314094 0.975611
vt 0.314094 0.982587
vt 0.648005 0.982102
vt 0.650383 0.975126
vt 0.650383 0.982102
vt 0.645627 0.982102
vt 0.648005 0.975126
vt 0.648005 0.982102
vt 0.363426 0.648898
vt 0.365804 0.646520
vt 0.320753 0.982587
vt 0.323131 0.975611
vt 0.323131 0.982587
vt 0.815914 0.982202
vt 0.818292 0.975226
vt 0.818292 0.982202
vt 0.365148 0.982191
vt 0.367526 0.975215
vt 0.367526 0.982191
vt 0.643249 0.982102
vt 0.645627 0.975126
vt 0.645627 0.982102
vt 0.707320 0.529405
vt 0.708160 0.528689
vt 0.708156 0.529404
vt 0.706607 0.529408
vt 0.707187 0.528690
vt 0.704085 0.529409
vt 0.703524 0.528690
vt 0.704340 0.528693
vt 0.703383 0.529406
vt 0.702555 0.528689
vt 0.701715 0.529406
vt 0.702551 0.529405
vt 0.701002 0.529409
vt 0.701582 0.528690
vt 0.714595 0.529404
vt 0.715553 0.528691
vt 0.715298 0.529406
vt 0.713763 0.529403
vt 0.714735 0.528689
vt 0.712927 0.529404
vt 0.713766 0.528688
vt 0.711965 0.528691
vt 0.712793 0.528689
vt 0.698479 0.529418
vt 0.697918 0.528695
vt 0.698734 0.528702
vt 0.696945 0.529410
vt 0.697778 0.529412
vt 0.695977 0.528695
vt 0.696950 0.528692
vt 0.695396 0.529418
vt 0.696109 0.529412
vt 0.708988 0.529405
vt 0.709945 0.528693
vt 0.709690 0.529408
vt 0.709129 0.528690
vt 0.708177 0.523571
vt 0.705360 0.523578
vt 0.706656 0.523573
vt 0.705360 0.523579
vt 0.704084 0.523573
vt 0.701051 0.523573
vt 0.702571 0.523571
vt 0.700753 0.528693
vt 0.716571 0.523578
vt 0.715293 0.523574
vt 0.713779 0.523573
vt 0.712259 0.523574
vt 0.699755 0.523581
vt 0.696967 0.523566
vt 0.698480 0.523570
vt 0.695446 0.523570
vt 0.695147 0.528702
vt 0.709690 0.523573
vt 0.710966 0.523578
vt 0.708165 0.521095
vt 0.706052 0.521100
vt 0.707024 0.521096
vt 0.704651 0.521100
vt 0.702559 0.521095
vt 0.703694 0.521096
vt 0.701419 0.521096
vt 0.699755 0.523579
vt 0.715864 0.521098
vt 0.714905 0.521095
vt 0.713770 0.521094
vt 0.710966 0.523578
vt 0.712630 0.521095
vt 0.698089 0.521099
vt 0.699045 0.521107
vt 0.696954 0.521096
vt 0.694150 0.523581
vt 0.695814 0.521099
vt 0.710256 0.521100
vt 0.709300 0.521096
vt 0.706951 0.520838
vt 0.708167 0.520836
vt 0.704793 0.520842
vt 0.702562 0.520836
vt 0.703772 0.520838
vt 0.700447 0.521100
vt 0.701345 0.520838
vt 0.716005 0.520841
vt 0.714983 0.520838
vt 0.712556 0.520838
vt 0.713772 0.520836
vt 0.711521 0.520841
vt 0.698167 0.520840
vt 0.699187 0.520848
vt 0.696956 0.520836
vt 0.694703 0.520848
vt 0.695740 0.520840
vt 0.709378 0.520838
vt 0.710398 0.520842
vt 0.737470 0.520836
vt 0.736356 0.521458
vt 0.736233 0.520836
vt 0.738613 0.521310
vt 0.737346 0.521458
vt 0.739488 0.522185
vt 0.738261 0.521837
vt 0.739339 0.523452
vt 0.738961 0.522537
vt 0.739961 0.523328
vt 0.739339 0.524442
vt 0.739488 0.525708
vt 0.739961 0.524565
vt 0.738261 0.526056
vt 0.738961 0.525356
vt 0.738613 0.526583
vt 0.737346 0.526435
vt 0.737470 0.527057
vt 0.736356 0.526435
vt 0.736233 0.527057
vt 0.735442 0.526056
vt 0.735089 0.526583
vt 0.734742 0.525356
vt 0.733741 0.524565
vt 0.734215 0.525708
vt 0.733741 0.523328
vt 0.734363 0.524441
vt 0.734215 0.522185
vt 0.734363 0.523452
vt 0.735089 0.521310
vt 0.734742 0.522537
vt 0.735442 0.521837
vt 0.909196 0.499105
vt 0.907226 0.498133
vt 0.909196 0.498133
vt 0.909199 0.499933
vt 0.907227 0.499105
vt 0.905245 0.497162
vt 0.903283 0.496346
vt 0.905252 0.496346
vt 0.905243 0.498130
vt 0.903276 0.497162
vt 0.905245 0.499103
vt 0.903274 0.498131
vt 0.905252 0.499933
vt 0.903276 0.499104
vt 0.310278 0.906429
vt 0.308312 0.905613
vt 0.310281 0.905613
vt 0.310276 0.907398
vt 0.308308 0.906429
vt 0.310278 0.908371
vt 0.308307 0.907398
vt 0.310281 0.909200
vt 0.308308 0.908371
vt 0.907223 0.497163
vt 0.905257 0.496346
vt 0.907226 0.496346
vt 0.907222 0.498131
vt 0.905254 0.497163
vt 0.907223 0.499104
vt 0.905252 0.498131
vt 0.907226 0.499933
vt 0.905254 0.499104
vt 0.909196 0.497164
vt 0.907230 0.496346
vt 0.909199 0.496346
vt 0.907227 0.497164
vt 0.802262 0.510282
vt 0.802867 0.509566
vt 0.802864 0.510282
vt 0.801569 0.509570
vt 0.802167 0.509567
vt 0.799799 0.509745
vt 0.799395 0.509028
vt 0.799983 0.509031
vt 0.799294 0.509743
vt 0.798697 0.509027
vt 0.798092 0.509743
vt 0.798694 0.509742
vt 0.797579 0.509745
vt 0.797997 0.509028
vt 0.807501 0.510281
vt 0.808190 0.509569
vt 0.808007 0.510283
vt 0.806903 0.509566
vt 0.807601 0.509567
vt 0.806299 0.510281
vt 0.806901 0.510281
vt 0.805787 0.510283
vt 0.806203 0.509567
vt 0.795258 0.509748
vt 0.795946 0.509037
vt 0.795763 0.509752
vt 0.794658 0.509747
vt 0.795359 0.509032
vt 0.794056 0.509748
vt 0.794662 0.509030
vt 0.793363 0.509037
vt 0.793961 0.509032
vt 0.803463 0.510282
vt 0.804152 0.509570
vt 0.803968 0.510284
vt 0.803564 0.509567
vt 0.802879 0.505961
vt 0.800851 0.505966
vt 0.801784 0.505962
vt 0.800717 0.505427
vt 0.799798 0.505423
vt 0.797614 0.505423
vt 0.798709 0.505422
vt 0.797400 0.509031
vt 0.808923 0.505966
vt 0.806913 0.505962
vt 0.808003 0.505963
vt 0.805819 0.505963
vt 0.804887 0.505966
vt 0.796681 0.505429
vt 0.795763 0.505421
vt 0.793579 0.505421
vt 0.794674 0.505418
vt 0.804887 0.505966
vt 0.803969 0.505962
vt 0.802050 0.504127
vt 0.802871 0.504126
vt 0.801350 0.504130
vt 0.799518 0.503588
vt 0.800207 0.503591
vt 0.798700 0.503587
vt 0.797180 0.503591
vt 0.797880 0.503588
vt 0.808414 0.504129
vt 0.807724 0.504127
vt 0.806906 0.504126
vt 0.805387 0.504129
vt 0.806085 0.504127
vt 0.796170 0.503596
vt 0.794665 0.503588
vt 0.795482 0.503590
vt 0.793143 0.503596
vt 0.793844 0.503590
vt 0.804376 0.504130
vt 0.803688 0.504127
vt 0.802872 0.503935
vt 0.801996 0.503936
vt 0.799574 0.503397
vt 0.800309 0.503400
vt 0.798702 0.503396
vt 0.797080 0.503400
vt 0.797826 0.503397
vt 0.807779 0.503936
vt 0.808515 0.503938
vt 0.806032 0.503936
vt 0.806907 0.503935
vt 0.805287 0.503938
vt 0.796272 0.503404
vt 0.795538 0.503398
vt 0.793791 0.503398
vt 0.794666 0.503396
vt 0.803744 0.503936
vt 0.804479 0.503939
vt 0.792198 0.256727
vt 0.793111 0.256620
vt 0.793022 0.257067
vt 0.791569 0.256097
vt 0.792452 0.256347
vt 0.791228 0.255274
vt 0.791948 0.255843
vt 0.791228 0.254383
vt 0.791676 0.255184
vt 0.791948 0.253813
vt 0.791676 0.254472
vt 0.791569 0.253560
vt 0.792452 0.253309
vt 0.792198 0.252930
vt 0.793111 0.253037
vt 0.793022 0.252589
vt 0.793823 0.253037
vt 0.794735 0.252930
vt 0.793912 0.252589
vt 0.795365 0.253560
vt 0.794482 0.253309
vt 0.795706 0.254383
vt 0.794986 0.253813
vt 0.795258 0.255184
vt 0.795258 0.254472
vt 0.795365 0.256097
vt 0.795706 0.255274
vt 0.794482 0.256347
vt 0.794986 0.255843
vt 0.794735 0.256727
vt 0.793823 0.256620
vt 0.793912 0.257067
vt 0.374031 0.648506
vt 0.372572 0.647806
vt 0.374031 0.647806
vt 0.374033 0.649103
vt 0.372573 0.648507
vt 0.369643 0.647107
vt 0.368190 0.646520
vt 0.369648 0.646520
vt 0.369641 0.647804
vt 0.368185 0.647107
vt 0.369643 0.648505
vt 0.368183 0.647805
vt 0.369648 0.649103
vt 0.368185 0.648505
vt 0.372570 0.647107
vt 0.371113 0.646520
vt 0.372572 0.646520
vt 0.372569 0.647805
vt 0.371111 0.647108
vt 0.372570 0.648505
vt 0.371110 0.647805
vt 0.372572 0.649103
vt 0.371111 0.648505
vt 0.371108 0.647108
vt 0.369652 0.646520
vt 0.371110 0.646520
vt 0.371107 0.647805
vt 0.369649 0.647108
vt 0.371108 0.648506
vt 0.369648 0.647805
vt 0.371110 0.649103
vt 0.369649 0.648506
vt 0.374031 0.647109
vt 0.372575 0.646520
vt 0.374033 0.646520
vt 0.372573 0.647109
vt 0.885513 0.962502
vt 0.881708 0.972411
vt 0.881708 0.962502
vt 0.347390 0.968746
vt 0.351195 0.978654
vt 0.347390 0.978655
vt 0.228316 0.974935
vt 0.232121 0.981593
vt 0.228316 0.981593
vt 0.921509 0.504194
vt 0.917704 0.510853
vt 0.917704 0.504195
vt 0.805109 0.252589
vt 0.798450 0.242679
vt 0.805109 0.242679
vt 0.899152 0.801967
vt 0.905812 0.792058
vt 0.905812 0.801967
vt 0.893124 0.962502
vt 0.889319 0.972411
vt 0.889319 0.962502
vt 0.340255 0.968746
vt 0.344060 0.978655
vt 0.340255 0.978655
vt 0.299031 0.972745
vt 0.302836 0.979403
vt 0.299031 0.979404
vt 0.925314 0.504194
vt 0.921509 0.510854
vt 0.921509 0.504195
vt 0.811768 0.252589
vt 0.805109 0.242679
vt 0.811768 0.242679
vt 0.917381 0.970826
vt 0.924040 0.960917
vt 0.924040 0.970826
vt 0.889319 0.962502
vt 0.885513 0.972411
vt 0.885513 0.962502
vt 0.832562 0.970040
vt 0.836367 0.979949
vt 0.832562 0.979949
vt 0.232121 0.974935
vt 0.235926 0.981593
vt 0.232121 0.981593
vt 0.864114 0.795229
vt 0.860309 0.801888
vt 0.860309 0.795229
vt 0.898360 0.510854
vt 0.891701 0.500944
vt 0.898360 0.500944
vt 0.914528 0.191557
vt 0.921187 0.181648
vt 0.921187 0.191557
vt 0.306641 0.962835
vt 0.302836 0.972744
vt 0.302836 0.962835
vt 0.836367 0.970040
vt 0.840172 0.979949
vt 0.836367 0.979949
vt 0.243716 0.974935
vt 0.247521 0.981593
vt 0.243716 0.981593
vt 0.941487 0.250699
vt 0.937682 0.257358
vt 0.937682 0.250700
vt 0.771813 0.252589
vt 0.765154 0.242679
vt 0.771813 0.242679
vt 0.498560 0.968675
vt 0.505219 0.958766
vt 0.505219 0.968675
vt 0.794192 0.963297
vt 0.790387 0.973206
vt 0.790387 0.963297
vt 0.974942 0.821391
vt 0.978747 0.831299
vt 0.974942 0.831299
vt 0.302836 0.972745
vt 0.306641 0.979403
vt 0.302836 0.979404
vt 0.945292 0.250699
vt 0.941487 0.257358
vt 0.941487 0.250699
vt 0.818428 0.252589
vt 0.811768 0.242679
vt 0.818428 0.242679
vt 0.915638 0.075712
vt 0.922297 0.065802
vt 0.922297 0.075712
vt 0.896929 0.962502
vt 0.893124 0.972411
vt 0.893124 0.962502
vt 0.493803 0.968675
vt 0.497608 0.978584
vt 0.493803 0.978584
vt 0.893124 0.972412
vt 0.896929 0.979070
vt 0.893124 0.979070
vt 0.929909 0.970980
vt 0.926103 0.977639
vt 0.926103 0.970980
vt 0.902319 0.075712
vt 0.895660 0.065802
vt 0.902319 0.065802
vt 0.917704 0.257358
vt 0.924363 0.247449
vt 0.924363 0.257358
vt 0.457584 0.962550
vt 0.453778 0.972459
vt 0.453778 0.962550
vt 0.670359 0.969333
vt 0.674164 0.979242
vt 0.670359 0.979242
vt 0.235926 0.974935
vt 0.239731 0.981593
vt 0.235926 0.981593
vt 0.933714 0.970980
vt 0.929909 0.977639
vt 0.929909 0.970980
vt 0.778472 0.252589
vt 0.771813 0.242679
vt 0.778472 0.242679
vt 0.669408 0.969333
vt 0.676067 0.959424
vt 0.676067 0.969333
vt 0.900734 0.962502
vt 0.896929 0.972411
vt 0.896929 0.962502
vt 0.065322 0.968921
vt 0.069127 0.978830
vt 0.065322 0.978830
vt 0.247611 0.974935
vt 0.251415 0.981593
vt 0.247611 0.981593
vt 0.867919 0.795229
vt 0.864114 0.801888
vt 0.864114 0.795229
vt 0.798450 0.252589
vt 0.791791 0.242679
vt 0.911044 0.257358
vt 0.917704 0.247449
vt 0.302836 0.962835
vt 0.299031 0.972744
vt 0.299031 0.962835
vt 0.666554 0.969333
vt 0.670359 0.979242
vt 0.666554 0.979242
vt 0.896929 0.972412
vt 0.900734 0.979070
vt 0.896929 0.979070
vt 0.949097 0.250699
vt 0.945292 0.257358
vt 0.945292 0.250700
vt 0.897726 0.257358
vt 0.891067 0.247449
vt 0.897726 0.247449
vt 0.901209 0.191557
vt 0.907869 0.181648
vt 0.907869 0.191557
vt 0.446168 0.962550
vt 0.442363 0.972459
vt 0.442363 0.962550
vt 0.578188 0.969313
vt 0.581993 0.979222
vt 0.578188 0.979222
vt 0.264222 0.973236
vt 0.268027 0.979894
vt 0.264222 0.979894
vt 0.973197 0.826940
vt 0.969392 0.833599
vt 0.969392 0.826941
vt 0.825087 0.252589
vt 0.818428 0.242679
vt 0.825087 0.242679
vt 0.662748 0.969333
vt 0.669408 0.959424
vt 0.669408 0.969333
vt 0.449973 0.962550
vt 0.446168 0.972459
vt 0.446168 0.962550
vt 0.674164 0.969333
vt 0.677969 0.979242
vt 0.674164 0.979242
vt 0.239911 0.974935
vt 0.243716 0.981593
vt 0.239911 0.981593
vt 0.847941 0.665225
vt 0.844135 0.671885
vt 0.844135 0.665226
vt 0.785131 0.252589
vt 0.778472 0.242679
vt 0.785131 0.242679
vt 0.676067 0.969333
vt 0.682726 0.959424
vt 0.682726 0.969333
vt 0.453778 0.962550
vt 0.449973 0.972459
vt 0.449973 0.962550
vt 0.142856 0.970267
vt 0.146661 0.980175
vt 0.142856 0.980176
vt 0.277782 0.973783
vt 0.281587 0.980441
vt 0.277782 0.980442
vt 0.937519 0.970980
vt 0.933714 0.977639
vt 0.933714 0.970980
vt 0.791791 0.252589
vt 0.791791 0.242679
vt 0.902319 0.075712
vt 0.908978 0.065802
vt 0.908978 0.075712
vt 0.365148 0.963324
vt 0.361343 0.973233
vt 0.361343 0.963324
vt 0.662748 0.969333
vt 0.666554 0.979242
vt 0.662748 0.979242
vt 0.825427 0.972355
vt 0.829232 0.979013
vt 0.825427 0.979014
vt 0.973673 0.938715
vt 0.969867 0.945374
vt 0.969867 0.938715
vt 0.745176 0.252589
vt 0.738517 0.242679
vt 0.745176 0.242679
vt 0.340255 0.968746
vt 0.346914 0.958837
vt 0.346914 0.968746
vt 0.864110 0.963295
vt 0.860305 0.973204
vt 0.860305 0.963295
vt 0.509024 0.968675
vt 0.512829 0.978584
vt 0.509024 0.978584
vt 0.268027 0.973236
vt 0.271832 0.979894
vt 0.268027 0.979895
vt 0.871725 0.795229
vt 0.867919 0.801888
vt 0.867919 0.795229
vt 0.703659 0.775009
vt 0.697000 0.765100
vt 0.703659 0.765100
vt 0.511878 0.958766
vt 0.511878 0.968675
vt 0.867915 0.963295
vt 0.864110 0.973204
vt 0.864110 0.963295
vt 0.677969 0.969333
vt 0.681774 0.979242
vt 0.677969 0.979242
vt 0.860305 0.973204
vt 0.864110 0.979863
vt 0.860305 0.979863
vt 0.944178 0.970979
vt 0.940373 0.977638
vt 0.940373 0.970980
vt 0.831746 0.252589
vt 0.825087 0.242679
vt 0.831746 0.242679
vt 0.511878 0.968675
vt 0.518537 0.958766
vt 0.518537 0.968675
vt 0.442363 0.962550
vt 0.438557 0.972459
vt 0.438557 0.962550
vt 0.497608 0.968675
vt 0.501413 0.978584
vt 0.497608 0.978584
vt 0.905253 0.972408
vt 0.909058 0.979066
vt 0.905253 0.979067
vt 0.851746 0.665225
vt 0.847941 0.671885
vt 0.847941 0.665226
vt 0.904385 0.257358
vt 0.897726 0.247449
vt 0.904385 0.247449
vt 0.904385 0.257358
vt 0.911044 0.247449
vt 0.911044 0.257358
vt 0.568520 0.964080
vt 0.564714 0.973989
vt 0.564714 0.964080
vt 0.482387 0.968675
vt 0.486192 0.978584
vt 0.482387 0.978584
vt 0.438557 0.972460
vt 0.442362 0.979118
vt 0.438557 0.979119
vt 0.976440 0.252873
vt 0.972635 0.259532
vt 0.972635 0.252874
vt 0.844452 0.257358
vt 0.837793 0.247449
vt 0.844452 0.247449
vt 0.905019 0.510854
vt 0.911679 0.500944
vt 0.911679 0.510854
vt 0.176962 0.965074
vt 0.173157 0.974983
vt 0.173157 0.965074
vt 0.501413 0.968675
vt 0.505218 0.978584
vt 0.501413 0.978584
vt 0.790387 0.973207
vt 0.794192 0.979865
vt 0.790387 0.979866
vt 0.844135 0.665225
vt 0.840330 0.671885
vt 0.840330 0.665226
vt 0.851111 0.257358
vt 0.844452 0.247449
vt 0.851111 0.247449
vt 0.333120 0.970062
vt 0.339779 0.960153
vt 0.339779 0.970062
vt 0.180767 0.965074
vt 0.176962 0.974984
vt 0.176962 0.965074
vt 0.505219 0.968675
vt 0.509024 0.978584
vt 0.505219 0.978584
vt 0.442363 0.972460
vt 0.446168 0.979118
vt 0.442363 0.979119
vt 0.263036 0.970792
vt 0.259231 0.977451
vt 0.259231 0.970792
vt 0.857771 0.257358
vt 0.851111 0.247449
vt 0.857771 0.247449
vt 0.931022 0.257358
vt 0.937681 0.247449
vt 0.937681 0.257358
vt 0.315521 0.965701
vt 0.311716 0.975611
vt 0.311716 0.965702
vt 0.512829 0.968675
vt 0.516635 0.978584
vt 0.512829 0.978584
vt 0.446168 0.972460
vt 0.449973 0.979118
vt 0.446168 0.979119
vt 0.977478 0.938715
vt 0.973673 0.945374
vt 0.973673 0.938715
vt 0.751835 0.252589
vt 0.745176 0.242679
vt 0.751835 0.242679
vt 0.347390 0.968746
vt 0.354049 0.958836
vt 0.354049 0.968746
vt 0.322180 0.965701
vt 0.318375 0.975611
vt 0.318375 0.965702
vt 0.434279 0.970730
vt 0.438084 0.980638
vt 0.434279 0.980639
vt 0.449973 0.972460
vt 0.453778 0.979118
vt 0.449973 0.979119
vt 0.358330 0.970855
vt 0.354525 0.977514
vt 0.354525 0.970855
vt 0.864430 0.257358
vt 0.864430 0.247449
vt 0.924363 0.257358
vt 0.931022 0.247449
vt 0.080862 0.967407
vt 0.077057 0.977316
vt 0.077057 0.967407
vt 0.489998 0.968675
vt 0.493803 0.978584
vt 0.489998 0.978584
vt 0.864110 0.973204
vt 0.867915 0.979863
vt 0.864110 0.979863
vt 0.875530 0.795229
vt 0.871725 0.801888
vt 0.871725 0.795229
vt 0.777544 0.139127
vt 0.770884 0.129218
vt 0.777544 0.129218
vt 0.065322 0.968921
vt 0.071981 0.959011
vt 0.071981 0.968921
vt 0.871721 0.963295
vt 0.867915 0.973204
vt 0.867915 0.963295
vt 0.840172 0.970040
vt 0.843978 0.979949
vt 0.840172 0.979949
vt 0.881708 0.972412
vt 0.885513 0.979070
vt 0.881708 0.979070
vt 0.572642 0.972239
vt 0.568837 0.978898
vt 0.568837 0.972240
vt 0.871089 0.257358
vt 0.864430 0.247449
vt 0.871089 0.247449
vt 0.933238 0.970980
vt 0.939897 0.961070
vt 0.939897 0.970980
vt 0.800693 0.965678
vt 0.796888 0.975587
vt 0.796888 0.965678
vt 0.217377 0.970411
vt 0.221182 0.980319
vt 0.217377 0.980319
vt 0.564714 0.973990
vt 0.568519 0.980648
vt 0.564714 0.980648
vt 0.947983 0.970979
vt 0.944178 0.977638
vt 0.944178 0.970980
vt 0.877748 0.257358
vt 0.877748 0.247449
vt 0.623748 0.970169
vt 0.630408 0.960259
vt 0.630408 0.970169
vt 0.325985 0.965702
vt 0.322180 0.975611
vt 0.322180 0.965702
vt 0.623748 0.970169
vt 0.627554 0.980078
vt 0.623748 0.980078
vt 0.588018 0.974197
vt 0.591823 0.980855
vt 0.588018 0.980856
vt 0.840330 0.665225
vt 0.836525 0.671885
vt 0.836525 0.665226
vt 0.758494 0.252589
vt 0.751835 0.242679
vt 0.758494 0.242679
vt 0.430474 0.970729
vt 0.437133 0.960820
vt 0.437133 0.970729
vt 0.875526 0.963294
vt 0.871721 0.973204
vt 0.871721 0.963295
vt 0.760417 0.970461
vt 0.764222 0.980370
vt 0.760417 0.980370
vt 0.453778 0.972460
vt 0.457583 0.979118
vt 0.453778 0.979119
vt 0.917704 0.504194
vt 0.913899 0.510853
vt 0.913899 0.504195
vt 0.884407 0.257358
vt 0.877748 0.247449
vt 0.884407 0.247449
vt 0.478582 0.968675
vt 0.485241 0.958766
vt 0.485241 0.968675
vt 0.815914 0.965678
vt 0.812109 0.975587
vt 0.812109 0.965678
vt 0.958928 0.970193
vt 0.962733 0.980102
vt 0.958928 0.980102
vt 0.361343 0.973234
vt 0.365148 0.979892
vt 0.361343 0.979892
vt 0.185077 0.971192
vt 0.181271 0.977851
vt 0.181271 0.971192
vt 0.370085 0.646520
vt 0.363426 0.636610
vt 0.370085 0.636610
vt 0.905812 0.801967
vt 0.912471 0.792058
vt 0.912471 0.801967
vt 0.804498 0.965678
vt 0.800693 0.975587
vt 0.800693 0.965678
vt 0.486192 0.968675
vt 0.489998 0.978584
vt 0.486192 0.978584
vt 0.867915 0.973204
vt 0.871720 0.979863
vt 0.867915 0.979863
vt 0.576447 0.972239
vt 0.572642 0.978898
vt 0.572642 0.972240
vt 0.885042 0.510854
vt 0.878382 0.500944
vt 0.885042 0.500944
vt 0.354525 0.970855
vt 0.361184 0.960945
vt 0.361184 0.970855
vt 0.808303 0.965678
vt 0.804498 0.975587
vt 0.804498 0.965678
vt 0.333120 0.970062
vt 0.336925 0.979971
vt 0.333120 0.979971
vt 0.871721 0.973204
vt 0.875526 0.979863
vt 0.871721 0.979863
vt 0.003805 0.971310
vt 0.000000 0.977969
vt -0.000000 0.971311
vt 0.765154 0.252589
vt 0.758494 0.242679
vt 0.765154 0.242679
vt 0.907869 0.191557
vt 0.914528 0.181648
vt 0.914528 0.191557
vt 0.879331 0.963295
vt 0.875526 0.973204
vt 0.875526 0.963295
vt 0.764222 0.970461
vt 0.768027 0.980370
vt 0.764222 0.980370
vt 0.885513 0.972412
vt 0.889318 0.979070
vt 0.885513 0.979070
vt 0.879335 0.795229
vt 0.875530 0.801888
vt 0.875530 0.795229
vt 0.889001 0.075712
vt 0.882341 0.065802
vt 0.889001 0.065802
vt 0.940373 0.970979
vt 0.947032 0.961070
vt 0.947032 0.970979
vt 0.976440 0.242964
vt 0.972635 0.252873
vt 0.972635 0.242964
vt 0.203900 0.970504
vt 0.207705 0.980413
vt 0.203900 0.980413
vt 0.389885 0.974298
vt 0.393690 0.980956
vt 0.389885 0.980957
vt 0.290709 0.972354
vt 0.286904 0.979014
vt 0.286904 0.972355
vt 0.891067 0.257358
vt 0.891067 0.247449
vt 0.910246 0.970827
vt 0.916905 0.960917
vt 0.916905 0.970827
vt 0.812109 0.965678
vt 0.808303 0.975587
vt 0.808303 0.965678
vt 0.207705 0.970504
vt 0.211510 0.980413
vt 0.207705 0.980413
vt 0.875526 0.973204
vt 0.879331 0.979863
vt 0.875526 0.979863
vt 0.007610 0.971310
vt 0.003805 0.977970
vt 0.003805 0.971311
vt 0.770884 0.139127
vt 0.770884 0.129218
vt 0.485241 0.968675
vt 0.491900 0.958765
vt 0.491900 0.968675
vt 0.311716 0.963721
vt 0.307911 0.973630
vt 0.307911 0.963721
vt 0.430474 0.970730
vt 0.434279 0.980638
vt 0.430474 0.980639
vt 0.272172 0.973627
vt 0.275977 0.980285
vt 0.272172 0.980286
vt 0.855551 0.665225
vt 0.851746 0.671885
vt 0.851746 0.665226
vt 0.370085 0.636610
vt 0.376745 0.636610
vt 0.578188 0.969313
vt 0.584847 0.959403
vt 0.584847 0.969313
vt 0.909058 0.962498
vt 0.905253 0.972408
vt 0.905253 0.962499
vt 0.559156 0.967885
vt 0.562962 0.977794
vt 0.559156 0.977794
vt 0.889319 0.972412
vt 0.893124 0.979070
vt 0.889319 0.979070
vt 0.914051 0.970826
vt 0.910246 0.977486
vt 0.910246 0.970827
vt 0.905019 0.510854
vt 0.898360 0.500944
vt 0.905019 0.500944
vt 0.908978 0.075712
vt 0.915638 0.065802
vt 0.915638 0.075712
vt 0.555351 0.967884
vt 0.551546 0.977794
vt 0.551546 0.967885
vt 0.255426 0.970792
vt 0.259231 0.980700
vt 0.255426 0.980701
vt 0.307911 0.973631
vt 0.311716 0.980289
vt 0.307911 0.980290
vt 0.917856 0.970826
vt 0.914051 0.977485
vt 0.914051 0.970827
vt 0.891701 0.510854
vt 0.885042 0.500944
vt 0.891701 0.500944
vt 0.491900 0.968675
vt 0.498560 0.958766
vt 0.498560 0.968675
vt 0.559156 0.967884
vt 0.555351 0.977794
vt 0.555351 0.967885
vt 0.478582 0.968675
vt 0.482387 0.978584
vt 0.478582 0.978584
vt 0.224511 0.974935
vt 0.228316 0.981593
vt 0.224511 0.981593
vt 0.921662 0.970826
vt 0.917856 0.977485
vt 0.917856 0.970827
vt 0.895660 0.075712
vt 0.895660 0.065802
vt 0.926103 0.970980
vt 0.932763 0.961070
vt 0.932763 0.970980
vt 0.881559 0.801892
vt 0.884571 0.797294
vt 0.884571 0.801892
vt 0.878382 0.500944
vt 0.881395 0.496346
vt 0.881395 0.500944
vt 0.826563 0.256711
vt 0.822599 0.252589
vt 0.826563 0.252589
vt 0.930308 0.507450
vt 0.931339 0.511413
vt 0.930308 0.511413
vt 0.927217 0.507449
vt 0.928247 0.511413
vt 0.927217 0.511413
vt 0.170291 0.828225
vt 0.171322 0.832347
vt 0.170291 0.832347
vt 0.171399 0.831787
vt 0.175363 0.827664
vt 0.175363 0.831787
vt 0.929278 0.507449
vt 0.930308 0.511413
vt 0.929278 0.511413
vt 0.927250 0.077052
vt 0.928280 0.081015
vt 0.927250 0.081015
vt 0.574909 0.853092
vt 0.575940 0.857214
vt 0.574909 0.857214
vt 0.884571 0.801892
vt 0.887583 0.797294
vt 0.887583 0.801892
vt 0.203455 0.809113
vt 0.203851 0.804515
vt 0.203851 0.809113
vt 0.703579 0.806703
vt 0.703975 0.802105
vt 0.703975 0.806703
vt 0.777940 0.132230
vt 0.778336 0.129218
vt 0.778336 0.132230
vt 0.575804 0.811706
vt 0.576201 0.807108
vt 0.576201 0.811706
vt 0.882341 0.080310
vt 0.885354 0.075712
vt 0.885354 0.080310
vt 0.703579 0.802105
vt 0.881395 0.500944
vt 0.884407 0.496346
vt 0.884407 0.500944
vt 0.830527 0.256711
vt 0.826563 0.252589
vt 0.830527 0.252589
vt 0.930341 0.077052
vt 0.931372 0.081015
vt 0.930341 0.081015
vt 0.928280 0.077052
vt 0.929311 0.081015
vt 0.928280 0.081015
vt 0.879332 0.665826
vt 0.880363 0.669948
vt 0.879332 0.669948
vt 0.175363 0.831787
vt 0.179327 0.827665
vt 0.179327 0.831787
vt 0.929311 0.077052
vt 0.930341 0.081015
vt 0.929311 0.081015
vt 0.925148 0.077052
vt 0.926178 0.081174
vt 0.925148 0.081174
vt 0.928247 0.507449
vt 0.929278 0.511413
vt 0.928247 0.511413
vt 0.310288 0.902377
vt 0.311319 0.906500
vt 0.310288 0.906500
vt 0.885354 0.080310
vt 0.888366 0.075712
vt 0.888366 0.080310
vt 0.575804 0.807108
vt 0.576201 0.802510
vt 0.576201 0.807108
vt 0.575804 0.802510
vt 0.777544 0.132230
vt 0.777940 0.129218
vt 0.777940 0.132230
vt 0.703579 0.811301
vt 0.703975 0.806703
vt 0.703975 0.811301
vt 0.884407 0.500944
vt 0.887419 0.496346
vt 0.887419 0.500944
vt 0.203455 0.804515
vt 0.203851 0.799917
vt 0.203851 0.804515
vt 0.183132 0.831787
vt 0.179327 0.827665
vt 0.183132 0.827665
vt 0.901371 0.496346
vt 0.903274 0.500151
vt 0.901371 0.500151
vt 0.897566 0.496346
vt 0.899469 0.500468
vt 0.897566 0.500468
vt 0.899469 0.496346
vt 0.901371 0.500151
vt 0.899469 0.500151
vt 0.192645 0.831787
vt 0.190742 0.831787
vt 0.748826 0.257662
vt 0.753583 0.252589
vt 0.753583 0.257662
vt 0.915008 0.796814
vt 0.915721 0.801570
vt 0.915008 0.801571
vt 0.374413 0.801485
vt 0.375126 0.806558
vt 0.374413 0.806558
vt 0.915008 0.792058
vt 0.915721 0.796814
vt 0.915008 0.796814
vt 0.686374 0.252253
vt 0.687087 0.257327
vt 0.686374 0.257327
vt 0.000000 0.000000
vt 0.760422 0.258435
vt 0.367685 0.910208
vt 0.815915 0.258432
vt 0.672105 0.244166
vt 0.837793 0.170935
vt 0.217377 0.920677
vt 0.824633 0.118617
vt 0.539813 0.949094
vt 0.694303 0.242679
vt 0.679239 0.244166
vt 0.796887 0.081758
vt 0.783252 0.949820
vt 0.961143 0.363080
vt 0.927371 0.466930
vt 0.311716 0.910208
vt 0.397020 0.895021
vt 0.875207 0.000000
vt 0.318851 0.910208
vt 0.819718 -0.000000
vt 0.849209 0.902257
vt 0.777861 0.419362
vt 0.867439 0.907801
vt 0.941165 0.194337
vt 0.043124 0.876817
vt 0.899942 0.615276
vt 0.430474 0.905327
vt 0.890589 0.654127
vt 0.881713 0.777787
vt 0.367209 0.789710
vt 0.880443 0.635100
vt 0.783252 0.949820
vt 0.460913 0.790373
vt 0.836525 0.511427
vt 0.367209 0.649390
vt 0.296812 0.636610
vt 0.681145 0.258432
vt 0.603555 0.905311
vt 0.606306 0.000000
vt 0.430474 0.895021
vt 0.972635 0.099874
vt 0.410497 0.895021
vt 0.969392 0.672351
vt 0.203900 0.475776
vt 0.984133 0.795123
vt 0.470271 0.690484
vt 0.931654 0.455985
vt 0.931654 0.363080
vt 0.073410 0.920421
vt 0.889956 0.496346
vt 0.986670 0.621519
vt 0.772505 0.139127
vt 0.989207 0.621511
vt 0.167755 0.783087
vt 0.986588 0.216411
vt 0.043285 0.954826
vt 0.601264 0.781486
vt 0.167595 0.788637
vt 0.721264 0.956156
vt 0.167755 0.734117
vt 0.893207 0.796814
vt 0.657314 0.987492
vt 0.703975 0.756125
vt 0.659456 0.961809
vt 0.956074 0.987428
vt 0.254002 0.920962
vt 0.958327 0.958353
vt 0.923916 0.970830
vt 0.938659 0.796560
vt 0.192803 0.799918
vt 0.437608 0.918793
vt 0.438480 0.929282
vt 0.603143 0.592831
vt 0.529355 0.924682
vt 0.376089 0.606813
vt 0.518896 0.924687
vt 0.682964 0.925709
vt 0.374465 0.718239
vt 0.760417 0.942714
vt 0.374465 0.690491
vt 0.173157 0.937328
vt 0.942942 0.796719
vt 0.377249 0.475678
vt 0.689234 0.955453
vt 0.683520 0.955453
vt 0.782229 0.100366
vt 0.470188 0.950983
vt 0.468208 0.920381
vt 0.035992 0.953869
vt 0.895189 0.796814
vt 0.655173 0.987492
vt 0.782067 0.106548
vt 0.657314 0.961809
vt 0.476329 0.988128
vt 0.234342 0.920962
vt 0.478582 0.959054
vt 0.818169 0.965967
vt 0.124841 0.956848
vt 0.880442 0.624795
vt 0.682964 0.915221
vt 0.782692 0.917319
vt 0.686374 0.194309
vt 0.623748 0.932513
vt 0.686374 0.222058
vt 0.134101 0.927844
vt 0.879255 0.485168
vt 0.254002 0.920677
vt 0.574909 0.788153
vt 0.084191 0.927802
vt 0.310288 0.762916
vt 0.104519 0.927786
vt 0.945083 0.796719
vt 0.377249 0.506280
vt 0.694944 0.955453
vt 0.054379 0.954825
vt 0.167755 0.788637
vt 0.966216 0.640958
vt 0.576206 0.935996
vt 0.374505 0.647199
vt 0.891225 0.796814
vt 0.659456 0.987492
vt 0.781908 0.106548
vt 0.661597 0.961809
vt 0.474076 0.988128
vt 0.244172 0.920962
vt 0.476329 0.959054
vt 0.881586 0.963584
vt 0.800851 0.503935
vt 0.881713 0.767482
vt 0.702708 0.924471
vt 0.796808 0.925434
vt 0.574909 0.760406
vt 0.114680 0.927786
vt 0.795936 0.788889
vt 0.094355 0.927802
vt 0.860133 0.902257
vt 0.860133 0.933721
vt 0.374465 0.745986
vt 0.264222 0.945404
vt 0.374465 0.773735
vt 0.962733 0.948226
vt 0.592458 0.953197
vt 0.929272 0.671561
vt 0.142856 0.832641
vt 0.142856 0.970267
vt 0.943541 0.615276
vt 0.860309 0.672356
vt 0.936406 0.615276
vt 0.973110 0.262380
vt 0.926108 0.672351
vt 0.867439 0.897496
vt 0.941165 0.184031
vt 0.333120 0.910208
vt 0.979060 0.466931
vt 0.940373 0.895271
vt 0.518896 0.858875
vt 0.430474 0.895021
vt 0.881713 0.767482
vt 0.367209 0.779404
vt 0.171399 0.734117
vt 0.874574 0.897496
vt 0.933238 0.895271
vt 0.950675 0.621615
vt 0.973110 0.262380
vt 0.875207 0.000000
vt 0.860305 0.897495
vt 0.926103 0.895271
vt 0.643249 0.957685
vt 0.896772 0.466930
vt 0.970690 0.948226
vt 0.879332 0.496262
vt 0.961770 0.095132
vt 0.968905 0.000000
vt 0.926103 0.802365
vt 0.672105 0.162516
vt 0.687168 0.142791
vt 0.470271 0.690484
vt 0.978746 0.672351
vt 0.997527 0.086406
vt 0.777861 0.419362
vt 0.986904 0.256044
vt 0.989359 0.000000
vt 0.986428 0.099874
vt 0.982700 -0.000000
vt 0.578086 0.646880
vt 0.994281 0.621511
vt 0.203900 0.762915
vt 0.578188 0.760396
vt 0.578188 0.646880
vt 0.572378 0.630385
vt 0.986670 0.902939
vt 0.892493 0.496346
vt 0.997326 0.255271
vt 0.775041 0.139127
vt 0.996500 0.363080
vt 0.837793 0.247447
vt 0.367685 0.951115
vt 0.837793 0.195125
vt 0.382751 0.976834
vt 0.203900 0.904818
vt 0.875207 0.065802
vt 0.325985 0.910208
vt 0.203900 0.868352
vt 0.328998 0.636610
vt 0.171399 0.747593
vt 0.874574 0.910972
vt 0.889320 0.195125
vt 0.933238 0.908748
vt 0.633418 0.880152
vt 0.604088 0.932473
vt 0.926103 0.908748
vt 0.896772 0.480406
vt 0.970690 0.961703
vt 0.969867 0.938715
vt 0.971925 0.363080
vt 0.952263 0.511427
vt 0.946399 0.455985
vt 0.931654 0.363080
vt 0.604088 0.880152
vt 0.203900 0.762915
vt 0.423815 0.895021
vt 0.284441 0.868351
vt 0.417156 0.895021
vt 0.703659 0.659666
vt 0.604088 0.659764
vt 0.992770 0.086406
vt 0.796888 0.788888
vt 0.926104 0.895271
vt 0.926104 0.802366
vt 0.926108 0.765258
vt 0.986428 0.216411
vt 0.895030 0.496346
vt 0.995391 0.795123
vt 0.769968 0.139127
vt 0.994281 0.621511
vt 0.940801 0.796719
vt 0.377118 0.606813
vt 0.091243 0.955546
vt 0.272172 0.945404
vt 0.585007 0.959403
vt 0.118949 0.955532
vt 0.956814 0.229610
vt 0.096952 0.955547
vt 0.325985 0.985203
vt 0.782069 0.079276
vt 0.073252 0.752354
vt 0.328126 0.961898
vt 0.167755 0.764564
vt 0.071981 0.985996
vt 0.958293 0.931079
vt 0.074234 0.959300
vt 0.003352 0.996025
vt 0.065322 0.959011
vt 0.834940 0.485169
vt 0.815836 0.510340
vt 0.796808 0.925434
vt 0.310288 0.790664
vt 0.255426 0.945423
vt 0.202633 0.799918
vt 0.203900 0.945137
vt 0.377359 0.647199
vt 0.994789 0.211986
vt 0.994838 0.738043
vt 0.539588 0.952429
vt 0.577803 0.646241
vt 0.582877 0.643387
vt 0.995307 0.000000
vt 0.993411 0.925137
vt 0.995307 0.000000
vt 0.529129 0.952432
vt 0.585414 0.643387
vt 0.133676 0.986020
vt 0.652920 0.957685
vt 0.187613 0.971192
vt 0.940056 0.979224
vt 0.652920 0.961649
vt 0.957810 0.642386
vt 0.956074 0.988506
vt 0.474076 0.958766
vt 0.186937 0.827665
vt 0.190742 0.831787
vt 0.017281 0.984312
vt 0.638967 0.957368
vt 0.859039 0.624795
vt 0.686374 0.194304
vt 0.916023 0.767481
vt 0.377089 0.548455
vt 0.687088 0.162516
vt 0.703421 0.924471
vt 0.927085 0.799034
vt 0.962729 0.970193
vt 0.603060 0.625812
vt 0.703581 0.792750
vt 0.959404 0.930791
vt 0.161975 0.937288
vt 0.565116 0.924677
vt 0.167766 0.937288
vt 0.809989 0.252589
vt 0.994115 0.044405
vt 0.142166 0.955600
vt 0.836344 0.255222
vt 0.377070 0.555283
vt 0.591744 0.974197
vt 0.703581 0.787360
vt 0.156183 0.937288
vt 0.813319 0.252589
vt 0.588417 0.934795
vt 0.991755 0.044396
vt 0.979718 0.199756
vt 0.376089 0.475688
vt 0.187772 0.971192
vt 0.602664 0.592831
vt 0.603143 0.609320
vt 0.810961 0.501017
vt 0.315220 0.636610
vt 0.787136 0.252589
vt 0.350414 0.636640
vt 0.681147 0.520837
vt 0.879331 0.972843
vt 0.722126 0.520836
vt 0.858914 0.665226
vt 0.822599 0.252589
vt 0.960786 0.634615
vt 0.832151 0.972354
vt 0.778951 0.253086
vt 0.809994 0.503935
vt 0.724664 0.242679
vt 0.777531 0.520836
vt 0.374465 0.689061
vt 0.770559 0.520842
vt 0.744930 0.520837
vt 0.003352 1.000000
vt 0.687649 0.520836
vt 0.255288 0.974952
vt 0.926178 0.077052
vt 0.203704 0.825287
vt 0.791228 0.257558
vt 0.754266 0.520837
vt 0.176677 0.974985
vt 0.293628 0.972354
vt 0.733741 0.520837
vt 0.816648 0.258144
vt 0.727680 0.520836
vt 0.180327 0.974984
vt 0.774612 0.520837
vt 0.217377 0.961583
vt 0.777699 0.141804
vt 0.792645 0.503396
vt 0.836344 0.255222
vt 0.328999 0.649154
vt 0.091082 0.976622
vt 0.363426 0.647571
vt 0.766460 0.520836
vt 0.749855 0.520836
vt 0.754266 0.527971
vt 0.596160 0.630385
vt 0.576285 0.760404
vt 0.167431 0.734121
vt 0.470271 0.858875
vt 0.981596 0.992090
vt 0.574909 0.858860
vt 0.991427 0.363077
vt 0.992378 0.506057
vt 0.994789 0.269315
vt 0.572667 0.643387
vt 0.856344 0.996025
vt 0.991984 0.738043
vt 0.975182 0.776996
vt 0.212940 0.945098
vt 0.547188 0.949094
vt 0.806420 0.257742
vt 0.743670 0.258138
vt 0.743671 0.252985
vt 0.575806 0.797912
vt 0.809989 0.252989
vt 0.799278 0.252990
vt 0.753583 0.252589
vt 0.899784 0.657809
vt 0.897724 0.657865
vt 0.898731 0.657109
vt 0.948300 0.202420
vt 0.898327 0.671374
vt 0.948300 0.202420
vt 0.702708 0.913770
vt 0.879332 0.665622
vt 0.703975 0.659667
vt 0.905050 0.194443
vt 0.997324 0.602489
vt 0.903244 0.191557
vt 0.909200 0.496346
vt 0.991667 0.224632
vt 0.200031 0.937288
vt 0.989599 0.000000
vt 0.990557 0.925137
vt 0.802851 0.257742
vt 0.748824 0.258138
vt 0.748826 0.252985
vt 0.703581 0.797507
vt 0.806420 0.252989
vt 0.802851 0.252990
vt 0.758339 0.252589
vt 0.926100 0.961617
vt 0.924040 0.961673
vt 0.925047 0.960917
vt 0.202232 0.933873
vt 0.924644 0.975182
vt 0.948300 0.220807
vt 0.072577 0.901394
vt 0.437608 0.895021
vt 0.906986 0.194443
vt 0.958588 0.178475
vt 0.905179 0.191557
vt 0.986904 0.256044
vt 0.903112 0.897495
vt 0.895977 0.897496
vt 0.901209 0.116639
vt 0.343267 0.636610
vt 0.336133 0.636610
vt 0.901209 0.092064
vt 0.340255 0.958837
vt 0.021563 0.953869
vt 0.347390 0.910208
vt 0.470271 0.858875
vt 0.311716 0.810318
vt 0.796888 0.802365
vt 0.971925 0.566820
vt 0.367209 0.779404
vt 0.063421 0.746805
vt 0.972635 0.099874
vt 0.572378 0.516868
vt 0.703975 0.529653
vt 0.796888 0.802365
vt 0.000000 0.746805
vt 0.988890 0.902939
vt 0.077057 0.920421
vt 0.470268 0.790373
vt 0.687168 0.000094
vt 0.988890 0.220392
vt 0.781032 0.672351
vt 0.021563 0.953869
vt 0.021563 0.876817
vt -0.000000 0.953869
vt 0.306641 0.905613
vt 0.897566 0.496346
vt 0.991744 0.621511
vt 0.777578 0.139127
vt 0.991427 0.363080
vt 0.190081 0.961610
vt 0.709845 0.956156
vt 0.630568 0.960259
vt 0.729187 0.956157
vt 0.601263 0.792588
vt 0.284922 0.961634
vt 0.781910 0.079276
vt 0.633418 0.957368
vt 0.889243 0.796814
vt 0.977317 0.260650
vt 0.849362 0.957750
vt 0.979458 0.239723
vt 0.920395 0.075872
vt 0.818292 0.986241
vt 0.643249 0.932760
vt 0.820545 0.961923
vt 0.518889 0.968964
vt 0.299031 0.962835
vt 0.868235 0.485169
vt 0.254002 0.939323
vt 0.703580 0.944443
vt 0.795936 0.816638
vt 0.518896 0.952449
vt 0.310288 0.865188
vt 0.224511 0.950360
vt 0.848820 0.934990
vt 0.860133 0.941879
vt 0.782494 0.892743
vt 0.124841 0.956872
vt 0.603338 0.620585
vt 0.747577 0.956187
vt 0.990317 0.925137
vt 0.991427 0.363080
vt 0.587951 0.643387
vt 0.992770 0.086406
vt 0.590488 0.643387
vt 0.073252 0.746805
vt 0.296812 0.636610
vt 0.000000 0.953869
vt 0.859039 0.652541
vt 0.584269 0.630385
vt 0.796729 0.963297
vt 0.353732 0.968746
vt 0.960347 0.621615
vt 0.367685 0.963324
vt 0.442365 0.258434
vt 0.774686 0.892740
vt 0.490723 0.258432
vt 0.888843 0.897496
vt 0.111654 0.955532
vt 0.028697 0.953869
vt 0.961143 0.524010
vt 0.104519 0.955532
vt 0.948463 0.930794
vt 0.010147 0.953869
vt 0.955598 0.672352
vt 0.606306 0.000000
vt 0.917381 0.897496
vt 0.811157 0.902257
vt 0.837793 0.081758
vt 0.568837 0.858875
vt 0.815915 0.371800
vt 0.910246 0.897495
vt 0.804022 0.902257
vt 0.836525 0.511427
vt 0.962733 0.834862
vt 0.595526 0.516868
vt 0.954008 0.621522
vt 0.958841 0.099874
vt 0.492942 -0.000000
vt 0.604088 0.258432
vt 0.077057 0.734120
vt 0.140478 0.475678
vt 0.845729 0.926833
vt 0.988890 0.363080
vt 0.604088 0.258530
vt 0.979060 0.634195
vt 0.077057 0.746805
vt 0.925148 0.077051
vt 0.925148 0.000000
vt 0.255426 0.945404
vt 0.968278 0.634206
vt 0.984133 0.363080
vt 0.170291 0.828225
vt 0.981597 0.363080
vt 0.167594 0.783087
vt 0.194364 0.961610
vt 0.742028 0.956156
vt 0.945083 0.796560
vt 0.196506 0.961610
vt 0.134261 0.955589
vt 0.576046 0.966438
vt 0.328126 0.982824
vt 0.601262 0.760397
vt 0.330267 0.961898
vt 0.167755 0.773826
vt 0.822798 0.986241
vt 0.613918 0.932761
vt 0.825050 0.961923
vt 0.190531 0.961610
vt 0.915800 0.767482
vt 0.847948 0.934991
vt 0.782692 0.944122
vt 0.310288 0.816034
vt 0.592458 0.953214
vt 0.795936 0.841214
vt 0.247610 0.950360
vt 0.438480 0.929282
vt 0.203757 0.945445
vt 0.781820 0.892743
vt 0.604088 0.957393
vt 0.682092 0.880159
vt 0.753888 0.956187
vt 0.187939 0.961610
vt 0.704136 0.956156
vt 0.167595 0.794188
vt 0.192222 0.961610
vt 0.167594 0.734118
vt 0.715550 0.956156
vt 0.971925 0.666708
vt 0.903112 0.983585
vt 0.782225 0.106548
vt 0.905253 0.962658
vt 0.652920 0.986255
vt 0.588018 0.934796
vt 0.655173 0.961937
vt 0.074837 0.920710
vt 0.181271 0.961610
vt 0.578473 0.934795
vt 0.849209 0.902257
vt 0.682091 0.942024
vt 0.796808 0.942914
vt 0.310288 0.840611
vt 0.460913 0.951320
vt 0.795936 0.865791
vt 0.232211 0.950360
vt 0.782692 0.927807
vt 0.633280 0.940633
vt 0.795936 0.890370
vt 0.610386 0.957393
vt 0.072577 0.876820
vt 0.734736 0.956188
vt 0.981597 0.892629
vt 0.984133 0.363080
vt 0.593024 0.643387
vt 0.604030 0.646880
vt 0.306008 0.636610
vt 0.880443 0.654127
vt 0.869185 0.652541
vt 0.596160 0.630385
vt 0.961251 0.081758
vt 0.083399 0.967407
vt 0.924834 0.065802
vt 0.318058 0.965701
vt 0.077057 0.927769
vt 0.142856 0.832641
vt 0.818292 0.961635
vt 0.879332 0.298070
vt 0.881708 0.897496
vt 0.825427 0.902257
vt 0.879332 0.258432
vt 0.687168 0.242679
vt 0.818292 0.902257
vt 0.375140 0.790373
vt 0.969392 0.672351
vt 0.601264 0.787037
vt 0.377357 0.606813
vt 0.723478 0.956157
vt 0.897171 0.796814
vt 0.330267 0.982824
vt 0.782227 0.079276
vt 0.073252 0.757904
vt 0.332409 0.961898
vt 0.820545 0.986241
vt 0.623748 0.932761
vt 0.822798 0.961923
vt 0.009865 0.971314
vt 0.284762 0.961634
vt 0.851588 0.485169
vt 0.780953 0.521394
vt 0.574909 0.815901
vt 0.529355 0.952446
vt 0.702708 0.876183
vt 0.239911 0.950360
vt 0.810362 0.419362
vt 0.961770 -0.000000
vt 0.686374 0.162516
vt 0.701437 0.242679
vt 0.306641 0.938276
vt 0.382354 0.978261
vt 0.308149 0.931462
vt 0.203743 0.833042
vt 0.397020 0.895021
vt 0.969392 0.776996
vt 0.774686 0.892740
vt 0.712535 0.242679
vt 0.778495 0.079276
vt 0.661165 0.939689
vt 0.938868 0.507515
vt 0.662673 0.932875
vt 0.926027 0.897897
vt 0.949808 0.239198
vt 0.790387 0.788888
vt 0.299031 0.762915
vt 0.706986 0.242679
vt 0.592458 0.760396
vt 0.661165 0.946907
vt 0.306245 0.938513
vt 0.662673 0.940093
vt 0.601104 0.760401
vt 0.949836 0.081758
vt 0.839545 0.926833
vt 0.973036 0.199756
vt 0.551947 0.924677
vt 0.768915 0.942682
vt 0.780081 0.503396
vt 0.281587 0.982186
vt 0.287150 0.961634
vt 0.703501 0.781969
vt 0.283808 0.974103
vt 0.881559 0.795550
vt 0.832962 0.926833
vt 0.294423 0.937312
vt 0.558531 0.924677
vt 0.980170 0.201342
vt 0.784362 0.503396
vt 0.830813 0.961834
vt 0.777531 0.527179
vt 0.003064 0.996025
vt 0.325354 0.975932
vt 0.575806 0.788155
vt 0.946003 0.509894
vt 0.781750 0.079676
vt 0.361343 0.910208
vt 0.311716 0.910609
vt 0.376089 0.583823
vt 0.376089 0.583823
vt 0.800851 0.474856
vt 0.602661 0.592823
vt 0.217377 0.920681
vt 0.204772 0.920677
vt 0.604012 0.568415
vt 0.576268 0.841360
vt 0.604014 0.543119
vt 0.311641 0.890645
vt 0.539813 0.949094
vt 0.576206 0.788159
vt 0.733518 0.243081
vt 0.836344 0.242679
vt 0.738517 0.243081
vt 0.048834 0.980590
vt 0.780081 0.503792
vt 0.053830 0.955226
vt 0.887587 0.797294
vt 0.602661 0.542237
vt 0.064929 0.954830
vt 0.043124 0.954826
vt 0.054223 0.932311
vt 0.311716 0.807941
vt 0.311716 0.785428
vt 0.377300 0.635422
vt 0.298813 0.647686
vt 0.298564 0.647829
vt 0.298277 0.647829
vt 0.297884 0.647437
vt 0.297884 0.647150
vt 0.298028 0.646901
vt 0.298564 0.646757
vt 0.298812 0.646901
vt 0.298956 0.647150
vt 0.296812 0.647150
vt 0.296956 0.646901
vt 0.297205 0.646757
vt 0.297741 0.646901
vt 0.297884 0.647150
vt 0.297884 0.647437
vt 0.297492 0.647829
vt 0.297205 0.647829
vt 0.296956 0.647686
vt 0.311716 0.829821
vt 0.831488 0.257980
vt 0.311161 0.819039
vt 0.984451 0.232417
vt 0.952268 0.958382
vt 0.986355 0.201662
vt 0.903116 0.191878
vt 0.700493 0.986213
vt 0.899787 0.625115
vt 0.306641 0.931060
vt 0.878382 0.485406
vt 0.308307 0.905853
vt 0.601260 0.935830
vt 0.643249 0.957685
vt 0.311716 0.975611
vt 0.648005 0.975126
vt 0.645627 0.975126
vt 0.363426 0.646520
vt 0.320753 0.975611
vt 0.815914 0.975226
vt 0.643249 0.975126
vt 0.706358 0.528693
vt 0.712215 0.529406
vt 0.711660 0.521098
vt 0.694841 0.521107
vt 0.705914 0.520842
vt 0.700309 0.520842
vt 0.907230 0.499933
vt 0.903283 0.499934
vt 0.308312 0.909200
vt 0.905257 0.499933
vt 0.801749 0.510284
vt 0.805607 0.509569
vt 0.793543 0.509752
vt 0.796681 0.505427
vt 0.792645 0.505429
vt 0.801250 0.503939
vt 0.793044 0.503404
vt 0.372575 0.649103
vt 0.368190 0.649103
vt 0.371113 0.649103
vt 0.369652 0.649103
vt 0.885513 0.972411
vt 0.351195 0.968745
vt 0.232121 0.974934
vt 0.921509 0.510853
vt 0.899152 0.792058
vt 0.893124 0.972411
vt 0.344060 0.968746
vt 0.302836 0.972744
vt 0.925314 0.510853
vt 0.805109 0.252589
vt 0.917381 0.960917
vt 0.889319 0.972411
vt 0.836367 0.970040
vt 0.235926 0.974934
vt 0.864114 0.801888
vt 0.891701 0.510854
vt 0.914528 0.181648
vt 0.306641 0.972744
vt 0.840172 0.970040
vt 0.247521 0.974934
vt 0.941487 0.257358
vt 0.765154 0.252589
vt 0.498560 0.958766
vt 0.794192 0.973206
vt 0.978747 0.821390
vt 0.306641 0.972744
vt 0.945292 0.257358
vt 0.811768 0.252589
vt 0.896929 0.972411
vt 0.497608 0.968675
vt 0.896929 0.972411
vt 0.929909 0.977639
vt 0.895660 0.075712
vt 0.917704 0.247449
vt 0.457584 0.972459
vt 0.674164 0.969333
vt 0.239731 0.974934
vt 0.933714 0.977638
vt 0.771813 0.252589
vt 0.669408 0.959424
vt 0.900734 0.972411
vt 0.069127 0.968921
vt 0.251415 0.974934
vt 0.867919 0.801888
vt 0.791791 0.252589
vt 0.911044 0.247449
vt 0.302836 0.972744
vt 0.670359 0.969333
vt 0.900734 0.972411
vt 0.949097 0.257358
vt 0.891067 0.257358
vt 0.901209 0.181648
vt 0.446168 0.972459
vt 0.581993 0.969313
vt 0.268027 0.973235
vt 0.973197 0.833599
vt 0.818428 0.252589
vt 0.662748 0.959424
vt 0.449973 0.972459
vt 0.677969 0.969333
vt 0.243716 0.974934
vt 0.847941 0.671884
vt 0.778472 0.252589
vt 0.676067 0.959424
vt 0.453778 0.972459
vt 0.146661 0.970267
vt 0.281587 0.973783
vt 0.937519 0.977638
vt 0.902319 0.065802
vt 0.365148 0.973233
vt 0.666554 0.969333
vt 0.829232 0.972354
vt 0.973673 0.945373
vt 0.738517 0.252589
vt 0.340255 0.958837
vt 0.864110 0.973204
vt 0.512829 0.968675
vt 0.271832 0.973235
vt 0.871725 0.801888
vt 0.697000 0.775009
vt 0.505219 0.958766
vt 0.867915 0.973204
vt 0.681774 0.969333
vt 0.864110 0.973204
vt 0.944178 0.977638
vt 0.825087 0.252589
vt 0.511878 0.958766
vt 0.442363 0.972459
vt 0.501413 0.968675
vt 0.909058 0.972408
vt 0.851746 0.671884
vt 0.897726 0.257358
vt 0.568520 0.973989
vt 0.486192 0.968675
vt 0.442362 0.972460
vt 0.976440 0.259532
vt 0.837793 0.257358
vt 0.905019 0.500944
vt 0.176962 0.974983
vt 0.505218 0.968675
vt 0.794192 0.973206
vt 0.844135 0.671884
vt 0.844452 0.257358
vt 0.333120 0.960153
vt 0.180767 0.974983
vt 0.509024 0.968675
vt 0.446168 0.972459
vt 0.263036 0.977450
vt 0.851111 0.257358
vt 0.931022 0.247449
vt 0.315521 0.975611
vt 0.516635 0.968675
vt 0.449973 0.972459
vt 0.977478 0.945373
vt 0.745176 0.252589
vt 0.322180 0.975611
vt 0.438084 0.970729
vt 0.453778 0.972459
vt 0.358330 0.977514
vt 0.924363 0.247449
vt 0.080862 0.977316
vt 0.493803 0.968675
vt 0.867915 0.973204
vt 0.875530 0.801888
vt 0.770884 0.139127
vt 0.065322 0.959011
vt 0.871721 0.973204
vt 0.843978 0.970040
vt 0.885513 0.972411
vt 0.572642 0.978898
vt 0.864430 0.257358
vt 0.933238 0.961070
vt 0.800693 0.975587
vt 0.221182 0.970410
vt 0.568519 0.973989
vt 0.947983 0.977638
vt 0.623748 0.960259
vt 0.325985 0.975611
vt 0.627554 0.970169
vt 0.591823 0.974197
vt 0.840330 0.671884
vt 0.751835 0.252589
vt 0.430474 0.960820
vt 0.875526 0.973204
vt 0.764222 0.970461
vt 0.457583 0.972460
vt 0.917704 0.510853
vt 0.877748 0.257358
vt 0.478582 0.958766
vt 0.815914 0.975587
vt 0.962733 0.970193
vt 0.365148 0.973233
vt 0.185077 0.977851
vt 0.905812 0.792058
vt 0.804498 0.975587
vt 0.489998 0.968675
vt 0.871720 0.973204
vt 0.576447 0.978898
vt 0.878382 0.510854
vt 0.354525 0.960945
vt 0.808303 0.975587
vt 0.336925 0.970062
vt 0.875526 0.973204
vt 0.003805 0.977969
vt 0.907869 0.181648
vt 0.879331 0.973204
vt 0.768027 0.970461
vt 0.889318 0.972411
vt 0.879335 0.801888
vt 0.882341 0.075712
vt 0.940373 0.961070
vt 0.976440 0.252873
vt 0.207705 0.970504
vt 0.393690 0.974297
vt 0.290709 0.979013
vt 0.910246 0.960917
vt 0.812109 0.975587
vt 0.211510 0.970504
vt 0.879331 0.973204
vt 0.007610 0.977969
vt 0.764225 0.139127
vt 0.485241 0.958765
vt 0.311716 0.973630
vt 0.434279 0.970729
vt 0.275977 0.973626
vt 0.855551 0.671884
vt 0.578188 0.959403
vt 0.909058 0.972408
vt 0.562962 0.967885
vt 0.893124 0.972411
vt 0.914051 0.977485
vt 0.898360 0.510854
vt 0.908978 0.065802
vt 0.555351 0.977794
vt 0.259231 0.970791
vt 0.311716 0.973630
vt 0.917856 0.977485
vt 0.885042 0.510854
vt 0.491900 0.958766
vt 0.559156 0.977794
vt 0.482387 0.968675
vt 0.228316 0.974934
vt 0.921662 0.977485
vt 0.926103 0.961070
vt 0.881559 0.797294
vt 0.878382 0.496346
vt 0.822599 0.256711
vt 0.931339 0.507449
vt 0.928247 0.507449
vt 0.171322 0.828225
vt 0.171399 0.827664
vt 0.930308 0.507449
vt 0.928280 0.077051
vt 0.575940 0.853092
vt 0.884571 0.797294
vt 0.203455 0.804515
vt 0.777940 0.129218
vt 0.882341 0.075712
vt 0.703579 0.797507
vt 0.881395 0.496346
vt 0.931372 0.077051
vt 0.929311 0.077051
vt 0.880363 0.665826
vt 0.175363 0.827665
vt 0.930341 0.077051
vt 0.926178 0.077051
vt 0.929278 0.507449
vt 0.311319 0.902377
vt 0.885354 0.075712
vt 0.575804 0.797912
vt 0.777544 0.129218
vt 0.884407 0.496346
vt 0.203455 0.799917
vt 0.179327 0.831787
vt 0.903274 0.496346
vt 0.899469 0.496346
vt 0.901371 0.496346
vt 0.192645 0.827664
vt 0.748826 0.252589
vt 0.915721 0.796814
vt 0.375126 0.801485
vt 0.915721 0.792058
vt 0.687087 0.252253
s 0
g st_maria_praca_TH_RENDER_EnvironmentBakedAtlas
usemtl EnvironmentBakedAtlas
f 2/1/1 39/2/1 1/3/1
f 3/4/1 40/5/1 2/1/1
f 4/6/1 41/7/1 3/4/1
f 5/8/1 42/9/1 4/6/1
f 6/10/1 43/11/1 5/8/1
f 7/12/1 44/13/1 6/10/1
f 8/14/1 45/15/1 7/12/1
f 9/16/1 46/17/1 8/14/1
f 10/18/1 47/19/1 9/16/1
f 11/20/1 48/21/1 10/18/1
f 12/22/1 49/23/1 11/20/1
f 13/24/1 50/25/1 12/22/1
f 14/26/1 51/27/1 13/24/1
f 15/28/1 52/29/1 14/26/1
f 16/30/1 53/31/1 15/28/1
f 17/32/1 54/33/1 16/30/1
f 18/34/1 55/35/1 17/32/1
f 19/36/1 56/37/1 18/34/1
f 20/38/1 57/39/1 19/36/1
f 21/40/1 58/41/1 20/38/1
f 22/42/1 59/43/1 21/40/1
f 23/44/1 60/45/1 22/42/1
f 24/46/1 61/47/1 23/44/1
f 25/48/1 62/49/1 24/46/1
f 26/50/1 63/51/1 25/48/1
f 27/52/1 64/53/1 26/50/1
f 28/54/1 65/55/1 27/52/1
f 29/56/1 66/57/1 28/54/1
f 30/58/1 67/59/1 29/56/1
f 31/60/1 68/61/1 30/58/1
f 32/62/1 69/63/1 31/60/1
f 33/64/1 70/65/1 32/62/1
f 34/66/1 71/67/1 33/64/1
f 35/68/1 72/69/1 34/66/1
f 36/70/1 73/71/1 35/68/1
f 37/72/1 74/73/1 36/70/1
f 38/74/1 75/75/1 37/72/1
f 40/5/1 77/76/1 39/2/1
f 41/7/1 78/77/1 40/5/1
f 42/9/1 79/78/1 41/7/1
f 43/11/1 80/79/1 42/9/1
f 44/13/1 81/80/1 43/11/1
f 45/15/1 82/81/1 44/13/1
f 46/17/1 83/82/1 45/15/1
f 47/19/1 84/83/1 46/17/1
f 48/21/1 85/84/1 47/19/1
f 49/23/1 86/85/1 48/21/1
f 50/25/1 87/86/1 49/23/1
f 51/27/1 88/87/1 50/25/1
f 52/29/1 89/88/1 51/27/1
f 53/31/1 90/89/1 52/29/1
f 54/33/1 91/90/1 53/31/1
f 55/35/1 92/91/1 54/33/1
f 56/37/1 93/92/1 55/35/1
f 57/39/1 94/93/1 56/37/1
f 58/41/1 95/94/1 57/39/1
f 59/43/1 96/95/1 58/41/1
f 60/45/1 97/96/1 59/43/1
f 61/47/1 98/97/1 60/45/1
f 62/49/1 99/98/1 61/47/1
f 63/51/1 100/99/1 62/49/1
f 64/53/1 101/100/1 63/51/1
f 65/55/1 102/101/1 64/53/1
f 66/57/1 103/102/1 65/55/1
f 67/59/1 104/103/1 66/57/1
f 68/61/1 105/104/1 67/59/1
f 69/63/1 106/105/1 68/61/1
f 70/65/1 107/106/1 69/63/1
f 71/67/1 108/107/1 70/65/1
f 72/69/1 109/108/1 71/67/1
f 73/71/1 110/109/1 72/69/1
f 74/73/1 111/110/1 73/71/1
f 75/75/1 112/111/1 74/73/1
f 76/112/1 113/113/1 75/75/1
f 78/77/2 115/114/2 77/76/2
f 79/78/2 116/115/2 78/77/2
f 80/79/2 117/116/2 79/78/2
f 81/80/2 118/117/2 80/79/2
f 82/81/2 119/118/2 81/80/2
f 83/82/2 120/119/2 82/81/2
f 84/83/2 121/120/2 83/82/2
f 85/84/2 122/121/2 84/83/2
f 86/85/2 123/122/2 85/84/2
f 87/86/2 124/123/2 86/85/2
f 88/87/2 125/124/2 87/86/2
f 89/88/2 126/125/2 88/87/2
f 90/89/2 127/126/2 89/88/2
f 91/90/2 128/127/2 90/89/2
f 92/91/2 129/128/2 91/90/2
f 93/92/2 130/129/2 92/91/2
f 94/93/2 131/130/2 93/92/2
f 95/94/2 132/131/2 94/93/2
f 96/95/2 133/132/2 95/94/2
f 97/96/2 134/133/2 96/95/2
f 98/97/2 135/134/2 97/96/2
f 99/98/2 136/135/2 98/97/2
f 100/99/2 137/136/2 99/98/2
f 101/100/2 138/137/2 100/99/2
f 102/101/2 139/138/2 101/100/2
f 103/102/2 140/139/2 102/101/2
f 104/103/2 141/140/2 103/102/2
f 105/104/2 142/141/2 104/103/2
f 106/105/2 143/142/2 105/104/2
f 107/106/2 144/143/2 106/105/2
f 108/107/2 145/144/2 107/106/2
f 109/108/2 146/145/2 108/107/2
f 110/109/2 147/146/2 109/108/2
f 111/110/2 148/147/2 110/109/2
f 112/111/2 149/148/2 111/110/2
f 113/113/2 150/149/2 112/111/2
f 114/150/2 151/151/2 113/113/2
f 116/115/1 153/152/1 115/114/1
f 117/116/1 154/153/1 116/115/1
f 118/117/1 155/154/1 117/116/1
f 119/118/1 156/155/1 118/117/1
f 120/119/1 157/156/1 119/118/1
f 121/120/1 158/157/1 120/119/1
f 122/121/1 159/158/1 121/120/1
f 123/122/1 160/159/1 122/121/1
f 124/123/1 161/160/1 123/122/1
f 125/124/1 162/161/1 124/123/1
f 126/125/1 163/162/1 125/124/1
f 127/126/1 164/163/1 126/125/1
f 128/127/1 165/164/1 127/126/1
f 129/128/1 166/165/1 128/127/1
f 130/129/1 167/166/1 129/128/1
f 131/130/1 168/167/1 130/129/1
f 132/131/1 169/168/1 131/130/1
f 133/132/1 170/169/1 132/131/1
f 134/133/1 171/170/1 133/132/1
f 135/134/1 172/171/1 134/133/1
f 136/135/1 173/172/1 135/134/1
f 137/136/1 174/173/1 136/135/1
f 138/137/1 175/174/1 137/136/1
f 139/138/1 176/175/1 138/137/1
f 140/139/1 177/176/1 139/138/1
f 141/140/1 178/177/1 140/139/1
f 142/141/1 179/178/1 141/140/1
f 143/142/1 180/179/1 142/141/1
f 144/143/1 181/180/1 143/142/1
f 145/144/1 182/181/1 144/143/1
f 146/145/1 183/182/1 145/144/1
f 147/146/1 184/183/1 146/145/1
f 148/147/1 185/184/1 147/146/1
f 149/148/1 186/185/1 148/147/1
f 150/149/1 187/186/1 149/148/1
f 151/151/1 188/187/1 150/149/1
f 152/188/1 189/189/1 151/151/1
f 154/153/1 191/190/1 153/152/1
f 155/154/1 192/191/1 154/153/1
f 156/155/1 193/192/1 155/154/1
f 157/156/1 194/193/1 156/155/1
f 158/157/1 195/194/1 157/156/1
f 159/158/1 196/195/1 158/157/1
f 160/159/1 197/196/1 159/158/1
f 161/160/1 198/197/1 160/159/1
f 162/161/1 199/198/1 161/160/1
f 163/162/1 200/199/1 162/161/1
f 164/163/1 201/200/1 163/162/1
f 165/164/1 202/201/1 164/163/1
f 166/165/1 203/202/1 165/164/1
f 167/166/1 204/203/1 166/165/1
f 168/167/1 205/204/1 167/166/1
f 169/168/1 206/205/1 168/167/1
f 170/169/1 207/206/1 169/168/1
f 171/170/1 208/207/1 170/169/1
f 172/171/1 209/208/1 171/170/1
f 173/172/1 210/209/1 172/171/1
f 174/173/1 211/210/1 173/172/1
f 175/174/1 212/211/1 174/173/1
f 176/175/1 213/212/1 175/174/1
f 177/176/1 214/213/1 176/175/1
f 178/177/1 215/214/1 177/176/1
f 179/178/1 216/215/1 178/177/1
f 180/179/1 217/216/1 179/178/1
f 181/180/1 218/217/1 180/179/1
f 182/181/1 219/218/1 181/180/1
f 183/182/1 220/219/1 182/181/1
f 184/183/1 221/220/1 183/182/1
f 185/184/1 222/221/1 184/183/1
f 186/185/1 223/222/1 185/184/1
f 187/186/1 224/223/1 186/185/1
f 188/187/1 225/224/1 187/186/1
f 189/189/1 226/225/1 188/187/1
f 190/226/1 227/227/1 189/189/1
f 232/228/3 230/229/3 229/230/3
f 231/231/4 234/232/4 230/233/4
f 232/234/5 233/235/5 236/236/5
f 235/237/4 238/238/4 234/232/4
f 236/239/6 239/240/6 235/241/6
f 233/235/5 240/242/5 236/236/5
f 242/243/1 244/244/1 241/245/1
f 239/246/4 242/247/4 238/238/4
f 240/248/6 243/249/6 239/240/6
f 237/250/5 244/251/5 240/242/5
f 246/252/3 231/253/3 232/228/3
f 245/254/4 235/237/4 231/231/4
f 232/234/5 248/255/5 246/256/5
f 243/257/1 252/258/1 244/244/1
f 249/259/4 243/260/4 239/246/4
f 250/261/6 251/262/6 249/263/6
f 240/242/5 252/264/5 250/265/5
f 254/266/3 245/267/3 246/252/3
f 253/268/4 247/269/4 245/254/4
f 254/270/5 248/255/5 256/271/5
f 255/272/4 249/259/4 247/269/4
f 256/273/6 257/274/6 255/275/6
f 248/255/5 258/276/5 256/271/5
f 251/277/1 260/278/1 252/258/1
f 257/279/4 251/280/4 249/259/4
f 258/281/6 259/282/6 257/274/6
f 250/265/5 260/283/5 258/276/5
f 262/284/3 253/285/3 254/266/3
f 261/286/4 255/272/4 253/268/4
f 254/270/5 264/287/5 262/288/5
f 259/289/1 268/290/1 260/278/1
f 258/276/5 268/291/5 266/292/5
f 270/293/3 261/294/3 262/284/3
f 269/295/4 263/296/4 261/286/4
f 262/288/5 272/297/5 270/298/5
f 271/299/4 265/300/4 263/296/4
f 272/301/6 273/302/6 271/303/6
f 264/287/5 274/304/5 272/297/5
f 267/305/1 276/306/1 268/290/1
f 266/292/5 276/307/5 274/304/5
f 278/308/3 269/309/3 270/293/3
f 277/310/4 271/299/4 269/295/4
f 278/311/6 279/312/6 277/313/6
f 270/298/5 280/314/5 278/315/5
f 275/316/1 284/317/1 276/306/1
f 281/318/4 275/319/4 273/320/4
f 282/321/6 283/322/6 281/323/6
f 274/304/5 284/324/5 282/325/5
f 331/326/3 277/327/3 278/308/3
f 285/328/4 279/329/4 277/310/4
f 331/330/6 286/331/6 285/332/6
f 278/315/5 287/333/5 331/334/5
f 279/335/7 282/336/7 280/337/7
f 287/338/6 288/339/6 286/331/6
f 283/340/1 291/341/1 284/317/1
f 288/342/4 283/343/4 281/318/4
f 289/344/6 290/345/6 288/339/6
f 282/325/5 291/346/5 289/347/5
f 297/348/1 299/349/1 296/350/1
f 293/351/7 296/352/7 292/353/7
f 294/354/4 297/355/4 293/356/4
f 295/357/6 298/358/6 294/359/6
f 292/360/5 299/361/5 295/362/5
f 301/363/7 304/364/7 300/365/7
f 302/366/4 305/367/4 301/368/4
f 300/369/5 307/370/5 303/371/5
f 309/372/7 312/373/7 308/374/7
f 311/375/6 314/376/6 310/377/6
f 308/378/5 315/379/5 311/380/5
f 717/381/3 317/382/3 316/383/3
f 317/384/7 305/385/7 316/386/7
f 318/387/4 312/388/4 317/389/4
f 717/390/6 315/391/6 318/392/6
f 322/393/3 320/394/3 319/395/3
f 324/396/1 326/397/1 323/398/1
f 321/399/4 324/400/4 320/401/4
f 319/402/5 326/403/5 322/404/5
f 330/405/3 328/406/3 327/407/3
f 320/408/1 331/409/1 229/410/1
f 330/411/6 321/412/6 329/413/6
f 337/414/1 339/415/1 336/416/1
f 333/417/7 336/418/7 332/419/7
f 334/420/4 337/421/4 333/422/4
f 335/423/6 338/424/6 334/425/6
f 332/426/5 339/427/5 335/428/5
f 342/429/8 341/430/8 340/431/8
f 344/432/9 343/433/9 342/429/9
f 350/434/4 345/435/4 344/436/4
f 348/437/10 351/438/10 350/439/10
f 346/440/11 349/441/11 348/437/11
f 340/442/7 348/443/7 342/444/7
f 348/443/7 344/445/7 342/444/7
f 341/446/6 349/447/6 347/448/6
f 345/449/6 349/447/6 343/450/6
f 352/451/6 353/452/6 354/453/6
f 357/454/7 356/455/7 355/456/7
f 361/457/3 359/458/3 358/459/3
f 359/460/7 362/461/7 358/462/7
f 360/463/4 363/464/4 359/465/4
f 361/466/6 364/467/6 360/468/6
f 358/469/5 365/470/5 361/471/5
f 372/472/12 373/473/12 374/474/12
f 375/475/13 376/476/13 377/477/13
f 381/478/14 382/479/14 383/480/14
f 384/481/15 385/482/15 386/483/15
f 370/484/16 366/485/16 368/486/16
f 374/474/17 371/487/17 370/488/17
f 381/478/18 380/489/18 379/490/18
f 384/491/19 383/480/19 382/479/19
f 389/492/20 386/493/20 385/494/20
f 379/495/21 367/496/21 366/497/21
f 387/498/22 376/476/22 375/475/22
f 367/496/5 387/499/5 375/500/5
f 376/476/6 385/501/6 372/502/6
f 383/480/1 388/503/1 380/489/1
f 403/504/14 404/505/14 405/506/14
f 406/507/15 407/508/15 408/509/15
f 394/510/16 390/511/16 392/512/16
f 399/513/23 395/514/23 396/515/23
f 403/504/18 402/516/18 401/517/18
f 411/518/20 408/519/20 407/520/20
f 401/521/21 391/522/21 390/523/21
f 409/524/22 398/525/22 397/526/22
f 399/527/3 394/528/3 392/529/3
f 391/522/5 409/530/5 397/531/5
f 405/506/1 410/532/1 402/516/1
f 415/533/24 416/534/24 417/535/24
f 418/536/25 419/537/25 420/538/25
f 421/539/26 422/540/26 423/541/26
f 424/542/27 425/543/27 426/544/27
f 427/545/28 428/546/28 429/547/28
f 418/548/29 414/549/29 413/550/29
f 420/538/23 415/551/23 417/552/23
f 428/553/30 421/539/30 423/541/30
f 422/554/21 413/550/21 412/555/21
f 427/545/22 419/537/22 418/536/22
f 413/550/5 427/556/5 418/548/5
f 435/557/12 436/558/12 437/559/12
f 438/560/13 439/561/13 440/562/13
f 441/563/31 442/564/31 443/565/31
f 444/566/14 445/567/14 446/568/14
f 447/569/15 448/570/15 449/571/15
f 450/572/32 451/573/32 452/574/32
f 434/575/16 430/576/16 432/577/16
f 438/578/29 432/579/29 431/580/29
f 440/562/23 435/581/23 437/582/23
f 451/583/30 441/563/30 443/565/30
f 444/566/18 443/565/18 442/564/18
f 452/584/20 449/585/20 448/586/20
f 442/587/21 431/580/21 430/588/21
f 448/570/33 436/558/33 435/557/33
f 450/572/22 439/561/22 438/560/22
f 433/589/7 442/590/7 430/576/7
f 440/591/3 434/592/3 432/593/3
f 431/580/5 450/594/5 438/578/5
f 439/561/6 448/595/6 435/581/6
f 446/568/1 451/583/1 443/565/1
f 454/596/5 456/597/5 453/598/5
f 460/599/3 458/600/3 457/601/3
f 462/602/1 464/603/1 461/604/1
f 458/605/34 461/606/34 457/607/34
f 459/608/35 462/609/35 458/610/35
f 460/611/36 463/612/36 459/613/36
f 457/614/37 464/615/37 460/616/37
f 468/617/3 466/618/3 465/619/3
f 470/620/1 472/621/1 469/622/1
f 466/623/38 469/624/38 465/625/38
f 467/626/39 470/627/39 466/628/39
f 468/629/40 471/630/40 467/631/40
f 465/632/41 472/633/41 468/634/41
f 473/635/42 474/636/42 475/637/42
f 476/638/43 477/639/43 478/640/43
f 479/641/12 480/642/12 481/643/12
f 487/644/14 488/645/14 489/646/14
f 477/639/16 473/647/16 475/648/16
f 481/643/17 478/649/17 477/650/17
f 487/644/18 486/651/18 485/652/18
f 490/653/19 489/646/19 488/645/19
f 485/654/21 474/636/21 473/635/21
f 493/655/22 483/656/22 482/657/22
f 476/638/7 485/658/7 473/647/7
f 483/656/6 491/659/6 479/660/6
f 495/661/42 496/662/42 497/663/42
f 502/664/13 503/665/13 504/666/13
f 508/667/14 509/668/14 510/669/14
f 499/670/16 495/671/16 497/672/16
f 502/673/29 497/663/29 496/662/29
f 504/666/23 500/674/23 501/675/23
f 511/676/19 510/669/19 509/668/19
f 516/677/20 513/678/20 512/679/20
f 506/680/21 496/662/21 495/661/21
f 514/681/22 503/665/22 502/664/22
f 504/682/3 499/683/3 497/684/3
f 496/662/5 514/685/5 502/673/5
f 510/669/1 515/686/1 507/687/1
f 517/688/42 518/689/42 519/690/42
f 520/691/43 521/692/43 522/693/43
f 523/694/12 524/695/12 525/696/12
f 526/697/13 527/698/13 528/699/13
f 529/700/31 530/701/31 531/702/31
f 532/703/32 533/704/32 534/705/32
f 521/692/16 517/706/16 519/707/16
f 526/708/29 519/690/29 518/689/29
f 528/699/23 523/709/23 525/710/23
f 533/711/30 529/700/30 531/702/30
f 530/712/21 518/689/21 517/688/21
f 532/703/22 527/698/22 526/697/22
f 518/689/5 532/713/5 526/708/5
f 535/714/42 536/715/42 537/716/42
f 538/717/43 539/718/43 540/719/43
f 541/720/24 542/721/24 543/722/24
f 544/723/25 545/724/25 546/725/25
f 547/726/31 548/727/31 549/728/31
f 550/729/14 551/730/14 552/731/14
f 553/732/27 554/733/27 555/734/27
f 556/735/28 557/736/28 558/737/28
f 539/718/16 535/738/16 537/739/16
f 544/740/29 537/716/29 536/715/29
f 546/725/23 541/741/23 543/742/23
f 557/743/30 547/726/30 549/728/30
f 550/729/18 549/728/18 548/727/18
f 558/744/20 555/745/20 554/746/20
f 548/747/21 536/715/21 535/714/21
f 551/748/44 538/717/44 540/719/44
f 554/733/33 542/721/33 541/720/33
f 556/735/22 545/724/22 544/723/22
f 546/749/3 539/750/3 537/751/3
f 536/715/5 556/752/5 544/740/5
f 545/724/6 554/753/6 541/741/6
f 552/731/1 557/743/1 549/728/1
f 560/754/5 562/755/5 559/756/5
f 563/757/3 565/758/3 564/759/3
f 567/760/1 569/761/1 570/762/1
f 564/763/45 567/764/45 563/765/45
f 565/766/46 568/767/46 564/768/46
f 566/769/47 569/770/47 565/771/47
f 563/772/48 570/773/48 566/774/48
f 574/775/3 572/776/3 571/777/3
f 576/778/1 578/779/1 575/780/1
f 572/781/49 575/782/49 571/783/49
f 573/784/50 576/785/50 572/786/50
f 574/787/51 577/788/51 573/789/51
f 571/790/52 578/791/52 574/792/52
f 579/793/42 580/794/42 581/795/42
f 582/796/43 583/797/43 584/798/43
f 585/799/24 586/800/24 587/801/24
f 593/802/14 594/803/14 595/804/14
f 583/797/53 579/805/53 581/806/53
f 587/801/17 584/807/17 583/808/17
f 593/802/18 592/809/18 591/810/18
f 596/811/19 595/804/19 594/803/19
f 591/812/21 580/794/21 579/793/21
f 599/813/22 589/814/22 588/815/22
f 582/796/7 591/816/7 579/805/7
f 589/814/6 597/817/6 585/818/6
f 603/819/43 604/820/43 605/821/43
f 614/822/14 615/823/14 616/824/14
f 604/820/16 601/825/16 602/826/16
f 611/827/23 606/828/23 608/829/23
f 617/830/19 616/824/19 615/823/19
f 622/831/20 619/832/20 618/833/20
f 615/834/44 603/819/44 605/821/44
f 618/835/54 607/836/54 606/837/54
f 620/838/22 610/839/22 609/840/22
f 603/819/7 612/841/7 601/825/7
f 611/842/3 604/843/3 602/844/3
f 607/836/4 615/845/4 605/846/4
f 616/824/1 621/847/1 613/848/1
f 623/849/42 624/850/42 625/851/42
f 626/852/43 627/853/43 628/854/43
f 629/855/12 630/856/12 631/857/12
f 635/858/31 636/859/31 637/860/31
f 638/861/15 639/862/15 640/863/15
f 641/864/32 642/865/32 643/866/32
f 627/853/16 623/867/16 625/868/16
f 632/869/29 625/851/29 624/850/29
f 634/870/23 629/871/23 631/872/23
f 642/873/30 635/858/30 637/860/30
f 636/874/21 624/850/21 623/849/21
f 641/864/22 633/875/22 632/876/22
f 624/850/5 641/877/5 632/869/5
f 633/875/6 639/878/6 629/871/6
f 644/879/55 645/880/55 646/881/55
f 647/882/56 648/883/56 649/884/56
f 652/885/13 653/886/13 654/887/13
f 655/888/26 656/889/26 657/890/26
f 658/891/57 659/726/57 660/892/57
f 661/893/15 662/894/15 663/895/15
f 664/896/32 665/897/32 666/898/32
f 648/883/16 644/899/16 646/900/16
f 652/901/29 646/881/29 645/880/29
f 654/887/23 650/902/23 651/903/23
f 665/904/30 655/888/30 657/890/30
f 658/891/18 657/890/18 656/889/18
f 666/905/20 663/906/20 662/907/20
f 656/908/21 645/880/21 644/879/21
f 659/909/44 647/882/44 649/884/44
f 664/896/22 653/886/22 652/885/22
f 654/910/3 648/911/3 646/912/3
f 645/880/5 664/913/5 652/901/5
f 653/886/6 662/914/6 650/902/6
f 660/892/1 665/904/1 657/890/1
f 668/915/5 670/916/5 667/917/5
f 674/918/3 672/919/3 671/920/3
f 676/921/1 678/922/1 675/923/1
f 672/924/51 675/925/51 671/926/51
f 673/927/52 676/928/52 672/929/52
f 674/930/49 677/931/49 673/932/49
f 671/933/50 678/934/50 674/935/50
f 682/936/3 680/937/3 679/938/3
f 684/618/1 686/939/1 683/940/1
f 680/941/58 683/942/58 679/943/58
f 681/944/59 684/945/59 680/946/59
f 682/947/60 685/948/60 681/949/60
f 679/950/61 686/951/61 682/952/61
f 688/953/3 285/954/3 331/326/3
f 687/955/4 692/956/4 285/957/4
f 687/958/6 690/959/6 689/960/6
f 331/961/5 690/962/5 688/963/5
f 694/964/1 696/965/1 693/966/1
f 689/967/4 694/968/4 692/956/4
f 691/969/5 696/970/5 690/962/5
f 701/971/3 689/972/3 690/973/3
f 695/974/1 698/975/1 696/965/1
f 702/976/4 695/977/4 689/967/4
f 690/962/5 698/978/5 701/979/5
f 740/980/3 700/981/3 699/982/3
f 700/983/7 701/984/7 699/985/7
f 700/986/4 703/987/4 702/976/4
f 740/988/6 703/989/6 775/990/6
f 697/991/1 706/992/1 698/975/1
f 703/987/4 697/993/4 702/976/4
f 701/979/5 706/994/5 704/995/5
f 708/996/1 710/997/1 707/998/1
f 302/366/4 708/999/4 301/368/4
f 300/369/5 710/1000/5 303/371/5
f 311/1001/3 711/1002/3 308/1003/3
f 714/1004/1 716/1005/1 713/1006/1
f 712/1007/4 714/1008/4 711/1009/4
f 311/1010/6 715/1011/6 712/1012/6
f 308/378/5 716/1013/5 311/380/5
f 713/1006/1 709/1014/1 708/996/1
f 317/384/7 708/1015/7 316/386/7
f 318/387/4 713/1016/4 317/389/4
f 318/392/6 709/1017/6 716/1018/6
f 729/1019/1 721/1020/1 719/1021/1
f 799/1022/7 719/1023/7 798/1024/7
f 800/1025/4 729/1026/4 799/1027/4
f 798/1028/5 721/1029/5 718/1030/5
f 808/1031/3 722/1032/3 805/1033/3
f 725/1034/1 727/1035/1 724/1036/1
f 722/1037/7 724/1038/7 805/1039/7
f 723/1040/4 725/1041/4 722/1042/4
f 805/1043/5 727/1044/5 808/1045/5
f 815/1046/3 814/1047/3 813/1048/3
f 724/1036/1 720/1049/1 729/1019/1
f 814/1050/7 729/1051/7 813/1052/7
f 728/1053/4 724/1054/4 814/1055/4
f 728/1056/6 720/1057/6 727/1058/6
f 733/1059/3 731/1060/3 730/1061/3
f 735/1062/1 737/1063/1 734/1064/1
f 732/1065/4 735/1066/4 731/1067/4
f 730/1068/5 737/1069/5 733/1070/5
f 824/1071/3 738/1072/3 330/1073/3
f 731/1074/1 740/1075/1 331/1076/1
f 738/1077/7 331/1078/7 330/1079/7
f 330/1080/5 740/1081/5 824/1082/5
f 746/1083/1 748/1084/1 745/1085/1
f 742/1086/7 745/1087/7 741/1088/7
f 743/1089/4 746/1090/4 742/1091/4
f 744/1092/6 747/1093/6 743/1094/6
f 741/1095/5 748/1096/5 744/1097/5
f 751/1098/62 750/1099/62 749/1100/62
f 753/1101/63 752/1102/63 751/1098/63
f 759/1103/4 754/1104/4 753/1105/4
f 757/1106/64 760/1107/64 759/1108/64
f 755/1109/65 758/1110/65 757/1106/65
f 749/1111/7 757/1112/7 751/1113/7
f 757/1112/7 753/1114/7 751/1113/7
f 750/1115/6 758/1116/6 756/1117/6
f 754/1118/6 758/1116/6 752/1119/6
f 761/1120/6 762/1121/6 763/1122/6
f 766/1123/7 765/1124/7 764/1125/7
f 770/1126/3 768/1127/3 767/1128/3
f 768/1129/7 771/1130/7 767/1131/7
f 769/1132/4 772/1133/4 768/1134/4
f 770/1135/6 773/1136/6 769/1137/6
f 767/1138/5 774/1139/5 770/1140/5
f 777/1141/3 775/1142/3 740/980/3
f 776/1143/4 779/1144/4 775/1145/4
f 777/1146/5 778/1147/5 781/1148/5
f 780/1149/4 784/1150/4 779/1144/4
f 781/1151/6 785/1152/6 780/1153/6
f 778/1147/5 782/1154/5 781/1148/5
f 787/1155/1 789/1156/1 786/1157/1
f 785/1158/4 787/1159/4 784/1150/4
f 783/1160/5 789/1161/5 782/1154/5
f 791/1162/3 776/1163/3 777/1141/3
f 790/1164/4 780/1149/4 776/1143/4
f 791/1165/6 792/1166/6 790/1167/6
f 777/1146/5 793/1168/5 791/1169/5
f 788/1170/1 797/1171/1 789/1156/1
f 794/1172/4 788/1173/4 785/1158/4
f 795/1174/6 796/1175/6 794/1176/6
f 782/1154/5 797/1177/5 795/1178/5
f 799/1022/7 801/1179/7 798/1024/7
f 800/1025/4 802/1180/4 799/1027/4
f 718/1181/6 803/1182/6 800/1183/6
f 798/1028/5 804/1184/5 718/1030/5
f 806/1185/7 809/1186/7 805/1187/7
f 807/1188/6 812/1189/6 811/1190/6
f 805/1043/5 812/1191/5 808/1045/5
f 814/1050/7 802/1192/7 813/1052/7
f 728/1053/4 809/1193/4 814/1055/4
f 819/1194/3 817/1195/3 816/1196/3
f 821/1197/1 823/1198/1 820/1199/1
f 818/1200/4 821/1201/4 817/1202/4
f 819/1203/6 822/1204/6 818/1205/6
f 816/1206/5 823/1207/5 819/1057/5
f 827/1208/3 825/1209/3 824/1210/3
f 817/1211/1 828/1212/1 740/1213/1
f 834/1214/1 836/1215/1 833/1216/1
f 830/1217/7 833/1218/7 829/1219/7
f 831/1220/4 834/1221/4 830/1222/4
f 832/1223/6 835/1219/6 831/1224/6
f 829/1225/5 836/1226/5 832/1227/5
f 839/1228/8 838/1229/8 837/1230/8
f 841/1231/9 840/1232/9 839/1228/9
f 847/1233/4 842/1234/4 841/1235/4
f 845/1236/10 848/1237/10 847/1238/10
f 843/1239/11 846/1240/11 845/1236/11
f 837/1241/7 845/1242/7 839/1243/7
f 845/1242/7 841/1244/7 839/1243/7
f 838/1245/6 846/1246/6 844/1247/6
f 842/1248/6 846/1246/6 840/1249/6
f 849/1250/6 850/1251/6 851/1252/6
f 855/1253/3 853/1254/3 852/1255/3
f 853/1256/7 856/1257/7 852/1258/7
f 854/1259/4 857/1260/4 853/1261/4
f 855/1262/6 858/1263/6 854/1264/6
f 852/1265/5 859/1266/5 855/1267/5
f 866/1268/66 867/1269/66 868/1270/66
f 874/1271/67 875/1272/67 876/1273/67
f 864/1274/68 860/1275/68 862/1276/68
f 868/1270/17 865/1277/17 864/1278/17
f 874/1271/69 873/1279/69 872/1280/69
f 877/1281/19 876/1273/19 875/1272/19
f 872/1282/21 861/1283/21 860/1284/21
f 880/1285/22 870/1286/22 869/1287/22
f 863/1288/7 872/1289/7 860/1275/7
f 870/1286/6 878/1290/6 866/1291/6
f 884/1292/70 885/1293/70 886/1294/70
f 887/1295/71 888/1296/71 889/1297/71
f 889/1297/17 886/1298/17 885/1299/17
f 893/1300/21 883/1301/21 882/1302/21
f 895/1303/44 884/1292/44 886/1294/44
f 897/1304/33 888/1296/33 887/1295/33
f 898/1305/22 891/1306/22 890/1307/22
f 884/1292/7 893/1308/7 882/1309/7
f 883/1301/5 898/1310/5 890/1311/5
f 888/1296/4 895/1312/4 886/1298/4
f 891/1306/6 897/1313/6 887/1314/6
f 900/1315/72 901/1316/72 902/1317/72
f 903/1318/73 904/1319/73 905/1320/73
f 906/1321/66 907/1322/66 908/1323/66
f 909/1324/74 910/1325/74 911/1326/74
f 912/1327/75 913/1328/75 914/1329/75
f 915/1330/76 916/1331/76 917/1332/76
f 918/1333/77 919/1334/77 920/1335/77
f 904/1319/68 900/1336/68 902/1337/68
f 909/1338/29 902/1317/29 901/1316/29
f 919/1339/30 912/1327/30 914/1329/30
f 920/1340/78 917/1341/78 916/1342/78
f 913/1343/21 901/1316/21 900/1315/21
f 916/1331/33 907/1322/33 906/1321/33
f 918/1333/22 910/1325/22 909/1324/22
f 901/1316/5 918/1344/5 909/1338/5
f 910/1325/6 916/1345/6 906/1346/6
f 921/1347/79 922/1348/79 923/1349/79
f 927/1350/66 928/1351/66 929/1352/66
f 930/1353/74 931/1354/74 932/1355/74
f 933/1356/80 934/1357/80 935/1358/80
f 936/1359/81 937/1360/81 938/1361/81
f 939/1362/76 940/1363/76 941/1364/76
f 942/1365/77 943/1366/77 944/1367/77
f 925/1368/16 921/1369/16 923/1370/16
f 930/1371/29 923/1349/29 922/1348/29
f 932/1355/23 927/1372/23 929/1373/23
f 943/1374/30 933/1356/30 935/1358/30
f 936/1359/82 935/1358/82 934/1357/82
f 944/1375/83 941/1376/83 940/1377/83
f 934/1378/21 922/1348/21 921/1347/21
f 937/1379/44 924/1380/44 926/1381/44
f 940/1363/33 928/1351/33 927/1350/33
f 942/1365/22 931/1354/22 930/1353/22
f 932/1382/3 925/1383/3 923/1384/3
f 922/1348/5 942/1385/5 930/1371/5
f 931/1354/6 940/1386/6 927/1372/6
f 938/1361/1 943/1374/1 935/1358/1
f 946/1387/5 948/1388/5 945/1389/5
f 949/1390/3 951/1391/3 950/1392/3
f 953/1393/1 955/1394/1 956/1395/1
f 950/1396/84 953/1397/84 949/1398/84
f 951/1399/85 954/1400/85 950/1401/85
f 952/1402/86 955/1403/86 951/1404/86
f 949/1405/87 956/1406/87 952/1407/87
f 958/1408/5 960/1409/5 957/1410/5
f 964/1411/4 962/1412/4 961/1413/4
f 961/1414/7 958/1415/7 957/1416/7
f 959/1417/6 964/1418/6 960/1419/6
f 960/1420/3 961/1421/3 957/1422/3
f 962/1423/1 959/1424/1 958/1425/1
f 966/1426/5 968/1427/5 965/1428/5
f 972/1429/4 970/1430/4 969/1431/4
f 969/1432/7 966/1433/7 965/1434/7
f 967/1435/6 972/1436/6 968/1437/6
f 968/1438/3 969/1422/3 965/1439/3
f 970/1440/1 967/1441/1 966/1442/1
f 974/1443/5 976/1444/5 973/1445/5
f 980/1446/4 978/1447/4 977/1448/4
f 977/1449/7 974/1450/7 973/1451/7
f 975/1452/6 980/1453/6 976/1454/6
f 976/1455/3 977/1456/3 973/1457/3
f 978/1458/1 975/1459/1 974/1460/1
f 982/1461/5 984/1462/5 981/1463/5
f 988/1464/4 986/1465/4 985/1466/4
f 985/1467/7 982/1468/7 981/1469/7
f 983/1470/6 988/1471/6 984/1472/6
f 984/1473/3 985/1474/3 981/1475/3
f 986/1476/1 983/1477/1 982/1478/1
f 990/1479/5 992/1480/5 989/1481/5
f 993/1482/42 994/1483/42 995/1484/42
f 996/1485/88 997/1486/88 998/1487/88
f 999/1488/89 1000/1489/89 1001/1490/89
f 1002/1491/13 1003/1492/13 1004/1493/13
f 1005/1494/31 1006/1495/31 1007/1496/31
f 1008/1497/90 1009/1498/90 1010/1499/90
f 1011/1500/91 1012/1501/91 1013/1502/91
f 1014/1503/32 1015/1504/32 1016/1505/32
f 997/1486/16 993/1506/16 995/1507/16
f 1002/1508/29 995/1484/29 994/1483/29
f 1004/1493/23 999/1509/23 1001/1510/23
f 1015/1511/30 1005/1494/30 1007/1496/30
f 1008/1497/18 1007/1496/18 1006/1495/18
f 1016/1512/20 1013/1513/20 1012/1514/20
f 993/1482/21 1005/1515/21 994/1483/21
f 998/1487/44 1008/1516/44 996/1485/44
f 999/1488/33 1011/1500/33 1000/1489/33
f 1002/1491/22 1016/1505/22 1003/1492/22
f 993/1506/7 1008/1516/7 1006/1517/7
f 1004/1518/3 997/1519/3 995/1520/3
f 994/1483/5 1014/1521/5 1002/1508/5
f 999/1509/6 1016/1505/6 1012/1522/6
f 1017/1523/79 1018/1524/79 1019/1525/79
f 1020/1526/92 1021/1527/92 1022/1528/92
f 1023/1529/71 1024/1530/71 1025/1531/71
f 1026/1532/93 1027/1533/93 1028/1534/93
f 1021/1527/16 1017/1535/16 1019/1536/16
f 1026/1537/29 1019/1525/29 1018/1524/29
f 1028/1534/23 1023/1538/23 1025/1539/23
f 1025/1531/17 1022/1540/17 1021/1541/17
f 1038/1542/30 1029/1543/30 1031/1544/30
f 1039/1545/20 1036/1546/20 1035/1547/20
f 1030/1548/21 1018/1524/21 1017/1523/21
f 1033/1549/44 1020/1526/44 1022/1528/44
f 1035/1550/33 1024/1530/33 1023/1529/33
f 1037/1551/22 1027/1533/22 1026/1532/22
f 1020/1526/7 1030/1552/7 1017/1535/7
f 1028/1553/3 1021/1554/3 1019/1555/3
f 1018/1524/5 1037/1556/5 1026/1537/5
f 1027/1533/6 1035/1557/6 1023/1538/6
f 1040/1558/94 957/1559/94 688/1560/94
f 1044/1561/95 1042/1562/95 1045/1563/95
f 1043/1564/1 1041/1565/1 1040/1566/1
f 1044/1567/96 957/1568/96 1041/1569/96
f 1046/1570/79 1047/1571/79 1048/1572/79
f 1049/1573/92 1050/1574/92 1051/1575/92
f 1052/1576/71 1053/1577/71 1054/1578/71
f 1055/1579/93 1056/1580/93 1057/1581/93
f 1058/1582/80 1059/1583/80 1060/1584/80
f 1064/1585/97 1065/1586/97 1066/1587/97
f 1067/1588/98 1068/1589/98 1069/1590/98
f 1050/1574/16 1046/1591/16 1048/1592/16
f 1055/1593/29 1048/1572/29 1047/1571/29
f 1057/1581/23 1052/1594/23 1054/1595/23
f 1054/1578/17 1051/1596/17 1050/1597/17
f 1064/1598/19 1063/1599/19 1062/1600/19
f 1069/1601/20 1066/1602/20 1065/1603/20
f 1062/1604/44 1049/1573/44 1051/1575/44
f 1065/1586/33 1053/1577/33 1052/1576/33
f 1067/1588/22 1056/1580/22 1055/1579/22
f 1049/1573/7 1059/1605/7 1046/1591/7
f 1057/1606/3 1050/1607/3 1048/1608/3
f 1047/1571/5 1067/1609/5 1055/1593/5
f 1056/1580/6 1065/1610/6 1052/1594/6
f 1070/1611/99 699/1612/99 968/1613/99
f 1074/1614/100 1072/1615/100 1075/1616/100
f 1072/1617/101 1070/1618/101 968/1619/101
f 1083/1620/4 1081/1621/4 1080/1622/4
f 1080/1623/102 1077/1624/102 1076/1625/102
f 1082/1626/103 1079/1627/103 1078/1628/103
f 1083/1629/3 1076/1630/3 1079/1631/3
f 1084/1632/5 701/1633/5 1071/1634/5
f 702/1635/4 1087/1636/4 1086/1637/4
f 1088/1638/1 701/1639/1 1085/1640/1
f 1082/1641/4 1091/1642/4 1081/1621/4
f 1081/1643/104 1089/1644/104 1077/1624/104
f 1092/1645/105 1078/1628/105 1090/1646/105
f 1087/1647/104 1093/1648/104 1084/1649/104
f 1095/1650/7 1094/1651/7 1093/1648/7
f 1097/1652/5 1090/1653/5 1089/1654/5
f 1091/1655/106 1097/1656/106 1089/1644/106
f 1099/1657/107 1098/1658/107 1097/1659/107
f 1101/1660/5 1094/1661/5 1093/1662/5
f 1103/1663/7 1102/1664/7 1101/1665/7
f 1108/1666/4 1099/1667/4 1100/1668/4
f 1107/1669/108 1106/1670/108 1105/1671/108
f 1108/1672/109 1098/1658/109 1106/1673/109
f 1104/1674/4 1111/1675/4 1103/1676/4
f 1103/1677/110 1109/1678/110 1101/1679/110
f 1111/1680/7 1110/1681/7 1109/1682/7
f 1105/1683/5 1114/1684/5 1106/1685/5
f 1116/1686/4 1107/1687/4 1108/1666/4
f 1116/1688/111 1106/1673/111 1114/1689/111
f 1117/1690/5 1110/1691/5 1109/1692/5
f 1119/1693/7 1118/1694/7 1117/1695/7
f 1116/1686/4 1123/1696/4 1115/1697/4
f 1125/1698/5 1118/1699/5 1117/1690/5
f 1127/1700/7 1126/1701/7 1125/1702/7
f 1123/1703/3 1129/1704/3 1121/1705/3
f 1131/1706/102 1130/1707/102 1129/1708/102
f 1132/1709/1 1122/1710/1 1130/1711/1
f 1136/1712/4 1127/1713/4 1128/1714/4
f 1135/1702/7 1134/1715/7 1133/1716/7
f 1131/1717/112 1137/1718/112 1129/1704/112
f 1139/1719/104 1138/1720/104 1137/1721/104
f 1133/1722/5 1142/1723/5 1134/1724/5
f 1143/1725/7 1142/1726/7 1141/1727/7
f 1145/1728/5 1138/1729/5 1137/1730/5
f 1140/1731/4 1147/1732/4 1139/1733/4
f 1148/1734/113 1138/1735/113 1146/1736/113
f 1143/1737/114 1149/1738/114 1141/1739/114
f 1151/1740/7 1150/1741/7 1149/1742/7
f 1153/1743/5 1146/1744/5 1145/1728/5
f 1147/1745/115 1153/1746/115 1145/1747/115
f 1155/1748/110 1154/1749/110 1153/1746/110
f 1149/1750/5 1158/1751/5 1150/1752/5
f 1160/1753/4 1151/1754/4 1152/1755/4
f 1159/1756/7 1158/1757/7 1157/1758/7
f 1153/1743/5 1162/1759/5 1154/1760/5
f 1164/1761/4 1155/1762/4 1156/1763/4
f 1155/1764/116 1161/1765/116 1153/1766/116
f 1163/1767/117 1162/1768/117 1161/1769/117
f 1164/1770/108 1154/1771/108 1162/1772/108
f 1168/1773/4 1159/1774/4 1160/1753/4
f 1167/1775/7 1166/1776/7 1165/1777/7
f 1161/1778/5 1170/1779/5 1162/1759/5
f 1172/1780/4 1163/1781/4 1164/1761/4
f 1163/1782/118 1169/1783/118 1161/1765/118
f 1171/1784/119 1170/1785/119 1169/1786/119
f 1165/1787/5 1174/1788/5 1166/1789/5
f 1176/1790/4 1167/1791/4 1168/1773/4
f 1169/1792/5 1178/1793/5 1170/1779/5
f 1171/1794/120 1177/1795/120 1169/1783/120
f 1179/1796/3 1178/1797/3 1177/1630/3
f 1180/1798/121 1170/1799/121 1178/1800/121
f 1175/1801/120 1040/1802/120 1173/1803/120
f 1181/1804/7 690/1805/7 1040/1806/7
f 689/1807/1 1174/1808/1 690/1809/1
f 1182/1810/5 1184/1811/5 1183/1812/5
f 1182/1810/5 1185/1813/5 1184/1811/5
f 1182/1810/5 1186/1814/5 1185/1813/5
f 1182/1810/5 1187/1815/5 1186/1814/5
f 1182/1810/5 1188/1816/5 1187/1815/5
f 1182/1810/5 1189/1817/5 1188/1816/5
f 1182/1810/5 1190/1818/5 1189/1817/5
f 1182/1810/5 1191/1819/5 1190/1818/5
f 1182/1810/5 1192/1820/5 1191/1819/5
f 1182/1810/5 1193/1821/5 1192/1820/5
f 1182/1810/5 1194/1822/5 1193/1821/5
f 1182/1810/5 1195/1823/5 1194/1822/5
f 1182/1810/5 1196/1824/5 1195/1823/5
f 1182/1810/5 1197/1825/5 1196/1824/5
f 1182/1810/5 1198/1826/5 1197/1825/5
f 1182/1810/5 1199/1827/5 1198/1826/5
f 1202/1828/122 1201/1829/122 1200/1830/122
f 1204/1831/123 1207/1832/123 1206/1833/123
f 1200/1834/7 1206/1835/7 1202/1836/7
f 1201/1837/6 1207/1838/6 1205/1839/6
f 1208/1840/124 1209/1841/124 1210/1842/124
f 1211/1843/92 1212/1844/92 1213/1845/92
f 1214/1846/66 1215/1847/66 1216/1848/66
f 1217/1849/74 1218/1850/74 1219/1851/74
f 1220/1852/31 1221/1853/31 1222/1854/31
f 1223/1855/14 1224/1856/14 1225/1857/14
f 1226/1858/76 1227/1859/76 1228/1860/76
f 1229/1861/77 1230/1862/77 1231/1863/77
f 1212/1844/16 1208/1864/16 1210/1865/16
f 1217/1866/29 1210/1842/29 1209/1841/29
f 1219/1851/23 1214/1867/23 1216/1868/23
f 1216/1848/17 1213/1869/17 1212/1870/17
f 1230/1871/30 1220/1852/30 1222/1854/30
f 1223/1855/18 1222/1854/18 1221/1853/18
f 1226/1872/19 1225/1857/19 1224/1856/19
f 1231/1873/20 1228/1874/20 1227/1875/20
f 1221/1876/21 1209/1841/21 1208/1840/21
f 1224/1877/44 1211/1843/44 1213/1845/44
f 1227/1859/33 1215/1847/33 1214/1846/33
f 1229/1861/22 1218/1850/22 1217/1849/22
f 1211/1843/7 1221/1878/7 1208/1864/7
f 1219/1879/3 1212/1880/3 1210/1881/3
f 1209/1841/5 1229/1882/5 1217/1866/5
f 1218/1850/6 1227/1883/6 1214/1867/6
f 1225/1857/1 1230/1871/1 1222/1854/1
f 1241/1884/21 1233/1885/21 1232/1886/21
f 1243/1887/44 1234/1888/44 1235/1889/44
f 1245/1890/33 1237/1891/33 1236/1892/33
f 1246/1893/22 1239/1894/22 1238/1895/22
f 1234/1888/7 1241/1896/7 1232/1897/7
f 1233/1885/5 1246/1898/5 1238/1899/5
f 1237/1891/4 1243/1900/4 1235/1901/4
f 1239/1894/6 1245/1902/6 1236/1903/6
f 1248/1904/42 1249/1905/42 1250/1906/42
f 1251/1907/43 1252/1908/43 1253/1909/43
f 1254/1910/71 1255/1911/71 1256/1912/71
f 1257/1913/93 1258/1914/93 1259/1915/93
f 1260/1916/31 1261/1917/31 1262/1918/31
f 1263/1919/14 1264/1920/14 1265/1921/14
f 1266/1922/97 1267/1923/97 1268/1924/97
f 1269/1925/98 1270/1926/98 1271/1927/98
f 1252/1908/16 1248/1928/16 1250/1929/16
f 1257/1930/29 1250/1906/29 1249/1905/29
f 1259/1915/23 1254/1931/23 1256/1932/23
f 1256/1912/17 1253/1933/17 1252/1934/17
f 1270/1935/30 1260/1916/30 1262/1918/30
f 1263/1919/18 1262/1918/18 1261/1917/18
f 1266/1936/19 1265/1921/19 1264/1920/19
f 1271/1937/20 1268/1938/20 1267/1939/20
f 1261/1940/21 1249/1905/21 1248/1904/21
f 1264/1941/44 1251/1907/44 1253/1909/44
f 1267/1923/33 1255/1911/33 1254/1910/33
f 1269/1925/22 1258/1914/22 1257/1913/22
f 1251/1907/7 1261/1942/7 1248/1928/7
f 1259/1943/3 1252/1944/3 1250/1945/3
f 1249/1905/5 1269/1946/5 1257/1930/5
f 1255/1911/4 1264/1947/4 1253/1933/4
f 1258/1914/6 1267/1948/6 1254/1931/6
f 1283/1949/19 1285/1950/19 1287/1951/19
f 1272/1952/125 1281/1953/125 1280/1954/125
f 1274/1955/126 1281/1956/126 1273/1957/126
f 1274/1955/127 1283/1949/127 1282/1958/127
f 1275/1959/128 1284/1960/128 1283/1961/128
f 1277/1962/129 1284/1960/129 1276/1963/129
f 1277/1964/130 1286/1965/130 1285/1966/130
f 1278/1967/131 1287/1968/131 1286/1969/131
f 1279/1970/132 1280/1954/132 1287/1971/132
f 1288/1972/72 1289/1973/72 1290/1974/72
f 1297/1975/74 1298/1976/74 1299/1977/74
f 1300/1978/75 1301/1979/75 1302/1980/75
f 1303/1981/133 1304/1982/133 1305/1983/133
f 1309/1984/77 1310/1985/77 1311/1986/77
f 1292/1987/16 1288/1988/16 1290/1989/16
f 1297/1990/29 1290/1974/29 1289/1973/29
f 1299/1977/23 1294/1991/23 1296/1992/23
f 1296/1993/17 1293/1994/17 1292/1995/17
f 1310/1996/30 1300/1978/30 1302/1980/30
f 1303/1981/18 1302/1980/18 1301/1979/18
f 1306/1997/19 1305/1983/19 1304/1982/19
f 1311/1998/20 1308/1999/20 1307/2000/20
f 1301/2001/21 1289/1973/21 1288/1972/21
f 1309/1984/22 1298/1976/22 1297/1975/22
f 1299/2002/3 1292/2003/3 1290/2004/3
f 1289/1973/5 1309/2005/5 1297/1990/5
f 1295/2006/4 1304/2007/4 1293/1994/4
f 1305/1983/1 1310/1996/1 1302/1980/1
f 1321/2008/21 1313/2009/21 1312/2010/21
f 1323/2011/44 1314/2012/44 1315/2013/44
f 1325/2014/33 1317/2015/33 1316/2016/33
f 1326/2017/22 1319/2018/22 1318/2019/22
f 1314/2012/7 1321/2020/7 1312/2021/7
f 1313/2009/5 1326/2022/5 1318/2023/5
f 1317/2015/4 1323/2024/4 1315/2025/4
f 1319/2018/6 1325/2026/6 1316/2027/6
f 1328/2028/42 1329/2029/42 1330/2030/42
f 1331/2031/43 1332/2032/43 1333/2033/43
f 1334/2034/12 1335/2035/12 1336/2036/12
f 1337/2037/13 1338/2038/13 1339/2039/13
f 1340/2040/31 1341/2041/31 1342/2042/31
f 1343/2043/14 1344/2044/14 1345/2045/14
f 1346/2046/15 1347/2047/15 1348/2048/15
f 1349/2049/32 1350/2050/32 1351/2051/32
f 1332/2032/16 1328/2052/16 1330/2053/16
f 1337/2054/29 1330/2030/29 1329/2029/29
f 1339/2039/23 1334/2055/23 1336/2056/23
f 1336/2036/17 1333/2057/17 1332/2058/17
f 1350/2059/30 1340/2040/30 1342/2042/30
f 1343/2043/18 1342/2042/18 1341/2041/18
f 1346/2060/19 1345/2045/19 1344/2044/19
f 1351/2061/20 1348/2062/20 1347/2063/20
f 1341/2064/21 1329/2029/21 1328/2028/21
f 1344/2065/44 1331/2031/44 1333/2033/44
f 1347/2047/33 1335/2035/33 1334/2034/33
f 1349/2049/22 1338/2038/22 1337/2037/22
f 1331/2031/7 1341/2066/7 1328/2052/7
f 1339/2067/3 1332/2068/3 1330/2069/3
f 1329/2029/5 1349/2070/5 1337/2054/5
f 1335/2035/4 1344/2071/4 1333/2057/4
f 1338/2038/6 1347/2072/6 1334/2055/6
f 1363/2073/19 1365/2074/19 1367/2075/19
f 1352/2076/125 1361/2077/125 1360/2078/125
f 1353/2079/126 1362/2080/126 1361/2081/126
f 1354/2082/127 1363/2073/127 1362/2080/127
f 1355/2083/128 1364/2084/128 1363/2085/128
f 1357/2086/129 1364/2084/129 1356/2087/129
f 1358/2088/130 1365/2089/130 1357/2090/130
f 1359/2091/131 1366/2092/131 1358/2093/131
f 1359/2094/132 1360/2078/132 1367/2095/132
f 1368/2096/124 1369/2097/124 1370/2098/124
f 1371/2099/134 1372/2100/134 1373/2101/134
f 1374/2102/135 1375/2103/135 1376/2104/135
f 1377/2105/136 1378/2106/136 1379/2107/136
f 1380/2108/137 1381/2109/137 1382/2110/137
f 1383/2111/90 1384/2112/90 1385/2113/90
f 1386/2114/91 1387/2115/91 1388/2116/91
f 1389/2117/138 1390/2118/138 1391/2119/138
f 1372/2100/16 1368/2120/16 1370/2121/16
f 1377/2122/29 1370/2098/29 1369/2097/29
f 1379/2107/23 1374/2123/23 1376/2124/23
f 1376/2104/17 1373/2125/17 1372/2126/17
f 1390/2127/30 1380/2108/30 1382/2110/30
f 1383/2111/18 1382/2110/18 1381/2109/18
f 1386/2128/19 1385/2113/19 1384/2112/19
f 1391/2129/139 1388/2130/139 1387/2131/139
f 1381/2132/21 1369/2097/21 1368/2096/21
f 1389/2117/22 1378/2106/22 1377/2105/22
f 1379/2133/3 1372/2134/3 1370/2135/3
f 1369/2097/5 1389/2136/5 1377/2122/5
f 1385/2113/1 1390/2127/1 1382/2110/1
f 1395/2137/3 1393/2138/3 1392/2139/3
f 1393/2140/7 1396/2141/7 1392/2142/7
f 1394/2143/4 1397/2144/4 1393/2145/4
f 1395/2146/6 1398/2147/6 1394/2148/6
f 1392/2149/5 1399/2150/5 1395/2151/5
f 1405/2152/1 1407/2153/1 1404/2154/1
f 1401/2155/7 1404/2156/7 1400/2157/7
f 1402/2158/4 1405/2159/4 1401/2160/4
f 1403/2161/6 1406/2162/6 1402/2163/6
f 1403/2164/5 1404/2165/5 1407/2166/5
f 1409/2167/3 1394/2168/3 1395/2137/3
f 1408/2169/4 1398/2170/4 1394/2143/4
f 1409/2171/5 1399/2150/5 1411/2172/5
f 1398/2173/7 1403/2174/7 1399/2175/7
f 1410/2176/4 1402/2158/4 1398/2170/4
f 1399/2150/5 1413/2177/5 1411/2172/5
f 1406/2178/1 1415/2179/1 1407/2153/1
f 1412/2180/4 1406/2181/4 1402/2158/4
f 1413/2177/5 1407/2166/5 1415/2182/5
f 1417/2183/7 1420/2184/7 1416/2185/7
f 1419/2186/6 1422/2187/6 1418/2188/6
f 1416/2189/5 1423/2190/5 1419/2191/5
f 1425/2192/3 1435/2193/3 1424/2194/3
f 1427/2195/1 1429/2196/1 1426/2197/1
f 1435/2198/7 1426/2199/7 1424/2200/7
f 1436/2201/4 1427/2202/4 1435/2203/4
f 1424/2204/5 1429/2205/5 1425/2206/5
f 1433/2207/3 1431/2208/3 1430/2209/3
f 1435/2210/1 1409/2211/1 1434/2212/1
f 1431/2213/7 1434/2214/7 1430/2215/7
f 1432/2216/4 1435/2203/4 1431/1101/4
f 1433/2217/6 1436/2218/6 1432/2219/6
f 1430/2220/5 1409/2221/5 1433/2222/5
f 1439/2223/140 1438/2224/140 1437/2225/140
f 1441/2226/141 1440/2227/141 1439/2223/141
f 1447/2228/4 1442/2229/4 1441/2230/4
f 1445/2231/142 1448/2232/142 1447/2233/142
f 1443/2234/143 1446/2235/143 1445/2231/143
f 1437/2236/7 1445/2237/7 1439/2238/7
f 1445/2237/7 1441/2239/7 1439/2238/7
f 1438/2240/6 1446/2241/6 1444/2242/6
f 1442/2243/6 1446/2241/6 1440/2244/6
f 1451/2245/7 1450/2246/7 1449/2247/7
f 1455/2248/3 1453/2249/3 1452/2250/3
f 1453/2251/7 1456/2252/7 1452/2253/7
f 1454/2254/4 1457/2255/4 1453/2256/4
f 1455/2257/6 1458/2258/6 1454/2259/6
f 1452/2260/5 1459/2261/5 1455/2262/5
f 1462/2263/88 1463/2264/88 1464/2265/88
f 1465/2266/135 1466/2267/135 1467/2268/135
f 1467/2268/17 1464/2269/17 1463/2270/17
f 1471/2271/21 1461/2272/21 1460/2273/21
f 1473/2274/44 1462/2263/44 1464/2265/44
f 1475/2275/33 1466/2267/33 1465/2266/33
f 1476/2276/22 1469/2277/22 1468/2278/22
f 1462/2263/7 1471/2279/7 1460/2280/7
f 1461/2272/5 1476/2281/5 1468/2282/5
f 1466/2267/4 1473/2283/4 1464/2269/4
f 1469/2277/6 1475/2284/6 1465/2285/6
f 1481/2286/134 1482/2287/134 1483/2288/134
f 1484/2289/135 1485/2290/135 1486/2291/135
f 1493/2292/144 1494/2293/144 1495/2294/144
f 1496/2295/145 1497/2296/145 1498/2297/145
f 1489/2298/23 1484/2299/23 1486/2300/23
f 1486/2291/17 1483/2301/17 1482/2302/17
f 1493/2292/18 1492/2303/18 1491/2304/18
f 1501/2305/20 1498/2306/20 1497/2307/20
f 1491/2308/21 1479/2309/21 1478/2310/21
f 1499/2311/22 1488/2312/22 1487/2313/22
f 1481/2314/7 1491/2315/7 1478/2316/7
f 1489/2317/3 1482/2318/3 1480/2319/3
f 1479/2309/5 1499/2320/5 1487/2321/5
f 1495/2294/1 1500/2322/1 1492/2303/1
f 1505/2323/43 1506/2324/43 1507/2325/43
f 1508/2326/12 1509/2327/12 1510/2328/12
f 1511/2329/146 1512/2330/146 1513/2331/146
f 1514/2332/31 1515/2333/31 1516/2334/31
f 1517/2335/14 1518/2336/14 1519/2337/14
f 1520/2338/147 1521/2339/147 1522/2340/147
f 1506/2324/16 1502/2341/16 1504/2342/16
f 1511/2343/29 1504/2344/29 1503/2345/29
f 1513/2331/23 1508/2346/23 1510/2347/23
f 1521/2348/30 1514/2332/30 1516/2334/30
f 1517/2335/18 1516/2334/18 1515/2333/18
f 1515/2349/21 1503/2345/21 1502/2350/21
f 1518/2351/44 1505/2323/44 1507/2325/44
f 1520/2338/22 1512/2330/22 1511/2329/22
f 1505/2323/7 1515/2352/7 1502/2341/7
f 1503/2345/5 1520/2353/5 1511/2343/5
f 1523/2354/124 1524/2355/124 1525/2356/124
f 1526/2357/88 1527/2358/88 1528/2359/88
f 1529/2360/148 1530/2361/148 1531/2362/148
f 1535/2363/137 1536/2364/137 1537/2365/137
f 1538/2366/90 1539/2367/90 1540/2368/90
f 1541/2369/145 1542/2370/145 1543/2371/145
f 1544/2372/149 1545/2373/149 1546/2374/149
f 1527/2358/16 1523/2375/16 1525/2376/16
f 1532/2377/29 1525/2356/29 1524/2355/29
f 1534/2378/23 1529/2379/23 1531/2380/23
f 1545/2381/30 1535/2363/30 1537/2365/30
f 1538/2366/18 1537/2365/18 1536/2364/18
f 1546/2382/20 1543/2383/20 1542/2384/20
f 1536/2385/21 1524/2355/21 1523/2354/21
f 1539/2386/44 1526/2357/44 1528/2359/44
f 1542/2370/33 1530/2361/33 1529/2360/33
f 1544/2372/22 1533/2387/22 1532/2388/22
f 1526/2357/7 1536/2389/7 1523/2375/7
f 1534/2390/3 1527/2391/3 1525/2392/3
f 1524/2355/5 1544/2393/5 1532/2377/5
f 1533/2387/6 1542/2394/6 1529/2379/6
f 1540/2368/1 1545/2381/1 1537/2365/1
f 1548/2395/5 1550/2396/5 1547/2397/5
f 1554/2398/3 1552/2399/3 1551/2400/3
f 1556/2401/1 1558/2402/1 1555/2403/1
f 1552/2404/84 1555/2405/84 1551/2406/84
f 1553/2407/85 1556/2408/85 1552/2409/85
f 1554/2410/86 1557/2411/86 1553/2412/86
f 1551/2413/87 1558/2414/87 1554/2415/87
f 1562/2416/3 1560/2417/3 1559/2418/3
f 1564/2419/1 1566/2420/1 1563/2421/1
f 1560/2422/150 1563/2423/150 1559/2424/150
f 1561/2425/39 1564/2426/39 1560/2427/39
f 1562/2428/151 1565/2429/151 1561/2430/151
f 1559/2431/41 1566/2432/41 1562/2433/41
f 1570/2434/3 1568/2435/3 1567/2436/3
f 1572/2437/1 1574/2438/1 1571/2439/1
f 1568/2440/7 1571/2441/7 1567/2442/7
f 1569/2443/4 1572/2444/4 1568/1253/4
f 1570/2445/6 1573/2446/6 1569/2447/6
f 1567/2448/5 1574/2449/5 1570/2450/5
f 1578/2451/3 1576/2452/3 1575/2453/3
f 1576/2454/7 1579/2455/7 1575/2456/7
f 1578/2457/6 1581/2458/6 1577/2459/6
f 1588/2460/1 1590/2461/1 1587/2462/1
f 1584/2463/7 1587/2464/7 1583/2465/7
f 1585/2466/4 1588/2467/4 1584/2468/4
f 1586/2469/6 1589/2470/6 1585/2471/6
f 1583/2472/5 1590/2473/5 1586/2474/5
f 1600/2475/3 1592/2476/3 1591/2477/3
f 1601/2478/4 1594/2479/4 1592/2480/4
f 1600/2481/6 1595/2482/6 1601/2483/6
f 1591/2484/5 1602/2485/5 1600/2486/5
f 1595/2487/4 1597/2488/4 1594/2479/4
f 1602/2489/6 1605/2490/6 1595/2482/6
f 1602/2485/5 1596/2491/5 1604/2492/5
f 1599/2493/1 1606/2494/1 1598/2495/1
f 1605/2496/4 1599/2497/4 1597/2488/4
f 1596/2491/5 1606/2498/5 1604/2492/5
f 1608/2499/3 1601/2500/3 1600/2475/3
f 1609/2501/4 1595/2487/4 1601/2478/4
f 1608/2502/6 1603/2503/6 1609/2504/6
f 1600/2486/5 1612/2505/5 1608/2506/5
f 1607/2507/1 1619/2508/1 1606/2494/1
f 1605/2496/4 1620/2509/4 1607/2510/4
f 1615/2511/6 1620/2512/6 1616/2513/6
f 1604/2492/5 1619/2514/5 1615/2515/5
f 1611/2516/3 1609/2517/3 1608/2499/3
f 1610/2518/4 1603/2519/4 1609/2501/4
f 1611/2520/6 1613/2521/6 1610/2522/6
f 1611/2523/5 1612/2505/5 1614/2524/5
f 1603/2525/7 1615/2526/7 1612/2527/7
f 1613/2528/4 1616/2529/4 1603/2519/4
f 1614/2530/6 1617/2531/6 1613/2521/6
f 1612/2505/5 1618/2532/5 1614/2524/5
f 1620/2533/1 1622/2534/1 1619/2508/1
f 1616/2529/4 1621/2535/4 1620/2509/4
f 1618/2536/6 1621/2537/6 1617/2531/6
f 1615/2515/5 1622/2538/5 1618/2532/5
f 1623/2539/3 1610/2540/3 1611/2516/3
f 1624/2541/4 1613/2528/4 1610/2518/4
f 1611/2523/5 1627/2542/5 1623/2543/5
f 1621/2544/1 1635/2545/1 1622/2534/1
f 1632/2546/4 1621/2535/4 1617/2547/4
f 1631/2548/6 1636/2549/6 1632/2550/6
f 1618/2532/5 1635/2551/5 1631/2552/5
f 1626/2553/3 1624/2554/3 1623/2539/3
f 1625/2555/4 1628/2556/4 1624/2541/4
f 1623/2543/5 1630/2557/5 1626/2558/5
f 1628/2559/7 1631/2560/7 1627/2561/7
f 1629/2562/4 1632/2546/4 1628/2556/4
f 1627/2542/5 1634/2563/5 1630/2557/5
f 1636/2564/1 1638/2565/1 1635/2545/1
f 1633/2566/4 1636/2567/4 1632/2546/4
f 1631/2552/5 1638/2568/5 1634/2563/5
f 1642/2569/3 1640/2570/3 1639/2571/3
f 1644/2572/1 1646/2573/1 1643/2574/1
f 1640/2575/7 1643/2576/7 1639/2577/7
f 1641/2578/4 1644/2579/4 1640/2580/4
f 1642/2581/6 1645/2582/6 1641/2583/6
f 1650/2584/3 1648/2585/3 1647/2586/3
f 1652/2587/1 1654/2588/1 1651/2589/1
f 1648/2590/7 1651/2591/7 1647/2592/7
f 1649/2593/4 1652/2594/4 1648/2595/4
f 1650/2596/6 1653/2597/6 1649/2598/6
f 1647/2599/5 1654/2600/5 1650/2601/5
f 1656/2602/3 1665/2603/3 1655/2604/3
f 1658/2605/1 1660/2606/1 1657/2607/1
f 1666/2608/4 1658/2609/4 1665/2610/4
f 1655/2611/5 1660/2612/5 1656/2613/5
f 1664/2614/3 1662/2615/3 1661/2616/3
f 1665/2617/1 1626/2618/1 1591/2619/1
f 1661/2620/7 1665/2621/7 1591/2622/7
f 1663/2623/4 1665/2610/4 1662/2624/4
f 1661/2625/5 1626/2626/5 1664/2627/5
f 1669/2628/152 1668/2629/152 1667/2630/152
f 1671/2631/153 1670/2632/153 1669/2628/153
f 1677/2633/4 1672/2634/4 1671/2635/4
f 1675/2636/154 1678/2637/154 1677/2638/154
f 1673/2639/155 1676/2640/155 1675/2636/155
f 1667/2641/7 1675/2642/7 1669/2643/7
f 1675/2642/7 1671/2644/7 1669/2643/7
f 1668/2645/6 1676/2646/6 1674/2647/6
f 1672/2648/6 1676/2646/6 1670/2649/6
f 1679/2650/6 1680/2651/6 1681/2652/6
f 1684/2653/7 1683/2654/7 1682/2655/7
f 1688/2656/3 1686/2657/3 1685/2658/3
f 1687/2659/4 1690/2660/4 1686/2661/4
f 1688/2662/6 1691/2663/6 1687/2664/6
f 1685/2665/5 1692/2666/5 1688/2667/5
f 1698/2668/89 1699/2669/89 1700/2670/89
f 1707/2671/90 1708/2672/90 1709/2673/90
f 1710/2674/91 1711/2675/91 1712/2676/91
f 1697/2677/16 1693/2678/16 1695/2679/16
f 1707/2671/18 1706/2680/18 1705/2681/18
f 1710/2682/19 1709/2673/19 1708/2672/19
f 1715/2683/20 1712/2684/20 1711/2685/20
f 1705/2686/21 1694/2687/21 1693/2688/21
f 1713/2689/22 1702/2690/22 1701/2691/22
f 1703/2692/3 1697/2693/3 1695/2694/3
f 1694/2687/5 1713/2695/5 1701/2696/5
f 1702/2690/6 1711/2697/6 1698/2698/6
f 1709/2673/1 1714/2699/1 1706/2680/1
f 1719/2700/134 1720/2701/134 1721/2702/134
f 1722/2703/135 1723/2704/135 1724/2705/135
f 1725/2706/13 1726/2707/13 1727/2708/13
f 1731/2709/144 1732/2710/144 1733/2711/144
f 1734/2712/145 1735/2713/145 1736/2674/145
f 1727/2708/23 1722/2714/23 1724/2715/23
f 1724/2705/17 1721/2716/17 1720/2717/17
f 1731/2709/18 1730/2718/18 1729/2719/18
f 1739/2720/20 1736/2721/20 1735/2722/20
f 1729/2723/21 1717/2724/21 1716/2725/21
f 1737/2726/22 1726/2707/22 1725/2706/22
f 1719/2727/7 1729/2728/7 1716/2729/7
f 1727/2730/3 1720/2731/3 1718/2732/3
f 1717/2724/5 1737/2733/5 1725/2734/5
f 1733/2711/1 1738/2735/1 1730/2718/1
f 1743/2736/12 1744/2737/12 1745/2738/12
f 1746/2739/156 1747/2740/156 1748/2741/156
f 1749/2742/157 1750/2743/157 1751/2744/157
f 1752/2745/15 1753/2746/15 1754/2747/15
f 1755/2748/149 1756/2749/149 1757/2750/149
f 1746/2751/29 1742/2752/29 1741/2753/29
f 1748/2741/23 1743/2754/23 1745/2755/23
f 1756/2756/30 1749/2742/30 1751/2744/30
f 1750/2757/21 1741/2753/21 1740/2758/21
f 1755/2748/22 1747/2740/22 1746/2739/22
f 1741/2753/5 1755/2759/5 1746/2751/5
f 1758/2760/158 1759/2761/158 1760/2762/158
f 1763/2763/148 1764/2764/148 1765/2765/148
f 1766/2766/146 1767/2767/146 1768/2768/146
f 1769/2769/157 1770/2770/157 1771/2771/157
f 1772/2772/144 1773/2773/144 1774/2774/144
f 1775/2775/145 1776/2776/145 1777/2777/145
f 1778/2778/149 1779/2779/149 1780/2780/149
f 1762/2781/16 1758/2782/16 1760/2783/16
f 1766/2784/29 1760/2762/29 1759/2761/29
f 1768/2768/23 1763/2785/23 1765/2786/23
f 1779/2787/30 1769/2769/30 1771/2771/30
f 1772/2772/18 1771/2771/18 1770/2770/18
f 1780/2788/20 1777/2789/20 1776/2790/20
f 1770/2791/21 1759/2761/21 1758/2760/21
f 1776/2776/33 1764/2764/33 1763/2763/33
f 1778/2778/22 1767/2767/22 1766/2766/22
f 1768/2792/3 1762/2793/3 1760/2794/3
f 1759/2761/5 1778/2795/5 1766/2784/5
f 1774/2774/1 1779/2787/1 1771/2771/1
f 1782/2796/5 1784/2797/5 1781/2798/5
f 1788/2799/3 1786/2800/3 1785/2801/3
f 1790/2802/1 1792/2803/1 1789/2804/1
f 1786/2805/84 1789/2806/84 1785/2807/84
f 1787/2808/85 1790/2809/85 1786/2810/85
f 1788/2811/86 1791/2812/86 1787/2813/86
f 1785/2814/87 1792/2815/87 1788/2816/87
f 1796/2817/3 1794/2818/3 1793/2819/3
f 1798/2820/1 1800/2821/1 1797/2822/1
f 1794/2823/150 1797/2824/150 1793/2825/150
f 1795/2826/39 1798/2827/39 1794/2828/39
f 1796/2829/151 1799/2830/151 1795/2831/151
f 1793/2832/41 1800/2833/41 1796/2834/41
f 1801/2835/42 1802/2836/42 1803/2837/42
f 1804/2838/134 1805/2839/134 1806/2840/134
f 1807/2841/135 1808/2842/135 1809/2843/135
f 1816/2844/144 1817/2845/144 1818/2846/144
f 1819/2847/145 1820/2848/145 1821/2849/145
f 1805/2839/16 1801/2850/16 1803/2851/16
f 1812/2852/23 1807/2853/23 1809/2854/23
f 1809/2843/17 1806/2855/17 1805/2856/17
f 1816/2844/82 1815/2857/82 1814/2858/82
f 1819/2859/19 1818/2846/19 1817/2845/19
f 1824/2860/20 1821/2861/20 1820/2862/20
f 1814/2863/21 1802/2836/21 1801/2835/21
f 1822/2864/22 1811/2865/22 1810/2866/22
f 1802/2836/5 1822/2867/5 1810/2868/5
f 1811/2865/6 1820/2869/6 1807/2853/6
f 1818/2846/1 1823/2870/1 1815/2857/1
f 1828/2871/134 1829/2872/134 1830/2873/134
f 1831/2874/135 1832/2875/135 1833/2876/135
f 1840/2877/144 1841/2878/144 1842/2879/144
f 1843/2880/145 1844/2881/145 1845/2882/145
f 1829/2872/16 1825/2883/16 1827/2884/16
f 1836/2885/159 1831/2886/159 1833/2887/159
f 1833/2876/17 1830/2888/17 1829/2889/17
f 1840/2877/18 1839/2890/18 1838/2891/18
f 1848/2892/20 1845/2893/20 1844/2894/20
f 1838/2895/21 1826/2896/21 1825/2897/21
f 1846/2898/22 1835/2899/22 1834/2900/22
f 1828/2871/7 1838/2901/7 1825/2883/7
f 1836/2902/3 1829/2903/3 1827/2904/3
f 1826/2896/5 1846/2905/5 1834/2906/5
f 1842/2879/1 1847/2907/1 1839/2890/1
f 1852/2908/12 1853/2909/12 1854/2910/12
f 1855/2911/136 1856/2912/136 1857/2913/136
f 1858/2914/75 1859/2915/75 1860/2916/75
f 1861/2917/160 1862/2918/160 1863/2919/160
f 1864/2920/138 1865/2921/138 1866/2922/138
f 1855/2923/29 1851/2924/29 1850/2925/29
f 1857/2913/23 1852/2926/23 1854/2927/23
f 1865/2928/30 1858/2914/30 1860/2916/30
f 1859/2929/21 1850/2925/21 1849/2930/21
f 1864/2920/22 1856/2912/22 1855/2911/22
f 1850/2925/5 1864/2931/5 1855/2923/5
f 1870/2932/88 1871/2933/88 1872/2934/88
f 1873/2935/66 1874/2936/66 1875/2937/66
f 1879/2938/137 1880/2939/137 1881/2940/137
f 1882/2941/144 1883/2942/144 1884/2943/144
f 1885/2944/161 1886/2945/161 1887/2946/161
f 1888/2947/149 1889/2948/149 1890/2949/149
f 1871/2933/16 1867/2950/16 1869/2951/16
f 1876/2952/29 1869/2953/29 1868/2954/29
f 1878/2955/23 1873/2956/23 1875/2957/23
f 1889/2958/30 1879/2938/30 1881/2940/30
f 1882/2941/18 1881/2940/18 1880/2939/18
f 1880/2959/21 1868/2954/21 1867/2960/21
f 1883/2961/44 1870/2932/44 1872/2934/44
f 1886/2945/33 1874/2936/33 1873/2935/33
f 1888/2947/22 1877/2962/22 1876/2963/22
f 1878/2964/3 1871/2965/3 1869/2966/3
f 1868/2954/5 1888/2967/5 1876/2952/5
f 1877/2962/6 1886/2968/6 1873/2956/6
f 1884/2943/1 1889/2958/1 1881/2940/1
f 1892/2969/5 1894/2970/5 1891/2971/5
f 1898/2972/3 1896/2973/3 1895/2974/3
f 1900/2975/1 1902/2976/1 1899/1395/1
f 1896/2977/84 1899/2978/84 1895/2979/84
f 1897/2980/85 1900/2981/85 1896/2982/85
f 1898/2983/86 1901/2984/86 1897/2985/86
f 1895/2986/87 1902/2987/87 1898/2988/87
f 1906/2989/3 1904/2990/3 1903/2991/3
f 1908/2992/1 1910/2993/1 1907/2994/1
f 1904/2995/150 1907/2996/150 1903/2997/150
f 1905/2998/39 1908/2999/39 1904/3000/39
f 1906/3001/151 1909/3002/151 1905/3003/151
f 1903/3004/41 1910/3005/41 1906/3006/41
f 1914/3007/3 1912/3008/3 1911/3009/3
f 1916/3010/1 1918/3011/1 1915/3012/1
f 1914/3013/6 1917/3014/6 1913/3015/6
f 1911/3016/5 1918/3017/5 1914/3018/5
f 1922/3019/3 1920/3020/3 1919/3021/3
f 1920/3022/7 1923/3023/7 1919/3024/7
f 1922/3025/6 1925/3026/6 1921/3027/6
f 1932/3028/1 1934/3029/1 1931/3030/1
f 1928/3031/7 1931/3032/7 1927/3033/7
f 1929/3034/4 1932/3035/4 1928/3036/4
f 1930/3037/6 1933/3038/6 1929/3039/6
f 1927/3040/5 1934/3041/5 1930/3042/5
f 1938/3043/3 1936/3044/3 1935/3045/3
f 1937/3046/4 1940/3047/4 1936/3048/4
f 1935/3049/5 1942/3050/5 1938/3051/5
f 1941/3052/4 1944/3053/4 1940/3047/4
f 1942/3054/6 1945/3055/6 1941/3056/6
f 1939/3057/5 1946/3058/5 1942/3050/5
f 1948/3059/1 1950/3060/1 1947/3061/1
f 1945/3062/4 1948/3063/4 1944/3053/4
f 1946/3064/6 1949/3065/6 1945/3055/6
f 1943/3066/5 1950/3067/5 1946/3058/5
f 1952/3068/3 1937/3069/3 1938/3043/3
f 1951/3070/4 1941/3052/4 1937/3046/4
f 1952/3071/6 1953/3072/6 1951/3073/6
f 1938/3051/5 1954/3074/5 1952/3075/5
f 1949/3076/1 1958/3077/1 1950/3060/1
f 1955/3078/4 1949/3079/4 1945/3062/4
f 1956/3080/6 1957/3081/6 1955/3082/6
f 1946/3058/5 1958/3083/5 1956/3084/5
f 1963/3085/1 1965/3086/1 1962/3087/1
f 1961/3088/6 1964/3089/6 1960/3090/6
f 1959/3091/5 1965/3092/5 1961/3093/5
f 1966/3094/6 1967/3095/6 1968/3096/6
f 1969/3097/72 1970/3098/72 1971/3099/72
f 1974/3100/66 1975/3101/66 1976/3102/66
f 1983/3103/67 1984/3104/67 1985/3105/67
f 1986/3106/76 1987/3107/76 1988/3108/76
f 1973/3109/16 1969/3110/16 1971/3111/16
f 1983/3103/18 1982/3112/18 1981/3113/18
f 1986/3114/19 1985/3105/19 1984/3104/19
f 1991/3115/78 1988/3116/78 1987/3117/78
f 1981/3118/21 1970/3098/21 1969/3097/21
f 1989/3119/22 1978/3120/22 1977/3121/22
f 1979/3122/3 1973/3123/3 1971/3124/3
f 1978/3120/6 1987/3125/6 1974/3126/6
f 1985/3105/1 1990/3127/1 1982/3112/1
f 1995/3128/66 1996/3129/66 1997/3130/66
f 1998/3131/74 1999/3132/74 2000/3133/74
f 2001/3134/75 2002/3135/75 2003/3136/75
f 2004/3137/76 2005/3138/76 2006/3139/76
f 2007/3140/77 2008/3141/77 2009/3142/77
f 1998/3143/29 1994/3144/29 1993/3145/29
f 2000/3133/162 1995/3146/162 1997/3147/162
f 2008/3148/30 2001/3134/30 2003/3136/30
f 2009/3149/78 2006/3150/78 2005/3151/78
f 2002/3152/21 1993/3145/21 1992/3153/21
f 2005/3138/33 1996/3129/33 1995/3128/33
f 2007/3140/22 1999/3132/22 1998/3131/22
f 1993/3145/5 2007/3154/5 1998/3143/5
f 1999/3132/6 2005/3155/6 1995/3146/6
f 2010/3156/72 2011/3157/72 2012/3158/72
f 2015/3159/66 2016/3160/66 2017/3161/66
f 2018/3162/74 2019/3163/74 2020/3164/74
f 2021/3165/75 2022/3166/75 2023/3167/75
f 2024/3168/67 2025/2769/67 2026/3169/67
f 2027/3170/76 2028/3171/76 2029/3172/76
f 2030/3173/77 2031/3174/77 2032/3175/77
f 2014/3176/68 2010/3177/68 2012/3178/68
f 2018/3179/29 2012/3158/29 2011/3157/29
f 2020/3164/23 2015/3180/23 2017/3181/23
f 2031/3182/30 2021/3165/30 2023/3167/30
f 2024/3168/18 2023/3167/18 2022/3166/18
f 2032/3183/20 2029/3184/20 2028/3185/20
f 2022/3186/21 2011/3157/21 2010/3156/21
f 2028/3171/33 2016/3160/33 2015/3159/33
f 2030/3173/22 2019/3163/22 2018/3162/22
f 2013/3187/7 2022/3188/7 2010/3177/7
f 2020/3189/3 2014/3190/3 2012/3191/3
f 2011/3157/5 2030/3192/5 2018/3179/5
f 2019/3163/6 2028/3193/6 2015/3180/6
f 2026/3169/1 2031/3182/1 2023/3167/1
f 2034/3194/5 2036/3195/5 2033/3196/5
f 2037/3197/3 2039/3198/3 2038/621/3
f 2041/3199/1 2043/3200/1 2044/3201/1
f 2038/3202/84 2041/3203/84 2037/3204/84
f 2039/3205/85 2042/3206/85 2038/3207/85
f 2040/3208/86 2043/3209/86 2039/3210/86
f 2037/3211/87 2044/3212/87 2040/3213/87
f 2048/3214/3 2046/3215/3 2045/3216/3
f 2046/3217/7 2049/3218/7 2045/3219/7
f 2048/3220/6 2051/3221/6 2047/3222/6
f 2045/3223/5 2052/3224/5 2048/3225/5
f 2053/3226/124 2054/3227/124 2055/3228/124
f 2056/3229/43 2057/3230/43 2058/3231/43
f 2059/3232/89 2060/3233/89 2061/3234/89
f 2062/3235/136 2063/3236/136 2064/3237/136
f 2065/3238/137 2066/3239/137 2067/3240/137
f 2068/3241/81 2069/3242/81 2070/3243/81
f 2071/3244/91 2072/3245/91 2073/3246/91
f 2074/3247/138 2075/3248/138 2076/3249/138
f 2057/3230/16 2053/3250/16 2055/3251/16
f 2062/3252/29 2055/3228/29 2054/3227/29
f 2064/3237/23 2059/3253/23 2061/3254/23
f 2061/3234/17 2058/3255/17 2057/3256/17
f 2075/3257/30 2065/3238/30 2067/3240/30
f 2068/3241/18 2067/3240/18 2066/3239/18
f 2071/3258/19 2070/3243/19 2069/3242/19
f 2076/3259/20 2073/3260/20 2072/3261/20
f 2066/3262/21 2054/3227/21 2053/3226/21
f 2069/3263/44 2056/3229/44 2058/3231/44
f 2072/3245/33 2060/3233/33 2059/3232/33
f 2074/3247/22 2063/3236/22 2062/3235/22
f 2056/3229/7 2066/3264/7 2053/3250/7
f 2064/3265/3 2057/3266/3 2055/3267/3
f 2054/3227/5 2074/3268/5 2062/3252/5
f 2060/3233/4 2069/3269/4 2058/3255/4
f 2063/3236/6 2072/3270/6 2059/3253/6
f 2070/3243/1 2075/3257/1 2067/3240/1
f 2080/3271/3 2078/3272/3 2077/3273/3
f 2078/3274/7 2081/3275/7 2077/3276/7
f 2079/3277/4 2082/3278/4 2078/3279/4
f 2080/3280/6 2083/3281/6 2079/3282/6
f 2085/3283/55 2086/3284/55 2087/3285/55
f 2088/3286/134 2089/3287/134 2090/3288/134
f 2094/3289/136 2095/3290/136 2096/3291/136
f 2097/3292/163 2098/3293/163 2099/3294/163
f 2100/3295/90 2101/3296/90 2102/3297/90
f 2106/3298/138 2107/3299/138 2108/3300/138
f 2089/3287/16 2085/3301/16 2087/3302/16
f 2094/3303/29 2087/3285/29 2086/3284/29
f 2096/3291/23 2091/3304/23 2093/3305/23
f 2093/3306/17 2090/3307/17 2089/3308/17
f 2107/3309/30 2097/3292/30 2099/3294/30
f 2100/3295/18 2099/3294/18 2098/3293/18
f 2103/3310/19 2102/3297/19 2101/3296/19
f 2108/3311/20 2105/3312/20 2104/3313/20
f 2098/3314/21 2086/3284/21 2085/3283/21
f 2101/3315/44 2088/3286/44 2090/3288/44
f 2106/3298/22 2095/3290/22 2094/3289/22
f 2088/3286/7 2098/3316/7 2085/3301/7
f 2096/3317/3 2089/3318/3 2087/3319/3
f 2086/3284/5 2106/3320/5 2094/3303/5
f 2092/3321/4 2101/3322/4 2090/3307/4
f 2095/3290/6 2104/3323/6 2091/3304/6
f 2102/3297/1 2107/3309/1 2099/3294/1
f 2112/3324/3 2110/3325/3 2109/3326/3
f 2110/3327/7 2113/3328/7 2109/3329/7
f 2111/3330/4 2114/3331/4 2110/3332/4
f 2112/3333/6 2115/3334/6 2111/3335/6
f 2117/3336/72 2118/3337/72 2119/3338/72
f 2122/3339/89 2123/3340/89 2124/3341/89
f 2125/3342/136 2126/3343/136 2127/3344/136
f 2128/3345/75 2129/3346/75 2130/3347/75
f 2133/3348/91 2134/3349/91 2135/3350/91
f 2136/3351/138 2137/3352/138 2138/3353/138
f 2121/3354/16 2117/3355/16 2119/3356/16
f 2125/3357/29 2119/3338/29 2118/3337/29
f 2127/3344/23 2122/3358/23 2124/3359/23
f 2137/3360/30 2128/3345/30 2130/3347/30
f 2131/3361/18 2130/3347/18 2129/3346/18
f 2138/3362/20 2135/3363/20 2134/3364/20
f 2129/3365/21 2118/3337/21 2117/3336/21
f 2134/3349/33 2123/3340/33 2122/3339/33
f 2136/3351/22 2126/3343/22 2125/3342/22
f 2120/3366/7 2129/3367/7 2117/3355/7
f 2127/3368/3 2121/3369/3 2119/3370/3
f 2118/3337/5 2136/3371/5 2125/3357/5
f 2126/3343/6 2134/3372/6 2122/3358/6
f 2132/3373/1 2137/3360/1 2130/3347/1
f 2139/3374/55 2140/3375/55 2141/3376/55
f 2142/3377/56 2143/3378/56 2144/3379/56
f 2145/3380/24 2146/3381/24 2147/3382/24
f 2148/3383/25 2149/3384/25 2150/3385/25
f 2143/3378/16 2139/3386/16 2141/3387/16
f 2150/3385/23 2145/3388/23 2147/3389/23
f 2152/3390/21 2140/3375/21 2139/3374/21
f 2155/3391/44 2142/3377/44 2144/3379/44
f 2158/3392/33 2146/3381/33 2145/3380/33
f 2160/3393/22 2149/3384/22 2148/3383/22
f 2142/3377/7 2152/3394/7 2139/3386/7
f 2140/3375/5 2160/3395/5 2148/3396/5
f 2146/3381/4 2155/3397/4 2144/3398/4
f 2149/3384/6 2158/3399/6 2145/3388/6
f 2156/3400/1 2161/3401/1 2153/3402/1
f 2163/3403/158 2164/3404/158 2165/3405/158
f 2166/3406/164 2167/3407/164 2168/3408/164
f 2169/3409/148 2170/3410/148 2171/3411/148
f 2172/3412/146 2173/3413/146 2174/3414/146
f 2175/3415/163 2176/3416/163 2177/3417/163
f 2178/3418/165 2179/3419/165 2180/3420/165
f 2181/3421/166 2182/3422/166 2183/3423/166
f 2184/3424/147 2185/3425/147 2186/3426/147
f 2167/3407/16 2163/3427/16 2165/3428/16
f 2172/3429/29 2165/3405/29 2164/3404/29
f 2174/3414/23 2169/3430/23 2171/3431/23
f 2185/3432/30 2175/3415/30 2177/3417/30
f 2178/3418/18 2177/3417/18 2176/3416/18
f 2186/3433/20 2183/3434/20 2182/3435/20
f 2176/3436/21 2164/3404/21 2163/3403/21
f 2179/3437/44 2166/3406/44 2168/3408/44
f 2182/3422/33 2170/3410/33 2169/3409/33
f 2184/3424/22 2173/3413/22 2172/3412/22
f 2166/3406/7 2176/3438/7 2163/3427/7
f 2164/3404/5 2184/3439/5 2172/3429/5
f 2173/3413/6 2182/3440/6 2169/3430/6
f 2187/3441/55 2188/3442/55 2189/3443/55
f 2190/3444/56 2191/3445/56 2192/3446/56
f 2193/3447/24 2194/3448/24 2195/3449/24
f 2196/3450/25 2197/3451/25 2198/3452/25
f 2191/3445/16 2187/3453/16 2189/3454/16
f 2198/3452/23 2193/3455/23 2195/3456/23
f 2200/3457/21 2188/3442/21 2187/3441/21
f 2203/3458/44 2190/3444/44 2192/3446/44
f 2206/3459/33 2194/3448/33 2193/3447/33
f 2208/3460/22 2197/3451/22 2196/3450/22
f 2190/3444/7 2200/3461/7 2187/3453/7
f 2188/3442/5 2208/3462/5 2196/3463/5
f 2194/3448/4 2203/3464/4 2192/3465/4
f 2197/3451/6 2206/3466/6 2193/3455/6
f 2204/3467/1 2209/3468/1 2201/3469/1
f 2211/3470/158 2212/3471/158 2213/3472/158
f 2214/3473/164 2215/3474/164 2216/3475/164
f 2217/3476/148 2218/3477/148 2219/3478/148
f 2220/3479/146 2221/3480/146 2222/3481/146
f 2223/3482/163 2224/3483/163 2225/3484/163
f 2226/3485/165 2227/3486/165 2228/3487/165
f 2229/3488/166 2230/3489/166 2231/3490/166
f 2232/3491/147 2233/3492/147 2234/3493/147
f 2215/3474/16 2211/3494/16 2213/3495/16
f 2222/3481/23 2217/3496/23 2219/3497/23
f 2219/3478/17 2216/3498/17 2215/3499/17
f 2226/3485/18 2225/3484/18 2224/3483/18
f 2229/3500/19 2228/3487/19 2227/3486/19
f 2234/3501/20 2231/3502/20 2230/3503/20
f 2224/3504/21 2212/3471/21 2211/3470/21
f 2227/3505/44 2214/3473/44 2216/3475/44
f 2230/3489/33 2218/3477/33 2217/3476/33
f 2232/3491/22 2221/3480/22 2220/3479/22
f 2214/3473/7 2224/3506/7 2211/3494/7
f 2218/3477/4 2227/3507/4 2216/3498/4
f 2221/3480/6 2230/3508/6 2217/3496/6
f 2235/3509/158 2236/3510/158 2237/3511/158
f 2238/3512/164 2239/3513/164 2240/3514/164
f 2241/3515/148 2242/3516/148 2243/3517/148
f 2244/3518/146 2245/3519/146 2246/3520/146
f 2239/3513/16 2235/3521/16 2237/3522/16
f 2244/3523/29 2237/3511/29 2236/3510/29
f 2246/3520/23 2241/3524/23 2243/3525/23
f 2243/3517/17 2240/3526/17 2239/3527/17
f 2257/3528/30 2247/3529/30 2249/3530/30
f 2250/3313/18 2249/3530/18 2248/3531/18
f 2253/3532/19 2252/3533/19 2251/3534/19
f 2258/3535/20 2255/3536/20 2254/3537/20
f 2238/3512/7 2248/3538/7 2235/3521/7
f 2246/3539/3 2239/3540/3 2237/3541/3
f 2245/3519/6 2254/3542/6 2241/3524/6
f 2252/3533/1 2257/3528/1 2249/3530/1
f 2262/3543/3 2260/3544/3 2259/3545/3
f 2262/3546/6 2264/3547/6 2261/3548/6
f 2259/3549/5 2265/3550/5 2262/3551/5
f 2266/3552/72 2267/3553/72 2268/3554/72
f 2269/3555/134 2270/3556/134 2271/3557/134
f 2272/3558/66 2273/3559/66 2274/3560/66
f 2275/3561/74 2276/3562/74 2277/3563/74
f 2270/3556/16 2266/3564/16 2268/3565/16
f 2275/3566/29 2268/3554/29 2267/3553/29
f 2277/3563/23 2272/3567/23 2274/3568/23
f 2274/3560/17 2271/3569/17 2270/3570/17
f 2288/3571/30 2278/3572/30 2280/3573/30
f 2284/3574/19 2283/3575/19 2282/3576/19
f 2279/3577/21 2267/3553/21 2266/3552/21
f 2282/3578/44 2269/3555/44 2271/3557/44
f 2285/3579/33 2273/3559/33 2272/3558/33
f 2287/3580/22 2276/3562/22 2275/3561/22
f 2269/3555/7 2279/3581/7 2266/3564/7
f 2277/3582/3 2270/609/3 2268/3583/3
f 2267/3553/5 2287/3584/5 2275/3566/5
f 2273/3559/4 2282/3585/4 2271/3569/4
f 2276/3562/6 2285/3586/6 2272/3567/6
f 2283/3575/1 2288/3571/1 2280/3573/1
f 2290/3587/55 2291/3588/55 2292/3589/55
f 2293/3590/134 2294/3591/134 2295/3592/134
f 2296/3593/135 2297/3594/135 2298/3595/135
f 2300/3596/26 2301/3597/26 2302/3598/26
f 2303/3599/67 2304/3600/67 2305/3601/67
f 2306/3602/76 2307/3603/76 2308/3604/76
f 2294/3591/16 2290/3605/16 2292/3606/16
f 2298/3595/17 2295/3607/17 2294/3608/17
f 2303/3599/18 2302/3598/18 2301/3597/18
f 2306/3609/19 2305/3601/19 2304/3600/19
f 2310/3610/20 2308/3611/20 2307/3612/20
f 2301/3613/21 2291/3588/21 2290/3587/21
f 2304/3614/44 2293/3590/44 2295/3592/44
f 2307/3603/33 2297/3594/33 2296/3593/33
f 2293/3590/7 2301/3615/7 2290/3605/7
f 2297/3594/4 2304/3616/4 2295/3607/4
f 2299/3617/6 2307/3618/6 2296/3619/6
f 2305/3601/1 2309/3620/1 2302/3598/1
f 2312/3621/73 2313/3622/73 2314/3623/73
f 2315/3624/66 2316/3625/66 2317/3626/66
f 2318/3627/74 2319/3628/74 2320/3629/74
f 2323/3630/67 2324/3631/67 2325/3632/67
f 2326/3633/76 2327/3634/76 2328/3635/76
f 2329/3636/77 2330/3637/77 2331/3638/77
f 2320/3629/23 2315/3639/23 2317/3640/23
f 2317/3626/17 2314/3641/17 2313/3642/17
f 2323/3630/18 2322/3643/18 2321/3644/18
f 2326/3645/19 2325/3632/19 2324/3631/19
f 2331/3646/20 2328/3647/20 2327/3648/20
f 2324/3649/44 2312/3621/44 2314/3623/44
f 2327/3634/33 2316/3625/33 2315/3624/33
f 2329/3636/22 2319/3628/22 2318/3627/22
f 2312/3621/7 2321/3650/7 2311/3651/7
f 2316/3625/4 2324/3652/4 2314/3641/4
f 2319/3628/6 2327/3653/6 2315/3639/6
f 2325/3632/1 2330/3654/1 2322/3643/1
f 2332/3655/55 2333/3656/55 2334/3657/55
f 2341/3658/25 2342/3659/25 2343/3660/25
f 2344/3661/26 2345/3662/26 2346/3663/26
f 2353/3664/28 2354/3665/28 2355/3666/28
f 2336/3667/16 2332/3668/16 2334/3669/16
f 2341/3670/29 2334/3657/29 2333/3656/29
f 2343/3660/23 2338/3671/23 2340/3672/23
f 2340/3673/17 2337/3674/17 2336/3675/17
f 2354/3676/30 2344/3661/30 2346/3663/30
f 2347/3677/18 2346/3663/18 2345/3662/18
f 2350/3678/19 2349/3679/19 2348/3680/19
f 2355/3681/20 2352/3682/20 2351/3683/20
f 2345/3684/21 2333/3656/21 2332/3655/21
f 2353/3664/22 2342/3659/22 2341/3658/22
f 2335/3685/7 2345/3686/7 2332/3668/7
f 2343/3687/3 2336/3688/3 2334/3689/3
f 2333/3656/5 2353/3690/5 2341/3670/5
f 2339/3691/4 2348/3692/4 2337/3674/4
f 2342/3659/6 2351/3693/6 2338/3671/6
f 2349/3679/1 2354/3676/1 2346/3663/1
f 2359/3694/3 2357/3695/3 2356/3696/3
f 2361/3697/1 2363/3698/1 2360/3699/1
f 2357/3700/7 2360/3701/7 2356/3702/7
f 2358/3703/4 2361/3704/4 2357/3705/4
f 2359/3706/6 2362/3707/6 2358/3708/6
f 2356/3709/5 2363/3710/5 2359/3711/5
f 2372/3712/4 2368/3713/4 2364/3714/4
f 2379/3715/5 2383/3716/5 2387/3717/5
f 2365/3718/167 2376/3719/167 2364/3720/167
f 2366/3721/18 2377/3722/18 2365/3723/18
f 2367/3724/168 2378/3725/168 2366/3721/168
f 2368/3726/169 2379/3727/169 2367/3724/169
f 2369/3728/20 2380/3729/20 2368/3726/20
f 2370/3730/170 2381/3731/170 2369/3732/170
f 2371/3733/171 2382/3734/171 2370/3730/171
f 2364/3720/172 2387/3735/172 2375/3736/172
f 2388/3737/158 2389/3738/158 2390/3739/158
f 2391/3740/164 2392/3741/164 2393/3742/164
f 2394/3743/148 2395/3744/148 2396/3745/148
f 2397/3746/146 2398/3747/146 2399/3748/146
f 2400/3749/163 2401/3750/163 2402/3751/163
f 2403/3752/165 2404/3753/165 2405/3754/165
f 2406/3755/166 2407/3756/166 2408/3757/166
f 2409/3758/147 2410/3759/147 2411/3760/147
f 2392/3741/16 2388/3761/16 2390/3762/16
f 2397/3763/29 2390/3739/29 2389/3738/29
f 2399/3748/23 2394/3764/23 2396/3765/23
f 2396/3745/17 2393/3766/17 2392/3767/17
f 2410/3768/30 2400/3749/30 2402/3751/30
f 2403/3752/18 2402/3751/18 2401/3750/18
f 2406/3769/19 2405/3754/19 2404/3753/19
f 2411/3770/20 2408/3771/20 2407/3772/20
f 2401/3773/21 2389/3738/21 2388/3737/21
f 2404/3774/44 2391/3740/44 2393/3742/44
f 2409/3758/22 2398/3747/22 2397/3746/22
f 2391/3740/7 2401/3775/7 2388/3761/7
f 2399/3776/3 2392/3777/3 2390/3778/3
f 2389/3738/5 2409/3779/5 2397/3763/5
f 2395/3744/4 2404/3780/4 2393/3766/4
f 2398/3747/6 2407/3781/6 2394/3764/6
f 2405/3754/1 2410/3768/1 2402/3751/1
f 2412/3782/55 2413/3783/55 2414/3784/55
f 2415/3785/73 2416/3786/73 2417/3787/73
f 2418/3788/66 2419/3789/66 2420/3790/66
f 2421/3791/74 2422/3792/74 2423/3793/74
f 2424/3794/26 2425/3795/26 2426/3796/26
f 2427/3797/67 2428/3798/67 2429/3799/67
f 2430/3800/76 2431/3801/76 2432/3802/76
f 2433/3803/77 2434/3804/77 2435/3805/77
f 2416/3786/16 2412/3806/16 2414/3807/16
f 2421/3808/29 2414/3784/29 2413/3783/29
f 2423/3793/23 2418/3809/23 2420/3810/23
f 2420/3790/17 2417/3811/17 2416/3812/17
f 2434/3813/30 2424/3794/30 2426/3796/30
f 2427/3797/18 2426/3796/18 2425/3795/18
f 2430/3814/19 2429/3799/19 2428/3798/19
f 2435/3815/83 2432/3816/83 2431/3817/83
f 2425/3818/21 2413/3783/21 2412/3782/21
f 2428/3819/44 2415/3785/44 2417/3787/44
f 2431/3801/33 2419/3789/33 2418/3788/33
f 2433/3803/22 2422/3792/22 2421/3791/22
f 2415/3785/7 2425/3820/7 2412/3806/7
f 2423/3821/3 2416/3822/3 2414/1456/3
f 2413/3783/5 2433/3823/5 2421/3808/5
f 2419/3789/4 2428/3824/4 2417/3811/4
f 2422/3792/6 2431/3825/6 2418/3809/6
f 2429/3799/1 2434/3813/1 2426/3796/1
f 2439/3826/3 2437/3827/3 2436/3828/3
f 2437/3829/7 2440/3830/7 2436/3831/7
f 2438/3832/4 2441/3833/4 2437/3834/4
f 2439/3835/6 2442/3836/6 2438/3837/6
f 2436/3838/5 2443/3839/5 2439/3840/5
f 2447/3841/3 2445/3842/3 2444/3826/3
f 2445/3843/7 2448/3844/7 2444/3845/7
f 2446/3846/4 2449/3847/4 2445/3848/4
f 2447/3849/6 2450/3850/6 2446/3851/6
f 2444/3852/5 2451/3853/5 2447/3854/5
f 2453/3855/173 2468/3856/173 2452/3857/173
f 2454/3858/174 2469/3859/174 2453/3855/174
f 2454/3860/175 2471/3861/175 2470/3862/175
f 2455/3863/176 2472/3864/176 2471/3861/176
f 2457/3865/177 2472/3864/177 2456/3866/177
f 2458/3867/178 2473/3868/178 2457/3865/178
f 2459/3869/179 2474/3870/179 2458/3871/179
f 2460/3872/180 2475/3873/180 2459/3869/180
f 2461/3874/181 2476/3875/181 2460/3872/181
f 2461/3874/182 2478/3876/182 2477/3877/182
f 2462/3878/183 2479/3879/183 2478/3880/183
f 2464/3881/184 2479/3879/184 2463/3882/184
f 2464/3881/185 2481/3883/185 2480/3884/185
f 2466/3885/186 2481/3883/186 2465/3886/186
f 2467/3887/187 2482/3888/187 2466/3889/187
f 2452/3857/188 2483/3890/188 2467/3887/188
f 2469/3859/189 2484/3891/189 2468/3856/189
f 2469/3859/190 2486/3892/190 2485/3893/190
f 2471/3861/191 2486/3894/191 2470/3862/191
f 2472/3864/192 2487/3895/192 2471/3861/192
f 2472/3864/193 2489/3896/193 2488/3897/193
f 2474/3898/194 2489/3896/194 2473/3868/194
f 2475/3873/195 2490/3899/195 2474/3870/195
f 2476/3875/196 2491/3900/196 2475/3873/196
f 2477/3877/197 2492/3901/197 2476/3875/197
f 2478/3876/198 2493/3902/198 2477/3877/198
f 2479/3879/199 2494/3903/199 2478/3880/199
f 2479/3879/200 2496/3904/200 2495/3905/200
f 2480/3884/201 2497/3906/201 2496/3904/201
f 2482/3907/202 2497/3906/202 2481/3883/202
f 2482/3888/203 2499/3908/203 2498/3909/203
f 2468/3856/204 2499/3908/204 2483/3890/204
f 2485/3893/205 2500/3910/205 2484/3891/205
f 2485/3893/206 2502/3911/206 2501/3912/206
f 2487/3895/207 2502/3913/207 2486/3894/207
f 2487/3895/208 2504/3914/208 2503/3915/208
f 2488/3897/209 2505/3916/209 2504/3914/209
f 2490/3917/210 2505/3916/210 2489/3896/210
f 2491/3900/211 2506/3918/211 2490/3899/211
f 2492/3901/212 2507/3919/212 2491/3900/212
f 2493/3902/213 2508/3920/213 2492/3901/213
f 2494/3921/214 2509/3922/214 2493/3902/214
f 2494/3903/215 2511/3923/215 2510/3924/215
f 2496/3904/216 2511/3923/216 2495/3905/216
f 2497/3906/217 2512/3925/217 2496/3904/217
f 2498/3926/218 2513/3927/218 2497/3906/218
f 2499/3908/219 2514/3928/219 2498/3909/219
f 2484/3891/220 2515/3929/220 2499/3908/220
f 2500/3910/221 2517/3930/221 2516/3931/221
f 2502/3911/222 2517/3930/222 2501/3912/222
f 2503/3915/223 2518/3932/223 2502/3913/223
f 2503/3915/224 2520/3933/224 2519/3934/224
f 2505/3916/225 2520/3933/225 2504/3914/225
f 2506/3935/226 2521/3936/226 2505/3916/226
f 2507/3919/227 2522/3937/227 2506/3918/227
f 2508/3920/228 2523/3938/228 2507/3919/228
f 2508/3920/229 2525/3939/229 2524/3940/229
f 2509/3922/230 2526/3941/230 2525/3939/230
f 2510/3924/231 2527/3942/231 2526/3943/231
f 2511/3923/232 2528/3944/232 2527/3942/232
f 2513/3927/233 2528/3944/233 2512/3925/233
f 2513/3927/234 2530/3945/234 2529/3946/234
f 2514/3928/235 2531/3947/235 2530/3948/235
f 2500/3910/236 2531/3947/236 2515/3929/236
f 2517/3949/1 2532/3950/1 2516/3951/1
f 2518/3952/1 2533/3953/1 2517/3949/1
f 2519/3954/1 2534/3955/1 2518/3952/1
f 2519/3954/1 2536/3956/1 2535/3957/1
f 2520/3958/1 2537/3959/1 2536/3956/1
f 2522/3960/1 2537/3959/1 2521/3961/1
f 2522/3960/1 2539/3962/1 2538/3963/1
f 2523/3964/1 2540/3965/1 2539/3962/1
f 2524/3966/1 2541/3967/1 2540/3965/1
f 2525/3968/1 2542/3969/1 2541/3967/1
f 2526/3970/1 2543/3971/1 2542/3969/1
f 2528/3972/1 2543/3971/1 2527/3973/1
f 2529/3974/1 2544/3975/1 2528/3972/1
f 2530/3976/1 2545/3977/1 2529/3974/1
f 2531/3978/1 2546/3979/1 2530/3976/1
f 2516/3951/1 2547/3980/1 2531/3978/1
f 2533/3981/237 2548/3982/237 2532/3983/237
f 2534/3984/238 2549/3985/238 2533/3981/238
f 2535/3986/239 2550/3987/239 2534/3988/239
f 2536/3989/240 2551/3990/240 2535/3986/240
f 2537/3991/241 2552/3992/241 2536/3989/241
f 2538/3993/242 2553/3994/242 2537/3991/242
f 2539/3995/243 2554/3996/243 2538/3997/243
f 2540/3998/244 2555/3999/244 2539/3995/244
f 2541/4000/245 2556/4001/245 2540/3998/245
f 2542/4002/246 2557/4003/246 2541/4000/246
f 2543/4004/247 2558/4005/247 2542/4006/247
f 2544/4007/248 2559/4008/248 2543/4004/248
f 2545/4009/249 2560/4010/249 2544/4007/249
f 2546/4011/250 2561/4012/250 2545/4009/250
f 2547/4013/251 2562/4014/251 2546/4015/251
f 2532/3983/252 2563/4016/252 2547/4013/252
f 2565/4017/253 2580/4018/253 2564/4019/253
f 2565/4017/254 2582/4020/254 2581/4021/254
f 2566/4022/255 2583/4023/255 2582/4024/255
f 2567/4025/256 2584/4026/256 2583/4023/256
f 2569/4027/257 2584/4026/257 2568/4028/257
f 2570/4029/258 2585/4030/258 2569/4027/258
f 2571/4031/259 2586/4032/259 2570/4033/259
f 2571/4031/260 2588/4034/260 2587/4035/260
f 2573/4036/261 2588/4034/261 2572/4037/261
f 2574/4038/262 2589/4039/262 2573/4036/262
f 2575/4040/263 2590/4041/263 2574/4042/263
f 2576/4043/264 2591/4044/264 2575/4040/264
f 2577/4045/265 2592/4046/265 2576/4043/265
f 2577/4045/266 2594/4047/266 2593/4048/266
f 2579/4049/267 2594/4050/267 2578/4051/267
f 2579/4049/268 2580/4018/268 2595/4052/268
f 2581/4021/269 2596/4053/269 2580/4018/269
f 2581/4021/270 2598/4054/270 2597/4055/270
f 2583/4023/271 2598/4056/271 2582/4024/271
f 2584/4026/272 2599/4057/272 2583/4023/272
f 2584/4026/273 2601/4058/273 2600/4059/273
f 2586/4060/274 2601/4058/274 2585/4030/274
f 2587/4035/275 2602/4061/275 2586/4032/275
f 2587/4035/276 2604/4062/276 2603/4063/276
f 2588/4034/277 2605/4064/277 2604/4062/277
f 2589/4039/278 2606/4065/278 2605/4064/278
f 2591/4044/279 2606/4066/279 2590/4041/279
f 2592/4046/280 2607/4067/280 2591/4044/280
f 2592/4046/281 2609/4068/281 2608/4069/281
f 2594/4047/282 2609/4068/282 2593/4048/282
f 2595/4052/283 2610/4070/283 2594/4050/283
f 2580/4018/284 2611/4071/284 2595/4052/284
f 2596/4053/285 2613/4072/285 2612/4073/285
f 2597/4055/286 2614/4074/286 2613/4072/286
f 2598/4056/287 2615/4075/287 2614/4076/287
f 2599/4057/288 2616/4077/288 2615/4075/288
f 2601/4058/289 2616/4077/289 2600/4059/289
f 2601/4058/290 2618/4078/290 2617/4079/290
f 2603/4063/291 2618/4080/291 2602/4061/291
f 2604/4062/292 2619/4081/292 2603/4063/292
f 2605/4064/293 2620/4082/293 2604/4062/293
f 2605/4064/294 2622/4083/294 2621/4084/294
f 2607/4067/295 2622/4085/295 2606/4066/295
f 2607/4067/296 2624/4086/296 2623/4087/296
f 2609/4068/297 2624/4086/297 2608/4069/297
f 2609/4068/298 2626/4088/298 2625/4089/298
f 2611/4071/299 2626/4090/299 2610/4070/299
f 2611/4071/300 2612/4073/300 2627/4091/300
f 2613/4072/301 2628/4092/301 2612/4073/301
f 2614/4074/302 2629/4093/302 2613/4072/302
f 2614/4076/303 2631/4094/303 2630/4095/303
f 2616/4077/304 2631/4094/304 2615/4075/304
f 2617/4079/305 2632/4096/305 2616/4077/305
f 2617/4079/306 2634/4097/306 2633/4098/306
f 2618/4080/307 2635/4099/307 2634/4100/307
f 2620/4082/308 2635/4099/308 2619/4081/308
f 2620/4082/309 2637/4101/309 2636/4102/309
f 2621/4084/310 2638/4103/310 2637/4101/310
f 2623/4087/311 2638/4104/311 2622/4085/311
f 2624/4086/312 2639/4105/312 2623/4087/312
f 2624/4086/313 2641/4106/313 2640/4107/313
f 2626/4088/314 2641/4106/314 2625/4089/314
f 2626/4090/315 2643/4108/315 2642/4109/315
f 2612/4073/316 2643/4108/316 2627/4091/316
f 2629/4110/1 2644/4111/1 2628/4112/1
f 2630/4113/1 2645/4114/1 2629/4110/1
f 2631/4115/1 2646/4116/1 2630/4113/1
f 2632/4117/1 2647/4118/1 2631/4115/1
f 2632/4117/1 2649/4119/1 2648/4120/1
f 2633/4121/1 2650/4122/1 2649/4119/1
f 2634/4123/1 2651/4124/1 2650/4122/1
f 2635/4125/1 2652/4126/1 2651/4124/1
f 2637/4127/1 2652/4126/1 2636/4128/1
f 2638/4129/1 2653/4130/1 2637/4127/1
f 2639/4131/1 2654/4132/1 2638/4129/1
f 2639/4131/1 2656/4133/1 2655/4134/1
f 2641/4135/1 2656/4133/1 2640/4136/1
f 2641/4135/1 2658/4137/1 2657/4138/1
f 2642/4139/1 2659/4140/1 2658/4137/1
f 2643/4141/1 2644/4111/1 2659/4140/1
f 2645/4142/237 2660/4143/237 2644/4144/237
f 2646/4145/238 2661/4146/238 2645/4142/238
f 2647/4147/239 2662/4148/239 2646/4149/239
f 2648/4150/240 2663/4151/240 2647/4147/240
f 2649/4152/241 2664/4153/241 2648/4150/241
f 2650/4154/242 2665/4155/242 2649/4152/242
f 2651/4156/243 2666/4157/243 2650/4158/243
f 2652/4159/244 2667/4160/244 2651/4156/244
f 2653/4161/245 2668/4162/245 2652/4159/245
f 2654/4163/246 2669/4164/246 2653/4161/246
f 2655/4165/247 2670/4166/247 2654/4167/247
f 2656/4168/248 2671/4169/248 2655/4165/248
f 2657/4170/249 2672/4171/249 2656/4168/249
f 2658/4172/250 2673/4173/250 2657/4170/250
f 2659/4174/251 2674/4175/251 2658/4176/251
f 2644/4144/252 2675/4177/252 2659/4174/252
f 2677/4178/5 2679/4179/5 2676/4180/5
f 2683/4181/4 2681/4182/4 2680/4183/4
f 2680/4184/7 2677/4185/7 2676/4186/7
f 2678/4187/6 2683/4188/6 2679/4189/6
f 2679/4190/3 2680/4191/3 2676/4192/3
f 2681/4193/1 2678/4194/1 2677/4195/1
f 2685/4196/5 2687/4197/5 2684/4198/5
f 2691/4199/4 2689/4200/4 2688/4201/4
f 2688/4202/7 2685/4203/7 2684/4204/7
f 2686/4205/6 2691/4206/6 2687/4207/6
f 2687/4208/3 2688/4209/3 2684/4210/3
f 2689/4211/1 2686/4212/1 2685/4213/1
f 2693/4214/5 2695/4215/5 2692/4216/5
f 2699/4217/4 2697/4218/4 2696/4219/4
f 2696/4220/7 2693/4221/7 2692/4222/7
f 2694/4223/6 2699/4224/6 2695/4225/6
f 2695/4226/3 2696/4227/3 2692/4228/3
f 2697/4229/1 2694/4230/1 2693/4231/1
f 2701/4232/5 2703/4233/5 2700/4234/5
f 2707/4235/4 2705/4236/4 2704/4237/4
f 2704/4238/7 2701/4239/7 2700/4240/7
f 2702/4241/6 2707/4242/6 2703/4243/6
f 2703/4244/3 2704/4245/3 2700/4246/3
f 2705/4247/1 2702/4248/1 2701/4249/1
f 2709/4250/5 2711/4251/5 2708/4252/5
f 2715/4253/4 2713/4254/4 2712/4255/4
f 2712/4256/7 2709/4257/7 2708/4258/7
f 2710/4259/6 2715/4260/6 2711/4261/6
f 2711/4262/3 2712/4263/3 2708/4264/3
f 2713/4265/1 2710/4266/1 2709/4267/1
f 2717/4268/5 2719/4269/5 2716/4270/5
f 2723/4271/4 2721/4272/4 2720/4273/4
f 2720/4274/7 2717/4275/7 2716/4276/7
f 2718/4277/6 2723/4278/6 2719/4279/6
f 2719/4280/3 2720/4281/3 2716/4282/3
f 2721/4283/1 2718/4284/1 2717/4285/1
f 2725/4286/5 2727/4287/5 2724/4288/5
f 2731/4289/4 2729/4290/4 2728/4291/4
f 2728/4292/7 2725/4293/7 2724/4294/7
f 2726/4295/6 2731/4296/6 2727/4297/6
f 2727/4298/3 2728/4299/3 2724/4300/3
f 2729/4301/1 2726/4302/1 2725/4303/1
f 2733/4304/5 2735/4305/5 2732/4306/5
f 2739/4307/4 2737/4308/4 2736/4309/4
f 2736/4310/7 2733/4311/7 2732/4312/7
f 2734/4313/6 2739/4314/6 2735/4315/6
f 2735/4316/3 2736/4317/3 2732/4191/3
f 2737/4318/1 2734/4319/1 2733/4283/1
f 2741/4320/5 2743/4321/5 2740/4322/5
f 2747/4323/4 2745/4324/4 2744/4325/4
f 2744/4326/7 2741/4327/7 2740/4328/7
f 2742/4329/6 2747/4330/6 2743/4331/6
f 2743/4332/3 2744/4333/3 2740/4334/3
f 2745/4335/1 2742/4336/1 2741/4337/1
f 2749/4338/5 2751/4339/5 2748/4340/5
f 2755/4341/4 2753/4342/4 2752/4343/4
f 2752/4344/7 2749/4345/7 2748/4346/7
f 2750/4347/6 2755/4348/6 2751/4349/6
f 2751/4350/3 2752/4351/3 2748/4352/3
f 2753/4353/1 2750/4354/1 2749/4355/1
f 2757/4356/5 2759/4357/5 2756/4358/5
f 2763/4359/4 2761/4360/4 2760/4361/4
f 2760/4362/7 2757/4363/7 2756/4364/7
f 2758/4365/6 2763/4366/6 2759/4367/6
f 2759/4368/3 2760/4369/3 2756/4370/3
f 2761/4371/1 2758/4372/1 2757/4373/1
f 2765/4374/5 2767/4375/5 2764/4376/5
f 2771/4377/4 2769/4378/4 2768/4379/4
f 2768/4380/7 2765/4381/7 2764/4382/7
f 2766/4383/6 2771/4384/6 2767/4385/6
f 2767/4386/3 2768/4370/3 2764/4387/3
f 2769/4388/1 2766/4389/1 2765/4390/1
f 2773/4391/5 2775/4392/5 2772/4393/5
f 2779/4394/4 2777/4395/4 2776/4396/4
f 2776/4397/7 2773/4398/7 2772/4399/7
f 2774/4400/6 2779/4401/6 2775/4402/6
f 2775/4403/3 2776/4404/3 2772/4405/3
f 2777/4406/1 2774/4407/1 2773/4408/1
f 2781/4409/5 2783/4410/5 2780/4411/5
f 2787/4412/4 2785/4413/4 2784/4414/4
f 2784/4415/7 2781/4416/7 2780/4417/7
f 2782/4418/6 2787/4419/6 2783/4420/6
f 2783/4421/3 2784/4422/3 2780/4423/3
f 2785/4249/1 2782/4424/1 2781/4425/1
f 2789/4426/5 2791/4427/5 2788/4428/5
f 2795/4429/4 2793/4430/4 2792/4431/4
f 2792/4432/7 2789/4433/7 2788/4434/7
f 2790/4435/6 2795/4436/6 2791/4437/6
f 2791/4438/3 2792/4439/3 2788/4440/3
f 2793/4441/1 2790/4442/1 2789/4443/1
f 2797/4444/5 2799/4445/5 2796/4446/5
f 2803/4447/4 2801/4448/4 2800/4449/4
f 2800/4450/7 2797/4451/7 2796/4452/7
f 2798/4453/6 2803/4454/6 2799/4455/6
f 2799/4456/3 2800/4457/3 2796/4458/3
f 2801/4459/1 2798/4460/1 2797/4461/1
f 2805/4462/5 2807/4463/5 2804/4464/5
f 2811/4465/4 2809/4466/4 2808/4467/4
f 2808/4468/7 2805/4469/7 2804/4470/7
f 2806/4471/6 2811/4472/6 2807/4473/6
f 2807/4474/3 2808/4475/3 2804/4476/3
f 2809/4477/1 2806/4478/1 2805/4479/1
f 2813/4480/5 2815/4481/5 2812/4482/5
f 2819/4483/4 2817/4484/4 2816/4485/4
f 2816/4486/7 2813/4487/7 2812/4488/7
f 2814/4489/6 2819/4490/6 2815/4491/6
f 2815/4492/3 2816/4493/3 2812/4494/3
f 2817/4495/1 2814/4496/1 2813/4497/1
f 2821/4498/5 2823/4499/5 2820/4500/5
f 2827/4501/4 2825/4502/4 2824/4503/4
f 2824/4504/7 2821/4505/7 2820/4506/7
f 2822/4507/6 2827/4508/6 2823/4509/6
f 2823/4510/3 2824/4511/3 2820/4512/3
f 2825/4513/1 2822/4514/1 2821/4515/1
f 2829/4516/5 2831/4517/5 2828/4518/5
f 2835/4519/4 2833/4520/4 2832/4521/4
f 2832/4522/7 2829/4523/7 2828/4524/7
f 2830/4525/6 2835/4526/6 2831/4527/6
f 2831/4528/3 2832/4529/3 2828/4530/3
f 2833/4531/1 2830/4532/1 2829/4533/1
f 2837/4534/5 2839/4535/5 2836/4536/5
f 2843/4537/4 2841/4538/4 2840/4539/4
f 2840/4540/7 2837/4541/7 2836/4542/7
f 2838/4543/6 2843/4544/6 2839/4545/6
f 2839/4546/3 2840/4512/3 2836/4547/3
f 2841/4548/1 2838/4549/1 2837/4513/1
f 2845/4550/5 2847/4551/5 2844/4552/5
f 2851/4553/4 2849/4554/4 2848/4555/4
f 2848/4556/7 2845/4557/7 2844/4558/7
f 2846/4559/6 2851/4560/6 2847/4561/6
f 2847/4562/3 2848/4563/3 2844/4564/3
f 2849/4565/1 2846/4566/1 2845/4567/1
f 2853/4568/5 2855/4569/5 2852/4570/5
f 2859/4571/4 2857/4572/4 2856/4573/4
f 2856/4574/7 2853/4575/7 2852/4576/7
f 2854/4577/6 2859/4578/6 2855/4579/6
f 2855/4580/3 2856/4581/3 2852/4582/3
f 2857/4583/1 2854/4584/1 2853/4585/1
f 2861/4586/5 2863/4587/5 2860/4588/5
f 2867/4589/4 2865/4590/4 2864/4591/4
f 2864/4592/7 2861/4593/7 2860/4594/7
f 2862/4595/6 2867/4596/6 2863/4597/6
f 2863/4598/3 2864/4582/3 2860/4599/3
f 2865/4600/1 2862/4601/1 2861/4602/1
f 2869/4603/5 2871/4604/5 2868/4605/5
f 2875/4606/4 2873/4607/4 2872/4608/4
f 2872/4609/7 2869/4610/7 2868/4611/7
f 2870/4612/6 2875/4613/6 2871/4614/6
f 2871/4615/3 2872/4616/3 2868/4617/3
f 2873/4618/1 2870/4619/1 2869/4620/1
f 2877/4621/5 2879/4622/5 2876/4623/5
f 2883/4624/4 2881/4625/4 2880/4626/4
f 2880/4627/7 2877/4628/7 2876/4629/7
f 2878/4630/6 2883/4631/6 2879/4632/6
f 2879/4633/3 2880/4634/3 2876/4635/3
f 2881/4636/1 2878/4637/1 2877/4638/1
f 2885/4639/5 2887/4640/5 2884/4641/5
f 2891/4642/4 2889/4643/4 2888/4644/4
f 2888/4645/7 2885/4646/7 2884/4647/7
f 2886/4648/6 2891/4649/6 2887/4650/6
f 2887/4651/3 2888/4652/3 2884/4653/3
f 2889/4654/1 2886/4655/1 2885/4656/1
f 2893/4657/5 2895/4658/5 2892/4659/5
f 2899/4660/4 2897/4661/4 2896/4662/4
f 2896/4663/7 2893/4664/7 2892/4665/7
f 2894/4666/6 2899/4667/6 2895/4668/6
f 2895/4669/3 2896/4670/3 2892/4671/3
f 2897/4672/1 2894/4673/1 2893/4674/1
f 2901/4675/5 2903/4676/5 2900/4677/5
f 2907/4678/4 2905/4679/4 2904/4680/4
f 2904/4681/7 2901/4682/7 2900/4683/7
f 2902/4684/6 2907/4685/6 2903/4686/6
f 2903/4687/3 2904/4688/3 2900/4689/3
f 2905/4690/1 2902/4691/1 2901/4692/1
f 2909/4693/5 2911/4694/5 2908/4695/5
f 2915/4696/4 2913/4697/4 2912/4698/4
f 2912/4699/7 2909/4700/7 2908/4701/7
f 2910/4702/6 2915/4703/6 2911/4704/6
f 2911/4705/3 2912/4706/3 2908/4707/3
f 2913/4708/1 2910/4709/1 2909/4710/1
f 2917/4711/5 2919/4712/5 2916/4713/5
f 2923/4714/4 2921/4715/4 2920/4716/4
f 2920/4717/7 2917/4718/7 2916/4719/7
f 2918/4720/6 2923/4721/6 2919/4722/6
f 2919/4723/3 2920/4635/3 2916/4724/3
f 2921/4725/1 2918/4726/1 2917/4727/1
f 2925/4728/5 2927/4729/5 2924/4730/5
f 2931/4731/4 2929/4732/4 2928/4733/4
f 2928/4734/7 2925/4735/7 2924/4736/7
f 2926/4737/6 2931/4738/6 2927/4739/6
f 2927/4740/3 2928/3282/3 2924/4741/3
f 2929/4742/1 2926/4743/1 2925/4744/1
f 2933/4745/5 2935/4746/5 2932/4747/5
f 2939/4748/4 2937/4749/4 2936/4750/4
f 2936/4751/7 2933/4752/7 2932/4753/7
f 2934/4754/6 2939/4755/6 2935/4756/6
f 2935/3708/3 2936/4757/3 2932/4758/3
f 2937/4759/1 2934/4760/1 2933/4761/1
f 2941/4762/5 2943/4763/5 2940/4764/5
f 2947/4765/4 2945/4766/4 2944/4767/4
f 2944/4768/7 2941/4769/7 2940/4770/7
f 2942/4771/6 2947/4772/6 2943/4773/6
f 2943/4774/3 2944/4775/3 2940/4776/3
f 2945/4777/1 2942/4778/1 2941/4779/1
f 2949/4780/5 2951/4781/5 2948/4782/5
f 2955/4783/4 2953/4784/4 2952/4785/4
f 2952/4786/7 2949/4787/7 2948/4788/7
f 2950/4789/6 2955/4790/6 2951/4791/6
f 2951/4792/3 2952/4793/3 2948/4794/3
f 2953/4795/1 2950/4796/1 2949/4797/1
f 2957/4798/5 2959/4799/5 2956/4800/5
f 2963/4801/4 2961/4802/4 2960/4803/4
f 2960/4804/7 2957/4805/7 2956/4806/7
f 2958/4807/6 2963/4808/6 2959/4809/6
f 2959/4810/3 2960/4707/3 2956/4811/3
f 2961/4812/1 2958/4813/1 2957/4814/1
f 2966/4815/4 2969/4816/4 2965/4817/4
f 2964/4818/5 2971/4819/5 2967/4820/5
f 2975/4821/3 2973/4822/3 2972/4823/3
f 2973/4824/7 2976/4825/7 2972/4826/7
f 2975/4827/6 2978/4828/6 2974/4829/6
f 2972/4830/5 2979/4831/5 2975/4832/5
f 2985/4833/1 2987/4834/1 2984/4835/1
f 2981/4836/7 2984/4837/7 2980/4838/7
f 2983/4839/6 2986/4840/6 2982/4841/6
f 2980/4842/5 2987/4843/5 2983/4844/5
f 2989/4845/7 2992/4846/7 2988/4847/7
f 2990/4848/4 2993/4849/4 2989/4850/4
f 2988/4851/5 2995/4852/5 2991/4853/5
f 2999/4854/3 2997/4855/3 2996/4856/3
f 2998/4857/4 3001/4858/4 2997/4859/4
f 2999/4860/6 3002/4861/6 2998/4862/6
f 2996/4863/5 3003/2061/5 2999/4852/5
f 3004/4864/5 3007/4865/5 3005/4866/5
f 3011/4867/3 3009/4868/3 3008/4869/3
f 3009/4870/7 3012/4871/7 3008/4872/7
f 3011/4873/6 3014/4874/6 3010/4875/6
f 3008/4876/5 3015/4877/5 3011/4878/5
f 3021/4879/1 3023/4880/1 3020/4881/1
f 3017/4882/7 3020/4883/7 3016/4884/7
f 3018/4885/4 3021/4886/4 3017/4887/4
f 3019/4888/6 3022/4889/6 3018/4890/6
f 3016/4891/5 3023/4892/5 3019/4893/5
f 3025/4894/7 3028/4895/7 3024/4896/7
f 3026/4897/4 3029/4898/4 3025/4899/4
f 3024/4900/5 3031/1937/5 3027/4898/5
f 3035/4901/3 3033/4902/3 3032/4903/3
f 3034/4904/4 3037/4905/4 3033/4906/4
f 3035/4907/6 3038/4908/6 3034/4909/6
f 3032/4910/5 3039/4911/5 3035/4912/5
f 3043/4913/3 3041/4914/3 3040/4915/3
f 3041/4916/7 3044/4917/7 3040/4918/7
f 3042/4919/4 3045/4920/4 3041/4921/4
f 3043/4922/6 3046/4923/6 3042/4924/6
f 3040/1470/5 3047/4925/5 3043/4926/5
f 3053/4927/1 3055/4928/1 3052/4929/1
f 3049/4930/7 3052/4931/7 3048/4932/7
f 3050/4933/4 3053/4934/4 3049/4935/4
f 3051/4936/6 3054/4937/6 3050/4938/6
f 3048/4939/5 3055/4940/5 3051/4941/5
f 2/1/1 40/5/1 39/2/1
f 3/4/1 41/7/1 40/5/1
f 4/6/1 42/9/1 41/7/1
f 5/8/1 43/11/1 42/9/1
f 6/10/1 44/13/1 43/11/1
f 7/12/1 45/15/1 44/13/1
f 8/14/1 46/17/1 45/15/1
f 9/16/1 47/19/1 46/17/1
f 10/18/1 48/21/1 47/19/1
f 11/20/1 49/23/1 48/21/1
f 12/22/1 50/25/1 49/23/1
f 13/24/1 51/27/1 50/25/1
f 14/26/1 52/29/1 51/27/1
f 15/28/1 53/31/1 52/29/1
f 16/30/1 54/33/1 53/31/1
f 17/32/1 55/35/1 54/33/1
f 18/34/1 56/37/1 55/35/1
f 19/36/1 57/39/1 56/37/1
f 20/38/1 58/41/1 57/39/1
f 21/40/1 59/43/1 58/41/1
f 22/42/1 60/45/1 59/43/1
f 23/44/1 61/47/1 60/45/1
f 24/46/1 62/49/1 61/47/1
f 25/48/1 63/51/1 62/49/1
f 26/50/1 64/53/1 63/51/1
f 27/52/1 65/55/1 64/53/1
f 28/54/1 66/57/1 65/55/1
f 29/56/1 67/59/1 66/57/1
f 30/58/1 68/61/1 67/59/1
f 31/60/1 69/63/1 68/61/1
f 32/62/1 70/65/1 69/63/1
f 33/64/1 71/67/1 70/65/1
f 34/66/1 72/69/1 71/67/1
f 35/68/1 73/71/1 72/69/1
f 36/70/1 74/73/1 73/71/1
f 37/72/1 75/75/1 74/73/1
f 38/74/1 76/112/1 75/75/1
f 40/5/1 78/77/1 77/76/1
f 41/7/1 79/78/1 78/77/1
f 42/9/1 80/79/1 79/78/1
f 43/11/1 81/80/1 80/79/1
f 44/13/1 82/81/1 81/80/1
f 45/15/1 83/82/1 82/81/1
f 46/17/1 84/83/1 83/82/1
f 47/19/1 85/84/1 84/83/1
f 48/21/1 86/85/1 85/84/1
f 49/23/1 87/86/1 86/85/1
f 50/25/1 88/87/1 87/86/1
f 51/27/1 89/88/1 88/87/1
f 52/29/1 90/89/1 89/88/1
f 53/31/1 91/90/1 90/89/1
f 54/33/1 92/91/1 91/90/1
f 55/35/1 93/92/1 92/91/1
f 56/37/1 94/93/1 93/92/1
f 57/39/1 95/94/1 94/93/1
f 58/41/1 96/95/1 95/94/1
f 59/43/1 97/96/1 96/95/1
f 60/45/1 98/97/1 97/96/1
f 61/47/1 99/98/1 98/97/1
f 62/49/1 100/99/1 99/98/1
f 63/51/1 101/100/1 100/99/1
f 64/53/1 102/101/1 101/100/1
f 65/55/1 103/102/1 102/101/1
f 66/57/1 104/103/1 103/102/1
f 67/59/1 105/104/1 104/103/1
f 68/61/1 106/105/1 105/104/1
f 69/63/1 107/106/1 106/105/1
f 70/65/1 108/107/1 107/106/1
f 71/67/1 109/108/1 108/107/1
f 72/69/1 110/109/1 109/108/1
f 73/71/1 111/110/1 110/109/1
f 74/73/1 112/111/1 111/110/1
f 75/75/1 113/113/1 112/111/1
f 76/112/1 114/150/1 113/113/1
f 78/77/2 116/115/2 115/114/2
f 79/78/2 117/116/2 116/115/2
f 80/79/2 118/117/2 117/116/2
f 81/80/2 119/118/2 118/117/2
f 82/81/2 120/119/2 119/118/2
f 83/82/2 121/120/2 120/119/2
f 84/83/2 122/121/2 121/120/2
f 85/84/2 123/122/2 122/121/2
f 86/85/2 124/123/2 123/122/2
f 87/86/2 125/124/2 124/123/2
f 88/87/2 126/125/2 125/124/2
f 89/88/2 127/126/2 126/125/2
f 90/89/2 128/127/2 127/126/2
f 91/90/2 129/128/2 128/127/2
f 92/91/2 130/129/2 129/128/2
f 93/92/2 131/130/2 130/129/2
f 94/93/2 132/131/2 131/130/2
f 95/94/2 133/132/2 132/131/2
f 96/95/2 134/133/2 133/132/2
f 97/96/2 135/134/2 134/133/2
f 98/97/2 136/135/2 135/134/2
f 99/98/2 137/136/2 136/135/2
f 100/99/2 138/137/2 137/136/2
f 101/100/2 139/138/2 138/137/2
f 102/101/2 140/139/2 139/138/2
f 103/102/2 141/140/2 140/139/2
f 104/103/2 142/141/2 141/140/2
f 105/104/2 143/142/2 142/141/2
f 106/105/2 144/143/2 143/142/2
f 107/106/2 145/144/2 144/143/2
f 108/107/2 146/145/2 145/144/2
f 109/108/2 147/146/2 146/145/2
f 110/109/2 148/147/2 147/146/2
f 111/110/2 149/148/2 148/147/2
f 112/111/2 150/149/2 149/148/2
f 113/113/2 151/151/2 150/149/2
f 114/150/2 152/188/2 151/151/2
f 116/115/1 154/153/1 153/152/1
f 117/116/1 155/154/1 154/153/1
f 118/117/1 156/155/1 155/154/1
f 119/118/1 157/156/1 156/155/1
f 120/119/1 158/157/1 157/156/1
f 121/120/1 159/158/1 158/157/1
f 122/121/1 160/159/1 159/158/1
f 123/122/1 161/160/1 160/159/1
f 124/123/1 162/161/1 161/160/1
f 125/124/1 163/162/1 162/161/1
f 126/125/1 164/163/1 163/162/1
f 127/126/1 165/164/1 164/163/1
f 128/127/1 166/165/1 165/164/1
f 129/128/1 167/166/1 166/165/1
f 130/129/1 168/167/1 167/166/1
f 131/130/1 169/168/1 168/167/1
f 132/131/1 170/169/1 169/168/1
f 133/132/1 171/170/1 170/169/1
f 134/133/1 172/171/1 171/170/1
f 135/134/1 173/172/1 172/171/1
f 136/135/1 174/173/1 173/172/1
f 137/136/1 175/174/1 174/173/1
f 138/137/1 176/175/1 175/174/1
f 139/138/1 177/176/1 176/175/1
f 140/139/1 178/177/1 177/176/1
f 141/140/1 179/178/1 178/177/1
f 142/141/1 180/179/1 179/178/1
f 143/142/1 181/180/1 180/179/1
f 144/143/1 182/181/1 181/180/1
f 145/144/1 183/182/1 182/181/1
f 146/145/1 184/183/1 183/182/1
f 147/146/1 185/184/1 184/183/1
f 148/147/1 186/185/1 185/184/1
f 149/148/1 187/186/1 186/185/1
f 150/149/1 188/187/1 187/186/1
f 151/151/1 189/189/1 188/187/1
f 152/188/1 190/226/1 189/189/1
f 154/153/1 192/191/1 191/190/1
f 155/154/1 193/192/1 192/191/1
f 156/155/1 194/193/1 193/192/1
f 157/156/1 195/194/1 194/193/1
f 158/157/1 196/195/1 195/194/1
f 159/158/1 197/196/1 196/195/1
f 160/159/1 198/197/1 197/196/1
f 161/160/1 199/198/1 198/197/1
f 162/161/1 200/199/1 199/198/1
f 163/162/1 201/200/1 200/199/1
f 164/163/1 202/201/1 201/200/1
f 165/164/1 203/202/1 202/201/1
f 166/165/1 204/203/1 203/202/1
f 167/166/1 205/204/1 204/203/1
f 168/167/1 206/205/1 205/204/1
f 169/168/1 207/206/1 206/205/1
f 170/169/1 208/207/1 207/206/1
f 171/170/1 209/208/1 208/207/1
f 172/171/1 210/209/1 209/208/1
f 173/172/1 211/210/1 210/209/1
f 174/173/1 212/211/1 211/210/1
f 175/174/1 213/212/1 212/211/1
f 176/175/1 214/213/1 213/212/1
f 177/176/1 215/214/1 214/213/1
f 178/177/1 216/215/1 215/214/1
f 179/178/1 217/216/1 216/215/1
f 180/179/1 218/217/1 217/216/1
f 181/180/1 219/218/1 218/217/1
f 182/181/1 220/219/1 219/218/1
f 183/182/1 221/220/1 220/219/1
f 184/183/1 222/221/1 221/220/1
f 185/184/1 223/222/1 222/221/1
f 186/185/1 224/223/1 223/222/1
f 187/186/1 225/224/1 224/223/1
f 188/187/1 226/225/1 225/224/1
f 189/189/1 227/227/1 226/225/1
f 190/226/1 228/4942/1 227/227/1
f 232/228/3 231/253/3 230/229/3
f 231/231/4 235/237/4 234/232/4
f 232/234/5 229/4943/5 233/235/5
f 235/237/4 239/246/4 238/238/4
f 236/239/6 240/248/6 239/240/6
f 233/235/5 237/250/5 240/242/5
f 242/243/1 243/257/1 244/244/1
f 239/246/4 243/260/4 242/247/4
f 240/248/6 244/4944/6 243/249/6
f 237/250/5 241/4945/5 244/251/5
f 246/252/3 245/267/3 231/253/3
f 245/254/4 247/269/4 235/237/4
f 232/234/5 236/236/5 248/255/5
f 243/257/1 251/277/1 252/258/1
f 249/259/4 251/280/4 243/260/4
f 250/261/6 252/4946/6 251/262/6
f 240/242/5 244/251/5 252/264/5
f 254/266/3 253/285/3 245/267/3
f 253/268/4 255/272/4 247/269/4
f 254/270/5 246/256/5 248/255/5
f 255/272/4 257/279/4 249/259/4
f 256/273/6 258/281/6 257/274/6
f 248/255/5 250/265/5 258/276/5
f 251/277/1 259/289/1 260/278/1
f 257/279/4 259/4947/4 251/280/4
f 258/281/6 260/4948/6 259/282/6
f 250/265/5 252/264/5 260/283/5
f 262/284/3 261/294/3 253/285/3
f 261/286/4 263/296/4 255/272/4
f 254/270/5 256/271/5 264/287/5
f 259/289/1 267/305/1 268/290/1
f 258/276/5 260/283/5 268/291/5
f 270/293/3 269/309/3 261/294/3
f 269/295/4 271/299/4 263/296/4
f 262/288/5 264/287/5 272/297/5
f 271/299/4 273/4949/4 265/300/4
f 272/301/6 274/4950/6 273/302/6
f 264/287/5 266/292/5 274/304/5
f 267/305/1 275/316/1 276/306/1
f 266/292/5 268/291/5 276/307/5
f 278/308/3 277/327/3 269/309/3
f 277/310/4 279/329/4 271/299/4
f 278/311/6 280/4951/6 279/312/6
f 270/298/5 272/297/5 280/314/5
f 275/316/1 283/340/1 284/317/1
f 281/318/4 283/343/4 275/319/4
f 282/321/6 284/4952/6 283/322/6
f 274/304/5 276/307/5 284/324/5
f 331/326/3 285/954/3 277/327/3
f 285/328/4 286/4953/4 279/329/4
f 331/330/6 287/338/6 286/331/6
f 278/315/5 280/314/5 287/333/5
f 279/335/7 281/4954/7 282/336/7
f 287/338/6 289/344/6 288/339/6
f 283/340/1 290/4955/1 291/341/1
f 288/342/4 290/4956/4 283/343/4
f 289/344/6 291/4957/6 290/345/6
f 282/325/5 284/324/5 291/346/5
f 297/348/1 298/4958/1 299/349/1
f 293/351/7 297/4959/7 296/352/7
f 294/354/4 298/4960/4 297/355/4
f 295/357/6 299/4961/6 298/358/6
f 292/360/5 296/4962/5 299/361/5
f 301/363/7 305/4963/7 304/364/7
f 302/366/4 306/4964/4 305/367/4
f 300/369/5 304/4965/5 307/370/5
f 309/372/7 313/4966/7 312/373/7
f 311/375/6 315/4967/6 314/376/6
f 308/378/5 312/4968/5 315/379/5
f 717/381/3 318/4969/3 317/382/3
f 317/384/7 312/4970/7 305/385/7
f 318/387/4 315/4971/4 312/388/4
f 717/390/6 306/4972/6 315/391/6
f 322/393/3 321/4973/3 320/394/3
f 324/396/1 325/4974/1 326/397/1
f 321/399/4 325/4975/4 324/400/4
f 319/402/5 323/4976/5 326/403/5
f 330/405/3 329/4977/3 328/406/3
f 320/408/1 321/4978/1 331/409/1
f 330/411/6 331/4979/6 321/412/6
f 337/414/1 338/4980/1 339/415/1
f 333/417/7 337/4981/7 336/418/7
f 334/420/4 338/4982/4 337/421/4
f 335/423/6 339/4983/6 338/424/6
f 332/426/5 336/4984/5 339/427/5
f 342/429/8 343/433/8 341/430/8
f 344/432/9 345/4985/9 343/433/9
f 350/434/4 351/4986/4 345/435/4
f 348/437/10 349/441/10 351/438/10
f 346/440/11 347/4987/11 349/441/11
f 340/442/7 346/4988/7 348/443/7
f 348/443/7 350/4989/7 344/445/7
f 341/446/6 343/450/6 349/447/6
f 345/449/6 351/454/6 349/447/6
f 361/457/3 360/4990/3 359/458/3
f 359/460/7 363/4991/7 362/461/7
f 360/463/4 364/4992/4 363/464/4
f 361/466/6 365/4993/6 364/467/6
f 358/469/5 362/4994/5 365/470/5
f 370/484/16 369/4995/16 366/485/16
f 374/474/17 373/473/17 371/487/17
f 381/478/18 383/480/18 380/489/18
f 384/491/19 386/493/19 383/480/19
f 389/492/20 388/503/20 386/493/20
f 379/495/21 378/4996/21 367/496/21
f 387/498/22 389/4997/22 376/476/22
f 367/496/5 378/4996/5 387/499/5
f 376/476/6 389/4997/6 385/501/6
f 383/480/1 386/493/1 388/503/1
f 394/510/16 393/4998/16 390/511/16
f 399/513/23 398/4999/23 395/514/23
f 403/504/18 405/506/18 402/516/18
f 411/518/20 410/532/20 408/519/20
f 401/521/21 400/5000/21 391/522/21
f 409/524/22 411/5001/22 398/525/22
f 399/527/3 396/5002/3 394/528/3
f 391/522/5 400/5000/5 409/530/5
f 405/506/1 408/519/1 410/532/1
f 418/548/29 420/5003/29 414/549/29
f 420/538/23 419/537/23 415/551/23
f 428/553/30 427/5004/30 421/539/30
f 422/554/21 421/5005/21 413/550/21
f 427/545/22 429/547/22 419/537/22
f 413/550/5 421/5005/5 427/556/5
f 434/575/16 433/589/16 430/576/16
f 438/578/29 440/5006/29 432/579/29
f 440/562/23 439/561/23 435/581/23
f 451/583/30 450/5007/30 441/563/30
f 444/566/18 446/568/18 443/565/18
f 452/584/20 451/583/20 449/585/20
f 442/587/21 441/5008/21 431/580/21
f 448/570/33 447/569/33 436/558/33
f 450/572/22 452/574/22 439/561/22
f 433/589/7 444/5009/7 442/590/7
f 440/591/3 437/5010/3 434/592/3
f 431/580/5 441/5008/5 450/594/5
f 439/561/6 452/574/6 448/595/6
f 446/568/1 449/585/1 451/583/1
f 454/596/5 455/5011/5 456/597/5
f 460/599/3 459/5012/3 458/600/3
f 462/602/1 463/5013/1 464/603/1
f 458/605/317 462/5014/317 461/606/317
f 459/608/35 463/5015/35 462/609/35
f 460/611/36 464/5016/36 463/612/36
f 457/614/37 461/5017/37 464/615/37
f 468/617/3 467/937/3 466/618/3
f 470/620/1 471/5018/1 472/621/1
f 466/623/38 470/5019/38 469/624/38
f 467/626/39 471/5020/39 470/627/39
f 468/629/40 472/5021/40 471/630/40
f 465/632/41 469/5022/41 472/633/41
f 477/639/16 476/638/16 473/647/16
f 481/643/17 480/642/17 478/649/17
f 487/644/18 489/646/18 486/651/18
f 490/653/19 492/5023/19 489/646/19
f 485/654/21 484/5024/21 474/636/21
f 493/655/22 494/5025/22 483/656/22
f 476/638/7 487/5026/7 485/658/7
f 483/656/6 494/5025/6 491/659/6
f 499/670/16 498/5027/16 495/671/16
f 502/673/29 504/5028/29 497/663/29
f 504/666/23 503/665/23 500/674/23
f 511/676/19 513/678/19 510/669/19
f 516/677/20 515/686/20 513/678/20
f 506/680/21 505/5029/21 496/662/21
f 514/681/22 516/5030/22 503/665/22
f 504/682/3 501/5031/3 499/683/3
f 496/662/5 505/5029/5 514/685/5
f 510/669/1 513/678/1 515/686/1
f 521/692/16 520/691/16 517/706/16
f 526/708/29 528/5032/29 519/690/29
f 528/699/23 527/698/23 523/709/23
f 533/711/30 532/5033/30 529/700/30
f 530/712/21 529/5034/21 518/689/21
f 532/703/22 534/705/22 527/698/22
f 518/689/5 529/5034/5 532/713/5
f 539/718/16 538/717/16 535/738/16
f 544/740/29 546/5035/29 537/716/29
f 546/725/23 545/724/23 541/741/23
f 557/743/30 556/5036/30 547/726/30
f 550/729/18 552/731/18 549/728/18
f 558/744/20 557/743/20 555/745/20
f 548/747/21 547/5037/21 536/715/21
f 551/748/44 550/5038/44 538/717/44
f 554/733/33 553/732/33 542/721/33
f 556/735/22 558/737/22 545/724/22
f 546/749/3 543/5039/3 539/750/3
f 536/715/5 547/5037/5 556/752/5
f 545/724/6 558/737/6 554/753/6
f 552/731/1 555/745/1 557/743/1
f 560/754/5 561/5040/5 562/755/5
f 563/757/3 566/5041/3 565/758/3
f 567/760/1 568/5042/1 569/761/1
f 564/763/45 568/5043/45 567/764/45
f 565/766/46 569/5044/46 568/767/46
f 566/769/47 570/5045/47 569/770/47
f 563/772/48 567/5046/48 570/773/48
f 574/775/3 573/5047/3 572/776/3
f 576/778/1 577/5048/1 578/779/1
f 572/781/49 576/5049/49 575/782/49
f 573/784/50 577/5050/50 576/785/50
f 574/787/51 578/5051/51 577/788/51
f 571/790/52 575/5052/52 578/791/52
f 583/797/16 582/796/16 579/805/16
f 587/801/17 586/800/17 584/807/17
f 593/802/82 595/804/82 592/809/82
f 596/811/19 598/5053/19 595/804/19
f 591/812/21 590/5054/21 580/794/21
f 599/813/22 600/5055/22 589/814/22
f 582/796/7 593/5056/7 591/816/7
f 589/814/6 600/5055/6 597/817/6
f 604/820/16 603/819/16 601/825/16
f 611/827/23 610/5057/23 606/828/23
f 617/830/19 619/832/19 616/824/19
f 622/831/20 621/847/20 619/832/20
f 615/834/318 614/5058/318 603/819/318
f 618/835/33 617/5059/33 607/836/33
f 620/838/22 622/5060/22 610/839/22
f 603/819/7 614/5058/7 612/841/7
f 611/842/3 608/5061/3 604/843/3
f 607/836/4 617/5059/4 615/845/4
f 616/824/1 619/832/1 621/847/1
f 627/853/16 626/852/16 623/867/16
f 632/869/29 634/5062/29 625/851/29
f 634/870/23 633/875/23 629/871/23
f 642/873/30 641/5063/30 635/858/30
f 636/874/21 635/5064/21 624/850/21
f 641/864/22 643/866/22 633/875/22
f 624/850/5 635/5064/5 641/877/5
f 633/875/6 643/866/6 639/878/6
f 648/883/16 647/882/16 644/899/16
f 652/901/29 654/5065/29 646/881/29
f 654/887/23 653/886/23 650/902/23
f 665/904/30 664/5066/30 655/888/30
f 658/891/18 660/892/18 657/890/18
f 666/905/20 665/904/20 663/906/20
f 656/908/21 655/5067/21 645/880/21
f 659/909/44 658/5068/44 647/882/44
f 664/896/22 666/898/22 653/886/22
f 654/910/3 651/5069/3 648/911/3
f 645/880/5 655/5067/5 664/913/5
f 653/886/6 666/898/6 662/914/6
f 660/892/1 663/906/1 665/904/1
f 668/915/5 669/5070/5 670/916/5
f 674/918/3 673/5071/3 672/919/3
f 676/921/1 677/5072/1 678/922/1
f 672/924/51 676/5073/51 675/925/51
f 673/927/52 677/5074/52 676/928/52
f 674/930/49 678/5075/49 677/931/49
f 671/933/50 675/5076/50 678/934/50
f 682/936/3 681/5077/3 680/937/3
f 684/618/1 685/5078/1 686/939/1
f 680/941/58 684/5079/58 683/942/58
f 681/944/59 685/5080/59 684/945/59
f 682/947/60 686/5081/60 685/948/60
f 679/950/61 683/5082/61 686/951/61
f 688/953/3 687/5083/3 285/954/3
f 687/955/4 689/967/4 692/956/4
f 687/958/6 688/5084/6 690/959/6
f 331/961/5 691/969/5 690/962/5
f 694/964/1 695/974/1 696/965/1
f 689/967/4 695/977/4 694/968/4
f 691/969/5 693/5085/5 696/970/5
f 701/971/3 702/5086/3 689/972/3
f 695/974/1 697/991/1 698/975/1
f 702/976/4 697/993/4 695/977/4
f 690/962/5 696/970/5 698/978/5
f 740/980/3 775/1142/3 700/981/3
f 700/983/7 702/5087/7 701/984/7
f 700/986/4 775/5088/4 703/987/4
f 740/988/6 704/5089/6 703/989/6
f 697/991/1 705/5090/1 706/992/1
f 703/987/4 705/5091/4 697/993/4
f 701/979/5 698/978/5 706/994/5
f 708/996/1 709/1014/1 710/997/1
f 302/366/4 709/5092/4 708/999/4
f 300/369/5 707/5093/5 710/1000/5
f 311/1001/3 712/5094/3 711/1002/3
f 714/1004/1 715/5095/1 716/1005/1
f 712/1007/4 715/5096/4 714/1008/4
f 311/1010/6 716/5097/6 715/1011/6
f 308/378/5 713/5098/5 716/1013/5
f 713/1006/1 716/1005/1 709/1014/1
f 317/384/7 713/5099/7 708/1015/7
f 318/387/4 716/5100/4 713/1016/4
f 318/392/6 717/390/6 709/1017/6
f 729/1019/1 720/1049/1 721/1020/1
f 799/1022/7 729/5101/7 719/1023/7
f 800/1025/4 720/5102/4 729/1026/4
f 798/1028/5 719/5103/5 721/1029/5
f 808/1031/3 723/5104/3 722/1032/3
f 725/1034/1 726/5105/1 727/1035/1
f 722/1037/7 725/5106/7 724/1038/7
f 723/1040/4 726/5107/4 725/1041/4
f 805/1043/5 724/5108/5 727/1044/5
f 815/1046/3 728/5109/3 814/1047/3
f 724/1036/1 727/1035/1 720/1049/1
f 814/1050/7 724/5110/7 729/1051/7
f 728/1053/4 727/5111/4 724/1054/4
f 728/1056/6 815/5112/6 720/1057/6
f 733/1059/3 732/5113/3 731/1060/3
f 735/1062/1 736/5114/1 737/1063/1
f 732/1065/4 736/5115/4 735/1066/4
f 730/1068/5 734/5116/5 737/1069/5
f 824/1071/3 739/5117/3 738/1072/3
f 731/1074/1 732/5118/1 740/1075/1
f 738/1077/7 731/5119/7 331/1078/7
f 330/1080/5 331/5120/5 740/1081/5
f 746/1083/1 747/5121/1 748/1084/1
f 742/1086/7 746/5122/7 745/1087/7
f 743/1089/4 747/5123/4 746/1090/4
f 744/1092/6 748/5124/6 747/1093/6
f 741/1095/5 745/5125/5 748/1096/5
f 751/1098/62 752/1102/62 750/1099/62
f 753/1101/63 754/5126/63 752/1102/63
f 759/1103/4 760/5127/4 754/1104/4
f 757/1106/64 758/1110/64 760/1107/64
f 755/1109/65 756/5128/65 758/1110/65
f 749/1111/7 755/5129/7 757/1112/7
f 757/1112/7 759/5130/7 753/1114/7
f 750/1115/6 752/1119/6 758/1116/6
f 754/1118/6 760/5131/6 758/1116/6
f 770/1126/3 769/5132/3 768/1127/3
f 768/1129/7 772/5133/7 771/1130/7
f 769/1132/4 773/5134/4 772/1133/4
f 770/1135/6 774/5135/6 773/1136/6
f 767/1138/5 771/5136/5 774/1139/5
f 777/1141/3 776/1163/3 775/1142/3
f 776/1143/4 780/1149/4 779/1144/4
f 777/1146/5 740/5137/5 778/1147/5
f 780/1149/4 785/1158/4 784/1150/4
f 781/1151/6 782/5138/6 785/1152/6
f 778/1147/5 783/1160/5 782/1154/5
f 787/1155/1 788/1170/1 789/1156/1
f 785/1158/4 788/1173/4 787/1159/4
f 783/1160/5 786/5139/5 789/1161/5
f 791/1162/3 790/5140/3 776/1163/3
f 790/1164/4 792/5141/4 780/1149/4
f 791/1165/6 793/5142/6 792/1166/6
f 777/1146/5 781/1148/5 793/1168/5
f 788/1170/1 796/5143/1 797/1171/1
f 794/1172/4 796/5144/4 788/1173/4
f 795/1174/6 797/5145/6 796/1175/6
f 782/1154/5 789/1161/5 797/1177/5
f 799/1022/7 802/5146/7 801/1179/7
f 800/1025/4 803/5147/4 802/1180/4
f 718/1181/6 804/5148/6 803/1182/6
f 798/1028/5 801/5149/5 804/1184/5
f 806/1185/7 810/5150/7 809/1186/7
f 807/1188/6 808/5151/6 812/1189/6
f 805/1043/5 809/5152/5 812/1191/5
f 814/1050/7 809/5153/7 802/1192/7
f 728/1053/4 812/5154/4 809/1193/4
f 819/1194/3 818/5155/3 817/1195/3
f 821/1197/1 822/5156/1 823/1198/1
f 818/1200/4 822/5157/4 821/1201/4
f 819/1203/6 823/5158/6 822/1204/6
f 816/1206/5 820/5159/5 823/1207/5
f 827/1208/3 826/5160/3 825/1209/3
f 817/1211/1 818/1237/1 828/1212/1
f 834/1214/1 835/5161/1 836/1215/1
f 830/1217/7 834/5162/7 833/1218/7
f 831/1220/4 835/5163/4 834/1221/4
f 832/1223/6 836/5164/6 835/1219/6
f 829/1225/5 833/5165/5 836/1226/5
f 839/1228/8 840/1232/8 838/1229/8
f 841/1231/9 842/5166/9 840/1232/9
f 847/1233/4 848/5167/4 842/1234/4
f 845/1236/10 846/1240/10 848/1237/10
f 843/1239/11 844/5168/11 846/1240/11
f 837/1241/7 843/5169/7 845/1242/7
f 845/1242/7 847/5170/7 841/1244/7
f 838/1245/6 840/1249/6 846/1246/6
f 842/1248/6 848/5171/6 846/1246/6
f 855/1253/3 854/5172/3 853/1254/3
f 853/1256/7 857/5173/7 856/1257/7
f 854/1259/4 858/5174/4 857/1260/4
f 855/1262/6 859/5175/6 858/1263/6
f 852/1265/5 856/5176/5 859/1266/5
f 864/1274/319 863/1288/319 860/1275/319
f 868/1270/17 867/1269/17 865/1277/17
f 874/1271/320 876/1273/320 873/1279/320
f 877/1281/19 879/5177/19 876/1273/19
f 872/1282/21 871/5178/21 861/1283/21
f 880/1285/22 881/5179/22 870/1286/22
f 863/1288/7 874/5180/7 872/1289/7
f 870/1286/6 881/5179/6 878/1290/6
f 889/1297/17 888/1296/17 886/1298/17
f 893/1300/21 892/5181/21 883/1301/21
f 895/1303/44 894/5182/44 884/1292/44
f 897/1304/33 896/5183/33 888/1296/33
f 898/1305/22 899/5184/22 891/1306/22
f 884/1292/7 894/5182/7 893/1308/7
f 883/1301/5 892/5181/5 898/1310/5
f 888/1296/4 896/5183/4 895/1312/4
f 891/1306/6 899/5184/6 897/1313/6
f 904/1319/319 903/1318/319 900/1336/319
f 909/1338/29 911/5185/29 902/1317/29
f 919/1339/30 918/5186/30 912/1327/30
f 920/1340/139 919/5187/139 917/1341/139
f 913/1343/21 912/5188/21 901/1316/21
f 916/1331/33 915/1330/33 907/1322/33
f 918/1333/22 920/1335/22 910/1325/22
f 901/1316/5 912/5188/5 918/1344/5
f 910/1325/6 920/1335/6 916/1345/6
f 925/1368/53 924/5189/53 921/1369/53
f 930/1371/29 932/5190/29 923/1349/29
f 932/1355/321 931/1354/321 927/1372/321
f 943/1374/30 942/5191/30 933/1356/30
f 936/1359/18 938/1361/18 935/1358/18
f 944/1375/20 943/1374/20 941/1376/20
f 934/1378/21 933/5192/21 922/1348/21
f 937/1379/44 936/5193/44 924/1380/44
f 940/1363/33 939/1362/33 928/1351/33
f 942/1365/22 944/1367/22 931/1354/22
f 932/1382/3 929/5194/3 925/1383/3
f 922/1348/5 933/5192/5 942/1385/5
f 931/1354/6 944/1367/6 940/1386/6
f 938/1361/1 941/1376/1 943/1374/1
f 946/1387/5 947/5195/5 948/1388/5
f 949/1390/3 952/5196/3 951/1391/3
f 953/1393/1 954/5197/1 955/1394/1
f 950/1396/84 954/5198/84 953/1397/84
f 951/1399/85 955/5199/85 954/1400/85
f 952/1402/86 956/5200/86 955/1403/86
f 949/1405/87 953/5201/87 956/1406/87
f 958/1408/5 959/5202/5 960/1409/5
f 964/1411/4 963/5203/4 962/1412/4
f 961/1414/7 962/5204/7 958/1415/7
f 959/1417/6 963/5205/6 964/1418/6
f 960/1420/3 964/5206/3 961/1421/3
f 962/1423/1 963/5207/1 959/1424/1
f 966/1426/5 967/5208/5 968/1427/5
f 972/1429/4 971/5209/4 970/1430/4
f 969/1432/7 970/5210/7 966/1433/7
f 967/1435/6 971/5211/6 972/1436/6
f 968/1438/3 972/1420/3 969/1422/3
f 970/1440/1 971/5212/1 967/1441/1
f 974/1443/5 975/5213/5 976/1444/5
f 980/1446/4 979/5214/4 978/1447/4
f 977/1449/7 978/5215/7 974/1450/7
f 975/1452/6 979/5216/6 980/1453/6
f 976/1455/3 980/5217/3 977/1456/3
f 978/1458/1 979/5218/1 975/1459/1
f 982/1461/5 983/5219/5 984/1462/5
f 988/1464/4 987/5220/4 986/1465/4
f 985/1467/7 986/5221/7 982/1468/7
f 983/1470/6 987/5222/6 988/1471/6
f 984/1473/3 988/5223/3 985/1474/3
f 986/1476/1 987/5224/1 983/1477/1
f 990/1479/5 991/5225/5 992/1480/5
f 997/1486/16 996/1485/16 993/1506/16
f 1002/1508/29 1004/5226/29 995/1484/29
f 1004/1493/23 1003/1492/23 999/1509/23
f 1015/1511/30 1014/5227/30 1005/1494/30
f 1008/1497/18 1010/1499/18 1007/1496/18
f 1016/1512/20 1015/5228/20 1013/1513/20
f 993/1482/21 1006/5229/21 1005/1515/21
f 998/1487/44 1009/5230/44 1008/1516/44
f 999/1488/33 1012/1501/33 1011/1500/33
f 1002/1491/22 1014/1503/22 1016/1505/22
f 993/1506/7 996/1485/7 1008/1516/7
f 1004/1518/3 1001/5231/3 997/1519/3
f 994/1483/5 1005/1515/5 1014/1521/5
f 999/1509/6 1003/1492/6 1016/1505/6
f 1021/1527/16 1020/1526/16 1017/1535/16
f 1026/1537/29 1028/5232/29 1019/1525/29
f 1028/1534/23 1027/1533/23 1023/1538/23
f 1025/1531/17 1024/1530/17 1022/1540/17
f 1038/1542/30 1037/5233/30 1029/1543/30
f 1039/1545/20 1038/5234/20 1036/1546/20
f 1030/1548/21 1029/5235/21 1018/1524/21
f 1033/1549/44 1032/5236/44 1020/1526/44
f 1035/1550/33 1034/5237/33 1024/1530/33
f 1037/1551/22 1039/5238/22 1027/1533/22
f 1020/1526/7 1032/5236/7 1030/1552/7
f 1028/1553/3 1025/5239/3 1021/1554/3
f 1018/1524/5 1029/5235/5 1037/1556/5
f 1027/1533/6 1039/5238/6 1035/1557/6
f 1040/1558/94 1041/5240/94 957/1559/94
f 1044/1561/95 1043/5241/95 1042/1562/95
f 1043/1564/1 1044/5242/1 1041/1565/1
f 1044/1567/96 1045/5243/96 957/1568/96
f 1050/1574/16 1049/1573/16 1046/1591/16
f 1055/1593/29 1057/5244/29 1048/1572/29
f 1057/1581/23 1056/1580/23 1052/1594/23
f 1054/1578/17 1053/1577/17 1051/1596/17
f 1064/1598/19 1066/3029/19 1063/1599/19
f 1069/1601/20 1068/5245/20 1066/1602/20
f 1062/1604/44 1061/5246/44 1049/1573/44
f 1065/1586/33 1064/1585/33 1053/1577/33
f 1067/1588/22 1069/1590/22 1056/1580/22
f 1049/1573/7 1061/5246/7 1059/1605/7
f 1057/1606/3 1054/5247/3 1050/1607/3
f 1047/1571/5 1058/5248/5 1067/1609/5
f 1056/1580/6 1069/1590/6 1065/1610/6
f 1070/1611/99 1071/5249/99 699/1612/99
f 1074/1614/100 1073/5250/100 1072/1615/100
f 1072/1617/101 1073/5251/101 1070/1618/101
f 1083/1620/4 1082/1641/4 1081/1621/4
f 1080/1623/102 1081/1643/102 1077/1624/102
f 1082/1626/103 1083/5252/103 1079/1627/103
f 1083/1629/3 1080/1796/3 1076/1630/3
f 1084/1632/5 1085/5253/5 701/1633/5
f 702/1635/4 1088/5254/4 1087/1636/4
f 1088/1638/1 702/1808/1 701/1639/1
f 1082/1641/4 1092/5255/4 1091/1642/4
f 1081/1643/104 1091/1655/104 1089/1644/104
f 1092/1645/105 1082/1626/105 1078/1628/105
f 1087/1647/104 1095/1650/104 1093/1648/104
f 1095/1650/7 1096/5256/7 1094/1651/7
f 1097/1652/5 1098/5257/5 1090/1653/5
f 1091/1655/106 1099/5258/106 1097/1656/106
f 1099/1657/107 1100/5259/107 1098/1658/107
f 1101/1660/5 1102/5260/5 1094/1661/5
f 1103/1663/7 1104/5261/7 1102/1664/7
f 1108/1666/4 1107/1687/4 1099/1667/4
f 1107/1669/108 1108/5262/108 1106/1670/108
f 1108/1672/109 1100/5259/109 1098/1658/109
f 1104/1674/4 1112/5263/4 1111/1675/4
f 1103/1677/110 1111/5264/110 1109/1678/110
f 1111/1680/7 1112/5265/7 1110/1681/7
f 1105/1683/5 1113/5266/5 1114/1684/5
f 1116/1686/4 1115/1697/4 1107/1687/4
f 1116/1688/111 1108/1672/111 1106/1673/111
f 1117/1690/5 1118/1699/5 1110/1691/5
f 1119/1693/7 1120/5267/7 1118/1694/7
f 1116/1686/4 1124/5268/4 1123/1696/4
f 1125/1698/5 1126/5269/5 1118/1699/5
f 1127/1700/7 1128/5270/7 1126/1701/7
f 1123/1703/3 1131/1717/3 1129/1704/3
f 1131/1706/102 1132/5271/102 1130/1707/102
f 1132/1709/1 1124/5272/1 1122/1710/1
f 1136/1712/4 1135/5273/4 1127/1713/4
f 1135/1702/7 1136/1701/7 1134/1715/7
f 1131/1717/112 1139/5274/112 1137/1718/112
f 1139/1719/104 1140/5275/104 1138/1720/104
f 1133/1722/5 1141/5276/5 1142/1723/5
f 1143/1725/7 1144/5277/7 1142/1726/7
f 1145/1728/5 1146/1744/5 1138/1729/5
f 1140/1731/4 1148/5278/4 1147/1732/4
f 1148/1734/113 1140/5279/113 1138/1735/113
f 1143/1737/114 1151/5280/114 1149/1738/114
f 1151/1740/7 1152/5281/7 1150/1741/7
f 1153/1743/5 1154/1760/5 1146/1744/5
f 1147/1745/115 1155/1748/115 1153/1746/115
f 1155/1748/110 1156/5282/110 1154/1749/110
f 1149/1750/5 1157/5283/5 1158/1751/5
f 1160/1753/4 1159/1774/4 1151/1754/4
f 1159/1756/7 1160/5284/7 1158/1757/7
f 1153/1743/5 1161/1778/5 1162/1759/5
f 1164/1761/4 1163/1781/4 1155/1762/4
f 1155/1764/116 1163/1782/116 1161/1765/116
f 1163/1767/117 1164/5285/117 1162/1768/117
f 1164/1770/108 1156/5286/108 1154/1771/108
f 1168/1773/4 1167/1791/4 1159/1774/4
f 1167/1775/7 1168/5287/7 1166/1776/7
f 1161/1778/5 1169/1792/5 1170/1779/5
f 1172/1780/4 1171/5288/4 1163/1781/4
f 1163/1782/118 1171/1794/118 1169/1783/118
f 1171/1784/119 1172/5289/119 1170/1785/119
f 1165/1787/5 1173/5290/5 1174/1788/5
f 1176/1790/4 1175/5291/4 1167/1791/4
f 1169/1792/5 1177/5292/5 1178/1793/5
f 1171/1794/120 1179/5293/120 1177/1795/120
f 1179/1796/3 1180/5294/3 1178/1797/3
f 1180/1798/121 1172/5295/121 1170/1799/121
f 1175/1801/120 1181/5296/120 1040/1802/120
f 1181/1804/7 689/5297/7 690/1805/7
f 689/1807/1 1176/5298/1 1174/1808/1
f 1202/1828/122 1203/5299/122 1201/1829/122
f 1204/1831/123 1205/5300/123 1207/1832/123
f 1200/1834/7 1204/5301/7 1206/1835/7
f 1201/1837/6 1203/5302/6 1207/1838/6
f 1212/1844/16 1211/1843/16 1208/1864/16
f 1217/1866/29 1219/5303/29 1210/1842/29
f 1219/1851/23 1218/1850/23 1214/1867/23
f 1216/1848/17 1215/1847/17 1213/1869/17
f 1230/1871/30 1229/5304/30 1220/1852/30
f 1223/1855/18 1225/1857/18 1222/1854/18
f 1226/1872/19 1228/1874/19 1225/1857/19
f 1231/1873/20 1230/1871/20 1228/1874/20
f 1221/1876/21 1220/5305/21 1209/1841/21
f 1224/1877/44 1223/5306/44 1211/1843/44
f 1227/1859/33 1226/1858/33 1215/1847/33
f 1229/1861/22 1231/1863/22 1218/1850/22
f 1211/1843/7 1223/5306/7 1221/1878/7
f 1219/1879/3 1216/5307/3 1212/1880/3
f 1209/1841/5 1220/5305/5 1229/1882/5
f 1218/1850/6 1231/1863/6 1227/1883/6
f 1225/1857/1 1228/1874/1 1230/1871/1
f 1241/1884/21 1240/5308/21 1233/1885/21
f 1243/1887/44 1242/5309/44 1234/1888/44
f 1245/1890/33 1244/5310/33 1237/1891/33
f 1246/1893/22 1247/5311/22 1239/1894/22
f 1234/1888/7 1242/5309/7 1241/1896/7
f 1233/1885/5 1240/5308/5 1246/1898/5
f 1237/1891/4 1244/5310/4 1243/1900/4
f 1239/1894/6 1247/5311/6 1245/1902/6
f 1252/1908/16 1251/1907/16 1248/1928/16
f 1257/1930/29 1259/5312/29 1250/1906/29
f 1259/1915/23 1258/1914/23 1254/1931/23
f 1256/1912/17 1255/1911/17 1253/1933/17
f 1270/1935/30 1269/5313/30 1260/1916/30
f 1263/1919/18 1265/1921/18 1262/1918/18
f 1266/1936/19 1268/5314/19 1265/1921/19
f 1271/1937/20 1270/5315/20 1268/1938/20
f 1261/1940/21 1260/5316/21 1249/1905/21
f 1264/1941/44 1263/5317/44 1251/1907/44
f 1267/1923/33 1266/1922/33 1255/1911/33
f 1269/1925/22 1271/1927/22 1258/1914/22
f 1251/1907/7 1263/5317/7 1261/1942/7
f 1259/1943/3 1256/5318/3 1252/1944/3
f 1249/1905/5 1260/5316/5 1269/1946/5
f 1255/1911/4 1266/1922/4 1264/1947/4
f 1258/1914/6 1271/1927/6 1267/1948/6
f 1287/1951/19 1280/5319/19 1281/1956/19
f 1281/1956/19 1282/1958/19 1283/1949/19
f 1283/1949/19 1284/5320/19 1285/1950/19
f 1285/1950/19 1286/5321/19 1287/1951/19
f 1287/1951/19 1281/1956/19 1283/1949/19
f 1272/1952/125 1273/5322/125 1281/1953/125
f 1274/1955/126 1282/1958/126 1281/1956/126
f 1274/1955/127 1275/5323/127 1283/1949/127
f 1275/1959/128 1276/1963/128 1284/1960/128
f 1277/1962/129 1285/5324/129 1284/1960/129
f 1277/1964/130 1278/5325/130 1286/1965/130
f 1278/1967/131 1279/5326/131 1287/1968/131
f 1279/1970/132 1272/1952/132 1280/1954/132
f 1292/1987/16 1291/5327/16 1288/1988/16
f 1297/1990/29 1299/5328/29 1290/1974/29
f 1299/1977/23 1298/1976/23 1294/1991/23
f 1296/1993/17 1295/2006/17 1293/1994/17
f 1310/1996/30 1309/5329/30 1300/1978/30
f 1303/1981/18 1305/1983/18 1302/1980/18
f 1306/1997/19 1308/1999/19 1305/1983/19
f 1311/1998/20 1310/1996/20 1308/1999/20
f 1301/2001/21 1300/5330/21 1289/1973/21
f 1309/1984/22 1311/1986/22 1298/1976/22
f 1299/2002/3 1296/1196/3 1292/2003/3
f 1289/1973/5 1300/5330/5 1309/2005/5
f 1295/2006/4 1306/5331/4 1304/2007/4
f 1305/1983/1 1308/1999/1 1310/1996/1
f 1321/2008/21 1320/5332/21 1313/2009/21
f 1323/2011/44 1322/5333/44 1314/2012/44
f 1325/2014/33 1324/5334/33 1317/2015/33
f 1326/2017/22 1327/5335/22 1319/2018/22
f 1314/2012/7 1322/5333/7 1321/2020/7
f 1313/2009/5 1320/5332/5 1326/2022/5
f 1317/2015/4 1324/5334/4 1323/2024/4
f 1319/2018/6 1327/5335/6 1325/2026/6
f 1332/2032/16 1331/2031/16 1328/2052/16
f 1337/2054/29 1339/5336/29 1330/2030/29
f 1339/2039/23 1338/2038/23 1334/2055/23
f 1336/2036/17 1335/2035/17 1333/2057/17
f 1350/2059/30 1349/5337/30 1340/2040/30
f 1343/2043/18 1345/2045/18 1342/2042/18
f 1346/2060/19 1348/5338/19 1345/2045/19
f 1351/2061/20 1350/5339/20 1348/2062/20
f 1341/2064/21 1340/5340/21 1329/2029/21
f 1344/2065/44 1343/5341/44 1331/2031/44
f 1347/2047/33 1346/2046/33 1335/2035/33
f 1349/2049/22 1351/2051/22 1338/2038/22
f 1331/2031/7 1343/5341/7 1341/2066/7
f 1339/2067/3 1336/5342/3 1332/2068/3
f 1329/2029/5 1340/5340/5 1349/2070/5
f 1335/2035/4 1346/2046/4 1344/2071/4
f 1338/2038/6 1351/2051/6 1347/2072/6
f 1367/2075/19 1360/5343/19 1361/2081/19
f 1361/2081/19 1362/2080/19 1363/2073/19
f 1363/2073/19 1364/5344/19 1365/2074/19
f 1365/2074/19 1366/5345/19 1367/2075/19
f 1367/2075/19 1361/2081/19 1363/2073/19
f 1352/2076/125 1353/5346/125 1361/2077/125
f 1353/2079/126 1354/2082/126 1362/2080/126
f 1354/2082/127 1355/5347/127 1363/2073/127
f 1355/2083/128 1356/2087/128 1364/2084/128
f 1357/2086/129 1365/5348/129 1364/2084/129
f 1358/2088/130 1366/5349/130 1365/2089/130
f 1359/2091/131 1367/5350/131 1366/2092/131
f 1359/2094/132 1352/2076/132 1360/2078/132
f 1372/2100/16 1371/2099/16 1368/2120/16
f 1377/2122/29 1379/5351/29 1370/2098/29
f 1379/2107/162 1378/2106/162 1374/2123/162
f 1376/2104/17 1375/2103/17 1373/2125/17
f 1390/2127/30 1389/5352/30 1380/2108/30
f 1383/2111/18 1385/2113/18 1382/2110/18
f 1386/2128/19 1388/2130/19 1385/2113/19
f 1391/2129/20 1390/2127/20 1388/2130/20
f 1381/2132/21 1380/5353/21 1369/2097/21
f 1389/2117/22 1391/2119/22 1378/2106/22
f 1379/2133/3 1376/5354/3 1372/2134/3
f 1369/2097/5 1380/5353/5 1389/2136/5
f 1385/2113/1 1388/2130/1 1390/2127/1
f 1395/2137/3 1394/2168/3 1393/2138/3
f 1393/2140/7 1397/5355/7 1396/2141/7
f 1394/2143/4 1398/2170/4 1397/2144/4
f 1395/2146/6 1399/5356/6 1398/2147/6
f 1392/2149/5 1396/5357/5 1399/2150/5
f 1405/2152/1 1406/2178/1 1407/2153/1
f 1401/2155/7 1405/5358/7 1404/2156/7
f 1402/2158/4 1406/2181/4 1405/2159/4
f 1403/2161/6 1407/5359/6 1406/2162/6
f 1403/2164/5 1400/5360/5 1404/2165/5
f 1409/2167/3 1408/5361/3 1394/2168/3
f 1408/2169/4 1410/2176/4 1398/2170/4
f 1409/2171/5 1395/2151/5 1399/2150/5
f 1398/2173/7 1402/5362/7 1403/2174/7
f 1410/2176/4 1412/2180/4 1402/2158/4
f 1399/2150/5 1403/2164/5 1413/2177/5
f 1406/2178/1 1414/5363/1 1415/2179/1
f 1412/2180/4 1414/5364/4 1406/2181/4
f 1413/2177/5 1403/2164/5 1407/2166/5
f 1417/2183/7 1421/5365/7 1420/2184/7
f 1419/2186/6 1423/5366/6 1422/2187/6
f 1416/2189/5 1420/5367/5 1423/2190/5
f 1425/2192/3 1436/5368/3 1435/2193/3
f 1427/2195/1 1428/5369/1 1429/2196/1
f 1435/2198/7 1427/5370/7 1426/2199/7
f 1436/2201/4 1428/5371/4 1427/2202/4
f 1424/2204/5 1426/5372/5 1429/2205/5
f 1433/2207/3 1432/5373/3 1431/2208/3
f 1435/2210/1 1436/5374/1 1409/2211/1
f 1431/2213/7 1435/5375/7 1434/2214/7
f 1432/2216/4 1436/2201/4 1435/2203/4
f 1433/2217/6 1409/5376/6 1436/2218/6
f 1430/2220/5 1434/5377/5 1409/2221/5
f 1439/2223/140 1440/2227/140 1438/2224/140
f 1441/2226/141 1442/5378/141 1440/2227/141
f 1447/2228/4 1448/5379/4 1442/2229/4
f 1445/2231/142 1446/2235/142 1448/2232/142
f 1443/2234/143 1444/5380/143 1446/2235/143
f 1437/2236/7 1443/5381/7 1445/2237/7
f 1445/2237/7 1447/5382/7 1441/2239/7
f 1438/2240/6 1440/2244/6 1446/2241/6
f 1442/2243/6 1448/5383/6 1446/2241/6
f 1455/2248/3 1454/5384/3 1453/2249/3
f 1453/2251/7 1457/5385/7 1456/2252/7
f 1454/2254/4 1458/5386/4 1457/2255/4
f 1455/2257/6 1459/5387/6 1458/2258/6
f 1452/2260/5 1456/5388/5 1459/2261/5
f 1467/2268/17 1466/2267/17 1464/2269/17
f 1471/2271/21 1470/5389/21 1461/2272/21
f 1473/2274/44 1472/5390/44 1462/2263/44
f 1475/2275/33 1474/5391/33 1466/2267/33
f 1476/2276/22 1477/5392/22 1469/2277/22
f 1462/2263/7 1472/5390/7 1471/2279/7
f 1461/2272/5 1470/5389/5 1476/2281/5
f 1466/2267/4 1474/5391/4 1473/2283/4
f 1469/2277/6 1477/5392/6 1475/2284/6
f 1489/2298/23 1488/5393/23 1484/2299/23
f 1486/2291/17 1485/2290/17 1483/2301/17
f 1493/2292/18 1495/2294/18 1492/2303/18
f 1501/2305/20 1500/2322/20 1498/2306/20
f 1491/2308/21 1490/5394/21 1479/2309/21
f 1499/2311/22 1501/5395/22 1488/2312/22
f 1481/2314/7 1493/5396/7 1491/2315/7
f 1489/2317/3 1486/5397/3 1482/2318/3
f 1479/2309/5 1490/5394/5 1499/2320/5
f 1495/2294/1 1498/2306/1 1500/2322/1
f 1506/2324/16 1505/2323/16 1502/2341/16
f 1511/2343/29 1513/5398/29 1504/2344/29
f 1513/2331/23 1512/2330/23 1508/2346/23
f 1521/2348/30 1520/5399/30 1514/2332/30
f 1517/2335/18 1519/2337/18 1516/2334/18
f 1515/2349/21 1514/5400/21 1503/2345/21
f 1518/2351/44 1517/5401/44 1505/2323/44
f 1520/2338/22 1522/2340/22 1512/2330/22
f 1505/2323/7 1517/5401/7 1515/2352/7
f 1503/2345/5 1514/5400/5 1520/2353/5
f 1527/2358/16 1526/2357/16 1523/2375/16
f 1532/2377/29 1534/5402/29 1525/2356/29
f 1534/2378/23 1533/2387/23 1529/2379/23
f 1545/2381/30 1544/5403/30 1535/2363/30
f 1538/2366/18 1540/2368/18 1537/2365/18
f 1546/2382/20 1545/2381/20 1543/2383/20
f 1536/2385/21 1535/5404/21 1524/2355/21
f 1539/2386/44 1538/5405/44 1526/2357/44
f 1542/2370/33 1541/2369/33 1530/2361/33
f 1544/2372/22 1546/2374/22 1533/2387/22
f 1526/2357/7 1538/5405/7 1536/2389/7
f 1534/2390/3 1531/5406/3 1527/2391/3
f 1524/2355/5 1535/5404/5 1544/2393/5
f 1533/2387/6 1546/2374/6 1542/2394/6
f 1540/2368/1 1543/2383/1 1545/2381/1
f 1548/2395/5 1549/5407/5 1550/2396/5
f 1554/2398/3 1553/5408/3 1552/2399/3
f 1556/2401/1 1557/5409/1 1558/2402/1
f 1552/2404/84 1556/5410/84 1555/2405/84
f 1553/2407/85 1557/5411/85 1556/2408/85
f 1554/2410/86 1558/5412/86 1557/2411/86
f 1551/2413/87 1555/5413/87 1558/2414/87
f 1562/2416/3 1561/5414/3 1560/2417/3
f 1564/2419/1 1565/5415/1 1566/2420/1
f 1560/2422/38 1564/5416/38 1563/2423/38
f 1561/2425/39 1565/5417/39 1564/2426/39
f 1562/2428/40 1566/5418/40 1565/2429/40
f 1559/2431/41 1563/5419/41 1566/2432/41
f 1570/2434/3 1569/5420/3 1568/2435/3
f 1572/2437/1 1573/5421/1 1574/2438/1
f 1568/2440/7 1572/5422/7 1571/2441/7
f 1569/2443/4 1573/5423/4 1572/2444/4
f 1570/2445/6 1574/5424/6 1573/2446/6
f 1567/2448/5 1571/5425/5 1574/2449/5
f 1578/2451/3 1577/5426/3 1576/2452/3
f 1576/2454/7 1580/5427/7 1579/2455/7
f 1578/2457/6 1582/5428/6 1581/2458/6
f 1588/2460/1 1589/5429/1 1590/2461/1
f 1584/2463/7 1588/5430/7 1587/2464/7
f 1585/2466/4 1589/5431/4 1588/2467/4
f 1586/2469/6 1590/5432/6 1589/2470/6
f 1583/2472/5 1587/5433/5 1590/2473/5
f 1600/2475/3 1601/2500/3 1592/2476/3
f 1601/2478/4 1595/2487/4 1594/2479/4
f 1600/2481/6 1602/2489/6 1595/2482/6
f 1591/2484/5 1593/5434/5 1602/2485/5
f 1595/2487/4 1605/2496/4 1597/2488/4
f 1602/2489/6 1604/5435/6 1605/2490/6
f 1602/2485/5 1593/5434/5 1596/2491/5
f 1599/2493/1 1607/2507/1 1606/2494/1
f 1605/2496/4 1607/2510/4 1599/2497/4
f 1596/2491/5 1598/5436/5 1606/2498/5
f 1608/2499/3 1609/2517/3 1601/2500/3
f 1609/2501/4 1603/2519/4 1595/2487/4
f 1608/2502/6 1612/5437/6 1603/2503/6
f 1600/2486/5 1602/2485/5 1612/2505/5
f 1607/2507/1 1620/2533/1 1619/2508/1
f 1605/2496/4 1616/2529/4 1620/2509/4
f 1615/2511/6 1619/5438/6 1620/2512/6
f 1604/2492/5 1606/2498/5 1619/2514/5
f 1611/2516/3 1610/2540/3 1609/2517/3
f 1610/2518/4 1613/2528/4 1603/2519/4
f 1611/2520/6 1614/2530/6 1613/2521/6
f 1611/2523/5 1608/2506/5 1612/2505/5
f 1603/2525/7 1616/5439/7 1615/2526/7
f 1613/2528/4 1617/2547/4 1616/2529/4
f 1614/2530/6 1618/2536/6 1617/2531/6
f 1612/2505/5 1615/2515/5 1618/2532/5
f 1620/2533/1 1621/2544/1 1622/2534/1
f 1616/2529/4 1617/2547/4 1621/2535/4
f 1618/2536/6 1622/5440/6 1621/2537/6
f 1615/2515/5 1619/2514/5 1622/2538/5
f 1623/2539/3 1624/2554/3 1610/2540/3
f 1624/2541/4 1628/2556/4 1613/2528/4
f 1611/2523/5 1614/2524/5 1627/2542/5
f 1621/2544/1 1636/2564/1 1635/2545/1
f 1632/2546/4 1636/2567/4 1621/2535/4
f 1631/2548/6 1635/5441/6 1636/2549/6
f 1618/2532/5 1622/2538/5 1635/2551/5
f 1626/2553/3 1625/5442/3 1624/2554/3
f 1625/2555/4 1629/2562/4 1628/2556/4
f 1623/2543/5 1627/2542/5 1630/2557/5
f 1628/2559/7 1632/5443/7 1631/2560/7
f 1629/2562/4 1633/2566/4 1632/2546/4
f 1627/2542/5 1631/2552/5 1634/2563/5
f 1636/2564/1 1637/5444/1 1638/2565/1
f 1633/2566/4 1637/5445/4 1636/2567/4
f 1631/2552/5 1635/2551/5 1638/2568/5
f 1642/2569/3 1641/5446/3 1640/2570/3
f 1644/2572/1 1645/5447/1 1646/2573/1
f 1640/2575/7 1644/5448/7 1643/2576/7
f 1641/2578/4 1645/5449/4 1644/2579/4
f 1642/2581/6 1646/5450/6 1645/2582/6
f 1650/2584/3 1649/5451/3 1648/2585/3
f 1652/2587/1 1653/5452/1 1654/2588/1
f 1648/2590/7 1652/5453/7 1651/2591/7
f 1649/2593/4 1653/5454/4 1652/2594/4
f 1650/2596/6 1654/4945/6 1653/2597/6
f 1647/2599/5 1651/5455/5 1654/2600/5
f 1656/2602/3 1666/5456/3 1665/2603/3
f 1658/2605/1 1659/5457/1 1660/2606/1
f 1666/2608/4 1659/5458/4 1658/2609/4
f 1655/2611/5 1657/5459/5 1660/2612/5
f 1664/2614/3 1663/5460/3 1662/2615/3
f 1665/2617/1 1666/5461/1 1626/2618/1
f 1661/2620/7 1662/5462/7 1665/2621/7
f 1663/2623/4 1666/2608/4 1665/2610/4
f 1661/2625/5 1591/5463/5 1626/2626/5
f 1669/2628/152 1670/2632/152 1668/2629/152
f 1671/2631/153 1672/5464/153 1670/2632/153
f 1677/2633/4 1678/5465/4 1672/2634/4
f 1675/2636/154 1676/2640/154 1678/2637/154
f 1673/2639/155 1674/5466/155 1676/2640/155
f 1667/2641/7 1673/5467/7 1675/2642/7
f 1675/2642/7 1677/5468/7 1671/2644/7
f 1668/2645/6 1670/2649/6 1676/2646/6
f 1672/2648/6 1678/5469/6 1676/2646/6
f 1688/2656/3 1687/5470/3 1686/2657/3
f 1687/2659/4 1691/5471/4 1690/2660/4
f 1688/2662/6 1692/5472/6 1691/2663/6
f 1685/2665/5 1689/5473/5 1692/2666/5
f 1697/2677/16 1696/5474/16 1693/2678/16
f 1707/2671/18 1709/2673/18 1706/2680/18
f 1710/2682/19 1712/2684/19 1709/2673/19
f 1715/2683/20 1714/2699/20 1712/2684/20
f 1705/2686/21 1704/5475/21 1694/2687/21
f 1713/2689/22 1715/5476/22 1702/2690/22
f 1703/2692/3 1700/5477/3 1697/2693/3
f 1694/2687/5 1704/5475/5 1713/2695/5
f 1702/2690/6 1715/5476/6 1711/2697/6
f 1709/2673/1 1712/2684/1 1714/2699/1
f 1727/2708/23 1726/2707/23 1722/2714/23
f 1724/2705/17 1723/2704/17 1721/2716/17
f 1731/2709/18 1733/2711/18 1730/2718/18
f 1739/2720/20 1738/2735/20 1736/2721/20
f 1729/2723/21 1728/5478/21 1717/2724/21
f 1737/2726/22 1739/5479/22 1726/2707/22
f 1719/2727/7 1731/2999/7 1729/2728/7
f 1727/2730/3 1724/5480/3 1720/2731/3
f 1717/2724/5 1728/5478/5 1737/2733/5
f 1733/2711/1 1736/2721/1 1738/2735/1
f 1746/2751/29 1748/5481/29 1742/2752/29
f 1748/2741/23 1747/2740/23 1743/2754/23
f 1756/2756/30 1755/5482/30 1749/2742/30
f 1750/2757/21 1749/5483/21 1741/2753/21
f 1755/2748/22 1757/2750/22 1747/2740/22
f 1741/2753/5 1749/5483/5 1755/2759/5
f 1762/2781/16 1761/5484/16 1758/2782/16
f 1766/2784/29 1768/5485/29 1760/2762/29
f 1768/2768/23 1767/2767/23 1763/2785/23
f 1779/2787/30 1778/5486/30 1769/2769/30
f 1772/2772/18 1774/2774/18 1771/2771/18
f 1780/2788/20 1779/2787/20 1777/2789/20
f 1770/2791/21 1769/5487/21 1759/2761/21
f 1776/2776/33 1775/2775/33 1764/2764/33
f 1778/2778/22 1780/2780/22 1767/2767/22
f 1768/2792/3 1765/5488/3 1762/2793/3
f 1759/2761/5 1769/5487/5 1778/2795/5
f 1774/2774/1 1777/2789/1 1779/2787/1
f 1782/2796/5 1783/5489/5 1784/2797/5
f 1788/2799/3 1787/5490/3 1786/2800/3
f 1790/2802/1 1791/5491/1 1792/2803/1
f 1786/2805/84 1790/5492/84 1789/2806/84
f 1787/2808/85 1791/5493/85 1790/2809/85
f 1788/2811/86 1792/5494/86 1791/2812/86
f 1785/2814/87 1789/5495/87 1792/2815/87
f 1796/2817/3 1795/5496/3 1794/2818/3
f 1798/2820/1 1799/5497/1 1800/2821/1
f 1794/2823/38 1798/5498/38 1797/2824/38
f 1795/2826/39 1799/5499/39 1798/2827/39
f 1796/2829/40 1800/5500/40 1799/2830/40
f 1793/2832/41 1797/5501/41 1800/2833/41
f 1805/2839/319 1804/2838/319 1801/2850/319
f 1812/2852/23 1811/2865/23 1807/2853/23
f 1809/2843/17 1808/2842/17 1806/2855/17
f 1816/2844/18 1818/2846/18 1815/2857/18
f 1819/2859/19 1821/2861/19 1818/2846/19
f 1824/2860/20 1823/2870/20 1821/2861/20
f 1814/2863/21 1813/5502/21 1802/2836/21
f 1822/2864/22 1824/5503/22 1811/2865/22
f 1802/2836/5 1813/5502/5 1822/2867/5
f 1811/2865/6 1824/5503/6 1820/2869/6
f 1818/2846/1 1821/2861/1 1823/2870/1
f 1829/2872/16 1828/2871/16 1825/2883/16
f 1836/2885/23 1835/5504/23 1831/2886/23
f 1833/2876/17 1832/2875/17 1830/2888/17
f 1840/2877/18 1842/2879/18 1839/2890/18
f 1848/2892/83 1847/2907/83 1845/2893/83
f 1838/2895/21 1837/5505/21 1826/2896/21
f 1846/2898/22 1848/5506/22 1835/2899/22
f 1828/2871/7 1840/5507/7 1838/2901/7
f 1836/2902/3 1833/5508/3 1829/2903/3
f 1826/2896/5 1837/5505/5 1846/2905/5
f 1842/2879/1 1845/2893/1 1847/2907/1
f 1855/2923/29 1857/5509/29 1851/2924/29
f 1857/2913/23 1856/2912/23 1852/2926/23
f 1865/2928/30 1864/5510/30 1858/2914/30
f 1859/2929/21 1858/5511/21 1850/2925/21
f 1864/2920/22 1866/2922/22 1856/2912/22
f 1850/2925/5 1858/5511/5 1864/2931/5
f 1871/2933/16 1870/2932/16 1867/2950/16
f 1876/2952/29 1878/5512/29 1869/2953/29
f 1878/2955/23 1877/2962/23 1873/2956/23
f 1889/2958/30 1888/5513/30 1879/2938/30
f 1882/2941/18 1884/2943/18 1881/2940/18
f 1880/2959/21 1879/5514/21 1868/2954/21
f 1883/2961/44 1882/5515/44 1870/2932/44
f 1886/2945/33 1885/2944/33 1874/2936/33
f 1888/2947/22 1890/2949/22 1877/2962/22
f 1878/2964/3 1875/5516/3 1871/2965/3
f 1868/2954/5 1879/5514/5 1888/2967/5
f 1877/2962/6 1890/2949/6 1886/2968/6
f 1884/2943/1 1887/5517/1 1889/2958/1
f 1892/2969/5 1893/5518/5 1894/2970/5
f 1898/2972/3 1897/5519/3 1896/2973/3
f 1900/2975/1 1901/5520/1 1902/2976/1
f 1896/2977/84 1900/5521/84 1899/2978/84
f 1897/2980/85 1901/5522/85 1900/2981/85
f 1898/2983/86 1902/5523/86 1901/2984/86
f 1895/2986/87 1899/5524/87 1902/2987/87
f 1906/2989/3 1905/5525/3 1904/2990/3
f 1908/2992/1 1909/5526/1 1910/2993/1
f 1904/2995/38 1908/5527/38 1907/2996/38
f 1905/2998/39 1909/5528/39 1908/2999/39
f 1906/3001/40 1910/5529/40 1909/3002/40
f 1903/3004/41 1907/5530/41 1910/3005/41
f 1914/3007/3 1913/5531/3 1912/3008/3
f 1916/3010/1 1917/5532/1 1918/3011/1
f 1914/3013/6 1918/5533/6 1917/3014/6
f 1911/3016/5 1915/5534/5 1918/3017/5
f 1922/3019/3 1921/5535/3 1920/3020/3
f 1920/3022/7 1924/5536/7 1923/3023/7
f 1922/3025/6 1926/5537/6 1925/3026/6
f 1932/3028/1 1933/5538/1 1934/3029/1
f 1928/3031/7 1932/5539/7 1931/3032/7
f 1929/3034/4 1933/5540/4 1932/3035/4
f 1930/3037/6 1934/5541/6 1933/3038/6
f 1927/3040/5 1931/5542/5 1934/3041/5
f 1938/3043/3 1937/3069/3 1936/3044/3
f 1937/3046/4 1941/3052/4 1940/3047/4
f 1935/3049/5 1939/3057/5 1942/3050/5
f 1941/3052/4 1945/3062/4 1944/3053/4
f 1942/3054/6 1946/3064/6 1945/3055/6
f 1939/3057/5 1943/3066/5 1946/3058/5
f 1948/3059/1 1949/3076/1 1950/3060/1
f 1945/3062/4 1949/3079/4 1948/3063/4
f 1946/3064/6 1950/5543/6 1949/3065/6
f 1943/3066/5 1947/5544/5 1950/3067/5
f 1952/3068/3 1951/5545/3 1937/3069/3
f 1951/3070/4 1953/5546/4 1941/3052/4
f 1952/3071/6 1954/5547/6 1953/3072/6
f 1938/3051/5 1942/3050/5 1954/3074/5
f 1949/3076/1 1957/5548/1 1958/3077/1
f 1955/3078/4 1957/5549/4 1949/3079/4
f 1956/3080/6 1958/5550/6 1957/3081/6
f 1946/3058/5 1950/3067/5 1958/3083/5
f 1963/3085/1 1964/5551/1 1965/3086/1
f 1961/3088/6 1965/5552/6 1964/3089/6
f 1959/3091/5 1962/5553/5 1965/3092/5
f 1973/3109/16 1972/5554/16 1969/3110/16
f 1983/3103/18 1985/3105/18 1982/3112/18
f 1986/3114/19 1988/3116/19 1985/3105/19
f 1991/3115/20 1990/3127/20 1988/3116/20
f 1981/3118/21 1980/5555/21 1970/3098/21
f 1989/3119/22 1991/5556/22 1978/3120/22
f 1979/3122/3 1976/5557/3 1973/3123/3
f 1978/3120/6 1991/5556/6 1987/3125/6
f 1985/3105/1 1988/3116/1 1990/3127/1
f 1998/3143/29 2000/5558/29 1994/3144/29
f 2000/3133/159 1999/3132/159 1995/3146/159
f 2008/3148/30 2007/5559/30 2001/3134/30
f 2009/3149/139 2008/5560/139 2006/3150/139
f 2002/3152/21 2001/5561/21 1993/3145/21
f 2005/3138/33 2004/3137/33 1996/3129/33
f 2007/3140/22 2009/3142/22 1999/3132/22
f 1993/3145/5 2001/5561/5 2007/3154/5
f 1999/3132/6 2009/3142/6 2005/3155/6
f 2014/3176/53 2013/3187/53 2010/3177/53
f 2018/3179/29 2020/5562/29 2012/3158/29
f 2020/3164/23 2019/3163/23 2015/3180/23
f 2031/3182/30 2030/5563/30 2021/3165/30
f 2024/3168/320 2026/3169/320 2023/3167/320
f 2032/3183/20 2031/3182/20 2029/3184/20
f 2022/3186/21 2021/5564/21 2011/3157/21
f 2028/3171/322 2027/3170/322 2016/3160/322
f 2030/3173/22 2032/3175/22 2019/3163/22
f 2013/3187/7 2024/5565/7 2022/3188/7
f 2020/3189/3 2017/5566/3 2014/3190/3
f 2011/3157/5 2021/5564/5 2030/3192/5
f 2019/3163/6 2032/3175/6 2028/3193/6
f 2026/3169/1 2029/3184/1 2031/3182/1
f 2034/3194/5 2035/5567/5 2036/3195/5
f 2037/3197/3 2040/2974/3 2039/3198/3
f 2041/3199/1 2042/5568/1 2043/3200/1
f 2038/3202/84 2042/5569/84 2041/3203/84
f 2039/3205/85 2043/5570/85 2042/3206/85
f 2040/3208/86 2044/5571/86 2043/3209/86
f 2037/3211/87 2041/5572/87 2044/3212/87
f 2048/3214/3 2047/5573/3 2046/3215/3
f 2046/3217/7 2050/5574/7 2049/3218/7
f 2048/3220/6 2052/5575/6 2051/3221/6
f 2045/3223/5 2049/5576/5 2052/3224/5
f 2057/3230/16 2056/3229/16 2053/3250/16
f 2062/3252/29 2064/5577/29 2055/3228/29
f 2064/3237/23 2063/3236/23 2059/3253/23
f 2061/3234/17 2060/3233/17 2058/3255/17
f 2075/3257/30 2074/5578/30 2065/3238/30
f 2068/3241/18 2070/3243/18 2067/3240/18
f 2071/3258/19 2073/3260/19 2070/3243/19
f 2076/3259/20 2075/3257/20 2073/3260/20
f 2066/3262/21 2065/5579/21 2054/3227/21
f 2069/3263/44 2068/5580/44 2056/3229/44
f 2072/3245/33 2071/3244/33 2060/3233/33
f 2074/3247/22 2076/3249/22 2063/3236/22
f 2056/3229/7 2068/5580/7 2066/3264/7
f 2064/3265/3 2061/5581/3 2057/3266/3
f 2054/3227/5 2065/5579/5 2074/3268/5
f 2060/3233/4 2071/3244/4 2069/3269/4
f 2063/3236/6 2076/3249/6 2072/3270/6
f 2070/3243/1 2073/3260/1 2075/3257/1
f 2080/3271/3 2079/5582/3 2078/3272/3
f 2078/3274/7 2082/5583/7 2081/3275/7
f 2079/3277/4 2083/5584/4 2082/3278/4
f 2080/3280/6 2084/5585/6 2083/3281/6
f 2089/3287/16 2088/3286/16 2085/3301/16
f 2094/3303/29 2096/5586/29 2087/3285/29
f 2096/3291/23 2095/3290/23 2091/3304/23
f 2093/3306/17 2092/3321/17 2090/3307/17
f 2107/3309/30 2106/5587/30 2097/3292/30
f 2100/3295/18 2102/3297/18 2099/3294/18
f 2103/3310/19 2105/3312/19 2102/3297/19
f 2108/3311/20 2107/3309/20 2105/3312/20
f 2098/3314/21 2097/5588/21 2086/3284/21
f 2101/3315/44 2100/5589/44 2088/3286/44
f 2106/3298/22 2108/3300/22 2095/3290/22
f 2088/3286/7 2100/5589/7 2098/3316/7
f 2096/3317/3 2093/2179/3 2089/3318/3
f 2086/3284/5 2097/5588/5 2106/3320/5
f 2092/3321/4 2103/5590/4 2101/3322/4
f 2095/3290/6 2108/3300/6 2104/3323/6
f 2102/3297/1 2105/3312/1 2107/3309/1
f 2112/3324/3 2111/5591/3 2110/3325/3
f 2110/3327/7 2114/5592/7 2113/3328/7
f 2111/3330/4 2115/5593/4 2114/3331/4
f 2112/3333/6 2116/5594/6 2115/3334/6
f 2121/3354/16 2120/3366/16 2117/3355/16
f 2125/3357/29 2127/5595/29 2119/3338/29
f 2127/3344/23 2126/3343/23 2122/3358/23
f 2137/3360/30 2136/5596/30 2128/3345/30
f 2131/3361/18 2132/3373/18 2130/3347/18
f 2138/3362/20 2137/3360/20 2135/3363/20
f 2129/3365/21 2128/5597/21 2118/3337/21
f 2134/3349/33 2133/3348/33 2123/3340/33
f 2136/3351/22 2138/3353/22 2126/3343/22
f 2120/3366/7 2131/5598/7 2129/3367/7
f 2127/3368/3 2124/5599/3 2121/3369/3
f 2118/3337/5 2128/5597/5 2136/3371/5
f 2126/3343/6 2138/3353/6 2134/3372/6
f 2132/3373/1 2135/3363/1 2137/3360/1
f 2143/3378/16 2142/3377/16 2139/3386/16
f 2150/3385/23 2149/3384/23 2145/3388/23
f 2152/3390/21 2151/5600/21 2140/3375/21
f 2155/3391/44 2154/5601/44 2142/3377/44
f 2158/3392/33 2157/5602/33 2146/3381/33
f 2160/3393/22 2162/5603/22 2149/3384/22
f 2142/3377/7 2154/5601/7 2152/3394/7
f 2140/3375/5 2151/5600/5 2160/3395/5
f 2146/3381/4 2157/5602/4 2155/3397/4
f 2149/3384/6 2162/5603/6 2158/3399/6
f 2156/3400/1 2159/5604/1 2161/3401/1
f 2167/3407/16 2166/3406/16 2163/3427/16
f 2172/3429/29 2174/5605/29 2165/3405/29
f 2174/3414/23 2173/3413/23 2169/3430/23
f 2185/3432/30 2184/5606/30 2175/3415/30
f 2178/3418/18 2180/3420/18 2177/3417/18
f 2186/3433/20 2185/5607/20 2183/3434/20
f 2176/3436/21 2175/5608/21 2164/3404/21
f 2179/3437/44 2178/5609/44 2166/3406/44
f 2182/3422/33 2181/3421/33 2170/3410/33
f 2184/3424/22 2186/3426/22 2173/3413/22
f 2166/3406/7 2178/5609/7 2176/3438/7
f 2164/3404/5 2175/5608/5 2184/3439/5
f 2173/3413/6 2186/3426/6 2182/3440/6
f 2191/3445/16 2190/3444/16 2187/3453/16
f 2198/3452/23 2197/3451/23 2193/3455/23
f 2200/3457/21 2199/5610/21 2188/3442/21
f 2203/3458/44 2202/5611/44 2190/3444/44
f 2206/3459/33 2205/5612/33 2194/3448/33
f 2208/3460/22 2210/5613/22 2197/3451/22
f 2190/3444/7 2202/5611/7 2200/3461/7
f 2188/3442/5 2199/5610/5 2208/3462/5
f 2194/3448/4 2205/5612/4 2203/3464/4
f 2197/3451/6 2210/5613/6 2206/3466/6
f 2204/3467/1 2207/5614/1 2209/3468/1
f 2215/3474/16 2214/3473/16 2211/3494/16
f 2222/3481/23 2221/3480/23 2217/3496/23
f 2219/3478/17 2218/3477/17 2216/3498/17
f 2226/3485/18 2228/3487/18 2225/3484/18
f 2229/3500/19 2231/5615/19 2228/3487/19
f 2234/3501/20 2233/5616/20 2231/3502/20
f 2224/3504/21 2223/5617/21 2212/3471/21
f 2227/3505/44 2226/5618/44 2214/3473/44
f 2230/3489/33 2229/3488/33 2218/3477/33
f 2232/3491/22 2234/3493/22 2221/3480/22
f 2214/3473/7 2226/5618/7 2224/3506/7
f 2218/3477/4 2229/3488/4 2227/3507/4
f 2221/3480/6 2234/3493/6 2230/3508/6
f 2239/3513/16 2238/3512/16 2235/3521/16
f 2244/3523/29 2246/5619/29 2237/3511/29
f 2246/3520/23 2245/3519/23 2241/3524/23
f 2243/3517/17 2242/3516/17 2240/3526/17
f 2257/3528/30 2256/5620/30 2247/3529/30
f 2250/3313/18 2252/3533/18 2249/3530/18
f 2253/3532/19 2255/3536/19 2252/3533/19
f 2258/3535/20 2257/3528/20 2255/3536/20
f 2238/3512/7 2250/5621/7 2248/3538/7
f 2246/3539/3 2243/5622/3 2239/3540/3
f 2245/3519/6 2258/5623/6 2254/3542/6
f 2252/3533/1 2255/3536/1 2257/3528/1
f 2262/3543/3 2261/5624/3 2260/3544/3
f 2262/3546/6 2265/5625/6 2264/3547/6
f 2259/3549/5 2263/5626/5 2265/3550/5
f 2270/3556/16 2269/3555/16 2266/3564/16
f 2275/3566/29 2277/5627/29 2268/3554/29
f 2277/3563/23 2276/3562/23 2272/3567/23
f 2274/3560/17 2273/3559/17 2271/3569/17
f 2288/3571/30 2287/5628/30 2278/3572/30
f 2284/3574/19 2286/5629/19 2283/3575/19
f 2279/3577/21 2278/5630/21 2267/3553/21
f 2282/3578/44 2281/5631/44 2269/3555/44
f 2285/3579/33 2284/5632/33 2273/3559/33
f 2287/3580/22 2289/5633/22 2276/3562/22
f 2269/3555/7 2281/5631/7 2279/3581/7
f 2277/3582/3 2274/5634/3 2270/609/3
f 2267/3553/5 2278/5630/5 2287/3584/5
f 2273/3559/4 2284/5632/4 2282/3585/4
f 2276/3562/6 2289/5633/6 2285/3586/6
f 2283/3575/1 2286/5629/1 2288/3571/1
f 2294/3591/16 2293/3590/16 2290/3605/16
f 2298/3595/17 2297/3594/17 2295/3607/17
f 2303/3599/18 2305/3601/18 2302/3598/18
f 2306/3609/19 2308/3611/19 2305/3601/19
f 2310/3610/20 2309/3620/20 2308/3611/20
f 2301/3613/21 2300/5635/21 2291/3588/21
f 2304/3614/44 2303/5636/44 2293/3590/44
f 2307/3603/33 2306/3602/33 2297/3594/33
f 2293/3590/7 2303/5636/7 2301/3615/7
f 2297/3594/4 2306/3602/4 2304/3616/4
f 2299/3617/6 2310/5637/6 2307/3618/6
f 2305/3601/1 2308/3611/1 2309/3620/1
f 2320/3629/23 2319/3628/23 2315/3639/23
f 2317/3626/17 2316/3625/17 2314/3641/17
f 2323/3630/18 2325/3632/18 2322/3643/18
f 2326/3645/19 2328/3647/19 2325/3632/19
f 2331/3646/20 2330/3654/20 2328/3647/20
f 2324/3649/44 2323/5638/44 2312/3621/44
f 2327/3634/33 2326/3633/33 2316/3625/33
f 2329/3636/22 2331/3638/22 2319/3628/22
f 2312/3621/7 2323/5638/7 2321/3650/7
f 2316/3625/4 2326/3633/4 2324/3652/4
f 2319/3628/6 2331/3638/6 2327/3653/6
f 2325/3632/1 2328/3647/1 2330/3654/1
f 2336/3667/16 2335/3685/16 2332/3668/16
f 2341/3670/29 2343/5639/29 2334/3657/29
f 2343/3660/23 2342/3659/23 2338/3671/23
f 2340/3673/17 2339/3691/17 2337/3674/17
f 2354/3676/30 2353/5640/30 2344/3661/30
f 2347/3677/18 2349/3679/18 2346/3663/18
f 2350/3678/19 2352/3682/19 2349/3679/19
f 2355/3681/20 2354/3676/20 2352/3682/20
f 2345/3684/21 2344/5641/21 2333/3656/21
f 2353/3664/22 2355/3666/22 2342/3659/22
f 2335/3685/7 2347/5642/7 2345/3686/7
f 2343/3687/3 2340/5643/3 2336/3688/3
f 2333/3656/5 2344/5641/5 2353/3690/5
f 2339/3691/4 2350/5644/4 2348/3692/4
f 2342/3659/6 2355/3666/6 2351/3693/6
f 2349/3679/1 2352/3682/1 2354/3676/1
f 2359/3694/3 2358/5645/3 2357/3695/3
f 2361/3697/1 2362/5646/1 2363/3698/1
f 2357/3700/7 2361/5647/7 2360/3701/7
f 2358/3703/4 2362/5648/4 2361/3704/4
f 2359/3706/6 2363/5649/6 2362/3707/6
f 2356/3709/5 2360/1109/5 2363/3710/5
f 2364/3714/323 2375/5650/323 2374/5651/323
f 2374/5651/4 2373/5652/4 2372/3712/4
f 2372/3712/324 2371/5653/324 2370/5654/324
f 2370/5654/324 2369/5655/324 2368/3713/324
f 2368/3713/4 2367/5656/4 2366/5657/4
f 2366/5657/323 2365/5658/323 2364/3714/323
f 2364/3714/4 2374/5651/4 2372/3712/4
f 2372/3712/4 2370/5654/4 2368/3713/4
f 2368/3713/4 2366/5657/4 2364/3714/4
f 2387/3717/5 2376/5659/5 2377/5660/5
f 2377/5660/5 2378/5661/5 2379/3715/5
f 2379/3715/5 2380/5662/5 2381/5663/5
f 2381/5663/5 2382/5664/5 2383/3716/5
f 2383/3716/5 2384/5665/5 2385/5666/5
f 2385/5666/5 2386/5667/5 2387/3717/5
f 2387/3717/5 2377/5660/5 2379/3715/5
f 2379/3715/5 2381/5663/5 2383/3716/5
f 2383/3716/5 2385/5666/5 2387/3717/5
f 2365/3718/167 2377/5668/167 2376/3719/167
f 2366/3721/18 2378/3725/18 2377/3722/18
f 2367/3724/168 2379/3727/168 2378/3725/168
f 2368/3726/169 2380/3729/169 2379/3727/169
f 2369/3728/20 2381/5669/20 2380/3729/20
f 2370/3730/170 2382/3734/170 2381/3731/170
f 2371/3733/171 2383/5670/171 2382/3734/171
f 2364/3720/172 2376/3719/172 2387/3735/172
f 2392/3741/16 2391/3740/16 2388/3761/16
f 2397/3763/29 2399/5671/29 2390/3739/29
f 2399/3748/23 2398/3747/23 2394/3764/23
f 2396/3745/17 2395/3744/17 2393/3766/17
f 2410/3768/30 2409/5672/30 2400/3749/30
f 2403/3752/18 2405/3754/18 2402/3751/18
f 2406/3769/19 2408/3771/19 2405/3754/19
f 2411/3770/20 2410/3768/20 2408/3771/20
f 2401/3773/21 2400/5673/21 2389/3738/21
f 2404/3774/44 2403/5674/44 2391/3740/44
f 2409/3758/22 2411/3760/22 2398/3747/22
f 2391/3740/7 2403/5674/7 2401/3775/7
f 2399/3776/3 2396/5675/3 2392/3777/3
f 2389/3738/5 2400/5673/5 2409/3779/5
f 2395/3744/4 2406/5676/4 2404/3780/4
f 2398/3747/6 2411/3760/6 2407/3781/6
f 2405/3754/1 2408/3771/1 2410/3768/1
f 2416/3786/16 2415/3785/16 2412/3806/16
f 2421/3808/29 2423/5677/29 2414/3784/29
f 2423/3793/321 2422/3792/321 2418/3809/321
f 2420/3790/17 2419/3789/17 2417/3811/17
f 2434/3813/30 2433/5678/30 2424/3794/30
f 2427/3797/18 2429/3799/18 2426/3796/18
f 2430/3814/19 2432/3816/19 2429/3799/19
f 2435/3815/20 2434/3813/20 2432/3816/20
f 2425/3818/21 2424/5679/21 2413/3783/21
f 2428/3819/44 2427/5680/44 2415/3785/44
f 2431/3801/33 2430/3800/33 2419/3789/33
f 2433/3803/22 2435/3805/22 2422/3792/22
f 2415/3785/7 2427/5680/7 2425/3820/7
f 2423/3821/3 2420/5681/3 2416/3822/3
f 2413/3783/5 2424/5679/5 2433/3823/5
f 2419/3789/4 2430/3800/4 2428/3824/4
f 2422/3792/6 2435/3805/6 2431/3825/6
f 2429/3799/1 2432/3816/1 2434/3813/1
f 2439/3826/3 2438/3842/3 2437/3827/3
f 2437/3829/7 2441/4535/7 2440/3830/7
f 2438/3832/4 2442/5682/4 2441/3833/4
f 2439/3835/6 2443/5683/6 2442/3836/6
f 2436/3838/5 2440/5684/5 2443/3839/5
f 2447/3841/3 2446/5685/3 2445/3842/3
f 2445/3843/7 2449/5686/7 2448/3844/7
f 2446/3846/4 2450/5687/4 2449/3847/4
f 2447/3849/6 2451/2474/6 2450/3850/6
f 2444/3852/5 2448/5688/5 2451/3853/5
f 2453/3855/173 2469/3859/173 2468/3856/173
f 2454/3858/174 2470/5689/174 2469/3859/174
f 2454/3860/175 2455/3863/175 2471/3861/175
f 2455/3863/176 2456/3866/176 2472/3864/176
f 2457/3865/177 2473/3868/177 2472/3864/177
f 2458/3867/178 2474/3898/178 2473/3868/178
f 2459/3869/179 2475/3873/179 2474/3870/179
f 2460/3872/180 2476/3875/180 2475/3873/180
f 2461/3874/181 2477/3877/181 2476/3875/181
f 2461/3874/182 2462/5690/182 2478/3876/182
f 2462/3878/183 2463/3882/183 2479/3879/183
f 2464/3881/184 2480/3884/184 2479/3879/184
f 2464/3881/185 2465/3886/185 2481/3883/185
f 2466/3885/186 2482/3907/186 2481/3883/186
f 2467/3887/187 2483/3890/187 2482/3888/187
f 2452/3857/188 2468/3856/188 2483/3890/188
f 2469/3859/189 2485/3893/189 2484/3891/189
f 2469/3859/190 2470/5689/190 2486/3892/190
f 2471/3861/191 2487/3895/191 2486/3894/191
f 2472/3864/192 2488/3897/192 2487/3895/192
f 2472/3864/193 2473/3868/193 2489/3896/193
f 2474/3898/194 2490/3917/194 2489/3896/194
f 2475/3873/195 2491/3900/195 2490/3899/195
f 2476/3875/196 2492/3901/196 2491/3900/196
f 2477/3877/197 2493/3902/197 2492/3901/197
f 2478/3876/198 2494/3921/198 2493/3902/198
f 2479/3879/199 2495/3905/199 2494/3903/199
f 2479/3879/200 2480/3884/200 2496/3904/200
f 2480/3884/201 2481/3883/201 2497/3906/201
f 2482/3907/202 2498/3926/202 2497/3906/202
f 2482/3888/203 2483/3890/203 2499/3908/203
f 2468/3856/204 2484/3891/204 2499/3908/204
f 2485/3893/205 2501/3912/205 2500/3910/205
f 2485/3893/206 2486/3892/206 2502/3911/206
f 2487/3895/207 2503/3915/207 2502/3913/207
f 2487/3895/208 2488/3897/208 2504/3914/208
f 2488/3897/209 2489/3896/209 2505/3916/209
f 2490/3917/325 2506/3935/325 2505/3916/325
f 2491/3900/326 2507/3919/326 2506/3918/326
f 2492/3901/212 2508/3920/212 2507/3919/212
f 2493/3902/213 2509/3922/213 2508/3920/213
f 2494/3921/214 2510/5691/214 2509/3922/214
f 2494/3903/215 2495/3905/215 2511/3923/215
f 2496/3904/216 2512/3925/216 2511/3923/216
f 2497/3906/217 2513/3927/217 2512/3925/217
f 2498/3926/327 2514/5692/327 2513/3927/327
f 2499/3908/219 2515/3929/219 2514/3928/219
f 2484/3891/220 2500/3910/220 2515/3929/220
f 2500/3910/328 2501/3912/328 2517/3930/328
f 2502/3911/329 2518/5693/329 2517/3930/329
f 2503/3915/223 2519/3934/223 2518/3932/223
f 2503/3915/224 2504/3914/224 2520/3933/224
f 2505/3916/225 2521/3936/225 2520/3933/225
f 2506/3935/330 2522/5694/330 2521/3936/330
f 2507/3919/227 2523/3938/227 2522/3937/227
f 2508/3920/228 2524/3940/228 2523/3938/228
f 2508/3920/229 2509/3922/229 2525/3939/229
f 2509/3922/230 2510/5691/230 2526/3941/230
f 2510/3924/331 2511/3923/331 2527/3942/331
f 2511/3923/332 2512/3925/332 2528/3944/332
f 2513/3927/333 2529/3946/333 2528/3944/333
f 2513/3927/234 2514/5692/234 2530/3945/234
f 2514/3928/334 2515/3929/334 2531/3947/334
f 2500/3910/335 2516/3931/335 2531/3947/335
f 2517/3949/1 2533/3953/1 2532/3950/1
f 2518/3952/1 2534/3955/1 2533/3953/1
f 2519/3954/1 2535/3957/1 2534/3955/1
f 2519/3954/1 2520/3958/1 2536/3956/1
f 2520/3958/1 2521/3961/1 2537/3959/1
f 2522/3960/1 2538/3963/1 2537/3959/1
f 2522/3960/1 2523/3964/1 2539/3962/1
f 2523/3964/1 2524/3966/1 2540/3965/1
f 2524/3966/1 2525/3968/1 2541/3967/1
f 2525/3968/1 2526/3970/1 2542/3969/1
f 2526/3970/1 2527/3973/1 2543/3971/1
f 2528/3972/1 2544/3975/1 2543/3971/1
f 2529/3974/1 2545/3977/1 2544/3975/1
f 2530/3976/1 2546/3979/1 2545/3977/1
f 2531/3978/1 2547/3980/1 2546/3979/1
f 2516/3951/1 2532/3950/1 2547/3980/1
f 2533/3981/237 2549/3985/237 2548/3982/237
f 2534/3984/238 2550/5695/238 2549/3985/238
f 2535/3986/239 2551/3990/239 2550/3987/239
f 2536/3989/240 2552/3992/240 2551/3990/240
f 2537/3991/241 2553/3994/241 2552/3992/241
f 2538/3993/242 2554/5696/242 2553/3994/242
f 2539/3995/243 2555/3999/243 2554/3996/243
f 2540/3998/244 2556/4001/244 2555/3999/244
f 2541/4000/245 2557/4003/245 2556/4001/245
f 2542/4002/246 2558/5697/246 2557/4003/246
f 2543/4004/247 2559/4008/247 2558/4005/247
f 2544/4007/248 2560/4010/248 2559/4008/248
f 2545/4009/249 2561/4012/249 2560/4010/249
f 2546/4011/250 2562/5698/250 2561/4012/250
f 2547/4013/251 2563/4016/251 2562/4014/251
f 2532/3983/252 2548/3982/252 2563/4016/252
f 2565/4017/253 2581/4021/253 2580/4018/253
f 2565/4017/254 2566/5699/254 2582/4020/254
f 2566/4022/255 2567/4025/255 2583/4023/255
f 2567/4025/256 2568/4028/256 2584/4026/256
f 2569/4027/257 2585/4030/257 2584/4026/257
f 2570/4029/336 2586/4060/336 2585/4030/336
f 2571/4031/259 2587/4035/259 2586/4032/259
f 2571/4031/260 2572/4037/260 2588/4034/260
f 2573/4036/261 2589/4039/261 2588/4034/261
f 2574/4038/337 2590/5700/337 2589/4039/337
f 2575/4040/338 2591/4044/338 2590/4041/338
f 2576/4043/264 2592/4046/264 2591/4044/264
f 2577/4045/265 2593/4048/265 2592/4046/265
f 2577/4045/339 2578/5701/339 2594/4047/339
f 2579/4049/340 2595/4052/340 2594/4050/340
f 2579/4049/268 2564/4019/268 2580/4018/268
f 2581/4021/269 2597/4055/269 2596/4053/269
f 2581/4021/270 2582/4020/270 2598/4054/270
f 2583/4023/271 2599/4057/271 2598/4056/271
f 2584/4026/272 2600/4059/272 2599/4057/272
f 2584/4026/273 2585/4030/273 2601/4058/273
f 2586/4060/274 2602/5702/274 2601/4058/274
f 2587/4035/275 2603/4063/275 2602/4061/275
f 2587/4035/276 2588/4034/276 2604/4062/276
f 2588/4034/277 2589/4039/277 2605/4064/277
f 2589/4039/278 2590/5700/278 2606/4065/278
f 2591/4044/279 2607/4067/279 2606/4066/279
f 2592/4046/280 2608/4069/280 2607/4067/280
f 2592/4046/281 2593/4048/281 2609/4068/281
f 2594/4047/282 2610/5703/282 2609/4068/282
f 2595/4052/283 2611/4071/283 2610/4070/283
f 2580/4018/284 2596/4053/284 2611/4071/284
f 2596/4053/285 2597/4055/285 2613/4072/285
f 2597/4055/286 2598/4054/286 2614/4074/286
f 2598/4056/287 2599/4057/287 2615/4075/287
f 2599/4057/288 2600/4059/288 2616/4077/288
f 2601/4058/289 2617/4079/289 2616/4077/289
f 2601/4058/290 2602/5702/290 2618/4078/290
f 2603/4063/291 2619/4081/291 2618/4080/291
f 2604/4062/341 2620/4082/341 2619/4081/341
f 2605/4064/293 2621/4084/293 2620/4082/293
f 2605/4064/294 2606/4065/294 2622/4083/294
f 2607/4067/342 2623/4087/342 2622/4085/342
f 2607/4067/296 2608/4069/296 2624/4086/296
f 2609/4068/297 2625/4089/297 2624/4086/297
f 2609/4068/298 2610/5703/298 2626/4088/298
f 2611/4071/299 2627/4091/299 2626/4090/299
f 2611/4071/300 2596/4053/300 2612/4073/300
f 2613/4072/343 2629/4093/343 2628/4092/343
f 2614/4074/344 2630/5704/344 2629/4093/344
f 2614/4076/345 2615/4075/345 2631/4094/345
f 2616/4077/346 2632/4096/346 2631/4094/346
f 2617/4079/347 2633/4098/347 2632/4096/347
f 2617/4079/348 2618/4078/348 2634/4097/348
f 2618/4080/349 2619/4081/349 2635/4099/349
f 2620/4082/350 2636/4102/350 2635/4099/350
f 2620/4082/351 2621/4084/351 2637/4101/351
f 2621/4084/352 2622/4083/352 2638/4103/352
f 2623/4087/353 2639/4105/353 2638/4104/353
f 2624/4086/354 2640/4107/354 2639/4105/354
f 2624/4086/355 2625/4089/355 2641/4106/355
f 2626/4088/356 2642/5705/356 2641/4106/356
f 2626/4090/315 2627/4091/315 2643/4108/315
f 2612/4073/316 2628/4092/316 2643/4108/316
f 2629/4110/1 2645/4114/1 2644/4111/1
f 2630/4113/1 2646/4116/1 2645/4114/1
f 2631/4115/1 2647/4118/1 2646/4116/1
f 2632/4117/1 2648/4120/1 2647/4118/1
f 2632/4117/1 2633/4121/1 2649/4119/1
f 2633/4121/1 2634/4123/1 2650/4122/1
f 2634/4123/1 2635/4125/1 2651/4124/1
f 2635/4125/1 2636/4128/1 2652/4126/1
f 2637/4127/1 2653/4130/1 2652/4126/1
f 2638/4129/1 2654/4132/1 2653/4130/1
f 2639/4131/1 2655/4134/1 2654/4132/1
f 2639/4131/1 2640/4136/1 2656/4133/1
f 2641/4135/1 2657/4138/1 2656/4133/1
f 2641/4135/1 2642/4139/1 2658/4137/1
f 2642/4139/1 2643/4141/1 2659/4140/1
f 2643/4141/1 2628/4112/1 2644/4111/1
f 2645/4142/237 2661/4146/237 2660/4143/237
f 2646/4145/238 2662/5706/238 2661/4146/238
f 2647/4147/239 2663/4151/239 2662/4148/239
f 2648/4150/240 2664/4153/240 2663/4151/240
f 2649/4152/241 2665/4155/241 2664/4153/241
f 2650/4154/242 2666/5707/242 2665/4155/242
f 2651/4156/243 2667/4160/243 2666/4157/243
f 2652/4159/244 2668/4162/244 2667/4160/244
f 2653/4161/245 2669/4164/245 2668/4162/245
f 2654/4163/246 2670/5708/246 2669/4164/246
f 2655/4165/247 2671/4169/247 2670/4166/247
f 2656/4168/248 2672/4171/248 2671/4169/248
f 2657/4170/249 2673/4173/249 2672/4171/249
f 2658/4172/250 2674/5709/250 2673/4173/250
f 2659/4174/251 2675/4177/251 2674/4175/251
f 2644/4144/252 2660/4143/252 2675/4177/252
f 2677/4178/5 2678/5710/5 2679/4179/5
f 2683/4181/4 2682/5711/4 2681/4182/4
f 2680/4184/7 2681/5712/7 2677/4185/7
f 2678/4187/6 2682/5713/6 2683/4188/6
f 2679/4190/3 2683/4316/3 2680/4191/3
f 2681/4193/1 2682/5714/1 2678/4194/1
f 2685/4196/5 2686/5715/5 2687/4197/5
f 2691/4199/4 2690/5716/4 2689/4200/4
f 2688/4202/7 2689/5717/7 2685/4203/7
f 2686/4205/6 2690/5718/6 2691/4206/6
f 2687/4208/3 2691/5719/3 2688/4209/3
f 2689/4211/1 2690/5720/1 2686/4212/1
f 2693/4214/5 2694/5721/5 2695/4215/5
f 2699/4217/4 2698/5722/4 2697/4218/4
f 2696/4220/7 2697/5723/7 2693/4221/7
f 2694/4223/6 2698/5724/6 2699/4224/6
f 2695/4226/3 2699/5725/3 2696/4227/3
f 2697/4229/1 2698/5726/1 2694/4230/1
f 2701/4232/5 2702/5727/5 2703/4233/5
f 2707/4235/4 2706/5728/4 2705/4236/4
f 2704/4238/7 2705/5729/7 2701/4239/7
f 2702/4241/6 2706/5730/6 2707/4242/6
f 2703/4244/3 2707/5731/3 2704/4245/3
f 2705/4247/1 2706/5732/1 2702/4248/1
f 2709/4250/5 2710/5733/5 2711/4251/5
f 2715/4253/4 2714/5734/4 2713/4254/4
f 2712/4256/7 2713/5735/7 2709/4257/7
f 2710/4259/6 2714/5736/6 2715/4260/6
f 2711/4262/3 2715/5737/3 2712/4263/3
f 2713/4265/1 2714/4778/1 2710/4266/1
f 2717/4268/5 2718/5738/5 2719/4269/5
f 2723/4271/4 2722/5739/4 2721/4272/4
f 2720/4274/7 2721/5740/7 2717/4275/7
f 2718/4277/6 2722/5741/6 2723/4278/6
f 2719/4280/3 2723/5742/3 2720/4281/3
f 2721/4283/1 2722/5743/1 2718/4284/1
f 2725/4286/5 2726/5744/5 2727/4287/5
f 2731/4289/4 2730/5745/4 2729/4290/4
f 2728/4292/7 2729/5746/7 2725/4293/7
f 2726/4295/6 2730/5747/6 2731/4296/6
f 2727/4298/3 2731/5748/3 2728/4299/3
f 2729/4301/1 2730/5749/1 2726/4302/1
f 2733/4304/5 2734/5750/5 2735/4305/5
f 2739/4307/4 2738/5751/4 2737/4308/4
f 2736/4310/7 2737/5752/7 2733/4311/7
f 2734/4313/6 2738/5753/6 2739/4314/6
f 2735/4316/3 2739/5754/3 2736/4317/3
f 2737/4318/1 2738/5755/1 2734/4319/1
f 2741/4320/5 2742/5756/5 2743/4321/5
f 2747/4323/4 2746/5757/4 2745/4324/4
f 2744/4326/7 2745/5758/7 2741/4327/7
f 2742/4329/6 2746/5759/6 2747/4330/6
f 2743/4332/3 2747/5760/3 2744/4333/3
f 2745/4335/1 2746/5761/1 2742/4336/1
f 2749/4338/5 2750/5762/5 2751/4339/5
f 2755/4341/4 2754/5763/4 2753/4342/4
f 2752/4344/7 2753/5764/7 2749/4345/7
f 2750/4347/6 2754/5765/6 2755/4348/6
f 2751/4350/3 2755/5766/3 2752/4351/3
f 2753/4353/1 2754/5767/1 2750/4354/1
f 2757/4356/5 2758/5768/5 2759/4357/5
f 2763/4359/4 2762/5769/4 2761/4360/4
f 2760/4362/7 2761/5770/7 2757/4363/7
f 2758/4365/6 2762/5771/6 2763/4366/6
f 2759/4368/3 2763/5772/3 2760/4369/3
f 2761/4371/1 2762/5773/1 2758/4372/1
f 2765/4374/5 2766/5774/5 2767/4375/5
f 2771/4377/4 2770/5775/4 2769/4378/4
f 2768/4380/7 2769/5776/7 2765/4381/7
f 2766/4383/6 2770/5777/6 2771/4384/6
f 2767/4386/3 2771/4368/3 2768/4370/3
f 2769/4388/1 2770/5778/1 2766/4389/1
f 2773/4391/5 2774/5779/5 2775/4392/5
f 2779/4394/4 2778/5780/4 2777/4395/4
f 2776/4397/7 2777/5781/7 2773/4398/7
f 2774/4400/6 2778/5782/6 2779/4401/6
f 2775/4403/3 2779/5783/3 2776/4404/3
f 2777/4406/1 2778/5784/1 2774/4407/1
f 2781/4409/5 2782/5785/5 2783/4410/5
f 2787/4412/4 2786/5786/4 2785/4413/4
f 2784/4415/7 2785/5787/7 2781/4416/7
f 2782/4418/6 2786/5788/6 2787/4419/6
f 2783/4421/3 2787/5789/3 2784/4422/3
f 2785/4249/1 2786/5790/1 2782/4424/1
f 2789/4426/5 2790/5791/5 2791/4427/5
f 2795/4429/4 2794/5792/4 2793/4430/4
f 2792/4432/7 2793/5793/7 2789/4433/7
f 2790/4435/6 2794/5794/6 2795/4436/6
f 2791/4438/3 2795/5795/3 2792/4439/3
f 2793/4441/1 2794/5796/1 2790/4442/1
f 2797/4444/5 2798/5797/5 2799/4445/5
f 2803/4447/4 2802/5798/4 2801/4448/4
f 2800/4450/7 2801/5799/7 2797/4451/7
f 2798/4453/6 2802/5800/6 2803/4454/6
f 2799/4456/3 2803/5801/3 2800/4457/3
f 2801/4459/1 2802/4458/1 2798/4460/1
f 2805/4462/5 2806/5802/5 2807/4463/5
f 2811/4465/4 2810/5803/4 2809/4466/4
f 2808/4468/7 2809/5804/7 2805/4469/7
f 2806/4471/6 2810/5805/6 2811/4472/6
f 2807/4474/3 2811/5806/3 2808/4475/3
f 2809/4477/1 2810/5807/1 2806/4478/1
f 2813/4480/5 2814/5808/5 2815/4481/5
f 2819/4483/4 2818/5809/4 2817/4484/4
f 2816/4486/7 2817/5810/7 2813/4487/7
f 2814/4489/6 2818/5811/6 2819/4490/6
f 2815/4492/3 2819/5812/3 2816/4493/3
f 2817/4495/1 2818/5813/1 2814/4496/1
f 2821/4498/5 2822/5814/5 2823/4499/5
f 2827/4501/4 2826/5815/4 2825/4502/4
f 2824/4504/7 2825/5816/7 2821/4505/7
f 2822/4507/6 2826/5817/6 2827/4508/6
f 2823/4510/3 2827/5818/3 2824/4511/3
f 2825/4513/1 2826/5819/1 2822/4514/1
f 2829/4516/5 2830/5820/5 2831/4517/5
f 2835/4519/4 2834/5821/4 2833/4520/4
f 2832/4522/7 2833/5822/7 2829/4523/7
f 2830/4525/6 2834/5823/6 2835/4526/6
f 2831/4528/3 2835/5824/3 2832/4529/3
f 2833/4531/1 2834/2152/1 2830/4532/1
f 2837/4534/5 2838/5825/5 2839/4535/5
f 2843/4537/4 2842/5826/4 2841/4538/4
f 2840/4540/7 2841/5827/7 2837/4541/7
f 2838/4543/6 2842/5828/6 2843/4544/6
f 2839/4546/3 2843/4510/3 2840/4512/3
f 2841/4548/1 2842/5829/1 2838/4549/1
f 2845/4550/5 2846/5830/5 2847/4551/5
f 2851/4553/4 2850/5831/4 2849/4554/4
f 2848/4556/7 2849/5832/7 2845/4557/7
f 2846/4559/6 2850/5833/6 2851/4560/6
f 2847/4562/3 2851/5834/3 2848/4563/3
f 2849/4565/1 2850/5835/1 2846/4566/1
f 2853/4568/5 2854/5836/5 2855/4569/5
f 2859/4571/4 2858/5837/4 2857/4572/4
f 2856/4574/7 2857/5838/7 2853/4575/7
f 2854/4577/6 2858/5839/6 2859/4578/6
f 2855/4580/3 2859/5840/3 2856/4581/3
f 2857/4583/1 2858/5841/1 2854/4584/1
f 2861/4586/5 2862/5842/5 2863/4587/5
f 2867/4589/4 2866/5843/4 2865/4590/4
f 2864/4592/7 2865/5844/7 2861/4593/7
f 2862/4595/6 2866/5845/6 2867/4596/6
f 2863/4598/3 2867/4580/3 2864/4582/3
f 2865/4600/1 2866/5846/1 2862/4601/1
f 2869/4603/5 2870/5847/5 2871/4604/5
f 2875/4606/4 2874/5848/4 2873/4607/4
f 2872/4609/7 2873/5849/7 2869/4610/7
f 2870/4612/6 2874/5850/6 2875/4613/6
f 2871/4615/3 2875/5851/3 2872/4616/3
f 2873/4618/1 2874/5852/1 2870/4619/1
f 2877/4621/5 2878/5853/5 2879/4622/5
f 2883/4624/4 2882/5854/4 2881/4625/4
f 2880/4627/7 2881/5855/7 2877/4628/7
f 2878/4630/6 2882/5856/6 2883/4631/6
f 2879/4633/3 2883/5857/3 2880/4634/3
f 2881/4636/1 2882/5858/1 2878/4637/1
f 2885/4639/5 2886/5859/5 2887/4640/5
f 2891/4642/4 2890/5860/4 2889/4643/4
f 2888/4645/7 2889/5861/7 2885/4646/7
f 2886/4648/6 2890/5862/6 2891/4649/6
f 2887/4651/3 2891/5685/3 2888/4652/3
f 2889/4654/1 2890/5863/1 2886/4655/1
f 2893/4657/5 2894/5864/5 2895/4658/5
f 2899/4660/4 2898/5865/4 2897/4661/4
f 2896/4663/7 2897/5866/7 2893/4664/7
f 2894/4666/6 2898/5867/6 2899/4667/6
f 2895/4669/3 2899/5868/3 2896/4670/3
f 2897/4672/1 2898/5869/1 2894/4673/1
f 2901/4675/5 2902/5870/5 2903/4676/5
f 2907/4678/4 2906/5871/4 2905/4679/4
f 2904/4681/7 2905/5872/7 2901/4682/7
f 2902/4684/6 2906/5873/6 2907/4685/6
f 2903/4687/3 2907/4615/3 2904/4688/3
f 2905/4690/1 2906/5874/1 2902/4691/1
f 2909/4693/5 2910/5875/5 2911/4694/5
f 2915/4696/4 2914/5876/4 2913/4697/4
f 2912/4699/7 2913/5877/7 2909/4700/7
f 2910/4702/6 2914/5878/6 2915/4703/6
f 2911/4705/3 2915/5879/3 2912/4706/3
f 2913/4708/1 2914/5880/1 2910/4709/1
f 2917/4711/5 2918/5881/5 2919/4712/5
f 2923/4714/4 2922/5882/4 2921/4715/4
f 2920/4717/7 2921/5883/7 2917/4718/7
f 2918/4720/6 2922/5884/6 2923/4721/6
f 2919/4723/3 2923/4633/3 2920/4635/3
f 2921/4725/1 2922/5885/1 2918/4726/1
f 2925/4728/5 2926/5886/5 2927/4729/5
f 2931/4731/4 2930/5887/4 2929/4732/4
f 2928/4734/7 2929/5888/7 2925/4735/7
f 2926/4737/6 2930/5889/6 2931/4738/6
f 2927/4740/3 2931/5890/3 2928/3282/3
f 2929/4742/1 2930/5891/1 2926/4743/1
f 2933/4745/5 2934/5892/5 2935/4746/5
f 2939/4748/4 2938/5893/4 2937/4749/4
f 2936/4751/7 2937/5894/7 2933/4752/7
f 2934/4754/6 2938/5895/6 2939/4755/6
f 2935/3708/3 2939/4651/3 2936/4757/3
f 2937/4759/1 2938/5896/1 2934/4760/1
f 2941/4762/5 2942/5897/5 2943/4763/5
f 2947/4765/4 2946/5898/4 2945/4766/4
f 2944/4768/7 2945/5899/7 2941/4769/7
f 2942/4771/6 2946/5900/6 2947/4772/6
f 2943/4774/3 2947/5901/3 2944/4775/3
f 2945/4777/1 2946/5902/1 2942/4778/1
f 2949/4780/5 2950/5903/5 2951/4781/5
f 2955/4783/4 2954/5904/4 2953/4784/4
f 2952/4786/7 2953/5905/7 2949/4787/7
f 2950/4789/6 2954/5906/6 2955/4790/6
f 2951/4792/3 2955/5907/3 2952/4793/3
f 2953/4795/1 2954/5908/1 2950/4796/1
f 2957/4798/5 2958/5909/5 2959/4799/5
f 2963/4801/4 2962/5910/4 2961/4802/4
f 2960/4804/7 2961/5911/7 2957/4805/7
f 2958/4807/6 2962/5912/6 2963/4808/6
f 2959/4810/3 2963/4705/3 2960/4707/3
f 2961/4812/1 2962/5913/1 2958/4813/1
f 2966/4815/4 2970/5914/4 2969/4816/4
f 2964/4818/5 2968/5915/5 2971/4819/5
f 2975/4821/3 2974/5916/3 2973/4822/3
f 2973/4824/7 2977/5917/7 2976/4825/7
f 2975/4827/6 2979/5918/6 2978/4828/6
f 2972/4830/5 2976/5919/5 2979/4831/5
f 2985/4833/1 2986/5920/1 2987/4834/1
f 2981/4836/7 2985/5921/7 2984/4837/7
f 2983/4839/6 2987/5922/6 2986/4840/6
f 2980/4842/5 2984/5923/5 2987/4843/5
f 2989/4845/7 2993/5924/7 2992/4846/7
f 2990/4848/4 2994/5925/4 2993/4849/4
f 2988/4851/5 2992/4863/5 2995/4852/5
f 2999/4854/3 2998/5926/3 2997/4855/3
f 2998/4857/4 3002/4897/4 3001/4858/4
f 2999/4860/6 3003/5927/6 3002/4861/6
f 2996/4863/5 3000/5928/5 3003/2061/5
f 3004/4864/5 3006/5929/5 3007/4865/5
f 3011/4867/3 3010/4821/3 3009/4868/3
f 3009/4870/7 3013/5930/7 3012/4871/7
f 3011/4873/6 3015/5931/6 3014/4874/6
f 3008/4876/5 3012/5932/5 3015/4877/5
f 3021/4879/1 3022/5933/1 3023/4880/1
f 3017/4882/7 3021/5934/7 3020/4883/7
f 3018/4885/4 3022/5935/4 3021/4886/4
f 3019/4888/6 3023/5936/6 3022/4889/6
f 3016/4891/5 3020/5937/5 3023/4892/5
f 3025/4894/7 3029/5938/7 3028/4895/7
f 3026/4897/4 3030/4900/4 3029/4898/4
f 3024/4900/5 3028/5939/5 3031/1937/5
f 3035/4901/3 3034/5940/3 3033/4902/3
f 3034/4904/4 3038/4851/4 3037/4905/4
f 3035/4907/6 3039/5941/6 3038/4908/6
f 3032/4910/5 3036/5942/5 3039/4911/5
f 3043/4913/3 3042/5943/3 3041/4914/3
f 3041/4916/7 3045/5944/7 3044/4917/7
f 3042/4919/4 3046/5945/4 3045/4920/4
f 3043/4922/6 3047/5946/6 3046/4923/6
f 3040/1470/5 3044/5947/5 3047/4925/5
f 3053/4927/1 3054/5948/1 3055/4928/1
f 3049/4930/7 3053/5949/7 3052/4931/7
f 3050/4933/4 3054/5950/4 3053/4934/4
f 3051/4936/6 3055/5951/6 3054/4937/6
f 3048/4939/5 3052/5952/5 3055/4940/5
