# relic showcase: composed from the shared tools/asset-production parts vocabulary
# generated by tools/asset-production/lathe.py
mtllib qilin_bell.mtl
o qilin_bell
v 0.000000 -0.950000 0.000000
v 0.620000 -0.920000 0.000000
v 0.572805 -0.920000 0.237264
v 0.438406 -0.920000 0.438406
v 0.237264 -0.920000 0.572805
v 0.000000 -0.920000 0.620000
v -0.237264 -0.920000 0.572805
v -0.438406 -0.920000 0.438406
v -0.572805 -0.920000 0.237264
v -0.620000 -0.920000 0.000000
v -0.572805 -0.920000 -0.237264
v -0.438406 -0.920000 -0.438406
v -0.237264 -0.920000 -0.572805
v -0.000000 -0.920000 -0.620000
v 0.237264 -0.920000 -0.572805
v 0.438406 -0.920000 -0.438406
v 0.572805 -0.920000 -0.237264
v 0.760000 -0.780000 0.000000
v 0.702148 -0.780000 0.290839
v 0.537401 -0.780000 0.537401
v 0.290839 -0.780000 0.702148
v 0.000000 -0.780000 0.760000
v -0.290839 -0.780000 0.702148
v -0.537401 -0.780000 0.537401
v -0.702148 -0.780000 0.290839
v -0.760000 -0.780000 0.000000
v -0.702148 -0.780000 -0.290839
v -0.537401 -0.780000 -0.537401
v -0.290839 -0.780000 -0.702148
v -0.000000 -0.780000 -0.760000
v 0.290839 -0.780000 -0.702148
v 0.537401 -0.780000 -0.537401
v 0.702148 -0.780000 -0.290839
v 0.620000 -0.350000 0.000000
v 0.572805 -0.350000 0.237264
v 0.438406 -0.350000 0.438406
v 0.237264 -0.350000 0.572805
v 0.000000 -0.350000 0.620000
v -0.237264 -0.350000 0.572805
v -0.438406 -0.350000 0.438406
v -0.572805 -0.350000 0.237264
v -0.620000 -0.350000 0.000000
v -0.572805 -0.350000 -0.237264
v -0.438406 -0.350000 -0.438406
v -0.237264 -0.350000 -0.572805
v -0.000000 -0.350000 -0.620000
v 0.237264 -0.350000 -0.572805
v 0.438406 -0.350000 -0.438406
v 0.572805 -0.350000 -0.237264
v 0.450000 0.080000 0.000000
v 0.415746 0.080000 0.172208
v 0.318198 0.080000 0.318198
v 0.172208 0.080000 0.415746
v 0.000000 0.080000 0.450000
v -0.172208 0.080000 0.415746
v -0.318198 0.080000 0.318198
v -0.415746 0.080000 0.172208
v -0.450000 0.080000 0.000000
v -0.415746 0.080000 -0.172208
v -0.318198 0.080000 -0.318198
v -0.172208 0.080000 -0.415746
v -0.000000 0.080000 -0.450000
v 0.172208 0.080000 -0.415746
v 0.318198 0.080000 -0.318198
v 0.415746 0.080000 -0.172208
v 0.320000 0.320000 0.000000
v 0.295641 0.320000 0.122459
v 0.226274 0.320000 0.226274
v 0.122459 0.320000 0.295641
v 0.000000 0.320000 0.320000
v -0.122459 0.320000 0.295641
v -0.226274 0.320000 0.226274
v -0.295641 0.320000 0.122459
v -0.320000 0.320000 0.000000
v -0.295641 0.320000 -0.122459
v -0.226274 0.320000 -0.226274
v -0.122459 0.320000 -0.295641
v -0.000000 0.320000 -0.320000
v 0.122459 0.320000 -0.295641
v 0.226274 0.320000 -0.226274
v 0.295641 0.320000 -0.122459
v 0.240000 0.480000 0.000000
v 0.221731 0.480000 0.091844
v 0.169706 0.480000 0.169706
v 0.091844 0.480000 0.221731
v 0.000000 0.480000 0.240000
v -0.091844 0.480000 0.221731
v -0.169706 0.480000 0.169706
v -0.221731 0.480000 0.091844
v -0.240000 0.480000 0.000000
v -0.221731 0.480000 -0.091844
v -0.169706 0.480000 -0.169706
v -0.091844 0.480000 -0.221731
v -0.000000 0.480000 -0.240000
v 0.091844 0.480000 -0.221731
v 0.169706 0.480000 -0.169706
v 0.221731 0.480000 -0.091844
v 0.000000 0.480000 0.000000
v 0.760000 -0.800000 0.000000
v 0.702148 -0.800000 0.290839
v 0.537401 -0.800000 0.537401
v 0.290839 -0.800000 0.702148
v 0.000000 -0.800000 0.760000
v -0.290839 -0.800000 0.702148
v -0.537401 -0.800000 0.537401
v -0.702148 -0.800000 0.290839
v -0.760000 -0.800000 0.000000
v -0.702148 -0.800000 -0.290839
v -0.537401 -0.800000 -0.537401
v -0.290839 -0.800000 -0.702148
v -0.000000 -0.800000 -0.760000
v 0.290839 -0.800000 -0.702148
v 0.537401 -0.800000 -0.537401
v 0.702148 -0.800000 -0.290839
v 0.750622 -0.765000 0.000000
v 0.693484 -0.765000 0.287251
v 0.530770 -0.765000 0.530770
v 0.287251 -0.765000 0.693484
v 0.000000 -0.765000 0.750622
v -0.287251 -0.765000 0.693484
v -0.530770 -0.765000 0.530770
v -0.693484 -0.765000 0.287251
v -0.750622 -0.765000 0.000000
v -0.693484 -0.765000 -0.287251
v -0.530770 -0.765000 -0.530770
v -0.287251 -0.765000 -0.693484
v -0.000000 -0.765000 -0.750622
v 0.287251 -0.765000 -0.693484
v 0.530770 -0.765000 -0.530770
v 0.693484 -0.765000 -0.287251
v 0.725000 -0.739378 0.000000
v 0.669813 -0.739378 0.277445
v 0.512652 -0.739378 0.512652
v 0.277445 -0.739378 0.669813
v 0.000000 -0.739378 0.725000
v -0.277445 -0.739378 0.669813
v -0.512652 -0.739378 0.512652
v -0.669813 -0.739378 0.277445
v -0.725000 -0.739378 0.000000
v -0.669813 -0.739378 -0.277445
v -0.512652 -0.739378 -0.512652
v -0.277445 -0.739378 -0.669813
v -0.000000 -0.739378 -0.725000
v 0.277445 -0.739378 -0.669813
v 0.512652 -0.739378 -0.512652
v 0.669813 -0.739378 -0.277445
v 0.690000 -0.730000 0.000000
v 0.637477 -0.730000 0.264052
v 0.487904 -0.730000 0.487904
v 0.264052 -0.730000 0.637477
v 0.000000 -0.730000 0.690000
v -0.264052 -0.730000 0.637477
v -0.487904 -0.730000 0.487904
v -0.637477 -0.730000 0.264052
v -0.690000 -0.730000 0.000000
v -0.637477 -0.730000 -0.264052
v -0.487904 -0.730000 -0.487904
v -0.264052 -0.730000 -0.637477
v -0.000000 -0.730000 -0.690000
v 0.264052 -0.730000 -0.637477
v 0.487904 -0.730000 -0.487904
v 0.637477 -0.730000 -0.264052
v 0.655000 -0.739378 0.000000
v 0.605141 -0.739378 0.250658
v 0.463155 -0.739378 0.463155
v 0.250658 -0.739378 0.605141
v 0.000000 -0.739378 0.655000
v -0.250658 -0.739378 0.605141
v -0.463155 -0.739378 0.463155
v -0.605141 -0.739378 0.250658
v -0.655000 -0.739378 0.000000
v -0.605141 -0.739378 -0.250658
v -0.463155 -0.739378 -0.463155
v -0.250658 -0.739378 -0.605141
v -0.000000 -0.739378 -0.655000
v 0.250658 -0.739378 -0.605141
v 0.463155 -0.739378 -0.463155
v 0.605141 -0.739378 -0.250658
v 0.629378 -0.765000 0.000000
v 0.581470 -0.765000 0.240853
v 0.445038 -0.765000 0.445038
v 0.240853 -0.765000 0.581470
v 0.000000 -0.765000 0.629378
v -0.240853 -0.765000 0.581470
v -0.445038 -0.765000 0.445038
v -0.581470 -0.765000 0.240853
v -0.629378 -0.765000 0.000000
v -0.581470 -0.765000 -0.240853
v -0.445038 -0.765000 -0.445038
v -0.240853 -0.765000 -0.581470
v -0.000000 -0.765000 -0.629378
v 0.240853 -0.765000 -0.581470
v 0.445038 -0.765000 -0.445038
v 0.581470 -0.765000 -0.240853
v 0.620000 -0.800000 0.000000
v 0.572805 -0.800000 0.237264
v 0.438406 -0.800000 0.438406
v 0.237264 -0.800000 0.572805
v 0.000000 -0.800000 0.620000
v -0.237264 -0.800000 0.572805
v -0.438406 -0.800000 0.438406
v -0.572805 -0.800000 0.237264
v -0.620000 -0.800000 0.000000
v -0.572805 -0.800000 -0.237264
v -0.438406 -0.800000 -0.438406
v -0.237264 -0.800000 -0.572805
v -0.000000 -0.800000 -0.620000
v 0.237264 -0.800000 -0.572805
v 0.438406 -0.800000 -0.438406
v 0.572805 -0.800000 -0.237264
v 0.629378 -0.835000 0.000000
v 0.581470 -0.835000 0.240853
v 0.445038 -0.835000 0.445038
v 0.240853 -0.835000 0.581470
v 0.000000 -0.835000 0.629378
v -0.240853 -0.835000 0.581470
v -0.445038 -0.835000 0.445038
v -0.581470 -0.835000 0.240853
v -0.629378 -0.835000 0.000000
v -0.581470 -0.835000 -0.240853
v -0.445038 -0.835000 -0.445038
v -0.240853 -0.835000 -0.581470
v -0.000000 -0.835000 -0.629378
v 0.240853 -0.835000 -0.581470
v 0.445038 -0.835000 -0.445038
v 0.581470 -0.835000 -0.240853
v 0.655000 -0.860622 0.000000
v 0.605141 -0.860622 0.250658
v 0.463155 -0.860622 0.463155
v 0.250658 -0.860622 0.605141
v 0.000000 -0.860622 0.655000
v -0.250658 -0.860622 0.605141
v -0.463155 -0.860622 0.463155
v -0.605141 -0.860622 0.250658
v -0.655000 -0.860622 0.000000
v -0.605141 -0.860622 -0.250658
v -0.463155 -0.860622 -0.463155
v -0.250658 -0.860622 -0.605141
v -0.000000 -0.860622 -0.655000
v 0.250658 -0.860622 -0.605141
v 0.463155 -0.860622 -0.463155
v 0.605141 -0.860622 -0.250658
v 0.690000 -0.870000 0.000000
v 0.637477 -0.870000 0.264052
v 0.487904 -0.870000 0.487904
v 0.264052 -0.870000 0.637477
v 0.000000 -0.870000 0.690000
v -0.264052 -0.870000 0.637477
v -0.487904 -0.870000 0.487904
v -0.637477 -0.870000 0.264052
v -0.690000 -0.870000 0.000000
v -0.637477 -0.870000 -0.264052
v -0.487904 -0.870000 -0.487904
v -0.264052 -0.870000 -0.637477
v -0.000000 -0.870000 -0.690000
v 0.264052 -0.870000 -0.637477
v 0.487904 -0.870000 -0.487904
v 0.637477 -0.870000 -0.264052
v 0.725000 -0.860622 0.000000
v 0.669813 -0.860622 0.277445
v 0.512652 -0.860622 0.512652
v 0.277445 -0.860622 0.669813
v 0.000000 -0.860622 0.725000
v -0.277445 -0.860622 0.669813
v -0.512652 -0.860622 0.512652
v -0.669813 -0.860622 0.277445
v -0.725000 -0.860622 0.000000
v -0.669813 -0.860622 -0.277445
v -0.512652 -0.860622 -0.512652
v -0.277445 -0.860622 -0.669813
v -0.000000 -0.860622 -0.725000
v 0.277445 -0.860622 -0.669813
v 0.512652 -0.860622 -0.512652
v 0.669813 -0.860622 -0.277445
v 0.750622 -0.835000 0.000000
v 0.693484 -0.835000 0.287251
v 0.530770 -0.835000 0.530770
v 0.287251 -0.835000 0.693484
v 0.000000 -0.835000 0.750622
v -0.287251 -0.835000 0.693484
v -0.530770 -0.835000 0.530770
v -0.693484 -0.835000 0.287251
v -0.750622 -0.835000 0.000000
v -0.693484 -0.835000 -0.287251
v -0.530770 -0.835000 -0.530770
v -0.287251 -0.835000 -0.693484
v -0.000000 -0.835000 -0.750622
v 0.287251 -0.835000 -0.693484
v 0.530770 -0.835000 -0.530770
v 0.693484 -0.835000 -0.287251
v 0.760000 -0.800000 0.000000
v 0.702148 -0.800000 0.290839
v 0.537401 -0.800000 0.537401
v 0.290839 -0.800000 0.702148
v 0.000000 -0.800000 0.760000
v -0.290839 -0.800000 0.702148
v -0.537401 -0.800000 0.537401
v -0.702148 -0.800000 0.290839
v -0.760000 -0.800000 0.000000
v -0.702148 -0.800000 -0.290839
v -0.537401 -0.800000 -0.537401
v -0.290839 -0.800000 -0.702148
v -0.000000 -0.800000 -0.760000
v 0.290839 -0.800000 -0.702148
v 0.537401 -0.800000 -0.537401
v 0.702148 -0.800000 -0.290839
v 0.340000 0.450000 0.000000
v 0.294449 0.450000 0.170000
v 0.170000 0.450000 0.294449
v 0.000000 0.450000 0.340000
v -0.170000 0.450000 0.294449
v -0.294449 0.450000 0.170000
v -0.340000 0.450000 0.000000
v -0.294449 0.450000 -0.170000
v -0.170000 0.450000 -0.294449
v -0.000000 0.450000 -0.340000
v 0.170000 0.450000 -0.294449
v 0.294449 0.450000 -0.170000
v 0.331848 0.506940 0.000000
v 0.287389 0.506940 0.165924
v 0.165924 0.506940 0.287389
v 0.000000 0.506940 0.331848
v -0.165924 0.506940 0.287389
v -0.287389 0.506940 0.165924
v -0.331848 0.506940 0.000000
v -0.287389 0.506940 -0.165924
v -0.165924 0.506940 -0.287389
v -0.000000 0.506940 -0.331848
v 0.165924 0.506940 -0.287389
v 0.287389 0.506940 -0.165924
v 0.307433 0.560000 0.000000
v 0.266245 0.560000 0.153716
v 0.153716 0.560000 0.266245
v 0.000000 0.560000 0.307433
v -0.153716 0.560000 0.266245
v -0.266245 0.560000 0.153716
v -0.307433 0.560000 0.000000
v -0.266245 0.560000 -0.153716
v -0.153716 0.560000 -0.266245
v -0.000000 0.560000 -0.307433
v 0.153716 0.560000 -0.266245
v 0.266245 0.560000 -0.153716
v 0.266759 0.605563 0.000000
v 0.231020 0.605563 0.133379
v 0.133379 0.605563 0.231020
v 0.000000 0.605563 0.266759
v -0.133379 0.605563 0.231020
v -0.231020 0.605563 0.133379
v -0.266759 0.605563 0.000000
v -0.231020 0.605563 -0.133379
v -0.133379 0.605563 -0.231020
v -0.000000 0.605563 -0.266759
v 0.133379 0.605563 -0.231020
v 0.231020 0.605563 -0.133379
v 0.209295 0.640526 0.000000
v 0.181254 0.640526 0.104647
v 0.104647 0.640526 0.181254
v 0.000000 0.640526 0.209295
v -0.104647 0.640526 0.181254
v -0.181254 0.640526 0.104647
v -0.209295 0.640526 0.000000
v -0.181254 0.640526 -0.104647
v -0.104647 0.640526 -0.181254
v -0.000000 0.640526 -0.209295
v 0.104647 0.640526 -0.181254
v 0.181254 0.640526 -0.104647
v 0.132001 0.662504 0.000000
v 0.114316 0.662504 0.066000
v 0.066000 0.662504 0.114316
v 0.000000 0.662504 0.132001
v -0.066000 0.662504 0.114316
v -0.114316 0.662504 0.066000
v -0.132001 0.662504 0.000000
v -0.114316 0.662504 -0.066000
v -0.066000 0.662504 -0.114316
v -0.000000 0.662504 -0.132001
v 0.066000 0.662504 -0.114316
v 0.114316 0.662504 -0.066000
v 0.000000 0.670000 0.000000
v 0.000000 0.450000 0.000000
v 0.375000 0.860000 0.000000
v 0.337863 0.697294 0.000000
v 0.233809 0.566813 0.000000
v 0.083445 0.494402 0.000000
v -0.083445 0.494402 0.000000
v -0.233809 0.566813 0.000000
v -0.337863 0.697294 0.000000
v -0.375000 0.860000 0.000000
v -0.337863 1.022706 -0.000000
v -0.233809 1.153187 -0.000000
v -0.083445 1.225598 -0.000000
v 0.083445 1.225598 -0.000000
v 0.233809 1.153187 -0.000000
v 0.337863 1.022706 -0.000000
v 0.367631 0.860000 0.027500
v 0.331224 0.700491 0.027500
v 0.229214 0.572574 0.027500
v 0.081806 0.501586 0.027500
v -0.081806 0.501586 0.027500
v -0.229214 0.572574 0.027500
v -0.331224 0.700491 0.027500
v -0.367631 0.860000 0.027500
v -0.331224 1.019509 0.027500
v -0.229214 1.147426 0.027500
v -0.081806 1.218414 0.027500
v 0.081806 1.218414 0.027500
v 0.229214 1.147426 0.027500
v 0.331224 1.019509 0.027500
v 0.347500 0.860000 0.047631
v 0.313087 0.709225 0.047631
v 0.216663 0.588314 0.047631
v 0.077326 0.521213 0.047631
v -0.077326 0.521213 0.047631
v -0.216663 0.588314 0.047631
v -0.313087 0.709225 0.047631
v -0.347500 0.860000 0.047631
v -0.313087 1.010775 0.047631
v -0.216663 1.131686 0.047631
v -0.077326 1.198787 0.047631
v 0.077326 1.198787 0.047631
v 0.216663 1.131686 0.047631
v 0.313087 1.010775 0.047631
v 0.320000 0.860000 0.055000
v 0.288310 0.721157 0.055000
v 0.199517 0.609814 0.055000
v 0.071207 0.548023 0.055000
v -0.071207 0.548023 0.055000
v -0.199517 0.609814 0.055000
v -0.288310 0.721157 0.055000
v -0.320000 0.860000 0.055000
v -0.288310 0.998843 0.055000
v -0.199517 1.110186 0.055000
v -0.071207 1.171977 0.055000
v 0.071207 1.171977 0.055000
v 0.199517 1.110186 0.055000
v 0.288310 0.998843 0.055000
v 0.292500 0.860000 0.047631
v 0.263533 0.733089 0.047631
v 0.182371 0.631314 0.047631
v 0.065087 0.574834 0.047631
v -0.065087 0.574834 0.047631
v -0.182371 0.631314 0.047631
v -0.263533 0.733089 0.047631
v -0.292500 0.860000 0.047631
v -0.263533 0.986911 0.047631
v -0.182371 1.088686 0.047631
v -0.065087 1.145166 0.047631
v 0.065087 1.145166 0.047631
v 0.182371 1.088686 0.047631
v 0.263533 0.986911 0.047631
v 0.272369 0.860000 0.027500
v 0.245396 0.741824 0.027500
v 0.169819 0.647054 0.027500
v 0.060608 0.594460 0.027500
v -0.060608 0.594460 0.027500
v -0.169819 0.647054 0.027500
v -0.245396 0.741824 0.027500
v -0.272369 0.860000 0.027500
v -0.245396 0.978176 0.027500
v -0.169819 1.072946 0.027500
v -0.060608 1.125540 0.027500
v 0.060608 1.125540 0.027500
v 0.169819 1.072946 0.027500
v 0.245396 0.978176 0.027500
v 0.265000 0.860000 0.000000
v 0.238757 0.745021 0.000000
v 0.165225 0.652815 0.000000
v 0.058968 0.601644 0.000000
v -0.058968 0.601644 0.000000
v -0.165225 0.652815 0.000000
v -0.238757 0.745021 0.000000
v -0.265000 0.860000 0.000000
v -0.238757 0.974979 -0.000000
v -0.165225 1.067185 -0.000000
v -0.058968 1.118356 -0.000000
v 0.058968 1.118356 -0.000000
v 0.165225 1.067185 -0.000000
v 0.238757 0.974979 -0.000000
v 0.272369 0.860000 -0.027500
v 0.245396 0.741824 -0.027500
v 0.169819 0.647054 -0.027500
v 0.060608 0.594460 -0.027500
v -0.060608 0.594460 -0.027500
v -0.169819 0.647054 -0.027500
v -0.245396 0.741824 -0.027500
v -0.272369 0.860000 -0.027500
v -0.245396 0.978176 -0.027500
v -0.169819 1.072946 -0.027500
v -0.060608 1.125540 -0.027500
v 0.060608 1.125540 -0.027500
v 0.169819 1.072946 -0.027500
v 0.245396 0.978176 -0.027500
v 0.292500 0.860000 -0.047631
v 0.263533 0.733089 -0.047631
v 0.182371 0.631314 -0.047631
v 0.065087 0.574834 -0.047631
v -0.065087 0.574834 -0.047631
v -0.182371 0.631314 -0.047631
v -0.263533 0.733089 -0.047631
v -0.292500 0.860000 -0.047631
v -0.263533 0.986911 -0.047631
v -0.182371 1.088686 -0.047631
v -0.065087 1.145166 -0.047631
v 0.065087 1.145166 -0.047631
v 0.182371 1.088686 -0.047631
v 0.263533 0.986911 -0.047631
v 0.320000 0.860000 -0.055000
v 0.288310 0.721157 -0.055000
v 0.199517 0.609814 -0.055000
v 0.071207 0.548023 -0.055000
v -0.071207 0.548023 -0.055000
v -0.199517 0.609814 -0.055000
v -0.288310 0.721157 -0.055000
v -0.320000 0.860000 -0.055000
v -0.288310 0.998843 -0.055000
v -0.199517 1.110186 -0.055000
v -0.071207 1.171977 -0.055000
v 0.071207 1.171977 -0.055000
v 0.199517 1.110186 -0.055000
v 0.288310 0.998843 -0.055000
v 0.347500 0.860000 -0.047631
v 0.313087 0.709225 -0.047631
v 0.216663 0.588314 -0.047631
v 0.077326 0.521213 -0.047631
v -0.077326 0.521213 -0.047631
v -0.216663 0.588314 -0.047631
v -0.313087 0.709225 -0.047631
v -0.347500 0.860000 -0.047631
v -0.313087 1.010775 -0.047631
v -0.216663 1.131686 -0.047631
v -0.077326 1.198787 -0.047631
v 0.077326 1.198787 -0.047631
v 0.216663 1.131686 -0.047631
v 0.313087 1.010775 -0.047631
v 0.367631 0.860000 -0.027500
v 0.331224 0.700491 -0.027500
v 0.229214 0.572574 -0.027500
v 0.081806 0.501586 -0.027500
v -0.081806 0.501586 -0.027500
v -0.229214 0.572574 -0.027500
v -0.331224 0.700491 -0.027500
v -0.367631 0.860000 -0.027500
v -0.331224 1.019509 -0.027500
v -0.229214 1.147426 -0.027500
v -0.081806 1.218414 -0.027500
v 0.081806 1.218414 -0.027500
v 0.229214 1.147426 -0.027500
v 0.331224 1.019509 -0.027500
v 0.375000 0.860000 0.000000
v 0.337863 0.697294 0.000000
v 0.233809 0.566813 0.000000
v 0.083445 0.494402 0.000000
v -0.083445 0.494402 0.000000
v -0.233809 0.566813 0.000000
v -0.337863 0.697294 0.000000
v -0.375000 0.860000 0.000000
v -0.337863 1.022706 -0.000000
v -0.233809 1.153187 -0.000000
v -0.083445 1.225598 -0.000000
v 0.083445 1.225598 -0.000000
v 0.233809 1.153187 -0.000000
v 0.337863 1.022706 -0.000000
v 0.000000 -1.220000 0.000000
v 0.115200 -1.172000 0.000000
v 0.081459 -1.172000 0.081459
v 0.000000 -1.172000 0.115200
v -0.081459 -1.172000 0.081459
v -0.115200 -1.172000 0.000000
v -0.081459 -1.172000 -0.081459
v -0.000000 -1.172000 -0.115200
v 0.081459 -1.172000 -0.081459
v 0.160000 -1.084000 0.000000
v 0.113137 -1.084000 0.113137
v 0.000000 -1.084000 0.160000
v -0.113137 -1.084000 0.113137
v -0.160000 -1.084000 0.000000
v -0.113137 -1.084000 -0.113137
v -0.000000 -1.084000 -0.160000
v 0.113137 -1.084000 -0.113137
v 0.128000 -0.972000 0.000000
v 0.090510 -0.972000 0.090510
v 0.000000 -0.972000 0.128000
v -0.090510 -0.972000 0.090510
v -0.128000 -0.972000 0.000000
v -0.090510 -0.972000 -0.090510
v -0.000000 -0.972000 -0.128000
v 0.090510 -0.972000 -0.090510
v 0.067200 -0.880000 0.000000
v 0.047518 -0.880000 0.047518
v 0.000000 -0.880000 0.067200
v -0.047518 -0.880000 0.047518
v -0.067200 -0.880000 0.000000
v -0.047518 -0.880000 -0.047518
v -0.000000 -0.880000 -0.067200
v 0.047518 -0.880000 -0.047518
v 0.000000 -0.820000 0.000000
v 0.074151 0.603996 0.000000
v 0.100638 0.549800 0.000000
v 0.110808 0.486755 0.000000
v 0.104299 0.417094 0.000000
v 0.081342 0.343285 0.000000
v 0.042750 0.267943 0.000000
v -0.010110 0.193736 0.000000
v -0.075364 0.123294 0.000000
v -0.150702 0.059112 0.000000
v -0.233454 0.003463 0.000000
v -0.320690 -0.041681 0.000000
v -0.409318 -0.074720 0.000000
v -0.496198 -0.094485 0.000000
v -0.578254 -0.100275 0.000000
v -0.652578 -0.091885 0.000000
v 0.068663 0.600153 0.020000
v 0.094816 0.546643 0.020000
v 0.104857 0.484395 0.020000
v 0.098431 0.415614 0.020000
v 0.075764 0.342738 0.020000
v 0.037659 0.268348 0.020000
v -0.014532 0.195079 0.020000
v -0.078962 0.125527 0.020000
v -0.153347 0.062156 0.020000
v -0.235054 0.007211 0.020000
v -0.321187 -0.037362 0.020000
v -0.408694 -0.069984 0.020000
v -0.494477 -0.089499 0.020000
v -0.575496 -0.095216 0.020000
v -0.648881 -0.086932 0.020000
v 0.053672 0.589656 0.034641
v 0.078910 0.538017 0.034641
v 0.088600 0.477946 0.034641
v 0.082398 0.411571 0.034641
v 0.060524 0.341244 0.034641
v 0.023752 0.269455 0.034641
v -0.026614 0.198749 0.034641
v -0.088790 0.131629 0.034641
v -0.160575 0.070474 0.034641
v -0.239424 0.017451 0.034641
v -0.322544 -0.025564 0.034641
v -0.406991 -0.057045 0.034641
v -0.489774 -0.075877 0.034641
v -0.567959 -0.081394 0.034641
v -0.638778 -0.073400 0.034641
v 0.033193 0.575317 0.040000
v 0.057182 0.526234 0.040000
v 0.066392 0.469137 0.040000
v 0.060497 0.406048 0.040000
v 0.039706 0.339202 0.040000
v 0.004755 0.270967 0.040000
v -0.043118 0.203761 0.040000
v -0.102217 0.139964 0.040000
v -0.170447 0.081837 0.040000
v -0.245393 0.031438 0.040000
v -0.324398 -0.009447 0.040000
v -0.404665 -0.039369 0.040000
v -0.483350 -0.057270 0.040000
v -0.557664 -0.062514 0.040000
v -0.624977 -0.054915 0.040000
v 0.012714 0.560977 0.034641
v 0.035454 0.514451 0.034641
v 0.044184 0.460327 0.034641
v 0.038596 0.400524 0.034641
v 0.018888 0.337160 0.034641
v -0.014243 0.272479 0.034641
v -0.059622 0.208774 0.034641
v -0.115643 0.148300 0.034641
v -0.180320 0.093200 0.034641
v -0.251362 0.045426 0.034641
v -0.326253 0.006670 0.034641
v -0.402339 -0.021694 0.034641
v -0.476925 -0.038662 0.034641
v -0.547369 -0.043633 0.034641
v -0.611176 -0.036430 0.034641
v -0.002277 0.550480 0.020000
v 0.019548 0.505825 0.020000
v 0.027927 0.453879 0.020000
v 0.022564 0.396481 0.020000
v 0.003648 0.335665 0.020000
v -0.028150 0.273586 0.020000
v -0.071704 0.212443 0.020000
v -0.125472 0.154401 0.020000
v -0.187547 0.101518 0.020000
v -0.255732 0.055665 0.020000
v -0.327610 0.018469 0.020000
v -0.400636 -0.008755 0.020000
v -0.472222 -0.025040 0.020000
v -0.539833 -0.029811 0.020000
v -0.601073 -0.022898 0.020000
v -0.007765 0.546638 0.000000
v 0.013726 0.502668 0.000000
v 0.021976 0.451518 0.000000
v 0.016695 0.395001 0.000000
v -0.001930 0.335118 0.000000
v -0.033241 0.273991 0.000000
v -0.076127 0.213786 0.000000
v -0.129069 0.156635 0.000000
v -0.190192 0.104562 0.000000
v -0.257331 0.059413 0.000000
v -0.328107 0.022787 0.000000
v -0.400012 -0.004018 0.000000
v -0.470501 -0.020054 0.000000
v -0.537074 -0.024752 0.000000
v -0.597375 -0.017945 0.000000
v -0.002277 0.550480 -0.020000
v 0.019548 0.505825 -0.020000
v 0.027927 0.453879 -0.020000
v 0.022564 0.396481 -0.020000
v 0.003648 0.335665 -0.020000
v -0.028150 0.273586 -0.020000
v -0.071704 0.212443 -0.020000
v -0.125472 0.154401 -0.020000
v -0.187547 0.101518 -0.020000
v -0.255732 0.055665 -0.020000
v -0.327610 0.018469 -0.020000
v -0.400636 -0.008755 -0.020000
v -0.472222 -0.025040 -0.020000
v -0.539833 -0.029811 -0.020000
v -0.601073 -0.022898 -0.020000
v 0.012714 0.560977 -0.034641
v 0.035454 0.514451 -0.034641
v 0.044184 0.460327 -0.034641
v 0.038596 0.400524 -0.034641
v 0.018888 0.337160 -0.034641
v -0.014243 0.272479 -0.034641
v -0.059622 0.208774 -0.034641
v -0.115643 0.148300 -0.034641
v -0.180320 0.093200 -0.034641
v -0.251362 0.045426 -0.034641
v -0.326253 0.006670 -0.034641
v -0.402339 -0.021694 -0.034641
v -0.476925 -0.038662 -0.034641
v -0.547369 -0.043633 -0.034641
v -0.611176 -0.036430 -0.034641
v 0.033193 0.575317 -0.040000
v 0.057182 0.526234 -0.040000
v 0.066392 0.469137 -0.040000
v 0.060497 0.406048 -0.040000
v 0.039706 0.339202 -0.040000
v 0.004755 0.270967 -0.040000
v -0.043118 0.203761 -0.040000
v -0.102217 0.139964 -0.040000
v -0.170447 0.081837 -0.040000
v -0.245393 0.031438 -0.040000
v -0.324398 -0.009447 -0.040000
v -0.404665 -0.039369 -0.040000
v -0.483350 -0.057270 -0.040000
v -0.557664 -0.062514 -0.040000
v -0.624977 -0.054915 -0.040000
v 0.053672 0.589656 -0.034641
v 0.078910 0.538017 -0.034641
v 0.088600 0.477946 -0.034641
v 0.082398 0.411571 -0.034641
v 0.060524 0.341244 -0.034641
v 0.023752 0.269455 -0.034641
v -0.026614 0.198749 -0.034641
v -0.088790 0.131629 -0.034641
v -0.160575 0.070474 -0.034641
v -0.239424 0.017451 -0.034641
v -0.322544 -0.025564 -0.034641
v -0.406991 -0.057045 -0.034641
v -0.489774 -0.075877 -0.034641
v -0.567959 -0.081394 -0.034641
v -0.638778 -0.073400 -0.034641
v 0.068663 0.600153 -0.020000
v 0.094816 0.546643 -0.020000
v 0.104857 0.484395 -0.020000
v 0.098431 0.415614 -0.020000
v 0.075764 0.342738 -0.020000
v 0.037659 0.268348 -0.020000
v -0.014532 0.195079 -0.020000
v -0.078962 0.125527 -0.020000
v -0.153347 0.062156 -0.020000
v -0.235054 0.007211 -0.020000
v -0.321187 -0.037362 -0.020000
v -0.408694 -0.069984 -0.020000
v -0.494477 -0.089499 -0.020000
v -0.575496 -0.095216 -0.020000
v -0.648881 -0.086932 -0.020000
v 0.074151 0.603996 0.000000
v 0.100638 0.549800 0.000000
v 0.110808 0.486755 0.000000
v 0.104299 0.417094 0.000000
v 0.081342 0.343285 0.000000
v 0.042750 0.267943 0.000000
v -0.010110 0.193736 0.000000
v -0.075364 0.123294 0.000000
v -0.150702 0.059112 0.000000
v -0.233454 0.003463 0.000000
v -0.320690 -0.041681 0.000000
v -0.409318 -0.074720 0.000000
v -0.496198 -0.094485 0.000000
v -0.578254 -0.100275 0.000000
v -0.652578 -0.091885 0.000000
v -0.074151 -0.003996 0.000000
v -0.100638 0.050200 0.000000
v -0.110808 0.113245 0.000000
v -0.104299 0.182906 0.000000
v -0.081342 0.256715 0.000000
v -0.042750 0.332057 0.000000
v 0.010110 0.406264 0.000000
v 0.075364 0.476706 0.000000
v 0.150702 0.540888 0.000000
v 0.233454 0.596537 0.000000
v 0.320690 0.641681 0.000000
v 0.409318 0.674720 0.000000
v 0.496198 0.694485 0.000000
v 0.578254 0.700275 0.000000
v 0.652578 0.691885 0.000000
v -0.068663 -0.000153 0.020000
v -0.094816 0.053357 0.020000
v -0.104857 0.115605 0.020000
v -0.098431 0.184386 0.020000
v -0.075764 0.257262 0.020000
v -0.037659 0.331652 0.020000
v 0.014532 0.404921 0.020000
v 0.078962 0.474473 0.020000
v 0.153347 0.537844 0.020000
v 0.235054 0.592789 0.020000
v 0.321187 0.637362 0.020000
v 0.408694 0.669984 0.020000
v 0.494477 0.689499 0.020000
v 0.575496 0.695216 0.020000
v 0.648881 0.686932 0.020000
v -0.053672 0.010344 0.034641
v -0.078910 0.061983 0.034641
v -0.088600 0.122054 0.034641
v -0.082398 0.188429 0.034641
v -0.060524 0.258756 0.034641
v -0.023752 0.330545 0.034641
v 0.026614 0.401251 0.034641
v 0.088790 0.468371 0.034641
v 0.160575 0.529526 0.034641
v 0.239424 0.582549 0.034641
v 0.322544 0.625564 0.034641
v 0.406991 0.657045 0.034641
v 0.489774 0.675877 0.034641
v 0.567959 0.681394 0.034641
v 0.638778 0.673400 0.034641
v -0.033193 0.024683 0.040000
v -0.057182 0.073766 0.040000
v -0.066392 0.130863 0.040000
v -0.060497 0.193952 0.040000
v -0.039706 0.260798 0.040000
v -0.004755 0.329033 0.040000
v 0.043118 0.396239 0.040000
v 0.102217 0.460036 0.040000
v 0.170447 0.518163 0.040000
v 0.245393 0.568562 0.040000
v 0.324398 0.609447 0.040000
v 0.404665 0.639369 0.040000
v 0.483350 0.657270 0.040000
v 0.557664 0.662514 0.040000
v 0.624977 0.654915 0.040000
v -0.012714 0.039023 0.034641
v -0.035454 0.085549 0.034641
v -0.044184 0.139673 0.034641
v -0.038596 0.199476 0.034641
v -0.018888 0.262840 0.034641
v 0.014243 0.327521 0.034641
v 0.059622 0.391226 0.034641
v 0.115643 0.451700 0.034641
v 0.180320 0.506800 0.034641
v 0.251362 0.554574 0.034641
v 0.326253 0.593330 0.034641
v 0.402339 0.621694 0.034641
v 0.476925 0.638662 0.034641
v 0.547369 0.643633 0.034641
v 0.611176 0.636430 0.034641
v 0.002277 0.049520 0.020000
v -0.019548 0.094175 0.020000
v -0.027927 0.146121 0.020000
v -0.022564 0.203519 0.020000
v -0.003648 0.264335 0.020000
v 0.028150 0.326414 0.020000
v 0.071704 0.387557 0.020000
v 0.125472 0.445599 0.020000
v 0.187547 0.498482 0.020000
v 0.255732 0.544335 0.020000
v 0.327610 0.581531 0.020000
v 0.400636 0.608755 0.020000
v 0.472222 0.625040 0.020000
v 0.539833 0.629811 0.020000
v 0.601073 0.622898 0.020000
v 0.007765 0.053362 0.000000
v -0.013726 0.097332 0.000000
v -0.021976 0.148482 0.000000
v -0.016695 0.204999 0.000000
v 0.001930 0.264882 0.000000
v 0.033241 0.326009 0.000000
v 0.076127 0.386214 0.000000
v 0.129069 0.443365 0.000000
v 0.190192 0.495438 0.000000
v 0.257331 0.540587 0.000000
v 0.328107 0.577213 0.000000
v 0.400012 0.604018 0.000000
v 0.470501 0.620054 0.000000
v 0.537074 0.624752 0.000000
v 0.597375 0.617945 0.000000
v 0.002277 0.049520 -0.020000
v -0.019548 0.094175 -0.020000
v -0.027927 0.146121 -0.020000
v -0.022564 0.203519 -0.020000
v -0.003648 0.264335 -0.020000
v 0.028150 0.326414 -0.020000
v 0.071704 0.387557 -0.020000
v 0.125472 0.445599 -0.020000
v 0.187547 0.498482 -0.020000
v 0.255732 0.544335 -0.020000
v 0.327610 0.581531 -0.020000
v 0.400636 0.608755 -0.020000
v 0.472222 0.625040 -0.020000
v 0.539833 0.629811 -0.020000
v 0.601073 0.622898 -0.020000
v -0.012714 0.039023 -0.034641
v -0.035454 0.085549 -0.034641
v -0.044184 0.139673 -0.034641
v -0.038596 0.199476 -0.034641
v -0.018888 0.262840 -0.034641
v 0.014243 0.327521 -0.034641
v 0.059622 0.391226 -0.034641
v 0.115643 0.451700 -0.034641
v 0.180320 0.506800 -0.034641
v 0.251362 0.554574 -0.034641
v 0.326253 0.593330 -0.034641
v 0.402339 0.621694 -0.034641
v 0.476925 0.638662 -0.034641
v 0.547369 0.643633 -0.034641
v 0.611176 0.636430 -0.034641
v -0.033193 0.024683 -0.040000
v -0.057182 0.073766 -0.040000
v -0.066392 0.130863 -0.040000
v -0.060497 0.193952 -0.040000
v -0.039706 0.260798 -0.040000
v -0.004755 0.329033 -0.040000
v 0.043118 0.396239 -0.040000
v 0.102217 0.460036 -0.040000
v 0.170447 0.518163 -0.040000
v 0.245393 0.568562 -0.040000
v 0.324398 0.609447 -0.040000
v 0.404665 0.639369 -0.040000
v 0.483350 0.657270 -0.040000
v 0.557664 0.662514 -0.040000
v 0.624977 0.654915 -0.040000
v -0.053672 0.010344 -0.034641
v -0.078910 0.061983 -0.034641
v -0.088600 0.122054 -0.034641
v -0.082398 0.188429 -0.034641
v -0.060524 0.258756 -0.034641
v -0.023752 0.330545 -0.034641
v 0.026614 0.401251 -0.034641
v 0.088790 0.468371 -0.034641
v 0.160575 0.529526 -0.034641
v 0.239424 0.582549 -0.034641
v 0.322544 0.625564 -0.034641
v 0.406991 0.657045 -0.034641
v 0.489774 0.675877 -0.034641
v 0.567959 0.681394 -0.034641
v 0.638778 0.673400 -0.034641
v -0.068663 -0.000153 -0.020000
v -0.094816 0.053357 -0.020000
v -0.104857 0.115605 -0.020000
v -0.098431 0.184386 -0.020000
v -0.075764 0.257262 -0.020000
v -0.037659 0.331652 -0.020000
v 0.014532 0.404921 -0.020000
v 0.078962 0.474473 -0.020000
v 0.153347 0.537844 -0.020000
v 0.235054 0.592789 -0.020000
v 0.321187 0.637362 -0.020000
v 0.408694 0.669984 -0.020000
v 0.494477 0.689499 -0.020000
v 0.575496 0.695216 -0.020000
v 0.648881 0.686932 -0.020000
v -0.074151 -0.003996 0.000000
v -0.100638 0.050200 0.000000
v -0.110808 0.113245 0.000000
v -0.104299 0.182906 0.000000
v -0.081342 0.256715 0.000000
v -0.042750 0.332057 0.000000
v 0.010110 0.406264 0.000000
v 0.075364 0.476706 0.000000
v 0.150702 0.540888 0.000000
v 0.233454 0.596537 0.000000
v 0.320690 0.641681 0.000000
v 0.409318 0.674720 0.000000
v 0.496198 0.694485 0.000000
v 0.578254 0.700275 0.000000
v 0.652578 0.691885 0.000000
v 0.515000 -0.550000 0.000000
v 0.487500 -0.597631 0.000000
v 0.432500 -0.597631 0.000000
v 0.405000 -0.550000 0.000000
v 0.432500 -0.502369 -0.000000
v 0.487500 -0.502369 -0.000000
v 0.513868 -0.550000 0.010353
v 0.486934 -0.596651 0.010353
v 0.433066 -0.596651 0.010353
v 0.406132 -0.550000 0.010353
v 0.433066 -0.503349 0.010353
v 0.486934 -0.503349 0.010353
v 0.510452 -0.550000 0.020000
v 0.485226 -0.593693 0.020000
v 0.434774 -0.593693 0.020000
v 0.409548 -0.550000 0.020000
v 0.434774 -0.506307 0.020000
v 0.485226 -0.506307 0.020000
v 0.504674 -0.550000 0.028284
v 0.482337 -0.588689 0.028284
v 0.437663 -0.588689 0.028284
v 0.415326 -0.550000 0.028284
v 0.437663 -0.511311 0.028284
v 0.482337 -0.511311 0.028284
v 0.496286 -0.550000 0.034641
v 0.478143 -0.581425 0.034641
v 0.441857 -0.581425 0.034641
v 0.423714 -0.550000 0.034641
v 0.441857 -0.518575 0.034641
v 0.478143 -0.518575 0.034641
v 0.484443 -0.550000 0.038637
v 0.472222 -0.571169 0.038637
v 0.447778 -0.571169 0.038637
v 0.435557 -0.550000 0.038637
v 0.447778 -0.528831 0.038637
v 0.472222 -0.528831 0.038637
v 0.460000 -0.550000 0.040000
v 0.460000 -0.550000 0.000000
v 0.055000 -0.550000 0.460000
v 0.027500 -0.597631 0.460000
v -0.027500 -0.597631 0.460000
v -0.055000 -0.550000 0.460000
v -0.027500 -0.502369 0.460000
v 0.027500 -0.502369 0.460000
v 0.053868 -0.550000 0.470353
v 0.026934 -0.596651 0.470353
v -0.026934 -0.596651 0.470353
v -0.053868 -0.550000 0.470353
v -0.026934 -0.503349 0.470353
v 0.026934 -0.503349 0.470353
v 0.050452 -0.550000 0.480000
v 0.025226 -0.593693 0.480000
v -0.025226 -0.593693 0.480000
v -0.050452 -0.550000 0.480000
v -0.025226 -0.506307 0.480000
v 0.025226 -0.506307 0.480000
v 0.044674 -0.550000 0.488284
v 0.022337 -0.588689 0.488284
v -0.022337 -0.588689 0.488284
v -0.044674 -0.550000 0.488284
v -0.022337 -0.511311 0.488284
v 0.022337 -0.511311 0.488284
v 0.036286 -0.550000 0.494641
v 0.018143 -0.581425 0.494641
v -0.018143 -0.581425 0.494641
v -0.036286 -0.550000 0.494641
v -0.018143 -0.518575 0.494641
v 0.018143 -0.518575 0.494641
v 0.024443 -0.550000 0.498637
v 0.012222 -0.571169 0.498637
v -0.012222 -0.571169 0.498637
v -0.024443 -0.550000 0.498637
v -0.012222 -0.528831 0.498637
v 0.012222 -0.528831 0.498637
v 0.000000 -0.550000 0.500000
v 0.000000 -0.550000 0.460000
v -0.405000 -0.550000 0.000000
v -0.432500 -0.597631 0.000000
v -0.487500 -0.597631 0.000000
v -0.515000 -0.550000 0.000000
v -0.487500 -0.502369 0.000000
v -0.432500 -0.502369 0.000000
v -0.406132 -0.550000 0.010353
v -0.433066 -0.596651 0.010353
v -0.486934 -0.596651 0.010353
v -0.513868 -0.550000 0.010353
v -0.486934 -0.503349 0.010353
v -0.433066 -0.503349 0.010353
v -0.409548 -0.550000 0.020000
v -0.434774 -0.593693 0.020000
v -0.485226 -0.593693 0.020000
v -0.510452 -0.550000 0.020000
v -0.485226 -0.506307 0.020000
v -0.434774 -0.506307 0.020000
v -0.415326 -0.550000 0.028284
v -0.437663 -0.588689 0.028284
v -0.482337 -0.588689 0.028284
v -0.504674 -0.550000 0.028284
v -0.482337 -0.511311 0.028284
v -0.437663 -0.511311 0.028284
v -0.423714 -0.550000 0.034641
v -0.441857 -0.581425 0.034641
v -0.478143 -0.581425 0.034641
v -0.496286 -0.550000 0.034641
v -0.478143 -0.518575 0.034641
v -0.441857 -0.518575 0.034641
v -0.435557 -0.550000 0.038637
v -0.447778 -0.571169 0.038637
v -0.472222 -0.571169 0.038637
v -0.484443 -0.550000 0.038637
v -0.472222 -0.528831 0.038637
v -0.447778 -0.528831 0.038637
v -0.460000 -0.550000 0.040000
v -0.460000 -0.550000 0.000000
v 0.055000 -0.550000 -0.460000
v 0.027500 -0.597631 -0.460000
v -0.027500 -0.597631 -0.460000
v -0.055000 -0.550000 -0.460000
v -0.027500 -0.502369 -0.460000
v 0.027500 -0.502369 -0.460000
v 0.053868 -0.550000 -0.449647
v 0.026934 -0.596651 -0.449647
v -0.026934 -0.596651 -0.449647
v -0.053868 -0.550000 -0.449647
v -0.026934 -0.503349 -0.449647
v 0.026934 -0.503349 -0.449647
v 0.050452 -0.550000 -0.440000
v 0.025226 -0.593693 -0.440000
v -0.025226 -0.593693 -0.440000
v -0.050452 -0.550000 -0.440000
v -0.025226 -0.506307 -0.440000
v 0.025226 -0.506307 -0.440000
v 0.044674 -0.550000 -0.431716
v 0.022337 -0.588689 -0.431716
v -0.022337 -0.588689 -0.431716
v -0.044674 -0.550000 -0.431716
v -0.022337 -0.511311 -0.431716
v 0.022337 -0.511311 -0.431716
v 0.036286 -0.550000 -0.425359
v 0.018143 -0.581425 -0.425359
v -0.018143 -0.581425 -0.425359
v -0.036286 -0.550000 -0.425359
v -0.018143 -0.518575 -0.425359
v 0.018143 -0.518575 -0.425359
v 0.024443 -0.550000 -0.421363
v 0.012222 -0.571169 -0.421363
v -0.012222 -0.571169 -0.421363
v -0.024443 -0.550000 -0.421363
v -0.012222 -0.528831 -0.421363
v 0.012222 -0.528831 -0.421363
v -0.000000 -0.550000 -0.420000
v -0.000000 -0.550000 -0.460000
vt 0.000000 0.000000
vt 0.066667 0.000000
vt 0.133333 0.000000
vt 0.200000 0.000000
vt 0.266667 0.000000
vt 0.333333 0.000000
vt 0.400000 0.000000
vt 0.466667 0.000000
vt 0.533333 0.000000
vt 0.600000 0.000000
vt 0.666667 0.000000
vt 0.733333 0.000000
vt 0.800000 0.000000
vt 0.866667 0.000000
vt 0.933333 0.000000
vt 1.000000 0.000000
vt 0.000000 0.284065
vt 0.062500 0.284065
vt 0.125000 0.284065
vt 0.187500 0.284065
vt 0.250000 0.284065
vt 0.312500 0.284065
vt 0.375000 0.284065
vt 0.437500 0.284065
vt 0.500000 0.284065
vt 0.562500 0.284065
vt 0.625000 0.284065
vt 0.687500 0.284065
vt 0.750000 0.284065
vt 0.812500 0.284065
vt 0.875000 0.284065
vt 0.937500 0.284065
vt 0.000000 0.374672
vt 0.062500 0.374672
vt 0.125000 0.374672
vt 0.187500 0.374672
vt 0.250000 0.374672
vt 0.312500 0.374672
vt 0.375000 0.374672
vt 0.437500 0.374672
vt 0.500000 0.374672
vt 0.562500 0.374672
vt 0.625000 0.374672
vt 0.687500 0.374672
vt 0.750000 0.374672
vt 0.812500 0.374672
vt 0.875000 0.374672
vt 0.937500 0.374672
vt 0.000000 0.581622
vt 0.062500 0.581622
vt 0.125000 0.581622
vt 0.187500 0.581622
vt 0.250000 0.581622
vt 0.312500 0.581622
vt 0.375000 0.581622
vt 0.437500 0.581622
vt 0.500000 0.581622
vt 0.562500 0.581622
vt 0.625000 0.581622
vt 0.687500 0.581622
vt 0.750000 0.581622
vt 0.812500 0.581622
vt 0.875000 0.581622
vt 0.937500 0.581622
vt 0.000000 0.793226
vt 0.062500 0.793226
vt 0.125000 0.793226
vt 0.187500 0.793226
vt 0.250000 0.793226
vt 0.312500 0.793226
vt 0.375000 0.793226
vt 0.437500 0.793226
vt 0.500000 0.793226
vt 0.562500 0.793226
vt 0.625000 0.793226
vt 0.687500 0.793226
vt 0.750000 0.793226
vt 0.812500 0.793226
vt 0.875000 0.793226
vt 0.937500 0.793226
vt 0.000000 0.918136
vt 0.062500 0.918136
vt 0.125000 0.918136
vt 0.187500 0.918136
vt 0.250000 0.918136
vt 0.312500 0.918136
vt 0.375000 0.918136
vt 0.437500 0.918136
vt 0.500000 0.918136
vt 0.562500 0.918136
vt 0.625000 0.918136
vt 0.687500 0.918136
vt 0.750000 0.918136
vt 0.812500 0.918136
vt 0.875000 0.918136
vt 0.937500 0.918136
vt 0.000000 1.000000
vt 0.062500 1.000000
vt 0.125000 1.000000
vt 0.187500 1.000000
vt 0.250000 1.000000
vt 0.312500 1.000000
vt 0.375000 1.000000
vt 0.437500 1.000000
vt 0.500000 1.000000
vt 0.562500 1.000000
vt 0.625000 1.000000
vt 0.687500 1.000000
vt 0.750000 1.000000
vt 0.812500 1.000000
vt 0.875000 1.000000
vt 0.937500 1.000000
vt 0.500000 1.000000
vt 0.000000 0.000000
vt 0.062500 0.000000
vt 0.125000 0.000000
vt 0.187500 0.000000
vt 0.250000 0.000000
vt 0.312500 0.000000
vt 0.375000 0.000000
vt 0.437500 0.000000
vt 0.500000 0.000000
vt 0.562500 0.000000
vt 0.625000 0.000000
vt 0.687500 0.000000
vt 0.750000 0.000000
vt 0.812500 0.000000
vt 0.875000 0.000000
vt 0.937500 0.000000
vt 0.000000 0.083333
vt 0.062500 0.083333
vt 0.125000 0.083333
vt 0.187500 0.083333
vt 0.250000 0.083333
vt 0.312500 0.083333
vt 0.375000 0.083333
vt 0.437500 0.083333
vt 0.500000 0.083333
vt 0.562500 0.083333
vt 0.625000 0.083333
vt 0.687500 0.083333
vt 0.750000 0.083333
vt 0.812500 0.083333
vt 0.875000 0.083333
vt 0.937500 0.083333
vt 0.000000 0.166667
vt 0.062500 0.166667
vt 0.125000 0.166667
vt 0.187500 0.166667
vt 0.250000 0.166667
vt 0.312500 0.166667
vt 0.375000 0.166667
vt 0.437500 0.166667
vt 0.500000 0.166667
vt 0.562500 0.166667
vt 0.625000 0.166667
vt 0.687500 0.166667
vt 0.750000 0.166667
vt 0.812500 0.166667
vt 0.875000 0.166667
vt 0.937500 0.166667
vt 0.000000 0.250000
vt 0.062500 0.250000
vt 0.125000 0.250000
vt 0.187500 0.250000
vt 0.250000 0.250000
vt 0.312500 0.250000
vt 0.375000 0.250000
vt 0.437500 0.250000
vt 0.500000 0.250000
vt 0.562500 0.250000
vt 0.625000 0.250000
vt 0.687500 0.250000
vt 0.750000 0.250000
vt 0.812500 0.250000
vt 0.875000 0.250000
vt 0.937500 0.250000
vt 0.000000 0.333333
vt 0.062500 0.333333
vt 0.125000 0.333333
vt 0.187500 0.333333
vt 0.250000 0.333333
vt 0.312500 0.333333
vt 0.375000 0.333333
vt 0.437500 0.333333
vt 0.500000 0.333333
vt 0.562500 0.333333
vt 0.625000 0.333333
vt 0.687500 0.333333
vt 0.750000 0.333333
vt 0.812500 0.333333
vt 0.875000 0.333333
vt 0.937500 0.333333
vt 0.000000 0.416667
vt 0.062500 0.416667
vt 0.125000 0.416667
vt 0.187500 0.416667
vt 0.250000 0.416667
vt 0.312500 0.416667
vt 0.375000 0.416667
vt 0.437500 0.416667
vt 0.500000 0.416667
vt 0.562500 0.416667
vt 0.625000 0.416667
vt 0.687500 0.416667
vt 0.750000 0.416667
vt 0.812500 0.416667
vt 0.875000 0.416667
vt 0.937500 0.416667
vt 0.000000 0.500000
vt 0.062500 0.500000
vt 0.125000 0.500000
vt 0.187500 0.500000
vt 0.250000 0.500000
vt 0.312500 0.500000
vt 0.375000 0.500000
vt 0.437500 0.500000
vt 0.500000 0.500000
vt 0.562500 0.500000
vt 0.625000 0.500000
vt 0.687500 0.500000
vt 0.750000 0.500000
vt 0.812500 0.500000
vt 0.875000 0.500000
vt 0.937500 0.500000
vt 0.000000 0.583333
vt 0.062500 0.583333
vt 0.125000 0.583333
vt 0.187500 0.583333
vt 0.250000 0.583333
vt 0.312500 0.583333
vt 0.375000 0.583333
vt 0.437500 0.583333
vt 0.500000 0.583333
vt 0.562500 0.583333
vt 0.625000 0.583333
vt 0.687500 0.583333
vt 0.750000 0.583333
vt 0.812500 0.583333
vt 0.875000 0.583333
vt 0.937500 0.583333
vt 0.000000 0.666667
vt 0.062500 0.666667
vt 0.125000 0.666667
vt 0.187500 0.666667
vt 0.250000 0.666667
vt 0.312500 0.666667
vt 0.375000 0.666667
vt 0.437500 0.666667
vt 0.500000 0.666667
vt 0.562500 0.666667
vt 0.625000 0.666667
vt 0.687500 0.666667
vt 0.750000 0.666667
vt 0.812500 0.666667
vt 0.875000 0.666667
vt 0.937500 0.666667
vt 0.000000 0.750000
vt 0.062500 0.750000
vt 0.125000 0.750000
vt 0.187500 0.750000
vt 0.250000 0.750000
vt 0.312500 0.750000
vt 0.375000 0.750000
vt 0.437500 0.750000
vt 0.500000 0.750000
vt 0.562500 0.750000
vt 0.625000 0.750000
vt 0.687500 0.750000
vt 0.750000 0.750000
vt 0.812500 0.750000
vt 0.875000 0.750000
vt 0.937500 0.750000
vt 0.000000 0.833333
vt 0.062500 0.833333
vt 0.125000 0.833333
vt 0.187500 0.833333
vt 0.250000 0.833333
vt 0.312500 0.833333
vt 0.375000 0.833333
vt 0.437500 0.833333
vt 0.500000 0.833333
vt 0.562500 0.833333
vt 0.625000 0.833333
vt 0.687500 0.833333
vt 0.750000 0.833333
vt 0.812500 0.833333
vt 0.875000 0.833333
vt 0.937500 0.833333
vt 0.000000 0.916667
vt 0.062500 0.916667
vt 0.125000 0.916667
vt 0.187500 0.916667
vt 0.250000 0.916667
vt 0.312500 0.916667
vt 0.375000 0.916667
vt 0.437500 0.916667
vt 0.500000 0.916667
vt 0.562500 0.916667
vt 0.625000 0.916667
vt 0.687500 0.916667
vt 0.750000 0.916667
vt 0.812500 0.916667
vt 0.875000 0.916667
vt 0.937500 0.916667
vt 0.000000 1.000000
vt 0.062500 1.000000
vt 0.125000 1.000000
vt 0.187500 1.000000
vt 0.250000 1.000000
vt 0.312500 1.000000
vt 0.375000 1.000000
vt 0.437500 1.000000
vt 0.500000 1.000000
vt 0.562500 1.000000
vt 0.625000 1.000000
vt 0.687500 1.000000
vt 0.750000 1.000000
vt 0.812500 1.000000
vt 0.875000 1.000000
vt 0.937500 1.000000
vt 0.000000 0.000000
vt 0.083333 0.000000
vt 0.166667 0.000000
vt 0.250000 0.000000
vt 0.333333 0.000000
vt 0.416667 0.000000
vt 0.500000 0.000000
vt 0.583333 0.000000
vt 0.666667 0.000000
vt 0.750000 0.000000
vt 0.833333 0.000000
vt 0.916667 0.000000
vt 0.000000 0.125910
vt 0.083333 0.125910
vt 0.166667 0.125910
vt 0.250000 0.125910
vt 0.333333 0.125910
vt 0.416667 0.125910
vt 0.500000 0.125910
vt 0.583333 0.125910
vt 0.666667 0.125910
vt 0.750000 0.125910
vt 0.833333 0.125910
vt 0.916667 0.125910
vt 0.000000 0.253761
vt 0.083333 0.253761
vt 0.166667 0.253761
vt 0.250000 0.253761
vt 0.333333 0.253761
vt 0.416667 0.253761
vt 0.500000 0.253761
vt 0.583333 0.253761
vt 0.666667 0.253761
vt 0.750000 0.253761
vt 0.833333 0.253761
vt 0.916667 0.253761
vt 0.000000 0.387456
vt 0.083333 0.387456
vt 0.166667 0.387456
vt 0.250000 0.387456
vt 0.333333 0.387456
vt 0.416667 0.387456
vt 0.500000 0.387456
vt 0.583333 0.387456
vt 0.666667 0.387456
vt 0.750000 0.387456
vt 0.833333 0.387456
vt 0.916667 0.387456
vt 0.000000 0.534693
vt 0.083333 0.534693
vt 0.166667 0.534693
vt 0.250000 0.534693
vt 0.333333 0.534693
vt 0.416667 0.534693
vt 0.500000 0.534693
vt 0.583333 0.534693
vt 0.666667 0.534693
vt 0.750000 0.534693
vt 0.833333 0.534693
vt 0.916667 0.534693
vt 0.000000 0.710592
vt 0.083333 0.710592
vt 0.166667 0.710592
vt 0.250000 0.710592
vt 0.333333 0.710592
vt 0.416667 0.710592
vt 0.500000 0.710592
vt 0.583333 0.710592
vt 0.666667 0.710592
vt 0.750000 0.710592
vt 0.833333 0.710592
vt 0.916667 0.710592
vt 0.000000 1.000000
vt 0.090909 1.000000
vt 0.181818 1.000000
vt 0.272727 1.000000
vt 0.363636 1.000000
vt 0.454545 1.000000
vt 0.545455 1.000000
vt 0.636364 1.000000
vt 0.727273 1.000000
vt 0.818182 1.000000
vt 0.909091 1.000000
vt 1.000000 1.000000
vt 0.500000 0.000000
vt 0.000000 0.000000
vt 0.071429 0.000000
vt 0.142857 0.000000
vt 0.214286 0.000000
vt 0.285714 0.000000
vt 0.357143 0.000000
vt 0.428571 0.000000
vt 0.500000 0.000000
vt 0.571429 0.000000
vt 0.642857 0.000000
vt 0.714286 0.000000
vt 0.785714 0.000000
vt 0.857143 0.000000
vt 0.928571 0.000000
vt 0.000000 0.083333
vt 0.071429 0.083333
vt 0.142857 0.083333
vt 0.214286 0.083333
vt 0.285714 0.083333
vt 0.357143 0.083333
vt 0.428571 0.083333
vt 0.500000 0.083333
vt 0.571429 0.083333
vt 0.642857 0.083333
vt 0.714286 0.083333
vt 0.785714 0.083333
vt 0.857143 0.083333
vt 0.928571 0.083333
vt 0.000000 0.166667
vt 0.071429 0.166667
vt 0.142857 0.166667
vt 0.214286 0.166667
vt 0.285714 0.166667
vt 0.357143 0.166667
vt 0.428571 0.166667
vt 0.500000 0.166667
vt 0.571429 0.166667
vt 0.642857 0.166667
vt 0.714286 0.166667
vt 0.785714 0.166667
vt 0.857143 0.166667
vt 0.928571 0.166667
vt 0.000000 0.250000
vt 0.071429 0.250000
vt 0.142857 0.250000
vt 0.214286 0.250000
vt 0.285714 0.250000
vt 0.357143 0.250000
vt 0.428571 0.250000
vt 0.500000 0.250000
vt 0.571429 0.250000
vt 0.642857 0.250000
vt 0.714286 0.250000
vt 0.785714 0.250000
vt 0.857143 0.250000
vt 0.928571 0.250000
vt 0.000000 0.333333
vt 0.071429 0.333333
vt 0.142857 0.333333
vt 0.214286 0.333333
vt 0.285714 0.333333
vt 0.357143 0.333333
vt 0.428571 0.333333
vt 0.500000 0.333333
vt 0.571429 0.333333
vt 0.642857 0.333333
vt 0.714286 0.333333
vt 0.785714 0.333333
vt 0.857143 0.333333
vt 0.928571 0.333333
vt 0.000000 0.416667
vt 0.071429 0.416667
vt 0.142857 0.416667
vt 0.214286 0.416667
vt 0.285714 0.416667
vt 0.357143 0.416667
vt 0.428571 0.416667
vt 0.500000 0.416667
vt 0.571429 0.416667
vt 0.642857 0.416667
vt 0.714286 0.416667
vt 0.785714 0.416667
vt 0.857143 0.416667
vt 0.928571 0.416667
vt 0.000000 0.500000
vt 0.071429 0.500000
vt 0.142857 0.500000
vt 0.214286 0.500000
vt 0.285714 0.500000
vt 0.357143 0.500000
vt 0.428571 0.500000
vt 0.500000 0.500000
vt 0.571429 0.500000
vt 0.642857 0.500000
vt 0.714286 0.500000
vt 0.785714 0.500000
vt 0.857143 0.500000
vt 0.928571 0.500000
vt 0.000000 0.583333
vt 0.071429 0.583333
vt 0.142857 0.583333
vt 0.214286 0.583333
vt 0.285714 0.583333
vt 0.357143 0.583333
vt 0.428571 0.583333
vt 0.500000 0.583333
vt 0.571429 0.583333
vt 0.642857 0.583333
vt 0.714286 0.583333
vt 0.785714 0.583333
vt 0.857143 0.583333
vt 0.928571 0.583333
vt 0.000000 0.666667
vt 0.071429 0.666667
vt 0.142857 0.666667
vt 0.214286 0.666667
vt 0.285714 0.666667
vt 0.357143 0.666667
vt 0.428571 0.666667
vt 0.500000 0.666667
vt 0.571429 0.666667
vt 0.642857 0.666667
vt 0.714286 0.666667
vt 0.785714 0.666667
vt 0.857143 0.666667
vt 0.928571 0.666667
vt 0.000000 0.750000
vt 0.071429 0.750000
vt 0.142857 0.750000
vt 0.214286 0.750000
vt 0.285714 0.750000
vt 0.357143 0.750000
vt 0.428571 0.750000
vt 0.500000 0.750000
vt 0.571429 0.750000
vt 0.642857 0.750000
vt 0.714286 0.750000
vt 0.785714 0.750000
vt 0.857143 0.750000
vt 0.928571 0.750000
vt 0.000000 0.833333
vt 0.071429 0.833333
vt 0.142857 0.833333
vt 0.214286 0.833333
vt 0.285714 0.833333
vt 0.357143 0.833333
vt 0.428571 0.833333
vt 0.500000 0.833333
vt 0.571429 0.833333
vt 0.642857 0.833333
vt 0.714286 0.833333
vt 0.785714 0.833333
vt 0.857143 0.833333
vt 0.928571 0.833333
vt 0.000000 0.916667
vt 0.071429 0.916667
vt 0.142857 0.916667
vt 0.214286 0.916667
vt 0.285714 0.916667
vt 0.357143 0.916667
vt 0.428571 0.916667
vt 0.500000 0.916667
vt 0.571429 0.916667
vt 0.642857 0.916667
vt 0.714286 0.916667
vt 0.785714 0.916667
vt 0.857143 0.916667
vt 0.928571 0.916667
vt 0.000000 1.000000
vt 0.071429 1.000000
vt 0.142857 1.000000
vt 0.214286 1.000000
vt 0.285714 1.000000
vt 0.357143 1.000000
vt 0.428571 1.000000
vt 0.500000 1.000000
vt 0.571429 1.000000
vt 0.642857 1.000000
vt 0.714286 1.000000
vt 0.785714 1.000000
vt 0.857143 1.000000
vt 0.928571 1.000000
vt 0.000000 0.000000
vt 0.142857 0.000000
vt 0.285714 0.000000
vt 0.428571 0.000000
vt 0.571429 0.000000
vt 0.714286 0.000000
vt 0.857143 0.000000
vt 1.000000 0.000000
vt 0.000000 0.230943
vt 0.125000 0.230943
vt 0.250000 0.230943
vt 0.375000 0.230943
vt 0.500000 0.230943
vt 0.625000 0.230943
vt 0.750000 0.230943
vt 0.875000 0.230943
vt 0.000000 0.413676
vt 0.125000 0.413676
vt 0.250000 0.413676
vt 0.375000 0.413676
vt 0.500000 0.413676
vt 0.625000 0.413676
vt 0.750000 0.413676
vt 0.875000 0.413676
vt 0.000000 0.629226
vt 0.125000 0.629226
vt 0.250000 0.629226
vt 0.375000 0.629226
vt 0.500000 0.629226
vt 0.625000 0.629226
vt 0.750000 0.629226
vt 0.875000 0.629226
vt 0.000000 0.833292
vt 0.125000 0.833292
vt 0.250000 0.833292
vt 0.375000 0.833292
vt 0.500000 0.833292
vt 0.625000 0.833292
vt 0.750000 0.833292
vt 0.875000 0.833292
vt 0.000000 1.000000
vt 0.142857 1.000000
vt 0.285714 1.000000
vt 0.428571 1.000000
vt 0.571429 1.000000
vt 0.714286 1.000000
vt 0.857143 1.000000
vt 1.000000 1.000000
vt 0.000000 0.000000
vt 0.030000 0.000000
vt 0.060000 0.000000
vt 0.090000 0.000000
vt 0.120000 0.000000
vt 0.150000 0.000000
vt 0.180000 0.000000
vt 0.210000 0.000000
vt 0.240000 0.000000
vt 0.270000 0.000000
vt 0.300000 0.000000
vt 0.330000 0.000000
vt 0.360000 0.000000
vt 0.390000 0.000000
vt 0.420000 0.000000
vt 0.000000 0.083333
vt 0.030000 0.083333
vt 0.060000 0.083333
vt 0.090000 0.083333
vt 0.120000 0.083333
vt 0.150000 0.083333
vt 0.180000 0.083333
vt 0.210000 0.083333
vt 0.240000 0.083333
vt 0.270000 0.083333
vt 0.300000 0.083333
vt 0.330000 0.083333
vt 0.360000 0.083333
vt 0.390000 0.083333
vt 0.420000 0.083333
vt 0.000000 0.166667
vt 0.030000 0.166667
vt 0.060000 0.166667
vt 0.090000 0.166667
vt 0.120000 0.166667
vt 0.150000 0.166667
vt 0.180000 0.166667
vt 0.210000 0.166667
vt 0.240000 0.166667
vt 0.270000 0.166667
vt 0.300000 0.166667
vt 0.330000 0.166667
vt 0.360000 0.166667
vt 0.390000 0.166667
vt 0.420000 0.166667
vt 0.000000 0.250000
vt 0.030000 0.250000
vt 0.060000 0.250000
vt 0.090000 0.250000
vt 0.120000 0.250000
vt 0.150000 0.250000
vt 0.180000 0.250000
vt 0.210000 0.250000
vt 0.240000 0.250000
vt 0.270000 0.250000
vt 0.300000 0.250000
vt 0.330000 0.250000
vt 0.360000 0.250000
vt 0.390000 0.250000
vt 0.420000 0.250000
vt 0.000000 0.333333
vt 0.030000 0.333333
vt 0.060000 0.333333
vt 0.090000 0.333333
vt 0.120000 0.333333
vt 0.150000 0.333333
vt 0.180000 0.333333
vt 0.210000 0.333333
vt 0.240000 0.333333
vt 0.270000 0.333333
vt 0.300000 0.333333
vt 0.330000 0.333333
vt 0.360000 0.333333
vt 0.390000 0.333333
vt 0.420000 0.333333
vt 0.000000 0.416667
vt 0.030000 0.416667
vt 0.060000 0.416667
vt 0.090000 0.416667
vt 0.120000 0.416667
vt 0.150000 0.416667
vt 0.180000 0.416667
vt 0.210000 0.416667
vt 0.240000 0.416667
vt 0.270000 0.416667
vt 0.300000 0.416667
vt 0.330000 0.416667
vt 0.360000 0.416667
vt 0.390000 0.416667
vt 0.420000 0.416667
vt 0.000000 0.500000
vt 0.030000 0.500000
vt 0.060000 0.500000
vt 0.090000 0.500000
vt 0.120000 0.500000
vt 0.150000 0.500000
vt 0.180000 0.500000
vt 0.210000 0.500000
vt 0.240000 0.500000
vt 0.270000 0.500000
vt 0.300000 0.500000
vt 0.330000 0.500000
vt 0.360000 0.500000
vt 0.390000 0.500000
vt 0.420000 0.500000
vt 0.000000 0.583333
vt 0.030000 0.583333
vt 0.060000 0.583333
vt 0.090000 0.583333
vt 0.120000 0.583333
vt 0.150000 0.583333
vt 0.180000 0.583333
vt 0.210000 0.583333
vt 0.240000 0.583333
vt 0.270000 0.583333
vt 0.300000 0.583333
vt 0.330000 0.583333
vt 0.360000 0.583333
vt 0.390000 0.583333
vt 0.420000 0.583333
vt 0.000000 0.666667
vt 0.030000 0.666667
vt 0.060000 0.666667
vt 0.090000 0.666667
vt 0.120000 0.666667
vt 0.150000 0.666667
vt 0.180000 0.666667
vt 0.210000 0.666667
vt 0.240000 0.666667
vt 0.270000 0.666667
vt 0.300000 0.666667
vt 0.330000 0.666667
vt 0.360000 0.666667
vt 0.390000 0.666667
vt 0.420000 0.666667
vt 0.000000 0.750000
vt 0.030000 0.750000
vt 0.060000 0.750000
vt 0.090000 0.750000
vt 0.120000 0.750000
vt 0.150000 0.750000
vt 0.180000 0.750000
vt 0.210000 0.750000
vt 0.240000 0.750000
vt 0.270000 0.750000
vt 0.300000 0.750000
vt 0.330000 0.750000
vt 0.360000 0.750000
vt 0.390000 0.750000
vt 0.420000 0.750000
vt 0.000000 0.833333
vt 0.030000 0.833333
vt 0.060000 0.833333
vt 0.090000 0.833333
vt 0.120000 0.833333
vt 0.150000 0.833333
vt 0.180000 0.833333
vt 0.210000 0.833333
vt 0.240000 0.833333
vt 0.270000 0.833333
vt 0.300000 0.833333
vt 0.330000 0.833333
vt 0.360000 0.833333
vt 0.390000 0.833333
vt 0.420000 0.833333
vt 0.000000 0.916667
vt 0.030000 0.916667
vt 0.060000 0.916667
vt 0.090000 0.916667
vt 0.120000 0.916667
vt 0.150000 0.916667
vt 0.180000 0.916667
vt 0.210000 0.916667
vt 0.240000 0.916667
vt 0.270000 0.916667
vt 0.300000 0.916667
vt 0.330000 0.916667
vt 0.360000 0.916667
vt 0.390000 0.916667
vt 0.420000 0.916667
vt 0.000000 1.000000
vt 0.030000 1.000000
vt 0.060000 1.000000
vt 0.090000 1.000000
vt 0.120000 1.000000
vt 0.150000 1.000000
vt 0.180000 1.000000
vt 0.210000 1.000000
vt 0.240000 1.000000
vt 0.270000 1.000000
vt 0.300000 1.000000
vt 0.330000 1.000000
vt 0.360000 1.000000
vt 0.390000 1.000000
vt 0.420000 1.000000
vt 0.000000 0.000000
vt 0.030000 0.000000
vt 0.060000 0.000000
vt 0.090000 0.000000
vt 0.120000 0.000000
vt 0.150000 0.000000
vt 0.180000 0.000000
vt 0.210000 0.000000
vt 0.240000 0.000000
vt 0.270000 0.000000
vt 0.300000 0.000000
vt 0.330000 0.000000
vt 0.360000 0.000000
vt 0.390000 0.000000
vt 0.420000 0.000000
vt 0.000000 0.083333
vt 0.030000 0.083333
vt 0.060000 0.083333
vt 0.090000 0.083333
vt 0.120000 0.083333
vt 0.150000 0.083333
vt 0.180000 0.083333
vt 0.210000 0.083333
vt 0.240000 0.083333
vt 0.270000 0.083333
vt 0.300000 0.083333
vt 0.330000 0.083333
vt 0.360000 0.083333
vt 0.390000 0.083333
vt 0.420000 0.083333
vt 0.000000 0.166667
vt 0.030000 0.166667
vt 0.060000 0.166667
vt 0.090000 0.166667
vt 0.120000 0.166667
vt 0.150000 0.166667
vt 0.180000 0.166667
vt 0.210000 0.166667
vt 0.240000 0.166667
vt 0.270000 0.166667
vt 0.300000 0.166667
vt 0.330000 0.166667
vt 0.360000 0.166667
vt 0.390000 0.166667
vt 0.420000 0.166667
vt 0.000000 0.250000
vt 0.030000 0.250000
vt 0.060000 0.250000
vt 0.090000 0.250000
vt 0.120000 0.250000
vt 0.150000 0.250000
vt 0.180000 0.250000
vt 0.210000 0.250000
vt 0.240000 0.250000
vt 0.270000 0.250000
vt 0.300000 0.250000
vt 0.330000 0.250000
vt 0.360000 0.250000
vt 0.390000 0.250000
vt 0.420000 0.250000
vt 0.000000 0.333333
vt 0.030000 0.333333
vt 0.060000 0.333333
vt 0.090000 0.333333
vt 0.120000 0.333333
vt 0.150000 0.333333
vt 0.180000 0.333333
vt 0.210000 0.333333
vt 0.240000 0.333333
vt 0.270000 0.333333
vt 0.300000 0.333333
vt 0.330000 0.333333
vt 0.360000 0.333333
vt 0.390000 0.333333
vt 0.420000 0.333333
vt 0.000000 0.416667
vt 0.030000 0.416667
vt 0.060000 0.416667
vt 0.090000 0.416667
vt 0.120000 0.416667
vt 0.150000 0.416667
vt 0.180000 0.416667
vt 0.210000 0.416667
vt 0.240000 0.416667
vt 0.270000 0.416667
vt 0.300000 0.416667
vt 0.330000 0.416667
vt 0.360000 0.416667
vt 0.390000 0.416667
vt 0.420000 0.416667
vt 0.000000 0.500000
vt 0.030000 0.500000
vt 0.060000 0.500000
vt 0.090000 0.500000
vt 0.120000 0.500000
vt 0.150000 0.500000
vt 0.180000 0.500000
vt 0.210000 0.500000
vt 0.240000 0.500000
vt 0.270000 0.500000
vt 0.300000 0.500000
vt 0.330000 0.500000
vt 0.360000 0.500000
vt 0.390000 0.500000
vt 0.420000 0.500000
vt 0.000000 0.583333
vt 0.030000 0.583333
vt 0.060000 0.583333
vt 0.090000 0.583333
vt 0.120000 0.583333
vt 0.150000 0.583333
vt 0.180000 0.583333
vt 0.210000 0.583333
vt 0.240000 0.583333
vt 0.270000 0.583333
vt 0.300000 0.583333
vt 0.330000 0.583333
vt 0.360000 0.583333
vt 0.390000 0.583333
vt 0.420000 0.583333
vt 0.000000 0.666667
vt 0.030000 0.666667
vt 0.060000 0.666667
vt 0.090000 0.666667
vt 0.120000 0.666667
vt 0.150000 0.666667
vt 0.180000 0.666667
vt 0.210000 0.666667
vt 0.240000 0.666667
vt 0.270000 0.666667
vt 0.300000 0.666667
vt 0.330000 0.666667
vt 0.360000 0.666667
vt 0.390000 0.666667
vt 0.420000 0.666667
vt 0.000000 0.750000
vt 0.030000 0.750000
vt 0.060000 0.750000
vt 0.090000 0.750000
vt 0.120000 0.750000
vt 0.150000 0.750000
vt 0.180000 0.750000
vt 0.210000 0.750000
vt 0.240000 0.750000
vt 0.270000 0.750000
vt 0.300000 0.750000
vt 0.330000 0.750000
vt 0.360000 0.750000
vt 0.390000 0.750000
vt 0.420000 0.750000
vt 0.000000 0.833333
vt 0.030000 0.833333
vt 0.060000 0.833333
vt 0.090000 0.833333
vt 0.120000 0.833333
vt 0.150000 0.833333
vt 0.180000 0.833333
vt 0.210000 0.833333
vt 0.240000 0.833333
vt 0.270000 0.833333
vt 0.300000 0.833333
vt 0.330000 0.833333
vt 0.360000 0.833333
vt 0.390000 0.833333
vt 0.420000 0.833333
vt 0.000000 0.916667
vt 0.030000 0.916667
vt 0.060000 0.916667
vt 0.090000 0.916667
vt 0.120000 0.916667
vt 0.150000 0.916667
vt 0.180000 0.916667
vt 0.210000 0.916667
vt 0.240000 0.916667
vt 0.270000 0.916667
vt 0.300000 0.916667
vt 0.330000 0.916667
vt 0.360000 0.916667
vt 0.390000 0.916667
vt 0.420000 0.916667
vt 0.000000 1.000000
vt 0.030000 1.000000
vt 0.060000 1.000000
vt 0.090000 1.000000
vt 0.120000 1.000000
vt 0.150000 1.000000
vt 0.180000 1.000000
vt 0.210000 1.000000
vt 0.240000 1.000000
vt 0.270000 1.000000
vt 0.300000 1.000000
vt 0.330000 1.000000
vt 0.360000 1.000000
vt 0.390000 1.000000
vt 0.420000 1.000000
vt 0.000000 0.000000
vt 0.166667 0.000000
vt 0.333333 0.000000
vt 0.500000 0.000000
vt 0.666667 0.000000
vt 0.833333 0.000000
vt 0.000000 0.133087
vt 0.166667 0.133087
vt 0.333333 0.133087
vt 0.500000 0.133087
vt 0.666667 0.133087
vt 0.833333 0.133087
vt 0.000000 0.263867
vt 0.166667 0.263867
vt 0.333333 0.263867
vt 0.500000 0.263867
vt 0.666667 0.263867
vt 0.833333 0.263867
vt 0.000000 0.392940
vt 0.166667 0.392940
vt 0.333333 0.392940
vt 0.500000 0.392940
vt 0.666667 0.392940
vt 0.833333 0.392940
vt 0.000000 0.527428
vt 0.166667 0.527428
vt 0.333333 0.527428
vt 0.500000 0.527428
vt 0.666667 0.527428
vt 0.833333 0.527428
vt 0.000000 0.687154
vt 0.166667 0.687154
vt 0.333333 0.687154
vt 0.500000 0.687154
vt 0.666667 0.687154
vt 0.833333 0.687154
vt 0.000000 1.000000
vt 0.200000 1.000000
vt 0.400000 1.000000
vt 0.600000 1.000000
vt 0.800000 1.000000
vt 1.000000 1.000000
vt 0.500000 0.000000
vt 0.000000 0.000000
vt 0.166667 0.000000
vt 0.333333 0.000000
vt 0.500000 0.000000
vt 0.666667 0.000000
vt 0.833333 0.000000
vt 0.000000 0.133087
vt 0.166667 0.133087
vt 0.333333 0.133087
vt 0.500000 0.133087
vt 0.666667 0.133087
vt 0.833333 0.133087
vt 0.000000 0.263867
vt 0.166667 0.263867
vt 0.333333 0.263867
vt 0.500000 0.263867
vt 0.666667 0.263867
vt 0.833333 0.263867
vt 0.000000 0.392940
vt 0.166667 0.392940
vt 0.333333 0.392940
vt 0.500000 0.392940
vt 0.666667 0.392940
vt 0.833333 0.392940
vt 0.000000 0.527428
vt 0.166667 0.527428
vt 0.333333 0.527428
vt 0.500000 0.527428
vt 0.666667 0.527428
vt 0.833333 0.527428
vt 0.000000 0.687154
vt 0.166667 0.687154
vt 0.333333 0.687154
vt 0.500000 0.687154
vt 0.666667 0.687154
vt 0.833333 0.687154
vt 0.000000 1.000000
vt 0.200000 1.000000
vt 0.400000 1.000000
vt 0.600000 1.000000
vt 0.800000 1.000000
vt 1.000000 1.000000
vt 0.500000 0.000000
vt 0.000000 0.000000
vt 0.166667 0.000000
vt 0.333333 0.000000
vt 0.500000 0.000000
vt 0.666667 0.000000
vt 0.833333 0.000000
vt 0.000000 0.133087
vt 0.166667 0.133087
vt 0.333333 0.133087
vt 0.500000 0.133087
vt 0.666667 0.133087
vt 0.833333 0.133087
vt 0.000000 0.263867
vt 0.166667 0.263867
vt 0.333333 0.263867
vt 0.500000 0.263867
vt 0.666667 0.263867
vt 0.833333 0.263867
vt 0.000000 0.392940
vt 0.166667 0.392940
vt 0.333333 0.392940
vt 0.500000 0.392940
vt 0.666667 0.392940
vt 0.833333 0.392940
vt 0.000000 0.527428
vt 0.166667 0.527428
vt 0.333333 0.527428
vt 0.500000 0.527428
vt 0.666667 0.527428
vt 0.833333 0.527428
vt 0.000000 0.687154
vt 0.166667 0.687154
vt 0.333333 0.687154
vt 0.500000 0.687154
vt 0.666667 0.687154
vt 0.833333 0.687154
vt 0.000000 1.000000
vt 0.200000 1.000000
vt 0.400000 1.000000
vt 0.600000 1.000000
vt 0.800000 1.000000
vt 1.000000 1.000000
vt 0.500000 0.000000
vt 0.000000 0.000000
vt 0.166667 0.000000
vt 0.333333 0.000000
vt 0.500000 0.000000
vt 0.666667 0.000000
vt 0.833333 0.000000
vt 0.000000 0.133087
vt 0.166667 0.133087
vt 0.333333 0.133087
vt 0.500000 0.133087
vt 0.666667 0.133087
vt 0.833333 0.133087
vt 0.000000 0.263867
vt 0.166667 0.263867
vt 0.333333 0.263867
vt 0.500000 0.263867
vt 0.666667 0.263867
vt 0.833333 0.263867
vt 0.000000 0.392940
vt 0.166667 0.392940
vt 0.333333 0.392940
vt 0.500000 0.392940
vt 0.666667 0.392940
vt 0.833333 0.392940
vt 0.000000 0.527428
vt 0.166667 0.527428
vt 0.333333 0.527428
vt 0.500000 0.527428
vt 0.666667 0.527428
vt 0.833333 0.527428
vt 0.000000 0.687154
vt 0.166667 0.687154
vt 0.333333 0.687154
vt 0.500000 0.687154
vt 0.666667 0.687154
vt 0.833333 0.687154
vt 0.000000 1.000000
vt 0.200000 1.000000
vt 0.400000 1.000000
vt 0.600000 1.000000
vt 0.800000 1.000000
vt 1.000000 1.000000
vt 0.500000 0.000000
vn 0.000000 1.000000 -0.000000
vn -0.372492 0.915120 -0.154291
vn -0.403182 0.915120 0.000000
vn -0.285093 0.915120 -0.285093
vn -0.154291 0.915120 -0.372492
vn 0.000000 0.915120 -0.403182
vn 0.154291 0.915120 -0.372492
vn 0.285093 0.915120 -0.285093
vn 0.372492 0.915120 -0.154291
vn 0.403182 0.915120 -0.000000
vn 0.372492 0.915120 0.154291
vn 0.285093 0.915120 0.285093
vn 0.154291 0.915120 0.372492
vn 0.000000 0.915120 0.403182
vn -0.154291 0.915120 0.372492
vn -0.285093 0.915120 0.285093
vn -0.372492 0.915120 0.154291
vn -0.897901 0.235473 -0.371923
vn -0.971881 0.235473 0.000000
vn -0.687224 0.235473 -0.687224
vn -0.371923 0.235473 -0.897901
vn -0.000000 0.235473 -0.971881
vn 0.371923 0.235473 -0.897901
vn 0.687224 0.235473 -0.687224
vn 0.897901 0.235473 -0.371923
vn 0.971881 0.235473 -0.000000
vn 0.897901 0.235473 0.371923
vn 0.687224 0.235473 0.687224
vn 0.371923 0.235473 0.897901
vn 0.000000 0.235473 0.971881
vn -0.371923 0.235473 0.897901
vn -0.687224 0.235473 0.687224
vn -0.897901 0.235473 0.371923
vn -0.869242 -0.338795 -0.360052
vn -0.940860 -0.338795 0.000000
vn -0.665289 -0.338795 -0.665289
vn -0.360052 -0.338795 -0.869242
vn -0.000000 -0.338795 -0.940860
vn 0.360052 -0.338795 -0.869242
vn 0.665289 -0.338795 -0.665289
vn 0.869242 -0.338795 -0.360052
vn 0.940860 -0.338795 -0.000000
vn 0.869242 -0.338795 0.360052
vn 0.665289 -0.338795 0.665289
vn 0.360052 -0.338795 0.869242
vn 0.000000 -0.338795 0.940860
vn -0.360052 -0.338795 0.869242
vn -0.665289 -0.338795 0.665289
vn -0.869242 -0.338795 0.360052
vn -0.837250 -0.422779 -0.346800
vn -0.906233 -0.422779 0.000000
vn -0.640803 -0.422779 -0.640803
vn -0.346800 -0.422779 -0.837250
vn 0.000000 -0.422779 -0.906233
vn 0.346800 -0.422779 -0.837250
vn 0.640803 -0.422779 -0.640803
vn 0.837250 -0.422779 -0.346800
vn 0.906233 -0.422779 -0.000000
vn 0.837250 -0.422779 0.346800
vn 0.640803 -0.422779 0.640803
vn 0.346800 -0.422779 0.837250
vn 0.000000 -0.422779 0.906233
vn -0.346800 -0.422779 0.837250
vn -0.640803 -0.422779 0.640803
vn -0.837250 -0.422779 0.346800
vn -0.819460 -0.461814 -0.339431
vn -0.886977 -0.461814 0.000000
vn -0.627187 -0.461814 -0.627187
vn -0.339431 -0.461814 -0.819460
vn 0.000000 -0.461814 -0.886977
vn 0.339431 -0.461814 -0.819460
vn 0.627187 -0.461814 -0.627187
vn 0.819460 -0.461814 -0.339431
vn 0.886977 -0.461814 -0.000000
vn 0.819460 -0.461814 0.339431
vn 0.627187 -0.461814 0.627187
vn 0.339431 -0.461814 0.819460
vn 0.000000 -0.461814 0.886977
vn -0.339431 -0.461814 0.819460
vn -0.627187 -0.461814 0.627187
vn -0.819460 -0.461814 0.339431
vn -0.826343 -0.447214 -0.342282
vn -0.894427 -0.447214 0.000000
vn -0.632456 -0.447214 -0.632456
vn -0.342282 -0.447214 -0.826343
vn 0.000000 -0.447214 -0.894427
vn 0.342282 -0.447214 -0.826343
vn 0.632456 -0.447214 -0.632456
vn 0.826343 -0.447214 -0.342282
vn 0.894427 -0.447214 0.000000
vn 0.826343 -0.447214 0.342282
vn 0.632456 -0.447214 0.632456
vn 0.342282 -0.447214 0.826343
vn 0.000000 -0.447214 0.894427
vn -0.342282 -0.447214 0.826343
vn -0.632456 -0.447214 0.632456
vn -0.826343 -0.447214 0.342282
vn -0.965926 -0.258819 0.000000
vn -0.892399 -0.258819 -0.369644
vn -0.799587 -0.500966 -0.331200
vn -0.865467 -0.500966 0.000000
vn -0.683013 -0.258819 -0.683013
vn -0.611977 -0.500966 -0.611977
vn -0.369644 -0.258819 -0.892399
vn -0.331200 -0.500966 -0.799587
vn -0.000000 -0.258819 -0.965926
vn -0.000000 -0.500966 -0.865467
vn 0.369644 -0.258819 -0.892399
vn 0.331200 -0.500966 -0.799587
vn 0.683013 -0.258819 -0.683013
vn 0.611977 -0.500966 -0.611977
vn 0.892399 -0.258819 -0.369644
vn 0.799587 -0.500966 -0.331200
vn 0.965926 -0.258819 -0.000000
vn 0.865467 -0.500966 -0.000000
vn 0.892399 -0.258819 0.369644
vn 0.799587 -0.500966 0.331200
vn 0.683013 -0.258819 0.683013
vn 0.611977 -0.500966 0.611977
vn 0.369644 -0.258819 0.892399
vn 0.331200 -0.500966 0.799587
vn 0.000000 -0.258819 0.965926
vn 0.000000 -0.500966 0.865467
vn -0.369644 -0.258819 0.892399
vn -0.331200 -0.500966 0.799587
vn -0.683013 -0.258819 0.683013
vn -0.611977 -0.500966 0.611977
vn -0.892399 -0.258819 0.369644
vn -0.799587 -0.500966 0.331200
vn -0.461031 -0.866592 -0.190965
vn -0.499017 -0.866592 0.000000
vn -0.352858 -0.866592 -0.352858
vn -0.190965 -0.866592 -0.461031
vn -0.000000 -0.866592 -0.499017
vn 0.190965 -0.866592 -0.461031
vn 0.352858 -0.866592 -0.352858
vn 0.461031 -0.866592 -0.190965
vn 0.499017 -0.866592 -0.000000
vn 0.461031 -0.866592 0.190965
vn 0.352858 -0.866592 0.352858
vn 0.190965 -0.866592 0.461031
vn 0.000000 -0.866592 0.499017
vn -0.190965 -0.866592 0.461031
vn -0.352858 -0.866592 0.352858
vn -0.461031 -0.866592 0.190965
vn -0.000000 -1.000000 0.000000
vn 0.923880 -0.000000 0.382683
vn 1.000000 0.000000 -0.000000
vn 0.707107 0.000000 0.707107
vn 0.382683 0.000000 0.923880
vn 0.000000 0.000000 1.000000
vn -0.382683 -0.000000 0.923880
vn -0.707107 -0.000000 0.707107
vn -0.923880 -0.000000 0.382683
vn -1.000000 -0.000000 0.000000
vn -0.923880 -0.000000 -0.382683
vn -0.707107 0.000000 -0.707107
vn -0.382683 0.000000 -0.923880
vn -0.000000 -0.000000 -1.000000
vn 0.382683 0.000000 -0.923880
vn 0.707107 0.000000 -0.707107
vn 0.923880 0.000000 -0.382683
vn 0.799587 0.500966 0.331200
vn 0.865467 0.500966 -0.000000
vn 0.611977 0.500966 0.611977
vn 0.331200 0.500966 0.799587
vn 0.000000 0.500966 0.865467
vn -0.331200 0.500966 0.799587
vn -0.611977 0.500966 0.611977
vn -0.799587 0.500966 0.331200
vn -0.865467 0.500966 0.000000
vn -0.799587 0.500966 -0.331200
vn -0.611977 0.500966 -0.611977
vn -0.331200 0.500966 -0.799587
vn -0.000000 0.500966 -0.865467
vn 0.331200 0.500966 -0.799587
vn 0.611977 0.500966 -0.611977
vn 0.799587 0.500966 -0.331200
vn 0.461031 0.866592 0.190965
vn 0.499017 0.866592 -0.000000
vn 0.352858 0.866592 0.352858
vn 0.190965 0.866592 0.461031
vn 0.000000 0.866592 0.499017
vn -0.190965 0.866592 0.461031
vn -0.352858 0.866592 0.352858
vn -0.461031 0.866592 0.190965
vn -0.499017 0.866592 0.000000
vn -0.461031 0.866592 -0.190965
vn -0.352858 0.866592 -0.352858
vn -0.190965 0.866592 -0.461031
vn -0.000000 0.866592 -0.499017
vn 0.190965 0.866592 -0.461031
vn 0.352858 0.866592 -0.352858
vn 0.461031 0.866592 -0.190965
vn -0.892399 0.258819 -0.369644
vn -0.965926 0.258819 0.000000
vn -0.683013 0.258819 -0.683013
vn -0.369644 0.258819 -0.892399
vn -0.000000 0.258819 -0.965926
vn 0.369644 0.258819 -0.892399
vn 0.683013 0.258819 -0.683013
vn 0.892399 0.258819 -0.369644
vn 0.965926 0.258819 -0.000000
vn 0.892399 0.258819 0.369644
vn 0.683013 0.258819 0.683013
vn 0.369644 0.258819 0.892399
vn 0.000000 0.258819 0.965926
vn -0.369644 0.258819 0.892399
vn -0.683013 0.258819 0.683013
vn -0.892399 0.258819 0.369644
vn -0.989907 -0.141718 0.000000
vn -0.857285 -0.141718 -0.494954
vn -0.830576 -0.283180 -0.479533
vn -0.959067 -0.283180 0.000000
vn -0.494954 -0.141718 -0.857285
vn -0.479533 -0.283180 -0.830576
vn 0.000000 -0.141718 -0.989907
vn -0.000000 -0.283180 -0.959067
vn 0.494954 -0.141718 -0.857285
vn 0.479533 -0.283180 -0.830576
vn 0.857285 -0.141718 -0.494954
vn 0.830576 -0.283180 -0.479533
vn 0.989907 -0.141718 -0.000000
vn 0.959067 -0.283180 -0.000000
vn 0.857285 -0.141718 0.494954
vn 0.830576 -0.283180 0.479533
vn 0.494954 -0.141718 0.857285
vn 0.479533 -0.283180 0.830576
vn 0.000000 -0.141718 0.989907
vn 0.000000 -0.283180 0.959067
vn -0.494954 -0.141718 0.857285
vn -0.479533 -0.283180 0.830576
vn -0.857285 -0.141718 0.494954
vn -0.830576 -0.283180 0.479533
vn -0.724065 -0.548611 -0.418039
vn -0.836078 -0.548611 0.000000
vn -0.418039 -0.548611 -0.724065
vn -0.000000 -0.548611 -0.836078
vn 0.418039 -0.548611 -0.724065
vn 0.724065 -0.548611 -0.418039
vn 0.836078 -0.548611 0.000000
vn 0.724065 -0.548611 0.418039
vn 0.418039 -0.548611 0.724065
vn 0.000000 -0.548611 0.836078
vn -0.418039 -0.548611 0.724065
vn -0.724065 -0.548611 0.418039
vn -0.553635 -0.768971 -0.319642
vn -0.639283 -0.768971 0.000000
vn -0.319642 -0.768971 -0.553635
vn -0.000000 -0.768971 -0.639283
vn 0.319642 -0.768971 -0.553635
vn 0.553635 -0.768971 -0.319642
vn 0.639283 -0.768971 0.000000
vn 0.553635 -0.768971 0.319642
vn 0.319642 -0.768971 0.553635
vn 0.000000 -0.768971 0.639283
vn -0.319642 -0.768971 0.553635
vn -0.553635 -0.768971 0.319642
vn -0.346269 -0.916586 -0.199919
vn -0.399837 -0.916586 0.000000
vn -0.199919 -0.916586 -0.346269
vn -0.000000 -0.916586 -0.399837
vn 0.199919 -0.916586 -0.346269
vn 0.346269 -0.916586 -0.199919
vn 0.399837 -0.916586 0.000000
vn 0.346269 -0.916586 0.199919
vn 0.199919 -0.916586 0.346269
vn 0.000000 -0.916586 0.399837
vn -0.199919 -0.916586 0.346269
vn -0.346269 -0.916586 0.199919
vn -0.143732 -0.986131 -0.082984
vn -0.165968 -0.986131 0.000000
vn -0.082984 -0.986131 -0.143732
vn -0.000000 -0.986131 -0.165968
vn 0.082984 -0.986131 -0.143732
vn 0.143732 -0.986131 -0.082984
vn 0.165968 -0.986131 0.000000
vn 0.143732 -0.986131 0.082984
vn 0.082984 -0.986131 0.143732
vn 0.000000 -0.986131 0.165968
vn -0.082984 -0.986131 0.143732
vn -0.143732 -0.986131 0.082984
vn -0.965926 -0.000000 -0.258819
vn -0.870269 0.419100 -0.258819
vn -0.779605 0.375438 -0.501261
vn -0.865296 -0.000000 -0.501261
vn -0.602245 0.755191 -0.258819
vn -0.539503 0.676516 -0.501261
vn -0.214939 0.941708 -0.258819
vn -0.192546 0.843601 -0.501261
vn 0.214939 0.941708 -0.258819
vn 0.192546 0.843601 -0.501261
vn 0.602245 0.755191 -0.258819
vn 0.539503 0.676516 -0.501261
vn 0.870269 0.419100 -0.258819
vn 0.779605 0.375438 -0.501261
vn 0.965926 0.000000 -0.258819
vn 0.865296 0.000000 -0.501261
vn 0.870269 -0.419100 -0.258819
vn 0.779605 -0.375438 -0.501261
vn 0.602245 -0.755191 -0.258819
vn 0.539503 -0.676516 -0.501261
vn 0.214939 -0.941708 -0.258819
vn 0.192546 -0.843601 -0.501261
vn -0.214939 -0.941708 -0.258819
vn -0.192546 -0.843601 -0.501261
vn -0.602245 -0.755191 -0.258819
vn -0.539503 -0.676516 -0.501261
vn -0.870269 -0.419100 -0.258819
vn -0.779605 -0.375438 -0.501261
vn -0.449322 0.216382 -0.866769
vn -0.498710 -0.000000 -0.866769
vn -0.310940 0.389907 -0.866769
vn -0.110973 0.486206 -0.866769
vn 0.110973 0.486206 -0.866769
vn 0.310940 0.389907 -0.866769
vn 0.449322 0.216382 -0.866769
vn 0.498710 -0.000000 -0.866769
vn 0.449322 -0.216382 -0.866769
vn 0.310940 -0.389907 -0.866769
vn 0.110973 -0.486206 -0.866769
vn -0.110973 -0.486206 -0.866769
vn -0.310940 -0.389907 -0.866769
vn -0.449322 -0.216382 -0.866769
vn 0.900969 -0.433884 -0.000000
vn 0.623490 -0.781831 -0.000000
vn 0.222521 -0.974928 -0.000000
vn -0.222521 -0.974928 -0.000000
vn -0.623490 -0.781831 -0.000000
vn -0.900969 -0.433884 -0.000000
vn -0.900969 0.433884 -0.000000
vn -0.623490 0.781831 -0.000000
vn -0.222521 0.974928 -0.000000
vn 0.222521 0.974928 -0.000000
vn 0.623490 0.781831 -0.000000
vn 0.900969 0.433884 -0.000000
vn 0.779605 -0.375438 0.501261
vn 0.865296 0.000000 0.501261
vn 0.539503 -0.676516 0.501261
vn 0.192546 -0.843601 0.501261
vn -0.192546 -0.843601 0.501261
vn -0.539503 -0.676516 0.501261
vn -0.779605 -0.375438 0.501261
vn -0.865296 -0.000000 0.501261
vn -0.779605 0.375438 0.501261
vn -0.539503 0.676516 0.501261
vn -0.192546 0.843601 0.501261
vn 0.192546 0.843601 0.501261
vn 0.539503 0.676516 0.501261
vn 0.779605 0.375438 0.501261
vn 0.449322 -0.216382 0.866769
vn 0.498710 0.000000 0.866769
vn 0.310940 -0.389907 0.866769
vn 0.110973 -0.486206 0.866769
vn -0.110973 -0.486206 0.866769
vn -0.310940 -0.389907 0.866769
vn -0.449322 -0.216382 0.866769
vn -0.498710 0.000000 0.866769
vn -0.449322 0.216382 0.866769
vn -0.310940 0.389907 0.866769
vn -0.110973 0.486206 0.866769
vn 0.110973 0.486206 0.866769
vn 0.310940 0.389907 0.866769
vn 0.449322 0.216382 0.866769
vn -0.870269 0.419100 0.258819
vn -0.965926 -0.000000 0.258819
vn -0.602245 0.755191 0.258819
vn -0.214939 0.941708 0.258819
vn 0.214939 0.941708 0.258819
vn 0.602245 0.755191 0.258819
vn 0.870269 0.419100 0.258819
vn 0.965926 0.000000 0.258819
vn 0.870269 -0.419100 0.258819
vn 0.602245 -0.755191 0.258819
vn 0.214939 -0.941708 0.258819
vn -0.214939 -0.941708 0.258819
vn -0.602245 -0.755191 0.258819
vn -0.870269 -0.419100 0.258819
vn -0.475698 0.739880 -0.475698
vn -0.672739 0.739880 0.000000
vn -0.000000 0.739880 -0.672739
vn 0.475698 0.739880 -0.475698
vn 0.672739 0.739880 -0.000000
vn 0.475698 0.739880 0.475698
vn 0.000000 0.739880 0.672739
vn -0.475698 0.739880 0.475698
vn -0.703699 0.098055 -0.703699
vn -0.995181 0.098055 0.000000
vn -0.000000 0.098055 -0.995181
vn 0.703699 0.098055 -0.703699
vn 0.995181 0.098055 -0.000000
vn 0.703699 0.098055 0.703699
vn 0.000000 0.098055 0.995181
vn -0.703699 0.098055 0.703699
vn -0.642007 -0.419110 -0.642007
vn -0.907936 -0.419110 0.000000
vn -0.000000 -0.419110 -0.907936
vn 0.642007 -0.419110 -0.642007
vn 0.907936 -0.419110 -0.000000
vn 0.642007 -0.419110 0.642007
vn 0.000000 -0.419110 0.907936
vn -0.642007 -0.419110 0.642007
vn -0.534284 -0.655043 -0.534284
vn -0.755592 -0.655043 0.000000
vn -0.000000 -0.655043 -0.755592
vn 0.534284 -0.655043 -0.534284
vn 0.755592 -0.655043 -0.000000
vn 0.534284 -0.655043 0.534284
vn 0.000000 -0.655043 0.755592
vn -0.534284 -0.655043 0.534284
vn -0.852962 -0.416881 -0.314110
vn -0.906555 -0.287268 -0.309250
vn -0.787696 -0.248873 -0.563558
vn -0.739071 -0.361217 -0.568592
vn -0.956978 -0.031499 -0.288447
vn -0.842290 -0.026775 -0.538359
vn -0.945863 0.189489 -0.263510
vn -0.845405 0.170209 -0.506280
vn -0.898593 0.366944 -0.240588
vn -0.814574 0.333279 -0.474757
vn -0.833076 0.506527 -0.222296
vn -0.763691 0.464794 -0.448044
vn -0.758439 0.617272 -0.209155
vn -0.700842 0.570697 -0.427932
vn -0.678113 0.706960 -0.200924
vn -0.629744 0.656705 -0.414923
vn -0.592360 0.781150 -0.197265
vn -0.551351 0.727118 -0.409037
vn -0.499575 0.843341 -0.197992
vn -0.464859 0.784622 -0.410212
vn -0.396785 0.895150 -0.203144
vn -0.368188 0.830256 -0.418465
vn -0.279719 0.936163 -0.212972
vn -0.258207 0.863191 -0.433856
vn -0.142836 0.963169 -0.227821
vn -0.130981 0.880150 -0.456267
vn 0.020068 0.968608 -0.247783
vn 0.017441 0.874408 -0.484877
vn 0.108378 0.960098 -0.257811
vn 0.097230 0.861337 -0.498642
vn -0.417493 -0.131152 -0.899166
vn -0.388529 -0.189892 -0.901657
vn -0.462013 -0.013668 -0.886768
vn -0.484014 0.098413 -0.869509
vn -0.486093 0.199673 -0.850790
vn -0.471800 0.287745 -0.833432
vn -0.444318 0.362232 -0.819371
vn -0.405964 0.423598 -0.809789
vn -0.358165 0.472416 -0.805321
vn -0.301632 0.508948 -0.806220
vn -0.236566 0.532900 -0.812437
vn -0.162909 0.543263 -0.823605
vn -0.080686 0.538226 -0.838929
vn 0.009469 0.515229 -0.857000
vn 0.056237 0.498194 -0.865240
vn 0.417493 0.131152 -0.899166
vn 0.388529 0.189892 -0.901657
vn 0.462013 0.013668 -0.886768
vn 0.484014 -0.098413 -0.869509
vn 0.486093 -0.199673 -0.850790
vn 0.471800 -0.287745 -0.833432
vn 0.444318 -0.362232 -0.819371
vn 0.405964 -0.423598 -0.809789
vn 0.358165 -0.472416 -0.805321
vn 0.301632 -0.508948 -0.806220
vn 0.236566 -0.532900 -0.812437
vn 0.162909 -0.543263 -0.823605
vn 0.080686 -0.538226 -0.838929
vn -0.009469 -0.515229 -0.857000
vn -0.056237 -0.498194 -0.865240
vn 0.787696 0.248873 -0.563558
vn 0.739071 0.361217 -0.568592
vn 0.842290 0.026775 -0.538359
vn 0.845405 -0.170209 -0.506280
vn 0.814574 -0.333279 -0.474757
vn 0.763691 -0.464794 -0.448044
vn 0.700842 -0.570697 -0.427932
vn 0.629744 -0.656705 -0.414923
vn 0.551351 -0.727118 -0.409037
vn 0.464859 -0.784622 -0.410212
vn 0.368188 -0.830256 -0.418465
vn 0.258207 -0.863191 -0.433856
vn 0.130981 -0.880150 -0.456267
vn -0.017441 -0.874408 -0.484877
vn -0.097230 -0.861337 -0.498642
vn 0.953284 0.302076 -0.000000
vn 0.898435 0.439106 -0.000000
vn 0.999459 0.032897 -0.000000
vn 0.980518 -0.196432 -0.000000
vn 0.925786 -0.378049 -0.000000
vn 0.854455 -0.519526 -0.000000
vn 0.775593 -0.631234 -0.000000
vn 0.692230 -0.721677 -0.000000
vn 0.604233 -0.796808 -0.000000
vn 0.509665 -0.860373 -0.000000
vn 0.405234 -0.914213 -0.000000
vn 0.286287 -0.958144 -0.000000
vn 0.146694 -0.989182 -0.000000
vn -0.020713 -0.999785 -0.000000
vn -0.112170 -0.993689 -0.000000
vn 0.787696 0.248873 0.563558
vn 0.739071 0.361217 0.568592
vn 0.842290 0.026775 0.538359
vn 0.845405 -0.170209 0.506280
vn 0.814574 -0.333279 0.474757
vn 0.763691 -0.464794 0.448044
vn 0.700842 -0.570697 0.427932
vn 0.629744 -0.656705 0.414923
vn 0.551351 -0.727118 0.409037
vn 0.464859 -0.784622 0.410212
vn 0.368188 -0.830256 0.418465
vn 0.258207 -0.863191 0.433856
vn 0.130981 -0.880150 0.456267
vn -0.017441 -0.874408 0.484877
vn -0.097230 -0.861337 0.498642
vn 0.417493 0.131152 0.899166
vn 0.388529 0.189892 0.901657
vn 0.462013 0.013668 0.886768
vn 0.484014 -0.098413 0.869509
vn 0.486093 -0.199673 0.850790
vn 0.471800 -0.287745 0.833432
vn 0.444318 -0.362232 0.819371
vn 0.405964 -0.423598 0.809789
vn 0.358165 -0.472416 0.805321
vn 0.301632 -0.508948 0.806220
vn 0.236566 -0.532900 0.812437
vn 0.162909 -0.543263 0.823605
vn 0.080686 -0.538226 0.838929
vn -0.009469 -0.515229 0.857000
vn -0.056237 -0.498194 0.865240
vn -0.417493 -0.131152 0.899166
vn -0.388529 -0.189892 0.901657
vn -0.462013 -0.013668 0.886768
vn -0.484014 0.098413 0.869509
vn -0.486093 0.199673 0.850790
vn -0.471800 0.287745 0.833432
vn -0.444318 0.362232 0.819371
vn -0.405964 0.423598 0.809789
vn -0.358165 0.472416 0.805321
vn -0.301632 0.508948 0.806220
vn -0.236566 0.532900 0.812437
vn -0.162909 0.543263 0.823605
vn -0.080686 0.538226 0.838929
vn 0.009469 0.515229 0.857000
vn 0.056237 0.498194 0.865240
vn -0.787696 -0.248873 0.563558
vn -0.739071 -0.361217 0.568592
vn -0.842290 -0.026775 0.538359
vn -0.845405 0.170209 0.506280
vn -0.814574 0.333279 0.474757
vn -0.763691 0.464794 0.448044
vn -0.700842 0.570697 0.427932
vn -0.629744 0.656705 0.414923
vn -0.551351 0.727118 0.409037
vn -0.464859 0.784622 0.410212
vn -0.368188 0.830256 0.418465
vn -0.258207 0.863191 0.433856
vn -0.130981 0.880150 0.456267
vn 0.017441 0.874408 0.484877
vn 0.097230 0.861337 0.498642
vn -0.906555 -0.287268 0.309250
vn -0.852962 -0.416881 0.314110
vn -0.956978 -0.031499 0.288447
vn -0.945863 0.189489 0.263510
vn -0.898593 0.366944 0.240588
vn -0.833076 0.506527 0.222296
vn -0.758439 0.617272 0.209155
vn -0.678113 0.706960 0.200924
vn -0.592360 0.781150 0.197265
vn -0.499575 0.843341 0.197992
vn -0.396785 0.895150 0.203144
vn -0.279719 0.936163 0.212972
vn -0.142836 0.963169 0.227821
vn 0.020068 0.968608 0.247783
vn 0.108378 0.960098 0.257811
vn 0.852962 0.416881 -0.314110
vn 0.906555 0.287268 -0.309250
vn 0.956978 0.031499 -0.288447
vn 0.945863 -0.189489 -0.263510
vn 0.898593 -0.366944 -0.240588
vn 0.833076 -0.506527 -0.222296
vn 0.758439 -0.617272 -0.209155
vn 0.678113 -0.706960 -0.200924
vn 0.592360 -0.781150 -0.197265
vn 0.499575 -0.843341 -0.197992
vn 0.396785 -0.895150 -0.203144
vn 0.279719 -0.936163 -0.212972
vn 0.142836 -0.963169 -0.227821
vn -0.020068 -0.968608 -0.247783
vn -0.108378 -0.960098 -0.257811
vn -0.953284 -0.302076 -0.000000
vn -0.898435 -0.439106 -0.000000
vn -0.999459 -0.032897 -0.000000
vn -0.980518 0.196432 -0.000000
vn -0.925786 0.378049 -0.000000
vn -0.854455 0.519526 -0.000000
vn -0.775593 0.631234 -0.000000
vn -0.692230 0.721677 -0.000000
vn -0.604233 0.796808 -0.000000
vn -0.509665 0.860373 -0.000000
vn -0.405234 0.914213 -0.000000
vn -0.286287 0.958144 -0.000000
vn -0.146694 0.989182 -0.000000
vn 0.020713 0.999785 -0.000000
vn 0.112170 0.993689 -0.000000
vn 0.906555 0.287268 0.309250
vn 0.852962 0.416881 0.314110
vn 0.956978 0.031499 0.288447
vn 0.945863 -0.189489 0.263510
vn 0.898593 -0.366944 0.240588
vn 0.833076 -0.506527 0.222296
vn 0.758439 -0.617272 0.209155
vn 0.678113 -0.706960 0.200924
vn 0.592360 -0.781150 0.197265
vn 0.499575 -0.843341 0.197992
vn 0.396785 -0.895150 0.203144
vn 0.279719 -0.936163 0.212972
vn 0.142836 -0.963169 0.227821
vn -0.020068 -0.968608 0.247783
vn -0.108378 -0.960098 0.257811
vn -0.994073 -0.000000 -0.108717
vn -0.497036 0.860892 -0.108717
vn -0.487360 0.844132 -0.223431
vn -0.974720 0.000000 -0.223431
vn 0.497036 0.860892 -0.108717
vn 0.487360 0.844132 -0.223431
vn 0.994073 0.000000 -0.108717
vn 0.974720 0.000000 -0.223431
vn 0.497036 -0.860892 -0.108717
vn 0.487360 -0.844132 -0.223431
vn -0.497036 -0.860892 -0.108717
vn -0.487360 -0.844132 -0.223431
vn -0.444282 0.769518 -0.458754
vn -0.888563 0.000000 -0.458754
vn 0.444282 0.769518 -0.458754
vn 0.888563 0.000000 -0.458754
vn 0.444282 -0.769518 -0.458754
vn -0.444282 -0.769518 -0.458754
vn -0.359263 0.622261 -0.695501
vn -0.718525 0.000000 -0.695501
vn 0.359263 0.622261 -0.695501
vn 0.718525 -0.000000 -0.695501
vn 0.359263 -0.622261 -0.695501
vn -0.359263 -0.622261 -0.695501
vn -0.232513 0.402724 -0.885297
vn -0.465026 -0.000000 -0.885297
vn 0.232513 0.402724 -0.885297
vn 0.465026 -0.000000 -0.885297
vn 0.232513 -0.402724 -0.885297
vn -0.232513 -0.402724 -0.885297
vn -0.094164 0.163096 -0.982106
vn -0.188327 -0.000000 -0.982106
vn 0.094164 0.163096 -0.982106
vn 0.188327 0.000000 -0.982106
vn 0.094164 -0.163096 -0.982106
vn -0.094164 -0.163096 -0.982106
usemtl ritual_gold
s 1
f 1/1/1 3/18/2 2/17/3
s 1
f 1/2/1 4/19/4 3/18/2
s 1
f 1/3/1 5/20/5 4/19/4
s 1
f 1/4/1 6/21/6 5/20/5
s 1
f 1/5/1 7/22/7 6/21/6
s 1
f 1/6/1 8/23/8 7/22/7
s 1
f 1/7/1 9/24/9 8/23/8
s 1
f 1/8/1 10/25/10 9/24/9
s 1
f 1/9/1 11/26/11 10/25/10
s 1
f 1/10/1 12/27/12 11/26/11
s 1
f 1/11/1 13/28/13 12/27/12
s 1
f 1/12/1 14/29/14 13/28/13
s 1
f 1/13/1 15/30/15 14/29/14
s 1
f 1/14/1 16/31/16 15/30/15
s 1
f 1/15/1 17/32/17 16/31/16
s 1
f 1/16/1 2/17/3 17/32/17
s 1
f 2/17/3 3/18/2 19/34/18 18/33/19
s 1
f 3/18/2 4/19/4 20/35/20 19/34/18
s 1
f 4/19/4 5/20/5 21/36/21 20/35/20
s 1
f 5/20/5 6/21/6 22/37/22 21/36/21
s 1
f 6/21/6 7/22/7 23/38/23 22/37/22
s 1
f 7/22/7 8/23/8 24/39/24 23/38/23
s 1
f 8/23/8 9/24/9 25/40/25 24/39/24
s 1
f 9/24/9 10/25/10 26/41/26 25/40/25
s 1
f 10/25/10 11/26/11 27/42/27 26/41/26
s 1
f 11/26/11 12/27/12 28/43/28 27/42/27
s 1
f 12/27/12 13/28/13 29/44/29 28/43/28
s 1
f 13/28/13 14/29/14 30/45/30 29/44/29
s 1
f 14/29/14 15/30/15 31/46/31 30/45/30
s 1
f 15/30/15 16/31/16 32/47/32 31/46/31
s 1
f 16/31/16 17/32/17 33/48/33 32/47/32
s 1
f 17/32/17 2/17/3 18/33/19 33/48/33
s 1
f 18/33/19 19/34/18 35/50/34 34/49/35
s 1
f 19/34/18 20/35/20 36/51/36 35/50/34
s 1
f 20/35/20 21/36/21 37/52/37 36/51/36
s 1
f 21/36/21 22/37/22 38/53/38 37/52/37
s 1
f 22/37/22 23/38/23 39/54/39 38/53/38
s 1
f 23/38/23 24/39/24 40/55/40 39/54/39
s 1
f 24/39/24 25/40/25 41/56/41 40/55/40
s 1
f 25/40/25 26/41/26 42/57/42 41/56/41
s 1
f 26/41/26 27/42/27 43/58/43 42/57/42
s 1
f 27/42/27 28/43/28 44/59/44 43/58/43
s 1
f 28/43/28 29/44/29 45/60/45 44/59/44
s 1
f 29/44/29 30/45/30 46/61/46 45/60/45
s 1
f 30/45/30 31/46/31 47/62/47 46/61/46
s 1
f 31/46/31 32/47/32 48/63/48 47/62/47
s 1
f 32/47/32 33/48/33 49/64/49 48/63/48
s 1
f 33/48/33 18/33/19 34/49/35 49/64/49
s 1
f 34/49/35 35/50/34 51/66/50 50/65/51
s 1
f 35/50/34 36/51/36 52/67/52 51/66/50
s 1
f 36/51/36 37/52/37 53/68/53 52/67/52
s 1
f 37/52/37 38/53/38 54/69/54 53/68/53
s 1
f 38/53/38 39/54/39 55/70/55 54/69/54
s 1
f 39/54/39 40/55/40 56/71/56 55/70/55
s 1
f 40/55/40 41/56/41 57/72/57 56/71/56
s 1
f 41/56/41 42/57/42 58/73/58 57/72/57
s 1
f 42/57/42 43/58/43 59/74/59 58/73/58
s 1
f 43/58/43 44/59/44 60/75/60 59/74/59
s 1
f 44/59/44 45/60/45 61/76/61 60/75/60
s 1
f 45/60/45 46/61/46 62/77/62 61/76/61
s 1
f 46/61/46 47/62/47 63/78/63 62/77/62
s 1
f 47/62/47 48/63/48 64/79/64 63/78/63
s 1
f 48/63/48 49/64/49 65/80/65 64/79/64
s 1
f 49/64/49 34/49/35 50/65/51 65/80/65
s 1
f 50/65/51 51/66/50 67/82/66 66/81/67
s 1
f 51/66/50 52/67/52 68/83/68 67/82/66
s 1
f 52/67/52 53/68/53 69/84/69 68/83/68
s 1
f 53/68/53 54/69/54 70/85/70 69/84/69
s 1
f 54/69/54 55/70/55 71/86/71 70/85/70
s 1
f 55/70/55 56/71/56 72/87/72 71/86/71
s 1
f 56/71/56 57/72/57 73/88/73 72/87/72
s 1
f 57/72/57 58/73/58 74/89/74 73/88/73
s 1
f 58/73/58 59/74/59 75/90/75 74/89/74
s 1
f 59/74/59 60/75/60 76/91/76 75/90/75
s 1
f 60/75/60 61/76/61 77/92/77 76/91/76
s 1
f 61/76/61 62/77/62 78/93/78 77/92/77
s 1
f 62/77/62 63/78/63 79/94/79 78/93/78
s 1
f 63/78/63 64/79/64 80/95/80 79/94/79
s 1
f 64/79/64 65/80/65 81/96/81 80/95/80
s 1
f 65/80/65 50/65/51 66/81/67 81/96/81
s 1
f 66/81/67 67/82/66 83/98/82 82/97/83
s 1
f 67/82/66 68/83/68 84/99/84 83/98/82
s 1
f 68/83/68 69/84/69 85/100/85 84/99/84
s 1
f 69/84/69 70/85/70 86/101/86 85/100/85
s 1
f 70/85/70 71/86/71 87/102/87 86/101/86
s 1
f 71/86/71 72/87/72 88/103/88 87/102/87
s 1
f 72/87/72 73/88/73 89/104/89 88/103/88
s 1
f 73/88/73 74/89/74 90/105/90 89/104/89
s 1
f 74/89/74 75/90/75 91/106/91 90/105/90
s 1
f 75/90/75 76/91/76 92/107/92 91/106/91
s 1
f 76/91/76 77/92/77 93/108/93 92/107/92
s 1
f 77/92/77 78/93/78 94/109/94 93/108/93
s 1
f 78/93/78 79/94/79 95/110/95 94/109/94
s 1
f 79/94/79 80/95/80 96/111/96 95/110/95
s 1
f 80/95/80 81/96/81 97/112/97 96/111/96
s 1
f 81/96/81 66/81/67 82/97/83 97/112/97
s off
f 98/113/1 83/98/1 82/97/1
s off
f 98/113/1 84/99/1 83/98/1
s off
f 98/113/1 85/100/1 84/99/1
s off
f 98/113/1 86/101/1 85/100/1
s off
f 98/113/1 87/102/1 86/101/1
s off
f 98/113/1 88/103/1 87/102/1
s off
f 98/113/1 89/104/1 88/103/1
s off
f 98/113/1 90/105/1 89/104/1
s off
f 98/113/1 91/106/1 90/105/1
s off
f 98/113/1 92/107/1 91/106/1
s off
f 98/113/1 93/108/1 92/107/1
s off
f 98/113/1 94/109/1 93/108/1
s off
f 98/113/1 95/110/1 94/109/1
s off
f 98/113/1 96/111/1 95/110/1
s off
f 98/113/1 97/112/1 96/111/1
s off
f 98/113/1 82/97/1 97/112/1
usemtl oxidized_bronze
s 2
f 99/114/98 100/115/99 116/131/100 115/130/101
s 2
f 100/115/99 101/116/102 117/132/103 116/131/100
s 2
f 101/116/102 102/117/104 118/133/105 117/132/103
s 2
f 102/117/104 103/118/106 119/134/107 118/133/105
s 2
f 103/118/106 104/119/108 120/135/109 119/134/107
s 2
f 104/119/108 105/120/110 121/136/111 120/135/109
s 2
f 105/120/110 106/121/112 122/137/113 121/136/111
s 2
f 106/121/112 107/122/114 123/138/115 122/137/113
s 2
f 107/122/114 108/123/116 124/139/117 123/138/115
s 2
f 108/123/116 109/124/118 125/140/119 124/139/117
s 2
f 109/124/118 110/125/120 126/141/121 125/140/119
s 2
f 110/125/120 111/126/122 127/142/123 126/141/121
s 2
f 111/126/122 112/127/124 128/143/125 127/142/123
s 2
f 112/127/124 113/128/126 129/144/127 128/143/125
s 2
f 113/128/126 114/129/128 130/145/129 129/144/127
s 2
f 114/129/128 99/114/98 115/130/101 130/145/129
s 2
f 115/130/101 116/131/100 132/147/130 131/146/131
s 2
f 116/131/100 117/132/103 133/148/132 132/147/130
s 2
f 117/132/103 118/133/105 134/149/133 133/148/132
s 2
f 118/133/105 119/134/107 135/150/134 134/149/133
s 2
f 119/134/107 120/135/109 136/151/135 135/150/134
s 2
f 120/135/109 121/136/111 137/152/136 136/151/135
s 2
f 121/136/111 122/137/113 138/153/137 137/152/136
s 2
f 122/137/113 123/138/115 139/154/138 138/153/137
s 2
f 123/138/115 124/139/117 140/155/139 139/154/138
s 2
f 124/139/117 125/140/119 141/156/140 140/155/139
s 2
f 125/140/119 126/141/121 142/157/141 141/156/140
s 2
f 126/141/121 127/142/123 143/158/142 142/157/141
s 2
f 127/142/123 128/143/125 144/159/143 143/158/142
s 2
f 128/143/125 129/144/127 145/160/144 144/159/143
s 2
f 129/144/127 130/145/129 146/161/145 145/160/144
s 2
f 130/145/129 115/130/101 131/146/131 146/161/145
s 2
f 131/146/131 132/147/130 148/163/146 147/162/146
s 2
f 132/147/130 133/148/132 149/164/146 148/163/146
s 2
f 133/148/132 134/149/133 150/165/146 149/164/146
s 2
f 134/149/133 135/150/134 151/166/146 150/165/146
s 2
f 135/150/134 136/151/135 152/167/146 151/166/146
s 2
f 136/151/135 137/152/136 153/168/146 152/167/146
s 2
f 137/152/136 138/153/137 154/169/146 153/168/146
s 2
f 138/153/137 139/154/138 155/170/146 154/169/146
s 2
f 139/154/138 140/155/139 156/171/146 155/170/146
s 2
f 140/155/139 141/156/140 157/172/146 156/171/146
s 2
f 141/156/140 142/157/141 158/173/146 157/172/146
s 2
f 142/157/141 143/158/142 159/174/146 158/173/146
s 2
f 143/158/142 144/159/143 160/175/146 159/174/146
s 2
f 144/159/143 145/160/144 161/176/146 160/175/146
s 2
f 145/160/144 146/161/145 162/177/146 161/176/146
s 2
f 146/161/145 131/146/131 147/162/146 162/177/146
s 2
f 147/162/146 148/163/146 164/179/139 163/178/138
s 2
f 148/163/146 149/164/146 165/180/140 164/179/139
s 2
f 149/164/146 150/165/146 166/181/141 165/180/140
s 2
f 150/165/146 151/166/146 167/182/142 166/181/141
s 2
f 151/166/146 152/167/146 168/183/143 167/182/142
s 2
f 152/167/146 153/168/146 169/184/144 168/183/143
s 2
f 153/168/146 154/169/146 170/185/145 169/184/144
s 2
f 154/169/146 155/170/146 171/186/131 170/185/145
s 2
f 155/170/146 156/171/146 172/187/130 171/186/131
s 2
f 156/171/146 157/172/146 173/188/132 172/187/130
s 2
f 157/172/146 158/173/146 174/189/133 173/188/132
s 2
f 158/173/146 159/174/146 175/190/134 174/189/133
s 2
f 159/174/146 160/175/146 176/191/135 175/190/134
s 2
f 160/175/146 161/176/146 177/192/136 176/191/135
s 2
f 161/176/146 162/177/146 178/193/137 177/192/136
s 2
f 162/177/146 147/162/146 163/178/138 178/193/137
s 2
f 163/178/138 164/179/139 180/195/117 179/194/115
s 2
f 164/179/139 165/180/140 181/196/119 180/195/117
s 2
f 165/180/140 166/181/141 182/197/121 181/196/119
s 2
f 166/181/141 167/182/142 183/198/123 182/197/121
s 2
f 167/182/142 168/183/143 184/199/125 183/198/123
s 2
f 168/183/143 169/184/144 185/200/127 184/199/125
s 2
f 169/184/144 170/185/145 186/201/129 185/200/127
s 2
f 170/185/145 171/186/131 187/202/101 186/201/129
s 2
f 171/186/131 172/187/130 188/203/100 187/202/101
s 2
f 172/187/130 173/188/132 189/204/103 188/203/100
s 2
f 173/188/132 174/189/133 190/205/105 189/204/103
s 2
f 174/189/133 175/190/134 191/206/107 190/205/105
s 2
f 175/190/134 176/191/135 192/207/109 191/206/107
s 2
f 176/191/135 177/192/136 193/208/111 192/207/109
s 2
f 177/192/136 178/193/137 194/209/113 193/208/111
s 2
f 178/193/137 163/178/138 179/194/115 194/209/113
s 2
f 179/194/115 180/195/117 196/211/147 195/210/148
s 2
f 180/195/117 181/196/119 197/212/149 196/211/147
s 2
f 181/196/119 182/197/121 198/213/150 197/212/149
s 2
f 182/197/121 183/198/123 199/214/151 198/213/150
s 2
f 183/198/123 184/199/125 200/215/152 199/214/151
s 2
f 184/199/125 185/200/127 201/216/153 200/215/152
s 2
f 185/200/127 186/201/129 202/217/154 201/216/153
s 2
f 186/201/129 187/202/101 203/218/155 202/217/154
s 2
f 187/202/101 188/203/100 204/219/156 203/218/155
s 2
f 188/203/100 189/204/103 205/220/157 204/219/156
s 2
f 189/204/103 190/205/105 206/221/158 205/220/157
s 2
f 190/205/105 191/206/107 207/222/159 206/221/158
s 2
f 191/206/107 192/207/109 208/223/160 207/222/159
s 2
f 192/207/109 193/208/111 209/224/161 208/223/160
s 2
f 193/208/111 194/209/113 210/225/162 209/224/161
s 2
f 194/209/113 179/194/115 195/210/148 210/225/162
s 2
f 195/210/148 196/211/147 212/227/163 211/226/164
s 2
f 196/211/147 197/212/149 213/228/165 212/227/163
s 2
f 197/212/149 198/213/150 214/229/166 213/228/165
s 2
f 198/213/150 199/214/151 215/230/167 214/229/166
s 2
f 199/214/151 200/215/152 216/231/168 215/230/167
s 2
f 200/215/152 201/216/153 217/232/169 216/231/168
s 2
f 201/216/153 202/217/154 218/233/170 217/232/169
s 2
f 202/217/154 203/218/155 219/234/171 218/233/170
s 2
f 203/218/155 204/219/156 220/235/172 219/234/171
s 2
f 204/219/156 205/220/157 221/236/173 220/235/172
s 2
f 205/220/157 206/221/158 222/237/174 221/236/173
s 2
f 206/221/158 207/222/159 223/238/175 222/237/174
s 2
f 207/222/159 208/223/160 224/239/176 223/238/175
s 2
f 208/223/160 209/224/161 225/240/177 224/239/176
s 2
f 209/224/161 210/225/162 226/241/178 225/240/177
s 2
f 210/225/162 195/210/148 211/226/164 226/241/178
s 2
f 211/226/164 212/227/163 228/243/179 227/242/180
s 2
f 212/227/163 213/228/165 229/244/181 228/243/179
s 2
f 213/228/165 214/229/166 230/245/182 229/244/181
s 2
f 214/229/166 215/230/167 231/246/183 230/245/182
s 2
f 215/230/167 216/231/168 232/247/184 231/246/183
s 2
f 216/231/168 217/232/169 233/248/185 232/247/184
s 2
f 217/232/169 218/233/170 234/249/186 233/248/185
s 2
f 218/233/170 219/234/171 235/250/187 234/249/186
s 2
f 219/234/171 220/235/172 236/251/188 235/250/187
s 2
f 220/235/172 221/236/173 237/252/189 236/251/188
s 2
f 221/236/173 222/237/174 238/253/190 237/252/189
s 2
f 222/237/174 223/238/175 239/254/191 238/253/190
s 2
f 223/238/175 224/239/176 240/255/192 239/254/191
s 2
f 224/239/176 225/240/177 241/256/193 240/255/192
s 2
f 225/240/177 226/241/178 242/257/194 241/256/193
s 2
f 226/241/178 211/226/164 227/242/180 242/257/194
s 2
f 227/242/180 228/243/179 244/259/1 243/258/1
s 2
f 228/243/179 229/244/181 245/260/1 244/259/1
s 2
f 229/244/181 230/245/182 246/261/1 245/260/1
s 2
f 230/245/182 231/246/183 247/262/1 246/261/1
s 2
f 231/246/183 232/247/184 248/263/1 247/262/1
s 2
f 232/247/184 233/248/185 249/264/1 248/263/1
s 2
f 233/248/185 234/249/186 250/265/1 249/264/1
s 2
f 234/249/186 235/250/187 251/266/1 250/265/1
s 2
f 235/250/187 236/251/188 252/267/1 251/266/1
s 2
f 236/251/188 237/252/189 253/268/1 252/267/1
s 2
f 237/252/189 238/253/190 254/269/1 253/268/1
s 2
f 238/253/190 239/254/191 255/270/1 254/269/1
s 2
f 239/254/191 240/255/192 256/271/1 255/270/1
s 2
f 240/255/192 241/256/193 257/272/1 256/271/1
s 2
f 241/256/193 242/257/194 258/273/1 257/272/1
s 2
f 242/257/194 227/242/180 243/258/1 258/273/1
s 2
f 243/258/1 244/259/1 260/275/188 259/274/187
s 2
f 244/259/1 245/260/1 261/276/189 260/275/188
s 2
f 245/260/1 246/261/1 262/277/190 261/276/189
s 2
f 246/261/1 247/262/1 263/278/191 262/277/190
s 2
f 247/262/1 248/263/1 264/279/192 263/278/191
s 2
f 248/263/1 249/264/1 265/280/193 264/279/192
s 2
f 249/264/1 250/265/1 266/281/194 265/280/193
s 2
f 250/265/1 251/266/1 267/282/180 266/281/194
s 2
f 251/266/1 252/267/1 268/283/179 267/282/180
s 2
f 252/267/1 253/268/1 269/284/181 268/283/179
s 2
f 253/268/1 254/269/1 270/285/182 269/284/181
s 2
f 254/269/1 255/270/1 271/286/183 270/285/182
s 2
f 255/270/1 256/271/1 272/287/184 271/286/183
s 2
f 256/271/1 257/272/1 273/288/185 272/287/184
s 2
f 257/272/1 258/273/1 274/289/186 273/288/185
s 2
f 258/273/1 243/258/1 259/274/187 274/289/186
s 2
f 259/274/187 260/275/188 276/291/172 275/290/171
s 2
f 260/275/188 261/276/189 277/292/173 276/291/172
s 2
f 261/276/189 262/277/190 278/293/174 277/292/173
s 2
f 262/277/190 263/278/191 279/294/175 278/293/174
s 2
f 263/278/191 264/279/192 280/295/176 279/294/175
s 2
f 264/279/192 265/280/193 281/296/177 280/295/176
s 2
f 265/280/193 266/281/194 282/297/178 281/296/177
s 2
f 266/281/194 267/282/180 283/298/164 282/297/178
s 2
f 267/282/180 268/283/179 284/299/163 283/298/164
s 2
f 268/283/179 269/284/181 285/300/165 284/299/163
s 2
f 269/284/181 270/285/182 286/301/166 285/300/165
s 2
f 270/285/182 271/286/183 287/302/167 286/301/166
s 2
f 271/286/183 272/287/184 288/303/168 287/302/167
s 2
f 272/287/184 273/288/185 289/304/169 288/303/168
s 2
f 273/288/185 274/289/186 290/305/170 289/304/169
s 2
f 274/289/186 259/274/187 275/290/171 290/305/170
s 2
f 275/290/171 276/291/172 292/307/195 291/306/196
s 2
f 276/291/172 277/292/173 293/308/197 292/307/195
s 2
f 277/292/173 278/293/174 294/309/198 293/308/197
s 2
f 278/293/174 279/294/175 295/310/199 294/309/198
s 2
f 279/294/175 280/295/176 296/311/200 295/310/199
s 2
f 280/295/176 281/296/177 297/312/201 296/311/200
s 2
f 281/296/177 282/297/178 298/313/202 297/312/201
s 2
f 282/297/178 283/298/164 299/314/203 298/313/202
s 2
f 283/298/164 284/299/163 300/315/204 299/314/203
s 2
f 284/299/163 285/300/165 301/316/205 300/315/204
s 2
f 285/300/165 286/301/166 302/317/206 301/316/205
s 2
f 286/301/166 287/302/167 303/318/207 302/317/206
s 2
f 287/302/167 288/303/168 304/319/208 303/318/207
s 2
f 288/303/168 289/304/169 305/320/209 304/319/208
s 2
f 289/304/169 290/305/170 306/321/210 305/320/209
s 2
f 290/305/170 275/290/171 291/306/196 306/321/210
usemtl ritual_gold
s 3
f 307/322/211 308/323/212 320/335/213 319/334/214
s 3
f 308/323/212 309/324/215 321/336/216 320/335/213
s 3
f 309/324/215 310/325/217 322/337/218 321/336/216
s 3
f 310/325/217 311/326/219 323/338/220 322/337/218
s 3
f 311/326/219 312/327/221 324/339/222 323/338/220
s 3
f 312/327/221 313/328/223 325/340/224 324/339/222
s 3
f 313/328/223 314/329/225 326/341/226 325/340/224
s 3
f 314/329/225 315/330/227 327/342/228 326/341/226
s 3
f 315/330/227 316/331/229 328/343/230 327/342/228
s 3
f 316/331/229 317/332/231 329/344/232 328/343/230
s 3
f 317/332/231 318/333/233 330/345/234 329/344/232
s 3
f 318/333/233 307/322/211 319/334/214 330/345/234
s 3
f 319/334/214 320/335/213 332/347/235 331/346/236
s 3
f 320/335/213 321/336/216 333/348/237 332/347/235
s 3
f 321/336/216 322/337/218 334/349/238 333/348/237
s 3
f 322/337/218 323/338/220 335/350/239 334/349/238
s 3
f 323/338/220 324/339/222 336/351/240 335/350/239
s 3
f 324/339/222 325/340/224 337/352/241 336/351/240
s 3
f 325/340/224 326/341/226 338/353/242 337/352/241
s 3
f 326/341/226 327/342/228 339/354/243 338/353/242
s 3
f 327/342/228 328/343/230 340/355/244 339/354/243
s 3
f 328/343/230 329/344/232 341/356/245 340/355/244
s 3
f 329/344/232 330/345/234 342/357/246 341/356/245
s 3
f 330/345/234 319/334/214 331/346/236 342/357/246
s 3
f 331/346/236 332/347/235 344/359/247 343/358/248
s 3
f 332/347/235 333/348/237 345/360/249 344/359/247
s 3
f 333/348/237 334/349/238 346/361/250 345/360/249
s 3
f 334/349/238 335/350/239 347/362/251 346/361/250
s 3
f 335/350/239 336/351/240 348/363/252 347/362/251
s 3
f 336/351/240 337/352/241 349/364/253 348/363/252
s 3
f 337/352/241 338/353/242 350/365/254 349/364/253
s 3
f 338/353/242 339/354/243 351/366/255 350/365/254
s 3
f 339/354/243 340/355/244 352/367/256 351/366/255
s 3
f 340/355/244 341/356/245 353/368/257 352/367/256
s 3
f 341/356/245 342/357/246 354/369/258 353/368/257
s 3
f 342/357/246 331/346/236 343/358/248 354/369/258
s 3
f 343/358/248 344/359/247 356/371/259 355/370/260
s 3
f 344/359/247 345/360/249 357/372/261 356/371/259
s 3
f 345/360/249 346/361/250 358/373/262 357/372/261
s 3
f 346/361/250 347/362/251 359/374/263 358/373/262
s 3
f 347/362/251 348/363/252 360/375/264 359/374/263
s 3
f 348/363/252 349/364/253 361/376/265 360/375/264
s 3
f 349/364/253 350/365/254 362/377/266 361/376/265
s 3
f 350/365/254 351/366/255 363/378/267 362/377/266
s 3
f 351/366/255 352/367/256 364/379/268 363/378/267
s 3
f 352/367/256 353/368/257 365/380/269 364/379/268
s 3
f 353/368/257 354/369/258 366/381/270 365/380/269
s 3
f 354/369/258 343/358/248 355/370/260 366/381/270
s 3
f 355/370/260 356/371/259 368/383/271 367/382/272
s 3
f 356/371/259 357/372/261 369/384/273 368/383/271
s 3
f 357/372/261 358/373/262 370/385/274 369/384/273
s 3
f 358/373/262 359/374/263 371/386/275 370/385/274
s 3
f 359/374/263 360/375/264 372/387/276 371/386/275
s 3
f 360/375/264 361/376/265 373/388/277 372/387/276
s 3
f 361/376/265 362/377/266 374/389/278 373/388/277
s 3
f 362/377/266 363/378/267 375/390/279 374/389/278
s 3
f 363/378/267 364/379/268 376/391/280 375/390/279
s 3
f 364/379/268 365/380/269 377/392/281 376/391/280
s 3
f 365/380/269 366/381/270 378/393/282 377/392/281
s 3
f 366/381/270 355/370/260 367/382/272 378/393/282
s 3
f 367/382/272 368/383/271 379/394/146
s 3
f 368/383/271 369/384/273 379/395/146
s 3
f 369/384/273 370/385/274 379/396/146
s 3
f 370/385/274 371/386/275 379/397/146
s 3
f 371/386/275 372/387/276 379/398/146
s 3
f 372/387/276 373/388/277 379/399/146
s 3
f 373/388/277 374/389/278 379/400/146
s 3
f 374/389/278 375/390/279 379/401/146
s 3
f 375/390/279 376/391/280 379/402/146
s 3
f 376/391/280 377/392/281 379/403/146
s 3
f 377/392/281 378/393/282 379/404/146
s 3
f 378/393/282 367/382/272 379/405/146
s off
f 380/406/146 307/322/146 308/323/146
s off
f 380/406/146 308/323/146 309/324/146
s off
f 380/406/146 309/324/146 310/325/146
s off
f 380/406/146 310/325/146 311/326/146
s off
f 380/406/146 311/326/146 312/327/146
s off
f 380/406/146 312/327/146 313/328/146
s off
f 380/406/146 313/328/146 314/329/146
s off
f 380/406/146 314/329/146 315/330/146
s off
f 380/406/146 315/330/146 316/331/146
s off
f 380/406/146 316/331/146 317/332/146
s off
f 380/406/146 317/332/146 318/333/146
s off
f 380/406/146 318/333/146 307/322/146
usemtl wrought_iron
s 4
f 381/407/283 382/408/284 396/422/285 395/421/286
s 4
f 382/408/284 383/409/287 397/423/288 396/422/285
s 4
f 383/409/287 384/410/289 398/424/290 397/423/288
s 4
f 384/410/289 385/411/291 399/425/292 398/424/290
s 4
f 385/411/291 386/412/293 400/426/294 399/425/292
s 4
f 386/412/293 387/413/295 401/427/296 400/426/294
s 4
f 387/413/295 388/414/297 402/428/298 401/427/296
s 4
f 388/414/297 389/415/299 403/429/300 402/428/298
s 4
f 389/415/299 390/416/301 404/430/302 403/429/300
s 4
f 390/416/301 391/417/303 405/431/304 404/430/302
s 4
f 391/417/303 392/418/305 406/432/306 405/431/304
s 4
f 392/418/305 393/419/307 407/433/308 406/432/306
s 4
f 393/419/307 394/420/309 408/434/310 407/433/308
s 4
f 394/420/309 381/407/283 395/421/286 408/434/310
s 4
f 395/421/286 396/422/285 410/436/311 409/435/312
s 4
f 396/422/285 397/423/288 411/437/313 410/436/311
s 4
f 397/423/288 398/424/290 412/438/314 411/437/313
s 4
f 398/424/290 399/425/292 413/439/315 412/438/314
s 4
f 399/425/292 400/426/294 414/440/316 413/439/315
s 4
f 400/426/294 401/427/296 415/441/317 414/440/316
s 4
f 401/427/296 402/428/298 416/442/318 415/441/317
s 4
f 402/428/298 403/429/300 417/443/319 416/442/318
s 4
f 403/429/300 404/430/302 418/444/320 417/443/319
s 4
f 404/430/302 405/431/304 419/445/321 418/444/320
s 4
f 405/431/304 406/432/306 420/446/322 419/445/321
s 4
f 406/432/306 407/433/308 421/447/323 420/446/322
s 4
f 407/433/308 408/434/310 422/448/324 421/447/323
s 4
f 408/434/310 395/421/286 409/435/312 422/448/324
s 4
f 409/435/312 410/436/311 424/450/159 423/449/159
s 4
f 410/436/311 411/437/313 425/451/159 424/450/159
s 4
f 411/437/313 412/438/314 426/452/159 425/451/159
s 4
f 412/438/314 413/439/315 427/453/159 426/452/159
s 4
f 413/439/315 414/440/316 428/454/159 427/453/159
s 4
f 414/440/316 415/441/317 429/455/159 428/454/159
s 4
f 415/441/317 416/442/318 430/456/159 429/455/159
s 4
f 416/442/318 417/443/319 431/457/159 430/456/159
s 4
f 417/443/319 418/444/320 432/458/159 431/457/159
s 4
f 418/444/320 419/445/321 433/459/159 432/458/159
s 4
f 419/445/321 420/446/322 434/460/159 433/459/159
s 4
f 420/446/322 421/447/323 435/461/159 434/460/159
s 4
f 421/447/323 422/448/324 436/462/159 435/461/159
s 4
f 422/448/324 409/435/312 423/449/159 436/462/159
s 4
f 423/449/159 424/450/159 438/464/319 437/463/318
s 4
f 424/450/159 425/451/159 439/465/320 438/464/319
s 4
f 425/451/159 426/452/159 440/466/321 439/465/320
s 4
f 426/452/159 427/453/159 441/467/322 440/466/321
s 4
f 427/453/159 428/454/159 442/468/323 441/467/322
s 4
f 428/454/159 429/455/159 443/469/324 442/468/323
s 4
f 429/455/159 430/456/159 444/470/312 443/469/324
s 4
f 430/456/159 431/457/159 445/471/311 444/470/312
s 4
f 431/457/159 432/458/159 446/472/313 445/471/311
s 4
f 432/458/159 433/459/159 447/473/314 446/472/313
s 4
f 433/459/159 434/460/159 448/474/315 447/473/314
s 4
f 434/460/159 435/461/159 449/475/316 448/474/315
s 4
f 435/461/159 436/462/159 450/476/317 449/475/316
s 4
f 436/462/159 423/449/159 437/463/318 450/476/317
s 4
f 437/463/318 438/464/319 452/478/300 451/477/298
s 4
f 438/464/319 439/465/320 453/479/302 452/478/300
s 4
f 439/465/320 440/466/321 454/480/304 453/479/302
s 4
f 440/466/321 441/467/322 455/481/306 454/480/304
s 4
f 441/467/322 442/468/323 456/482/308 455/481/306
s 4
f 442/468/323 443/469/324 457/483/310 456/482/308
s 4
f 443/469/324 444/470/312 458/484/286 457/483/310
s 4
f 444/470/312 445/471/311 459/485/285 458/484/286
s 4
f 445/471/311 446/472/313 460/486/288 459/485/285
s 4
f 446/472/313 447/473/314 461/487/290 460/486/288
s 4
f 447/473/314 448/474/315 462/488/292 461/487/290
s 4
f 448/474/315 449/475/316 463/489/294 462/488/292
s 4
f 449/475/316 450/476/317 464/490/296 463/489/294
s 4
f 450/476/317 437/463/318 451/477/298 464/490/296
s 4
f 451/477/298 452/478/300 466/492/325 465/491/148
s 4
f 452/478/300 453/479/302 467/493/326 466/492/325
s 4
f 453/479/302 454/480/304 468/494/327 467/493/326
s 4
f 454/480/304 455/481/306 469/495/328 468/494/327
s 4
f 455/481/306 456/482/308 470/496/329 469/495/328
s 4
f 456/482/308 457/483/310 471/497/330 470/496/329
s 4
f 457/483/310 458/484/286 472/498/155 471/497/330
s 4
f 458/484/286 459/485/285 473/499/331 472/498/155
s 4
f 459/485/285 460/486/288 474/500/332 473/499/331
s 4
f 460/486/288 461/487/290 475/501/333 474/500/332
s 4
f 461/487/290 462/488/292 476/502/334 475/501/333
s 4
f 462/488/292 463/489/294 477/503/335 476/502/334
s 4
f 463/489/294 464/490/296 478/504/336 477/503/335
s 4
f 464/490/296 451/477/298 465/491/148 478/504/336
s 4
f 465/491/148 466/492/325 480/506/337 479/505/338
s 4
f 466/492/325 467/493/326 481/507/339 480/506/337
s 4
f 467/493/326 468/494/327 482/508/340 481/507/339
s 4
f 468/494/327 469/495/328 483/509/341 482/508/340
s 4
f 469/495/328 470/496/329 484/510/342 483/509/341
s 4
f 470/496/329 471/497/330 485/511/343 484/510/342
s 4
f 471/497/330 472/498/155 486/512/344 485/511/343
s 4
f 472/498/155 473/499/331 487/513/345 486/512/344
s 4
f 473/499/331 474/500/332 488/514/346 487/513/345
s 4
f 474/500/332 475/501/333 489/515/347 488/514/346
s 4
f 475/501/333 476/502/334 490/516/348 489/515/347
s 4
f 476/502/334 477/503/335 491/517/349 490/516/348
s 4
f 477/503/335 478/504/336 492/518/350 491/517/349
s 4
f 478/504/336 465/491/148 479/505/338 492/518/350
s 4
f 479/505/338 480/506/337 494/520/351 493/519/352
s 4
f 480/506/337 481/507/339 495/521/353 494/520/351
s 4
f 481/507/339 482/508/340 496/522/354 495/521/353
s 4
f 482/508/340 483/509/341 497/523/355 496/522/354
s 4
f 483/509/341 484/510/342 498/524/356 497/523/355
s 4
f 484/510/342 485/511/343 499/525/357 498/524/356
s 4
f 485/511/343 486/512/344 500/526/358 499/525/357
s 4
f 486/512/344 487/513/345 501/527/359 500/526/358
s 4
f 487/513/345 488/514/346 502/528/360 501/527/359
s 4
f 488/514/346 489/515/347 503/529/361 502/528/360
s 4
f 489/515/347 490/516/348 504/530/362 503/529/361
s 4
f 490/516/348 491/517/349 505/531/363 504/530/362
s 4
f 491/517/349 492/518/350 506/532/364 505/531/363
s 4
f 492/518/350 479/505/338 493/519/352 506/532/364
s 4
f 493/519/352 494/520/351 508/534/151 507/533/151
s 4
f 494/520/351 495/521/353 509/535/151 508/534/151
s 4
f 495/521/353 496/522/354 510/536/151 509/535/151
s 4
f 496/522/354 497/523/355 511/537/151 510/536/151
s 4
f 497/523/355 498/524/356 512/538/151 511/537/151
s 4
f 498/524/356 499/525/357 513/539/151 512/538/151
s 4
f 499/525/357 500/526/358 514/540/151 513/539/151
s 4
f 500/526/358 501/527/359 515/541/151 514/540/151
s 4
f 501/527/359 502/528/360 516/542/151 515/541/151
s 4
f 502/528/360 503/529/361 517/543/151 516/542/151
s 4
f 503/529/361 504/530/362 518/544/151 517/543/151
s 4
f 504/530/362 505/531/363 519/545/151 518/544/151
s 4
f 505/531/363 506/532/364 520/546/151 519/545/151
s 4
f 506/532/364 493/519/352 507/533/151 520/546/151
s 4
f 507/533/151 508/534/151 522/548/359 521/547/358
s 4
f 508/534/151 509/535/151 523/549/360 522/548/359
s 4
f 509/535/151 510/536/151 524/550/361 523/549/360
s 4
f 510/536/151 511/537/151 525/551/362 524/550/361
s 4
f 511/537/151 512/538/151 526/552/363 525/551/362
s 4
f 512/538/151 513/539/151 527/553/364 526/552/363
s 4
f 513/539/151 514/540/151 528/554/352 527/553/364
s 4
f 514/540/151 515/541/151 529/555/351 528/554/352
s 4
f 515/541/151 516/542/151 530/556/353 529/555/351
s 4
f 516/542/151 517/543/151 531/557/354 530/556/353
s 4
f 517/543/151 518/544/151 532/558/355 531/557/354
s 4
f 518/544/151 519/545/151 533/559/356 532/558/355
s 4
f 519/545/151 520/546/151 534/560/357 533/559/356
s 4
f 520/546/151 507/533/151 521/547/358 534/560/357
s 4
f 521/547/358 522/548/359 536/562/345 535/561/344
s 4
f 522/548/359 523/549/360 537/563/346 536/562/345
s 4
f 523/549/360 524/550/361 538/564/347 537/563/346
s 4
f 524/550/361 525/551/362 539/565/348 538/564/347
s 4
f 525/551/362 526/552/363 540/566/349 539/565/348
s 4
f 526/552/363 527/553/364 541/567/350 540/566/349
s 4
f 527/553/364 528/554/352 542/568/338 541/567/350
s 4
f 528/554/352 529/555/351 543/569/337 542/568/338
s 4
f 529/555/351 530/556/353 544/570/339 543/569/337
s 4
f 530/556/353 531/557/354 545/571/340 544/570/339
s 4
f 531/557/354 532/558/355 546/572/341 545/571/340
s 4
f 532/558/355 533/559/356 547/573/342 546/572/341
s 4
f 533/559/356 534/560/357 548/574/343 547/573/342
s 4
f 534/560/357 521/547/358 535/561/344 548/574/343
s 4
f 535/561/344 536/562/345 550/576/365 549/575/366
s 4
f 536/562/345 537/563/346 551/577/367 550/576/365
s 4
f 537/563/346 538/564/347 552/578/368 551/577/367
s 4
f 538/564/347 539/565/348 553/579/369 552/578/368
s 4
f 539/565/348 540/566/349 554/580/370 553/579/369
s 4
f 540/566/349 541/567/350 555/581/371 554/580/370
s 4
f 541/567/350 542/568/338 556/582/372 555/581/371
s 4
f 542/568/338 543/569/337 557/583/373 556/582/372
s 4
f 543/569/337 544/570/339 558/584/374 557/583/373
s 4
f 544/570/339 545/571/340 559/585/375 558/584/374
s 4
f 545/571/340 546/572/341 560/586/376 559/585/375
s 4
f 546/572/341 547/573/342 561/587/377 560/586/376
s 4
f 547/573/342 548/574/343 562/588/378 561/587/377
s 4
f 548/574/343 535/561/344 549/575/366 562/588/378
usemtl crystal
s 5
f 563/589/1 565/598/379 564/597/380
s 5
f 563/590/1 566/599/381 565/598/379
s 5
f 563/591/1 567/600/382 566/599/381
s 5
f 563/592/1 568/601/383 567/600/382
s 5
f 563/593/1 569/602/384 568/601/383
s 5
f 563/594/1 570/603/385 569/602/384
s 5
f 563/595/1 571/604/386 570/603/385
s 5
f 563/596/1 564/597/380 571/604/386
s 5
f 564/597/380 565/598/379 573/606/387 572/605/388
s 5
f 565/598/379 566/599/381 574/607/389 573/606/387
s 5
f 566/599/381 567/600/382 575/608/390 574/607/389
s 5
f 567/600/382 568/601/383 576/609/391 575/608/390
s 5
f 568/601/383 569/602/384 577/610/392 576/609/391
s 5
f 569/602/384 570/603/385 578/611/393 577/610/392
s 5
f 570/603/385 571/604/386 579/612/394 578/611/393
s 5
f 571/604/386 564/597/380 572/605/388 579/612/394
s 5
f 572/605/388 573/606/387 581/614/395 580/613/396
s 5
f 573/606/387 574/607/389 582/615/397 581/614/395
s 5
f 574/607/389 575/608/390 583/616/398 582/615/397
s 5
f 575/608/390 576/609/391 584/617/399 583/616/398
s 5
f 576/609/391 577/610/392 585/618/400 584/617/399
s 5
f 577/610/392 578/611/393 586/619/401 585/618/400
s 5
f 578/611/393 579/612/394 587/620/402 586/619/401
s 5
f 579/612/394 572/605/388 580/613/396 587/620/402
s 5
f 580/613/396 581/614/395 589/622/403 588/621/404
s 5
f 581/614/395 582/615/397 590/623/405 589/622/403
s 5
f 582/615/397 583/616/398 591/624/406 590/623/405
s 5
f 583/616/398 584/617/399 592/625/407 591/624/406
s 5
f 584/617/399 585/618/400 593/626/408 592/625/407
s 5
f 585/618/400 586/619/401 594/627/409 593/626/408
s 5
f 586/619/401 587/620/402 595/628/410 594/627/409
s 5
f 587/620/402 580/613/396 588/621/404 595/628/410
s 5
f 588/621/404 589/622/403 596/629/146
s 5
f 589/622/403 590/623/405 596/630/146
s 5
f 590/623/405 591/624/406 596/631/146
s 5
f 591/624/406 592/625/407 596/632/146
s 5
f 592/625/407 593/626/408 596/633/146
s 5
f 593/626/408 594/627/409 596/634/146
s 5
f 594/627/409 595/628/410 596/635/146
s 5
f 595/628/410 588/621/404 596/636/146
usemtl wrought_iron
s 6
f 597/637/411 598/638/412 613/653/413 612/652/414
s 6
f 598/638/412 599/639/415 614/654/416 613/653/413
s 6
f 599/639/415 600/640/417 615/655/418 614/654/416
s 6
f 600/640/417 601/641/419 616/656/420 615/655/418
s 6
f 601/641/419 602/642/421 617/657/422 616/656/420
s 6
f 602/642/421 603/643/423 618/658/424 617/657/422
s 6
f 603/643/423 604/644/425 619/659/426 618/658/424
s 6
f 604/644/425 605/645/427 620/660/428 619/659/426
s 6
f 605/645/427 606/646/429 621/661/430 620/660/428
s 6
f 606/646/429 607/647/431 622/662/432 621/661/430
s 6
f 607/647/431 608/648/433 623/663/434 622/662/432
s 6
f 608/648/433 609/649/435 624/664/436 623/663/434
s 6
f 609/649/435 610/650/437 625/665/438 624/664/436
s 6
f 610/650/437 611/651/439 626/666/440 625/665/438
s 6
f 612/652/414 613/653/413 628/668/441 627/667/442
s 6
f 613/653/413 614/654/416 629/669/443 628/668/441
s 6
f 614/654/416 615/655/418 630/670/444 629/669/443
s 6
f 615/655/418 616/656/420 631/671/445 630/670/444
s 6
f 616/656/420 617/657/422 632/672/446 631/671/445
s 6
f 617/657/422 618/658/424 633/673/447 632/672/446
s 6
f 618/658/424 619/659/426 634/674/448 633/673/447
s 6
f 619/659/426 620/660/428 635/675/449 634/674/448
s 6
f 620/660/428 621/661/430 636/676/450 635/675/449
s 6
f 621/661/430 622/662/432 637/677/451 636/676/450
s 6
f 622/662/432 623/663/434 638/678/452 637/677/451
s 6
f 623/663/434 624/664/436 639/679/453 638/678/452
s 6
f 624/664/436 625/665/438 640/680/454 639/679/453
s 6
f 625/665/438 626/666/440 641/681/455 640/680/454
s 6
f 627/667/442 628/668/441 643/683/159 642/682/159
s 6
f 628/668/441 629/669/443 644/684/159 643/683/159
s 6
f 629/669/443 630/670/444 645/685/159 644/684/159
s 6
f 630/670/444 631/671/445 646/686/159 645/685/159
s 6
f 631/671/445 632/672/446 647/687/159 646/686/159
s 6
f 632/672/446 633/673/447 648/688/159 647/687/159
s 6
f 633/673/447 634/674/448 649/689/159 648/688/159
s 6
f 634/674/448 635/675/449 650/690/159 649/689/159
s 6
f 635/675/449 636/676/450 651/691/159 650/690/159
s 6
f 636/676/450 637/677/451 652/692/159 651/691/159
s 6
f 637/677/451 638/678/452 653/693/159 652/692/159
s 6
f 638/678/452 639/679/453 654/694/159 653/693/159
s 6
f 639/679/453 640/680/454 655/695/159 654/694/159
s 6
f 640/680/454 641/681/455 656/696/159 655/695/159
s 6
f 642/682/159 643/683/159 658/698/456 657/697/457
s 6
f 643/683/159 644/684/159 659/699/458 658/698/456
s 6
f 644/684/159 645/685/159 660/700/459 659/699/458
s 6
f 645/685/159 646/686/159 661/701/460 660/700/459
s 6
f 646/686/159 647/687/159 662/702/461 661/701/460
s 6
f 647/687/159 648/688/159 663/703/462 662/702/461
s 6
f 648/688/159 649/689/159 664/704/463 663/703/462
s 6
f 649/689/159 650/690/159 665/705/464 664/704/463
s 6
f 650/690/159 651/691/159 666/706/465 665/705/464
s 6
f 651/691/159 652/692/159 667/707/466 666/706/465
s 6
f 652/692/159 653/693/159 668/708/467 667/707/466
s 6
f 653/693/159 654/694/159 669/709/468 668/708/467
s 6
f 654/694/159 655/695/159 670/710/469 669/709/468
s 6
f 655/695/159 656/696/159 671/711/470 670/710/469
s 6
f 657/697/457 658/698/456 673/713/471 672/712/472
s 6
f 658/698/456 659/699/458 674/714/473 673/713/471
s 6
f 659/699/458 660/700/459 675/715/474 674/714/473
s 6
f 660/700/459 661/701/460 676/716/475 675/715/474
s 6
f 661/701/460 662/702/461 677/717/476 676/716/475
s 6
f 662/702/461 663/703/462 678/718/477 677/717/476
s 6
f 663/703/462 664/704/463 679/719/478 678/718/477
s 6
f 664/704/463 665/705/464 680/720/479 679/719/478
s 6
f 665/705/464 666/706/465 681/721/480 680/720/479
s 6
f 666/706/465 667/707/466 682/722/481 681/721/480
s 6
f 667/707/466 668/708/467 683/723/482 682/722/481
s 6
f 668/708/467 669/709/468 684/724/483 683/723/482
s 6
f 669/709/468 670/710/469 685/725/484 684/724/483
s 6
f 670/710/469 671/711/470 686/726/485 685/725/484
s 6
f 672/712/472 673/713/471 688/728/486 687/727/487
s 6
f 673/713/471 674/714/473 689/729/488 688/728/486
s 6
f 674/714/473 675/715/474 690/730/489 689/729/488
s 6
f 675/715/474 676/716/475 691/731/490 690/730/489
s 6
f 676/716/475 677/717/476 692/732/491 691/731/490
s 6
f 677/717/476 678/718/477 693/733/492 692/732/491
s 6
f 678/718/477 679/719/478 694/734/493 693/733/492
s 6
f 679/719/478 680/720/479 695/735/494 694/734/493
s 6
f 680/720/479 681/721/480 696/736/495 695/735/494
s 6
f 681/721/480 682/722/481 697/737/496 696/736/495
s 6
f 682/722/481 683/723/482 698/738/497 697/737/496
s 6
f 683/723/482 684/724/483 699/739/498 698/738/497
s 6
f 684/724/483 685/725/484 700/740/499 699/739/498
s 6
f 685/725/484 686/726/485 701/741/500 700/740/499
s 6
f 687/727/487 688/728/486 703/743/501 702/742/502
s 6
f 688/728/486 689/729/488 704/744/503 703/743/501
s 6
f 689/729/488 690/730/489 705/745/504 704/744/503
s 6
f 690/730/489 691/731/490 706/746/505 705/745/504
s 6
f 691/731/490 692/732/491 707/747/506 706/746/505
s 6
f 692/732/491 693/733/492 708/748/507 707/747/506
s 6
f 693/733/492 694/734/493 709/749/508 708/748/507
s 6
f 694/734/493 695/735/494 710/750/509 709/749/508
s 6
f 695/735/494 696/736/495 711/751/510 710/750/509
s 6
f 696/736/495 697/737/496 712/752/511 711/751/510
s 6
f 697/737/496 698/738/497 713/753/512 712/752/511
s 6
f 698/738/497 699/739/498 714/754/513 713/753/512
s 6
f 699/739/498 700/740/499 715/755/514 714/754/513
s 6
f 700/740/499 701/741/500 716/756/515 715/755/514
s 6
f 702/742/502 703/743/501 718/758/516 717/757/517
s 6
f 703/743/501 704/744/503 719/759/518 718/758/516
s 6
f 704/744/503 705/745/504 720/760/519 719/759/518
s 6
f 705/745/504 706/746/505 721/761/520 720/760/519
s 6
f 706/746/505 707/747/506 722/762/521 721/761/520
s 6
f 707/747/506 708/748/507 723/763/522 722/762/521
s 6
f 708/748/507 709/749/508 724/764/523 723/763/522
s 6
f 709/749/508 710/750/509 725/765/524 724/764/523
s 6
f 710/750/509 711/751/510 726/766/525 725/765/524
s 6
f 711/751/510 712/752/511 727/767/526 726/766/525
s 6
f 712/752/511 713/753/512 728/768/527 727/767/526
s 6
f 713/753/512 714/754/513 729/769/528 728/768/527
s 6
f 714/754/513 715/755/514 730/770/529 729/769/528
s 6
f 715/755/514 716/756/515 731/771/530 730/770/529
s 6
f 717/757/517 718/758/516 733/773/151 732/772/151
s 6
f 718/758/516 719/759/518 734/774/151 733/773/151
s 6
f 719/759/518 720/760/519 735/775/151 734/774/151
s 6
f 720/760/519 721/761/520 736/776/151 735/775/151
s 6
f 721/761/520 722/762/521 737/777/151 736/776/151
s 6
f 722/762/521 723/763/522 738/778/151 737/777/151
s 6
f 723/763/522 724/764/523 739/779/151 738/778/151
s 6
f 724/764/523 725/765/524 740/780/151 739/779/151
s 6
f 725/765/524 726/766/525 741/781/151 740/780/151
s 6
f 726/766/525 727/767/526 742/782/151 741/781/151
s 6
f 727/767/526 728/768/527 743/783/151 742/782/151
s 6
f 728/768/527 729/769/528 744/784/151 743/783/151
s 6
f 729/769/528 730/770/529 745/785/151 744/784/151
s 6
f 730/770/529 731/771/530 746/786/151 745/785/151
s 6
f 732/772/151 733/773/151 748/788/531 747/787/532
s 6
f 733/773/151 734/774/151 749/789/533 748/788/531
s 6
f 734/774/151 735/775/151 750/790/534 749/789/533
s 6
f 735/775/151 736/776/151 751/791/535 750/790/534
s 6
f 736/776/151 737/777/151 752/792/536 751/791/535
s 6
f 737/777/151 738/778/151 753/793/537 752/792/536
s 6
f 738/778/151 739/779/151 754/794/538 753/793/537
s 6
f 739/779/151 740/780/151 755/795/539 754/794/538
s 6
f 740/780/151 741/781/151 756/796/540 755/795/539
s 6
f 741/781/151 742/782/151 757/797/541 756/796/540
s 6
f 742/782/151 743/783/151 758/798/542 757/797/541
s 6
f 743/783/151 744/784/151 759/799/543 758/798/542
s 6
f 744/784/151 745/785/151 760/800/544 759/799/543
s 6
f 745/785/151 746/786/151 761/801/545 760/800/544
s 6
f 747/787/532 748/788/531 763/803/546 762/802/547
s 6
f 748/788/531 749/789/533 764/804/548 763/803/546
s 6
f 749/789/533 750/790/534 765/805/549 764/804/548
s 6
f 750/790/534 751/791/535 766/806/550 765/805/549
s 6
f 751/791/535 752/792/536 767/807/551 766/806/550
s 6
f 752/792/536 753/793/537 768/808/552 767/807/551
s 6
f 753/793/537 754/794/538 769/809/553 768/808/552
s 6
f 754/794/538 755/795/539 770/810/554 769/809/553
s 6
f 755/795/539 756/796/540 771/811/555 770/810/554
s 6
f 756/796/540 757/797/541 772/812/556 771/811/555
s 6
f 757/797/541 758/798/542 773/813/557 772/812/556
s 6
f 758/798/542 759/799/543 774/814/558 773/813/557
s 6
f 759/799/543 760/800/544 775/815/559 774/814/558
s 6
f 760/800/544 761/801/545 776/816/560 775/815/559
s 6
f 762/802/547 763/803/546 778/818/561 777/817/562
s 6
f 763/803/546 764/804/548 779/819/563 778/818/561
s 6
f 764/804/548 765/805/549 780/820/564 779/819/563
s 6
f 765/805/549 766/806/550 781/821/565 780/820/564
s 6
f 766/806/550 767/807/551 782/822/566 781/821/565
s 6
f 767/807/551 768/808/552 783/823/567 782/822/566
s 6
f 768/808/552 769/809/553 784/824/568 783/823/567
s 6
f 769/809/553 770/810/554 785/825/569 784/824/568
s 6
f 770/810/554 771/811/555 786/826/570 785/825/569
s 6
f 771/811/555 772/812/556 787/827/571 786/826/570
s 6
f 772/812/556 773/813/557 788/828/572 787/827/571
s 6
f 773/813/557 774/814/558 789/829/573 788/828/572
s 6
f 774/814/558 775/815/559 790/830/574 789/829/573
s 6
f 775/815/559 776/816/560 791/831/575 790/830/574
s 7
f 792/832/576 793/833/577 808/848/471 807/847/472
s 7
f 793/833/577 794/834/578 809/849/473 808/848/471
s 7
f 794/834/578 795/835/579 810/850/474 809/849/473
s 7
f 795/835/579 796/836/580 811/851/475 810/850/474
s 7
f 796/836/580 797/837/581 812/852/476 811/851/475
s 7
f 797/837/581 798/838/582 813/853/477 812/852/476
s 7
f 798/838/582 799/839/583 814/854/478 813/853/477
s 7
f 799/839/583 800/840/584 815/855/479 814/854/478
s 7
f 800/840/584 801/841/585 816/856/480 815/855/479
s 7
f 801/841/585 802/842/586 817/857/481 816/856/480
s 7
f 802/842/586 803/843/587 818/858/482 817/857/481
s 7
f 803/843/587 804/844/588 819/859/483 818/858/482
s 7
f 804/844/588 805/845/589 820/860/484 819/859/483
s 7
f 805/845/589 806/846/590 821/861/485 820/860/484
s 7
f 807/847/472 808/848/471 823/863/456 822/862/457
s 7
f 808/848/471 809/849/473 824/864/458 823/863/456
s 7
f 809/849/473 810/850/474 825/865/459 824/864/458
s 7
f 810/850/474 811/851/475 826/866/460 825/865/459
s 7
f 811/851/475 812/852/476 827/867/461 826/866/460
s 7
f 812/852/476 813/853/477 828/868/462 827/867/461
s 7
f 813/853/477 814/854/478 829/869/463 828/868/462
s 7
f 814/854/478 815/855/479 830/870/464 829/869/463
s 7
f 815/855/479 816/856/480 831/871/465 830/870/464
s 7
f 816/856/480 817/857/481 832/872/466 831/871/465
s 7
f 817/857/481 818/858/482 833/873/467 832/872/466
s 7
f 818/858/482 819/859/483 834/874/468 833/873/467
s 7
f 819/859/483 820/860/484 835/875/469 834/874/468
s 7
f 820/860/484 821/861/485 836/876/470 835/875/469
s 7
f 822/862/457 823/863/456 838/878/159 837/877/159
s 7
f 823/863/456 824/864/458 839/879/159 838/878/159
s 7
f 824/864/458 825/865/459 840/880/159 839/879/159
s 7
f 825/865/459 826/866/460 841/881/159 840/880/159
s 7
f 826/866/460 827/867/461 842/882/159 841/881/159
s 7
f 827/867/461 828/868/462 843/883/159 842/882/159
s 7
f 828/868/462 829/869/463 844/884/159 843/883/159
s 7
f 829/869/463 830/870/464 845/885/159 844/884/159
s 7
f 830/870/464 831/871/465 846/886/159 845/885/159
s 7
f 831/871/465 832/872/466 847/887/159 846/886/159
s 7
f 832/872/466 833/873/467 848/888/159 847/887/159
s 7
f 833/873/467 834/874/468 849/889/159 848/888/159
s 7
f 834/874/468 835/875/469 850/890/159 849/889/159
s 7
f 835/875/469 836/876/470 851/891/159 850/890/159
s 7
f 837/877/159 838/878/159 853/893/441 852/892/442
s 7
f 838/878/159 839/879/159 854/894/443 853/893/441
s 7
f 839/879/159 840/880/159 855/895/444 854/894/443
s 7
f 840/880/159 841/881/159 856/896/445 855/895/444
s 7
f 841/881/159 842/882/159 857/897/446 856/896/445
s 7
f 842/882/159 843/883/159 858/898/447 857/897/446
s 7
f 843/883/159 844/884/159 859/899/448 858/898/447
s 7
f 844/884/159 845/885/159 860/900/449 859/899/448
s 7
f 845/885/159 846/886/159 861/901/450 860/900/449
s 7
f 846/886/159 847/887/159 862/902/451 861/901/450
s 7
f 847/887/159 848/888/159 863/903/452 862/902/451
s 7
f 848/888/159 849/889/159 864/904/453 863/903/452
s 7
f 849/889/159 850/890/159 865/905/454 864/904/453
s 7
f 850/890/159 851/891/159 866/906/455 865/905/454
s 7
f 852/892/442 853/893/441 868/908/413 867/907/414
s 7
f 853/893/441 854/894/443 869/909/416 868/908/413
s 7
f 854/894/443 855/895/444 870/910/418 869/909/416
s 7
f 855/895/444 856/896/445 871/911/420 870/910/418
s 7
f 856/896/445 857/897/446 872/912/422 871/911/420
s 7
f 857/897/446 858/898/447 873/913/424 872/912/422
s 7
f 858/898/447 859/899/448 874/914/426 873/913/424
s 7
f 859/899/448 860/900/449 875/915/428 874/914/426
s 7
f 860/900/449 861/901/450 876/916/430 875/915/428
s 7
f 861/901/450 862/902/451 877/917/432 876/916/430
s 7
f 862/902/451 863/903/452 878/918/434 877/917/432
s 7
f 863/903/452 864/904/453 879/919/436 878/918/434
s 7
f 864/904/453 865/905/454 880/920/438 879/919/436
s 7
f 865/905/454 866/906/455 881/921/440 880/920/438
s 7
f 867/907/414 868/908/413 883/923/591 882/922/592
s 7
f 868/908/413 869/909/416 884/924/593 883/923/591
s 7
f 869/909/416 870/910/418 885/925/594 884/924/593
s 7
f 870/910/418 871/911/420 886/926/595 885/925/594
s 7
f 871/911/420 872/912/422 887/927/596 886/926/595
s 7
f 872/912/422 873/913/424 888/928/597 887/927/596
s 7
f 873/913/424 874/914/426 889/929/598 888/928/597
s 7
f 874/914/426 875/915/428 890/930/599 889/929/598
s 7
f 875/915/428 876/916/430 891/931/600 890/930/599
s 7
f 876/916/430 877/917/432 892/932/601 891/931/600
s 7
f 877/917/432 878/918/434 893/933/602 892/932/601
s 7
f 878/918/434 879/919/436 894/934/603 893/933/602
s 7
f 879/919/436 880/920/438 895/935/604 894/934/603
s 7
f 880/920/438 881/921/440 896/936/605 895/935/604
s 7
f 882/922/592 883/923/591 898/938/546 897/937/547
s 7
f 883/923/591 884/924/593 899/939/548 898/938/546
s 7
f 884/924/593 885/925/594 900/940/549 899/939/548
s 7
f 885/925/594 886/926/595 901/941/550 900/940/549
s 7
f 886/926/595 887/927/596 902/942/551 901/941/550
s 7
f 887/927/596 888/928/597 903/943/552 902/942/551
s 7
f 888/928/597 889/929/598 904/944/553 903/943/552
s 7
f 889/929/598 890/930/599 905/945/554 904/944/553
s 7
f 890/930/599 891/931/600 906/946/555 905/945/554
s 7
f 891/931/600 892/932/601 907/947/556 906/946/555
s 7
f 892/932/601 893/933/602 908/948/557 907/947/556
s 7
f 893/933/602 894/934/603 909/949/558 908/948/557
s 7
f 894/934/603 895/935/604 910/950/559 909/949/558
s 7
f 895/935/604 896/936/605 911/951/560 910/950/559
s 7
f 897/937/547 898/938/546 913/953/531 912/952/532
s 7
f 898/938/546 899/939/548 914/954/533 913/953/531
s 7
f 899/939/548 900/940/549 915/955/534 914/954/533
s 7
f 900/940/549 901/941/550 916/956/535 915/955/534
s 7
f 901/941/550 902/942/551 917/957/536 916/956/535
s 7
f 902/942/551 903/943/552 918/958/537 917/957/536
s 7
f 903/943/552 904/944/553 919/959/538 918/958/537
s 7
f 904/944/553 905/945/554 920/960/539 919/959/538
s 7
f 905/945/554 906/946/555 921/961/540 920/960/539
s 7
f 906/946/555 907/947/556 922/962/541 921/961/540
s 7
f 907/947/556 908/948/557 923/963/542 922/962/541
s 7
f 908/948/557 909/949/558 924/964/543 923/963/542
s 7
f 909/949/558 910/950/559 925/965/544 924/964/543
s 7
f 910/950/559 911/951/560 926/966/545 925/965/544
s 7
f 912/952/532 913/953/531 928/968/151 927/967/151
s 7
f 913/953/531 914/954/533 929/969/151 928/968/151
s 7
f 914/954/533 915/955/534 930/970/151 929/969/151
s 7
f 915/955/534 916/956/535 931/971/151 930/970/151
s 7
f 916/956/535 917/957/536 932/972/151 931/971/151
s 7
f 917/957/536 918/958/537 933/973/151 932/972/151
s 7
f 918/958/537 919/959/538 934/974/151 933/973/151
s 7
f 919/959/538 920/960/539 935/975/151 934/974/151
s 7
f 920/960/539 921/961/540 936/976/151 935/975/151
s 7
f 921/961/540 922/962/541 937/977/151 936/976/151
s 7
f 922/962/541 923/963/542 938/978/151 937/977/151
s 7
f 923/963/542 924/964/543 939/979/151 938/978/151
s 7
f 924/964/543 925/965/544 940/980/151 939/979/151
s 7
f 925/965/544 926/966/545 941/981/151 940/980/151
s 7
f 927/967/151 928/968/151 943/983/516 942/982/517
s 7
f 928/968/151 929/969/151 944/984/518 943/983/516
s 7
f 929/969/151 930/970/151 945/985/519 944/984/518
s 7
f 930/970/151 931/971/151 946/986/520 945/985/519
s 7
f 931/971/151 932/972/151 947/987/521 946/986/520
s 7
f 932/972/151 933/973/151 948/988/522 947/987/521
s 7
f 933/973/151 934/974/151 949/989/523 948/988/522
s 7
f 934/974/151 935/975/151 950/990/524 949/989/523
s 7
f 935/975/151 936/976/151 951/991/525 950/990/524
s 7
f 936/976/151 937/977/151 952/992/526 951/991/525
s 7
f 937/977/151 938/978/151 953/993/527 952/992/526
s 7
f 938/978/151 939/979/151 954/994/528 953/993/527
s 7
f 939/979/151 940/980/151 955/995/529 954/994/528
s 7
f 940/980/151 941/981/151 956/996/530 955/995/529
s 7
f 942/982/517 943/983/516 958/998/501 957/997/502
s 7
f 943/983/516 944/984/518 959/999/503 958/998/501
s 7
f 944/984/518 945/985/519 960/1000/504 959/999/503
s 7
f 945/985/519 946/986/520 961/1001/505 960/1000/504
s 7
f 946/986/520 947/987/521 962/1002/506 961/1001/505
s 7
f 947/987/521 948/988/522 963/1003/507 962/1002/506
s 7
f 948/988/522 949/989/523 964/1004/508 963/1003/507
s 7
f 949/989/523 950/990/524 965/1005/509 964/1004/508
s 7
f 950/990/524 951/991/525 966/1006/510 965/1005/509
s 7
f 951/991/525 952/992/526 967/1007/511 966/1006/510
s 7
f 952/992/526 953/993/527 968/1008/512 967/1007/511
s 7
f 953/993/527 954/994/528 969/1009/513 968/1008/512
s 7
f 954/994/528 955/995/529 970/1010/514 969/1009/513
s 7
f 955/995/529 956/996/530 971/1011/515 970/1010/514
s 7
f 957/997/502 958/998/501 973/1013/606 972/1012/607
s 7
f 958/998/501 959/999/503 974/1014/608 973/1013/606
s 7
f 959/999/503 960/1000/504 975/1015/609 974/1014/608
s 7
f 960/1000/504 961/1001/505 976/1016/610 975/1015/609
s 7
f 961/1001/505 962/1002/506 977/1017/611 976/1016/610
s 7
f 962/1002/506 963/1003/507 978/1018/612 977/1017/611
s 7
f 963/1003/507 964/1004/508 979/1019/613 978/1018/612
s 7
f 964/1004/508 965/1005/509 980/1020/614 979/1019/613
s 7
f 965/1005/509 966/1006/510 981/1021/615 980/1020/614
s 7
f 966/1006/510 967/1007/511 982/1022/616 981/1021/615
s 7
f 967/1007/511 968/1008/512 983/1023/617 982/1022/616
s 7
f 968/1008/512 969/1009/513 984/1024/618 983/1023/617
s 7
f 969/1009/513 970/1010/514 985/1025/619 984/1024/618
s 7
f 970/1010/514 971/1011/515 986/1026/620 985/1025/619
usemtl crystal
s 8
f 987/1027/621 988/1028/622 994/1034/623 993/1033/624
s 8
f 988/1028/622 989/1029/625 995/1035/626 994/1034/623
s 8
f 989/1029/625 990/1030/627 996/1036/628 995/1035/626
s 8
f 990/1030/627 991/1031/629 997/1037/630 996/1036/628
s 8
f 991/1031/629 992/1032/631 998/1038/632 997/1037/630
s 8
f 992/1032/631 987/1027/621 993/1033/624 998/1038/632
s 8
f 993/1033/624 994/1034/623 1000/1040/633 999/1039/634
s 8
f 994/1034/623 995/1035/626 1001/1041/635 1000/1040/633
s 8
f 995/1035/626 996/1036/628 1002/1042/636 1001/1041/635
s 8
f 996/1036/628 997/1037/630 1003/1043/637 1002/1042/636
s 8
f 997/1037/630 998/1038/632 1004/1044/638 1003/1043/637
s 8
f 998/1038/632 993/1033/624 999/1039/634 1004/1044/638
s 8
f 999/1039/634 1000/1040/633 1006/1046/639 1005/1045/640
s 8
f 1000/1040/633 1001/1041/635 1007/1047/641 1006/1046/639
s 8
f 1001/1041/635 1002/1042/636 1008/1048/642 1007/1047/641
s 8
f 1002/1042/636 1003/1043/637 1009/1049/643 1008/1048/642
s 8
f 1003/1043/637 1004/1044/638 1010/1050/644 1009/1049/643
s 8
f 1004/1044/638 999/1039/634 1005/1045/640 1010/1050/644
s 8
f 1005/1045/640 1006/1046/639 1012/1052/645 1011/1051/646
s 8
f 1006/1046/639 1007/1047/641 1013/1053/647 1012/1052/645
s 8
f 1007/1047/641 1008/1048/642 1014/1054/648 1013/1053/647
s 8
f 1008/1048/642 1009/1049/643 1015/1055/649 1014/1054/648
s 8
f 1009/1049/643 1010/1050/644 1016/1056/650 1015/1055/649
s 8
f 1010/1050/644 1005/1045/640 1011/1051/646 1016/1056/650
s 8
f 1011/1051/646 1012/1052/645 1018/1058/651 1017/1057/652
s 8
f 1012/1052/645 1013/1053/647 1019/1059/653 1018/1058/651
s 8
f 1013/1053/647 1014/1054/648 1020/1060/654 1019/1059/653
s 8
f 1014/1054/648 1015/1055/649 1021/1061/655 1020/1060/654
s 8
f 1015/1055/649 1016/1056/650 1022/1062/656 1021/1061/655
s 8
f 1016/1056/650 1011/1051/646 1017/1057/652 1022/1062/656
s 8
f 1017/1057/652 1018/1058/651 1023/1063/159
s 8
f 1018/1058/651 1019/1059/653 1023/1064/159
s 8
f 1019/1059/653 1020/1060/654 1023/1065/159
s 8
f 1020/1060/654 1021/1061/655 1023/1066/159
s 8
f 1021/1061/655 1022/1062/656 1023/1067/159
s 8
f 1022/1062/656 1017/1057/652 1023/1068/159
s off
f 1024/1069/159 987/1027/159 988/1028/159
s off
f 1024/1069/159 988/1028/159 989/1029/159
s off
f 1024/1069/159 989/1029/159 990/1030/159
s off
f 1024/1069/159 990/1030/159 991/1031/159
s off
f 1024/1069/159 991/1031/159 992/1032/159
s off
f 1024/1069/159 992/1032/159 987/1027/159
s 9
f 1025/1070/621 1026/1071/622 1032/1077/623 1031/1076/624
s 9
f 1026/1071/622 1027/1072/625 1033/1078/626 1032/1077/623
s 9
f 1027/1072/625 1028/1073/627 1034/1079/628 1033/1078/626
s 9
f 1028/1073/627 1029/1074/629 1035/1080/630 1034/1079/628
s 9
f 1029/1074/629 1030/1075/631 1036/1081/632 1035/1080/630
s 9
f 1030/1075/631 1025/1070/621 1031/1076/624 1036/1081/632
s 9
f 1031/1076/624 1032/1077/623 1038/1083/633 1037/1082/634
s 9
f 1032/1077/623 1033/1078/626 1039/1084/635 1038/1083/633
s 9
f 1033/1078/626 1034/1079/628 1040/1085/636 1039/1084/635
s 9
f 1034/1079/628 1035/1080/630 1041/1086/637 1040/1085/636
s 9
f 1035/1080/630 1036/1081/632 1042/1087/638 1041/1086/637
s 9
f 1036/1081/632 1031/1076/624 1037/1082/634 1042/1087/638
s 9
f 1037/1082/634 1038/1083/633 1044/1089/639 1043/1088/640
s 9
f 1038/1083/633 1039/1084/635 1045/1090/641 1044/1089/639
s 9
f 1039/1084/635 1040/1085/636 1046/1091/642 1045/1090/641
s 9
f 1040/1085/636 1041/1086/637 1047/1092/643 1046/1091/642
s 9
f 1041/1086/637 1042/1087/638 1048/1093/644 1047/1092/643
s 9
f 1042/1087/638 1037/1082/634 1043/1088/640 1048/1093/644
s 9
f 1043/1088/640 1044/1089/639 1050/1095/645 1049/1094/646
s 9
f 1044/1089/639 1045/1090/641 1051/1096/647 1050/1095/645
s 9
f 1045/1090/641 1046/1091/642 1052/1097/648 1051/1096/647
s 9
f 1046/1091/642 1047/1092/643 1053/1098/649 1052/1097/648
s 9
f 1047/1092/643 1048/1093/644 1054/1099/650 1053/1098/649
s 9
f 1048/1093/644 1043/1088/640 1049/1094/646 1054/1099/650
s 9
f 1049/1094/646 1050/1095/645 1056/1101/651 1055/1100/652
s 9
f 1050/1095/645 1051/1096/647 1057/1102/653 1056/1101/651
s 9
f 1051/1096/647 1052/1097/648 1058/1103/654 1057/1102/653
s 9
f 1052/1097/648 1053/1098/649 1059/1104/655 1058/1103/654
s 9
f 1053/1098/649 1054/1099/650 1060/1105/656 1059/1104/655
s 9
f 1054/1099/650 1049/1094/646 1055/1100/652 1060/1105/656
s 9
f 1055/1100/652 1056/1101/651 1061/1106/159
s 9
f 1056/1101/651 1057/1102/653 1061/1107/159
s 9
f 1057/1102/653 1058/1103/654 1061/1108/159
s 9
f 1058/1103/654 1059/1104/655 1061/1109/159
s 9
f 1059/1104/655 1060/1105/656 1061/1110/159
s 9
f 1060/1105/656 1055/1100/652 1061/1111/159
s off
f 1062/1112/159 1025/1070/159 1026/1071/159
s off
f 1062/1112/159 1026/1071/159 1027/1072/159
s off
f 1062/1112/159 1027/1072/159 1028/1073/159
s off
f 1062/1112/159 1028/1073/159 1029/1074/159
s off
f 1062/1112/159 1029/1074/159 1030/1075/159
s off
f 1062/1112/159 1030/1075/159 1025/1070/159
s 10
f 1063/1113/621 1064/1114/622 1070/1120/623 1069/1119/624
s 10
f 1064/1114/622 1065/1115/625 1071/1121/626 1070/1120/623
s 10
f 1065/1115/625 1066/1116/627 1072/1122/628 1071/1121/626
s 10
f 1066/1116/627 1067/1117/629 1073/1123/630 1072/1122/628
s 10
f 1067/1117/629 1068/1118/631 1074/1124/632 1073/1123/630
s 10
f 1068/1118/631 1063/1113/621 1069/1119/624 1074/1124/632
s 10
f 1069/1119/624 1070/1120/623 1076/1126/633 1075/1125/634
s 10
f 1070/1120/623 1071/1121/626 1077/1127/635 1076/1126/633
s 10
f 1071/1121/626 1072/1122/628 1078/1128/636 1077/1127/635
s 10
f 1072/1122/628 1073/1123/630 1079/1129/637 1078/1128/636
s 10
f 1073/1123/630 1074/1124/632 1080/1130/638 1079/1129/637
s 10
f 1074/1124/632 1069/1119/624 1075/1125/634 1080/1130/638
s 10
f 1075/1125/634 1076/1126/633 1082/1132/639 1081/1131/640
s 10
f 1076/1126/633 1077/1127/635 1083/1133/641 1082/1132/639
s 10
f 1077/1127/635 1078/1128/636 1084/1134/642 1083/1133/641
s 10
f 1078/1128/636 1079/1129/637 1085/1135/643 1084/1134/642
s 10
f 1079/1129/637 1080/1130/638 1086/1136/644 1085/1135/643
s 10
f 1080/1130/638 1075/1125/634 1081/1131/640 1086/1136/644
s 10
f 1081/1131/640 1082/1132/639 1088/1138/645 1087/1137/646
s 10
f 1082/1132/639 1083/1133/641 1089/1139/647 1088/1138/645
s 10
f 1083/1133/641 1084/1134/642 1090/1140/648 1089/1139/647
s 10
f 1084/1134/642 1085/1135/643 1091/1141/649 1090/1140/648
s 10
f 1085/1135/643 1086/1136/644 1092/1142/650 1091/1141/649
s 10
f 1086/1136/644 1081/1131/640 1087/1137/646 1092/1142/650
s 10
f 1087/1137/646 1088/1138/645 1094/1144/651 1093/1143/652
s 10
f 1088/1138/645 1089/1139/647 1095/1145/653 1094/1144/651
s 10
f 1089/1139/647 1090/1140/648 1096/1146/654 1095/1145/653
s 10
f 1090/1140/648 1091/1141/649 1097/1147/655 1096/1146/654
s 10
f 1091/1141/649 1092/1142/650 1098/1148/656 1097/1147/655
s 10
f 1092/1142/650 1087/1137/646 1093/1143/652 1098/1148/656
s 10
f 1093/1143/652 1094/1144/651 1099/1149/159
s 10
f 1094/1144/651 1095/1145/653 1099/1150/159
s 10
f 1095/1145/653 1096/1146/654 1099/1151/159
s 10
f 1096/1146/654 1097/1147/655 1099/1152/159
s 10
f 1097/1147/655 1098/1148/656 1099/1153/159
s 10
f 1098/1148/656 1093/1143/652 1099/1154/159
s off
f 1100/1155/159 1063/1113/159 1064/1114/159
s off
f 1100/1155/159 1064/1114/159 1065/1115/159
s off
f 1100/1155/159 1065/1115/159 1066/1116/159
s off
f 1100/1155/159 1066/1116/159 1067/1117/159
s off
f 1100/1155/159 1067/1117/159 1068/1118/159
s off
f 1100/1155/159 1068/1118/159 1063/1113/159
s 11
f 1101/1156/621 1102/1157/622 1108/1163/623 1107/1162/624
s 11
f 1102/1157/622 1103/1158/625 1109/1164/626 1108/1163/623
s 11
f 1103/1158/625 1104/1159/627 1110/1165/628 1109/1164/626
s 11
f 1104/1159/627 1105/1160/629 1111/1166/630 1110/1165/628
s 11
f 1105/1160/629 1106/1161/631 1112/1167/632 1111/1166/630
s 11
f 1106/1161/631 1101/1156/621 1107/1162/624 1112/1167/632
s 11
f 1107/1162/624 1108/1163/623 1114/1169/633 1113/1168/634
s 11
f 1108/1163/623 1109/1164/626 1115/1170/635 1114/1169/633
s 11
f 1109/1164/626 1110/1165/628 1116/1171/636 1115/1170/635
s 11
f 1110/1165/628 1111/1166/630 1117/1172/637 1116/1171/636
s 11
f 1111/1166/630 1112/1167/632 1118/1173/638 1117/1172/637
s 11
f 1112/1167/632 1107/1162/624 1113/1168/634 1118/1173/638
s 11
f 1113/1168/634 1114/1169/633 1120/1175/639 1119/1174/640
s 11
f 1114/1169/633 1115/1170/635 1121/1176/641 1120/1175/639
s 11
f 1115/1170/635 1116/1171/636 1122/1177/642 1121/1176/641
s 11
f 1116/1171/636 1117/1172/637 1123/1178/643 1122/1177/642
s 11
f 1117/1172/637 1118/1173/638 1124/1179/644 1123/1178/643
s 11
f 1118/1173/638 1113/1168/634 1119/1174/640 1124/1179/644
s 11
f 1119/1174/640 1120/1175/639 1126/1181/645 1125/1180/646
s 11
f 1120/1175/639 1121/1176/641 1127/1182/647 1126/1181/645
s 11
f 1121/1176/641 1122/1177/642 1128/1183/648 1127/1182/647
s 11
f 1122/1177/642 1123/1178/643 1129/1184/649 1128/1183/648
s 11
f 1123/1178/643 1124/1179/644 1130/1185/650 1129/1184/649
s 11
f 1124/1179/644 1119/1174/640 1125/1180/646 1130/1185/650
s 11
f 1125/1180/646 1126/1181/645 1132/1187/651 1131/1186/652
s 11
f 1126/1181/645 1127/1182/647 1133/1188/653 1132/1187/651
s 11
f 1127/1182/647 1128/1183/648 1134/1189/654 1133/1188/653
s 11
f 1128/1183/648 1129/1184/649 1135/1190/655 1134/1189/654
s 11
f 1129/1184/649 1130/1185/650 1136/1191/656 1135/1190/655
s 11
f 1130/1185/650 1125/1180/646 1131/1186/652 1136/1191/656
s 11
f 1131/1186/652 1132/1187/651 1137/1192/159
s 11
f 1132/1187/651 1133/1188/653 1137/1193/159
s 11
f 1133/1188/653 1134/1189/654 1137/1194/159
s 11
f 1134/1189/654 1135/1190/655 1137/1195/159
s 11
f 1135/1190/655 1136/1191/656 1137/1196/159
s 11
f 1136/1191/656 1131/1186/652 1137/1197/159
s off
f 1138/1198/159 1101/1156/159 1102/1157/159
s off
f 1138/1198/159 1102/1157/159 1103/1158/159
s off
f 1138/1198/159 1103/1158/159 1104/1159/159
s off
f 1138/1198/159 1104/1159/159 1105/1160/159
s off
f 1138/1198/159 1105/1160/159 1106/1161/159
s off
f 1138/1198/159 1106/1161/159 1101/1156/159
