# Blender 5.2.2 LTS
# www.blender.org
mtllib aya_walk_5.mtl
o gown_v.006
v -0.035000 1.256913 0.158736
v -0.035000 1.396913 0.158736
v -0.035000 1.256913 0.143736
v -0.035000 1.396913 0.143736
v 0.035000 1.256913 0.158736
v 0.035000 1.396913 0.158736
v 0.035000 1.256913 0.143736
v 0.035000 1.396913 0.143736
vn -1.0000 -0.0000 -0.0000
vn -0.0000 -0.0000 -1.0000
vn 1.0000 -0.0000 -0.0000
vn -0.0000 -0.0000 1.0000
vn -0.0000 -1.0000 -0.0000
vn -0.0000 1.0000 -0.0000
vt 0.625000 0.000000
vt 0.375000 0.250000
vt 0.375000 0.000000
vt 0.625000 0.250000
vt 0.375000 0.500000
vt 0.625000 0.500000
vt 0.375000 0.750000
vt 0.625000 0.750000
vt 0.375000 1.000000
vt 0.125000 0.750000
vt 0.125000 0.500000
vt 0.875000 0.500000
vt 0.625000 1.000000
vt 0.875000 0.750000
s 0
usemtl Aya_gown
f 2/1/1 3/2/1 1/3/1
f 4/4/2 7/5/2 3/2/2
f 8/6/3 5/7/3 7/5/3
f 6/8/4 1/9/4 5/7/4
f 7/5/5 1/10/5 3/11/5
f 4/12/6 6/8/6 8/6/6
f 2/1/1 4/4/1 3/2/1
f 4/4/2 8/6/2 7/5/2
f 8/6/3 6/8/3 5/7/3
f 6/8/4 2/13/4 1/9/4
f 7/5/5 5/7/5 1/10/5
f 4/12/6 2/14/6 6/8/6
o strapR.006
v 0.024000 0.055000 0.057778
v 0.024000 0.085000 0.057778
v 0.024000 0.055000 0.007778
v 0.024000 0.085000 0.007778
v 0.096000 0.055000 0.057778
v 0.096000 0.085000 0.057778
v 0.096000 0.055000 0.007778
v 0.096000 0.085000 0.007778
vn -1.0000 -0.0000 -0.0000
vn -0.0000 -0.0000 -1.0000
vn 1.0000 -0.0000 -0.0000
vn -0.0000 -0.0000 1.0000
vn -0.0000 -1.0000 -0.0000
vn -0.0000 1.0000 -0.0000
vt 0.625000 0.000000
vt 0.375000 0.250000
vt 0.375000 0.000000
vt 0.625000 0.250000
vt 0.375000 0.500000
vt 0.625000 0.500000
vt 0.375000 0.750000
vt 0.625000 0.750000
vt 0.375000 1.000000
vt 0.125000 0.750000
vt 0.125000 0.500000
vt 0.875000 0.500000
vt 0.625000 1.000000
vt 0.875000 0.750000
s 0
usemtl Aya_heels
f 10/15/7 11/16/7 9/17/7
f 12/18/8 15/19/8 11/16/8
f 16/20/9 13/21/9 15/19/9
f 14/22/10 9/23/10 13/21/10
f 15/19/11 9/24/11 11/25/11
f 12/26/12 14/22/12 16/20/12
f 10/15/7 12/18/7 11/16/7
f 12/18/8 16/20/8 15/19/8
f 16/20/9 14/22/9 13/21/9
f 14/22/10 10/27/10 9/23/10
f 15/19/11 13/21/11 9/24/11
f 12/26/12 10/28/12 14/22/12
o hair_cap.006
v 0.000000 1.765453 0.067112
v 0.000000 1.683818 -0.033305
v 0.000000 1.637089 -0.033305
v 0.000000 1.555453 0.067112
v 0.024738 1.755055 0.030957
v 0.044576 1.725920 0.001963
v 0.055586 1.683818 -0.014127
v 0.055586 1.637089 -0.014127
v 0.044576 1.594987 0.001963
v 0.024738 1.565851 0.030957
v 0.040027 1.755055 0.053302
v 0.072126 1.725920 0.042227
v 0.089940 1.683818 0.036081
v 0.089940 1.637089 0.036081
v 0.072126 1.594987 0.042227
v 0.040027 1.565851 0.053302
v 0.040027 1.755055 0.080922
v 0.072126 1.725920 0.091997
v 0.089940 1.683818 0.098143
v 0.089940 1.637089 0.098143
v 0.072126 1.594987 0.091997
v 0.040027 1.565851 0.080922
v 0.024738 1.755055 0.103267
v 0.044576 1.725920 0.132261
v 0.055586 1.683818 0.148352
v 0.055586 1.637089 0.148352
v 0.044576 1.594987 0.132261
v 0.024738 1.565851 0.103267
v 0.000000 1.755055 0.111802
v 0.000000 1.725920 0.147641
v 0.000000 1.683818 0.167530
v 0.000000 1.637089 0.167530
v 0.000000 1.594987 0.147641
v 0.000000 1.565851 0.111802
v -0.024738 1.755055 0.103267
v -0.044576 1.725920 0.132261
v -0.055586 1.683818 0.148352
v -0.055586 1.637089 0.148352
v -0.044576 1.594987 0.132261
v -0.024738 1.565851 0.103267
v -0.040027 1.755055 0.080922
v -0.072126 1.725920 0.091997
v -0.089940 1.683818 0.098143
v -0.089940 1.637089 0.098143
v -0.072126 1.594987 0.091997
v -0.040027 1.565851 0.080922
v -0.040027 1.755055 0.053302
v -0.072126 1.725920 0.042227
v -0.089940 1.683818 0.036081
v -0.089940 1.637089 0.036081
v -0.072126 1.594987 0.042227
v -0.040027 1.565851 0.053302
v -0.024738 1.755055 0.030957
v -0.044576 1.725920 0.001963
v -0.055586 1.683818 -0.014127
v -0.055586 1.637089 -0.014127
v -0.044576 1.594987 0.001963
v -0.024738 1.565851 0.030957
v -0.000000 1.755055 0.022422
v -0.000000 1.725920 -0.013417
v -0.000000 1.594987 -0.013417
v -0.000000 1.565851 0.022422
vn 0.2127 0.7582 -0.6164
vn 0.0780 -0.9710 -0.2259
vn 0.2978 -0.4078 -0.8632
vn 0.2978 0.4078 -0.8632
vn 0.0780 0.9710 -0.2259
vn 0.2127 -0.7582 -0.6164
vn 0.3262 -0.0000 -0.9453
vn 0.5486 -0.7471 -0.3754
vn 0.8253 -0.0000 -0.5647
vn 0.5486 0.7471 -0.3754
vn 0.2037 -0.9691 -0.1394
vn 0.7577 -0.3963 -0.5185
vn 0.7577 0.3963 -0.5185
vn 0.2037 0.9691 -0.1394
vn 0.6721 0.7405 -0.0000
vn 0.2514 -0.9679 -0.0000
vn 0.9210 -0.3897 -0.0000
vn 0.9210 0.3897 -0.0000
vn 0.2514 0.9679 -0.0000
vn 0.6721 -0.7405 -0.0000
vn 1.0000 -0.0000 -0.0000
vn 0.2037 -0.9691 0.1394
vn 0.7577 -0.3963 0.5185
vn 0.7577 0.3963 0.5185
vn 0.2037 0.9691 0.1394
vn 0.5486 -0.7471 0.3754
vn 0.8253 -0.0000 0.5647
vn 0.5486 0.7471 0.3754
vn 0.2978 -0.4078 0.8632
vn 0.2978 0.4078 0.8632
vn 0.0780 0.9710 0.2259
vn 0.2127 -0.7582 0.6164
vn 0.3262 -0.0000 0.9453
vn 0.2127 0.7582 0.6164
vn 0.0780 -0.9710 0.2259
vn -0.0780 0.9710 0.2259
vn -0.2127 -0.7582 0.6164
vn -0.3262 -0.0000 0.9453
vn -0.2127 0.7582 0.6164
vn -0.0780 -0.9710 0.2259
vn -0.2978 -0.4078 0.8632
vn -0.2978 0.4078 0.8632
vn -0.5486 -0.7471 0.3754
vn -0.8253 -0.0000 0.5647
vn -0.5486 0.7471 0.3754
vn -0.2037 -0.9691 0.1394
vn -0.7577 -0.3963 0.5185
vn -0.7577 0.3963 0.5185
vn -0.2037 0.9691 0.1394
vn -1.0000 -0.0000 -0.0000
vn -0.6721 0.7405 -0.0000
vn -0.2514 -0.9679 -0.0000
vn -0.9210 -0.3897 -0.0000
vn -0.9210 0.3897 -0.0000
vn -0.2514 0.9679 -0.0000
vn -0.6721 -0.7405 -0.0000
vn -0.2037 -0.9691 -0.1394
vn -0.7577 -0.3963 -0.5185
vn -0.7577 0.3963 -0.5185
vn -0.2037 0.9691 -0.1394
vn -0.5486 -0.7471 -0.3754
vn -0.8253 -0.0000 -0.5647
vn -0.5486 0.7471 -0.3754
vn -0.0780 -0.9710 -0.2259
vn -0.2978 -0.4078 -0.8632
vn -0.2978 0.4078 -0.8632
vn -0.0780 0.9710 -0.2259
vn -0.2127 -0.7582 -0.6164
vn -0.3262 -0.0000 -0.9453
vn -0.2127 0.7582 -0.6164
vt 0.700000 0.857143
vt 0.600000 0.714286
vt 0.700000 0.714286
vt 0.650000 0.000000
vt 0.700000 0.142857
vt 0.600000 0.142857
vt 0.700000 0.285714
vt 0.600000 0.428571
vt 0.600000 0.285714
vt 0.600000 0.571429
vt 0.700000 0.571429
vt 0.650000 1.000000
vt 0.600000 0.857143
vt 0.700000 0.428571
vt 0.500000 0.285714
vt 0.500000 0.142857
vt 0.500000 0.428571
vt 0.500000 0.714286
vt 0.550000 0.000000
vt 0.500000 0.571429
vt 0.550000 1.000000
vt 0.500000 0.857143
vt 0.400000 0.714286
vt 0.450000 0.000000
vt 0.400000 0.142857
vt 0.400000 0.285714
vt 0.400000 0.571429
vt 0.450000 1.000000
vt 0.400000 0.857143
vt 0.400000 0.428571
vt 0.350000 0.000000
vt 0.300000 0.142857
vt 0.300000 0.285714
vt 0.300000 0.714286
vt 0.300000 0.571429
vt 0.350000 1.000000
vt 0.300000 0.857143
vt 0.300000 0.428571
vt 0.200000 0.285714
vt 0.200000 0.714286
vt 0.200000 0.571429
vt 0.250000 1.000000
vt 0.200000 0.857143
vt 0.200000 0.142857
vt 0.200000 0.428571
vt 0.250000 0.000000
vt 0.150000 1.000000
vt 0.100000 0.857143
vt 0.100000 0.285714
vt 0.100000 0.142857
vt 0.100000 0.428571
vt 0.100000 0.714286
vt 0.150000 0.000000
vt 0.100000 0.571429
vt 0.000000 0.285714
vt 0.000000 0.142857
vt 0.000000 0.428571
vt 0.000000 0.714286
vt 0.050000 0.000000
vt 0.000000 0.571429
vt 0.050000 1.000000
vt 0.000000 0.857143
vt 1.000000 0.571429
vt 0.900000 0.428571
vt 1.000000 0.428571
vt 1.000000 0.857143
vt 0.900000 0.714286
vt 1.000000 0.714286
vt 0.950000 0.000000
vt 1.000000 0.142857
vt 0.900000 0.142857
vt 1.000000 0.285714
vt 0.900000 0.285714
vt 0.900000 0.571429
vt 0.950000 1.000000
vt 0.900000 0.857143
vt 0.850000 0.000000
vt 0.800000 0.142857
vt 0.800000 0.285714
vt 0.800000 0.714286
vt 0.800000 0.571429
vt 0.850000 1.000000
vt 0.800000 0.857143
vt 0.800000 0.428571
vt 0.750000 0.000000
vt 0.750000 1.000000
s 0
usemtl Aya_blonde
f 75/29/13 22/30/13 76/31/13
f 20/32/14 78/33/14 26/34/14
f 77/35/15 24/36/15 25/37/15
f 76/31/16 23/38/16 18/39/16
f 75/29/17 17/40/17 21/41/17
f 78/33/18 25/37/18 26/34/18
f 18/39/19 24/36/19 19/42/19
f 26/34/20 31/43/20 32/44/20
f 23/38/21 30/45/21 24/36/21
f 21/41/22 28/46/22 22/30/22
f 20/47/23 26/34/23 32/44/23
f 25/37/24 30/45/24 31/43/24
f 22/30/25 29/48/25 23/38/25
f 21/41/26 17/49/26 27/50/26
f 27/50/27 34/51/27 28/46/27
f 20/52/28 32/44/28 38/53/28
f 30/45/29 37/54/29 31/43/29
f 28/46/30 35/55/30 29/48/30
f 27/50/31 17/56/31 33/57/31
f 31/43/32 38/53/32 32/44/32
f 29/48/33 36/58/33 30/45/33
f 20/59/34 38/53/34 44/60/34
f 36/58/35 43/61/35 37/54/35
f 35/55/36 40/62/36 41/63/36
f 33/57/37 17/64/37 39/65/37
f 37/54/38 44/60/38 38/53/38
f 35/55/39 42/66/39 36/58/39
f 34/51/40 39/65/40 40/62/40
f 42/66/41 49/67/41 43/61/41
f 41/63/42 46/68/42 47/69/42
f 39/65/43 17/70/43 45/71/43
f 43/61/44 50/72/44 44/60/44
f 41/63/45 48/73/45 42/66/45
f 40/62/46 45/71/46 46/68/46
f 20/74/47 44/60/47 50/72/47
f 45/71/48 17/75/48 51/76/48
f 50/72/49 55/77/49 56/78/49
f 47/69/50 54/79/50 48/73/50
f 45/71/51 52/80/51 46/68/51
f 20/81/52 50/72/52 56/78/52
f 49/67/53 54/79/53 55/77/53
f 46/68/54 53/82/54 47/69/54
f 56/78/55 61/83/55 62/84/55
f 53/82/56 60/85/56 54/79/56
f 51/76/57 58/86/57 52/80/57
f 20/87/58 56/78/58 62/84/58
f 55/77/59 60/85/59 61/83/59
f 52/80/60 59/88/60 53/82/60
f 51/76/61 17/89/61 57/90/61
f 59/91/62 66/92/62 60/93/62
f 57/94/63 64/95/63 58/96/63
f 20/97/64 62/98/64 68/99/64
f 61/100/65 66/92/65 67/101/65
f 58/96/66 65/102/66 59/91/66
f 57/94/67 17/103/67 63/104/67
f 61/100/68 68/99/68 62/98/68
f 20/105/69 68/99/69 74/106/69
f 66/92/70 73/107/70 67/101/70
f 65/102/71 70/108/71 71/109/71
f 63/104/72 17/110/72 69/111/72
f 67/101/73 74/106/73 68/99/73
f 65/102/74 72/112/74 66/92/74
f 64/95/75 69/111/75 70/108/75
f 20/113/76 74/106/76 78/33/76
f 72/112/77 77/35/77 73/107/77
f 71/109/78 76/31/78 18/39/78
f 69/111/79 17/114/79 75/29/79
f 73/107/80 78/33/80 74/106/80
f 71/109/81 19/42/81 72/112/81
f 70/108/82 75/29/82 76/31/82
f 75/29/13 21/41/13 22/30/13
f 77/35/15 19/42/15 24/36/15
f 76/31/16 22/30/16 23/38/16
f 78/33/18 77/35/18 25/37/18
f 18/39/19 23/38/19 24/36/19
f 26/34/20 25/37/20 31/43/20
f 23/38/21 29/48/21 30/45/21
f 21/41/22 27/50/22 28/46/22
f 25/37/24 24/36/24 30/45/24
f 22/30/25 28/46/25 29/48/25
f 27/50/27 33/57/27 34/51/27
f 30/45/29 36/58/29 37/54/29
f 28/46/30 34/51/30 35/55/30
f 31/43/32 37/54/32 38/53/32
f 29/48/33 35/55/33 36/58/33
f 36/58/35 42/66/35 43/61/35
f 35/55/36 34/51/36 40/62/36
f 37/54/38 43/61/38 44/60/38
f 35/55/39 41/63/39 42/66/39
f 34/51/40 33/57/40 39/65/40
f 42/66/41 48/73/41 49/67/41
f 41/63/42 40/62/42 46/68/42
f 43/61/44 49/67/44 50/72/44
f 41/63/45 47/69/45 48/73/45
f 40/62/46 39/65/46 45/71/46
f 50/72/49 49/67/49 55/77/49
f 47/69/50 53/82/50 54/79/50
f 45/71/51 51/76/51 52/80/51
f 49/67/53 48/73/53 54/79/53
f 46/68/54 52/80/54 53/82/54
f 56/78/55 55/77/55 61/83/55
f 53/82/56 59/88/56 60/85/56
f 51/76/57 57/90/57 58/86/57
f 55/77/59 54/79/59 60/85/59
f 52/80/60 58/86/60 59/88/60
f 59/91/62 65/102/62 66/92/62
f 57/94/63 63/104/63 64/95/63
f 61/100/65 60/93/65 66/92/65
f 58/96/66 64/95/66 65/102/66
f 61/100/68 67/101/68 68/99/68
f 66/92/70 72/112/70 73/107/70
f 65/102/71 64/95/71 70/108/71
f 67/101/73 73/107/73 74/106/73
f 65/102/74 71/109/74 72/112/74
f 64/95/75 63/104/75 69/111/75
f 72/112/77 19/42/77 77/35/77
f 71/109/78 70/108/78 76/31/78
f 73/107/80 77/35/80 78/33/80
f 71/109/81 18/39/81 19/42/81
f 70/108/82 69/111/82 75/29/82
o pistol.006
v 0.180000 0.796415 0.226160
v 0.180000 0.816213 0.185749
v 0.180000 0.643751 0.151369
v 0.180000 0.663549 0.110958
v 0.210000 0.796415 0.226160
v 0.210000 0.816213 0.185749
v 0.210000 0.643751 0.151369
v 0.210000 0.663549 0.110958
vn -1.0000 -0.0000 -0.0000
vn -0.0000 -0.8980 -0.4399
vn 1.0000 -0.0000 -0.0000
vn -0.0000 0.8980 0.4399
vn -0.0000 -0.4399 0.8980
vn -0.0000 0.4399 -0.8980
vt 0.375000 0.000000
vt 0.625000 0.250000
vt 0.375000 0.250000
vt 0.375000 0.500000
vt 0.625000 0.500000
vt 0.375000 0.750000
vt 0.625000 0.750000
vt 0.375000 1.000000
vt 0.125000 0.750000
vt 0.125000 0.500000
vt 0.875000 0.500000
vt 0.625000 0.000000
vt 0.625000 1.000000
vt 0.875000 0.750000
s 0
usemtl Pistol_steel
f 79/115/83 82/116/83 81/117/83
f 82/116/84 85/118/84 81/117/84
f 86/119/85 83/120/85 85/118/85
f 84/121/86 79/122/86 83/120/86
f 85/118/87 79/123/87 81/124/87
f 82/125/88 84/121/88 86/119/88
f 79/115/83 80/126/83 82/116/83
f 82/116/84 86/119/84 85/118/84
f 86/119/85 84/121/85 83/120/85
f 84/121/86 80/127/86 79/122/86
f 85/118/87 83/120/87 79/123/87
f 82/125/88 80/128/88 84/121/88
o coat_sleeves.006
v -0.138173 1.342637 0.029135
v -0.139561 1.342637 0.074921
v -0.151871 1.383297 0.074548
v -0.150483 1.383297 0.028762
v -0.000024 1.368984 0.022796
v -0.000024 1.369184 0.088308
v -0.000024 1.427667 0.087959
v -0.000024 1.427468 0.022447
v 0.138137 1.342647 0.029135
v 0.139524 1.342648 0.074923
v 0.151835 1.383308 0.074550
v 0.150447 1.383308 0.028762
v -0.141338 1.331489 0.046363
v -0.180312 1.331489 0.032550
v -0.192847 1.343638 0.067919
v -0.153874 1.343638 0.081732
v -0.164574 1.073984 0.129265
v -0.209389 1.068536 0.116393
v -0.223099 1.092533 0.152114
v -0.178284 1.097980 0.164986
v -0.172868 0.911278 0.312442
v -0.207226 0.903384 0.305573
v -0.217132 0.927920 0.326924
v -0.182774 0.935814 0.333793
v 0.139415 1.333048 0.053657
v 0.174844 1.333048 0.074975
v 0.194771 1.340920 0.041860
v 0.159341 1.340920 0.020541
v 0.161866 1.071887 0.014916
v 0.201808 1.077485 0.038983
v 0.225807 1.073472 0.001146
v 0.185865 1.067874 -0.022920
v 0.170725 0.854502 0.112803
v 0.201035 0.862979 0.130107
v 0.219275 0.850356 0.104340
v 0.188965 0.841879 0.087036
v -0.076487 1.353416 0.022297
v -0.078067 1.353466 0.085537
v -0.091963 1.409365 0.085071
v -0.090383 1.409315 0.021831
v 0.076391 1.353444 0.022298
v 0.077970 1.353494 0.085542
v 0.091867 1.409395 0.085076
v 0.090287 1.409345 0.021832
v -0.139909 1.273018 0.060431
v -0.190281 1.273018 0.042579
v -0.206535 1.288771 0.088438
v -0.156163 1.288771 0.106291
v -0.148915 1.203297 0.082315
v -0.197066 1.203297 0.065249
v -0.212678 1.218428 0.109297
v -0.164527 1.218428 0.126363
v -0.157499 1.136724 0.103270
v -0.203623 1.135792 0.087386
v -0.218476 1.152035 0.128920
v -0.172352 1.152967 0.144804
v -0.165905 1.026357 0.174487
v -0.210836 1.016806 0.164823
v -0.224095 1.048098 0.194527
v -0.179164 1.057650 0.204191
v -0.165758 0.983447 0.223782
v -0.211035 0.973045 0.214730
v -0.224242 1.005760 0.243198
v -0.178965 1.016162 0.252250
v -0.165598 0.940664 0.273022
v -0.211195 0.930188 0.263906
v -0.224402 0.962902 0.292374
v -0.178805 0.973378 0.301490
v 0.137408 1.273514 0.045264
v 0.183199 1.273514 0.072818
v 0.209036 1.283721 0.029880
v 0.163245 1.283721 0.002326
v 0.146502 1.201585 0.032436
v 0.190274 1.201585 0.058774
v 0.215091 1.211389 0.017532
v 0.171319 1.211389 -0.008806
v 0.155085 1.133934 0.020267
v 0.196866 1.134871 0.045466
v 0.220889 1.142090 0.005801
v 0.179109 1.141153 -0.019398
v 0.163026 1.015609 0.035781
v 0.202714 1.025803 0.058700
v 0.226974 1.011083 0.023694
v 0.187287 1.000888 0.000775
v 0.162868 0.957866 0.064081
v 0.202811 0.969037 0.086883
v 0.227132 0.952206 0.052527
v 0.187189 0.941035 0.029725
v 0.162727 0.899247 0.092698
v 0.202952 0.910498 0.115662
v 0.227273 0.893666 0.081306
v 0.187048 0.882416 0.058342
v -0.148557 1.361640 0.023882
v -0.141911 1.336903 0.051936
v -0.150243 1.361640 0.079536
v -0.156889 1.386378 0.051482
v 0.148528 1.361649 0.023882
v 0.156861 1.386387 0.051483
v 0.150215 1.361649 0.079537
v 0.141882 1.336911 0.051937
v -0.142814 1.341804 0.064289
v -0.158975 1.334380 0.034236
v -0.190454 1.341804 0.047405
v -0.174294 1.349227 0.077458
v -0.174048 0.922060 0.326575
v -0.201038 0.932203 0.335401
v -0.215952 0.912433 0.318197
v -0.188962 0.902290 0.309371
v 0.144980 1.341351 0.035491
v 0.154459 1.336541 0.068755
v 0.188288 1.341351 0.061550
v 0.178810 1.346161 0.028286
v 0.176517 0.844042 0.099596
v 0.206119 0.841516 0.094441
v 0.213483 0.854380 0.120700
v 0.183881 0.856906 0.125855
v -0.113799 1.343644 0.023199
v -0.074672 1.342960 0.054004
v -0.115548 1.343651 0.082329
v -0.085311 1.381425 0.097161
v -0.131017 1.395995 0.081854
v -0.093779 1.419821 0.053364
v -0.129268 1.395989 0.022725
v -0.083139 1.381356 0.010207
v -0.037965 1.364113 0.022643
v -0.000024 1.358119 0.055617
v -0.038881 1.364256 0.087436
v -0.000024 1.398463 0.100417
v -0.046913 1.421847 0.087043
v -0.000024 1.438533 0.055137
v -0.045997 1.421704 0.022249
v -0.000024 1.398189 0.010338
v 0.037893 1.364132 0.022644
v 0.074575 1.342988 0.054007
v 0.038808 1.364276 0.087440
v 0.085215 1.381454 0.097167
v 0.046841 1.421868 0.087046
v 0.093683 1.419852 0.053366
v 0.045925 1.421725 0.022250
v 0.083043 1.381385 0.010207
v 0.113728 1.343665 0.023200
v 0.115477 1.343671 0.082332
v 0.130947 1.396018 0.081858
v 0.129197 1.396011 0.022726
v -0.136898 1.308258 0.050105
v -0.162048 1.270065 0.042906
v -0.186118 1.308258 0.032661
v -0.207853 1.280895 0.062161
v -0.201966 1.323618 0.077376
v -0.184396 1.291725 0.105963
v -0.152746 1.323618 0.094820
v -0.138591 1.280895 0.086708
v -0.144501 1.237468 0.071590
v -0.170064 1.200461 0.065523
v -0.193741 1.237468 0.054138
v -0.213900 1.210863 0.084074
v -0.209667 1.252903 0.099074
v -0.191529 1.221265 0.126089
v -0.160428 1.252903 0.116525
v -0.147693 1.210863 0.107539
v -0.153231 1.169870 0.092814
v -0.177776 1.133213 0.087540
v -0.200329 1.169754 0.076180
v -0.219697 1.143739 0.105175
v -0.215614 1.184800 0.119261
v -0.198199 1.155547 0.144649
v -0.168517 1.184916 0.135896
v -0.156277 1.145020 0.127015
v -0.161575 1.103987 0.114421
v -0.184411 1.066761 0.116131
v -0.206883 1.101093 0.099840
v -0.224647 1.079513 0.131840
v -0.221145 1.120643 0.138824
v -0.203262 1.099756 0.165248
v -0.175838 1.123536 0.153405
v -0.163026 1.087003 0.149539
v -0.165781 1.048674 0.150137
v -0.185885 1.015714 0.164085
v -0.210536 1.040830 0.139081
v -0.225890 1.030661 0.177863
v -0.223928 1.069077 0.171392
v -0.204115 1.058741 0.204929
v -0.179173 1.076921 0.182448
v -0.164110 1.043794 0.191151
v -0.165836 1.004818 0.199197
v -0.185920 0.972112 0.213918
v -0.210950 0.994550 0.190093
v -0.226128 0.987452 0.227266
v -0.224164 1.027087 0.218715
v -0.204080 1.017095 0.253061
v -0.179050 1.037355 0.227820
v -0.163872 1.001755 0.239713
v -0.165678 0.962072 0.248383
v -0.185920 0.929292 0.263126
v -0.211115 0.951633 0.239299
v -0.226348 0.944581 0.276431
v -0.224322 0.984348 0.267767
v -0.204080 0.974274 0.302270
v -0.178885 0.994787 0.276850
v -0.163652 0.958985 0.288965
v -0.166789 0.921061 0.296542
v -0.210569 0.911003 0.287789
v -0.223211 0.942317 0.315038
v -0.179431 0.952375 0.323790
v 0.134464 1.309735 0.051343
v 0.155459 1.271600 0.067092
v 0.179208 1.309735 0.078266
v 0.204704 1.278617 0.056515
v 0.204400 1.319687 0.036400
v 0.190985 1.285634 0.008052
v 0.159656 1.319687 0.009476
v 0.141740 1.278617 0.018629
v 0.142045 1.236838 0.038723
v 0.163735 1.199747 0.053338
v 0.186807 1.236838 0.065657
v 0.210890 1.206487 0.043092
v 0.212123 1.246839 0.023584
v 0.197858 1.213227 -0.003370
v 0.167362 1.246839 -0.003350
v 0.150703 1.206487 0.006876
v 0.150850 1.167229 0.026295
v 0.171471 1.133049 0.040304
v 0.193646 1.167346 0.052054
v 0.216711 1.138657 0.030358
v 0.217996 1.176681 0.011620
v 0.204503 1.142975 -0.014236
v 0.175200 1.176564 -0.014139
v 0.159263 1.137368 -0.004291
v 0.159029 1.102041 0.015138
v 0.177337 1.075438 0.034044
v 0.199763 1.104967 0.039793
v 0.221297 1.076528 0.024577
v 0.223691 1.107337 0.000899
v 0.210336 1.069920 -0.017981
v 0.182957 1.104411 -0.023757
v 0.166376 1.068830 -0.008515
v 0.162960 1.043492 0.022831
v 0.178321 1.023466 0.053804
v 0.202613 1.051735 0.046249
v 0.222285 1.020354 0.045494
v 0.226749 1.041519 0.009913
v 0.211679 1.003226 0.005671
v 0.187096 1.033277 -0.013505
v 0.167715 1.006337 0.013981
v 0.162941 0.987015 0.049836
v 0.178279 0.966607 0.081924
v 0.202746 0.998034 0.072593
v 0.222460 0.962716 0.073981
v 0.227059 0.981467 0.038156
v 0.211721 0.943464 0.034684
v 0.187254 0.970448 0.015399
v 0.167540 0.947356 0.042627
v 0.162798 0.928580 0.078378
v 0.178279 0.908028 0.110622
v 0.202881 0.939790 0.101261
v 0.222654 0.904191 0.102790
v 0.227202 0.922959 0.066905
v 0.211721 0.884885 0.063382
v 0.187119 0.911748 0.044022
v 0.167346 0.888722 0.071214
v 0.164049 0.871622 0.105887
v 0.202671 0.882424 0.127936
v 0.225951 0.866314 0.095051
v 0.187329 0.855512 0.073002
v -0.158587 1.358856 0.051430
v 0.158576 1.358860 0.051431
v -0.165672 1.350702 0.053132
v -0.195000 0.912311 0.328059
v 0.165672 1.350516 0.050120
v 0.195000 0.842458 0.113456
v -0.112199 1.333685 0.052840
v -0.124043 1.369693 0.093178
v -0.133480 1.405693 0.052187
v -0.121636 1.369685 0.011849
v -0.036917 1.353386 0.055113
v -0.043069 1.393079 0.099388
v -0.047961 1.432574 0.054572
v -0.041810 1.392882 0.010297
v 0.036844 1.353405 0.055116
v 0.042996 1.393099 0.099392
v 0.047889 1.432595 0.054574
v 0.041737 1.392902 0.010297
v 0.112129 1.333705 0.052842
v 0.123973 1.369714 0.093182
v 0.133410 1.405716 0.052190
v 0.121566 1.369706 0.011849
v -0.158479 1.305784 0.032837
v -0.203265 1.316356 0.051606
v -0.180294 1.326928 0.094389
v -0.135508 1.316356 0.075620
v -0.166135 1.234574 0.054439
v -0.210936 1.245186 0.073334
v -0.188033 1.255798 0.116225
v -0.143232 1.245186 0.097330
v -0.173914 1.166992 0.076419
v -0.216802 1.177255 0.094602
v -0.194932 1.187679 0.135656
v -0.152043 1.177415 0.117474
v -0.181554 1.098874 0.099821
v -0.222509 1.110326 0.116598
v -0.201166 1.125755 0.153424
v -0.160211 1.114304 0.136647
v -0.185648 1.039456 0.138551
v -0.225624 1.053483 0.153164
v -0.204061 1.078296 0.182978
v -0.164085 1.064268 0.168366
v -0.185915 0.993583 0.189278
v -0.226016 1.008893 0.202697
v -0.204085 1.038321 0.228634
v -0.163984 1.023012 0.215216
v -0.185920 0.950719 0.238503
v -0.226238 0.966033 0.251829
v -0.204080 0.995701 0.277646
v -0.163762 0.980387 0.264320
v -0.186302 0.909912 0.287308
v -0.225124 0.924536 0.300034
v -0.203698 0.953002 0.324804
v -0.164876 0.938378 0.312079
v 0.152047 1.308291 0.072762
v 0.200184 1.315141 0.062478
v 0.186726 1.321991 0.015130
v 0.138589 1.315141 0.025415
v 0.159679 1.234963 0.060079
v 0.207858 1.241838 0.049671
v 0.194489 1.248714 0.002228
v 0.146311 1.241838 0.012636
v 0.167682 1.165537 0.046756
v 0.213845 1.172036 0.036667
v 0.201163 1.178373 -0.008841
v 0.155000 1.171874 0.001248
v 0.174910 1.103060 0.034758
v 0.219365 1.106701 0.024969
v 0.207811 1.106319 -0.018722
v 0.163355 1.102678 -0.008932
v 0.178261 1.049529 0.041353
v 0.222116 1.048173 0.032472
v 0.211449 1.035483 -0.008609
v 0.167593 1.036839 0.000272
v 0.178285 0.995631 0.067672
v 0.222366 0.991817 0.059642
v 0.211715 0.972851 0.020321
v 0.167634 0.976665 0.028351
v 0.178280 0.937341 0.096261
v 0.222557 0.933477 0.088374
v 0.211721 0.914198 0.049022
v 0.167443 0.918062 0.056910
v 0.178983 0.879735 0.123250
v 0.221575 0.876083 0.115796
v 0.211017 0.857566 0.077999
v 0.168425 0.861218 0.085453
vn -0.4043 -0.7274 -0.5544
vn -0.4370 -0.7273 0.5291
vn -0.7685 0.3741 0.5192
vn -0.7359 0.3740 -0.5644
vn 0.0002 -0.7198 -0.6942
vn 0.0001 -0.7103 0.7038
vn -0.0002 0.7473 0.6645
vn -0.0001 0.7445 -0.6676
vn 0.4038 -0.7275 -0.5547
vn 0.4365 -0.7275 0.5294
vn 0.7681 0.3745 0.5194
vn 0.7355 0.3743 -0.5647
vn 0.7770 0.3767 -0.5044
vn -0.2860 0.3767 -0.8811
vn -0.6567 0.7359 0.1648
vn 0.4063 0.7359 0.5416
vn 0.8641 -0.3178 -0.3903
vn -0.4448 -0.4705 -0.7621
vn -0.8937 0.2738 0.3554
vn 0.4602 0.4470 0.7670
vn 0.6916 -0.6921 0.2066
vn -0.3588 -0.9334 -0.0034
vn -0.6916 -0.1090 0.7140
vn 0.3588 0.1323 0.9240
vn -0.8380 0.4566 0.2989
vn 0.1284 0.4566 0.8804
vn 0.7176 0.6894 -0.0989
vn -0.2487 0.6894 -0.6804
vn -0.9764 -0.0364 0.2128
vn 0.2285 0.1312 0.9647
vn 0.9619 0.0070 -0.2733
vn -0.1999 -0.1522 -0.9679
vn -0.7698 -0.4655 0.4369
vn 0.1568 -0.2063 0.9658
vn 0.7698 -0.6305 0.1000
vn -0.1568 -0.8896 -0.4289
vn 0.1865 -0.7087 -0.6804
vn 0.1449 -0.7084 0.6907
vn -0.2573 0.6922 0.6743
vn -0.2200 0.6914 -0.6881
vn -0.1865 -0.7087 -0.6804
vn -0.1449 -0.7085 0.6907
vn 0.2572 0.6922 0.6743
vn 0.2199 0.6915 -0.6881
vn 0.8850 -0.2195 -0.4105
vn -0.4289 -0.2195 -0.8762
vn -0.8847 0.2222 0.4097
vn 0.4292 0.2222 0.8754
vn 0.8831 -0.2406 -0.4029
vn -0.4323 -0.2408 -0.8690
vn -0.8874 0.2007 0.4151
vn 0.4278 0.2003 0.8814
vn 0.8821 -0.2444 -0.4026
vn -0.4334 -0.2555 -0.8642
vn -0.8878 0.2017 0.4136
vn 0.4287 0.2008 0.8808
vn 0.8749 -0.3612 -0.3225
vn -0.4577 -0.6574 -0.5986
vn -0.8771 0.3620 0.3157
vn 0.4593 0.6696 0.5836
vn 0.8757 -0.3631 -0.3184
vn -0.4578 -0.6693 -0.5852
vn -0.8756 0.3654 0.3158
vn 0.4577 0.6720 0.5821
vn 0.8746 -0.3792 -0.3022
vn -0.4561 -0.6849 -0.5682
vn -0.8746 0.3517 0.3339
vn 0.4561 0.6574 0.5999
vn -0.9596 -0.1417 0.2429
vn 0.2348 -0.1417 0.9616
vn 0.9594 0.1445 -0.2424
vn -0.2351 0.1445 -0.9612
vn -0.9574 -0.1635 0.2379
vn 0.2382 -0.1639 0.9573
vn 0.9618 0.1223 -0.2450
vn -0.2339 0.1220 -0.9646
vn -0.9577 -0.1620 0.2378
vn 0.2387 -0.1640 0.9572
vn 0.9617 0.1168 -0.2478
vn -0.2304 0.1053 -0.9674
vn -0.9734 0.1001 0.2062
vn 0.2048 0.4308 0.8789
vn 0.9723 -0.0951 -0.2136
vn -0.2019 -0.4111 -0.8890
vn -0.9729 0.1032 0.2070
vn 0.2034 0.4326 0.8783
vn 0.9729 -0.1000 -0.2085
vn -0.2034 -0.4288 -0.8802
vn -0.9722 0.0837 0.2185
vn 0.2016 0.4120 0.8886
vn 0.9722 -0.1214 -0.2000
vn -0.2016 -0.4497 -0.8701
vn -0.6856 -0.2140 -0.6959
vn -0.4903 -0.8714 -0.0149
vn -0.7262 -0.2139 0.6534
vn -0.8899 0.4554 -0.0270
vn 0.6852 -0.2139 -0.6962
vn 0.8897 0.4558 -0.0269
vn 0.7259 -0.2138 0.6537
vn 0.4899 -0.8716 -0.0149
vn 0.7329 0.6798 0.0263
vn 0.2978 0.4533 -0.8402
vn -0.5859 0.6798 -0.4412
vn -0.1525 0.8897 0.4303
vn 0.6510 -0.3314 0.6829
vn -0.2013 0.0240 0.9792
vn -0.6510 -0.6306 0.4226
vn 0.2013 -0.9732 0.1115
vn -0.6730 0.7002 -0.2385
vn -0.4305 0.5502 0.7155
vn 0.5259 0.7002 0.4829
vn 0.2853 0.8330 -0.4741
vn -0.5743 -0.8186 -0.0055
vn 0.3707 -0.9057 -0.2055
vn 0.5743 -0.4974 0.6502
vn -0.3707 -0.3927 0.8417
vn 0.0313 -0.7383 -0.6738
vn 0.2517 -0.9678 0.0074
vn -0.0098 -0.7382 0.6745
vn -0.0734 -0.0086 0.9973
vn -0.4172 0.6235 0.6613
vn -0.3042 0.9526 -0.0081
vn -0.3774 0.6232 -0.6850
vn -0.0152 -0.0108 -0.9998
vn 0.1477 -0.7123 -0.6861
vn 0.0002 -1.0000 0.0066
vn 0.1164 -0.7077 0.6968
vn -0.0000 0.0346 0.9994
vn -0.1651 0.7255 0.6681
vn -0.0002 1.0000 -0.0010
vn -0.1403 0.7236 -0.6758
vn -0.0000 0.0245 -0.9997
vn -0.1475 -0.7124 -0.6861
vn -0.2517 -0.9678 0.0074
vn -0.1163 -0.7077 0.6968
vn 0.0733 -0.0086 0.9973
vn 0.1650 0.7256 0.6681
vn 0.3041 0.9526 -0.0081
vn 0.1401 0.7237 -0.6758
vn 0.0152 -0.0108 -0.9998
vn -0.0315 -0.7382 -0.6738
vn 0.0096 -0.7382 0.6745
vn 0.4170 0.6236 0.6613
vn 0.3772 0.6233 -0.6850
vn 0.8899 -0.0628 -0.4518
vn 0.3180 -0.3063 -0.8973
vn -0.4068 -0.0628 -0.9114
vn -0.9425 0.0003 -0.3341
vn -0.8564 0.3729 0.3571
vn -0.3176 0.3098 0.8962
vn 0.4404 0.3729 0.8167
vn 0.9426 0.0003 0.3340
vn 0.8827 -0.2407 -0.4036
vn 0.3157 -0.3263 -0.8910
vn -0.4316 -0.2407 -0.8694
vn -0.9445 -0.0207 -0.3278
vn -0.8870 0.2007 0.4157
vn -0.3196 0.2896 0.9022
vn 0.4273 0.2007 0.8816
vn 0.9401 -0.0208 0.3403
vn 0.8834 -0.2407 -0.4021
vn 0.3113 -0.3394 -0.8876
vn -0.4329 -0.2422 -0.8683
vn -0.9440 -0.0276 -0.3289
vn -0.8875 0.1998 0.4152
vn -0.3180 0.2910 0.9023
vn 0.4279 0.1973 0.8820
vn 0.9398 -0.0186 0.3411
vn 0.8739 -0.2672 -0.4061
vn 0.2834 -0.5380 -0.7938
vn -0.4363 -0.3247 -0.8391
vn -0.9450 -0.1391 -0.2961
vn -0.8915 0.2235 0.3942
vn -0.3089 0.5177 0.7979
vn 0.4401 0.2702 0.8563
vn 0.9587 0.0967 0.2675
vn 0.8678 -0.3546 -0.3481
vn 0.2878 -0.7115 -0.6411
vn -0.4532 -0.6028 -0.6567
vn -0.9552 -0.2162 -0.2019
vn -0.8849 0.3315 0.3271
vn -0.2900 0.7201 0.6304
vn 0.4632 0.6108 0.6422
vn 0.9565 0.2203 0.1914
vn 0.8762 -0.3622 -0.3181
vn 0.2913 -0.7213 -0.6284
vn -0.4585 -0.6677 -0.5865
vn -0.9566 -0.2178 -0.1938
vn -0.8759 0.3656 0.3148
vn -0.2912 0.7220 0.6277
vn 0.4584 0.6737 0.5797
vn 0.9566 0.2219 0.1888
vn 0.8751 -0.3639 -0.3190
vn 0.2913 -0.7352 -0.6120
vn -0.4568 -0.6699 -0.5853
vn -0.9564 -0.2325 -0.1766
vn -0.8751 0.3662 0.3163
vn -0.2913 0.7078 0.6436
vn 0.4568 0.6722 0.5826
vn 0.9564 0.2070 0.2059
vn 0.8591 -0.4826 -0.1701
vn -0.4481 -0.7830 -0.4314
vn -0.8591 0.2351 0.4545
vn 0.4481 0.5354 0.7159
vn -0.9635 0.0186 0.2670
vn -0.5054 -0.1978 0.8399
vn 0.2153 0.0186 0.9764
vn 0.8568 0.0003 0.5156
vn 0.9300 0.3009 -0.2113
vn 0.5050 0.2014 -0.8393
vn -0.2489 0.3009 -0.9206
vn -0.8569 0.0003 -0.5155
vn -0.9572 -0.1636 0.2386
vn -0.5030 -0.2186 0.8362
vn 0.2375 -0.1636 0.9575
vn 0.8589 -0.0214 0.5117
vn 0.9616 0.1224 -0.2458
vn 0.5070 0.1806 -0.8428
vn -0.2332 0.1224 -0.9647
vn -0.8543 -0.0213 -0.5193
vn -0.9572 -0.1647 0.2378
vn -0.5017 -0.2184 0.8371
vn 0.2388 -0.1672 0.9566
vn 0.8579 -0.0203 0.5134
vn 0.9620 0.1217 -0.2446
vn 0.5057 0.1637 -0.8470
vn -0.2338 0.1199 -0.9649
vn -0.8519 -0.0262 -0.5231
vn -0.9653 -0.1243 0.2297
vn -0.5354 0.0722 0.8415
vn 0.2366 -0.0851 0.9679
vn 0.8616 0.1053 0.4965
vn 0.9604 0.0862 -0.2649
vn 0.5163 -0.0961 -0.8510
vn -0.2170 0.0266 -0.9758
vn -0.8298 -0.1295 -0.5428
vn -0.9768 0.0557 0.2070
vn -0.5352 0.3702 0.7593
vn 0.2125 0.3487 0.9128
vn 0.8436 0.2368 0.4819
vn 0.9679 -0.0690 -0.2418
vn 0.5330 -0.3539 -0.7686
vn -0.1967 -0.3311 -0.9229
vn -0.8412 -0.2291 -0.4897
vn -0.9730 0.1042 0.2062
vn -0.5363 0.3718 0.7577
vn 0.2039 0.4356 0.8767
vn 0.8439 0.2389 0.4803
vn 0.9731 -0.0992 -0.2081
vn 0.5364 -0.3707 -0.7582
vn -0.2038 -0.4264 -0.8813
vn -0.8438 -0.2332 -0.4833
vn -0.9726 0.1038 0.2078
vn -0.5364 0.3524 0.7669
vn 0.2024 0.4325 0.8786
vn 0.8437 0.2185 0.4902
vn 0.9726 -0.1006 -0.2094
vn 0.5364 -0.3900 -0.7485
vn -0.2024 -0.4292 -0.8802
vn -0.8437 -0.2534 -0.4731
vn -0.9551 -0.0687 0.2884
vn 0.1982 0.2538 0.9467
vn 0.9551 -0.2699 -0.1225
vn -0.1982 -0.5925 -0.7808
vn -0.9566 -0.2899 -0.0290
vn 0.9566 -0.2899 -0.0290
vn 0.1029 0.9514 -0.2903
vn -0.0000 -0.6564 0.7544
vn -0.1029 0.9799 0.1710
vn -0.0000 -0.8980 0.4399
vn 0.0866 -0.9962 0.0026
vn -0.2453 -0.0646 0.9673
vn -0.4757 0.8795 -0.0142
vn -0.1867 -0.0651 -0.9803
vn 0.1962 -0.9805 0.0071
vn -0.0407 0.0170 0.9990
vn -0.1962 0.9806 -0.0036
vn 0.0002 0.0101 -0.9999
vn -0.1960 -0.9806 0.0071
vn 0.0406 0.0170 0.9990
vn 0.1960 0.9806 -0.0036
vn -0.0002 0.0102 -0.9999
vn -0.0869 -0.9962 0.0026
vn 0.2450 -0.0645 0.9674
vn 0.4755 0.8796 -0.0142
vn 0.1865 -0.0650 -0.9803
vn 0.3309 -0.1382 -0.9335
vn -0.9090 0.1700 -0.3806
vn -0.2951 0.4685 0.8327
vn 0.9458 0.1700 0.2768
vn 0.3158 -0.3261 -0.8910
vn -0.9446 -0.0208 -0.3276
vn -0.3197 0.2899 0.9021
vn 0.3151 -0.3276 -0.8907
vn -0.9445 -0.0214 -0.3279
vn -0.3193 0.2872 0.9031
vn 0.9397 -0.0218 0.3413
vn 0.2985 -0.4027 -0.8653
vn -0.9429 -0.0635 -0.3269
vn -0.3154 0.3562 0.8796
vn 0.9471 0.0157 0.3205
vn 0.2816 -0.6614 -0.6952
vn -0.9507 -0.1995 -0.2373
vn -0.2958 0.6660 0.6848
vn 0.9594 0.1819 0.2155
vn 0.2907 -0.7203 -0.6298
vn -0.9564 -0.2177 -0.1947
vn -0.2906 0.7237 0.6259
vn 0.9564 0.2231 0.1883
vn 0.2913 -0.7215 -0.6282
vn -0.9566 -0.2177 -0.1937
vn -0.2913 0.7218 0.6278
vn 0.2855 -0.8378 -0.4654
vn -0.9363 -0.3498 -0.0324
vn -0.2855 0.5767 0.7654
vn 0.9363 0.0804 0.3420
vn -0.5154 -0.0265 0.8565
vn 0.8247 0.1751 0.5378
vn 0.4797 0.3666 -0.7972
vn -0.8614 0.1751 -0.4767
vn -0.5032 -0.2182 0.8362
vn 0.5071 0.1809 -0.8427
vn -0.8544 -0.0214 -0.5192
vn -0.5022 -0.2218 0.8358
vn 0.8586 -0.0228 0.5122
vn 0.5067 0.1785 -0.8435
vn -0.8541 -0.0218 -0.5196
vn -0.5129 -0.1406 0.8468
vn 0.8603 0.0174 0.5095
vn 0.5074 0.0839 -0.8576
vn -0.8417 -0.0548 -0.5372
vn -0.5384 0.2879 0.7920
vn 0.8513 0.1951 0.4871
vn 0.5262 -0.2750 -0.8047
vn -0.8330 -0.2030 -0.5146
vn -0.5359 0.3749 0.7565
vn 0.8435 0.2402 0.4804
vn 0.5357 -0.3686 -0.7597
vn -0.8435 -0.2328 -0.4840
vn -0.5365 0.3715 0.7577
vn 0.5365 -0.3710 -0.7580
vn -0.8439 -0.2331 -0.4832
vn -0.5258 0.1853 0.8302
vn 0.8260 0.0468 0.5618
vn 0.5258 -0.5424 -0.6552
vn -0.8260 -0.4152 -0.3813
s 1
usemtl Aya_coat
f 87//89 351//353 179//181
f 88//90 351//353 180//182
f 351//353 89//91 182//184
f 351//353 90//92 179//181
f 98//100 352//354 183//185
f 97//99 352//354 184//186
f 352//354 96//98 186//188
f 352//354 95//97 183//185
f 99//101 353//355 187//189
f 100//102 353//355 188//190
f 353//355 101//103 190//192
f 353//355 102//104 187//189
f 110//112 354//356 191//193
f 109//111 354//356 192//194
f 354//356 108//110 194//196
f 354//356 107//109 191//193
f 111//113 355//357 195//197
f 112//114 355//357 196//198
f 355//357 113//115 198//200
f 355//357 114//116 195//197
f 122//124 356//358 199//201
f 121//123 356//358 200//202
f 356//358 120//122 202//204
f 356//358 119//121 199//201
f 204//206 203//205 123//125
f 204//206 205//207 357//359
f 357//359 88//90 180//182
f 357//359 87//89 203//205
f 124//126 358//360 205//207
f 206//208 207//209 358//360
f 358//360 89//91 181//183
f 358//360 88//90 205//207
f 208//210 207//209 125//127
f 208//210 209//211 359//361
f 359//361 90//92 182//184
f 359//361 89//91 207//209
f 210//212 209//211 126//128
f 123//125 360//362 210//212
f 360//362 87//89 179//181
f 360//362 90//92 209//211
f 212//214 211//213 91//93
f 212//214 213//215 361//363
f 361//363 124//126 204//206
f 361//363 123//125 211//213
f 92//94 362//364 213//215
f 214//216 215//217 362//364
f 362//364 125//127 206//208
f 213//215 206//208 124//126
f 93//95 363//365 215//217
f 94//96 363//365 216//218
f 217//219 208//210 363//365
f 215//217 208//210 125//127
f 218//220 217//219 94//96
f 91//93 364//366 218//220
f 211//213 210//212 364//366
f 364//366 126//128 217//219
f 127//129 365//367 219//221
f 128//130 365//367 220//222
f 221//223 212//214 365//367
f 219//221 212//214 91//93
f 222//224 221//223 128//130
f 129//131 366//368 222//224
f 223//225 214//216 366//368
f 366//368 92//94 221//223
f 224//226 223//225 129//131
f 224//226 225//227 367//369
f 367//369 94//96 216//218
f 367//369 93//95 223//225
f 130//132 368//370 225//227
f 226//228 219//221 368//370
f 368//370 91//93 218//220
f 225//227 218//220 94//96
f 95//97 369//371 227//229
f 96//98 369//371 186//188
f 228//230 220//222 369//371
f 227//229 220//222 127//129
f 96//98 370//372 228//230
f 97//99 370//372 185//187
f 229//231 222//224 370//372
f 370//372 128//130 228//230
f 97//99 371//373 229//231
f 98//100 371//373 184//186
f 230//232 224//226 371//373
f 229//231 224//226 129//131
f 98//100 372//374 230//232
f 95//97 372//374 183//185
f 372//374 127//129 226//228
f 230//232 226//228 130//132
f 232//234 231//233 131//133
f 232//234 233//235 373//375
f 373//375 100//102 188//190
f 373//375 99//101 231//233
f 234//236 233//235 132//134
f 234//236 235//237 374//376
f 374//376 101//103 189//191
f 374//376 100//102 233//235
f 236//238 235//237 133//135
f 236//238 237//239 375//377
f 375//377 102//104 190//192
f 375//377 101//103 235//237
f 238//240 237//239 134//136
f 238//240 231//233 376//378
f 376//378 99//101 187//189
f 376//378 102//104 237//239
f 135//137 377//379 239//241
f 136//138 377//379 240//242
f 241//243 232//234 377//379
f 239//241 232//234 131//133
f 242//244 241//243 136//138
f 242//244 243//245 378//380
f 378//380 133//135 234//236
f 378//380 132//134 241//243
f 137//139 379//381 243//245
f 138//140 379//381 244//246
f 245//247 236//238 379//381
f 243//245 236//238 133//135
f 246//248 245//247 138//140
f 246//248 239//241 380//248
f 380//248 131//133 238//240
f 380//248 134//136 245//247
f 139//141 381//382 247//249
f 248//250 249//251 381//382
f 249//251 240//242 381//382
f 247//249 240//242 135//137
f 250//252 249//251 140//142
f 141//143 382//383 250//252
f 251//253 242//244 382//383
f 382//383 136//138 249//251
f 252//254 251//253 141//143
f 142//144 383//384 252//254
f 253//255 244//246 383//384
f 383//384 137//139 251//253
f 142//144 384//385 253//255
f 254//256 247//249 384//385
f 384//385 135//137 246//248
f 253//255 246//248 138//140
f 103//105 385//386 255//257
f 256//258 257//259 385//386
f 385//386 140//142 248//250
f 255//257 248//250 139//141
f 258//260 257//259 104//106
f 105//107 386//387 258//260
f 259//261 250//252 386//387
f 386//387 140//142 257//259
f 260//262 259//261 105//107
f 106//108 387//388 260//262
f 261//263 252//254 387//388
f 387//388 141//143 259//261
f 106//108 388//389 261//263
f 262//264 255//257 388//389
f 388//389 139//141 254//256
f 261//263 254//256 142//144
f 264//266 263//265 143//145
f 144//146 389//390 264//266
f 265//267 256//258 389//390
f 389//390 103//105 263//265
f 144//146 390//391 265//267
f 266//268 267//269 390//391
f 390//391 105//107 258//260
f 265//267 258//260 104//106
f 145//147 391//392 267//269
f 268//270 269//271 391//392
f 391//392 106//108 260//262
f 267//269 260//262 105//107
f 270//272 269//271 146//148
f 143//145 392//393 270//272
f 263//265 262//264 392//393
f 392//393 106//108 269//271
f 272//274 271//273 147//149
f 272//274 273//275 393//394
f 273//275 264//266 393//394
f 393//394 143//145 271//273
f 148//150 394//395 273//275
f 274//276 275//277 394//395
f 394//395 145//147 266//268
f 273//275 266//268 144//146
f 149//151 395//396 275//277
f 276//278 277//279 395//396
f 395//396 146//148 268//270
f 275//277 268//270 145//147
f 278//280 277//279 150//152
f 147//149 396//397 278//280
f 271//273 270//272 396//397
f 396//397 146//148 277//279
f 280//282 279//281 151//153
f 280//282 281//283 397//398
f 397//398 148//150 272//274
f 397//398 147//149 279//281
f 152//154 398//399 281//283
f 153//155 398//399 282//284
f 283//285 274//276 398//399
f 281//283 274//276 148//150
f 284//286 283//285 153//155
f 284//286 285//287 399//400
f 399//400 150//152 276//278
f 399//400 149//151 283//285
f 154//156 400//280 285//287
f 151//153 400//280 286//288
f 279//281 278//280 400//280
f 285//287 278//280 150//152
f 107//109 401//401 287//289
f 108//110 401//401 194//196
f 288//290 280//282 401//401
f 287//289 280//282 151//153
f 108//110 402//402 288//290
f 109//111 402//402 193//195
f 289//291 282//284 402//402
f 288//290 282//284 152//154
f 109//111 403//403 289//291
f 110//112 403//403 192//194
f 290//292 284//286 403//403
f 289//291 284//286 153//155
f 110//112 404//404 290//292
f 107//109 404//404 191//193
f 287//289 286//288 404//404
f 290//292 286//288 154//156
f 292//294 291//293 155//157
f 292//294 293//295 405//405
f 405//405 112//114 196//198
f 405//405 111//113 291//293
f 294//296 293//295 156//158
f 294//296 295//297 406//406
f 406//406 113//115 197//199
f 406//406 112//114 293//295
f 296//298 295//297 157//159
f 296//298 297//299 407//407
f 407//407 114//116 198//200
f 407//407 113//115 295//297
f 298//300 297//299 158//160
f 298//300 291//293 408//408
f 408//408 111//113 195//197
f 408//408 114//116 297//299
f 159//161 409//409 299//301
f 160//162 409//409 300//302
f 301//303 292//294 409//409
f 299//301 292//294 155//157
f 302//304 301//303 160//162
f 302//304 303//305 410//304
f 410//304 157//159 294//296
f 410//304 156//158 301//303
f 161//163 411//410 303//305
f 162//164 411//410 304//306
f 305//307 296//298 411//410
f 303//305 296//298 157//159
f 306//308 305//307 162//164
f 306//308 299//301 412//411
f 412//411 155//157 298//300
f 412//411 158//160 305//307
f 308//310 307//309 163//165
f 164//166 413//412 308//310
f 309//311 300//302 413//412
f 413//412 159//161 307//309
f 164//166 414//413 309//311
f 310//312 311//313 414//413
f 414//413 161//163 302//304
f 309//311 302//304 160//162
f 165//167 415//414 311//313
f 166//168 415//414 312//314
f 313//315 304//306 415//414
f 311//313 304//306 161//163
f 314//316 313//315 166//168
f 163//165 416//415 314//316
f 307//309 306//308 416//415
f 416//415 162//164 313//315
f 316//318 315//317 115//117
f 116//118 417//416 316//318
f 317//319 308//310 417//416
f 417//416 163//165 315//317
f 116//118 418//417 317//319
f 318//320 319//321 418//417
f 418//417 165//167 310//312
f 317//319 310//312 164//166
f 117//119 419//418 319//321
f 320//322 321//323 419//418
f 419//418 166//168 312//314
f 319//321 312//314 165//167
f 322//324 321//323 118//120
f 115//117 420//419 322//324
f 315//317 314//316 420//419
f 420//419 166//168 321//323
f 167//169 421//420 323//325
f 324//326 325//327 421//420
f 421//420 116//118 316//318
f 323//325 316//318 115//117
f 326//328 325//327 168//170
f 169//171 422//421 326//328
f 327//329 318//320 422//421
f 422//421 116//118 325//327
f 328//330 327//329 169//171
f 170//172 423//422 328//330
f 329//331 320//322 423//422
f 423//422 117//119 327//329
f 170//172 424//423 329//331
f 330//332 323//325 424//423
f 424//423 115//117 322//324
f 329//331 322//324 118//120
f 171//173 425//424 331//333
f 332//334 333//335 425//424
f 425//424 168//170 324//326
f 331//333 324//326 167//169
f 334//336 333//335 172//174
f 173//175 426//425 334//336
f 335//337 326//328 426//425
f 426//425 168//170 333//335
f 336//338 335//337 173//175
f 336//338 337//339 427//426
f 427//426 170//172 328//330
f 427//426 169//171 335//337
f 174//176 428//427 337//339
f 338//340 331//333 428//427
f 428//427 167//169 330//332
f 337//339 330//332 170//172
f 340//342 339//341 175//177
f 340//342 341//343 429//428
f 429//428 172//174 332//334
f 429//428 171//173 339//341
f 176//178 430//336 341//343
f 177//179 430//336 342//344
f 343//345 334//336 430//336
f 341//343 334//336 172//174
f 344//346 343//345 177//179
f 344//346 345//347 431//429
f 431//429 174//176 336//338
f 431//429 173//175 343//345
f 178//180 432//430 345//347
f 175//177 432//430 346//348
f 339//341 338//340 432//430
f 345//347 338//340 174//176
f 119//121 433//431 347//349
f 120//122 433//431 202//204
f 348//350 340//342 433//431
f 347//349 340//342 175//177
f 120//122 434//432 348//350
f 121//123 434//432 201//203
f 349//351 342//344 434//432
f 348//350 342//344 176//178
f 121//123 435//433 349//351
f 122//124 435//433 200//202
f 350//352 344//346 435//433
f 349//351 344//346 177//179
f 122//124 436//434 350//352
f 119//121 436//434 199//201
f 347//349 346//348 436//434
f 350//352 346//348 178//180
f 87//89 180//182 351//353
f 88//90 181//183 351//353
f 351//353 181//183 89//91
f 351//353 182//184 90//92
f 98//100 184//186 352//354
f 97//99 185//187 352//354
f 352//354 185//187 96//98
f 352//354 186//188 95//97
f 99//101 188//190 353//355
f 100//102 189//191 353//355
f 353//355 189//191 101//103
f 353//355 190//192 102//104
f 110//112 192//194 354//356
f 109//111 193//195 354//356
f 354//356 193//195 108//110
f 354//356 194//196 107//109
f 111//113 196//198 355//357
f 112//114 197//199 355//357
f 355//357 197//199 113//115
f 355//357 198//200 114//116
f 122//124 200//202 356//358
f 121//123 201//203 356//358
f 356//358 201//203 120//122
f 356//358 202//204 119//121
f 204//206 357//359 203//205
f 204//206 124//126 205//207
f 357//359 205//207 88//90
f 357//359 180//182 87//89
f 124//126 206//208 358//360
f 206//208 125//127 207//209
f 358//360 207//209 89//91
f 358//360 181//183 88//90
f 208//210 359//361 207//209
f 208//210 126//128 209//211
f 359//361 209//211 90//92
f 359//361 182//184 89//91
f 210//212 360//362 209//211
f 123//125 203//205 360//362
f 360//362 203//205 87//89
f 360//362 179//181 90//92
f 212//214 361//363 211//213
f 212//214 92//94 213//215
f 361//363 213//215 124//126
f 361//363 204//206 123//125
f 92//94 214//216 362//364
f 214//216 93//95 215//217
f 362//364 215//217 125//127
f 213//215 362//364 206//208
f 93//95 216//218 363//365
f 94//96 217//219 363//365
f 217//219 126//128 208//210
f 215//217 363//365 208//210
f 218//220 364//366 217//219
f 91//93 211//213 364//366
f 211//213 123//125 210//212
f 364//366 210//212 126//128
f 127//129 220//222 365//367
f 128//130 221//223 365//367
f 221//223 92//94 212//214
f 219//221 365//367 212//214
f 222//224 366//368 221//223
f 129//131 223//225 366//368
f 223//225 93//95 214//216
f 366//368 214//216 92//94
f 224//226 367//369 223//225
f 224//226 130//132 225//227
f 367//369 225//227 94//96
f 367//369 216//218 93//95
f 130//132 226//228 368//370
f 226//228 127//129 219//221
f 368//370 219//221 91//93
f 225//227 368//370 218//220
f 95//97 186//188 369//371
f 96//98 228//230 369//371
f 228//230 128//130 220//222
f 227//229 369//371 220//222
f 96//98 185//187 370//372
f 97//99 229//231 370//372
f 229//231 129//131 222//224
f 370//372 222//224 128//130
f 97//99 184//186 371//373
f 98//100 230//232 371//373
f 230//232 130//132 224//226
f 229//231 371//373 224//226
f 98//100 183//185 372//374
f 95//97 227//229 372//374
f 372//374 227//229 127//129
f 230//232 372//374 226//228
f 232//234 373//375 231//233
f 232//234 132//134 233//235
f 373//375 233//235 100//102
f 373//375 188//190 99//101
f 234//236 374//376 233//235
f 234//236 133//135 235//237
f 374//376 235//237 101//103
f 374//376 189//191 100//102
f 236//238 375//377 235//237
f 236//238 134//136 237//239
f 375//377 237//239 102//104
f 375//377 190//192 101//103
f 238//240 376//378 237//239
f 238//240 131//133 231//233
f 376//378 231//233 99//101
f 376//378 187//189 102//104
f 135//137 240//242 377//379
f 136//138 241//243 377//379
f 241//243 132//134 232//234
f 239//241 377//379 232//234
f 242//244 378//380 241//243
f 242//244 137//139 243//245
f 378//380 243//245 133//135
f 378//380 234//236 132//134
f 137//139 244//246 379//381
f 138//140 245//247 379//381
f 245//247 134//136 236//238
f 243//245 379//381 236//238
f 246//248 380//248 245//247
f 246//248 135//137 239//241
f 380//248 239//241 131//133
f 380//248 238//240 134//136
f 139//141 248//250 381//382
f 248//250 140//142 249//251
f 249//251 136//138 240//242
f 247//249 381//382 240//242
f 250//252 382//383 249//251
f 141//143 251//253 382//383
f 251//253 137//139 242//244
f 382//383 242//244 136//138
f 252//254 383//384 251//253
f 142//144 253//255 383//384
f 253//255 138//140 244//246
f 383//384 244//246 137//139
f 142//144 254//256 384//385
f 254//256 139//141 247//249
f 384//385 247//249 135//137
f 253//255 384//385 246//248
f 103//105 256//258 385//386
f 256//258 104//106 257//259
f 385//386 257//259 140//142
f 255//257 385//386 248//250
f 258//260 386//387 257//259
f 105//107 259//261 386//387
f 259//261 141//143 250//252
f 386//387 250//252 140//142
f 260//262 387//388 259//261
f 106//108 261//263 387//388
f 261//263 142//144 252//254
f 387//388 252//254 141//143
f 106//108 262//264 388//389
f 262//264 103//105 255//257
f 388//389 255//257 139//141
f 261//263 388//389 254//256
f 264//266 389//390 263//265
f 144//146 265//267 389//390
f 265//267 104//106 256//258
f 389//390 256//258 103//105
f 144//146 266//268 390//391
f 266//268 145//147 267//269
f 390//391 267//269 105//107
f 265//267 390//391 258//260
f 145//147 268//270 391//392
f 268//270 146//148 269//271
f 391//392 269//271 106//108
f 267//269 391//392 260//262
f 270//272 392//393 269//271
f 143//145 263//265 392//393
f 263//265 103//105 262//264
f 392//393 262//264 106//108
f 272//274 393//394 271//273
f 272//274 148//150 273//275
f 273//275 144//146 264//266
f 393//394 264//266 143//145
f 148//150 274//276 394//395
f 274//276 149//151 275//277
f 394//395 275//277 145//147
f 273//275 394//395 266//268
f 149//151 276//278 395//396
f 276//278 150//152 277//279
f 395//396 277//279 146//148
f 275//277 395//396 268//270
f 278//280 396//397 277//279
f 147//149 271//273 396//397
f 271//273 143//145 270//272
f 396//397 270//272 146//148
f 280//282 397//398 279//281
f 280//282 152//154 281//283
f 397//398 281//283 148//150
f 397//398 272//274 147//149
f 152//154 282//284 398//399
f 153//155 283//285 398//399
f 283//285 149//151 274//276
f 281//283 398//399 274//276
f 284//286 399//400 283//285
f 284//286 154//156 285//287
f 399//400 285//287 150//152
f 399//400 276//278 149//151
f 154//156 286//288 400//280
f 151//153 279//281 400//280
f 279//281 147//149 278//280
f 285//287 400//280 278//280
f 107//109 194//196 401//401
f 108//110 288//290 401//401
f 288//290 152//154 280//282
f 287//289 401//401 280//282
f 108//110 193//195 402//402
f 109//111 289//291 402//402
f 289//291 153//155 282//284
f 288//290 402//402 282//284
f 109//111 192//194 403//403
f 110//112 290//292 403//403
f 290//292 154//156 284//286
f 289//291 403//403 284//286
f 110//112 191//193 404//404
f 107//109 287//289 404//404
f 287//289 151//153 286//288
f 290//292 404//404 286//288
f 292//294 405//405 291//293
f 292//294 156//158 293//295
f 405//405 293//295 112//114
f 405//405 196//198 111//113
f 294//296 406//406 293//295
f 294//296 157//159 295//297
f 406//406 295//297 113//115
f 406//406 197//199 112//114
f 296//298 407//407 295//297
f 296//298 158//160 297//299
f 407//407 297//299 114//116
f 407//407 198//200 113//115
f 298//300 408//408 297//299
f 298//300 155//157 291//293
f 408//408 291//293 111//113
f 408//408 195//197 114//116
f 159//161 300//302 409//409
f 160//162 301//303 409//409
f 301//303 156//158 292//294
f 299//301 409//409 292//294
f 302//304 410//304 301//303
f 302//304 161//163 303//305
f 410//304 303//305 157//159
f 410//304 294//296 156//158
f 161//163 304//306 411//410
f 162//164 305//307 411//410
f 305//307 158//160 296//298
f 303//305 411//410 296//298
f 306//308 412//411 305//307
f 306//308 159//161 299//301
f 412//411 299//301 155//157
f 412//411 298//300 158//160
f 308//310 413//412 307//309
f 164//166 309//311 413//412
f 309//311 160//162 300//302
f 413//412 300//302 159//161
f 164//166 310//312 414//413
f 310//312 165//167 311//313
f 414//413 311//313 161//163
f 309//311 414//413 302//304
f 165//167 312//314 415//414
f 166//168 313//315 415//414
f 313//315 162//164 304//306
f 311//313 415//414 304//306
f 314//316 416//415 313//315
f 163//165 307//309 416//415
f 307//309 159//161 306//308
f 416//415 306//308 162//164
f 316//318 417//416 315//317
f 116//118 317//319 417//416
f 317//319 164//166 308//310
f 417//416 308//310 163//165
f 116//118 318//320 418//417
f 318//320 117//119 319//321
f 418//417 319//321 165//167
f 317//319 418//417 310//312
f 117//119 320//322 419//418
f 320//322 118//120 321//323
f 419//418 321//323 166//168
f 319//321 419//418 312//314
f 322//324 420//419 321//323
f 115//117 315//317 420//419
f 315//317 163//165 314//316
f 420//419 314//316 166//168
f 167//169 324//326 421//420
f 324//326 168//170 325//327
f 421//420 325//327 116//118
f 323//325 421//420 316//318
f 326//328 422//421 325//327
f 169//171 327//329 422//421
f 327//329 117//119 318//320
f 422//421 318//320 116//118
f 328//330 423//422 327//329
f 170//172 329//331 423//422
f 329//331 118//120 320//322
f 423//422 320//322 117//119
f 170//172 330//332 424//423
f 330//332 167//169 323//325
f 424//423 323//325 115//117
f 329//331 424//423 322//324
f 171//173 332//334 425//424
f 332//334 172//174 333//335
f 425//424 333//335 168//170
f 331//333 425//424 324//326
f 334//336 426//425 333//335
f 173//175 335//337 426//425
f 335//337 169//171 326//328
f 426//425 326//328 168//170
f 336//338 427//426 335//337
f 336//338 174//176 337//339
f 427//426 337//339 170//172
f 427//426 328//330 169//171
f 174//176 338//340 428//427
f 338//340 171//173 331//333
f 428//427 331//333 167//169
f 337//339 428//427 330//332
f 340//342 429//428 339//341
f 340//342 176//178 341//343
f 429//428 341//343 172//174
f 429//428 332//334 171//173
f 176//178 342//344 430//336
f 177//179 343//345 430//336
f 343//345 173//175 334//336
f 341//343 430//336 334//336
f 344//346 431//429 343//345
f 344//346 178//180 345//347
f 431//429 345//347 174//176
f 431//429 336//338 173//175
f 178//180 346//348 432//430
f 175//177 339//341 432//430
f 339//341 171//173 338//340
f 345//347 432//430 338//340
f 119//121 202//204 433//431
f 120//122 348//350 433//431
f 348//350 176//178 340//342
f 347//349 433//431 340//342
f 120//122 201//203 434//432
f 121//123 349//351 434//432
f 349//351 177//179 342//344
f 348//350 434//432 342//344
f 121//123 200//202 435//433
f 122//124 350//352 435//433
f 350//352 178//180 344//346
f 349//351 435//433 344//346
f 122//124 199//201 436//434
f 119//121 347//349 436//434
f 347//349 175//177 346//348
f 350//352 436//434 346//348
o lapelR.006
v 0.011253 1.253512 0.163736
v 0.059638 1.447571 0.163736
v 0.011253 1.253512 0.148736
v 0.059638 1.447571 0.148736
v 0.040362 1.246255 0.163736
v 0.088747 1.440314 0.163736
v 0.040362 1.246255 0.148736
v 0.088747 1.440314 0.148736
vn -0.9703 0.2419 -0.0000
vn -0.0000 -0.0000 -1.0000
vn 0.9703 -0.2419 -0.0000
vn -0.0000 -0.0000 1.0000
vn -0.2419 -0.9703 -0.0000
vn 0.2419 0.9703 -0.0000
vt 0.625000 0.000000
vt 0.375000 0.250000
vt 0.375000 0.000000
vt 0.625000 0.500000
vt 0.375000 0.500000
vt 0.375000 0.750000
vt 0.625000 0.750000
vt 0.375000 1.000000
vt 0.125000 0.750000
vt 0.125000 0.500000
vt 0.875000 0.500000
vt 0.625000 0.250000
vt 0.625000 1.000000
vt 0.875000 0.750000
s 0
usemtl Aya_lapel
f 438/129/435 439/130/435 437/131/435
f 439/130/436 444/132/436 443/133/436
f 444/132/437 441/134/437 443/133/437
f 442/135/438 437/136/438 441/134/438
f 443/133/439 437/137/439 439/138/439
f 440/139/440 442/135/440 444/132/440
f 438/129/435 440/140/435 439/130/435
f 439/130/436 440/140/436 444/132/436
f 444/132/437 442/135/437 441/134/437
f 442/135/438 438/141/438 437/136/438
f 443/133/439 441/134/439 437/137/439
f 440/139/440 438/142/440 442/135/440
o hair_back.006
v 0.000000 1.695453 0.027112
v 0.000000 1.578831 -0.026509
v 0.000000 1.512075 -0.026509
v 0.000000 1.395453 0.027112
v 0.022443 1.680598 0.007806
v 0.040440 1.638977 -0.007676
v 0.050428 1.578831 -0.016268
v 0.050428 1.512075 -0.016268
v 0.040440 1.451930 -0.007676
v 0.022443 1.410308 0.007806
v 0.036313 1.680598 0.019738
v 0.065434 1.638977 0.013824
v 0.081595 1.578831 0.010542
v 0.081595 1.512075 0.010542
v 0.065434 1.451930 0.013824
v 0.036313 1.410308 0.019738
v 0.036313 1.680598 0.034486
v 0.065434 1.638977 0.040400
v 0.081595 1.578831 0.043682
v 0.081595 1.512075 0.043682
v 0.065434 1.451930 0.040400
v 0.036313 1.410308 0.034486
v 0.022443 1.680598 0.046418
v 0.040440 1.638977 0.061900
v 0.050428 1.578831 0.070492
v 0.050428 1.512075 0.070492
v 0.040440 1.451930 0.061900
v 0.022443 1.410308 0.046418
v 0.000000 1.680598 0.050976
v 0.000000 1.638977 0.070113
v 0.000000 1.578831 0.080733
v 0.000000 1.512075 0.080733
v 0.000000 1.451930 0.070113
v 0.000000 1.410308 0.050976
v -0.022443 1.680598 0.046418
v -0.040440 1.638977 0.061900
v -0.050428 1.578831 0.070492
v -0.050428 1.512075 0.070492
v -0.040440 1.451930 0.061900
v -0.022443 1.410308 0.046418
v -0.036313 1.680598 0.034486
v -0.065434 1.638977 0.040400
v -0.081595 1.578831 0.043682
v -0.081595 1.512075 0.043682
v -0.065434 1.451930 0.040400
v -0.036313 1.410308 0.034486
v -0.036313 1.680598 0.019738
v -0.065434 1.638977 0.013824
v -0.081595 1.578831 0.010542
v -0.081595 1.512075 0.010542
v -0.065434 1.451930 0.013824
v -0.036313 1.410308 0.019738
v -0.022443 1.680598 0.007806
v -0.040440 1.638977 -0.007676
v -0.050428 1.578831 -0.016268
v -0.050428 1.512075 -0.016268
v -0.040440 1.451930 -0.007676
v -0.022443 1.410308 0.007806
v -0.000000 1.680598 0.003249
v -0.000000 1.638977 -0.015889
v -0.000000 1.451930 -0.015889
v -0.000000 1.410308 0.003249
vn 0.1961 0.1705 -0.9656
vn 0.1067 0.8441 -0.5254
vn 0.1814 -0.4108 -0.8935
vn 0.1990 -0.0000 -0.9800
vn 0.1814 0.4108 -0.8935
vn 0.1067 -0.8441 -0.5254
vn 0.1961 -0.1705 -0.9656
vn 0.2951 -0.8917 -0.3431
vn 0.6374 -0.2117 -0.7409
vn 0.6374 0.2117 -0.7409
vn 0.2951 0.8917 -0.3431
vn 0.5680 -0.4912 -0.6603
vn 0.6521 -0.0000 -0.7581
vn 0.5680 0.4912 -0.6603
vn 0.9657 0.2595 -0.0000
vn 0.3786 0.9256 -0.0000
vn 0.8194 -0.5733 -0.0000
vn 1.0000 -0.0000 -0.0000
vn 0.8194 0.5733 -0.0000
vn 0.3786 -0.9256 -0.0000
vn 0.9657 -0.2595 -0.0000
vn 0.5680 -0.4912 0.6603
vn 0.6521 -0.0000 0.7581
vn 0.5680 0.4912 0.6603
vn 0.2951 -0.8917 0.3431
vn 0.6374 -0.2117 0.7409
vn 0.6374 0.2117 0.7409
vn 0.2951 0.8917 0.3431
vn 0.1814 -0.4108 0.8935
vn 0.1990 -0.0000 0.9800
vn 0.1814 0.4108 0.8935
vn 0.1067 -0.8441 0.5254
vn 0.1961 -0.1705 0.9656
vn 0.1961 0.1705 0.9656
vn 0.1067 0.8441 0.5254
vn -0.1814 0.4108 0.8935
vn -0.1067 -0.8441 0.5254
vn -0.1961 -0.1705 0.9656
vn -0.1961 0.1705 0.9656
vn -0.1067 0.8441 0.5254
vn -0.1814 -0.4108 0.8935
vn -0.1990 -0.0000 0.9800
vn -0.2951 -0.8917 0.3431
vn -0.6374 -0.2117 0.7409
vn -0.6374 0.2117 0.7409
vn -0.2951 0.8917 0.3431
vn -0.5680 -0.4912 0.6603
vn -0.6521 -0.0000 0.7581
vn -0.5680 0.4912 0.6603
vn -0.9657 -0.2595 -0.0000
vn -0.9657 0.2595 -0.0000
vn -0.3786 0.9256 -0.0000
vn -0.8194 -0.5733 -0.0000
vn -1.0000 -0.0000 -0.0000
vn -0.8194 0.5733 -0.0000
vn -0.3786 -0.9256 -0.0000
vn -0.2951 0.8917 -0.3431
vn -0.5680 -0.4912 -0.6603
vn -0.6521 -0.0000 -0.7581
vn -0.5680 0.4912 -0.6603
vn -0.2951 -0.8917 -0.3431
vn -0.6374 -0.2117 -0.7409
vn -0.6374 0.2117 -0.7409
vn -0.1814 -0.4108 -0.8935
vn -0.1990 -0.0000 -0.9800
vn -0.1814 0.4108 -0.8935
vn -0.1067 -0.8441 -0.5254
vn -0.1961 -0.1705 -0.9656
vn -0.1961 0.1705 -0.9656
vn -0.1067 0.8441 -0.5254
vt 0.700000 0.571429
vt 0.600000 0.714286
vt 0.600000 0.571429
vt 0.700000 0.857143
vt 0.650000 1.000000
vt 0.600000 0.857143
vt 0.700000 0.285714
vt 0.600000 0.142857
vt 0.700000 0.142857
vt 0.600000 0.428571
vt 0.700000 0.428571
vt 0.700000 0.714286
vt 0.650000 0.000000
vt 0.600000 0.285714
vt 0.550000 0.000000
vt 0.500000 0.142857
vt 0.500000 0.285714
vt 0.500000 0.714286
vt 0.500000 0.571429
vt 0.550000 1.000000
vt 0.500000 0.857143
vt 0.500000 0.428571
vt 0.400000 0.571429
vt 0.450000 1.000000
vt 0.400000 0.857143
vt 0.400000 0.142857
vt 0.400000 0.428571
vt 0.400000 0.714286
vt 0.450000 0.000000
vt 0.400000 0.285714
vt 0.300000 0.285714
vt 0.300000 0.142857
vt 0.300000 0.428571
vt 0.300000 0.714286
vt 0.350000 0.000000
vt 0.300000 0.571429
vt 0.350000 1.000000
vt 0.300000 0.857143
vt 0.200000 0.285714
vt 0.200000 0.142857
vt 0.200000 0.428571
vt 0.200000 0.714286
vt 0.250000 0.000000
vt 0.200000 0.571429
vt 0.250000 1.000000
vt 0.200000 0.857143
vt 0.100000 0.857143
vt 0.100000 0.714286
vt 0.150000 0.000000
vt 0.100000 0.142857
vt 0.100000 0.285714
vt 0.100000 0.571429
vt 0.150000 1.000000
vt 0.100000 0.428571
vt 0.050000 0.000000
vt 0.000000 0.142857
vt 0.000000 0.285714
vt 0.000000 0.714286
vt 0.000000 0.571429
vt 0.050000 1.000000
vt 0.000000 0.857143
vt 0.000000 0.428571
vt 1.000000 0.428571
vt 0.900000 0.285714
vt 1.000000 0.285714
vt 1.000000 0.571429
vt 0.900000 0.714286
vt 0.900000 0.571429
vt 1.000000 0.857143
vt 0.950000 1.000000
vt 0.900000 0.857143
vt 0.900000 0.142857
vt 1.000000 0.142857
vt 0.900000 0.428571
vt 1.000000 0.714286
vt 0.950000 0.000000
vt 0.850000 1.000000
vt 0.800000 0.857143
vt 0.800000 0.285714
vt 0.800000 0.142857
vt 0.800000 0.428571
vt 0.800000 0.714286
vt 0.850000 0.000000
vt 0.800000 0.571429
vt 0.750000 0.000000
vt 0.750000 1.000000
s 0
usemtl Aya_blonde
f 446/143/441 450/144/441 451/145/441
f 503/146/442 445/147/442 449/148/442
f 505/149/443 454/150/443 506/151/443
f 446/143/444 452/152/444 447/153/444
f 504/154/445 449/148/445 450/144/445
f 448/155/446 506/151/446 454/150/446
f 447/153/447 453/156/447 505/149/447
f 448/157/448 454/150/448 460/158/448
f 452/152/449 459/159/449 453/156/449
f 451/145/450 456/160/450 457/161/450
f 449/148/451 445/162/451 455/163/451
f 453/156/452 460/158/452 454/150/452
f 451/145/453 458/164/453 452/152/453
f 450/144/454 455/163/454 456/160/454
f 456/160/455 463/165/455 457/161/455
f 455/163/456 445/166/456 461/167/456
f 459/159/457 466/168/457 460/158/457
f 457/161/458 464/169/458 458/164/458
f 455/163/459 462/170/459 456/160/459
f 448/171/460 460/158/460 466/168/460
f 459/159/461 464/169/461 465/172/461
f 466/168/462 471/173/462 472/174/462
f 463/165/463 470/175/463 464/169/463
f 461/167/464 468/176/464 462/170/464
f 448/177/465 466/168/465 472/174/465
f 465/172/466 470/175/466 471/173/466
f 462/170/467 469/178/467 463/165/467
f 461/167/468 445/179/468 467/180/468
f 472/174/469 477/181/469 478/182/469
f 469/178/470 476/183/470 470/175/470
f 467/180/471 474/184/471 468/176/471
f 448/185/472 472/174/472 478/182/472
f 471/173/473 476/183/473 477/181/473
f 468/176/474 475/186/474 469/178/474
f 467/180/475 445/187/475 473/188/475
f 474/184/476 479/189/476 480/190/476
f 448/191/477 478/182/477 484/192/477
f 476/183/478 483/193/478 477/181/478
f 475/186/479 480/190/479 481/194/479
f 473/188/480 445/195/480 479/189/480
f 477/181/481 484/192/481 478/182/481
f 475/186/482 482/196/482 476/183/482
f 448/197/483 484/192/483 490/198/483
f 482/196/484 489/199/484 483/193/484
f 481/194/485 486/200/485 487/201/485
f 479/189/486 445/202/486 485/203/486
f 483/193/487 490/198/487 484/192/487
f 481/194/488 488/204/488 482/196/488
f 480/190/489 485/203/489 486/200/489
f 488/205/490 495/206/490 489/207/490
f 487/208/491 492/209/491 493/210/491
f 485/211/492 445/212/492 491/213/492
f 489/207/493 496/214/493 490/215/493
f 487/208/494 494/216/494 488/205/494
f 485/211/495 492/209/495 486/217/495
f 448/218/496 490/215/496 496/214/496
f 491/213/497 445/219/497 497/220/497
f 496/214/498 501/221/498 502/222/498
f 493/210/499 500/223/499 494/216/499
f 491/213/500 498/224/500 492/209/500
f 448/225/501 496/214/501 502/222/501
f 495/206/502 500/223/502 501/221/502
f 492/209/503 499/226/503 493/210/503
f 502/222/504 505/149/504 506/151/504
f 499/226/505 447/153/505 500/223/505
f 497/220/506 504/154/506 498/224/506
f 448/227/507 502/222/507 506/151/507
f 501/221/508 447/153/508 505/149/508
f 498/224/509 446/143/509 499/226/509
f 497/220/510 445/228/510 503/146/510
f 446/143/441 504/154/441 450/144/441
f 505/149/443 453/156/443 454/150/443
f 446/143/444 451/145/444 452/152/444
f 504/154/445 503/146/445 449/148/445
f 447/153/447 452/152/447 453/156/447
f 452/152/449 458/164/449 459/159/449
f 451/145/450 450/144/450 456/160/450
f 453/156/452 459/159/452 460/158/452
f 451/145/453 457/161/453 458/164/453
f 450/144/454 449/148/454 455/163/454
f 456/160/455 462/170/455 463/165/455
f 459/159/457 465/172/457 466/168/457
f 457/161/458 463/165/458 464/169/458
f 455/163/459 461/167/459 462/170/459
f 459/159/461 458/164/461 464/169/461
f 466/168/462 465/172/462 471/173/462
f 463/165/463 469/178/463 470/175/463
f 461/167/464 467/180/464 468/176/464
f 465/172/466 464/169/466 470/175/466
f 462/170/467 468/176/467 469/178/467
f 472/174/469 471/173/469 477/181/469
f 469/178/470 475/186/470 476/183/470
f 467/180/471 473/188/471 474/184/471
f 471/173/473 470/175/473 476/183/473
f 468/176/474 474/184/474 475/186/474
f 474/184/476 473/188/476 479/189/476
f 476/183/478 482/196/478 483/193/478
f 475/186/479 474/184/479 480/190/479
f 477/181/481 483/193/481 484/192/481
f 475/186/482 481/194/482 482/196/482
f 482/196/484 488/204/484 489/199/484
f 481/194/485 480/190/485 486/200/485
f 483/193/487 489/199/487 490/198/487
f 481/194/488 487/201/488 488/204/488
f 480/190/489 479/189/489 485/203/489
f 488/205/490 494/216/490 495/206/490
f 487/208/491 486/217/491 492/209/491
f 489/207/493 495/206/493 496/214/493
f 487/208/494 493/210/494 494/216/494
f 485/211/495 491/213/495 492/209/495
f 496/214/498 495/206/498 501/221/498
f 493/210/499 499/226/499 500/223/499
f 491/213/500 497/220/500 498/224/500
f 495/206/502 494/216/502 500/223/502
f 492/209/503 498/224/503 499/226/503
f 502/222/504 501/221/504 505/149/504
f 499/226/505 446/143/505 447/153/505
f 497/220/506 503/146/506 504/154/506
f 501/221/508 500/223/508 447/153/508
f 498/224/509 504/154/509 446/143/509
o legs_neck.006
v -0.090029 0.901569 0.017904
v -0.029971 0.901569 0.017904
v -0.029971 0.924024 -0.039949
v -0.090029 0.924024 -0.039949
v -0.086797 0.499280 -0.144275
v -0.033203 0.499280 -0.144275
v -0.033203 0.523991 -0.194738
v -0.086797 0.523991 -0.194738
v -0.073764 0.123266 -0.384953
v -0.046236 0.123266 -0.384953
v -0.046236 0.138567 -0.410206
v -0.073764 0.138567 -0.410206
v 0.090029 0.901569 -0.017904
v 0.029971 0.901569 -0.017904
v 0.029971 0.924024 0.039949
v 0.090029 0.924024 0.039949
v 0.086797 0.512435 0.127599
v 0.033203 0.512435 0.127599
v 0.033203 0.509931 0.182109
v 0.086797 0.509931 0.182109
v 0.073764 0.124247 -0.053798
v 0.046236 0.124247 -0.053798
v 0.046236 0.110532 -0.027650
v 0.073764 0.110532 -0.027650
v 0.019473 1.431397 0.080709
v -0.019473 1.431397 0.080709
v -0.019473 1.431397 0.041763
v 0.019473 1.431397 0.041763
v 0.017473 1.513897 0.078709
v -0.017473 1.513897 0.078709
v -0.017473 1.513897 0.043763
v 0.017473 1.513897 0.043763
v -0.097596 0.817830 -0.006124
v -0.022404 0.817830 -0.006124
v -0.022404 0.846003 -0.078707
v -0.097596 0.846003 -0.078707
v -0.094493 0.728221 -0.044234
v -0.025507 0.728221 -0.044234
v -0.025507 0.754147 -0.111031
v -0.094493 0.754147 -0.111031
v -0.091739 0.648696 -0.078055
v -0.028261 0.648696 -0.078055
v -0.028261 0.672629 -0.139717
v -0.091739 0.672629 -0.139717
v -0.089152 0.573640 -0.109980
v -0.030848 0.573640 -0.109980
v -0.030848 0.596447 -0.166493
v -0.089152 0.596447 -0.166493
v -0.085040 0.425197 -0.188448
v -0.034960 0.425197 -0.188448
v -0.034960 0.451817 -0.233950
v -0.085040 0.451817 -0.233950
v -0.083664 0.363118 -0.227652
v -0.036336 0.363118 -0.227652
v -0.036336 0.389026 -0.270410
v -0.083664 0.389026 -0.270410
v -0.082429 0.307693 -0.262680
v -0.037571 0.307693 -0.262680
v -0.037571 0.332321 -0.303325
v -0.082429 0.332321 -0.303325
v -0.081262 0.255337 -0.295768
v -0.038738 0.255337 -0.295768
v -0.038738 0.278757 -0.334418
v -0.081262 0.278756 -0.334418
v -0.080143 0.205095 -0.327521
v -0.039857 0.205095 -0.327521
v -0.039857 0.227354 -0.364256
v -0.080143 0.227354 -0.364256
v -0.079059 0.156458 -0.358259
v -0.040941 0.156458 -0.358259
v -0.040941 0.177594 -0.393140
v -0.079059 0.177594 -0.393140
v 0.097596 0.817830 0.006124
v 0.022404 0.817830 0.006124
v 0.022404 0.846003 0.078707
v 0.097596 0.846003 0.078707
v 0.094493 0.728221 0.044234
v 0.025507 0.728221 0.044234
v 0.025507 0.754147 0.111031
v 0.094493 0.754147 0.111031
v 0.091739 0.648696 0.078055
v 0.028261 0.648696 0.078055
v 0.028261 0.672629 0.139717
v 0.091739 0.672629 0.139717
v 0.089152 0.575964 0.109508
v 0.030848 0.575964 0.109508
v 0.030848 0.594122 0.166965
v 0.089152 0.594122 0.166965
v 0.085040 0.446233 0.102451
v 0.034960 0.446233 0.102451
v 0.034960 0.425542 0.150215
v 0.085040 0.425542 0.150215
v 0.083664 0.382850 0.070286
v 0.036336 0.382850 0.070286
v 0.036336 0.359627 0.114561
v 0.083664 0.359627 0.114561
v 0.082429 0.324223 0.040930
v 0.037571 0.324223 0.040930
v 0.037571 0.302148 0.083017
v 0.082429 0.302148 0.083017
v 0.081262 0.268843 0.013200
v 0.038738 0.268843 0.013200
v 0.038738 0.247851 0.053221
v 0.081262 0.247851 0.053221
v 0.080143 0.215698 -0.013411
v 0.039857 0.215698 -0.013411
v 0.039857 0.195747 0.024627
v 0.080143 0.195747 0.024627
v 0.079059 0.164251 -0.039172
v 0.040941 0.164251 -0.039172
v 0.040941 0.145307 -0.003054
v 0.079059 0.145307 -0.003054
v 0.024596 1.473870 0.085832
v -0.024596 1.473870 0.085832
v -0.024596 1.473870 0.036641
v 0.024596 1.473870 0.036641
v -0.096808 0.919020 -0.008607
v -0.060000 0.905260 0.026844
v -0.023192 0.919020 -0.008607
v -0.060000 0.932779 -0.044058
v -0.076726 0.128295 -0.399168
v -0.060000 0.137594 -0.414515
v -0.043274 0.128295 -0.399168
v -0.060000 0.118995 -0.383821
v 0.096808 0.919020 0.008607
v 0.060000 0.905260 -0.026844
v 0.023192 0.919020 0.008607
v 0.060000 0.932779 0.044058
v 0.076726 0.114674 -0.042148
v 0.060000 0.106339 -0.026257
v 0.043274 0.114674 -0.042148
v 0.060000 0.123010 -0.058040
v 0.023849 1.428223 0.061236
v -0.000000 1.428223 0.085085
v -0.023849 1.428223 0.061236
v -0.000000 1.428223 0.037387
v 0.021205 1.516749 0.061236
v 0.000000 1.516749 0.040031
v -0.021205 1.516749 0.061236
v -0.000000 1.516749 0.082441
v -0.097511 0.867309 0.012928
v -0.060000 0.812548 0.007485
v -0.022489 0.867309 0.012928
v -0.008306 0.831917 -0.042415
v -0.022489 0.895378 -0.059390
v -0.060000 0.851285 -0.092316
v -0.097511 0.895378 -0.059390
v -0.111694 0.831917 -0.042415
v -0.095972 0.770953 -0.026061
v -0.060000 0.723360 -0.031709
v -0.024028 0.770953 -0.026061
v -0.012573 0.741184 -0.077632
v -0.024028 0.797950 -0.095616
v -0.060000 0.759008 -0.123555
v -0.095972 0.797950 -0.095616
v -0.107427 0.741184 -0.077632
v -0.093089 0.687699 -0.061467
v -0.060000 0.644208 -0.066493
v -0.026911 0.687699 -0.061467
v -0.016359 0.660663 -0.108886
v -0.026911 0.712610 -0.125648
v -0.060000 0.677117 -0.151278
v -0.093089 0.712610 -0.125648
v -0.103641 0.660663 -0.108886
v -0.090429 0.610821 -0.094163
v -0.060000 0.569363 -0.099384
v -0.029571 0.610821 -0.094163
v -0.019915 0.585043 -0.138237
v -0.029571 0.633900 -0.153342
v -0.060000 0.600723 -0.177089
v -0.090429 0.633900 -0.153342
v -0.100085 0.585043 -0.138237
v -0.087919 0.536667 -0.126046
v -0.060000 0.494646 -0.134813
v -0.032081 0.536667 -0.126046
v -0.023154 0.511635 -0.169507
v -0.032081 0.560151 -0.179560
v -0.060000 0.528624 -0.204200
v -0.087919 0.560151 -0.179560
v -0.096846 0.511635 -0.169507
v -0.085848 0.461389 -0.165951
v -0.060000 0.420205 -0.179917
v -0.034153 0.461389 -0.165951
v -0.025571 0.438507 -0.211199
v -0.034153 0.487309 -0.213666
v -0.060000 0.456808 -0.242482
v -0.085848 0.487309 -0.213666
v -0.094429 0.438507 -0.211199
v -0.084323 0.392740 -0.208934
v -0.060000 0.358260 -0.219635
v -0.035677 0.392740 -0.208934
v -0.027462 0.376072 -0.249031
v -0.035677 0.419243 -0.252869
v -0.060000 0.393884 -0.278427
v -0.084323 0.419243 -0.252869
v -0.092538 0.376072 -0.249031
v -0.083036 0.334925 -0.245469
v -0.060000 0.303075 -0.255059
v -0.036964 0.334925 -0.245469
v -0.029160 0.320007 -0.283003
v -0.036964 0.360183 -0.287153
v -0.060000 0.336939 -0.310946
v -0.083036 0.360183 -0.287153
v -0.090840 0.320007 -0.283003
v -0.081839 0.281206 -0.279419
v -0.060000 0.250946 -0.288521
v -0.038161 0.281206 -0.279419
v -0.030764 0.267047 -0.315093
v -0.038161 0.305223 -0.319055
v -0.060000 0.283148 -0.341665
v -0.081839 0.305223 -0.319055
v -0.089236 0.267047 -0.315093
v -0.080698 0.229989 -0.311788
v -0.060000 0.200921 -0.320633
v -0.039302 0.229989 -0.311788
v -0.032304 0.216224 -0.345888
v -0.039302 0.252823 -0.349472
v -0.060000 0.231527 -0.371143
v -0.080698 0.252823 -0.349472
v -0.087696 0.216224 -0.345888
v -0.079597 0.180598 -0.343003
v -0.060000 0.152495 -0.351719
v -0.040403 0.180598 -0.343003
v -0.033794 0.167026 -0.375699
v -0.040403 0.202291 -0.378804
v -0.060000 0.181557 -0.399680
v -0.079597 0.202291 -0.378804
v -0.086206 0.167026 -0.375699
v -0.077792 0.134541 -0.373088
v -0.042208 0.134541 -0.373088
v -0.042208 0.154304 -0.405703
v -0.077792 0.154304 -0.405704
v 0.097511 0.867309 -0.012928
v 0.060000 0.812548 -0.007485
v 0.022489 0.867309 -0.012928
v 0.008306 0.831917 0.042415
v 0.022489 0.895378 0.059390
v 0.060000 0.851285 0.092316
v 0.097511 0.895378 0.059390
v 0.111694 0.831917 0.042415
v 0.095972 0.770953 0.026061
v 0.060000 0.723360 0.031709
v 0.024028 0.770953 0.026061
v 0.012573 0.741184 0.077632
v 0.024028 0.797950 0.095616
v 0.060000 0.759008 0.123555
v 0.095972 0.797950 0.095616
v 0.107427 0.741184 0.077632
v 0.093089 0.687699 0.061467
v 0.060000 0.644208 0.066493
v 0.026911 0.687699 0.061467
v 0.016359 0.660663 0.108886
v 0.026911 0.712610 0.125648
v 0.060000 0.677117 0.151278
v 0.093089 0.712610 0.125648
v 0.103641 0.660663 0.108886
v 0.090429 0.611112 0.094104
v 0.060000 0.572559 0.098734
v 0.029571 0.611112 0.094104
v 0.019915 0.585043 0.138237
v 0.029571 0.633610 0.153401
v 0.060000 0.597527 0.177739
v 0.090429 0.633610 0.153401
v 0.100085 0.585043 0.138237
v 0.087919 0.543832 0.122839
v 0.060000 0.512905 0.117379
v 0.032081 0.543832 0.122839
v 0.023154 0.511183 0.154854
v 0.032081 0.552873 0.179104
v 0.060000 0.509461 0.192329
v 0.087919 0.552873 0.179104
v 0.096846 0.511183 0.154854
v 0.085848 0.479573 0.118786
v 0.060000 0.450113 0.093495
v 0.034153 0.479573 0.118786
v 0.025571 0.435887 0.126333
v 0.034153 0.466322 0.170014
v 0.060000 0.421662 0.159170
v 0.085848 0.466322 0.170014
v 0.094429 0.435887 0.126333
v 0.084323 0.413899 0.085887
v 0.060000 0.387204 0.061985
v 0.035677 0.413899 0.085887
v 0.027462 0.371239 0.092424
v 0.035677 0.390540 0.131460
v 0.060000 0.355273 0.122862
v 0.084323 0.390540 0.131460
v 0.092538 0.371239 0.092424
v 0.083036 0.353029 0.055354
v 0.060000 0.328362 0.033039
v 0.036964 0.353029 0.055354
v 0.029160 0.313185 0.061974
v 0.036964 0.330390 0.098516
v 0.060000 0.298009 0.090909
v 0.083036 0.330390 0.098516
v 0.090840 0.313185 0.061974
v 0.081839 0.296206 0.026901
v 0.060000 0.272779 0.005696
v 0.038161 0.296206 0.026901
v 0.030764 0.258347 0.033210
v 0.038161 0.274679 0.067943
v 0.060000 0.243915 0.060724
v 0.081839 0.274679 0.067943
v 0.089236 0.258347 0.033210
v 0.080698 0.242030 -0.000226
v 0.060000 0.219439 -0.020543
v 0.039302 0.242030 -0.000226
v 0.032304 0.205722 0.005608
v 0.039302 0.221564 0.038794
v 0.060000 0.192006 0.031759
v 0.080698 0.221564 0.038794
v 0.087696 0.205722 0.005608
v 0.079597 0.189786 -0.026386
v 0.060000 0.167803 -0.045944
v 0.040403 0.189786 -0.026386
v 0.033794 0.154779 -0.021113
v 0.040403 0.170342 0.010685
v 0.060000 0.141755 0.003718
v 0.079597 0.170342 0.010685
v 0.086206 0.154779 -0.021113
v 0.077792 0.140231 -0.050275
v 0.042208 0.140231 -0.050275
v 0.042208 0.122517 -0.016503
v 0.077792 0.122517 -0.016503
v 0.024406 1.447591 0.085642
v 0.000000 1.473870 0.095055
v -0.024406 1.447591 0.085642
v -0.033819 1.473870 0.061236
v -0.024406 1.447591 0.036830
v -0.000000 1.473870 0.027417
v 0.024406 1.447591 0.036830
v 0.033819 1.473870 0.061236
v 0.022710 1.499111 0.083946
v -0.022710 1.499111 0.083946
v -0.022710 1.499111 0.038527
v 0.022710 1.499111 0.038527
v -0.060000 0.932079 -0.003538
v -0.060000 0.122792 -0.402502
v 0.060000 0.932079 0.003538
v 0.060000 0.108977 -0.045137
v 0.000000 1.421562 0.061236
v 0.000000 1.522735 0.061236
v -0.060000 0.862629 0.026805
v -0.008339 0.881957 -0.022993
v -0.060000 0.901285 -0.072790
v -0.111661 0.881957 -0.022993
v -0.060000 0.765891 -0.013019
v -0.010538 0.784451 -0.060839
v -0.060000 0.803012 -0.108658
v -0.109462 0.784451 -0.060838
v -0.060000 0.683028 -0.049433
v -0.014502 0.700154 -0.093557
v -0.060000 0.717281 -0.137682
v -0.105498 0.700154 -0.093557
v -0.060000 0.606494 -0.083067
v -0.018161 0.622361 -0.123752
v -0.060000 0.638227 -0.164438
v -0.101839 0.622361 -0.123752
v -0.060000 0.532264 -0.116012
v -0.021612 0.548409 -0.152803
v -0.060000 0.564554 -0.189594
v -0.098388 0.548409 -0.152803
v -0.060000 0.456529 -0.157004
v -0.024460 0.474349 -0.189808
v -0.060000 0.492169 -0.222612
v -0.095540 0.474349 -0.189808
v -0.060000 0.387771 -0.200697
v -0.026555 0.405991 -0.230901
v -0.060000 0.424212 -0.261106
v -0.093445 0.405991 -0.230901
v -0.060000 0.330189 -0.237653
v -0.028326 0.347554 -0.266311
v -0.060000 0.364919 -0.294968
v -0.091674 0.347554 -0.266311
v -0.060000 0.276703 -0.271988
v -0.029972 0.293214 -0.299237
v -0.060000 0.309726 -0.326487
v -0.090029 0.293214 -0.299237
v -0.060000 0.225708 -0.304722
v -0.031541 0.241406 -0.330630
v -0.060000 0.257104 -0.356537
v -0.088459 0.241406 -0.330630
v -0.060000 0.176531 -0.336290
v -0.033054 0.191445 -0.360903
v -0.060000 0.206359 -0.385516
v -0.086946 0.191445 -0.360903
v -0.060000 0.130572 -0.367122
v -0.035529 0.144164 -0.389552
v -0.060000 0.157755 -0.411983
v -0.084471 0.144164 -0.389552
v 0.060000 0.862629 -0.026805
v 0.008339 0.881957 0.022993
v 0.060000 0.901285 0.072790
v 0.111661 0.881957 0.022993
v 0.060000 0.765891 0.013019
v 0.010538 0.784451 0.060839
v 0.060000 0.803012 0.108658
v 0.109462 0.784451 0.060838
v 0.060000 0.683028 0.049433
v 0.014502 0.700154 0.093557
v 0.060000 0.717281 0.137682
v 0.105498 0.700154 0.093557
v 0.060000 0.606894 0.082986
v 0.018161 0.622361 0.123752
v 0.060000 0.637828 0.164519
v 0.101839 0.622361 0.123752
v 0.060000 0.542137 0.112289
v 0.021612 0.548353 0.150971
v 0.060000 0.554568 0.189653
v 0.098388 0.548353 0.150971
v 0.060000 0.482057 0.109180
v 0.024460 0.472948 0.144400
v 0.060000 0.463838 0.179619
v 0.095540 0.472948 0.144400
v 0.060000 0.418278 0.077342
v 0.026555 0.402219 0.108673
v 0.060000 0.386160 0.140005
v 0.093445 0.402219 0.108673
v 0.060000 0.357273 0.047261
v 0.028326 0.341709 0.076935
v 0.060000 0.326145 0.106609
v 0.091674 0.341709 0.076935
v 0.060000 0.300242 0.019206
v 0.029972 0.285442 0.047422
v 0.060000 0.270643 0.075638
v 0.090029 0.285442 0.047422
v 0.060000 0.245868 -0.007542
v 0.031541 0.231797 0.019284
v 0.060000 0.217726 0.046111
v 0.088459 0.231797 0.019284
v 0.060000 0.193432 -0.033336
v 0.033054 0.180064 -0.007850
v 0.060000 0.166696 0.017636
v 0.086946 0.180064 -0.007850
v 0.060000 0.143288 -0.056755
v 0.035529 0.131106 -0.033529
v 0.060000 0.118924 -0.010304
v 0.084471 0.131106 -0.033529
v 0.000000 1.447278 0.094844
v -0.033608 1.447278 0.061236
v 0.000000 1.447278 0.027628
v 0.033608 1.447278 0.061236
v 0.000000 1.499392 0.092465
v -0.031228 1.499392 0.061236
v -0.000000 1.499392 0.030008
v 0.031228 1.499392 0.061236
vn -0.5822 0.3363 0.7402
vn 0.5822 0.3363 0.7402
vn 0.5822 0.7476 -0.3195
vn -0.5822 0.7476 -0.3195
vn -0.7129 -0.3428 0.6118
vn 0.7129 -0.3428 0.6118
vn 0.7226 0.2754 -0.6341
vn -0.7226 0.2754 -0.6341
vn -0.5773 -0.8016 0.1555
vn 0.5773 -0.8016 0.1555
vn 0.5773 -0.2332 -0.7825
vn -0.5773 -0.2332 -0.7825
vn 0.5822 0.3363 -0.7402
vn -0.5822 0.3363 -0.7402
vn -0.5822 0.7476 0.3195
vn 0.5822 0.7476 0.3195
vn 0.7401 0.0139 -0.6723
vn -0.7401 0.0139 -0.6723
vn -0.6891 -0.0869 0.7194
vn 0.6891 -0.0869 0.7194
vn 0.5773 -0.2810 -0.7667
vn -0.5773 -0.2810 -0.7667
vn -0.5773 -0.7904 0.2047
vn 0.5773 -0.7904 0.2047
vn 0.5306 -0.6609 0.5306
vn -0.5306 -0.6609 0.5306
vn -0.5306 -0.6609 -0.5306
vn 0.5306 -0.6609 -0.5306
vn 0.5156 0.6843 0.5156
vn -0.5156 0.6843 0.5156
vn -0.5156 0.6843 -0.5156
vn 0.5156 0.6843 -0.5156
vn -0.7149 -0.2724 0.6440
vn 0.7149 -0.2724 0.6440
vn 0.7149 0.2334 -0.6591
vn -0.7149 0.2334 -0.6591
vn -0.7151 -0.2944 0.6340
vn 0.7151 -0.2944 0.6340
vn 0.7151 0.2104 -0.6666
vn -0.7151 0.2104 -0.6666
vn -0.7158 -0.2941 0.6333
vn 0.7158 -0.2941 0.6333
vn 0.7158 0.2101 -0.6660
vn -0.7158 0.2101 -0.6660
vn -0.7162 -0.2960 0.6320
vn 0.7162 -0.2960 0.6320
vn 0.7169 0.2117 -0.6643
vn -0.7169 0.2117 -0.6643
vn -0.7180 -0.3809 0.5825
vn 0.7180 -0.3809 0.5825
vn 0.7192 0.3347 -0.6089
vn -0.7192 0.3347 -0.6089
vn -0.7194 -0.3824 0.5798
vn 0.7194 -0.3824 0.5798
vn 0.7194 0.3369 -0.6074
vn -0.7194 0.3369 -0.6074
vn -0.7201 -0.3821 0.5792
vn 0.7201 -0.3821 0.5792
vn 0.7201 0.3366 -0.6068
vn -0.7201 0.3366 -0.6068
vn -0.7208 -0.3817 0.5786
vn 0.7208 -0.3817 0.5786
vn 0.7208 0.3362 -0.6062
vn -0.7208 0.3362 -0.6062
vn -0.7215 -0.3813 0.5779
vn 0.7215 -0.3813 0.5779
vn 0.7215 0.3358 -0.6055
vn -0.7215 0.3358 -0.6055
vn -0.7215 -0.3987 0.5661
vn 0.7215 -0.3987 0.5661
vn 0.7215 0.3172 -0.6154
vn -0.7215 0.3172 -0.6154
vn 0.7149 -0.2724 -0.6440
vn -0.7149 -0.2724 -0.6440
vn -0.7149 0.2334 0.6591
vn 0.7149 0.2334 0.6591
vn 0.7151 -0.2944 -0.6340
vn -0.7151 -0.2944 -0.6340
vn -0.7151 0.2104 0.6666
vn 0.7151 0.2104 0.6666
vn 0.7157 -0.2947 -0.6332
vn -0.7157 -0.2947 -0.6332
vn -0.7157 0.2099 0.6661
vn 0.7157 0.2099 0.6661
vn 0.7131 -0.2983 -0.6345
vn -0.7131 -0.2983 -0.6345
vn -0.7115 0.1934 0.6756
vn 0.7115 0.1934 0.6756
vn 0.7164 0.3000 -0.6298
vn -0.7164 0.3000 -0.6298
vn -0.7119 -0.3313 0.6192
vn 0.7119 -0.3313 0.6192
vn 0.7193 0.2994 -0.6269
vn -0.7193 0.2994 -0.6269
vn -0.7193 -0.3456 0.6026
vn 0.7193 -0.3456 0.6026
vn 0.7201 0.2985 -0.6264
vn -0.7201 0.2985 -0.6264
vn -0.7201 -0.3457 0.6017
vn 0.7201 -0.3457 0.6017
vn 0.7208 0.2982 -0.6258
vn -0.7208 0.2982 -0.6258
vn -0.7208 -0.3453 0.6010
vn 0.7208 -0.3453 0.6010
vn 0.7215 0.2978 -0.6251
vn -0.7215 0.2978 -0.6251
vn -0.7215 -0.3450 0.6003
vn 0.7215 -0.3450 0.6003
vn 0.7215 0.2787 -0.6338
vn -0.7215 0.2787 -0.6338
vn -0.7215 -0.3630 0.5896
vn 0.7215 -0.3630 0.5896
vn 0.7063 0.0468 0.7063
vn -0.7063 0.0468 0.7063
vn -0.7063 0.0468 -0.7063
vn 0.7063 0.0468 -0.7063
vn -0.7095 0.6570 0.2550
vn -0.0000 0.4087 0.9127
vn 0.7095 0.6570 0.2550
vn -0.0000 0.9174 -0.3979
vn -0.6969 -0.6133 -0.3716
vn -0.0000 -0.2711 -0.9625
vn 0.6969 -0.6133 -0.3716
vn -0.0000 -0.9787 0.2052
vn 0.7095 0.6570 -0.2550
vn -0.0000 0.4087 -0.9127
vn -0.7095 0.6570 -0.2550
vn -0.0000 0.9174 0.3979
vn 0.6969 -0.6351 -0.3331
vn -0.0000 -0.9642 0.2652
vn -0.6969 -0.6351 -0.3331
vn -0.0000 -0.3299 -0.9440
vn 0.6448 -0.7643 -0.0000
vn -0.0000 -0.7643 0.6448
vn -0.6448 -0.7643 -0.0000
vn -0.0000 -0.7643 -0.6448
vn 0.6254 0.7803 -0.0000
vn -0.0000 0.7803 -0.6254
vn -0.6254 0.7803 -0.0000
vn -0.0000 0.7803 0.6254
vn -0.7065 -0.1127 0.6986
vn -0.0000 -0.3809 0.9246
vn 0.7065 -0.1127 0.6986
vn 0.9998 -0.0194 -0.0075
vn 0.7065 0.3881 -0.5918
vn -0.0000 0.3426 -0.9395
vn -0.7065 0.3881 -0.5918
vn -0.9998 -0.0194 -0.0075
vn -0.7147 -0.2945 0.6344
vn -0.0000 -0.4024 0.9154
vn 0.7147 -0.2945 0.6344
vn 0.9990 -0.0407 -0.0158
vn 0.7147 0.2106 -0.6670
vn -0.0000 0.3205 -0.9472
vn -0.7147 0.2106 -0.6670
vn -0.9990 -0.0407 -0.0158
vn -0.7154 -0.2943 0.6337
vn -0.0000 -0.4025 0.9154
vn 0.7154 -0.2943 0.6337
vn 0.7154 0.2103 -0.6663
vn -0.0000 0.3205 -0.9473
vn -0.7154 0.2103 -0.6663
vn -0.7162 -0.2940 0.6329
vn -0.0000 -0.4058 0.9140
vn 0.7162 -0.2940 0.6329
vn 0.9991 -0.0406 -0.0154
vn 0.7161 0.2097 -0.6657
vn -0.0000 0.3231 -0.9464
vn -0.7161 0.2097 -0.6657
vn -0.9991 -0.0406 -0.0154
vn -0.7142 -0.3115 0.6269
vn -0.0000 -0.4751 0.8799
vn 0.7142 -0.3115 0.6269
vn 0.9994 -0.0341 -0.0081
vn 0.7200 0.2314 -0.6543
vn -0.0000 0.4137 -0.9104
vn -0.7200 0.2314 -0.6543
vn -0.9994 -0.0341 -0.0081
vn -0.7152 -0.3705 0.5926
vn -0.0000 -0.5367 0.8438
vn 0.7152 -0.3705 0.5926
vn 0.9997 -0.0228 -0.0127
vn 0.7209 0.3172 -0.6162
vn -0.0000 0.4929 -0.8701
vn -0.7209 0.3172 -0.6162
vn -0.9997 -0.0228 -0.0127
vn -0.7190 -0.3825 0.5802
vn -0.0000 -0.5402 0.8415
vn 0.7190 -0.3825 0.5803
vn 0.9997 -0.0221 -0.0134
vn 0.7191 0.3372 -0.6076
vn -0.0000 0.4958 -0.8684
vn -0.7191 0.3372 -0.6076
vn -0.9997 -0.0221 -0.0134
vn -0.7197 -0.3823 0.5795
vn -0.0000 -0.5403 0.8415
vn 0.7197 -0.3823 0.5795
vn 0.7197 0.3367 -0.6071
vn -0.7197 0.3367 -0.6071
vn -0.7204 -0.3819 0.5789
vn 0.7204 -0.3819 0.5789
vn 0.9997 -0.0220 -0.0134
vn 0.7204 0.3364 -0.6065
vn -0.7204 0.3364 -0.6065
vn -0.9997 -0.0220 -0.0134
vn -0.7211 -0.3815 0.5783
vn 0.7211 -0.3815 0.5783
vn 0.7211 0.3360 -0.6059
vn -0.7211 0.3360 -0.6059
vn -0.7219 -0.3811 0.5776
vn -0.0000 -0.5579 0.8299
vn 0.7219 -0.3811 0.5776
vn 0.9990 -0.0388 -0.0235
vn 0.7219 0.3356 -0.6052
vn -0.0000 0.4774 -0.8787
vn -0.7219 0.3356 -0.6052
vn -0.9990 -0.0388 -0.0235
vn -0.7070 -0.5243 0.4747
vn 0.7070 -0.5243 0.4747
vn 0.7070 0.1781 -0.6844
vn -0.7070 0.1781 -0.6844
vn 0.7065 -0.1127 -0.6986
vn -0.0000 -0.3809 -0.9246
vn -0.7065 -0.1127 -0.6986
vn -0.9998 -0.0194 0.0075
vn -0.7065 0.3881 0.5918
vn -0.0000 0.3426 0.9395
vn 0.7065 0.3881 0.5918
vn 0.9998 -0.0194 0.0075
vn 0.7147 -0.2945 -0.6344
vn -0.0000 -0.4024 -0.9154
vn -0.7147 -0.2945 -0.6344
vn -0.9990 -0.0407 0.0158
vn -0.7147 0.2106 0.6670
vn -0.0000 0.3205 0.9472
vn 0.7147 0.2106 0.6670
vn 0.9990 -0.0407 0.0158
vn 0.7154 -0.2943 -0.6337
vn -0.0000 -0.4033 -0.9151
vn -0.7154 -0.2943 -0.6337
vn -0.9990 -0.0409 0.0158
vn -0.7154 0.2103 0.6663
vn -0.0000 0.3200 0.9474
vn 0.7154 0.2103 0.6663
vn 0.9990 -0.0409 0.0158
vn 0.7147 -0.2994 -0.6321
vn -0.0000 -0.4110 -0.9116
vn -0.7147 -0.2994 -0.6321
vn -0.9990 -0.0426 0.0160
vn -0.7154 0.2081 0.6670
vn -0.0000 0.2909 0.9567
vn 0.7154 0.2081 0.6670
vn 0.9990 -0.0426 0.0160
vn 0.7256 -0.2094 -0.6555
vn -0.0000 0.0435 -0.9991
vn -0.7256 -0.2094 -0.6555
vn -0.9985 -0.0395 0.0377
vn -0.6983 0.1076 0.7077
vn -0.0000 -0.1039 0.9946
vn 0.6983 0.1076 0.7077
vn 0.9985 -0.0395 0.0377
vn 0.7244 0.2248 -0.6517
vn -0.0000 0.4457 -0.8952
vn -0.7244 0.2248 -0.6517
vn -0.9997 -0.0237 -0.0085
vn -0.6981 -0.2657 0.6649
vn -0.0000 -0.4577 0.8891
vn 0.6981 -0.2657 0.6649
vn 0.9997 -0.0237 -0.0085
vn 0.7180 0.3029 -0.6267
vn -0.0000 0.4421 -0.8970
vn -0.7180 0.3029 -0.6267
vn -0.9997 -0.0227 -0.0120
vn -0.7178 -0.3434 0.6057
vn -0.0000 -0.4866 0.8736
vn 0.7178 -0.3434 0.6057
vn 0.9997 -0.0227 -0.0120
vn 0.7197 0.2987 -0.6267
vn -0.0000 0.4413 -0.8974
vn -0.7197 0.2987 -0.6267
vn -0.9997 -0.0228 -0.0120
vn -0.7197 -0.3458 0.6020
vn -0.0000 -0.4874 0.8732
vn 0.7197 -0.3458 0.6020
vn 0.9997 -0.0228 -0.0120
vn 0.7204 0.2983 -0.6261
vn -0.7204 0.2983 -0.6261
vn -0.7204 -0.3455 0.6014
vn 0.7204 -0.3455 0.6014
vn 0.7211 0.2980 -0.6254
vn -0.7211 0.2980 -0.6254
vn -0.7211 -0.3451 0.6007
vn 0.7211 -0.3451 0.6007
vn 0.7219 0.2976 -0.6247
vn -0.0000 0.4224 -0.9064
vn -0.7219 0.2976 -0.6247
vn -0.9990 -0.0401 -0.0211
vn -0.7219 -0.3448 0.6000
vn -0.0000 -0.5056 0.8628
vn 0.7219 -0.3448 0.6000
vn 0.9990 -0.0401 -0.0211
vn 0.7070 0.1355 -0.6941
vn -0.7070 0.1355 -0.6941
vn -0.7070 -0.4940 0.5061
vn 0.7070 -0.4940 0.5061
vn 0.6935 -0.1954 0.6935
vn -0.0000 0.0459 0.9989
vn -0.6935 -0.1954 0.6935
vn -0.9989 0.0459 -0.0000
vn -0.6935 -0.1954 -0.6935
vn -0.0000 0.0459 -0.9989
vn 0.6935 -0.1954 -0.6935
vn 0.9989 0.0459 -0.0000
vn 0.6813 0.2675 0.6813
vn -0.6813 0.2675 0.6813
vn -0.6813 0.2675 -0.6813
vn 0.6813 0.2675 -0.6813
vn -0.0000 0.9322 0.3618
vn -0.0000 -0.8552 -0.5182
vn -0.0000 0.9322 -0.3618
vn -0.0000 -0.8856 -0.4645
vn -0.0000 -1.0000 -0.0000
vn -0.0000 1.0000 -0.0000
vn -0.0000 -0.2037 0.9790
vn 0.9873 0.1484 0.0576
vn -0.0000 0.5102 -0.8601
vn -0.9873 0.1484 0.0576
vn 0.9990 -0.0408 -0.0159
vn -0.0000 0.3201 -0.9474
vn -0.9990 -0.0408 -0.0159
vn -0.0000 -0.4282 0.9037
vn 0.9992 -0.0391 -0.0114
vn -0.0000 0.3515 -0.9362
vn -0.9992 -0.0391 -0.0114
vn -0.0000 -0.5185 0.8551
vn 0.9996 -0.0271 -0.0102
vn -0.0000 0.4703 -0.8825
vn -0.9996 -0.0271 -0.0102
vn -0.0000 -0.5400 0.8416
vn 0.9997 -0.0220 -0.0133
vn -0.0000 0.4959 -0.8684
vn -0.9997 -0.0220 -0.0133
vn -0.0000 -0.6934 0.7206
vn 0.9779 -0.1786 -0.1082
vn -0.0000 0.3178 -0.9482
vn -0.9779 -0.1786 -0.1082
vn -0.0000 -0.2037 -0.9790
vn -0.9873 0.1484 -0.0576
vn -0.0000 0.5102 0.8601
vn 0.9873 0.1484 -0.0576
vn -0.0000 -0.4105 -0.9119
vn -0.9990 -0.0417 0.0153
vn -0.0000 0.3161 0.9487
vn 0.9990 -0.0417 0.0153
vn -0.0000 -0.2918 -0.9565
vn -0.9989 -0.0372 0.0302
vn -0.0000 0.1642 0.9864
vn 0.9989 -0.0372 0.0302
vn -0.0000 0.3501 -0.9367
vn -0.9993 -0.0356 0.0096
vn -0.0000 -0.3538 0.9353
vn 0.9993 -0.0356 0.0096
vn -0.0000 0.4476 -0.8943
vn -0.9997 -0.0223 -0.0120
vn -0.0000 -0.4812 0.8766
vn 0.9997 -0.0223 -0.0120
vn -0.0000 0.2587 -0.9660
vn -0.9779 -0.1850 -0.0970
vn -0.0000 -0.6476 0.7620
vn 0.9779 -0.1850 -0.0970
vn -0.0000 -0.2141 0.9768
vn -0.9768 -0.2141 -0.0000
vn -0.0000 -0.2141 -0.9768
vn 0.9768 -0.2141 -0.0000
vn -0.0000 0.2823 0.9593
vn -0.9593 0.2823 -0.0000
vn -0.0000 0.2823 -0.9593
vn 0.9593 0.2823 -0.0000
s 1
usemtl Aya_skin
f 507//511 843//828 623//627
f 508//512 843//828 624//628
f 843//828 509//513 626//630
f 843//828 510//514 623//627
f 518//522 844//829 627//631
f 517//521 844//829 628//632
f 844//829 516//520 630//634
f 844//829 515//519 627//631
f 519//523 845//830 631//635
f 520//524 845//830 632//636
f 845//830 521//525 634//638
f 845//830 522//526 631//635
f 530//534 846//831 635//639
f 529//533 846//831 636//640
f 846//831 528//532 638//642
f 846//831 527//531 635//639
f 531//535 847//832 639//643
f 532//536 847//832 640//644
f 847//832 533//537 642//646
f 847//832 534//538 639//643
f 538//542 848//833 643//647
f 537//541 848//833 644//648
f 848//833 536//540 646//650
f 848//833 535//539 643//647
f 648//652 647//651 539//543
f 648//652 649//653 849//834
f 849//834 508//512 624//628
f 849//834 507//511 647//651
f 650//654 649//653 540//544
f 650//654 651//655 850//835
f 850//835 509//513 625//629
f 850//835 508//512 649//653
f 652//656 651//655 541//545
f 652//656 653//657 851//836
f 851//836 510//514 626//630
f 851//836 509//513 651//655
f 654//658 653//657 542//546
f 654//658 647//651 852//837
f 852//837 507//511 623//627
f 852//837 510//514 653//657
f 543//547 853//660 655//659
f 544//548 853//660 656//660
f 657//661 648//652 853//660
f 655//659 648//652 539//543
f 544//548 854//662 657//661
f 545//549 854//662 658//662
f 659//663 650//654 854//662
f 657//661 650//654 540//544
f 545//549 855//664 659//663
f 546//550 855//664 660//664
f 661//665 652//656 855//664
f 659//663 652//656 541//545
f 546//550 856//666 661//665
f 543//547 856//666 662//666
f 655//659 654//658 856//666
f 661//665 654//658 542//546
f 547//551 857//660 663//667
f 548//552 857//660 664//668
f 665//669 656//660 857//660
f 663//667 656//660 543//547
f 548//552 858//662 665//669
f 549//553 858//662 666//662
f 667//670 658//662 858//662
f 665//669 658//662 544//548
f 549//553 859//664 667//670
f 550//554 859//664 668//671
f 669//672 660//664 859//664
f 667//670 660//664 545//549
f 550//554 860//666 669//672
f 547//551 860//666 670//666
f 663//667 662//666 860//666
f 669//672 662//666 546//550
f 551//555 861//668 671//673
f 552//556 861//668 672//674
f 673//675 664//668 861//668
f 671//673 664//668 547//551
f 674//676 673//675 552//556
f 553//557 862//838 674//676
f 675//677 666//662 862//838
f 673//675 666//662 548//552
f 676//678 675//677 553//557
f 676//678 677//679 863//839
f 677//679 668//671 863//839
f 675//677 668//671 549//553
f 554//558 864//840 677//679
f 678//680 671//673 864//840
f 671//673 670//666 864//840
f 677//679 670//666 550//554
f 511//515 865//841 679//681
f 512//516 865//841 680//682
f 681//683 672//674 865//841
f 679//681 672//674 551//555
f 682//684 681//683 512//516
f 513//517 866//842 682//684
f 683//685 674//676 866//842
f 866//842 552//556 681//683
f 684//686 683//685 513//517
f 684//686 685//687 867//843
f 867//843 554//558 676//678
f 867//843 553//557 683//685
f 514//518 868//844 685//687
f 686//688 679//681 868//844
f 868//844 551//555 678//680
f 685//687 678//680 554//558
f 688//690 687//689 555//559
f 688//690 689//691 869//845
f 869//845 512//516 680//682
f 869//845 511//515 687//689
f 556//560 870//846 689//691
f 690//692 691//693 870//846
f 870//846 513//517 682//684
f 689//691 682//684 512//516
f 557//561 871//847 691//693
f 558//562 871//847 692//694
f 693//695 684//686 871//847
f 691//693 684//686 513//517
f 694//696 693//695 558//562
f 555//559 872//848 694//696
f 687//689 686//688 872//848
f 872//848 514//518 693//695
f 559//563 873//849 695//697
f 560//564 873//849 696//698
f 873//849 556//560 688//690
f 873//849 555//559 695//697
f 560//564 874//850 697//699
f 561//565 874//850 698//700
f 874//850 557//561 690//692
f 697//699 690//692 556//560
f 561//565 875//851 699//701
f 562//566 875//851 700//702
f 701//703 692//694 875//851
f 699//701 692//694 557//561
f 562//566 876//852 701//703
f 559//563 876//852 702//704
f 695//697 694//696 876//852
f 876//852 558//562 701//703
f 563//567 877//706 703//705
f 564//568 877//706 704//706
f 705//707 696//698 877//706
f 703//705 696//698 559//563
f 564//568 878//700 705//707
f 565//569 878//700 706//700
f 707//708 698//700 878//700
f 705//707 698//700 560//564
f 565//569 879//702 707//708
f 566//570 879//702 708//702
f 709//709 700//702 879//702
f 707//708 700//702 561//565
f 566//570 880//704 709//709
f 563//567 880//704 710//704
f 703//705 702//704 880//704
f 709//709 702//704 562//566
f 567//571 881//706 711//710
f 568//572 881//706 712//706
f 713//711 704//706 881//706
f 711//710 704//706 563//567
f 568//572 882//712 713//711
f 569//573 882//712 714//712
f 715//713 706//700 882//712
f 713//711 706//700 564//568
f 569//573 883//702 715//713
f 570//574 883//702 716//702
f 717//714 708//702 883//702
f 715//713 708//702 565//569
f 570//574 884//715 717//714
f 567//571 884//715 718//715
f 711//710 710//704 884//715
f 717//714 710//704 566//570
f 571//575 885//706 719//716
f 572//576 885//706 720//706
f 721//717 712//706 885//706
f 719//716 712//706 567//571
f 572//576 886//712 721//717
f 573//577 886//712 722//712
f 723//718 714//712 886//712
f 721//717 714//712 568//572
f 573//577 887//702 723//718
f 574//578 887//702 724//702
f 725//719 716//702 887//702
f 723//718 716//702 569//573
f 574//578 888//715 725//719
f 571//575 888//715 726//715
f 719//716 718//715 888//715
f 725//719 718//715 570//574
f 575//579 889//706 727//720
f 576//580 889//706 728//721
f 729//722 720//706 889//706
f 727//720 720//706 571//575
f 576//580 890//712 729//722
f 577//581 890//712 730//723
f 731//724 722//712 890//712
f 729//722 722//712 572//576
f 577//581 891//702 731//724
f 578//582 891//702 732//725
f 733//726 724//702 891//702
f 731//724 724//702 573//577
f 578//582 892//715 733//726
f 575//579 892//715 734//727
f 727//720 726//715 892//715
f 733//726 726//715 574//578
f 515//519 893//853 735//728
f 516//520 893//853 630//634
f 736//729 728//721 893//853
f 735//728 728//721 575//579
f 516//520 894//854 736//729
f 517//521 894//854 629//633
f 737//730 730//723 894//854
f 736//729 730//723 576//580
f 517//521 895//855 737//730
f 518//522 895//855 628//632
f 738//731 732//725 895//855
f 737//730 732//725 577//581
f 518//522 896//856 738//731
f 515//519 896//856 627//631
f 735//728 734//727 896//856
f 738//731 734//727 578//582
f 740//733 739//732 579//583
f 740//733 741//734 897//857
f 897//857 520//524 632//636
f 897//857 519//523 739//732
f 742//735 741//734 580//584
f 742//735 743//736 898//858
f 898//858 521//525 633//637
f 898//858 520//524 741//734
f 744//737 743//736 581//585
f 744//737 745//738 899//859
f 899//859 522//526 634//638
f 899//859 521//525 743//736
f 746//739 745//738 582//586
f 746//739 739//732 900//860
f 900//860 519//523 631//635
f 900//860 522//526 745//738
f 583//587 901//741 747//740
f 584//588 901//741 748//741
f 749//742 740//733 901//741
f 747//740 740//733 579//583
f 584//588 902//743 749//742
f 585//589 902//743 750//743
f 751//744 742//735 902//743
f 749//742 742//735 580//584
f 585//589 903//745 751//744
f 586//590 903//745 752//745
f 753//746 744//737 903//745
f 751//744 744//737 581//585
f 586//590 904//747 753//746
f 583//587 904//747 754//747
f 747//740 746//739 904//747
f 753//746 746//739 582//586
f 587//591 905//741 755//748
f 588//592 905//741 756//749
f 757//750 748//741 905//741
f 755//748 748//741 583//587
f 588//592 906//743 757//750
f 589//593 906//743 758//751
f 759//752 750//743 906//743
f 757//750 750//743 584//588
f 589//593 907//745 759//752
f 590//594 907//745 760//753
f 761//754 752//745 907//745
f 759//752 752//745 585//589
f 590//594 908//747 761//754
f 587//591 908//747 762//755
f 755//748 754//747 908//747
f 761//754 754//747 586//590
f 764//757 763//756 591//595
f 764//757 765//758 909//861
f 909//861 588//592 756//749
f 909//861 587//591 763//756
f 592//596 910//862 765//758
f 766//759 767//760 910//862
f 910//862 589//593 758//751
f 765//758 758//751 588//592
f 593//597 911//863 767//760
f 594//598 911//863 768//761
f 769//762 760//753 911//863
f 767//760 760//753 589//593
f 770//763 769//762 594//598
f 591//595 912//864 770//763
f 763//756 762//755 912//864
f 912//864 590//594 769//762
f 772//765 771//764 523//527
f 772//765 773//766 913//865
f 913//865 592//596 764//757
f 913//865 591//595 771//764
f 524//528 914//866 773//766
f 774//767 775//768 914//866
f 914//866 593//597 766//759
f 773//766 766//759 592//596
f 525//529 915//867 775//768
f 526//530 915//867 776//769
f 777//770 768//761 915//867
f 775//768 768//761 593//597
f 778//771 777//770 526//530
f 523//527 916//868 778//771
f 771//764 770//763 916//868
f 916//868 594//598 777//770
f 595//599 917//869 779//772
f 596//600 917//869 780//773
f 781//774 772//765 917//869
f 779//772 772//765 523//527
f 782//775 781//774 596//600
f 597//601 918//870 782//775
f 783//776 774//767 918//870
f 918//870 524//528 781//774
f 784//777 783//776 597//601
f 784//777 785//778 919//871
f 919//871 526//530 776//769
f 919//871 525//529 783//776
f 598//602 920//872 785//778
f 786//779 779//772 920//872
f 920//872 523//527 778//771
f 785//778 778//771 526//530
f 599//603 921//873 787//780
f 600//604 921//873 788//781
f 789//782 780//773 921//873
f 787//780 780//773 595//599
f 790//783 789//782 600//604
f 601//605 922//874 790//783
f 791//784 782//775 922//874
f 922//874 596//600 789//782
f 792//785 791//784 601//605
f 792//785 793//786 923//875
f 923//875 598//602 784//777
f 923//875 597//601 791//784
f 602//606 924//876 793//786
f 794//787 787//780 924//876
f 924//876 595//599 786//779
f 793//786 786//779 598//602
f 603//607 925//789 795//788
f 604//608 925//789 796//789
f 797//790 788//781 925//789
f 795//788 788//781 599//603
f 604//608 926//791 797//790
f 605//609 926//791 798//791
f 799//792 790//783 926//791
f 797//790 790//783 600//604
f 605//609 927//793 799//792
f 606//610 927//793 800//793
f 801//794 792//785 927//793
f 799//792 792//785 601//605
f 606//610 928//795 801//794
f 603//607 928//795 802//795
f 795//788 794//787 928//795
f 801//794 794//787 602//606
f 607//611 929//789 803//796
f 608//612 929//789 804//789
f 805//797 796//789 929//789
f 803//796 796//789 603//607
f 608//612 930//791 805//797
f 609//613 930//791 806//791
f 807//798 798//791 930//791
f 805//797 798//791 604//608
f 609//613 931//793 807//798
f 610//614 931//793 808//793
f 809//799 800//793 931//793
f 807//798 800//793 605//609
f 610//614 932//795 809//799
f 607//611 932//795 810//795
f 803//796 802//795 932//795
f 809//799 802//795 606//610
f 611//615 933//789 811//800
f 612//616 933//789 812//789
f 813//801 804//789 933//789
f 811//800 804//789 607//611
f 612//616 934//791 813//801
f 613//617 934//791 814//791
f 815//802 806//791 934//791
f 813//801 806//791 608//612
f 613//617 935//793 815//802
f 614//618 935//793 816//793
f 817//803 808//793 935//793
f 815//802 808//793 609//613
f 614//618 936//795 817//803
f 611//615 936//795 818//795
f 811//800 810//795 936//795
f 817//803 810//795 610//614
f 615//619 937//789 819//804
f 616//620 937//789 820//805
f 821//806 812//789 937//789
f 819//804 812//789 611//615
f 616//620 938//791 821//806
f 617//621 938//791 822//807
f 823//808 814//791 938//791
f 821//806 814//791 612//616
f 617//621 939//793 823//808
f 618//622 939//793 824//809
f 825//810 816//793 939//793
f 823//808 816//793 613//617
f 618//622 940//795 825//810
f 615//619 940//795 826//811
f 819//804 818//795 940//795
f 825//810 818//795 614//618
f 527//531 941//877 827//812
f 528//532 941//877 638//642
f 828//813 820//805 941//877
f 827//812 820//805 615//619
f 528//532 942//878 828//813
f 529//533 942//878 637//641
f 829//814 822//807 942//878
f 828//813 822//807 616//620
f 529//533 943//879 829//814
f 530//534 943//879 636//640
f 830//815 824//809 943//879
f 829//814 824//809 617//621
f 530//534 944//880 830//815
f 527//531 944//880 635//639
f 827//812 826//811 944//880
f 830//815 826//811 618//622
f 832//817 831//816 619//623
f 832//817 833//818 945//881
f 945//881 532//536 640//644
f 945//881 531//535 831//816
f 834//819 833//818 620//624
f 834//819 835//820 946//882
f 946//882 533//537 641//645
f 946//882 532//536 833//818
f 836//821 835//820 621//625
f 836//821 837//822 947//883
f 947//883 534//538 642//646
f 947//883 533//537 835//820
f 838//823 837//822 622//626
f 838//823 831//816 948//884
f 948//884 531//535 639//643
f 948//884 534//538 837//822
f 535//539 949//885 839//824
f 536//540 949//885 646//650
f 840//825 832//817 949//885
f 839//824 832//817 619//623
f 536//540 950//886 840//825
f 537//541 950//886 645//649
f 841//826 834//819 950//886
f 840//825 834//819 620//624
f 537//541 951//887 841//826
f 538//542 951//887 644//648
f 842//827 836//821 951//887
f 841//826 836//821 621//625
f 538//542 952//888 842//827
f 535//539 952//888 643//647
f 839//824 838//823 952//888
f 842//827 838//823 622//626
f 507//511 624//628 843//828
f 508//512 625//629 843//828
f 843//828 625//629 509//513
f 843//828 626//630 510//514
f 518//522 628//632 844//829
f 517//521 629//633 844//829
f 844//829 629//633 516//520
f 844//829 630//634 515//519
f 519//523 632//636 845//830
f 520//524 633//637 845//830
f 845//830 633//637 521//525
f 845//830 634//638 522//526
f 530//534 636//640 846//831
f 529//533 637//641 846//831
f 846//831 637//641 528//532
f 846//831 638//642 527//531
f 531//535 640//644 847//832
f 532//536 641//645 847//832
f 847//832 641//645 533//537
f 847//832 642//646 534//538
f 538//542 644//648 848//833
f 537//541 645//649 848//833
f 848//833 645//649 536//540
f 848//833 646//650 535//539
f 648//652 849//834 647//651
f 648//652 540//544 649//653
f 849//834 649//653 508//512
f 849//834 624//628 507//511
f 650//654 850//835 649//653
f 650//654 541//545 651//655
f 850//835 651//655 509//513
f 850//835 625//629 508//512
f 652//656 851//836 651//655
f 652//656 542//546 653//657
f 851//836 653//657 510//514
f 851//836 626//630 509//513
f 654//658 852//837 653//657
f 654//658 539//543 647//651
f 852//837 647//651 507//511
f 852//837 623//627 510//514
f 543//547 656//660 853//660
f 544//548 657//661 853//660
f 657//661 540//544 648//652
f 655//659 853//660 648//652
f 544//548 658//662 854//662
f 545//549 659//663 854//662
f 659//663 541//545 650//654
f 657//661 854//662 650//654
f 545//549 660//664 855//664
f 546//550 661//665 855//664
f 661//665 542//546 652//656
f 659//663 855//664 652//656
f 546//550 662//666 856//666
f 543//547 655//659 856//666
f 655//659 539//543 654//658
f 661//665 856//666 654//658
f 547//551 664//668 857//660
f 548//552 665//669 857//660
f 665//669 544//548 656//660
f 663//667 857//660 656//660
f 548//552 666//662 858//662
f 549//553 667//670 858//662
f 667//670 545//549 658//662
f 665//669 858//662 658//662
f 549//553 668//671 859//664
f 550//554 669//672 859//664
f 669//672 546//550 660//664
f 667//670 859//664 660//664
f 550//554 670//666 860//666
f 547//551 663//667 860//666
f 663//667 543//547 662//666
f 669//672 860//666 662//666
f 551//555 672//674 861//668
f 552//556 673//675 861//668
f 673//675 548//552 664//668
f 671//673 861//668 664//668
f 674//676 862//838 673//675
f 553//557 675//677 862//838
f 675//677 549//553 666//662
f 673//675 862//838 666//662
f 676//678 863//839 675//677
f 676//678 554//558 677//679
f 677//679 550//554 668//671
f 675//677 863//839 668//671
f 554//558 678//680 864//840
f 678//680 551//555 671//673
f 671//673 547//551 670//666
f 677//679 864//840 670//666
f 511//515 680//682 865//841
f 512//516 681//683 865//841
f 681//683 552//556 672//674
f 679//681 865//841 672//674
f 682//684 866//842 681//683
f 513//517 683//685 866//842
f 683//685 553//557 674//676
f 866//842 674//676 552//556
f 684//686 867//843 683//685
f 684//686 514//518 685//687
f 867//843 685//687 554//558
f 867//843 676//678 553//557
f 514//518 686//688 868//844
f 686//688 511//515 679//681
f 868//844 679//681 551//555
f 685//687 868//844 678//680
f 688//690 869//845 687//689
f 688//690 556//560 689//691
f 869//845 689//691 512//516
f 869//845 680//682 511//515
f 556//560 690//692 870//846
f 690//692 557//561 691//693
f 870//846 691//693 513//517
f 689//691 870//846 682//684
f 557//561 692//694 871//847
f 558//562 693//695 871//847
f 693//695 514//518 684//686
f 691//693 871//847 684//686
f 694//696 872//848 693//695
f 555//559 687//689 872//848
f 687//689 511//515 686//688
f 872//848 686//688 514//518
f 559//563 696//698 873//849
f 560//564 697//699 873//849
f 873//849 697//699 556//560
f 873//849 688//690 555//559
f 560//564 698//700 874//850
f 561//565 699//701 874//850
f 874//850 699//701 557//561
f 697//699 874//850 690//692
f 561//565 700//702 875//851
f 562//566 701//703 875//851
f 701//703 558//562 692//694
f 699//701 875//851 692//694
f 562//566 702//704 876//852
f 559//563 695//697 876//852
f 695//697 555//559 694//696
f 876//852 694//696 558//562
f 563//567 704//706 877//706
f 564//568 705//707 877//706
f 705//707 560//564 696//698
f 703//705 877//706 696//698
f 564//568 706//700 878//700
f 565//569 707//708 878//700
f 707//708 561//565 698//700
f 705//707 878//700 698//700
f 565//569 708//702 879//702
f 566//570 709//709 879//702
f 709//709 562//566 700//702
f 707//708 879//702 700//702
f 566//570 710//704 880//704
f 563//567 703//705 880//704
f 703//705 559//563 702//704
f 709//709 880//704 702//704
f 567//571 712//706 881//706
f 568//572 713//711 881//706
f 713//711 564//568 704//706
f 711//710 881//706 704//706
f 568//572 714//712 882//712
f 569//573 715//713 882//712
f 715//713 565//569 706//700
f 713//711 882//712 706//700
f 569//573 716//702 883//702
f 570//574 717//714 883//702
f 717//714 566//570 708//702
f 715//713 883//702 708//702
f 570//574 718//715 884//715
f 567//571 711//710 884//715
f 711//710 563//567 710//704
f 717//714 884//715 710//704
f 571//575 720//706 885//706
f 572//576 721//717 885//706
f 721//717 568//572 712//706
f 719//716 885//706 712//706
f 572//576 722//712 886//712
f 573//577 723//718 886//712
f 723//718 569//573 714//712
f 721//717 886//712 714//712
f 573//577 724//702 887//702
f 574//578 725//719 887//702
f 725//719 570//574 716//702
f 723//718 887//702 716//702
f 574//578 726//715 888//715
f 571//575 719//716 888//715
f 719//716 567//571 718//715
f 725//719 888//715 718//715
f 575//579 728//721 889//706
f 576//580 729//722 889//706
f 729//722 572//576 720//706
f 727//720 889//706 720//706
f 576//580 730//723 890//712
f 577//581 731//724 890//712
f 731//724 573//577 722//712
f 729//722 890//712 722//712
f 577//581 732//725 891//702
f 578//582 733//726 891//702
f 733//726 574//578 724//702
f 731//724 891//702 724//702
f 578//582 734//727 892//715
f 575//579 727//720 892//715
f 727//720 571//575 726//715
f 733//726 892//715 726//715
f 515//519 630//634 893//853
f 516//520 736//729 893//853
f 736//729 576//580 728//721
f 735//728 893//853 728//721
f 516//520 629//633 894//854
f 517//521 737//730 894//854
f 737//730 577//581 730//723
f 736//729 894//854 730//723
f 517//521 628//632 895//855
f 518//522 738//731 895//855
f 738//731 578//582 732//725
f 737//730 895//855 732//725
f 518//522 627//631 896//856
f 515//519 735//728 896//856
f 735//728 575//579 734//727
f 738//731 896//856 734//727
f 740//733 897//857 739//732
f 740//733 580//584 741//734
f 897//857 741//734 520//524
f 897//857 632//636 519//523
f 742//735 898//858 741//734
f 742//735 581//585 743//736
f 898//858 743//736 521//525
f 898//858 633//637 520//524
f 744//737 899//859 743//736
f 744//737 582//586 745//738
f 899//859 745//738 522//526
f 899//859 634//638 521//525
f 746//739 900//860 745//738
f 746//739 579//583 739//732
f 900//860 739//732 519//523
f 900//860 631//635 522//526
f 583//587 748//741 901//741
f 584//588 749//742 901//741
f 749//742 580//584 740//733
f 747//740 901//741 740//733
f 584//588 750//743 902//743
f 585//589 751//744 902//743
f 751//744 581//585 742//735
f 749//742 902//743 742//735
f 585//589 752//745 903//745
f 586//590 753//746 903//745
f 753//746 582//586 744//737
f 751//744 903//745 744//737
f 586//590 754//747 904//747
f 583//587 747//740 904//747
f 747//740 579//583 746//739
f 753//746 904//747 746//739
f 587//591 756//749 905//741
f 588//592 757//750 905//741
f 757//750 584//588 748//741
f 755//748 905//741 748//741
f 588//592 758//751 906//743
f 589//593 759//752 906//743
f 759//752 585//589 750//743
f 757//750 906//743 750//743
f 589//593 760//753 907//745
f 590//594 761//754 907//745
f 761//754 586//590 752//745
f 759//752 907//745 752//745
f 590//594 762//755 908//747
f 587//591 755//748 908//747
f 755//748 583//587 754//747
f 761//754 908//747 754//747
f 764//757 909//861 763//756
f 764//757 592//596 765//758
f 909//861 765//758 588//592
f 909//861 756//749 587//591
f 592//596 766//759 910//862
f 766//759 593//597 767//760
f 910//862 767//760 589//593
f 765//758 910//862 758//751
f 593//597 768//761 911//863
f 594//598 769//762 911//863
f 769//762 590//594 760//753
f 767//760 911//863 760//753
f 770//763 912//864 769//762
f 591//595 763//756 912//864
f 763//756 587//591 762//755
f 912//864 762//755 590//594
f 772//765 913//865 771//764
f 772//765 524//528 773//766
f 913//865 773//766 592//596
f 913//865 764//757 591//595
f 524//528 774//767 914//866
f 774//767 525//529 775//768
f 914//866 775//768 593//597
f 773//766 914//866 766//759
f 525//529 776//769 915//867
f 526//530 777//770 915//867
f 777//770 594//598 768//761
f 775//768 915//867 768//761
f 778//771 916//868 777//770
f 523//527 771//764 916//868
f 771//764 591//595 770//763
f 916//868 770//763 594//598
f 595//599 780//773 917//869
f 596//600 781//774 917//869
f 781//774 524//528 772//765
f 779//772 917//869 772//765
f 782//775 918//870 781//774
f 597//601 783//776 918//870
f 783//776 525//529 774//767
f 918//870 774//767 524//528
f 784//777 919//871 783//776
f 784//777 598//602 785//778
f 919//871 785//778 526//530
f 919//871 776//769 525//529
f 598//602 786//779 920//872
f 786//779 595//599 779//772
f 920//872 779//772 523//527
f 785//778 920//872 778//771
f 599//603 788//781 921//873
f 600//604 789//782 921//873
f 789//782 596//600 780//773
f 787//780 921//873 780//773
f 790//783 922//874 789//782
f 601//605 791//784 922//874
f 791//784 597//601 782//775
f 922//874 782//775 596//600
f 792//785 923//875 791//784
f 792//785 602//606 793//786
f 923//875 793//786 598//602
f 923//875 784//777 597//601
f 602//606 794//787 924//876
f 794//787 599//603 787//780
f 924//876 787//780 595//599
f 793//786 924//876 786//779
f 603//607 796//789 925//789
f 604//608 797//790 925//789
f 797//790 600//604 788//781
f 795//788 925//789 788//781
f 604//608 798//791 926//791
f 605//609 799//792 926//791
f 799//792 601//605 790//783
f 797//790 926//791 790//783
f 605//609 800//793 927//793
f 606//610 801//794 927//793
f 801//794 602//606 792//785
f 799//792 927//793 792//785
f 606//610 802//795 928//795
f 603//607 795//788 928//795
f 795//788 599//603 794//787
f 801//794 928//795 794//787
f 607//611 804//789 929//789
f 608//612 805//797 929//789
f 805//797 604//608 796//789
f 803//796 929//789 796//789
f 608//612 806//791 930//791
f 609//613 807//798 930//791
f 807//798 605//609 798//791
f 805//797 930//791 798//791
f 609//613 808//793 931//793
f 610//614 809//799 931//793
f 809//799 606//610 800//793
f 807//798 931//793 800//793
f 610//614 810//795 932//795
f 607//611 803//796 932//795
f 803//796 603//607 802//795
f 809//799 932//795 802//795
f 611//615 812//789 933//789
f 612//616 813//801 933//789
f 813//801 608//612 804//789
f 811//800 933//789 804//789
f 612//616 814//791 934//791
f 613//617 815//802 934//791
f 815//802 609//613 806//791
f 813//801 934//791 806//791
f 613//617 816//793 935//793
f 614//618 817//803 935//793
f 817//803 610//614 808//793
f 815//802 935//793 808//793
f 614//618 818//795 936//795
f 611//615 811//800 936//795
f 811//800 607//611 810//795
f 817//803 936//795 810//795
f 615//619 820//805 937//789
f 616//620 821//806 937//789
f 821//806 612//616 812//789
f 819//804 937//789 812//789
f 616//620 822//807 938//791
f 617//621 823//808 938//791
f 823//808 613//617 814//791
f 821//806 938//791 814//791
f 617//621 824//809 939//793
f 618//622 825//810 939//793
f 825//810 614//618 816//793
f 823//808 939//793 816//793
f 618//622 826//811 940//795
f 615//619 819//804 940//795
f 819//804 611//615 818//795
f 825//810 940//795 818//795
f 527//531 638//642 941//877
f 528//532 828//813 941//877
f 828//813 616//620 820//805
f 827//812 941//877 820//805
f 528//532 637//641 942//878
f 529//533 829//814 942//878
f 829//814 617//621 822//807
f 828//813 942//878 822//807
f 529//533 636//640 943//879
f 530//534 830//815 943//879
f 830//815 618//622 824//809
f 829//814 943//879 824//809
f 530//534 635//639 944//880
f 527//531 827//812 944//880
f 827//812 615//619 826//811
f 830//815 944//880 826//811
f 832//817 945//881 831//816
f 832//817 620//624 833//818
f 945//881 833//818 532//536
f 945//881 640//644 531//535
f 834//819 946//882 833//818
f 834//819 621//625 835//820
f 946//882 835//820 533//537
f 946//882 641//645 532//536
f 836//821 947//883 835//820
f 836//821 622//626 837//822
f 947//883 837//822 534//538
f 947//883 642//646 533//537
f 838//823 948//884 837//822
f 838//823 619//623 831//816
f 948//884 831//816 531//535
f 948//884 639//643 534//538
f 535//539 646//650 949//885
f 536//540 840//825 949//885
f 840//825 620//624 832//817
f 839//824 949//885 832//817
f 536//540 645//649 950//886
f 537//541 841//826 950//886
f 841//826 621//625 834//819
f 840//825 950//886 834//819
f 537//541 644//648 951//887
f 538//542 842//827 951//887
f 842//827 622//626 836//821
f 841//826 951//887 836//821
f 538//542 643//647 952//888
f 535//539 839//824 952//888
f 839//824 619//623 838//823
f 842//827 952//888 838//823
o lips.006
v 0.000000 1.583453 0.168112
v 0.000000 1.581110 0.163869
v 0.000000 1.575453 0.162112
v 0.000000 1.569796 0.163869
v 0.000000 1.567453 0.168112
v 0.012247 1.581110 0.165991
v 0.017321 1.575453 0.165112
v 0.012247 1.569796 0.165991
v 0.012247 1.581110 0.170233
v 0.017321 1.575453 0.171112
v 0.012247 1.569796 0.170233
v -0.000000 1.581110 0.172355
v -0.000000 1.575453 0.174112
v -0.000000 1.569796 0.172355
v -0.012247 1.581110 0.170233
v -0.017321 1.575453 0.171112
v -0.012247 1.569796 0.170233
v -0.012247 1.581110 0.165991
v -0.017321 1.575453 0.165112
v -0.012247 1.569796 0.165991
vn 0.0834 -0.8723 -0.4818
vn 0.1632 0.2927 -0.9422
vn 0.1632 -0.2927 -0.9422
vn 0.0834 0.8723 -0.4818
vn 0.7445 0.6676 -0.0000
vn 0.7445 -0.6676 -0.0000
vn 0.1879 0.9822 -0.0000
vn 0.1879 -0.9822 -0.0000
vn 0.0834 -0.8723 0.4818
vn 0.1632 0.2927 0.9422
vn 0.1632 -0.2927 0.9422
vn 0.0834 0.8723 0.4818
vn -0.0834 -0.8723 0.4818
vn -0.1632 0.2927 0.9422
vn -0.1632 -0.2927 0.9422
vn -0.0834 0.8723 0.4818
vn -0.1879 -0.9822 -0.0000
vn -0.7445 0.6676 -0.0000
vn -0.7445 -0.6676 -0.0000
vn -0.1879 0.9822 -0.0000
vn -0.0834 -0.8723 -0.4818
vn -0.1632 0.2927 -0.9422
vn -0.1632 -0.2927 -0.9422
vn -0.0834 0.8723 -0.4818
vn 0.7445 0.6677 -0.0000
vn 0.7445 -0.6677 -0.0000
vn -0.7445 0.6677 -0.0000
vn -0.7445 -0.6677 -0.0000
vt 0.583333 0.000000
vt 0.666667 0.250000
vt 0.500000 0.250000
vt 0.666667 0.500000
vt 0.500000 0.750000
vt 0.500000 0.500000
vt 0.666667 0.750000
vt 0.583333 1.000000
vt 0.333333 0.500000
vt 0.333333 0.250000
vt 0.416667 1.000000
vt 0.333333 0.750000
vt 0.416667 0.000000
vt 0.250000 0.000000
vt 0.166667 0.250000
vt 0.166667 0.500000
vt 0.250000 1.000000
vt 0.166667 0.750000
vt 0.083333 0.000000
vt 0.000000 0.250000
vt 0.000000 0.750000
vt 0.000000 0.500000
vt 0.083333 1.000000
vt 0.916667 0.000000
vt 1.000000 0.250000
vt 0.833333 0.250000
vt 1.000000 0.750000
vt 0.833333 0.500000
vt 1.000000 0.500000
vt 0.916667 1.000000
vt 0.833333 0.750000
vt 0.750000 0.000000
vt 0.750000 1.000000
s 0
usemtl Aya_lips
f 957/229/889 956/230/889 960/231/889
f 955/232/890 958/233/890 959/234/890
f 955/232/891 960/231/891 956/230/891
f 954/235/892 953/236/892 958/233/892
f 958/233/893 962/237/893 959/234/893
f 959/234/894 963/238/894 960/231/894
f 958/233/895 953/239/895 961/240/895
f 957/241/896 960/231/896 963/238/896
f 957/242/897 963/238/897 966/243/897
f 961/240/898 965/244/898 962/237/898
f 963/238/899 965/244/899 966/243/899
f 961/240/900 953/245/900 964/246/900
f 957/247/901 966/243/901 969/248/901
f 965/244/902 967/249/902 968/250/902
f 965/244/903 969/248/903 966/243/903
f 964/246/904 953/251/904 967/249/904
f 957/252/905 969/253/905 972/254/905
f 967/255/906 971/256/906 968/257/906
f 968/257/907 972/254/907 969/253/907
f 967/255/908 953/258/908 970/259/908
f 957/260/909 972/254/909 956/230/909
f 970/259/910 955/232/910 971/256/910
f 972/254/911 955/232/911 956/230/911
f 970/259/912 953/261/912 954/235/912
f 955/232/890 954/235/890 958/233/890
f 955/232/891 959/234/891 960/231/891
f 958/233/913 961/240/913 962/237/913
f 959/234/914 962/237/914 963/238/914
f 961/240/898 964/246/898 965/244/898
f 963/238/899 962/237/899 965/244/899
f 965/244/902 964/246/902 967/249/902
f 965/244/903 968/250/903 969/248/903
f 967/255/915 970/259/915 971/256/915
f 968/257/916 971/256/916 972/254/916
f 970/259/910 954/235/910 955/232/910
f 972/254/911 971/256/911 955/232/911
o ankle_strapL.006
v -0.093000 0.098952 -0.371829
v -0.093000 0.118952 -0.371829
v -0.093000 0.098952 -0.437829
v -0.093000 0.118952 -0.437829
v -0.027000 0.098952 -0.371829
v -0.027000 0.118952 -0.371829
v -0.027000 0.098952 -0.437829
v -0.027000 0.118952 -0.437829
vn -1.0000 -0.0000 -0.0000
vn -0.0000 -0.0000 -1.0000
vn 1.0000 -0.0000 -0.0000
vn -0.0000 -0.0000 1.0000
vn -0.0000 -1.0000 -0.0000
vn -0.0000 1.0000 -0.0000
vt 0.625000 0.000000
vt 0.375000 0.250000
vt 0.375000 0.000000
vt 0.625000 0.250000
vt 0.375000 0.500000
vt 0.625000 0.500000
vt 0.375000 0.750000
vt 0.625000 0.750000
vt 0.375000 1.000000
vt 0.125000 0.750000
vt 0.125000 0.500000
vt 0.875000 0.500000
vt 0.625000 1.000000
vt 0.875000 0.750000
s 0
usemtl Aya_heels
f 974/262/917 975/263/917 973/264/917
f 976/265/918 979/266/918 975/263/918
f 980/267/919 977/268/919 979/266/919
f 978/269/920 973/270/920 977/268/920
f 979/266/921 973/271/921 975/272/921
f 976/273/922 978/269/922 980/267/922
f 974/262/917 976/265/917 975/263/917
f 976/265/918 980/267/918 979/266/918
f 980/267/919 978/269/919 977/268/919
f 978/269/920 974/274/920 973/270/920
f 979/266/921 977/268/921 973/271/921
f 976/273/922 974/275/922 978/269/922
o soleL.006
v -0.095000 0.026452 -0.259829
v -0.095000 0.071452 -0.259829
v -0.095000 0.026452 -0.449829
v -0.095000 0.071452 -0.449829
v -0.025000 0.026452 -0.259829
v -0.025000 0.071452 -0.259829
v -0.025000 0.026452 -0.449829
v -0.025000 0.071452 -0.449829
vn -1.0000 -0.0000 -0.0000
vn -0.0000 -0.0000 -1.0000
vn 1.0000 -0.0000 -0.0000
vn -0.0000 -0.0000 1.0000
vn -0.0000 -1.0000 -0.0000
vn -0.0000 1.0000 -0.0000
vt 0.625000 0.000000
vt 0.375000 0.250000
vt 0.375000 0.000000
vt 0.625000 0.250000
vt 0.375000 0.500000
vt 0.625000 0.500000
vt 0.375000 0.750000
vt 0.625000 0.750000
vt 0.375000 1.000000
vt 0.125000 0.750000
vt 0.125000 0.500000
vt 0.875000 0.500000
vt 0.625000 1.000000
vt 0.875000 0.750000
s 0
usemtl Aya_heels
f 982/276/923 983/277/923 981/278/923
f 984/279/924 987/280/924 983/277/924
f 988/281/925 985/282/925 987/280/925
f 986/283/926 981/284/926 985/282/926
f 987/280/927 981/285/927 983/286/927
f 984/287/928 986/283/928 988/281/928
f 982/276/923 984/279/923 983/277/923
f 984/279/924 988/281/924 987/280/924
f 988/281/925 986/283/925 985/282/925
f 986/283/926 982/288/926 981/284/926
f 987/280/927 985/282/927 981/285/927
f 984/287/928 982/289/928 986/283/928
o bangs.006
v 0.025000 1.725453 0.157112
v 0.025000 1.718769 0.139479
v 0.025000 1.701269 0.128580
v 0.025000 1.679638 0.128580
v 0.025000 1.662138 0.139479
v 0.025000 1.655453 0.157112
v 0.052016 1.718769 0.144643
v 0.068712 1.701269 0.136937
v 0.068712 1.679638 0.136937
v 0.052016 1.662138 0.144643
v 0.063206 1.718769 0.157112
v 0.086819 1.701269 0.157112
v 0.086819 1.679638 0.157112
v 0.063206 1.662138 0.157112
v 0.052016 1.718769 0.169581
v 0.068712 1.701269 0.177287
v 0.068712 1.679638 0.177287
v 0.052016 1.662138 0.169581
v 0.025000 1.718769 0.174746
v 0.025000 1.701269 0.185644
v 0.025000 1.679638 0.185644
v 0.025000 1.662138 0.174746
v -0.002016 1.718769 0.169581
v -0.018712 1.701269 0.177287
v -0.018712 1.679638 0.177287
v -0.002016 1.662138 0.169581
v -0.013206 1.718769 0.157112
v -0.036819 1.701269 0.157112
v -0.036819 1.679638 0.157112
v -0.013206 1.662138 0.157112
v -0.002016 1.718769 0.144643
v -0.018712 1.701269 0.136937
v -0.018712 1.679638 0.136937
v -0.002016 1.662138 0.144643
vn 0.0676 -0.9329 -0.3537
vn 0.1878 -0.0000 -0.9822
vn 0.0676 0.9329 -0.3537
vn 0.1602 -0.5218 -0.8379
vn 0.1602 0.5218 -0.8379
vn 0.5252 0.7086 -0.4713
vn 0.1703 -0.9735 -0.1529
vn 0.7442 -0.0000 -0.6679
vn 0.1703 0.9735 -0.1529
vn 0.5252 -0.7086 -0.4713
vn 0.5252 0.7086 0.4713
vn 0.1703 -0.9735 0.1529
vn 0.7442 -0.0000 0.6679
vn 0.1703 0.9735 0.1529
vn 0.5252 -0.7086 0.4713
vn 0.1602 0.5218 0.8379
vn 0.0676 -0.9329 0.3537
vn 0.1878 -0.0000 0.9822
vn 0.0676 0.9329 0.3537
vn 0.1602 -0.5218 0.8379
vn -0.1602 0.5218 0.8379
vn -0.0676 -0.9329 0.3537
vn -0.1878 -0.0000 0.9822
vn -0.0676 0.9329 0.3537
vn -0.1602 -0.5218 0.8379
vn -0.5252 0.7086 0.4713
vn -0.1703 -0.9735 0.1529
vn -0.7442 -0.0000 0.6679
vn -0.1703 0.9735 0.1529
vn -0.5252 -0.7086 0.4713
vn -0.5252 0.7086 -0.4713
vn -0.1703 -0.9735 -0.1529
vn -0.7442 -0.0000 -0.6679
vn -0.1703 0.9735 -0.1529
vn -0.5252 -0.7086 -0.4713
vn -0.1602 0.5218 -0.8379
vn -0.0676 -0.9329 -0.3537
vn -0.1878 -0.0000 -0.9822
vn -0.0676 0.9329 -0.3537
vn -0.1602 -0.5218 -0.8379
vt 0.687500 0.000000
vt 0.750000 0.200000
vt 0.625000 0.200000
vt 0.750000 0.600000
vt 0.625000 0.400000
vt 0.750000 0.400000
vt 0.750000 0.800000
vt 0.687500 1.000000
vt 0.625000 0.800000
vt 0.625000 0.600000
vt 0.500000 0.800000
vt 0.500000 0.600000
vt 0.562500 0.000000
vt 0.500000 0.200000
vt 0.500000 0.400000
vt 0.562500 1.000000
vt 0.375000 0.600000
vt 0.437500 0.000000
vt 0.375000 0.200000
vt 0.375000 0.400000
vt 0.437500 1.000000
vt 0.375000 0.800000
vt 0.250000 0.600000
vt 0.312500 0.000000
vt 0.250000 0.200000
vt 0.250000 0.400000
vt 0.312500 1.000000
vt 0.250000 0.800000
vt 0.125000 0.800000
vt 0.125000 0.600000
vt 0.187500 0.000000
vt 0.125000 0.200000
vt 0.125000 0.400000
vt 0.187500 1.000000
vt 0.000000 0.800000
vt 0.000000 0.600000
vt 0.062500 0.000000
vt 0.000000 0.200000
vt 0.000000 0.400000
vt 0.062500 1.000000
vt 1.000000 0.800000
vt 0.875000 0.600000
vt 1.000000 0.600000
vt 0.937500 0.000000
vt 1.000000 0.200000
vt 0.875000 0.200000
vt 0.875000 0.400000
vt 1.000000 0.400000
vt 0.937500 1.000000
vt 0.875000 0.800000
vt 0.812500 0.000000
vt 0.812500 1.000000
s 0
usemtl Aya_blonde
f 994/290/929 993/291/929 998/292/929
f 991/293/930 997/294/930 992/295/930
f 990/296/931 989/297/931 995/298/931
f 992/295/932 998/292/932 993/291/932
f 991/293/933 995/298/933 996/299/933
f 996/299/934 999/300/934 1000/301/934
f 994/302/935 998/292/935 1002/303/935
f 996/299/936 1001/304/936 997/294/936
f 995/298/937 989/305/937 999/300/937
f 997/294/938 1002/303/938 998/292/938
f 999/300/939 1004/306/939 1000/301/939
f 994/307/940 1002/303/940 1006/308/940
f 1000/301/941 1005/309/941 1001/304/941
f 999/300/942 989/310/942 1003/311/942
f 1002/303/943 1005/309/943 1006/308/943
f 1003/311/944 1008/312/944 1004/306/944
f 994/313/945 1006/308/945 1010/314/945
f 1004/306/946 1009/315/946 1005/309/946
f 1003/311/947 989/316/947 1007/317/947
f 1006/308/948 1009/315/948 1010/314/948
f 1008/312/949 1011/318/949 1012/319/949
f 994/320/950 1010/314/950 1014/321/950
f 1008/312/951 1013/322/951 1009/315/951
f 1007/317/952 989/323/952 1011/318/952
f 1009/315/953 1014/321/953 1010/314/953
f 1012/319/954 1015/324/954 1016/325/954
f 994/326/955 1014/321/955 1018/327/955
f 1012/319/956 1017/328/956 1013/322/956
f 1011/318/957 989/329/957 1015/324/957
f 1013/322/958 1018/327/958 1014/321/958
f 1015/330/959 1020/331/959 1016/332/959
f 994/333/960 1018/334/960 1022/335/960
f 1016/332/961 1021/336/961 1017/337/961
f 1015/330/962 989/338/962 1019/339/962
f 1018/334/963 1021/336/963 1022/335/963
f 1019/339/964 991/293/964 1020/331/964
f 994/340/965 1022/335/965 993/291/965
f 1020/331/966 992/295/966 1021/336/966
f 1019/339/967 989/341/967 990/296/967
f 1022/335/968 992/295/968 993/291/968
f 991/293/930 996/299/930 997/294/930
f 992/295/932 997/294/932 998/292/932
f 991/293/933 990/296/933 995/298/933
f 996/299/934 995/298/934 999/300/934
f 996/299/936 1000/301/936 1001/304/936
f 997/294/938 1001/304/938 1002/303/938
f 999/300/939 1003/311/939 1004/306/939
f 1000/301/941 1004/306/941 1005/309/941
f 1002/303/943 1001/304/943 1005/309/943
f 1003/311/944 1007/317/944 1008/312/944
f 1004/306/946 1008/312/946 1009/315/946
f 1006/308/948 1005/309/948 1009/315/948
f 1008/312/949 1007/317/949 1011/318/949
f 1008/312/951 1012/319/951 1013/322/951
f 1009/315/953 1013/322/953 1014/321/953
f 1012/319/954 1011/318/954 1015/324/954
f 1012/319/956 1016/325/956 1017/328/956
f 1013/322/958 1017/328/958 1018/327/958
f 1015/330/959 1019/339/959 1020/331/959
f 1016/332/961 1020/331/961 1021/336/961
f 1018/334/963 1017/337/963 1021/336/963
f 1019/339/964 990/296/964 991/293/964
f 1020/331/966 991/293/966 992/295/966
f 1022/335/968 1021/336/968 992/295/968
o handL.006
v -0.195000 0.919478 0.377281
v -0.195000 0.909929 0.359647
v -0.195000 0.884929 0.348749
v -0.195000 0.854027 0.348749
v -0.195000 0.829027 0.359647
v -0.195000 0.819478 0.377281
v -0.183362 0.909929 0.364812
v -0.176170 0.884929 0.357106
v -0.176170 0.854027 0.357106
v -0.183362 0.829027 0.364812
v -0.178542 0.909929 0.377281
v -0.168370 0.884929 0.377281
v -0.168370 0.854027 0.377281
v -0.178542 0.829027 0.377281
v -0.183362 0.909929 0.389749
v -0.176170 0.884929 0.397456
v -0.176170 0.854027 0.397456
v -0.183362 0.829027 0.389749
v -0.195000 0.909929 0.394914
v -0.195000 0.884929 0.405812
v -0.195000 0.854027 0.405812
v -0.195000 0.829027 0.394914
v -0.206638 0.909929 0.389749
v -0.213830 0.884929 0.397456
v -0.213830 0.854027 0.397456
v -0.206638 0.829027 0.389749
v -0.211458 0.909929 0.377281
v -0.221630 0.884929 0.377281
v -0.221630 0.854027 0.377281
v -0.211458 0.829027 0.377281
v -0.206638 0.909929 0.364812
v -0.213830 0.884929 0.357106
v -0.213830 0.854027 0.357106
v -0.206638 0.829027 0.364812
vn 0.2068 -0.8603 -0.4659
vn 0.4056 -0.0000 -0.9140
vn 0.2068 0.8603 -0.4659
vn 0.3768 -0.3701 -0.8491
vn 0.3768 0.3701 -0.8491
vn 0.8720 -0.3548 -0.3371
vn 0.8720 0.3548 -0.3371
vn 0.4927 -0.8491 -0.1905
vn 0.9327 -0.0000 -0.3606
vn 0.4927 0.8491 -0.1905
vn 0.8720 -0.3548 0.3371
vn 0.8720 0.3548 0.3371
vn 0.4927 -0.8491 0.1905
vn 0.9327 -0.0000 0.3606
vn 0.4927 0.8491 0.1905
vn 0.3768 -0.3702 0.8491
vn 0.3768 0.3701 0.8491
vn 0.2068 -0.8603 0.4659
vn 0.4056 -0.0000 0.9140
vn 0.2068 0.8603 0.4659
vn -0.3768 -0.3702 0.8491
vn -0.3768 0.3701 0.8491
vn -0.2068 -0.8603 0.4659
vn -0.4056 -0.0000 0.9140
vn -0.2068 0.8603 0.4659
vn -0.8720 -0.3548 0.3371
vn -0.8720 0.3548 0.3371
vn -0.4927 -0.8491 0.1905
vn -0.9327 -0.0000 0.3606
vn -0.4927 0.8491 0.1905
vn -0.8720 -0.3548 -0.3371
vn -0.8720 0.3548 -0.3371
vn -0.4927 -0.8491 -0.1905
vn -0.9327 -0.0000 -0.3606
vn -0.4927 0.8491 -0.1905
vn -0.3768 -0.3701 -0.8491
vn -0.3768 0.3701 -0.8491
vn -0.2068 -0.8603 -0.4659
vn -0.4056 -0.0000 -0.9140
vn -0.2068 0.8603 -0.4659
vn 0.3768 -0.3701 0.8491
vn 0.3768 0.3702 0.8491
vn -0.3768 -0.3701 0.8491
vn -0.3768 0.3702 0.8491
vt 0.687500 0.000000
vt 0.750000 0.200000
vt 0.625000 0.200000
vt 0.750000 0.600000
vt 0.625000 0.400000
vt 0.750000 0.400000
vt 0.750000 0.800000
vt 0.687500 1.000000
vt 0.625000 0.800000
vt 0.625000 0.600000
vt 0.500000 0.400000
vt 0.500000 0.200000
vt 0.500000 0.600000
vt 0.562500 0.000000
vt 0.562500 1.000000
vt 0.500000 0.800000
vt 0.375000 0.200000
vt 0.375000 0.800000
vt 0.375000 0.600000
vt 0.437500 0.000000
vt 0.375000 0.400000
vt 0.437500 1.000000
vt 0.250000 0.200000
vt 0.250000 0.800000
vt 0.250000 0.600000
vt 0.312500 0.000000
vt 0.250000 0.400000
vt 0.312500 1.000000
vt 0.125000 0.400000
vt 0.125000 0.200000
vt 0.125000 0.600000
vt 0.187500 0.000000
vt 0.187500 1.000000
vt 0.125000 0.800000
vt 0.000000 0.400000
vt 0.000000 0.200000
vt 0.000000 0.600000
vt 0.062500 0.000000
vt 0.062500 1.000000
vt 0.000000 0.800000
vt 1.000000 0.400000
vt 0.875000 0.200000
vt 1.000000 0.200000
vt 1.000000 0.600000
vt 0.875000 0.800000
vt 0.875000 0.600000
vt 0.937500 0.000000
vt 0.875000 0.400000
vt 1.000000 0.800000
vt 0.937500 1.000000
vt 0.812500 0.000000
vt 0.812500 1.000000
s 0
usemtl Aya_skin
f 1028/342/969 1027/343/969 1032/344/969
f 1025/345/970 1031/346/970 1026/347/970
f 1024/348/971 1023/349/971 1029/350/971
f 1027/343/972 1031/346/972 1032/344/972
f 1024/348/973 1030/351/973 1025/345/973
f 1032/344/974 1035/352/974 1036/353/974
f 1029/350/975 1034/354/975 1030/351/975
f 1028/355/976 1032/344/976 1036/353/976
f 1030/351/977 1035/352/977 1031/346/977
f 1029/350/978 1023/356/978 1033/357/978
f 1035/352/979 1040/358/979 1036/353/979
f 1034/354/980 1037/359/980 1038/360/980
f 1028/361/981 1036/353/981 1040/358/981
f 1034/354/982 1039/362/982 1035/352/982
f 1033/357/983 1023/363/983 1037/359/983
f 1039/362/984 1044/364/984 1040/358/984
f 1038/360/985 1041/365/985 1042/366/985
f 1028/367/986 1040/358/986 1044/364/986
f 1038/360/987 1043/368/987 1039/362/987
f 1037/359/988 1023/369/988 1041/365/988
f 1044/364/989 1047/370/989 1048/371/989
f 1041/365/990 1046/372/990 1042/366/990
f 1028/373/991 1044/364/991 1048/371/991
f 1042/366/992 1047/370/992 1043/368/992
f 1041/365/993 1023/374/993 1045/375/993
f 1048/371/994 1051/376/994 1052/377/994
f 1045/375/995 1050/378/995 1046/372/995
f 1028/379/996 1048/371/996 1052/377/996
f 1046/372/997 1051/376/997 1047/370/997
f 1045/375/998 1023/380/998 1049/381/998
f 1051/382/999 1056/383/999 1052/384/999
f 1050/385/1000 1053/386/1000 1054/387/1000
f 1028/388/1001 1052/384/1001 1056/383/1001
f 1050/385/1002 1055/389/1002 1051/382/1002
f 1049/390/1003 1023/391/1003 1053/386/1003
f 1055/389/1004 1027/343/1004 1056/383/1004
f 1054/387/1005 1024/348/1005 1025/345/1005
f 1028/392/1006 1056/383/1006 1027/343/1006
f 1054/387/1007 1026/347/1007 1055/389/1007
f 1053/386/1008 1023/393/1008 1024/348/1008
f 1025/345/970 1030/351/970 1031/346/970
f 1027/343/972 1026/347/972 1031/346/972
f 1024/348/973 1029/350/973 1030/351/973
f 1032/344/974 1031/346/974 1035/352/974
f 1029/350/975 1033/357/975 1034/354/975
f 1030/351/977 1034/354/977 1035/352/977
f 1035/352/979 1039/362/979 1040/358/979
f 1034/354/980 1033/357/980 1037/359/980
f 1034/354/982 1038/360/982 1039/362/982
f 1039/362/1009 1043/368/1009 1044/364/1009
f 1038/360/1010 1037/359/1010 1041/365/1010
f 1038/360/987 1042/366/987 1043/368/987
f 1044/364/1011 1043/368/1011 1047/370/1011
f 1041/365/1012 1045/375/1012 1046/372/1012
f 1042/366/992 1046/372/992 1047/370/992
f 1048/371/994 1047/370/994 1051/376/994
f 1045/375/995 1049/381/995 1050/378/995
f 1046/372/997 1050/378/997 1051/376/997
f 1051/382/999 1055/389/999 1056/383/999
f 1050/385/1000 1049/390/1000 1053/386/1000
f 1050/385/1002 1054/387/1002 1055/389/1002
f 1055/389/1004 1026/347/1004 1027/343/1004
f 1054/387/1005 1053/386/1005 1024/348/1005
f 1054/387/1007 1025/345/1007 1026/347/1007
o lapelL.006
v -0.040362 1.246255 0.163736
v -0.088747 1.440314 0.163736
v -0.040362 1.246255 0.148736
v -0.088747 1.440314 0.148736
v -0.011253 1.253512 0.163736
v -0.059638 1.447571 0.163736
v -0.011253 1.253512 0.148736
v -0.059638 1.447571 0.148736
vn -0.9703 -0.2419 -0.0000
vn -0.0000 -0.0000 -1.0000
vn 0.9703 0.2419 -0.0000
vn -0.0000 -0.0000 1.0000
vn 0.2419 -0.9703 -0.0000
vn -0.2419 0.9703 -0.0000
vt 0.625000 0.000000
vt 0.375000 0.250000
vt 0.375000 0.000000
vt 0.625000 0.250000
vt 0.375000 0.500000
vt 0.625000 0.500000
vt 0.375000 0.750000
vt 0.625000 1.000000
vt 0.375000 1.000000
vt 0.125000 0.750000
vt 0.125000 0.500000
vt 0.875000 0.500000
vt 0.625000 0.750000
vt 0.875000 0.750000
s 0
usemtl Aya_lapel
f 1058/394/1013 1059/395/1013 1057/396/1013
f 1060/397/1014 1063/398/1014 1059/395/1014
f 1064/399/1015 1061/400/1015 1063/398/1015
f 1061/400/1016 1058/401/1016 1057/402/1016
f 1063/398/1017 1057/403/1017 1059/404/1017
f 1060/405/1018 1062/406/1018 1064/399/1018
f 1058/394/1013 1060/397/1013 1059/395/1013
f 1060/397/1014 1064/399/1014 1063/398/1014
f 1064/399/1015 1062/406/1015 1061/400/1015
f 1061/400/1016 1062/406/1016 1058/401/1016
f 1063/398/1017 1061/400/1017 1057/403/1017
f 1060/405/1018 1058/407/1018 1062/406/1018
o eye.012
v -0.032000 1.646453 0.166112
v -0.032000 1.643817 0.161869
v -0.032000 1.637453 0.160112
v -0.032000 1.631089 0.161869
v -0.032000 1.628453 0.166112
v -0.022814 1.643817 0.163991
v -0.019010 1.637453 0.163112
v -0.022814 1.631089 0.163991
v -0.022814 1.643817 0.168233
v -0.019010 1.637453 0.169112
v -0.022814 1.631089 0.168233
v -0.032000 1.643817 0.170355
v -0.032000 1.637453 0.172112
v -0.032000 1.631089 0.170355
v -0.041186 1.643817 0.168233
v -0.044990 1.637453 0.169112
v -0.041186 1.631089 0.168233
v -0.041186 1.643817 0.163991
v -0.044990 1.637453 0.163112
v -0.041186 1.631089 0.163991
vn 0.2173 -0.2598 -0.9409
vn 0.1210 0.8432 -0.5239
vn 0.1210 -0.8432 -0.5239
vn 0.2173 0.2598 -0.9409
vn 0.8583 -0.5131 -0.0000
vn 0.2758 0.9612 -0.0000
vn 0.2758 -0.9612 -0.0000
vn 0.8583 0.5131 -0.0000
vn 0.2173 -0.2598 0.9409
vn 0.1210 0.8432 0.5239
vn 0.1210 -0.8432 0.5239
vn 0.2173 0.2598 0.9409
vn -0.2173 -0.2598 0.9409
vn -0.1210 0.8432 0.5239
vn -0.1210 -0.8432 0.5239
vn -0.2173 0.2598 0.9409
vn -0.8583 -0.5131 -0.0000
vn -0.2758 0.9612 -0.0000
vn -0.2758 -0.9612 -0.0000
vn -0.8583 0.5131 -0.0000
vn -0.2173 -0.2598 -0.9409
vn -0.1210 0.8432 -0.5239
vn -0.1210 -0.8432 -0.5239
vn -0.2173 0.2598 -0.9409
vn 0.8583 0.5132 -0.0000
vn -0.8583 0.5132 -0.0000
vt 0.666667 0.500000
vt 0.500000 0.250000
vt 0.666667 0.250000
vt 0.666667 0.750000
vt 0.583333 1.000000
vt 0.500000 0.750000
vt 0.583333 0.000000
vt 0.500000 0.500000
vt 0.333333 0.250000
vt 0.416667 1.000000
vt 0.333333 0.750000
vt 0.416667 0.000000
vt 0.333333 0.500000
vt 0.166667 0.500000
vt 0.166667 0.250000
vt 0.250000 1.000000
vt 0.166667 0.750000
vt 0.250000 0.000000
vt 0.000000 0.250000
vt 0.083333 1.000000
vt 0.000000 0.750000
vt 0.083333 0.000000
vt 0.000000 0.500000
vt 1.000000 0.500000
vt 0.833333 0.250000
vt 1.000000 0.250000
vt 1.000000 0.750000
vt 0.916667 1.000000
vt 0.833333 0.750000
vt 0.916667 0.000000
vt 0.833333 0.500000
vt 0.750000 1.000000
vt 0.750000 0.000000
s 0
usemtl Aya_eyes
f 1067/408/1019 1072/409/1019 1068/410/1019
f 1066/411/1020 1065/412/1020 1070/413/1020
f 1069/414/1021 1068/410/1021 1072/409/1021
f 1067/408/1022 1070/413/1022 1071/415/1022
f 1071/415/1023 1075/416/1023 1072/409/1023
f 1070/413/1024 1065/417/1024 1073/418/1024
f 1069/419/1025 1072/409/1025 1075/416/1025
f 1070/413/1026 1074/420/1026 1071/415/1026
f 1075/416/1027 1077/421/1027 1078/422/1027
f 1073/418/1028 1065/423/1028 1076/424/1028
f 1069/425/1029 1075/416/1029 1078/422/1029
f 1073/418/1030 1077/421/1030 1074/420/1030
f 1077/421/1031 1081/426/1031 1078/422/1031
f 1076/424/1032 1065/427/1032 1079/428/1032
f 1069/429/1033 1078/422/1033 1081/426/1033
f 1077/421/1034 1079/428/1034 1080/430/1034
f 1080/431/1035 1084/432/1035 1081/433/1035
f 1079/434/1036 1065/435/1036 1082/436/1036
f 1069/437/1037 1081/433/1037 1084/432/1037
f 1079/434/1038 1083/438/1038 1080/431/1038
f 1084/432/1039 1067/408/1039 1068/410/1039
f 1082/436/1040 1065/439/1040 1066/411/1040
f 1069/440/1041 1084/432/1041 1068/410/1041
f 1082/436/1042 1067/408/1042 1083/438/1042
f 1067/408/1019 1071/415/1019 1072/409/1019
f 1067/408/1022 1066/411/1022 1070/413/1022
f 1071/415/1023 1074/420/1023 1075/416/1023
f 1070/413/1043 1073/418/1043 1074/420/1043
f 1075/416/1027 1074/420/1027 1077/421/1027
f 1073/418/1030 1076/424/1030 1077/421/1030
f 1077/421/1031 1080/430/1031 1081/426/1031
f 1077/421/1034 1076/424/1034 1079/428/1034
f 1080/431/1035 1083/438/1035 1084/432/1035
f 1079/434/1044 1082/436/1044 1083/438/1044
f 1084/432/1039 1083/438/1039 1067/408/1039
f 1082/436/1042 1066/411/1042 1067/408/1042
o coat.006
v 0.190000 0.083202 -0.003669
v -0.190000 0.083202 -0.003669
v -0.190000 0.176798 -0.267562
v 0.190000 0.176798 -0.267562
v 0.170000 0.491165 0.123189
v -0.170000 0.491165 0.123189
v -0.170000 0.533564 -0.123189
v 0.170000 0.533564 -0.123189
v 0.155000 0.914090 0.111774
v -0.155000 0.914090 0.111774
v -0.155000 0.928300 -0.111774
v 0.155000 0.928300 -0.111774
v 0.120000 1.126688 0.114934
v -0.120000 1.126688 0.114934
v -0.120000 1.151809 -0.059264
v 0.120000 1.151809 -0.059264
v 0.140000 1.338948 0.160918
v -0.140000 1.338948 0.160918
v -0.140000 1.354878 -0.038446
v 0.140000 1.354878 -0.038446
v 0.150000 1.406913 0.151236
v -0.150000 1.406913 0.151236
v -0.150000 1.406913 -0.028764
v 0.150000 1.406913 -0.028764
v 0.179626 0.284143 0.059345
v -0.179626 0.284143 0.059345
v -0.179626 0.372538 -0.189882
v 0.179626 0.372538 -0.189882
v 0.162249 0.723616 0.118283
v -0.162249 0.723616 0.118283
v -0.162249 0.723616 -0.118283
v 0.162249 0.723616 -0.118283
vn 0.5906 -0.7187 0.3670
vn -0.5906 -0.7187 0.3670
vn -0.5906 -0.3269 -0.7378
vn 0.5906 -0.3269 -0.7378
vn 0.6708 -0.0794 0.7374
vn -0.6708 -0.0794 0.7374
vn -0.7479 0.1734 -0.6407
vn 0.7479 0.1734 -0.6407
vn 0.7198 0.0757 0.6901
vn -0.7198 0.0757 0.6901
vn -0.6937 0.1527 -0.7039
vn 0.6937 0.1527 -0.7039
vn 0.6983 -0.0544 0.7137
vn -0.6983 -0.0544 0.7137
vn -0.6901 0.1424 -0.7095
vn 0.6901 0.1424 -0.7095
vn 0.6610 -0.0962 0.7442
vn -0.6610 -0.0962 0.7442
vn -0.6860 0.0134 -0.7275
vn 0.6860 0.0134 -0.7275
vn 0.6353 0.5670 0.5243
vn -0.6353 0.5670 0.5243
vn -0.6482 0.5628 -0.5128
vn 0.6483 0.5628 -0.5128
vn 0.7053 -0.1773 0.6864
vn -0.7053 -0.1773 0.6864
vn -0.7044 0.3003 -0.6432
vn 0.7043 0.3003 -0.6432
vn 0.7047 0.0457 0.7080
vn -0.7047 0.0457 0.7080
vn -0.7051 0.0476 -0.7075
vn 0.7051 0.0476 -0.7075
s 1
usemtl Aya_coat
f 1086//1046 1088//1048 1085//1045
f 1107//1067 1105//1065 1108//1068
f 1110//1070 1085//1045 1109//1069
f 1111//1071 1086//1046 1110//1070
f 1112//1072 1087//1047 1111//1071
f 1109//1069 1088//1048 1112//1072
f 1090//1050 1109//1069 1089//1049
f 1091//1051 1110//1070 1090//1050
f 1092//1052 1111//1071 1091//1051
f 1092//1052 1109//1069 1112//1072
f 1114//1074 1089//1049 1113//1073
f 1114//1074 1091//1051 1090//1050
f 1116//1076 1091//1051 1115//1075
f 1113//1073 1092//1052 1116//1076
f 1094//1054 1113//1073 1093//1053
f 1094//1054 1115//1075 1114//1074
f 1096//1056 1115//1075 1095//1055
f 1093//1053 1116//1076 1096//1056
f 1098//1058 1093//1053 1097//1057
f 1099//1059 1094//1054 1098//1058
f 1100//1060 1095//1055 1099//1059
f 1100//1060 1093//1053 1096//1056
f 1102//1062 1097//1057 1101//1061
f 1103//1063 1098//1058 1102//1062
f 1104//1064 1099//1059 1103//1063
f 1104//1064 1097//1057 1100//1060
f 1106//1066 1101//1061 1105//1065
f 1106//1066 1103//1063 1102//1062
f 1108//1068 1103//1063 1107//1067
f 1105//1065 1104//1064 1108//1068
f 1086//1046 1087//1047 1088//1048
f 1107//1067 1106//1066 1105//1065
f 1110//1070 1086//1046 1085//1045
f 1111//1071 1087//1047 1086//1046
f 1112//1072 1088//1048 1087//1047
f 1109//1069 1085//1045 1088//1048
f 1090//1050 1110//1070 1109//1069
f 1091//1051 1111//1071 1110//1070
f 1092//1052 1112//1072 1111//1071
f 1092//1052 1089//1049 1109//1069
f 1114//1074 1090//1050 1089//1049
f 1114//1074 1115//1075 1091//1051
f 1116//1076 1092//1052 1091//1051
f 1113//1073 1089//1049 1092//1052
f 1094//1054 1114//1074 1113//1073
f 1094//1054 1095//1055 1115//1075
f 1096//1056 1116//1076 1115//1075
f 1093//1053 1113//1073 1116//1076
f 1098//1058 1094//1054 1093//1053
f 1099//1059 1095//1055 1094//1054
f 1100//1060 1096//1056 1095//1055
f 1100//1060 1097//1057 1093//1053
f 1102//1062 1098//1058 1097//1057
f 1103//1063 1099//1059 1098//1058
f 1104//1064 1100//1060 1099//1059
f 1104//1064 1101//1061 1097//1057
f 1106//1066 1102//1062 1101//1061
f 1106//1066 1107//1067 1103//1063
f 1108//1068 1104//1064 1103//1063
f 1105//1065 1101//1061 1104//1064
o eye.013
v 0.032000 1.646453 0.166112
v 0.032000 1.643817 0.161869
v 0.032000 1.637453 0.160112
v 0.032000 1.631089 0.161869
v 0.032000 1.628453 0.166112
v 0.041186 1.643817 0.163991
v 0.044990 1.637453 0.163112
v 0.041186 1.631089 0.163991
v 0.041186 1.643817 0.168233
v 0.044990 1.637453 0.169112
v 0.041186 1.631089 0.168233
v 0.032000 1.643817 0.170355
v 0.032000 1.637453 0.172112
v 0.032000 1.631089 0.170355
v 0.022814 1.643817 0.168233
v 0.019010 1.637453 0.169112
v 0.022814 1.631089 0.168233
v 0.022814 1.643817 0.163991
v 0.019010 1.637453 0.163112
v 0.022814 1.631089 0.163991
vn 0.1210 -0.8432 -0.5239
vn 0.2173 0.2598 -0.9409
vn 0.2173 -0.2598 -0.9409
vn 0.1210 0.8432 -0.5239
vn 0.2758 -0.9612 -0.0000
vn 0.8583 0.5131 -0.0000
vn 0.8583 -0.5131 -0.0000
vn 0.2758 0.9612 -0.0000
vn 0.1210 -0.8432 0.5239
vn 0.2173 0.2598 0.9409
vn 0.2173 -0.2598 0.9409
vn 0.1210 0.8432 0.5239
vn -0.1210 -0.8432 0.5239
vn -0.2173 0.2598 0.9409
vn -0.2173 -0.2598 0.9409
vn -0.1210 0.8432 0.5239
vn -0.2758 0.9612 -0.0000
vn -0.2758 -0.9612 -0.0000
vn -0.8583 0.5131 -0.0000
vn -0.8583 -0.5132 -0.0000
vn -0.2173 -0.2598 -0.9409
vn -0.1210 0.8432 -0.5239
vn -0.1210 -0.8432 -0.5239
vn -0.2173 0.2598 -0.9409
vn 0.8583 0.5132 -0.0000
vn -0.8583 0.5132 -0.0000
vn -0.8583 -0.5131 -0.0000
vt 0.583333 0.000000
vt 0.666667 0.250000
vt 0.500000 0.250000
vt 0.666667 0.500000
vt 0.500000 0.750000
vt 0.500000 0.500000
vt 0.666667 0.750000
vt 0.583333 1.000000
vt 0.416667 0.000000
vt 0.333333 0.250000
vt 0.333333 0.500000
vt 0.416667 1.000000
vt 0.333333 0.750000
vt 0.250000 0.000000
vt 0.166667 0.250000
vt 0.166667 0.500000
vt 0.250000 1.000000
vt 0.166667 0.750000
vt 0.083333 0.000000
vt 0.000000 0.250000
vt 0.000000 0.750000
vt 0.000000 0.500000
vt 0.083333 1.000000
vt 1.000000 0.750000
vt 0.916667 1.000000
vt 0.833333 0.750000
vt 0.916667 0.000000
vt 1.000000 0.250000
vt 0.833333 0.250000
vt 0.833333 0.500000
vt 1.000000 0.500000
vt 0.750000 1.000000
vt 0.750000 0.000000
s 0
usemtl Aya_eyes
f 1121/441/1077 1120/442/1077 1124/443/1077
f 1119/444/1078 1122/445/1078 1123/446/1078
f 1119/444/1079 1124/443/1079 1120/442/1079
f 1118/447/1080 1117/448/1080 1122/445/1080
f 1121/449/1081 1124/443/1081 1127/450/1081
f 1122/445/1082 1126/451/1082 1123/446/1082
f 1123/446/1083 1127/450/1083 1124/443/1083
f 1122/445/1084 1117/452/1084 1125/453/1084
f 1121/454/1085 1127/450/1085 1130/455/1085
f 1125/453/1086 1129/456/1086 1126/451/1086
f 1127/450/1087 1129/456/1087 1130/455/1087
f 1125/453/1088 1117/457/1088 1128/458/1088
f 1121/459/1089 1130/455/1089 1133/460/1089
f 1129/456/1090 1131/461/1090 1132/462/1090
f 1129/456/1091 1133/460/1091 1130/455/1091
f 1128/458/1092 1117/463/1092 1131/461/1092
f 1131/464/1093 1117/465/1093 1134/466/1093
f 1121/467/1094 1133/468/1094 1136/469/1094
f 1131/464/1095 1135/470/1095 1132/471/1095
f 1133/468/1096 1135/470/1096 1136/469/1096
f 1136/469/1097 1119/444/1097 1120/442/1097
f 1134/466/1098 1117/472/1098 1118/447/1098
f 1121/473/1099 1136/469/1099 1120/442/1099
f 1134/466/1100 1119/444/1100 1135/470/1100
f 1119/444/1078 1118/447/1078 1122/445/1078
f 1119/444/1079 1123/446/1079 1124/443/1079
f 1122/445/1101 1125/453/1101 1126/451/1101
f 1123/446/1083 1126/451/1083 1127/450/1083
f 1125/453/1086 1128/458/1086 1129/456/1086
f 1127/450/1087 1126/451/1087 1129/456/1087
f 1129/456/1090 1128/458/1090 1131/461/1090
f 1129/456/1091 1132/462/1091 1133/460/1091
f 1131/464/1102 1134/466/1102 1135/470/1102
f 1133/468/1103 1132/471/1103 1135/470/1103
f 1136/469/1097 1135/470/1097 1119/444/1097
f 1134/466/1100 1118/447/1100 1119/444/1100
o soleR.006
v 0.025000 0.012500 0.097778
v 0.025000 0.057500 0.097778
v 0.025000 0.012500 -0.092222
v 0.025000 0.057500 -0.092222
v 0.095000 0.012500 0.097778
v 0.095000 0.057500 0.097778
v 0.095000 0.012500 -0.092222
v 0.095000 0.057500 -0.092222
vn -1.0000 -0.0000 -0.0000
vn -0.0000 -0.0000 -1.0000
vn 1.0000 -0.0000 -0.0000
vn -0.0000 -0.0000 1.0000
vn -0.0000 -1.0000 -0.0000
vn -0.0000 1.0000 -0.0000
vt 0.625000 0.000000
vt 0.375000 0.250000
vt 0.375000 0.000000
vt 0.625000 0.250000
vt 0.375000 0.500000
vt 0.625000 0.500000
vt 0.375000 0.750000
vt 0.625000 0.750000
vt 0.375000 1.000000
vt 0.125000 0.750000
vt 0.125000 0.500000
vt 0.875000 0.500000
vt 0.625000 1.000000
vt 0.875000 0.750000
s 0
usemtl Aya_heels
f 1138/474/1104 1139/475/1104 1137/476/1104
f 1140/477/1105 1143/478/1105 1139/475/1105
f 1144/479/1106 1141/480/1106 1143/478/1106
f 1142/481/1107 1137/482/1107 1141/480/1107
f 1143/478/1108 1137/483/1108 1139/484/1108
f 1140/485/1109 1142/481/1109 1144/479/1109
f 1138/474/1104 1140/477/1104 1139/475/1104
f 1140/477/1105 1144/479/1105 1143/478/1105
f 1144/479/1106 1142/481/1106 1141/480/1106
f 1142/481/1107 1138/486/1107 1137/482/1107
f 1143/478/1108 1141/480/1108 1137/483/1108
f 1140/485/1109 1138/487/1109 1142/481/1109
o strapL.006
v -0.096000 0.068952 -0.299829
v -0.096000 0.098952 -0.299829
v -0.096000 0.068952 -0.349829
v -0.096000 0.098952 -0.349829
v -0.024000 0.068952 -0.299829
v -0.024000 0.098952 -0.299829
v -0.024000 0.068952 -0.349829
v -0.024000 0.098952 -0.349829
vn -1.0000 -0.0000 -0.0000
vn -0.0000 -0.0000 -1.0000
vn 1.0000 -0.0000 -0.0000
vn -0.0000 -0.0000 1.0000
vn -0.0000 -1.0000 -0.0000
vn -0.0000 1.0000 -0.0000
vt 0.625000 0.000000
vt 0.375000 0.250000
vt 0.375000 0.000000
vt 0.625000 0.250000
vt 0.375000 0.500000
vt 0.625000 0.500000
vt 0.375000 0.750000
vt 0.625000 0.750000
vt 0.375000 1.000000
vt 0.125000 0.750000
vt 0.125000 0.500000
vt 0.875000 0.500000
vt 0.625000 1.000000
vt 0.875000 0.750000
s 0
usemtl Aya_heels
f 1146/488/1110 1147/489/1110 1145/490/1110
f 1148/491/1111 1151/492/1111 1147/489/1111
f 1152/493/1112 1149/494/1112 1151/492/1112
f 1150/495/1113 1145/496/1113 1149/494/1113
f 1151/492/1114 1145/497/1114 1147/498/1114
f 1148/499/1115 1150/495/1115 1152/493/1115
f 1146/488/1110 1148/491/1110 1147/489/1110
f 1148/491/1111 1152/493/1111 1151/492/1111
f 1152/493/1112 1150/495/1112 1149/494/1112
f 1150/495/1113 1146/500/1113 1145/496/1113
f 1151/492/1114 1149/494/1114 1145/497/1114
f 1148/499/1115 1146/501/1115 1150/495/1115
o head.006
v 0.000000 1.737453 0.082112
v 0.000000 1.650376 -0.010506
v 0.000000 1.600531 -0.010506
v 0.000000 1.513453 0.082112
v 0.021678 1.726362 0.048765
v 0.039062 1.695284 0.022023
v 0.048709 1.650376 0.007182
v 0.048709 1.600531 0.007182
v 0.039062 1.555622 0.022023
v 0.021678 1.524545 0.048765
v 0.035075 1.726362 0.069375
v 0.063203 1.695284 0.059160
v 0.078813 1.650376 0.053492
v 0.078813 1.600531 0.053492
v 0.063203 1.555622 0.059160
v 0.035075 1.524545 0.069375
v 0.035075 1.726362 0.094849
v 0.063203 1.695284 0.105064
v 0.078813 1.650376 0.110733
v 0.078813 1.600531 0.110733
v 0.063203 1.555622 0.105064
v 0.035075 1.524545 0.094849
v 0.021678 1.726362 0.115459
v 0.039062 1.695284 0.142201
v 0.048709 1.650376 0.157042
v 0.048709 1.600531 0.157042
v 0.039062 1.555622 0.142201
v 0.021678 1.524545 0.115459
v 0.000000 1.726362 0.123331
v 0.000000 1.695284 0.156386
v 0.000000 1.650376 0.174730
v 0.000000 1.600531 0.174730
v 0.000000 1.555622 0.156386
v 0.000000 1.524545 0.123331
v -0.021678 1.726362 0.115459
v -0.039062 1.695284 0.142201
v -0.048709 1.650376 0.157042
v -0.048709 1.600531 0.157042
v -0.039062 1.555622 0.142201
v -0.021678 1.524545 0.115459
v -0.035075 1.726362 0.094849
v -0.063203 1.695284 0.105064
v -0.078813 1.650376 0.110733
v -0.078813 1.600531 0.110733
v -0.063203 1.555622 0.105064
v -0.035075 1.524545 0.094849
v -0.035075 1.726362 0.069375
v -0.063203 1.695284 0.059160
v -0.078813 1.650376 0.053492
v -0.078813 1.600531 0.053492
v -0.063203 1.555622 0.059160
v -0.035075 1.524545 0.069375
v -0.021678 1.726362 0.048765
v -0.039062 1.695284 0.022023
v -0.048709 1.650376 0.007182
v -0.048709 1.600531 0.007182
v -0.039062 1.555622 0.022023
v -0.021678 1.524545 0.048765
v -0.000000 1.726362 0.040893
v -0.000000 1.695284 0.007838
v -0.000000 1.555622 0.007838
v -0.000000 1.524545 0.040893
vn 0.2414 0.7070 -0.6647
vn 0.0939 -0.9614 -0.2587
vn 0.3187 -0.3584 -0.8775
vn 0.3187 0.3584 -0.8775
vn 0.0939 0.9614 -0.2587
vn 0.2414 -0.7070 -0.6647
vn 0.3413 -0.0000 -0.9399
vn 0.6115 -0.6841 -0.3975
vn 0.8384 -0.0000 -0.5450
vn 0.6115 0.6841 -0.3975
vn 0.2447 -0.9565 -0.1591
vn 0.7888 -0.3389 -0.5128
vn 0.7888 0.3389 -0.5128
vn 0.2447 0.9565 -0.1591
vn 0.7414 0.6710 -0.0000
vn 0.3015 -0.9535 -0.0000
vn 0.9446 -0.3283 -0.0000
vn 0.9446 0.3283 -0.0000
vn 0.3015 0.9535 -0.0000
vn 0.7414 -0.6710 -0.0000
vn 1.0000 -0.0000 -0.0000
vn 0.2447 -0.9565 0.1591
vn 0.7888 -0.3389 0.5128
vn 0.7888 0.3389 0.5128
vn 0.2447 0.9565 0.1591
vn 0.6115 -0.6841 0.3975
vn 0.8384 -0.0000 0.5450
vn 0.6115 0.6841 0.3975
vn 0.3187 -0.3584 0.8775
vn 0.3187 0.3584 0.8775
vn 0.0940 0.9614 0.2587
vn 0.2414 -0.7070 0.6647
vn 0.3413 -0.0000 0.9399
vn 0.2414 0.7070 0.6647
vn 0.0939 -0.9614 0.2587
vn -0.0939 0.9614 0.2587
vn -0.2414 -0.7070 0.6647
vn -0.3413 -0.0000 0.9399
vn -0.2414 0.7070 0.6647
vn -0.0939 -0.9614 0.2587
vn -0.3187 -0.3584 0.8775
vn -0.3187 0.3584 0.8775
vn -0.6115 -0.6841 0.3975
vn -0.8384 -0.0000 0.5450
vn -0.6115 0.6841 0.3975
vn -0.2447 -0.9565 0.1591
vn -0.7888 -0.3389 0.5128
vn -0.7888 0.3389 0.5128
vn -0.2447 0.9565 0.1591
vn -1.0000 -0.0000 -0.0000
vn -0.7414 0.6710 -0.0000
vn -0.3015 -0.9535 -0.0000
vn -0.9446 -0.3283 -0.0000
vn -0.9446 0.3283 -0.0000
vn -0.3015 0.9535 -0.0000
vn -0.7414 -0.6710 -0.0000
vn -0.2447 -0.9565 -0.1591
vn -0.7888 -0.3389 -0.5128
vn -0.7888 0.3389 -0.5128
vn -0.2447 0.9565 -0.1591
vn -0.6115 -0.6841 -0.3975
vn -0.8384 -0.0000 -0.5450
vn -0.6115 0.6841 -0.3975
vn -0.0939 -0.9614 -0.2587
vn -0.3187 -0.3584 -0.8775
vn -0.3187 0.3584 -0.8775
vn -0.0940 0.9614 -0.2587
vn -0.2414 -0.7070 -0.6647
vn -0.3413 -0.0000 -0.9399
vn -0.2414 0.7070 -0.6647
vt 0.700000 0.857143
vt 0.600000 0.714286
vt 0.700000 0.714286
vt 0.650000 0.000000
vt 0.700000 0.142857
vt 0.600000 0.142857
vt 0.700000 0.285714
vt 0.600000 0.428571
vt 0.600000 0.285714
vt 0.600000 0.571429
vt 0.700000 0.571429
vt 0.650000 1.000000
vt 0.600000 0.857143
vt 0.700000 0.428571
vt 0.500000 0.285714
vt 0.500000 0.142857
vt 0.500000 0.428571
vt 0.500000 0.714286
vt 0.550000 0.000000
vt 0.500000 0.571429
vt 0.550000 1.000000
vt 0.500000 0.857143
vt 0.400000 0.857143
vt 0.400000 0.714286
vt 0.450000 0.000000
vt 0.400000 0.142857
vt 0.400000 0.285714
vt 0.400000 0.571429
vt 0.450000 1.000000
vt 0.400000 0.428571
vt 0.350000 0.000000
vt 0.300000 0.142857
vt 0.300000 0.285714
vt 0.300000 0.714286
vt 0.300000 0.571429
vt 0.350000 1.000000
vt 0.300000 0.857143
vt 0.300000 0.428571
vt 0.200000 0.285714
vt 0.200000 0.714286
vt 0.200000 0.571429
vt 0.250000 1.000000
vt 0.200000 0.857143
vt 0.200000 0.142857
vt 0.200000 0.428571
vt 0.250000 0.000000
vt 0.150000 1.000000
vt 0.100000 0.857143
vt 0.100000 0.285714
vt 0.100000 0.142857
vt 0.100000 0.428571
vt 0.100000 0.714286
vt 0.150000 0.000000
vt 0.100000 0.571429
vt 0.000000 0.285714
vt 0.000000 0.142857
vt 0.000000 0.428571
vt 0.000000 0.714286
vt 0.050000 0.000000
vt 0.000000 0.571429
vt 0.050000 1.000000
vt 0.000000 0.857143
vt 1.000000 0.571429
vt 0.900000 0.428571
vt 1.000000 0.428571
vt 1.000000 0.857143
vt 0.900000 0.714286
vt 1.000000 0.714286
vt 0.950000 0.000000
vt 1.000000 0.142857
vt 0.900000 0.142857
vt 0.900000 0.285714
vt 1.000000 0.285714
vt 0.900000 0.571429
vt 0.950000 1.000000
vt 0.900000 0.857143
vt 0.850000 0.000000
vt 0.800000 0.142857
vt 0.800000 0.285714
vt 0.800000 0.714286
vt 0.800000 0.571429
vt 0.850000 1.000000
vt 0.800000 0.857143
vt 0.800000 0.428571
vt 0.750000 0.000000
vt 0.750000 1.000000
s 0
usemtl Aya_skin
f 1211/502/1116 1158/503/1116 1212/504/1116
f 1156/505/1117 1214/506/1117 1162/507/1117
f 1213/508/1118 1160/509/1118 1161/510/1118
f 1212/504/1119 1159/511/1119 1154/512/1119
f 1211/502/1120 1153/513/1120 1157/514/1120
f 1214/506/1121 1161/510/1121 1162/507/1121
f 1154/512/1122 1160/509/1122 1155/515/1122
f 1162/507/1123 1167/516/1123 1168/517/1123
f 1159/511/1124 1166/518/1124 1160/509/1124
f 1157/514/1125 1164/519/1125 1158/503/1125
f 1156/520/1126 1162/507/1126 1168/517/1126
f 1161/510/1127 1166/518/1127 1167/516/1127
f 1158/503/1128 1165/521/1128 1159/511/1128
f 1157/514/1129 1153/522/1129 1163/523/1129
f 1164/519/1130 1169/524/1130 1170/525/1130
f 1156/526/1131 1168/517/1131 1174/527/1131
f 1166/518/1132 1173/528/1132 1167/516/1132
f 1164/519/1133 1171/529/1133 1165/521/1133
f 1163/523/1134 1153/530/1134 1169/524/1134
f 1167/516/1135 1174/527/1135 1168/517/1135
f 1165/521/1136 1172/531/1136 1166/518/1136
f 1156/532/1137 1174/527/1137 1180/533/1137
f 1172/531/1138 1179/534/1138 1173/528/1138
f 1171/529/1139 1176/535/1139 1177/536/1139
f 1169/524/1140 1153/537/1140 1175/538/1140
f 1173/528/1141 1180/533/1141 1174/527/1141
f 1171/529/1142 1178/539/1142 1172/531/1142
f 1170/525/1143 1175/538/1143 1176/535/1143
f 1178/539/1144 1185/540/1144 1179/534/1144
f 1177/536/1145 1182/541/1145 1183/542/1145
f 1175/538/1146 1153/543/1146 1181/544/1146
f 1179/534/1147 1186/545/1147 1180/533/1147
f 1177/536/1148 1184/546/1148 1178/539/1148
f 1176/535/1149 1181/544/1149 1182/541/1149
f 1156/547/1150 1180/533/1150 1186/545/1150
f 1181/544/1151 1153/548/1151 1187/549/1151
f 1186/545/1152 1191/550/1152 1192/551/1152
f 1183/542/1153 1190/552/1153 1184/546/1153
f 1181/544/1154 1188/553/1154 1182/541/1154
f 1156/554/1155 1186/545/1155 1192/551/1155
f 1185/540/1156 1190/552/1156 1191/550/1156
f 1182/541/1157 1189/555/1157 1183/542/1157
f 1192/551/1158 1197/556/1158 1198/557/1158
f 1189/555/1159 1196/558/1159 1190/552/1159
f 1187/549/1160 1194/559/1160 1188/553/1160
f 1156/560/1161 1192/551/1161 1198/557/1161
f 1191/550/1162 1196/558/1162 1197/556/1162
f 1188/553/1163 1195/561/1163 1189/555/1163
f 1187/549/1164 1153/562/1164 1193/563/1164
f 1195/564/1165 1202/565/1165 1196/566/1165
f 1193/567/1166 1200/568/1166 1194/569/1166
f 1156/570/1167 1198/571/1167 1204/572/1167
f 1196/566/1168 1203/573/1168 1197/574/1168
f 1194/569/1169 1201/575/1169 1195/564/1169
f 1193/567/1170 1153/576/1170 1199/577/1170
f 1197/574/1171 1204/572/1171 1198/571/1171
f 1156/578/1172 1204/572/1172 1210/579/1172
f 1202/565/1173 1209/580/1173 1203/573/1173
f 1201/575/1174 1206/581/1174 1207/582/1174
f 1199/577/1175 1153/583/1175 1205/584/1175
f 1203/573/1176 1210/579/1176 1204/572/1176
f 1201/575/1177 1208/585/1177 1202/565/1177
f 1200/568/1178 1205/584/1178 1206/581/1178
f 1156/586/1179 1210/579/1179 1214/506/1179
f 1208/585/1180 1213/508/1180 1209/580/1180
f 1207/582/1181 1212/504/1181 1154/512/1181
f 1205/584/1182 1153/587/1182 1211/502/1182
f 1209/580/1183 1214/506/1183 1210/579/1183
f 1207/582/1184 1155/515/1184 1208/585/1184
f 1206/581/1185 1211/502/1185 1212/504/1185
f 1211/502/1116 1157/514/1116 1158/503/1116
f 1213/508/1118 1155/515/1118 1160/509/1118
f 1212/504/1119 1158/503/1119 1159/511/1119
f 1214/506/1121 1213/508/1121 1161/510/1121
f 1154/512/1122 1159/511/1122 1160/509/1122
f 1162/507/1123 1161/510/1123 1167/516/1123
f 1159/511/1124 1165/521/1124 1166/518/1124
f 1157/514/1125 1163/523/1125 1164/519/1125
f 1161/510/1127 1160/509/1127 1166/518/1127
f 1158/503/1128 1164/519/1128 1165/521/1128
f 1164/519/1130 1163/523/1130 1169/524/1130
f 1166/518/1132 1172/531/1132 1173/528/1132
f 1164/519/1133 1170/525/1133 1171/529/1133
f 1167/516/1135 1173/528/1135 1174/527/1135
f 1165/521/1136 1171/529/1136 1172/531/1136
f 1172/531/1138 1178/539/1138 1179/534/1138
f 1171/529/1139 1170/525/1139 1176/535/1139
f 1173/528/1141 1179/534/1141 1180/533/1141
f 1171/529/1142 1177/536/1142 1178/539/1142
f 1170/525/1143 1169/524/1143 1175/538/1143
f 1178/539/1144 1184/546/1144 1185/540/1144
f 1177/536/1145 1176/535/1145 1182/541/1145
f 1179/534/1147 1185/540/1147 1186/545/1147
f 1177/536/1148 1183/542/1148 1184/546/1148
f 1176/535/1149 1175/538/1149 1181/544/1149
f 1186/545/1152 1185/540/1152 1191/550/1152
f 1183/542/1153 1189/555/1153 1190/552/1153
f 1181/544/1154 1187/549/1154 1188/553/1154
f 1185/540/1156 1184/546/1156 1190/552/1156
f 1182/541/1157 1188/553/1157 1189/555/1157
f 1192/551/1158 1191/550/1158 1197/556/1158
f 1189/555/1159 1195/561/1159 1196/558/1159
f 1187/549/1160 1193/563/1160 1194/559/1160
f 1191/550/1162 1190/552/1162 1196/558/1162
f 1188/553/1163 1194/559/1163 1195/561/1163
f 1195/564/1165 1201/575/1165 1202/565/1165
f 1193/567/1166 1199/577/1166 1200/568/1166
f 1196/566/1168 1202/565/1168 1203/573/1168
f 1194/569/1169 1200/568/1169 1201/575/1169
f 1197/574/1171 1203/573/1171 1204/572/1171
f 1202/565/1173 1208/585/1173 1209/580/1173
f 1201/575/1174 1200/568/1174 1206/581/1174
f 1203/573/1176 1209/580/1176 1210/579/1176
f 1201/575/1177 1207/582/1177 1208/585/1177
f 1200/568/1178 1199/577/1178 1205/584/1178
f 1208/585/1180 1155/515/1180 1213/508/1180
f 1207/582/1181 1206/581/1181 1212/504/1181
f 1209/580/1183 1213/508/1183 1214/506/1183
f 1207/582/1184 1154/512/1184 1155/515/1184
f 1206/581/1185 1205/584/1185 1211/502/1185
o ankle_strapR.006
v 0.027000 0.085000 -0.014222
v 0.027000 0.105000 -0.014222
v 0.027000 0.085000 -0.080222
v 0.027000 0.105000 -0.080222
v 0.093000 0.085000 -0.014222
v 0.093000 0.105000 -0.014222
v 0.093000 0.085000 -0.080222
v 0.093000 0.105000 -0.080222
vn -1.0000 -0.0000 -0.0000
vn -0.0000 -0.0000 -1.0000
vn 1.0000 -0.0000 -0.0000
vn -0.0000 -0.0000 1.0000
vn -0.0000 -1.0000 -0.0000
vn -0.0000 1.0000 -0.0000
vt 0.625000 0.000000
vt 0.375000 0.250000
vt 0.375000 0.000000
vt 0.625000 0.250000
vt 0.375000 0.500000
vt 0.625000 0.500000
vt 0.375000 0.750000
vt 0.625000 0.750000
vt 0.375000 1.000000
vt 0.125000 0.750000
vt 0.125000 0.500000
vt 0.875000 0.500000
vt 0.625000 1.000000
vt 0.875000 0.750000
s 0
usemtl Aya_heels
f 1216/588/1186 1217/589/1186 1215/590/1186
f 1218/591/1187 1221/592/1187 1217/589/1187
f 1222/593/1188 1219/594/1188 1221/592/1188
f 1220/595/1189 1215/596/1189 1219/594/1189
f 1221/592/1190 1215/597/1190 1217/598/1190
f 1218/599/1191 1220/595/1191 1222/593/1191
f 1216/588/1186 1218/591/1186 1217/589/1186
f 1218/591/1187 1222/593/1187 1221/592/1187
f 1222/593/1188 1220/595/1188 1219/594/1188
f 1220/595/1189 1216/600/1189 1215/596/1189
f 1221/592/1190 1219/594/1190 1215/597/1190
f 1218/599/1191 1216/601/1191 1220/595/1191
o lock.012
v -0.080000 1.655453 0.092112
v -0.080000 1.632535 0.074479
v -0.080000 1.498371 0.063580
v -0.080000 1.438371 0.074479
v -0.080000 1.415453 0.092112
v -0.068801 1.632535 0.083295
v -0.061880 1.572535 0.077846
v -0.061880 1.498371 0.077846
v -0.068801 1.438371 0.083295
v -0.068801 1.632535 0.100929
v -0.061880 1.572535 0.106378
v -0.061880 1.498371 0.106378
v -0.068801 1.438371 0.100929
v -0.080000 1.632535 0.109746
v -0.080000 1.572535 0.120644
v -0.080000 1.498371 0.120644
v -0.080000 1.438371 0.109746
v -0.091199 1.632535 0.100929
v -0.098120 1.572535 0.106378
v -0.098120 1.498371 0.106378
v -0.091199 1.438371 0.100929
v -0.091199 1.632535 0.083295
v -0.098120 1.572535 0.077846
v -0.098120 1.498371 0.077846
v -0.091199 1.438371 0.083295
v -0.080000 1.572535 0.063580
vn 0.6124 -0.1413 -0.7778
vn 0.6124 0.1413 -0.7778
vn 0.5294 -0.5174 -0.6724
vn 0.6186 -0.0000 -0.7857
vn 0.5294 0.5174 -0.6724
vn 1.0000 -0.0000 -0.0000
vn 0.8985 0.4390 -0.0000
vn 0.9934 -0.1146 -0.0000
vn 0.9934 0.1146 -0.0000
vn 0.8985 -0.4390 -0.0000
vn 0.6186 -0.0000 0.7857
vn 0.5294 0.5174 0.6724
vn 0.6124 -0.1413 0.7778
vn 0.6124 0.1413 0.7778
vn 0.5294 -0.5174 0.6724
vn -0.6186 -0.0000 0.7857
vn -0.5294 0.5174 0.6724
vn -0.6124 -0.1413 0.7778
vn -0.6124 0.1413 0.7778
vn -0.5294 -0.5174 0.6724
vn -1.0000 -0.0000 -0.0000
vn -0.8985 0.4390 -0.0000
vn -0.9934 -0.1146 -0.0000
vn -0.9934 0.1146 -0.0000
vn -0.8985 -0.4390 -0.0000
vn -0.6186 -0.0000 -0.7857
vn -0.5294 0.5174 -0.6724
vn -0.6124 -0.1413 -0.7778
vn -0.6124 0.1413 -0.7778
vn -0.5294 -0.5174 -0.6724
vt 0.666667 0.200000
vt 0.500000 0.400000
vt 0.500000 0.200000
vt 0.666667 0.800000
vt 0.500000 0.600000
vt 0.666667 0.600000
vt 0.583333 0.000000
vt 0.666667 0.400000
vt 0.583333 1.000000
vt 0.500000 0.800000
vt 0.333333 0.400000
vt 0.416667 1.000000
vt 0.333333 0.800000
vt 0.333333 0.200000
vt 0.333333 0.600000
vt 0.416667 0.000000
vt 0.166667 0.400000
vt 0.250000 1.000000
vt 0.166667 0.800000
vt 0.166667 0.200000
vt 0.166667 0.600000
vt 0.250000 0.000000
vt 0.000000 0.400000
vt 0.083333 1.000000
vt 0.000000 0.800000
vt 0.000000 0.200000
vt 0.000000 0.600000
vt 0.083333 0.000000
vt 1.000000 0.600000
vt 0.833333 0.400000
vt 1.000000 0.400000
vt 1.000000 0.800000
vt 0.916667 1.000000
vt 0.833333 0.800000
vt 0.833333 0.200000
vt 1.000000 0.200000
vt 0.833333 0.600000
vt 0.916667 0.000000
vt 0.750000 1.000000
vt 0.750000 0.000000
s 0
usemtl Aya_blonde
f 1226/602/1192 1230/603/1192 1231/604/1192
f 1224/605/1193 1229/606/1193 1248/607/1193
f 1227/608/1194 1226/602/1194 1231/604/1194
f 1248/607/1195 1230/603/1195 1225/609/1195
f 1224/605/1196 1223/610/1196 1228/611/1196
f 1229/606/1197 1234/612/1197 1230/603/1197
f 1228/611/1198 1223/613/1198 1232/614/1198
f 1230/603/1199 1235/615/1199 1231/604/1199
f 1228/611/1200 1233/616/1200 1229/606/1200
f 1227/617/1201 1231/604/1201 1235/615/1201
f 1233/616/1202 1238/618/1202 1234/612/1202
f 1232/614/1203 1223/619/1203 1236/620/1203
f 1234/612/1204 1239/621/1204 1235/615/1204
f 1233/616/1205 1236/620/1205 1237/622/1205
f 1227/623/1206 1235/615/1206 1239/621/1206
f 1237/622/1207 1242/624/1207 1238/618/1207
f 1236/620/1208 1223/625/1208 1240/626/1208
f 1239/621/1209 1242/624/1209 1243/627/1209
f 1236/620/1210 1241/628/1210 1237/622/1210
f 1227/629/1211 1239/621/1211 1243/627/1211
f 1241/630/1212 1246/631/1212 1242/632/1212
f 1240/633/1213 1223/634/1213 1244/635/1213
f 1242/632/1214 1247/636/1214 1243/637/1214
f 1241/630/1215 1244/635/1215 1245/638/1215
f 1227/639/1216 1243/637/1216 1247/636/1216
f 1245/638/1217 1225/609/1217 1246/631/1217
f 1244/635/1218 1223/640/1218 1224/605/1218
f 1246/631/1219 1226/602/1219 1247/636/1219
f 1245/638/1220 1224/605/1220 1248/607/1220
f 1227/641/1221 1247/636/1221 1226/602/1221
f 1226/602/1192 1225/609/1192 1230/603/1192
f 1224/605/1193 1228/611/1193 1229/606/1193
f 1248/607/1195 1229/606/1195 1230/603/1195
f 1229/606/1197 1233/616/1197 1234/612/1197
f 1230/603/1199 1234/612/1199 1235/615/1199
f 1228/611/1200 1232/614/1200 1233/616/1200
f 1233/616/1202 1237/622/1202 1238/618/1202
f 1234/612/1204 1238/618/1204 1239/621/1204
f 1233/616/1205 1232/614/1205 1236/620/1205
f 1237/622/1207 1241/628/1207 1242/624/1207
f 1239/621/1209 1238/618/1209 1242/624/1209
f 1236/620/1210 1240/626/1210 1241/628/1210
f 1241/630/1212 1245/638/1212 1246/631/1212
f 1242/632/1214 1246/631/1214 1247/636/1214
f 1241/630/1215 1240/633/1215 1244/635/1215
f 1245/638/1217 1248/607/1217 1225/609/1217
f 1246/631/1219 1225/609/1219 1226/602/1219
f 1245/638/1220 1244/635/1220 1224/605/1220
o handR.006
v 0.195000 0.833863 0.142162
v 0.195000 0.824314 0.124529
v 0.195000 0.799314 0.113631
v 0.195000 0.768412 0.113631
v 0.195000 0.743412 0.124529
v 0.195000 0.733863 0.142162
v 0.206638 0.824314 0.129694
v 0.213830 0.799314 0.121987
v 0.213830 0.768412 0.121987
v 0.206638 0.743412 0.129694
v 0.211458 0.824314 0.142162
v 0.221630 0.799314 0.142162
v 0.221630 0.768412 0.142162
v 0.211458 0.743412 0.142162
v 0.206638 0.824314 0.154631
v 0.213830 0.799314 0.162337
v 0.213830 0.768412 0.162337
v 0.206638 0.743412 0.154631
v 0.195000 0.824314 0.159796
v 0.195000 0.799314 0.170694
v 0.195000 0.768412 0.170694
v 0.195000 0.743412 0.159796
v 0.183362 0.824314 0.154631
v 0.176170 0.799314 0.162337
v 0.176170 0.768412 0.162337
v 0.183362 0.743412 0.154631
v 0.178542 0.824314 0.142162
v 0.168370 0.799314 0.142162
v 0.168370 0.768412 0.142162
v 0.178542 0.743412 0.142162
v 0.183362 0.824314 0.129694
v 0.176170 0.799314 0.121987
v 0.176170 0.768412 0.121987
v 0.183362 0.743412 0.129694
vn 0.3768 0.3701 -0.8491
vn 0.2068 -0.8603 -0.4659
vn 0.4056 -0.0000 -0.9140
vn 0.2068 0.8603 -0.4659
vn 0.3768 -0.3701 -0.8491
vn 0.8720 -0.3548 -0.3371
vn 0.8720 0.3548 -0.3371
vn 0.4927 -0.8491 -0.1905
vn 0.9327 -0.0000 -0.3606
vn 0.4927 0.8491 -0.1905
vn 0.8720 -0.3548 0.3371
vn 0.8720 0.3548 0.3371
vn 0.4927 -0.8491 0.1905
vn 0.9327 -0.0000 0.3606
vn 0.4927 0.8491 0.1905
vn 0.3768 -0.3701 0.8491
vn 0.3768 0.3701 0.8491
vn 0.2068 -0.8603 0.4659
vn 0.4056 -0.0000 0.9140
vn 0.2068 0.8603 0.4659
vn -0.3768 -0.3701 0.8491
vn -0.3768 0.3701 0.8491
vn -0.2068 -0.8603 0.4659
vn -0.4056 -0.0000 0.9140
vn -0.2068 0.8603 0.4659
vn -0.8720 -0.3548 0.3371
vn -0.8720 0.3548 0.3371
vn -0.4927 -0.8491 0.1905
vn -0.9327 -0.0000 0.3606
vn -0.4927 0.8491 0.1905
vn -0.8720 -0.3548 -0.3371
vn -0.8720 0.3548 -0.3371
vn -0.4927 -0.8491 -0.1905
vn -0.9327 -0.0000 -0.3606
vn -0.4927 0.8491 -0.1905
vn -0.3768 -0.3701 -0.8491
vn -0.3768 0.3701 -0.8491
vn -0.2068 -0.8603 -0.4659
vn -0.4056 -0.0000 -0.9140
vn -0.2068 0.8603 -0.4659
vt 0.750000 0.800000
vt 0.625000 0.600000
vt 0.750000 0.600000
vt 0.687500 0.000000
vt 0.750000 0.200000
vt 0.625000 0.200000
vt 0.625000 0.400000
vt 0.750000 0.400000
vt 0.687500 1.000000
vt 0.625000 0.800000
vt 0.500000 0.400000
vt 0.500000 0.200000
vt 0.500000 0.600000
vt 0.562500 0.000000
vt 0.562500 1.000000
vt 0.500000 0.800000
vt 0.375000 0.200000
vt 0.375000 0.800000
vt 0.375000 0.600000
vt 0.437500 0.000000
vt 0.375000 0.400000
vt 0.437500 1.000000
vt 0.250000 0.200000
vt 0.250000 0.800000
vt 0.250000 0.600000
vt 0.312500 0.000000
vt 0.250000 0.400000
vt 0.312500 1.000000
vt 0.125000 0.400000
vt 0.125000 0.200000
vt 0.125000 0.600000
vt 0.187500 0.000000
vt 0.187500 1.000000
vt 0.125000 0.800000
vt 0.000000 0.400000
vt 0.000000 0.200000
vt 0.000000 0.600000
vt 0.062500 0.000000
vt 0.062500 1.000000
vt 0.000000 0.800000
vt 1.000000 0.400000
vt 0.875000 0.200000
vt 1.000000 0.200000
vt 1.000000 0.600000
vt 0.875000 0.800000
vt 0.875000 0.600000
vt 0.937500 0.000000
vt 0.875000 0.400000
vt 1.000000 0.800000
vt 0.937500 1.000000
vt 0.812500 0.000000
vt 0.812500 1.000000
s 0
usemtl Aya_skin
f 1250/642/1222 1256/643/1222 1251/644/1222
f 1254/645/1223 1253/646/1223 1258/647/1223
f 1251/644/1224 1257/648/1224 1252/649/1224
f 1250/642/1225 1249/650/1225 1255/651/1225
f 1253/646/1226 1257/648/1226 1258/647/1226
f 1258/647/1227 1261/652/1227 1262/653/1227
f 1255/651/1228 1260/654/1228 1256/643/1228
f 1254/655/1229 1258/647/1229 1262/653/1229
f 1256/643/1230 1261/652/1230 1257/648/1230
f 1255/651/1231 1249/656/1231 1259/657/1231
f 1261/652/1232 1266/658/1232 1262/653/1232
f 1260/654/1233 1263/659/1233 1264/660/1233
f 1254/661/1234 1262/653/1234 1266/658/1234
f 1260/654/1235 1265/662/1235 1261/652/1235
f 1259/657/1236 1249/663/1236 1263/659/1236
f 1265/662/1237 1270/664/1237 1266/658/1237
f 1264/660/1238 1267/665/1238 1268/666/1238
f 1254/667/1239 1266/658/1239 1270/664/1239
f 1264/660/1240 1269/668/1240 1265/662/1240
f 1263/659/1241 1249/669/1241 1267/665/1241
f 1270/664/1242 1273/670/1242 1274/671/1242
f 1267/665/1243 1272/672/1243 1268/666/1243
f 1254/673/1244 1270/664/1244 1274/671/1244
f 1268/666/1245 1273/670/1245 1269/668/1245
f 1267/665/1246 1249/674/1246 1271/675/1246
f 1274/671/1247 1277/676/1247 1278/677/1247
f 1271/675/1248 1276/678/1248 1272/672/1248
f 1254/679/1249 1274/671/1249 1278/677/1249
f 1272/672/1250 1277/676/1250 1273/670/1250
f 1271/675/1251 1249/680/1251 1275/681/1251
f 1277/682/1252 1282/683/1252 1278/684/1252
f 1276/685/1253 1279/686/1253 1280/687/1253
f 1254/688/1254 1278/684/1254 1282/683/1254
f 1276/685/1255 1281/689/1255 1277/682/1255
f 1275/690/1256 1249/691/1256 1279/686/1256
f 1281/689/1257 1253/646/1257 1282/683/1257
f 1280/687/1258 1250/642/1258 1251/644/1258
f 1254/692/1259 1282/683/1259 1253/646/1259
f 1280/687/1260 1252/649/1260 1281/689/1260
f 1279/686/1261 1249/693/1261 1250/642/1261
f 1250/642/1222 1255/651/1222 1256/643/1222
f 1251/644/1224 1256/643/1224 1257/648/1224
f 1253/646/1226 1252/649/1226 1257/648/1226
f 1258/647/1227 1257/648/1227 1261/652/1227
f 1255/651/1228 1259/657/1228 1260/654/1228
f 1256/643/1230 1260/654/1230 1261/652/1230
f 1261/652/1232 1265/662/1232 1266/658/1232
f 1260/654/1233 1259/657/1233 1263/659/1233
f 1260/654/1235 1264/660/1235 1265/662/1235
f 1265/662/1237 1269/668/1237 1270/664/1237
f 1264/660/1238 1263/659/1238 1267/665/1238
f 1264/660/1240 1268/666/1240 1269/668/1240
f 1270/664/1242 1269/668/1242 1273/670/1242
f 1267/665/1243 1271/675/1243 1272/672/1243
f 1268/666/1245 1272/672/1245 1273/670/1245
f 1274/671/1247 1273/670/1247 1277/676/1247
f 1271/675/1248 1275/681/1248 1276/678/1248
f 1272/672/1250 1276/678/1250 1277/676/1250
f 1277/682/1252 1281/689/1252 1282/683/1252
f 1276/685/1253 1275/690/1253 1279/686/1253
f 1276/685/1255 1280/687/1255 1281/689/1255
f 1281/689/1257 1252/649/1257 1253/646/1257
f 1280/687/1258 1279/686/1258 1250/642/1258
f 1280/687/1260 1251/644/1260 1252/649/1260
o grip.006
v 0.182000 0.727844 0.157763
v 0.182000 0.797844 0.157763
v 0.182000 0.727844 0.117763
v 0.182000 0.797844 0.117763
v 0.208000 0.727844 0.157763
v 0.208000 0.797844 0.157763
v 0.208000 0.727844 0.117763
v 0.208000 0.797844 0.117763
vn -1.0000 -0.0000 -0.0000
vn -0.0000 -0.0000 -1.0000
vn 1.0000 -0.0000 -0.0000
vn -0.0000 -0.0000 1.0000
vn -0.0000 -1.0000 -0.0000
vn -0.0000 1.0000 -0.0000
vt 0.625000 0.000000
vt 0.375000 0.250000
vt 0.375000 0.000000
vt 0.625000 0.250000
vt 0.375000 0.500000
vt 0.625000 0.500000
vt 0.375000 0.750000
vt 0.625000 0.750000
vt 0.375000 1.000000
vt 0.125000 0.750000
vt 0.125000 0.500000
vt 0.875000 0.500000
vt 0.625000 1.000000
vt 0.875000 0.750000
s 0
usemtl Pistol_steel
f 1284/694/1262 1285/695/1262 1283/696/1262
f 1286/697/1263 1289/698/1263 1285/695/1263
f 1290/699/1264 1287/700/1264 1289/698/1264
f 1288/701/1265 1283/702/1265 1287/700/1265
f 1289/698/1266 1283/703/1266 1285/704/1266
f 1286/705/1267 1288/701/1267 1290/699/1267
f 1284/694/1262 1286/697/1262 1285/695/1262
f 1286/697/1263 1290/699/1263 1289/698/1263
f 1290/699/1264 1288/701/1264 1287/700/1264
f 1288/701/1265 1284/706/1265 1283/702/1265
f 1289/698/1266 1287/700/1266 1283/703/1266
f 1286/705/1267 1284/707/1267 1288/701/1267
o lock.013
v 0.080000 1.655453 0.092112
v 0.080000 1.632535 0.074479
v 0.080000 1.498371 0.063580
v 0.080000 1.438371 0.074479
v 0.080000 1.415453 0.092112
v 0.091199 1.632535 0.083295
v 0.098120 1.572535 0.077846
v 0.098120 1.498371 0.077846
v 0.091199 1.438371 0.083295
v 0.091199 1.632535 0.100929
v 0.098120 1.572535 0.106378
v 0.098120 1.498371 0.106378
v 0.091199 1.438371 0.100929
v 0.080000 1.632535 0.109746
v 0.080000 1.572535 0.120644
v 0.080000 1.498371 0.120644
v 0.080000 1.438371 0.109746
v 0.068801 1.632535 0.100929
v 0.061880 1.572535 0.106378
v 0.061880 1.498371 0.106378
v 0.068801 1.438371 0.100929
v 0.068801 1.632535 0.083295
v 0.061880 1.572535 0.077846
v 0.061880 1.498371 0.077846
v 0.068801 1.438371 0.083295
v 0.080000 1.572535 0.063580
vn 0.5294 -0.5174 -0.6724
vn 0.6186 -0.0000 -0.7857
vn 0.5294 0.5174 -0.6724
vn 0.6124 -0.1413 -0.7778
vn 0.6124 0.1413 -0.7778
vn 0.9934 -0.1146 -0.0000
vn 0.9934 0.1146 -0.0000
vn 0.8985 -0.4390 -0.0000
vn 1.0000 -0.0000 -0.0000
vn 0.8985 0.4390 -0.0000
vn 0.6124 -0.1413 0.7778
vn 0.6124 0.1413 0.7778
vn 0.5294 -0.5174 0.6724
vn 0.6186 -0.0000 0.7857
vn 0.5294 0.5174 0.6724
vn -0.6124 -0.1413 0.7778
vn -0.6124 0.1413 0.7778
vn -0.5294 -0.5174 0.6724
vn -0.6186 -0.0000 0.7857
vn -0.5294 0.5174 0.6724
vn -0.9934 -0.1146 -0.0000
vn -0.9934 0.1146 -0.0000
vn -0.8985 -0.4390 -0.0000
vn -1.0000 -0.0000 -0.0000
vn -0.8985 0.4390 -0.0000
vn -0.6124 -0.1413 -0.7778
vn -0.6124 0.1413 -0.7778
vn -0.5294 -0.5174 -0.6724
vn -0.6186 -0.0000 -0.7857
vn -0.5294 0.5174 -0.6724
vt 0.583333 0.000000
vt 0.666667 0.200000
vt 0.500000 0.200000
vt 0.666667 0.600000
vt 0.500000 0.400000
vt 0.666667 0.400000
vt 0.666667 0.800000
vt 0.583333 1.000000
vt 0.500000 0.800000
vt 0.500000 0.600000
vt 0.333333 0.200000
vt 0.333333 0.600000
vt 0.416667 0.000000
vt 0.333333 0.400000
vt 0.416667 1.000000
vt 0.333333 0.800000
vt 0.166667 0.200000
vt 0.166667 0.800000
vt 0.166667 0.600000
vt 0.250000 0.000000
vt 0.166667 0.400000
vt 0.250000 1.000000
vt 0.000000 0.400000
vt 0.000000 0.200000
vt 0.000000 0.600000
vt 0.083333 0.000000
vt 0.083333 1.000000
vt 0.000000 0.800000
vt 1.000000 0.400000
vt 0.833333 0.200000
vt 1.000000 0.200000
vt 1.000000 0.600000
vt 0.833333 0.800000
vt 0.833333 0.600000
vt 0.916667 0.000000
vt 0.833333 0.400000
vt 1.000000 0.800000
vt 0.916667 1.000000
vt 0.750000 0.000000
vt 0.750000 1.000000
s 0
usemtl Aya_blonde
f 1295/708/1268 1294/709/1268 1299/710/1268
f 1316/711/1269 1298/712/1269 1293/713/1269
f 1292/714/1270 1291/715/1270 1296/716/1270
f 1294/709/1271 1298/712/1271 1299/710/1271
f 1292/714/1272 1297/717/1272 1316/711/1272
f 1298/712/1273 1303/718/1273 1299/710/1273
f 1296/716/1274 1301/719/1274 1297/717/1274
f 1295/720/1275 1299/710/1275 1303/718/1275
f 1297/717/1276 1302/721/1276 1298/712/1276
f 1296/716/1277 1291/722/1277 1300/723/1277
f 1302/721/1278 1307/724/1278 1303/718/1278
f 1301/719/1279 1304/725/1279 1305/726/1279
f 1295/727/1280 1303/718/1280 1307/724/1280
f 1301/719/1281 1306/728/1281 1302/721/1281
f 1300/723/1282 1291/729/1282 1304/725/1282
f 1307/724/1283 1310/730/1283 1311/731/1283
f 1304/725/1284 1309/732/1284 1305/726/1284
f 1295/733/1285 1307/724/1285 1311/731/1285
f 1305/726/1286 1310/730/1286 1306/728/1286
f 1304/725/1287 1291/734/1287 1308/735/1287
f 1310/736/1288 1315/737/1288 1311/738/1288
f 1309/739/1289 1312/740/1289 1313/741/1289
f 1295/742/1290 1311/738/1290 1315/737/1290
f 1309/739/1291 1314/743/1291 1310/736/1291
f 1308/744/1292 1291/745/1292 1312/740/1292
f 1314/743/1293 1294/709/1293 1315/737/1293
f 1313/741/1294 1292/714/1294 1316/711/1294
f 1295/746/1295 1315/737/1295 1294/709/1295
f 1313/741/1296 1293/713/1296 1314/743/1296
f 1312/740/1297 1291/747/1297 1292/714/1297
f 1316/711/1269 1297/717/1269 1298/712/1269
f 1294/709/1271 1293/713/1271 1298/712/1271
f 1292/714/1272 1296/716/1272 1297/717/1272
f 1298/712/1273 1302/721/1273 1303/718/1273
f 1296/716/1274 1300/723/1274 1301/719/1274
f 1297/717/1276 1301/719/1276 1302/721/1276
f 1302/721/1278 1306/728/1278 1307/724/1278
f 1301/719/1279 1300/723/1279 1304/725/1279
f 1301/719/1281 1305/726/1281 1306/728/1281
f 1307/724/1283 1306/728/1283 1310/730/1283
f 1304/725/1284 1308/735/1284 1309/732/1284
f 1305/726/1286 1309/732/1286 1310/730/1286
f 1310/736/1288 1314/743/1288 1315/737/1288
f 1309/739/1289 1308/744/1289 1312/740/1289
f 1309/739/1291 1313/741/1291 1314/743/1291
f 1314/743/1293 1293/713/1293 1294/709/1293
f 1313/741/1294 1312/740/1294 1292/714/1294
f 1313/741/1296 1316/711/1296 1293/713/1296
