# Blender 5.2.2 LTS
# www.blender.org
mtllib environment.mtl
g st_maria_praca_TH_RENDER_st_maria_praca_TH_RENDER_seed
v -24.000000 0.000000 16.000000
v -23.360001 0.000000 16.000000
v -22.719999 0.000000 16.000000
v -22.080000 0.000000 16.000000
v -21.440001 0.000000 16.000000
v -20.799999 0.000000 16.000000
v -20.160000 0.000000 16.000000
v -19.520000 0.000000 16.000000
v -18.879999 0.000000 16.000000
v -18.240000 0.000000 16.000000
v -17.600000 0.000000 16.000000
v -16.959999 0.000000 16.000000
v -16.320000 0.000000 16.000000
v -15.680000 0.000000 16.000000
v -15.040000 0.000000 16.000000
v -14.400000 0.000000 16.000000
v -13.760000 0.000000 16.000000
v -13.120000 0.000000 16.000000
v -12.480000 0.000000 16.000000
v -11.840000 0.000000 16.000000
v -11.200000 0.000000 16.000000
v -10.560000 0.000000 16.000000
v -9.920000 0.000000 16.000000
v -9.280000 0.000000 16.000000
v -8.640000 0.000000 16.000000
v -8.000000 0.000000 16.000000
v -7.360000 0.000000 16.000000
v -6.720000 0.000000 16.000000
v -6.080000 0.000000 16.000000
v -5.440000 0.000000 16.000000
v -4.800000 0.000000 16.000000
v -4.160000 0.000000 16.000000
v -3.520000 0.000000 16.000000
v -2.880000 0.000000 16.000000
v -2.240000 0.000000 16.000000
v -1.600000 0.000000 16.000000
v -0.960000 0.000000 16.000000
v -0.320000 0.000000 16.000000
v 0.320000 0.000000 16.000000
v 0.960000 0.000000 16.000000
v 1.600000 0.000000 16.000000
v 2.240000 0.000000 16.000000
v 2.880000 0.000000 16.000000
v 3.520000 0.000000 16.000000
v 4.160000 0.000000 16.000000
v 4.800000 0.000000 16.000000
v 5.440000 0.000000 16.000000
v 6.080000 0.000000 16.000000
v 6.720000 0.000000 16.000000
v 7.360000 0.000000 16.000000
v 8.000000 0.000000 16.000000
v -24.000000 0.000000 0.000000
v -23.360001 0.000000 0.000000
v -22.719999 0.000000 0.000000
v -22.080000 0.000000 0.000000
v -21.440001 0.000000 0.000000
v -20.799999 0.000000 0.000000
v -20.160000 0.000000 0.000000
v -19.520000 0.000000 0.000000
v -18.879999 0.000000 0.000000
v -18.240000 0.000000 0.000000
v -17.600000 0.000000 0.000000
v -16.959999 0.000000 0.000000
v -16.320000 0.000000 0.000000
v -15.680000 0.000000 0.000000
v -15.040000 0.000000 0.000000
v -14.400000 0.000000 0.000000
v -13.760000 0.000000 0.000000
v -13.120000 0.000000 0.000000
v -12.480000 0.000000 0.000000
v -11.840000 0.000000 0.000000
v -11.200000 0.000000 0.000000
v -10.560000 0.000000 0.000000
v -9.920000 0.000000 0.000000
v -9.280000 0.000000 0.000000
v -8.640000 0.000000 0.000000
v -8.000000 0.000000 0.000000
v -7.360000 0.000000 0.000000
v -6.720000 0.000000 0.000000
v -6.080000 0.000000 0.000000
v -5.440000 0.000000 0.000000
v -4.800000 0.000000 0.000000
v -4.160000 0.000000 0.000000
v -3.520000 0.000000 0.000000
v -2.880000 0.000000 0.000000
v -2.240000 0.000000 0.000000
v -1.600000 0.000000 0.000000
v -0.960000 0.000000 0.000000
v -0.320000 0.000000 0.000000
v 0.320000 0.000000 0.000000
v 0.960000 0.000000 0.000000
v 1.600000 0.000000 0.000000
v 2.240000 0.000000 0.000000
v 2.880000 0.000000 0.000000
v 3.520000 0.000000 0.000000
v 4.160000 0.000000 0.000000
v 4.800000 0.000000 0.000000
v 5.440000 0.000000 0.000000
v 6.080000 0.000000 0.000000
v 6.720000 0.000000 0.000000
v 7.360000 0.000000 0.000000
v 8.000000 0.000000 0.000000
v -24.000000 0.000000 -2.000000
v -23.360001 0.000000 -2.000000
v -22.719999 0.000000 -2.000000
v -22.080000 0.000000 -2.000000
v -21.440001 0.000000 -2.000000
v -20.799999 0.000000 -2.000000
v -20.160000 0.000000 -2.000000
v -19.520000 0.000000 -2.000000
v -18.879999 0.000000 -2.000000
v -18.240000 0.000000 -2.000000
v -17.600000 0.000000 -2.000000
v -16.959999 0.000000 -2.000000
v -16.320000 0.000000 -2.000000
v -15.680000 0.000000 -2.000000
v -15.040000 0.000000 -2.000000
v -14.400000 0.000000 -2.000000
v -13.760000 0.000000 -2.000000
v -13.120000 0.000000 -2.000000
v -12.480000 0.000000 -2.000000
v -11.840000 0.000000 -2.000000
v -11.200000 0.000000 -2.000000
v -10.560000 0.000000 -2.000000
v -9.920000 0.000000 -2.000000
v -9.280000 0.000000 -2.000000
v -8.640000 0.000000 -2.000000
v -8.000000 0.000000 -2.000000
v -7.360000 0.000000 -2.000000
v -6.720000 0.000000 -2.000000
v -6.080000 0.000000 -2.000000
v -5.440000 0.000000 -2.000000
v -4.800000 0.000000 -2.000000
v -4.160000 0.000000 -2.000000
v -3.520000 0.000000 -2.000000
v -2.880000 0.000000 -2.000000
v -2.240000 0.000000 -2.000000
v -1.600000 0.000000 -2.000000
v -0.960000 0.000000 -2.000000
v -0.320000 0.000000 -2.000000
v 0.320000 0.000000 -2.000000
v 0.960000 0.000000 -2.000000
v 1.600000 0.000000 -2.000000
v 2.240000 0.000000 -2.000000
v 2.880000 0.000000 -2.000000
v 3.520000 0.000000 -2.000000
v 4.160000 0.000000 -2.000000
v 4.800000 0.000000 -2.000000
v 5.440000 0.000000 -2.000000
v 6.080000 0.000000 -2.000000
v 6.720000 0.000000 -2.000000
v 7.360000 0.000000 -2.000000
v 8.000000 0.000000 -2.000000
v -24.000000 0.300000 -8.000000
v -23.360001 0.300000 -8.000000
v -22.719999 0.300000 -8.000000
v -22.080000 0.300000 -8.000000
v -21.440001 0.300000 -8.000000
v -20.799999 0.300000 -8.000000
v -20.160000 0.300000 -8.000000
v -19.520000 0.300000 -8.000000
v -18.879999 0.300000 -8.000000
v -18.240000 0.300000 -8.000000
v -17.600000 0.300000 -8.000000
v -16.959999 0.300000 -8.000000
v -16.320000 0.300000 -8.000000
v -15.680000 0.300000 -8.000000
v -15.040000 0.300000 -8.000000
v -14.400000 0.300000 -8.000000
v -13.760000 0.300000 -8.000000
v -13.120000 0.300000 -8.000000
v -12.480000 0.300000 -8.000000
v -11.840000 0.300000 -8.000000
v -11.200000 0.300000 -8.000000
v -10.560000 0.300000 -8.000000
v -9.920000 0.300000 -8.000000
v -9.280000 0.300000 -8.000000
v -8.640000 0.300000 -8.000000
v -8.000000 0.300000 -8.000000
v -7.360000 0.300000 -8.000000
v -6.720000 0.300000 -8.000000
v -6.080000 0.300000 -8.000000
v -5.440000 0.300000 -8.000000
v -4.800000 0.300000 -8.000000
v -4.160000 0.300000 -8.000000
v -3.520000 0.300000 -8.000000
v -2.880000 0.300000 -8.000000
v -2.240000 0.300000 -8.000000
v -1.600000 0.300000 -8.000000
v -0.960000 0.300000 -8.000000
v -0.320000 0.300000 -8.000000
v 0.320000 0.300000 -8.000000
v 0.960000 0.300000 -8.000000
v 1.600000 0.300000 -8.000000
v 2.240000 0.300000 -8.000000
v 2.880000 0.300000 -8.000000
v 3.520000 0.300000 -8.000000
v 4.160000 0.300000 -8.000000
v 4.800000 0.300000 -8.000000
v 5.440000 0.300000 -8.000000
v 6.080000 0.300000 -8.000000
v 6.720000 0.300000 -8.000000
v 7.360000 0.300000 -8.000000
v 8.000000 0.300000 -8.000000
v -24.000000 0.300000 -12.000000
v -23.360001 0.300000 -12.000000
v -22.719999 0.300000 -12.000000
v -22.080000 0.300000 -12.000000
v -21.440001 0.300000 -12.000000
v -20.799999 0.300000 -12.000000
v -20.160000 0.300000 -12.000000
v -19.520000 0.300000 -12.000000
v -18.879999 0.300000 -12.000000
v -18.240000 0.300000 -12.000000
v -17.600000 0.300000 -12.000000
v -16.959999 0.300000 -12.000000
v -16.320000 0.300000 -12.000000
v -15.680000 0.300000 -12.000000
v -15.040000 0.300000 -12.000000
v -14.400000 0.300000 -12.000000
v -13.760000 0.300000 -12.000000
v -13.120000 0.300000 -12.000000
v -12.480000 0.300000 -12.000000
v -11.840000 0.300000 -12.000000
v -11.200000 0.300000 -12.000000
v -10.560000 0.300000 -12.000000
v -9.920000 0.300000 -12.000000
v -9.280000 0.300000 -12.000000
v -8.640000 0.300000 -12.000000
v -8.000000 0.300000 -12.000000
v -7.360000 0.300000 -12.000000
v -6.720000 0.300000 -12.000000
v -6.080000 0.300000 -12.000000
v -5.440000 0.300000 -12.000000
v -4.800000 0.300000 -12.000000
v -4.160000 0.300000 -12.000000
v -3.520000 0.300000 -12.000000
v -2.880000 0.300000 -12.000000
v -2.240000 0.300000 -12.000000
v -1.600000 0.300000 -12.000000
v -0.960000 0.300000 -12.000000
v -0.320000 0.300000 -12.000000
v 0.320000 0.300000 -12.000000
v 0.960000 0.300000 -12.000000
v 1.600000 0.300000 -12.000000
v 2.240000 0.300000 -12.000000
v 2.880000 0.300000 -12.000000
v 3.520000 0.300000 -12.000000
v 4.160000 0.300000 -12.000000
v 4.800000 0.300000 -12.000000
v 5.440000 0.300000 -12.000000
v 6.080000 0.300000 -12.000000
v 6.720000 0.300000 -12.000000
v 7.360000 0.300000 -12.000000
v 8.000000 0.300000 -12.000000
v -24.000000 0.300000 -32.000000
v -23.360001 0.300000 -32.000000
v -22.719999 0.300000 -32.000000
v -22.080000 0.300000 -32.000000
v -21.440001 0.300000 -32.000000
v -20.799999 0.300000 -32.000000
v -20.160000 0.300000 -32.000000
v -19.520000 0.300000 -32.000000
v -18.879999 0.300000 -32.000000
v -18.240000 0.300000 -32.000000
v -17.600000 0.300000 -32.000000
v -16.959999 0.300000 -32.000000
v -16.320000 0.300000 -32.000000
v -15.680000 0.300000 -32.000000
v -15.040000 0.300000 -32.000000
v -14.400000 0.300000 -32.000000
v -13.760000 0.300000 -32.000000
v -13.120000 0.300000 -32.000000
v -12.480000 0.300000 -32.000000
v -11.840000 0.300000 -32.000000
v -11.200000 0.300000 -32.000000
v -10.560000 0.300000 -32.000000
v -9.920000 0.300000 -32.000000
v -9.280000 0.300000 -32.000000
v -8.640000 0.300000 -32.000000
v -8.000000 0.300000 -32.000000
v -7.360000 0.300000 -32.000000
v -6.720000 0.300000 -32.000000
v -6.080000 0.300000 -32.000000
v -5.440000 0.300000 -32.000000
v -4.800000 0.300000 -32.000000
v -4.160000 0.300000 -32.000000
v -3.520000 0.300000 -32.000000
v -2.880000 0.300000 -32.000000
v -2.240000 0.300000 -32.000000
v -1.600000 0.300000 -32.000000
v -0.960000 0.300000 -32.000000
v -0.320000 0.300000 -32.000000
v 0.320000 0.300000 -32.000000
v 0.960000 0.300000 -32.000000
v 1.600000 0.300000 -32.000000
v 2.240000 0.300000 -32.000000
v 2.880000 0.300000 -32.000000
v 3.520000 0.300000 -32.000000
v 4.160000 0.300000 -32.000000
v 4.800000 0.300000 -32.000000
v 5.440000 0.300000 -32.000000
v 6.080000 0.300000 -32.000000
v 6.720000 0.300000 -32.000000
v 7.360000 0.300000 -32.000000
v 8.000000 0.300000 -32.000000
v 4.500000 0.300000 1.700000
v 4.950000 0.300000 1.700000
v 4.950000 0.300000 0.175000
v 4.500000 0.300000 0.175000
v 4.500000 1.220000 1.700000
v 4.950000 1.220000 1.700000
v 4.950000 1.220000 0.175000
v 4.500000 1.220000 0.175000
v 4.500000 2.970000 1.700000
v 4.950000 2.970000 1.700000
v 4.950000 2.970000 0.175000
v 4.500000 2.970000 0.175000
v 4.500000 3.800000 1.700000
v 4.950000 3.800000 1.700000
v 4.950000 3.800000 0.175000
v 4.500000 3.800000 0.175000
v 4.950000 0.300000 -1.175000
v 4.500000 0.300000 -1.175000
v 4.950000 1.220000 -1.175000
v 4.500000 1.220000 -1.175000
v 4.950000 2.970000 -1.175000
v 4.500000 2.970000 -1.175000
v 4.950000 3.800000 -1.175000
v 4.500000 3.800000 -1.175000
v 4.950000 0.300000 -2.825000
v 4.500000 0.300000 -2.825000
v 4.950000 1.220000 -2.825000
v 4.500000 1.220000 -2.825000
v 4.950000 2.970000 -2.825000
v 4.500000 2.970000 -2.825000
v 4.950000 3.800000 -2.825000
v 4.500000 3.800000 -2.825000
v 4.950000 0.300000 -4.175000
v 4.500000 0.300000 -4.175000
v 4.950000 1.220000 -4.175000
v 4.500000 1.220000 -4.175000
v 4.950000 2.970000 -4.175000
v 4.500000 2.970000 -4.175000
v 4.950000 3.800000 -4.175000
v 4.500000 3.800000 -4.175000
v 4.950000 0.300000 -6.125000
v 4.500000 0.300000 -6.125000
v 4.950000 1.220000 -6.125000
v 4.500000 1.220000 -6.125000
v 4.950000 2.970000 -6.125000
v 4.500000 2.970000 -6.125000
v 4.950000 3.800000 -6.125000
v 4.500000 3.800000 -6.125000
v 4.950000 0.300000 -7.475000
v 4.500000 0.300000 -7.475000
v 4.950000 1.220000 -7.475000
v 4.500000 1.220000 -7.475000
v 4.950000 2.970000 -7.475000
v 4.500000 2.970000 -7.475000
v 4.950000 3.800000 -7.475000
v 4.500000 3.800000 -7.475000
v 4.950000 0.300000 -8.450000
v 4.950000 1.220000 -8.450000
v 4.500000 1.220000 -8.450000
v 4.950000 2.970000 -8.450000
v 4.500000 2.970000 -8.450000
v 4.950000 3.800000 -8.450000
v 4.500000 3.800000 -8.450000
v 4.500000 0.300000 1.925000
v 9.500000 0.300000 1.925000
v 9.500000 0.300000 1.475000
v 4.500000 0.300000 1.475000
v 4.500000 3.800000 1.925000
v 9.500000 3.800000 1.925000
v 9.500000 3.800000 1.475000
v 4.500000 3.800000 1.475000
v 4.500000 0.300000 -8.224999
v 6.550000 0.300000 -8.224999
v 6.550000 0.300000 -8.675000
v 4.500000 0.300000 -8.675000
v 4.500000 3.800000 -8.224999
v 6.550000 3.800000 -8.224999
v 6.550000 3.800000 -8.675000
v 4.500000 3.800000 -8.675000
v 7.650000 0.300000 -8.224999
v 9.500000 0.300000 -8.224999
v 9.500000 0.300000 -8.675000
v 7.650000 0.300000 -8.675000
v 7.650000 3.800000 -8.224999
v 9.500000 3.800000 -8.224999
v 9.500000 3.800000 -8.675000
v 7.650000 3.800000 -8.675000
v 6.550000 2.600000 -8.224999
v 7.650000 2.600000 -8.224999
v 7.650000 2.600000 -8.675000
v 6.550000 2.600000 -8.675000
v 9.049999 0.300000 1.700000
v 9.500000 0.300000 1.700000
v 9.500000 0.300000 -8.450000
v 9.049999 0.300000 -8.450000
v 9.049999 3.800000 1.700000
v 9.500000 3.800000 1.700000
v 9.500000 3.800000 -8.450000
v 9.049999 3.800000 -8.450000
v 4.500000 0.160000 1.700000
v 9.500000 0.160000 1.700000
v 9.500000 0.160000 -8.450000
v 4.500000 0.160000 -8.450000
v 4.500000 0.300000 -8.450000
v 4.450000 -0.120000 1.750000
v 9.550000 -0.120000 1.750000
v 9.550000 -0.120000 -8.500000
v 4.450000 -0.120000 -8.500000
v 4.450000 0.300000 1.750000
v 9.550000 0.300000 1.750000
v 9.550000 0.300000 -8.500000
v 4.450000 0.300000 -8.500000
v 4.070000 3.800000 2.100000
v 4.070000 3.800000 -8.850000
v 7.000000 5.050000 2.100000
v 7.000000 5.050000 -8.850000
v 9.930000 3.800000 2.100000
v 9.930000 3.800000 -8.850000
v 4.070000 3.640000 2.100000
v 4.070000 3.640000 -8.850000
v 7.000000 4.890000 2.100000
v 7.000000 4.890000 -8.850000
v 9.930000 3.640000 2.100000
v 9.930000 3.640000 -8.850000
v 4.500000 3.700000 1.700000
v 7.000000 4.920000 1.700000
v 9.500000 3.700000 1.700000
v 4.500000 3.700000 -8.450000
v 7.000000 4.920000 -8.450000
v 9.500000 3.700000 -8.450000
v 3.990000 3.570000 2.100000
v 4.220000 3.570000 2.100000
v 4.220000 3.570000 -8.850000
v 3.990000 3.570000 -8.850000
v 3.990000 3.730000 2.100000
v 4.220000 3.730000 2.100000
v 4.220000 3.730000 -8.850000
v 3.990000 3.730000 -8.850000
v 4.420000 1.135000 0.320000
v 4.410000 1.135000 0.310000
v 4.420000 1.125000 0.310000
v 4.770000 1.135000 0.320000
v 4.770000 1.125000 0.310000
v 4.780000 1.135000 0.310000
v 4.770000 1.135000 0.175000
v 4.780000 1.135000 0.185000
v 4.770000 1.125000 0.185000
v 4.410000 1.135000 0.185000
v 4.420000 1.135000 0.175000
v 4.420000 1.125000 0.185000
v 4.410000 3.055000 0.310000
v 4.420000 3.055000 0.320000
v 4.420000 3.065000 0.310000
v 4.770000 3.055000 0.320000
v 4.780000 3.055000 0.310000
v 4.770000 3.065000 0.310000
v 4.780000 3.055000 0.185000
v 4.770000 3.055000 0.175000
v 4.770000 3.065000 0.185000
v 4.410000 3.055000 0.185000
v 4.420000 3.065000 0.185000
v 4.420000 3.055000 0.175000
v 4.420000 1.135000 -1.175000
v 4.410000 1.135000 -1.185000
v 4.420000 1.125000 -1.185000
v 4.770000 1.135000 -1.175000
v 4.770000 1.125000 -1.185000
v 4.780000 1.135000 -1.185000
v 4.770000 1.135000 -1.320000
v 4.780000 1.135000 -1.310000
v 4.770000 1.125000 -1.310000
v 4.410000 1.135000 -1.310000
v 4.420000 1.135000 -1.320000
v 4.420000 1.125000 -1.310000
v 4.410000 3.055000 -1.185000
v 4.420000 3.055000 -1.175000
v 4.420000 3.065000 -1.185000
v 4.770000 3.055000 -1.175000
v 4.780000 3.055000 -1.185000
v 4.770000 3.065000 -1.185000
v 4.780000 3.055000 -1.310000
v 4.770000 3.055000 -1.320000
v 4.770000 3.065000 -1.310000
v 4.410000 3.055000 -1.310000
v 4.420000 3.065000 -1.310000
v 4.420000 3.055000 -1.320000
v 4.420000 2.980000 0.320000
v 4.410000 2.980000 0.310000
v 4.420000 2.970000 0.310000
v 4.770000 2.980000 0.320000
v 4.770000 2.970000 0.310000
v 4.780000 2.980000 0.310000
v 4.770000 2.980000 -1.320000
v 4.780000 2.980000 -1.310000
v 4.770000 2.970000 -1.310000
v 4.410000 2.980000 -1.310000
v 4.420000 2.980000 -1.320000
v 4.420000 2.970000 -1.310000
v 4.410000 3.105000 0.310000
v 4.420000 3.105000 0.320000
v 4.420000 3.115000 0.310000
v 4.770000 3.105000 0.320000
v 4.780000 3.105000 0.310000
v 4.770000 3.115000 0.310000
v 4.780000 3.105000 -1.310000
v 4.770000 3.105000 -1.320000
v 4.770000 3.115000 -1.310000
v 4.410000 3.105000 -1.310000
v 4.420000 3.115000 -1.310000
v 4.420000 3.105000 -1.320000
v 4.168000 1.083000 0.435000
v 4.150000 1.083000 0.417000
v 4.168000 1.065000 0.417000
v 4.752000 1.083000 0.435000
v 4.752000 1.065000 0.417000
v 4.770000 1.083000 0.417000
v 4.752000 1.083000 -1.435000
v 4.770000 1.083000 -1.417000
v 4.752000 1.065000 -1.417000
v 4.150000 1.083000 -1.417000
v 4.168000 1.083000 -1.435000
v 4.168000 1.065000 -1.417000
v 4.150000 1.207000 0.417000
v 4.168000 1.207000 0.435000
v 4.168000 1.225000 0.417000
v 4.752000 1.207000 0.435000
v 4.770000 1.207000 0.417000
v 4.752000 1.225000 0.417000
v 4.770000 1.207000 -1.417000
v 4.752000 1.207000 -1.435000
v 4.752000 1.225000 -1.417000
v 4.150000 1.207000 -1.417000
v 4.168000 1.225000 -1.417000
v 4.168000 1.207000 -1.435000
v 4.675000 1.220000 0.175000
v 4.675000 2.970000 0.175000
v 4.675000 2.970000 -1.175000
v 4.675000 1.220000 -1.175000
v 4.385448 1.220000 0.337262
v 4.380654 1.220000 0.282472
v 3.721671 1.220000 0.340125
v 3.726465 1.220000 0.394916
v 4.385448 2.970000 0.337262
v 4.380654 2.970000 0.282472
v 3.721671 2.970000 0.340125
v 3.726465 2.970000 0.394916
v 4.002674 1.220000 -1.821913
v 3.960542 1.220000 -1.786559
v 4.385746 1.220000 -1.279821
v 4.427878 1.220000 -1.315174
v 4.002674 2.970000 -1.821913
v 3.960542 2.970000 -1.786559
v 4.385746 2.970000 -1.279821
v 4.427878 2.970000 -1.315174
v 4.420000 1.135000 -2.680000
v 4.410000 1.135000 -2.690000
v 4.420000 1.125000 -2.690000
v 4.770000 1.135000 -2.680000
v 4.770000 1.125000 -2.690000
v 4.780000 1.135000 -2.690000
v 4.770000 1.135000 -2.825000
v 4.780000 1.135000 -2.815000
v 4.770000 1.125000 -2.815000
v 4.410000 1.135000 -2.815000
v 4.420000 1.135000 -2.825000
v 4.420000 1.125000 -2.815000
v 4.410000 3.055000 -2.690000
v 4.420000 3.055000 -2.680000
v 4.420000 3.065000 -2.690000
v 4.770000 3.055000 -2.680000
v 4.780000 3.055000 -2.690000
v 4.770000 3.065000 -2.690000
v 4.780000 3.055000 -2.815000
v 4.770000 3.055000 -2.825000
v 4.770000 3.065000 -2.815000
v 4.410000 3.055000 -2.815000
v 4.420000 3.065000 -2.815000
v 4.420000 3.055000 -2.825000
v 4.420000 1.135000 -4.175000
v 4.410000 1.135000 -4.185000
v 4.420000 1.125000 -4.185000
v 4.770000 1.135000 -4.175000
v 4.770000 1.125000 -4.185000
v 4.780000 1.135000 -4.185000
v 4.770000 1.135000 -4.320000
v 4.780000 1.135000 -4.310000
v 4.770000 1.125000 -4.310000
v 4.410000 1.135000 -4.310000
v 4.420000 1.135000 -4.320000
v 4.420000 1.125000 -4.310000
v 4.410000 3.055000 -4.185000
v 4.420000 3.055000 -4.175000
v 4.420000 3.065000 -4.185000
v 4.770000 3.055000 -4.175000
v 4.780000 3.055000 -4.185000
v 4.770000 3.065000 -4.185000
v 4.780000 3.055000 -4.310000
v 4.770000 3.055000 -4.320000
v 4.770000 3.065000 -4.310000
v 4.410000 3.055000 -4.310000
v 4.420000 3.065000 -4.310000
v 4.420000 3.055000 -4.320000
v 4.420000 2.980000 -2.680000
v 4.410000 2.980000 -2.690000
v 4.420000 2.970000 -2.690000
v 4.770000 2.980000 -2.680000
v 4.770000 2.970000 -2.690000
v 4.780000 2.980000 -2.690000
v 4.770000 2.980000 -4.320000
v 4.780000 2.980000 -4.310000
v 4.770000 2.970000 -4.310000
v 4.410000 2.980000 -4.310000
v 4.420000 2.980000 -4.320000
v 4.420000 2.970000 -4.310000
v 4.410000 3.105000 -2.690000
v 4.420000 3.105000 -2.680000
v 4.420000 3.115000 -2.690000
v 4.770000 3.105000 -2.680000
v 4.780000 3.105000 -2.690000
v 4.770000 3.115000 -2.690000
v 4.780000 3.105000 -4.310000
v 4.770000 3.105000 -4.320000
v 4.770000 3.115000 -4.310000
v 4.410000 3.105000 -4.310000
v 4.420000 3.115000 -4.310000
v 4.420000 3.105000 -4.320000
v 4.168000 1.083000 -2.565000
v 4.150000 1.083000 -2.583000
v 4.168000 1.065000 -2.583000
v 4.752000 1.083000 -2.565000
v 4.752000 1.065000 -2.583000
v 4.770000 1.083000 -2.583000
v 4.752000 1.083000 -4.435000
v 4.770000 1.083000 -4.417000
v 4.752000 1.065000 -4.417000
v 4.150000 1.083000 -4.417000
v 4.168000 1.083000 -4.435000
v 4.168000 1.065000 -4.417000
v 4.150000 1.207000 -2.583000
v 4.168000 1.207000 -2.565000
v 4.168000 1.225000 -2.583000
v 4.752000 1.207000 -2.565000
v 4.770000 1.207000 -2.583000
v 4.752000 1.225000 -2.583000
v 4.770000 1.207000 -4.417000
v 4.752000 1.207000 -4.435000
v 4.752000 1.225000 -4.417000
v 4.150000 1.207000 -4.417000
v 4.168000 1.225000 -4.417000
v 4.168000 1.207000 -4.435000
v 4.675000 1.220000 -2.825000
v 4.675000 2.970000 -2.825000
v 4.675000 2.970000 -4.175000
v 4.675000 1.220000 -4.175000
v 4.415849 1.220000 -2.673803
v 4.384302 1.220000 -2.718856
v 3.842433 1.220000 -2.339435
v 3.873980 1.220000 -2.294382
v 4.415849 2.970000 -2.673803
v 4.384302 2.970000 -2.718856
v 3.842433 2.970000 -2.339435
v 3.873980 2.970000 -2.294382
v 3.724864 1.220000 -4.164162
v 3.739099 1.220000 -4.111036
v 4.378059 1.220000 -4.282245
v 4.363823 1.220000 -4.335371
v 3.724864 2.970000 -4.164162
v 3.739099 2.970000 -4.111036
v 4.378059 2.970000 -4.282245
v 4.363823 2.970000 -4.335371
v 4.420000 1.135000 -5.980000
v 4.410000 1.135000 -5.990000
v 4.420000 1.125000 -5.990000
v 4.770000 1.135000 -5.980000
v 4.770000 1.125000 -5.990000
v 4.780000 1.135000 -5.990000
v 4.770000 1.135000 -6.125000
v 4.780000 1.135000 -6.115000
v 4.770000 1.125000 -6.115000
v 4.410000 1.135000 -6.115000
v 4.420000 1.135000 -6.125000
v 4.420000 1.125000 -6.115000
v 4.410000 3.055000 -5.990000
v 4.420000 3.055000 -5.980000
v 4.420000 3.065000 -5.990000
v 4.770000 3.055000 -5.980000
v 4.780000 3.055000 -5.990000
v 4.770000 3.065000 -5.990000
v 4.780000 3.055000 -6.115000
v 4.770000 3.055000 -6.125000
v 4.770000 3.065000 -6.115000
v 4.410000 3.055000 -6.115000
v 4.420000 3.065000 -6.115000
v 4.420000 3.055000 -6.125000
v 4.420000 1.135000 -7.475000
v 4.410000 1.135000 -7.485000
v 4.420000 1.125000 -7.485000
v 4.770000 1.135000 -7.475000
v 4.770000 1.125000 -7.485000
v 4.780000 1.135000 -7.485000
v 4.770000 1.135000 -7.620000
v 4.780000 1.135000 -7.610000
v 4.770000 1.125000 -7.610000
v 4.410000 1.135000 -7.610000
v 4.420000 1.135000 -7.620000
v 4.420000 1.125000 -7.610000
v 4.410000 3.055000 -7.485000
v 4.420000 3.055000 -7.475000
v 4.420000 3.065000 -7.485000
v 4.770000 3.055000 -7.475000
v 4.780000 3.055000 -7.485000
v 4.770000 3.065000 -7.485000
v 4.780000 3.055000 -7.610000
v 4.770000 3.055000 -7.620000
v 4.770000 3.065000 -7.610000
v 4.410000 3.055000 -7.610000
v 4.420000 3.065000 -7.610000
v 4.420000 3.055000 -7.620000
v 4.420000 2.980000 -5.980000
v 4.410000 2.980000 -5.990000
v 4.420000 2.970000 -5.990000
v 4.770000 2.980000 -5.980000
v 4.770000 2.970000 -5.990000
v 4.780000 2.980000 -5.990000
v 4.770000 2.980000 -7.620000
v 4.780000 2.980000 -7.610000
v 4.770000 2.970000 -7.610000
v 4.410000 2.980000 -7.610000
v 4.420000 2.980000 -7.620000
v 4.420000 2.970000 -7.610000
v 4.410000 3.105000 -5.990000
v 4.420000 3.105000 -5.980000
v 4.420000 3.115000 -5.990000
v 4.770000 3.105000 -5.980000
v 4.780000 3.105000 -5.990000
v 4.770000 3.115000 -5.990000
v 4.780000 3.105000 -7.610000
v 4.770000 3.105000 -7.620000
v 4.770000 3.115000 -7.610000
v 4.410000 3.105000 -7.610000
v 4.420000 3.115000 -7.610000
v 4.420000 3.105000 -7.620000
v 4.168000 1.083000 -5.865000
v 4.150000 1.083000 -5.883000
v 4.168000 1.065000 -5.883000
v 4.752000 1.083000 -5.865000
v 4.752000 1.065000 -5.883000
v 4.770000 1.083000 -5.883000
v 4.752000 1.083000 -7.735000
v 4.770000 1.083000 -7.717000
v 4.752000 1.065000 -7.717000
v 4.150000 1.083000 -7.717000
v 4.168000 1.083000 -7.735000
v 4.168000 1.065000 -7.717000
v 4.150000 1.207000 -5.883000
v 4.168000 1.207000 -5.865000
v 4.168000 1.225000 -5.883000
v 4.752000 1.207000 -5.865000
v 4.770000 1.207000 -5.883000
v 4.752000 1.225000 -5.883000
v 4.770000 1.207000 -7.717000
v 4.752000 1.207000 -7.735000
v 4.752000 1.225000 -7.717000
v 4.150000 1.207000 -7.717000
v 4.168000 1.225000 -7.717000
v 4.168000 1.207000 -7.735000
v 4.675000 1.220000 -6.125000
v 4.675000 2.970000 -6.125000
v 4.675000 2.970000 -7.475000
v 4.675000 1.220000 -7.475000
v 4.396177 1.220000 -5.964630
v 4.381941 1.220000 -6.017756
v 3.742982 1.220000 -5.846547
v 3.757217 1.220000 -5.793421
v 4.396177 2.970000 -5.964630
v 4.381941 2.970000 -6.017756
v 3.742982 2.970000 -5.846547
v 3.757217 2.970000 -5.793421
v 3.913436 1.220000 -8.048081
v 3.878083 1.220000 -8.005949
v 4.384821 1.220000 -7.580745
v 4.420175 1.220000 -7.622878
v 3.913436 2.970000 -8.048081
v 3.878083 2.970000 -8.005949
v 4.384821 2.970000 -7.580745
v 4.420175 2.970000 -7.622878
v 4.950000 0.300000 -10.460000
v 4.500000 0.300000 -10.460000
v 4.500000 3.850000 -8.450000
v 4.950000 3.850000 -10.460000
v 4.500000 3.850000 -10.460000
v 4.950000 3.850000 -8.450000
v 4.500000 4.450000 -8.450000
v 4.950000 4.450000 -8.450000
v 4.950000 4.450000 -10.460000
v 4.500000 4.450000 -10.460000
v 4.950000 4.450000 -12.540000
v 4.500000 4.450000 -12.540000
v 4.500000 0.300000 -12.540000
v 4.950000 0.300000 -12.540000
v 4.500000 3.850000 -12.540000
v 4.950000 3.850000 -12.540000
v 4.950000 3.850000 -14.450000
v 4.500000 3.850000 -14.450000
v 4.950000 4.450000 -14.450000
v 4.500000 4.450000 -14.450000
v 4.500000 4.450000 -8.224999
v 6.550000 4.450000 -8.224999
v 4.500000 4.450000 -8.675000
v 10.800000 0.300000 -8.224999
v 10.800000 0.300000 -8.675000
v 7.650001 4.450000 -8.224999
v 10.800000 4.450000 -8.224999
v 10.800000 4.450000 -8.675000
v 7.650001 4.450000 -8.675000
v 6.550000 4.450000 -8.675000
v 4.500000 0.300000 -14.224999
v 6.550000 0.300000 -14.224999
v 6.550000 0.300000 -14.675000
v 4.500000 0.300000 -14.675000
v 4.500000 4.450000 -14.224999
v 6.550000 4.450000 -14.224999
v 6.550000 4.450000 -14.675000
v 4.500000 4.450000 -14.675000
v 7.650000 0.300000 -14.224999
v 10.800000 0.300000 -14.224999
v 10.800000 0.300000 -14.675000
v 7.650000 0.300000 -14.675000
v 7.650001 4.450000 -14.224999
v 10.800000 4.450000 -14.224999
v 10.800000 4.450000 -14.675000
v 7.650001 4.450000 -14.675000
v 10.349999 0.300000 -8.450000
v 10.800000 0.300000 -8.450000
v 10.800000 0.300000 -14.450000
v 10.349999 0.300000 -14.450000
v 10.349999 4.450000 -8.450000
v 10.800000 4.450000 -8.450000
v 10.800000 4.450000 -14.450000
v 10.349999 4.450000 -14.450000
v 10.800000 0.160000 -8.450000
v 10.800000 0.160000 -14.450000
v 4.500000 0.300000 -14.450000
v 4.450000 -0.120000 -8.400000
v 10.850000 -0.120000 -8.400000
v 10.850000 -0.120000 -14.500000
v 4.450000 -0.120000 -14.500000
v 4.450000 0.300000 -8.400000
v 10.850000 0.300000 -8.400000
v 10.850000 0.300000 -14.500000
v 4.450000 0.300000 -14.500000
v 4.070000 4.450000 -8.050000
v 4.070000 4.450000 -14.850000
v 7.650000 5.750000 -8.050000
v 7.650000 5.750000 -14.850000
v 11.230000 4.450000 -8.050000
v 11.230000 4.450000 -14.850000
v 4.070000 4.290000 -8.050000
v 4.070000 4.290000 -14.850000
v 7.650000 5.590000 -8.050000
v 7.650000 5.590000 -14.850000
v 11.230000 4.290000 -8.050000
v 11.230000 4.290000 -14.850000
v 4.500000 4.350000 -8.450000
v 7.650000 5.620000 -8.450000
v 10.800000 4.350000 -8.450000
v 4.500000 4.350000 -14.450000
v 7.650000 5.620000 -14.450000
v 10.800000 4.350000 -14.450000
v 3.990000 4.220000 -8.049999
v 4.220000 4.220000 -8.049999
v 4.220000 4.220000 -14.850000
v 3.990000 4.220000 -14.850000
v 3.990000 4.380000 -8.049999
v 4.220000 4.380000 -8.049999
v 4.220000 4.380000 -14.850000
v 3.990000 4.380000 -14.850000
v 4.950000 0.300000 -14.450001
v 4.950000 0.300000 -16.500000
v 4.500000 0.300000 -16.500000
v 4.500000 1.300000 -14.450001
v 4.950000 1.300000 -14.450001
v 4.950000 1.300000 -16.500000
v 4.500000 1.300000 -16.500000
v 4.950000 2.900000 -14.450001
v 4.950000 2.900000 -16.500000
v 4.500000 2.900000 -14.450001
v 4.500000 2.900000 -16.500000
v 4.500000 3.600000 -14.450001
v 4.950000 3.600000 -14.450001
v 4.950000 3.600000 -16.500000
v 4.500000 3.600000 -16.500000
v 4.950000 0.300000 -17.700001
v 4.500000 0.300000 -17.700001
v 4.950000 1.300000 -17.700001
v 4.500000 1.300000 -17.700001
v 4.950000 2.900000 -17.700001
v 4.950000 3.600000 -17.700001
v 4.500000 3.600000 -17.700001
v 4.950000 0.300000 -21.000000
v 4.500000 0.300000 -21.000000
v 4.950000 1.300000 -21.000000
v 4.500000 1.300000 -21.000000
v 4.500000 2.900000 -17.700001
v 4.950000 2.900000 -21.000000
v 4.500000 2.900000 -21.000000
v 4.950000 3.600000 -21.000000
v 4.500000 3.600000 -21.000000
v 4.500000 3.600000 -14.224999
v 6.550000 3.600000 -14.224999
v 4.500000 3.600000 -14.675000
v 9.500000 0.300000 -14.224999
v 9.500000 0.300000 -14.675000
v 7.650000 3.600000 -14.224999
v 9.500000 3.600000 -14.224999
v 9.500000 3.600000 -14.675000
v 7.650000 3.600000 -14.675000
v 6.550000 2.600000 -14.224999
v 7.650000 2.600000 -14.224999
v 7.650000 2.600000 -14.675000
v 6.550000 2.600000 -14.675000
v 6.550000 3.600000 -14.675000
v 4.500000 0.300000 -20.775000
v 9.500000 0.300000 -20.775000
v 9.500000 0.300000 -21.225000
v 4.500000 0.300000 -21.225000
v 4.500000 3.600000 -20.775000
v 9.500000 3.600000 -20.775000
v 9.500000 3.600000 -21.225000
v 4.500000 3.600000 -21.225000
v 9.049999 0.300000 -14.450001
v 9.500000 0.300000 -14.450001
v 9.500000 0.300000 -21.000000
v 9.049999 0.300000 -21.000000
v 9.049999 3.600000 -14.450001
v 9.500000 3.600000 -14.450001
v 9.500000 3.600000 -21.000000
v 9.049999 3.600000 -21.000000
v 4.500000 0.160000 -14.450001
v 9.500000 0.160000 -14.450001
v 9.500000 0.160000 -21.000000
v 4.500000 0.160000 -21.000000
v 4.450000 -0.120000 -14.400001
v 9.550000 -0.120000 -14.400001
v 9.550000 -0.120000 -21.050001
v 4.450000 -0.120000 -21.050001
v 4.450000 0.300000 -14.400001
v 9.550000 0.300000 -14.400001
v 9.550000 0.300000 -21.050001
v 4.450000 0.300000 -21.050001
v 4.070000 3.600000 -14.050000
v 4.070000 3.600000 -21.400000
v 7.000000 4.850000 -14.050000
v 7.000000 4.850000 -21.400000
v 9.930000 3.600000 -14.050000
v 9.930000 3.600000 -21.400000
v 4.070000 3.440000 -14.050000
v 4.070000 3.440000 -21.400000
v 7.000000 4.690000 -14.050000
v 7.000000 4.690000 -21.400000
v 9.930000 3.440000 -14.050000
v 9.930000 3.440000 -21.400000
v 4.500000 3.500000 -14.450000
v 7.000000 4.720000 -14.450000
v 9.500000 3.500000 -14.450000
v 4.500000 3.500000 -21.000000
v 7.000000 4.720000 -21.000000
v 9.500000 3.500000 -21.000000
v 3.990000 3.370000 -14.050000
v 4.220000 3.370000 -14.050000
v 4.220000 3.370000 -21.400000
v 3.990000 3.370000 -21.400000
v 3.990000 3.530000 -14.050000
v 4.220000 3.530000 -14.050000
v 4.220000 3.530000 -21.400000
v 3.990000 3.530000 -21.400000
v 4.420000 1.215000 -16.355000
v 4.410000 1.215000 -16.365000
v 4.420000 1.205000 -16.365000
v 4.770000 1.215000 -16.355000
v 4.770000 1.205000 -16.365000
v 4.780000 1.215000 -16.365000
v 4.770000 1.215000 -16.500000
v 4.780000 1.215000 -16.490000
v 4.770000 1.205000 -16.490000
v 4.410000 1.215000 -16.490000
v 4.420000 1.215000 -16.500000
v 4.420000 1.205000 -16.490000
v 4.410000 2.985000 -16.365000
v 4.420000 2.985000 -16.355000
v 4.420000 2.995000 -16.365000
v 4.770000 2.985000 -16.355000
v 4.780000 2.985000 -16.365000
v 4.770000 2.995000 -16.365000
v 4.780000 2.985000 -16.490000
v 4.770000 2.985000 -16.500000
v 4.770000 2.995000 -16.490000
v 4.410000 2.985000 -16.490000
v 4.420000 2.995000 -16.490000
v 4.420000 2.985000 -16.500000
v 4.420000 1.215000 -17.699999
v 4.410000 1.215000 -17.709999
v 4.420000 1.205000 -17.709999
v 4.770000 1.215000 -17.699999
v 4.770000 1.205000 -17.709999
v 4.780000 1.215000 -17.709999
v 4.770000 1.215000 -17.844999
v 4.780000 1.215000 -17.834999
v 4.770000 1.205000 -17.834999
v 4.410000 1.215000 -17.834999
v 4.420000 1.215000 -17.844999
v 4.420000 1.205000 -17.834999
v 4.410000 2.985000 -17.709999
v 4.420000 2.985000 -17.699999
v 4.420000 2.995000 -17.709999
v 4.770000 2.985000 -17.699999
v 4.780000 2.985000 -17.709999
v 4.770000 2.995000 -17.709999
v 4.780000 2.985000 -17.834999
v 4.770000 2.985000 -17.844999
v 4.770000 2.995000 -17.834999
v 4.410000 2.985000 -17.834999
v 4.420000 2.995000 -17.834999
v 4.420000 2.985000 -17.844999
v 4.420000 2.910000 -16.355000
v 4.410000 2.910000 -16.365000
v 4.420000 2.900000 -16.365000
v 4.770000 2.910000 -16.355000
v 4.770000 2.900000 -16.365000
v 4.780000 2.910000 -16.365000
v 4.770000 2.910000 -17.845001
v 4.780000 2.910000 -17.835001
v 4.770000 2.900000 -17.835001
v 4.410000 2.910000 -17.835001
v 4.420000 2.910000 -17.845001
v 4.420000 2.900000 -17.835001
v 4.410000 3.035000 -16.365000
v 4.420000 3.035000 -16.355000
v 4.420000 3.045000 -16.365000
v 4.770000 3.035000 -16.355000
v 4.780000 3.035000 -16.365000
v 4.770000 3.045000 -16.365000
v 4.780000 3.035000 -17.835001
v 4.770000 3.035000 -17.845001
v 4.770000 3.045000 -17.835001
v 4.410000 3.035000 -17.835001
v 4.420000 3.045000 -17.835001
v 4.420000 3.035000 -17.845001
v 4.168000 1.163000 -16.240000
v 4.150000 1.163000 -16.257999
v 4.168000 1.145000 -16.257999
v 4.752000 1.163000 -16.240000
v 4.752000 1.145000 -16.257999
v 4.770000 1.163000 -16.257999
v 4.752000 1.163000 -17.960001
v 4.770000 1.163000 -17.942001
v 4.752000 1.145000 -17.942001
v 4.150000 1.163000 -17.942001
v 4.168000 1.163000 -17.960001
v 4.168000 1.145000 -17.942001
v 4.150000 1.287000 -16.257999
v 4.168000 1.287000 -16.240000
v 4.168000 1.305000 -16.257999
v 4.752000 1.287000 -16.240000
v 4.770000 1.287000 -16.257999
v 4.752000 1.305000 -16.257999
v 4.770000 1.287000 -17.942001
v 4.752000 1.287000 -17.960001
v 4.752000 1.305000 -17.942001
v 4.150000 1.287000 -17.942001
v 4.168000 1.305000 -17.942001
v 4.168000 1.287000 -17.960001
v 4.675000 1.300000 -16.500000
v 4.675000 2.900000 -16.500000
v 4.675000 2.900000 -17.700001
v 4.675000 1.300000 -17.700001
v 4.401376 1.300000 -16.341269
v 4.382565 1.300000 -16.392952
v 3.830026 1.300000 -16.191843
v 3.848837 1.300000 -16.140160
v 4.401376 2.900000 -16.341269
v 4.382565 2.900000 -16.392952
v 3.830026 2.900000 -16.191843
v 3.848837 2.900000 -16.140160
v 4.049920 1.300000 -18.290606
v 4.007787 1.300000 -18.255253
v 4.385746 1.300000 -17.804819
v 4.427879 1.300000 -17.840172
v 4.049920 2.900000 -18.290606
v 4.007787 2.900000 -18.255253
v 4.385746 2.900000 -17.804819
v 4.427879 2.900000 -17.840172
v 4.620000 0.300000 -10.610000
v 4.620000 3.030000 -10.610000
v 4.620000 3.030000 -10.790000
v 4.620000 0.300000 -10.790000
v 4.780000 0.300000 -10.610000
v 4.780000 3.030000 -10.610000
v 4.780000 3.030000 -10.790000
v 4.780000 0.300000 -10.790000
v 4.620000 0.300000 -12.210000
v 4.620000 3.030000 -12.210000
v 4.620000 3.030000 -12.390000
v 4.620000 0.300000 -12.390000
v 4.780000 0.300000 -12.210000
v 4.780000 3.030000 -12.210000
v 4.780000 3.030000 -12.390000
v 4.780000 0.300000 -12.390000
v 4.340000 0.300000 -10.580000
v 4.340000 0.460000 -10.580000
v 4.340000 0.460000 -12.420000
v 4.340000 0.300000 -12.420000
v 4.860000 0.300000 -10.580000
v 4.860000 0.460000 -10.580000
v 4.860000 0.460000 -12.420000
v 4.860000 0.300000 -12.420000
v 4.530000 2.850000 -10.540000
v 4.530000 3.090000 -10.540000
v 4.530000 3.090000 -12.460000
v 4.530000 2.850000 -12.460000
v 4.790000 2.850000 -10.540000
v 4.790000 3.090000 -10.540000
v 4.790000 3.090000 -12.460000
v 4.790000 2.850000 -12.460000
v 4.700000 0.300000 -10.790000
v 4.700000 2.850000 -10.790000
v 4.700000 2.850000 -12.210000
v 4.700000 0.300000 -12.210000
v 3.975000 0.315000 -10.490000
v 3.960000 0.315000 -10.505000
v 3.975000 0.300000 -10.505000
v 4.705000 0.315000 -10.490000
v 4.705000 0.300000 -10.505000
v 4.720000 0.315000 -10.505000
v 4.705000 0.315000 -12.510000
v 4.720000 0.315000 -12.495000
v 4.705000 0.300000 -12.495000
v 3.960000 0.315000 -12.495000
v 3.975000 0.315000 -12.510000
v 3.975000 0.300000 -12.495000
v 3.960000 0.345000 -10.505000
v 3.975000 0.345000 -10.490000
v 3.975000 0.360000 -10.505000
v 4.705000 0.345000 -10.490000
v 4.720000 0.345000 -10.505000
v 4.705000 0.360000 -10.505000
v 4.720000 0.345000 -12.495000
v 4.705000 0.345000 -12.510000
v 4.705000 0.360000 -12.495000
v 3.960000 0.345000 -12.495000
v 3.975000 0.360000 -12.495000
v 3.975000 0.345000 -12.510000
v 4.140000 0.325000 -10.200000
v 4.115000 0.325000 -10.225000
v 4.140000 0.300000 -10.225000
v 4.480000 0.325000 -10.200000
v 4.480000 0.300000 -10.225000
v 4.505000 0.325000 -10.225000
v 4.480000 0.325000 -10.460000
v 4.505000 0.325000 -10.434999
v 4.480000 0.300000 -10.434999
v 4.115000 0.325000 -10.434999
v 4.140000 0.325000 -10.460000
v 4.140000 0.300000 -10.434999
v 4.115000 2.785000 -10.225000
v 4.140000 2.785000 -10.200000
v 4.140000 2.810000 -10.225000
v 4.480000 2.785000 -10.200000
v 4.505000 2.785000 -10.225000
v 4.480000 2.810000 -10.225000
v 4.505000 2.785000 -10.434999
v 4.480000 2.785000 -10.460000
v 4.480000 2.810000 -10.434999
v 4.115000 2.785000 -10.434999
v 4.140000 2.810000 -10.434999
v 4.140000 2.785000 -10.460000
v 4.500000 2.810000 -10.460000
v 4.620000 2.810000 -10.610000
v 4.562469 0.300000 -10.410025
v 4.562469 2.810000 -10.410025
v 4.682469 2.810000 -10.560024
v 4.682469 0.300000 -10.560024
v 4.140000 0.325000 -12.540000
v 4.115000 0.325000 -12.565001
v 4.140000 0.300000 -12.565001
v 4.480000 0.325000 -12.540000
v 4.480000 0.300000 -12.565001
v 4.505000 0.325000 -12.565001
v 4.480000 0.325000 -12.800000
v 4.505000 0.325000 -12.775000
v 4.480000 0.300000 -12.775000
v 4.115000 0.325000 -12.775000
v 4.140000 0.325000 -12.800000
v 4.140000 0.300000 -12.775000
v 4.115000 2.785000 -12.565001
v 4.140000 2.785000 -12.540000
v 4.140000 2.810000 -12.565001
v 4.480000 2.785000 -12.540000
v 4.505000 2.785000 -12.565001
v 4.480000 2.810000 -12.565001
v 4.505000 2.785000 -12.775000
v 4.480000 2.785000 -12.800000
v 4.480000 2.810000 -12.775000
v 4.115000 2.785000 -12.775000
v 4.140000 2.810000 -12.775000
v 4.140000 2.785000 -12.800000
v 4.620000 2.810000 -12.390000
v 4.500000 2.810000 -12.540000
v 4.682469 0.300000 -12.439976
v 4.682469 2.810000 -12.439976
v 4.562469 2.810000 -12.589975
v 4.562469 0.300000 -12.589975
v 4.100000 2.810000 -12.540000
v 4.100000 3.058888 -12.509780
v 4.100000 3.121110 -12.762224
v 4.100000 2.810000 -12.800000
v 4.510000 2.810000 -12.540000
v 4.510000 3.058888 -12.509780
v 4.510000 3.121110 -12.762224
v 4.510000 2.810000 -12.800000
v 4.500000 3.058888 -12.509780
v 4.500000 3.850000 -12.509780
v 4.950000 2.810000 -12.540000
v 4.950000 3.058888 -12.509780
v 4.950000 3.850000 -12.509780
v 4.100000 3.293312 -12.420875
v 4.100000 3.414140 -12.651093
v 4.510000 3.293312 -12.420875
v 4.510000 3.414140 -12.651093
v 4.500000 3.293312 -12.420875
v 4.500000 3.850000 -12.420875
v 4.950000 3.293312 -12.420875
v 4.950000 3.850000 -12.420875
v 4.100000 3.499648 -12.278451
v 4.100000 3.672060 -12.473064
v 4.510000 3.499648 -12.278451
v 4.510000 3.672060 -12.473064
v 4.500000 3.499648 -12.278451
v 4.500000 3.850000 -12.278451
v 4.950000 3.499648 -12.278451
v 4.950000 3.850000 -12.278451
v 4.100000 3.665903 -12.090787
v 4.100000 3.879879 -12.238484
v 4.510000 3.665903 -12.090787
v 4.510000 3.879879 -12.238484
v 4.500000 3.665903 -12.090787
v 4.500000 3.850000 -12.090787
v 4.950000 3.665903 -12.090787
v 4.950000 3.850000 -12.090787
v 4.100000 3.782417 -11.868789
v 4.100000 4.025521 -11.960986
v 4.510000 3.782417 -11.868789
v 4.510000 4.025521 -11.960986
v 4.500000 3.782417 -11.868789
v 4.500000 3.850000 -11.868789
v 4.950000 3.782417 -11.868789
v 4.950000 3.850000 -11.868789
v 4.100000 3.842417 -11.625359
v 4.100000 4.100522 -11.656697
v 4.510000 3.842417 -11.625359
v 4.510000 4.100522 -11.656697
v 4.500000 3.842417 -11.625359
v 4.500000 3.850000 -11.625359
v 4.950000 3.842417 -11.625359
v 4.950000 3.850000 -11.625359
v 4.100000 3.842417 -11.374641
v 4.100000 4.100522 -11.343303
v 4.510000 3.842417 -11.374641
v 4.510000 4.100522 -11.343303
v 4.500000 3.842417 -11.374641
v 4.500000 3.850000 -11.374641
v 4.950000 3.842417 -11.374641
v 4.950000 3.850000 -11.374641
v 4.100000 3.782417 -11.131211
v 4.100000 4.025521 -11.039014
v 4.510000 3.782417 -11.131211
v 4.510000 4.025521 -11.039014
v 4.500000 3.782417 -11.131211
v 4.500000 3.850000 -11.131211
v 4.950000 3.782417 -11.131211
v 4.950000 3.850000 -11.131211
v 4.100000 3.665903 -10.909213
v 4.100000 3.879879 -10.761516
v 4.510000 3.665903 -10.909213
v 4.510000 3.879879 -10.761516
v 4.500000 3.665903 -10.909213
v 4.500000 3.850000 -10.909213
v 4.950000 3.665903 -10.909213
v 4.950000 3.850000 -10.909213
v 4.100000 3.499648 -10.721549
v 4.100000 3.672060 -10.526936
v 4.510000 3.499648 -10.721549
v 4.510000 3.672060 -10.526936
v 4.500000 3.499648 -10.721549
v 4.500000 3.850000 -10.721549
v 4.950000 3.499648 -10.721549
v 4.950000 3.850000 -10.721549
v 4.100000 3.293312 -10.579125
v 4.100000 3.414140 -10.348907
v 4.510000 3.293312 -10.579125
v 4.510000 3.414140 -10.348907
v 4.500000 3.293312 -10.579125
v 4.500000 3.850000 -10.579125
v 4.950000 3.293312 -10.579125
v 4.950000 3.850000 -10.579125
v 4.100000 3.058888 -10.490220
v 4.100000 3.121110 -10.237776
v 4.510000 3.058888 -10.490220
v 4.510000 3.121110 -10.237776
v 4.500000 3.058888 -10.490220
v 4.500000 3.850000 -10.490220
v 4.950000 3.058888 -10.490220
v 4.950000 3.850000 -10.490220
v 4.100000 2.810000 -10.460000
v 4.100000 2.810000 -10.200000
v 4.510000 2.810000 -10.460000
v 4.510000 2.810000 -10.200000
v 4.950000 2.810000 -10.460000
v 4.880000 3.230000 -11.500000
v 4.880000 3.230000 -12.451420
v 4.880000 3.362524 -12.381089
v 4.880000 3.483549 -12.292421
v 4.880000 3.590557 -12.187263
v 4.880000 3.681321 -12.067802
v 4.880000 3.753952 -11.936525
v 4.880000 3.806939 -11.796165
v 4.880000 3.839178 -11.649639
v 4.880000 3.850000 -11.500000
v 4.880000 3.839178 -11.350361
v 4.880000 3.806939 -11.203835
v 4.880000 3.753952 -11.063475
v 4.880000 3.681321 -10.932198
v 4.880000 3.590557 -10.812737
v 4.880000 3.483549 -10.707579
v 4.880000 3.362524 -10.618911
v 4.880000 3.230000 -10.548580
v -1.550000 3.380000 -8.080000
v -1.550000 3.380000 -13.780000
v 4.660000 4.140000 -8.080000
v 4.660000 4.140000 -13.780000
v -1.550000 3.240000 -8.080000
v -1.550000 3.240000 -13.780000
v 4.660000 4.000000 -8.080000
v 4.660000 4.000000 -13.780000
v -1.642000 3.203000 -7.955000
v -1.660000 3.203000 -7.973001
v -1.642000 3.185000 -7.973001
v -1.458000 3.203000 -7.955000
v -1.458000 3.185000 -7.973001
v -1.440000 3.203000 -7.973001
v -1.458000 3.203000 -13.905001
v -1.440000 3.203000 -13.887000
v -1.458000 3.185000 -13.887000
v -1.660000 3.203000 -13.887000
v -1.642000 3.203000 -13.905001
v -1.642000 3.185000 -13.887000
v -1.660000 3.397000 -7.973001
v -1.642000 3.397000 -7.955000
v -1.642000 3.415000 -7.973001
v -1.458000 3.397000 -7.955000
v -1.440000 3.397000 -7.973001
v -1.458000 3.415000 -7.973001
v -1.440000 3.397000 -13.887000
v -1.458000 3.397000 -13.905001
v -1.458000 3.415000 -13.887000
v -1.660000 3.397000 -13.887000
v -1.642000 3.415000 -13.887000
v -1.642000 3.397000 -13.905001
v -1.640000 0.395000 -8.125000
v -1.655000 0.395000 -8.139999
v -1.460000 0.395000 -8.125000
v -1.445000 0.395000 -8.139999
v -1.460000 0.395000 -8.334999
v -1.445000 0.395000 -8.320000
v -1.655000 0.395000 -8.320000
v -1.640000 0.395000 -8.334999
v -1.655000 3.195000 -8.139999
v -1.640000 3.195000 -8.125000
v -1.640000 3.210000 -8.139999
v -1.460000 3.195000 -8.125000
v -1.445000 3.195000 -8.139999
v -1.460000 3.210000 -8.139999
v -1.445000 3.195000 -8.320000
v -1.460000 3.195000 -8.334999
v -1.460000 3.210000 -8.320000
v -1.655000 3.195000 -8.320000
v -1.640000 3.210000 -8.320000
v -1.640000 3.195000 -8.334999
v -1.700000 0.325000 -8.054999
v -1.725000 0.325000 -8.080000
v -1.700000 0.300000 -8.080000
v -1.400000 0.325000 -8.054999
v -1.400000 0.300000 -8.080000
v -1.375000 0.325000 -8.080000
v -1.400000 0.325000 -8.405000
v -1.375000 0.325000 -8.379999
v -1.400000 0.300000 -8.379999
v -1.725000 0.325000 -8.379999
v -1.700000 0.325000 -8.405000
v -1.700000 0.300000 -8.379999
v -1.725000 0.525000 -8.080000
v -1.700000 0.525000 -8.054999
v -1.700000 0.550000 -8.080000
v -1.400000 0.525000 -8.054999
v -1.375000 0.525000 -8.080000
v -1.400000 0.550000 -8.080000
v -1.375000 0.525000 -8.379999
v -1.400000 0.525000 -8.405000
v -1.400000 0.550000 -8.379999
v -1.725000 0.525000 -8.379999
v -1.700000 0.550000 -8.379999
v -1.700000 0.525000 -8.405000
v -1.550000 2.490000 -8.294999
v -1.580561 2.524329 -8.275962
v -1.593220 2.538549 -8.230000
v -1.580561 2.524329 -8.184037
v -1.550000 2.490000 -8.165000
v -1.519439 2.455671 -8.184037
v -1.506780 2.441451 -8.230000
v -1.519439 2.455671 -8.275962
v -0.730000 3.220000 -8.294999
v -0.760561 3.254329 -8.275962
v -0.773220 3.268549 -8.230000
v -0.760561 3.254329 -8.184037
v -0.730000 3.220000 -8.165000
v -0.699439 3.185671 -8.184037
v -0.686780 3.171451 -8.230000
v -0.699439 3.185671 -8.275962
v -1.476491 3.041347 -8.165000
v -1.484431 3.040375 -8.172999
v -1.475519 3.033406 -8.172999
v 4.607627 3.785941 -8.165000
v 4.608600 3.778001 -8.172999
v 4.615568 3.786913 -8.172999
v 4.607627 3.785941 -8.294999
v 4.615568 3.786913 -8.287000
v 4.608600 3.778001 -8.287000
v -1.484431 3.040375 -8.287000
v -1.476491 3.041347 -8.294999
v -1.475519 3.033406 -8.287000
v -1.505568 3.213087 -8.172999
v -1.497628 3.214059 -8.165000
v -1.498600 3.221999 -8.172999
v 4.586491 3.958653 -8.165000
v 4.594431 3.959625 -8.172999
v 4.585519 3.966594 -8.172999
v 4.594431 3.959625 -8.287000
v 4.586491 3.958653 -8.294999
v 4.585519 3.966594 -8.287000
v -1.505568 3.213087 -8.287000
v -1.498600 3.221999 -8.287000
v -1.497628 3.214059 -8.294999
v -1.640000 0.395000 -13.425000
v -1.655000 0.395000 -13.440000
v -1.460000 0.395000 -13.425000
v -1.445000 0.395000 -13.440000
v -1.460000 0.395000 -13.634999
v -1.445000 0.395000 -13.620000
v -1.655000 0.395000 -13.620000
v -1.640000 0.395000 -13.634999
v -1.655000 3.195000 -13.440000
v -1.640000 3.195000 -13.425000
v -1.640000 3.210000 -13.440000
v -1.460000 3.195000 -13.425000
v -1.445000 3.195000 -13.440000
v -1.460000 3.210000 -13.440000
v -1.445000 3.195000 -13.620000
v -1.460000 3.195000 -13.634999
v -1.460000 3.210000 -13.620000
v -1.655000 3.195000 -13.620000
v -1.640000 3.210000 -13.620000
v -1.640000 3.195000 -13.634999
v -1.700000 0.325000 -13.355000
v -1.725000 0.325000 -13.380000
v -1.700000 0.300000 -13.380000
v -1.400000 0.325000 -13.355000
v -1.400000 0.300000 -13.380000
v -1.375000 0.325000 -13.380000
v -1.400000 0.325000 -13.705000
v -1.375000 0.325000 -13.679999
v -1.400000 0.300000 -13.679999
v -1.725000 0.325000 -13.679999
v -1.700000 0.325000 -13.705000
v -1.700000 0.300000 -13.679999
v -1.725000 0.525000 -13.380000
v -1.700000 0.525000 -13.355000
v -1.700000 0.550000 -13.380000
v -1.400000 0.525000 -13.355000
v -1.375000 0.525000 -13.380000
v -1.400000 0.550000 -13.380000
v -1.375000 0.525000 -13.679999
v -1.400000 0.525000 -13.705000
v -1.400000 0.550000 -13.679999
v -1.725000 0.525000 -13.679999
v -1.700000 0.550000 -13.679999
v -1.700000 0.525000 -13.705000
v -1.550000 2.490000 -13.594999
v -1.580561 2.524329 -13.575962
v -1.593220 2.538549 -13.530000
v -1.580561 2.524329 -13.484037
v -1.550000 2.490000 -13.465000
v -1.519439 2.455671 -13.484037
v -1.506780 2.441451 -13.530000
v -1.519439 2.455671 -13.575962
v -0.730000 3.220000 -13.594999
v -0.760561 3.254329 -13.575962
v -0.773220 3.268549 -13.530000
v -0.760561 3.254329 -13.484037
v -0.730000 3.220000 -13.465000
v -0.699439 3.185671 -13.484037
v -0.686780 3.171451 -13.530000
v -0.699439 3.185671 -13.575962
v -1.476491 3.041347 -13.465000
v -1.484431 3.040375 -13.473000
v -1.475519 3.033406 -13.473000
v 4.607627 3.785941 -13.465000
v 4.608600 3.778001 -13.473000
v 4.615568 3.786913 -13.473000
v 4.607627 3.785941 -13.594999
v 4.615568 3.786913 -13.587000
v 4.608600 3.778001 -13.587000
v -1.484431 3.040375 -13.587000
v -1.476491 3.041347 -13.594999
v -1.475519 3.033406 -13.587000
v -1.505568 3.213087 -13.473000
v -1.497628 3.214059 -13.465000
v -1.498600 3.221999 -13.473000
v 4.586491 3.958653 -13.465000
v 4.594431 3.959625 -13.473000
v 4.585519 3.966594 -13.473000
v 4.594431 3.959625 -13.587000
v 4.586491 3.958653 -13.594999
v 4.585519 3.966594 -13.587000
v -1.505568 3.213087 -13.587000
v -1.498600 3.221999 -13.587000
v -1.497628 3.214059 -13.594999
v 12.299999 0.000000 16.000000
v 12.750000 0.000000 16.000000
v 12.750000 0.000000 12.549000
v 12.299999 0.000000 12.549000
v 12.299999 4.100000 16.000000
v 12.750000 4.100000 16.000000
v 12.750000 4.100000 12.549000
v 12.299999 4.100000 12.549000
v 12.299999 5.650000 16.000000
v 12.750000 5.650000 16.000000
v 12.750000 5.650001 12.549000
v 12.299999 5.650001 12.549000
v 12.299999 6.300000 16.000000
v 12.750000 6.300000 16.000000
v 12.750000 6.300000 12.549000
v 12.299999 6.300000 12.549000
v 12.750000 0.000000 11.499001
v 12.299999 0.000000 11.499001
v 12.750000 4.100000 11.499001
v 12.299999 4.100000 11.499001
v 12.750000 5.650001 11.499001
v 12.299999 5.650001 11.499001
v 12.750000 6.300000 11.499001
v 12.299999 6.300000 11.499001
v 12.750000 0.000000 6.727000
v 12.299999 0.000000 6.727000
v 12.750000 4.100000 6.727000
v 12.299999 4.100000 6.727000
v 12.750000 5.650001 6.727000
v 12.299999 5.650001 6.727000
v 12.750000 6.300000 6.727000
v 12.299999 6.300000 6.727000
v 12.750000 0.000000 5.677000
v 12.299999 0.000000 5.677000
v 12.750000 4.100000 5.677000
v 12.299999 4.100000 5.677000
v 12.750000 5.650001 5.677000
v 12.299999 5.650001 5.677000
v 12.750000 6.300000 5.677000
v 12.299999 6.300000 5.677000
v 12.750000 0.000000 1.800000
v 12.299999 0.000000 1.800000
v 12.750000 4.100000 1.800000
v 12.299999 4.100000 1.800000
v 12.750000 5.650000 1.800000
v 12.299999 5.650000 1.800000
v 12.750000 6.300000 1.800000
v 12.299999 6.300000 1.800000
v 12.300000 0.000000 16.225000
v 16.299999 0.000000 16.225000
v 16.299999 0.000000 15.775000
v 12.300000 0.000000 15.775000
v 12.300000 6.300000 16.225000
v 16.299999 6.300000 16.225000
v 16.299999 6.300000 15.775000
v 12.300000 6.300000 15.775000
v 12.300000 0.000000 2.025000
v 16.299999 0.000000 2.025000
v 16.299999 0.000000 1.575000
v 12.300000 0.000000 1.575000
v 12.300000 6.300000 2.025000
v 16.299999 6.300000 2.025000
v 16.299999 6.300000 1.575000
v 12.300000 6.300000 1.575000
v 15.850000 0.000000 16.000000
v 15.850000 0.000000 1.800000
v 15.850000 6.300000 16.000000
v 16.300001 6.300000 16.000000
v 16.300001 6.300000 1.800000
v 15.850000 6.300000 1.800000
v 12.300000 -0.140000 16.000000
v 16.299999 -0.140000 16.000000
v 16.299999 -0.140000 1.800000
v 12.300000 -0.140000 1.800000
v 16.299999 0.000000 16.000000
v 16.299999 0.000000 1.800000
v 11.870000 6.300000 16.400000
v 11.870000 6.300000 1.400000
v 14.300000 7.500000 16.400000
v 14.300000 7.500000 1.400000
v 16.730000 6.300000 16.400000
v 16.730000 6.300000 1.400000
v 11.870000 6.140000 16.400000
v 11.870000 6.140000 1.400000
v 14.300000 7.340000 16.400000
v 14.300000 7.340000 1.400000
v 16.730000 6.140000 16.400000
v 16.730000 6.140000 1.400000
v 12.300000 6.200000 16.000000
v 14.300000 7.370000 16.000000
v 16.299999 6.200000 16.000000
v 12.300000 6.200000 1.800000
v 14.300000 7.370000 1.800000
v 16.299999 6.200000 1.800000
v 11.790000 6.070000 16.400000
v 12.020000 6.070000 16.400000
v 12.020000 6.070000 1.400000
v 11.790000 6.070000 1.400000
v 11.790000 6.230000 16.400000
v 12.020000 6.230000 16.400000
v 12.020000 6.230000 1.400000
v 11.790000 6.230000 1.400000
v 12.220000 4.015000 12.694000
v 12.210000 4.015000 12.684000
v 12.220000 4.005000 12.684000
v 12.570001 4.015000 12.694000
v 12.570001 4.005000 12.684000
v 12.580001 4.015000 12.684000
v 12.570001 4.015000 12.549000
v 12.580001 4.015000 12.559000
v 12.570001 4.005000 12.559000
v 12.210000 4.015000 12.559000
v 12.220000 4.015000 12.549000
v 12.220000 4.005000 12.559000
v 12.210000 5.735000 12.684000
v 12.220000 5.735000 12.694000
v 12.220000 5.745000 12.684000
v 12.570001 5.735000 12.694000
v 12.580001 5.735000 12.684000
v 12.570001 5.745000 12.684000
v 12.580001 5.735000 12.559000
v 12.570001 5.735000 12.549000
v 12.570001 5.745000 12.559000
v 12.210000 5.735000 12.559000
v 12.220000 5.745000 12.559000
v 12.220000 5.735000 12.549000
v 12.220000 4.015000 11.499001
v 12.210000 4.015000 11.489000
v 12.220000 4.005000 11.489000
v 12.570001 4.015000 11.499001
v 12.570001 4.005000 11.489000
v 12.580001 4.015000 11.489000
v 12.570001 4.015000 11.354000
v 12.580001 4.015000 11.364000
v 12.570001 4.005000 11.364000
v 12.210000 4.015000 11.364000
v 12.220000 4.015000 11.354000
v 12.220000 4.005000 11.364000
v 12.210000 5.735000 11.489000
v 12.220000 5.735000 11.499001
v 12.220000 5.745000 11.489000
v 12.570001 5.735000 11.499001
v 12.580001 5.735000 11.489000
v 12.570001 5.745000 11.489000
v 12.580001 5.735000 11.364000
v 12.570001 5.735000 11.354000
v 12.570001 5.745000 11.364000
v 12.210000 5.735000 11.364000
v 12.220000 5.745000 11.364000
v 12.220000 5.735000 11.354000
v 12.220000 5.660000 12.694000
v 12.210000 5.660000 12.684000
v 12.220000 5.650000 12.684000
v 12.570001 5.660000 12.694000
v 12.570001 5.650000 12.684000
v 12.580001 5.660000 12.684000
v 12.570001 5.660000 11.354000
v 12.580001 5.660000 11.364000
v 12.570001 5.650000 11.364000
v 12.210000 5.660000 11.364000
v 12.220000 5.660000 11.354000
v 12.220000 5.650000 11.364000
v 12.210000 5.785000 12.684000
v 12.220000 5.785000 12.694000
v 12.220000 5.795000 12.684000
v 12.570001 5.785000 12.694000
v 12.580001 5.785000 12.684000
v 12.570001 5.795000 12.684000
v 12.580001 5.785000 11.364000
v 12.570001 5.785000 11.354000
v 12.570001 5.795000 11.364000
v 12.210000 5.785000 11.364000
v 12.220000 5.795000 11.364000
v 12.220000 5.785000 11.354000
v 11.968000 3.963000 12.809000
v 11.950000 3.963000 12.791000
v 11.968000 3.945000 12.791000
v 12.552000 3.963000 12.809000
v 12.552000 3.945000 12.791000
v 12.570001 3.963000 12.791000
v 12.552000 3.963000 11.239000
v 12.570001 3.963000 11.257000
v 12.552000 3.945000 11.257000
v 11.950000 3.963000 11.257000
v 11.968000 3.963000 11.239000
v 11.968000 3.945000 11.257000
v 11.950000 4.087000 12.791000
v 11.968000 4.087000 12.809000
v 11.968000 4.105000 12.791000
v 12.552000 4.087000 12.809000
v 12.570001 4.087000 12.791000
v 12.552000 4.105000 12.791000
v 12.570001 4.087000 11.257000
v 12.552000 4.087000 11.239000
v 12.552000 4.105000 11.257000
v 11.950000 4.087000 11.257000
v 11.968000 4.105000 11.257000
v 11.968000 4.087000 11.239000
v 12.475000 4.100000 12.549000
v 12.475000 5.650000 12.549000
v 12.475000 5.650000 11.499000
v 12.475000 4.100000 11.499000
v 12.201377 4.100000 12.707730
v 12.182566 4.100000 12.656048
v 11.699094 4.100000 12.832017
v 11.717905 4.100000 12.883699
v 12.201377 5.650000 12.707730
v 12.182566 5.650000 12.656048
v 11.699094 5.650000 12.832017
v 11.717905 5.650000 12.883699
v 11.897163 4.100000 10.964696
v 11.855031 4.100000 11.000050
v 12.185745 4.100000 11.394179
v 12.227878 4.100000 11.358826
v 11.897163 5.650000 10.964696
v 11.855031 5.650000 11.000050
v 12.185745 5.650000 11.394179
v 12.227878 5.650000 11.358826
v 12.220000 4.015000 6.872000
v 12.210000 4.015000 6.862000
v 12.220000 4.005000 6.862000
v 12.570001 4.015000 6.872000
v 12.570001 4.005000 6.862000
v 12.580001 4.015000 6.862000
v 12.570001 4.015000 6.727000
v 12.580001 4.015000 6.737000
v 12.570001 4.005000 6.737000
v 12.210000 4.015000 6.737000
v 12.220000 4.015000 6.727000
v 12.220000 4.005000 6.737000
v 12.210000 5.735000 6.862000
v 12.220000 5.735000 6.872000
v 12.220000 5.745000 6.862000
v 12.570001 5.735000 6.872000
v 12.580001 5.735000 6.862000
v 12.570001 5.745000 6.862000
v 12.580001 5.735000 6.737000
v 12.570001 5.735000 6.727000
v 12.570001 5.745000 6.737000
v 12.210000 5.735000 6.737000
v 12.220000 5.745000 6.737000
v 12.220000 5.735000 6.727000
v 12.220000 4.015000 5.677000
v 12.210000 4.015000 5.667000
v 12.220000 4.005000 5.667000
v 12.570001 4.015000 5.677000
v 12.570001 4.005000 5.667000
v 12.580001 4.015000 5.667000
v 12.570001 4.015000 5.532000
v 12.580001 4.015000 5.542000
v 12.570001 4.005000 5.542000
v 12.210000 4.015000 5.542000
v 12.220000 4.015000 5.532000
v 12.220000 4.005000 5.542000
v 12.210000 5.735000 5.667000
v 12.220000 5.735000 5.677000
v 12.220000 5.745000 5.667000
v 12.570001 5.735000 5.677000
v 12.580001 5.735000 5.667000
v 12.570001 5.745000 5.667000
v 12.580001 5.735000 5.542000
v 12.570001 5.735000 5.532000
v 12.570001 5.745000 5.542000
v 12.210000 5.735000 5.542000
v 12.220000 5.745000 5.542000
v 12.220000 5.735000 5.532000
v 12.220000 5.660000 6.872000
v 12.210000 5.660000 6.862000
v 12.220000 5.650000 6.862000
v 12.570001 5.660000 6.872000
v 12.570001 5.650000 6.862000
v 12.580001 5.660000 6.862000
v 12.570001 5.660000 5.532000
v 12.580001 5.660000 5.542000
v 12.570001 5.650000 5.542000
v 12.210000 5.660000 5.542000
v 12.220000 5.660000 5.532000
v 12.220000 5.650000 5.542000
v 12.210000 5.785000 6.862000
v 12.220000 5.785000 6.872000
v 12.220000 5.795000 6.862000
v 12.570001 5.785000 6.872000
v 12.580001 5.785000 6.862000
v 12.570001 5.795000 6.862000
v 12.580001 5.785000 5.542000
v 12.570001 5.785000 5.532000
v 12.570001 5.795000 5.542000
v 12.210000 5.785000 5.542000
v 12.220000 5.795000 5.542000
v 12.220000 5.785000 5.532000
v 11.968000 3.963000 6.987000
v 11.950000 3.963000 6.969000
v 11.968000 3.945000 6.969000
v 12.552000 3.963000 6.987000
v 12.552000 3.945000 6.969000
v 12.570001 3.963000 6.969000
v 12.552000 3.963000 5.417000
v 12.570001 3.963000 5.435000
v 12.552000 3.945000 5.435000
v 11.950000 3.963000 5.435000
v 11.968000 3.963000 5.417000
v 11.968000 3.945000 5.435000
v 11.950000 4.087000 6.969000
v 11.968000 4.087000 6.987000
v 11.968000 4.105000 6.969000
v 12.552000 4.087000 6.987000
v 12.570001 4.087000 6.969000
v 12.552000 4.105000 6.969000
v 12.570001 4.087000 5.435000
v 12.552000 4.087000 5.417000
v 12.552000 4.105000 5.435000
v 11.950000 4.087000 5.435000
v 11.968000 4.105000 5.435000
v 11.968000 4.087000 5.417000
v 12.475000 4.100000 6.727000
v 12.475000 5.650000 6.727000
v 12.475000 5.650000 5.677000
v 12.475000 4.100000 5.677000
v 12.201376 4.100000 6.885731
v 12.182565 4.100000 6.834048
v 11.699093 4.100000 7.010017
v 11.717904 4.100000 7.061700
v 12.201376 5.650000 6.885731
v 12.182565 5.650000 6.834048
v 11.699093 5.650000 7.010017
v 11.717904 5.650000 7.061700
v 11.897163 4.100000 5.142696
v 11.855031 4.100000 5.178050
v 12.185745 4.100000 5.572180
v 12.227878 4.100000 5.536826
v 11.897163 5.650000 5.142696
v 11.855031 5.650000 5.178050
v 12.185745 5.650000 5.572180
v 12.227878 5.650000 5.536826
v 12.175000 3.515000 16.000000
v 12.335000 3.515000 16.000000
v 12.335000 3.515000 1.800000
v 12.175000 3.515000 1.800000
v 12.175000 3.685000 16.000000
v 12.335000 3.685000 16.000000
v 12.335000 3.685000 1.800000
v 12.175000 3.685000 1.800000
v 13.980000 6.750000 9.190000
v 14.620000 6.750000 9.190000
v 14.620000 6.750000 8.610000
v 13.980000 6.750000 8.610000
v 13.980000 7.850000 9.190000
v 14.620000 7.850000 9.190000
v 14.620000 7.850000 8.610000
v 13.980000 7.850000 8.610000
v 13.890000 7.800000 9.275000
v 14.710000 7.800000 9.275000
v 14.710000 7.800000 8.525000
v 13.890000 7.800000 8.525000
v 13.890000 7.960000 9.275000
v 14.710000 7.960000 9.275000
v 14.710000 7.960000 8.525000
v 13.890000 7.960000 8.525000
v 13.799999 0.000000 1.800000
v 14.250000 0.000000 1.800000
v 13.799999 4.100000 1.800000
v 14.250000 4.100000 1.800000
v 13.799999 5.650000 1.800000
v 14.250000 5.650000 1.800000
v 13.799999 5.650001 -2.239000
v 13.799999 7.150000 1.800000
v 14.250000 7.150000 1.800000
v 13.799999 0.000000 -2.239000
v 14.250000 0.000000 -2.239000
v 13.799999 4.100000 -2.239000
v 14.250000 4.100000 -2.239000
v 14.250000 4.100000 -3.289000
v 14.250000 5.650001 -2.239000
v 13.799999 7.150000 -2.239000
v 14.250000 7.150000 -2.239000
v 13.799999 0.000000 -3.289000
v 14.250000 0.000000 -3.289000
v 14.250000 0.000000 -8.922000
v 13.799999 0.000000 -8.922000
v 13.799999 4.100000 -3.289000
v 14.250000 4.100000 -8.922000
v 13.799999 4.100000 -8.922000
v 13.799999 5.650001 -3.289000
v 14.250000 5.650001 -3.289000
v 14.250000 5.650001 -8.922000
v 13.799999 5.650001 -8.922000
v 13.799999 7.150000 -3.289000
v 14.250000 7.150000 -3.289000
v 14.250000 7.150000 -8.922000
v 13.799999 7.150000 -8.922000
v 13.799999 0.000000 -9.972000
v 14.250000 0.000000 -9.972000
v 14.250000 0.000000 -14.500000
v 13.799999 0.000000 -14.500000
v 13.799999 4.100000 -9.972000
v 14.250000 4.100000 -9.972000
v 14.250000 4.100000 -14.500000
v 13.799999 4.100000 -14.500000
v 13.799999 5.650001 -9.972000
v 14.250000 5.650001 -9.972000
v 14.250000 5.650000 -14.500000
v 13.799999 5.650000 -14.500000
v 13.799999 7.150000 -9.972000
v 14.250000 7.150000 -9.972000
v 14.250000 7.150000 -14.500000
v 13.799999 7.150000 -14.500000
v 13.800000 0.000000 2.025000
v 17.799999 0.000000 2.025000
v 17.799999 0.000000 1.575000
v 13.800000 0.000000 1.575000
v 13.800000 7.150000 2.025000
v 17.799999 7.150000 2.025000
v 17.799999 7.150000 1.575000
v 13.800000 7.150000 1.575000
v 13.800000 0.000000 -14.275000
v 17.799999 0.000000 -14.275000
v 17.799999 0.000000 -14.725000
v 13.800000 0.000000 -14.725000
v 13.800000 7.150000 -14.275000
v 17.799999 7.150000 -14.275000
v 17.799999 7.150000 -14.725000
v 13.800000 7.150000 -14.725000
v 17.350000 0.000000 1.800000
v 17.799999 0.000000 1.800000
v 17.350000 0.000000 -14.500000
v 17.350000 7.150000 1.800000
v 17.800001 7.150000 1.800000
v 17.800001 7.150000 -14.500000
v 17.350000 7.150000 -14.500000
v 13.800000 -0.140000 1.800000
v 17.799999 -0.140000 1.800000
v 17.799999 -0.140000 -14.500000
v 13.800000 -0.140000 -14.500000
v 17.799999 0.000000 -14.500000
v 13.370000 7.150000 2.200000
v 13.370000 7.150000 -14.900000
v 15.800000 8.400000 2.200000
v 15.800000 8.400000 -14.900000
v 18.230000 7.150000 2.200000
v 18.230000 7.150000 -14.900000
v 13.370000 6.990000 2.200000
v 13.370000 6.990000 -14.900000
v 15.800000 8.240000 2.200000
v 15.800000 8.240000 -14.900000
v 18.230000 6.990000 2.200000
v 18.230000 6.990000 -14.900000
v 13.800000 7.050000 1.800000
v 15.800000 8.270000 1.800000
v 17.799999 7.050000 1.800000
v 13.800000 7.050000 -14.500000
v 15.800000 8.270000 -14.500000
v 17.799999 7.050000 -14.500000
v 13.290000 6.920000 2.200000
v 13.520000 6.920000 2.200000
v 13.520000 6.920000 -14.900000
v 13.290000 6.920000 -14.900000
v 13.290000 7.080000 2.200000
v 13.520000 7.080000 2.200000
v 13.520000 7.080000 -14.900000
v 13.290000 7.080000 -14.900000
v 13.720000 4.015000 -2.094000
v 13.710000 4.015000 -2.104000
v 13.720000 4.005000 -2.104000
v 14.070001 4.015000 -2.094000
v 14.070001 4.005000 -2.104000
v 14.080001 4.015000 -2.104000
v 14.070001 4.015000 -2.239000
v 14.080001 4.015000 -2.229000
v 14.070001 4.005000 -2.229000
v 13.710000 4.015000 -2.229000
v 13.720000 4.015000 -2.239000
v 13.720000 4.005000 -2.229000
v 13.710000 5.735000 -2.104000
v 13.720000 5.735000 -2.094000
v 13.720000 5.745000 -2.104000
v 14.070001 5.735000 -2.094000
v 14.080001 5.735000 -2.104000
v 14.070001 5.745000 -2.104000
v 14.080001 5.735000 -2.229000
v 14.070001 5.735000 -2.239000
v 14.070001 5.745000 -2.229000
v 13.710000 5.735000 -2.229000
v 13.720000 5.745000 -2.229000
v 13.720000 5.735000 -2.239000
v 13.720000 4.015000 -3.289000
v 13.710000 4.015000 -3.299000
v 13.720000 4.005000 -3.299000
v 14.070001 4.015000 -3.289000
v 14.070001 4.005000 -3.299000
v 14.080001 4.015000 -3.299000
v 14.070001 4.015000 -3.434000
v 14.080001 4.015000 -3.424000
v 14.070001 4.005000 -3.424000
v 13.710000 4.015000 -3.424000
v 13.720000 4.015000 -3.434000
v 13.720000 4.005000 -3.424000
v 13.710000 5.735000 -3.299000
v 13.720000 5.735000 -3.289000
v 13.720000 5.745000 -3.299000
v 14.070001 5.735000 -3.289000
v 14.080001 5.735000 -3.299000
v 14.070001 5.745000 -3.299000
v 14.080001 5.735000 -3.424000
v 14.070001 5.735000 -3.434000
v 14.070001 5.745000 -3.424000
v 13.710000 5.735000 -3.424000
v 13.720000 5.745000 -3.424000
v 13.720000 5.735000 -3.434000
v 13.720000 5.660000 -2.094000
v 13.710000 5.660000 -2.104000
v 13.720000 5.650000 -2.104000
v 14.070001 5.660000 -2.094000
v 14.070001 5.650000 -2.104000
v 14.080001 5.660000 -2.104000
v 14.070001 5.660000 -3.434000
v 14.080001 5.660000 -3.424000
v 14.070001 5.650000 -3.424000
v 13.710000 5.660000 -3.424000
v 13.720000 5.660000 -3.434000
v 13.720000 5.650000 -3.424000
v 13.710000 5.785000 -2.104000
v 13.720000 5.785000 -2.094000
v 13.720000 5.795000 -2.104000
v 14.070001 5.785000 -2.094000
v 14.080001 5.785000 -2.104000
v 14.070001 5.795000 -2.104000
v 14.080001 5.785000 -3.424000
v 14.070001 5.785000 -3.434000
v 14.070001 5.795000 -3.424000
v 13.710000 5.785000 -3.424000
v 13.720000 5.795000 -3.424000
v 13.720000 5.785000 -3.434000
v 13.468000 3.963000 -1.979000
v 13.450000 3.963000 -1.997000
v 13.468000 3.945000 -1.997000
v 14.052000 3.963000 -1.979000
v 14.052000 3.945000 -1.997000
v 14.070001 3.963000 -1.997000
v 14.052000 3.963000 -3.549000
v 14.070001 3.963000 -3.531000
v 14.052000 3.945000 -3.531000
v 13.450000 3.963000 -3.531000
v 13.468000 3.963000 -3.549000
v 13.468000 3.945000 -3.531000
v 13.450000 4.087000 -1.997000
v 13.468000 4.087000 -1.979000
v 13.468000 4.105000 -1.997000
v 14.052000 4.087000 -1.979000
v 14.070001 4.087000 -1.997000
v 14.052000 4.105000 -1.997000
v 14.070001 4.087000 -3.531000
v 14.052000 4.087000 -3.549000
v 14.052000 4.105000 -3.531000
v 13.450000 4.087000 -3.531000
v 13.468000 4.105000 -3.531000
v 13.468000 4.087000 -3.549000
v 13.975000 4.100000 -2.239000
v 13.975000 5.650000 -2.239000
v 13.975000 5.650000 -3.289000
v 13.975000 4.100000 -3.289000
v 13.701377 4.100000 -2.080269
v 13.682566 4.100000 -2.131953
v 13.199094 4.100000 -1.955983
v 13.217905 4.100000 -1.904300
v 13.701377 5.650000 -2.080269
v 13.682566 5.650000 -2.131953
v 13.199094 5.650000 -1.955983
v 13.217905 5.650000 -1.904300
v 13.397163 4.100000 -3.823304
v 13.355031 4.100000 -3.787951
v 13.685745 4.100000 -3.393821
v 13.727878 4.100000 -3.429174
v 13.397163 5.650000 -3.823304
v 13.355031 5.650000 -3.787951
v 13.685745 5.650000 -3.393821
v 13.727878 5.650000 -3.429174
v 13.720000 4.015000 -8.776999
v 13.710000 4.015000 -8.787000
v 13.720000 4.005000 -8.787000
v 14.070001 4.015000 -8.776999
v 14.070001 4.005000 -8.787000
v 14.080001 4.015000 -8.787000
v 14.070001 4.015000 -8.922000
v 14.080001 4.015000 -8.912000
v 14.070001 4.005000 -8.912000
v 13.710000 4.015000 -8.912000
v 13.720000 4.015000 -8.922000
v 13.720000 4.005000 -8.912000
v 13.710000 5.735000 -8.787000
v 13.720000 5.735000 -8.776999
v 13.720000 5.745000 -8.787000
v 14.070001 5.735000 -8.776999
v 14.080001 5.735000 -8.787000
v 14.070001 5.745000 -8.787000
v 14.080001 5.735000 -8.912000
v 14.070001 5.735000 -8.922000
v 14.070001 5.745000 -8.912000
v 13.710000 5.735000 -8.912000
v 13.720000 5.745000 -8.912000
v 13.720000 5.735000 -8.922000
v 13.720000 4.015000 -9.972000
v 13.710000 4.015000 -9.982000
v 13.720000 4.005000 -9.982000
v 14.070001 4.015000 -9.972000
v 14.070001 4.005000 -9.982000
v 14.080001 4.015000 -9.982000
v 14.070001 4.015000 -10.117001
v 14.080001 4.015000 -10.107000
v 14.070001 4.005000 -10.107000
v 13.710000 4.015000 -10.107000
v 13.720000 4.015000 -10.117001
v 13.720000 4.005000 -10.107000
v 13.710000 5.735000 -9.982000
v 13.720000 5.735000 -9.972000
v 13.720000 5.745000 -9.982000
v 14.070001 5.735000 -9.972000
v 14.080001 5.735000 -9.982000
v 14.070001 5.745000 -9.982000
v 14.080001 5.735000 -10.107000
v 14.070001 5.735000 -10.117001
v 14.070001 5.745000 -10.107000
v 13.710000 5.735000 -10.107000
v 13.720000 5.745000 -10.107000
v 13.720000 5.735000 -10.117001
v 13.720000 5.660000 -8.776999
v 13.710000 5.660000 -8.787000
v 13.720000 5.650000 -8.787000
v 14.070001 5.660000 -8.776999
v 14.070001 5.650000 -8.787000
v 14.080001 5.660000 -8.787000
v 14.070001 5.660000 -10.117000
v 14.080001 5.660000 -10.106999
v 14.070001 5.650000 -10.106999
v 13.710000 5.660000 -10.106999
v 13.720000 5.660000 -10.117000
v 13.720000 5.650000 -10.106999
v 13.710000 5.785000 -8.787000
v 13.720000 5.785000 -8.776999
v 13.720000 5.795000 -8.787000
v 14.070001 5.785000 -8.776999
v 14.080001 5.785000 -8.787000
v 14.070001 5.795000 -8.787000
v 14.080001 5.785000 -10.106999
v 14.070001 5.785000 -10.117000
v 14.070001 5.795000 -10.106999
v 13.710000 5.785000 -10.106999
v 13.720000 5.795000 -10.106999
v 13.720000 5.785000 -10.117000
v 13.468000 3.963000 -8.662000
v 13.450000 3.963000 -8.679999
v 13.468000 3.945000 -8.679999
v 14.052000 3.963000 -8.662000
v 14.052000 3.945000 -8.679999
v 14.070001 3.963000 -8.679999
v 14.052000 3.963000 -10.231999
v 14.070001 3.963000 -10.214000
v 14.052000 3.945000 -10.214000
v 13.450000 3.963000 -10.214000
v 13.468000 3.963000 -10.231999
v 13.468000 3.945000 -10.214000
v 13.450000 4.087000 -8.679999
v 13.468000 4.087000 -8.662000
v 13.468000 4.105000 -8.679999
v 14.052000 4.087000 -8.662000
v 14.070001 4.087000 -8.679999
v 14.052000 4.105000 -8.679999
v 14.070001 4.087000 -10.214000
v 14.052000 4.087000 -10.231999
v 14.052000 4.105000 -10.214000
v 13.450000 4.087000 -10.214000
v 13.468000 4.105000 -10.214000
v 13.468000 4.087000 -10.231999
v 13.975000 4.100000 -8.922000
v 13.975000 5.650000 -8.922000
v 13.975000 5.650000 -9.972000
v 13.975000 4.100000 -9.972000
v 13.701376 4.100000 -8.763268
v 13.682565 4.100000 -8.814951
v 13.199093 4.100000 -8.638982
v 13.217904 4.100000 -8.587299
v 13.701376 5.650000 -8.763268
v 13.682565 5.650000 -8.814951
v 13.199093 5.650000 -8.638982
v 13.217904 5.650000 -8.587299
v 13.397163 4.100000 -10.506304
v 13.355031 4.100000 -10.470950
v 13.685745 4.100000 -10.076820
v 13.727878 4.100000 -10.112174
v 13.397163 5.650000 -10.506304
v 13.355031 5.650000 -10.470950
v 13.685745 5.650000 -10.076820
v 13.727878 5.650000 -10.112174
v 13.675000 3.515000 1.800000
v 13.835000 3.515000 1.800000
v 13.835000 3.515000 -14.500000
v 13.675000 3.515000 -14.500000
v 13.675000 3.685000 1.800000
v 13.835000 3.685000 1.800000
v 13.835000 3.685000 -14.500000
v 13.675000 3.685000 -14.500000
v 15.480000 7.599999 -6.060000
v 16.120001 7.599999 -6.060000
v 16.120001 7.599999 -6.640000
v 15.480000 7.599999 -6.640000
v 15.480000 8.700000 -6.060000
v 16.120001 8.700000 -6.060000
v 16.120001 8.700000 -6.640000
v 15.480000 8.700000 -6.640000
v 15.390000 8.650000 -5.975000
v 16.210001 8.650000 -5.975000
v 16.210001 8.650000 -6.725000
v 15.390000 8.650000 -6.725000
v 15.390000 8.809999 -5.975000
v 16.210001 8.809999 -5.975000
v 16.210001 8.809999 -6.725000
v 15.390000 8.809999 -6.725000
v 12.100000 0.000000 -14.500000
v 12.550000 0.000000 -14.500000
v 12.550000 0.000000 -18.875000
v 12.099999 0.000000 -18.875000
v 12.099999 4.100000 -14.500000
v 12.550000 4.100000 -14.500000
v 12.550001 4.100000 -18.875000
v 12.100000 4.100000 -18.875000
v 12.099999 5.650000 -14.500000
v 12.550000 5.650000 -14.500000
v 12.550001 5.650001 -18.875000
v 12.100000 5.650001 -18.875000
v 12.099999 6.600000 -14.500000
v 12.550000 6.600000 -14.500000
v 12.550000 6.600000 -18.875000
v 12.099999 6.600000 -18.875000
v 12.550000 0.000000 -19.924999
v 12.099999 0.000000 -19.924999
v 12.550001 4.100000 -19.924999
v 12.100000 4.100000 -19.924999
v 12.550001 5.650001 -19.924999
v 12.100000 5.650001 -19.924999
v 12.550000 6.600000 -19.924999
v 12.099999 6.600000 -19.924999
v 12.099999 0.000000 -26.049999
v 12.550001 4.100000 -26.050001
v 12.100000 4.100000 -26.050001
v 12.100000 5.650001 -26.050001
v 12.099999 6.600000 -26.049999
v 12.550000 0.000000 -26.049999
v 12.550001 5.650001 -26.049999
v 12.550000 6.600000 -26.049999
v 12.099999 0.000000 -27.099998
v 12.550000 0.000000 -27.099998
v 12.550000 0.000000 -32.000000
v 12.100000 0.000000 -32.000000
v 12.100000 4.100000 -27.099998
v 12.550001 4.100000 -27.099998
v 12.550000 4.100000 -32.000000
v 12.099999 4.100000 -32.000000
v 12.100000 5.650001 -27.099998
v 12.550001 5.650001 -27.099998
v 12.550000 5.650000 -32.000000
v 12.099999 5.650000 -32.000000
v 12.099999 6.600000 -27.099998
v 12.550000 6.600000 -27.099998
v 12.550000 6.600000 -32.000000
v 12.099999 6.600000 -32.000000
v 12.100000 0.000000 -14.275000
v 16.100000 0.000000 -14.275000
v 16.100000 0.000000 -14.725000
v 12.100000 0.000000 -14.725000
v 12.100000 6.600000 -14.275000
v 16.100000 6.600000 -14.275000
v 16.100000 6.600000 -14.725000
v 12.100000 6.600000 -14.725000
v 12.100000 0.000000 -31.775000
v 16.100000 0.000000 -31.775000
v 16.100000 0.000000 -32.224998
v 12.100000 0.000000 -32.224998
v 12.100000 6.600000 -31.775000
v 16.100000 6.600000 -31.775000
v 16.100000 6.600000 -32.224998
v 12.100000 6.600000 -32.224998
v 15.650000 0.000000 -14.500000
v 16.100000 0.000000 -14.500000
v 16.100000 0.000000 -32.000000
v 15.650000 0.000000 -32.000000
v 15.650000 6.600000 -14.500000
v 16.100000 6.600000 -14.500000
v 16.100000 6.600000 -32.000000
v 15.650000 6.600000 -32.000000
v 12.100000 -0.140000 -14.500000
v 16.100000 -0.140000 -14.500000
v 16.100000 -0.140000 -32.000000
v 12.100000 -0.140000 -32.000000
v 11.670000 6.600000 -14.100000
v 11.670000 6.600000 -32.400002
v 14.100000 7.800000 -14.100000
v 14.100000 7.800000 -32.400002
v 16.530001 6.600000 -14.100000
v 16.530001 6.600000 -32.400002
v 11.670000 6.440000 -14.100000
v 11.670000 6.440000 -32.400002
v 14.100000 7.640000 -14.100000
v 14.100000 7.640000 -32.400002
v 16.530001 6.440000 -14.100000
v 16.530001 6.440000 -32.400002
v 12.100000 6.500000 -14.500000
v 14.100000 7.670000 -14.500000
v 16.100000 6.500000 -14.500000
v 12.100000 6.500000 -32.000000
v 14.100000 7.670000 -32.000000
v 16.100000 6.500000 -32.000000
v 11.590000 6.370000 -14.100000
v 11.820000 6.370000 -14.100000
v 11.820000 6.370000 -32.400002
v 11.590000 6.370000 -32.400002
v 11.590000 6.530000 -14.100000
v 11.820000 6.530000 -14.100000
v 11.820000 6.530000 -32.400002
v 11.590000 6.530000 -32.400002
v 12.020000 4.015000 -18.730000
v 12.009999 4.015000 -18.740000
v 12.370000 4.015000 -18.730000
v 12.380000 4.015000 -18.740000
v 12.370000 4.015000 -18.875000
v 12.380000 4.015000 -18.865000
v 12.370000 4.005000 -18.865000
v 12.009999 4.015000 -18.865000
v 12.020000 4.015000 -18.875000
v 12.009999 5.735000 -18.740000
v 12.020000 5.735000 -18.730000
v 12.020000 5.745000 -18.740000
v 12.370000 5.735000 -18.730000
v 12.380000 5.735000 -18.740000
v 12.370000 5.745000 -18.740000
v 12.380000 5.735000 -18.865000
v 12.370000 5.735000 -18.875000
v 12.370000 5.745000 -18.865000
v 12.009999 5.735000 -18.865000
v 12.020000 5.745000 -18.865000
v 12.020000 5.735000 -18.875000
v 12.020000 4.015000 -19.924999
v 12.009999 4.015000 -19.934999
v 12.370000 4.015000 -19.924999
v 12.370000 4.005000 -19.934999
v 12.380000 4.015000 -19.934999
v 12.370000 4.015000 -20.070000
v 12.380000 4.015000 -20.059999
v 12.370000 4.005000 -20.059999
v 12.009999 4.015000 -20.059999
v 12.020000 4.015000 -20.070000
v 12.009999 5.735000 -19.934999
v 12.020000 5.735000 -19.924999
v 12.020000 5.745000 -19.934999
v 12.370000 5.735000 -19.924999
v 12.380000 5.735000 -19.934999
v 12.370000 5.745000 -19.934999
v 12.380000 5.735000 -20.059999
v 12.370000 5.735000 -20.070000
v 12.370000 5.745000 -20.059999
v 12.009999 5.735000 -20.059999
v 12.020000 5.745000 -20.059999
v 12.020000 5.735000 -20.070000
v 12.020000 5.660000 -18.730000
v 12.009999 5.660000 -18.740000
v 12.020000 5.650000 -18.740000
v 12.370000 5.660000 -18.730000
v 12.370000 5.650000 -18.740000
v 12.380000 5.660000 -18.740000
v 12.370000 5.660000 -20.070000
v 12.380000 5.660000 -20.059999
v 12.370000 5.650000 -20.059999
v 12.009999 5.660000 -20.059999
v 12.020000 5.660000 -20.070000
v 12.020000 5.650000 -20.059999
v 12.009999 5.785000 -18.740000
v 12.020000 5.785000 -18.730000
v 12.020000 5.795000 -18.740000
v 12.370000 5.785000 -18.730000
v 12.380000 5.785000 -18.740000
v 12.370000 5.795000 -18.740000
v 12.380000 5.785000 -20.059999
v 12.370000 5.785000 -20.070000
v 12.370000 5.795000 -20.059999
v 12.009999 5.785000 -20.059999
v 12.020000 5.795000 -20.059999
v 12.020000 5.785000 -20.070000
v 11.768001 3.963000 -18.615000
v 11.750000 3.963000 -18.632999
v 11.768001 3.945000 -18.632999
v 12.352000 3.963000 -18.615000
v 12.352000 3.945000 -18.632999
v 12.370001 3.963000 -18.632999
v 12.352000 3.963000 -20.184999
v 12.370001 3.963000 -20.167000
v 12.352000 3.945000 -20.167000
v 11.750000 3.963000 -20.167000
v 11.768001 3.963000 -20.184999
v 11.768001 3.945000 -20.167000
v 11.750000 4.087000 -18.632999
v 11.768001 4.087000 -18.615000
v 11.768001 4.105000 -18.632999
v 12.352000 4.087000 -18.615000
v 12.370001 4.087000 -18.632999
v 12.352000 4.105000 -18.632999
v 12.370001 4.087000 -20.167000
v 12.352000 4.087000 -20.184999
v 12.352000 4.105000 -20.167000
v 11.750000 4.087000 -20.167000
v 11.768001 4.105000 -20.167000
v 11.768001 4.087000 -20.184999
v 12.275000 4.100000 -18.875000
v 12.275000 5.650000 -18.875000
v 12.275000 5.650000 -19.924999
v 12.275000 4.100000 -19.924999
v 12.001376 4.100000 -18.716269
v 11.982565 4.100000 -18.767952
v 11.499093 4.100000 -18.591982
v 11.517904 4.100000 -18.540298
v 12.001376 5.650000 -18.716269
v 11.982565 5.650000 -18.767952
v 11.499093 5.650000 -18.591982
v 11.517904 5.650000 -18.540298
v 11.697163 4.100000 -20.459303
v 11.655030 4.100000 -20.423950
v 11.985744 4.100000 -20.029821
v 12.027877 4.100000 -20.065174
v 11.697163 5.650000 -20.459303
v 11.655030 5.650000 -20.423950
v 11.985744 5.650000 -20.029821
v 12.027877 5.650000 -20.065174
v 12.020000 4.015000 -25.905001
v 12.009999 4.015000 -25.915001
v 12.370000 4.015000 -25.905001
v 12.370000 4.005000 -25.915001
v 12.380000 4.015000 -25.915001
v 12.370000 4.015000 -26.050001
v 12.380000 4.015000 -26.040001
v 12.370000 4.005000 -26.040001
v 12.009999 4.015000 -26.040001
v 12.020000 4.015000 -26.050001
v 12.009999 5.735000 -25.915001
v 12.020000 5.735000 -25.905001
v 12.020000 5.745000 -25.915001
v 12.370000 5.735000 -25.905001
v 12.380000 5.735000 -25.915001
v 12.370000 5.745000 -25.915001
v 12.380000 5.735000 -26.040001
v 12.370000 5.735000 -26.050001
v 12.370000 5.745000 -26.040001
v 12.009999 5.735000 -26.040001
v 12.020000 5.745000 -26.040001
v 12.020000 5.735000 -26.050001
v 12.020000 4.015000 -27.100000
v 12.009999 4.015000 -27.110001
v 12.370000 4.015000 -27.100000
v 12.370000 4.005000 -27.110001
v 12.380000 4.015000 -27.110001
v 12.370000 4.015000 -27.245001
v 12.380000 4.015000 -27.235001
v 12.009999 4.015000 -27.235001
v 12.020000 4.015000 -27.245001
v 12.009999 5.735000 -27.110001
v 12.020000 5.735000 -27.100000
v 12.020000 5.745000 -27.110001
v 12.370000 5.735000 -27.100000
v 12.380000 5.735000 -27.110001
v 12.370000 5.745000 -27.110001
v 12.380000 5.735000 -27.235001
v 12.370000 5.735000 -27.245001
v 12.370000 5.745000 -27.235001
v 12.009999 5.735000 -27.235001
v 12.020000 5.745000 -27.235001
v 12.020000 5.735000 -27.245001
v 12.020000 5.660000 -25.905001
v 12.009999 5.660000 -25.915001
v 12.020000 5.650000 -25.915001
v 12.370000 5.660000 -25.905001
v 12.370000 5.650000 -25.915001
v 12.380000 5.660000 -25.915001
v 12.370000 5.660000 -27.245001
v 12.380000 5.660000 -27.235001
v 12.370000 5.650000 -27.235001
v 12.009999 5.660000 -27.235001
v 12.020000 5.660000 -27.245001
v 12.020000 5.650000 -27.235001
v 12.009999 5.785000 -25.915001
v 12.020000 5.785000 -25.905001
v 12.020000 5.795000 -25.915001
v 12.370000 5.785000 -25.905001
v 12.380000 5.785000 -25.915001
v 12.370000 5.795000 -25.915001
v 12.380000 5.785000 -27.235001
v 12.370000 5.785000 -27.245001
v 12.370000 5.795000 -27.235001
v 12.009999 5.785000 -27.235001
v 12.020000 5.795000 -27.235001
v 12.020000 5.785000 -27.245001
v 11.768001 3.963000 -25.790001
v 11.750000 3.963000 -25.808001
v 11.768001 3.945000 -25.808001
v 12.352000 3.963000 -25.790001
v 12.352000 3.945000 -25.808001
v 12.370001 3.963000 -25.808001
v 12.352000 3.963000 -27.360001
v 12.370001 3.963000 -27.342001
v 12.352000 3.945000 -27.342001
v 11.750000 3.963000 -27.342001
v 11.768001 3.963000 -27.360001
v 11.768001 3.945000 -27.342001
v 11.750000 4.087000 -25.808001
v 11.768001 4.087000 -25.790001
v 11.768001 4.105000 -25.808001
v 12.352000 4.087000 -25.790001
v 12.370001 4.087000 -25.808001
v 12.352000 4.105000 -25.808001
v 12.370001 4.087000 -27.342001
v 12.352000 4.087000 -27.360001
v 12.352000 4.105000 -27.342001
v 11.750000 4.087000 -27.342001
v 11.768001 4.105000 -27.342001
v 11.768001 4.087000 -27.360001
v 12.275000 4.100000 -26.049999
v 12.275000 5.650000 -26.049999
v 12.275000 5.650000 -27.100000
v 12.275000 4.100000 -27.100000
v 12.001376 4.100000 -25.891270
v 11.982565 4.100000 -25.942953
v 11.499093 4.100000 -25.766983
v 11.517904 4.100000 -25.715300
v 12.001376 5.650000 -25.891270
v 11.982565 5.650000 -25.942953
v 11.499093 5.650000 -25.766983
v 11.517904 5.650000 -25.715300
v 11.697163 4.100000 -27.634304
v 11.655030 4.100000 -27.598951
v 11.985744 4.100000 -27.204823
v 12.027877 4.100000 -27.240175
v 11.697163 5.650000 -27.634304
v 11.655030 5.650000 -27.598951
v 11.985744 5.650000 -27.204823
v 12.027877 5.650000 -27.240175
v 11.975000 3.515000 -14.500000
v 12.135000 3.515000 -14.500000
v 12.135000 3.515000 -32.000000
v 11.975000 3.515000 -32.000000
v 11.975000 3.685000 -14.500000
v 12.135000 3.685000 -14.500000
v 12.135000 3.685000 -32.000000
v 11.975000 3.685000 -32.000000
v 13.780001 7.050000 -22.959999
v 14.420000 7.050000 -22.959999
v 14.420000 7.050000 -23.540001
v 13.780001 7.050000 -23.540001
v 13.780001 8.150000 -22.959999
v 14.420000 8.150000 -22.959999
v 14.420000 8.150000 -23.540001
v 13.780001 8.150000 -23.540001
v 13.690001 8.100000 -22.875000
v 14.510000 8.100000 -22.875000
v 14.510000 8.100000 -23.625000
v 13.690001 8.100000 -23.625000
v 13.690001 8.260000 -22.875000
v 14.510000 8.260000 -22.875000
v 14.510000 8.260000 -23.625000
v 13.690001 8.260000 -23.625000
v -6.500000 0.000000 2.275000
v -1.350000 0.000000 2.275000
v -1.350000 0.000000 1.925000
v -6.500000 0.000000 1.925000
v -6.500000 0.900000 2.275000
v -1.350000 0.900000 2.275000
v -1.350000 0.900000 1.925000
v -6.500000 0.900000 1.925000
v -6.525000 0.925000 2.340000
v -6.550000 0.925000 2.315000
v -6.525000 0.900000 2.315000
v -1.325000 0.925000 2.340000
v -1.325000 0.900000 2.315000
v -1.300000 0.925000 2.315000
v -1.325000 0.925000 1.860000
v -1.300000 0.925000 1.885000
v -1.325000 0.900000 1.885000
v -6.550000 0.925000 1.885000
v -6.525000 0.925000 1.860000
v -6.525000 0.900000 1.885000
v -6.550000 0.995000 2.315000
v -6.525000 0.995000 2.340000
v -6.525000 1.020000 2.315000
v -1.325000 0.995000 2.340000
v -1.300000 0.995000 2.315000
v -1.325000 1.020000 2.315000
v -1.300000 0.995000 1.885000
v -1.325000 0.995000 1.860000
v -1.325000 1.020000 1.885000
v -6.550000 0.995000 1.885000
v -6.525000 1.020000 1.885000
v -6.525000 0.995000 1.860000
v 1.350000 0.000000 2.275000
v 4.500000 0.000000 2.275000
v 4.500000 0.000000 1.925000
v 1.350000 0.000000 1.925000
v 1.350000 0.900000 2.275000
v 4.500000 0.900000 2.275000
v 4.500000 0.900000 1.925000
v 1.350000 0.900000 1.925000
v 1.325000 0.925000 2.340000
v 1.300000 0.925000 2.315000
v 1.325000 0.900000 2.315000
v 4.525000 0.925000 2.340000
v 4.525000 0.900000 2.315000
v 4.550000 0.925000 2.315000
v 4.525000 0.925000 1.860000
v 4.550000 0.925000 1.885000
v 4.525000 0.900000 1.885000
v 1.300000 0.925000 1.885000
v 1.325000 0.925000 1.860000
v 1.325000 0.900000 1.885000
v 1.300000 0.995000 2.315000
v 1.325000 0.995000 2.340000
v 1.325000 1.020000 2.315000
v 4.525000 0.995000 2.340000
v 4.550000 0.995000 2.315000
v 4.525000 1.020000 2.315000
v 4.550000 0.995000 1.885000
v 4.525000 0.995000 1.860000
v 4.525000 1.020000 1.885000
v 1.300000 0.995000 1.885000
v 1.325000 1.020000 1.885000
v 1.325000 0.995000 1.860000
v -6.500000 0.000000 -14.224999
v 4.500000 0.000000 -14.224999
v 4.500000 0.000000 -14.575000
v -6.500000 0.000000 -14.575000
v -6.500000 0.900000 -14.224999
v 4.500000 0.900000 -14.224999
v 4.500000 0.900000 -14.575000
v -6.500000 0.900000 -14.575000
v -6.525000 0.925000 -14.160000
v -6.550000 0.925000 -14.184999
v -6.525000 0.900000 -14.184999
v 4.525000 0.925000 -14.160000
v 4.525000 0.900000 -14.184999
v 4.550000 0.925000 -14.184999
v 4.525000 0.925000 -14.639999
v 4.550000 0.925000 -14.615000
v 4.525000 0.900000 -14.615000
v -6.550000 0.925000 -14.615000
v -6.525000 0.925000 -14.639999
v -6.525000 0.900000 -14.615000
v -6.550000 0.995000 -14.184999
v -6.525000 0.995000 -14.160000
v -6.525000 1.020000 -14.184999
v 4.525000 0.995000 -14.160000
v 4.550000 0.995000 -14.184999
v 4.525000 1.020000 -14.184999
v 4.550000 0.995000 -14.615000
v 4.525000 0.995000 -14.639999
v 4.525000 1.020000 -14.615000
v -6.550000 0.995000 -14.615000
v -6.525000 1.020000 -14.615000
v -6.525000 0.995000 -14.639999
v -1.635000 0.025000 2.320000
v -1.660000 0.025000 2.295000
v -1.635000 0.000000 2.295000
v -1.365000 0.025000 2.320000
v -1.365000 0.000000 2.295000
v -1.340000 0.025000 2.295000
v -1.365000 0.025000 1.880000
v -1.340000 0.025000 1.905000
v -1.365000 0.000000 1.905000
v -1.660000 0.025000 1.905000
v -1.635000 0.025000 1.880000
v -1.635000 0.000000 1.905000
v -1.660000 2.725000 2.295000
v -1.635000 2.725000 2.320000
v -1.365000 2.725000 2.320000
v -1.340000 2.725000 2.295000
v -1.340000 2.725000 1.905000
v -1.365000 2.725000 1.880000
v -1.660000 2.725000 1.905000
v -1.635000 2.725000 1.880000
v -1.700000 2.770000 2.375000
v -1.720000 2.770000 2.355000
v -1.700000 2.750000 2.355000
v -1.300000 2.770000 2.375000
v -1.300000 2.750000 2.355000
v -1.280000 2.770000 2.355000
v -1.300000 2.770000 1.825000
v -1.280000 2.770000 1.845000
v -1.300000 2.750000 1.845000
v -1.720000 2.770000 1.845000
v -1.700000 2.770000 1.825000
v -1.700000 2.750000 1.845000
v -1.720000 2.890000 2.355000
v -1.700000 2.890000 2.375000
v -1.700000 2.910000 2.355000
v -1.300000 2.890000 2.375000
v -1.280000 2.890000 2.355000
v -1.300000 2.910000 2.355000
v -1.280000 2.890000 1.845000
v -1.300000 2.890000 1.825000
v -1.300000 2.910000 1.845000
v -1.720000 2.890000 1.845000
v -1.700000 2.910000 1.845000
v -1.700000 2.890000 1.825000
v 1.365000 0.025000 2.320000
v 1.340000 0.025000 2.295000
v 1.365000 0.000000 2.295000
v 1.635000 0.025000 2.320000
v 1.635000 0.000000 2.295000
v 1.660000 0.025000 2.295000
v 1.635000 0.025000 1.880000
v 1.660000 0.025000 1.905000
v 1.635000 0.000000 1.905000
v 1.340000 0.025000 1.905000
v 1.365000 0.025000 1.880000
v 1.365000 0.000000 1.905000
v 1.340000 2.725000 2.295000
v 1.365000 2.725000 2.320000
v 1.635000 2.725000 2.320000
v 1.660000 2.725000 2.295000
v 1.660000 2.725000 1.905000
v 1.635000 2.725000 1.880000
v 1.340000 2.725000 1.905000
v 1.365000 2.725000 1.880000
v 1.300000 2.770000 2.375000
v 1.280000 2.770000 2.355000
v 1.300000 2.750000 2.355000
v 1.700000 2.770000 2.375000
v 1.700000 2.750000 2.355000
v 1.720000 2.770000 2.355000
v 1.700000 2.770000 1.825000
v 1.720000 2.770000 1.845000
v 1.700000 2.750000 1.845000
v 1.280000 2.770000 1.845000
v 1.300000 2.770000 1.825000
v 1.300000 2.750000 1.845000
v 1.280000 2.890000 2.355000
v 1.300000 2.890000 2.375000
v 1.300000 2.910000 2.355000
v 1.700000 2.890000 2.375000
v 1.720000 2.890000 2.355000
v 1.700000 2.910000 2.355000
v 1.720000 2.890000 1.845000
v 1.700000 2.890000 1.825000
v 1.700000 2.910000 1.845000
v 1.280000 2.890000 1.845000
v 1.300000 2.910000 1.845000
v 1.300000 2.890000 1.825000
v -1.675000 2.720000 2.325000
v -1.700000 2.720000 2.300000
v -1.675000 2.695000 2.300000
v 1.675000 2.720000 2.325000
v 1.675000 2.695000 2.300000
v 1.700000 2.720000 2.300000
v 1.675000 2.720000 1.875000
v 1.700000 2.720000 1.900000
v 1.675000 2.695000 1.900000
v -1.700000 2.720000 1.900000
v -1.675000 2.720000 1.875000
v -1.675000 2.695000 1.900000
v -1.700000 2.900000 2.300000
v -1.675000 2.900000 2.325000
v -1.675000 2.925000 2.300000
v 1.675000 2.900000 2.325000
v 1.700000 2.900000 2.300000
v 1.675000 2.925000 2.300000
v 1.700000 2.900000 1.900000
v 1.675000 2.900000 1.875000
v 1.675000 2.925000 1.900000
v -1.700000 2.900000 1.900000
v -1.675000 2.925000 1.900000
v -1.675000 2.900000 1.875000
v 4.340000 0.375000 -4.100000
v 4.420000 0.375000 -4.100000
v 4.420000 0.375000 -5.900000
v 4.340000 0.375000 -5.900000
v 4.340000 1.825000 -4.100000
v 4.420000 1.825000 -4.100000
v 4.420000 1.825000 -5.900000
v 4.340000 1.825000 -5.900000
v 3.470000 0.315000 -4.175000
v 3.415000 0.315000 -4.230000
v 3.470000 0.260000 -4.230000
v 4.210000 0.315000 -4.175000
v 4.210000 0.260000 -4.230000
v 4.265000 0.315000 -4.230000
v 4.210000 0.315000 -5.825000
v 4.265000 0.315000 -5.770000
v 4.210000 0.260000 -5.770000
v 3.415000 0.315000 -5.770000
v 3.470000 0.315000 -5.825000
v 3.470000 0.260000 -5.770000
v 3.415000 0.345000 -4.230000
v 3.470000 0.345000 -4.175000
v 3.470000 0.400000 -4.230000
v 4.210000 0.345000 -4.175000
v 4.265000 0.345000 -4.230000
v 4.210000 0.400000 -4.230000
v 4.265000 0.345000 -5.770000
v 4.210000 0.345000 -5.825000
v 4.210000 0.400000 -5.770000
v 3.415000 0.345000 -5.770000
v 3.470000 0.400000 -5.770000
v 3.470000 0.345000 -5.825000
v 3.415000 0.375000 -4.130000
v 3.390000 0.375000 -4.155000
v 3.415000 0.350000 -4.155000
v 4.265000 0.375000 -4.130000
v 4.265000 0.350000 -4.155000
v 4.290000 0.375000 -4.155000
v 4.265000 0.375000 -4.270000
v 4.290000 0.375000 -4.245000
v 4.265000 0.350000 -4.245000
v 3.390000 0.375000 -4.245000
v 3.415000 0.375000 -4.270000
v 3.415000 0.350000 -4.245000
v 3.390000 0.665000 -4.155000
v 3.415000 0.665000 -4.130000
v 3.415000 0.690000 -4.155000
v 4.265000 0.665000 -4.130000
v 4.290000 0.665000 -4.155000
v 4.265000 0.690000 -4.155000
v 4.290000 0.665000 -4.245000
v 4.265000 0.665000 -4.270000
v 4.265000 0.690000 -4.245000
v 3.390000 0.665000 -4.245000
v 3.415000 0.690000 -4.245000
v 3.415000 0.665000 -4.270000
v 3.415000 0.375000 -5.730000
v 3.390000 0.375000 -5.755000
v 3.415000 0.350000 -5.755000
v 4.265000 0.375000 -5.730000
v 4.265000 0.350000 -5.755000
v 4.290000 0.375000 -5.755000
v 4.265000 0.375000 -5.870000
v 4.290000 0.375000 -5.845000
v 4.265000 0.350000 -5.845000
v 3.390000 0.375000 -5.845000
v 3.415000 0.375000 -5.870000
v 3.415000 0.350000 -5.845000
v 3.390000 0.665000 -5.755000
v 3.415000 0.665000 -5.730000
v 3.415000 0.690000 -5.755000
v 4.265000 0.665000 -5.730000
v 4.290000 0.665000 -5.755000
v 4.265000 0.690000 -5.755000
v 4.290000 0.665000 -5.845000
v 4.265000 0.665000 -5.870000
v 4.265000 0.690000 -5.845000
v 3.390000 0.665000 -5.845000
v 3.415000 0.690000 -5.845000
v 3.415000 0.665000 -5.870000
v 3.325000 0.375000 -4.175000
v 3.300000 0.375000 -4.200000
v 3.325000 0.350000 -4.200000
v 3.415000 0.375000 -4.175000
v 3.415000 0.350000 -4.200000
v 3.440000 0.375000 -4.200000
v 3.415000 0.375000 -5.825000
v 3.440000 0.375000 -5.800000
v 3.415000 0.350000 -5.800000
v 3.300000 0.375000 -5.800000
v 3.325000 0.375000 -5.825000
v 3.325000 0.350000 -5.800000
v 3.300000 0.665000 -4.200000
v 3.325000 0.665000 -4.175000
v 3.325000 0.690000 -4.200000
v 3.415000 0.665000 -4.175000
v 3.440000 0.665000 -4.200000
v 3.415000 0.690000 -4.200000
v 3.440000 0.665000 -5.800000
v 3.415000 0.665000 -5.825000
v 3.415000 0.690000 -5.800000
v 3.300000 0.665000 -5.800000
v 3.325000 0.690000 -5.800000
v 3.325000 0.665000 -5.825000
v 3.470000 0.552500 -4.290000
v 4.170000 0.552500 -4.290000
v 4.170000 0.552500 -5.710000
v 3.470000 0.552500 -5.710000
v 3.470000 0.587500 -4.290000
v 4.170000 0.587500 -4.290000
v 4.170000 0.587500 -5.710000
v 3.470000 0.587500 -5.710000
v 4.270000 1.130000 -4.965000
v 4.270000 1.147500 -4.969689
v 4.270000 1.160311 -4.982500
v 4.270000 1.165000 -5.000000
v 4.270000 1.160311 -5.017500
v 4.270000 1.147500 -5.030311
v 4.270000 1.130000 -5.035000
v 4.270000 1.112500 -5.030311
v 4.270000 1.099689 -5.017500
v 4.270000 1.095000 -5.000000
v 4.270000 1.099689 -4.982500
v 4.270000 1.112500 -4.969689
v 3.930000 1.130000 -4.965000
v 3.930000 1.147500 -4.969689
v 3.930000 1.160311 -4.982500
v 3.930000 1.165000 -5.000000
v 3.930000 1.160311 -5.017500
v 3.930000 1.147500 -5.030311
v 3.930000 1.130000 -5.035000
v 3.930000 1.112500 -5.030311
v 3.930000 1.099689 -5.017500
v 3.930000 1.095000 -5.000000
v 3.930000 1.099689 -4.982500
v 3.930000 1.112500 -4.969689
v 4.230000 1.840000 -4.010000
v 4.210000 1.840000 -4.030000
v 4.230000 1.820000 -4.030000
v 4.430000 1.840000 -4.010000
v 4.430000 1.820000 -4.030000
v 4.450000 1.840000 -4.030000
v 4.430000 1.840000 -5.990000
v 4.450000 1.840000 -5.970000
v 4.430000 1.820000 -5.970000
v 4.210000 1.840000 -5.970000
v 4.230000 1.840000 -5.990000
v 4.230000 1.820000 -5.970000
v 4.210000 1.940000 -4.030000
v 4.230000 1.940000 -4.010000
v 4.230000 1.960000 -4.030000
v 4.430000 1.940000 -4.010000
v 4.450000 1.940000 -4.030000
v 4.430000 1.960000 -4.030000
v 4.450000 1.940000 -5.970000
v 4.430000 1.940000 -5.990000
v 4.430000 1.960000 -5.970000
v 4.210000 1.940000 -5.970000
v 4.230000 1.960000 -5.970000
v 4.230000 1.940000 -5.990000
v 3.055000 0.685000 -7.180000
v 3.040000 0.685000 -7.195000
v 3.055000 0.670000 -7.195000
v 3.665000 0.685000 -7.180000
v 3.665000 0.670000 -7.195000
v 3.680000 0.685000 -7.195000
v 3.665000 0.685000 -8.800000
v 3.680000 0.685000 -8.785000
v 3.665000 0.670000 -8.785000
v 3.040000 0.685000 -8.785000
v 3.055000 0.685000 -8.800000
v 3.055000 0.670000 -8.785000
v 3.040000 0.775000 -7.195000
v 3.055000 0.775000 -7.180000
v 3.055000 0.790000 -7.195000
v 3.665000 0.775000 -7.180000
v 3.680000 0.775000 -7.195000
v 3.665000 0.790000 -7.195000
v 3.680000 0.775000 -8.785000
v 3.665000 0.775000 -8.800000
v 3.665000 0.790000 -8.785000
v 3.040000 0.775000 -8.785000
v 3.055000 0.790000 -8.785000
v 3.055000 0.775000 -8.800000
v 3.285000 0.230000 -7.295000
v 3.435000 0.230000 -7.295000
v 3.435000 0.230000 -7.445000
v 3.285000 0.230000 -7.445000
v 3.285000 0.670000 -7.295000
v 3.435000 0.670000 -7.295000
v 3.435000 0.670000 -7.445000
v 3.285000 0.670000 -7.445000
v 3.285000 0.230000 -8.535000
v 3.435000 0.230000 -8.535000
v 3.435000 0.230000 -8.684999
v 3.285000 0.230000 -8.684999
v 3.285000 0.670000 -8.535000
v 3.435000 0.670000 -8.535000
v 3.435000 0.670000 -8.684999
v 3.285000 0.670000 -8.684999
v 3.017500 0.250000 -6.200000
v 3.007033 0.250000 -6.252619
v 2.977227 0.250000 -6.297227
v 2.932619 0.250000 -6.327034
v 2.880000 0.250000 -6.337500
v 2.827381 0.250000 -6.327034
v 2.782773 0.250000 -6.297227
v 2.752967 0.250000 -6.252619
v 2.742500 0.250000 -6.200000
v 2.752967 0.250000 -6.147381
v 2.782773 0.250000 -6.102773
v 2.827381 0.250000 -6.072967
v 2.880000 0.250000 -6.062500
v 2.932619 0.250000 -6.072967
v 2.977227 0.250000 -6.102773
v 3.007033 0.250000 -6.147381
v 3.040000 0.295000 -6.200000
v 3.027821 0.295000 -6.261230
v 2.993137 0.295000 -6.313137
v 2.941229 0.295000 -6.347821
v 2.880000 0.295000 -6.360000
v 2.818771 0.295000 -6.347821
v 2.766863 0.295000 -6.313137
v 2.732179 0.295000 -6.261230
v 2.720000 0.295000 -6.200000
v 2.732179 0.295000 -6.138771
v 2.766863 0.295000 -6.086863
v 2.818771 0.295000 -6.052179
v 2.880000 0.295000 -6.040000
v 2.941229 0.295000 -6.052179
v 2.993137 0.295000 -6.086863
v 3.027821 0.295000 -6.138771
v 3.130000 0.617200 -6.200000
v 3.110970 0.617200 -6.295671
v 3.056777 0.617200 -6.376777
v 2.975671 0.617200 -6.430970
v 2.880000 0.617200 -6.450000
v 2.784329 0.617200 -6.430970
v 2.703223 0.617200 -6.376777
v 2.649030 0.617200 -6.295671
v 2.630000 0.617200 -6.200000
v 2.649030 0.617200 -6.104329
v 2.703223 0.617200 -6.023223
v 2.784329 0.617200 -5.969030
v 2.880000 0.617200 -5.950000
v 2.975671 0.617200 -5.969030
v 3.056777 0.617200 -6.023223
v 3.110970 0.617200 -6.104329
v 3.067500 0.773800 -6.200000
v 3.053227 0.773800 -6.271753
v 3.012583 0.773800 -6.332582
v 2.951753 0.773800 -6.373228
v 2.880000 0.773800 -6.387500
v 2.808247 0.773800 -6.373228
v 2.747417 0.773800 -6.332582
v 2.706773 0.773800 -6.271753
v 2.692500 0.773800 -6.200000
v 2.706773 0.773800 -6.128247
v 2.747417 0.773800 -6.067418
v 2.808247 0.773800 -6.026772
v 2.880000 0.773800 -6.012500
v 2.951753 0.773800 -6.026772
v 3.012583 0.773800 -6.067418
v 3.053227 0.773800 -6.128247
v 3.080000 0.790000 -6.200000
v 3.064776 0.790000 -6.276536
v 3.021421 0.790000 -6.341421
v 2.956537 0.790000 -6.384776
v 2.880000 0.790000 -6.400000
v 2.803463 0.790000 -6.384776
v 2.738579 0.790000 -6.341421
v 2.695224 0.790000 -6.276536
v 2.680000 0.790000 -6.200000
v 2.695224 0.790000 -6.123463
v 2.738579 0.790000 -6.058578
v 2.803463 0.790000 -6.015224
v 2.880000 0.790000 -6.000000
v 2.956537 0.790000 -6.015224
v 3.021421 0.790000 -6.058578
v 3.064776 0.790000 -6.123463
v 3.040000 0.790000 -6.200000
v 3.027821 0.790000 -6.261230
v 2.993137 0.790000 -6.313137
v 2.941229 0.790000 -6.347821
v 2.880000 0.790000 -6.360000
v 2.818771 0.790000 -6.347821
v 2.766863 0.790000 -6.313137
v 2.732179 0.790000 -6.261230
v 2.720000 0.790000 -6.200000
v 2.732179 0.790000 -6.138771
v 2.766863 0.790000 -6.086863
v 2.818771 0.790000 -6.052179
v 2.880000 0.790000 -6.040000
v 2.941229 0.790000 -6.052179
v 2.993137 0.790000 -6.086863
v 3.027821 0.790000 -6.138771
v 3.040000 0.665800 -6.200000
v 3.027821 0.665800 -6.261230
v 2.993137 0.665800 -6.313137
v 2.941229 0.665800 -6.347821
v 2.880000 0.665800 -6.360000
v 2.818771 0.665800 -6.347821
v 2.766863 0.665800 -6.313137
v 2.732179 0.665800 -6.261230
v 2.720000 0.665800 -6.200000
v 2.732179 0.665800 -6.138771
v 2.766863 0.665800 -6.086863
v 2.818771 0.665800 -6.052179
v 2.880000 0.665800 -6.040000
v 2.941229 0.665800 -6.052179
v 2.993137 0.665800 -6.086863
v 3.027821 0.665800 -6.138771
v 2.979000 0.250000 -6.700000
v 2.971464 0.250000 -6.737885
v 2.950004 0.250000 -6.770004
v 2.917886 0.250000 -6.791464
v 2.880000 0.250000 -6.799000
v 2.842114 0.250000 -6.791464
v 2.809996 0.250000 -6.770004
v 2.788536 0.250000 -6.737885
v 2.781000 0.250000 -6.700000
v 2.788536 0.250000 -6.662114
v 2.809996 0.250000 -6.629996
v 2.842114 0.250000 -6.608536
v 2.880000 0.250000 -6.601000
v 2.917886 0.250000 -6.608536
v 2.950004 0.250000 -6.629996
v 2.971464 0.250000 -6.662114
v 2.995200 0.295000 -6.700000
v 2.986431 0.295000 -6.744085
v 2.961459 0.295000 -6.781459
v 2.924085 0.295000 -6.806431
v 2.880000 0.295000 -6.815200
v 2.835915 0.295000 -6.806431
v 2.798541 0.295000 -6.781459
v 2.773569 0.295000 -6.744085
v 2.764800 0.295000 -6.700000
v 2.773569 0.295000 -6.655915
v 2.798541 0.295000 -6.618541
v 2.835915 0.295000 -6.593569
v 2.880000 0.295000 -6.584800
v 2.924085 0.295000 -6.593569
v 2.961459 0.295000 -6.618541
v 2.986431 0.295000 -6.655915
v 3.060000 0.522000 -6.700000
v 3.046298 0.522000 -6.768883
v 3.007279 0.522000 -6.827279
v 2.948883 0.522000 -6.866298
v 2.880000 0.522000 -6.880000
v 2.811117 0.522000 -6.866298
v 2.752721 0.522000 -6.827279
v 2.713702 0.522000 -6.768883
v 2.700000 0.522000 -6.700000
v 2.713702 0.522000 -6.631117
v 2.752721 0.522000 -6.572721
v 2.811117 0.522000 -6.533702
v 2.880000 0.522000 -6.520000
v 2.948883 0.522000 -6.533702
v 3.007279 0.522000 -6.572721
v 3.046298 0.522000 -6.631117
v 3.015000 0.638000 -6.700000
v 3.004724 0.638000 -6.751662
v 2.975459 0.638000 -6.795459
v 2.931662 0.638000 -6.824724
v 2.880000 0.638000 -6.835000
v 2.828338 0.638000 -6.824724
v 2.784541 0.638000 -6.795459
v 2.755276 0.638000 -6.751662
v 2.745000 0.638000 -6.700000
v 2.755276 0.638000 -6.648338
v 2.784541 0.638000 -6.604540
v 2.828338 0.638000 -6.575276
v 2.880000 0.638000 -6.565000
v 2.931662 0.638000 -6.575276
v 2.975459 0.638000 -6.604540
v 3.004724 0.638000 -6.648338
v 3.024000 0.650000 -6.700000
v 3.013039 0.650000 -6.755106
v 2.981823 0.650000 -6.801823
v 2.935107 0.650000 -6.833039
v 2.880000 0.650000 -6.844000
v 2.824893 0.650000 -6.833039
v 2.778177 0.650000 -6.801823
v 2.746961 0.650000 -6.755106
v 2.736000 0.650000 -6.700000
v 2.746961 0.650000 -6.644894
v 2.778177 0.650000 -6.598176
v 2.824893 0.650000 -6.566961
v 2.880000 0.650000 -6.556000
v 2.935107 0.650000 -6.566961
v 2.981823 0.650000 -6.598176
v 3.013039 0.650000 -6.644894
v 2.995200 0.650000 -6.700000
v 2.986431 0.650000 -6.744085
v 2.961459 0.650000 -6.781459
v 2.924085 0.650000 -6.806431
v 2.880000 0.650000 -6.815200
v 2.835915 0.650000 -6.806431
v 2.798541 0.650000 -6.781459
v 2.773569 0.650000 -6.744085
v 2.764800 0.650000 -6.700000
v 2.773569 0.650000 -6.655915
v 2.798541 0.650000 -6.618541
v 2.835915 0.650000 -6.593569
v 2.880000 0.650000 -6.584800
v 2.924085 0.650000 -6.593569
v 2.961459 0.650000 -6.618541
v 2.986431 0.650000 -6.655915
v 2.995200 0.558000 -6.700000
v 2.986431 0.558000 -6.744085
v 2.961459 0.558000 -6.781459
v 2.924085 0.558000 -6.806431
v 2.880000 0.558000 -6.815200
v 2.835915 0.558000 -6.806431
v 2.798541 0.558000 -6.781459
v 2.773569 0.558000 -6.744085
v 2.764800 0.558000 -6.700000
v 2.773569 0.558000 -6.655915
v 2.798541 0.558000 -6.618541
v 2.835915 0.558000 -6.593569
v 2.880000 0.558000 -6.584800
v 2.924085 0.558000 -6.593569
v 2.961459 0.558000 -6.618541
v 2.986431 0.558000 -6.655915
v -13.800000 0.000000 16.000000
v -12.600000 0.000000 16.000000
v -13.800000 0.000000 -2.000000
v -12.600000 0.000000 -2.000000
v -13.800000 0.460000 16.000000
v -12.600000 0.460000 16.000000
v -13.800000 0.460000 -2.000000
v -12.600000 0.460000 -2.000000
v -13.880000 0.460000 16.000000
v -12.520000 0.460000 16.000000
v -13.880000 0.460000 -2.000000
v -12.520000 0.460000 -2.000000
v -13.880000 0.570000 16.000000
v -12.520000 0.570000 16.000000
v -13.880000 0.570000 -2.000000
v -12.520000 0.570000 -2.000000
v -13.800000 0.300000 -8.000000
v -12.600000 0.300000 -8.000000
v -13.800000 0.760000 -8.000000
v -12.600000 0.760000 -8.000000
v -13.880000 0.760000 -8.000000
v -12.520000 0.760000 -8.000000
v -13.880000 0.870000 -8.000000
v -12.520000 0.870000 -8.000000
v -13.800000 0.300000 -32.000000
v -12.600000 0.300000 -32.000000
v -13.800000 0.760000 -32.000000
v -12.600000 0.760000 -32.000000
v -13.880000 0.760000 -32.000000
v -12.520000 0.760000 -32.000000
v -13.880000 0.870000 -32.000000
v -12.520000 0.870000 -32.000000
v -12.600000 0.000000 2.310000
v -5.900000 0.000000 2.310000
v -5.900000 0.000000 1.890000
v -12.600000 0.000000 1.890000
v -12.600000 0.460000 2.310000
v -5.900000 0.460000 2.310000
v -5.900000 0.460000 1.890000
v -12.600000 0.460000 1.890000
v -12.630000 0.480000 2.390000
v -12.650000 0.480000 2.370000
v -12.630000 0.460000 2.370000
v -5.870000 0.480000 2.390000
v -5.870000 0.460000 2.370000
v -5.850000 0.480000 2.370000
v -5.870000 0.480000 1.810000
v -5.850000 0.480000 1.830000
v -5.870000 0.460000 1.830000
v -12.650000 0.480000 1.830000
v -12.630000 0.480000 1.810000
v -12.630000 0.460000 1.830000
v -12.650000 0.550000 2.370000
v -12.630000 0.550000 2.390000
v -12.630000 0.570000 2.370000
v -5.870000 0.550000 2.390000
v -5.850000 0.550000 2.370000
v -5.870000 0.570000 2.370000
v -5.850000 0.550000 1.830000
v -5.870000 0.550000 1.810000
v -5.870000 0.570000 1.830000
v -12.650000 0.550000 1.830000
v -12.630000 0.570000 1.830000
v -12.630000 0.550000 1.810000
v -12.600000 0.300000 -14.190000
v -5.900000 0.300000 -14.190000
v -5.900000 0.300000 -14.610000
v -12.600000 0.300000 -14.610000
v -12.600000 0.760000 -14.190000
v -5.900000 0.760000 -14.190000
v -5.900000 0.760000 -14.610000
v -12.600000 0.760000 -14.610000
v -12.630000 0.780000 -14.110000
v -12.650000 0.780000 -14.129999
v -12.630000 0.760000 -14.129999
v -5.870000 0.780000 -14.110000
v -5.870000 0.760000 -14.129999
v -5.850000 0.780000 -14.129999
v -5.870000 0.780000 -14.690000
v -5.850000 0.780000 -14.670000
v -5.870000 0.760000 -14.670000
v -12.650000 0.780000 -14.670000
v -12.630000 0.780000 -14.690000
v -12.630000 0.760000 -14.670000
v -12.650000 0.850000 -14.129999
v -12.630000 0.850000 -14.110000
v -12.630000 0.870000 -14.129999
v -5.870000 0.850000 -14.110000
v -5.850000 0.850000 -14.129999
v -5.870000 0.870000 -14.129999
v -5.850000 0.850000 -14.670000
v -5.870000 0.850000 -14.690000
v -5.870000 0.870000 -14.670000
v -12.650000 0.850000 -14.670000
v -12.630000 0.870000 -14.670000
v -12.630000 0.850000 -14.690000
v 4.050000 2.505000 -9.605000
v 4.210000 2.505000 -9.605000
v 4.210000 2.505000 -9.795000
v 4.050000 2.505000 -9.795000
v 4.050000 2.795000 -9.605000
v 4.210000 2.795000 -9.605000
v 4.210000 2.795000 -9.795000
v 4.050000 2.795000 -9.795000
v 4.005000 2.447500 -9.570000
v 4.255000 2.447500 -9.570000
v 4.255000 2.447500 -9.830000
v 4.005000 2.447500 -9.830000
v 4.005000 2.512500 -9.570000
v 4.255000 2.512500 -9.570000
v 4.255000 2.512500 -9.830000
v 4.005000 2.512500 -9.830000
v 4.005000 2.777500 -9.570000
v 4.255000 2.777500 -9.570000
v 4.255000 2.777500 -9.830000
v 4.005000 2.777500 -9.830000
v 4.005000 2.842500 -9.570000
v 4.255000 2.842500 -9.570000
v 4.255000 2.842500 -9.830000
v 4.005000 2.842500 -9.830000
v 4.035000 2.505000 -9.592500
v 4.225000 2.505000 -9.592500
v 4.225000 2.505000 -9.617499
v 4.035000 2.505000 -9.617499
v 4.035000 2.795000 -9.592500
v 4.225000 2.795000 -9.592500
v 4.225000 2.795000 -9.617499
v 4.035000 2.795000 -9.617499
v 4.035000 2.505000 -9.782500
v 4.225000 2.505000 -9.782500
v 4.225000 2.505000 -9.807500
v 4.035000 2.505000 -9.807500
v 4.035000 2.795000 -9.782500
v 4.225000 2.795000 -9.782500
v 4.225000 2.795000 -9.807500
v 4.035000 2.795000 -9.807500
v 4.050000 2.505000 -13.205000
v 4.210000 2.505000 -13.205000
v 4.210000 2.505000 -13.395000
v 4.050000 2.505000 -13.395000
v 4.050000 2.795000 -13.205000
v 4.210000 2.795000 -13.205000
v 4.210000 2.795000 -13.395000
v 4.050000 2.795000 -13.395000
v 4.005000 2.447500 -13.170000
v 4.255000 2.447500 -13.170000
v 4.255000 2.447500 -13.430000
v 4.005000 2.447500 -13.430000
v 4.005000 2.512500 -13.170000
v 4.255000 2.512500 -13.170000
v 4.255000 2.512500 -13.430000
v 4.005000 2.512500 -13.430000
v 4.005000 2.777500 -13.170000
v 4.255000 2.777500 -13.170000
v 4.255000 2.777500 -13.430000
v 4.005000 2.777500 -13.430000
v 4.005000 2.842500 -13.170000
v 4.255000 2.842500 -13.170000
v 4.255000 2.842500 -13.430000
v 4.005000 2.842500 -13.430000
v 4.035000 2.505000 -13.192500
v 4.225000 2.505000 -13.192500
v 4.225000 2.505000 -13.217500
v 4.035000 2.505000 -13.217500
v 4.035000 2.795000 -13.192500
v 4.225000 2.795000 -13.192500
v 4.225000 2.795000 -13.217500
v 4.035000 2.795000 -13.217500
v 4.035000 2.505000 -13.382501
v 4.225000 2.505000 -13.382501
v 4.225000 2.505000 -13.407500
v 4.035000 2.505000 -13.407500
v 4.035000 2.795000 -13.382501
v 4.225000 2.795000 -13.382501
v 4.225000 2.795000 -13.407500
v 4.035000 2.795000 -13.407500
v 2.880000 3.610000 -11.370000
v 3.120000 3.610000 -11.370000
v 3.120000 3.610000 -11.630000
v 2.880000 3.610000 -11.630000
v 2.880000 3.730000 -11.370000
v 3.120000 3.730000 -11.370000
v 3.120000 3.730000 -11.630000
v 2.880000 3.730000 -11.630000
v 2.850000 3.717500 -11.340000
v 3.150000 3.717500 -11.340000
v 3.150000 3.717500 -11.660000
v 2.850000 3.717500 -11.660000
v 2.850000 3.762500 -11.340000
v 3.150000 3.762500 -11.340000
v 3.150000 3.762500 -11.660000
v 2.850000 3.762500 -11.660000
vn -0.0000 1.0000 -0.0000
vn -0.0000 0.9988 0.0499
vn -0.0000 -0.0000 1.0000
vn 1.0000 -0.0000 -0.0000
vn -0.0000 -0.0000 -1.0000
vn -1.0000 -0.0000 -0.0000
vn -0.0000 -1.0000 -0.0000
vn -0.3924 0.9198 -0.0000
vn 0.3924 0.9198 -0.0000
vn -0.3924 -0.9198 -0.0000
vn 0.3924 -0.9198 -0.0000
vn 0.5774 -0.5774 -0.5773
vn -0.5774 0.5774 0.5773
vn 0.5774 0.5774 0.5773
vn 0.5774 0.5774 -0.5773
vn -0.5774 0.5774 -0.5773
vn -0.0000 -0.7071 0.7071
vn -0.0000 -0.7071 -0.7071
vn -0.7071 0.7071 -0.0000
vn -0.0000 0.7071 0.7071
vn 0.7071 0.7071 -0.0000
vn -0.7071 -0.0000 0.7071
vn 0.7071 -0.0000 0.7071
vn 0.7072 -0.0000 -0.7071
vn -0.7071 -0.0000 -0.7071
vn 0.5774 -0.5774 0.5773
vn 0.5774 -0.5773 -0.5773
vn 0.7071 -0.7071 -0.0000
vn -0.0000 0.7071 -0.7071
vn -0.5774 -0.5773 0.5773
vn 0.5774 -0.5773 0.5773
vn -0.5774 -0.5773 -0.5773
vn -0.5774 0.5773 0.5773
vn 0.5774 0.5773 0.5773
vn 0.5774 0.5773 -0.5773
vn -0.5774 0.5773 -0.5773
vn -0.7071 -0.7071 -0.0000
vn 0.7071 -0.0000 -0.7071
vn -0.5774 -0.5774 0.5773
vn -0.5774 -0.5774 -0.5773
vn 0.9962 -0.0000 -0.0871
vn -0.0872 -0.0000 -0.9962
vn -0.9962 -0.0000 0.0872
vn 0.0872 -0.0000 0.9962
vn -0.6428 -0.0000 -0.7660
vn -0.7660 -0.0000 0.6428
vn 0.6428 -0.0000 0.7660
vn 0.7660 -0.0000 -0.6428
vn 0.8192 -0.0000 -0.5736
vn -0.5736 -0.0000 -0.8192
vn -0.8192 -0.0000 0.5736
vn 0.5736 -0.0000 0.8192
vn -0.9659 -0.0000 0.2588
vn 0.2588 -0.0000 0.9659
vn 0.9659 -0.0000 -0.2588
vn -0.2588 -0.0000 -0.9659
vn -0.0000 -0.7072 0.7071
vn -0.7660 -0.0000 -0.6428
vn -0.6428 -0.0000 0.7660
vn 0.7660 -0.0000 0.6428
vn 0.6428 -0.0000 -0.7660
vn -0.3413 0.9399 -0.0000
vn 0.3413 0.9399 -0.0000
vn -0.3413 -0.9399 -0.0000
vn 0.3413 -0.9399 -0.0000
vn 0.5774 -0.5773 -0.5774
vn -0.5774 0.5773 0.5774
vn 0.5774 0.5773 0.5774
vn 0.5774 0.5773 -0.5774
vn -0.5774 0.5773 -0.5774
vn -0.0000 -0.7070 0.7072
vn -0.0000 -0.7070 -0.7072
vn -0.0000 0.7072 0.7070
vn 0.5773 -0.5775 0.5772
vn 0.5773 -0.5774 -0.5773
vn -0.5773 0.5775 0.5772
vn 0.5773 0.5775 0.5772
vn 0.5773 0.5774 -0.5773
vn -0.5773 0.5774 -0.5773
vn -0.0000 -0.7072 0.7070
vn -0.5774 -0.5773 0.5774
vn 0.5774 -0.5773 0.5774
vn -0.5774 -0.5773 -0.5774
vn -0.0000 0.7072 -0.7070
vn -0.5773 -0.5774 0.5773
vn -0.5773 0.5774 0.5773
vn 0.5773 0.5774 0.5773
vn -0.0000 0.7072 0.7071
vn -0.0000 0.7072 -0.7071
vn 0.9397 -0.0000 -0.3420
vn -0.3420 -0.0000 -0.9397
vn -0.9397 -0.0000 0.3420
vn 0.3420 -0.0000 0.9397
vn 0.6428 -0.0000 0.7661
vn 0.5773 -0.5774 0.5774
vn 0.5773 -0.5774 -0.5774
vn 0.5773 0.5774 0.5774
vn 0.5773 0.5774 -0.5774
vn 0.5773 -0.5774 0.5773
vn -0.5773 -0.5774 -0.5773
vn -0.7809 -0.0000 -0.6247
vn 0.7809 -0.0000 0.6247
vn -0.6247 -0.0000 0.7809
vn 0.6247 -0.0000 -0.7809
vn -0.7809 -0.0000 0.6247
vn 0.7809 -0.0000 -0.6247
vn 0.6247 -0.0000 0.7809
vn -0.6247 -0.0000 -0.7809
vn -0.0000 -0.1205 0.9927
vn -0.0000 0.9709 0.2393
vn -0.0000 0.1205 -0.9927
vn -0.0000 -0.3546 0.9350
vn -0.0000 0.8855 0.4647
vn -0.0000 0.3546 -0.9350
vn -0.0000 -0.5681 0.8230
vn -0.0000 0.7485 0.6631
vn -0.0000 0.5681 -0.8230
vn -0.0000 -0.7485 0.6631
vn -0.0000 0.5681 0.8230
vn -0.0000 0.7485 -0.6631
vn -0.0000 -0.8855 0.4647
vn -0.0000 0.3546 0.9350
vn -0.0000 0.8855 -0.4647
vn -0.0000 -0.9709 0.2393
vn -0.0000 0.1205 0.9927
vn -0.0000 0.9709 -0.2393
vn -0.0000 -0.9709 -0.2393
vn -0.0000 -0.8855 -0.4647
vn -0.0000 -0.7485 -0.6631
vn -0.0000 -0.5681 -0.8230
vn -0.0000 -0.3546 -0.9350
vn -0.0000 -0.1205 -0.9927
vn -0.1215 0.9926 -0.0000
vn 0.1215 -0.9926 -0.0000
vn -0.5773 -0.5774 0.5774
vn -0.5773 0.5773 0.5774
vn 0.5773 0.5773 0.5774
vn 0.5773 0.5773 -0.5774
vn -0.5773 0.5773 -0.5774
vn 0.7469 0.6649 -0.0000
vn -0.2544 0.2858 -0.9239
vn -0.6143 0.6900 -0.3827
vn -0.6143 0.6901 0.3827
vn -0.2544 0.2858 0.9239
vn 0.2544 -0.2858 0.9239
vn 0.6143 -0.6900 0.3827
vn 0.6143 -0.6901 -0.3827
vn 0.2544 -0.2858 -0.9239
vn 0.6432 -0.5030 0.5774
vn 0.0859 -0.7018 0.7072
vn 0.0859 -0.7018 -0.7071
vn 0.7878 -0.6159 -0.0000
vn -0.0859 0.7018 0.7072
vn -0.0859 0.7019 -0.7071
vn -0.7019 -0.0859 0.7071
vn 0.7019 0.0859 0.7071
vn 0.7019 0.0859 -0.7071
vn -0.7019 -0.0859 -0.7071
vn -0.9926 -0.1215 -0.0000
vn 0.9926 0.1215 -0.0000
vn -0.5773 0.5774 0.5774
vn -0.6143 0.6901 -0.3827
vn 0.6143 -0.6901 0.3827
vn 0.6143 -0.6900 -0.3827
vn 0.5030 0.6431 0.5774
vn 0.5029 0.6432 -0.5774
vn 0.0859 -0.7019 -0.7071
vn 0.6160 0.7878 -0.0000
vn -0.4428 0.8966 -0.0000
vn 0.4428 0.8966 -0.0000
vn -0.4428 -0.8966 -0.0000
vn 0.4428 -0.8966 -0.0000
vn 0.5773 -0.5773 -0.5775
vn 0.5773 0.5773 -0.5775
vn 0.5773 -0.5773 0.5774
vn 0.5773 -0.5773 -0.5774
vn -0.5773 0.5774 -0.5774
vn -0.5774 -0.5774 -0.5774
vn 0.5774 0.5774 0.5772
vn -0.5773 -0.5774 -0.5774
vn -0.6428 -0.0000 -0.7661
vn -0.5774 -0.5774 0.5774
vn -0.4574 0.8892 -0.0000
vn 0.4574 0.8892 -0.0000
vn -0.4574 -0.8892 -0.0000
vn 0.4574 -0.8892 -0.0000
vn -0.5773 -0.5773 0.5774
vn -0.5773 -0.5773 -0.5774
vn 0.5774 -0.5774 0.5774
vn 0.5774 -0.5774 -0.5774
vn -0.0000 -0.7072 -0.7070
vn 0.5774 0.5774 -0.5772
vn 0.5772 -0.5777 -0.5772
vn 0.5772 0.5777 -0.5772
vn -0.5772 0.5777 -0.5772
vn -0.0000 -0.7072 -0.7071
vn 0.7071 -0.0000 0.7072
vn -0.5774 0.5774 0.5774
vn 0.5774 0.5774 0.5774
vn 0.5774 0.5774 -0.5774
vn -0.5774 0.5774 -0.5774
vn -0.0000 0.2588 0.9659
vn -0.0000 0.9659 0.2588
vn -0.0000 0.9659 -0.2588
vn -0.0000 0.2588 -0.9659
vn -0.0000 -0.2588 -0.9659
vn -0.0000 -0.9659 -0.2588
vn -0.0000 -0.9659 0.2588
vn -0.0000 -0.2588 0.9659
vn 0.8806 -0.4403 -0.1752
vn 0.7465 -0.4403 -0.4988
vn 0.4988 -0.4403 -0.7465
vn 0.1752 -0.4403 -0.8806
vn -0.1752 -0.4403 -0.8806
vn -0.4988 -0.4403 -0.7465
vn -0.7465 -0.4403 -0.4988
vn -0.8806 -0.4403 -0.1752
vn -0.8806 -0.4403 0.1752
vn -0.7465 -0.4403 0.4988
vn -0.4988 -0.4403 0.7465
vn -0.1752 -0.4403 0.8806
vn 0.1752 -0.4403 0.8806
vn 0.4988 -0.4403 0.7465
vn 0.7465 -0.4403 0.4988
vn 0.8806 -0.4403 0.1752
vn 0.9459 -0.2642 -0.1882
vn 0.8019 -0.2642 -0.5358
vn 0.5358 -0.2642 -0.8019
vn 0.1882 -0.2642 -0.9459
vn -0.1882 -0.2642 -0.9459
vn -0.5358 -0.2642 -0.8019
vn -0.8019 -0.2642 -0.5358
vn -0.9459 -0.2642 -0.1882
vn -0.9459 -0.2642 0.1882
vn -0.8019 -0.2642 0.5358
vn -0.5358 -0.2642 0.8019
vn -0.1882 -0.2642 0.9459
vn 0.1882 -0.2642 0.9459
vn 0.5358 -0.2642 0.8019
vn 0.8019 -0.2642 0.5358
vn 0.9459 -0.2642 0.1882
vn 0.9133 0.3645 -0.1817
vn 0.7743 0.3645 -0.5173
vn 0.5173 0.3645 -0.7743
vn 0.1817 0.3645 -0.9133
vn -0.1817 0.3645 -0.9133
vn -0.5173 0.3645 -0.7743
vn -0.7743 0.3645 -0.5173
vn -0.9133 0.3645 -0.1817
vn -0.9133 0.3645 0.1817
vn -0.7743 0.3645 0.5173
vn -0.5173 0.3645 0.7743
vn -0.1817 0.3645 0.9133
vn 0.1817 0.3645 0.9133
vn 0.5174 0.3645 0.7743
vn 0.7743 0.3645 0.5173
vn 0.9133 0.3645 0.1817
vn 0.7821 -0.6034 -0.1556
vn 0.6630 -0.6035 -0.4430
vn 0.4430 -0.6034 -0.6630
vn 0.1556 -0.6035 -0.7821
vn -0.1556 -0.6035 -0.7821
vn -0.4430 -0.6034 -0.6630
vn -0.6630 -0.6035 -0.4430
vn -0.7821 -0.6035 -0.1556
vn -0.7821 -0.6035 0.1556
vn -0.6630 -0.6035 0.4430
vn -0.4430 -0.6034 0.6630
vn -0.1556 -0.6034 0.7821
vn 0.1556 -0.6035 0.7821
vn 0.4430 -0.6035 0.6630
vn 0.6630 -0.6035 0.4430
vn 0.7821 -0.6035 0.1556
vn -0.9808 -0.0000 0.1951
vn -0.8315 -0.0000 0.5556
vn -0.5556 -0.0000 0.8315
vn -0.1951 -0.0000 0.9808
vn 0.1951 -0.0000 0.9808
vn 0.5556 -0.0000 0.8315
vn 0.8315 -0.0000 0.5556
vn 0.9808 -0.0000 0.1951
vn 0.9808 -0.0000 -0.1951
vn 0.8315 -0.0000 -0.5556
vn 0.5556 -0.0000 -0.8315
vn 0.1951 -0.0000 -0.9808
vn -0.1951 -0.0000 -0.9808
vn -0.5556 -0.0000 -0.8315
vn -0.8315 -0.0000 -0.5556
vn -0.9808 -0.0000 -0.1951
vn 0.9248 -0.3329 -0.1840
vn 0.7840 -0.3329 -0.5239
vn 0.5239 -0.3329 -0.7840
vn 0.1840 -0.3329 -0.9248
vn -0.1840 -0.3329 -0.9248
vn -0.5239 -0.3330 -0.7840
vn -0.7840 -0.3329 -0.5239
vn -0.9248 -0.3329 -0.1840
vn -0.9248 -0.3329 0.1840
vn -0.7840 -0.3329 0.5239
vn -0.5239 -0.3329 0.7840
vn -0.1840 -0.3329 0.9248
vn 0.1840 -0.3329 0.9248
vn 0.5239 -0.3330 0.7840
vn 0.7840 -0.3330 0.5239
vn 0.9248 -0.3329 0.1840
vn 0.9445 -0.2696 -0.1879
vn 0.8007 -0.2696 -0.5350
vn 0.5350 -0.2696 -0.8007
vn 0.1879 -0.2696 -0.9445
vn -0.1879 -0.2696 -0.9445
vn -0.5350 -0.2696 -0.8007
vn -0.8007 -0.2696 -0.5350
vn -0.9445 -0.2696 -0.1879
vn -0.9445 -0.2696 0.1879
vn -0.8007 -0.2696 0.5350
vn -0.5350 -0.2696 0.8007
vn -0.1879 -0.2696 0.9445
vn 0.1879 -0.2696 0.9445
vn 0.5350 -0.2696 0.8007
vn 0.8007 -0.2696 0.5350
vn 0.9445 -0.2696 0.1879
vn 0.9167 0.3556 -0.1823
vn 0.7771 0.3556 -0.5193
vn 0.5193 0.3556 -0.7771
vn 0.1823 0.3556 -0.9167
vn -0.1823 0.3556 -0.9167
vn -0.5193 0.3556 -0.7771
vn -0.7771 0.3556 -0.5193
vn -0.9167 0.3556 -0.1823
vn -0.9167 0.3556 0.1823
vn -0.7771 0.3556 0.5193
vn -0.5193 0.3556 0.7771
vn -0.1823 0.3556 0.9167
vn 0.1823 0.3556 0.9167
vn 0.5193 0.3556 0.7771
vn 0.7771 0.3556 0.5193
vn 0.9167 0.3556 0.1823
vn 0.7901 -0.5925 -0.1572
vn 0.6698 -0.5925 -0.4475
vn 0.4475 -0.5926 -0.6698
vn 0.1571 -0.5926 -0.7900
vn -0.1571 -0.5926 -0.7900
vn -0.4475 -0.5926 -0.6698
vn -0.6698 -0.5926 -0.4475
vn -0.7901 -0.5925 -0.1571
vn -0.7901 -0.5925 0.1572
vn -0.6698 -0.5926 0.4475
vn -0.4475 -0.5926 0.6698
vn -0.1572 -0.5925 0.7901
vn 0.1571 -0.5926 0.7900
vn 0.4475 -0.5926 0.6698
vn 0.6698 -0.5925 0.4475
vn 0.7901 -0.5925 0.1572
vn -0.0000 -0.9988 -0.0499
vn -0.0000 0.7070 -0.7072
vn 0.7072 -0.0000 0.7071
vn 0.9962 -0.0000 -0.0872
vn -0.0000 0.7070 0.7072
vn -0.6143 0.6900 0.3827
vn 0.0859 -0.7018 0.7071
vn 0.7878 -0.6160 -0.0000
vn -0.0859 0.7018 0.7071
vn 0.7018 0.0859 -0.7071
vn 0.0859 -0.7018 -0.7072
vn -0.0859 0.7019 0.7071
vn -0.0859 0.7018 -0.7071
vn 0.7071 -0.0000 -0.7072
vn 1.0000 -0.0000 0.0001
vn 1.0000 -0.0000 -0.0001
vn -0.5174 0.3645 -0.7743
vn -0.7743 0.3645 -0.5174
vn 0.5173 0.3645 0.7743
vn 0.7821 -0.6035 -0.1556
vn 0.6630 -0.6034 -0.4430
vn -0.4430 -0.6035 -0.6630
vn -0.4430 -0.6035 0.6630
vn -0.1556 -0.6035 0.7821
vn 0.1556 -0.6034 0.7821
vn 0.6630 -0.6034 0.4430
vn 0.7821 -0.6034 0.1556
vn -0.5239 -0.3329 -0.7840
vn -0.7840 -0.3330 0.5239
vn -0.5239 -0.3330 0.7840
vn 0.5239 -0.3329 0.7840
vn 0.7840 -0.3329 0.5239
vn -0.9167 0.3556 -0.1824
vn -0.5192 0.3556 0.7771
vn 0.7901 -0.5926 -0.1572
vn 0.6698 -0.5926 -0.4475
vn 0.4475 -0.5925 -0.6698
vn 0.1572 -0.5925 -0.7901
vn -0.1572 -0.5925 -0.7901
vn -0.4476 -0.5925 -0.6698
vn -0.6698 -0.5925 -0.4475
vn -0.7901 -0.5925 -0.1572
vn -0.7901 -0.5925 0.1571
vn -0.6698 -0.5925 0.4475
vn -0.4475 -0.5925 0.6698
vn -0.1571 -0.5926 0.7901
vn 0.1572 -0.5925 0.7901
vn 0.4475 -0.5925 0.6698
vt 0.284180 0.433594
vt 0.290039 0.290039
vt 0.290039 0.433594
vt 0.278320 0.433594
vt 0.284180 0.290039
vt 0.272461 0.433594
vt 0.278320 0.290039
vt 0.266602 0.433594
vt 0.272461 0.290039
vt 0.260742 0.433594
vt 0.266602 0.290039
vt 0.255859 0.433594
vt 0.260742 0.290039
vt 0.250000 0.433594
vt 0.255859 0.290039
vt 0.244141 0.433594
vt 0.250000 0.290039
vt 0.238281 0.433594
vt 0.244141 0.290039
vt 0.232422 0.433594
vt 0.238281 0.290039
vt 0.226562 0.433594
vt 0.232422 0.290039
vt 0.220703 0.433594
vt 0.226562 0.290039
vt 0.214844 0.433594
vt 0.220703 0.290039
vt 0.208984 0.433594
vt 0.214844 0.290039
vt 0.204102 0.433594
vt 0.208984 0.290039
vt 0.198242 0.433594
vt 0.204102 0.290039
vt 0.192383 0.433594
vt 0.198242 0.290039
vt 0.186523 0.433594
vt 0.192383 0.290039
vt 0.180664 0.433594
vt 0.186523 0.290039
vt 0.174805 0.433594
vt 0.180664 0.290039
vt 0.168945 0.433594
vt 0.174805 0.290039
vt 0.163086 0.433594
vt 0.168945 0.290039
vt 0.158203 0.433594
vt 0.163086 0.290039
vt 0.152344 0.433594
vt 0.158203 0.290039
vt 0.146484 0.433594
vt 0.152344 0.290039
vt 0.141602 0.433594
vt 0.146484 0.290039
vt 0.135742 0.433594
vt 0.141602 0.290039
vt 0.129883 0.433594
vt 0.135742 0.290039
vt 0.124023 0.433594
vt 0.129883 0.290039
vt 0.118164 0.433594
vt 0.124023 0.290039
vt 0.112305 0.433594
vt 0.118164 0.290039
vt 0.107422 0.433594
vt 0.112305 0.290039
vt 0.101562 0.433594
vt 0.107422 0.290039
vt 0.095703 0.433594
vt 0.101562 0.290039
vt 0.089844 0.433594
vt 0.095703 0.290039
vt 0.083984 0.433594
vt 0.089844 0.290039
vt 0.078125 0.433594
vt 0.083984 0.290039
vt 0.072266 0.433594
vt 0.078125 0.290039
vt 0.066406 0.433594
vt 0.072266 0.290039
vt 0.061523 0.433594
vt 0.066406 0.290039
vt 0.055664 0.433594
vt 0.061523 0.290039
vt 0.049805 0.433594
vt 0.055664 0.290039
vt 0.043945 0.433594
vt 0.049805 0.290039
vt 0.038086 0.433594
vt 0.043945 0.290039
vt 0.032227 0.433594
vt 0.038086 0.290039
vt 0.026367 0.433594
vt 0.032227 0.290039
vt 0.020508 0.433594
vt 0.026367 0.290039
vt 0.014648 0.433594
vt 0.020508 0.290039
vt 0.009766 0.433594
vt 0.014648 0.290039
vt 0.003906 0.433594
vt 0.009766 0.290039
vt 0.290039 0.271484
vt 0.284180 0.271484
vt 0.278320 0.271484
vt 0.272461 0.271484
vt 0.266602 0.271484
vt 0.260742 0.271484
vt 0.255859 0.271484
vt 0.250000 0.271484
vt 0.244141 0.271484
vt 0.238281 0.271484
vt 0.232422 0.271484
vt 0.226562 0.271484
vt 0.220703 0.271484
vt 0.214844 0.271484
vt 0.208984 0.271484
vt 0.204102 0.271484
vt 0.198242 0.271484
vt 0.192383 0.271484
vt 0.186523 0.271484
vt 0.180664 0.271484
vt 0.174805 0.271484
vt 0.168945 0.271484
vt 0.163086 0.271484
vt 0.158203 0.271484
vt 0.152344 0.271484
vt 0.146484 0.271484
vt 0.141602 0.271484
vt 0.135742 0.271484
vt 0.129883 0.271484
vt 0.124023 0.271484
vt 0.118164 0.271484
vt 0.112305 0.271484
vt 0.107422 0.271484
vt 0.101562 0.271484
vt 0.095703 0.271484
vt 0.089844 0.271484
vt 0.083984 0.271484
vt 0.078125 0.271484
vt 0.072266 0.271484
vt 0.066406 0.271484
vt 0.061523 0.271484
vt 0.055664 0.271484
vt 0.049805 0.271484
vt 0.043945 0.271484
vt 0.038086 0.271484
vt 0.032227 0.271484
vt 0.026367 0.271484
vt 0.020508 0.271484
vt 0.014648 0.271484
vt 0.003906 0.290039
vt 0.009766 0.271484
vt 0.290039 0.218750
vt 0.284180 0.218750
vt 0.278320 0.218750
vt 0.272461 0.218750
vt 0.266602 0.218750
vt 0.260742 0.218750
vt 0.255859 0.218750
vt 0.250000 0.218750
vt 0.244141 0.218750
vt 0.238281 0.218750
vt 0.232422 0.218750
vt 0.226562 0.218750
vt 0.220703 0.218750
vt 0.214844 0.218750
vt 0.208984 0.218750
vt 0.204102 0.218750
vt 0.198242 0.218750
vt 0.192383 0.218750
vt 0.186523 0.218750
vt 0.180664 0.218750
vt 0.174805 0.218750
vt 0.168945 0.218750
vt 0.163086 0.218750
vt 0.158203 0.218750
vt 0.152344 0.218750
vt 0.147461 0.218750
vt 0.141602 0.218750
vt 0.135742 0.218750
vt 0.129883 0.218750
vt 0.124023 0.218750
vt 0.118164 0.218750
vt 0.112305 0.218750
vt 0.107422 0.218750
vt 0.101562 0.218750
vt 0.095703 0.218750
vt 0.089844 0.218750
vt 0.083984 0.218750
vt 0.078125 0.218750
vt 0.072266 0.218750
vt 0.066406 0.218750
vt 0.061523 0.218750
vt 0.055664 0.218750
vt 0.049805 0.218750
vt 0.043945 0.218750
vt 0.038086 0.218750
vt 0.032227 0.218750
vt 0.026367 0.218750
vt 0.020508 0.218750
vt 0.014648 0.218750
vt 0.003906 0.271484
vt 0.009766 0.218750
vt 0.290039 0.183594
vt 0.284180 0.183594
vt 0.278320 0.183594
vt 0.272461 0.183594
vt 0.266602 0.183594
vt 0.260742 0.183594
vt 0.255859 0.183594
vt 0.250000 0.183594
vt 0.244141 0.183594
vt 0.238281 0.183594
vt 0.232422 0.183594
vt 0.226562 0.183594
vt 0.220703 0.183594
vt 0.214844 0.183594
vt 0.208984 0.183594
vt 0.204102 0.183594
vt 0.198242 0.183594
vt 0.192383 0.183594
vt 0.186523 0.183594
vt 0.180664 0.183594
vt 0.174805 0.183594
vt 0.168945 0.183594
vt 0.163086 0.183594
vt 0.158203 0.183594
vt 0.152344 0.183594
vt 0.147461 0.183594
vt 0.141602 0.183594
vt 0.135742 0.183594
vt 0.129883 0.183594
vt 0.124023 0.183594
vt 0.118164 0.183594
vt 0.112305 0.183594
vt 0.107422 0.183594
vt 0.101562 0.183594
vt 0.095703 0.183594
vt 0.089844 0.183594
vt 0.083984 0.183594
vt 0.078125 0.183594
vt 0.072266 0.183594
vt 0.066406 0.183594
vt 0.061523 0.183594
vt 0.055664 0.183594
vt 0.049805 0.183594
vt 0.043945 0.183594
vt 0.038086 0.183594
vt 0.032227 0.183594
vt 0.026367 0.183594
vt 0.020508 0.183594
vt 0.014648 0.183594
vt 0.003906 0.218750
vt 0.009766 0.183594
vt 0.290039 0.003906
vt 0.284180 0.003906
vt 0.278320 0.003906
vt 0.272461 0.003906
vt 0.266602 0.003906
vt 0.260742 0.003906
vt 0.255859 0.003906
vt 0.250000 0.003906
vt 0.244141 0.003906
vt 0.238281 0.003906
vt 0.232422 0.003906
vt 0.226562 0.003906
vt 0.220703 0.003906
vt 0.214844 0.003906
vt 0.208984 0.003906
vt 0.204102 0.003906
vt 0.198242 0.003906
vt 0.192383 0.003906
vt 0.186523 0.003906
vt 0.180664 0.003906
vt 0.174805 0.003906
vt 0.168945 0.003906
vt 0.163086 0.003906
vt 0.158203 0.003906
vt 0.152344 0.003906
vt 0.146484 0.003906
vt 0.141602 0.003906
vt 0.135742 0.003906
vt 0.129883 0.003906
vt 0.124023 0.003906
vt 0.118164 0.003906
vt 0.112305 0.003906
vt 0.107422 0.003906
vt 0.101562 0.003906
vt 0.095703 0.003906
vt 0.089844 0.003906
vt 0.083984 0.003906
vt 0.078125 0.003906
vt 0.072266 0.003906
vt 0.066406 0.003906
vt 0.061523 0.003906
vt 0.055664 0.003906
vt 0.049805 0.003906
vt 0.043945 0.003906
vt 0.038086 0.003906
vt 0.032227 0.003906
vt 0.026367 0.003906
vt 0.020508 0.003906
vt 0.014648 0.003906
vt 0.003906 0.183594
vt 0.009766 0.003906
vt 0.302734 0.952148
vt 0.305664 0.939453
vt 0.305664 0.952148
vt 0.979492 0.083008
vt 0.972656 0.080078
vt 0.979492 0.080078
vt 0.267578 0.939453
vt 0.275391 0.952148
vt 0.267578 0.952148
vt 0.979492 0.052734
vt 0.972656 0.048828
vt 0.979492 0.048828
vt 0.228516 0.952148
vt 0.236328 0.939453
vt 0.236328 0.952148
vt 0.950195 0.500977
vt 0.953125 0.488281
vt 0.953125 0.500977
vt 0.183594 0.931641
vt 0.186523 0.916992
vt 0.186523 0.931641
vt 0.640625 0.928711
vt 0.653320 0.914062
vt 0.653320 0.928711
vt 0.292969 0.931641
vt 0.295898 0.916016
vt 0.295898 0.931641
vt 0.379883 0.928711
vt 0.392578 0.914062
vt 0.392578 0.928711
vt 0.003906 0.953125
vt 0.006836 0.940430
vt 0.006836 0.953125
vt 0.978516 0.345703
vt 0.972656 0.342773
vt 0.978516 0.342773
vt 0.145508 0.939453
vt 0.152344 0.952148
vt 0.145508 0.952148
vt 0.978516 0.386719
vt 0.972656 0.383789
vt 0.978516 0.383789
vt 0.171875 0.939453
vt 0.178711 0.952148
vt 0.171875 0.952148
vt 0.439453 0.953125
vt 0.442383 0.942383
vt 0.442383 0.953125
vt 0.859375 0.720703
vt 0.867188 0.731445
vt 0.859375 0.731445
vt 0.979492 0.125000
vt 0.972656 0.121094
vt 0.979492 0.121094
vt 0.844727 0.720703
vt 0.852539 0.731445
vt 0.844727 0.731445
vt 0.883789 0.953125
vt 0.880859 0.942383
vt 0.883789 0.942383
vt 0.814453 0.668945
vt 0.817383 0.658203
vt 0.817383 0.668945
vt 0.852539 0.942383
vt 0.858398 0.953125
vt 0.852539 0.953125
vt 0.978516 0.408203
vt 0.972656 0.404297
vt 0.978516 0.404297
vt 0.491211 0.942383
vt 0.498047 0.953125
vt 0.491211 0.953125
vt 0.848633 0.934570
vt 0.851562 0.920898
vt 0.851562 0.934570
vt 0.824219 0.584961
vt 0.831055 0.598633
vt 0.824219 0.598633
vt 0.979492 0.093750
vt 0.972656 0.090820
vt 0.979492 0.090820
vt 0.809570 0.598633
vt 0.816406 0.584961
vt 0.816406 0.598633
vt 0.838867 0.934570
vt 0.841797 0.920898
vt 0.841797 0.934570
vt 0.251953 0.931641
vt 0.254883 0.916992
vt 0.254883 0.931641
vt 0.693359 0.928711
vt 0.708008 0.914062
vt 0.708008 0.928711
vt 0.228516 0.931641
vt 0.231445 0.916992
vt 0.231445 0.931641
vt 0.327148 0.928711
vt 0.340820 0.914062
vt 0.340820 0.928711
vt 0.860352 0.934570
vt 0.863281 0.920898
vt 0.863281 0.934570
vt 0.906250 0.775391
vt 0.912109 0.789062
vt 0.906250 0.789062
vt 0.978516 0.376953
vt 0.972656 0.374023
vt 0.978516 0.374023
vt 0.919922 0.775391
vt 0.925781 0.789062
vt 0.919922 0.789062
vt 0.809570 0.525391
vt 0.812500 0.514648
vt 0.812500 0.525391
vt 0.944336 0.072266
vt 0.952148 0.083008
vt 0.944336 0.083008
vt 0.979492 0.114258
vt 0.972656 0.111328
vt 0.979492 0.111328
vt 0.802734 0.054688
vt 0.809570 0.065430
vt 0.802734 0.065430
vt 0.876953 0.731445
vt 0.874023 0.720703
vt 0.876953 0.720703
vt 0.808594 0.455078
vt 0.812500 0.444336
vt 0.812500 0.455078
vt 0.795898 0.953125
vt 0.802734 0.941406
vt 0.802734 0.953125
vt 0.978516 0.335938
vt 0.972656 0.332031
vt 0.978516 0.332031
vt 0.838867 0.942383
vt 0.844727 0.953125
vt 0.838867 0.953125
vt 0.650391 0.907227
vt 0.653320 0.890625
vt 0.653320 0.907227
vt 0.298828 0.664062
vt 0.306641 0.680664
vt 0.298828 0.680664
vt 0.979492 0.103516
vt 0.972656 0.100586
vt 0.979492 0.100586
vt 0.888672 0.649414
vt 0.896484 0.666016
vt 0.888672 0.666016
vt 0.639648 0.907227
vt 0.642578 0.890625
vt 0.642578 0.907227
vt 0.267578 0.931641
vt 0.270508 0.916992
vt 0.270508 0.931641
vt 0.866211 0.118164
vt 0.880859 0.134766
vt 0.866211 0.134766
vt 0.302734 0.931641
vt 0.305664 0.916992
vt 0.305664 0.931641
vt 0.867188 0.649414
vt 0.881836 0.666016
vt 0.867188 0.666016
vt 0.399414 0.907227
vt 0.403320 0.890625
vt 0.403320 0.907227
vt 0.755859 0.890625
vt 0.761719 0.907227
vt 0.755859 0.907227
vt 0.978516 0.366211
vt 0.972656 0.363281
vt 0.978516 0.363281
vt 0.895508 0.714844
vt 0.902344 0.731445
vt 0.895508 0.731445
vt 0.469727 0.953125
vt 0.472656 0.942383
vt 0.472656 0.953125
vt 0.799805 0.658203
vt 0.807617 0.668945
vt 0.799805 0.668945
vt 0.979492 0.062500
vt 0.972656 0.059570
vt 0.979492 0.059570
vt 0.801758 0.125000
vt 0.809570 0.136719
vt 0.801758 0.136719
vt 0.627930 0.385742
vt 0.625000 0.375000
vt 0.627930 0.375000
vt 0.314453 0.953125
vt 0.318359 0.942383
vt 0.318359 0.953125
vt 0.074219 0.941406
vt 0.081055 0.953125
vt 0.074219 0.953125
vt 0.978516 0.397461
vt 0.972656 0.394531
vt 0.978516 0.394531
vt 0.060547 0.941406
vt 0.067383 0.953125
vt 0.060547 0.953125
vt 0.961914 0.031250
vt 0.964844 0.023438
vt 0.964844 0.031250
vt 0.779297 0.957031
vt 0.786133 0.964844
vt 0.779297 0.964844
vt 0.979492 0.073242
vt 0.972656 0.070312
vt 0.979492 0.070312
vt 0.647461 0.957031
vt 0.654297 0.964844
vt 0.647461 0.964844
vt 0.916992 0.745117
vt 0.919922 0.737305
vt 0.919922 0.745117
vt 0.278320 0.931641
vt 0.281250 0.916992
vt 0.281250 0.931641
vt 0.755859 0.928711
vt 0.763672 0.914062
vt 0.763672 0.928711
vt 0.241211 0.931641
vt 0.244141 0.916992
vt 0.244141 0.931641
vt 0.525391 0.928711
vt 0.532227 0.914062
vt 0.532227 0.928711
vt 0.961914 0.168945
vt 0.964844 0.161133
vt 0.964844 0.168945
vt 0.282227 0.958984
vt 0.289062 0.966797
vt 0.282227 0.966797
vt 0.978516 0.356445
vt 0.972656 0.353516
vt 0.978516 0.353516
vt 0.900391 0.958008
vt 0.907227 0.965820
vt 0.900391 0.965820
vt 0.809570 0.578125
vt 0.812500 0.534180
vt 0.812500 0.578125
vt 0.809570 0.463867
vt 0.812500 0.507812
vt 0.809570 0.507812
vt 0.435547 0.173828
vt 0.465820 0.217773
vt 0.435547 0.217773
vt 0.894531 0.174805
vt 0.897461 0.144531
vt 0.897461 0.174805
vt 0.489258 0.171875
vt 0.519531 0.215820
vt 0.489258 0.215820
vt 0.892578 0.217773
vt 0.895508 0.187500
vt 0.895508 0.217773
vt 0.848633 0.598633
vt 0.851562 0.581055
vt 0.851562 0.598633
vt 0.844727 0.117188
vt 0.847656 0.134766
vt 0.844727 0.134766
vt 0.842773 0.217773
vt 0.860352 0.187500
vt 0.860352 0.217773
vt 0.894531 0.292969
vt 0.897461 0.262695
vt 0.897461 0.292969
vt 0.868164 0.217773
vt 0.884766 0.187500
vt 0.884766 0.217773
vt 0.894531 0.423828
vt 0.897461 0.393555
vt 0.897461 0.423828
vt 0.916016 0.661133
vt 0.918945 0.645508
vt 0.918945 0.661133
vt 0.916016 0.016602
vt 0.918945 0.032227
vt 0.916016 0.032227
vt 0.885742 0.375977
vt 0.901367 0.345703
vt 0.901367 0.375977
vt 0.894531 0.255859
vt 0.897461 0.225586
vt 0.897461 0.255859
vt 0.891602 0.872070
vt 0.907227 0.841797
vt 0.907227 0.872070
vt 0.183594 0.886719
vt 0.186523 0.856445
vt 0.186523 0.886719
vt 0.955078 0.456055
vt 0.958008 0.447266
vt 0.958008 0.456055
vt 0.884766 0.780273
vt 0.888672 0.789062
vt 0.884766 0.789062
vt 0.757812 0.216797
vt 0.767578 0.207031
vt 0.767578 0.216797
vt 0.927734 0.955078
vt 0.931641 0.945312
vt 0.931641 0.955078
vt 0.742188 0.216797
vt 0.750977 0.207031
vt 0.750977 0.216797
vt 0.952148 0.170898
vt 0.955078 0.161133
vt 0.955078 0.170898
vt 0.281250 0.671875
vt 0.284180 0.582031
vt 0.284180 0.671875
vt 0.892578 0.827148
vt 0.895508 0.796875
vt 0.895508 0.827148
vt 0.149414 0.593750
vt 0.179688 0.683594
vt 0.149414 0.683594
vt 0.892578 0.565430
vt 0.895508 0.535156
vt 0.895508 0.565430
vt 0.191406 0.593750
vt 0.221680 0.683594
vt 0.191406 0.683594
vt 0.003906 0.683594
vt 0.047852 0.593750
vt 0.047852 0.683594
vt 0.809570 0.606445
vt 0.810547 0.650391
vt 0.809570 0.650391
vt 0.818645 0.676269
vt 0.819901 0.721140
vt 0.818645 0.721140
vt 0.676968 0.003137
vt 0.678224 0.094228
vt 0.676968 0.094228
vt 0.273438 0.680664
vt 0.228516 0.588867
vt 0.273438 0.588867
vt 0.092773 0.684570
vt 0.137695 0.593750
vt 0.137695 0.684570
vt 0.799805 0.606445
vt 0.802734 0.651367
vt 0.799805 0.651367
vt 0.323242 0.568359
vt 0.326172 0.659180
vt 0.323242 0.659180
vt 0.023438 0.755859
vt 0.026367 0.800781
vt 0.023438 0.800781
vt 0.339844 0.568359
vt 0.342773 0.659180
vt 0.339844 0.659180
vt 0.507812 0.658203
vt 0.534180 0.556641
vt 0.534180 0.658203
vt 0.480469 0.658203
vt 0.507812 0.556641
vt 0.357422 0.662109
vt 0.358398 0.564453
vt 0.358398 0.662109
vt 0.395508 0.568359
vt 0.368164 0.669922
vt 0.368164 0.568359
vt 0.421875 0.568359
vt 0.395508 0.669922
vt 0.316406 0.568359
vt 0.315430 0.666016
vt 0.315430 0.568359
vt 0.687500 0.793945
vt 0.696289 0.768555
vt 0.698242 0.768555
vt 0.687500 0.743164
vt 0.392578 0.742188
vt 0.401367 0.768555
vt 0.391602 0.742188
vt 0.392578 0.793945
vt 0.403320 0.768555
vt 0.802734 0.003906
vt 0.812500 0.026367
vt 0.802734 0.047852
vt 0.801758 0.074219
vt 0.812500 0.096680
vt 0.801758 0.118164
vt 0.299805 0.656250
vt 0.298828 0.559570
vt 0.299805 0.559570
vt 0.307617 0.656250
vt 0.308594 0.559570
vt 0.308594 0.656250
vt 0.988281 0.776367
vt 0.987305 0.777344
vt 0.987305 0.776367
vt 0.349609 0.568359
vt 0.350586 0.666016
vt 0.349609 0.666016
vt 0.988281 0.768555
vt 0.987305 0.769531
vt 0.987305 0.768555
vt 0.428711 0.568359
vt 0.429688 0.666016
vt 0.428711 0.666016
vt 0.370402 0.907609
vt 0.370494 0.907608
vt 0.370493 0.907700
vt 0.376766 0.988766
vt 0.376667 0.988667
vt 0.376767 0.988667
vt 0.376667 0.985194
vt 0.376766 0.985095
vt 0.376767 0.985194
vt 0.370494 0.890133
vt 0.370402 0.890133
vt 0.370493 0.890042
vt 0.357622 0.890254
vt 0.357712 0.890164
vt 0.357713 0.890254
vt 0.712362 0.907602
vt 0.715524 0.907511
vt 0.715523 0.907602
vt 0.357712 0.907689
vt 0.360874 0.907598
vt 0.360873 0.907689
vt 0.378007 0.988667
vt 0.378006 0.985095
vt 0.909059 0.713985
vt 0.909150 0.731465
vt 0.909059 0.731465
vt 0.712271 0.890169
vt 0.712363 0.907511
vt 0.712271 0.907512
vt 0.357713 0.907598
vt 0.357622 0.907598
vt 0.715524 0.890169
vt 0.692850 0.988237
vt 0.693972 0.985095
vt 0.693972 0.988237
vt 0.910288 0.713985
vt 0.910288 0.731465
vt 0.371631 0.890133
vt 0.371631 0.907608
vt 0.360874 0.890254
vt 0.702836 0.907512
vt 0.702835 0.907603
vt 0.702745 0.907513
vt 0.738121 0.907362
vt 0.738213 0.907362
vt 0.738212 0.907454
vt 0.085207 0.995442
vt 0.085317 0.995332
vt 0.085318 0.995443
vt 0.145133 0.995332
vt 0.145231 0.995431
vt 0.145133 0.995431
vt 0.738213 0.889855
vt 0.738121 0.889855
vt 0.738212 0.889764
vt 0.675658 0.890198
vt 0.675748 0.890108
vt 0.675749 0.890198
vt 0.705998 0.907513
vt 0.705997 0.907603
vt 0.675748 0.907652
vt 0.678914 0.907561
vt 0.678913 0.907652
vt 0.739353 0.907362
vt 0.739352 0.907454
vt 0.085318 0.996820
vt 0.145231 0.996662
vt 0.678913 0.890108
vt 0.678914 0.890198
vt 0.685714 0.890169
vt 0.685806 0.907659
vt 0.685714 0.907659
vt 0.702745 0.890169
vt 0.675749 0.907561
vt 0.675658 0.907561
vt 0.705998 0.890169
vt 0.700246 0.988237
vt 0.701368 0.985095
vt 0.701368 0.988237
vt 0.686944 0.890168
vt 0.686944 0.907659
vt 0.739353 0.889855
vt 0.936005 0.601336
vt 0.936005 0.601428
vt 0.935913 0.601427
vt 0.573437 0.985187
vt 0.573345 0.985186
vt 0.573437 0.985095
vt 0.935430 0.573424
vt 0.935431 0.573516
vt 0.935339 0.573515
vt 0.475894 0.985095
vt 0.475895 0.985188
vt 0.475802 0.985187
vt 0.728805 0.935259
vt 0.728714 0.935350
vt 0.728714 0.935259
vt 0.725532 0.935350
vt 0.725441 0.935259
vt 0.725532 0.935259
vt 0.936571 0.573516
vt 0.936571 0.573423
vt 0.936662 0.573515
vt 0.477052 0.985095
vt 0.477145 0.985187
vt 0.477053 0.985188
vt 0.573437 0.988390
vt 0.573345 0.988389
vt 0.936005 0.616198
vt 0.475895 0.988430
vt 0.475802 0.988429
vt 0.935431 0.588296
vt 0.935339 0.588295
vt 0.728714 0.920533
vt 0.725441 0.920534
vt 0.477145 0.988429
vt 0.477053 0.988430
vt 0.937144 0.601336
vt 0.574581 0.985095
vt 0.574581 0.988390
vt 0.918945 0.939453
vt 0.916992 0.925781
vt 0.918945 0.925781
vt 0.937145 0.616198
vt 0.936571 0.588296
vt 0.135703 0.895283
vt 0.135704 0.895450
vt 0.135538 0.895448
vt 0.092146 0.894967
vt 0.092146 0.895134
vt 0.091980 0.895132
vt 0.971945 0.878395
vt 0.972117 0.878394
vt 0.972115 0.878564
vt 0.219845 0.911969
vt 0.219681 0.912133
vt 0.219681 0.911968
vt 0.214368 0.912133
vt 0.214204 0.911969
vt 0.214368 0.911968
vt 0.093289 0.895134
vt 0.093288 0.894966
vt 0.093454 0.895132
vt 0.971945 0.877226
vt 0.972115 0.877057
vt 0.972117 0.877225
vt 0.038927 0.973429
vt 0.039094 0.978811
vt 0.038927 0.978809
vt 0.135704 0.912338
vt 0.977618 0.878394
vt 0.977616 0.878564
vt 0.092146 0.912036
vt 0.091980 0.912034
vt 0.219681 0.895282
vt 0.214204 0.895283
vt 0.977616 0.877057
vt 0.977618 0.877225
vt 0.136845 0.895283
vt 0.039094 0.973431
vt 0.040236 0.978811
vt 0.921875 0.244141
vt 0.916992 0.228516
vt 0.921875 0.228516
vt 0.136846 0.912338
vt 0.093289 0.912036
vt 0.675781 0.914062
vt 0.686523 0.928711
vt 0.675781 0.928711
vt 0.977886 0.727648
vt 0.971945 0.728142
vt 0.971945 0.727648
vt 0.971945 0.775021
vt 0.977873 0.775514
vt 0.971945 0.775514
vt 0.933917 0.215146
vt 0.934410 0.199401
vt 0.934410 0.215146
vt 0.904297 0.930664
vt 0.909180 0.916016
vt 0.909180 0.930664
vt 0.933917 0.193128
vt 0.934410 0.177396
vt 0.934410 0.193128
vt 0.891602 0.930664
vt 0.896484 0.916016
vt 0.896484 0.930664
vt 0.971945 0.802574
vt 0.977836 0.802084
vt 0.977836 0.802574
vt 0.971945 0.754718
vt 0.977885 0.755212
vt 0.971945 0.755212
vt 0.262938 0.851528
vt 0.263372 0.833659
vt 0.263372 0.851526
vt 0.872070 0.453125
vt 0.875977 0.436523
vt 0.875977 0.453125
vt 0.820997 0.862876
vt 0.821431 0.845025
vt 0.821431 0.862873
vt 0.880859 0.597656
vt 0.884766 0.581055
vt 0.884766 0.597656
vt 0.693310 0.907512
vt 0.693308 0.907603
vt 0.693218 0.907513
vt 0.782993 0.907365
vt 0.783086 0.907365
vt 0.783085 0.907457
vt 0.106179 0.989032
vt 0.106073 0.988925
vt 0.106180 0.988925
vt 0.106073 0.985201
vt 0.106179 0.985095
vt 0.106180 0.985201
vt 0.783086 0.889858
vt 0.782993 0.889858
vt 0.783085 0.889767
vt 0.629717 0.890241
vt 0.629807 0.890151
vt 0.629808 0.890241
vt 0.696471 0.907512
vt 0.696470 0.907603
vt 0.629807 0.907678
vt 0.632970 0.907587
vt 0.632969 0.907678
vt 0.784225 0.907365
vt 0.784224 0.907457
vt 0.107510 0.988925
vt 0.107509 0.985095
vt 0.603638 0.890227
vt 0.603730 0.907717
vt 0.603638 0.907717
vt 0.693218 0.890169
vt 0.629808 0.907587
vt 0.629717 0.907587
vt 0.696471 0.890169
vt 0.678059 0.988237
vt 0.679181 0.985095
vt 0.679181 0.988237
vt 0.604868 0.890226
vt 0.604868 0.907717
vt 0.784225 0.889858
vt 0.632970 0.890241
vt 0.336613 0.907510
vt 0.336612 0.907601
vt 0.336521 0.907510
vt 0.412573 0.907624
vt 0.412666 0.907624
vt 0.412665 0.907715
vt 0.110743 0.995442
vt 0.110853 0.995332
vt 0.110853 0.995443
vt 0.091591 0.995332
vt 0.091701 0.995443
vt 0.091591 0.995443
vt 0.412666 0.890122
vt 0.412573 0.890122
vt 0.412665 0.890031
vt 0.389875 0.890210
vt 0.389966 0.890120
vt 0.389967 0.890209
vt 0.339775 0.907510
vt 0.339774 0.907601
vt 0.389966 0.907663
vt 0.393132 0.907572
vt 0.393131 0.907663
vt 0.413805 0.907624
vt 0.413804 0.907715
vt 0.110853 0.996819
vt 0.091701 0.996819
vt 0.393131 0.890120
vt 0.393132 0.890210
vt 0.772682 0.890313
vt 0.772774 0.907797
vt 0.772682 0.907798
vt 0.336521 0.890165
vt 0.389967 0.907572
vt 0.389875 0.907573
vt 0.339775 0.890165
vt 0.722433 0.988236
vt 0.723555 0.985095
vt 0.723555 0.988236
vt 0.773913 0.890312
vt 0.773913 0.907797
vt 0.413805 0.890122
vt 0.936005 0.624066
vt 0.936005 0.624158
vt 0.935913 0.624157
vt 0.535875 0.985188
vt 0.535783 0.985187
vt 0.535875 0.985095
vt 0.935984 0.367840
vt 0.935984 0.367932
vt 0.935892 0.367931
vt 0.445420 0.985095
vt 0.445421 0.985189
vt 0.445328 0.985188
vt 0.938373 0.729791
vt 0.938282 0.729882
vt 0.938282 0.729790
vt 0.935102 0.729882
vt 0.935011 0.729791
vt 0.935102 0.729790
vt 0.937124 0.367932
vt 0.937124 0.367840
vt 0.937215 0.367931
vt 0.446580 0.985095
vt 0.446672 0.985187
vt 0.446580 0.985188
vt 0.535875 0.988399
vt 0.535783 0.988398
vt 0.936005 0.638931
vt 0.445421 0.988435
vt 0.445328 0.988434
vt 0.935984 0.382705
vt 0.935892 0.382704
vt 0.938282 0.715074
vt 0.935011 0.715075
vt 0.446672 0.988434
vt 0.446580 0.988435
vt 0.937144 0.624066
vt 0.537022 0.985095
vt 0.537023 0.988399
vt 0.939453 0.330078
vt 0.937500 0.316406
vt 0.939453 0.316406
vt 0.937145 0.638931
vt 0.937124 0.382705
vt 0.101336 0.894967
vt 0.101337 0.895134
vt 0.101170 0.895133
vt 0.972114 0.916721
vt 0.972112 0.916888
vt 0.971945 0.916722
vt 0.111433 0.894966
vt 0.111434 0.895134
vt 0.111267 0.895132
vt 0.971945 0.870614
vt 0.972117 0.870613
vt 0.972115 0.870783
vt 0.029403 0.911661
vt 0.029239 0.911825
vt 0.029239 0.911660
vt 0.023925 0.911825
vt 0.023761 0.911661
vt 0.023925 0.911660
vt 0.112577 0.895134
vt 0.112576 0.894966
vt 0.112742 0.895132
vt 0.971945 0.869446
vt 0.972115 0.869276
vt 0.972117 0.869444
vt 0.977513 0.916721
vt 0.977511 0.916888
vt 0.101337 0.912042
vt 0.977618 0.870613
vt 0.977616 0.870783
vt 0.111434 0.912045
vt 0.111267 0.912043
vt 0.029239 0.894972
vt 0.023761 0.894973
vt 0.977616 0.869276
vt 0.977618 0.869444
vt 0.102479 0.894966
vt 0.971945 0.915575
vt 0.977513 0.915574
vt 0.921875 0.638672
vt 0.916992 0.623047
vt 0.921875 0.623047
vt 0.102480 0.912042
vt 0.112577 0.912045
vt 0.349609 0.914062
vt 0.360352 0.928711
vt 0.349609 0.928711
vt 0.977860 0.795810
vt 0.971945 0.795318
vt 0.977860 0.795318
vt 0.971945 0.761980
vt 0.977885 0.761486
vt 0.977885 0.761980
vt 0.831049 0.905384
vt 0.831498 0.888096
vt 0.831498 0.905383
vt 0.528320 0.907227
vt 0.532227 0.890625
vt 0.532227 0.907227
vt 0.262919 0.875157
vt 0.263368 0.857802
vt 0.263368 0.875156
vt 0.592773 0.907227
vt 0.596680 0.890625
vt 0.596680 0.907227
vt 0.971945 0.741677
vt 0.977886 0.741183
vt 0.977886 0.741677
vt 0.977886 0.748444
vt 0.971945 0.747951
vt 0.977886 0.747951
vt 0.926388 0.280235
vt 0.926873 0.264283
vt 0.926873 0.280234
vt 0.922852 0.481445
vt 0.927734 0.465820
vt 0.927734 0.481445
vt 0.927030 0.159980
vt 0.927515 0.144028
vt 0.927515 0.159979
vt 0.921875 0.192383
vt 0.926758 0.177734
vt 0.926758 0.192383
vt 0.326404 0.907509
vt 0.326403 0.907600
vt 0.326312 0.907510
vt 0.882809 0.453938
vt 0.882902 0.453937
vt 0.882901 0.454029
vt 0.629921 0.977580
vt 0.629809 0.977467
vt 0.629922 0.977467
vt 0.629809 0.973542
vt 0.629921 0.973429
vt 0.629922 0.973541
vt 0.882902 0.436430
vt 0.882809 0.436431
vt 0.882901 0.436339
vt 0.620191 0.890242
vt 0.620281 0.890151
vt 0.620282 0.890241
vt 0.329565 0.907510
vt 0.329564 0.907601
vt 0.620281 0.907676
vt 0.623443 0.907585
vt 0.623443 0.907676
vt 0.884041 0.453937
vt 0.884040 0.454029
vt 0.631324 0.977467
vt 0.631323 0.973429
vt 0.294897 0.892230
vt 0.294989 0.909709
vt 0.294897 0.909710
vt 0.326312 0.890165
vt 0.620282 0.907585
vt 0.620191 0.907586
vt 0.329565 0.890165
vt 0.707642 0.988237
vt 0.708764 0.985095
vt 0.708764 0.988237
vt 0.296127 0.892229
vt 0.296127 0.909709
vt 0.884041 0.436430
vt 0.623443 0.890241
vt 0.347504 0.907510
vt 0.347502 0.907601
vt 0.347412 0.907511
vt 0.420079 0.907619
vt 0.420171 0.907618
vt 0.420170 0.907710
vt 0.104359 0.995442
vt 0.104469 0.995332
vt 0.104469 0.995443
vt 0.986746 0.901578
vt 0.986873 0.901451
vt 0.986874 0.901578
vt 0.420171 0.890122
vt 0.420079 0.890122
vt 0.420170 0.890031
vt 0.378094 0.890133
vt 0.378184 0.890042
vt 0.378185 0.890132
vt 0.350665 0.907510
vt 0.350664 0.907601
vt 0.378184 0.907590
vt 0.381351 0.907499
vt 0.381350 0.907590
vt 0.421310 0.907618
vt 0.421309 0.907710
vt 0.104469 0.996819
vt 0.988462 0.901451
vt 0.381350 0.890042
vt 0.381351 0.890132
vt 0.612684 0.890152
vt 0.612776 0.907673
vt 0.612684 0.907673
vt 0.347412 0.890165
vt 0.378185 0.907499
vt 0.378094 0.907499
vt 0.350665 0.890164
vt 0.776678 0.988226
vt 0.777796 0.985095
vt 0.777796 0.988226
vt 0.613917 0.890151
vt 0.613917 0.907673
vt 0.421310 0.890122
vt 0.935338 0.676720
vt 0.935338 0.676812
vt 0.935247 0.676811
vt 0.565927 0.985187
vt 0.565835 0.985186
vt 0.565926 0.985095
vt 0.935495 0.902029
vt 0.935496 0.902122
vt 0.935404 0.902121
vt 0.453039 0.985095
vt 0.453039 0.985189
vt 0.452946 0.985188
vt 0.052272 0.935435
vt 0.052181 0.935526
vt 0.052181 0.935434
vt 0.049000 0.935526
vt 0.048909 0.935435
vt 0.049000 0.935434
vt 0.936636 0.902122
vt 0.936635 0.902029
vt 0.936726 0.902121
vt 0.454198 0.985095
vt 0.454291 0.985187
vt 0.454199 0.985188
vt 0.565927 0.988392
vt 0.565835 0.988391
vt 0.935338 0.691598
vt 0.453039 0.988435
vt 0.452946 0.988434
vt 0.935496 0.916894
vt 0.935404 0.916893
vt 0.052181 0.920709
vt 0.048909 0.920709
vt 0.454291 0.988434
vt 0.454199 0.988435
vt 0.936479 0.676720
vt 0.567071 0.985095
vt 0.567072 0.988392
vt 0.939453 0.431641
vt 0.937500 0.417969
vt 0.939453 0.417969
vt 0.936479 0.691598
vt 0.936636 0.916894
vt 0.004429 0.894972
vt 0.004430 0.895140
vt 0.004263 0.895138
vt 0.972114 0.924309
vt 0.972112 0.924476
vt 0.971945 0.924310
vt 0.038597 0.893869
vt 0.038597 0.894037
vt 0.038431 0.894035
vt 0.971945 0.862833
vt 0.972117 0.862832
vt 0.972115 0.863002
vt 0.017487 0.911660
vt 0.017324 0.911824
vt 0.017323 0.911659
vt 0.012010 0.911824
vt 0.011846 0.911660
vt 0.012010 0.911659
vt 0.039741 0.894037
vt 0.039741 0.893869
vt 0.039907 0.894035
vt 0.971945 0.861664
vt 0.972115 0.861494
vt 0.972117 0.861663
vt 0.977513 0.924309
vt 0.977511 0.924476
vt 0.004430 0.912037
vt 0.977622 0.862832
vt 0.977620 0.863002
vt 0.038597 0.910953
vt 0.038431 0.910951
vt 0.017323 0.894972
vt 0.011846 0.894973
vt 0.977620 0.861494
vt 0.977622 0.861663
vt 0.005572 0.894972
vt 0.971945 0.923163
vt 0.977513 0.923162
vt 0.921875 0.612305
vt 0.916992 0.596680
vt 0.921875 0.596680
vt 0.005572 0.912037
vt 0.039741 0.910953
vt 0.611328 0.914062
vt 0.623047 0.928711
vt 0.611328 0.928711
vt 0.977860 0.781787
vt 0.971945 0.782279
vt 0.971945 0.781787
vt 0.971945 0.788553
vt 0.977860 0.789045
vt 0.971945 0.789045
vt 0.831049 0.927609
vt 0.831535 0.911657
vt 0.831535 0.927609
vt 0.921875 0.214844
vt 0.926758 0.200195
vt 0.926758 0.214844
vt 0.926732 0.135096
vt 0.927218 0.119144
vt 0.927218 0.135095
vt 0.922852 0.104492
vt 0.927734 0.088867
vt 0.927734 0.104492
vt 0.971945 0.768747
vt 0.977885 0.768253
vt 0.977885 0.768747
vt 0.971945 0.734415
vt 0.977886 0.734909
vt 0.971945 0.734909
vt 0.526477 0.190318
vt 0.526908 0.172284
vt 0.526908 0.190320
vt 0.854492 0.134766
vt 0.859375 0.117188
vt 0.859375 0.134766
vt 0.262938 0.827384
vt 0.263368 0.809350
vt 0.263368 0.827386
vt 0.859375 0.597656
vt 0.863281 0.581055
vt 0.863281 0.597656
vt 0.871094 0.597656
vt 0.874023 0.581055
vt 0.874023 0.597656
vt 0.228516 0.886719
vt 0.231445 0.855469
vt 0.231445 0.886719
vt 0.270508 0.886719
vt 0.287109 0.855469
vt 0.287109 0.886719
vt 0.829102 0.384766
vt 0.826172 0.353516
vt 0.829102 0.353516
vt 0.801758 0.384766
vt 0.819336 0.353516
vt 0.819336 0.384766
vt 0.871094 0.523438
vt 0.874023 0.506836
vt 0.874023 0.523438
vt 0.976562 0.959961
vt 0.972656 0.957031
vt 0.976562 0.957031
vt 0.859375 0.049805
vt 0.864258 0.066406
vt 0.859375 0.066406
vt 0.003906 0.978516
vt 0.006836 0.973633
vt 0.006836 0.978516
vt 0.860352 0.436523
vt 0.864258 0.454102
vt 0.860352 0.454102
vt 0.764648 0.384766
vt 0.761719 0.367188
vt 0.764648 0.367188
vt 0.750977 0.384766
vt 0.754883 0.367188
vt 0.754883 0.384766
vt 0.739258 0.367188
vt 0.744141 0.384766
vt 0.739258 0.384766
vt 0.013672 0.978516
vt 0.016602 0.973633
vt 0.016602 0.978516
vt 0.727539 0.367188
vt 0.732422 0.384766
vt 0.727539 0.384766
vt 0.149414 0.910156
vt 0.152344 0.894531
vt 0.152344 0.910156
vt 0.172852 0.886719
vt 0.176758 0.856445
vt 0.176758 0.886719
vt 0.165039 0.886719
vt 0.149414 0.856445
vt 0.165039 0.856445
vt 0.302734 0.886719
vt 0.305664 0.855469
vt 0.305664 0.886719
vt 0.240234 0.886719
vt 0.255859 0.855469
vt 0.255859 0.886719
vt 0.183594 0.910156
vt 0.186523 0.893555
vt 0.186523 0.910156
vt 0.278320 0.893555
vt 0.282227 0.910156
vt 0.278320 0.910156
vt 0.976562 0.949219
vt 0.972656 0.946289
vt 0.976562 0.946289
vt 0.240234 0.893555
vt 0.244141 0.910156
vt 0.240234 0.910156
vt 0.839844 0.436523
vt 0.842773 0.454102
vt 0.839844 0.454102
vt 0.123047 0.847656
vt 0.140625 0.811523
vt 0.140625 0.847656
vt 0.859375 0.571289
vt 0.862305 0.535156
vt 0.862305 0.571289
vt 0.844727 0.338867
vt 0.862305 0.302734
vt 0.862305 0.338867
vt 0.848633 0.775391
vt 0.851562 0.739258
vt 0.851562 0.775391
vt 0.912109 0.104492
vt 0.915039 0.077148
vt 0.915039 0.104492
vt 0.906250 0.039062
vt 0.909180 0.066406
vt 0.906250 0.066406
vt 0.228516 0.847656
vt 0.255859 0.811523
vt 0.255859 0.847656
vt 0.848633 0.833008
vt 0.851562 0.796875
vt 0.851562 0.833008
vt 0.839844 0.429688
vt 0.867188 0.393555
vt 0.867188 0.429688
vt 0.848633 0.040039
vt 0.852539 0.003906
vt 0.852539 0.040039
vt 0.954102 0.291992
vt 0.957031 0.300781
vt 0.954102 0.300781
vt 0.914062 0.849609
vt 0.922852 0.833984
vt 0.922852 0.849609
vt 0.916992 0.135742
vt 0.919922 0.120117
vt 0.919922 0.135742
vt 0.128906 0.911133
vt 0.120117 0.895508
vt 0.128906 0.895508
vt 0.916016 0.917969
vt 0.918945 0.902344
vt 0.918945 0.917969
vt 0.838867 0.598633
vt 0.841797 0.581055
vt 0.841797 0.598633
vt 0.838867 0.048828
vt 0.841797 0.066406
vt 0.838867 0.066406
vt 0.844727 0.712891
vt 0.862305 0.676758
vt 0.862305 0.712891
vt 0.859375 0.833008
vt 0.862305 0.796875
vt 0.862305 0.833008
vt 0.844727 0.381836
vt 0.862305 0.345703
vt 0.862305 0.381836
vt 0.858398 0.261719
vt 0.861328 0.225586
vt 0.861328 0.261719
vt 0.079102 0.913086
vt 0.082031 0.885742
vt 0.082031 0.913086
vt 0.912109 0.465820
vt 0.915039 0.493164
vt 0.912109 0.493164
vt 0.194336 0.847656
vt 0.221680 0.811523
vt 0.221680 0.847656
vt 0.848633 0.571289
vt 0.851562 0.535156
vt 0.851562 0.571289
vt 0.149414 0.848633
vt 0.176758 0.812500
vt 0.176758 0.848633
vt 0.859375 0.775391
vt 0.862305 0.739258
vt 0.862305 0.775391
vt 0.955078 0.801758
vt 0.958008 0.810547
vt 0.955078 0.810547
vt 0.194336 0.911133
vt 0.203125 0.895508
vt 0.203125 0.911133
vt 0.916992 0.331055
vt 0.919922 0.315430
vt 0.919922 0.331055
vt 0.922852 0.872070
vt 0.914062 0.856445
vt 0.922852 0.856445
vt 0.916016 0.767578
vt 0.918945 0.751953
vt 0.918945 0.767578
vt 0.791992 0.126953
vt 0.794922 0.074219
vt 0.794922 0.126953
vt 0.183594 0.848633
vt 0.186523 0.812500
vt 0.186523 0.848633
vt 0.324219 0.739258
vt 0.360352 0.791992
vt 0.324219 0.791992
vt 0.847656 0.261719
vt 0.850586 0.225586
vt 0.850586 0.261719
vt 0.480469 0.738281
vt 0.516602 0.791016
vt 0.480469 0.791016
vt 0.732422 0.225586
vt 0.785156 0.281250
vt 0.732422 0.281250
vt 0.678711 0.678711
vt 0.679688 0.734375
vt 0.678711 0.734375
vt 0.039062 0.690430
vt 0.040039 0.746094
vt 0.039062 0.746094
vt 0.794596 0.003137
vt 0.795852 0.056985
vt 0.794596 0.056986
vt 0.722656 0.519531
vt 0.776367 0.463867
vt 0.776367 0.519531
vt 0.722656 0.302734
vt 0.776367 0.359375
vt 0.722656 0.359375
vt 0.218750 0.690430
vt 0.221680 0.747070
vt 0.218750 0.747070
vt 0.592773 0.740234
vt 0.595703 0.793945
vt 0.592773 0.793945
vt 0.742188 0.393555
vt 0.745117 0.449219
vt 0.742188 0.449219
vt 0.602539 0.740234
vt 0.605469 0.793945
vt 0.602539 0.793945
vt 0.480469 0.698242
vt 0.541992 0.730469
vt 0.480469 0.730469
vt 0.480469 0.665039
vt 0.542969 0.698242
vt 0.713154 0.205061
vt 0.714591 0.144028
vt 0.714591 0.205061
vt 0.655273 0.701172
vt 0.592773 0.667969
vt 0.655273 0.667969
vt 0.655273 0.733398
vt 0.592773 0.701172
vt 0.570803 0.655791
vt 0.569367 0.716818
vt 0.569367 0.655791
vt 0.687500 0.669922
vt 0.697266 0.638672
vt 0.698242 0.638672
vt 0.687500 0.606445
vt 0.695312 0.534180
vt 0.704102 0.566406
vt 0.693359 0.534180
vt 0.695312 0.597656
vt 0.706055 0.566406
vt 0.127930 0.691406
vt 0.138672 0.719727
vt 0.127930 0.747070
vt 0.201172 0.690430
vt 0.211914 0.718750
vt 0.201172 0.746094
vt 0.708008 0.523438
vt 0.707031 0.463867
vt 0.708008 0.463867
vt 0.712891 0.133789
vt 0.713867 0.074219
vt 0.713867 0.133789
vt 0.988281 0.714844
vt 0.987305 0.715820
vt 0.987305 0.714844
vt 0.715820 0.606445
vt 0.716797 0.666016
vt 0.715820 0.666016
vt 0.988281 0.722656
vt 0.987305 0.723633
vt 0.987305 0.722656
vt 0.714844 0.463867
vt 0.715820 0.523438
vt 0.714844 0.523438
vt 0.848633 0.066406
vt 0.852539 0.048828
vt 0.852539 0.066406
vt 0.368164 0.964844
vt 0.371094 0.957031
vt 0.371094 0.964844
vt 0.799805 0.276367
vt 0.807617 0.293945
vt 0.799805 0.293945
vt 0.960938 0.344727
vt 0.963867 0.336914
vt 0.963867 0.344727
vt 0.771484 0.384766
vt 0.780273 0.368164
vt 0.780273 0.384766
vt 0.843750 0.666992
vt 0.846680 0.649414
vt 0.846680 0.666992
vt 0.937500 0.300781
vt 0.940430 0.288086
vt 0.940430 0.300781
vt 0.686523 0.367188
vt 0.700195 0.384766
vt 0.686523 0.384766
vt 0.932617 0.501953
vt 0.935547 0.488281
vt 0.935547 0.501953
vt 0.707031 0.367188
vt 0.720703 0.384766
vt 0.707031 0.384766
vt 0.849609 0.454102
vt 0.852539 0.436523
vt 0.852539 0.454102
vt 0.977539 0.583008
vt 0.972656 0.580078
vt 0.977539 0.580078
vt 0.815430 0.276367
vt 0.820312 0.293945
vt 0.815430 0.293945
vt 0.977539 0.593750
vt 0.972656 0.590820
vt 0.977539 0.590820
vt 0.828125 0.276367
vt 0.833008 0.293945
vt 0.828125 0.293945
vt 0.952148 0.014648
vt 0.955078 0.004883
vt 0.955078 0.014648
vt 0.935547 0.698242
vt 0.943359 0.708008
vt 0.935547 0.708008
vt 0.629883 0.964844
vt 0.632812 0.957031
vt 0.632812 0.964844
vt 0.939453 0.556641
vt 0.948242 0.566406
vt 0.939453 0.566406
vt 0.955078 0.031250
vt 0.952148 0.021484
vt 0.955078 0.021484
vt 0.951172 0.955078
vt 0.954102 0.945312
vt 0.954102 0.955078
vt 0.938477 0.945312
vt 0.943359 0.955078
vt 0.938477 0.955078
vt 0.977539 0.603516
vt 0.972656 0.600586
vt 0.977539 0.600586
vt 0.940430 0.737305
vt 0.945312 0.747070
vt 0.940430 0.747070
vt 0.906250 0.767578
vt 0.909180 0.739258
vt 0.909180 0.767578
vt 0.905273 0.264648
vt 0.913086 0.292969
vt 0.905273 0.292969
vt 0.570312 0.385742
vt 0.573242 0.377930
vt 0.573242 0.385742
vt 0.904297 0.144531
vt 0.913086 0.172852
vt 0.904297 0.172852
vt 0.910156 0.825195
vt 0.913086 0.796875
vt 0.913086 0.825195
vt 0.922852 0.501953
vt 0.925781 0.488281
vt 0.925781 0.501953
vt 0.860352 0.884766
vt 0.874023 0.914062
vt 0.860352 0.914062
vt 0.939453 0.548828
vt 0.943359 0.536133
vt 0.943359 0.548828
vt 0.838867 0.884766
vt 0.851562 0.914062
vt 0.838867 0.914062
vt 0.908203 0.374023
vt 0.911133 0.345703
vt 0.911133 0.374023
vt 0.905273 0.228516
vt 0.910156 0.257812
vt 0.905273 0.257812
vt 0.977539 0.573242
vt 0.972656 0.570312
vt 0.977539 0.570312
vt 0.905273 0.393555
vt 0.910156 0.421875
vt 0.905273 0.421875
vt 0.844727 0.506836
vt 0.847656 0.524414
vt 0.844727 0.524414
vt 0.891602 0.908203
vt 0.909180 0.879883
vt 0.909180 0.908203
vt 0.906250 0.331055
vt 0.909180 0.302734
vt 0.909180 0.331055
vt 0.564453 0.912109
vt 0.581055 0.882812
vt 0.581055 0.912109
vt 0.907227 0.602539
vt 0.910156 0.574219
vt 0.910156 0.602539
vt 0.916016 0.895508
vt 0.918945 0.879883
vt 0.918945 0.895508
vt 0.916016 0.508789
vt 0.918945 0.524414
vt 0.916016 0.524414
vt 0.457031 0.913086
vt 0.472656 0.883789
vt 0.472656 0.913086
vt 0.906250 0.706055
vt 0.909180 0.676758
vt 0.909180 0.706055
vt 0.450195 0.913086
vt 0.434570 0.883789
vt 0.450195 0.883789
vt 0.553711 0.912109
vt 0.556641 0.882812
vt 0.556641 0.912109
vt 0.956055 0.938477
vt 0.958984 0.929688
vt 0.958984 0.938477
vt 0.955078 0.556641
vt 0.958008 0.565430
vt 0.955078 0.565430
vt 0.953125 0.720703
vt 0.960938 0.729492
vt 0.953125 0.729492
vt 0.413086 0.964844
vt 0.416016 0.957031
vt 0.416016 0.964844
vt 0.920898 0.557617
vt 0.928711 0.566406
vt 0.920898 0.566406
vt 0.423828 0.964844
vt 0.426758 0.957031
vt 0.426758 0.964844
vt 0.808594 0.436523
vt 0.812500 0.393555
vt 0.812500 0.436523
vt 0.808594 0.676758
vt 0.811523 0.720703
vt 0.808594 0.720703
vt 0.799805 0.225586
vt 0.829102 0.269531
vt 0.799805 0.269531
vt 0.906250 0.032227
vt 0.909180 0.003906
vt 0.909180 0.032227
vt 0.092773 0.756836
vt 0.121094 0.800781
vt 0.092773 0.800781
vt 0.907227 0.638672
vt 0.910156 0.609375
vt 0.910156 0.638672
vt 0.420898 0.735352
vt 0.423828 0.676758
vt 0.423828 0.735352
vt 0.092773 0.691406
vt 0.121094 0.749023
vt 0.092773 0.749023
vt 0.880859 0.913086
vt 0.883789 0.883789
vt 0.883789 0.913086
vt 0.003906 0.690430
vt 0.032227 0.748047
vt 0.003906 0.748047
vt 0.149414 0.748047
vt 0.193359 0.690430
vt 0.193359 0.748047
vt 0.818710 0.301983
vt 0.819966 0.346844
vt 0.818710 0.346844
vt 0.577346 0.659097
vt 0.578603 0.717895
vt 0.577346 0.717895
vt 0.817083 0.605741
vt 0.818339 0.650613
vt 0.817083 0.650613
vt 0.733034 0.533509
vt 0.734291 0.592291
vt 0.733034 0.592291
vt 0.360352 0.731445
vt 0.315430 0.672852
vt 0.360352 0.672852
vt 0.686523 0.735352
vt 0.731445 0.676758
vt 0.731445 0.735352
vt 0.003906 0.755859
vt 0.006836 0.800781
vt 0.003906 0.800781
vt 0.668945 0.667969
vt 0.671875 0.726562
vt 0.668945 0.726562
vt 0.013672 0.755859
vt 0.016602 0.800781
vt 0.013672 0.800781
vt 0.723633 0.534180
vt 0.726562 0.592773
vt 0.723633 0.592773
vt 0.619141 0.211914
vt 0.645508 0.144531
vt 0.645508 0.211914
vt 0.591797 0.211914
vt 0.619141 0.144531
vt 0.054688 0.658203
vt 0.055664 0.593750
vt 0.055664 0.658203
vt 0.679688 0.144531
vt 0.652344 0.211914
vt 0.652344 0.144531
vt 0.706055 0.144531
vt 0.679688 0.211914
vt 0.679688 0.534180
vt 0.678711 0.598633
vt 0.678711 0.534180
vt 0.230469 0.804688
vt 0.239258 0.779297
vt 0.240234 0.779297
vt 0.230469 0.752930
vt 0.707031 0.743164
vt 0.715820 0.768555
vt 0.705078 0.743164
vt 0.707031 0.793945
vt 0.716797 0.768555
vt 0.801758 0.302734
vt 0.811523 0.325195
vt 0.801758 0.346680
vt 0.802734 0.739258
vt 0.812500 0.761719
vt 0.802734 0.783203
vt 0.084961 0.658203
vt 0.083984 0.593750
vt 0.084961 0.593750
vt 0.076172 0.658203
vt 0.077148 0.593750
vt 0.077148 0.658203
vt 0.988814 0.745380
vt 0.986746 0.746819
vt 0.986745 0.745380
vt 0.678711 0.606445
vt 0.679688 0.670898
vt 0.678711 0.670898
vt 0.988797 0.806744
vt 0.986746 0.808171
vt 0.986745 0.806744
vt 0.065871 0.592792
vt 0.067307 0.658755
vt 0.065871 0.658755
vt 0.919525 0.160241
vt 0.919618 0.160240
vt 0.919617 0.160332
vt 0.083047 0.989032
vt 0.082940 0.988925
vt 0.083047 0.988925
vt 0.082940 0.985201
vt 0.083047 0.985095
vt 0.083047 0.985201
vt 0.919618 0.144119
vt 0.919525 0.144119
vt 0.919617 0.144028
vt 0.920355 0.534853
vt 0.920445 0.534763
vt 0.920446 0.534853
vt 0.924870 0.408706
vt 0.928035 0.408616
vt 0.928033 0.408707
vt 0.920445 0.550936
vt 0.923608 0.550846
vt 0.923607 0.550936
vt 0.084378 0.988925
vt 0.084377 0.985095
vt 0.925878 0.879149
vt 0.925970 0.895285
vt 0.925878 0.895285
vt 0.924780 0.392619
vt 0.924872 0.408615
vt 0.924780 0.408616
vt 0.920446 0.550845
vt 0.920355 0.550846
vt 0.928035 0.392618
vt 0.752014 0.988231
vt 0.753134 0.985095
vt 0.753134 0.988231
vt 0.927109 0.879148
vt 0.927109 0.895285
vt 0.920756 0.144119
vt 0.920756 0.160240
vt 0.923608 0.534853
vt 0.925969 0.918018
vt 0.925968 0.918109
vt 0.925878 0.918019
vt 0.918865 0.434070
vt 0.918957 0.434069
vt 0.918957 0.434161
vt 0.117127 0.995442
vt 0.117237 0.995332
vt 0.117237 0.995443
vt 0.138761 0.995332
vt 0.138859 0.995431
vt 0.138761 0.995431
vt 0.918957 0.417930
vt 0.918865 0.417931
vt 0.918957 0.417840
vt 0.920020 0.796462
vt 0.920110 0.796372
vt 0.920111 0.796462
vt 0.929130 0.918018
vt 0.929129 0.918109
vt 0.920110 0.812560
vt 0.923276 0.812469
vt 0.923275 0.812560
vt 0.920097 0.434069
vt 0.920096 0.434161
vt 0.117237 0.996820
vt 0.138859 0.996662
vt 0.923275 0.796372
vt 0.923276 0.796462
vt 0.925910 0.508750
vt 0.926002 0.524886
vt 0.925910 0.524886
vt 0.925878 0.902030
vt 0.920111 0.812469
vt 0.920020 0.812470
vt 0.929130 0.902030
vt 0.791458 0.988215
vt 0.792572 0.985095
vt 0.792572 0.988215
vt 0.927142 0.508749
vt 0.927142 0.524886
vt 0.920097 0.417931
vt 0.791229 0.204496
vt 0.791229 0.204589
vt 0.791138 0.204588
vt 0.588456 0.985187
vt 0.588364 0.985186
vt 0.588456 0.985095
vt 0.819014 0.123832
vt 0.819014 0.123924
vt 0.818923 0.123923
vt 0.460657 0.985095
vt 0.460658 0.985188
vt 0.460565 0.985188
vt 0.285291 0.952041
vt 0.285200 0.952132
vt 0.285200 0.952041
vt 0.282020 0.952132
vt 0.281929 0.952041
vt 0.282020 0.952041
vt 0.820152 0.123924
vt 0.820151 0.123832
vt 0.820242 0.123923
vt 0.461817 0.985095
vt 0.461910 0.985187
vt 0.461817 0.985188
vt 0.588456 0.988386
vt 0.588364 0.988385
vt 0.791229 0.218005
vt 0.460658 0.988435
vt 0.460565 0.988434
vt 0.819014 0.137302
vt 0.818923 0.137301
vt 0.285200 0.938685
vt 0.281929 0.938685
vt 0.461910 0.988434
vt 0.461817 0.988435
vt 0.792370 0.204496
vt 0.589598 0.985095
vt 0.589599 0.988386
vt 0.028320 0.953125
vt 0.026367 0.940430
vt 0.028320 0.940430
vt 0.792370 0.218005
vt 0.820152 0.137302
vt 0.883475 0.919526
vt 0.883476 0.919694
vt 0.883309 0.919692
vt 0.111433 0.918319
vt 0.111434 0.918487
vt 0.111267 0.918485
vt 0.971945 0.855050
vt 0.972117 0.855049
vt 0.972115 0.855220
vt 0.079772 0.934725
vt 0.079608 0.934889
vt 0.079608 0.934724
vt 0.074294 0.934889
vt 0.074130 0.934725
vt 0.074294 0.934724
vt 0.112578 0.918487
vt 0.112577 0.918319
vt 0.112743 0.918485
vt 0.971945 0.853881
vt 0.972115 0.853712
vt 0.972117 0.853880
vt 0.023759 0.973429
vt 0.023926 0.978821
vt 0.023759 0.978819
vt 0.883476 0.935219
vt 0.977623 0.855049
vt 0.977621 0.855220
vt 0.111434 0.934025
vt 0.111267 0.934023
vt 0.079608 0.919400
vt 0.074130 0.919401
vt 0.977620 0.853712
vt 0.977622 0.853880
vt 0.884618 0.919526
vt 0.023926 0.973431
vt 0.025070 0.978821
vt 0.824219 0.528320
vt 0.819336 0.513672
vt 0.824219 0.513672
vt 0.884619 0.935219
vt 0.112578 0.934025
vt 0.825195 0.656250
vt 0.834961 0.669922
vt 0.825195 0.669922
vt 0.121905 0.973429
vt 0.121414 0.978682
vt 0.121414 0.973429
vt 0.114649 0.973429
vt 0.115140 0.978682
vt 0.114649 0.978682
vt 0.936625 0.849997
vt 0.937104 0.835210
vt 0.937104 0.849996
vt 0.831055 0.527344
vt 0.834961 0.513672
vt 0.834961 0.527344
vt 0.885024 0.732531
vt 0.885502 0.717786
vt 0.885502 0.732531
vt 0.313477 0.934570
vt 0.318359 0.920898
vt 0.318359 0.934570
vt 0.128179 0.978682
vt 0.128670 0.973429
vt 0.128670 0.978682
vt 0.971945 0.967037
vt 0.977248 0.966541
vt 0.977248 0.967037
vt 0.919680 0.303218
vt 0.920114 0.286887
vt 0.920114 0.303215
vt 0.918945 0.383789
vt 0.922852 0.368164
vt 0.922852 0.383789
vt 0.919680 0.280614
vt 0.920114 0.264283
vt 0.920114 0.280611
vt 0.918945 0.456055
vt 0.922852 0.441406
vt 0.922852 0.456055
vt 0.516602 0.889648
vt 0.517578 0.914062
vt 0.516602 0.914062
vt 0.480469 0.914062
vt 0.481445 0.889648
vt 0.481445 0.914062
vt 0.313477 0.914062
vt 0.314453 0.889648
vt 0.314453 0.914062
vt 0.725586 0.890625
vt 0.726562 0.914062
vt 0.725586 0.914062
vt 0.988374 0.914252
vt 0.986745 0.915700
vt 0.986745 0.914252
vt 0.986746 0.921974
vt 0.988374 0.923422
vt 0.986746 0.923422
vt 0.913086 0.535156
vt 0.914062 0.558594
vt 0.913086 0.558594
vt 0.505859 0.914062
vt 0.506836 0.889648
vt 0.506836 0.914062
vt 0.490351 0.914114
vt 0.491787 0.889610
vt 0.491787 0.914114
vt 0.498061 0.889610
vt 0.499497 0.914114
vt 0.498061 0.914114
vt 0.987305 0.938477
vt 0.988281 0.937500
vt 0.988281 0.938477
vt 0.986746 0.929695
vt 0.988374 0.931143
vt 0.986746 0.931143
vt 0.918506 0.392618
vt 0.917070 0.409133
vt 0.917070 0.392618
vt 0.918273 0.345054
vt 0.919709 0.361566
vt 0.918273 0.361566
vt 0.273438 0.973633
vt 0.274414 0.977539
vt 0.273438 0.977539
vt 0.282227 0.973633
vt 0.281250 0.977539
vt 0.281250 0.973633
vt 0.920898 0.730469
vt 0.916992 0.714844
vt 0.920898 0.714844
vt 0.916992 0.589844
vt 0.920898 0.574219
vt 0.920898 0.589844
vt 0.174805 0.894531
vt 0.172852 0.910156
vt 0.172852 0.894531
vt 0.159180 0.894531
vt 0.160156 0.910156
vt 0.159180 0.910156
vt 0.988281 0.475586
vt 0.987305 0.476562
vt 0.987305 0.475586
vt 0.988281 0.442383
vt 0.987305 0.441406
vt 0.988281 0.441406
vt 0.305664 0.910156
vt 0.304688 0.893555
vt 0.305664 0.893555
vt 0.228516 0.910156
vt 0.230469 0.893555
vt 0.230469 0.910156
vt 0.799805 0.194336
vt 0.811523 0.216797
vt 0.799805 0.216797
vt 0.526621 0.196593
vt 0.526622 0.196739
vt 0.526477 0.196737
vt 0.972092 0.488547
vt 0.972090 0.488693
vt 0.971945 0.488548
vt 0.679562 0.366200
vt 0.679562 0.366345
vt 0.679418 0.366343
vt 0.971945 0.461209
vt 0.972095 0.461208
vt 0.972093 0.461357
vt 0.860291 0.667075
vt 0.860155 0.667211
vt 0.860155 0.667075
vt 0.853540 0.667211
vt 0.853405 0.667075
vt 0.853540 0.667075
vt 0.679850 0.366345
vt 0.679849 0.366200
vt 0.679993 0.366343
vt 0.971945 0.460913
vt 0.972093 0.460766
vt 0.972095 0.460912
vt 0.979147 0.488547
vt 0.979145 0.488693
vt 0.526622 0.215828
vt 0.979292 0.461208
vt 0.979290 0.461357
vt 0.679562 0.385412
vt 0.679418 0.385410
vt 0.860155 0.649043
vt 0.853405 0.649044
vt 0.979290 0.460766
vt 0.979292 0.460912
vt 0.526910 0.196739
vt 0.972092 0.488257
vt 0.979147 0.488257
vt 0.876953 0.066406
vt 0.871094 0.049805
vt 0.876953 0.049805
vt 0.526910 0.215828
vt 0.679850 0.385412
vt 0.881348 0.527830
vt 0.881580 0.527829
vt 0.881578 0.528059
vt 0.745857 0.912182
vt 0.745854 0.912412
vt 0.745626 0.912184
vt 0.637718 0.384934
vt 0.637987 0.384956
vt 0.637962 0.385223
vt 0.791090 0.385070
vt 0.791321 0.385069
vt 0.791318 0.385298
vt 0.368424 0.988749
vt 0.368190 0.988515
vt 0.368426 0.988514
vt 0.368190 0.985329
vt 0.368424 0.985095
vt 0.368426 0.985329
vt 0.640202 0.358780
vt 0.639933 0.358758
vt 0.640222 0.358515
vt 0.791090 0.362605
vt 0.791318 0.362376
vt 0.791321 0.362603
vt 0.748955 0.912183
vt 0.748952 0.912412
vt 0.883508 0.527829
vt 0.794426 0.385069
vt 0.794423 0.385299
vt 0.640222 0.385145
vt 0.640196 0.385412
vt 0.370393 0.988514
vt 0.370392 0.985095
vt 0.794423 0.362377
vt 0.794426 0.362603
vt 0.881348 0.505241
vt 0.745626 0.889766
vt 0.748955 0.889764
vt 0.798846 0.988147
vt 0.800731 0.985095
vt 0.800731 0.988147
vt 0.883508 0.505240
vt 0.863327 0.268322
vt 0.864844 0.293920
vt 0.863327 0.293914
vt 0.855536 0.268322
vt 0.857053 0.293929
vt 0.855536 0.293925
vt 0.291446 0.678323
vt 0.292078 0.652692
vt 0.292078 0.678327
vt 0.986746 0.880593
vt 0.988468 0.881311
vt 0.986746 0.881311
vt 0.430428 0.802326
vt 0.429796 0.827932
vt 0.429796 0.802323
vt 0.828139 0.216879
vt 0.828371 0.216878
vt 0.828369 0.217109
vt 0.885140 0.066624
vt 0.885137 0.066854
vt 0.884909 0.066626
vt 0.646496 0.384936
vt 0.646763 0.384958
vt 0.646738 0.385224
vt 0.818530 0.216970
vt 0.818761 0.216968
vt 0.818758 0.217198
vt 0.564200 0.977631
vt 0.563930 0.977362
vt 0.564201 0.977361
vt 0.563930 0.973699
vt 0.564200 0.973430
vt 0.564201 0.973699
vt 0.648968 0.358901
vt 0.648700 0.358879
vt 0.648988 0.358637
vt 0.818530 0.194506
vt 0.818758 0.194278
vt 0.818761 0.194505
vt 0.888238 0.066625
vt 0.888236 0.066854
vt 0.830300 0.216878
vt 0.821865 0.216968
vt 0.821863 0.217198
vt 0.648988 0.385146
vt 0.648962 0.385412
vt 0.566464 0.977361
vt 0.566462 0.973430
vt 0.821863 0.194278
vt 0.821865 0.194505
vt 0.828139 0.194279
vt 0.884909 0.044206
vt 0.888238 0.044204
vt 0.807617 0.987305
vt 0.808594 0.985352
vt 0.808594 0.987305
vt 0.830300 0.194278
vt 0.895508 0.041016
vt 0.896484 0.065430
vt 0.895508 0.065430
vt 0.899645 0.110832
vt 0.901174 0.136205
vt 0.899645 0.136209
vt 0.899712 0.525815
vt 0.900350 0.500440
vt 0.900350 0.525811
vt 0.986746 0.874320
vt 0.988503 0.873588
vt 0.988503 0.874320
vt 0.430434 0.834208
vt 0.429796 0.859589
vt 0.429796 0.834212
vt 0.972656 0.986328
vt 0.974609 0.987305
vt 0.972656 0.987305
vt 0.916992 0.985352
vt 0.915039 0.987305
vt 0.915039 0.986328
vt 0.327148 0.988281
vt 0.326172 0.985352
vt 0.327148 0.985352
vt 0.265625 0.985352
vt 0.266602 0.988281
vt 0.265625 0.988281
vt 0.275391 0.988281
vt 0.273438 0.985352
vt 0.275391 0.985352
vt 0.342773 0.985352
vt 0.344727 0.988281
vt 0.342773 0.988281
vt 0.332936 0.628702
vt 0.333207 0.621588
vt 0.333208 0.630940
vt 0.332935 0.637214
vt 0.333207 0.644307
vt 0.332936 0.646539
vt 0.717773 0.976562
vt 0.716797 0.973633
vt 0.717773 0.973633
vt 0.978516 0.470703
vt 0.972656 0.467773
vt 0.978516 0.467773
vt 0.897596 0.977475
vt 0.897325 0.973429
vt 0.897596 0.973429
vt 0.717773 0.957031
vt 0.714844 0.964844
vt 0.714844 0.957031
vt 0.987305 0.065430
vt 0.989258 0.063477
vt 0.989258 0.065430
vt 0.987305 0.046875
vt 0.989258 0.047852
vt 0.987305 0.047852
vt 0.214844 0.988281
vt 0.212891 0.985352
vt 0.214844 0.985352
vt 0.067383 0.985352
vt 0.068359 0.988281
vt 0.067383 0.988281
vt 0.180664 0.988281
vt 0.178711 0.985352
vt 0.180664 0.985352
vt 0.976935 0.509912
vt 0.971945 0.509115
vt 0.979037 0.509115
vt 0.971945 0.495768
vt 0.976961 0.494967
vt 0.979074 0.495768
vt 0.623047 0.977539
vt 0.622070 0.973633
vt 0.623047 0.973633
vt 0.135742 0.977539
vt 0.138672 0.973633
vt 0.138672 0.977539
vt 0.861087 0.977467
vt 0.860289 0.973430
vt 0.861087 0.973430
vt 0.907227 0.986328
vt 0.908203 0.987305
vt 0.907227 0.987305
vt 0.987305 0.149414
vt 0.989258 0.151367
vt 0.987305 0.151367
vt 0.734375 0.976562
vt 0.733398 0.973633
vt 0.734375 0.973633
vt 0.557617 0.977539
vt 0.555664 0.973633
vt 0.557617 0.973633
vt 0.657227 0.976562
vt 0.655273 0.973633
vt 0.657227 0.973633
vt 0.176212 0.976576
vt 0.177491 0.973430
vt 0.177491 0.978429
vt 0.198869 0.973429
vt 0.200146 0.976572
vt 0.198869 0.978422
vt 0.460938 0.977539
vt 0.459961 0.973633
vt 0.460938 0.973633
vt 0.674805 0.976562
vt 0.672852 0.973633
vt 0.674805 0.973633
vt 0.839392 0.977472
vt 0.838113 0.973429
vt 0.839392 0.973429
vt 0.989258 0.004883
vt 0.987305 0.003906
vt 0.989258 0.003906
vt 0.989258 0.020508
vt 0.987305 0.022461
vt 0.987305 0.020508
vt 0.532227 0.977539
vt 0.531250 0.973633
vt 0.532227 0.973633
vt 0.691406 0.973633
vt 0.692383 0.976562
vt 0.691406 0.976562
vt 0.494141 0.977539
vt 0.492188 0.973633
vt 0.494141 0.973633
vt 0.631836 0.986328
vt 0.632812 0.985352
vt 0.632812 0.987305
vt 0.655313 0.985095
vt 0.656991 0.986741
vt 0.655313 0.988228
vt 0.256836 0.977539
vt 0.255859 0.973633
vt 0.256836 0.973633
vt 0.823242 0.973633
vt 0.824219 0.976562
vt 0.823242 0.976562
vt 0.801644 0.977468
vt 0.799960 0.973429
vt 0.801644 0.973429
vt 0.956055 0.987305
vt 0.957031 0.985352
vt 0.957031 0.987305
vt 0.989258 0.106445
vt 0.987305 0.108398
vt 0.987305 0.106445
vt 0.051758 0.988281
vt 0.049805 0.985352
vt 0.051758 0.985352
vt 0.196289 0.985352
vt 0.197266 0.988281
vt 0.196289 0.988281
vt 0.926758 0.976562
vt 0.924805 0.973633
vt 0.926758 0.973633
vt 0.986745 0.835854
vt 0.988735 0.835248
vt 0.988735 0.836898
vt 0.987305 0.843750
vt 0.988281 0.844727
vt 0.987305 0.844727
vt 0.485352 0.977539
vt 0.484375 0.973633
vt 0.485352 0.973633
vt 0.867361 0.973430
vt 0.867967 0.977468
vt 0.867361 0.977468
vt 0.776367 0.973633
vt 0.777344 0.976562
vt 0.776367 0.976562
vt 0.987305 0.082031
vt 0.989258 0.081055
vt 0.989258 0.082031
vt 0.987305 0.124023
vt 0.989258 0.125000
vt 0.987305 0.125000
vt 0.250000 0.988281
vt 0.248047 0.985352
vt 0.250000 0.985352
vt 0.308594 0.985352
vt 0.310547 0.988281
vt 0.308594 0.988281
vt 0.223633 0.988281
vt 0.221680 0.985352
vt 0.223633 0.985352
vt 0.986745 0.648723
vt 0.988938 0.648655
vt 0.988938 0.649264
vt 0.986745 0.707644
vt 0.988884 0.707711
vt 0.986745 0.708238
vt 0.665039 0.976562
vt 0.664062 0.973633
vt 0.665039 0.973633
vt 0.155142 0.985095
vt 0.155209 0.989059
vt 0.155142 0.989059
vt 0.759766 0.976562
vt 0.758789 0.973633
vt 0.759766 0.973633
vt 0.987305 0.030273
vt 0.989258 0.029297
vt 0.989258 0.030273
vt 0.989258 0.055664
vt 0.987305 0.056641
vt 0.987305 0.055664
vt 0.361328 0.988281
vt 0.360352 0.985352
vt 0.361328 0.985352
vt 0.317383 0.985352
vt 0.318359 0.988281
vt 0.317383 0.988281
vt 0.301758 0.988281
vt 0.299805 0.985352
vt 0.301758 0.985352
vt 0.986745 0.580223
vt 0.989028 0.580154
vt 0.989028 0.580223
vt 0.989028 0.586496
vt 0.986745 0.586565
vt 0.986745 0.586496
vt 0.742188 0.973633
vt 0.743164 0.976562
vt 0.742188 0.976562
vt 0.910415 0.973429
vt 0.910484 0.977482
vt 0.910415 0.977482
vt 0.750977 0.973633
vt 0.751953 0.976562
vt 0.750977 0.976562
vt 0.898438 0.987305
vt 0.899414 0.985352
vt 0.899414 0.987305
vt 0.933594 0.987305
vt 0.932617 0.986328
vt 0.933594 0.985352
vt 0.257812 0.988281
vt 0.256836 0.985352
vt 0.257812 0.985352
vt 0.187500 0.985352
vt 0.188477 0.988281
vt 0.187500 0.988281
vt 0.232422 0.988281
vt 0.230469 0.985352
vt 0.232422 0.985352
vt 0.988957 0.641836
vt 0.986745 0.641767
vt 0.988957 0.641767
vt 0.988957 0.634880
vt 0.986745 0.634949
vt 0.986745 0.634880
vt 0.639648 0.976562
vt 0.637695 0.973633
vt 0.639648 0.973633
vt 0.874241 0.973430
vt 0.874847 0.977463
vt 0.874241 0.977463
vt 0.768555 0.976562
vt 0.767578 0.973633
vt 0.768555 0.973633
vt 0.987305 0.116211
vt 0.989258 0.115234
vt 0.989258 0.116211
vt 0.925781 0.985352
vt 0.923828 0.987305
vt 0.923828 0.986328
vt 0.951172 0.973633
vt 0.952148 0.976562
vt 0.951172 0.976562
vt 0.725586 0.973633
vt 0.726562 0.976562
vt 0.725586 0.976562
vt 0.943359 0.976562
vt 0.942383 0.973633
vt 0.943359 0.973633
vt 0.988281 0.852539
vt 0.987305 0.851562
vt 0.988281 0.851562
vt 0.988746 0.827316
vt 0.986745 0.827925
vt 0.986745 0.827316
vt 0.476562 0.977539
vt 0.475586 0.973633
vt 0.476562 0.973633
vt 0.815430 0.973633
vt 0.816406 0.976562
vt 0.815430 0.976562
vt 0.784180 0.973633
vt 0.785156 0.976562
vt 0.784180 0.976562
vt 0.987305 0.133789
vt 0.989258 0.132812
vt 0.989258 0.133789
vt 0.987305 0.140625
vt 0.989258 0.142578
vt 0.987305 0.142578
vt 0.541016 0.977539
vt 0.540039 0.973633
vt 0.541016 0.973633
vt 0.548828 0.977539
vt 0.547852 0.973633
vt 0.548828 0.973633
vt 0.524414 0.977539
vt 0.522461 0.973633
vt 0.524414 0.973633
vt 0.640625 0.986328
vt 0.639648 0.985352
vt 0.640625 0.985352
vt 0.648438 0.985352
vt 0.647461 0.986328
vt 0.647461 0.985352
vt 0.238281 0.977539
vt 0.237305 0.973633
vt 0.238281 0.973633
vt 0.681641 0.973633
vt 0.684570 0.976562
vt 0.681641 0.976562
vt 0.793686 0.977470
vt 0.792002 0.973430
vt 0.793686 0.973430
vt 0.989258 0.099609
vt 0.987305 0.097656
vt 0.989258 0.097656
vt 0.989258 0.012695
vt 0.987305 0.013672
vt 0.987305 0.012695
vt 0.700195 0.973633
vt 0.701172 0.976562
vt 0.700195 0.976562
vt 0.003906 0.985352
vt 0.004883 0.988281
vt 0.003906 0.988281
vt 0.646484 0.973633
vt 0.648438 0.976562
vt 0.646484 0.976562
vt 0.185044 0.976576
vt 0.183765 0.973430
vt 0.185043 0.973430
vt 0.192383 0.973633
vt 0.191406 0.976562
vt 0.191406 0.973633
vt 0.451172 0.973633
vt 0.453125 0.977539
vt 0.451172 0.977539
vt 0.145508 0.977539
vt 0.148438 0.973633
vt 0.148438 0.977539
vt 0.846680 0.976562
vt 0.845703 0.973633
vt 0.846680 0.973633
vt 0.989258 0.039062
vt 0.987305 0.038086
vt 0.989258 0.038086
vt 0.965820 0.987305
vt 0.964844 0.986328
vt 0.965820 0.985352
vt 0.205078 0.985352
vt 0.206055 0.988281
vt 0.205078 0.988281
vt 0.239258 0.985352
vt 0.241211 0.988281
vt 0.239258 0.988281
vt 0.162109 0.985352
vt 0.164062 0.988281
vt 0.162109 0.988281
vt 0.976948 0.502042
vt 0.971945 0.502841
vt 0.971945 0.502042
vt 0.971945 0.516186
vt 0.976923 0.516981
vt 0.971945 0.516981
vt 0.613281 0.973633
vt 0.614258 0.977539
vt 0.613281 0.977539
vt 0.978516 0.481445
vt 0.972656 0.478516
vt 0.978516 0.478516
vt 0.854016 0.977475
vt 0.853217 0.973429
vt 0.854016 0.973429
vt 0.989258 0.090820
vt 0.987305 0.089844
vt 0.989258 0.089844
vt 0.989258 0.072266
vt 0.987305 0.073242
vt 0.987305 0.072266
vt 0.333984 0.985352
vt 0.335938 0.988281
vt 0.333984 0.988281
vt 0.351562 0.985352
vt 0.352539 0.988281
vt 0.351562 0.988281
vt 0.283203 0.985352
vt 0.285156 0.988281
vt 0.283203 0.988281
vt 0.333207 0.659887
vt 0.332936 0.652813
vt 0.333207 0.652813
vt 0.333208 0.605937
vt 0.332936 0.613070
vt 0.332936 0.605937
vt 0.708008 0.973633
vt 0.709961 0.976562
vt 0.708008 0.976562
vt 0.400391 0.964844
vt 0.403320 0.957031
vt 0.403320 0.964844
vt 0.904142 0.977476
vt 0.903870 0.973430
vt 0.904142 0.973430
vt 0.251155 0.901568
vt 0.252343 0.909471
vt 0.251155 0.910102
vt 0.253429 0.908676
vt 0.254389 0.907732
vt 0.255203 0.906661
vt 0.255855 0.905483
vt 0.256330 0.904224
vt 0.256619 0.902910
vt 0.256716 0.901568
vt 0.256619 0.900226
vt 0.256330 0.898911
vt 0.255855 0.897652
vt 0.255203 0.896475
vt 0.254389 0.895403
vt 0.253429 0.894460
vt 0.252343 0.893665
vt 0.251155 0.893034
vt 0.734375 0.606445
vt 0.784180 0.661133
vt 0.734375 0.661133
vt 0.723825 0.793376
vt 0.725082 0.742224
vt 0.725082 0.793376
vt 0.788086 0.058594
vt 0.737305 0.003906
vt 0.788086 0.003906
vt 0.781250 0.731445
vt 0.780273 0.676758
vt 0.781250 0.676758
vt 0.783983 0.533661
vt 0.782736 0.589655
vt 0.782736 0.533509
vt 0.791462 0.605741
vt 0.791463 0.605907
vt 0.791298 0.605906
vt 0.986913 0.859182
vt 0.986746 0.859180
vt 0.986912 0.859013
vt 0.791302 0.144028
vt 0.791303 0.144194
vt 0.791138 0.144192
vt 0.986915 0.620262
vt 0.986916 0.620433
vt 0.986746 0.620431
vt 0.792298 0.588380
vt 0.792131 0.588547
vt 0.792130 0.588378
vt 0.790423 0.588547
vt 0.790256 0.588380
vt 0.790423 0.588378
vt 0.793075 0.144194
vt 0.793075 0.144028
vt 0.793239 0.144192
vt 0.988736 0.620262
vt 0.988905 0.620431
vt 0.988737 0.620433
vt 0.986913 0.860886
vt 0.986745 0.860884
vt 0.791463 0.659927
vt 0.986915 0.622161
vt 0.986745 0.622159
vt 0.791303 0.198223
vt 0.791138 0.198221
vt 0.792130 0.533509
vt 0.790256 0.533510
vt 0.988905 0.622159
vt 0.988737 0.622161
vt 0.793235 0.605741
vt 0.988709 0.859013
vt 0.988710 0.860886
vt 0.427734 0.794922
vt 0.426758 0.742188
vt 0.427734 0.742188
vt 0.793235 0.659927
vt 0.793075 0.198223
vt 0.986899 0.867314
vt 0.986745 0.867160
vt 0.986900 0.867160
vt 0.986745 0.814606
vt 0.986907 0.814444
vt 0.986908 0.814606
vt 0.671504 0.359893
vt 0.671366 0.359893
vt 0.671503 0.359757
vt 0.655261 0.359892
vt 0.655398 0.359756
vt 0.655399 0.359892
vt 0.988744 0.867160
vt 0.988851 0.814444
vt 0.891593 0.110829
vt 0.891731 0.136340
vt 0.891593 0.136341
vt 0.894202 0.430304
vt 0.894340 0.455807
vt 0.894202 0.455808
vt 0.671504 0.385412
vt 0.671366 0.385412
vt 0.655399 0.385411
vt 0.655261 0.385412
vt 0.895980 0.430303
vt 0.895980 0.455807
vt 0.893371 0.110828
vt 0.893371 0.136340
vt 0.673144 0.359893
vt 0.673144 0.385412
vt 0.657040 0.359892
vt 0.657040 0.385411
vt 0.842592 0.988118
vt 0.842591 0.987884
vt 0.842825 0.987886
vt 0.850957 0.987883
vt 0.851191 0.987886
vt 0.850959 0.988118
vt 0.823997 0.985095
vt 0.823998 0.985330
vt 0.823764 0.985327
vt 0.770168 0.988167
vt 0.770167 0.987928
vt 0.770405 0.987931
vt 0.428624 0.988368
vt 0.428390 0.988134
vt 0.428625 0.988134
vt 0.428390 0.985328
vt 0.428624 0.985095
vt 0.428625 0.985328
vt 0.825859 0.985330
vt 0.825858 0.985095
vt 0.826091 0.985327
vt 0.768279 0.988167
vt 0.768043 0.987931
vt 0.768278 0.987928
vt 0.850957 0.985095
vt 0.851191 0.985097
vt 0.842591 0.985095
vt 0.770167 0.985095
vt 0.770405 0.985097
vt 0.823998 0.988122
vt 0.823764 0.988120
vt 0.431431 0.988134
vt 0.431430 0.985095
vt 0.768043 0.985098
vt 0.768278 0.985095
vt 0.840733 0.988118
vt 0.849100 0.988118
vt 0.849098 0.985095
vt 0.989258 0.182617
vt 0.987305 0.180664
vt 0.989258 0.180664
vt 0.840732 0.985095
vt 0.825859 0.988122
vt 0.151505 0.995624
vt 0.152171 0.995412
vt 0.152447 0.996309
vt 0.792656 0.295297
vt 0.792226 0.285042
vt 0.792656 0.285040
vt 0.799566 0.599215
vt 0.799070 0.590475
vt 0.799566 0.590336
vt 0.799070 0.599354
vt 0.798571 0.590341
vt 0.774731 0.217616
vt 0.774303 0.207340
vt 0.774731 0.207339
vt 0.773871 0.217617
vt 0.774303 0.217617
vt 0.731761 0.218387
vt 0.732257 0.209670
vt 0.732257 0.218521
vt 0.731266 0.218524
vt 0.731761 0.209535
vt 0.793085 0.285042
vt 0.793085 0.295299
vt 0.988339 0.887584
vt 0.988412 0.887658
vt 0.988330 0.887657
vt 0.783465 0.073656
vt 0.783538 0.129167
vt 0.783465 0.129166
vt 0.784816 0.357949
vt 0.784743 0.301983
vt 0.784816 0.301984
vt 0.988411 0.888703
vt 0.783750 0.144028
vt 0.783823 0.199574
vt 0.783750 0.199565
vt 0.783154 0.357948
vt 0.783081 0.301984
vt 0.783154 0.301983
vt 0.988325 0.952523
vt 0.986746 0.952596
vt 0.986754 0.952523
vt 0.783537 0.073583
vt 0.785114 0.073656
vt 0.783538 0.073657
vt 0.988338 0.888776
vt 0.986745 0.888702
vt 0.988329 0.888702
vt 0.784743 0.358022
vt 0.784743 0.357948
vt 0.785114 0.129167
vt 0.791065 0.517881
vt 0.792091 0.463065
vt 0.792091 0.517881
vt 0.988318 0.953633
vt 0.986747 0.953633
vt 0.986747 0.887657
vt 0.783823 0.144037
vt 0.784864 0.199573
vt 0.986908 0.821042
vt 0.986746 0.820880
vt 0.986909 0.820880
vt 0.986746 0.628606
vt 0.986917 0.628434
vt 0.986919 0.628606
vt 0.663452 0.359892
vt 0.663314 0.359892
vt 0.663450 0.359756
vt 0.847484 0.268458
vt 0.847621 0.268322
vt 0.847623 0.268457
vt 0.988853 0.820880
vt 0.988979 0.628434
vt 0.871117 0.268412
vt 0.871256 0.293928
vt 0.871117 0.293929
vt 0.891661 0.500310
vt 0.891799 0.525814
vt 0.891661 0.525815
vt 0.663452 0.385410
vt 0.663314 0.385411
vt 0.847623 0.293974
vt 0.847484 0.293975
vt 0.893438 0.500310
vt 0.893438 0.525814
vt 0.872896 0.268411
vt 0.872896 0.293928
vt 0.665092 0.359892
vt 0.665092 0.385411
vt 0.849263 0.268457
vt 0.849263 0.293974
vt 0.859324 0.988117
vt 0.859323 0.987882
vt 0.859557 0.987885
vt 0.834224 0.987883
vt 0.834458 0.987886
vt 0.834225 0.988118
vt 0.815396 0.985095
vt 0.815397 0.985330
vt 0.815163 0.985327
vt 0.761533 0.988167
vt 0.761532 0.987928
vt 0.761769 0.987931
vt 0.419303 0.988375
vt 0.419069 0.988140
vt 0.419305 0.988140
vt 0.419069 0.985329
vt 0.419303 0.985095
vt 0.419305 0.985329
vt 0.817259 0.985330
vt 0.817258 0.985095
vt 0.817491 0.985327
vt 0.759644 0.988167
vt 0.759408 0.987931
vt 0.759643 0.987928
vt 0.834224 0.985094
vt 0.834458 0.985097
vt 0.859323 0.985095
vt 0.761532 0.985094
vt 0.761769 0.985097
vt 0.815397 0.988123
vt 0.815163 0.988120
vt 0.422116 0.988140
vt 0.422115 0.985095
vt 0.759408 0.985097
vt 0.759643 0.985095
vt 0.857466 0.988117
vt 0.832366 0.988118
vt 0.832365 0.985095
vt 0.987305 0.171875
vt 0.989258 0.172852
vt 0.987305 0.172852
vt 0.857465 0.985095
vt 0.817259 0.988123
vt 0.158720 0.995624
vt 0.159386 0.995412
vt 0.159662 0.996309
vt 0.831526 0.067283
vt 0.831097 0.057039
vt 0.831526 0.057037
vt 0.506763 0.951175
vt 0.506269 0.942454
vt 0.506763 0.942315
vt 0.505770 0.951181
vt 0.506269 0.951315
vt 0.430654 0.876109
vt 0.430228 0.865864
vt 0.430654 0.865863
vt 0.429796 0.876109
vt 0.430228 0.876110
vt 0.934703 0.082482
vt 0.935201 0.073747
vt 0.935201 0.082617
vt 0.934208 0.073750
vt 0.934703 0.073612
vt 0.831954 0.057039
vt 0.831954 0.067285
vt 0.557582 0.162952
vt 0.557655 0.162880
vt 0.557656 0.162961
vt 0.558696 0.162879
vt 0.558769 0.162951
vt 0.558697 0.162960
vt 0.783142 0.518649
vt 0.783215 0.463139
vt 0.783215 0.518650
vt 0.784651 0.392619
vt 0.784577 0.448596
vt 0.784577 0.392618
vt 0.557656 0.218514
vt 0.557582 0.218505
vt 0.782988 0.392618
vt 0.782916 0.448597
vt 0.782916 0.392619
vt 0.988325 0.959906
vt 0.986746 0.959980
vt 0.986754 0.959906
vt 0.783214 0.463065
vt 0.784791 0.463138
vt 0.986746 0.945123
vt 0.988348 0.945197
vt 0.986755 0.945197
vt 0.784578 0.448670
vt 0.782988 0.448596
vt 0.784791 0.518650
vt 0.790925 0.447434
vt 0.791951 0.392618
vt 0.791951 0.447434
vt 0.988318 0.961016
vt 0.986747 0.961016
vt 0.988346 0.946249
vt 0.986753 0.946249
vt 0.558697 0.218513
vt 0.898438 0.033203
vt 0.895508 0.003906
vt 0.898438 0.003906
vt 0.895508 0.769531
vt 0.898438 0.739258
vt 0.898438 0.769531
vt 0.770508 0.883789
vt 0.773438 0.847656
vt 0.773438 0.883789
vt 0.844727 0.110352
vt 0.875000 0.074219
vt 0.875000 0.110352
vt 0.540039 0.881836
vt 0.542969 0.845703
vt 0.542969 0.881836
vt 0.844727 0.499023
vt 0.875000 0.463867
vt 0.875000 0.499023
vt 0.895508 0.332031
vt 0.899414 0.302734
vt 0.899414 0.332031
vt 0.423828 0.949219
vt 0.426758 0.936523
vt 0.426758 0.949219
vt 0.892578 0.463867
vt 0.905273 0.493164
vt 0.892578 0.493164
vt 0.714844 0.949219
vt 0.717773 0.936523
vt 0.717773 0.949219
vt 0.891602 0.074219
vt 0.905273 0.104492
vt 0.891602 0.104492
vt 0.895508 0.707031
vt 0.898438 0.676758
vt 0.898438 0.707031
vt 0.977539 0.678711
vt 0.972656 0.675781
vt 0.977539 0.675781
vt 0.894531 0.611328
vt 0.899414 0.641602
vt 0.894531 0.641602
vt 0.977539 0.648438
vt 0.972656 0.645508
vt 0.977539 0.645508
vt 0.894531 0.574219
vt 0.899414 0.603516
vt 0.894531 0.603516
vt 0.964844 0.060547
vt 0.961914 0.051758
vt 0.964844 0.051758
vt 0.593750 0.964844
vt 0.596680 0.957031
vt 0.596680 0.964844
vt 0.869141 0.833008
vt 0.877930 0.796875
vt 0.877930 0.833008
vt 0.066406 0.877930
vt 0.069336 0.841797
vt 0.069336 0.877930
vt 0.870117 0.381836
vt 0.877930 0.345703
vt 0.877930 0.381836
vt 0.963867 0.500977
vt 0.960938 0.493164
vt 0.963867 0.493164
vt 0.960938 0.360352
vt 0.963867 0.352539
vt 0.963867 0.360352
vt 0.958984 0.902344
vt 0.963867 0.911133
vt 0.958984 0.911133
vt 0.977539 0.658203
vt 0.972656 0.655273
vt 0.977539 0.655273
vt 0.958984 0.264648
vt 0.963867 0.273438
vt 0.958984 0.273438
vt 0.338867 0.840820
vt 0.335938 0.798828
vt 0.338867 0.798828
vt 0.346680 0.840820
vt 0.349609 0.798828
vt 0.349609 0.840820
vt 0.795898 0.796875
vt 0.831055 0.837891
vt 0.795898 0.837891
vt 0.664062 0.880859
vt 0.666992 0.844727
vt 0.666992 0.880859
vt 0.049805 0.792969
vt 0.084961 0.834961
vt 0.049805 0.834961
vt 0.529297 0.840820
vt 0.532227 0.798828
vt 0.532227 0.840820
vt 0.413086 0.949219
vt 0.416016 0.936523
vt 0.416016 0.949219
vt 0.503906 0.797852
vt 0.516602 0.839844
vt 0.503906 0.839844
vt 0.292969 0.951172
vt 0.295898 0.938477
vt 0.295898 0.951172
vt 0.480469 0.797852
vt 0.493164 0.839844
vt 0.480469 0.839844
vt 0.357422 0.840820
vt 0.360352 0.798828
vt 0.360352 0.840820
vt 0.324219 0.798828
vt 0.329102 0.840820
vt 0.324219 0.840820
vt 0.977539 0.627930
vt 0.972656 0.624023
vt 0.977539 0.624023
vt 0.835938 0.225586
vt 0.840820 0.267578
vt 0.835938 0.267578
vt 0.964844 0.376953
vt 0.961914 0.368164
vt 0.964844 0.368164
vt 0.958984 0.582031
vt 0.961914 0.574219
vt 0.961914 0.582031
vt 0.869141 0.571289
vt 0.877930 0.535156
vt 0.877930 0.571289
vt 0.313477 0.882812
vt 0.316406 0.846680
vt 0.316406 0.882812
vt 0.870117 0.712891
vt 0.877930 0.676758
vt 0.877930 0.712891
vt 0.964844 0.656250
vt 0.961914 0.648438
vt 0.964844 0.648438
vt 0.960938 0.954102
vt 0.964844 0.945312
vt 0.964844 0.954102
vt 0.958984 0.699219
vt 0.963867 0.707031
vt 0.958984 0.707031
vt 0.977539 0.637695
vt 0.972656 0.634766
vt 0.977539 0.634766
vt 0.958984 0.756836
vt 0.963867 0.765625
vt 0.958984 0.765625
vt 0.888672 0.739258
vt 0.884766 0.773438
vt 0.884766 0.739258
vt 0.885742 0.710938
vt 0.888672 0.676758
vt 0.888672 0.710938
vt 0.842773 0.180664
vt 0.876953 0.144531
vt 0.876953 0.180664
vt 0.650391 0.883789
vt 0.653320 0.847656
vt 0.653320 0.883789
vt 0.843750 0.641602
vt 0.876953 0.606445
vt 0.876953 0.641602
vt 0.885742 0.335938
vt 0.888672 0.302734
vt 0.888672 0.335938
vt 0.904297 0.950195
vt 0.907227 0.937500
vt 0.907227 0.950195
vt 0.194336 0.854492
vt 0.207031 0.888672
vt 0.194336 0.888672
vt 0.682617 0.949219
vt 0.685547 0.936523
vt 0.685547 0.949219
vt 0.123047 0.854492
vt 0.136719 0.888672
vt 0.123047 0.888672
vt 0.885742 0.037109
vt 0.888672 0.003906
vt 0.888672 0.037109
vt 0.214844 0.854492
vt 0.219727 0.888672
vt 0.214844 0.888672
vt 0.977539 0.668945
vt 0.972656 0.666016
vt 0.977539 0.666016
vt 0.034180 0.853516
vt 0.039062 0.886719
vt 0.034180 0.886719
vt 0.024414 0.888672
vt 0.027344 0.853516
vt 0.027344 0.888672
vt 0.881836 0.074219
vt 0.884766 0.109375
vt 0.881836 0.109375
vt 0.738281 0.732422
vt 0.773438 0.676758
vt 0.773438 0.732422
vt 0.578125 0.780273
vt 0.581055 0.724609
vt 0.581055 0.780273
vt 0.742188 0.200195
vt 0.777344 0.144531
vt 0.777344 0.200195
vt 0.762695 0.448242
vt 0.765625 0.393555
vt 0.765625 0.448242
vt 0.884766 0.641602
vt 0.887695 0.606445
vt 0.887695 0.641602
vt 0.003906 0.853516
vt 0.006836 0.888672
vt 0.003906 0.888672
vt 0.741211 0.589844
vt 0.776367 0.534180
vt 0.776367 0.589844
vt 0.752930 0.448242
vt 0.755859 0.393555
vt 0.755859 0.448242
vt 0.742188 0.129883
vt 0.776367 0.074219
vt 0.776367 0.129883
vt 0.553711 0.782227
vt 0.556641 0.726562
vt 0.556641 0.782227
vt 0.653320 0.519531
vt 0.650391 0.393555
vt 0.653320 0.393555
vt 0.661133 0.519531
vt 0.664062 0.393555
vt 0.664062 0.519531
vt 0.567383 0.779297
vt 0.570312 0.723633
vt 0.570312 0.779297
vt 0.606445 0.003906
vt 0.662109 0.129883
vt 0.606445 0.129883
vt 0.773438 0.448242
vt 0.776367 0.393555
vt 0.776367 0.448242
vt 0.600586 0.534180
vt 0.656250 0.660156
vt 0.600586 0.660156
vt 0.643555 0.519531
vt 0.608398 0.393555
vt 0.643555 0.393555
vt 0.638672 0.351562
vt 0.672852 0.225586
vt 0.672852 0.351562
vt 0.676968 0.136403
vt 0.678224 0.100502
vt 0.678224 0.136403
vt 0.584961 0.545898
vt 0.585938 0.671875
vt 0.584961 0.671875
vt 0.583172 0.837233
vt 0.584428 0.873132
vt 0.583172 0.873132
vt 0.670898 0.660156
vt 0.671875 0.534180
vt 0.671875 0.660156
vt 0.251953 0.582031
vt 0.274414 0.440430
vt 0.274414 0.582031
vt 0.228516 0.582031
vt 0.251953 0.440430
vt 0.598643 0.137753
vt 0.600079 0.003137
vt 0.600079 0.137753
vt 0.608398 0.225586
vt 0.585938 0.366211
vt 0.585938 0.225586
vt 0.630859 0.225586
vt 0.608398 0.366211
vt 0.592370 0.003137
vt 0.590934 0.137754
vt 0.590934 0.003137
vt 0.826172 0.648438
vt 0.834961 0.627930
vt 0.835938 0.627930
vt 0.826172 0.606445
vt 0.828125 0.302734
vt 0.836914 0.324219
vt 0.827148 0.302734
vt 0.828125 0.344727
vt 0.837891 0.324219
vt 0.686523 0.848633
vt 0.696289 0.866211
vt 0.686523 0.883789
vt 0.708008 0.848633
vt 0.717773 0.866211
vt 0.708008 0.883789
vt 0.282227 0.574219
vt 0.281250 0.440430
vt 0.282227 0.440430
vt 0.289062 0.574219
vt 0.291016 0.440430
vt 0.291016 0.574219
vt 0.988281 0.791992
vt 0.987305 0.792969
vt 0.987305 0.791992
vt 0.600116 0.392618
vt 0.601552 0.527234
vt 0.600116 0.527234
vt 0.988814 0.753093
vt 0.986745 0.754532
vt 0.986745 0.753093
vt 0.592773 0.393555
vt 0.593750 0.526367
vt 0.592773 0.526367
vt 0.929550 0.812130
vt 0.929642 0.812130
vt 0.929641 0.812221
vt 0.098468 0.989032
vt 0.098362 0.988925
vt 0.098469 0.988925
vt 0.098362 0.985201
vt 0.098469 0.985095
vt 0.098469 0.985201
vt 0.929642 0.796463
vt 0.929550 0.796463
vt 0.929641 0.796372
vt 0.014236 0.918189
vt 0.014326 0.918099
vt 0.014327 0.918188
vt 0.135628 0.934243
vt 0.138791 0.934152
vt 0.138790 0.934243
vt 0.014326 0.933811
vt 0.017487 0.933720
vt 0.017486 0.933811
vt 0.099799 0.988925
vt 0.099799 0.985095
vt 0.449084 0.919599
vt 0.449176 0.935270
vt 0.449084 0.935270
vt 0.135538 0.918612
vt 0.135629 0.934152
vt 0.135538 0.934152
vt 0.014327 0.933720
vt 0.014236 0.933721
vt 0.138791 0.918612
vt 0.744620 0.988234
vt 0.745741 0.985095
vt 0.745741 0.988234
vt 0.450315 0.919599
vt 0.450315 0.935270
vt 0.930780 0.796463
vt 0.930780 0.812130
vt 0.017487 0.918188
vt 0.554197 0.933958
vt 0.554195 0.934049
vt 0.554105 0.933959
vt 0.927503 0.729791
vt 0.927596 0.729790
vt 0.927595 0.729882
vt 0.046904 0.995443
vt 0.047014 0.995332
vt 0.047014 0.995443
vt 0.986745 0.895177
vt 0.986873 0.895050
vt 0.986874 0.895177
vt 0.927596 0.714076
vt 0.927503 0.714076
vt 0.927595 0.713985
vt 0.148511 0.917201
vt 0.148602 0.917111
vt 0.148603 0.917201
vt 0.557359 0.933959
vt 0.557357 0.934050
vt 0.148602 0.932850
vt 0.151768 0.932759
vt 0.151767 0.932850
vt 0.928738 0.729790
vt 0.928737 0.729882
vt 0.047014 0.996820
vt 0.988462 0.895050
vt 0.151767 0.917111
vt 0.151768 0.917201
vt 0.505770 0.920385
vt 0.505862 0.936040
vt 0.505770 0.936041
vt 0.554105 0.918419
vt 0.148603 0.932759
vt 0.148511 0.932760
vt 0.557359 0.918419
vt 0.729829 0.988236
vt 0.730951 0.985095
vt 0.730951 0.988236
vt 0.507000 0.920385
vt 0.507000 0.936040
vt 0.928738 0.714076
vt 0.950974 0.510945
vt 0.950975 0.511038
vt 0.950883 0.511037
vt 0.543389 0.985188
vt 0.543296 0.985186
vt 0.543388 0.985095
vt 0.950777 0.573424
vt 0.950777 0.573516
vt 0.950686 0.573515
vt 0.468276 0.985095
vt 0.468277 0.985189
vt 0.468183 0.985188
vt 0.953803 0.361117
vt 0.953712 0.361208
vt 0.953712 0.361116
vt 0.950532 0.361208
vt 0.950442 0.361117
vt 0.950532 0.361116
vt 0.951917 0.573516
vt 0.951917 0.573424
vt 0.952008 0.573515
vt 0.469435 0.985095
vt 0.469528 0.985187
vt 0.469436 0.985188
vt 0.543389 0.988399
vt 0.543296 0.988398
vt 0.950975 0.523079
vt 0.468277 0.988435
vt 0.468183 0.988434
vt 0.950777 0.585558
vt 0.950686 0.585557
vt 0.953712 0.349126
vt 0.950442 0.349126
vt 0.469528 0.988434
vt 0.469436 0.988435
vt 0.952114 0.510945
vt 0.544535 0.985095
vt 0.544536 0.988399
vt 0.954102 0.615234
vt 0.951172 0.604492
vt 0.954102 0.604492
vt 0.952115 0.523079
vt 0.951917 0.585558
vt 0.943585 0.601336
vt 0.943585 0.601503
vt 0.943418 0.601502
vt 0.943102 0.573424
vt 0.943102 0.573591
vt 0.942936 0.573590
vt 0.971945 0.847268
vt 0.972117 0.847267
vt 0.972115 0.847438
vt 0.946327 0.192964
vt 0.946163 0.193128
vt 0.946163 0.192963
vt 0.940848 0.193128
vt 0.940684 0.192964
vt 0.940848 0.192963
vt 0.944246 0.573591
vt 0.944246 0.573423
vt 0.944412 0.573589
vt 0.971945 0.846098
vt 0.972115 0.845928
vt 0.972117 0.846097
vt 0.046510 0.973429
vt 0.046677 0.978811
vt 0.046510 0.978809
vt 0.943585 0.615656
vt 0.977627 0.847267
vt 0.977625 0.847438
vt 0.943102 0.587742
vt 0.942936 0.587740
vt 0.946163 0.179001
vt 0.940684 0.179002
vt 0.977625 0.845928
vt 0.977627 0.846097
vt 0.944729 0.601336
vt 0.046677 0.973431
vt 0.047819 0.978811
vt 0.092773 0.953125
vt 0.088867 0.940430
vt 0.092773 0.940430
vt 0.944729 0.615656
vt 0.944246 0.587742
vt 0.327148 0.936523
vt 0.334961 0.949219
vt 0.327148 0.949219
vt 0.343329 0.978044
vt 0.342836 0.973429
vt 0.343329 0.973429
vt 0.363630 0.973429
vt 0.363137 0.978044
vt 0.363137 0.973429
vt 0.948721 0.938710
vt 0.949200 0.924383
vt 0.949200 0.938709
vt 0.937500 0.810547
vt 0.941406 0.796875
vt 0.941406 0.810547
vt 0.947814 0.810699
vt 0.948293 0.796372
vt 0.948293 0.810698
vt 0.941406 0.158203
vt 0.944336 0.144531
vt 0.944336 0.158203
vt 0.302228 0.973430
vt 0.302724 0.978070
vt 0.302228 0.978070
vt 0.383931 0.973430
vt 0.383438 0.978044
vt 0.383438 0.973430
vt 0.933415 0.524573
vt 0.933849 0.508749
vt 0.933849 0.524571
vt 0.714844 0.929688
vt 0.717773 0.914062
vt 0.717773 0.929688
vt 0.933151 0.768160
vt 0.933585 0.752336
vt 0.933585 0.768158
vt 0.926758 0.433594
vt 0.929688 0.417969
vt 0.929688 0.433594
vt 0.573251 0.933959
vt 0.573250 0.934050
vt 0.573160 0.933959
vt 0.928408 0.638840
vt 0.928500 0.638839
vt 0.928499 0.638931
vt 0.974313 0.977379
vt 0.974206 0.977273
vt 0.974314 0.977273
vt 0.974206 0.973536
vt 0.974313 0.973430
vt 0.974314 0.973536
vt 0.928500 0.623156
vt 0.928408 0.623157
vt 0.928499 0.623065
vt 0.929882 0.535305
vt 0.929972 0.535215
vt 0.929973 0.535305
vt 0.576413 0.933959
vt 0.576412 0.934050
vt 0.929972 0.550936
vt 0.933136 0.550846
vt 0.933134 0.550936
vt 0.929640 0.638839
vt 0.929639 0.638931
vt 0.975648 0.977273
vt 0.975648 0.973430
vt 0.934208 0.088894
vt 0.934300 0.104554
vt 0.934208 0.104555
vt 0.573160 0.918419
vt 0.929973 0.550845
vt 0.929882 0.550846
vt 0.576413 0.918419
vt 0.670663 0.988237
vt 0.671785 0.985095
vt 0.671785 0.988237
vt 0.935438 0.088893
vt 0.935438 0.104554
vt 0.929640 0.623156
vt 0.933136 0.535305
vt 0.090292 0.933851
vt 0.090291 0.933942
vt 0.090200 0.933851
vt 0.927833 0.589199
vt 0.927926 0.589199
vt 0.927925 0.589290
vt 0.165936 0.995422
vt 0.166025 0.995332
vt 0.166026 0.995423
vt 0.097975 0.995333
vt 0.098085 0.995443
vt 0.097975 0.995443
vt 0.927926 0.573514
vt 0.927833 0.573515
vt 0.927925 0.573423
vt 0.171639 0.917289
vt 0.171729 0.917199
vt 0.171730 0.917289
vt 0.093454 0.933851
vt 0.093453 0.933942
vt 0.171729 0.932937
vt 0.174896 0.932847
vt 0.174895 0.932938
vt 0.929065 0.589199
vt 0.929064 0.589290
vt 0.166026 0.996547
vt 0.098085 0.996819
vt 0.174895 0.917199
vt 0.174896 0.917289
vt 0.464094 0.919599
vt 0.464186 0.935270
vt 0.464094 0.935270
vt 0.090200 0.918310
vt 0.171730 0.932846
vt 0.171639 0.932847
vt 0.093454 0.918310
vt 0.685547 0.987305
vt 0.686523 0.985352
vt 0.686523 0.987305
vt 0.465325 0.919599
vt 0.465325 0.935270
vt 0.929065 0.573514
vt 0.950841 0.902029
vt 0.950842 0.902122
vt 0.950750 0.902121
vt 0.550902 0.985188
vt 0.550809 0.985186
vt 0.550901 0.985095
vt 0.951050 0.120638
vt 0.951050 0.120730
vt 0.950959 0.120730
vt 0.498744 0.985095
vt 0.498745 0.985188
vt 0.498652 0.985187
vt 0.457820 0.953545
vt 0.457729 0.953636
vt 0.457729 0.953544
vt 0.454549 0.953636
vt 0.454458 0.953545
vt 0.454548 0.953544
vt 0.952190 0.120730
vt 0.952190 0.120638
vt 0.952281 0.120729
vt 0.499902 0.985095
vt 0.499995 0.985187
vt 0.499902 0.985188
vt 0.550902 0.988399
vt 0.550809 0.988398
vt 0.950842 0.914166
vt 0.498745 0.988430
vt 0.498652 0.988429
vt 0.951050 0.132765
vt 0.950959 0.132764
vt 0.457729 0.941549
vt 0.454458 0.941550
vt 0.499995 0.988429
vt 0.499902 0.988430
vt 0.951982 0.902029
vt 0.552048 0.985095
vt 0.552049 0.988399
vt 0.517578 0.953125
vt 0.514648 0.942383
vt 0.517578 0.942383
vt 0.951982 0.914166
vt 0.952190 0.132765
vt 0.943654 0.367840
vt 0.943655 0.368007
vt 0.943488 0.368006
vt 0.972114 0.909133
vt 0.972112 0.909301
vt 0.971945 0.909134
vt 0.944812 0.715583
vt 0.944813 0.715751
vt 0.944646 0.715749
vt 0.971945 0.893953
vt 0.972116 0.893952
vt 0.972115 0.894123
vt 0.947453 0.406576
vt 0.947289 0.406740
vt 0.947289 0.406575
vt 0.941976 0.406740
vt 0.941812 0.406576
vt 0.941976 0.406575
vt 0.945955 0.715751
vt 0.945954 0.715583
vt 0.946120 0.715749
vt 0.971945 0.892787
vt 0.972114 0.892618
vt 0.972116 0.892786
vt 0.977518 0.909133
vt 0.977516 0.909301
vt 0.943655 0.382155
vt 0.977609 0.893952
vt 0.977607 0.894123
vt 0.944813 0.729882
vt 0.944646 0.729880
vt 0.947289 0.392618
vt 0.941812 0.392619
vt 0.977607 0.892618
vt 0.977609 0.892786
vt 0.944798 0.367840
vt 0.971945 0.907986
vt 0.977518 0.907985
vt 0.126953 0.953125
vt 0.123047 0.940430
vt 0.126953 0.940430
vt 0.944799 0.382155
vt 0.945955 0.729882
vt 0.755859 0.935547
vt 0.764648 0.949219
vt 0.755859 0.949219
vt 0.370397 0.978044
vt 0.369904 0.973430
vt 0.370397 0.973430
vt 0.377164 0.973430
vt 0.376671 0.978044
vt 0.376671 0.973429
vt 0.735294 0.950169
vt 0.735774 0.935846
vt 0.735774 0.950168
vt 0.940430 0.661133
vt 0.944336 0.648438
vt 0.944336 0.661133
vt 0.944282 0.065500
vt 0.944762 0.051146
vt 0.944762 0.065500
vt 0.939453 0.871094
vt 0.943359 0.858398
vt 0.943359 0.871094
vt 0.329301 0.973429
vt 0.329795 0.978046
vt 0.329301 0.978046
vt 0.309493 0.973429
vt 0.308998 0.978057
vt 0.308998 0.973429
vt 0.933561 0.661812
vt 0.933994 0.646025
vt 0.933994 0.661810
vt 0.735352 0.928711
vt 0.739258 0.914062
vt 0.739258 0.928711
vt 0.929915 0.849997
vt 0.930351 0.834136
vt 0.930351 0.849994
vt 0.926758 0.302734
vt 0.929688 0.288086
vt 0.929688 0.302734
vt 0.671875 0.519531
vt 0.670898 0.393555
vt 0.671875 0.393555
vt 0.592773 0.660156
vt 0.593750 0.534180
vt 0.593750 0.660156
vt 0.019967 0.995333
vt 0.018545 0.996844
vt 0.018545 0.995332
vt 0.669169 0.003137
vt 0.670694 0.130573
vt 0.669169 0.130573
vt 0.004567 0.995333
vt 0.003137 0.996852
vt 0.003137 0.995332
vt 0.663086 0.534180
vt 0.664062 0.660156
vt 0.663086 0.660156
vt 0.977539 0.702148
vt 0.972656 0.698242
vt 0.977539 0.698242
vt 0.914062 0.955078
vt 0.918945 0.946289
vt 0.918945 0.955078
vt 0.953125 0.330078
vt 0.958008 0.320312
vt 0.958008 0.330078
vt 0.953125 0.208984
vt 0.958008 0.200195
vt 0.958008 0.208984
vt 0.953125 0.224609
vt 0.957031 0.215820
vt 0.957031 0.224609
vt 0.978516 0.285156
vt 0.972656 0.279297
vt 0.978516 0.279297
vt 0.972656 0.311523
vt 0.978516 0.305664
vt 0.978516 0.311523
vt 0.971945 0.439072
vt 0.979304 0.437636
vt 0.979304 0.439072
vt 0.971945 0.547817
vt 0.978673 0.546382
vt 0.978673 0.547817
vt 0.971945 0.423653
vt 0.979304 0.422217
vt 0.979304 0.423653
vt 0.972656 0.532227
vt 0.978516 0.531250
vt 0.978516 0.532227
vt 0.595703 0.883789
vt 0.592773 0.848633
vt 0.595703 0.848633
vt 0.529297 0.883789
vt 0.532227 0.848633
vt 0.532227 0.883789
vt 0.480469 0.882812
vt 0.483398 0.846680
vt 0.483398 0.882812
vt 0.437500 0.876953
vt 0.472656 0.840820
vt 0.472656 0.876953
vt 0.838867 0.877930
vt 0.874023 0.841797
vt 0.874023 0.877930
vt 0.780273 0.882812
vt 0.784180 0.847656
vt 0.784180 0.882812
vt 0.725586 0.847656
vt 0.739258 0.882812
vt 0.725586 0.882812
vt 0.773438 0.949219
vt 0.776367 0.936523
vt 0.776367 0.949219
vt 0.750000 0.882812
vt 0.762695 0.847656
vt 0.762695 0.882812
vt 0.602539 0.883789
vt 0.605469 0.848633
vt 0.605469 0.883789
vt 0.553711 0.953125
vt 0.556641 0.940430
vt 0.556641 0.953125
vt 0.327148 0.847656
vt 0.338867 0.883789
vt 0.327148 0.883789
vt 0.745117 0.953125
vt 0.748047 0.941406
vt 0.748047 0.953125
vt 0.347656 0.847656
vt 0.360352 0.883789
vt 0.347656 0.883789
vt 0.702148 0.964844
vt 0.699219 0.956055
vt 0.702148 0.956055
vt 0.958984 0.081055
vt 0.961914 0.072266
vt 0.961914 0.081055
vt 0.874023 0.428711
vt 0.876953 0.393555
vt 0.876953 0.428711
vt 0.568359 0.874023
vt 0.576172 0.837891
vt 0.576172 0.874023
vt 0.875000 0.039062
vt 0.877930 0.003906
vt 0.877930 0.039062
vt 0.869141 0.775391
vt 0.877930 0.739258
vt 0.877930 0.775391
vt 0.961914 0.522461
vt 0.958984 0.513672
vt 0.961914 0.513672
vt 0.960938 0.612305
vt 0.963867 0.604492
vt 0.963867 0.612305
vt 0.112305 0.953125
vt 0.103516 0.940430
vt 0.112305 0.940430
vt 0.664062 0.954102
vt 0.667969 0.941406
vt 0.667969 0.954102
vt 0.210938 0.953125
vt 0.219727 0.940430
vt 0.219727 0.953125
vt 0.801758 0.726562
vt 0.798828 0.676758
vt 0.801758 0.676758
vt 0.798828 0.512695
vt 0.801758 0.463867
vt 0.801758 0.512695
vt 0.149414 0.755859
vt 0.184570 0.805664
vt 0.149414 0.805664
vt 0.828125 0.880859
vt 0.831055 0.845703
vt 0.831055 0.880859
vt 0.270508 0.802734
vt 0.305664 0.752930
vt 0.305664 0.802734
vt 0.798828 0.583984
vt 0.801758 0.534180
vt 0.801758 0.583984
vt 0.251953 0.952148
vt 0.254883 0.938477
vt 0.254883 0.952148
vt 0.250000 0.752930
vt 0.262695 0.802734
vt 0.250000 0.802734
vt 0.368164 0.949219
vt 0.371094 0.936523
vt 0.371094 0.949219
vt 0.533203 0.168945
vt 0.546875 0.217773
vt 0.533203 0.217773
vt 0.798828 0.442383
vt 0.801758 0.393555
vt 0.801758 0.442383
vt 0.208984 0.803711
vt 0.221680 0.753906
vt 0.221680 0.803711
vt 0.134766 0.953125
vt 0.138672 0.941406
vt 0.138672 0.953125
vt 0.127930 0.753906
vt 0.140625 0.803711
vt 0.127930 0.803711
vt 0.961914 0.244141
vt 0.958984 0.236328
vt 0.961914 0.236328
vt 0.382812 0.964844
vt 0.385742 0.956055
vt 0.385742 0.964844
vt 0.868164 0.260742
vt 0.876953 0.225586
vt 0.876953 0.260742
vt 0.077148 0.877930
vt 0.084961 0.841797
vt 0.084961 0.877930
vt 0.961914 0.892578
vt 0.958984 0.883789
vt 0.961914 0.883789
vt 0.960938 0.866211
vt 0.963867 0.858398
vt 0.963867 0.866211
vt 0.815430 0.954102
vt 0.824219 0.941406
vt 0.824219 0.954102
vt 0.951172 0.871094
vt 0.954102 0.858398
vt 0.954102 0.871094
vt 0.564453 0.953125
vt 0.572266 0.940430
vt 0.572266 0.953125
vt 0.679688 0.840820
vt 0.675781 0.801758
vt 0.679688 0.801758
vt 0.540039 0.838867
vt 0.542969 0.798828
vt 0.542969 0.838867
vt 0.491211 0.882812
vt 0.494141 0.846680
vt 0.494141 0.882812
vt 0.725586 0.800781
vt 0.761719 0.840820
vt 0.725586 0.840820
vt 0.617188 0.883789
vt 0.620117 0.847656
vt 0.620117 0.883789
vt 0.617188 0.800781
vt 0.653320 0.839844
vt 0.617188 0.839844
vt 0.686523 0.840820
vt 0.689453 0.801758
vt 0.689453 0.840820
vt 0.400391 0.949219
vt 0.403320 0.936523
vt 0.403320 0.949219
vt 0.592773 0.801758
vt 0.605469 0.840820
vt 0.592773 0.840820
vt 0.770508 0.800781
vt 0.783203 0.840820
vt 0.770508 0.840820
vt 0.313477 0.839844
vt 0.316406 0.799805
vt 0.316406 0.839844
vt 0.705078 0.801758
vt 0.717773 0.840820
vt 0.705078 0.840820
vt 0.583008 0.953125
vt 0.585938 0.940430
vt 0.585938 0.953125
vt 0.390625 0.801758
vt 0.403320 0.840820
vt 0.390625 0.840820
vt 0.013672 0.888672
vt 0.016602 0.853516
vt 0.016602 0.888672
vt 0.881836 0.463867
vt 0.884766 0.498047
vt 0.881836 0.498047
vt 0.680664 0.288086
vt 0.714844 0.225586
vt 0.714844 0.288086
vt 0.706055 0.668945
vt 0.708984 0.606445
vt 0.708984 0.668945
vt 0.684570 0.066406
vt 0.719727 0.003906
vt 0.719727 0.066406
vt 0.678711 0.526367
vt 0.681641 0.463867
vt 0.681641 0.526367
vt 0.884766 0.259766
vt 0.887695 0.225586
vt 0.887695 0.259766
vt 0.880859 0.841797
vt 0.883789 0.876953
vt 0.880859 0.876953
vt 0.678711 0.456055
vt 0.713867 0.393555
vt 0.713867 0.456055
vt 0.684570 0.137695
vt 0.688477 0.074219
vt 0.688477 0.137695
vt 0.680664 0.359375
vt 0.714844 0.295898
vt 0.714844 0.359375
vt 0.712891 0.597656
vt 0.715820 0.534180
vt 0.715820 0.597656
vt 0.568359 0.149414
vt 0.565430 0.003906
vt 0.568359 0.003906
vt 0.567383 0.370117
vt 0.571289 0.225586
vt 0.571289 0.370117
vt 0.695312 0.137695
vt 0.698242 0.074219
vt 0.698242 0.137695
vt 0.074219 0.440430
vt 0.137695 0.585938
vt 0.074219 0.585938
vt 0.689453 0.526367
vt 0.692383 0.463867
vt 0.692383 0.526367
vt 0.003906 0.440430
vt 0.066406 0.585938
vt 0.003906 0.585938
vt 0.179688 0.585938
vt 0.144531 0.440430
vt 0.179688 0.440430
vt 0.186523 0.585938
vt 0.221680 0.440430
vt 0.221680 0.585938
vt 0.584961 0.713867
vt 0.585938 0.679688
vt 0.585938 0.713867
vt 0.583404 0.003137
vt 0.584660 0.149420
vt 0.583403 0.149420
vt 0.884766 0.535156
vt 0.885742 0.570312
vt 0.884766 0.570312
vt 0.584961 0.393555
vt 0.585938 0.538086
vt 0.584961 0.538086
vt 0.426758 0.165039
vt 0.449219 0.003906
vt 0.449219 0.165039
vt 0.403320 0.165039
vt 0.426758 0.003906
vt 0.561658 0.546080
vt 0.563094 0.392618
vt 0.563094 0.546080
vt 0.443359 0.225586
vt 0.419922 0.386719
vt 0.419922 0.225586
vt 0.465820 0.225586
vt 0.443359 0.386719
vt 0.358398 0.405273
vt 0.357422 0.557617
vt 0.357422 0.405273
vt 0.821289 0.045898
vt 0.830078 0.025391
vt 0.831055 0.025391
vt 0.821289 0.003906
vt 0.821289 0.535156
vt 0.830078 0.556641
vt 0.819336 0.535156
vt 0.821289 0.578125
vt 0.831055 0.556641
vt 0.413086 0.848633
vt 0.422852 0.866211
vt 0.413086 0.882812
vt 0.371094 0.848633
vt 0.380859 0.866211
vt 0.371094 0.882812
vt 0.554688 0.545898
vt 0.553711 0.393555
vt 0.554688 0.393555
vt 0.551758 0.377930
vt 0.552734 0.225586
vt 0.552734 0.377930
vt 0.988823 0.729949
vt 0.986746 0.731394
vt 0.986745 0.729949
vt 0.559651 0.224802
vt 0.561087 0.378269
vt 0.559651 0.378269
vt 0.988281 0.784180
vt 0.987305 0.785156
vt 0.987305 0.784180
vt 0.557617 0.003906
vt 0.558594 0.156250
vt 0.557617 0.156250
vt 0.004355 0.933853
vt 0.004354 0.933944
vt 0.004263 0.933853
vt 0.772682 0.929835
vt 0.772774 0.929835
vt 0.772773 0.929926
vt 0.384380 0.988766
vt 0.384281 0.988667
vt 0.384381 0.988667
vt 0.384281 0.985194
vt 0.384380 0.985095
vt 0.384381 0.985194
vt 0.772774 0.914162
vt 0.772682 0.914162
vt 0.772773 0.914071
vt 0.929915 0.856361
vt 0.930006 0.856270
vt 0.930007 0.856360
vt 0.007517 0.933853
vt 0.007516 0.933944
vt 0.930006 0.871992
vt 0.933169 0.871901
vt 0.933168 0.871992
vt 0.773913 0.929835
vt 0.773912 0.929926
vt 0.385621 0.988667
vt 0.385620 0.985095
vt 0.471961 0.919599
vt 0.472053 0.935270
vt 0.471961 0.935270
vt 0.004263 0.918312
vt 0.930007 0.871901
vt 0.929915 0.871901
vt 0.007517 0.918311
vt 0.737305 0.987305
vt 0.738281 0.985352
vt 0.738281 0.987305
vt 0.473191 0.919599
vt 0.473191 0.935270
vt 0.773913 0.914162
vt 0.933169 0.856360
vt 0.745793 0.934225
vt 0.745792 0.934316
vt 0.745702 0.934226
vt 0.928408 0.616106
vt 0.928500 0.616106
vt 0.928499 0.616198
vt 0.053288 0.995442
vt 0.053398 0.995332
vt 0.053398 0.995443
vt 0.059672 0.995332
vt 0.059782 0.995443
vt 0.059672 0.995443
vt 0.928500 0.600423
vt 0.928408 0.600423
vt 0.928499 0.600332
vt 0.038431 0.917317
vt 0.038521 0.917227
vt 0.038522 0.917317
vt 0.748955 0.934225
vt 0.748954 0.934316
vt 0.038521 0.932962
vt 0.041687 0.932871
vt 0.041686 0.932962
vt 0.929640 0.616106
vt 0.929639 0.616198
vt 0.053398 0.996820
vt 0.059782 0.996819
vt 0.041686 0.917227
vt 0.041687 0.917317
vt 0.441580 0.919599
vt 0.441672 0.935267
vt 0.441580 0.935268
vt 0.745702 0.918686
vt 0.038522 0.932871
vt 0.038431 0.932872
vt 0.748955 0.918686
vt 0.715037 0.988237
vt 0.716160 0.985095
vt 0.716160 0.988237
vt 0.442810 0.919599
vt 0.442810 0.935267
vt 0.929640 0.600423
vt 0.951054 0.835210
vt 0.951054 0.835302
vt 0.950963 0.835301
vt 0.558415 0.985188
vt 0.558323 0.985186
vt 0.558414 0.985095
vt 0.951094 0.624131
vt 0.951094 0.624223
vt 0.951003 0.624222
vt 0.483511 0.985095
vt 0.483512 0.985188
vt 0.483418 0.985187
vt 0.728804 0.953619
vt 0.728713 0.953710
vt 0.728713 0.953619
vt 0.725532 0.953710
vt 0.725441 0.953619
vt 0.725532 0.953619
vt 0.952233 0.624223
vt 0.952233 0.624131
vt 0.952324 0.624222
vt 0.484669 0.985095
vt 0.484761 0.985187
vt 0.484669 0.985188
vt 0.558415 0.988397
vt 0.558323 0.988396
vt 0.951054 0.847339
vt 0.483512 0.988430
vt 0.483418 0.988429
vt 0.951094 0.636247
vt 0.951003 0.636246
vt 0.728713 0.941624
vt 0.725441 0.941625
vt 0.484761 0.988429
vt 0.484669 0.988430
vt 0.952194 0.835210
vt 0.559561 0.985095
vt 0.559561 0.988397
vt 0.949219 0.828125
vt 0.947266 0.817383
vt 0.949219 0.817383
vt 0.952194 0.847339
vt 0.952233 0.636247
vt 0.943585 0.621929
vt 0.943585 0.622097
vt 0.943418 0.622095
vt 0.972114 0.901544
vt 0.972112 0.901712
vt 0.971945 0.901545
vt 0.942919 0.677269
vt 0.942920 0.677437
vt 0.942753 0.677435
vt 0.971945 0.823918
vt 0.972117 0.823917
vt 0.972115 0.824088
vt 0.946327 0.213365
vt 0.946163 0.213529
vt 0.946163 0.213364
vt 0.940848 0.213529
vt 0.940684 0.213365
vt 0.940848 0.213364
vt 0.944065 0.677437
vt 0.944064 0.677269
vt 0.944230 0.677435
vt 0.971945 0.822747
vt 0.972115 0.822577
vt 0.972117 0.822746
vt 0.977518 0.901544
vt 0.977516 0.901712
vt 0.943585 0.636247
vt 0.977632 0.823917
vt 0.977630 0.824088
vt 0.942920 0.691598
vt 0.942753 0.691596
vt 0.946163 0.199401
vt 0.940684 0.199403
vt 0.977630 0.822577
vt 0.977632 0.822746
vt 0.944728 0.621929
vt 0.971945 0.900397
vt 0.977518 0.900396
vt 0.164062 0.952148
vt 0.159180 0.939453
vt 0.164062 0.939453
vt 0.944729 0.636247
vt 0.944065 0.691598
vt 0.524414 0.936523
vt 0.533203 0.949219
vt 0.524414 0.949219
vt 0.350096 0.978044
vt 0.349603 0.973429
vt 0.350096 0.973429
vt 0.295955 0.973430
vt 0.295456 0.978095
vt 0.295456 0.973430
vt 0.948043 0.456771
vt 0.948522 0.442444
vt 0.948522 0.456770
vt 0.940430 0.360352
vt 0.943359 0.347656
vt 0.943359 0.360352
vt 0.946081 0.330095
vt 0.946561 0.315768
vt 0.946561 0.330094
vt 0.940430 0.522461
vt 0.944336 0.508789
vt 0.944336 0.522461
vt 0.396972 0.973429
vt 0.397465 0.978044
vt 0.396972 0.978044
vt 0.404232 0.973429
vt 0.403739 0.978044
vt 0.403739 0.973429
vt 0.203264 0.933984
vt 0.203698 0.918161
vt 0.203698 0.933982
vt 0.368164 0.929688
vt 0.371094 0.914062
vt 0.371094 0.929688
vt 0.933789 0.159778
vt 0.934222 0.144028
vt 0.934222 0.159776
vt 0.926758 0.031250
vt 0.929688 0.016602
vt 0.929688 0.031250
vt 0.563724 0.933959
vt 0.563723 0.934050
vt 0.563632 0.933960
vt 0.603638 0.929755
vt 0.603730 0.929754
vt 0.603729 0.929846
vt 0.291593 0.988849
vt 0.291492 0.988747
vt 0.291594 0.988747
vt 0.291492 0.985196
vt 0.291593 0.985095
vt 0.291594 0.985196
vt 0.603730 0.914082
vt 0.603638 0.914082
vt 0.603729 0.913991
vt 0.026150 0.918189
vt 0.026240 0.918099
vt 0.026241 0.918188
vt 0.566886 0.933959
vt 0.566885 0.934050
vt 0.026240 0.933817
vt 0.029403 0.933726
vt 0.029402 0.933817
vt 0.604869 0.929754
vt 0.604868 0.929846
vt 0.292862 0.988747
vt 0.292861 0.985095
vt 0.933151 0.774434
vt 0.933243 0.790097
vt 0.933151 0.790098
vt 0.563632 0.918419
vt 0.026241 0.933726
vt 0.026150 0.933726
vt 0.566886 0.918419
vt 0.663265 0.988242
vt 0.664389 0.985095
vt 0.664389 0.988242
vt 0.934381 0.774434
vt 0.934381 0.790097
vt 0.604869 0.914082
vt 0.029403 0.918189
vt 0.101262 0.933857
vt 0.101261 0.933948
vt 0.101170 0.933858
vt 0.040520 0.995443
vt 0.040631 0.995332
vt 0.040631 0.995443
vt 0.986746 0.907979
vt 0.986873 0.907852
vt 0.986874 0.907979
vt 0.195852 0.918251
vt 0.195760 0.918252
vt 0.195851 0.918161
vt 0.158823 0.917294
vt 0.158913 0.917204
vt 0.158915 0.917293
vt 0.104424 0.933857
vt 0.104423 0.933948
vt 0.158913 0.932940
vt 0.162080 0.932849
vt 0.162079 0.932940
vt 0.040631 0.996820
vt 0.988462 0.907852
vt 0.162079 0.917204
vt 0.162080 0.917294
vt 0.541986 0.919612
vt 0.542078 0.935278
vt 0.541986 0.935278
vt 0.101170 0.918316
vt 0.195852 0.933918
vt 0.195760 0.933918
vt 0.158915 0.932849
vt 0.158823 0.932849
vt 0.104424 0.918316
vt 0.784180 0.987305
vt 0.785156 0.985352
vt 0.785156 0.987305
vt 0.543217 0.919612
vt 0.543217 0.935278
vt 0.196991 0.918252
vt 0.196991 0.933918
vt 0.243739 0.938429
vt 0.243740 0.938521
vt 0.243648 0.938520
vt 0.580947 0.985187
vt 0.580855 0.985186
vt 0.580946 0.985095
vt 0.950942 0.883154
vt 0.950942 0.883246
vt 0.950851 0.883245
vt 0.491128 0.985095
vt 0.491128 0.985188
vt 0.491035 0.985187
vt 0.874307 0.953553
vt 0.874216 0.953644
vt 0.874216 0.953552
vt 0.871035 0.953644
vt 0.870945 0.953553
vt 0.871035 0.953552
vt 0.952083 0.883246
vt 0.952082 0.883154
vt 0.952174 0.883245
vt 0.492285 0.985095
vt 0.492378 0.985187
vt 0.492286 0.985188
vt 0.580947 0.988389
vt 0.580855 0.988388
vt 0.243740 0.950574
vt 0.491128 0.988430
vt 0.491035 0.988429
vt 0.950942 0.895285
vt 0.950851 0.895284
vt 0.874216 0.941557
vt 0.870945 0.941558
vt 0.492378 0.988429
vt 0.492286 0.988430
vt 0.244881 0.938429
vt 0.582090 0.985095
vt 0.582091 0.988389
vt 0.482422 0.954102
vt 0.480469 0.942383
vt 0.482422 0.942383
vt 0.244881 0.950573
vt 0.952083 0.895285
vt 0.943544 0.835210
vt 0.943545 0.835378
vt 0.943378 0.835376
vt 0.972113 0.931893
vt 0.972111 0.932061
vt 0.971945 0.931895
vt 0.971945 0.886175
vt 0.972116 0.886174
vt 0.972115 0.886344
vt 0.946298 0.788398
vt 0.946135 0.788562
vt 0.946135 0.788397
vt 0.940819 0.788562
vt 0.940655 0.788398
vt 0.940818 0.788397
vt 0.205418 0.995488
vt 0.205418 0.995332
vt 0.205572 0.995487
vt 0.971945 0.885007
vt 0.972115 0.884838
vt 0.972116 0.885006
vt 0.977498 0.931893
vt 0.977496 0.932061
vt 0.943545 0.849535
vt 0.977613 0.886174
vt 0.977611 0.886344
vt 0.652287 0.935906
vt 0.652453 0.950029
vt 0.652287 0.950027
vt 0.946135 0.774434
vt 0.940655 0.774435
vt 0.977611 0.884838
vt 0.977613 0.885006
vt 0.944688 0.835210
vt 0.971945 0.930751
vt 0.977498 0.930750
vt 0.041016 0.952148
vt 0.037109 0.939453
vt 0.041016 0.939453
vt 0.944689 0.849535
vt 0.652453 0.935907
vt 0.653595 0.950029
vt 0.693359 0.936523
vt 0.702148 0.949219
vt 0.693359 0.949219
vt 0.356863 0.978044
vt 0.356370 0.973429
vt 0.356863 0.973429
vt 0.289182 0.973429
vt 0.288683 0.978095
vt 0.288683 0.973429
vt 0.639908 0.950218
vt 0.640387 0.935905
vt 0.640387 0.950218
vt 0.937500 0.456055
vt 0.941406 0.443359
vt 0.941406 0.456055
vt 0.947031 0.301753
vt 0.947510 0.287426
vt 0.947510 0.301752
vt 0.940430 0.767578
vt 0.944336 0.753906
vt 0.944336 0.767578
vt 0.424040 0.973430
vt 0.424533 0.978044
vt 0.424040 0.978044
vt 0.431300 0.973430
vt 0.430807 0.978044
vt 0.430807 0.973430
vt 0.933491 0.134968
vt 0.933925 0.119144
vt 0.933925 0.134966
vt 0.399414 0.929688
vt 0.403320 0.914062
vt 0.403320 0.929688
vt 0.126896 0.933948
vt 0.127329 0.918161
vt 0.127329 0.933946
vt 0.926758 0.331055
vt 0.929688 0.316406
vt 0.929688 0.331055
vt 0.570803 0.538908
vt 0.569367 0.392618
vt 0.570803 0.392618
vt 0.578125 0.370117
vt 0.579102 0.225586
vt 0.579102 0.370117
vt 0.575604 0.003137
vt 0.577130 0.149422
vt 0.575604 0.149422
vt 0.577148 0.393555
vt 0.578125 0.538086
vt 0.577148 0.538086
vt 0.977539 0.713867
vt 0.972656 0.708984
vt 0.977539 0.708984
vt 0.927734 0.745117
vt 0.932617 0.736328
vt 0.932617 0.745117
vt 0.954102 0.402344
vt 0.958008 0.393555
vt 0.958008 0.402344
vt 0.953125 0.746094
vt 0.958008 0.737305
vt 0.958008 0.746094
vt 0.954102 0.475586
vt 0.958008 0.466797
vt 0.958008 0.475586
vt 0.978516 0.297852
vt 0.972656 0.291992
vt 0.978516 0.291992
vt 0.972656 0.258789
vt 0.978516 0.252930
vt 0.978516 0.258789
vt 0.971945 0.446782
vt 0.979304 0.445346
vt 0.979304 0.446782
vt 0.971945 0.555526
vt 0.978673 0.554091
vt 0.978673 0.555526
vt 0.971945 0.431363
vt 0.979304 0.429927
vt 0.979304 0.431363
vt 0.972656 0.540039
vt 0.978516 0.539062
vt 0.978516 0.540039
vt 0.841797 0.535156
vt 0.838867 0.573242
vt 0.838867 0.535156
vt 0.838867 0.834961
vt 0.841797 0.796875
vt 0.841797 0.834961
vt 0.506836 0.882812
vt 0.503906 0.846680
vt 0.506836 0.846680
vt 0.270508 0.809570
vt 0.305664 0.847656
vt 0.270508 0.847656
vt 0.627930 0.883789
vt 0.630859 0.847656
vt 0.630859 0.883789
vt 0.003906 0.807617
vt 0.039062 0.845703
vt 0.003906 0.845703
vt 0.838867 0.777344
vt 0.841797 0.739258
vt 0.841797 0.777344
vt 0.895508 0.789062
vt 0.898438 0.776367
vt 0.898438 0.789062
vt 0.410156 0.802734
vt 0.422852 0.840820
vt 0.410156 0.840820
vt 0.629883 0.949219
vt 0.632812 0.936523
vt 0.632812 0.949219
vt 0.368164 0.802734
vt 0.380859 0.840820
vt 0.368164 0.840820
vt 0.838867 0.041992
vt 0.841797 0.003906
vt 0.841797 0.041992
vt 0.980469 0.006836
vt 0.972656 0.003906
vt 0.980469 0.003906
vt 0.107422 0.807617
vt 0.115234 0.845703
vt 0.107422 0.845703
vt 0.922852 0.082031
vt 0.925781 0.074219
vt 0.925781 0.082031
vt 0.092773 0.807617
vt 0.099609 0.845703
vt 0.092773 0.845703
vt 0.961914 0.635742
vt 0.958984 0.626953
vt 0.961914 0.626953
vt 0.332031 0.964844
vt 0.334961 0.956055
vt 0.334961 0.964844
vt 0.859375 0.039062
vt 0.868164 0.003906
vt 0.868164 0.039062
vt 0.553711 0.875977
vt 0.556641 0.839844
vt 0.556641 0.875977
vt 0.870117 0.337891
vt 0.877930 0.302734
vt 0.877930 0.337891
vt 0.615234 0.964844
vt 0.611328 0.957031
vt 0.615234 0.957031
vt 0.958984 0.846680
vt 0.961914 0.838867
vt 0.961914 0.846680
vt 0.756836 0.956055
vt 0.764648 0.964844
vt 0.756836 0.964844
vt 0.980469 0.027344
vt 0.972656 0.024414
vt 0.980469 0.024414
vt 0.956055 0.820312
vt 0.963867 0.828125
vt 0.956055 0.828125
vt 0.761719 0.793945
vt 0.758789 0.739258
vt 0.761719 0.739258
vt 0.788086 0.730469
vt 0.791016 0.676758
vt 0.791016 0.730469
vt 0.049805 0.731445
vt 0.084961 0.786133
vt 0.049805 0.786133
vt 0.637695 0.883789
vt 0.640625 0.847656
vt 0.640625 0.883789
vt 0.437500 0.729492
vt 0.473633 0.783203
vt 0.437500 0.783203
vt 0.316406 0.792969
vt 0.313477 0.739258
vt 0.316406 0.739258
vt 0.593750 0.949219
vt 0.596680 0.936523
vt 0.596680 0.949219
vt 0.738281 0.793945
vt 0.750977 0.739258
vt 0.750977 0.793945
vt 0.893555 0.950195
vt 0.896484 0.937500
vt 0.896484 0.950195
vt 0.529297 0.738281
vt 0.542969 0.791992
vt 0.529297 0.791992
vt 0.770508 0.793945
vt 0.773438 0.739258
vt 0.773438 0.793945
vt 0.780273 0.739258
vt 0.788086 0.792969
vt 0.780273 0.792969
vt 0.916016 0.707031
vt 0.919922 0.699219
vt 0.919922 0.707031
vt 0.664062 0.733398
vt 0.671875 0.788086
vt 0.664062 0.788086
vt 0.961914 0.129883
vt 0.958984 0.121094
vt 0.961914 0.121094
vt 0.960938 0.686523
vt 0.963867 0.677734
vt 0.963867 0.686523
vt 0.057617 0.877930
vt 0.049805 0.841797
vt 0.057617 0.841797
vt 0.795898 0.880859
vt 0.803711 0.845703
vt 0.803711 0.880859
vt 0.352539 0.957031
vt 0.349609 0.964844
vt 0.349609 0.957031
vt 0.682617 0.964844
vt 0.685547 0.957031
vt 0.685547 0.964844
vt 0.525391 0.956055
vt 0.533203 0.964844
vt 0.525391 0.964844
vt 0.961914 0.016602
vt 0.964844 0.008789
vt 0.964844 0.016602
vt 0.957031 0.541016
vt 0.964844 0.548828
vt 0.957031 0.548828
vt 0.666992 0.837891
vt 0.664062 0.794922
vt 0.666992 0.794922
vt 0.836914 0.506836
vt 0.833984 0.463867
vt 0.836914 0.463867
vt 0.811523 0.880859
vt 0.814453 0.845703
vt 0.814453 0.880859
vt 0.799805 0.144531
vt 0.835938 0.187500
vt 0.799805 0.187500
vt 0.513672 0.882812
vt 0.517578 0.846680
vt 0.517578 0.882812
vt 0.437500 0.791016
vt 0.473633 0.833984
vt 0.437500 0.833984
vt 0.836914 0.117188
vt 0.833984 0.074219
vt 0.836914 0.074219
vt 0.611328 0.949219
vt 0.615234 0.936523
vt 0.615234 0.949219
vt 0.819336 0.393555
vt 0.832031 0.436523
vt 0.819336 0.436523
vt 0.349609 0.949219
vt 0.352539 0.936523
vt 0.352539 0.949219
vt 0.568359 0.787109
vt 0.581055 0.830078
vt 0.568359 0.830078
vt 0.553711 0.833008
vt 0.556641 0.790039
vt 0.556641 0.833008
vt 0.819336 0.463867
vt 0.827148 0.506836
vt 0.819336 0.506836
vt 0.980469 0.016602
vt 0.972656 0.013672
vt 0.980469 0.013672
vt 0.819336 0.074219
vt 0.827148 0.117188
vt 0.819336 0.117188
vt 0.111328 0.888672
vt 0.115234 0.853516
vt 0.115234 0.888672
vt 0.675781 0.848633
vt 0.679688 0.883789
vt 0.675781 0.883789
vt 0.368164 0.735352
vt 0.403320 0.676758
vt 0.403320 0.735352
vt 0.723633 0.664062
vt 0.726562 0.606445
vt 0.726562 0.664062
vt 0.271484 0.746094
vt 0.305664 0.687500
vt 0.305664 0.746094
vt 0.727539 0.061523
vt 0.730469 0.003906
vt 0.730469 0.061523
vt 0.883789 0.179688
vt 0.886719 0.144531
vt 0.886719 0.179688
vt 0.884766 0.393555
vt 0.887695 0.427734
vt 0.884766 0.427734
vt 0.438477 0.722656
vt 0.473633 0.664062
vt 0.473633 0.722656
vt 0.731445 0.132812
vt 0.734375 0.074219
vt 0.734375 0.132812
vt 0.228516 0.746094
vt 0.263672 0.687500
vt 0.263672 0.746094
vt 0.731445 0.203125
vt 0.734375 0.144531
vt 0.734375 0.203125
vt 0.535156 0.160156
vt 0.532227 0.003906
vt 0.535156 0.003906
vt 0.533203 0.381836
vt 0.537109 0.225586
vt 0.537109 0.381836
vt 0.410156 0.735352
vt 0.413086 0.676758
vt 0.413086 0.735352
vt 0.368164 0.405273
vt 0.425781 0.561523
vt 0.368164 0.561523
vt 0.732422 0.451172
vt 0.735352 0.393555
vt 0.735352 0.451172
vt 0.480469 0.393555
vt 0.539062 0.548828
vt 0.480469 0.548828
vt 0.473633 0.551758
vt 0.438477 0.395508
vt 0.473633 0.395508
vt 0.315430 0.561523
vt 0.350586 0.405273
vt 0.350586 0.561523
vt 0.884766 0.796875
vt 0.885742 0.832031
vt 0.884766 0.832031
vt 0.299236 0.395313
vt 0.300492 0.552367
vt 0.299236 0.552367
vt 0.697368 0.801087
vt 0.698625 0.836988
vt 0.697368 0.836988
vt 0.306766 0.395313
vt 0.308022 0.552370
vt 0.306766 0.552370
vt 0.338867 0.397461
vt 0.360352 0.225586
vt 0.360352 0.397461
vt 0.315430 0.397461
vt 0.338867 0.225586
vt 0.470950 0.167370
vt 0.472386 0.003137
vt 0.472386 0.167370
vt 0.390625 0.225586
vt 0.368164 0.397461
vt 0.368164 0.225586
vt 0.413086 0.225586
vt 0.390625 0.397461
vt 0.456966 0.003137
vt 0.455530 0.167374
vt 0.455530 0.003137
vt 0.828125 0.719727
vt 0.836914 0.698242
vt 0.837891 0.698242
vt 0.828125 0.676758
vt 0.821289 0.739258
vt 0.830078 0.760742
vt 0.820312 0.739258
vt 0.821289 0.782227
vt 0.831055 0.760742
vt 0.390625 0.848633
vt 0.399414 0.866211
vt 0.390625 0.883789
vt 0.092773 0.853516
vt 0.101562 0.871094
vt 0.092773 0.888672
vt 0.308594 0.388672
vt 0.307617 0.225586
vt 0.308594 0.225586
vt 0.298828 0.388672
vt 0.299805 0.225586
vt 0.299805 0.388672
vt 0.988814 0.737668
vt 0.986746 0.739107
vt 0.986745 0.737668
vt 0.472656 0.225586
vt 0.473633 0.388672
vt 0.472656 0.388672
vt 0.988805 0.760805
vt 0.986746 0.762238
vt 0.986746 0.760805
vt 0.463240 0.003137
vt 0.464676 0.167374
vt 0.463240 0.167374
vt 0.929779 0.456687
vt 0.929871 0.456687
vt 0.929870 0.456778
vt 0.090758 0.989032
vt 0.090651 0.988925
vt 0.090758 0.988925
vt 0.090651 0.985201
vt 0.090758 0.985095
vt 0.090758 0.985201
vt 0.929871 0.441021
vt 0.929779 0.441022
vt 0.929870 0.440931
vt 0.795516 0.919259
vt 0.795606 0.919169
vt 0.795607 0.919259
vt 0.092088 0.988925
vt 0.092088 0.985095
vt 0.456589 0.919599
vt 0.456681 0.935275
vt 0.456589 0.935276
vt 0.514448 0.920385
vt 0.514540 0.935906
vt 0.514448 0.935907
vt 0.795607 0.934782
vt 0.795516 0.934783
vt 0.517698 0.920385
vt 0.517698 0.935907
vt 0.457820 0.919599
vt 0.457820 0.935275
vt 0.931009 0.441022
vt 0.931009 0.456687
vt 0.798766 0.919259
vt 0.798766 0.934783
vt 0.064698 0.934921
vt 0.064697 0.935012
vt 0.064607 0.934921
vt 0.631739 0.929723
vt 0.631831 0.929723
vt 0.631830 0.929815
vt 0.078823 0.995442
vt 0.078934 0.995332
vt 0.078934 0.995443
vt 0.066056 0.995332
vt 0.066166 0.995442
vt 0.066056 0.995443
vt 0.631831 0.914043
vt 0.631739 0.914043
vt 0.631830 0.913952
vt 0.582687 0.918509
vt 0.582777 0.918418
vt 0.582778 0.918508
vt 0.632970 0.929723
vt 0.632969 0.929815
vt 0.078934 0.996820
vt 0.066166 0.996819
vt 0.585939 0.918419
vt 0.585940 0.918508
vt 0.934275 0.466071
vt 0.934367 0.481732
vt 0.934275 0.481732
vt 0.064607 0.919401
vt 0.582778 0.934049
vt 0.582687 0.934050
vt 0.067857 0.919400
vt 0.067857 0.934921
vt 0.935505 0.466071
vt 0.935505 0.481732
vt 0.632970 0.914043
vt 0.585940 0.934049
vt 0.951067 0.232728
vt 0.951068 0.232820
vt 0.950976 0.232819
vt 0.513972 0.985188
vt 0.513879 0.985187
vt 0.513971 0.985095
vt 0.950710 0.753831
vt 0.950710 0.753923
vt 0.950619 0.753922
vt 0.437798 0.985095
vt 0.437799 0.985189
vt 0.437705 0.985188
vt 0.953864 0.689256
vt 0.953773 0.689347
vt 0.953773 0.689255
vt 0.950595 0.689347
vt 0.950504 0.689256
vt 0.950595 0.689255
vt 0.951851 0.753923
vt 0.951850 0.753831
vt 0.951942 0.753922
vt 0.438961 0.985095
vt 0.439054 0.985188
vt 0.438961 0.985189
vt 0.513972 0.988410
vt 0.513879 0.988409
vt 0.951068 0.244852
vt 0.437799 0.988445
vt 0.437705 0.988444
vt 0.950710 0.765965
vt 0.950619 0.765964
vt 0.953773 0.677269
vt 0.950504 0.677269
vt 0.439054 0.988444
vt 0.438961 0.988445
vt 0.952207 0.232728
vt 0.515122 0.985095
vt 0.515122 0.988410
vt 0.939453 0.828125
vt 0.937500 0.817383
vt 0.939453 0.817383
vt 0.952207 0.244852
vt 0.951851 0.765965
vt 0.943902 0.017671
vt 0.943903 0.017839
vt 0.943736 0.017837
vt 0.943166 0.902029
vt 0.943167 0.902197
vt 0.943000 0.902195
vt 0.971945 0.839485
vt 0.972117 0.839484
vt 0.972115 0.839655
vt 0.947422 0.480033
vt 0.947258 0.480197
vt 0.947258 0.480032
vt 0.941943 0.480197
vt 0.941779 0.480033
vt 0.941943 0.480032
vt 0.944311 0.902197
vt 0.944310 0.902029
vt 0.944476 0.902195
vt 0.971945 0.838315
vt 0.972115 0.838145
vt 0.972117 0.838314
vt 0.031344 0.973430
vt 0.031511 0.978811
vt 0.031344 0.978809
vt 0.943903 0.031986
vt 0.977627 0.839484
vt 0.977625 0.839655
vt 0.943167 0.916348
vt 0.943000 0.916346
vt 0.947258 0.466071
vt 0.941779 0.466072
vt 0.977625 0.838145
vt 0.977627 0.838314
vt 0.945046 0.017671
vt 0.031511 0.973432
vt 0.032653 0.978811
vt 0.018555 0.953125
vt 0.014648 0.940430
vt 0.018555 0.940430
vt 0.945047 0.031986
vt 0.944311 0.916348
vt 0.819336 0.443359
vt 0.828125 0.456055
vt 0.819336 0.456055
vt 0.316260 0.973430
vt 0.315766 0.978050
vt 0.315766 0.973430
vt 0.444341 0.973429
vt 0.444832 0.978019
vt 0.444341 0.978019
vt 0.786573 0.950168
vt 0.787052 0.935848
vt 0.787052 0.950168
vt 0.940430 0.278320
vt 0.944336 0.264648
vt 0.944336 0.278320
vt 0.831049 0.948210
vt 0.831529 0.933883
vt 0.831529 0.948209
vt 0.940430 0.134766
vt 0.944336 0.121094
vt 0.944336 0.134766
vt 0.417273 0.978044
vt 0.417766 0.973430
vt 0.417766 0.978044
vt 0.437574 0.973429
vt 0.438067 0.978044
vt 0.437574 0.978044
vt 0.932974 0.361208
vt 0.933409 0.345347
vt 0.933409 0.361205
vt 0.593750 0.928711
vt 0.596680 0.914062
vt 0.596680 0.928711
vt 0.933383 0.895285
vt 0.933817 0.879462
vt 0.933817 0.895283
vt 0.413086 0.929688
vt 0.416016 0.914062
vt 0.416016 0.929688
vt 0.811565 0.934690
vt 0.811564 0.934781
vt 0.811474 0.934691
vt 0.928502 0.244760
vt 0.928594 0.244760
vt 0.928593 0.244852
vt 0.170580 0.988984
vt 0.170475 0.988878
vt 0.170580 0.988878
vt 0.170475 0.985200
vt 0.170580 0.985095
vt 0.170580 0.985200
vt 0.928594 0.229077
vt 0.928502 0.229077
vt 0.928593 0.228986
vt 0.820997 0.919257
vt 0.821087 0.919167
vt 0.821088 0.919257
vt 0.929734 0.244760
vt 0.929733 0.244852
vt 0.171894 0.988878
vt 0.171893 0.985095
vt 0.934308 0.392618
vt 0.934400 0.408279
vt 0.934308 0.408280
vt 0.811474 0.919168
vt 0.821088 0.934781
vt 0.820997 0.934782
vt 0.814723 0.919167
vt 0.814723 0.934690
vt 0.935538 0.392618
vt 0.935538 0.408279
vt 0.929734 0.229077
vt 0.824247 0.919257
vt 0.824247 0.934782
vt 0.664892 0.934452
vt 0.664891 0.934543
vt 0.664800 0.934453
vt 0.172299 0.995422
vt 0.172389 0.995332
vt 0.172389 0.995423
vt 0.072440 0.995332
vt 0.072550 0.995442
vt 0.072440 0.995443
vt 0.119484 0.918252
vt 0.119392 0.918252
vt 0.119483 0.918161
vt 0.216591 0.918497
vt 0.216682 0.918406
vt 0.216683 0.918496
vt 0.172389 0.996547
vt 0.072550 0.996819
vt 0.219844 0.918407
vt 0.219845 0.918497
vt 0.434076 0.919599
vt 0.434168 0.935265
vt 0.434076 0.935265
vt 0.664800 0.918924
vt 0.119484 0.933916
vt 0.119392 0.933916
vt 0.216683 0.934038
vt 0.216591 0.934038
vt 0.668052 0.918924
vt 0.668052 0.934453
vt 0.435306 0.919598
vt 0.435306 0.935265
vt 0.120622 0.918252
vt 0.120622 0.933916
vt 0.219845 0.934038
vt 0.950706 0.264283
vt 0.950707 0.264375
vt 0.950615 0.264375
vt 0.521489 0.985188
vt 0.521396 0.985187
vt 0.521488 0.985095
vt 0.950595 0.695621
vt 0.950596 0.695713
vt 0.950504 0.695712
vt 0.506360 0.985095
vt 0.506361 0.985188
vt 0.506268 0.985187
vt 0.545349 0.953548
vt 0.545258 0.953639
vt 0.545258 0.953547
vt 0.542077 0.953639
vt 0.541986 0.953548
vt 0.542077 0.953547
vt 0.951736 0.695713
vt 0.951736 0.695621
vt 0.951827 0.695712
vt 0.507513 0.985095
vt 0.507605 0.985187
vt 0.507514 0.985188
vt 0.521489 0.988410
vt 0.521396 0.988409
vt 0.950707 0.276423
vt 0.506361 0.988415
vt 0.506268 0.988414
vt 0.950596 0.707757
vt 0.950504 0.707756
vt 0.545258 0.941552
vt 0.541986 0.941553
vt 0.507605 0.988414
vt 0.507514 0.988415
vt 0.951847 0.264283
vt 0.522639 0.985095
vt 0.522639 0.988410
vt 0.051758 0.953125
vt 0.049805 0.942383
vt 0.051758 0.942383
vt 0.951847 0.276422
vt 0.951736 0.707757
vt 0.943557 0.230527
vt 0.943558 0.230694
vt 0.943391 0.230693
vt 0.972113 0.939478
vt 0.972111 0.939645
vt 0.971945 0.939479
vt 0.971945 0.831702
vt 0.972117 0.831700
vt 0.972115 0.831871
vt 0.947355 0.104391
vt 0.947191 0.104555
vt 0.947191 0.104390
vt 0.941876 0.104555
vt 0.941712 0.104391
vt 0.941875 0.104390
vt 0.199144 0.995332
vt 0.199144 0.995488
vt 0.198991 0.995334
vt 0.971945 0.830532
vt 0.972115 0.830362
vt 0.972117 0.830530
vt 0.977498 0.939478
vt 0.977496 0.939645
vt 0.943558 0.244852
vt 0.977627 0.831700
vt 0.977625 0.831871
vt 0.674828 0.935914
vt 0.674994 0.950033
vt 0.674828 0.950031
vt 0.947191 0.090429
vt 0.941712 0.090430
vt 0.977625 0.830362
vt 0.977627 0.830530
vt 0.944702 0.230527
vt 0.971945 0.938335
vt 0.977498 0.938334
vt 0.196289 0.953125
vt 0.192383 0.940430
vt 0.196289 0.940430
vt 0.944703 0.244852
vt 0.674994 0.935916
vt 0.676135 0.950033
vt 0.827148 0.124023
vt 0.835938 0.137695
vt 0.827148 0.137695
vt 0.336562 0.973430
vt 0.336069 0.978044
vt 0.336069 0.973429
vt 0.322534 0.973430
vt 0.323028 0.978047
vt 0.322534 0.978047
vt 0.949720 0.549528
vt 0.950200 0.535215
vt 0.950200 0.549528
vt 0.938477 0.938477
vt 0.942383 0.924805
vt 0.942383 0.938477
vt 0.946120 0.432167
vt 0.946600 0.417840
vt 0.946600 0.432166
vt 0.940430 0.894531
vt 0.944336 0.881836
vt 0.944336 0.894531
vt 0.410506 0.978044
vt 0.410999 0.973430
vt 0.410999 0.978044
vt 0.390205 0.973430
vt 0.390698 0.978044
vt 0.390205 0.978044
vt 0.933147 0.280144
vt 0.933582 0.264283
vt 0.933582 0.280141
vt 0.783203 0.928711
vt 0.786133 0.914062
vt 0.786133 0.928711
vt 0.929182 0.383738
vt 0.929619 0.367840
vt 0.929619 0.383735
vt 0.423828 0.929688
vt 0.426758 0.914062
vt 0.426758 0.929688
vt 0.543599 0.160196
vt 0.542163 0.003137
vt 0.543599 0.003137
vt 0.549873 0.160190
vt 0.551309 0.003137
vt 0.551309 0.160190
vt 0.012271 0.995332
vt 0.010841 0.996852
vt 0.010841 0.995332
vt 0.545898 0.393555
vt 0.546875 0.548828
vt 0.545898 0.548828
vt 0.987305 0.974609
vt 0.988281 0.975586
vt 0.987305 0.975586
vt 0.543945 0.225586
vt 0.544922 0.381836
vt 0.543945 0.381836
vt 0.977539 0.690430
vt 0.972656 0.686523
vt 0.977539 0.686523
vt 0.953125 0.192383
vt 0.958008 0.183594
vt 0.958008 0.192383
vt 0.954102 0.099609
vt 0.958008 0.090820
vt 0.958008 0.099609
vt 0.953125 0.784180
vt 0.958008 0.775391
vt 0.958008 0.784180
vt 0.953125 0.431641
vt 0.958008 0.422852
vt 0.958008 0.431641
vt 0.978516 0.272461
vt 0.972656 0.266602
vt 0.978516 0.266602
vt 0.972656 0.246094
vt 0.978516 0.240234
vt 0.978516 0.246094
vt 0.972656 0.454102
vt 0.978516 0.453125
vt 0.978516 0.454102
vt 0.971945 0.563235
vt 0.978669 0.561800
vt 0.978669 0.563235
vt 0.971945 0.415943
vt 0.979304 0.414507
vt 0.979304 0.415943
vt 0.972656 0.524414
vt 0.978516 0.523438
vt 0.978516 0.524414
vt 0.039062 0.798828
vt 0.041992 0.753906
vt 0.041992 0.798828
vt 0.417969 0.172852
vt 0.424805 0.217773
vt 0.417969 0.217773
vt 0.979492 0.188477
vt 0.972656 0.186523
vt 0.979492 0.186523
vt 0.403320 0.172852
vt 0.410156 0.217773
vt 0.403320 0.217773
vt 0.979492 0.208008
vt 0.972656 0.205078
vt 0.979492 0.205078
vt 0.515241 0.973430
vt 0.515242 0.973669
vt 0.515004 0.973667
vt 0.430906 0.673725
vt 0.430669 0.673723
vt 0.430905 0.673486
vt 0.467986 0.973429
vt 0.467987 0.973671
vt 0.467747 0.973668
vt 0.795230 0.738842
vt 0.795231 0.739088
vt 0.794986 0.739086
vt 0.191809 0.802943
vt 0.191582 0.802715
vt 0.191810 0.802715
vt 0.191582 0.755441
vt 0.191809 0.755214
vt 0.191811 0.755441
vt 0.468656 0.973671
vt 0.468655 0.973429
vt 0.468894 0.973668
vt 0.795910 0.738842
vt 0.796153 0.739085
vt 0.795912 0.739088
vt 0.430906 0.722867
vt 0.430669 0.722865
vt 0.515242 0.977755
vt 0.795231 0.789650
vt 0.794986 0.789647
vt 0.467987 0.977779
vt 0.467747 0.977776
vt 0.195720 0.802715
vt 0.195718 0.755214
vt 0.796153 0.789647
vt 0.795912 0.789650
vt 0.515906 0.973429
vt 0.431566 0.673486
vt 0.431568 0.722867
vt 0.479492 0.216797
vt 0.482422 0.171875
vt 0.482422 0.216797
vt 0.515907 0.977755
vt 0.468656 0.977779
vt 0.913086 0.214844
vt 0.915039 0.187500
vt 0.915039 0.214844
vt 0.065430 0.885742
vt 0.072266 0.913086
vt 0.065430 0.913086
vt 0.979492 0.179688
vt 0.972656 0.176758
vt 0.979492 0.176758
vt 0.905273 0.428711
vt 0.912109 0.456055
vt 0.905273 0.456055
vt 0.979492 0.160156
vt 0.972656 0.158203
vt 0.979492 0.158203
vt 0.500885 0.973430
vt 0.500886 0.973670
vt 0.500647 0.973667
vt 0.902772 0.796611
vt 0.902534 0.796608
vt 0.902771 0.796372
vt 0.046801 0.690158
vt 0.046802 0.690404
vt 0.046557 0.690401
vt 0.049136 0.914435
vt 0.048909 0.914208
vt 0.049138 0.914207
vt 0.048909 0.885084
vt 0.049136 0.884856
vt 0.049138 0.885083
vt 0.047481 0.690158
vt 0.047725 0.690401
vt 0.047483 0.690404
vt 0.902772 0.826860
vt 0.902534 0.826857
vt 0.500886 0.977762
vt 0.046802 0.721529
vt 0.046557 0.721526
vt 0.807918 0.973429
vt 0.808156 0.977506
vt 0.807918 0.977503
vt 0.053051 0.914207
vt 0.053050 0.884856
vt 0.047725 0.721526
vt 0.047483 0.721529
vt 0.501551 0.973429
vt 0.903432 0.796372
vt 0.903434 0.826860
vt 0.884766 0.294922
vt 0.886719 0.267578
vt 0.886719 0.294922
vt 0.501553 0.977762
vt 0.808156 0.973432
vt 0.808819 0.977506
vt 0.457031 0.657227
vt 0.458984 0.559570
vt 0.458984 0.657227
vt 0.465820 0.559570
vt 0.473633 0.657227
vt 0.465820 0.657227
vt 0.979492 0.169922
vt 0.972656 0.167969
vt 0.979492 0.167969
vt 0.438477 0.559570
vt 0.445312 0.657227
vt 0.438477 0.657227
vt 0.979492 0.198242
vt 0.972656 0.196289
vt 0.979492 0.196289
vt 0.508064 0.973429
vt 0.508065 0.973669
vt 0.507826 0.973667
vt 0.577679 0.545175
vt 0.577681 0.545421
vt 0.577436 0.545418
vt 0.553547 0.653172
vt 0.553320 0.652945
vt 0.553548 0.652945
vt 0.578360 0.545175
vt 0.578603 0.545418
vt 0.578361 0.545421
vt 0.569905 0.545181
vt 0.570143 0.649517
vt 0.569905 0.649514
vt 0.508065 0.977755
vt 0.577681 0.652824
vt 0.577436 0.652821
vt 0.830941 0.973430
vt 0.831178 0.977494
vt 0.830941 0.977491
vt 0.557454 0.652945
vt 0.553320 0.552585
vt 0.557452 0.552358
vt 0.553548 0.552585
vt 0.553547 0.552358
vt 0.578603 0.652821
vt 0.578361 0.652824
vt 0.508729 0.973429
vt 0.570143 0.545184
vt 0.570803 0.649517
vt 0.541992 0.654297
vt 0.544922 0.556641
vt 0.544922 0.654297
vt 0.508730 0.977755
vt 0.831178 0.973432
vt 0.831839 0.977494
vt 0.810945 0.912664
vt 0.811175 0.912663
vt 0.811173 0.912892
vt 0.665032 0.912420
vt 0.665029 0.912650
vt 0.664800 0.912421
vt 0.794986 0.912668
vt 0.795217 0.912667
vt 0.795214 0.912895
vt 0.907448 0.135514
vt 0.907679 0.135512
vt 0.907677 0.135742
vt 0.667500 0.912420
vt 0.667497 0.912650
vt 0.814723 0.912663
vt 0.910148 0.135512
vt 0.910145 0.135742
vt 0.798766 0.912667
vt 0.798763 0.912895
vt 0.810945 0.888097
vt 0.664800 0.887741
vt 0.794986 0.888096
vt 0.907448 0.110830
vt 0.667500 0.887739
vt 0.403320 0.988281
vt 0.402344 0.985352
vt 0.403320 0.985352
vt 0.814723 0.888096
vt 0.798766 0.888095
vt 0.910148 0.110828
vt 0.221945 0.973430
vt 0.221945 0.973617
vt 0.221759 0.973615
vt 0.140173 0.985283
vt 0.139986 0.985281
vt 0.140172 0.985095
vt 0.206606 0.973429
vt 0.206607 0.973618
vt 0.206420 0.973616
vt 0.881310 0.973430
vt 0.881311 0.973621
vt 0.881120 0.973619
vt 0.159617 0.978124
vt 0.159433 0.978308
vt 0.159433 0.978123
vt 0.155752 0.978308
vt 0.155568 0.978124
vt 0.155752 0.978123
vt 0.207723 0.973618
vt 0.207723 0.973429
vt 0.207909 0.973616
vt 0.882449 0.973430
vt 0.882639 0.973619
vt 0.882450 0.973621
vt 0.140173 0.989007
vt 0.139986 0.989005
vt 0.221945 0.978350
vt 0.881311 0.977417
vt 0.881120 0.977415
vt 0.206607 0.978363
vt 0.206420 0.978361
vt 0.159433 0.973430
vt 0.155568 0.973431
vt 0.882639 0.977415
vt 0.882450 0.977417
vt 0.223058 0.973429
vt 0.141289 0.985095
vt 0.141291 0.989007
vt 0.266602 0.977539
vt 0.263672 0.973633
vt 0.266602 0.973633
vt 0.223059 0.978350
vt 0.207723 0.978363
vt 0.820997 0.912666
vt 0.821227 0.912665
vt 0.821225 0.912893
vt 0.906855 0.525126
vt 0.906852 0.525356
vt 0.906623 0.525128
vt 0.539439 0.913111
vt 0.539669 0.913110
vt 0.539666 0.913338
vt 0.906581 0.669897
vt 0.906812 0.669896
vt 0.906809 0.670126
vt 0.909323 0.525126
vt 0.909320 0.525357
vt 0.824776 0.912665
vt 0.909281 0.669896
vt 0.909278 0.670126
vt 0.543217 0.913110
vt 0.543214 0.913338
vt 0.820997 0.888097
vt 0.906623 0.500442
vt 0.539439 0.888545
vt 0.906581 0.645206
vt 0.909323 0.500440
vt 0.412109 0.988281
vt 0.411133 0.985352
vt 0.412109 0.985352
vt 0.824776 0.888096
vt 0.543217 0.888544
vt 0.909281 0.645205
vt 0.214368 0.973430
vt 0.214369 0.973617
vt 0.214182 0.973615
vt 0.147752 0.985283
vt 0.147564 0.985281
vt 0.147750 0.985095
vt 0.229518 0.973430
vt 0.229519 0.973617
vt 0.229333 0.973615
vt 0.916947 0.973430
vt 0.916948 0.973621
vt 0.916757 0.973619
vt 0.169938 0.978122
vt 0.169754 0.978305
vt 0.169754 0.978120
vt 0.166075 0.978305
vt 0.165891 0.978122
vt 0.166075 0.978120
vt 0.230630 0.973617
vt 0.230629 0.973430
vt 0.230815 0.973615
vt 0.918083 0.973429
vt 0.918272 0.973619
vt 0.918084 0.973621
vt 0.147752 0.989005
vt 0.147564 0.989002
vt 0.214369 0.978360
vt 0.916948 0.977408
vt 0.916757 0.977406
vt 0.229519 0.978341
vt 0.229333 0.978339
vt 0.169754 0.973430
vt 0.165891 0.973431
vt 0.918272 0.977406
vt 0.918084 0.977408
vt 0.215484 0.973429
vt 0.148867 0.985095
vt 0.148868 0.989004
vt 0.248047 0.977539
vt 0.246094 0.973633
vt 0.248047 0.973633
vt 0.215485 0.978360
vt 0.230630 0.978341
vt 0.933695 0.973430
vt 0.933696 0.973664
vt 0.933463 0.973662
vt 0.294470 0.855119
vt 0.294238 0.855117
vt 0.294468 0.854886
vt 0.889145 0.973430
vt 0.889146 0.973664
vt 0.888912 0.973662
vt 0.836348 0.353331
vt 0.836349 0.353569
vt 0.836113 0.353566
vt 0.902466 0.218069
vt 0.902238 0.217841
vt 0.902467 0.217841
vt 0.902238 0.187326
vt 0.902466 0.187099
vt 0.902467 0.187326
vt 0.890819 0.973664
vt 0.890818 0.973429
vt 0.891051 0.973662
vt 0.838036 0.353331
vt 0.838271 0.353566
vt 0.838037 0.353568
vt 0.294470 0.885955
vt 0.294238 0.885953
vt 0.933696 0.977378
vt 0.836349 0.384990
vt 0.836113 0.384988
vt 0.889146 0.977384
vt 0.888912 0.977381
vt 0.906111 0.217841
vt 0.906109 0.187099
vt 0.838271 0.384987
vt 0.838037 0.384990
vt 0.935366 0.973429
vt 0.296125 0.854886
vt 0.296127 0.885955
vt 0.903320 0.564453
vt 0.905273 0.535156
vt 0.905273 0.564453
vt 0.935367 0.977378
vt 0.890819 0.977383
vt 0.926700 0.361208
vt 0.925982 0.345054
vt 0.926700 0.345054
vt 0.585382 0.386303
vt 0.586101 0.373279
vt 0.586101 0.386303
vt 0.916016 0.676758
vt 0.928711 0.692383
vt 0.916016 0.692383
vt 0.617486 0.386292
vt 0.618204 0.373279
vt 0.618204 0.386292
vt 0.916016 0.051758
vt 0.928711 0.066406
vt 0.916016 0.066406
vt 0.926571 0.752336
vt 0.926574 0.752898
vt 0.926015 0.752892
vt 0.972510 0.232987
vt 0.972503 0.233548
vt 0.971945 0.232990
vt 0.926426 0.645634
vt 0.926428 0.646198
vt 0.925868 0.646191
vt 0.971945 0.132174
vt 0.972523 0.132170
vt 0.972516 0.132745
vt 0.498227 0.934660
vt 0.497717 0.935170
vt 0.497717 0.934657
vt 0.490860 0.935170
vt 0.490351 0.934660
vt 0.490860 0.934657
vt 0.926732 0.646197
vt 0.926730 0.645634
vt 0.927288 0.646191
vt 0.971945 0.131862
vt 0.972516 0.131291
vt 0.972523 0.131859
vt 0.980012 0.232987
vt 0.980006 0.233548
vt 0.926574 0.768465
vt 0.980206 0.132170
vt 0.980199 0.132745
vt 0.926428 0.661812
vt 0.925868 0.661806
vt 0.497717 0.920388
vt 0.490351 0.920391
vt 0.980199 0.131291
vt 0.980206 0.131859
vt 0.926875 0.752336
vt 0.971945 0.232686
vt 0.980012 0.232682
vt 0.385742 0.949219
vt 0.379883 0.936523
vt 0.385742 0.936523
vt 0.926877 0.768465
vt 0.926732 0.661812
vt 0.873514 0.985331
vt 0.873274 0.985333
vt 0.873277 0.985095
vt 0.972177 0.217015
vt 0.972175 0.217245
vt 0.971945 0.217016
vt 0.609981 0.988084
vt 0.610221 0.988083
vt 0.610218 0.988321
vt 0.971945 0.151362
vt 0.972179 0.151360
vt 0.972176 0.151593
vt 0.980441 0.042286
vt 0.980205 0.042522
vt 0.980204 0.042284
vt 0.972181 0.042522
vt 0.971945 0.042286
vt 0.972181 0.042284
vt 0.610221 0.985331
vt 0.609981 0.985332
vt 0.610218 0.985095
vt 0.971945 0.148681
vt 0.972176 0.148450
vt 0.972179 0.148680
vt 0.979970 0.217015
vt 0.979967 0.217245
vt 0.872422 0.985333
vt 0.980035 0.151360
vt 0.980032 0.151593
vt 0.611074 0.988083
vt 0.611072 0.988321
vt 0.980204 0.041435
vt 0.971945 0.041436
vt 0.980032 0.148450
vt 0.980035 0.148680
vt 0.873514 0.988078
vt 0.971945 0.214357
vt 0.979970 0.214356
vt 0.979565 0.325736
vt 0.971945 0.324929
vt 0.979565 0.324929
vt 0.872422 0.988079
vt 0.611074 0.985331
vt 0.948037 0.987748
vt 0.948268 0.987747
vt 0.948266 0.987977
vt 0.972177 0.226178
vt 0.972175 0.226409
vt 0.971945 0.226180
vt 0.617348 0.988083
vt 0.617588 0.988083
vt 0.617585 0.988321
vt 0.971945 0.141944
vt 0.972180 0.141943
vt 0.972178 0.142176
vt 0.980449 0.034925
vt 0.980212 0.035161
vt 0.980212 0.034923
vt 0.972181 0.035161
vt 0.971945 0.034925
vt 0.972181 0.034923
vt 0.617588 0.985331
vt 0.617348 0.985332
vt 0.617585 0.985095
vt 0.971945 0.139251
vt 0.972177 0.139019
vt 0.972180 0.139249
vt 0.979970 0.226178
vt 0.979967 0.226409
vt 0.949091 0.987747
vt 0.980074 0.141943
vt 0.980072 0.142176
vt 0.618442 0.988083
vt 0.618439 0.988321
vt 0.980212 0.034073
vt 0.971945 0.034075
vt 0.980071 0.139019
vt 0.980074 0.139249
vt 0.971945 0.223521
vt 0.979970 0.223519
vt 0.979580 0.318655
vt 0.971945 0.317847
vt 0.979580 0.317847
vt 0.949091 0.985095
vt 0.618442 0.985331
vt 0.871654 0.920422
vt 0.871655 0.920653
vt 0.871425 0.920651
vt 0.940940 0.987747
vt 0.940938 0.987977
vt 0.940709 0.987748
vt 0.935363 0.051146
vt 0.935364 0.051376
vt 0.935135 0.051374
vt 0.602608 0.988098
vt 0.602849 0.988097
vt 0.602846 0.988337
vt 0.481361 0.935791
vt 0.481121 0.936032
vt 0.481120 0.935789
vt 0.480254 0.936032
vt 0.480013 0.935791
vt 0.480254 0.935789
vt 0.192717 0.995332
vt 0.192715 0.995633
vt 0.192420 0.995332
vt 0.602608 0.985333
vt 0.602846 0.985095
vt 0.602849 0.985332
vt 0.941763 0.987747
vt 0.941761 0.987977
vt 0.871655 0.935284
vt 0.603707 0.988097
vt 0.603705 0.988337
vt 0.935364 0.065966
vt 0.935135 0.065964
vt 0.481120 0.920379
vt 0.480013 0.920381
vt 0.603705 0.985095
vt 0.603707 0.985332
vt 0.874306 0.920422
vt 0.941763 0.985095
vt 0.943590 0.502367
vt 0.942782 0.488006
vt 0.943590 0.488006
vt 0.874307 0.935283
vt 0.938008 0.065966
vt 0.610352 0.385742
vt 0.605469 0.374023
vt 0.610352 0.374023
vt 0.592773 0.385742
vt 0.598633 0.374023
vt 0.598633 0.385742
vt 0.971945 0.611072
vt 0.978249 0.610756
vt 0.978249 0.611072
vt 0.332935 0.586944
vt 0.333249 0.599663
vt 0.332935 0.599663
vt 0.971945 0.617658
vt 0.978210 0.617345
vt 0.978210 0.617658
vt 0.332935 0.567921
vt 0.333250 0.580670
vt 0.332935 0.580670
vt 0.179268 0.995554
vt 0.178884 0.995938
vt 0.178744 0.995414
vt 0.185542 0.995716
vt 0.185925 0.995332
vt 0.186066 0.995856
vt 0.596334 0.985096
vt 0.596166 0.988374
vt 0.596166 0.985097
vt 0.624838 0.985095
vt 0.624716 0.988327
vt 0.624716 0.985095
vt 0.625005 0.985095
vt 0.624838 0.988326
vt 0.625171 0.985095
vt 0.625005 0.988326
vt 0.529384 0.988440
vt 0.529509 0.985095
vt 0.529509 0.988438
vt 0.529212 0.988440
vt 0.529384 0.985096
vt 0.529040 0.988440
vt 0.529212 0.985097
vt 0.528913 0.988438
vt 0.529040 0.985096
vt 0.865989 0.985095
vt 0.865830 0.988185
vt 0.865830 0.985095
vt 0.866149 0.985095
vt 0.865989 0.988185
vt 0.595997 0.985096
vt 0.595873 0.988372
vt 0.595873 0.985095
vt 0.595997 0.988374
vt 0.863103 0.506325
vt 0.863103 0.506512
vt 0.862917 0.506510
vt 0.988629 0.799528
vt 0.988631 0.799339
vt 0.988820 0.799527
vt 0.840032 0.275951
vt 0.840033 0.276139
vt 0.839847 0.276137
vt 0.988869 0.685335
vt 0.988674 0.685336
vt 0.988676 0.685142
vt 0.856643 0.524346
vt 0.856457 0.524532
vt 0.856457 0.524345
vt 0.854599 0.524532
vt 0.854414 0.524346
vt 0.854599 0.524345
vt 0.840962 0.276139
vt 0.840962 0.275951
vt 0.841148 0.276137
vt 0.988869 0.686299
vt 0.988676 0.686492
vt 0.988674 0.686301
vt 0.986745 0.799528
vt 0.986748 0.799339
vt 0.863103 0.524532
vt 0.986745 0.685336
vt 0.986748 0.685142
vt 0.840033 0.294165
vt 0.839847 0.294163
vt 0.856457 0.506325
vt 0.854414 0.506326
vt 0.986748 0.686492
vt 0.986745 0.686301
vt 0.864031 0.506325
vt 0.988820 0.800469
vt 0.986746 0.800470
vt 0.271437 0.910431
vt 0.269642 0.893021
vt 0.271437 0.893021
vt 0.864032 0.524532
vt 0.840962 0.294165
vt 0.936631 0.017167
vt 0.936632 0.017306
vt 0.936493 0.017305
vt 0.972086 0.809681
vt 0.972084 0.809821
vt 0.971945 0.809682
vt 0.936146 0.230004
vt 0.936147 0.230144
vt 0.936008 0.230143
vt 0.971945 0.721232
vt 0.972089 0.721231
vt 0.972087 0.721374
vt 0.931687 0.938817
vt 0.931551 0.938953
vt 0.931551 0.938816
vt 0.926014 0.938953
vt 0.925878 0.938817
vt 0.926014 0.938816
vt 0.936979 0.230144
vt 0.936979 0.230004
vt 0.937118 0.230143
vt 0.971945 0.720381
vt 0.972087 0.720239
vt 0.972088 0.720380
vt 0.977739 0.809681
vt 0.977737 0.809821
vt 0.936632 0.031986
vt 0.977857 0.721231
vt 0.977855 0.721374
vt 0.936147 0.244852
vt 0.936008 0.244850
vt 0.931551 0.924383
vt 0.925878 0.924384
vt 0.977855 0.720239
vt 0.977856 0.720380
vt 0.937462 0.017167
vt 0.971945 0.808848
vt 0.977739 0.808847
vt 0.824219 0.066406
vt 0.820312 0.053711
vt 0.824219 0.053711
vt 0.937463 0.031986
vt 0.936979 0.244852
vt 0.132487 0.995332
vt 0.131140 0.996679
vt 0.131140 0.995332
vt 0.966797 0.976562
vt 0.967773 0.973633
vt 0.967773 0.976562
vt 0.034470 0.989046
vt 0.035818 0.985095
vt 0.035818 0.989046
vt 0.958984 0.976562
vt 0.959961 0.973633
vt 0.959961 0.976562
vt 0.026850 0.989046
vt 0.028197 0.985095
vt 0.028197 0.989046
vt 0.123510 0.995332
vt 0.124866 0.996688
vt 0.123510 0.996688
vt 0.042091 0.989044
vt 0.043437 0.985095
vt 0.043437 0.989044
vt 0.019531 0.988281
vt 0.020508 0.985352
vt 0.020508 0.988281
vt 0.011719 0.988281
vt 0.012695 0.985352
vt 0.012695 0.988281
vt 0.075323 0.989037
vt 0.076667 0.985095
vt 0.076667 0.989037
vt 0.084401 0.978665
vt 0.084915 0.978228
vt 0.084912 0.978665
vt 0.083966 0.978666
vt 0.084320 0.978229
vt 0.066446 0.978674
vt 0.066102 0.978235
vt 0.066602 0.978237
vt 0.066017 0.978673
vt 0.065510 0.978234
vt 0.064996 0.978673
vt 0.065507 0.978672
vt 0.064560 0.978674
vt 0.064914 0.978235
vt 0.075721 0.978671
vt 0.076306 0.978236
vt 0.076150 0.978673
vt 0.075211 0.978671
vt 0.075806 0.978234
vt 0.074700 0.978671
vt 0.075213 0.978233
vt 0.074111 0.978236
vt 0.074618 0.978234
vt 0.056742 0.978675
vt 0.056399 0.978235
vt 0.056898 0.978237
vt 0.055803 0.978672
vt 0.056313 0.978673
vt 0.055211 0.978235
vt 0.055806 0.978234
vt 0.054855 0.978675
vt 0.055292 0.978673
vt 0.085421 0.978665
vt 0.086006 0.978230
vt 0.085850 0.978666
vt 0.085507 0.978229
vt 0.084924 0.975103
vt 0.083203 0.975105
vt 0.083995 0.975103
vt 0.067226 0.975107
vt 0.066445 0.975104
vt 0.064589 0.975104
vt 0.065519 0.975103
vt 0.064407 0.978237
vt 0.076930 0.975107
vt 0.076148 0.975104
vt 0.075222 0.975103
vt 0.074292 0.975104
vt 0.057523 0.975107
vt 0.055817 0.975102
vt 0.056742 0.975104
vt 0.054886 0.975104
vt 0.054703 0.978237
vt 0.085850 0.975103
vt 0.086630 0.975105
vt 0.084918 0.973587
vt 0.083627 0.973589
vt 0.084221 0.973587
vt 0.066793 0.973591
vt 0.065512 0.973587
vt 0.066207 0.973588
vt 0.064815 0.973588
vt 0.063796 0.975107
vt 0.076496 0.973590
vt 0.075910 0.973588
vt 0.075216 0.973587
vt 0.073500 0.975107
vt 0.074518 0.973588
vt 0.056503 0.973588
vt 0.057089 0.973591
vt 0.055809 0.973587
vt 0.054093 0.975107
vt 0.055111 0.973588
vt 0.086197 0.973589
vt 0.085611 0.973587
vt 0.084176 0.973430
vt 0.084919 0.973429
vt 0.066879 0.973433
vt 0.065514 0.973430
vt 0.066255 0.973430
vt 0.064220 0.973591
vt 0.064770 0.973430
vt 0.076583 0.973432
vt 0.075958 0.973430
vt 0.074473 0.973430
vt 0.075217 0.973429
vt 0.073839 0.973432
vt 0.056551 0.973430
vt 0.057175 0.973433
vt 0.055810 0.973429
vt 0.054432 0.973433
vt 0.055066 0.973430
vt 0.085659 0.973430
vt 0.086283 0.973431
vt 0.393299 0.985095
vt 0.392853 0.985659
vt 0.392655 0.985362
vt 0.393997 0.985095
vt 0.393369 0.985445
vt 0.394642 0.985362
vt 0.393927 0.985445
vt 0.394838 0.986054
vt 0.394443 0.985659
vt 0.395135 0.985855
vt 0.395051 0.986569
vt 0.395402 0.987197
vt 0.395402 0.986499
vt 0.394838 0.987643
vt 0.395051 0.987127
vt 0.395135 0.987842
vt 0.394443 0.988038
vt 0.394642 0.988335
vt 0.393927 0.988251
vt 0.393997 0.988602
vt 0.393369 0.988251
vt 0.393299 0.988602
vt 0.392853 0.988038
vt 0.392161 0.987842
vt 0.392655 0.988335
vt 0.391894 0.987197
vt 0.392459 0.987643
vt 0.391894 0.986500
vt 0.392245 0.987127
vt 0.392161 0.985855
vt 0.392245 0.986569
vt 0.392459 0.986054
vt 0.987233 0.701369
vt 0.987806 0.700208
vt 0.987806 0.701368
vt 0.986745 0.701370
vt 0.987233 0.700209
vt 0.988396 0.678866
vt 0.988882 0.677696
vt 0.988882 0.678869
vt 0.987819 0.678866
vt 0.988396 0.677694
vt 0.987240 0.678866
vt 0.987819 0.677693
vt 0.986745 0.678869
vt 0.987239 0.677694
vt 0.988404 0.664070
vt 0.988894 0.662893
vt 0.988894 0.664072
vt 0.987824 0.664070
vt 0.988404 0.662891
vt 0.987242 0.664070
vt 0.987824 0.662891
vt 0.986745 0.664072
vt 0.987242 0.662891
vt 0.988386 0.693933
vt 0.988870 0.692769
vt 0.988870 0.693935
vt 0.987813 0.693932
vt 0.988386 0.692767
vt 0.987237 0.693933
vt 0.987813 0.692766
vt 0.986746 0.693935
vt 0.987236 0.692767
vt 0.988377 0.701369
vt 0.988859 0.700210
vt 0.988859 0.701370
vt 0.988377 0.700209
vt 0.123385 0.988970
vt 0.123755 0.988533
vt 0.123753 0.988970
vt 0.122962 0.988534
vt 0.123327 0.988533
vt 0.060015 0.988986
vt 0.059767 0.988546
vt 0.060128 0.988548
vt 0.059705 0.988985
vt 0.059340 0.988546
vt 0.058969 0.988985
vt 0.059338 0.988984
vt 0.058654 0.988986
vt 0.058910 0.988546
vt 0.115380 0.988972
vt 0.115801 0.988537
vt 0.115690 0.988973
vt 0.115016 0.988535
vt 0.115442 0.988535
vt 0.114646 0.988972
vt 0.115014 0.988972
vt 0.114333 0.988973
vt 0.114588 0.988535
vt 0.132848 0.988949
vt 0.133266 0.988516
vt 0.133154 0.988950
vt 0.132484 0.988948
vt 0.132909 0.988515
vt 0.132118 0.988949
vt 0.132486 0.988514
vt 0.131698 0.988516
vt 0.132060 0.988515
vt 0.124119 0.988970
vt 0.124540 0.988534
vt 0.124428 0.988970
vt 0.124180 0.988533
vt 0.123761 0.986333
vt 0.122523 0.986335
vt 0.123093 0.986333
vt 0.060578 0.986339
vt 0.060014 0.986337
vt 0.058676 0.986337
vt 0.059346 0.986336
vt 0.058544 0.988548
vt 0.116250 0.986335
vt 0.115022 0.986333
vt 0.115688 0.986334
vt 0.114353 0.986334
vt 0.113784 0.986335
vt 0.133712 0.986328
vt 0.133155 0.986325
vt 0.131829 0.986325
vt 0.132493 0.986324
vt 0.124988 0.986335
vt 0.124427 0.986333
vt 0.123255 0.985212
vt 0.123757 0.985211
vt 0.122828 0.985213
vt 0.059842 0.985212
vt 0.060265 0.985214
vt 0.059342 0.985212
vt 0.058410 0.985214
vt 0.058838 0.985212
vt 0.115938 0.985213
vt 0.115517 0.985212
vt 0.115017 0.985211
vt 0.114089 0.985213
vt 0.114516 0.985212
vt 0.133402 0.985213
vt 0.132488 0.985211
vt 0.132984 0.985211
vt 0.131564 0.985213
vt 0.131989 0.985211
vt 0.124677 0.985213
vt 0.124256 0.985212
vt 0.123758 0.985095
vt 0.123223 0.985095
vt 0.059877 0.985095
vt 0.060327 0.985097
vt 0.059342 0.985095
vt 0.058348 0.985097
vt 0.058806 0.985095
vt 0.115551 0.985095
vt 0.116001 0.985097
vt 0.114483 0.985095
vt 0.115018 0.985095
vt 0.114028 0.985097
vt 0.133464 0.985097
vt 0.133018 0.985095
vt 0.131957 0.985095
vt 0.132489 0.985095
vt 0.124290 0.985095
vt 0.124739 0.985096
vt 0.989250 0.368959
vt 0.988847 0.368640
vt 0.989060 0.368498
vt 0.989250 0.369457
vt 0.989000 0.369009
vt 0.989060 0.369917
vt 0.989000 0.369407
vt 0.988707 0.370270
vt 0.988847 0.369776
vt 0.988197 0.370210
vt 0.988566 0.370057
vt 0.988247 0.370461
vt 0.987799 0.370210
vt 0.987749 0.370461
vt 0.987430 0.370058
vt 0.987288 0.370270
vt 0.987148 0.369776
vt 0.986745 0.369457
vt 0.986936 0.369918
vt 0.986745 0.368959
vt 0.986996 0.369407
vt 0.986936 0.368499
vt 0.986996 0.369009
vt 0.987430 0.368359
vt 0.987148 0.368641
vt 0.987749 0.367956
vt 0.987288 0.368146
vt 0.988197 0.368206
vt 0.987799 0.368206
vt 0.988247 0.367956
vt 0.988565 0.368359
vt 0.988707 0.368146
vt 0.987107 0.983061
vt 0.987530 0.982178
vt 0.987530 0.983061
vt 0.986746 0.983062
vt 0.987107 0.982179
vt 0.987966 0.968182
vt 0.988325 0.967292
vt 0.988326 0.968184
vt 0.987540 0.968182
vt 0.987966 0.967290
vt 0.987111 0.968182
vt 0.987540 0.967290
vt 0.986746 0.968184
vt 0.987111 0.967290
vt 0.033382 0.996515
vt 0.034246 0.996863
vt 0.033381 0.996863
vt 0.033382 0.996101
vt 0.034246 0.996515
vt 0.033382 0.995686
vt 0.034247 0.996101
vt 0.033381 0.995332
vt 0.034246 0.995686
vt 0.026243 0.996515
vt 0.027106 0.996863
vt 0.026241 0.996863
vt 0.026243 0.996101
vt 0.027107 0.996515
vt 0.026243 0.995686
vt 0.027107 0.996101
vt 0.026241 0.995333
vt 0.027107 0.995686
vt 0.987952 0.983061
vt 0.988309 0.982180
vt 0.988309 0.983062
vt 0.987952 0.982179
vt 0.507812 0.164062
vt 0.498047 0.003906
vt 0.507812 0.003906
vt 0.499023 0.385742
vt 0.508789 0.225586
vt 0.508789 0.385742
vt 0.951172 0.368164
vt 0.955078 0.377930
vt 0.951172 0.377930
vt 0.955078 0.051758
vt 0.951172 0.061523
vt 0.951172 0.051758
vt 0.514648 0.164062
vt 0.517578 0.003906
vt 0.517578 0.164062
vt 0.515625 0.225586
vt 0.519531 0.385742
vt 0.515625 0.385742
vt 0.490234 0.164062
vt 0.479492 0.003906
vt 0.490234 0.003906
vt 0.480469 0.385742
vt 0.492188 0.225586
vt 0.492188 0.385742
vt 0.783750 0.205847
vt 0.784738 0.218056
vt 0.783750 0.218056
vt 0.360874 0.935942
vt 0.359887 0.948144
vt 0.359887 0.935942
vt 0.524590 0.164674
vt 0.525577 0.003137
vt 0.525577 0.164674
vt 0.525940 0.224802
vt 0.526927 0.386335
vt 0.525940 0.386335
vt 0.419922 0.795898
vt 0.410156 0.742188
vt 0.419922 0.742188
vt 0.368164 0.795898
vt 0.377930 0.742188
vt 0.377930 0.795898
vt 0.955078 0.648438
vt 0.951172 0.658203
vt 0.951172 0.648438
vt 0.791992 0.355469
vt 0.794922 0.302734
vt 0.794922 0.355469
vt 0.650391 0.740234
vt 0.653320 0.792969
vt 0.650391 0.792969
vt 0.642578 0.792969
vt 0.631836 0.740234
vt 0.642578 0.740234
vt 0.613281 0.792969
vt 0.624023 0.740234
vt 0.624023 0.792969
vt 0.622627 0.935932
vt 0.621640 0.948138
vt 0.621640 0.935932
vt 0.678711 0.793945
vt 0.679688 0.741211
vt 0.679688 0.793945
vt 0.792226 0.224851
vt 0.793212 0.278717
vt 0.792226 0.278766
vt 0.343750 0.217773
vt 0.333984 0.003906
vt 0.343750 0.003906
vt 0.351562 0.217773
vt 0.361328 0.003906
vt 0.361328 0.217773
vt 0.955078 0.144531
vt 0.952148 0.154297
vt 0.952148 0.144531
vt 0.368164 0.217773
vt 0.371094 0.003906
vt 0.371094 0.217773
vt 0.378906 0.003906
vt 0.381836 0.217773
vt 0.378906 0.217773
vt 0.308594 0.217773
vt 0.296875 0.003906
vt 0.308594 0.003906
vt 0.315430 0.217773
vt 0.327148 0.003906
vt 0.327148 0.217773
vt 0.604869 0.936120
vt 0.603882 0.948322
vt 0.603882 0.936120
vt 0.388481 0.218524
vt 0.389468 0.003137
vt 0.389468 0.218524
vt 0.395742 0.003137
vt 0.396729 0.218521
vt 0.395742 0.218521
vt 0.722656 0.284180
vt 0.725586 0.225586
vt 0.725586 0.284180
vt 0.721680 0.144531
vt 0.724609 0.204102
vt 0.721680 0.204102
vt 0.583008 0.977539
vt 0.585938 0.973633
vt 0.585938 0.977539
vt 0.054688 0.665039
vt 0.057617 0.724609
vt 0.054688 0.724609
vt 0.573242 0.977539
vt 0.576172 0.973633
vt 0.576172 0.977539
vt 0.971945 0.816096
vt 0.972155 0.816095
vt 0.972153 0.816303
vt 0.705311 0.073773
vt 0.705122 0.073771
vt 0.705310 0.073583
vt 0.107528 0.973429
vt 0.107529 0.973620
vt 0.107340 0.973618
vt 0.686163 0.533509
vt 0.686164 0.533704
vt 0.685970 0.533702
vt 0.565473 0.217238
vt 0.565292 0.217057
vt 0.565474 0.217057
vt 0.565292 0.155877
vt 0.565473 0.155696
vt 0.565474 0.155877
vt 0.108188 0.973620
vt 0.108187 0.973429
vt 0.108375 0.973618
vt 0.686837 0.533509
vt 0.687030 0.533701
vt 0.686838 0.533704
vt 0.705311 0.137150
vt 0.705122 0.137148
vt 0.977753 0.816095
vt 0.686164 0.598789
vt 0.685970 0.598787
vt 0.107529 0.978703
vt 0.107340 0.978701
vt 0.570361 0.217057
vt 0.570360 0.155696
vt 0.687030 0.598787
vt 0.686838 0.598789
vt 0.705966 0.073583
vt 0.705967 0.137150
vt 0.553711 0.719727
vt 0.557617 0.660156
vt 0.557617 0.719727
vt 0.108188 0.978703
vt 0.082031 0.724609
vt 0.084961 0.665039
vt 0.084961 0.724609
vt 0.720703 0.074219
vt 0.724609 0.132812
vt 0.720703 0.132812
vt 0.593750 0.977539
vt 0.595703 0.973633
vt 0.595703 0.977539
vt 0.065430 0.665039
vt 0.068359 0.724609
vt 0.065430 0.724609
vt 0.603516 0.977539
vt 0.606445 0.973633
vt 0.606445 0.977539
vt 0.093092 0.973430
vt 0.093093 0.973620
vt 0.092903 0.973619
vt 0.699145 0.463255
vt 0.698956 0.463253
vt 0.699144 0.463065
vt 0.100218 0.973430
vt 0.100218 0.973620
vt 0.100029 0.973618
vt 0.291211 0.581124
vt 0.291212 0.581319
vt 0.291018 0.581317
vt 0.576816 0.217238
vt 0.576635 0.217057
vt 0.576817 0.217057
vt 0.576635 0.155877
vt 0.576816 0.155696
vt 0.576817 0.155877
vt 0.100878 0.973620
vt 0.100878 0.973430
vt 0.101066 0.973618
vt 0.291885 0.581124
vt 0.292078 0.581317
vt 0.291886 0.581319
vt 0.699145 0.526635
vt 0.698956 0.526632
vt 0.093093 0.978727
vt 0.291212 0.646415
vt 0.291018 0.646413
vt 0.100218 0.978712
vt 0.100029 0.978709
vt 0.581704 0.217057
vt 0.581703 0.155696
vt 0.292078 0.646413
vt 0.291886 0.646415
vt 0.093755 0.973429
vt 0.699800 0.463065
vt 0.699802 0.526635
vt 0.720703 0.453125
vt 0.724609 0.393555
vt 0.724609 0.453125
vt 0.093755 0.978727
vt 0.100878 0.978711
vt 0.986746 0.313534
vt 0.989347 0.314970
vt 0.986745 0.314970
vt 0.987305 0.266602
vt 0.989258 0.267578
vt 0.987305 0.267578
vt 0.987305 0.321289
vt 0.989258 0.322266
vt 0.987305 0.322266
vt 0.986745 0.242267
vt 0.989347 0.243972
vt 0.986745 0.243972
vt 0.987305 0.408203
vt 0.988281 0.407227
vt 0.988281 0.408203
vt 0.987305 0.423828
vt 0.988281 0.425781
vt 0.987305 0.425781
vt 0.988984 0.599695
vt 0.986745 0.600277
vt 0.986745 0.599695
vt 0.989098 0.497849
vt 0.986745 0.498437
vt 0.986745 0.497849
vt 0.988984 0.606551
vt 0.986745 0.607133
vt 0.986745 0.606551
vt 0.989076 0.525283
vt 0.986745 0.525866
vt 0.986745 0.525283
vt 0.987305 0.451172
vt 0.988281 0.450195
vt 0.988281 0.451172
vt 0.987305 0.398438
vt 0.988281 0.400391
vt 0.987305 0.400391
vt 0.988984 0.613406
vt 0.986745 0.613988
vt 0.986745 0.613406
vt 0.989076 0.545852
vt 0.986745 0.546435
vt 0.986745 0.545852
vt 0.989005 0.566431
vt 0.986745 0.567019
vt 0.986745 0.566431
vt 0.989076 0.511570
vt 0.986745 0.512153
vt 0.986745 0.511570
vt 0.987305 0.258789
vt 0.989258 0.259766
vt 0.987305 0.259766
vt 0.986745 0.341953
vt 0.989379 0.342180
vt 0.986745 0.342180
vt 0.987305 0.282227
vt 0.989258 0.283203
vt 0.987305 0.283203
vt 0.986745 0.383230
vt 0.989323 0.383452
vt 0.986745 0.383452
vt 0.986745 0.202368
vt 0.989351 0.204075
vt 0.986745 0.204075
vt 0.986745 0.361455
vt 0.989379 0.361682
vt 0.986745 0.361682
vt 0.987305 0.210938
vt 0.989258 0.211914
vt 0.987305 0.211914
vt 0.986745 0.376734
vt 0.989323 0.376956
vt 0.986745 0.376956
vt 0.986746 0.305824
vt 0.989350 0.307261
vt 0.986745 0.307261
vt 0.987305 0.234375
vt 0.989258 0.235352
vt 0.987305 0.235352
vt 0.986746 0.298114
vt 0.989350 0.299550
vt 0.986745 0.299550
vt 0.987305 0.226562
vt 0.989258 0.227539
vt 0.987305 0.227539
vt 0.988281 0.390625
vt 0.987305 0.391602
vt 0.987305 0.390625
vt 0.987305 0.432617
vt 0.988281 0.433594
vt 0.987305 0.433594
vt 0.989005 0.573292
vt 0.986745 0.573880
vt 0.986745 0.573292
vt 0.989076 0.532139
vt 0.986745 0.532722
vt 0.986745 0.532139
vt 0.988984 0.592839
vt 0.986745 0.593421
vt 0.986745 0.592839
vt 0.989076 0.538996
vt 0.986745 0.539578
vt 0.986745 0.538996
vt 0.988281 0.416016
vt 0.987305 0.416992
vt 0.987305 0.416016
vt 0.987305 0.458008
vt 0.988281 0.459961
vt 0.987305 0.459961
vt 0.989005 0.559570
vt 0.986745 0.560158
vt 0.986745 0.559570
vt 0.989076 0.518427
vt 0.986745 0.519009
vt 0.986745 0.518427
vt 0.989006 0.552708
vt 0.986746 0.553296
vt 0.986746 0.552708
vt 0.989087 0.504711
vt 0.986746 0.505296
vt 0.986745 0.504711
vt 0.987305 0.218750
vt 0.989258 0.219727
vt 0.987305 0.219727
vt 0.986745 0.354954
vt 0.989379 0.355181
vt 0.986745 0.355181
vt 0.986745 0.290137
vt 0.989346 0.291840
vt 0.986745 0.291840
vt 0.986745 0.348454
vt 0.989379 0.348681
vt 0.986745 0.348681
vt 0.986745 0.250246
vt 0.989347 0.251950
vt 0.986745 0.251950
vt 0.986745 0.328952
vt 0.989379 0.329179
vt 0.986745 0.329179
vt 0.987305 0.274414
vt 0.989258 0.275391
vt 0.987305 0.275391
vt 0.986745 0.335452
vt 0.989379 0.335679
vt 0.986745 0.335679
vt 0.987305 0.467773
vt 0.988281 0.466797
vt 0.988281 0.467773
vt 0.988894 0.670345
vt 0.986746 0.671419
vt 0.986745 0.670345
vt 0.989082 0.483147
vt 0.986746 0.484226
vt 0.986746 0.483147
vt 0.988905 0.655537
vt 0.986745 0.656617
vt 0.986745 0.655537
vt 0.989077 0.490500
vt 0.986745 0.491576
vt 0.986745 0.490500
vt 0.879883 0.985352
vt 0.881836 0.987305
vt 0.879883 0.987305
vt 0.890625 0.985352
vt 0.889648 0.987305
vt 0.889648 0.985352
vt 0.989433 0.189015
vt 0.986745 0.189418
vt 0.986745 0.189015
vt 0.989610 0.164407
vt 0.986745 0.164810
vt 0.986745 0.164407
vt 0.989433 0.195691
vt 0.986745 0.196094
vt 0.986745 0.195691
vt 0.986745 0.158133
vt 0.989618 0.157729
vt 0.989618 0.158133
vt 0.003906 0.003906
vt 0.302734 0.939453
vt 0.972656 0.083008
vt 0.275391 0.939453
vt 0.972656 0.052734
vt 0.228516 0.939453
vt 0.950195 0.488281
vt 0.183594 0.916992
vt 0.640625 0.914062
vt 0.292969 0.916016
vt 0.379883 0.914062
vt 0.003906 0.940430
vt 0.972656 0.345703
vt 0.152344 0.939453
vt 0.972656 0.386719
vt 0.178711 0.939453
vt 0.439453 0.942383
vt 0.867188 0.720703
vt 0.972656 0.125000
vt 0.852539 0.720703
vt 0.880859 0.953125
vt 0.814453 0.658203
vt 0.858398 0.942383
vt 0.972656 0.408203
vt 0.498047 0.942383
vt 0.848633 0.920898
vt 0.831055 0.584961
vt 0.972656 0.093750
vt 0.809570 0.584961
vt 0.838867 0.920898
vt 0.251953 0.916992
vt 0.693359 0.914062
vt 0.228516 0.916992
vt 0.327148 0.914062
vt 0.860352 0.920898
vt 0.912109 0.775391
vt 0.972656 0.376953
vt 0.925781 0.775391
vt 0.809570 0.514648
vt 0.952148 0.072266
vt 0.972656 0.114258
vt 0.809570 0.054688
vt 0.874023 0.731445
vt 0.808594 0.444336
vt 0.795898 0.941406
vt 0.972656 0.335938
vt 0.844727 0.942383
vt 0.650391 0.890625
vt 0.306641 0.664062
vt 0.972656 0.103516
vt 0.896484 0.649414
vt 0.639648 0.890625
vt 0.267578 0.916992
vt 0.880859 0.118164
vt 0.302734 0.916992
vt 0.881836 0.649414
vt 0.399414 0.890625
vt 0.761719 0.890625
vt 0.972656 0.366211
vt 0.902344 0.714844
vt 0.469727 0.942383
vt 0.807617 0.658203
vt 0.972656 0.062500
vt 0.809570 0.125000
vt 0.625000 0.385742
vt 0.314453 0.942383
vt 0.081055 0.941406
vt 0.972656 0.397461
vt 0.067383 0.941406
vt 0.961914 0.023438
vt 0.786133 0.957031
vt 0.972656 0.073242
vt 0.654297 0.957031
vt 0.916992 0.737305
vt 0.278320 0.916992
vt 0.755859 0.914062
vt 0.241211 0.916992
vt 0.524414 0.914062
vt 0.961914 0.161133
vt 0.289062 0.958984
vt 0.972656 0.356445
vt 0.907227 0.958008
vt 0.809570 0.534180
vt 0.812500 0.463867
vt 0.465820 0.173828
vt 0.894531 0.144531
vt 0.519531 0.171875
vt 0.892578 0.187500
vt 0.848633 0.581055
vt 0.847656 0.117188
vt 0.842773 0.187500
vt 0.894531 0.262695
vt 0.868164 0.187500
vt 0.894531 0.393555
vt 0.916016 0.645508
vt 0.918945 0.016602
vt 0.885742 0.345703
vt 0.894531 0.225586
vt 0.891602 0.841797
vt 0.183594 0.856445
vt 0.955078 0.447266
vt 0.888672 0.780273
vt 0.757812 0.207031
vt 0.927734 0.945312
vt 0.742188 0.207031
vt 0.952148 0.161133
vt 0.281250 0.582031
vt 0.892578 0.796875
vt 0.179688 0.593750
vt 0.892578 0.535156
vt 0.221680 0.593750
vt 0.003906 0.593750
vt 0.810547 0.606445
vt 0.819901 0.676269
vt 0.678224 0.003137
vt 0.228516 0.680664
vt 0.092773 0.593750
vt 0.802734 0.606445
vt 0.326172 0.568359
vt 0.026367 0.755859
vt 0.342773 0.568359
vt 0.480469 0.556641
vt 0.357422 0.564453
vt 0.421875 0.669922
vt 0.316406 0.666016
vt 0.686523 0.793945
vt 0.686523 0.743164
vt 0.391602 0.793945
vt 0.298828 0.656250
vt 0.307617 0.559570
vt 0.988281 0.777344
vt 0.350586 0.568359
vt 0.988281 0.769531
vt 0.429688 0.568359
vt 0.378006 0.988766
vt 0.378007 0.985194
vt 0.909150 0.713985
vt 0.712363 0.890168
vt 0.692850 0.985095
vt 0.085207 0.996819
vt 0.145133 0.996662
vt 0.685806 0.890168
vt 0.702836 0.890168
vt 0.700246 0.985095
vt 0.935913 0.616197
vt 0.728805 0.920534
vt 0.725532 0.920533
vt 0.937145 0.601428
vt 0.574581 0.985187
vt 0.916992 0.939453
vt 0.135538 0.912336
vt 0.219845 0.895283
vt 0.214368 0.895282
vt 0.136846 0.895450
vt 0.040236 0.973431
vt 0.916992 0.244141
vt 0.686523 0.914062
vt 0.977886 0.728142
vt 0.977873 0.775021
vt 0.933917 0.199402
vt 0.904297 0.916016
vt 0.933917 0.177396
vt 0.891602 0.916016
vt 0.971945 0.802084
vt 0.977885 0.754718
vt 0.262938 0.833661
vt 0.872070 0.436523
vt 0.820997 0.845027
vt 0.880859 0.581055
vt 0.107509 0.989032
vt 0.107510 0.985201
vt 0.603730 0.890226
vt 0.693310 0.890168
vt 0.678059 0.985095
vt 0.110743 0.996819
vt 0.091591 0.996820
vt 0.772774 0.890312
vt 0.336613 0.890164
vt 0.722433 0.985095
vt 0.935913 0.638930
vt 0.938373 0.715075
vt 0.935102 0.715074
vt 0.937145 0.624158
vt 0.537023 0.985188
vt 0.937500 0.330078
vt 0.101170 0.912040
vt 0.029403 0.894973
vt 0.023925 0.894972
vt 0.102480 0.895134
vt 0.972114 0.915574
vt 0.916992 0.638672
vt 0.360352 0.914062
vt 0.971945 0.795810
vt 0.971945 0.761486
vt 0.831049 0.888097
vt 0.528320 0.890625
vt 0.262919 0.857803
vt 0.592773 0.890625
vt 0.971945 0.741183
vt 0.971945 0.748444
vt 0.926388 0.264284
vt 0.922852 0.465820
vt 0.927030 0.144028
vt 0.921875 0.177734
vt 0.631323 0.977580
vt 0.631324 0.973541
vt 0.294989 0.892229
vt 0.326404 0.890164
vt 0.707642 0.985095
vt 0.104359 0.996819
vt 0.988463 0.901578
vt 0.612776 0.890151
vt 0.347504 0.890164
vt 0.776678 0.985095
vt 0.935247 0.691597
vt 0.052272 0.920709
vt 0.049000 0.920709
vt 0.936479 0.676812
vt 0.567072 0.985187
vt 0.937500 0.431641
vt 0.004263 0.912036
vt 0.017487 0.894973
vt 0.012010 0.894972
vt 0.005572 0.895139
vt 0.972114 0.923162
vt 0.916992 0.612305
vt 0.623047 0.914062
vt 0.977860 0.782279
vt 0.977860 0.788553
vt 0.831049 0.911658
vt 0.921875 0.200195
vt 0.926732 0.119145
vt 0.922852 0.088867
vt 0.971945 0.768253
vt 0.977886 0.734415
vt 0.526477 0.172282
vt 0.854492 0.117188
vt 0.262938 0.809348
vt 0.859375 0.581055
vt 0.871094 0.581055
vt 0.228516 0.855469
vt 0.270508 0.855469
vt 0.826172 0.384766
vt 0.801758 0.353516
vt 0.871094 0.506836
vt 0.972656 0.959961
vt 0.864258 0.049805
vt 0.003906 0.973633
vt 0.864258 0.436523
vt 0.761719 0.384766
vt 0.750977 0.367188
vt 0.744141 0.367188
vt 0.013672 0.973633
vt 0.732422 0.367188
vt 0.149414 0.894531
vt 0.172852 0.856445
vt 0.149414 0.886719
vt 0.302734 0.855469
vt 0.240234 0.855469
vt 0.183594 0.893555
vt 0.282227 0.893555
vt 0.972656 0.949219
vt 0.244141 0.893555
vt 0.842773 0.436523
vt 0.123047 0.811523
vt 0.859375 0.535156
vt 0.844727 0.302734
vt 0.848633 0.739258
vt 0.912109 0.077148
vt 0.909180 0.039062
vt 0.228516 0.811523
vt 0.848633 0.796875
vt 0.839844 0.393555
vt 0.848633 0.003906
vt 0.957031 0.291992
vt 0.914062 0.833984
vt 0.916992 0.120117
vt 0.120117 0.911133
vt 0.916016 0.902344
vt 0.838867 0.581055
vt 0.841797 0.048828
vt 0.844727 0.676758
vt 0.859375 0.796875
vt 0.844727 0.345703
vt 0.858398 0.225586
vt 0.079102 0.885742
vt 0.915039 0.465820
vt 0.194336 0.811523
vt 0.848633 0.535156
vt 0.149414 0.812500
vt 0.859375 0.739258
vt 0.958008 0.801758
vt 0.194336 0.895508
vt 0.916992 0.315430
vt 0.914062 0.872070
vt 0.916016 0.751953
vt 0.791992 0.074219
vt 0.183594 0.812500
vt 0.360352 0.739258
vt 0.847656 0.225586
vt 0.516602 0.738281
vt 0.785156 0.225586
vt 0.679688 0.678711
vt 0.040039 0.690430
vt 0.795852 0.003137
vt 0.722656 0.463867
vt 0.776367 0.302734
vt 0.221680 0.690430
vt 0.595703 0.740234
vt 0.745117 0.393555
vt 0.605469 0.740234
vt 0.541992 0.665039
vt 0.713154 0.144028
vt 0.592773 0.733398
vt 0.570803 0.716818
vt 0.686523 0.669922
vt 0.686523 0.606445
vt 0.693359 0.597656
vt 0.707031 0.523438
vt 0.712891 0.074219
vt 0.988281 0.715820
vt 0.716797 0.606445
vt 0.988281 0.723633
vt 0.715820 0.463867
vt 0.848633 0.048828
vt 0.368164 0.957031
vt 0.807617 0.276367
vt 0.960938 0.336914
vt 0.771484 0.368164
vt 0.843750 0.649414
vt 0.937500 0.288086
vt 0.700195 0.367188
vt 0.932617 0.488281
vt 0.720703 0.367188
vt 0.849609 0.436523
vt 0.972656 0.583008
vt 0.820312 0.276367
vt 0.972656 0.593750
vt 0.833008 0.276367
vt 0.952148 0.004883
vt 0.943359 0.698242
vt 0.629883 0.957031
vt 0.948242 0.556641
vt 0.952148 0.031250
vt 0.951172 0.945312
vt 0.943359 0.945312
vt 0.972656 0.603516
vt 0.945312 0.737305
vt 0.906250 0.739258
vt 0.913086 0.264648
vt 0.570312 0.377930
vt 0.913086 0.144531
vt 0.910156 0.796875
vt 0.922852 0.488281
vt 0.874023 0.884766
vt 0.939453 0.536133
vt 0.851562 0.884766
vt 0.908203 0.345703
vt 0.910156 0.228516
vt 0.972656 0.573242
vt 0.910156 0.393555
vt 0.847656 0.506836
vt 0.891602 0.879883
vt 0.906250 0.302734
vt 0.564453 0.882812
vt 0.907227 0.574219
vt 0.916016 0.879883
vt 0.918945 0.508789
vt 0.457031 0.883789
vt 0.906250 0.676758
vt 0.434570 0.913086
vt 0.553711 0.882812
vt 0.956055 0.929688
vt 0.958008 0.556641
vt 0.960938 0.720703
vt 0.413086 0.957031
vt 0.928711 0.557617
vt 0.423828 0.957031
vt 0.808594 0.393555
vt 0.811523 0.676758
vt 0.829102 0.225586
vt 0.906250 0.003906
vt 0.121094 0.756836
vt 0.907227 0.609375
vt 0.420898 0.676758
vt 0.121094 0.691406
vt 0.880859 0.883789
vt 0.032227 0.690430
vt 0.149414 0.690430
vt 0.819966 0.301983
vt 0.578603 0.659097
vt 0.818339 0.605741
vt 0.734291 0.533509
vt 0.315430 0.731445
vt 0.686523 0.676758
vt 0.006836 0.755859
vt 0.671875 0.667969
vt 0.016602 0.755859
vt 0.726562 0.534180
vt 0.591797 0.144531
vt 0.054688 0.593750
vt 0.706055 0.211914
vt 0.679688 0.598633
vt 0.228516 0.804688
vt 0.228516 0.752930
vt 0.705078 0.793945
vt 0.083984 0.658203
vt 0.076172 0.593750
vt 0.988814 0.746819
vt 0.679688 0.606445
vt 0.988797 0.808171
vt 0.067307 0.592792
vt 0.084377 0.989032
vt 0.084378 0.985201
vt 0.925970 0.879148
vt 0.924872 0.392618
vt 0.752014 0.985095
vt 0.117127 0.996819
vt 0.138761 0.996662
vt 0.926002 0.508749
vt 0.925969 0.902029
vt 0.791458 0.985095
vt 0.791138 0.218004
vt 0.285291 0.938685
vt 0.282020 0.938685
vt 0.792370 0.204589
vt 0.589599 0.985187
vt 0.026367 0.953125
vt 0.883309 0.935217
vt 0.079772 0.919401
vt 0.074294 0.919400
vt 0.884619 0.919694
vt 0.025070 0.973431
vt 0.819336 0.528320
vt 0.834961 0.656250
vt 0.121905 0.978682
vt 0.115140 0.973429
vt 0.936625 0.835210
vt 0.831055 0.513672
vt 0.885024 0.717786
vt 0.313477 0.920898
vt 0.128179 0.973429
vt 0.971945 0.966541
vt 0.919680 0.286890
vt 0.918945 0.368164
vt 0.919680 0.264286
vt 0.918945 0.441406
vt 0.517578 0.889648
vt 0.480469 0.889648
vt 0.313477 0.889648
vt 0.726562 0.890625
vt 0.988374 0.915700
vt 0.988374 0.921974
vt 0.914062 0.535156
vt 0.505859 0.889648
vt 0.490351 0.889610
vt 0.499497 0.889610
vt 0.987305 0.937500
vt 0.988374 0.929695
vt 0.918506 0.409133
vt 0.919709 0.345054
vt 0.274414 0.973633
vt 0.282227 0.977539
vt 0.916992 0.730469
vt 0.916992 0.574219
vt 0.174805 0.910156
vt 0.160156 0.894531
vt 0.988281 0.476562
vt 0.987305 0.442383
vt 0.304688 0.910156
vt 0.228516 0.893555
vt 0.811523 0.194336
vt 0.526477 0.215827
vt 0.860291 0.649044
vt 0.853540 0.649043
vt 0.526909 0.196593
vt 0.971945 0.488258
vt 0.871094 0.066406
vt 0.883506 0.528059
vt 0.370392 0.988749
vt 0.370393 0.985329
vt 0.881580 0.505240
vt 0.745857 0.889764
vt 0.798846 0.985095
vt 0.864844 0.268327
vt 0.857053 0.268326
vt 0.291446 0.652689
vt 0.988468 0.880593
vt 0.430428 0.827935
vt 0.830298 0.217109
vt 0.566462 0.977631
vt 0.566464 0.973699
vt 0.828371 0.194278
vt 0.885140 0.044204
vt 0.807617 0.985352
vt 0.896484 0.041016
vt 0.901174 0.110828
vt 0.899712 0.500443
vt 0.986746 0.873588
vt 0.430434 0.859586
vt 0.974609 0.985352
vt 0.916992 0.987305
vt 0.326172 0.988281
vt 0.266602 0.985352
vt 0.273438 0.988281
vt 0.344727 0.985352
vt 0.332935 0.621588
vt 0.333206 0.637214
vt 0.716797 0.976562
vt 0.972656 0.470703
vt 0.897325 0.977475
vt 0.717773 0.964844
vt 0.987305 0.063477
vt 0.989258 0.046875
vt 0.212891 0.988281
vt 0.068359 0.985352
vt 0.178711 0.988281
vt 0.971945 0.509912
vt 0.971945 0.494967
vt 0.622070 0.977539
vt 0.135742 0.973633
vt 0.860289 0.977467
vt 0.908203 0.985352
vt 0.989258 0.149414
vt 0.733398 0.976562
vt 0.555664 0.977539
vt 0.655273 0.976562
vt 0.176212 0.973430
vt 0.200146 0.973429
vt 0.459961 0.977539
vt 0.672852 0.976562
vt 0.838113 0.977472
vt 0.987305 0.004883
vt 0.989258 0.022461
vt 0.531250 0.977539
vt 0.692383 0.973633
vt 0.492188 0.977539
vt 0.631836 0.985352
vt 0.656991 0.985095
vt 0.255859 0.977539
vt 0.824219 0.973633
vt 0.799960 0.977468
vt 0.956055 0.986328
vt 0.989258 0.108398
vt 0.049805 0.988281
vt 0.197266 0.985352
vt 0.924805 0.976562
vt 0.986745 0.835248
vt 0.988281 0.843750
vt 0.484375 0.977539
vt 0.867967 0.973429
vt 0.777344 0.973633
vt 0.987305 0.081055
vt 0.989258 0.124023
vt 0.248047 0.988281
vt 0.310547 0.985352
vt 0.221680 0.988281
vt 0.986745 0.648655
vt 0.988884 0.707644
vt 0.664062 0.976562
vt 0.155209 0.985095
vt 0.758789 0.976562
vt 0.987305 0.029297
vt 0.989258 0.056641
vt 0.360352 0.988281
vt 0.318359 0.985352
vt 0.299805 0.988281
vt 0.986745 0.580154
vt 0.989028 0.586565
vt 0.743164 0.973633
vt 0.910484 0.973429
vt 0.751953 0.973633
vt 0.898438 0.986328
vt 0.932617 0.987305
vt 0.256836 0.988281
vt 0.188477 0.985352
vt 0.230469 0.988281
vt 0.986745 0.642381
vt 0.988957 0.635494
vt 0.637695 0.976562
vt 0.874847 0.973429
vt 0.767578 0.976562
vt 0.987305 0.115234
vt 0.925781 0.987305
vt 0.952148 0.973633
vt 0.726562 0.973633
vt 0.942383 0.976562
vt 0.987305 0.852539
vt 0.988746 0.828974
vt 0.475586 0.977539
vt 0.816406 0.973633
vt 0.785156 0.973633
vt 0.987305 0.132812
vt 0.989258 0.140625
vt 0.540039 0.977539
vt 0.547852 0.977539
vt 0.522461 0.977539
vt 0.639648 0.987305
vt 0.648438 0.987305
vt 0.237305 0.977539
vt 0.684570 0.973633
vt 0.792002 0.977470
vt 0.987305 0.099609
vt 0.989258 0.013672
vt 0.701172 0.973633
vt 0.004883 0.985352
vt 0.648438 0.973633
vt 0.183765 0.978429
vt 0.192383 0.977539
vt 0.453125 0.973633
vt 0.145508 0.973633
vt 0.845703 0.976562
vt 0.987305 0.039062
vt 0.964844 0.987305
vt 0.206055 0.985352
vt 0.241211 0.985352
vt 0.164062 0.985352
vt 0.979055 0.502841
vt 0.979019 0.516186
vt 0.614258 0.973633
vt 0.972656 0.481445
vt 0.853217 0.977475
vt 0.987305 0.090820
vt 0.989258 0.073242
vt 0.335938 0.985352
vt 0.352539 0.985352
vt 0.285156 0.985352
vt 0.332937 0.662113
vt 0.333208 0.615315
vt 0.709961 0.973633
vt 0.400391 0.957031
vt 0.903870 0.977476
vt 0.784180 0.606445
vt 0.723825 0.742224
vt 0.737305 0.058594
vt 0.780273 0.732422
vt 0.783983 0.589808
vt 0.791298 0.659926
vt 0.792298 0.533510
vt 0.790423 0.533509
vt 0.793235 0.605907
vt 0.988710 0.859182
vt 0.426758 0.794922
vt 0.988743 0.867314
vt 0.988852 0.814606
vt 0.891731 0.110828
vt 0.894340 0.430303
vt 0.842825 0.985097
vt 0.431430 0.988368
vt 0.431431 0.985328
vt 0.840732 0.987884
vt 0.849098 0.987883
vt 0.987305 0.182617
vt 0.152171 0.996601
vt 0.151781 0.996521
vt 0.151505 0.996116
vt 0.151781 0.995332
vt 0.152447 0.995816
vt 0.792226 0.295299
vt 0.798571 0.599220
vt 0.773871 0.207339
vt 0.731267 0.209673
vt 0.783081 0.357949
vt 0.988317 0.952596
vt 0.785113 0.073583
vt 0.986755 0.888776
vt 0.783154 0.358022
vt 0.791065 0.463065
vt 0.784864 0.144036
vt 0.988851 0.821042
vt 0.988980 0.628606
vt 0.871256 0.268411
vt 0.891799 0.500310
vt 0.859557 0.985097
vt 0.422115 0.988375
vt 0.422116 0.985329
vt 0.857465 0.987882
vt 0.832365 0.987883
vt 0.989258 0.171875
vt 0.159386 0.996601
vt 0.158996 0.996521
vt 0.158720 0.996116
vt 0.158996 0.995332
vt 0.159662 0.995816
vt 0.831097 0.067285
vt 0.505770 0.942320
vt 0.429796 0.865863
vt 0.934208 0.082619
vt 0.783142 0.463138
vt 0.784651 0.448597
vt 0.988317 0.959980
vt 0.784790 0.463065
vt 0.988338 0.945123
vt 0.782989 0.448670
vt 0.790925 0.392618
vt 0.895508 0.033203
vt 0.895508 0.739258
vt 0.770508 0.847656
vt 0.844727 0.074219
vt 0.540039 0.845703
vt 0.844727 0.463867
vt 0.895508 0.302734
vt 0.423828 0.936523
vt 0.905273 0.463867
vt 0.714844 0.936523
vt 0.905273 0.074219
vt 0.895508 0.676758
vt 0.972656 0.678711
vt 0.899414 0.611328
vt 0.972656 0.648438
vt 0.899414 0.574219
vt 0.961914 0.060547
vt 0.593750 0.957031
vt 0.869141 0.796875
vt 0.066406 0.841797
vt 0.870117 0.345703
vt 0.960938 0.500977
vt 0.960938 0.352539
vt 0.963867 0.902344
vt 0.972656 0.658203
vt 0.963867 0.264648
vt 0.335938 0.840820
vt 0.346680 0.798828
vt 0.831055 0.796875
vt 0.664062 0.844727
vt 0.084961 0.792969
vt 0.529297 0.798828
vt 0.413086 0.936523
vt 0.516602 0.797852
vt 0.292969 0.938477
vt 0.493164 0.797852
vt 0.357422 0.798828
vt 0.329102 0.798828
vt 0.972656 0.627930
vt 0.840820 0.225586
vt 0.961914 0.376953
vt 0.958984 0.574219
vt 0.869141 0.535156
vt 0.313477 0.846680
vt 0.870117 0.676758
vt 0.961914 0.656250
vt 0.960938 0.945312
vt 0.963867 0.699219
vt 0.972656 0.637695
vt 0.963867 0.756836
vt 0.888672 0.773438
vt 0.885742 0.676758
vt 0.842773 0.144531
vt 0.650391 0.847656
vt 0.843750 0.606445
vt 0.885742 0.302734
vt 0.904297 0.937500
vt 0.207031 0.854492
vt 0.682617 0.936523
vt 0.136719 0.854492
vt 0.885742 0.003906
vt 0.219727 0.854492
vt 0.972656 0.668945
vt 0.039062 0.853516
vt 0.024414 0.853516
vt 0.884766 0.074219
vt 0.738281 0.676758
vt 0.578125 0.724609
vt 0.742188 0.144531
vt 0.762695 0.393555
vt 0.884766 0.606445
vt 0.006836 0.853516
vt 0.741211 0.534180
vt 0.752930 0.393555
vt 0.742188 0.074219
vt 0.553711 0.726562
vt 0.650391 0.519531
vt 0.661133 0.393555
vt 0.567383 0.723633
vt 0.662109 0.003906
vt 0.773438 0.393555
vt 0.656250 0.534180
vt 0.608398 0.519531
vt 0.638672 0.225586
vt 0.676968 0.100502
vt 0.585938 0.545898
vt 0.584428 0.837233
vt 0.670898 0.534180
vt 0.228516 0.440430
vt 0.598643 0.003137
vt 0.630859 0.366211
vt 0.592370 0.137754
vt 0.825195 0.648438
vt 0.825195 0.606445
vt 0.827148 0.344727
vt 0.281250 0.574219
vt 0.289062 0.440430
vt 0.988281 0.792969
vt 0.601552 0.392618
vt 0.988814 0.754532
vt 0.593750 0.393555
vt 0.099799 0.989032
vt 0.099799 0.985201
vt 0.449176 0.919598
vt 0.135629 0.918612
vt 0.744620 0.985095
vt 0.046904 0.996819
vt 0.988463 0.895177
vt 0.505862 0.920384
vt 0.554197 0.918418
vt 0.729829 0.985095
vt 0.950883 0.523078
vt 0.953803 0.349126
vt 0.950532 0.349126
vt 0.952115 0.511037
vt 0.544536 0.985188
vt 0.951172 0.615234
vt 0.943418 0.615654
vt 0.946327 0.179002
vt 0.940848 0.179001
vt 0.944729 0.601503
vt 0.047819 0.973431
vt 0.088867 0.953125
vt 0.334961 0.936523
vt 0.342836 0.978044
vt 0.363630 0.978044
vt 0.948721 0.924384
vt 0.937500 0.796875
vt 0.947814 0.796373
vt 0.941406 0.144531
vt 0.302724 0.973430
vt 0.383931 0.978044
vt 0.933415 0.508751
vt 0.714844 0.914062
vt 0.933151 0.752339
vt 0.926758 0.417969
vt 0.975648 0.977379
vt 0.975648 0.973536
vt 0.934300 0.088893
vt 0.573251 0.918418
vt 0.670663 0.985095
vt 0.165936 0.996546
vt 0.097975 0.996820
vt 0.464186 0.919598
vt 0.090292 0.918309
vt 0.685547 0.985352
vt 0.950750 0.914165
vt 0.457820 0.941550
vt 0.454548 0.941549
vt 0.951982 0.902121
vt 0.552049 0.985188
vt 0.514648 0.953125
vt 0.943488 0.382153
vt 0.947453 0.392619
vt 0.941976 0.392618
vt 0.944799 0.368007
vt 0.972114 0.907985
vt 0.123047 0.953125
vt 0.764648 0.935547
vt 0.369904 0.978044
vt 0.377164 0.978044
vt 0.735294 0.935846
vt 0.940430 0.648438
vt 0.944282 0.051147
vt 0.939453 0.858398
vt 0.329795 0.973430
vt 0.309493 0.978057
vt 0.933561 0.646027
vt 0.735352 0.914062
vt 0.929915 0.834138
vt 0.926758 0.288086
vt 0.670898 0.519531
vt 0.592773 0.534180
vt 0.019967 0.996844
vt 0.670694 0.003137
vt 0.004567 0.996853
vt 0.664062 0.534180
vt 0.972656 0.702148
vt 0.914062 0.946289
vt 0.953125 0.320312
vt 0.953125 0.200195
vt 0.953125 0.215820
vt 0.972656 0.285156
vt 0.972656 0.305664
vt 0.971945 0.437636
vt 0.971945 0.546382
vt 0.971945 0.422217
vt 0.972656 0.531250
vt 0.592773 0.883789
vt 0.529297 0.848633
vt 0.480469 0.846680
vt 0.437500 0.840820
vt 0.838867 0.841797
vt 0.780273 0.847656
vt 0.739258 0.847656
vt 0.773438 0.936523
vt 0.750000 0.847656
vt 0.602539 0.848633
vt 0.553711 0.940430
vt 0.338867 0.847656
vt 0.745117 0.941406
vt 0.360352 0.847656
vt 0.699219 0.964844
vt 0.958984 0.072266
vt 0.874023 0.393555
vt 0.568359 0.837891
vt 0.875000 0.003906
vt 0.869141 0.739258
vt 0.958984 0.522461
vt 0.960938 0.604492
vt 0.103516 0.953125
vt 0.664062 0.941406
vt 0.210938 0.940430
vt 0.798828 0.726562
vt 0.798828 0.463867
vt 0.184570 0.755859
vt 0.828125 0.845703
vt 0.270508 0.752930
vt 0.798828 0.534180
vt 0.251953 0.938477
vt 0.262695 0.752930
vt 0.368164 0.936523
vt 0.546875 0.168945
vt 0.798828 0.393555
vt 0.208984 0.753906
vt 0.134766 0.941406
vt 0.140625 0.753906
vt 0.958984 0.244141
vt 0.382812 0.956055
vt 0.868164 0.225586
vt 0.077148 0.841797
vt 0.958984 0.892578
vt 0.960938 0.858398
vt 0.815430 0.941406
vt 0.951172 0.858398
vt 0.564453 0.940430
vt 0.675781 0.840820
vt 0.540039 0.798828
vt 0.491211 0.846680
vt 0.761719 0.800781
vt 0.617188 0.847656
vt 0.653320 0.800781
vt 0.686523 0.801758
vt 0.400391 0.936523
vt 0.605469 0.801758
vt 0.783203 0.800781
vt 0.313477 0.799805
vt 0.717773 0.801758
vt 0.583008 0.940430
vt 0.403320 0.801758
vt 0.013672 0.853516
vt 0.884766 0.463867
vt 0.680664 0.225586
vt 0.706055 0.606445
vt 0.684570 0.003906
vt 0.678711 0.463867
vt 0.884766 0.225586
vt 0.883789 0.841797
vt 0.678711 0.393555
vt 0.684570 0.074219
vt 0.680664 0.295898
vt 0.712891 0.534180
vt 0.565430 0.149414
vt 0.567383 0.225586
vt 0.695312 0.074219
vt 0.137695 0.440430
vt 0.689453 0.463867
vt 0.066406 0.440430
vt 0.144531 0.585938
vt 0.186523 0.440430
vt 0.584961 0.679688
vt 0.584660 0.003137
vt 0.885742 0.535156
vt 0.585938 0.393555
vt 0.403320 0.003906
vt 0.561658 0.392618
vt 0.465820 0.386719
vt 0.358398 0.557617
vt 0.820312 0.045898
vt 0.820312 0.003906
vt 0.819336 0.578125
vt 0.553711 0.545898
vt 0.551758 0.225586
vt 0.988823 0.731394
vt 0.561087 0.224802
vt 0.988281 0.785156
vt 0.558594 0.003906
vt 0.385620 0.988766
vt 0.385621 0.985194
vt 0.472053 0.919598
vt 0.004355 0.918311
vt 0.737305 0.985352
vt 0.053288 0.996819
vt 0.059672 0.996820
vt 0.441672 0.919598
vt 0.745793 0.918686
vt 0.715037 0.985095
vt 0.950963 0.847338
vt 0.728804 0.941625
vt 0.725532 0.941624
vt 0.952194 0.835302
vt 0.559561 0.985187
vt 0.947266 0.828125
vt 0.943418 0.636245
vt 0.946327 0.199403
vt 0.940848 0.199401
vt 0.944729 0.622097
vt 0.972114 0.900396
vt 0.159180 0.952148
vt 0.533203 0.936523
vt 0.349603 0.978044
vt 0.295955 0.978095
vt 0.948043 0.442445
vt 0.940430 0.347656
vt 0.946081 0.315769
vt 0.940430 0.508789
vt 0.397465 0.973429
vt 0.404232 0.978044
vt 0.203264 0.918163
vt 0.368164 0.914062
vt 0.933789 0.144030
vt 0.926758 0.016602
vt 0.292861 0.988849
vt 0.292862 0.985196
vt 0.933243 0.774434
vt 0.563724 0.918418
vt 0.663265 0.985095
vt 0.040520 0.996819
vt 0.988463 0.907979
vt 0.542078 0.919612
vt 0.101262 0.918316
vt 0.784180 0.985352
vt 0.243648 0.950573
vt 0.874307 0.941558
vt 0.871035 0.941557
vt 0.244881 0.938521
vt 0.582091 0.985187
vt 0.480469 0.954102
vt 0.943378 0.849533
vt 0.946298 0.774435
vt 0.940818 0.774434
vt 0.944689 0.835378
vt 0.972113 0.930750
vt 0.037109 0.952148
vt 0.653595 0.935907
vt 0.702148 0.936523
vt 0.356370 0.978044
vt 0.289182 0.978095
vt 0.639908 0.935906
vt 0.937500 0.443359
vt 0.947031 0.287426
vt 0.940430 0.753906
vt 0.424533 0.973430
vt 0.431300 0.978044
vt 0.933491 0.119146
vt 0.399414 0.914062
vt 0.126896 0.918164
vt 0.926758 0.316406
vt 0.569367 0.538908
vt 0.578125 0.225586
vt 0.577130 0.003137
vt 0.578125 0.393555
vt 0.972656 0.713867
vt 0.927734 0.736328
vt 0.954102 0.393555
vt 0.953125 0.737305
vt 0.954102 0.466797
vt 0.972656 0.297852
vt 0.972656 0.252930
vt 0.971945 0.445346
vt 0.971945 0.554091
vt 0.971945 0.429927
vt 0.972656 0.539062
vt 0.841797 0.573242
vt 0.838867 0.796875
vt 0.503906 0.882812
vt 0.305664 0.809570
vt 0.627930 0.847656
vt 0.039062 0.807617
vt 0.838867 0.739258
vt 0.895508 0.776367
vt 0.422852 0.802734
vt 0.629883 0.936523
vt 0.380859 0.802734
vt 0.838867 0.003906
vt 0.972656 0.006836
vt 0.115234 0.807617
vt 0.922852 0.074219
vt 0.099609 0.807617
vt 0.958984 0.635742
vt 0.332031 0.956055
vt 0.859375 0.003906
vt 0.553711 0.839844
vt 0.870117 0.302734
vt 0.611328 0.964844
vt 0.958984 0.838867
vt 0.764648 0.956055
vt 0.972656 0.027344
vt 0.963867 0.820312
vt 0.758789 0.793945
vt 0.788086 0.676758
vt 0.084961 0.731445
vt 0.637695 0.847656
vt 0.473633 0.729492
vt 0.313477 0.792969
vt 0.593750 0.936523
vt 0.738281 0.739258
vt 0.893555 0.937500
vt 0.542969 0.738281
vt 0.770508 0.739258
vt 0.788086 0.739258
vt 0.916016 0.699219
vt 0.671875 0.733398
vt 0.958984 0.129883
vt 0.960938 0.677734
vt 0.049805 0.877930
vt 0.795898 0.845703
vt 0.352539 0.964844
vt 0.682617 0.957031
vt 0.533203 0.956055
vt 0.961914 0.008789
vt 0.964844 0.541016
vt 0.664062 0.837891
vt 0.833984 0.506836
vt 0.811523 0.845703
vt 0.835938 0.144531
vt 0.513672 0.846680
vt 0.473633 0.791016
vt 0.833984 0.117188
vt 0.611328 0.936523
vt 0.832031 0.393555
vt 0.349609 0.936523
vt 0.581055 0.787109
vt 0.553711 0.790039
vt 0.827148 0.463867
vt 0.972656 0.016602
vt 0.827148 0.074219
vt 0.111328 0.853516
vt 0.679688 0.848633
vt 0.368164 0.676758
vt 0.723633 0.606445
vt 0.271484 0.687500
vt 0.727539 0.003906
vt 0.883789 0.144531
vt 0.887695 0.393555
vt 0.438477 0.664062
vt 0.731445 0.074219
vt 0.228516 0.687500
vt 0.731445 0.144531
vt 0.532227 0.160156
vt 0.533203 0.225586
vt 0.410156 0.676758
vt 0.425781 0.405273
vt 0.732422 0.393555
vt 0.539062 0.393555
vt 0.438477 0.551758
vt 0.315430 0.405273
vt 0.885742 0.796875
vt 0.300492 0.395313
vt 0.698625 0.801087
vt 0.308022 0.395313
vt 0.315430 0.225586
vt 0.470950 0.003137
vt 0.413086 0.397461
vt 0.456966 0.167374
vt 0.827148 0.719727
vt 0.827148 0.676758
vt 0.820312 0.782227
vt 0.307617 0.388672
vt 0.298828 0.225586
vt 0.988814 0.739107
vt 0.473633 0.225586
vt 0.988805 0.762238
vt 0.464676 0.003137
vt 0.092088 0.989032
vt 0.092088 0.985201
vt 0.456681 0.919599
vt 0.514540 0.920385
vt 0.078823 0.996819
vt 0.066056 0.996820
vt 0.934367 0.466071
vt 0.064698 0.919400
vt 0.950976 0.244851
vt 0.953864 0.677269
vt 0.950595 0.677269
vt 0.952207 0.232820
vt 0.515122 0.985188
vt 0.937500 0.828125
vt 0.943736 0.031984
vt 0.947422 0.466072
vt 0.941943 0.466071
vt 0.945047 0.017839
vt 0.032653 0.973431
vt 0.014648 0.953125
vt 0.828125 0.443359
vt 0.316260 0.978050
vt 0.444832 0.973429
vt 0.786573 0.935849
vt 0.940430 0.264648
vt 0.831049 0.933884
vt 0.940430 0.121094
vt 0.417273 0.973430
vt 0.438067 0.973429
vt 0.932974 0.345349
vt 0.593750 0.914062
vt 0.933383 0.879464
vt 0.413086 0.914062
vt 0.171893 0.988984
vt 0.171894 0.985200
vt 0.934400 0.392618
vt 0.811565 0.919167
vt 0.172299 0.996546
vt 0.072440 0.996820
vt 0.434168 0.919598
vt 0.664892 0.918924
vt 0.950615 0.276422
vt 0.545349 0.941553
vt 0.542077 0.941552
vt 0.951847 0.264375
vt 0.522639 0.985188
vt 0.049805 0.953125
vt 0.943391 0.244850
vt 0.947355 0.090430
vt 0.941875 0.090429
vt 0.944703 0.230694
vt 0.972113 0.938334
vt 0.192383 0.953125
vt 0.676135 0.935916
vt 0.835938 0.124023
vt 0.336562 0.978044
vt 0.323028 0.973430
vt 0.949720 0.535215
vt 0.938477 0.924805
vt 0.946120 0.417840
vt 0.940430 0.881836
vt 0.410506 0.973430
vt 0.390698 0.973430
vt 0.933147 0.264285
vt 0.783203 0.914062
vt 0.929182 0.367842
vt 0.423828 0.914062
vt 0.542163 0.160196
vt 0.549873 0.003137
vt 0.012271 0.996852
vt 0.546875 0.393555
vt 0.988281 0.974609
vt 0.544922 0.225586
vt 0.972656 0.690430
vt 0.953125 0.183594
vt 0.954102 0.090820
vt 0.953125 0.775391
vt 0.953125 0.422852
vt 0.972656 0.272461
vt 0.972656 0.240234
vt 0.972656 0.453125
vt 0.971945 0.561800
vt 0.971945 0.414507
vt 0.972656 0.523438
vt 0.039062 0.753906
vt 0.424805 0.172852
vt 0.972656 0.188477
vt 0.410156 0.172852
vt 0.972656 0.208008
vt 0.515004 0.977752
vt 0.195718 0.802943
vt 0.195720 0.755441
vt 0.515907 0.973669
vt 0.431568 0.673725
vt 0.479492 0.171875
vt 0.913086 0.187500
vt 0.072266 0.885742
vt 0.972656 0.179688
vt 0.912109 0.428711
vt 0.972656 0.160156
vt 0.500647 0.977760
vt 0.053050 0.914435
vt 0.053051 0.885083
vt 0.501553 0.973670
vt 0.903434 0.796611
vt 0.884766 0.267578
vt 0.808819 0.973432
vt 0.457031 0.559570
vt 0.473633 0.559570
vt 0.972656 0.169922
vt 0.445312 0.559570
vt 0.972656 0.198242
vt 0.507826 0.977752
vt 0.557452 0.653172
vt 0.557454 0.552585
vt 0.508730 0.973669
vt 0.570803 0.545184
vt 0.541992 0.556641
vt 0.831839 0.973432
vt 0.814721 0.912892
vt 0.811175 0.888096
vt 0.665032 0.887739
vt 0.795217 0.888095
vt 0.907679 0.110828
vt 0.402344 0.988281
vt 0.221759 0.978348
vt 0.159617 0.973431
vt 0.155752 0.973430
vt 0.223059 0.973617
vt 0.141291 0.985283
vt 0.263672 0.977539
vt 0.824773 0.912893
vt 0.821227 0.888096
vt 0.906855 0.500440
vt 0.539669 0.888544
vt 0.906812 0.645205
vt 0.411133 0.988281
vt 0.214182 0.978358
vt 0.169938 0.973431
vt 0.166075 0.973430
vt 0.215485 0.973617
vt 0.148868 0.985283
vt 0.246094 0.977539
vt 0.933463 0.977376
vt 0.906109 0.218069
vt 0.906111 0.187326
vt 0.935367 0.973664
vt 0.296127 0.855119
vt 0.903320 0.535156
vt 0.925982 0.361208
vt 0.585382 0.373279
vt 0.928711 0.676758
vt 0.617486 0.373279
vt 0.928711 0.051758
vt 0.926015 0.768459
vt 0.498227 0.920391
vt 0.490860 0.920388
vt 0.926877 0.752898
vt 0.972510 0.232682
vt 0.379883 0.949219
vt 0.872425 0.985095
vt 0.980441 0.041436
vt 0.972181 0.041435
vt 0.873274 0.988079
vt 0.972177 0.214356
vt 0.971945 0.325736
vt 0.949089 0.987977
vt 0.980449 0.034075
vt 0.972181 0.034073
vt 0.972177 0.223519
vt 0.971945 0.318655
vt 0.948268 0.985095
vt 0.871425 0.935281
vt 0.481361 0.920381
vt 0.480254 0.920379
vt 0.874307 0.920653
vt 0.940940 0.985095
vt 0.942782 0.502367
vt 0.938008 0.051376
vt 0.605469 0.385742
vt 0.592773 0.374023
vt 0.971945 0.610756
vt 0.333249 0.586944
vt 0.971945 0.617345
vt 0.333250 0.567921
vt 0.178884 0.995333
vt 0.179046 0.995333
vt 0.179187 0.995414
vt 0.179268 0.995716
vt 0.179187 0.995857
vt 0.179046 0.995938
vt 0.178744 0.995857
vt 0.178663 0.995716
vt 0.178663 0.995554
vt 0.185925 0.995937
vt 0.185763 0.995938
vt 0.185623 0.995856
vt 0.185542 0.995554
vt 0.185623 0.995413
vt 0.185763 0.995332
vt 0.186066 0.995413
vt 0.186147 0.995554
vt 0.186147 0.995716
vt 0.596334 0.988374
vt 0.625171 0.988326
vt 0.528913 0.985095
vt 0.866149 0.988185
vt 0.862917 0.524530
vt 0.856643 0.506326
vt 0.854599 0.506325
vt 0.864032 0.506512
vt 0.988629 0.800470
vt 0.269642 0.910431
vt 0.936493 0.031985
vt 0.931687 0.924384
vt 0.926014 0.924383
vt 0.937463 0.017306
vt 0.972086 0.808847
vt 0.820312 0.066406
vt 0.132487 0.996679
vt 0.966797 0.973633
vt 0.034470 0.985095
vt 0.958984 0.973633
vt 0.026850 0.985095
vt 0.124866 0.995332
vt 0.042091 0.985095
vt 0.019531 0.985352
vt 0.011719 0.985352
vt 0.075323 0.985095
vt 0.083813 0.978230
vt 0.074264 0.978673
vt 0.073924 0.973590
vt 0.054516 0.973591
vt 0.083542 0.973431
vt 0.064135 0.973433
vt 0.986745 0.700210
vt 0.986745 0.677696
vt 0.986745 0.662893
vt 0.986746 0.692769
vt 0.123072 0.988970
vt 0.114223 0.988537
vt 0.131807 0.988950
vt 0.058104 0.986339
vt 0.131262 0.986328
vt 0.122767 0.985096
vt 0.131504 0.985097
vt 0.986746 0.982180
vt 0.986746 0.967292
vt 0.034246 0.995332
vt 0.027106 0.995332
vt 0.498047 0.164062
vt 0.499023 0.225586
vt 0.955078 0.368164
vt 0.955078 0.061523
vt 0.514648 0.003906
vt 0.519531 0.225586
vt 0.479492 0.164062
vt 0.480469 0.225586
vt 0.784738 0.205847
vt 0.360874 0.948144
vt 0.524590 0.003137
vt 0.526927 0.224802
vt 0.410156 0.795898
vt 0.368164 0.742188
vt 0.955078 0.658203
vt 0.791992 0.302734
vt 0.653320 0.740234
vt 0.631836 0.792969
vt 0.613281 0.740234
vt 0.622627 0.948137
vt 0.678711 0.741211
vt 0.793212 0.224802
vt 0.333984 0.217773
vt 0.351562 0.003906
vt 0.955078 0.154297
vt 0.368164 0.003906
vt 0.381836 0.003906
vt 0.296875 0.217773
vt 0.315430 0.003906
vt 0.604869 0.948322
vt 0.388481 0.003137
vt 0.396729 0.003137
vt 0.722656 0.225586
vt 0.724609 0.144531
vt 0.583008 0.973633
vt 0.057617 0.665039
vt 0.573242 0.973633
vt 0.977751 0.816303
vt 0.570360 0.217238
vt 0.570361 0.155877
vt 0.705967 0.073773
vt 0.553711 0.660156
vt 0.082031 0.665039
vt 0.724609 0.074219
vt 0.593750 0.973633
vt 0.068359 0.665039
vt 0.603516 0.973633
vt 0.092903 0.978725
vt 0.581703 0.217238
vt 0.581704 0.155877
vt 0.093755 0.973620
vt 0.699802 0.463255
vt 0.720703 0.393555
vt 0.989348 0.313534
vt 0.989258 0.266602
vt 0.989258 0.321289
vt 0.989348 0.242267
vt 0.987305 0.407227
vt 0.988281 0.423828
vt 0.988984 0.600277
vt 0.989098 0.498437
vt 0.988984 0.607133
vt 0.989076 0.525866
vt 0.987305 0.450195
vt 0.988281 0.398438
vt 0.988984 0.613988
vt 0.989076 0.546435
vt 0.989005 0.567019
vt 0.989076 0.512153
vt 0.989258 0.258789
vt 0.989379 0.341953
vt 0.989258 0.282227
vt 0.989323 0.383230
vt 0.989351 0.202368
vt 0.989379 0.361455
vt 0.989258 0.210938
vt 0.989323 0.376734
vt 0.989350 0.305824
vt 0.989258 0.234375
vt 0.989350 0.298114
vt 0.989258 0.226562
vt 0.988281 0.391602
vt 0.988281 0.432617
vt 0.989005 0.573880
vt 0.989076 0.532722
vt 0.988984 0.593421
vt 0.989076 0.539578
vt 0.988281 0.416992
vt 0.988281 0.458008
vt 0.989005 0.560158
vt 0.989076 0.519009
vt 0.989006 0.553296
vt 0.989087 0.505296
vt 0.989258 0.218750
vt 0.989379 0.354954
vt 0.989346 0.290137
vt 0.989379 0.348454
vt 0.989348 0.250246
vt 0.989379 0.328952
vt 0.989258 0.274414
vt 0.989379 0.335452
vt 0.987305 0.466797
vt 0.988894 0.671419
vt 0.989083 0.484226
vt 0.988905 0.656617
vt 0.989077 0.491576
vt 0.881836 0.985352
vt 0.890625 0.987305
vt 0.989433 0.189418
vt 0.989610 0.164810
vt 0.989433 0.196094
vt 0.986745 0.157729
s 0
g st_maria_praca_TH_RENDER_EnvironmentBakedAtlas
usemtl EnvironmentBakedAtlas
f 2/1/1 52/2/1 1/3/1
f 3/4/1 53/5/1 2/1/1
f 4/6/1 54/7/1 3/4/1
f 5/8/1 55/9/1 4/6/1
f 6/10/1 56/11/1 5/8/1
f 7/12/1 57/13/1 6/10/1
f 8/14/1 58/15/1 7/12/1
f 9/16/1 59/17/1 8/14/1
f 10/18/1 60/19/1 9/16/1
f 11/20/1 61/21/1 10/18/1
f 12/22/1 62/23/1 11/20/1
f 13/24/1 63/25/1 12/22/1
f 14/26/1 64/27/1 13/24/1
f 15/28/1 65/29/1 14/26/1
f 16/30/1 66/31/1 15/28/1
f 17/32/1 67/33/1 16/30/1
f 18/34/1 68/35/1 17/32/1
f 19/36/1 69/37/1 18/34/1
f 20/38/1 70/39/1 19/36/1
f 21/40/1 71/41/1 20/38/1
f 22/42/1 72/43/1 21/40/1
f 23/44/1 73/45/1 22/42/1
f 24/46/1 74/47/1 23/44/1
f 25/48/1 75/49/1 24/46/1
f 26/50/1 76/51/1 25/48/1
f 27/52/1 77/53/1 26/50/1
f 28/54/1 78/55/1 27/52/1
f 29/56/1 79/57/1 28/54/1
f 30/58/1 80/59/1 29/56/1
f 31/60/1 81/61/1 30/58/1
f 32/62/1 82/63/1 31/60/1
f 33/64/1 83/65/1 32/62/1
f 34/66/1 84/67/1 33/64/1
f 35/68/1 85/69/1 34/66/1
f 36/70/1 86/71/1 35/68/1
f 37/72/1 87/73/1 36/70/1
f 38/74/1 88/75/1 37/72/1
f 39/76/1 89/77/1 38/74/1
f 40/78/1 90/79/1 39/76/1
f 41/80/1 91/81/1 40/78/1
f 42/82/1 92/83/1 41/80/1
f 43/84/1 93/85/1 42/82/1
f 44/86/1 94/87/1 43/84/1
f 45/88/1 95/89/1 44/86/1
f 46/90/1 96/91/1 45/88/1
f 47/92/1 97/93/1 46/90/1
f 48/94/1 98/95/1 47/92/1
f 49/96/1 99/97/1 48/94/1
f 50/98/1 100/99/1 49/96/1
f 51/100/1 101/101/1 50/98/1
f 53/5/1 103/102/1 52/2/1
f 54/7/1 104/103/1 53/5/1
f 55/9/1 105/104/1 54/7/1
f 56/11/1 106/105/1 55/9/1
f 57/13/1 107/106/1 56/11/1
f 58/15/1 108/107/1 57/13/1
f 59/17/1 109/108/1 58/15/1
f 60/19/1 110/109/1 59/17/1
f 61/21/1 111/110/1 60/19/1
f 62/23/1 112/111/1 61/21/1
f 63/25/1 113/112/1 62/23/1
f 64/27/1 114/113/1 63/25/1
f 65/29/1 115/114/1 64/27/1
f 66/31/1 116/115/1 65/29/1
f 67/33/1 117/116/1 66/31/1
f 68/35/1 118/117/1 67/33/1
f 69/37/1 119/118/1 68/35/1
f 70/39/1 120/119/1 69/37/1
f 71/41/1 121/120/1 70/39/1
f 72/43/1 122/121/1 71/41/1
f 73/45/1 123/122/1 72/43/1
f 74/47/1 124/123/1 73/45/1
f 75/49/1 125/124/1 74/47/1
f 76/51/1 126/125/1 75/49/1
f 77/53/1 127/126/1 76/51/1
f 78/55/1 128/127/1 77/53/1
f 79/57/1 129/128/1 78/55/1
f 80/59/1 130/129/1 79/57/1
f 81/61/1 131/130/1 80/59/1
f 82/63/1 132/131/1 81/61/1
f 83/65/1 133/132/1 82/63/1
f 84/67/1 134/133/1 83/65/1
f 85/69/1 135/134/1 84/67/1
f 86/71/1 136/135/1 85/69/1
f 87/73/1 137/136/1 86/71/1
f 88/75/1 138/137/1 87/73/1
f 89/77/1 139/138/1 88/75/1
f 90/79/1 140/139/1 89/77/1
f 91/81/1 141/140/1 90/79/1
f 92/83/1 142/141/1 91/81/1
f 93/85/1 143/142/1 92/83/1
f 94/87/1 144/143/1 93/85/1
f 95/89/1 145/144/1 94/87/1
f 96/91/1 146/145/1 95/89/1
f 97/93/1 147/146/1 96/91/1
f 98/95/1 148/147/1 97/93/1
f 99/97/1 149/148/1 98/95/1
f 100/99/1 150/149/1 99/97/1
f 101/101/1 151/150/1 100/99/1
f 102/151/1 152/152/1 101/101/1
f 104/103/2 154/153/2 103/102/2
f 105/104/2 155/154/2 104/103/2
f 106/105/2 156/155/2 105/104/2
f 107/106/2 157/156/2 106/105/2
f 108/107/2 158/157/2 107/106/2
f 109/108/2 159/158/2 108/107/2
f 110/109/2 160/159/2 109/108/2
f 111/110/2 161/160/2 110/109/2
f 112/111/2 162/161/2 111/110/2
f 113/112/2 163/162/2 112/111/2
f 114/113/2 164/163/2 113/112/2
f 115/114/2 165/164/2 114/113/2
f 116/115/2 166/165/2 115/114/2
f 117/116/2 167/166/2 116/115/2
f 118/117/2 168/167/2 117/116/2
f 119/118/2 169/168/2 118/117/2
f 120/119/2 170/169/2 119/118/2
f 121/120/2 171/170/2 120/119/2
f 122/121/2 172/171/2 121/120/2
f 123/122/2 173/172/2 122/121/2
f 124/123/2 174/173/2 123/122/2
f 125/124/2 175/174/2 124/123/2
f 126/125/2 176/175/2 125/124/2
f 127/126/2 177/176/2 126/125/2
f 128/127/2 178/177/2 127/126/2
f 129/128/2 179/178/2 128/127/2
f 130/129/2 180/179/2 129/128/2
f 131/130/2 181/180/2 130/129/2
f 132/131/2 182/181/2 131/130/2
f 133/132/2 183/182/2 132/131/2
f 134/133/2 184/183/2 133/132/2
f 135/134/2 185/184/2 134/133/2
f 136/135/2 186/185/2 135/134/2
f 137/136/2 187/186/2 136/135/2
f 138/137/2 188/187/2 137/136/2
f 139/138/2 189/188/2 138/137/2
f 140/139/2 190/189/2 139/138/2
f 141/140/2 191/190/2 140/139/2
f 142/141/2 192/191/2 141/140/2
f 143/142/2 193/192/2 142/141/2
f 144/143/2 194/193/2 143/142/2
f 145/144/2 195/194/2 144/143/2
f 146/145/2 196/195/2 145/144/2
f 147/146/2 197/196/2 146/145/2
f 148/147/2 198/197/2 147/146/2
f 149/148/2 199/198/2 148/147/2
f 150/149/2 200/199/2 149/148/2
f 151/150/2 201/200/2 150/149/2
f 152/152/2 202/201/2 151/150/2
f 153/202/2 203/203/2 152/152/2
f 155/154/1 205/204/1 154/153/1
f 156/155/1 206/205/1 155/154/1
f 157/156/1 207/206/1 156/155/1
f 158/157/1 208/207/1 157/156/1
f 159/158/1 209/208/1 158/157/1
f 160/159/1 210/209/1 159/158/1
f 161/160/1 211/210/1 160/159/1
f 162/161/1 212/211/1 161/160/1
f 163/162/1 213/212/1 162/161/1
f 164/163/1 214/213/1 163/162/1
f 165/164/1 215/214/1 164/163/1
f 166/165/1 216/215/1 165/164/1
f 167/166/1 217/216/1 166/165/1
f 168/167/1 218/217/1 167/166/1
f 169/168/1 219/218/1 168/167/1
f 170/169/1 220/219/1 169/168/1
f 171/170/1 221/220/1 170/169/1
f 172/171/1 222/221/1 171/170/1
f 173/172/1 223/222/1 172/171/1
f 174/173/1 224/223/1 173/172/1
f 175/174/1 225/224/1 174/173/1
f 176/175/1 226/225/1 175/174/1
f 177/176/1 227/226/1 176/175/1
f 178/177/1 228/227/1 177/176/1
f 179/178/1 229/228/1 178/177/1
f 180/179/1 230/229/1 179/178/1
f 181/180/1 231/230/1 180/179/1
f 182/181/1 232/231/1 181/180/1
f 183/182/1 233/232/1 182/181/1
f 184/183/1 234/233/1 183/182/1
f 185/184/1 235/234/1 184/183/1
f 186/185/1 236/235/1 185/184/1
f 187/186/1 237/236/1 186/185/1
f 188/187/1 238/237/1 187/186/1
f 189/188/1 239/238/1 188/187/1
f 190/189/1 240/239/1 189/188/1
f 191/190/1 241/240/1 190/189/1
f 192/191/1 242/241/1 191/190/1
f 193/192/1 243/242/1 192/191/1
f 194/193/1 244/243/1 193/192/1
f 195/194/1 245/244/1 194/193/1
f 196/195/1 246/245/1 195/194/1
f 197/196/1 247/246/1 196/195/1
f 198/197/1 248/247/1 197/196/1
f 199/198/1 249/248/1 198/197/1
f 200/199/1 250/249/1 199/198/1
f 201/200/1 251/250/1 200/199/1
f 202/201/1 252/251/1 201/200/1
f 203/203/1 253/252/1 202/201/1
f 204/253/1 254/254/1 203/203/1
f 206/205/1 256/255/1 205/204/1
f 207/206/1 257/256/1 206/205/1
f 208/207/1 258/257/1 207/206/1
f 209/208/1 259/258/1 208/207/1
f 210/209/1 260/259/1 209/208/1
f 211/210/1 261/260/1 210/209/1
f 212/211/1 262/261/1 211/210/1
f 213/212/1 263/262/1 212/211/1
f 214/213/1 264/263/1 213/212/1
f 215/214/1 265/264/1 214/213/1
f 216/215/1 266/265/1 215/214/1
f 217/216/1 267/266/1 216/215/1
f 218/217/1 268/267/1 217/216/1
f 219/218/1 269/268/1 218/217/1
f 220/219/1 270/269/1 219/218/1
f 221/220/1 271/270/1 220/219/1
f 222/221/1 272/271/1 221/220/1
f 223/222/1 273/272/1 222/221/1
f 224/223/1 274/273/1 223/222/1
f 225/224/1 275/274/1 224/223/1
f 226/225/1 276/275/1 225/224/1
f 227/226/1 277/276/1 226/225/1
f 228/227/1 278/277/1 227/226/1
f 229/228/1 279/278/1 228/227/1
f 230/229/1 280/279/1 229/228/1
f 231/230/1 281/280/1 230/229/1
f 232/231/1 282/281/1 231/230/1
f 233/232/1 283/282/1 232/231/1
f 234/233/1 284/283/1 233/232/1
f 235/234/1 285/284/1 234/233/1
f 236/235/1 286/285/1 235/234/1
f 237/236/1 287/286/1 236/235/1
f 238/237/1 288/287/1 237/236/1
f 239/238/1 289/288/1 238/237/1
f 240/239/1 290/289/1 239/238/1
f 241/240/1 291/290/1 240/239/1
f 242/241/1 292/291/1 241/240/1
f 243/242/1 293/292/1 242/241/1
f 244/243/1 294/293/1 243/242/1
f 245/244/1 295/294/1 244/243/1
f 246/245/1 296/295/1 245/244/1
f 247/246/1 297/296/1 246/245/1
f 248/247/1 298/297/1 247/246/1
f 249/248/1 299/298/1 248/247/1
f 250/249/1 300/299/1 249/248/1
f 251/250/1 301/300/1 250/249/1
f 252/251/1 302/301/1 251/250/1
f 253/252/1 303/302/1 252/251/1
f 254/254/1 304/303/1 253/252/1
f 255/304/1 305/305/1 254/254/1
f 312/306/1 314/307/1 311/308/1
f 308/309/3 311/310/3 307/311/3
f 309/312/4 312/313/4 308/314/4
f 310/315/5 313/316/5 309/317/5
f 310/318/6 311/319/6 314/320/6
f 316/321/1 318/322/1 315/323/1
f 312/324/3 315/325/3 311/326/3
f 313/327/4 316/328/4 312/329/4
f 314/330/5 317/331/5 313/332/5
f 311/333/6 318/334/6 314/335/6
f 320/336/1 322/337/1 319/338/1
f 316/339/3 319/340/3 315/341/3
f 317/342/4 320/343/4 316/344/4
f 318/345/5 321/346/5 317/347/5
f 315/348/6 322/349/6 318/350/6
f 313/351/1 326/352/1 314/353/1
f 323/354/4 313/355/4 309/356/4
f 324/357/5 325/358/5 323/359/5
f 310/360/6 326/361/6 324/362/6
f 328/363/7 317/364/7 318/365/7
f 321/366/1 330/367/1 322/368/1
f 327/369/4 321/370/4 317/371/4
f 328/372/5 329/373/5 327/374/5
f 318/375/6 330/376/6 328/377/6
f 325/378/1 334/379/1 326/380/1
f 331/381/4 325/382/4 323/383/4
f 332/384/5 333/385/5 331/386/5
f 332/387/6 326/388/6 334/389/6
f 327/390/1 336/391/1 328/392/1
f 325/393/3 328/394/3 326/395/3
f 333/396/4 327/397/4 325/398/4
f 334/399/5 335/400/5 333/401/5
f 326/402/6 336/403/6 334/404/6
f 329/405/1 338/406/1 330/407/1
f 335/408/4 329/409/4 327/410/4
f 336/411/5 337/412/5 335/413/5
f 328/414/6 338/415/6 336/416/6
f 333/417/1 342/418/1 334/419/1
f 339/420/4 333/421/4 331/422/4
f 340/423/5 341/424/5 339/425/5
f 332/426/6 342/427/6 340/428/6
f 344/429/7 335/430/7 336/431/7
f 337/432/1 346/433/1 338/434/1
f 335/435/4 345/436/4 337/437/4
f 344/438/5 345/439/5 343/440/5
f 336/441/6 346/442/6 344/443/6
f 341/444/1 350/445/1 342/446/1
f 347/447/4 341/448/4 339/449/4
f 348/450/5 349/451/5 347/452/5
f 340/453/6 350/454/6 348/455/6
f 343/456/1 352/457/1 344/458/1
f 341/459/3 344/460/3 342/461/3
f 349/462/4 343/463/4 341/464/4
f 350/465/5 351/466/5 349/467/5
f 342/468/6 352/469/6 350/470/6
f 345/471/1 354/472/1 346/473/1
f 351/474/4 345/475/4 343/476/4
f 352/477/5 353/478/5 351/479/5
f 344/480/6 354/481/6 352/482/6
f 349/483/1 358/484/1 350/485/1
f 355/486/4 349/487/4 347/488/4
f 356/489/5 357/490/5 355/491/5
f 348/492/6 358/493/6 356/494/6
f 360/495/7 351/496/7 352/497/7
f 353/498/1 362/499/1 354/500/1
f 359/501/4 353/502/4 351/503/4
f 360/504/5 361/505/5 359/506/5
f 352/507/6 362/508/6 360/509/6
f 357/510/1 365/511/1 358/512/1
f 363/513/4 357/514/4 355/515/4
f 410/516/5 364/517/5 363/518/5
f 356/519/6 365/520/6 410/521/6
f 359/522/1 367/523/1 360/524/1
f 357/525/3 360/526/3 358/527/3
f 364/528/4 359/529/4 357/530/4
f 365/531/5 366/532/5 364/533/5
f 358/534/6 367/535/6 365/536/6
f 361/537/1 369/538/1 362/539/1
f 366/540/4 361/541/4 359/542/4
f 367/543/5 368/544/5 366/545/5
f 360/546/6 369/547/6 367/548/6
f 373/549/7 371/550/7 370/551/7
f 375/552/1 377/553/1 374/554/1
f 371/555/3 374/556/3 370/557/3
f 372/558/4 375/559/4 371/560/4
f 373/561/5 376/562/5 372/563/5
f 370/564/6 377/565/6 373/566/6
f 381/567/7 379/568/7 378/569/7
f 383/570/1 385/571/1 382/572/1
f 379/573/3 382/574/3 378/575/3
f 380/576/4 383/577/4 379/578/4
f 381/579/5 384/580/5 380/581/5
f 378/582/6 385/583/6 381/584/6
f 389/585/7 387/586/7 386/587/7
f 391/588/1 393/589/1 390/590/1
f 387/591/3 390/592/3 386/593/3
f 388/594/4 391/595/4 387/596/4
f 389/597/5 392/598/5 388/599/5
f 386/600/6 393/601/6 389/602/6
f 397/603/7 395/604/7 394/605/7
f 390/606/1 384/607/1 383/608/1
f 395/609/3 383/610/3 394/611/3
f 396/612/4 390/613/4 395/614/4
f 397/615/5 393/616/5 396/617/5
f 394/618/6 384/619/6 397/620/6
f 403/621/1 405/622/1 402/623/1
f 399/624/3 402/625/3 398/626/3
f 400/627/4 403/628/4 399/629/4
f 401/630/5 404/631/5 400/632/5
f 398/633/6 405/634/6 401/635/6
f 399/636/1 410/637/1 307/638/1
f 407/639/3 307/640/3 406/641/3
f 409/642/5 400/643/5 408/644/5
f 406/645/6 410/646/6 409/647/6
f 414/648/7 412/649/7 411/650/7
f 416/651/1 418/652/1 415/653/1
f 412/654/3 415/655/3 411/656/3
f 413/657/4 416/658/4 412/659/4
f 414/660/5 417/661/5 413/662/5
f 411/663/6 418/664/6 414/665/6
f 421/666/8 420/667/8 419/668/8
f 423/669/9 422/670/9 421/666/9
f 429/671/4 424/672/4 423/673/4
f 427/674/10 430/675/10 429/676/10
f 425/677/11 428/678/11 427/674/11
f 419/679/6 426/680/6 425/681/6
f 419/682/3 427/683/3 421/684/3
f 427/683/3 423/685/3 421/684/3
f 420/686/5 428/687/5 426/688/5
f 424/689/5 428/687/5 422/690/5
f 431/691/5 432/692/5 433/693/5
f 436/694/3 435/695/3 434/696/3
f 440/697/7 438/698/7 437/699/7
f 442/700/1 444/701/1 441/702/1
f 438/703/3 441/704/3 437/705/3
f 439/706/4 442/707/4 438/708/4
f 440/709/5 443/710/5 439/711/5
f 437/712/6 444/713/6 440/714/6
f 451/715/12 452/716/12 453/717/12
f 457/718/13 458/719/13 459/720/13
f 460/721/14 461/722/14 462/723/14
f 463/724/15 464/725/15 465/726/15
f 466/727/16 467/728/16 468/729/16
f 449/730/17 445/731/17 447/732/17
f 456/733/18 451/734/18 453/735/18
f 467/736/19 457/718/19 459/720/19
f 460/721/20 459/720/20 458/719/20
f 463/737/21 462/723/21 461/722/21
f 458/738/22 446/739/22 445/740/22
f 461/741/23 448/742/23 450/743/23
f 464/725/24 452/716/24 451/715/24
f 466/727/25 455/744/25 454/745/25
f 448/742/3 458/746/3 445/731/3
f 456/747/7 449/748/7 447/749/7
f 446/739/6 466/750/6 454/751/6
f 452/716/4 461/752/4 450/753/4
f 455/744/5 464/754/5 451/734/5
f 472/755/26 473/756/26 474/757/26
f 475/758/27 476/759/27 477/760/27
f 481/761/13 482/762/13 483/763/13
f 484/764/14 485/765/14 486/766/14
f 487/767/15 488/768/15 489/769/15
f 490/770/16 491/771/16 492/772/16
f 473/756/17 469/773/17 471/774/17
f 480/775/18 475/776/18 477/777/18
f 477/760/28 474/778/28 473/779/28
f 491/780/19 481/761/19 483/763/19
f 487/781/21 486/766/21 485/765/21
f 492/772/29 489/782/29 488/783/29
f 482/784/22 470/785/22 469/786/22
f 485/787/23 472/755/23 474/757/23
f 488/768/24 476/759/24 475/758/24
f 490/770/25 479/788/25 478/789/25
f 472/755/3 482/790/3 469/773/3
f 480/791/7 473/792/7 471/793/7
f 470/785/6 490/794/6 478/795/6
f 476/759/4 485/796/4 474/778/4
f 479/788/5 488/783/5 475/776/5
f 493/797/30 494/798/30 495/799/30
f 496/800/31 497/801/31 498/802/31
f 499/803/27 500/804/27 501/805/27
f 502/806/32 503/807/32 504/808/32
f 505/809/33 506/810/33 507/811/33
f 508/812/34 509/813/34 510/814/34
f 511/815/35 512/816/35 513/817/35
f 514/818/36 515/819/36 516/820/36
f 497/801/17 493/821/17 495/822/17
f 502/823/37 495/799/37 494/798/37
f 504/808/18 499/824/18 501/825/18
f 501/805/28 498/826/28 497/827/28
f 515/828/19 505/809/19 507/811/19
f 508/812/20 507/811/20 506/810/20
f 511/829/21 510/814/21 509/813/21
f 516/820/29 513/830/29 512/831/29
f 506/832/22 494/798/22 493/797/22
f 509/833/23 496/800/23 498/802/23
f 512/816/38 500/804/38 499/803/38
f 514/818/25 503/807/25 502/806/25
f 496/800/3 506/834/3 493/821/3
f 504/835/7 497/836/7 495/837/7
f 494/798/6 514/838/6 502/823/6
f 500/804/4 509/839/4 498/826/4
f 503/807/5 512/831/5 499/824/5
f 510/814/1 515/828/1 507/811/1
f 517/840/39 518/841/39 519/842/39
f 523/843/12 524/844/12 525/845/12
f 526/846/40 527/847/40 528/848/40
f 529/849/13 530/850/13 531/851/13
f 532/852/14 533/853/14 534/854/14
f 535/855/15 536/856/15 537/857/15
f 538/858/16 539/859/16 540/860/16
f 521/861/17 517/862/17 519/863/17
f 526/864/37 519/842/37 518/841/37
f 528/848/18 523/865/18 525/866/18
f 525/845/28 522/867/28 521/868/28
f 539/869/19 529/849/19 531/851/19
f 532/852/20 531/851/20 530/850/20
f 535/870/21 534/854/21 533/853/21
f 540/860/29 537/871/29 536/872/29
f 530/873/22 518/841/22 517/840/22
f 536/856/38 524/844/38 523/843/38
f 538/858/25 527/847/25 526/846/25
f 520/874/3 530/875/3 517/862/3
f 528/876/7 521/877/7 519/878/7
f 518/841/6 538/879/6 526/864/6
f 524/844/4 533/880/4 522/867/4
f 527/847/5 536/872/5 523/865/5
f 534/854/1 539/869/1 531/851/1
f 542/881/6 544/882/6 541/883/6
f 548/884/7 546/885/7 545/886/7
f 550/887/1 552/888/1 549/889/1
f 546/890/41 549/891/41 545/892/41
f 547/893/42 550/894/42 546/895/42
f 548/896/43 551/897/43 547/898/43
f 545/899/44 552/900/44 548/901/44
f 556/902/7 554/903/7 553/904/7
f 558/905/1 560/906/1 557/907/1
f 554/908/45 557/909/45 553/910/45
f 555/911/46 558/912/46 554/913/46
f 556/914/47 559/915/47 555/916/47
f 553/917/48 560/918/48 556/919/48
f 564/920/26 565/921/26 566/922/26
f 567/923/12 568/924/12 569/925/12
f 573/926/13 574/927/13 575/928/13
f 576/929/14 577/930/14 578/931/14
f 579/932/15 580/933/15 581/934/15
f 582/935/16 583/936/16 584/937/16
f 565/921/17 561/938/17 563/939/17
f 572/940/18 567/941/18 569/942/18
f 569/925/28 566/943/28 565/944/28
f 583/945/19 573/926/19 575/928/19
f 576/929/20 575/928/20 574/927/20
f 579/946/21 578/931/21 577/930/21
f 574/947/22 562/948/22 561/949/22
f 577/950/23 564/920/23 566/922/23
f 580/933/24 568/924/24 567/923/24
f 582/935/25 571/951/25 570/952/25
f 564/920/3 574/953/3 561/938/3
f 572/954/7 565/955/7 563/956/7
f 562/948/6 582/957/6 570/958/6
f 568/924/4 577/959/4 566/943/4
f 571/951/5 580/960/5 567/941/5
f 588/961/26 589/962/26 590/963/26
f 591/964/12 592/965/12 593/966/12
f 597/967/13 598/968/13 599/969/13
f 600/970/14 601/971/14 602/972/14
f 603/973/15 604/974/15 605/975/15
f 606/976/16 607/977/16 608/978/16
f 589/962/17 585/979/17 587/980/17
f 596/981/18 591/982/18 593/983/18
f 593/966/28 590/984/28 589/985/28
f 607/986/19 597/967/19 599/969/19
f 603/987/21 602/972/21 601/971/21
f 608/978/29 605/988/29 604/989/29
f 598/990/22 586/991/22 585/992/22
f 601/993/23 588/961/23 590/963/23
f 604/974/24 592/965/24 591/964/24
f 606/976/25 595/994/25 594/995/25
f 588/961/3 598/996/3 585/979/3
f 596/997/7 589/998/7 587/999/7
f 586/991/6 606/1000/6 594/1001/6
f 592/965/4 601/1002/4 590/984/4
f 595/994/5 604/989/5 591/982/5
f 609/1003/39 610/1004/39 611/1005/39
f 612/1006/26 613/1007/26 614/1008/26
f 615/1009/12 616/1010/12 617/1011/12
f 618/1012/40 619/1013/40 620/1014/40
f 621/1015/13 622/1016/13 623/1017/13
f 624/1018/14 625/1019/14 626/1020/14
f 627/1021/15 628/1022/15 629/1023/15
f 630/1024/16 631/1025/16 632/1026/16
f 613/1007/17 609/1027/17 611/1028/17
f 618/1029/37 611/1005/37 610/1004/37
f 620/1014/18 615/1030/18 617/1031/18
f 617/1011/28 614/1032/28 613/1033/28
f 631/1034/19 621/1015/19 623/1017/19
f 624/1018/20 623/1017/20 622/1016/20
f 627/1035/21 626/1020/21 625/1019/21
f 632/1026/29 629/1036/29 628/1037/29
f 622/1038/22 610/1004/22 609/1003/22
f 625/1039/23 612/1006/23 614/1008/23
f 628/1022/38 616/1010/38 615/1009/38
f 630/1024/25 619/1013/25 618/1012/25
f 612/1006/3 622/1040/3 609/1027/3
f 620/1041/7 613/1042/7 611/1043/7
f 610/1004/6 630/1044/6 618/1029/6
f 616/1010/4 625/1045/4 614/1032/4
f 619/1013/5 628/1037/5 615/1030/5
f 626/1020/1 631/1034/1 623/1017/1
f 633/1046/39 634/1047/39 635/1048/39
f 636/1049/26 637/1050/26 638/1051/26
f 639/1052/27 640/1053/27 641/1054/27
f 642/1055/32 643/1056/32 644/1057/32
f 645/1058/13 646/1059/13 647/1060/13
f 648/1061/14 649/1062/14 650/1063/14
f 651/1064/35 652/1065/35 653/1066/35
f 654/1067/36 655/1068/36 656/1069/36
f 637/1050/17 633/1070/17 635/1071/17
f 642/1072/37 635/1048/37 634/1047/37
f 644/1057/18 639/1073/18 641/1074/18
f 641/1054/28 638/1075/28 637/1076/28
f 655/1077/19 645/1058/19 647/1060/19
f 648/1061/20 647/1060/20 646/1059/20
f 651/1078/21 650/1063/21 649/1062/21
f 656/1069/29 653/1079/29 652/1080/29
f 646/1081/22 634/1047/22 633/1046/22
f 649/1082/23 636/1049/23 638/1051/23
f 652/1065/38 640/1053/38 639/1052/38
f 654/1067/25 643/1056/25 642/1055/25
f 636/1049/3 646/1083/3 633/1070/3
f 644/1084/7 637/1085/7 635/1086/7
f 634/1047/6 654/1087/6 642/1072/6
f 640/1053/4 649/1088/4 638/1075/4
f 643/1056/5 652/1080/5 639/1073/5
f 650/1063/1 655/1077/1 647/1060/1
f 658/1089/6 660/1090/6 657/1091/6
f 661/1092/7 663/1093/7 662/1094/7
f 665/1095/1 667/1096/1 668/1097/1
f 662/1098/49 665/1099/49 661/1100/49
f 663/1101/50 666/1102/50 662/1103/50
f 664/1104/51 667/1105/51 663/1106/51
f 661/1107/52 668/1108/52 664/1109/52
f 672/1110/7 670/1111/7 669/1112/7
f 674/1113/1 676/1114/1 673/1115/1
f 670/1116/53 673/1117/53 669/1118/53
f 671/1119/54 674/1120/54 670/1121/54
f 672/1122/55 675/1123/55 671/1124/55
f 669/1125/56 676/1126/56 672/1127/56
f 680/1128/26 681/1129/26 682/1130/26
f 683/1131/27 684/1132/27 685/1133/27
f 689/1134/13 690/1135/13 691/1136/13
f 692/1137/14 693/1138/14 694/1139/14
f 695/1140/35 696/1141/35 697/1142/35
f 698/1143/36 699/1144/36 700/1145/36
f 681/1129/57 677/1146/57 679/1147/57
f 688/1148/18 683/1149/18 685/1150/18
f 685/1133/28 682/1151/28 681/1152/28
f 699/1153/19 689/1134/19 691/1136/19
f 692/1137/20 691/1136/20 690/1135/20
f 695/1154/21 694/1139/21 693/1138/21
f 690/1155/22 678/1156/22 677/1157/22
f 693/1158/23 680/1128/23 682/1130/23
f 696/1141/24 684/1132/24 683/1131/24
f 698/1143/25 687/1159/25 686/1160/25
f 680/1128/3 690/1161/3 677/1146/3
f 688/1162/7 681/1163/7 679/1164/7
f 678/1156/6 698/1165/6 686/1166/6
f 684/1132/4 693/1167/4 682/1151/4
f 687/1159/5 696/1168/5 683/1149/5
f 704/1169/26 705/1170/26 706/1171/26
f 707/1172/12 708/1173/12 709/1174/12
f 713/1175/13 714/1176/13 715/1177/13
f 716/1178/14 717/1179/14 718/1180/14
f 719/1181/15 720/1182/15 721/1183/15
f 722/1184/16 723/1185/16 724/1186/16
f 705/1170/17 701/1187/17 703/1188/17
f 712/1189/18 707/1190/18 709/1191/18
f 709/1174/28 706/1192/28 705/1193/28
f 723/1194/19 713/1175/19 715/1177/19
f 719/1195/21 718/1180/21 717/1179/21
f 724/1186/29 721/1196/29 720/1197/29
f 714/1198/22 702/1199/22 701/1200/22
f 717/1201/23 704/1169/23 706/1171/23
f 720/1182/24 708/1173/24 707/1172/24
f 722/1184/25 711/1202/25 710/1203/25
f 704/1169/3 714/1204/3 701/1187/3
f 712/1205/7 705/1206/7 703/1207/7
f 702/1199/6 722/1208/6 710/1209/6
f 708/1173/4 717/1210/4 706/1192/4
f 711/1202/5 720/1197/5 707/1190/5
f 725/1211/39 726/1212/39 727/1213/39
f 728/1214/26 729/1215/26 730/1216/26
f 731/1217/12 732/1218/12 733/1219/12
f 734/1220/40 735/1221/40 736/1222/40
f 737/1223/13 738/1224/13 739/1225/13
f 740/1226/14 741/1227/14 742/1228/14
f 743/1229/15 744/1230/15 745/1231/15
f 746/1232/16 747/1233/16 748/1234/16
f 729/1215/17 725/1235/17 727/1236/17
f 734/1237/37 727/1213/37 726/1212/37
f 736/1222/18 731/1238/18 733/1239/18
f 733/1219/28 730/1240/28 729/1241/28
f 747/1242/19 737/1223/19 739/1225/19
f 740/1226/20 739/1225/20 738/1224/20
f 743/1243/21 742/1228/21 741/1227/21
f 748/1234/29 745/1244/29 744/1245/29
f 738/1246/22 726/1212/22 725/1211/22
f 741/1247/23 728/1214/23 730/1216/23
f 744/1230/38 732/1218/38 731/1217/38
f 746/1232/25 735/1221/25 734/1220/25
f 728/1214/3 738/1248/3 725/1235/3
f 736/1249/7 729/1250/7 727/1251/7
f 726/1212/6 746/1252/6 734/1237/6
f 732/1218/4 741/1253/4 730/1240/4
f 735/1221/5 744/1245/5 731/1238/5
f 742/1228/1 747/1242/1 739/1225/1
f 749/1254/30 750/1255/30 751/1256/30
f 752/1257/31 753/1258/31 754/1259/31
f 755/1260/12 756/1261/12 757/1262/12
f 758/1263/40 759/1264/40 760/1265/40
f 761/1266/33 762/1267/33 763/1268/33
f 764/1269/34 765/1270/34 766/1271/34
f 767/1272/15 768/1273/15 769/1274/15
f 770/1275/16 771/1276/16 772/1277/16
f 753/1258/17 749/1278/17 751/1279/17
f 758/1280/37 751/1256/37 750/1255/37
f 760/1265/18 755/1281/18 757/1282/18
f 757/1262/28 754/1283/28 753/1284/28
f 771/1285/19 761/1266/19 763/1268/19
f 764/1269/20 763/1268/20 762/1267/20
f 767/1286/21 766/1271/21 765/1270/21
f 772/1277/29 769/1287/29 768/1288/29
f 762/1289/22 750/1255/22 749/1254/22
f 765/1290/23 752/1257/23 754/1259/23
f 768/1273/38 756/1261/38 755/1260/38
f 770/1275/25 759/1264/25 758/1263/25
f 752/1257/3 762/1291/3 749/1278/3
f 760/1292/7 753/1293/7 751/1294/7
f 750/1255/6 770/1295/6 758/1280/6
f 756/1261/4 765/1296/4 754/1283/4
f 759/1264/5 768/1288/5 755/1281/5
f 766/1271/1 771/1285/1 763/1268/1
f 774/1297/6 776/1298/6 773/1299/6
f 780/1300/7 778/1301/7 777/1302/7
f 782/1303/1 784/1304/1 781/1305/1
f 778/1306/55 781/1307/55 777/1308/55
f 779/1309/56 782/1310/56 778/1311/56
f 780/1312/53 783/1313/53 779/1314/53
f 777/1315/54 784/1316/54 780/1317/54
f 788/1318/7 786/1319/7 785/1320/7
f 790/1321/1 792/1322/1 789/1323/1
f 786/1324/58 789/1325/58 785/1326/58
f 787/1327/59 790/1328/59 786/1329/59
f 788/1330/60 791/1331/60 787/1332/60
f 785/1333/61 792/1334/61 788/1335/61
f 798/1336/1 797/1337/1 795/1338/1
f 363/1339/3 795/1340/3 410/1341/3
f 793/1342/4 798/1343/4 363/1344/4
f 793/1345/5 797/1346/5 796/1347/5
f 410/1348/6 797/1349/6 794/1350/6
f 800/1351/1 802/1352/1 799/1353/1
f 798/1354/3 799/1355/3 795/1356/3
f 796/1357/4 800/1358/4 798/1359/4
f 797/1360/5 801/1361/5 796/1362/5
f 795/1363/6 802/1364/6 797/1365/6
f 807/1366/7 796/1367/7 797/1368/7
f 801/1369/1 804/1370/1 802/1371/1
f 808/1372/4 801/1373/4 796/1374/4
f 807/1375/5 803/1376/5 808/1377/5
f 797/1378/6 804/1379/6 807/1380/6
f 808/1381/1 810/1382/1 807/1383/1
f 806/1384/3 807/1385/3 805/1386/3
f 806/1387/4 809/1388/4 808/1389/4
f 849/1390/5 809/1391/5 884/1392/5
f 805/1393/6 810/1394/6 849/1395/6
f 803/1396/1 812/1397/1 804/1398/1
f 809/1399/4 803/1400/4 808/1401/4
f 810/1402/5 811/1403/5 809/1404/5
f 807/1405/6 812/1406/6 810/1407/6
f 814/1408/1 815/1409/1 813/1410/1
f 379/1411/3 813/1412/3 378/1413/3
f 380/1414/4 814/1415/4 379/1416/4
f 381/1417/5 822/1418/5 380/1419/5
f 378/1420/6 815/1421/6 381/1422/6
f 389/1423/7 816/1424/7 386/1425/7
f 819/1426/1 821/1427/1 818/1428/1
f 816/1429/3 818/1430/3 386/1431/3
f 817/1432/4 819/1433/4 816/1434/4
f 389/1435/5 820/1436/5 817/1437/5
f 386/1438/6 821/1439/6 389/1440/6
f 818/1441/1 822/1442/1 814/1443/1
f 395/1444/3 814/1445/3 394/1446/3
f 396/1447/4 818/1448/4 395/1449/4
f 396/1450/5 822/1451/5 821/1452/5
f 394/1453/6 822/1454/6 397/1455/6
f 826/1456/7 824/1457/7 823/1458/7
f 828/1459/1 830/1460/1 827/1461/1
f 824/1462/3 827/1463/3 823/1464/3
f 825/1465/4 828/1466/4 824/1467/4
f 826/1468/5 829/1469/5 825/1470/5
f 823/1471/6 830/1472/6 826/1473/6
f 834/1474/7 832/1475/7 831/1476/7
f 836/1477/1 838/1478/1 835/1479/1
f 832/1480/3 835/1481/3 831/1482/3
f 833/1483/4 836/1484/4 832/1485/4
f 834/1486/5 837/1487/5 833/1488/5
f 831/1489/6 838/1490/6 834/1491/6
f 835/1492/1 829/1493/1 828/1494/1
f 925/1495/3 828/1496/3 924/1497/3
f 926/1498/4 835/1499/4 925/1500/4
f 926/1501/5 829/1502/5 838/1503/5
f 924/1504/6 829/1505/6 927/1506/6
f 844/1507/1 846/1508/1 843/1509/1
f 840/1510/3 843/1511/3 839/1512/3
f 841/1513/4 844/1514/4 840/1515/4
f 842/1516/5 845/1517/5 841/1518/5
f 839/1519/6 846/1520/6 842/1521/6
f 840/1522/1 849/1523/1 410/1524/1
f 847/1525/3 410/1526/3 409/1527/3
f 945/1528/5 841/1529/5 848/1530/5
f 409/1531/6 849/1532/6 945/1533/6
f 853/1534/7 851/1535/7 850/1536/7
f 855/1537/1 857/1538/1 854/1539/1
f 851/1540/3 854/1541/3 850/1542/3
f 852/1543/4 855/1544/4 851/1545/4
f 853/1546/5 856/1547/5 852/1548/5
f 850/1549/6 857/1550/6 853/1551/6
f 860/1552/62 859/1553/62 858/1554/62
f 862/1555/63 861/1556/63 860/1552/63
f 868/1557/4 863/1558/4 862/1559/4
f 866/1560/64 869/1561/64 868/1562/64
f 864/1563/65 867/1564/65 866/1560/65
f 858/1565/6 865/1566/6 864/1567/6
f 858/1568/3 866/1569/3 860/1570/3
f 866/1569/3 862/1571/3 860/1570/3
f 859/1572/5 867/1573/5 865/1574/5
f 863/1575/5 867/1573/5 861/1576/5
f 870/1577/5 871/1578/5 872/1579/5
f 875/1580/3 874/1581/3 873/1582/3
f 879/1583/7 877/1584/7 876/1585/7
f 881/1586/1 883/1587/1 880/1588/1
f 877/1589/3 880/1590/3 876/1591/3
f 878/1592/4 881/1593/4 877/1594/4
f 879/1595/5 882/1596/5 878/1597/5
f 876/1598/6 883/1599/6 879/1600/6
f 888/1601/1 890/1602/1 887/1603/1
f 884/1604/3 887/1605/3 849/1606/3
f 885/1607/4 888/1608/4 884/1609/4
f 886/1610/5 889/1611/5 885/1612/5
f 886/1613/6 887/1614/6 890/1615/6
f 891/1616/1 894/1617/1 893/1618/1
f 888/1619/3 893/1620/3 887/1621/3
f 889/1622/4 891/1623/4 888/1624/4
f 890/1625/5 892/1626/5 889/1627/5
f 887/1628/6 894/1629/6 890/1630/6
f 896/1631/1 898/1632/1 895/1633/1
f 891/1634/3 895/1635/3 893/1636/3
f 892/1637/4 896/1638/4 891/1639/4
f 894/1640/5 897/1641/5 892/1642/5
f 893/1643/6 898/1644/6 894/1645/6
f 889/1646/1 902/1647/1 890/1648/1
f 899/1649/4 889/1650/4 885/1651/4
f 900/1652/5 901/1653/5 899/1654/5
f 886/1655/6 902/1656/6 900/1657/6
f 910/1658/7 892/1659/7 894/1660/7
f 897/1661/1 905/1662/1 898/1663/1
f 903/1664/4 897/1665/4 892/1666/4
f 910/1667/5 904/1668/5 903/1669/5
f 894/1670/6 905/1671/6 910/1672/6
f 901/1673/1 909/1674/1 902/1675/1
f 906/1676/4 901/1677/4 899/1678/4
f 907/1679/5 908/1680/5 906/1681/5
f 900/1682/6 909/1683/6 907/1684/6
f 903/1685/1 912/1686/1 910/1687/1
f 901/1688/3 910/1689/3 902/1690/3
f 908/1691/4 903/1692/4 901/1693/4
f 909/1694/5 911/1695/5 908/1696/5
f 902/1697/6 912/1698/6 909/1699/6
f 904/1700/1 914/1701/1 905/1702/1
f 911/1703/4 904/1704/4 903/1705/4
f 912/1706/5 913/1707/5 911/1708/5
f 910/1709/6 914/1710/6 912/1711/6
f 916/1712/1 917/1713/1 915/1714/1
f 824/1715/3 915/1716/3 823/1717/3
f 825/1718/4 916/1719/4 824/1720/4
f 826/1721/5 928/1722/5 825/1723/5
f 823/1724/6 917/1725/6 826/1726/6
f 834/1727/7 918/1728/7 831/1729/7
f 921/1730/1 923/1731/1 920/1732/1
f 918/1733/3 920/1734/3 831/1735/3
f 919/1736/4 921/1737/4 918/1738/4
f 919/1739/5 923/1740/5 922/1741/5
f 831/1742/6 923/1743/6 834/1744/6
f 927/1745/7 925/1746/7 924/1747/7
f 920/1748/1 928/1749/1 916/1750/1
f 925/1751/3 916/1752/3 924/1753/3
f 926/1754/4 920/1755/4 925/1756/4
f 927/1757/5 923/1758/5 926/1759/5
f 924/1760/6 928/1761/6 927/1762/6
f 932/1763/7 930/1764/7 929/1765/7
f 934/1766/1 936/1767/1 933/1768/1
f 930/1769/3 933/1770/3 929/1771/3
f 931/1772/4 934/1773/4 930/1774/4
f 932/1775/5 935/1776/5 931/1777/5
f 929/1778/6 936/1779/6 932/1780/6
f 942/1781/1 944/1782/1 941/1783/1
f 939/1784/4 942/1785/4 938/1786/4
f 940/1787/5 943/1788/5 939/1789/5
f 937/1790/6 944/1791/6 940/1792/6
f 938/1793/1 907/1794/1 849/1795/1
f 946/1796/3 849/1797/3 945/1798/3
f 947/1799/4 938/1800/4 946/1801/4
f 948/1802/5 939/1803/5 947/1804/5
f 945/1805/6 907/1806/6 948/1807/6
f 952/1808/7 950/1809/7 949/1810/7
f 954/1811/1 956/1812/1 953/1813/1
f 950/1814/3 953/1815/3 949/1816/3
f 951/1817/4 954/1818/4 950/1819/4
f 952/1820/5 955/1821/5 951/1822/5
f 949/1823/6 956/1824/6 952/1825/6
f 959/1826/8 958/1827/8 957/1828/8
f 961/1829/9 960/1830/9 959/1826/9
f 967/1831/4 962/1832/4 961/1833/4
f 965/1834/10 968/1835/10 967/1836/10
f 963/1837/11 966/1838/11 965/1834/11
f 957/1839/6 964/1840/6 963/1841/6
f 957/1842/3 965/1843/3 959/1844/3
f 965/1843/3 961/1845/3 959/1844/3
f 958/1846/5 966/1847/5 964/1848/5
f 962/1849/5 966/1847/5 960/1850/5
f 969/1851/5 970/1852/5 971/1853/5
f 974/1854/3 973/1855/3 972/1856/3
f 978/1857/7 976/1858/7 975/1859/7
f 980/1860/1 982/1861/1 979/1862/1
f 976/1863/3 979/1864/3 975/1865/3
f 977/1866/4 980/1867/4 976/1868/4
f 978/1869/5 981/1870/5 977/1871/5
f 975/1872/6 982/1873/6 978/1874/6
f 989/1875/66 990/1876/66 991/1877/66
f 995/1878/67 996/1879/67 997/1880/67
f 998/1881/68 999/1882/68 1000/1883/68
f 1001/1884/69 1002/1885/69 1003/1886/69
f 1004/1887/70 1005/1888/70 1006/1889/70
f 987/1890/71 983/1891/71 985/1892/71
f 994/1893/72 989/1894/72 991/1895/72
f 1005/1896/19 995/1878/19 997/1880/19
f 998/1881/73 997/1880/73 996/1879/73
f 1001/1897/21 1000/1883/21 999/1882/21
f 996/1898/22 984/1899/22 983/1900/22
f 999/1901/23 986/1902/23 988/1903/23
f 1002/1885/38 990/1876/38 989/1875/38
f 1004/1887/25 993/1904/25 992/1905/25
f 986/1902/3 996/1906/3 983/1891/3
f 994/1907/7 987/1908/7 985/1909/7
f 984/1899/6 1004/1910/6 992/1911/6
f 990/1876/4 999/1912/4 988/1913/4
f 993/1904/5 1002/1914/5 989/1894/5
f 1010/1915/74 1011/1916/74 1012/1917/74
f 1013/1918/75 1014/1919/75 1015/1920/75
f 1019/1921/76 1020/1922/76 1021/1923/76
f 1022/1924/77 1023/1925/77 1024/1926/77
f 1025/1927/78 1026/1928/78 1027/1929/78
f 1028/1930/79 1029/1931/79 1030/1932/79
f 1011/1916/80 1007/1933/80 1009/1934/80
f 1018/1935/18 1013/1936/18 1015/1937/18
f 1015/1920/28 1012/1938/28 1011/1939/28
f 1029/1940/19 1019/1921/19 1021/1923/19
f 1025/1941/21 1024/1926/21 1023/1925/21
f 1030/1932/29 1027/1942/29 1026/1943/29
f 1020/1944/22 1008/1945/22 1007/1946/22
f 1023/1947/23 1010/1915/23 1012/1917/23
f 1026/1928/38 1014/1919/38 1013/1918/38
f 1028/1930/25 1017/1948/25 1016/1949/25
f 1010/1915/3 1020/1950/3 1007/1933/3
f 1018/1951/7 1011/1952/7 1009/1953/7
f 1008/1945/6 1028/1954/6 1016/1955/6
f 1014/1919/4 1023/1956/4 1012/1938/4
f 1017/1948/5 1026/1943/5 1013/1936/5
f 1031/1957/81 1032/1958/81 1033/1959/81
f 1034/1960/82 1035/1961/82 1036/1962/82
f 1037/1963/66 1038/1964/66 1039/1965/66
f 1040/1966/83 1041/1967/83 1042/1968/83
f 1043/1969/67 1044/1970/67 1045/1971/67
f 1046/1972/68 1047/1973/68 1048/1974/68
f 1049/1975/69 1050/1976/69 1051/1977/69
f 1052/1978/70 1053/1979/70 1054/1980/70
f 1035/1961/71 1031/1981/71 1033/1982/71
f 1040/1983/37 1033/1959/37 1032/1958/37
f 1042/1968/72 1037/1984/72 1039/1985/72
f 1039/1965/28 1036/1986/28 1035/1987/28
f 1053/1988/19 1043/1969/19 1045/1971/19
f 1046/1972/73 1045/1971/73 1044/1970/73
f 1049/1989/21 1048/1974/21 1047/1973/21
f 1054/1980/84 1051/1990/84 1050/1991/84
f 1044/1992/22 1032/1958/22 1031/1957/22
f 1047/1993/23 1034/1960/23 1036/1962/23
f 1050/1976/38 1038/1964/38 1037/1963/38
f 1052/1978/25 1041/1967/25 1040/1966/25
f 1034/1960/3 1044/1994/3 1031/1981/3
f 1042/1995/7 1035/1996/7 1033/1997/7
f 1032/1958/6 1052/1998/6 1040/1983/6
f 1038/1964/4 1047/1999/4 1036/1986/4
f 1041/1967/5 1050/1991/5 1037/1984/5
f 1048/1974/1 1053/1988/1 1045/1971/1
f 1055/2000/85 1056/2001/85 1057/2002/85
f 1061/2003/66 1062/2004/66 1063/2005/66
f 1064/2006/83 1065/2007/83 1066/2008/83
f 1067/2009/86 1068/2010/86 1069/2011/86
f 1070/2012/87 1071/2013/87 1072/2014/87
f 1073/2015/69 1074/2016/69 1075/2017/69
f 1076/2018/70 1077/2019/70 1078/2020/70
f 1059/2021/17 1055/2022/17 1057/2023/17
f 1064/2024/37 1057/2002/37 1056/2001/37
f 1066/2008/18 1061/2025/18 1063/2026/18
f 1063/2005/28 1060/2027/28 1059/2028/28
f 1077/2029/19 1067/2009/19 1069/2011/19
f 1070/2012/88 1069/2011/88 1068/2010/88
f 1073/2030/21 1072/2014/21 1071/2013/21
f 1078/2020/89 1075/2031/89 1074/2032/89
f 1068/2033/22 1056/2001/22 1055/2000/22
f 1074/2016/38 1062/2004/38 1061/2003/38
f 1076/2018/25 1065/2007/25 1064/2006/25
f 1058/2034/3 1068/2035/3 1055/2022/3
f 1066/2036/7 1059/2037/7 1057/2038/7
f 1056/2001/6 1076/2039/6 1064/2024/6
f 1062/2004/4 1071/2040/4 1060/2027/4
f 1065/2007/5 1074/2032/5 1061/2025/5
f 1072/2014/1 1077/2029/1 1069/2011/1
f 1080/2041/6 1082/2042/6 1079/2043/6
f 1083/2044/7 1085/2045/7 1084/2046/7
f 1087/2047/1 1089/2048/1 1090/2049/1
f 1084/2050/90 1087/2051/90 1083/2052/90
f 1085/2053/91 1088/2054/91 1084/2055/91
f 1086/2056/92 1089/2057/92 1085/2058/92
f 1083/2059/93 1090/2060/93 1086/2061/93
f 1091/2062/7 1093/2063/7 1092/2064/7
f 1095/2065/1 1097/2066/1 1098/2067/1
f 1092/2068/45 1095/2069/45 1091/2070/45
f 1093/2071/46 1096/2072/46 1092/2073/46
f 1094/2074/94 1097/2075/94 1093/2076/94
f 1091/2077/48 1098/2078/48 1094/2079/48
f 1100/2080/6 1102/2081/6 1099/2082/6
f 1106/2083/4 1104/2084/4 1103/2085/4
f 1103/2086/3 1100/2087/3 1099/2088/3
f 1101/2089/5 1106/2090/5 1102/2091/5
f 1102/2092/7 1103/2093/7 1099/2094/7
f 1104/2095/1 1101/2096/1 1100/2097/1
f 1108/2098/6 1110/2099/6 1107/2100/6
f 1114/2101/4 1112/2102/4 1111/2103/4
f 1111/2104/3 1108/2105/3 1107/2106/3
f 1109/2107/5 1114/2108/5 1110/2109/5
f 1110/2110/7 1111/2111/7 1107/2112/7
f 1112/2113/1 1109/2114/1 1108/2115/1
f 1116/2116/6 1118/2117/6 1115/2118/6
f 1122/2119/4 1120/2120/4 1119/2121/4
f 1119/2122/3 1116/2123/3 1115/2124/3
f 1117/2125/5 1122/2126/5 1118/2127/5
f 1118/2128/7 1119/2129/7 1115/2130/7
f 1120/2131/1 1117/2132/1 1116/2133/1
f 1124/2134/6 1126/2135/6 1123/2136/6
f 1130/2137/4 1128/2138/4 1127/2139/4
f 1127/2140/3 1124/2141/3 1123/2142/3
f 1125/2143/5 1130/2144/5 1126/2145/5
f 1126/2146/7 1127/2147/7 1123/2148/7
f 1128/2149/1 1125/2150/1 1124/2151/1
f 1132/2152/6 1134/2153/6 1131/2154/6
f 1135/2155/39 1136/2156/39 1137/2157/39
f 1138/2158/95 1139/2159/95 1140/2160/95
f 1141/2161/96 1142/2162/96 1143/2163/96
f 1144/2164/40 1145/2165/40 1146/2166/40
f 1147/2167/13 1148/2168/13 1149/2169/13
f 1150/2170/97 1151/2171/97 1152/2172/97
f 1153/2173/98 1154/2174/98 1155/2175/98
f 1156/2176/16 1157/2177/16 1158/2178/16
f 1139/2159/17 1135/2179/17 1137/2180/17
f 1144/2181/37 1137/2157/37 1136/2156/37
f 1146/2166/18 1141/2182/18 1143/2183/18
f 1143/2163/28 1140/2184/28 1139/2185/28
f 1157/2186/19 1147/2167/19 1149/2169/19
f 1150/2170/20 1149/2169/20 1148/2168/20
f 1153/2187/21 1152/2172/21 1151/2171/21
f 1158/2178/29 1155/2188/29 1154/2189/29
f 1135/2155/22 1147/2190/22 1136/2156/22
f 1140/2160/23 1150/2191/23 1138/2158/23
f 1141/2161/38 1153/2173/38 1142/2162/38
f 1144/2164/25 1158/2178/25 1145/2165/25
f 1135/2179/3 1150/2191/3 1148/2192/3
f 1146/2193/7 1139/2194/7 1137/2195/7
f 1136/2156/6 1156/2196/6 1144/2181/6
f 1142/2162/4 1151/2197/4 1140/2184/4
f 1141/2182/5 1158/2178/5 1154/2189/5
f 1152/2172/1 1157/2186/1 1149/2169/1
f 1159/2198/85 1160/2199/85 1161/2200/85
f 1162/2201/99 1163/2202/99 1164/2203/99
f 1165/2204/75 1166/2205/75 1167/2206/75
f 1168/2207/100 1169/2208/100 1170/2209/100
f 1171/2210/86 1172/2211/86 1173/2212/86
f 1174/2213/87 1175/2214/87 1176/2215/87
f 1177/2216/78 1178/2217/78 1179/2218/78
f 1180/2219/79 1181/2220/79 1182/2221/79
f 1163/2202/17 1159/2222/17 1161/2223/17
f 1168/2224/37 1161/2200/37 1160/2199/37
f 1170/2209/18 1165/2225/18 1167/2226/18
f 1167/2206/28 1164/2227/28 1163/2228/28
f 1181/2229/19 1171/2210/19 1173/2212/19
f 1174/2213/20 1173/2212/20 1172/2211/20
f 1177/2230/21 1176/2215/21 1175/2214/21
f 1182/2221/29 1179/2231/29 1178/2232/29
f 1172/2233/22 1160/2199/22 1159/2198/22
f 1175/2234/23 1162/2201/23 1164/2203/23
f 1178/2217/38 1166/2205/38 1165/2204/38
f 1180/2219/25 1169/2208/25 1168/2207/25
f 1162/2201/3 1172/2235/3 1159/2222/3
f 1170/2236/7 1163/2237/7 1161/2238/7
f 1160/2199/6 1180/2239/6 1168/2224/6
f 1169/2208/5 1178/2232/5 1165/2225/5
f 1176/2215/1 1181/2229/1 1173/2212/1
f 1183/2240/101 1099/2241/101 794/2242/101
f 1187/2243/102 1185/2244/102 1188/2245/102
f 1185/2246/103 1183/2247/103 794/2248/103
f 1186/2249/1 1184/2250/1 1183/2251/1
f 1187/2252/104 1099/2253/104 1184/2254/104
f 1189/2255/85 1190/2256/85 1191/2257/85
f 1192/2258/99 1193/2259/99 1194/2260/99
f 1195/2261/75 1196/2262/75 1197/2263/75
f 1198/2264/100 1199/2265/100 1200/2266/100
f 1201/2267/86 1202/2268/86 1203/2269/86
f 1204/2270/87 1205/2271/87 1206/2272/87
f 1207/2273/78 1208/2274/78 1209/2275/78
f 1210/2276/79 1211/2277/79 1212/2278/79
f 1193/2259/17 1189/2279/17 1191/2280/17
f 1198/2281/37 1191/2257/37 1190/2256/37
f 1200/2266/18 1195/2282/18 1197/2283/18
f 1197/2263/28 1194/2284/28 1193/2285/28
f 1211/2286/19 1201/2267/19 1203/2269/19
f 1204/2270/20 1203/2269/20 1202/2268/20
f 1207/2287/21 1206/2272/21 1205/2271/21
f 1212/2278/29 1209/2288/29 1208/2289/29
f 1202/2290/22 1190/2256/22 1189/2255/22
f 1205/2291/23 1192/2258/23 1194/2260/23
f 1208/2274/38 1196/2262/38 1195/2261/38
f 1210/2276/25 1199/2265/25 1198/2264/25
f 1192/2258/3 1202/2292/3 1189/2279/3
f 1200/2293/7 1193/2294/7 1191/2295/7
f 1190/2256/6 1210/2296/6 1198/2281/6
f 1199/2265/5 1208/2289/5 1195/2282/5
f 1213/2297/105 805/2298/105 1110/2299/105
f 1217/2300/106 1215/2301/106 1218/2302/106
f 1215/2303/107 1213/2304/107 1110/2305/107
f 1213/2306/1 1217/2307/1 1214/2308/1
f 1217/2309/108 805/2310/108 1214/2311/108
f 1220/2312/6 1222/2313/6 1219/2314/6
f 1226/2315/4 1224/2316/4 1223/2317/4
f 1223/2318/109 1220/2319/109 1219/2320/109
f 1224/2321/110 1221/2322/110 1220/2323/110
f 1225/2324/111 1222/2325/111 1221/2326/111
f 1226/2327/7 1219/2328/7 1222/2329/7
f 1227/2330/6 807/2331/6 1214/2332/6
f 808/2333/4 1230/2334/4 1229/2335/4
f 1229/2336/109 1227/2337/109 1214/2338/109
f 1230/2339/3 1228/2340/3 1227/2341/3
f 1231/2342/1 807/2343/1 1228/2344/1
f 808/2345/5 1214/2346/5 807/2347/5
f 1232/2348/6 1221/2349/6 1220/2350/6
f 1225/2351/4 1234/2352/4 1224/2353/4
f 1224/2354/112 1232/2355/112 1220/2356/112
f 1234/2357/113 1233/2358/113 1232/2359/113
f 1235/2360/114 1221/2361/114 1233/2362/114
f 1236/2363/6 1228/2364/6 1227/2365/6
f 1231/2366/4 1238/2367/4 1230/2368/4
f 1230/2369/112 1236/2370/112 1227/2371/112
f 1238/2372/3 1237/2373/3 1236/2374/3
f 1239/2375/1 1228/2376/1 1237/2377/1
f 1240/2378/6 1233/2379/6 1232/2380/6
f 1235/2381/4 1242/2382/4 1234/2383/4
f 1234/2384/115 1240/2385/115 1232/2386/115
f 1242/2387/116 1241/2388/116 1240/2389/116
f 1243/2390/117 1233/2391/117 1241/2392/117
f 1244/2393/6 1237/2394/6 1236/2395/6
f 1239/2396/4 1246/2397/4 1238/2398/4
f 1238/2399/115 1244/2400/115 1236/2401/115
f 1246/2402/3 1245/2403/3 1244/2404/3
f 1247/2405/1 1237/2406/1 1245/2407/1
f 1240/2408/6 1249/2409/6 1241/2410/6
f 1251/2411/4 1242/2412/4 1243/2413/4
f 1242/2414/118 1248/2415/118 1240/2416/118
f 1250/2417/119 1249/2418/119 1248/2419/119
f 1251/2420/120 1241/2421/120 1249/2422/120
f 1252/2423/6 1245/2424/6 1244/2425/6
f 1247/2426/4 1254/2427/4 1246/2428/4
f 1246/2429/118 1252/2430/118 1244/2431/118
f 1254/2432/3 1253/2433/3 1252/2434/3
f 1255/2435/1 1245/2436/1 1253/2437/1
f 1248/2438/6 1257/2439/6 1249/2440/6
f 1259/2441/4 1250/2442/4 1251/2443/4
f 1250/2444/121 1256/2445/121 1248/2446/121
f 1258/2447/122 1257/2448/122 1256/2449/122
f 1259/2450/123 1249/2451/123 1257/2452/123
f 1260/2453/6 1253/2454/6 1252/2455/6
f 1255/2456/4 1262/2457/4 1254/2458/4
f 1254/2459/121 1260/2460/121 1252/2461/121
f 1262/2462/3 1261/2463/3 1260/2464/3
f 1263/2465/1 1253/2466/1 1261/2467/1
f 1264/2468/6 1257/2469/6 1256/2470/6
f 1259/2471/4 1266/2472/4 1258/2473/4
f 1258/2474/124 1264/2475/124 1256/2476/124
f 1266/2477/125 1265/2478/125 1264/2479/125
f 1267/2480/126 1257/2481/126 1265/2482/126
f 1268/2483/6 1261/2484/6 1260/2485/6
f 1263/2486/4 1270/2487/4 1262/2488/4
f 1262/2489/124 1268/2490/124 1260/2491/124
f 1270/2492/3 1269/2493/3 1268/2494/3
f 1271/2495/1 1261/2496/1 1269/2497/1
f 1272/2498/6 1265/2499/6 1264/2500/6
f 1275/2501/4 1266/2502/4 1267/2503/4
f 1266/2504/7 1272/2505/7 1264/2506/7
f 1274/2507/109 1273/2508/109 1272/2509/109
f 1275/2510/1 1265/2511/1 1273/2512/1
f 1276/2513/6 1269/2514/6 1268/2515/6
f 1279/2516/4 1270/2517/4 1271/2518/4
f 1270/2519/7 1276/2520/7 1268/2521/7
f 1278/2522/3 1277/2523/3 1276/2524/3
f 1279/2525/1 1269/2526/1 1277/2527/1
f 1272/2528/6 1281/2529/6 1273/2530/6
f 1283/2531/4 1274/2532/4 1275/2533/4
f 1274/2534/127 1280/2535/127 1272/2536/127
f 1282/2537/112 1281/2538/112 1280/2539/112
f 1283/2540/110 1273/2541/110 1281/2542/110
f 1276/2543/6 1285/2544/6 1277/2545/6
f 1287/2546/4 1278/2547/4 1279/2548/4
f 1278/2549/127 1284/2550/127 1276/2551/127
f 1286/2552/3 1285/2553/3 1284/2554/3
f 1287/2555/1 1277/2556/1 1285/2557/1
f 1288/2558/6 1281/2559/6 1280/2560/6
f 1283/2561/4 1290/2562/4 1282/2563/4
f 1282/2564/128 1288/2565/128 1280/2566/128
f 1290/2567/115 1289/2568/115 1288/2569/115
f 1291/2570/113 1281/2571/113 1289/2572/113
f 1284/2573/6 1293/2574/6 1285/2575/6
f 1295/2576/4 1286/2577/4 1287/2578/4
f 1286/2579/128 1292/2580/128 1284/2581/128
f 1294/2582/3 1293/2583/3 1292/2584/3
f 1295/2585/1 1285/2586/1 1293/2587/1
f 1296/2588/6 1289/2589/6 1288/2590/6
f 1291/2591/4 1298/2592/4 1290/2593/4
f 1290/2594/129 1296/2595/129 1288/2596/129
f 1298/2597/118 1297/2598/118 1296/2599/118
f 1299/2600/116 1289/2601/116 1297/2602/116
f 1292/2603/6 1301/2604/6 1293/2605/6
f 1303/2606/4 1294/2607/4 1295/2608/4
f 1294/2609/129 1300/2610/129 1292/2611/129
f 1302/2612/3 1301/2613/3 1300/2614/3
f 1303/2615/1 1293/2616/1 1301/2617/1
f 1296/2618/6 1305/2619/6 1297/2620/6
f 1307/2621/4 1298/2622/4 1299/2623/4
f 1298/2624/130 1304/2625/130 1296/2626/130
f 1306/2627/121 1305/2628/121 1304/2629/121
f 1307/2630/119 1297/2631/119 1305/2632/119
f 1300/2633/6 1309/2634/6 1301/2635/6
f 1311/2636/4 1302/2637/4 1303/2638/4
f 1302/2639/130 1308/2640/130 1300/2641/130
f 1310/2642/3 1309/2643/3 1308/2644/3
f 1311/2645/1 1301/2646/1 1309/2647/1
f 1304/2648/6 1313/2649/6 1305/2650/6
f 1315/2651/4 1306/2652/4 1307/2653/4
f 1306/2654/131 1312/2655/131 1304/2656/131
f 1314/2657/124 1313/2658/124 1312/2659/124
f 1315/2660/122 1305/2661/122 1313/2662/122
f 1308/2663/6 1317/2664/6 1309/2665/6
f 1319/2666/4 1310/2667/4 1311/2668/4
f 1310/2669/131 1316/2670/131 1308/2671/131
f 1318/2672/3 1317/2673/3 1316/2674/3
f 1319/2675/1 1309/2676/1 1317/2677/1
f 1312/2678/6 1321/2679/6 1313/2680/6
f 1323/2681/4 1314/2682/4 1315/2683/4
f 1314/2684/132 1320/2685/132 1312/2686/132
f 1322/2687/7 1321/2688/7 1320/2689/7
f 1323/2690/125 1313/2691/125 1321/2692/125
f 1316/2693/6 797/2694/6 1317/2695/6
f 796/2696/4 1318/2697/4 1319/2698/4
f 1318/2699/132 1183/2700/132 1316/2701/132
f 1324/2702/3 797/2703/3 1183/2704/3
f 796/2705/1 1317/2706/1 797/2707/1
f 1325/2708/6 1327/2709/6 1326/2710/6
f 1325/2708/6 1328/2711/6 1327/2709/6
f 1325/2708/6 1329/2712/6 1328/2711/6
f 1325/2708/6 1330/2713/6 1329/2712/6
f 1325/2708/6 1331/2714/6 1330/2713/6
f 1325/2708/6 1332/2715/6 1331/2714/6
f 1325/2708/6 1333/2716/6 1332/2715/6
f 1325/2708/6 1334/2717/6 1333/2716/6
f 1325/2708/6 1335/2718/6 1334/2717/6
f 1325/2708/6 1336/2719/6 1335/2718/6
f 1325/2708/6 1337/2720/6 1336/2719/6
f 1325/2708/6 1338/2721/6 1337/2720/6
f 1325/2708/6 1339/2722/6 1338/2721/6
f 1325/2708/6 1340/2723/6 1339/2722/6
f 1325/2708/6 1341/2724/6 1340/2723/6
f 1325/2708/6 1342/2725/6 1341/2724/6
f 1345/2726/133 1344/2727/133 1343/2728/133
f 1349/2729/4 1346/2730/4 1345/2731/4
f 1347/2732/134 1350/2733/134 1349/2734/134
f 1343/2735/3 1349/2736/3 1345/2737/3
f 1344/2738/5 1350/2739/5 1348/2740/5
f 1351/2741/135 1352/2742/135 1353/2743/135
f 1354/2744/99 1355/2745/99 1356/2746/99
f 1357/2747/66 1358/2748/66 1359/2749/66
f 1360/2750/83 1361/2751/83 1362/2752/83
f 1363/2753/13 1364/2754/13 1365/2755/13
f 1366/2756/14 1367/2757/14 1368/2758/14
f 1369/2759/69 1370/2760/69 1371/2761/69
f 1372/2762/70 1373/2763/70 1374/2764/70
f 1355/2745/17 1351/2765/17 1353/2766/17
f 1360/2767/37 1353/2743/37 1352/2742/37
f 1362/2752/18 1357/2768/18 1359/2769/18
f 1359/2749/28 1356/2770/28 1355/2771/28
f 1373/2772/19 1363/2753/19 1365/2755/19
f 1366/2756/20 1365/2755/20 1364/2754/20
f 1369/2773/21 1368/2758/21 1367/2757/21
f 1374/2764/29 1371/2774/29 1370/2775/29
f 1364/2776/22 1352/2742/22 1351/2741/22
f 1367/2777/23 1354/2744/23 1356/2746/23
f 1370/2760/38 1358/2748/38 1357/2747/38
f 1372/2762/25 1361/2751/25 1360/2750/25
f 1354/2744/3 1364/2778/3 1351/2765/3
f 1362/2779/7 1355/2780/7 1353/2781/7
f 1352/2742/6 1372/2782/6 1360/2767/6
f 1358/2748/4 1367/2783/4 1356/2770/4
f 1361/2751/5 1370/2775/5 1357/2768/5
f 1368/2758/1 1373/2772/1 1365/2755/1
f 1383/2784/136 1384/2785/136 1385/2786/136
f 1386/2787/137 1387/2788/137 1388/2789/137
f 1389/2790/138 1390/2791/138 1391/2792/138
f 1392/2793/139 1393/2794/139 1394/2795/139
f 1393/2796/19 1383/2784/19 1385/2786/19
f 1389/2797/21 1388/2789/21 1387/2788/21
f 1384/2798/22 1376/2799/22 1375/2800/22
f 1387/2801/23 1377/2802/23 1378/2803/23
f 1390/2791/38 1380/2804/38 1379/2805/38
f 1392/2793/25 1382/2806/25 1381/2807/25
f 1377/2802/3 1384/2808/3 1375/2809/3
f 1376/2799/6 1392/2810/6 1381/2811/6
f 1380/2804/4 1387/2812/4 1378/2813/4
f 1382/2806/5 1390/2814/5 1379/2815/5
f 1395/2816/39 1396/2817/39 1397/2818/39
f 1398/2819/26 1399/2820/26 1400/2821/26
f 1401/2822/75 1402/2823/75 1403/2824/75
f 1404/2825/100 1405/2826/100 1406/2827/100
f 1407/2828/13 1408/2829/13 1409/2830/13
f 1410/2831/14 1411/2832/14 1412/2833/14
f 1413/2834/78 1414/2835/78 1415/2836/78
f 1416/2837/79 1417/2838/79 1418/2839/79
f 1399/2820/17 1395/2840/17 1397/2841/17
f 1404/2842/37 1397/2818/37 1396/2817/37
f 1406/2827/18 1401/2843/18 1403/2844/18
f 1403/2824/28 1400/2845/28 1399/2846/28
f 1417/2847/19 1407/2828/19 1409/2830/19
f 1410/2831/20 1409/2830/20 1408/2829/20
f 1413/2848/21 1412/2833/21 1411/2832/21
f 1418/2839/29 1415/2849/29 1414/2850/29
f 1408/2851/22 1396/2817/22 1395/2816/22
f 1411/2852/23 1398/2819/23 1400/2821/23
f 1414/2835/38 1402/2823/38 1401/2822/38
f 1416/2837/25 1405/2826/25 1404/2825/25
f 1398/2819/3 1408/2853/3 1395/2840/3
f 1406/2854/7 1399/2855/7 1397/2856/7
f 1396/2817/6 1416/2857/6 1404/2842/6
f 1402/2823/4 1411/2858/4 1400/2845/4
f 1405/2826/5 1414/2850/5 1401/2843/5
f 1412/2833/1 1417/2847/1 1409/2830/1
f 1430/2859/140 1432/2860/140 1434/2861/140
f 1419/2862/141 1428/2863/141 1427/2864/141
f 1420/2865/142 1429/2866/142 1428/2867/142
f 1421/2868/143 1430/2869/143 1429/2866/143
f 1422/2870/144 1431/2871/144 1430/2872/144
f 1424/2873/145 1431/2871/145 1423/2874/145
f 1425/2875/146 1432/2876/146 1424/2877/146
f 1426/2878/147 1433/2879/147 1425/2875/147
f 1419/2862/148 1434/2880/148 1426/2881/148
f 1438/2882/149 1439/2883/149 1440/2884/149
f 1439/2885/150 1435/2886/150 1437/2887/150
f 1446/2888/151 1441/2889/151 1443/2890/151
f 1443/2891/152 1440/2884/152 1439/2883/152
f 1450/2892/153 1449/2893/153 1448/2894/153
f 1458/2895/154 1455/2896/154 1454/2897/154
f 1448/2898/155 1436/2899/155 1435/2900/155
f 1440/2901/156 1450/2902/156 1438/2903/156
f 1441/2904/157 1453/2905/157 1442/2906/157
f 1444/2907/158 1458/2895/158 1445/2908/158
f 1435/2886/3 1450/2902/3 1448/2909/3
f 1446/2910/134 1439/2911/134 1437/2912/134
f 1436/2899/159 1456/2913/159 1444/2914/159
f 1442/2906/160 1451/2915/160 1440/2884/160
f 1441/2889/5 1458/2895/5 1454/2897/5
f 1452/2916/133 1457/2917/133 1449/2893/133
f 1467/2918/161 1468/2919/161 1469/2920/161
f 1470/2921/97 1471/2922/97 1472/2923/97
f 1473/2924/69 1474/2925/69 1475/2926/69
f 1476/2927/70 1477/2928/70 1478/2929/70
f 1477/2930/19 1467/2918/19 1469/2920/19
f 1473/2931/21 1472/2923/21 1471/2922/21
f 1468/2932/22 1460/2933/22 1459/2934/22
f 1471/2935/23 1461/2936/23 1462/2937/23
f 1474/2925/38 1464/2938/38 1463/2939/38
f 1476/2927/25 1466/2940/25 1465/2941/25
f 1461/2936/3 1468/2942/3 1459/2943/3
f 1460/2933/6 1476/2944/6 1465/2945/6
f 1464/2938/4 1471/2946/4 1462/2947/4
f 1466/2940/5 1474/2948/5 1463/2949/5
f 1479/2950/39 1480/2951/39 1481/2952/39
f 1482/2953/26 1483/2954/26 1484/2955/26
f 1485/2956/12 1486/2957/12 1487/2958/12
f 1488/2959/40 1489/2960/40 1490/2961/40
f 1491/2962/13 1492/2963/13 1493/2964/13
f 1494/2965/14 1495/2966/14 1496/2967/14
f 1497/2968/15 1498/2969/15 1499/2970/15
f 1500/2971/16 1501/2972/16 1502/2973/16
f 1483/2954/17 1479/2974/17 1481/2975/17
f 1488/2976/37 1481/2952/37 1480/2951/37
f 1490/2961/18 1485/2977/18 1487/2978/18
f 1487/2958/28 1484/2979/28 1483/2980/28
f 1501/2981/19 1491/2962/19 1493/2964/19
f 1494/2965/20 1493/2964/20 1492/2963/20
f 1497/2982/21 1496/2967/21 1495/2966/21
f 1502/2973/29 1499/2983/29 1498/2984/29
f 1492/2985/22 1480/2951/22 1479/2950/22
f 1495/2986/23 1482/2953/23 1484/2955/23
f 1498/2969/38 1486/2957/38 1485/2956/38
f 1500/2971/25 1489/2960/25 1488/2959/25
f 1482/2953/3 1492/2987/3 1479/2974/3
f 1490/2988/7 1483/2989/7 1481/2990/7
f 1480/2951/6 1500/2991/6 1488/2976/6
f 1486/2957/4 1495/2992/4 1484/2979/4
f 1489/2960/5 1498/2984/5 1485/2977/5
f 1496/2967/1 1501/2981/1 1493/2964/1
f 1514/2993/140 1516/2994/140 1518/2995/140
f 1503/2996/141 1512/2997/141 1511/2998/141
f 1504/2999/162 1513/3000/162 1512/3001/162
f 1506/3002/143 1513/3000/143 1505/3003/143
f 1506/3004/144 1515/3005/144 1514/3006/144
f 1508/3007/145 1515/3005/145 1507/3008/145
f 1509/3009/163 1516/3010/163 1508/3011/163
f 1509/3009/164 1518/3012/164 1517/3013/164
f 1503/2996/148 1518/3014/148 1510/3015/148
f 1534/3016/165 1535/3017/165 1536/3018/165
f 1537/3019/166 1538/3020/166 1539/3021/166
f 1521/3022/150 1522/3023/150 1519/3024/150
f 1527/3025/167 1529/3026/167 1525/3027/167
f 1534/3016/153 1533/3028/153 1532/3029/153
f 1537/3019/168 1536/3018/168 1535/3017/168
f 1538/3030/154 1541/3031/154 1539/3032/154
f 1532/3033/155 1520/3034/155 1519/3035/155
f 1524/3036/156 1534/3037/156 1522/3023/156
f 1525/3038/157 1537/3039/157 1526/3040/157
f 1528/3041/158 1542/3042/158 1529/3026/158
f 1519/3024/3 1534/3037/3 1532/3043/3
f 1530/3044/134 1523/3045/134 1521/3046/134
f 1520/3034/159 1540/3047/159 1528/3048/159
f 1526/3040/160 1535/3049/160 1524/3050/160
f 1525/3027/5 1542/3042/5 1538/3030/5
f 1536/3018/133 1541/3051/133 1533/3028/133
f 1546/3052/7 1544/3053/7 1543/3054/7
f 1548/3055/1 1550/3056/1 1547/3057/1
f 1544/3058/3 1547/3059/3 1543/3060/3
f 1545/3061/4 1548/3062/4 1544/3063/4
f 1546/3064/5 1549/3065/5 1545/3066/5
f 1543/3067/6 1550/3068/6 1546/3069/6
f 1552/3070/1 1554/3071/1 1551/3072/1
f 1548/3073/3 1551/3074/3 1547/3075/3
f 1549/3076/4 1552/3077/4 1548/3078/4
f 1550/3079/5 1553/3080/5 1549/3081/5
f 1547/3082/6 1554/3083/6 1550/3084/6
f 1556/3085/1 1558/3086/1 1555/3087/1
f 1552/3088/3 1555/3089/3 1551/3090/3
f 1553/3091/4 1556/3092/4 1552/3093/4
f 1554/3094/5 1557/3095/5 1553/3096/5
f 1551/3097/6 1558/3098/6 1554/3099/6
f 1560/3100/7 1545/3101/7 1546/3102/7
f 1549/3103/1 1562/3104/1 1550/3105/1
f 1559/3106/4 1549/3107/4 1545/3108/4
f 1560/3109/5 1561/3110/5 1559/3111/5
f 1546/3112/6 1562/3113/6 1560/3114/6
f 1564/3115/7 1553/3116/7 1554/3117/7
f 1557/3118/1 1566/3119/1 1558/3120/1
f 1563/3121/4 1557/3122/4 1553/3123/4
f 1564/3124/5 1565/3125/5 1563/3126/5
f 1554/3127/6 1566/3128/6 1564/3129/6
f 1568/3130/7 1559/3131/7 1560/3132/7
f 1561/3133/1 1570/3134/1 1562/3135/1
f 1567/3136/4 1561/3137/4 1559/3138/4
f 1568/3139/5 1569/3140/5 1567/3141/5
f 1560/3142/6 1570/3143/6 1568/3144/6
f 1563/3145/1 1572/3146/1 1564/3147/1
f 1561/3148/3 1564/3149/3 1562/3150/3
f 1569/3151/4 1563/3152/4 1561/3153/4
f 1570/3154/5 1571/3155/5 1569/3156/5
f 1562/3157/6 1572/3158/6 1570/3159/6
f 1565/3160/1 1574/3161/1 1566/3162/1
f 1571/3163/4 1565/3164/4 1563/3165/4
f 1572/3166/5 1573/3167/5 1571/3168/5
f 1564/3169/6 1574/3170/6 1572/3171/6
f 1576/3172/7 1567/3173/7 1568/3174/7
f 1569/3175/1 1578/3176/1 1570/3177/1
f 1575/3178/4 1569/3179/4 1567/3180/4
f 1576/3181/5 1577/3182/5 1575/3183/5
f 1568/3184/6 1578/3185/6 1576/3186/6
f 1580/3187/7 1571/3188/7 1572/3189/7
f 1573/3190/1 1582/3191/1 1574/3192/1
f 1579/3193/4 1573/3194/4 1571/3195/4
f 1580/3196/5 1581/3197/5 1579/3198/5
f 1572/3199/6 1582/3200/6 1580/3201/6
f 1576/3202/7 1583/3203/7 1575/3204/7
f 1577/3205/1 1586/3206/1 1578/3207/1
f 1583/3208/4 1577/3209/4 1575/3210/4
f 1584/3211/5 1585/3212/5 1583/3213/5
f 1576/3214/6 1586/3215/6 1584/3216/6
f 1579/3217/1 1588/3218/1 1580/3219/1
f 1577/3220/3 1580/3221/3 1578/3222/3
f 1585/3223/4 1579/3224/4 1577/3225/4
f 1586/3226/5 1587/3227/5 1585/3228/5
f 1578/3229/6 1588/3230/6 1586/3231/6
f 1581/3232/1 1590/3233/1 1582/3234/1
f 1587/3235/4 1581/3236/4 1579/3237/4
f 1588/3238/5 1589/3239/5 1587/3240/5
f 1580/3241/6 1590/3242/6 1588/3243/6
f 1594/3244/7 1592/3245/7 1591/3246/7
f 1596/3247/1 1598/3248/1 1595/3249/1
f 1592/3250/3 1595/3251/3 1591/3252/3
f 1593/3253/4 1596/3254/4 1592/3255/4
f 1594/3256/5 1597/3257/5 1593/3258/5
f 1591/3259/6 1598/3260/6 1594/3261/6
f 1602/3262/7 1600/3263/7 1599/3264/7
f 1604/3265/1 1606/3266/1 1603/3267/1
f 1600/3268/3 1603/3269/3 1599/3270/3
f 1601/3271/4 1604/3272/4 1600/3273/4
f 1602/3274/5 1605/3275/5 1601/3276/5
f 1599/3277/6 1606/3278/6 1602/3279/6
f 1608/3280/7 1617/3281/7 1607/3282/7
f 1610/3283/1 1612/3284/1 1609/3285/1
f 1617/3286/3 1609/3287/3 1607/3288/3
f 1618/3289/4 1610/3290/4 1617/3291/4
f 1608/3292/5 1611/3293/5 1618/3294/5
f 1607/3295/6 1612/3296/6 1608/3297/6
f 1616/3298/7 1614/3299/7 1613/3300/7
f 1617/3301/1 1584/3302/1 1543/3303/1
f 1613/3304/3 1617/3305/3 1543/3306/3
f 1615/3307/4 1617/3308/4 1614/3309/4
f 1616/3310/5 1618/3311/5 1615/3312/5
f 1616/3313/6 1543/3314/6 1584/3315/6
f 1621/3316/169 1620/3317/169 1619/3318/169
f 1623/3319/170 1622/3320/170 1621/3316/170
f 1629/3321/4 1624/3322/4 1623/3323/4
f 1627/3324/171 1630/3325/171 1629/3326/171
f 1625/3327/172 1628/3328/172 1627/3324/172
f 1619/3329/6 1626/3330/6 1625/3331/6
f 1619/3332/3 1627/3333/3 1621/3334/3
f 1627/3333/3 1623/3335/3 1621/3334/3
f 1620/3336/5 1628/3337/5 1626/3338/5
f 1624/3339/5 1628/3337/5 1622/3340/5
f 1631/3341/5 1632/3342/5 1633/3343/5
f 1636/3344/3 1635/3345/3 1634/3346/3
f 1640/3347/7 1638/3348/7 1637/3349/7
f 1642/3350/1 1644/3351/1 1641/3352/1
f 1638/3353/3 1641/3354/3 1637/3355/3
f 1639/3356/4 1642/3357/4 1638/3358/4
f 1640/3359/5 1643/3360/5 1639/3361/5
f 1637/3362/6 1644/3363/6 1640/3364/6
f 1651/3365/173 1652/3366/173 1653/3367/173
f 1657/3368/86 1658/3369/86 1659/3370/86
f 1660/3371/97 1661/3372/97 1662/3373/97
f 1663/3374/174 1664/3375/174 1665/3376/174
f 1666/3377/70 1667/3378/70 1668/3379/70
f 1649/3380/17 1645/3381/17 1647/3382/17
f 1656/3383/18 1651/3384/18 1653/3385/18
f 1667/3386/19 1657/3368/19 1659/3370/19
f 1660/3371/20 1659/3370/20 1658/3369/20
f 1663/3387/21 1662/3373/21 1661/3372/21
f 1658/3388/22 1646/3389/22 1645/3390/22
f 1661/3391/23 1648/3392/23 1650/3393/23
f 1664/3375/38 1652/3366/38 1651/3365/38
f 1666/3377/25 1655/3394/25 1654/3395/25
f 1648/3392/3 1658/3396/3 1645/3381/3
f 1656/3397/7 1649/3398/7 1647/3399/7
f 1646/3389/6 1666/3400/6 1654/3401/6
f 1652/3366/4 1661/3402/4 1650/3403/4
f 1655/3394/5 1664/3404/5 1651/3384/5
f 1672/3405/175 1673/3406/175 1674/3407/175
f 1675/3408/176 1676/3409/176 1677/3410/176
f 1681/3411/161 1682/3412/161 1683/3413/161
f 1684/3414/137 1685/3415/137 1686/3416/137
f 1687/3417/138 1688/3418/138 1689/3419/138
f 1690/3420/177 1691/3421/177 1692/3422/177
f 1673/3406/17 1669/3423/17 1671/3424/17
f 1680/3425/18 1675/3426/18 1677/3427/18
f 1677/3410/28 1674/3428/28 1673/3429/28
f 1691/3430/19 1681/3411/19 1683/3413/19
f 1687/3431/21 1686/3416/21 1685/3415/21
f 1692/3422/29 1689/3432/29 1688/3433/29
f 1682/3434/22 1670/3435/22 1669/3436/22
f 1685/3437/23 1672/3405/23 1674/3407/23
f 1688/3418/38 1676/3409/38 1675/3408/38
f 1690/3420/25 1679/3438/25 1678/3439/25
f 1672/3405/3 1682/3440/3 1669/3423/3
f 1680/3441/7 1673/3442/7 1671/3443/7
f 1670/3435/6 1690/3444/6 1678/3445/6
f 1676/3409/4 1685/3446/4 1674/3428/4
f 1679/3438/5 1688/3433/5 1675/3426/5
f 1693/3447/85 1694/3448/85 1695/3449/85
f 1696/3450/26 1697/3451/26 1698/3452/26
f 1699/3453/12 1700/3454/12 1701/3455/12
f 1702/3456/178 1703/3457/178 1704/3458/178
f 1705/3459/13 1706/3460/13 1707/3461/13
f 1708/3462/179 1709/3463/179 1710/3464/179
f 1711/3465/15 1712/3466/15 1713/3467/15
f 1714/3468/36 1715/3469/36 1716/3470/36
f 1697/3451/17 1693/3471/17 1695/3472/17
f 1702/3473/37 1695/3449/37 1694/3448/37
f 1704/3458/18 1699/3474/18 1701/3475/18
f 1701/3455/28 1698/3476/28 1697/3477/28
f 1715/3478/19 1705/3459/19 1707/3461/19
f 1708/3462/20 1707/3461/20 1706/3460/20
f 1711/3479/21 1710/3464/21 1709/3463/21
f 1716/3470/29 1713/3480/29 1712/3481/29
f 1706/3482/22 1694/3448/22 1693/3447/22
f 1709/3483/23 1696/3450/23 1698/3452/23
f 1712/3466/38 1700/3454/38 1699/3453/38
f 1714/3468/25 1703/3457/25 1702/3456/25
f 1696/3450/3 1706/3484/3 1693/3471/3
f 1704/3485/7 1697/3486/7 1695/3487/7
f 1694/3448/6 1714/3488/6 1702/3473/6
f 1700/3454/4 1709/3489/4 1698/3476/4
f 1703/3457/5 1712/3481/5 1699/3474/5
f 1710/3464/1 1715/3478/1 1707/3461/1
f 1717/3490/135 1718/3491/135 1719/3492/135
f 1723/3493/96 1724/3494/96 1725/3495/96
f 1726/3496/180 1727/3497/180 1728/3498/180
f 1729/3499/161 1730/3500/161 1731/3501/161
f 1732/3502/97 1733/3503/97 1734/3504/97
f 1735/3505/98 1736/3506/98 1737/3507/98
f 1738/3508/177 1739/3509/177 1740/3510/177
f 1721/3511/17 1717/3512/17 1719/3513/17
f 1726/3514/37 1719/3492/37 1718/3491/37
f 1728/3498/18 1723/3515/18 1725/3516/18
f 1725/3495/28 1722/3517/28 1721/3518/28
f 1739/3519/19 1729/3499/19 1731/3501/19
f 1732/3502/20 1731/3501/20 1730/3500/20
f 1735/3520/21 1734/3504/21 1733/3503/21
f 1740/3510/29 1737/3521/29 1736/3522/29
f 1730/3523/22 1718/3491/22 1717/3490/22
f 1736/3506/38 1724/3494/38 1723/3493/38
f 1738/3508/25 1727/3497/25 1726/3496/25
f 1720/3524/3 1730/3525/3 1717/3512/3
f 1728/3526/7 1721/3527/7 1719/3528/7
f 1718/3491/6 1738/3529/6 1726/3514/6
f 1724/3494/4 1733/3530/4 1722/3517/4
f 1727/3497/5 1736/3522/5 1723/3515/5
f 1734/3504/1 1739/3519/1 1731/3501/1
f 1742/3531/6 1744/3532/6 1741/3533/6
f 1748/3534/7 1746/3535/7 1745/3536/7
f 1750/3537/1 1752/3538/1 1749/3539/1
f 1746/3540/90 1749/3541/90 1745/3542/90
f 1747/3543/91 1750/3544/91 1746/3545/91
f 1748/3546/92 1751/3547/92 1747/3548/92
f 1745/3549/93 1752/3550/93 1748/3551/93
f 1756/3552/7 1754/3553/7 1753/3554/7
f 1758/3555/1 1760/3556/1 1757/3557/1
f 1754/3558/181 1757/3559/181 1753/3560/181
f 1755/3561/46 1758/3562/46 1754/3563/46
f 1756/3564/94 1759/3565/94 1755/3566/94
f 1753/3567/48 1760/3568/48 1756/3569/48
f 1764/3570/175 1765/3571/175 1766/3572/175
f 1767/3573/176 1768/3574/176 1769/3575/176
f 1773/3576/161 1774/3577/161 1775/3578/161
f 1776/3579/137 1777/3580/137 1778/3581/137
f 1779/3582/138 1780/3583/138 1781/3584/138
f 1782/3585/177 1783/3586/177 1784/3587/177
f 1765/3571/17 1761/3588/17 1763/3589/17
f 1772/3590/18 1767/3591/18 1769/3592/18
f 1769/3575/28 1766/3593/28 1765/3594/28
f 1783/3595/19 1773/3576/19 1775/3578/19
f 1776/3579/20 1775/3578/20 1774/3577/20
f 1779/3596/21 1778/3581/21 1777/3580/21
f 1774/3597/22 1762/3598/22 1761/3599/22
f 1777/3600/23 1764/3570/23 1766/3572/23
f 1780/3583/38 1768/3574/38 1767/3573/38
f 1782/3585/25 1771/3601/25 1770/3602/25
f 1764/3570/3 1774/3603/3 1761/3588/3
f 1772/3604/7 1765/3605/7 1763/3606/7
f 1762/3598/6 1782/3607/6 1770/3608/6
f 1768/3574/4 1777/3609/4 1766/3593/4
f 1771/3601/5 1780/3610/5 1767/3591/5
f 1788/3611/175 1789/3612/175 1790/3613/175
f 1791/3614/176 1792/3615/176 1793/3616/176
f 1797/3617/161 1798/3618/161 1799/3619/161
f 1800/3620/137 1801/3621/137 1802/3622/137
f 1803/3623/138 1804/3624/138 1805/3625/138
f 1806/3626/177 1807/3627/177 1808/3628/177
f 1789/3612/17 1785/3629/17 1787/3630/17
f 1796/3631/18 1791/3632/18 1793/3633/18
f 1793/3616/28 1790/3634/28 1789/3635/28
f 1807/3636/19 1797/3617/19 1799/3619/19
f 1803/3637/21 1802/3622/21 1801/3621/21
f 1808/3628/29 1805/3638/29 1804/3639/29
f 1798/3640/22 1786/3641/22 1785/3642/22
f 1801/3643/23 1788/3611/23 1790/3613/23
f 1804/3624/38 1792/3615/38 1791/3614/38
f 1806/3626/25 1795/3644/25 1794/3645/25
f 1788/3611/3 1798/3646/3 1785/3629/3
f 1796/3647/7 1789/3648/7 1787/3649/7
f 1786/3641/6 1806/3650/6 1794/3651/6
f 1792/3615/4 1801/3652/4 1790/3634/4
f 1795/3644/5 1804/3639/5 1791/3632/5
f 1809/3653/182 1810/3654/182 1811/3655/182
f 1812/3656/26 1813/3657/26 1814/3658/26
f 1815/3659/12 1816/3660/12 1817/3661/12
f 1818/3662/178 1819/3663/178 1820/3664/178
f 1821/3665/33 1822/3666/33 1823/3667/33
f 1824/3668/14 1825/3669/14 1826/3670/14
f 1827/3671/15 1828/3672/15 1829/3673/15
f 1830/3674/36 1831/3675/36 1832/3676/36
f 1813/3657/17 1809/3677/17 1811/3678/17
f 1818/3679/37 1811/3655/37 1810/3654/37
f 1820/3664/18 1815/3680/18 1817/3681/18
f 1817/3661/28 1814/3682/28 1813/3683/28
f 1831/3684/19 1821/3665/19 1823/3667/19
f 1824/3668/20 1823/3667/20 1822/3666/20
f 1827/3685/21 1826/3670/21 1825/3669/21
f 1832/3676/29 1829/3686/29 1828/3687/29
f 1822/3688/22 1810/3654/22 1809/3653/22
f 1825/3689/23 1812/3656/23 1814/3658/23
f 1828/3672/38 1816/3660/38 1815/3659/38
f 1830/3674/25 1819/3663/25 1818/3662/25
f 1812/3656/3 1822/3690/3 1809/3677/3
f 1820/3691/7 1813/3692/7 1811/3693/7
f 1810/3654/6 1830/3694/6 1818/3679/6
f 1816/3660/4 1825/3695/4 1814/3682/4
f 1819/3663/5 1828/3687/5 1815/3680/5
f 1826/3670/1 1831/3684/1 1823/3667/1
f 1833/3696/135 1834/3697/135 1835/3698/135
f 1836/3699/95 1837/3700/95 1838/3701/95
f 1839/3702/96 1840/3703/96 1841/3704/96
f 1842/3705/180 1843/3706/180 1844/3707/180
f 1845/3708/161 1846/3709/161 1847/3710/161
f 1848/3711/97 1849/3712/97 1850/3713/97
f 1851/3714/98 1852/3715/98 1853/3716/98
f 1854/3717/177 1855/3718/177 1856/3719/177
f 1837/3700/17 1833/3720/17 1835/3721/17
f 1842/3722/37 1835/3698/37 1834/3697/37
f 1844/3707/18 1839/3723/18 1841/3724/18
f 1841/3704/28 1838/3725/28 1837/3726/28
f 1855/3727/19 1845/3708/19 1847/3710/19
f 1848/3711/20 1847/3710/20 1846/3709/20
f 1851/3728/21 1850/3713/21 1849/3712/21
f 1856/3719/29 1853/3729/29 1852/3730/29
f 1846/3731/22 1834/3697/22 1833/3696/22
f 1849/3732/23 1836/3699/23 1838/3701/23
f 1852/3715/38 1840/3703/38 1839/3702/38
f 1854/3717/25 1843/3706/25 1842/3705/25
f 1836/3699/3 1846/3733/3 1833/3720/3
f 1844/3734/7 1837/3735/7 1835/3736/7
f 1834/3697/6 1854/3737/6 1842/3722/6
f 1840/3703/4 1849/3738/4 1838/3725/4
f 1843/3706/5 1852/3730/5 1839/3723/5
f 1850/3713/1 1855/3727/1 1847/3710/1
f 1858/3739/6 1860/3740/6 1857/3741/6
f 1864/3742/7 1862/3743/7 1861/3744/7
f 1866/3745/1 1868/3746/1 1865/3747/1
f 1862/3748/90 1865/3749/90 1861/3750/90
f 1863/3751/91 1866/3752/91 1862/3753/91
f 1864/3754/92 1867/3755/92 1863/3756/92
f 1861/3757/93 1868/3758/93 1864/3759/93
f 1872/3760/7 1870/3761/7 1869/3762/7
f 1874/3763/1 1876/3764/1 1873/3765/1
f 1870/3766/181 1873/3767/181 1869/3768/181
f 1871/3769/46 1874/3770/46 1870/3771/46
f 1872/3772/94 1875/3773/94 1871/3774/94
f 1869/3775/48 1876/3776/48 1872/3777/48
f 1880/3778/7 1878/3779/7 1877/3780/7
f 1882/3781/1 1884/3782/1 1881/3783/1
f 1878/3784/3 1881/3785/3 1877/3786/3
f 1879/3787/4 1882/3788/4 1878/3789/4
f 1880/3790/5 1883/3791/5 1879/3792/5
f 1877/3793/6 1884/3794/6 1880/3795/6
f 1888/3796/7 1886/3797/7 1885/3798/7
f 1886/3799/3 1889/3800/3 1885/3801/3
f 1887/3802/4 1890/3803/4 1886/3804/4
f 1888/3805/5 1891/3806/5 1887/3807/5
f 1885/3808/6 1892/3809/6 1888/3810/6
f 1896/3811/7 1894/3812/7 1893/3813/7
f 1898/3814/1 1900/3815/1 1897/3816/1
f 1894/3817/3 1897/3818/3 1893/3819/3
f 1895/3820/4 1898/3821/4 1894/3822/4
f 1896/3823/5 1899/3824/5 1895/3825/5
f 1893/3826/6 1900/3827/6 1896/3828/6
f 1910/3829/7 1902/3830/7 1901/3831/7
f 1904/3832/1 1912/3833/1 1903/3834/1
f 1902/3835/3 1903/3836/3 1901/3837/3
f 1911/3838/4 1904/3839/4 1902/3840/4
f 1901/3841/6 1912/3842/6 1910/3843/6
f 1906/3844/1 1907/3845/1 1905/3846/1
f 1913/3847/4 1906/3848/4 1904/3849/4
f 1912/3850/5 1915/3851/5 1913/3852/5
f 1912/3853/6 1905/3854/6 1907/3855/6
f 1909/3856/1 1916/3857/1 1908/3858/1
f 1906/3859/3 1908/3860/3 1905/3861/3
f 1915/3862/4 1909/3863/4 1906/3864/4
f 1907/3865/5 1917/3866/5 1915/3867/5
f 1905/3868/6 1916/3869/6 1907/3870/6
f 1918/3871/7 1911/3872/7 1910/3873/7
f 1913/3874/1 1922/3875/1 1912/3876/1
f 1911/3877/3 1912/3878/3 1910/3879/3
f 1919/3880/4 1913/3881/4 1911/3882/4
f 1918/3883/5 1914/3884/5 1919/3885/5
f 1910/3886/6 1922/3887/6 1918/3888/6
f 1925/3889/7 1915/3890/7 1907/3891/7
f 1917/3892/1 1929/3893/1 1916/3894/1
f 1915/3895/4 1930/3896/4 1917/3897/4
f 1925/3898/5 1930/3899/5 1926/3900/5
f 1907/3901/6 1929/3902/6 1925/3903/6
f 1921/3904/7 1919/3905/7 1918/3906/7
f 1914/3907/1 1924/3908/1 1922/3909/1
f 1920/3910/4 1914/3911/4 1919/3912/4
f 1921/3913/5 1923/3914/5 1920/3915/5
f 1921/3916/6 1922/3917/6 1924/3918/6
f 1926/3919/1 1928/3920/1 1925/3921/1
f 1914/3922/3 1925/3923/3 1922/3924/3
f 1923/3925/4 1926/3926/4 1914/3927/4
f 1924/3928/5 1927/3929/5 1923/3930/5
f 1922/3931/6 1928/3932/6 1924/3933/6
f 1930/3934/1 1932/3935/1 1929/3936/1
f 1926/3937/4 1931/3938/4 1930/3939/4
f 1928/3940/5 1931/3941/5 1927/3942/5
f 1925/3943/6 1932/3944/6 1928/3945/6
f 1933/3946/7 1920/3947/7 1921/3948/7
f 1923/3949/1 1937/3950/1 1924/3951/1
f 1934/3952/4 1923/3953/4 1920/3954/4
f 1921/3955/6 1937/3956/6 1933/3957/6
f 1941/3958/7 1927/3959/7 1928/3960/7
f 1931/3961/1 1945/3962/1 1932/3963/1
f 1942/3964/4 1931/3965/4 1927/3966/4
f 1941/3967/5 1946/3968/5 1942/3969/5
f 1928/3970/6 1945/3971/6 1941/3972/6
f 1936/3973/7 1934/3974/7 1933/3975/7
f 1938/3976/1 1940/3977/1 1937/3978/1
f 1934/3979/3 1937/3980/3 1933/3981/3
f 1935/3982/4 1938/3983/4 1934/3984/4
f 1936/3985/5 1939/3986/5 1935/3987/5
f 1933/3988/6 1940/3989/6 1936/3990/6
f 1942/3991/1 1944/3992/1 1941/3993/1
f 1938/3994/3 1941/3995/3 1937/3996/3
f 1939/3997/4 1942/3998/4 1938/3999/4
f 1937/4000/6 1944/4001/6 1940/4002/6
f 1946/4003/1 1948/4004/1 1945/4005/1
f 1943/4006/4 1946/4007/4 1942/4008/4
f 1944/4009/5 1947/4010/5 1943/4011/5
f 1941/4012/6 1948/4013/6 1944/4014/6
f 1952/4015/7 1950/4016/7 1949/4017/7
f 1954/4018/1 1956/4019/1 1953/4020/1
f 1950/4021/3 1953/4022/3 1949/4023/3
f 1951/4024/4 1954/4025/4 1950/4026/4
f 1952/4027/5 1955/4028/5 1951/4029/5
f 1949/4030/6 1956/4031/6 1952/4032/6
f 1960/4033/7 1958/4034/7 1957/4035/7
f 1962/4036/1 1964/4037/1 1961/4038/1
f 1958/4039/3 1961/4040/3 1957/4041/3
f 1959/4042/4 1962/4043/4 1958/4044/4
f 1960/4045/5 1963/4046/5 1959/4047/5
f 1957/4048/6 1964/4049/6 1960/4050/6
f 1967/4051/7 1966/4052/7 1965/4053/7
f 1969/4054/1 1971/4055/1 1968/4056/1
f 1966/4057/3 1968/4058/3 1965/4059/3
f 1976/4060/4 1969/4061/4 1966/4062/4
f 1967/4063/5 1970/4064/5 1976/4065/5
f 1965/4066/6 1971/4067/6 1967/4068/6
f 1975/4069/7 1973/4070/7 1972/4071/7
f 1966/4072/1 1936/4073/1 1901/4074/1
f 1972/4075/3 1966/4076/3 1901/4077/3
f 1974/4078/4 1966/4079/4 1973/4080/4
f 1975/4081/5 1976/4082/5 1974/4083/5
f 1972/4084/6 1936/4085/6 1975/4086/6
f 1979/4087/183 1978/4088/183 1977/4089/183
f 1981/4090/184 1980/4091/184 1979/4087/184
f 1987/4092/4 1982/4093/4 1981/4094/4
f 1985/4095/185 1988/4096/185 1987/4097/185
f 1983/4098/186 1986/4099/186 1985/4095/186
f 1977/4100/6 1984/4101/6 1983/4102/6
f 1977/4103/3 1985/4104/3 1979/4105/3
f 1985/4104/3 1981/4106/3 1979/4105/3
f 1978/4107/5 1986/4108/5 1984/4109/5
f 1982/4110/5 1986/4108/5 1980/4111/5
f 1989/4112/5 1990/4113/5 1991/4114/5
f 1994/4115/3 1993/4116/3 1992/4117/3
f 1998/4118/7 1996/4119/7 1995/4120/7
f 2000/4121/1 2002/4122/1 1999/4123/1
f 1996/4124/3 1999/4125/3 1995/4126/3
f 1997/4127/4 2000/4128/4 1996/4129/4
f 1998/4130/5 2001/4131/5 1997/4132/5
f 1995/4133/6 2002/4134/6 1998/4135/6
f 2006/4136/95 2007/4137/95 2008/4138/95
f 2009/4139/96 2010/4140/96 2011/4141/96
f 2015/4142/86 2016/4143/86 2017/4144/86
f 2018/4145/97 2019/4146/97 2020/4147/97
f 2021/4148/98 2022/4149/98 2023/4150/98
f 2024/4151/79 2025/4152/79 2026/4153/79
f 2007/4137/17 2003/4154/17 2005/4155/17
f 2014/4156/18 2009/4157/18 2011/4158/18
f 2011/4141/28 2008/4159/28 2007/4160/28
f 2025/4161/19 2015/4142/19 2017/4144/19
f 2018/4145/20 2017/4144/20 2016/4143/20
f 2021/4162/21 2020/4147/21 2019/4146/21
f 2016/4163/22 2004/4164/22 2003/4165/22
f 2019/4166/23 2006/4136/23 2008/4138/23
f 2022/4149/38 2010/4140/38 2009/4139/38
f 2024/4151/25 2013/4167/25 2012/4168/25
f 2006/4136/3 2016/4169/3 2003/4154/3
f 2014/4170/7 2007/4171/7 2005/4172/7
f 2004/4164/6 2024/4173/6 2012/4174/6
f 2010/4140/4 2019/4175/4 2008/4159/4
f 2013/4167/5 2022/4176/5 2009/4157/5
f 2030/4177/175 2031/4178/175 2032/4179/175
f 2033/4180/176 2034/4181/176 2035/4182/176
f 2039/4183/13 2040/4184/13 2041/4185/13
f 2042/4186/137 2043/4187/137 2044/4188/137
f 2045/4189/138 2046/4190/138 2047/4191/138
f 2048/4192/16 2049/4193/16 2050/4194/16
f 2031/4178/17 2027/4195/17 2029/4196/17
f 2038/4197/18 2033/4198/18 2035/4199/18
f 2035/4182/28 2032/4200/28 2031/4201/28
f 2049/4202/19 2039/4183/19 2041/4185/19
f 2045/4203/21 2044/4188/21 2043/4187/21
f 2050/4194/29 2047/4204/29 2046/4205/29
f 2040/4206/22 2028/4207/22 2027/4208/22
f 2043/4209/23 2030/4177/23 2032/4179/23
f 2046/4190/38 2034/4181/38 2033/4180/38
f 2048/4192/25 2037/4210/25 2036/4211/25
f 2030/4177/3 2040/4212/3 2027/4195/3
f 2038/4213/7 2031/4214/7 2029/4215/7
f 2028/4207/6 2048/4216/6 2036/4217/6
f 2034/4181/4 2043/4218/4 2032/4200/4
f 2037/4210/5 2046/4205/5 2033/4198/5
f 2051/4219/187 2052/4220/187 2053/4221/187
f 2054/4222/26 2055/4223/26 2056/4224/26
f 2057/4225/12 2058/4226/12 2059/4227/12
f 2060/4228/188 2061/4229/188 2062/4230/188
f 2063/4231/136 2064/4232/136 2065/4233/136
f 2066/4234/14 2067/4235/14 2068/4236/14
f 2069/4237/15 2070/4238/15 2071/4239/15
f 2072/4240/139 2073/4241/139 2074/4242/139
f 2055/4223/17 2051/4243/17 2053/4244/17
f 2060/4245/37 2053/4221/37 2052/4220/37
f 2062/4230/18 2057/4246/18 2059/4247/18
f 2059/4227/28 2056/4248/28 2055/4249/28
f 2073/4250/19 2063/4231/19 2065/4233/19
f 2066/4234/20 2065/4233/20 2064/4232/20
f 2069/4251/21 2068/4236/21 2067/4235/21
f 2074/4242/29 2071/4252/29 2070/4253/29
f 2064/4254/22 2052/4220/22 2051/4219/22
f 2067/4255/23 2054/4222/23 2056/4224/23
f 2070/4238/38 2058/4226/38 2057/4225/38
f 2072/4240/25 2061/4229/25 2060/4228/25
f 2054/4222/3 2064/4256/3 2051/4243/3
f 2062/4257/7 2055/4258/7 2053/4259/7
f 2052/4220/6 2072/4260/6 2060/4245/6
f 2058/4226/4 2067/4261/4 2056/4248/4
f 2061/4229/5 2070/4253/5 2057/4246/5
f 2068/4236/1 2073/4250/1 2065/4233/1
f 2075/4262/182 2076/4263/182 2077/4264/182
f 2078/4265/189 2079/4266/189 2080/4267/189
f 2081/4268/190 2082/4269/190 2083/4270/190
f 2084/4271/178 2085/4272/178 2086/4273/178
f 2087/4274/136 2088/4275/136 2089/4276/136
f 2090/4277/137 2091/4278/137 2092/4279/137
f 2093/4280/138 2094/4281/138 2095/4282/138
f 2096/4283/139 2097/4284/139 2098/4285/139
f 2079/4266/17 2075/4286/17 2077/4287/17
f 2084/4288/37 2077/4264/37 2076/4263/37
f 2086/4273/18 2081/4289/18 2083/4290/18
f 2083/4270/28 2080/4291/28 2079/4292/28
f 2097/4293/19 2087/4274/19 2089/4276/19
f 2090/4277/20 2089/4276/20 2088/4275/20
f 2093/4294/21 2092/4279/21 2091/4278/21
f 2098/4285/29 2095/4295/29 2094/4296/29
f 2088/4297/22 2076/4263/22 2075/4262/22
f 2091/4298/23 2078/4265/23 2080/4267/23
f 2094/4281/38 2082/4269/38 2081/4268/38
f 2096/4283/25 2085/4272/25 2084/4271/25
f 2078/4265/3 2088/4299/3 2075/4286/3
f 2086/4300/7 2079/4301/7 2077/4302/7
f 2076/4263/6 2096/4303/6 2084/4288/6
f 2082/4269/4 2091/4304/4 2080/4291/4
f 2085/4272/5 2094/4296/5 2081/4289/5
f 2092/4279/1 2097/4293/1 2089/4276/1
f 2100/4305/6 2102/4306/6 2099/4307/6
f 2106/4308/7 2104/4309/7 2103/4310/7
f 2108/4311/1 2110/4312/1 2107/4313/1
f 2104/4314/90 2107/4315/90 2103/4316/90
f 2105/4317/91 2108/4318/91 2104/4319/91
f 2106/4320/92 2109/4321/92 2105/4322/92
f 2103/4323/93 2110/4324/93 2106/4325/93
f 2114/4326/7 2112/4327/7 2111/4328/7
f 2116/4329/1 2118/4330/1 2115/4331/1
f 2112/4332/181 2115/4333/181 2111/4334/181
f 2113/4335/46 2116/4336/46 2112/4337/46
f 2114/4338/94 2117/4339/94 2113/4340/94
f 2111/4341/48 2118/4342/48 2114/4343/48
f 2122/4344/175 2123/4345/175 2124/4346/175
f 2125/4347/176 2126/4348/176 2127/4349/176
f 2131/4350/13 2132/4351/13 2133/4352/13
f 2134/4353/137 2135/4354/137 2136/4355/137
f 2137/4356/138 2138/4357/138 2139/4358/138
f 2140/4359/16 2141/4360/16 2142/4361/16
f 2123/4345/17 2119/4362/17 2121/4363/17
f 2130/4364/18 2125/4365/18 2127/4366/18
f 2127/4349/28 2124/4367/28 2123/4368/28
f 2141/4369/19 2131/4350/19 2133/4352/19
f 2134/4353/88 2133/4352/88 2132/4351/88
f 2137/4370/21 2136/4355/21 2135/4354/21
f 2132/4371/22 2120/4372/22 2119/4373/22
f 2135/4374/23 2122/4344/23 2124/4346/23
f 2138/4357/38 2126/4348/38 2125/4347/38
f 2140/4359/25 2129/4375/25 2128/4376/25
f 2122/4344/3 2132/4377/3 2119/4362/3
f 2130/4378/7 2123/4379/7 2121/4380/7
f 2120/4372/6 2140/4381/6 2128/4382/6
f 2126/4348/4 2135/4383/4 2124/4367/4
f 2129/4375/5 2138/4384/5 2125/4365/5
f 2146/4385/175 2147/4386/175 2148/4387/175
f 2155/4388/13 2156/4389/13 2157/4390/13
f 2158/4391/137 2159/4392/137 2160/4393/137
f 2161/4394/138 2162/4395/138 2163/4396/138
f 2164/4397/16 2165/4398/16 2166/4399/16
f 2147/4386/17 2143/4400/17 2145/4401/17
f 2154/4402/191 2149/4403/191 2151/4404/191
f 2165/4405/19 2155/4388/19 2157/4390/19
f 2161/4406/21 2160/4393/21 2159/4392/21
f 2166/4399/29 2163/4407/29 2162/4408/29
f 2156/4409/22 2144/4410/22 2143/4411/22
f 2159/4412/23 2146/4385/23 2148/4387/23
f 2162/4395/38 2150/4413/38 2149/4414/38
f 2164/4397/25 2153/4415/25 2152/4416/25
f 2146/4385/3 2156/4417/3 2143/4400/3
f 2154/4418/7 2147/4419/7 2145/4420/7
f 2144/4410/6 2164/4421/6 2152/4422/6
f 2150/4413/4 2159/4423/4 2148/4424/4
f 2153/4415/5 2162/4408/5 2149/4403/5
f 2167/4425/187 2168/4426/187 2169/4427/187
f 2170/4428/26 2171/4429/26 2172/4430/26
f 2173/4431/12 2174/4432/12 2175/4433/12
f 2176/4434/180 2177/4435/180 2178/4436/180
f 2179/4437/67 2180/4438/67 2181/4439/67
f 2182/4440/14 2183/4441/14 2184/4442/14
f 2185/4443/192 2186/4444/192 2187/4445/192
f 2188/4446/177 2189/4447/177 2190/4448/177
f 2171/4429/17 2167/4449/17 2169/4450/17
f 2176/4451/37 2169/4427/37 2168/4426/37
f 2178/4436/18 2173/4452/18 2175/4453/18
f 2175/4433/28 2172/4454/28 2171/4455/28
f 2189/4456/19 2179/4437/19 2181/4439/19
f 2182/4440/20 2181/4439/20 2180/4438/20
f 2185/4457/21 2184/4442/21 2183/4441/21
f 2190/4448/29 2187/4458/29 2186/4459/29
f 2180/4460/22 2168/4426/22 2167/4425/22
f 2183/4461/23 2170/4428/23 2172/4430/23
f 2186/4444/38 2174/4432/38 2173/4431/38
f 2188/4446/25 2177/4435/25 2176/4434/25
f 2170/4428/3 2180/4462/3 2167/4449/3
f 2178/4463/7 2171/4464/7 2169/4465/7
f 2168/4426/6 2188/4466/6 2176/4451/6
f 2174/4432/4 2183/4467/4 2172/4454/4
f 2177/4435/5 2186/4459/5 2173/4452/5
f 2184/4442/1 2189/4456/1 2181/4439/1
f 2191/4468/135 2192/4469/135 2193/4470/135
f 2194/4471/95 2195/4472/95 2196/4473/95
f 2200/4474/83 2201/4475/83 2202/4476/83
f 2203/4477/161 2204/4478/161 2205/4479/161
f 2206/4480/137 2207/4481/137 2208/4482/137
f 2209/4483/174 2210/4484/174 2211/4485/174
f 2212/4486/139 2213/4487/139 2214/4488/139
f 2195/4472/17 2191/4489/17 2193/4490/17
f 2200/4491/37 2193/4470/37 2192/4469/37
f 2202/4476/18 2197/4492/18 2199/4493/18
f 2199/4494/28 2196/4495/28 2195/4496/28
f 2213/4497/19 2203/4477/19 2205/4479/19
f 2206/4480/20 2205/4479/20 2204/4478/20
f 2209/4498/21 2208/4482/21 2207/4481/21
f 2214/4488/29 2211/4499/29 2210/4500/29
f 2204/4501/22 2192/4469/22 2191/4468/22
f 2207/4502/23 2194/4471/23 2196/4473/23
f 2212/4486/25 2201/4475/25 2200/4474/25
f 2194/4471/3 2204/4503/3 2191/4489/3
f 2202/4504/7 2195/4505/7 2193/4506/7
f 2192/4469/6 2212/4507/6 2200/4491/6
f 2198/4508/4 2207/4509/4 2196/4495/4
f 2201/4475/5 2210/4500/5 2197/4492/5
f 2208/4482/1 2213/4497/1 2205/4479/1
f 2216/4510/6 2218/4511/6 2215/4512/6
f 2222/4513/7 2220/4514/7 2219/4515/7
f 2224/4516/1 2226/4517/1 2223/4518/1
f 2220/4519/90 2223/4520/90 2219/4521/90
f 2221/4522/91 2224/4523/91 2220/4524/91
f 2222/4525/92 2225/4526/92 2221/4527/92
f 2219/4528/93 2226/4529/93 2222/4530/93
f 2230/4531/7 2228/4532/7 2227/4533/7
f 2232/4534/1 2234/4535/1 2231/4536/1
f 2228/4537/181 2231/4538/181 2227/4539/181
f 2229/4540/46 2232/4541/46 2228/4542/46
f 2230/4543/94 2233/4544/94 2229/4545/94
f 2227/4546/48 2234/4547/48 2230/4548/48
f 2238/4549/7 2236/4550/7 2235/4551/7
f 2240/4552/1 2242/4553/1 2239/4554/1
f 2237/4555/4 2240/4556/4 2236/4557/4
f 2235/4558/6 2242/4559/6 2238/4560/6
f 2246/4561/7 2244/4562/7 2243/4563/7
f 2244/4564/3 2247/4565/3 2243/4566/3
f 2245/4567/4 2248/4568/4 2244/4569/4
f 2246/4570/5 2249/4571/5 2245/4572/5
f 2243/4573/6 2250/4574/6 2246/4575/6
f 2254/4576/7 2252/4577/7 2251/4578/7
f 2256/4579/1 2258/4580/1 2255/4581/1
f 2252/4582/3 2255/4583/3 2251/4584/3
f 2253/4585/4 2256/4586/4 2252/4587/4
f 2254/4588/5 2257/4589/5 2253/4590/5
f 2251/4591/6 2258/4592/6 2254/4593/6
f 2259/4594/7 2261/4595/7 2260/4596/7
f 2264/4597/1 2266/4598/1 2263/4599/1
f 2259/4600/3 2264/4601/3 2263/4602/3
f 2261/4603/4 2264/4604/4 2260/4605/4
f 2262/4606/5 2265/4607/5 2261/4608/5
f 2259/4609/6 2266/4610/6 2262/4611/6
f 2268/4612/1 2270/4613/1 2267/4614/1
f 2264/4615/3 2267/4616/3 2263/4617/3
f 2265/4618/4 2268/4619/4 2264/4620/4
f 2266/4621/5 2269/4622/5 2265/4623/5
f 2263/4624/6 2270/4625/6 2266/4626/6
f 2272/4627/1 2274/4628/1 2271/4629/1
f 2268/4630/3 2271/4631/3 2267/4632/3
f 2269/4633/4 2272/4634/4 2268/4635/4
f 2270/4636/5 2273/4637/5 2269/4638/5
f 2267/4639/6 2274/4640/6 2270/4641/6
f 2276/4642/7 2261/4643/7 2262/4644/7
f 2265/4645/1 2278/4646/1 2266/4647/1
f 2275/4648/4 2265/4649/4 2261/4650/4
f 2276/4651/5 2277/4652/5 2275/4653/5
f 2262/4654/6 2278/4655/6 2276/4656/6
f 2280/4657/7 2269/4658/7 2270/4659/7
f 2273/4660/1 2282/4661/1 2274/4662/1
f 2279/4663/4 2273/4664/4 2269/4665/4
f 2280/4666/5 2281/4667/5 2279/4668/5
f 2270/4669/6 2282/4670/6 2280/4671/6
f 2283/4672/7 2275/4673/7 2276/4674/7
f 2277/4675/1 2285/4676/1 2278/4677/1
f 2288/4678/4 2277/4679/4 2275/4680/4
f 2283/4681/5 2284/4682/5 2288/4683/5
f 2276/4684/6 2285/4685/6 2283/4686/6
f 2280/4687/1 2289/4688/1 2286/4689/1
f 2277/4690/3 2280/4691/3 2278/4692/3
f 2277/4693/4 2289/4694/4 2279/4695/4
f 2285/4696/5 2289/4697/5 2284/4698/5
f 2278/4699/6 2286/4700/6 2285/4701/6
f 2281/4702/1 2287/4703/1 2282/4704/1
f 2289/4705/4 2281/4706/4 2279/4707/4
f 2286/4708/5 2290/4709/5 2289/4710/5
f 2280/4711/6 2287/4712/6 2286/4713/6
f 2291/4714/7 2288/4715/7 2283/4716/7
f 2284/4717/1 2295/4718/1 2285/4719/1
f 2288/4720/4 2296/4721/4 2284/4722/4
f 2283/4723/6 2295/4724/6 2291/4725/6
f 2286/4726/7 2300/4727/7 2289/4728/7
f 2290/4729/1 2303/4730/1 2287/4731/1
f 2300/4732/4 2290/4733/4 2289/4734/4
f 2299/4735/5 2304/4736/5 2300/4737/5
f 2286/4738/6 2303/4739/6 2299/4740/6
f 2294/4741/7 2292/4742/7 2291/4743/7
f 2295/4744/1 2297/4745/1 2298/4746/1
f 2292/4747/3 2295/4748/3 2291/4749/3
f 2293/4750/4 2296/4751/4 2292/4752/4
f 2294/4753/5 2297/4754/5 2293/4755/5
f 2291/4756/6 2298/4757/6 2294/4758/6
f 2299/4759/1 2301/4760/1 2302/4761/1
f 2296/4762/3 2299/4763/3 2295/4764/3
f 2297/4765/4 2300/4766/4 2296/4767/4
f 2298/4768/5 2301/4769/5 2297/4770/5
f 2295/4771/6 2302/4772/6 2298/4773/6
f 2304/4774/1 2306/4775/1 2303/4776/1
f 2301/4777/4 2304/4778/4 2300/4779/4
f 2302/4780/5 2305/4781/5 2301/4782/5
f 2299/4783/6 2306/4784/6 2302/4785/6
f 2310/4786/7 2308/4787/7 2307/4788/7
f 2312/4789/1 2314/4790/1 2311/4791/1
f 2308/4792/3 2311/4793/3 2307/4794/3
f 2309/4795/4 2312/4796/4 2308/4797/4
f 2310/4798/5 2313/4799/5 2309/4800/5
f 2307/4801/6 2314/4802/6 2310/4803/6
f 2318/4804/7 2316/4805/7 2315/4806/7
f 2320/4807/1 2322/4808/1 2319/4809/1
f 2316/4810/3 2319/4811/3 2315/4812/3
f 2317/4813/4 2320/4814/4 2316/4815/4
f 2318/4816/5 2321/4817/5 2317/4818/5
f 2315/4819/6 2322/4820/6 2318/4821/6
f 2326/4822/7 2324/4823/7 2323/4824/7
f 2328/4825/1 2330/4826/1 2327/4827/1
f 2324/4828/3 2327/4829/3 2323/4830/3
f 2325/4831/4 2328/4832/4 2324/4833/4
f 2326/4834/5 2329/4835/5 2325/4836/5
f 2323/4837/6 2330/4838/6 2326/4839/6
f 2334/4840/7 2332/4841/7 2331/4842/7
f 2324/4843/1 2294/4844/1 2259/4845/1
f 2332/4846/3 2259/4847/3 2331/4848/3
f 2333/4849/4 2324/4850/4 2332/4851/4
f 2334/4852/5 2325/4853/5 2333/4854/5
f 2331/4855/6 2294/4856/6 2334/4857/6
f 2337/4858/169 2336/4859/169 2335/4860/169
f 2339/4861/170 2338/4862/170 2337/4858/170
f 2345/4863/4 2340/4864/4 2339/4865/4
f 2343/4866/171 2346/4867/171 2345/4868/171
f 2341/4869/172 2344/4870/172 2343/4866/172
f 2335/4871/6 2342/4872/6 2341/4873/6
f 2335/4874/3 2343/4875/3 2337/4876/3
f 2343/4875/3 2339/4877/3 2337/4876/3
f 2336/4878/5 2344/4879/5 2342/4880/5
f 2340/4881/5 2344/4879/5 2338/4882/5
f 2347/4883/5 2348/4884/5 2349/4885/5
f 2352/4886/3 2351/4887/3 2350/4888/3
f 2356/4889/7 2354/4890/7 2353/4891/7
f 2358/4892/1 2360/4893/1 2357/4894/1
f 2354/4895/3 2357/4896/3 2353/4897/3
f 2355/4898/4 2358/4899/4 2354/4900/4
f 2356/4901/5 2359/4902/5 2355/4903/5
f 2353/4904/6 2360/4905/6 2356/4906/6
f 2365/4907/66 2366/4908/66 2367/4909/66
f 2370/4910/67 2371/4911/67 2372/4912/67
f 2373/4913/68 2374/4914/68 2375/4915/68
f 2376/4916/69 2377/4917/69 2378/4918/69
f 2379/4919/70 2380/4920/70 2381/4921/70
f 2380/4922/19 2370/4910/19 2372/4912/19
f 2373/4913/20 2372/4912/20 2371/4911/20
f 2376/4923/21 2375/4915/21 2374/4914/21
f 2371/4924/22 2362/4925/22 2361/4926/22
f 2374/4927/23 2363/4928/23 2364/4929/23
f 2377/4917/38 2366/4908/38 2365/4907/38
f 2379/4919/25 2369/4930/25 2368/4931/25
f 2363/4928/3 2371/4932/3 2361/4933/3
f 2362/4925/6 2379/4934/6 2368/4935/6
f 2366/4908/4 2374/4936/4 2364/4937/4
f 2369/4930/5 2377/4938/5 2365/4939/5
f 2384/4940/82 2385/4941/82 2386/4942/82
f 2387/4943/66 2388/4944/66 2389/4945/66
f 2392/4946/67 2393/4947/67 2394/4948/67
f 2395/4949/68 2396/4950/68 2397/4951/68
f 2398/4952/69 2399/4953/69 2400/4954/69
f 2401/4955/70 2402/4956/70 2403/4957/70
f 2389/4945/28 2386/4958/28 2385/4959/28
f 2402/4960/19 2392/4946/19 2394/4948/19
f 2398/4961/21 2397/4951/21 2396/4950/21
f 2403/4957/84 2400/4962/84 2399/4963/84
f 2393/4964/22 2383/4965/22 2382/4966/22
f 2396/4967/23 2384/4940/23 2386/4942/23
f 2399/4953/38 2388/4944/38 2387/4943/38
f 2401/4955/25 2391/4968/25 2390/4969/25
f 2384/4940/3 2393/4970/3 2382/4971/3
f 2383/4965/6 2401/4972/6 2390/4973/6
f 2388/4944/4 2396/4974/4 2386/4958/4
f 2391/4968/5 2399/4963/5 2387/4975/5
f 2404/4976/81 2405/4977/81 2406/4978/81
f 2407/4979/82 2408/4980/82 2409/4981/82
f 2410/4982/66 2411/4983/66 2412/4984/66
f 2413/4985/83 2414/4986/83 2415/4987/83
f 2416/4988/67 2417/4989/67 2418/4990/67
f 2419/4991/68 2420/4992/68 2421/4993/68
f 2422/4994/69 2423/4995/69 2424/4996/69
f 2425/4997/70 2426/4998/70 2427/4999/70
f 2408/4980/17 2404/5000/17 2406/5001/17
f 2413/5002/37 2406/4978/37 2405/4977/37
f 2415/4987/72 2410/5003/72 2412/5004/72
f 2412/4984/28 2409/5005/28 2408/5006/28
f 2426/5007/19 2416/4988/19 2418/4990/19
f 2419/4991/20 2418/4990/20 2417/4989/20
f 2422/5008/21 2421/4993/21 2420/4992/21
f 2427/4999/84 2424/5009/84 2423/5010/84
f 2417/5011/22 2405/4977/22 2404/4976/22
f 2420/5012/23 2407/4979/23 2409/4981/23
f 2423/4995/38 2411/4983/38 2410/4982/38
f 2425/4997/25 2414/4986/25 2413/4985/25
f 2407/4979/3 2417/5013/3 2404/5000/3
f 2415/5014/7 2408/5015/7 2406/5016/7
f 2405/4977/6 2425/5017/6 2413/5002/6
f 2411/4983/4 2420/5018/4 2409/5005/4
f 2414/4986/5 2423/5010/5 2410/5003/5
f 2421/4993/1 2426/5007/1 2418/4990/1
f 2428/5019/39 2429/5020/39 2430/5021/39
f 2434/5022/66 2435/5023/66 2436/5024/66
f 2437/5025/83 2438/5026/83 2439/5027/83
f 2440/5028/86 2441/5029/86 2442/5030/86
f 2443/5031/97 2444/5032/97 2445/5033/97
f 2446/5034/69 2447/5035/69 2448/5036/69
f 2449/5037/70 2450/5038/70 2451/5039/70
f 2432/5040/17 2428/5041/17 2430/5042/17
f 2437/5043/37 2430/5021/37 2429/5020/37
f 2439/5027/18 2434/5044/18 2436/5045/18
f 2436/5024/28 2433/5046/28 2432/5047/28
f 2450/5048/19 2440/5028/19 2442/5030/19
f 2443/5031/20 2442/5030/20 2441/5029/20
f 2446/5049/21 2445/5033/21 2444/5032/21
f 2451/5039/29 2448/5050/29 2447/5051/29
f 2441/5052/22 2429/5020/22 2428/5019/22
f 2447/5035/38 2435/5023/38 2434/5022/38
f 2449/5037/25 2438/5026/25 2437/5025/25
f 2431/5053/3 2441/5054/3 2428/5041/3
f 2439/5055/7 2432/5056/7 2430/5057/7
f 2429/5020/6 2449/5058/6 2437/5043/6
f 2435/5023/4 2444/5059/4 2433/5046/4
f 2438/5026/5 2447/5051/5 2434/5044/5
f 2445/5033/1 2450/5048/1 2442/5030/1
f 2453/5060/6 2455/5061/6 2452/5062/6
f 2456/5063/7 2458/5064/7 2457/5065/7
f 2460/5066/1 2462/5067/1 2463/5068/1
f 2457/5069/90 2460/5070/90 2456/5071/90
f 2458/5072/91 2461/5073/91 2457/5074/91
f 2459/5075/92 2462/5076/92 2458/5077/92
f 2456/5078/93 2463/5079/93 2459/5080/93
f 2464/5081/7 2466/5082/7 2465/5083/7
f 2468/5084/1 2470/5085/1 2471/5086/1
f 2465/5087/45 2468/5088/45 2464/5089/45
f 2466/5090/46 2469/5091/46 2465/5092/46
f 2467/5093/94 2470/5094/94 2466/5095/94
f 2464/5096/48 2471/5097/48 2467/5098/48
f 2474/5099/99 2475/5100/99 2476/5101/99
f 2477/5102/193 2478/5103/193 2479/5104/193
f 2482/5105/86 2483/5106/86 2484/5107/86
f 2485/5108/87 2486/5109/87 2487/5110/87
f 2488/5111/194 2489/5112/194 2490/5113/194
f 2491/5114/195 2492/5115/195 2493/5116/195
f 2479/5104/28 2476/5117/28 2475/5118/28
f 2492/5119/19 2482/5105/19 2484/5107/19
f 2485/5108/20 2484/5107/20 2483/5106/20
f 2488/5120/21 2487/5110/21 2486/5109/21
f 2483/5121/22 2473/5122/22 2472/5123/22
f 2486/5124/23 2474/5099/23 2476/5101/23
f 2489/5112/38 2478/5103/38 2477/5102/38
f 2491/5114/25 2481/5125/25 2480/5126/25
f 2474/5099/3 2483/5127/3 2472/5128/3
f 2473/5122/6 2491/5129/6 2480/5130/6
f 2478/5103/4 2486/5131/4 2476/5117/4
f 2481/5125/5 2489/5132/5 2477/5133/5
f 2496/5134/99 2497/5135/99 2498/5136/99
f 2503/5137/86 2504/5138/86 2505/5139/86
f 2506/5140/87 2507/5141/87 2508/5142/87
f 2509/5143/78 2510/5144/78 2511/5145/78
f 2512/5146/79 2513/5147/79 2514/5148/79
f 2513/5149/19 2503/5137/19 2505/5139/19
f 2509/5150/21 2508/5142/21 2507/5141/21
f 2514/5148/29 2511/5151/29 2510/5152/29
f 2504/5153/22 2495/5154/22 2494/5155/22
f 2507/5156/23 2496/5134/23 2498/5136/23
f 2510/5144/38 2500/5157/38 2499/5158/38
f 2512/5146/25 2502/5159/25 2501/5160/25
f 2496/5134/3 2504/5161/3 2494/5162/3
f 2495/5154/6 2512/5163/6 2501/5164/6
f 2500/5157/4 2507/5165/4 2498/5166/4
f 2502/5159/5 2510/5152/5 2499/5167/5
f 2515/5168/85 2516/5169/85 2517/5170/85
f 2518/5171/99 2519/5172/99 2520/5173/99
f 2521/5174/75 2522/5175/75 2523/5176/75
f 2524/5177/100 2525/5178/100 2526/5179/100
f 2527/5180/13 2528/5181/13 2529/5182/13
f 2530/5183/14 2531/5184/14 2532/5185/14
f 2533/5186/15 2534/5187/15 2535/5188/15
f 2536/5189/16 2537/5190/16 2538/5191/16
f 2519/5172/17 2515/5192/17 2517/5193/17
f 2524/5194/37 2517/5170/37 2516/5169/37
f 2526/5179/18 2521/5195/18 2523/5196/18
f 2523/5176/28 2520/5197/28 2519/5198/28
f 2537/5199/19 2527/5180/19 2529/5182/19
f 2530/5183/20 2529/5182/20 2528/5181/20
f 2533/5200/21 2532/5185/21 2531/5184/21
f 2538/5191/29 2535/5201/29 2534/5202/29
f 2528/5203/22 2516/5169/22 2515/5168/22
f 2531/5204/23 2518/5171/23 2520/5173/23
f 2534/5187/38 2522/5175/38 2521/5174/38
f 2536/5189/25 2525/5178/25 2524/5177/25
f 2518/5171/3 2528/5205/3 2515/5192/3
f 2526/5206/7 2519/5207/7 2517/5208/7
f 2516/5169/6 2536/5209/6 2524/5194/6
f 2522/5175/4 2531/5210/4 2520/5197/4
f 2525/5178/5 2534/5202/5 2521/5195/5
f 2532/5185/1 2537/5199/1 2529/5182/1
f 2539/5211/39 2540/5212/39 2541/5213/39
f 2542/5214/95 2543/5215/95 2544/5216/95
f 2548/5217/40 2549/5218/40 2550/5219/40
f 2551/5220/86 2552/5221/86 2553/5222/86
f 2554/5223/97 2555/5224/97 2556/5225/97
f 2557/5226/98 2558/5227/98 2559/5228/98
f 2560/5229/79 2561/5230/79 2562/5231/79
f 2543/5215/57 2539/5232/57 2541/5233/57
f 2548/5234/37 2541/5213/37 2540/5212/37
f 2550/5219/196 2545/5235/196 2547/5236/196
f 2547/5237/28 2544/5238/28 2543/5239/28
f 2561/5240/19 2551/5220/19 2553/5222/19
f 2554/5223/20 2553/5222/20 2552/5221/20
f 2557/5241/21 2556/5225/21 2555/5224/21
f 2562/5231/29 2559/5242/29 2558/5243/29
f 2552/5244/22 2540/5212/22 2539/5211/22
f 2555/5245/197 2542/5214/197 2544/5216/197
f 2560/5229/25 2549/5218/25 2548/5217/25
f 2542/5214/3 2552/5246/3 2539/5232/3
f 2550/5247/7 2543/5248/7 2541/5249/7
f 2540/5212/6 2560/5250/6 2548/5234/6
f 2546/5251/4 2555/5252/4 2544/5238/4
f 2549/5218/5 2558/5243/5 2545/5235/5
f 2556/5225/1 2561/5240/1 2553/5222/1
f 2564/5253/6 2566/5254/6 2563/5255/6
f 2567/5256/7 2569/5257/7 2568/5258/7
f 2571/5259/1 2573/5260/1 2574/5261/1
f 2568/5262/90 2571/5263/90 2567/5264/90
f 2569/5265/91 2572/5266/91 2568/5267/91
f 2570/5268/92 2573/5269/92 2569/5270/92
f 2567/5271/93 2574/5272/93 2570/5273/93
f 2575/5274/7 2577/5275/7 2576/5276/7
f 2579/5277/1 2581/5278/1 2582/5279/1
f 2576/5280/45 2579/5281/45 2575/5282/45
f 2577/5283/46 2580/5284/46 2576/5285/46
f 2578/5286/94 2581/5287/94 2577/5288/94
f 2575/5289/48 2582/5290/48 2578/5291/48
f 2586/5292/7 2584/5293/7 2583/5294/7
f 2588/5295/1 2590/5296/1 2587/5297/1
f 2584/5298/3 2587/5299/3 2583/5300/3
f 2585/5301/4 2588/5302/4 2584/5303/4
f 2586/5304/5 2589/5305/5 2585/5306/5
f 2583/5307/6 2590/5308/6 2586/5309/6
f 2594/5310/7 2592/5311/7 2591/5312/7
f 2592/5313/3 2595/5314/3 2591/5315/3
f 2593/5316/4 2596/5317/4 2592/5318/4
f 2594/5319/5 2597/5320/5 2593/5321/5
f 2591/5322/6 2598/5323/6 2594/5324/6
f 2602/5325/7 2600/5326/7 2599/5327/7
f 2604/5328/1 2606/5329/1 2603/5330/1
f 2600/5331/3 2603/5332/3 2599/5333/3
f 2601/5334/4 2604/5335/4 2600/5336/4
f 2602/5337/5 2605/5338/5 2601/5339/5
f 2599/5340/6 2606/5341/6 2602/5342/6
f 2610/5343/7 2608/5344/7 2607/5345/7
f 2608/5346/3 2611/5347/3 2607/5348/3
f 2609/5349/4 2612/5350/4 2608/5351/4
f 2610/5352/5 2613/5353/5 2609/5354/5
f 2607/5355/6 2614/5356/6 2610/5357/6
f 2615/5358/135 2616/5359/135 2617/5360/135
f 2618/5361/26 2619/5362/26 2620/5363/26
f 2621/5364/96 2622/5365/96 2623/5366/96
f 2624/5367/180 2625/5368/180 2626/5369/180
f 2627/5370/161 2628/5371/161 2629/5372/161
f 2630/5373/87 2631/5374/87 2632/5375/87
f 2633/5376/98 2634/5377/98 2635/5378/98
f 2636/5379/177 2637/5380/177 2638/5381/177
f 2619/5362/17 2615/5382/17 2617/5383/17
f 2624/5384/37 2617/5360/37 2616/5359/37
f 2626/5369/18 2621/5385/18 2623/5386/18
f 2623/5366/28 2620/5387/28 2619/5388/28
f 2637/5389/19 2627/5370/19 2629/5372/19
f 2630/5373/20 2629/5372/20 2628/5371/20
f 2633/5390/21 2632/5375/21 2631/5374/21
f 2638/5381/29 2635/5391/29 2634/5392/29
f 2628/5393/22 2616/5359/22 2615/5358/22
f 2631/5394/23 2618/5361/23 2620/5363/23
f 2634/5377/38 2622/5365/38 2621/5364/38
f 2636/5379/25 2625/5368/25 2624/5367/25
f 2618/5361/3 2628/5395/3 2615/5382/3
f 2626/5396/7 2619/5397/7 2617/5398/7
f 2616/5359/6 2636/5399/6 2624/5384/6
f 2622/5365/4 2631/5400/4 2620/5387/4
f 2625/5368/5 2634/5392/5 2621/5385/5
f 2632/5375/1 2637/5389/1 2629/5372/1
f 2642/5401/7 2640/5402/7 2639/5403/7
f 2640/5404/3 2643/5405/3 2639/5406/3
f 2641/5407/4 2644/5408/4 2640/5409/4
f 2642/5410/5 2645/5411/5 2641/5412/5
f 2639/5413/6 2646/5414/6 2642/5415/6
f 2647/5416/30 2648/5417/30 2649/5418/30
f 2650/5419/175 2651/5420/175 2652/5421/175
f 2656/5422/180 2657/5423/180 2658/5424/180
f 2659/5425/198 2660/5426/198 2661/5427/198
f 2662/5428/97 2663/5429/97 2664/5430/97
f 2668/5431/177 2669/5432/177 2670/5433/177
f 2651/5420/17 2647/5434/17 2649/5435/17
f 2656/5436/37 2649/5418/37 2648/5417/37
f 2658/5424/18 2653/5437/18 2655/5438/18
f 2655/5439/28 2652/5440/28 2651/5441/28
f 2669/5442/19 2659/5425/19 2661/5427/19
f 2662/5428/20 2661/5427/20 2660/5426/20
f 2665/5443/21 2664/5430/21 2663/5429/21
f 2670/5433/29 2667/5444/29 2666/5445/29
f 2660/5446/22 2648/5417/22 2647/5416/22
f 2663/5447/23 2650/5419/23 2652/5421/23
f 2668/5431/25 2657/5423/25 2656/5422/25
f 2650/5419/3 2660/5448/3 2647/5434/3
f 2658/5449/7 2651/5450/7 2649/5451/7
f 2648/5417/6 2668/5452/6 2656/5436/6
f 2654/5453/4 2663/5454/4 2652/5440/4
f 2657/5423/5 2666/5445/5 2653/5437/5
f 2664/5430/1 2669/5442/1 2661/5427/1
f 2674/5455/7 2672/5456/7 2671/5457/7
f 2672/5458/3 2675/5459/3 2671/5460/3
f 2673/5461/4 2676/5462/4 2672/5463/4
f 2674/5464/5 2677/5465/5 2673/5466/5
f 2671/5467/6 2678/5468/6 2674/5469/6
f 2679/5470/81 2680/5471/81 2681/5472/81
f 2688/5473/180 2689/5474/180 2690/5475/180
f 2691/5476/67 2692/5477/67 2693/5478/67
f 2700/5479/177 2701/5480/177 2702/5481/177
f 2683/5482/17 2679/5483/17 2681/5484/17
f 2688/5485/37 2681/5472/37 2680/5471/37
f 2690/5475/18 2685/5486/18 2687/5487/18
f 2687/5488/28 2684/5489/28 2683/5490/28
f 2701/5491/19 2691/5476/19 2693/5478/19
f 2694/5492/20 2693/5478/20 2692/5477/20
f 2697/5493/21 2696/5494/21 2695/5495/21
f 2702/5481/29 2699/5496/29 2698/5497/29
f 2692/5498/22 2680/5471/22 2679/5470/22
f 2700/5479/25 2689/5474/25 2688/5473/25
f 2682/5499/3 2692/5500/3 2679/5483/3
f 2690/5501/7 2683/5502/7 2681/5503/7
f 2680/5471/6 2700/5504/6 2688/5485/6
f 2686/5505/4 2695/5506/4 2684/5489/4
f 2689/5474/5 2698/5497/5 2685/5486/5
f 2696/5494/1 2701/5491/1 2693/5478/1
f 2703/5507/30 2704/5508/30 2705/5509/30
f 2706/5510/31 2707/5511/31 2708/5512/31
f 2709/5513/27 2710/5514/27 2711/5515/27
f 2712/5516/32 2713/5517/32 2714/5518/32
f 2707/5511/17 2703/5519/17 2705/5520/17
f 2712/5521/37 2705/5509/37 2704/5508/37
f 2714/5518/18 2709/5522/18 2711/5523/18
f 2711/5515/28 2708/5524/28 2707/5525/28
f 2716/5526/22 2704/5508/22 2703/5507/22
f 2718/5527/23 2706/5510/23 2708/5512/23
f 2720/5528/38 2710/5514/38 2709/5513/38
f 2721/5529/25 2713/5517/25 2712/5516/25
f 2706/5510/3 2716/5530/3 2703/5519/3
f 2714/5531/7 2707/5532/7 2705/5533/7
f 2704/5508/6 2721/5534/6 2712/5521/6
f 2710/5514/4 2718/5535/4 2708/5524/4
f 2713/5517/5 2720/5536/5 2709/5522/5
f 2723/5537/182 2724/5538/182 2725/5539/182
f 2726/5540/189 2727/5541/189 2728/5542/189
f 2729/5543/190 2730/5544/190 2731/5545/190
f 2732/5546/178 2733/5547/178 2734/5548/178
f 2735/5549/198 2736/5550/198 2737/5551/198
f 2738/5552/199 2739/5553/199 2740/5554/199
f 2741/5555/200 2742/5556/200 2743/5557/200
f 2744/5558/201 2745/5559/201 2746/5560/201
f 2727/5541/17 2723/5561/17 2725/5562/17
f 2732/5563/37 2725/5539/37 2724/5538/37
f 2734/5548/18 2729/5564/18 2731/5565/18
f 2731/5545/28 2728/5566/28 2727/5567/28
f 2745/5568/19 2735/5549/19 2737/5551/19
f 2738/5552/20 2737/5551/20 2736/5550/20
f 2741/5569/21 2740/5554/21 2739/5553/21
f 2746/5560/29 2743/5570/29 2742/5571/29
f 2736/5572/22 2724/5538/22 2723/5537/22
f 2739/5573/23 2726/5540/23 2728/5542/23
f 2742/5556/38 2730/5544/38 2729/5543/38
f 2744/5558/25 2733/5547/25 2732/5546/25
f 2726/5540/3 2736/5574/3 2723/5561/3
f 2734/5575/7 2727/5576/7 2725/5577/7
f 2724/5538/6 2744/5578/6 2732/5563/6
f 2730/5544/4 2739/5579/4 2728/5566/4
f 2733/5547/5 2742/5571/5 2729/5564/5
f 2740/5554/1 2745/5568/1 2737/5551/1
f 2747/5580/30 2748/5581/30 2749/5582/30
f 2750/5583/31 2751/5584/31 2752/5585/31
f 2753/5586/27 2754/5587/27 2755/5588/27
f 2756/5589/32 2757/5590/32 2758/5591/32
f 2751/5584/17 2747/5592/17 2749/5593/17
f 2756/5594/37 2749/5582/37 2748/5581/37
f 2758/5591/18 2753/5595/18 2755/5596/18
f 2755/5588/28 2752/5597/28 2751/5598/28
f 2760/5599/22 2748/5581/22 2747/5580/22
f 2762/5600/23 2750/5583/23 2752/5585/23
f 2764/5601/38 2754/5587/38 2753/5586/38
f 2765/5602/25 2757/5590/25 2756/5589/25
f 2750/5583/3 2760/5603/3 2747/5592/3
f 2758/5604/7 2751/5605/7 2749/5606/7
f 2748/5581/6 2765/5607/6 2756/5594/6
f 2754/5587/4 2762/5608/4 2752/5597/4
f 2757/5590/5 2764/5609/5 2753/5595/5
f 2767/5610/182 2768/5611/182 2769/5612/182
f 2770/5613/189 2771/5614/189 2772/5615/189
f 2773/5616/190 2774/5617/190 2775/5618/190
f 2776/5619/178 2777/5620/178 2778/5621/178
f 2779/5622/198 2780/5623/198 2781/5624/198
f 2782/5625/199 2783/5626/199 2784/5627/199
f 2785/5628/200 2786/5629/200 2787/5630/200
f 2788/5631/201 2789/5632/201 2790/5633/201
f 2771/5614/17 2767/5634/17 2769/5635/17
f 2776/5636/37 2769/5612/37 2768/5611/37
f 2778/5621/18 2773/5637/18 2775/5638/18
f 2775/5618/28 2772/5639/28 2771/5640/28
f 2789/5641/19 2779/5622/19 2781/5624/19
f 2782/5625/20 2781/5624/20 2780/5623/20
f 2785/5642/21 2784/5627/21 2783/5626/21
f 2790/5633/29 2787/5643/29 2786/5644/29
f 2780/5645/22 2768/5611/22 2767/5610/22
f 2783/5646/23 2770/5613/23 2772/5615/23
f 2786/5629/38 2774/5617/38 2773/5616/38
f 2788/5631/25 2777/5620/25 2776/5619/25
f 2770/5613/3 2780/5647/3 2767/5634/3
f 2778/5648/7 2771/5649/7 2769/5650/7
f 2768/5611/6 2788/5651/6 2776/5636/6
f 2774/5617/4 2783/5652/4 2772/5639/4
f 2777/5620/5 2786/5644/5 2773/5637/5
f 2784/5627/1 2789/5641/1 2781/5624/1
f 2791/5653/182 2792/5654/182 2793/5655/182
f 2794/5656/189 2795/5657/189 2796/5658/189
f 2797/5659/190 2798/5660/190 2799/5661/190
f 2800/5662/178 2801/5663/178 2802/5664/178
f 2803/5665/198 2804/5666/198 2805/5667/198
f 2806/5668/199 2807/5669/199 2808/5670/199
f 2809/5671/200 2810/5672/200 2811/5673/200
f 2812/5674/201 2813/5675/201 2814/5676/201
f 2795/5657/17 2791/5677/17 2793/5678/17
f 2800/5679/37 2793/5655/37 2792/5654/37
f 2802/5664/18 2797/5680/18 2799/5681/18
f 2799/5661/28 2796/5682/28 2795/5683/28
f 2813/5684/19 2803/5665/19 2805/5667/19
f 2806/5668/20 2805/5667/20 2804/5666/20
f 2809/5685/21 2808/5670/21 2807/5669/21
f 2814/5676/29 2811/5686/29 2810/5687/29
f 2804/5688/22 2792/5654/22 2791/5653/22
f 2807/5689/23 2794/5656/23 2796/5658/23
f 2810/5672/38 2798/5660/38 2797/5659/38
f 2812/5674/25 2801/5663/25 2800/5662/25
f 2794/5656/3 2804/5690/3 2791/5677/3
f 2802/5691/7 2795/5692/7 2793/5693/7
f 2792/5654/6 2812/5694/6 2800/5679/6
f 2798/5660/4 2807/5695/4 2796/5682/4
f 2801/5663/5 2810/5687/5 2797/5680/5
f 2808/5670/1 2813/5684/1 2805/5667/1
f 2818/5696/7 2816/5697/7 2815/5698/7
f 2816/5699/3 2819/5700/3 2815/5701/3
f 2817/5702/4 2820/5703/4 2816/5704/4
f 2818/5705/5 2821/5706/5 2817/5707/5
f 2815/5708/6 2822/5709/6 2818/5710/6
f 2823/5711/81 2824/5712/81 2825/5713/81
f 2826/5714/175 2827/5715/175 2828/5716/175
f 2829/5717/66 2830/5718/66 2831/5719/66
f 2832/5720/83 2833/5721/83 2834/5722/83
f 2835/5723/67 2836/5724/67 2837/5725/67
f 2838/5726/137 2839/5727/137 2840/5728/137
f 2841/5729/69 2842/5730/69 2843/5731/69
f 2844/5732/70 2845/5733/70 2846/5734/70
f 2827/5715/17 2823/5735/17 2825/5736/17
f 2832/5737/37 2825/5713/37 2824/5712/37
f 2834/5722/18 2829/5738/18 2831/5739/18
f 2831/5719/28 2828/5740/28 2827/5741/28
f 2845/5742/19 2835/5723/19 2837/5725/19
f 2838/5726/20 2837/5725/20 2836/5724/20
f 2841/5743/21 2840/5728/21 2839/5727/21
f 2846/5734/29 2843/5744/29 2842/5745/29
f 2836/5746/22 2824/5712/22 2823/5711/22
f 2839/5747/23 2826/5714/23 2828/5716/23
f 2842/5730/38 2830/5718/38 2829/5717/38
f 2844/5732/25 2833/5721/25 2832/5720/25
f 2826/5714/3 2836/5748/3 2823/5735/3
f 2834/5749/7 2827/5750/7 2825/5751/7
f 2824/5712/6 2844/5752/6 2832/5737/6
f 2830/5718/4 2839/5753/4 2828/5740/4
f 2833/5721/5 2842/5745/5 2829/5738/5
f 2840/5728/1 2845/5742/1 2837/5725/1
f 2847/5754/30 2848/5755/30 2849/5756/30
f 2850/5757/175 2851/5758/175 2852/5759/175
f 2853/5760/176 2854/5761/176 2855/5762/176
f 2856/5763/32 2857/5764/32 2858/5765/32
f 2859/5766/33 2860/5767/33 2861/5768/33
f 2862/5769/68 2863/5770/68 2864/5771/68
f 2865/5772/69 2866/5773/69 2867/5774/69
f 2868/5775/36 2869/5776/36 2870/5777/36
f 2851/5758/17 2847/5778/17 2849/5779/17
f 2856/5780/37 2849/5756/37 2848/5755/37
f 2858/5765/18 2853/5781/18 2855/5782/18
f 2855/5762/28 2852/5783/28 2851/5784/28
f 2869/5785/19 2859/5766/19 2861/5768/19
f 2862/5769/20 2861/5768/20 2860/5767/20
f 2865/5786/21 2864/5771/21 2863/5770/21
f 2870/5777/29 2867/5787/29 2866/5788/29
f 2860/5789/22 2848/5755/22 2847/5754/22
f 2863/5790/23 2850/5757/23 2852/5759/23
f 2866/5773/38 2854/5761/38 2853/5760/38
f 2850/5757/3 2860/5791/3 2847/5778/3
f 2858/5792/7 2851/5793/7 2849/5794/7
f 2848/5755/6 2868/5795/6 2856/5780/6
f 2854/5761/4 2863/5796/4 2852/5783/4
f 2857/5764/5 2866/5788/5 2853/5781/5
f 2864/5771/1 2869/5785/1 2861/5768/1
f 2871/5797/81 2872/5798/81 2873/5799/81
f 2874/5800/82 2875/5801/82 2876/5802/82
f 2877/5803/66 2878/5804/66 2879/5805/66
f 2880/5806/83 2881/5807/83 2882/5808/83
f 2883/5809/67 2884/5810/67 2885/5811/67
f 2886/5812/68 2887/5813/68 2888/5814/68
f 2889/5815/69 2890/5816/69 2891/5817/69
f 2892/5818/70 2893/5819/70 2894/5820/70
f 2875/5801/17 2871/5821/17 2873/5822/17
f 2880/5823/37 2873/5799/37 2872/5798/37
f 2882/5808/18 2877/5824/18 2879/5825/18
f 2879/5805/28 2876/5826/28 2875/5827/28
f 2893/5828/19 2883/5809/19 2885/5811/19
f 2886/5812/20 2885/5811/20 2884/5810/20
f 2889/5829/21 2888/5814/21 2887/5813/21
f 2894/5820/29 2891/5830/29 2890/5831/29
f 2887/5832/23 2874/5800/23 2876/5802/23
f 2890/5816/38 2878/5804/38 2877/5803/38
f 2892/5818/25 2881/5807/25 2880/5806/25
f 2874/5800/3 2884/5833/3 2871/5821/3
f 2882/5834/7 2875/5835/7 2873/5836/7
f 2872/5798/6 2892/5837/6 2880/5823/6
f 2878/5804/4 2887/5838/4 2876/5826/4
f 2881/5807/5 2890/5831/5 2877/5824/5
f 2888/5814/1 2893/5828/1 2885/5811/1
f 2895/5839/30 2896/5840/30 2897/5841/30
f 2898/5842/31 2899/5843/31 2900/5844/31
f 2901/5845/27 2902/5846/27 2903/5847/27
f 2904/5848/32 2905/5849/32 2906/5850/32
f 2907/5851/33 2908/5852/33 2909/5853/33
f 2910/5854/34 2911/5855/34 2912/5856/34
f 2913/5857/35 2914/5858/35 2915/5859/35
f 2916/5860/36 2917/5861/36 2918/5862/36
f 2899/5843/17 2895/5863/17 2897/5864/17
f 2904/5865/37 2897/5841/37 2896/5840/37
f 2906/5850/18 2901/5866/18 2903/5867/18
f 2903/5847/28 2900/5868/28 2899/5869/28
f 2917/5870/19 2907/5851/19 2909/5853/19
f 2910/5854/20 2909/5853/20 2908/5852/20
f 2913/5871/21 2912/5856/21 2911/5855/21
f 2918/5862/29 2915/5872/29 2914/5873/29
f 2908/5874/22 2896/5840/22 2895/5839/22
f 2916/5860/25 2905/5849/25 2904/5848/25
f 2898/5842/3 2908/5875/3 2895/5863/3
f 2906/5876/7 2899/5877/7 2897/5878/7
f 2896/5840/6 2916/5879/6 2904/5865/6
f 2902/5846/4 2911/5880/4 2900/5868/4
f 2905/5849/5 2914/5873/5 2901/5866/5
f 2912/5856/1 2917/5870/1 2909/5853/1
f 2922/5881/7 2920/5882/7 2919/5883/7
f 2924/5884/1 2926/5885/1 2923/5886/1
f 2920/5887/3 2923/5888/3 2919/5889/3
f 2921/5890/4 2924/5891/4 2920/5892/4
f 2922/5893/5 2925/5894/5 2921/5895/5
f 2919/5896/6 2926/5897/6 2922/5898/6
f 2935/5899/4 2931/5900/4 2927/5901/4
f 2942/5902/6 2946/5903/6 2950/5904/6
f 2928/5905/202 2939/5906/202 2927/5907/202
f 2929/5908/20 2940/5909/20 2928/5910/20
f 2930/5911/203 2941/5912/203 2929/5908/203
f 2931/5913/204 2942/5914/204 2930/5911/204
f 2932/5915/29 2943/5916/29 2931/5917/29
f 2933/5918/205 2944/5919/205 2932/5915/205
f 2934/5920/206 2945/5921/206 2933/5918/206
f 2935/5922/18 2946/5923/18 2934/5920/18
f 2936/5924/207 2947/5925/207 2935/5926/207
f 2937/5927/208 2948/5928/208 2936/5924/208
f 2938/5929/17 2949/5930/17 2937/5931/17
f 2927/5907/209 2950/5932/209 2938/5929/209
f 2951/5933/182 2952/5934/182 2953/5935/182
f 2954/5936/189 2955/5937/189 2956/5938/189
f 2957/5939/190 2958/5940/190 2959/5941/190
f 2960/5942/178 2961/5943/178 2962/5944/178
f 2963/5945/198 2964/5946/198 2965/5947/198
f 2966/5948/199 2967/5949/199 2968/5950/199
f 2969/5951/200 2970/5952/200 2971/5953/200
f 2972/5954/201 2973/5955/201 2974/5956/201
f 2955/5937/17 2951/5957/17 2953/5958/17
f 2960/5959/37 2953/5935/37 2952/5934/37
f 2962/5944/18 2957/5960/18 2959/5961/18
f 2959/5941/28 2956/5962/28 2955/5963/28
f 2973/5964/19 2963/5945/19 2965/5947/19
f 2966/5948/20 2965/5947/20 2964/5946/20
f 2969/5965/21 2968/5950/21 2967/5949/21
f 2974/5956/29 2971/5966/29 2970/5967/29
f 2964/5968/22 2952/5934/22 2951/5933/22
f 2967/5969/23 2954/5936/23 2956/5938/23
f 2970/5952/38 2958/5940/38 2957/5939/38
f 2972/5954/25 2961/5943/25 2960/5942/25
f 2954/5936/3 2964/5970/3 2951/5957/3
f 2962/5971/7 2955/5972/7 2953/5973/7
f 2952/5934/6 2972/5974/6 2960/5959/6
f 2958/5940/4 2967/5975/4 2956/5962/4
f 2961/5943/5 2970/5967/5 2957/5960/5
f 2968/5950/1 2973/5964/1 2965/5947/1
f 2975/5976/30 2976/5977/30 2977/5978/30
f 2978/5979/82 2979/5980/82 2980/5981/82
f 2981/5982/66 2982/5983/66 2983/5984/66
f 2984/5985/83 2985/5986/83 2986/5987/83
f 2987/5988/33 2988/5989/33 2989/5990/33
f 2990/5991/68 2991/5992/68 2992/5993/68
f 2993/5994/69 2994/5995/69 2995/5996/69
f 2996/5997/70 2997/5998/70 2998/5999/70
f 2979/5980/17 2975/6000/17 2977/6001/17
f 2984/6002/37 2977/5978/37 2976/5977/37
f 2986/5987/18 2981/6003/18 2983/6004/18
f 2983/5984/28 2980/6005/28 2979/6006/28
f 2997/6007/19 2987/5988/19 2989/5990/19
f 2990/5991/20 2989/5990/20 2988/5989/20
f 2993/6008/21 2992/5993/21 2991/5992/21
f 2998/5999/89 2995/6009/89 2994/6010/89
f 2988/6011/22 2976/5977/22 2975/5976/22
f 2991/6012/23 2978/5979/23 2980/5981/23
f 2994/5995/38 2982/5983/38 2981/5982/38
f 2996/5997/25 2985/5986/25 2984/5985/25
f 2978/5979/3 2988/6013/3 2975/6000/3
f 2986/6014/7 2979/6015/7 2977/6016/7
f 2976/5977/6 2996/6017/6 2984/6002/6
f 2982/5983/4 2991/6018/4 2980/6005/4
f 2985/5986/5 2994/6010/5 2981/6003/5
f 2992/5993/1 2997/6007/1 2989/5990/1
f 3002/6019/7 3000/6020/7 2999/6021/7
f 3000/6022/3 3003/6023/3 2999/6024/3
f 3001/6025/4 3004/6026/4 3000/6027/4
f 3002/6028/5 3005/6029/5 3001/6030/5
f 2999/6031/6 3006/6032/6 3002/6033/6
f 3010/6034/7 3008/6035/7 3007/6036/7
f 3008/6037/3 3011/6038/3 3007/6039/3
f 3009/6040/4 3012/6041/4 3008/6042/4
f 3010/6043/5 3013/6044/5 3009/6045/5
f 3007/6046/6 3014/6047/6 3010/6048/6
f 3016/6049/210 3031/6050/210 3015/6051/210
f 3017/6052/211 3032/6053/211 3016/6049/211
f 3017/6054/212 3034/6055/212 3033/6056/212
f 3018/6057/213 3035/6058/213 3034/6055/213
f 3020/6059/214 3035/6058/214 3019/6060/214
f 3021/6061/215 3036/6062/215 3020/6059/215
f 3022/6063/216 3037/6064/216 3021/6065/216
f 3023/6066/217 3038/6067/217 3022/6063/217
f 3024/6068/218 3039/6069/218 3023/6066/218
f 3024/6068/219 3041/6070/219 3040/6071/219
f 3025/6072/220 3042/6073/220 3041/6074/220
f 3027/6075/221 3042/6073/221 3026/6076/221
f 3027/6075/222 3044/6077/222 3043/6078/222
f 3029/6079/223 3044/6077/223 3028/6080/223
f 3030/6081/224 3045/6082/224 3029/6083/224
f 3015/6051/225 3046/6084/225 3030/6081/225
f 3032/6053/226 3047/6085/226 3031/6050/226
f 3032/6053/227 3049/6086/227 3048/6087/227
f 3034/6055/228 3049/6088/228 3033/6056/228
f 3035/6058/229 3050/6089/229 3034/6055/229
f 3035/6058/230 3052/6090/230 3051/6091/230
f 3037/6092/231 3052/6090/231 3036/6062/231
f 3038/6067/232 3053/6093/232 3037/6064/232
f 3039/6069/233 3054/6094/233 3038/6067/233
f 3040/6071/234 3055/6095/234 3039/6069/234
f 3041/6070/235 3056/6096/235 3040/6071/235
f 3042/6073/236 3057/6097/236 3041/6074/236
f 3042/6073/237 3059/6098/237 3058/6099/237
f 3043/6078/238 3060/6100/238 3059/6098/238
f 3045/6101/239 3060/6100/239 3044/6077/239
f 3045/6082/240 3062/6102/240 3061/6103/240
f 3031/6050/241 3062/6102/241 3046/6084/241
f 3048/6087/242 3063/6104/242 3047/6085/242
f 3048/6087/243 3065/6105/243 3064/6106/243
f 3050/6089/244 3065/6107/244 3049/6088/244
f 3050/6089/245 3067/6108/245 3066/6109/245
f 3051/6091/246 3068/6110/246 3067/6108/246
f 3053/6111/247 3068/6110/247 3052/6090/247
f 3054/6094/248 3069/6112/248 3053/6093/248
f 3055/6095/249 3070/6113/249 3054/6094/249
f 3056/6096/250 3071/6114/250 3055/6095/250
f 3057/6115/251 3072/6116/251 3056/6096/251
f 3057/6097/252 3074/6117/252 3073/6118/252
f 3059/6098/253 3074/6117/253 3058/6099/253
f 3060/6100/254 3075/6119/254 3059/6098/254
f 3061/6120/255 3076/6121/255 3060/6100/255
f 3062/6102/256 3077/6122/256 3061/6103/256
f 3047/6085/257 3078/6123/257 3062/6102/257
f 3063/6104/258 3080/6124/258 3079/6125/258
f 3065/6105/259 3080/6124/259 3064/6106/259
f 3066/6109/260 3081/6126/260 3065/6107/260
f 3066/6109/261 3083/6127/261 3082/6128/261
f 3068/6110/262 3083/6127/262 3067/6108/262
f 3069/6129/263 3084/6130/263 3068/6110/263
f 3070/6113/264 3085/6131/264 3069/6112/264
f 3071/6114/265 3086/6132/265 3070/6113/265
f 3071/6114/266 3088/6133/266 3087/6134/266
f 3072/6116/267 3089/6135/267 3088/6133/267
f 3073/6118/268 3090/6136/268 3089/6137/268
f 3074/6117/269 3091/6138/269 3090/6136/269
f 3076/6121/270 3091/6138/270 3075/6119/270
f 3076/6121/271 3093/6139/271 3092/6140/271
f 3077/6122/272 3094/6141/272 3093/6142/272
f 3063/6104/273 3094/6141/273 3078/6123/273
f 3080/6143/1 3095/6144/1 3079/6145/1
f 3081/6146/1 3096/6147/1 3080/6143/1
f 3082/6148/1 3097/6149/1 3081/6146/1
f 3082/6148/1 3099/6150/1 3098/6151/1
f 3083/6152/1 3100/6153/1 3099/6150/1
f 3085/6154/1 3100/6153/1 3084/6155/1
f 3085/6154/1 3102/6156/1 3101/6157/1
f 3086/6158/1 3103/6159/1 3102/6156/1
f 3087/6160/1 3104/6161/1 3103/6159/1
f 3088/6162/1 3105/6163/1 3104/6161/1
f 3089/6164/1 3106/6165/1 3105/6163/1
f 3091/6166/1 3106/6165/1 3090/6167/1
f 3092/6168/1 3107/6169/1 3091/6166/1
f 3093/6170/1 3108/6171/1 3092/6168/1
f 3094/6172/1 3109/6173/1 3093/6170/1
f 3079/6145/1 3110/6174/1 3094/6172/1
f 3096/6175/274 3111/6176/274 3095/6177/274
f 3097/6178/275 3112/6179/275 3096/6175/275
f 3098/6180/276 3113/6181/276 3097/6182/276
f 3099/6183/277 3114/6184/277 3098/6180/277
f 3100/6185/278 3115/6186/278 3099/6183/278
f 3101/6187/279 3116/6188/279 3100/6185/279
f 3102/6189/280 3117/6190/280 3101/6191/280
f 3103/6192/281 3118/6193/281 3102/6189/281
f 3104/6194/282 3119/6195/282 3103/6192/282
f 3105/6196/283 3120/6197/283 3104/6194/283
f 3106/6198/284 3121/6199/284 3105/6200/284
f 3107/6201/285 3122/6202/285 3106/6198/285
f 3108/6203/286 3123/6204/286 3107/6201/286
f 3109/6205/287 3124/6206/287 3108/6203/287
f 3110/6207/288 3125/6208/288 3109/6209/288
f 3095/6177/289 3126/6210/289 3110/6207/289
f 3128/6211/290 3143/6212/290 3127/6213/290
f 3128/6211/291 3145/6214/291 3144/6215/291
f 3129/6216/292 3146/6217/292 3145/6218/292
f 3130/6219/293 3147/6220/293 3146/6217/293
f 3132/6221/294 3147/6220/294 3131/6222/294
f 3133/6223/295 3148/6224/295 3132/6221/295
f 3134/6225/296 3149/6226/296 3133/6227/296
f 3134/6225/297 3151/6228/297 3150/6229/297
f 3136/6230/298 3151/6228/298 3135/6231/298
f 3137/6232/299 3152/6233/299 3136/6230/299
f 3138/6234/300 3153/6235/300 3137/6236/300
f 3139/6237/301 3154/6238/301 3138/6234/301
f 3140/6239/302 3155/6240/302 3139/6237/302
f 3140/6239/303 3157/6241/303 3156/6242/303
f 3142/6243/304 3157/6244/304 3141/6245/304
f 3142/6243/305 3143/6212/305 3158/6246/305
f 3144/6215/306 3159/6247/306 3143/6212/306
f 3144/6215/307 3161/6248/307 3160/6249/307
f 3146/6217/308 3161/6250/308 3145/6218/308
f 3147/6220/309 3162/6251/309 3146/6217/309
f 3147/6220/310 3164/6252/310 3163/6253/310
f 3149/6254/311 3164/6252/311 3148/6224/311
f 3150/6229/312 3165/6255/312 3149/6226/312
f 3150/6229/313 3167/6256/313 3166/6257/313
f 3151/6228/314 3168/6258/314 3167/6256/314
f 3152/6233/315 3169/6259/315 3168/6258/315
f 3154/6238/316 3169/6260/316 3153/6235/316
f 3155/6240/317 3170/6261/317 3154/6238/317
f 3155/6240/318 3172/6262/318 3171/6263/318
f 3157/6241/319 3172/6262/319 3156/6242/319
f 3158/6246/320 3173/6264/320 3157/6244/320
f 3143/6212/321 3174/6265/321 3158/6246/321
f 3159/6247/322 3176/6266/322 3175/6267/322
f 3160/6249/323 3177/6268/323 3176/6266/323
f 3161/6250/324 3178/6269/324 3177/6270/324
f 3162/6251/325 3179/6271/325 3178/6269/325
f 3164/6252/326 3179/6271/326 3163/6253/326
f 3164/6252/327 3181/6272/327 3180/6273/327
f 3166/6257/328 3181/6274/328 3165/6255/328
f 3167/6256/329 3182/6275/329 3166/6257/329
f 3168/6258/330 3183/6276/330 3167/6256/330
f 3168/6258/331 3185/6277/331 3184/6278/331
f 3170/6261/332 3185/6279/332 3169/6260/332
f 3170/6261/333 3187/6280/333 3186/6281/333
f 3172/6262/334 3187/6280/334 3171/6263/334
f 3172/6262/335 3189/6282/335 3188/6283/335
f 3174/6265/336 3189/6284/336 3173/6264/336
f 3174/6265/337 3175/6267/337 3190/6285/337
f 3176/6266/338 3191/6286/338 3175/6267/338
f 3177/6268/339 3192/6287/339 3176/6266/339
f 3177/6270/340 3194/6288/340 3193/6289/340
f 3179/6271/341 3194/6288/341 3178/6269/341
f 3180/6273/342 3195/6290/342 3179/6271/342
f 3180/6273/343 3197/6291/343 3196/6292/343
f 3181/6274/344 3198/6293/344 3197/6294/344
f 3183/6276/345 3198/6293/345 3182/6275/345
f 3183/6276/346 3200/6295/346 3199/6296/346
f 3184/6278/347 3201/6297/347 3200/6295/347
f 3186/6281/348 3201/6298/348 3185/6279/348
f 3187/6280/349 3202/6299/349 3186/6281/349
f 3187/6280/350 3204/6300/350 3203/6301/350
f 3189/6282/351 3204/6300/351 3188/6283/351
f 3189/6284/352 3206/6302/352 3205/6303/352
f 3175/6267/353 3206/6302/353 3190/6285/353
f 3192/6304/1 3207/6305/1 3191/6306/1
f 3193/6307/1 3208/6308/1 3192/6304/1
f 3194/6309/1 3209/6310/1 3193/6307/1
f 3195/6311/1 3210/6312/1 3194/6309/1
f 3195/6311/1 3212/6313/1 3211/6314/1
f 3196/6315/1 3213/6316/1 3212/6313/1
f 3197/6317/1 3214/6318/1 3213/6316/1
f 3198/6319/1 3215/6320/1 3214/6318/1
f 3200/6321/1 3215/6320/1 3199/6322/1
f 3201/6323/1 3216/6324/1 3200/6321/1
f 3202/6325/1 3217/6326/1 3201/6323/1
f 3202/6325/1 3219/6327/1 3218/6328/1
f 3204/6329/1 3219/6327/1 3203/6330/1
f 3204/6329/1 3221/6331/1 3220/6332/1
f 3205/6333/1 3222/6334/1 3221/6331/1
f 3206/6335/1 3207/6305/1 3222/6334/1
f 3208/6336/274 3223/6337/274 3207/6338/274
f 3209/6339/275 3224/6340/275 3208/6336/275
f 3210/6341/276 3225/6342/276 3209/6343/276
f 3211/6344/277 3226/6345/277 3210/6341/277
f 3212/6346/278 3227/6347/278 3211/6344/278
f 3213/6348/279 3228/6349/279 3212/6346/279
f 3214/6350/280 3229/6351/280 3213/6352/280
f 3215/6353/281 3230/6354/281 3214/6350/281
f 3216/6355/282 3231/6356/282 3215/6353/282
f 3217/6357/283 3232/6358/283 3216/6355/283
f 3218/6359/284 3233/6360/284 3217/6361/284
f 3219/6362/285 3234/6363/285 3218/6359/285
f 3220/6364/286 3235/6365/286 3219/6362/286
f 3221/6366/287 3236/6367/287 3220/6364/287
f 3222/6368/288 3237/6369/288 3221/6370/288
f 3207/6338/289 3238/6371/289 3222/6368/289
f 3241/6372/7 3240/6373/7 3239/6374/7
f 3244/6375/1 3245/6376/1 3243/6377/1
f 3240/6378/3 3243/6379/3 3239/6380/3
f 3245/6381/5 3242/6382/5 3241/6383/5
f 3243/6384/6 3241/6385/6 3239/6386/6
f 3242/6387/4 3244/6388/4 3240/6389/4
f 3249/6390/7 3248/6391/7 3247/6392/7
f 3252/6393/1 3253/6394/1 3251/6395/1
f 3248/6396/3 3251/6397/3 3247/6398/3
f 3253/6399/5 3250/6400/5 3249/6401/5
f 3251/6402/6 3249/6403/6 3247/6404/6
f 3250/6405/4 3252/6406/4 3248/6407/4
f 3255/6408/354 3242/6409/354 3241/6410/354
f 3246/6411/2 3257/6412/2 3245/6413/2
f 3257/6414/5 3256/6415/5 3255/6416/5
f 3245/6417/6 3255/6418/6 3241/6419/6
f 3256/6420/4 3246/6421/4 3242/6422/4
f 3259/6423/354 3250/6424/354 3249/6425/354
f 3254/6426/2 3261/6427/2 3253/6428/2
f 3261/6429/5 3260/6430/5 3259/6431/5
f 3253/6432/6 3259/6433/6 3249/6434/6
f 3260/6435/4 3254/6436/4 3250/6437/4
f 3263/6438/7 3256/6439/7 3255/6440/7
f 3258/6441/1 3265/6442/1 3257/6443/1
f 3265/6444/5 3264/6445/5 3263/6446/5
f 3257/6447/6 3263/6448/6 3255/6449/6
f 3264/6450/4 3258/6451/4 3256/6452/4
f 3267/6453/7 3260/6454/7 3259/6455/7
f 3262/6456/1 3269/6457/1 3261/6458/1
f 3269/6459/5 3268/6460/5 3267/6461/5
f 3261/6462/6 3267/6463/6 3259/6464/6
f 3268/6465/4 3262/6466/4 3260/6467/4
f 3274/6468/7 3272/6469/7 3271/6470/7
f 3272/6471/3 3275/6472/3 3271/6473/3
f 3273/6474/4 3276/6475/4 3272/6476/4
f 3274/6477/5 3277/6478/5 3273/6479/5
f 3271/6480/6 3278/6481/6 3274/6482/6
f 3279/6483/81 3280/6484/81 3281/6485/81
f 3282/6486/175 3283/6487/175 3284/6488/175
f 3285/6489/176 3286/6490/176 3287/6491/176
f 3288/6492/83 3289/6493/83 3290/6494/83
f 3291/6495/13 3292/6496/13 3293/6497/13
f 3294/6498/137 3295/6499/137 3296/6500/137
f 3297/6501/138 3298/6502/138 3299/6503/138
f 3300/6504/16 3301/6505/16 3302/6506/16
f 3283/6487/17 3279/6507/17 3281/6508/17
f 3288/6509/37 3281/6485/37 3280/6484/37
f 3290/6494/18 3285/6510/18 3287/6511/18
f 3287/6491/28 3284/6512/28 3283/6513/28
f 3301/6514/19 3291/6495/19 3293/6497/19
f 3294/6498/20 3293/6497/20 3292/6496/20
f 3297/6515/21 3296/6500/21 3295/6499/21
f 3302/6506/29 3299/6516/29 3298/6517/29
f 3295/6518/23 3282/6486/23 3284/6488/23
f 3298/6502/38 3286/6490/38 3285/6489/38
f 3282/6486/3 3292/6519/3 3279/6507/3
f 3290/6520/7 3283/6521/7 3281/6522/7
f 3286/6490/4 3295/6523/4 3284/6512/4
f 3289/6493/5 3298/6517/5 3285/6510/5
f 3296/6500/1 3301/6514/1 3293/6497/1
f 3306/6524/7 3304/6525/7 3303/6526/7
f 3304/6527/3 3307/6528/3 3303/6529/3
f 3305/6530/4 3308/6531/4 3304/6532/4
f 3306/6533/5 3309/6534/5 3305/6535/5
f 3303/6536/6 3310/6537/6 3306/6538/6
f 3311/6539/39 3312/6540/39 3313/6541/39
f 3314/6542/95 3315/6543/95 3316/6544/95
f 3317/6545/96 3318/6546/96 3319/6547/96
f 3320/6548/40 3321/6549/40 3322/6550/40
f 3323/6551/13 3324/6552/13 3325/6553/13
f 3326/6554/97 3327/6555/97 3328/6556/97
f 3329/6557/98 3330/6558/98 3331/6559/98
f 3332/6560/16 3333/6561/16 3334/6562/16
f 3315/6543/17 3311/6563/17 3313/6564/17
f 3320/6565/37 3313/6541/37 3312/6540/37
f 3322/6550/18 3317/6566/18 3319/6567/18
f 3319/6547/28 3316/6568/28 3315/6569/28
f 3333/6570/19 3323/6551/19 3325/6553/19
f 3326/6554/20 3325/6553/20 3324/6552/20
f 3329/6571/21 3328/6556/21 3327/6555/21
f 3334/6562/355 3331/6572/355 3330/6573/355
f 3324/6574/22 3312/6540/22 3311/6539/22
f 3327/6575/23 3314/6542/23 3316/6544/23
f 3330/6558/38 3318/6546/38 3317/6545/38
f 3332/6560/25 3321/6549/25 3320/6548/25
f 3314/6542/3 3324/6576/3 3311/6563/3
f 3322/6577/7 3315/6578/7 3313/6579/7
f 3312/6540/6 3332/6580/6 3320/6565/6
f 3318/6546/4 3327/6581/4 3316/6568/4
f 3321/6549/5 3330/6573/5 3317/6566/5
f 3328/6556/1 3333/6570/1 3325/6553/1
f 3336/6582/3 3339/6583/3 3335/6584/3
f 3337/6585/4 3340/6586/4 3336/6587/4
f 3338/6588/5 3341/6589/5 3337/6590/5
f 3335/6591/6 3342/6592/6 3338/6593/6
f 3346/6594/7 3344/6595/7 3343/6596/7
f 3348/6597/1 3350/6598/1 3347/6599/1
f 3344/6600/3 3347/6601/3 3343/6602/3
f 3345/6603/4 3348/6604/4 3344/6605/4
f 3346/6606/5 3349/6607/5 3345/6608/5
f 3343/6609/6 3350/6610/6 3346/6611/6
f 3354/6612/7 3352/6613/7 3351/6614/7
f 3356/6615/1 3358/6616/1 3355/6617/1
f 3352/6618/3 3355/6619/3 3351/6620/3
f 3353/6621/4 3356/6622/4 3352/6623/4
f 3354/6624/5 3357/6625/5 3353/6626/5
f 3351/6627/6 3358/6628/6 3354/6629/6
f 3360/6630/3 3363/6631/3 3359/6632/3
f 3361/6633/4 3364/6634/4 3360/6635/4
f 3362/6636/5 3365/6637/5 3361/6638/5
f 3359/6639/6 3366/6640/6 3362/6641/6
f 3368/6642/3 3371/6643/3 3367/6644/3
f 3369/6645/4 3372/6646/4 3368/6647/4
f 3370/6648/5 3373/6649/5 3369/6650/5
f 3367/6651/6 3374/6652/6 3370/6653/6
f 3376/6654/3 3379/6655/3 3375/6656/3
f 3377/6657/4 3380/6658/4 3376/6659/4
f 3378/6660/5 3381/6661/5 3377/6662/5
f 3375/6663/6 3382/6664/6 3378/6665/6
f 3386/6666/7 3384/6667/7 3383/6668/7
f 3388/6669/1 3390/6670/1 3387/6671/1
f 3384/6672/3 3387/6673/3 3383/6674/3
f 3385/6675/4 3388/6676/4 3384/6677/4
f 3386/6678/5 3389/6679/5 3385/6680/5
f 3383/6681/6 3390/6682/6 3386/6683/6
f 3394/6684/7 3392/6685/7 3391/6686/7
f 3396/6687/1 3398/6688/1 3395/6689/1
f 3392/6690/3 3395/6691/3 3391/6692/3
f 3393/6693/4 3396/6694/4 3392/6695/4
f 3394/6696/5 3397/6697/5 3393/6698/5
f 3391/6699/6 3398/6700/6 3394/6701/6
f 3400/6702/3 3403/6703/3 3399/6704/3
f 3401/6705/4 3404/6706/4 3400/6707/4
f 3402/6708/5 3405/6709/5 3401/6710/5
f 3399/6711/6 3406/6712/6 3402/6713/6
f 3408/6714/3 3411/6715/3 3407/6716/3
f 3409/6717/4 3412/6718/4 3408/6719/4
f 3410/6720/5 3413/6721/5 3409/6722/5
f 3407/6723/6 3414/6724/6 3410/6725/6
f 3418/6726/7 3416/6727/7 3415/6728/7
f 3416/6729/3 3419/6730/3 3415/6731/3
f 3417/6732/4 3420/6733/4 3416/6734/4
f 3418/6735/5 3421/6736/5 3417/6737/5
f 3415/6738/6 3422/6739/6 3418/6740/6
f 3426/6741/7 3424/6742/7 3423/6743/7
f 3428/6744/1 3430/6745/1 3427/6746/1
f 3424/6747/3 3427/6748/3 3423/6749/3
f 3425/6750/4 3428/6751/4 3424/6752/4
f 3426/6753/5 3429/6754/5 3425/6755/5
f 3423/6756/6 3430/6757/6 3426/6758/6
f 2/1/1 53/5/1 52/2/1
f 3/4/1 54/7/1 53/5/1
f 4/6/1 55/9/1 54/7/1
f 5/8/1 56/11/1 55/9/1
f 6/10/1 57/13/1 56/11/1
f 7/12/1 58/15/1 57/13/1
f 8/14/1 59/17/1 58/15/1
f 9/16/1 60/19/1 59/17/1
f 10/18/1 61/21/1 60/19/1
f 11/20/1 62/23/1 61/21/1
f 12/22/1 63/25/1 62/23/1
f 13/24/1 64/27/1 63/25/1
f 14/26/1 65/29/1 64/27/1
f 15/28/1 66/31/1 65/29/1
f 16/30/1 67/33/1 66/31/1
f 17/32/1 68/35/1 67/33/1
f 18/34/1 69/37/1 68/35/1
f 19/36/1 70/39/1 69/37/1
f 20/38/1 71/41/1 70/39/1
f 21/40/1 72/43/1 71/41/1
f 22/42/1 73/45/1 72/43/1
f 23/44/1 74/47/1 73/45/1
f 24/46/1 75/49/1 74/47/1
f 25/48/1 76/51/1 75/49/1
f 26/50/1 77/53/1 76/51/1
f 27/52/1 78/55/1 77/53/1
f 28/54/1 79/57/1 78/55/1
f 29/56/1 80/59/1 79/57/1
f 30/58/1 81/61/1 80/59/1
f 31/60/1 82/63/1 81/61/1
f 32/62/1 83/65/1 82/63/1
f 33/64/1 84/67/1 83/65/1
f 34/66/1 85/69/1 84/67/1
f 35/68/1 86/71/1 85/69/1
f 36/70/1 87/73/1 86/71/1
f 37/72/1 88/75/1 87/73/1
f 38/74/1 89/77/1 88/75/1
f 39/76/1 90/79/1 89/77/1
f 40/78/1 91/81/1 90/79/1
f 41/80/1 92/83/1 91/81/1
f 42/82/1 93/85/1 92/83/1
f 43/84/1 94/87/1 93/85/1
f 44/86/1 95/89/1 94/87/1
f 45/88/1 96/91/1 95/89/1
f 46/90/1 97/93/1 96/91/1
f 47/92/1 98/95/1 97/93/1
f 48/94/1 99/97/1 98/95/1
f 49/96/1 100/99/1 99/97/1
f 50/98/1 101/101/1 100/99/1
f 51/100/1 102/151/1 101/101/1
f 53/5/1 104/103/1 103/102/1
f 54/7/1 105/104/1 104/103/1
f 55/9/1 106/105/1 105/104/1
f 56/11/1 107/106/1 106/105/1
f 57/13/1 108/107/1 107/106/1
f 58/15/1 109/108/1 108/107/1
f 59/17/1 110/109/1 109/108/1
f 60/19/1 111/110/1 110/109/1
f 61/21/1 112/111/1 111/110/1
f 62/23/1 113/112/1 112/111/1
f 63/25/1 114/113/1 113/112/1
f 64/27/1 115/114/1 114/113/1
f 65/29/1 116/115/1 115/114/1
f 66/31/1 117/116/1 116/115/1
f 67/33/1 118/117/1 117/116/1
f 68/35/1 119/118/1 118/117/1
f 69/37/1 120/119/1 119/118/1
f 70/39/1 121/120/1 120/119/1
f 71/41/1 122/121/1 121/120/1
f 72/43/1 123/122/1 122/121/1
f 73/45/1 124/123/1 123/122/1
f 74/47/1 125/124/1 124/123/1
f 75/49/1 126/125/1 125/124/1
f 76/51/1 127/126/1 126/125/1
f 77/53/1 128/127/1 127/126/1
f 78/55/1 129/128/1 128/127/1
f 79/57/1 130/129/1 129/128/1
f 80/59/1 131/130/1 130/129/1
f 81/61/1 132/131/1 131/130/1
f 82/63/1 133/132/1 132/131/1
f 83/65/1 134/133/1 133/132/1
f 84/67/1 135/134/1 134/133/1
f 85/69/1 136/135/1 135/134/1
f 86/71/1 137/136/1 136/135/1
f 87/73/1 138/137/1 137/136/1
f 88/75/1 139/138/1 138/137/1
f 89/77/1 140/139/1 139/138/1
f 90/79/1 141/140/1 140/139/1
f 91/81/1 142/141/1 141/140/1
f 92/83/1 143/142/1 142/141/1
f 93/85/1 144/143/1 143/142/1
f 94/87/1 145/144/1 144/143/1
f 95/89/1 146/145/1 145/144/1
f 96/91/1 147/146/1 146/145/1
f 97/93/1 148/147/1 147/146/1
f 98/95/1 149/148/1 148/147/1
f 99/97/1 150/149/1 149/148/1
f 100/99/1 151/150/1 150/149/1
f 101/101/1 152/152/1 151/150/1
f 102/151/1 153/202/1 152/152/1
f 104/103/2 155/154/2 154/153/2
f 105/104/2 156/155/2 155/154/2
f 106/105/2 157/156/2 156/155/2
f 107/106/2 158/157/2 157/156/2
f 108/107/2 159/158/2 158/157/2
f 109/108/2 160/159/2 159/158/2
f 110/109/2 161/160/2 160/159/2
f 111/110/2 162/161/2 161/160/2
f 112/111/2 163/162/2 162/161/2
f 113/112/2 164/163/2 163/162/2
f 114/113/2 165/164/2 164/163/2
f 115/114/2 166/165/2 165/164/2
f 116/115/2 167/166/2 166/165/2
f 117/116/2 168/167/2 167/166/2
f 118/117/2 169/168/2 168/167/2
f 119/118/2 170/169/2 169/168/2
f 120/119/2 171/170/2 170/169/2
f 121/120/2 172/171/2 171/170/2
f 122/121/2 173/172/2 172/171/2
f 123/122/2 174/173/2 173/172/2
f 124/123/2 175/174/2 174/173/2
f 125/124/2 176/175/2 175/174/2
f 126/125/2 177/176/2 176/175/2
f 127/126/2 178/177/2 177/176/2
f 128/127/2 179/178/2 178/177/2
f 129/128/2 180/179/2 179/178/2
f 130/129/2 181/180/2 180/179/2
f 131/130/2 182/181/2 181/180/2
f 132/131/2 183/182/2 182/181/2
f 133/132/2 184/183/2 183/182/2
f 134/133/2 185/184/2 184/183/2
f 135/134/2 186/185/2 185/184/2
f 136/135/2 187/186/2 186/185/2
f 137/136/2 188/187/2 187/186/2
f 138/137/2 189/188/2 188/187/2
f 139/138/2 190/189/2 189/188/2
f 140/139/2 191/190/2 190/189/2
f 141/140/2 192/191/2 191/190/2
f 142/141/2 193/192/2 192/191/2
f 143/142/2 194/193/2 193/192/2
f 144/143/2 195/194/2 194/193/2
f 145/144/2 196/195/2 195/194/2
f 146/145/2 197/196/2 196/195/2
f 147/146/2 198/197/2 197/196/2
f 148/147/2 199/198/2 198/197/2
f 149/148/2 200/199/2 199/198/2
f 150/149/2 201/200/2 200/199/2
f 151/150/2 202/201/2 201/200/2
f 152/152/2 203/203/2 202/201/2
f 153/202/2 204/253/2 203/203/2
f 155/154/1 206/205/1 205/204/1
f 156/155/1 207/206/1 206/205/1
f 157/156/1 208/207/1 207/206/1
f 158/157/1 209/208/1 208/207/1
f 159/158/1 210/209/1 209/208/1
f 160/159/1 211/210/1 210/209/1
f 161/160/1 212/211/1 211/210/1
f 162/161/1 213/212/1 212/211/1
f 163/162/1 214/213/1 213/212/1
f 164/163/1 215/214/1 214/213/1
f 165/164/1 216/215/1 215/214/1
f 166/165/1 217/216/1 216/215/1
f 167/166/1 218/217/1 217/216/1
f 168/167/1 219/218/1 218/217/1
f 169/168/1 220/219/1 219/218/1
f 170/169/1 221/220/1 220/219/1
f 171/170/1 222/221/1 221/220/1
f 172/171/1 223/222/1 222/221/1
f 173/172/1 224/223/1 223/222/1
f 174/173/1 225/224/1 224/223/1
f 175/174/1 226/225/1 225/224/1
f 176/175/1 227/226/1 226/225/1
f 177/176/1 228/227/1 227/226/1
f 178/177/1 229/228/1 228/227/1
f 179/178/1 230/229/1 229/228/1
f 180/179/1 231/230/1 230/229/1
f 181/180/1 232/231/1 231/230/1
f 182/181/1 233/232/1 232/231/1
f 183/182/1 234/233/1 233/232/1
f 184/183/1 235/234/1 234/233/1
f 185/184/1 236/235/1 235/234/1
f 186/185/1 237/236/1 236/235/1
f 187/186/1 238/237/1 237/236/1
f 188/187/1 239/238/1 238/237/1
f 189/188/1 240/239/1 239/238/1
f 190/189/1 241/240/1 240/239/1
f 191/190/1 242/241/1 241/240/1
f 192/191/1 243/242/1 242/241/1
f 193/192/1 244/243/1 243/242/1
f 194/193/1 245/244/1 244/243/1
f 195/194/1 246/245/1 245/244/1
f 196/195/1 247/246/1 246/245/1
f 197/196/1 248/247/1 247/246/1
f 198/197/1 249/248/1 248/247/1
f 199/198/1 250/249/1 249/248/1
f 200/199/1 251/250/1 250/249/1
f 201/200/1 252/251/1 251/250/1
f 202/201/1 253/252/1 252/251/1
f 203/203/1 254/254/1 253/252/1
f 204/253/1 255/304/1 254/254/1
f 206/205/1 257/256/1 256/255/1
f 207/206/1 258/257/1 257/256/1
f 208/207/1 259/258/1 258/257/1
f 209/208/1 260/259/1 259/258/1
f 210/209/1 261/260/1 260/259/1
f 211/210/1 262/261/1 261/260/1
f 212/211/1 263/262/1 262/261/1
f 213/212/1 264/263/1 263/262/1
f 214/213/1 265/264/1 264/263/1
f 215/214/1 266/265/1 265/264/1
f 216/215/1 267/266/1 266/265/1
f 217/216/1 268/267/1 267/266/1
f 218/217/1 269/268/1 268/267/1
f 219/218/1 270/269/1 269/268/1
f 220/219/1 271/270/1 270/269/1
f 221/220/1 272/271/1 271/270/1
f 222/221/1 273/272/1 272/271/1
f 223/222/1 274/273/1 273/272/1
f 224/223/1 275/274/1 274/273/1
f 225/224/1 276/275/1 275/274/1
f 226/225/1 277/276/1 276/275/1
f 227/226/1 278/277/1 277/276/1
f 228/227/1 279/278/1 278/277/1
f 229/228/1 280/279/1 279/278/1
f 230/229/1 281/280/1 280/279/1
f 231/230/1 282/281/1 281/280/1
f 232/231/1 283/282/1 282/281/1
f 233/232/1 284/283/1 283/282/1
f 234/233/1 285/284/1 284/283/1
f 235/234/1 286/285/1 285/284/1
f 236/235/1 287/286/1 286/285/1
f 237/236/1 288/287/1 287/286/1
f 238/237/1 289/288/1 288/287/1
f 239/238/1 290/289/1 289/288/1
f 240/239/1 291/290/1 290/289/1
f 241/240/1 292/291/1 291/290/1
f 242/241/1 293/292/1 292/291/1
f 243/242/1 294/293/1 293/292/1
f 244/243/1 295/294/1 294/293/1
f 245/244/1 296/295/1 295/294/1
f 246/245/1 297/296/1 296/295/1
f 247/246/1 298/297/1 297/296/1
f 248/247/1 299/298/1 298/297/1
f 249/248/1 300/299/1 299/298/1
f 250/249/1 301/300/1 300/299/1
f 251/250/1 302/301/1 301/300/1
f 252/251/1 303/302/1 302/301/1
f 253/252/1 304/303/1 303/302/1
f 254/254/1 305/305/1 304/303/1
f 255/304/1 306/6759/1 305/305/1
f 312/306/1 313/6760/1 314/307/1
f 308/309/3 312/6761/3 311/310/3
f 309/312/4 313/6762/4 312/313/4
f 310/315/5 314/6763/5 313/316/5
f 310/318/6 307/6764/6 311/319/6
f 316/321/1 317/6765/1 318/322/1
f 312/324/3 316/6766/3 315/325/3
f 313/327/4 317/6767/4 316/328/4
f 314/330/5 318/6768/5 317/331/5
f 311/333/6 315/6769/6 318/334/6
f 320/336/1 321/6770/1 322/337/1
f 316/339/3 320/6771/3 319/340/3
f 317/342/4 321/6772/4 320/343/4
f 318/345/5 322/6773/5 321/346/5
f 315/348/6 319/6774/6 322/349/6
f 313/351/1 325/6775/1 326/352/1
f 323/354/4 325/6776/4 313/355/4
f 324/357/5 326/6777/5 325/358/5
f 310/360/6 314/6778/6 326/361/6
f 328/363/7 327/6779/7 317/364/7
f 321/366/1 329/6780/1 330/367/1
f 327/369/4 329/6781/4 321/370/4
f 328/372/5 330/6782/5 329/373/5
f 318/375/6 322/6783/6 330/376/6
f 325/378/1 333/6784/1 334/379/1
f 331/381/4 333/6785/4 325/382/4
f 332/384/5 334/6786/5 333/385/5
f 332/387/6 324/6787/6 326/388/6
f 327/390/1 335/6788/1 336/391/1
f 325/393/3 327/6789/3 328/394/3
f 333/396/4 335/6790/4 327/397/4
f 334/399/5 336/6791/5 335/400/5
f 326/402/6 328/6792/6 336/403/6
f 329/405/1 337/6793/1 338/406/1
f 335/408/4 337/6794/4 329/409/4
f 336/411/5 338/6795/5 337/412/5
f 328/414/6 330/6796/6 338/415/6
f 333/417/1 341/6797/1 342/418/1
f 339/420/4 341/6798/4 333/421/4
f 340/423/5 342/6799/5 341/424/5
f 332/426/6 334/6800/6 342/427/6
f 344/429/7 343/6801/7 335/430/7
f 337/432/1 345/6802/1 346/433/1
f 335/435/4 343/6803/4 345/436/4
f 344/438/5 346/6804/5 345/439/5
f 336/441/6 338/6805/6 346/442/6
f 341/444/1 349/6806/1 350/445/1
f 347/447/4 349/6807/4 341/448/4
f 348/450/5 350/6808/5 349/451/5
f 340/453/6 342/6809/6 350/454/6
f 343/456/1 351/6810/1 352/457/1
f 341/459/3 343/6811/3 344/460/3
f 349/462/4 351/6812/4 343/463/4
f 350/465/5 352/6813/5 351/466/5
f 342/468/6 344/6814/6 352/469/6
f 345/471/1 353/6815/1 354/472/1
f 351/474/4 353/6816/4 345/475/4
f 352/477/5 354/6817/5 353/478/5
f 344/480/6 346/6818/6 354/481/6
f 349/483/1 357/6819/1 358/484/1
f 355/486/4 357/6820/4 349/487/4
f 356/489/5 358/6821/5 357/490/5
f 348/492/6 350/6822/6 358/493/6
f 360/495/7 359/6823/7 351/496/7
f 353/498/1 361/6824/1 362/499/1
f 359/501/4 361/6825/4 353/502/4
f 360/504/5 362/6826/5 361/505/5
f 352/507/6 354/6827/6 362/508/6
f 357/510/1 364/6828/1 365/511/1
f 363/513/4 364/6829/4 357/514/4
f 410/516/5 365/6830/5 364/517/5
f 356/519/6 358/6831/6 365/520/6
f 359/522/1 366/6832/1 367/523/1
f 357/525/3 359/6833/3 360/526/3
f 364/528/4 366/6834/4 359/529/4
f 365/531/5 367/6835/5 366/532/5
f 358/534/6 360/6836/6 367/535/6
f 361/537/1 368/6837/1 369/538/1
f 366/540/4 368/6838/4 361/541/4
f 367/543/5 369/6839/5 368/544/5
f 360/546/6 362/6840/6 369/547/6
f 373/549/7 372/6841/7 371/550/7
f 375/552/1 376/6842/1 377/553/1
f 371/555/3 375/6843/3 374/556/3
f 372/558/4 376/6844/4 375/559/4
f 373/561/5 377/6845/5 376/562/5
f 370/564/6 374/6846/6 377/565/6
f 381/567/7 380/6847/7 379/568/7
f 383/570/1 384/6848/1 385/571/1
f 379/573/3 383/6849/3 382/574/3
f 380/576/4 384/6850/4 383/577/4
f 381/579/5 385/6851/5 384/580/5
f 378/582/6 382/6852/6 385/583/6
f 389/585/7 388/6853/7 387/586/7
f 391/588/1 392/6854/1 393/589/1
f 387/591/3 391/6855/3 390/592/3
f 388/594/4 392/6856/4 391/595/4
f 389/597/5 393/6857/5 392/598/5
f 386/600/6 390/6858/6 393/601/6
f 397/603/7 396/6859/7 395/604/7
f 390/606/1 393/6860/1 384/607/1
f 395/609/3 390/6861/3 383/610/3
f 396/612/4 393/6862/4 390/613/4
f 397/615/5 384/6863/5 393/616/5
f 394/618/6 383/6864/6 384/619/6
f 403/621/1 404/6865/1 405/622/1
f 399/624/3 403/6866/3 402/625/3
f 400/627/4 404/6867/4 403/628/4
f 401/630/5 405/6868/5 404/631/5
f 398/633/6 402/6869/6 405/634/6
f 399/636/1 400/6870/1 410/637/1
f 407/639/3 399/6871/3 307/640/3
f 409/642/5 410/6872/5 400/643/5
f 406/645/6 307/6873/6 410/646/6
f 414/648/7 413/6874/7 412/649/7
f 416/651/1 417/6875/1 418/652/1
f 412/654/3 416/6876/3 415/655/3
f 413/657/4 417/6877/4 416/658/4
f 414/660/5 418/6878/5 417/661/5
f 411/663/6 415/6879/6 418/664/6
f 421/666/8 422/670/8 420/667/8
f 423/669/9 424/6880/9 422/670/9
f 429/671/4 430/6881/4 424/672/4
f 427/674/10 428/678/10 430/675/10
f 425/677/11 426/6882/11 428/678/11
f 419/679/6 420/6883/6 426/680/6
f 419/682/3 425/6884/3 427/683/3
f 427/683/3 429/6885/3 423/685/3
f 420/686/5 422/690/5 428/687/5
f 424/689/5 430/6886/5 428/687/5
f 440/697/7 439/6887/7 438/698/7
f 442/700/1 443/6888/1 444/701/1
f 438/703/3 442/6889/3 441/704/3
f 439/706/4 443/6890/4 442/707/4
f 440/709/5 444/6891/5 443/710/5
f 437/712/6 441/6892/6 444/713/6
f 449/730/17 448/742/17 445/731/17
f 456/733/18 455/744/18 451/734/18
f 467/736/19 466/6893/19 457/718/19
f 460/721/20 462/723/20 459/720/20
f 463/737/21 465/6894/21 462/723/21
f 458/738/22 457/6895/22 446/739/22
f 461/741/356 460/6896/356 448/742/356
f 464/725/38 463/724/38 452/716/38
f 466/727/25 468/729/25 455/744/25
f 448/742/3 460/6896/3 458/746/3
f 456/747/7 453/6897/7 449/748/7
f 446/739/6 457/6895/6 466/750/6
f 452/716/4 463/724/4 461/752/4
f 455/744/5 468/729/5 464/754/5
f 473/756/17 472/755/17 469/773/17
f 480/775/18 479/788/18 475/776/18
f 477/760/28 476/759/28 474/778/28
f 491/780/19 490/6898/19 481/761/19
f 487/781/21 489/6899/21 486/766/21
f 492/772/29 491/771/29 489/782/29
f 482/784/22 481/6900/22 470/785/22
f 485/787/356 484/6901/356 472/755/356
f 488/768/38 487/767/38 476/759/38
f 490/770/25 492/772/25 479/788/25
f 472/755/3 484/6901/3 482/790/3
f 480/791/7 477/6902/7 473/792/7
f 470/785/6 481/6900/6 490/794/6
f 476/759/4 487/767/4 485/796/4
f 479/788/5 492/772/5 488/783/5
f 497/801/17 496/800/17 493/821/17
f 502/823/37 504/6903/37 495/799/37
f 504/808/18 503/807/18 499/824/18
f 501/805/28 500/804/28 498/826/28
f 515/828/19 514/6904/19 505/809/19
f 508/812/20 510/814/20 507/811/20
f 511/829/21 513/6905/21 510/814/21
f 516/820/29 515/819/29 513/830/29
f 506/832/22 505/6906/22 494/798/22
f 509/833/23 508/6907/23 496/800/23
f 512/816/38 511/815/38 500/804/38
f 514/818/25 516/820/25 503/807/25
f 496/800/3 508/6907/3 506/834/3
f 504/835/7 501/6908/7 497/836/7
f 494/798/6 505/6906/6 514/838/6
f 500/804/4 511/815/4 509/839/4
f 503/807/5 516/820/5 512/831/5
f 510/814/1 513/6905/1 515/828/1
f 521/861/17 520/874/17 517/862/17
f 526/864/37 528/6909/37 519/842/37
f 528/848/18 527/847/18 523/865/18
f 525/845/28 524/844/28 522/867/28
f 539/869/19 538/6910/19 529/849/19
f 532/852/20 534/854/20 531/851/20
f 535/870/21 537/6911/21 534/854/21
f 540/860/29 539/859/29 537/871/29
f 530/873/22 529/6912/22 518/841/22
f 536/856/38 535/855/38 524/844/38
f 538/858/25 540/860/25 527/847/25
f 520/874/3 532/6913/3 530/875/3
f 528/876/7 525/6914/7 521/877/7
f 518/841/6 529/6912/6 538/879/6
f 524/844/4 535/855/4 533/880/4
f 527/847/5 540/860/5 536/872/5
f 534/854/1 537/6911/1 539/869/1
f 542/881/6 543/6915/6 544/882/6
f 548/884/7 547/6916/7 546/885/7
f 550/887/1 551/6917/1 552/888/1
f 546/890/357 550/6918/357 549/891/357
f 547/893/42 551/6919/42 550/894/42
f 548/896/43 552/6920/43 551/897/43
f 545/899/44 549/6921/44 552/900/44
f 556/902/7 555/6922/7 554/903/7
f 558/905/1 559/6923/1 560/906/1
f 554/908/45 558/6924/45 557/909/45
f 555/911/46 559/6925/46 558/912/46
f 556/914/47 560/6926/47 559/915/47
f 553/917/48 557/6927/48 560/918/48
f 565/921/17 564/920/17 561/938/17
f 572/940/18 571/951/18 567/941/18
f 569/925/28 568/924/28 566/943/28
f 583/945/19 582/6928/19 573/926/19
f 576/929/20 578/931/20 575/928/20
f 579/946/21 581/6929/21 578/931/21
f 574/947/22 573/6930/22 562/948/22
f 577/950/356 576/6931/356 564/920/356
f 580/933/38 579/932/38 568/924/38
f 582/935/25 584/937/25 571/951/25
f 564/920/3 576/6931/3 574/953/3
f 572/954/7 569/6932/7 565/955/7
f 562/948/6 573/6930/6 582/957/6
f 568/924/4 579/932/4 577/959/4
f 571/951/5 584/937/5 580/960/5
f 589/962/17 588/961/17 585/979/17
f 596/981/18 595/994/18 591/982/18
f 593/966/28 592/965/28 590/984/28
f 607/986/19 606/6933/19 597/967/19
f 603/987/21 605/6934/21 602/972/21
f 608/978/29 607/977/29 605/988/29
f 598/990/22 597/6935/22 586/991/22
f 601/993/356 600/6936/356 588/961/356
f 604/974/38 603/973/38 592/965/38
f 606/976/25 608/978/25 595/994/25
f 588/961/3 600/6936/3 598/996/3
f 596/997/7 593/6937/7 589/998/7
f 586/991/6 597/6935/6 606/1000/6
f 592/965/4 603/973/4 601/1002/4
f 595/994/5 608/978/5 604/989/5
f 613/1007/17 612/1006/17 609/1027/17
f 618/1029/37 620/6938/37 611/1005/37
f 620/1014/18 619/1013/18 615/1030/18
f 617/1011/28 616/1010/28 614/1032/28
f 631/1034/19 630/6939/19 621/1015/19
f 624/1018/20 626/1020/20 623/1017/20
f 627/1035/21 629/6940/21 626/1020/21
f 632/1026/29 631/1025/29 629/1036/29
f 622/1038/22 621/6941/22 610/1004/22
f 625/1039/23 624/6942/23 612/1006/23
f 628/1022/38 627/1021/38 616/1010/38
f 630/1024/25 632/1026/25 619/1013/25
f 612/1006/3 624/6942/3 622/1040/3
f 620/1041/7 617/6943/7 613/1042/7
f 610/1004/6 621/6941/6 630/1044/6
f 616/1010/4 627/1021/4 625/1045/4
f 619/1013/5 632/1026/5 628/1037/5
f 626/1020/1 629/6940/1 631/1034/1
f 637/1050/17 636/1049/17 633/1070/17
f 642/1072/37 644/6944/37 635/1048/37
f 644/1057/18 643/1056/18 639/1073/18
f 641/1054/28 640/1053/28 638/1075/28
f 655/1077/19 654/6945/19 645/1058/19
f 648/1061/20 650/1063/20 647/1060/20
f 651/1078/21 653/6946/21 650/1063/21
f 656/1069/29 655/1068/29 653/1079/29
f 646/1081/22 645/6947/22 634/1047/22
f 649/1082/23 648/6948/23 636/1049/23
f 652/1065/38 651/1064/38 640/1053/38
f 654/1067/25 656/1069/25 643/1056/25
f 636/1049/3 648/6948/3 646/1083/3
f 644/1084/7 641/6949/7 637/1085/7
f 634/1047/6 645/6947/6 654/1087/6
f 640/1053/4 651/1064/4 649/1088/4
f 643/1056/5 656/1069/5 652/1080/5
f 650/1063/1 653/6946/1 655/1077/1
f 658/1089/6 659/6950/6 660/1090/6
f 661/1092/7 664/6951/7 663/1093/7
f 665/1095/1 666/6952/1 667/1096/1
f 662/1098/49 666/6953/49 665/1099/49
f 663/1101/50 667/6954/50 666/1102/50
f 664/1104/51 668/6955/51 667/1105/51
f 661/1107/52 665/6956/52 668/1108/52
f 672/1110/7 671/6957/7 670/1111/7
f 674/1113/1 675/6958/1 676/1114/1
f 670/1116/53 674/6959/53 673/1117/53
f 671/1119/54 675/6960/54 674/1120/54
f 672/1122/55 676/6961/55 675/1123/55
f 669/1125/56 673/6962/56 676/1126/56
f 681/1129/17 680/1128/17 677/1146/17
f 688/1148/18 687/1159/18 683/1149/18
f 685/1133/28 684/1132/28 682/1151/28
f 699/1153/19 698/6963/19 689/1134/19
f 692/1137/88 694/1139/88 691/1136/88
f 695/1154/21 697/6964/21 694/1139/21
f 690/1155/22 689/6965/22 678/1156/22
f 693/1158/356 692/6966/356 680/1128/356
f 696/1141/38 695/1140/38 684/1132/38
f 698/1143/25 700/1145/25 687/1159/25
f 680/1128/3 692/6966/3 690/1161/3
f 688/1162/7 685/6967/7 681/1163/7
f 678/1156/6 689/6965/6 698/1165/6
f 684/1132/4 695/1140/4 693/1167/4
f 687/1159/5 700/1145/5 696/1168/5
f 705/1170/17 704/1169/17 701/1187/17
f 712/1189/18 711/1202/18 707/1190/18
f 709/1174/28 708/1173/28 706/1192/28
f 723/1194/19 722/6968/19 713/1175/19
f 719/1195/21 721/6969/21 718/1180/21
f 724/1186/29 723/1185/29 721/1196/29
f 714/1198/22 713/6970/22 702/1199/22
f 717/1201/356 716/6971/356 704/1169/356
f 720/1182/38 719/1181/38 708/1173/38
f 722/1184/25 724/1186/25 711/1202/25
f 704/1169/3 716/6971/3 714/1204/3
f 712/1205/7 709/6972/7 705/1206/7
f 702/1199/6 713/6970/6 722/1208/6
f 708/1173/4 719/1181/4 717/1210/4
f 711/1202/5 724/1186/5 720/1197/5
f 729/1215/17 728/1214/17 725/1235/17
f 734/1237/37 736/6973/37 727/1213/37
f 736/1222/18 735/1221/18 731/1238/18
f 733/1219/28 732/1218/28 730/1240/28
f 747/1242/19 746/6974/19 737/1223/19
f 740/1226/20 742/1228/20 739/1225/20
f 743/1243/21 745/6975/21 742/1228/21
f 748/1234/29 747/1233/29 745/1244/29
f 738/1246/22 737/6976/22 726/1212/22
f 741/1247/23 740/6977/23 728/1214/23
f 744/1230/38 743/1229/38 732/1218/38
f 746/1232/25 748/1234/25 735/1221/25
f 728/1214/3 740/6977/3 738/1248/3
f 736/1249/7 733/6978/7 729/1250/7
f 726/1212/6 737/6976/6 746/1252/6
f 732/1218/4 743/1229/4 741/1253/4
f 735/1221/5 748/1234/5 744/1245/5
f 742/1228/1 745/6975/1 747/1242/1
f 753/1258/17 752/1257/17 749/1278/17
f 758/1280/37 760/6979/37 751/1256/37
f 760/1265/18 759/1264/18 755/1281/18
f 757/1262/28 756/1261/28 754/1283/28
f 771/1285/19 770/6980/19 761/1266/19
f 764/1269/20 766/1271/20 763/1268/20
f 767/1286/21 769/6981/21 766/1271/21
f 772/1277/29 771/1276/29 769/1287/29
f 762/1289/22 761/6982/22 750/1255/22
f 765/1290/23 764/6983/23 752/1257/23
f 768/1273/38 767/1272/38 756/1261/38
f 770/1275/25 772/1277/25 759/1264/25
f 752/1257/3 764/6983/3 762/1291/3
f 760/1292/7 757/6984/7 753/1293/7
f 750/1255/6 761/6982/6 770/1295/6
f 756/1261/4 767/1272/4 765/1296/4
f 759/1264/5 772/1277/5 768/1288/5
f 766/1271/1 769/6981/1 771/1285/1
f 774/1297/6 775/6985/6 776/1298/6
f 780/1300/7 779/6986/7 778/1301/7
f 782/1303/1 783/6987/1 784/1304/1
f 778/1306/55 782/6988/55 781/1307/55
f 779/1309/56 783/6989/56 782/1310/56
f 780/1312/53 784/6990/53 783/1313/53
f 777/1315/54 781/6991/54 784/1316/54
f 788/1318/7 787/6992/7 786/1319/7
f 790/1321/1 791/6993/1 792/1322/1
f 786/1324/58 790/6994/58 789/1325/58
f 787/1327/59 791/6995/59 790/1328/59
f 788/1330/60 792/6996/60 791/1331/60
f 785/1333/61 789/6997/61 792/1334/61
f 798/1336/1 796/6998/1 797/1337/1
f 363/1339/3 798/6999/3 795/1340/3
f 793/1342/4 796/7000/4 798/1343/4
f 793/1345/5 794/7001/5 797/1346/5
f 410/1348/6 795/7002/6 797/1349/6
f 800/1351/1 801/7003/1 802/1352/1
f 798/1354/3 800/7004/3 799/1355/3
f 796/1357/4 801/7005/4 800/1358/4
f 797/1360/5 802/7006/5 801/1361/5
f 795/1363/6 799/7007/6 802/1364/6
f 807/1366/7 808/7008/7 796/1367/7
f 801/1369/1 803/7009/1 804/1370/1
f 808/1372/4 803/7010/4 801/1373/4
f 807/1375/5 804/7011/5 803/1376/5
f 797/1378/6 802/7012/6 804/1379/6
f 808/1381/1 809/7013/1 810/1382/1
f 806/1384/3 808/7014/3 807/1385/3
f 806/1387/4 884/7015/4 809/1388/4
f 849/1390/5 810/7016/5 809/1391/5
f 805/1393/6 807/7017/6 810/1394/6
f 803/1396/1 811/7018/1 812/1397/1
f 809/1399/4 811/7019/4 803/1400/4
f 810/1402/5 812/7020/5 811/1403/5
f 807/1405/6 804/7021/6 812/1406/6
f 814/1408/1 822/7022/1 815/1409/1
f 379/1411/3 814/7023/3 813/1412/3
f 380/1414/4 822/7024/4 814/1415/4
f 381/1417/5 815/7025/5 822/1418/5
f 378/1420/6 813/7026/6 815/1421/6
f 389/1423/7 817/7027/7 816/1424/7
f 819/1426/1 820/7028/1 821/1427/1
f 816/1429/3 819/7029/3 818/1430/3
f 817/1432/4 820/7030/4 819/1433/4
f 389/1435/5 821/7031/5 820/1436/5
f 386/1438/6 818/7032/6 821/1439/6
f 818/1441/1 821/7033/1 822/1442/1
f 395/1444/3 818/7034/3 814/1445/3
f 396/1447/4 821/7035/4 818/1448/4
f 396/1450/5 397/7036/5 822/1451/5
f 394/1453/6 814/7037/6 822/1454/6
f 826/1456/7 825/7038/7 824/1457/7
f 828/1459/1 829/7039/1 830/1460/1
f 824/1462/3 828/7040/3 827/1463/3
f 825/1465/4 829/7041/4 828/1466/4
f 826/1468/5 830/7042/5 829/1469/5
f 823/1471/6 827/7043/6 830/1472/6
f 834/1474/7 833/7044/7 832/1475/7
f 836/1477/1 837/7045/1 838/1478/1
f 832/1480/3 836/7046/3 835/1481/3
f 833/1483/4 837/7047/4 836/1484/4
f 834/1486/5 838/7048/5 837/1487/5
f 831/1489/6 835/7049/6 838/1490/6
f 835/1492/1 838/7050/1 829/1493/1
f 925/1495/3 835/7051/3 828/1496/3
f 926/1498/4 838/7052/4 835/1499/4
f 926/1501/5 927/7053/5 829/1502/5
f 924/1504/6 828/7054/6 829/1505/6
f 844/1507/1 845/7055/1 846/1508/1
f 840/1510/3 844/7056/3 843/1511/3
f 841/1513/4 845/7057/4 844/1514/4
f 842/1516/5 846/7058/5 845/1517/5
f 839/1519/6 843/7059/6 846/1520/6
f 840/1522/1 841/7060/1 849/1523/1
f 847/1525/3 840/7061/3 410/1526/3
f 945/1528/5 849/7062/5 841/1529/5
f 409/1531/6 410/7063/6 849/1532/6
f 853/1534/7 852/7064/7 851/1535/7
f 855/1537/1 856/7065/1 857/1538/1
f 851/1540/3 855/7066/3 854/1541/3
f 852/1543/4 856/7067/4 855/1544/4
f 853/1546/5 857/7068/5 856/1547/5
f 850/1549/6 854/7069/6 857/1550/6
f 860/1552/62 861/1556/62 859/1553/62
f 862/1555/63 863/7070/63 861/1556/63
f 868/1557/4 869/7071/4 863/1558/4
f 866/1560/64 867/1564/64 869/1561/64
f 864/1563/65 865/7072/65 867/1564/65
f 858/1565/6 859/7073/6 865/1566/6
f 858/1568/3 864/7074/3 866/1569/3
f 866/1569/3 868/7075/3 862/1571/3
f 859/1572/5 861/1576/5 867/1573/5
f 863/1575/5 869/7076/5 867/1573/5
f 879/1583/7 878/7077/7 877/1584/7
f 881/1586/1 882/7078/1 883/1587/1
f 877/1589/3 881/7079/3 880/1590/3
f 878/1592/4 882/7080/4 881/1593/4
f 879/1595/5 883/7081/5 882/1596/5
f 876/1598/6 880/7082/6 883/1599/6
f 888/1601/1 889/7083/1 890/1602/1
f 884/1604/3 888/7084/3 887/1605/3
f 885/1607/4 889/7085/4 888/1608/4
f 886/1610/5 890/7086/5 889/1611/5
f 886/1613/6 849/7087/6 887/1614/6
f 891/1616/1 892/7088/1 894/1617/1
f 888/1619/3 891/7089/3 893/1620/3
f 889/1622/4 892/7090/4 891/1623/4
f 890/1625/5 894/7091/5 892/1626/5
f 887/1628/6 893/7092/6 894/1629/6
f 896/1631/1 897/7093/1 898/1632/1
f 891/1634/3 896/7094/3 895/1635/3
f 892/1637/4 897/7095/4 896/1638/4
f 894/1640/5 898/7096/5 897/1641/5
f 893/1643/6 895/7097/6 898/1644/6
f 889/1646/1 901/7098/1 902/1647/1
f 899/1649/4 901/7099/4 889/1650/4
f 900/1652/5 902/7100/5 901/1653/5
f 886/1655/6 890/7101/6 902/1656/6
f 910/1658/7 903/7102/7 892/1659/7
f 897/1661/1 904/7103/1 905/1662/1
f 903/1664/4 904/7104/4 897/1665/4
f 910/1667/5 905/7105/5 904/1668/5
f 894/1670/6 898/7106/6 905/1671/6
f 901/1673/1 908/7107/1 909/1674/1
f 906/1676/4 908/7108/4 901/1677/4
f 907/1679/5 909/7109/5 908/1680/5
f 900/1682/6 902/7110/6 909/1683/6
f 903/1685/1 911/7111/1 912/1686/1
f 901/1688/3 903/7112/3 910/1689/3
f 908/1691/4 911/7113/4 903/1692/4
f 909/1694/5 912/7114/5 911/1695/5
f 902/1697/6 910/7115/6 912/1698/6
f 904/1700/1 913/7116/1 914/1701/1
f 911/1703/4 913/7117/4 904/1704/4
f 912/1706/5 914/7118/5 913/1707/5
f 910/1709/6 905/7119/6 914/1710/6
f 916/1712/1 928/7120/1 917/1713/1
f 824/1715/3 916/7121/3 915/1716/3
f 825/1718/4 928/7122/4 916/1719/4
f 826/1721/5 917/7123/5 928/1722/5
f 823/1724/6 915/7124/6 917/1725/6
f 834/1727/7 919/7125/7 918/1728/7
f 921/1730/1 922/7126/1 923/1731/1
f 918/1733/3 921/7127/3 920/1734/3
f 919/1736/4 922/7128/4 921/1737/4
f 919/1739/5 834/7129/5 923/1740/5
f 831/1742/6 920/7130/6 923/1743/6
f 927/1745/7 926/7131/7 925/1746/7
f 920/1748/1 923/7132/1 928/1749/1
f 925/1751/3 920/7133/3 916/1752/3
f 926/1754/4 923/7134/4 920/1755/4
f 927/1757/5 928/7135/5 923/1758/5
f 924/1760/6 916/7136/6 928/1761/6
f 932/1763/7 931/7137/7 930/1764/7
f 934/1766/1 935/7138/1 936/1767/1
f 930/1769/3 934/7139/3 933/1770/3
f 931/1772/4 935/7140/4 934/1773/4
f 932/1775/5 936/7141/5 935/1776/5
f 929/1778/6 933/7142/6 936/1779/6
f 942/1781/1 943/7143/1 944/1782/1
f 939/1784/4 943/7144/4 942/1785/4
f 940/1787/5 944/7145/5 943/1788/5
f 937/1790/6 941/7146/6 944/1791/6
f 938/1793/1 939/7147/1 907/1794/1
f 946/1796/3 938/7148/3 849/1797/3
f 947/1799/4 939/7149/4 938/1800/4
f 948/1802/5 907/7150/5 939/1803/5
f 945/1805/6 849/7151/6 907/1806/6
f 952/1808/7 951/7152/7 950/1809/7
f 954/1811/1 955/7153/1 956/1812/1
f 950/1814/3 954/7154/3 953/1815/3
f 951/1817/4 955/7155/4 954/1818/4
f 952/1820/5 956/7156/5 955/1821/5
f 949/1823/6 953/7157/6 956/1824/6
f 959/1826/8 960/1830/8 958/1827/8
f 961/1829/9 962/7158/9 960/1830/9
f 967/1831/4 968/7159/4 962/1832/4
f 965/1834/10 966/1838/10 968/1835/10
f 963/1837/11 964/7160/11 966/1838/11
f 957/1839/6 958/7161/6 964/1840/6
f 957/1842/3 963/7162/3 965/1843/3
f 965/1843/3 967/7163/3 961/1845/3
f 958/1846/5 960/1850/5 966/1847/5
f 962/1849/5 968/7164/5 966/1847/5
f 978/1857/7 977/7165/7 976/1858/7
f 980/1860/1 981/7166/1 982/1861/1
f 976/1863/3 980/7167/3 979/1864/3
f 977/1866/4 981/7168/4 980/1867/4
f 978/1869/5 982/7169/5 981/1870/5
f 975/1872/6 979/7170/6 982/1873/6
f 987/1890/80 986/1902/80 983/1891/80
f 994/1893/191 993/1904/191 989/1894/191
f 1005/1896/19 1004/7171/19 995/1878/19
f 998/1881/358 1000/1883/358 997/1880/358
f 1001/1897/21 1003/7172/21 1000/1883/21
f 996/1898/22 995/7173/22 984/1899/22
f 999/1901/23 998/7174/23 986/1902/23
f 1002/1885/38 1001/1884/38 990/1876/38
f 1004/1887/25 1006/1889/25 993/1904/25
f 986/1902/3 998/7174/3 996/1906/3
f 994/1907/7 991/7175/7 987/1908/7
f 984/1899/6 995/7173/6 1004/1910/6
f 990/1876/4 1001/1884/4 999/1912/4
f 993/1904/5 1006/1889/5 1002/1914/5
f 1011/1916/71 1010/1915/71 1007/1933/71
f 1018/1935/18 1017/1948/18 1013/1936/18
f 1015/1920/28 1014/1919/28 1012/1938/28
f 1029/1940/19 1028/7176/19 1019/1921/19
f 1025/1941/21 1027/7177/21 1024/1926/21
f 1030/1932/29 1029/1931/29 1027/1942/29
f 1020/1944/22 1019/7178/22 1008/1945/22
f 1023/1947/23 1022/7179/23 1010/1915/23
f 1026/1928/38 1025/1927/38 1014/1919/38
f 1028/1930/25 1030/1932/25 1017/1948/25
f 1010/1915/3 1022/7179/3 1020/1950/3
f 1018/1951/7 1015/7180/7 1011/1952/7
f 1008/1945/6 1019/7178/6 1028/1954/6
f 1014/1919/4 1025/1927/4 1023/1956/4
f 1017/1948/5 1030/1932/5 1026/1943/5
f 1035/1961/80 1034/1960/80 1031/1981/80
f 1040/1983/37 1042/7181/37 1033/1959/37
f 1042/1968/191 1041/1967/191 1037/1984/191
f 1039/1965/28 1038/1964/28 1036/1986/28
f 1053/1988/19 1052/7182/19 1043/1969/19
f 1046/1972/358 1048/1974/358 1045/1971/358
f 1049/1989/21 1051/7183/21 1048/1974/21
f 1054/1980/355 1053/1979/355 1051/1990/355
f 1044/1992/22 1043/7184/22 1032/1958/22
f 1047/1993/23 1046/7185/23 1034/1960/23
f 1050/1976/38 1049/1975/38 1038/1964/38
f 1052/1978/25 1054/1980/25 1041/1967/25
f 1034/1960/3 1046/7185/3 1044/1994/3
f 1042/1995/7 1039/7186/7 1035/1996/7
f 1032/1958/6 1043/7184/6 1052/1998/6
f 1038/1964/4 1049/1975/4 1047/1999/4
f 1041/1967/5 1054/1980/5 1050/1991/5
f 1048/1974/1 1051/7183/1 1053/1988/1
f 1059/2021/57 1058/2034/57 1055/2022/57
f 1064/2024/37 1066/7187/37 1057/2002/37
f 1066/2008/196 1065/2007/196 1061/2025/196
f 1063/2005/28 1062/2004/28 1060/2027/28
f 1077/2029/19 1076/7188/19 1067/2009/19
f 1070/2012/20 1072/2014/20 1069/2011/20
f 1073/2030/21 1075/7189/21 1072/2014/21
f 1078/2020/29 1077/2019/29 1075/2031/29
f 1068/2033/22 1067/7190/22 1056/2001/22
f 1074/2016/38 1073/2015/38 1062/2004/38
f 1076/2018/25 1078/2020/25 1065/2007/25
f 1058/2034/3 1070/7191/3 1068/2035/3
f 1066/2036/7 1063/7192/7 1059/2037/7
f 1056/2001/6 1067/7190/6 1076/2039/6
f 1062/2004/4 1073/2015/4 1071/2040/4
f 1065/2007/5 1078/2020/5 1074/2032/5
f 1072/2014/1 1075/7189/1 1077/2029/1
f 1080/2041/6 1081/7193/6 1082/2042/6
f 1083/2044/7 1086/7194/7 1085/2045/7
f 1087/2047/1 1088/7195/1 1089/2048/1
f 1084/2050/90 1088/7196/90 1087/2051/90
f 1085/2053/91 1089/7197/91 1088/2054/91
f 1086/2056/92 1090/7198/92 1089/2057/92
f 1083/2059/93 1087/7199/93 1090/2060/93
f 1091/2062/7 1094/7200/7 1093/2063/7
f 1095/2065/1 1096/7201/1 1097/2066/1
f 1092/2068/45 1096/7202/45 1095/2069/45
f 1093/2071/46 1097/7203/46 1096/2072/46
f 1094/2074/47 1098/7204/47 1097/2075/47
f 1091/2077/48 1095/7205/48 1098/2078/48
f 1100/2080/6 1101/7206/6 1102/2081/6
f 1106/2083/4 1105/7207/4 1104/2084/4
f 1103/2086/3 1104/7208/3 1100/2087/3
f 1101/2089/5 1105/7209/5 1106/2090/5
f 1102/2092/7 1106/7210/7 1103/2093/7
f 1104/2095/1 1105/7211/1 1101/2096/1
f 1108/2098/6 1109/7212/6 1110/2099/6
f 1114/2101/4 1113/7213/4 1112/2102/4
f 1111/2104/3 1112/7214/3 1108/2105/3
f 1109/2107/5 1113/7215/5 1114/2108/5
f 1110/2110/7 1114/7216/7 1111/2111/7
f 1112/2113/1 1113/7217/1 1109/2114/1
f 1116/2116/6 1117/7218/6 1118/2117/6
f 1122/2119/4 1121/7219/4 1120/2120/4
f 1119/2122/3 1120/7220/3 1116/2123/3
f 1117/2125/5 1121/7221/5 1122/2126/5
f 1118/2128/7 1122/7222/7 1119/2129/7
f 1120/2131/1 1121/7223/1 1117/2132/1
f 1124/2134/6 1125/7224/6 1126/2135/6
f 1130/2137/4 1129/7225/4 1128/2138/4
f 1127/2140/3 1128/7226/3 1124/2141/3
f 1125/2143/5 1129/7227/5 1130/2144/5
f 1126/2146/7 1130/7228/7 1127/2147/7
f 1128/2149/1 1129/7229/1 1125/2150/1
f 1132/2152/6 1133/7230/6 1134/2153/6
f 1139/2159/17 1138/2158/17 1135/2179/17
f 1144/2181/37 1146/7231/37 1137/2157/37
f 1146/2166/18 1145/2165/18 1141/2182/18
f 1143/2163/28 1142/2162/28 1140/2184/28
f 1157/2186/19 1156/7232/19 1147/2167/19
f 1150/2170/20 1152/2172/20 1149/2169/20
f 1153/2187/21 1155/7233/21 1152/2172/21
f 1158/2178/29 1157/2177/29 1155/2188/29
f 1135/2155/22 1148/7234/22 1147/2190/22
f 1140/2160/23 1151/7235/23 1150/2191/23
f 1141/2161/38 1154/2174/38 1153/2173/38
f 1144/2164/25 1156/2176/25 1158/2178/25
f 1135/2179/3 1138/2158/3 1150/2191/3
f 1146/2193/7 1143/7236/7 1139/2194/7
f 1136/2156/6 1147/2190/6 1156/2196/6
f 1142/2162/4 1153/2173/4 1151/2197/4
f 1141/2182/5 1145/2165/5 1158/2178/5
f 1152/2172/1 1155/7233/1 1157/2186/1
f 1163/2202/17 1162/2201/17 1159/2222/17
f 1168/2224/37 1170/7237/37 1161/2200/37
f 1170/2209/18 1169/2208/18 1165/2225/18
f 1167/2206/28 1166/2205/28 1164/2227/28
f 1181/2229/19 1180/7238/19 1171/2210/19
f 1174/2213/20 1176/2215/20 1173/2212/20
f 1177/2230/21 1179/7239/21 1176/2215/21
f 1182/2221/29 1181/2220/29 1179/2231/29
f 1172/2233/22 1171/7240/22 1160/2199/22
f 1175/2234/23 1174/7241/23 1162/2201/23
f 1178/2217/38 1177/2216/38 1166/2205/38
f 1180/2219/25 1182/2221/25 1169/2208/25
f 1162/2201/3 1174/7241/3 1172/2235/3
f 1170/2236/7 1167/7242/7 1163/2237/7
f 1160/2199/6 1171/7240/6 1180/2239/6
f 1169/2208/5 1182/2221/5 1178/2232/5
f 1176/2215/1 1179/7239/1 1181/2229/1
f 1183/2240/101 1184/7243/101 1099/2241/101
f 1187/2243/102 1186/7244/102 1185/2244/102
f 1185/2246/103 1186/7245/103 1183/2247/103
f 1186/2249/1 1187/7246/1 1184/2250/1
f 1187/2252/104 1188/7247/104 1099/2253/104
f 1193/2259/17 1192/2258/17 1189/2279/17
f 1198/2281/37 1200/7248/37 1191/2257/37
f 1200/2266/18 1199/2265/18 1195/2282/18
f 1197/2263/28 1196/2262/28 1194/2284/28
f 1211/2286/19 1210/7249/19 1201/2267/19
f 1204/2270/20 1206/2272/20 1203/2269/20
f 1207/2287/21 1209/7250/21 1206/2272/21
f 1212/2278/29 1211/2277/29 1209/2288/29
f 1202/2290/22 1201/7251/22 1190/2256/22
f 1205/2291/23 1204/7252/23 1192/2258/23
f 1208/2274/38 1207/2273/38 1196/2262/38
f 1210/2276/25 1212/2278/25 1199/2265/25
f 1192/2258/3 1204/7252/3 1202/2292/3
f 1200/2293/7 1197/7253/7 1193/2294/7
f 1190/2256/6 1201/7251/6 1210/2296/6
f 1199/2265/5 1212/2278/5 1208/2289/5
f 1213/2297/105 1214/7254/105 805/2298/105
f 1217/2300/106 1216/7255/106 1215/2301/106
f 1215/2303/107 1216/7256/107 1213/2304/107
f 1213/2306/1 1216/7257/1 1217/2307/1
f 1217/2309/108 1218/7258/108 805/2310/108
f 1220/2312/6 1221/7259/6 1222/2313/6
f 1226/2315/4 1225/7260/4 1224/2316/4
f 1223/2318/109 1224/7261/109 1220/2319/109
f 1224/2321/110 1225/7262/110 1221/2322/110
f 1225/2324/111 1226/7263/111 1222/2325/111
f 1226/2327/7 1223/7264/7 1219/2328/7
f 1227/2330/6 1228/7265/6 807/2331/6
f 808/2333/4 1231/7266/4 1230/2334/4
f 1229/2336/109 1230/7267/109 1227/2337/109
f 1230/2339/3 1231/7268/3 1228/2340/3
f 1231/2342/1 808/7269/1 807/2343/1
f 808/2345/5 1229/7270/5 1214/2346/5
f 1232/2348/6 1233/7271/6 1221/2349/6
f 1225/2351/4 1235/7272/4 1234/2352/4
f 1224/2354/112 1234/7273/112 1232/2355/112
f 1234/2357/113 1235/7274/113 1233/2358/113
f 1235/2360/114 1225/7275/114 1221/2361/114
f 1236/2363/6 1237/7276/6 1228/2364/6
f 1231/2366/4 1239/7277/4 1238/2367/4
f 1230/2369/112 1238/7278/112 1236/2370/112
f 1238/2372/3 1239/7279/3 1237/2373/3
f 1239/2375/1 1231/7280/1 1228/2376/1
f 1240/2378/6 1241/7281/6 1233/2379/6
f 1235/2381/4 1243/7282/4 1242/2382/4
f 1234/2384/115 1242/7283/115 1240/2385/115
f 1242/2387/116 1243/7284/116 1241/2388/116
f 1243/2390/117 1235/7285/117 1233/2391/117
f 1244/2393/6 1245/7286/6 1237/2394/6
f 1239/2396/4 1247/7287/4 1246/2397/4
f 1238/2399/115 1246/7288/115 1244/2400/115
f 1246/2402/3 1247/7289/3 1245/2403/3
f 1247/2405/1 1239/7290/1 1237/2406/1
f 1240/2408/6 1248/7291/6 1249/2409/6
f 1251/2411/4 1250/7292/4 1242/2412/4
f 1242/2414/118 1250/7293/118 1248/2415/118
f 1250/2417/119 1251/7294/119 1249/2418/119
f 1251/2420/120 1243/7295/120 1241/2421/120
f 1252/2423/6 1253/7296/6 1245/2424/6
f 1247/2426/4 1255/7297/4 1254/2427/4
f 1246/2429/118 1254/7298/118 1252/2430/118
f 1254/2432/3 1255/7299/3 1253/2433/3
f 1255/2435/1 1247/7300/1 1245/2436/1
f 1248/2438/6 1256/7301/6 1257/2439/6
f 1259/2441/4 1258/7302/4 1250/2442/4
f 1250/2444/121 1258/7303/121 1256/2445/121
f 1258/2447/122 1259/7304/122 1257/2448/122
f 1259/2450/123 1251/7305/123 1249/2451/123
f 1260/2453/6 1261/7306/6 1253/2454/6
f 1255/2456/4 1263/7307/4 1262/2457/4
f 1254/2459/121 1262/7308/121 1260/2460/121
f 1262/2462/3 1263/7309/3 1261/2463/3
f 1263/2465/1 1255/7310/1 1253/2466/1
f 1264/2468/6 1265/7311/6 1257/2469/6
f 1259/2471/4 1267/7312/4 1266/2472/4
f 1258/2474/124 1266/7313/124 1264/2475/124
f 1266/2477/125 1267/7314/125 1265/2478/125
f 1267/2480/126 1259/7315/126 1257/2481/126
f 1268/2483/6 1269/7316/6 1261/2484/6
f 1263/2486/4 1271/7317/4 1270/2487/4
f 1262/2489/124 1270/7318/124 1268/2490/124
f 1270/2492/3 1271/7319/3 1269/2493/3
f 1271/2495/1 1263/7320/1 1261/2496/1
f 1272/2498/6 1273/7321/6 1265/2499/6
f 1275/2501/4 1274/7322/4 1266/2502/4
f 1266/2504/7 1274/7323/7 1272/2505/7
f 1274/2507/109 1275/7324/109 1273/2508/109
f 1275/2510/1 1267/7325/1 1265/2511/1
f 1276/2513/6 1277/7326/6 1269/2514/6
f 1279/2516/4 1278/7327/4 1270/2517/4
f 1270/2519/7 1278/7328/7 1276/2520/7
f 1278/2522/3 1279/7329/3 1277/2523/3
f 1279/2525/1 1271/7330/1 1269/2526/1
f 1272/2528/6 1280/7331/6 1281/2529/6
f 1283/2531/4 1282/7332/4 1274/2532/4
f 1274/2534/127 1282/7333/127 1280/2535/127
f 1282/2537/112 1283/7334/112 1281/2538/112
f 1283/2540/110 1275/7335/110 1273/2541/110
f 1276/2543/6 1284/7336/6 1285/2544/6
f 1287/2546/4 1286/7337/4 1278/2547/4
f 1278/2549/127 1286/7338/127 1284/2550/127
f 1286/2552/3 1287/7339/3 1285/2553/3
f 1287/2555/1 1279/7340/1 1277/2556/1
f 1288/2558/6 1289/7341/6 1281/2559/6
f 1283/2561/4 1291/7342/4 1290/2562/4
f 1282/2564/128 1290/7343/128 1288/2565/128
f 1290/2567/115 1291/7344/115 1289/2568/115
f 1291/2570/113 1283/7345/113 1281/2571/113
f 1284/2573/6 1292/7346/6 1293/2574/6
f 1295/2576/4 1294/7347/4 1286/2577/4
f 1286/2579/128 1294/7348/128 1292/2580/128
f 1294/2582/3 1295/7349/3 1293/2583/3
f 1295/2585/1 1287/7350/1 1285/2586/1
f 1296/2588/6 1297/7351/6 1289/2589/6
f 1291/2591/4 1299/7352/4 1298/2592/4
f 1290/2594/129 1298/7353/129 1296/2595/129
f 1298/2597/118 1299/7354/118 1297/2598/118
f 1299/2600/116 1291/7355/116 1289/2601/116
f 1292/2603/6 1300/7356/6 1301/2604/6
f 1303/2606/4 1302/7357/4 1294/2607/4
f 1294/2609/129 1302/7358/129 1300/2610/129
f 1302/2612/3 1303/7359/3 1301/2613/3
f 1303/2615/1 1295/7360/1 1293/2616/1
f 1296/2618/6 1304/7361/6 1305/2619/6
f 1307/2621/4 1306/7362/4 1298/2622/4
f 1298/2624/130 1306/7363/130 1304/2625/130
f 1306/2627/121 1307/7364/121 1305/2628/121
f 1307/2630/119 1299/7365/119 1297/2631/119
f 1300/2633/6 1308/7366/6 1309/2634/6
f 1311/2636/4 1310/7367/4 1302/2637/4
f 1302/2639/130 1310/7368/130 1308/2640/130
f 1310/2642/3 1311/7369/3 1309/2643/3
f 1311/2645/1 1303/7370/1 1301/2646/1
f 1304/2648/6 1312/7371/6 1313/2649/6
f 1315/2651/4 1314/7372/4 1306/2652/4
f 1306/2654/131 1314/7373/131 1312/2655/131
f 1314/2657/124 1315/7374/124 1313/2658/124
f 1315/2660/122 1307/7375/122 1305/2661/122
f 1308/2663/6 1316/7376/6 1317/2664/6
f 1319/2666/4 1318/7377/4 1310/2667/4
f 1310/2669/131 1318/7378/131 1316/2670/131
f 1318/2672/3 1319/7379/3 1317/2673/3
f 1319/2675/1 1311/7380/1 1309/2676/1
f 1312/2678/6 1320/7381/6 1321/2679/6
f 1323/2681/4 1322/7382/4 1314/2682/4
f 1314/2684/132 1322/7383/132 1320/2685/132
f 1322/2687/7 1323/7384/7 1321/2688/7
f 1323/2690/125 1315/7385/125 1313/2691/125
f 1316/2693/6 1183/7386/6 797/2694/6
f 796/2696/4 1324/7387/4 1318/2697/4
f 1318/2699/132 1324/7388/132 1183/2700/132
f 1324/2702/3 796/7389/3 797/2703/3
f 796/2705/1 1319/7390/1 1317/2706/1
f 1345/2726/133 1346/7391/133 1344/2727/133
f 1349/2729/4 1350/7392/4 1346/2730/4
f 1347/2732/134 1348/7393/134 1350/2733/134
f 1343/2735/3 1347/7394/3 1349/2736/3
f 1344/2738/5 1346/7395/5 1350/2739/5
f 1355/2745/17 1354/2744/17 1351/2765/17
f 1360/2767/37 1362/7396/37 1353/2743/37
f 1362/2752/18 1361/2751/18 1357/2768/18
f 1359/2749/28 1358/2748/28 1356/2770/28
f 1373/2772/19 1372/7397/19 1363/2753/19
f 1366/2756/20 1368/2758/20 1365/2755/20
f 1369/2773/21 1371/7398/21 1368/2758/21
f 1374/2764/29 1373/2763/29 1371/2774/29
f 1364/2776/22 1363/7399/22 1352/2742/22
f 1367/2777/23 1366/7400/23 1354/2744/23
f 1370/2760/38 1369/2759/38 1358/2748/38
f 1372/2762/25 1374/2764/25 1361/2751/25
f 1354/2744/3 1366/7400/3 1364/2778/3
f 1362/2779/7 1359/7401/7 1355/2780/7
f 1352/2742/6 1363/7399/6 1372/2782/6
f 1358/2748/4 1369/2759/4 1367/2783/4
f 1361/2751/5 1374/2764/5 1370/2775/5
f 1368/2758/1 1371/7398/1 1373/2772/1
f 1393/2796/19 1392/7402/19 1383/2784/19
f 1389/2797/21 1391/7403/21 1388/2789/21
f 1384/2798/22 1383/7404/22 1376/2799/22
f 1387/2801/23 1386/7405/23 1377/2802/23
f 1390/2791/38 1389/2790/38 1380/2804/38
f 1392/2793/25 1394/2795/25 1382/2806/25
f 1377/2802/3 1386/7405/3 1384/2808/3
f 1376/2799/6 1383/7404/6 1392/2810/6
f 1380/2804/4 1389/2790/4 1387/2812/4
f 1382/2806/5 1394/2795/5 1390/2814/5
f 1399/2820/17 1398/2819/17 1395/2840/17
f 1404/2842/37 1406/7406/37 1397/2818/37
f 1406/2827/18 1405/2826/18 1401/2843/18
f 1403/2824/28 1402/2823/28 1400/2845/28
f 1417/2847/19 1416/7407/19 1407/2828/19
f 1410/2831/20 1412/2833/20 1409/2830/20
f 1413/2848/21 1415/7408/21 1412/2833/21
f 1418/2839/29 1417/2838/29 1415/2849/29
f 1408/2851/22 1407/7409/22 1396/2817/22
f 1411/2852/23 1410/7410/23 1398/2819/23
f 1414/2835/38 1413/2834/38 1402/2823/38
f 1416/2837/25 1418/2839/25 1405/2826/25
f 1398/2819/3 1410/7410/3 1408/2853/3
f 1406/2854/7 1403/7411/7 1399/2855/7
f 1396/2817/6 1407/7409/6 1416/2857/6
f 1402/2823/4 1413/2834/4 1411/2858/4
f 1405/2826/5 1418/2839/5 1414/2850/5
f 1412/2833/1 1415/7408/1 1417/2847/1
f 1434/2861/140 1427/7412/140 1428/7413/140
f 1428/7413/140 1429/7414/140 1430/2859/140
f 1430/2859/140 1431/7415/140 1432/2860/140
f 1432/2860/140 1433/7416/140 1434/2861/140
f 1434/2861/140 1428/7413/140 1430/2859/140
f 1419/2862/141 1420/7417/141 1428/2863/141
f 1420/2865/162 1421/2868/162 1429/2866/162
f 1421/2868/359 1422/7418/359 1430/2869/359
f 1422/2870/144 1423/2874/144 1431/2871/144
f 1424/2873/145 1432/7419/145 1431/2871/145
f 1425/2875/163 1433/2879/163 1432/2876/163
f 1426/2878/164 1434/7420/164 1433/2879/164
f 1419/2862/148 1427/2864/148 1434/2880/148
f 1439/2885/360 1438/2903/360 1435/2886/360
f 1446/2888/167 1445/2908/167 1441/2889/167
f 1443/2891/361 1442/2906/361 1440/2884/361
f 1450/2892/362 1452/2916/362 1449/2893/362
f 1458/2895/154 1457/7421/154 1455/2896/154
f 1448/2898/155 1447/7422/155 1436/2899/155
f 1440/2901/156 1451/7423/156 1450/2902/156
f 1441/2904/363 1454/7424/363 1453/2905/363
f 1444/2907/158 1456/7425/158 1458/2895/158
f 1435/2886/3 1438/2903/3 1450/2902/3
f 1446/2910/134 1443/7426/134 1439/2911/134
f 1436/2899/159 1447/7422/159 1456/2913/159
f 1442/2906/160 1453/2905/160 1451/2915/160
f 1441/2889/5 1445/2908/5 1458/2895/5
f 1452/2916/133 1455/7427/133 1457/2917/133
f 1477/2930/19 1476/7428/19 1467/2918/19
f 1473/2931/21 1475/7429/21 1472/2923/21
f 1468/2932/22 1467/7430/22 1460/2933/22
f 1471/2935/23 1470/7431/23 1461/2936/23
f 1474/2925/38 1473/2924/38 1464/2938/38
f 1476/2927/25 1478/2929/25 1466/2940/25
f 1461/2936/3 1470/7431/3 1468/2942/3
f 1460/2933/6 1467/7430/6 1476/2944/6
f 1464/2938/4 1473/2924/4 1471/2946/4
f 1466/2940/5 1478/2929/5 1474/2948/5
f 1483/2954/17 1482/2953/17 1479/2974/17
f 1488/2976/37 1490/7432/37 1481/2952/37
f 1490/2961/18 1489/2960/18 1485/2977/18
f 1487/2958/28 1486/2957/28 1484/2979/28
f 1501/2981/19 1500/7433/19 1491/2962/19
f 1494/2965/20 1496/2967/20 1493/2964/20
f 1497/2982/21 1499/7434/21 1496/2967/21
f 1502/2973/29 1501/2972/29 1499/2983/29
f 1492/2985/22 1491/7435/22 1480/2951/22
f 1495/2986/23 1494/7436/23 1482/2953/23
f 1498/2969/38 1497/2968/38 1486/2957/38
f 1500/2971/25 1502/2973/25 1489/2960/25
f 1482/2953/3 1494/7436/3 1492/2987/3
f 1490/2988/7 1487/7437/7 1483/2989/7
f 1480/2951/6 1491/7435/6 1500/2991/6
f 1486/2957/4 1497/2968/4 1495/2992/4
f 1489/2960/5 1502/2973/5 1498/2984/5
f 1496/2967/1 1499/7434/1 1501/2981/1
f 1518/2995/140 1511/7438/140 1512/7439/140
f 1512/7439/140 1513/7440/140 1514/2993/140
f 1514/2993/140 1515/7441/140 1516/2994/140
f 1516/2994/140 1517/7442/140 1518/2995/140
f 1518/2995/140 1512/7439/140 1514/2993/140
f 1503/2996/141 1504/7443/141 1512/2997/141
f 1504/2999/162 1505/3003/162 1513/3000/162
f 1506/3002/143 1514/7444/143 1513/3000/143
f 1506/3004/144 1507/3008/144 1515/3005/144
f 1508/3007/145 1516/7445/145 1515/3005/145
f 1509/3009/146 1517/3013/146 1516/3010/146
f 1509/3009/147 1510/7446/147 1518/3012/147
f 1503/2996/148 1511/2998/148 1518/3014/148
f 1521/3022/360 1523/7447/360 1522/3023/360
f 1527/3025/364 1530/7448/364 1529/3026/364
f 1534/3016/365 1536/3018/365 1533/3028/365
f 1537/3019/168 1539/3021/168 1536/3018/168
f 1538/3030/366 1542/3042/366 1541/3031/366
f 1532/3033/155 1531/7449/155 1520/3034/155
f 1524/3036/156 1535/7450/156 1534/3037/156
f 1525/3038/363 1538/7451/363 1537/3039/363
f 1528/3041/158 1540/7452/158 1542/3042/158
f 1519/3024/3 1522/3023/3 1534/3037/3
f 1530/3044/134 1527/7453/134 1523/3045/134
f 1520/3034/159 1531/7449/159 1540/3047/159
f 1526/3040/160 1537/3039/160 1535/3049/160
f 1525/3027/5 1529/3026/5 1542/3042/5
f 1536/3018/133 1539/3021/133 1541/3051/133
f 1546/3052/7 1545/7454/7 1544/3053/7
f 1548/3055/1 1549/7455/1 1550/3056/1
f 1544/3058/3 1548/7456/3 1547/3059/3
f 1545/3061/4 1549/7457/4 1548/3062/4
f 1546/3064/5 1550/7458/5 1549/3065/5
f 1543/3067/6 1547/7459/6 1550/3068/6
f 1552/3070/1 1553/7460/1 1554/3071/1
f 1548/3073/3 1552/7461/3 1551/3074/3
f 1549/3076/4 1553/7462/4 1552/3077/4
f 1550/3079/5 1554/7463/5 1553/3080/5
f 1547/3082/6 1551/7464/6 1554/3083/6
f 1556/3085/1 1557/7465/1 1558/3086/1
f 1552/3088/3 1556/7466/3 1555/3089/3
f 1553/3091/4 1557/7467/4 1556/3092/4
f 1554/3094/5 1558/7468/5 1557/3095/5
f 1551/3097/6 1555/7469/6 1558/3098/6
f 1560/3100/7 1559/7470/7 1545/3101/7
f 1549/3103/1 1561/7471/1 1562/3104/1
f 1559/3106/4 1561/7472/4 1549/3107/4
f 1560/3109/5 1562/7473/5 1561/3110/5
f 1546/3112/6 1550/7474/6 1562/3113/6
f 1564/3115/7 1563/7475/7 1553/3116/7
f 1557/3118/1 1565/7476/1 1566/3119/1
f 1563/3121/4 1565/7477/4 1557/3122/4
f 1564/3124/5 1566/7478/5 1565/3125/5
f 1554/3127/6 1558/7479/6 1566/3128/6
f 1568/3130/7 1567/7480/7 1559/3131/7
f 1561/3133/1 1569/7481/1 1570/3134/1
f 1567/3136/4 1569/7482/4 1561/3137/4
f 1568/3139/5 1570/7483/5 1569/3140/5
f 1560/3142/6 1562/7484/6 1570/3143/6
f 1563/3145/1 1571/7485/1 1572/3146/1
f 1561/3148/3 1563/7486/3 1564/3149/3
f 1569/3151/4 1571/7487/4 1563/3152/4
f 1570/3154/5 1572/7488/5 1571/3155/5
f 1562/3157/6 1564/7489/6 1572/3158/6
f 1565/3160/1 1573/7490/1 1574/3161/1
f 1571/3163/4 1573/7491/4 1565/3164/4
f 1572/3166/5 1574/7492/5 1573/3167/5
f 1564/3169/6 1566/7493/6 1574/3170/6
f 1576/3172/7 1575/7494/7 1567/3173/7
f 1569/3175/1 1577/7495/1 1578/3176/1
f 1575/3178/4 1577/7496/4 1569/3179/4
f 1576/3181/5 1578/7497/5 1577/3182/5
f 1568/3184/6 1570/7498/6 1578/3185/6
f 1580/3187/7 1579/7499/7 1571/3188/7
f 1573/3190/1 1581/7500/1 1582/3191/1
f 1579/3193/4 1581/7501/4 1573/3194/4
f 1580/3196/5 1582/7502/5 1581/3197/5
f 1572/3199/6 1574/7503/6 1582/3200/6
f 1576/3202/7 1584/7504/7 1583/3203/7
f 1577/3205/1 1585/7505/1 1586/3206/1
f 1583/3208/4 1585/7506/4 1577/3209/4
f 1584/3211/5 1586/7507/5 1585/3212/5
f 1576/3214/6 1578/7508/6 1586/3215/6
f 1579/3217/1 1587/7509/1 1588/3218/1
f 1577/3220/3 1579/7510/3 1580/3221/3
f 1585/3223/4 1587/7511/4 1579/3224/4
f 1586/3226/5 1588/7512/5 1587/3227/5
f 1578/3229/6 1580/7513/6 1588/3230/6
f 1581/3232/1 1589/7514/1 1590/3233/1
f 1587/3235/4 1589/7515/4 1581/3236/4
f 1588/3238/5 1590/7516/5 1589/3239/5
f 1580/3241/6 1582/7517/6 1590/3242/6
f 1594/3244/7 1593/7518/7 1592/3245/7
f 1596/3247/1 1597/7519/1 1598/3248/1
f 1592/3250/3 1596/7520/3 1595/3251/3
f 1593/3253/4 1597/7521/4 1596/3254/4
f 1594/3256/5 1598/7522/5 1597/3257/5
f 1591/3259/6 1595/7523/6 1598/3260/6
f 1602/3262/7 1601/7524/7 1600/3263/7
f 1604/3265/1 1605/7525/1 1606/3266/1
f 1600/3268/3 1604/7526/3 1603/3269/3
f 1601/3271/4 1605/7527/4 1604/3272/4
f 1602/3274/5 1606/7528/5 1605/3275/5
f 1599/3277/6 1603/7529/6 1606/3278/6
f 1608/3280/7 1618/7530/7 1617/3281/7
f 1610/3283/1 1611/7531/1 1612/3284/1
f 1617/3286/3 1610/7532/3 1609/3287/3
f 1618/3289/4 1611/7533/4 1610/3290/4
f 1608/3292/5 1612/7534/5 1611/3293/5
f 1607/3295/6 1609/7535/6 1612/3296/6
f 1616/3298/7 1615/7536/7 1614/3299/7
f 1617/3301/1 1618/7537/1 1584/3302/1
f 1613/3304/3 1614/7538/3 1617/3305/3
f 1615/3307/4 1618/7539/4 1617/3308/4
f 1616/3310/5 1584/7540/5 1618/3311/5
f 1616/3313/6 1613/7541/6 1543/3314/6
f 1621/3316/169 1622/3320/169 1620/3317/169
f 1623/3319/170 1624/7542/170 1622/3320/170
f 1629/3321/4 1630/7543/4 1624/3322/4
f 1627/3324/171 1628/3328/171 1630/3325/171
f 1625/3327/172 1626/7544/172 1628/3328/172
f 1619/3329/6 1620/7545/6 1626/3330/6
f 1619/3332/3 1625/7546/3 1627/3333/3
f 1627/3333/3 1629/7547/3 1623/3335/3
f 1620/3336/5 1622/3340/5 1628/3337/5
f 1624/3339/5 1630/7548/5 1628/3337/5
f 1640/3347/7 1639/7549/7 1638/3348/7
f 1642/3350/1 1643/7550/1 1644/3351/1
f 1638/3353/3 1642/7551/3 1641/3354/3
f 1639/3356/4 1643/7552/4 1642/3357/4
f 1640/3359/5 1644/7553/5 1643/3360/5
f 1637/3362/6 1641/7554/6 1644/3363/6
f 1649/3380/17 1648/3392/17 1645/3381/17
f 1656/3383/18 1655/3394/18 1651/3384/18
f 1667/3386/19 1666/7555/19 1657/3368/19
f 1660/3371/20 1662/3373/20 1659/3370/20
f 1663/3387/21 1665/7556/21 1662/3373/21
f 1658/3388/22 1657/7557/22 1646/3389/22
f 1661/3391/23 1660/7558/23 1648/3392/23
f 1664/3375/38 1663/3374/38 1652/3366/38
f 1666/3377/25 1668/3379/25 1655/3394/25
f 1648/3392/3 1660/7558/3 1658/3396/3
f 1656/3397/7 1653/7559/7 1649/3398/7
f 1646/3389/6 1657/7557/6 1666/3400/6
f 1652/3366/4 1663/3374/4 1661/3402/4
f 1655/3394/5 1668/3379/5 1664/3404/5
f 1673/3406/17 1672/3405/17 1669/3423/17
f 1680/3425/18 1679/3438/18 1675/3426/18
f 1677/3410/28 1676/3409/28 1674/3428/28
f 1691/3430/19 1690/7560/19 1681/3411/19
f 1687/3431/21 1689/7561/21 1686/3416/21
f 1692/3422/29 1691/3421/29 1689/3432/29
f 1682/3434/22 1681/7562/22 1670/3435/22
f 1685/3437/23 1684/7563/23 1672/3405/23
f 1688/3418/38 1687/3417/38 1676/3409/38
f 1690/3420/25 1692/3422/25 1679/3438/25
f 1672/3405/3 1684/7563/3 1682/3440/3
f 1680/3441/7 1677/7564/7 1673/3442/7
f 1670/3435/6 1681/7562/6 1690/3444/6
f 1676/3409/4 1687/3417/4 1685/3446/4
f 1679/3438/5 1692/3422/5 1688/3433/5
f 1697/3451/17 1696/3450/17 1693/3471/17
f 1702/3473/37 1704/7565/37 1695/3449/37
f 1704/3458/18 1703/3457/18 1699/3474/18
f 1701/3455/28 1700/3454/28 1698/3476/28
f 1715/3478/19 1714/7566/19 1705/3459/19
f 1708/3462/20 1710/3464/20 1707/3461/20
f 1711/3479/21 1713/7567/21 1710/3464/21
f 1716/3470/29 1715/3469/29 1713/3480/29
f 1706/3482/22 1705/7568/22 1694/3448/22
f 1709/3483/23 1708/7569/23 1696/3450/23
f 1712/3466/38 1711/3465/38 1700/3454/38
f 1714/3468/25 1716/3470/25 1703/3457/25
f 1696/3450/3 1708/7569/3 1706/3484/3
f 1704/3485/7 1701/7570/7 1697/3486/7
f 1694/3448/6 1705/7568/6 1714/3488/6
f 1700/3454/4 1711/3465/4 1709/3489/4
f 1703/3457/5 1716/3470/5 1712/3481/5
f 1710/3464/1 1713/7567/1 1715/3478/1
f 1721/3511/17 1720/3524/17 1717/3512/17
f 1726/3514/37 1728/7571/37 1719/3492/37
f 1728/3498/18 1727/3497/18 1723/3515/18
f 1725/3495/28 1724/3494/28 1722/3517/28
f 1739/3519/19 1738/7572/19 1729/3499/19
f 1732/3502/20 1734/3504/20 1731/3501/20
f 1735/3520/21 1737/7573/21 1734/3504/21
f 1740/3510/29 1739/3509/29 1737/3521/29
f 1730/3523/22 1729/7574/22 1718/3491/22
f 1736/3506/38 1735/3505/38 1724/3494/38
f 1738/3508/25 1740/3510/25 1727/3497/25
f 1720/3524/3 1732/7575/3 1730/3525/3
f 1728/3526/7 1725/7576/7 1721/3527/7
f 1718/3491/6 1729/7574/6 1738/3529/6
f 1724/3494/4 1735/3505/4 1733/3530/4
f 1727/3497/5 1740/3510/5 1736/3522/5
f 1734/3504/1 1737/7573/1 1739/3519/1
f 1742/3531/6 1743/7577/6 1744/3532/6
f 1748/3534/7 1747/7578/7 1746/3535/7
f 1750/3537/1 1751/7579/1 1752/3538/1
f 1746/3540/90 1750/7580/90 1749/3541/90
f 1747/3543/91 1751/7581/91 1750/3544/91
f 1748/3546/92 1752/7582/92 1751/3547/92
f 1745/3549/93 1749/7583/93 1752/3550/93
f 1756/3552/7 1755/7584/7 1754/3553/7
f 1758/3555/1 1759/7585/1 1760/3556/1
f 1754/3558/45 1758/7586/45 1757/3559/45
f 1755/3561/46 1759/7587/46 1758/3562/46
f 1756/3564/47 1760/7588/47 1759/3565/47
f 1753/3567/48 1757/7589/48 1760/3568/48
f 1765/3571/17 1764/3570/17 1761/3588/17
f 1772/3590/196 1771/3601/196 1767/3591/196
f 1769/3575/28 1768/3574/28 1766/3593/28
f 1783/3595/19 1782/7590/19 1773/3576/19
f 1776/3579/20 1778/3581/20 1775/3578/20
f 1779/3596/21 1781/7591/21 1778/3581/21
f 1774/3597/22 1773/7592/22 1762/3598/22
f 1777/3600/23 1776/7593/23 1764/3570/23
f 1780/3583/38 1779/3582/38 1768/3574/38
f 1782/3585/25 1784/3587/25 1771/3601/25
f 1764/3570/3 1776/7593/3 1774/3603/3
f 1772/3604/7 1769/7594/7 1765/3605/7
f 1762/3598/6 1773/7592/6 1782/3607/6
f 1768/3574/4 1779/3582/4 1777/3609/4
f 1771/3601/5 1784/3587/5 1780/3610/5
f 1789/3612/17 1788/3611/17 1785/3629/17
f 1796/3631/18 1795/3644/18 1791/3632/18
f 1793/3616/28 1792/3615/28 1790/3634/28
f 1807/3636/19 1806/7595/19 1797/3617/19
f 1803/3637/21 1805/7596/21 1802/3622/21
f 1808/3628/29 1807/3627/29 1805/3638/29
f 1798/3640/22 1797/7597/22 1786/3641/22
f 1801/3643/23 1800/7598/23 1788/3611/23
f 1804/3624/38 1803/3623/38 1792/3615/38
f 1806/3626/25 1808/3628/25 1795/3644/25
f 1788/3611/3 1800/7598/3 1798/3646/3
f 1796/3647/7 1793/7599/7 1789/3648/7
f 1786/3641/6 1797/7597/6 1806/3650/6
f 1792/3615/4 1803/3623/4 1801/3652/4
f 1795/3644/5 1808/3628/5 1804/3639/5
f 1813/3657/17 1812/3656/17 1809/3677/17
f 1818/3679/37 1820/7600/37 1811/3655/37
f 1820/3664/18 1819/3663/18 1815/3680/18
f 1817/3661/28 1816/3660/28 1814/3682/28
f 1831/3684/19 1830/7601/19 1821/3665/19
f 1824/3668/20 1826/3670/20 1823/3667/20
f 1827/3685/21 1829/7602/21 1826/3670/21
f 1832/3676/29 1831/3675/29 1829/3686/29
f 1822/3688/22 1821/7603/22 1810/3654/22
f 1825/3689/23 1824/7604/23 1812/3656/23
f 1828/3672/38 1827/3671/38 1816/3660/38
f 1830/3674/25 1832/3676/25 1819/3663/25
f 1812/3656/3 1824/7604/3 1822/3690/3
f 1820/3691/7 1817/7605/7 1813/3692/7
f 1810/3654/6 1821/7603/6 1830/3694/6
f 1816/3660/4 1827/3671/4 1825/3695/4
f 1819/3663/5 1832/3676/5 1828/3687/5
f 1826/3670/1 1829/7602/1 1831/3684/1
f 1837/3700/17 1836/3699/17 1833/3720/17
f 1842/3722/37 1844/7606/37 1835/3698/37
f 1844/3707/18 1843/3706/18 1839/3723/18
f 1841/3704/28 1840/3703/28 1838/3725/28
f 1855/3727/19 1854/7607/19 1845/3708/19
f 1848/3711/20 1850/3713/20 1847/3710/20
f 1851/3728/21 1853/7608/21 1850/3713/21
f 1856/3719/29 1855/3718/29 1853/3729/29
f 1846/3731/22 1845/7609/22 1834/3697/22
f 1849/3732/23 1848/7610/23 1836/3699/23
f 1852/3715/38 1851/3714/38 1840/3703/38
f 1854/3717/25 1856/3719/25 1843/3706/25
f 1836/3699/3 1848/7610/3 1846/3733/3
f 1844/3734/7 1841/7611/7 1837/3735/7
f 1834/3697/6 1845/7609/6 1854/3737/6
f 1840/3703/4 1851/3714/4 1849/3738/4
f 1843/3706/5 1856/3719/5 1852/3730/5
f 1850/3713/1 1853/7608/1 1855/3727/1
f 1858/3739/6 1859/7612/6 1860/3740/6
f 1864/3742/7 1863/7613/7 1862/3743/7
f 1866/3745/1 1867/7614/1 1868/3746/1
f 1862/3748/90 1866/7615/90 1865/3749/90
f 1863/3751/91 1867/7616/91 1866/3752/91
f 1864/3754/92 1868/7617/92 1867/3755/92
f 1861/3757/93 1865/7618/93 1868/3758/93
f 1872/3760/7 1871/7619/7 1870/3761/7
f 1874/3763/1 1875/7620/1 1876/3764/1
f 1870/3766/45 1874/7621/45 1873/3767/45
f 1871/3769/46 1875/7622/46 1874/3770/46
f 1872/3772/47 1876/7623/47 1875/3773/47
f 1869/3775/48 1873/7624/48 1876/3776/48
f 1880/3778/7 1879/7625/7 1878/3779/7
f 1882/3781/1 1883/7626/1 1884/3782/1
f 1878/3784/3 1882/7627/3 1881/3785/3
f 1879/3787/4 1883/7628/4 1882/3788/4
f 1880/3790/5 1884/7629/5 1883/3791/5
f 1877/3793/6 1881/7630/6 1884/3794/6
f 1888/3796/7 1887/7631/7 1886/3797/7
f 1886/3799/3 1890/7632/3 1889/3800/3
f 1887/3802/4 1891/7633/4 1890/3803/4
f 1888/3805/5 1892/7634/5 1891/3806/5
f 1885/3808/6 1889/7635/6 1892/3809/6
f 1896/3811/7 1895/7636/7 1894/3812/7
f 1898/3814/1 1899/7637/1 1900/3815/1
f 1894/3817/3 1898/7638/3 1897/3818/3
f 1895/3820/4 1899/7639/4 1898/3821/4
f 1896/3823/5 1900/7640/5 1899/3824/5
f 1893/3826/6 1897/7641/6 1900/3827/6
f 1910/3829/7 1911/7642/7 1902/3830/7
f 1904/3832/1 1913/7643/1 1912/3833/1
f 1902/3835/3 1904/7644/3 1903/3836/3
f 1911/3838/4 1913/7645/4 1904/3839/4
f 1901/3841/6 1903/7646/6 1912/3842/6
f 1906/3844/1 1915/7647/1 1907/3845/1
f 1913/3847/4 1915/7648/4 1906/3848/4
f 1912/3850/5 1907/7649/5 1915/3851/5
f 1912/3853/6 1903/7650/6 1905/3854/6
f 1909/3856/1 1917/7651/1 1916/3857/1
f 1906/3859/3 1909/7652/3 1908/3860/3
f 1915/3862/4 1917/7653/4 1909/3863/4
f 1907/3865/5 1916/7654/5 1917/3866/5
f 1905/3868/6 1908/7655/6 1916/3869/6
f 1918/3871/7 1919/7656/7 1911/3872/7
f 1913/3874/1 1914/7657/1 1922/3875/1
f 1911/3877/3 1913/7658/3 1912/3878/3
f 1919/3880/4 1914/7659/4 1913/3881/4
f 1918/3883/5 1922/7660/5 1914/3884/5
f 1910/3886/6 1912/7661/6 1922/3887/6
f 1925/3889/7 1926/7662/7 1915/3890/7
f 1917/3892/1 1930/7663/1 1929/3893/1
f 1915/3895/4 1926/7664/4 1930/3896/4
f 1925/3898/5 1929/7665/5 1930/3899/5
f 1907/3901/6 1916/7666/6 1929/3902/6
f 1921/3904/7 1920/7667/7 1919/3905/7
f 1914/3907/1 1923/7668/1 1924/3908/1
f 1920/3910/4 1923/7669/4 1914/3911/4
f 1921/3913/5 1924/7670/5 1923/3914/5
f 1921/3916/6 1918/7671/6 1922/3917/6
f 1926/3919/1 1927/7672/1 1928/3920/1
f 1914/3922/3 1926/7673/3 1925/3923/3
f 1923/3925/4 1927/7674/4 1926/3926/4
f 1924/3928/5 1928/7675/5 1927/3929/5
f 1922/3931/6 1925/7676/6 1928/3932/6
f 1930/3934/1 1931/7677/1 1932/3935/1
f 1926/3937/4 1927/7678/4 1931/3938/4
f 1928/3940/5 1932/7679/5 1931/3941/5
f 1925/3943/6 1929/7680/6 1932/3944/6
f 1933/3946/7 1934/7681/7 1920/3947/7
f 1923/3949/1 1938/7682/1 1937/3950/1
f 1934/3952/4 1938/7683/4 1923/3953/4
f 1921/3955/6 1924/7684/6 1937/3956/6
f 1941/3958/7 1942/7685/7 1927/3959/7
f 1931/3961/1 1946/7686/1 1945/3962/1
f 1942/3964/4 1946/7687/4 1931/3965/4
f 1941/3967/5 1945/7688/5 1946/3968/5
f 1928/3970/6 1932/7689/6 1945/3971/6
f 1936/3973/7 1935/7690/7 1934/3974/7
f 1938/3976/1 1939/7691/1 1940/3977/1
f 1934/3979/3 1938/7692/3 1937/3980/3
f 1935/3982/4 1939/7693/4 1938/3983/4
f 1936/3985/5 1940/7694/5 1939/3986/5
f 1933/3988/6 1937/7695/6 1940/3989/6
f 1942/3991/1 1943/7696/1 1944/3992/1
f 1938/3994/3 1942/7697/3 1941/3995/3
f 1939/3997/4 1943/7698/4 1942/3998/4
f 1937/4000/6 1941/7699/6 1944/4001/6
f 1946/4003/1 1947/7700/1 1948/4004/1
f 1943/4006/4 1947/7701/4 1946/4007/4
f 1944/4009/5 1948/7702/5 1947/4010/5
f 1941/4012/6 1945/7703/6 1948/4013/6
f 1952/4015/7 1951/7704/7 1950/4016/7
f 1954/4018/1 1955/7705/1 1956/4019/1
f 1950/4021/3 1954/7706/3 1953/4022/3
f 1951/4024/4 1955/7707/4 1954/4025/4
f 1952/4027/5 1956/7708/5 1955/4028/5
f 1949/4030/6 1953/7709/6 1956/4031/6
f 1960/4033/7 1959/7710/7 1958/4034/7
f 1962/4036/1 1963/7711/1 1964/4037/1
f 1958/4039/3 1962/7712/3 1961/4040/3
f 1959/4042/4 1963/7713/4 1962/4043/4
f 1960/4045/5 1964/7714/5 1963/4046/5
f 1957/4048/6 1961/7715/6 1964/4049/6
f 1967/4051/7 1976/7716/7 1966/4052/7
f 1969/4054/1 1970/7717/1 1971/4055/1
f 1966/4057/3 1969/7718/3 1968/4058/3
f 1976/4060/4 1970/7719/4 1969/4061/4
f 1967/4063/5 1971/7720/5 1970/4064/5
f 1965/4066/6 1968/7721/6 1971/4067/6
f 1975/4069/7 1974/7722/7 1973/4070/7
f 1966/4072/1 1976/7723/1 1936/4073/1
f 1972/4075/3 1973/7724/3 1966/4076/3
f 1974/4078/4 1976/7725/4 1966/4079/4
f 1975/4081/5 1936/7726/5 1976/4082/5
f 1972/4084/6 1901/7727/6 1936/4085/6
f 1979/4087/183 1980/4091/183 1978/4088/183
f 1981/4090/184 1982/7728/184 1980/4091/184
f 1987/4092/4 1988/7729/4 1982/4093/4
f 1985/4095/185 1986/4099/185 1988/4096/185
f 1983/4098/186 1984/7730/186 1986/4099/186
f 1977/4100/6 1978/7731/6 1984/4101/6
f 1977/4103/3 1983/7732/3 1985/4104/3
f 1985/4104/3 1987/7733/3 1981/4106/3
f 1978/4107/5 1980/4111/5 1986/4108/5
f 1982/4110/5 1988/7734/5 1986/4108/5
f 1998/4118/7 1997/7735/7 1996/4119/7
f 2000/4121/1 2001/7736/1 2002/4122/1
f 1996/4124/3 2000/7737/3 1999/4125/3
f 1997/4127/4 2001/7738/4 2000/4128/4
f 1998/4130/5 2002/7739/5 2001/4131/5
f 1995/4133/6 1999/7740/6 2002/4134/6
f 2007/4137/17 2006/4136/17 2003/4154/17
f 2014/4156/18 2013/4167/18 2009/4157/18
f 2011/4141/28 2010/4140/28 2008/4159/28
f 2025/4161/19 2024/7741/19 2015/4142/19
f 2018/4145/20 2020/4147/20 2017/4144/20
f 2021/4162/21 2023/7742/21 2020/4147/21
f 2016/4163/22 2015/7743/22 2004/4164/22
f 2019/4166/23 2018/7744/23 2006/4136/23
f 2022/4149/38 2021/4148/38 2010/4140/38
f 2024/4151/25 2026/4153/25 2013/4167/25
f 2006/4136/3 2018/7744/3 2016/4169/3
f 2014/4170/7 2011/7745/7 2007/4171/7
f 2004/4164/6 2015/7743/6 2024/4173/6
f 2010/4140/4 2021/4148/4 2019/4175/4
f 2013/4167/5 2026/4153/5 2022/4176/5
f 2031/4178/17 2030/4177/17 2027/4195/17
f 2038/4197/18 2037/4210/18 2033/4198/18
f 2035/4182/28 2034/4181/28 2032/4200/28
f 2049/4202/19 2048/7746/19 2039/4183/19
f 2045/4203/21 2047/7747/21 2044/4188/21
f 2050/4194/29 2049/4193/29 2047/4204/29
f 2040/4206/22 2039/7748/22 2028/4207/22
f 2043/4209/23 2042/7749/23 2030/4177/23
f 2046/4190/38 2045/4189/38 2034/4181/38
f 2048/4192/25 2050/4194/25 2037/4210/25
f 2030/4177/3 2042/7749/3 2040/4212/3
f 2038/4213/7 2035/7750/7 2031/4214/7
f 2028/4207/6 2039/7748/6 2048/4216/6
f 2034/4181/4 2045/4189/4 2043/4218/4
f 2037/4210/5 2050/4194/5 2046/4205/5
f 2055/4223/17 2054/4222/17 2051/4243/17
f 2060/4245/37 2062/7751/37 2053/4221/37
f 2062/4230/18 2061/4229/18 2057/4246/18
f 2059/4227/28 2058/4226/28 2056/4248/28
f 2073/4250/19 2072/7752/19 2063/4231/19
f 2066/4234/20 2068/4236/20 2065/4233/20
f 2069/4251/21 2071/7753/21 2068/4236/21
f 2074/4242/29 2073/4241/29 2071/4252/29
f 2064/4254/22 2063/7754/22 2052/4220/22
f 2067/4255/23 2066/7755/23 2054/4222/23
f 2070/4238/38 2069/4237/38 2058/4226/38
f 2072/4240/25 2074/4242/25 2061/4229/25
f 2054/4222/3 2066/7755/3 2064/4256/3
f 2062/4257/7 2059/7756/7 2055/4258/7
f 2052/4220/6 2063/7754/6 2072/4260/6
f 2058/4226/4 2069/4237/4 2067/4261/4
f 2061/4229/5 2074/4242/5 2070/4253/5
f 2068/4236/1 2071/7753/1 2073/4250/1
f 2079/4266/17 2078/4265/17 2075/4286/17
f 2084/4288/37 2086/7757/37 2077/4264/37
f 2086/4273/18 2085/4272/18 2081/4289/18
f 2083/4270/28 2082/4269/28 2080/4291/28
f 2097/4293/19 2096/7758/19 2087/4274/19
f 2090/4277/20 2092/4279/20 2089/4276/20
f 2093/4294/21 2095/7759/21 2092/4279/21
f 2098/4285/29 2097/4284/29 2095/4295/29
f 2088/4297/22 2087/7760/22 2076/4263/22
f 2091/4298/23 2090/7761/23 2078/4265/23
f 2094/4281/38 2093/4280/38 2082/4269/38
f 2096/4283/25 2098/4285/25 2085/4272/25
f 2078/4265/3 2090/7761/3 2088/4299/3
f 2086/4300/7 2083/7762/7 2079/4301/7
f 2076/4263/6 2087/7760/6 2096/4303/6
f 2082/4269/4 2093/4280/4 2091/4304/4
f 2085/4272/5 2098/4285/5 2094/4296/5
f 2092/4279/1 2095/7759/1 2097/4293/1
f 2100/4305/6 2101/7763/6 2102/4306/6
f 2106/4308/7 2105/7764/7 2104/4309/7
f 2108/4311/1 2109/7765/1 2110/4312/1
f 2104/4314/90 2108/7766/90 2107/4315/90
f 2105/4317/91 2109/7767/91 2108/4318/91
f 2106/4320/92 2110/7768/92 2109/4321/92
f 2103/4323/93 2107/7769/93 2110/4324/93
f 2114/4326/7 2113/7770/7 2112/4327/7
f 2116/4329/1 2117/7771/1 2118/4330/1
f 2112/4332/45 2116/7772/45 2115/4333/45
f 2113/4335/46 2117/7773/46 2116/4336/46
f 2114/4338/47 2118/7774/47 2117/4339/47
f 2111/4341/48 2115/7775/48 2118/4342/48
f 2123/4345/80 2122/4344/80 2119/4362/80
f 2130/4364/18 2129/4375/18 2125/4365/18
f 2127/4349/28 2126/4348/28 2124/4367/28
f 2141/4369/19 2140/7776/19 2131/4350/19
f 2134/4353/20 2136/4355/20 2133/4352/20
f 2137/4370/21 2139/7777/21 2136/4355/21
f 2132/4371/22 2131/7778/22 2120/4372/22
f 2135/4374/23 2134/7779/23 2122/4344/23
f 2138/4357/38 2137/4356/38 2126/4348/38
f 2140/4359/25 2142/4361/25 2129/4375/25
f 2122/4344/3 2134/7779/3 2132/4377/3
f 2130/4378/7 2127/7780/7 2123/4379/7
f 2120/4372/6 2131/7778/6 2140/4381/6
f 2126/4348/4 2137/4356/4 2135/4383/4
f 2129/4375/5 2142/4361/5 2138/4384/5
f 2147/4386/17 2146/4385/17 2143/4400/17
f 2154/4402/18 2153/4415/18 2149/4403/18
f 2165/4405/19 2164/7781/19 2155/4388/19
f 2161/4406/21 2163/7782/21 2160/4393/21
f 2166/4399/89 2165/4398/89 2163/4407/89
f 2156/4409/22 2155/7783/22 2144/4410/22
f 2159/4412/23 2158/7784/23 2146/4385/23
f 2162/4395/38 2161/4394/38 2150/4413/38
f 2164/4397/25 2166/4399/25 2153/4415/25
f 2146/4385/3 2158/7784/3 2156/4417/3
f 2154/4418/7 2151/7785/7 2147/4419/7
f 2144/4410/6 2155/7783/6 2164/4421/6
f 2150/4413/4 2161/4394/4 2159/4423/4
f 2153/4415/5 2166/4399/5 2162/4408/5
f 2171/4429/17 2170/4428/17 2167/4449/17
f 2176/4451/37 2178/7786/37 2169/4427/37
f 2178/4436/18 2177/4435/18 2173/4452/18
f 2175/4433/28 2174/4432/28 2172/4454/28
f 2189/4456/19 2188/7787/19 2179/4437/19
f 2182/4440/20 2184/4442/20 2181/4439/20
f 2185/4457/21 2187/7788/21 2184/4442/21
f 2190/4448/29 2189/4447/29 2187/4458/29
f 2180/4460/22 2179/7789/22 2168/4426/22
f 2183/4461/23 2182/7790/23 2170/4428/23
f 2186/4444/38 2185/4443/38 2174/4432/38
f 2188/4446/25 2190/4448/25 2177/4435/25
f 2170/4428/3 2182/7790/3 2180/4462/3
f 2178/4463/7 2175/7791/7 2171/4464/7
f 2168/4426/6 2179/7789/6 2188/4466/6
f 2174/4432/4 2185/4443/4 2183/4467/4
f 2177/4435/5 2190/4448/5 2186/4459/5
f 2184/4442/1 2187/7788/1 2189/4456/1
f 2195/4472/17 2194/4471/17 2191/4489/17
f 2200/4491/37 2202/7792/37 2193/4470/37
f 2202/4476/18 2201/4475/18 2197/4492/18
f 2199/4494/28 2198/4508/28 2196/4495/28
f 2213/4497/19 2212/7793/19 2203/4477/19
f 2206/4480/20 2208/4482/20 2205/4479/20
f 2209/4498/21 2211/7794/21 2208/4482/21
f 2214/4488/29 2213/4487/29 2211/4499/29
f 2204/4501/22 2203/7795/22 2192/4469/22
f 2207/4502/23 2206/7796/23 2194/4471/23
f 2212/4486/25 2214/4488/25 2201/4475/25
f 2194/4471/3 2206/7796/3 2204/4503/3
f 2202/4504/7 2199/7797/7 2195/4505/7
f 2192/4469/6 2203/7795/6 2212/4507/6
f 2198/4508/4 2209/7798/4 2207/4509/4
f 2201/4475/5 2214/4488/5 2210/4500/5
f 2208/4482/1 2211/7794/1 2213/4497/1
f 2216/4510/6 2217/7799/6 2218/4511/6
f 2222/4513/7 2221/7800/7 2220/4514/7
f 2224/4516/1 2225/7801/1 2226/4517/1
f 2220/4519/90 2224/7802/90 2223/4520/90
f 2221/4522/91 2225/7803/91 2224/4523/91
f 2222/4525/92 2226/7804/92 2225/4526/92
f 2219/4528/93 2223/7805/93 2226/4529/93
f 2230/4531/7 2229/7806/7 2228/4532/7
f 2232/4534/1 2233/7807/1 2234/4535/1
f 2228/4537/45 2232/7808/45 2231/4538/45
f 2229/4540/46 2233/7809/46 2232/4541/46
f 2230/4543/47 2234/7810/47 2233/4544/47
f 2227/4546/48 2231/7811/48 2234/4547/48
f 2238/4549/7 2237/7812/7 2236/4550/7
f 2240/4552/1 2241/7813/1 2242/4553/1
f 2237/4555/4 2241/7814/4 2240/4556/4
f 2235/4558/6 2239/7815/6 2242/4559/6
f 2246/4561/7 2245/7816/7 2244/4562/7
f 2244/4564/3 2248/7817/3 2247/4565/3
f 2245/4567/4 2249/7818/4 2248/4568/4
f 2246/4570/5 2250/7819/5 2249/4571/5
f 2243/4573/6 2247/7820/6 2250/4574/6
f 2254/4576/7 2253/7821/7 2252/4577/7
f 2256/4579/1 2257/7822/1 2258/4580/1
f 2252/4582/3 2256/7823/3 2255/4583/3
f 2253/4585/4 2257/7824/4 2256/4586/4
f 2254/4588/5 2258/7825/5 2257/4589/5
f 2251/4591/6 2255/7826/6 2258/4592/6
f 2259/4594/7 2262/7827/7 2261/4595/7
f 2264/4597/1 2265/7828/1 2266/4598/1
f 2259/4600/3 2260/7829/3 2264/4601/3
f 2261/4603/4 2265/7830/4 2264/4604/4
f 2262/4606/5 2266/7831/5 2265/4607/5
f 2259/4609/6 2263/7832/6 2266/4610/6
f 2268/4612/1 2269/7833/1 2270/4613/1
f 2264/4615/3 2268/7834/3 2267/4616/3
f 2265/4618/4 2269/7835/4 2268/4619/4
f 2266/4621/5 2270/7836/5 2269/4622/5
f 2263/4624/6 2267/7837/6 2270/4625/6
f 2272/4627/1 2273/7838/1 2274/4628/1
f 2268/4630/3 2272/7839/3 2271/4631/3
f 2269/4633/4 2273/7840/4 2272/4634/4
f 2270/4636/5 2274/7841/5 2273/4637/5
f 2267/4639/6 2271/7842/6 2274/4640/6
f 2276/4642/7 2275/7843/7 2261/4643/7
f 2265/4645/1 2277/7844/1 2278/4646/1
f 2275/4648/4 2277/7845/4 2265/4649/4
f 2276/4651/5 2278/7846/5 2277/4652/5
f 2262/4654/6 2266/7847/6 2278/4655/6
f 2280/4657/7 2279/7848/7 2269/4658/7
f 2273/4660/1 2281/7849/1 2282/4661/1
f 2279/4663/4 2281/7850/4 2273/4664/4
f 2280/4666/5 2282/7851/5 2281/4667/5
f 2270/4669/6 2274/7852/6 2282/4670/6
f 2283/4672/7 2288/7853/7 2275/4673/7
f 2277/4675/1 2284/7854/1 2285/4676/1
f 2288/4678/4 2284/7855/4 2277/4679/4
f 2283/4681/5 2285/7856/5 2284/4682/5
f 2276/4684/6 2278/7857/6 2285/4685/6
f 2280/4687/1 2279/7858/1 2289/4688/1
f 2277/4690/3 2279/7859/3 2280/4691/3
f 2277/4693/4 2284/7860/4 2289/4694/4
f 2285/4696/5 2286/7861/5 2289/4697/5
f 2278/4699/6 2280/7862/6 2286/4700/6
f 2281/4702/1 2290/7863/1 2287/4703/1
f 2289/4705/4 2290/7864/4 2281/4706/4
f 2286/4708/5 2287/7865/5 2290/4709/5
f 2280/4711/6 2282/7866/6 2287/4712/6
f 2291/4714/7 2292/7867/7 2288/4715/7
f 2284/4717/1 2296/7868/1 2295/4718/1
f 2288/4720/4 2292/7869/4 2296/4721/4
f 2283/4723/6 2285/7870/6 2295/4724/6
f 2286/4726/7 2299/7871/7 2300/4727/7
f 2290/4729/1 2304/7872/1 2303/4730/1
f 2300/4732/4 2304/7873/4 2290/4733/4
f 2299/4735/5 2303/7874/5 2304/4736/5
f 2286/4738/6 2287/7875/6 2303/4739/6
f 2294/4741/7 2293/7876/7 2292/4742/7
f 2295/4744/1 2296/7877/1 2297/4745/1
f 2292/4747/3 2296/7878/3 2295/4748/3
f 2293/4750/4 2297/7879/4 2296/4751/4
f 2294/4753/5 2298/7880/5 2297/4754/5
f 2291/4756/6 2295/7881/6 2298/4757/6
f 2299/4759/1 2300/7882/1 2301/4760/1
f 2296/4762/3 2300/7883/3 2299/4763/3
f 2297/4765/4 2301/7884/4 2300/4766/4
f 2298/4768/5 2302/7885/5 2301/4769/5
f 2295/4771/6 2299/7886/6 2302/4772/6
f 2304/4774/1 2305/7887/1 2306/4775/1
f 2301/4777/4 2305/7888/4 2304/4778/4
f 2302/4780/5 2306/7889/5 2305/4781/5
f 2299/4783/6 2303/7890/6 2306/4784/6
f 2310/4786/7 2309/7891/7 2308/4787/7
f 2312/4789/1 2313/7892/1 2314/4790/1
f 2308/4792/3 2312/7893/3 2311/4793/3
f 2309/4795/4 2313/7894/4 2312/4796/4
f 2310/4798/5 2314/7895/5 2313/4799/5
f 2307/4801/6 2311/7896/6 2314/4802/6
f 2318/4804/7 2317/7897/7 2316/4805/7
f 2320/4807/1 2321/7898/1 2322/4808/1
f 2316/4810/3 2320/7899/3 2319/4811/3
f 2317/4813/4 2321/7900/4 2320/4814/4
f 2318/4816/5 2322/7901/5 2321/4817/5
f 2315/4819/6 2319/7902/6 2322/4820/6
f 2326/4822/7 2325/7903/7 2324/4823/7
f 2328/4825/1 2329/7904/1 2330/4826/1
f 2324/4828/3 2328/7905/3 2327/4829/3
f 2325/4831/4 2329/7906/4 2328/4832/4
f 2326/4834/5 2330/7907/5 2329/4835/5
f 2323/4837/6 2327/7908/6 2330/4838/6
f 2334/4840/7 2333/7909/7 2332/4841/7
f 2324/4843/1 2325/7910/1 2294/4844/1
f 2332/4846/3 2324/7911/3 2259/4847/3
f 2333/4849/4 2325/7912/4 2324/4850/4
f 2334/4852/5 2294/7913/5 2325/4853/5
f 2331/4855/6 2259/7914/6 2294/4856/6
f 2337/4858/169 2338/4862/169 2336/4859/169
f 2339/4861/170 2340/7915/170 2338/4862/170
f 2345/4863/4 2346/7916/4 2340/4864/4
f 2343/4866/171 2344/4870/171 2346/4867/171
f 2341/4869/172 2342/7917/172 2344/4870/172
f 2335/4871/6 2336/7918/6 2342/4872/6
f 2335/4874/3 2341/7919/3 2343/4875/3
f 2343/4875/3 2345/7920/3 2339/4877/3
f 2336/4878/5 2338/4882/5 2344/4879/5
f 2340/4881/5 2346/7921/5 2344/4879/5
f 2356/4889/7 2355/7922/7 2354/4890/7
f 2358/4892/1 2359/7923/1 2360/4893/1
f 2354/4895/3 2358/7924/3 2357/4896/3
f 2355/4898/4 2359/7925/4 2358/4899/4
f 2356/4901/5 2360/7926/5 2359/4902/5
f 2353/4904/6 2357/7927/6 2360/4905/6
f 2380/4922/19 2379/7928/19 2370/4910/19
f 2373/4913/20 2375/4915/20 2372/4912/20
f 2376/4923/21 2378/7929/21 2375/4915/21
f 2371/4924/22 2370/7930/22 2362/4925/22
f 2374/4927/23 2373/7931/23 2363/4928/23
f 2377/4917/38 2376/4916/38 2366/4908/38
f 2379/4919/25 2381/4921/25 2369/4930/25
f 2363/4928/3 2373/7931/3 2371/4932/3
f 2362/4925/6 2370/7930/6 2379/4934/6
f 2366/4908/4 2376/4916/4 2374/4936/4
f 2369/4930/5 2381/4921/5 2377/4938/5
f 2389/4945/28 2388/4944/28 2386/4958/28
f 2402/4960/19 2401/7932/19 2392/4946/19
f 2398/4961/21 2400/7933/21 2397/4951/21
f 2403/4957/355 2402/4956/355 2400/4962/355
f 2393/4964/22 2392/7934/22 2383/4965/22
f 2396/4967/23 2395/7935/23 2384/4940/23
f 2399/4953/38 2398/4952/38 2388/4944/38
f 2401/4955/25 2403/4957/25 2391/4968/25
f 2384/4940/3 2395/7935/3 2393/4970/3
f 2383/4965/6 2392/7934/6 2401/4972/6
f 2388/4944/4 2398/4952/4 2396/4974/4
f 2391/4968/5 2403/4957/5 2399/4963/5
f 2408/4980/17 2407/4979/17 2404/5000/17
f 2413/5002/37 2415/7936/37 2406/4978/37
f 2415/4987/191 2414/4986/191 2410/5003/191
f 2412/4984/28 2411/4983/28 2409/5005/28
f 2426/5007/19 2425/7937/19 2416/4988/19
f 2419/4991/20 2421/4993/20 2418/4990/20
f 2422/5008/21 2424/7938/21 2421/4993/21
f 2427/4999/355 2426/4998/355 2424/5009/355
f 2417/5011/22 2416/7939/22 2405/4977/22
f 2420/5012/23 2419/7940/23 2407/4979/23
f 2423/4995/38 2422/4994/38 2411/4983/38
f 2425/4997/25 2427/4999/25 2414/4986/25
f 2407/4979/3 2419/7940/3 2417/5013/3
f 2415/5014/7 2412/7941/7 2408/5015/7
f 2405/4977/6 2416/7939/6 2425/5017/6
f 2411/4983/4 2422/4994/4 2420/5018/4
f 2414/4986/5 2427/4999/5 2423/5010/5
f 2421/4993/1 2424/7938/1 2426/5007/1
f 2432/5040/57 2431/5053/57 2428/5041/57
f 2437/5043/37 2439/7942/37 2430/5021/37
f 2439/5027/196 2438/5026/196 2434/5044/196
f 2436/5024/28 2435/5023/28 2433/5046/28
f 2450/5048/19 2449/7943/19 2440/5028/19
f 2443/5031/20 2445/5033/20 2442/5030/20
f 2446/5049/21 2448/7944/21 2445/5033/21
f 2451/5039/29 2450/5038/29 2448/5050/29
f 2441/5052/22 2440/7945/22 2429/5020/22
f 2447/5035/367 2446/5034/367 2435/5023/367
f 2449/5037/25 2451/5039/25 2438/5026/25
f 2431/5053/3 2443/7946/3 2441/5054/3
f 2439/5055/7 2436/7947/7 2432/5056/7
f 2429/5020/6 2440/7945/6 2449/5058/6
f 2435/5023/4 2446/5034/4 2444/5059/4
f 2438/5026/5 2451/5039/5 2447/5051/5
f 2445/5033/1 2448/7944/1 2450/5048/1
f 2453/5060/6 2454/7948/6 2455/5061/6
f 2456/5063/7 2459/7949/7 2458/5064/7
f 2460/5066/1 2461/7950/1 2462/5067/1
f 2457/5069/90 2461/7951/90 2460/5070/90
f 2458/5072/91 2462/7952/91 2461/5073/91
f 2459/5075/92 2463/7953/92 2462/5076/92
f 2456/5078/93 2460/7954/93 2463/5079/93
f 2464/5081/7 2467/7955/7 2466/5082/7
f 2468/5084/1 2469/7956/1 2470/5085/1
f 2465/5087/45 2469/7957/45 2468/5088/45
f 2466/5090/46 2470/7958/46 2469/5091/46
f 2467/5093/47 2471/7959/47 2470/5094/47
f 2464/5096/48 2468/7960/48 2471/5097/48
f 2479/5104/28 2478/5103/28 2476/5117/28
f 2492/5119/19 2491/7961/19 2482/5105/19
f 2485/5108/20 2487/5110/20 2484/5107/20
f 2488/5120/21 2490/7962/21 2487/5110/21
f 2483/5121/22 2482/7963/22 2473/5122/22
f 2486/5124/23 2485/7964/23 2474/5099/23
f 2489/5112/38 2488/5111/38 2478/5103/38
f 2491/5114/25 2493/5116/25 2481/5125/25
f 2474/5099/3 2485/7964/3 2483/5127/3
f 2473/5122/6 2482/7963/6 2491/5129/6
f 2478/5103/4 2488/5111/4 2486/5131/4
f 2481/5125/5 2493/5116/5 2489/5132/5
f 2513/5149/19 2512/7965/19 2503/5137/19
f 2509/5150/21 2511/7966/21 2508/5142/21
f 2514/5148/29 2513/5147/29 2511/5151/29
f 2504/5153/22 2503/7967/22 2495/5154/22
f 2507/5156/23 2506/7968/23 2496/5134/23
f 2510/5144/38 2509/5143/38 2500/5157/38
f 2512/5146/25 2514/5148/25 2502/5159/25
f 2496/5134/3 2506/7968/3 2504/5161/3
f 2495/5154/6 2503/7967/6 2512/5163/6
f 2500/5157/4 2509/5143/4 2507/5165/4
f 2502/5159/5 2514/5148/5 2510/5152/5
f 2519/5172/17 2518/5171/17 2515/5192/17
f 2524/5194/37 2526/7969/37 2517/5170/37
f 2526/5179/18 2525/5178/18 2521/5195/18
f 2523/5176/28 2522/5175/28 2520/5197/28
f 2537/5199/19 2536/7970/19 2527/5180/19
f 2530/5183/20 2532/5185/20 2529/5182/20
f 2533/5200/21 2535/7971/21 2532/5185/21
f 2538/5191/29 2537/5190/29 2535/5201/29
f 2528/5203/22 2527/7972/22 2516/5169/22
f 2531/5204/23 2530/7973/23 2518/5171/23
f 2534/5187/38 2533/5186/38 2522/5175/38
f 2536/5189/25 2538/5191/25 2525/5178/25
f 2518/5171/3 2530/7973/3 2528/5205/3
f 2526/5206/7 2523/7974/7 2519/5207/7
f 2516/5169/6 2527/7972/6 2536/5209/6
f 2522/5175/4 2533/5186/4 2531/5210/4
f 2525/5178/5 2538/5191/5 2534/5202/5
f 2532/5185/1 2535/7971/1 2537/5199/1
f 2543/5215/17 2542/5214/17 2539/5232/17
f 2548/5234/37 2550/7975/37 2541/5213/37
f 2550/5219/18 2549/5218/18 2545/5235/18
f 2547/5237/28 2546/5251/28 2544/5238/28
f 2561/5240/19 2560/7976/19 2551/5220/19
f 2554/5223/20 2556/5225/20 2553/5222/20
f 2557/5241/21 2559/7977/21 2556/5225/21
f 2562/5231/29 2561/5230/29 2559/5242/29
f 2552/5244/22 2551/7978/22 2540/5212/22
f 2555/5245/23 2554/7979/23 2542/5214/23
f 2560/5229/25 2562/5231/25 2549/5218/25
f 2542/5214/3 2554/7979/3 2552/5246/3
f 2550/5247/7 2547/7980/7 2543/5248/7
f 2540/5212/6 2551/7978/6 2560/5250/6
f 2546/5251/4 2557/7981/4 2555/5252/4
f 2549/5218/5 2562/5231/5 2558/5243/5
f 2556/5225/1 2559/7977/1 2561/5240/1
f 2564/5253/6 2565/7982/6 2566/5254/6
f 2567/5256/7 2570/7983/7 2569/5257/7
f 2571/5259/1 2572/7984/1 2573/5260/1
f 2568/5262/90 2572/7985/90 2571/5263/90
f 2569/5265/91 2573/7986/91 2572/5266/91
f 2570/5268/92 2574/7987/92 2573/5269/92
f 2567/5271/93 2571/7988/93 2574/5272/93
f 2575/5274/7 2578/7989/7 2577/5275/7
f 2579/5277/1 2580/7990/1 2581/5278/1
f 2576/5280/45 2580/7991/45 2579/5281/45
f 2577/5283/46 2581/7992/46 2580/5284/46
f 2578/5286/47 2582/7993/47 2581/5287/47
f 2575/5289/48 2579/7994/48 2582/5290/48
f 2586/5292/7 2585/7995/7 2584/5293/7
f 2588/5295/1 2589/7996/1 2590/5296/1
f 2584/5298/3 2588/7997/3 2587/5299/3
f 2585/5301/4 2589/7998/4 2588/5302/4
f 2586/5304/5 2590/7999/5 2589/5305/5
f 2583/5307/6 2587/8000/6 2590/5308/6
f 2594/5310/7 2593/8001/7 2592/5311/7
f 2592/5313/3 2596/8002/3 2595/5314/3
f 2593/5316/4 2597/8003/4 2596/5317/4
f 2594/5319/5 2598/8004/5 2597/5320/5
f 2591/5322/6 2595/8005/6 2598/5323/6
f 2602/5325/7 2601/8006/7 2600/5326/7
f 2604/5328/1 2605/8007/1 2606/5329/1
f 2600/5331/3 2604/8008/3 2603/5332/3
f 2601/5334/4 2605/8009/4 2604/5335/4
f 2602/5337/5 2606/8010/5 2605/5338/5
f 2599/5340/6 2603/8011/6 2606/5341/6
f 2610/5343/7 2609/8012/7 2608/5344/7
f 2608/5346/3 2612/8013/3 2611/5347/3
f 2609/5349/4 2613/8014/4 2612/5350/4
f 2610/5352/5 2614/8015/5 2613/5353/5
f 2607/5355/6 2611/8016/6 2614/5356/6
f 2619/5362/17 2618/5361/17 2615/5382/17
f 2624/5384/37 2626/8017/37 2617/5360/37
f 2626/5369/18 2625/5368/18 2621/5385/18
f 2623/5366/28 2622/5365/28 2620/5387/28
f 2637/5389/19 2636/8018/19 2627/5370/19
f 2630/5373/20 2632/5375/20 2629/5372/20
f 2633/5390/21 2635/8019/21 2632/5375/21
f 2638/5381/29 2637/5380/29 2635/5391/29
f 2628/5393/22 2627/8020/22 2616/5359/22
f 2631/5394/23 2630/8021/23 2618/5361/23
f 2634/5377/38 2633/5376/38 2622/5365/38
f 2636/5379/25 2638/5381/25 2625/5368/25
f 2618/5361/3 2630/8021/3 2628/5395/3
f 2626/5396/7 2623/8022/7 2619/5397/7
f 2616/5359/6 2627/8020/6 2636/5399/6
f 2622/5365/4 2633/5376/4 2631/5400/4
f 2625/5368/5 2638/5381/5 2634/5392/5
f 2632/5375/1 2635/8019/1 2637/5389/1
f 2642/5401/7 2641/8023/7 2640/5402/7
f 2640/5404/3 2644/8024/3 2643/5405/3
f 2641/5407/4 2645/8025/4 2644/5408/4
f 2642/5410/5 2646/8026/5 2645/5411/5
f 2639/5413/6 2643/8027/6 2646/5414/6
f 2651/5420/17 2650/5419/17 2647/5434/17
f 2656/5436/37 2658/8028/37 2649/5418/37
f 2658/5424/18 2657/5423/18 2653/5437/18
f 2655/5439/28 2654/5453/28 2652/5440/28
f 2669/5442/19 2668/8029/19 2659/5425/19
f 2662/5428/20 2664/5430/20 2661/5427/20
f 2665/5443/21 2667/8030/21 2664/5430/21
f 2670/5433/29 2669/5432/29 2667/5444/29
f 2660/5446/22 2659/8031/22 2648/5417/22
f 2663/5447/23 2662/8032/23 2650/5419/23
f 2668/5431/25 2670/5433/25 2657/5423/25
f 2650/5419/3 2662/8032/3 2660/5448/3
f 2658/5449/7 2655/8033/7 2651/5450/7
f 2648/5417/6 2659/8031/6 2668/5452/6
f 2654/5453/4 2665/8034/4 2663/5454/4
f 2657/5423/5 2670/5433/5 2666/5445/5
f 2664/5430/1 2667/8030/1 2669/5442/1
f 2674/5455/7 2673/8035/7 2672/5456/7
f 2672/5458/3 2676/8036/3 2675/5459/3
f 2673/5461/4 2677/8037/4 2676/5462/4
f 2674/5464/5 2678/8038/5 2677/5465/5
f 2671/5467/6 2675/8039/6 2678/5468/6
f 2683/5482/17 2682/5499/17 2679/5483/17
f 2688/5485/37 2690/8040/37 2681/5472/37
f 2690/5475/18 2689/5474/18 2685/5486/18
f 2687/5488/28 2686/5505/28 2684/5489/28
f 2701/5491/19 2700/8041/19 2691/5476/19
f 2694/5492/20 2696/5494/20 2693/5478/20
f 2697/5493/21 2699/8042/21 2696/5494/21
f 2702/5481/29 2701/5480/29 2699/5496/29
f 2692/5498/22 2691/8043/22 2680/5471/22
f 2700/5479/25 2702/5481/25 2689/5474/25
f 2682/5499/3 2694/8044/3 2692/5500/3
f 2690/5501/7 2687/8045/7 2683/5502/7
f 2680/5471/6 2691/8043/6 2700/5504/6
f 2686/5505/4 2697/8046/4 2695/5506/4
f 2689/5474/5 2702/5481/5 2698/5497/5
f 2696/5494/1 2699/8042/1 2701/5491/1
f 2707/5511/17 2706/5510/17 2703/5519/17
f 2712/5521/37 2714/8047/37 2705/5509/37
f 2714/5518/18 2713/5517/18 2709/5522/18
f 2711/5515/28 2710/5514/28 2708/5524/28
f 2716/5526/22 2715/8048/22 2704/5508/22
f 2718/5527/23 2717/8049/23 2706/5510/23
f 2720/5528/38 2719/8050/38 2710/5514/38
f 2721/5529/25 2722/8051/25 2713/5517/25
f 2706/5510/3 2717/8049/3 2716/5530/3
f 2714/5531/7 2711/8052/7 2707/5532/7
f 2704/5508/6 2715/8048/6 2721/5534/6
f 2710/5514/4 2719/8050/4 2718/5535/4
f 2713/5517/5 2722/8051/5 2720/5536/5
f 2727/5541/17 2726/5540/17 2723/5561/17
f 2732/5563/37 2734/8053/37 2725/5539/37
f 2734/5548/18 2733/5547/18 2729/5564/18
f 2731/5545/28 2730/5544/28 2728/5566/28
f 2745/5568/19 2744/8054/19 2735/5549/19
f 2738/5552/20 2740/5554/20 2737/5551/20
f 2741/5569/21 2743/8055/21 2740/5554/21
f 2746/5560/29 2745/5559/29 2743/5570/29
f 2736/5572/22 2735/8056/22 2724/5538/22
f 2739/5573/23 2738/8057/23 2726/5540/23
f 2742/5556/38 2741/5555/38 2730/5544/38
f 2744/5558/25 2746/5560/25 2733/5547/25
f 2726/5540/3 2738/8057/3 2736/5574/3
f 2734/5575/7 2731/8058/7 2727/5576/7
f 2724/5538/6 2735/8056/6 2744/5578/6
f 2730/5544/4 2741/5555/4 2739/5579/4
f 2733/5547/5 2746/5560/5 2742/5571/5
f 2740/5554/1 2743/8055/1 2745/5568/1
f 2751/5584/17 2750/5583/17 2747/5592/17
f 2756/5594/37 2758/8059/37 2749/5582/37
f 2758/5591/18 2757/5590/18 2753/5595/18
f 2755/5588/28 2754/5587/28 2752/5597/28
f 2760/5599/22 2759/8060/22 2748/5581/22
f 2762/5600/23 2761/8061/23 2750/5583/23
f 2764/5601/38 2763/8062/38 2754/5587/38
f 2765/5602/25 2766/8063/25 2757/5590/25
f 2750/5583/3 2761/8061/3 2760/5603/3
f 2758/5604/7 2755/8064/7 2751/5605/7
f 2748/5581/6 2759/8060/6 2765/5607/6
f 2754/5587/4 2763/8062/4 2762/5608/4
f 2757/5590/5 2766/8063/5 2764/5609/5
f 2771/5614/17 2770/5613/17 2767/5634/17
f 2776/5636/37 2778/8065/37 2769/5612/37
f 2778/5621/18 2777/5620/18 2773/5637/18
f 2775/5618/28 2774/5617/28 2772/5639/28
f 2789/5641/19 2788/8066/19 2779/5622/19
f 2782/5625/20 2784/5627/20 2781/5624/20
f 2785/5642/21 2787/8067/21 2784/5627/21
f 2790/5633/29 2789/5632/29 2787/5643/29
f 2780/5645/22 2779/8068/22 2768/5611/22
f 2783/5646/23 2782/8069/23 2770/5613/23
f 2786/5629/38 2785/5628/38 2774/5617/38
f 2788/5631/25 2790/5633/25 2777/5620/25
f 2770/5613/3 2782/8069/3 2780/5647/3
f 2778/5648/7 2775/8070/7 2771/5649/7
f 2768/5611/6 2779/8068/6 2788/5651/6
f 2774/5617/4 2785/5628/4 2783/5652/4
f 2777/5620/5 2790/5633/5 2786/5644/5
f 2784/5627/1 2787/8067/1 2789/5641/1
f 2795/5657/17 2794/5656/17 2791/5677/17
f 2800/5679/37 2802/8071/37 2793/5655/37
f 2802/5664/18 2801/5663/18 2797/5680/18
f 2799/5661/28 2798/5660/28 2796/5682/28
f 2813/5684/19 2812/8072/19 2803/5665/19
f 2806/5668/20 2808/5670/20 2805/5667/20
f 2809/5685/21 2811/8073/21 2808/5670/21
f 2814/5676/29 2813/5675/29 2811/5686/29
f 2804/5688/22 2803/8074/22 2792/5654/22
f 2807/5689/23 2806/8075/23 2794/5656/23
f 2810/5672/38 2809/5671/38 2798/5660/38
f 2812/5674/25 2814/5676/25 2801/5663/25
f 2794/5656/3 2806/8075/3 2804/5690/3
f 2802/5691/7 2799/8076/7 2795/5692/7
f 2792/5654/6 2803/8074/6 2812/5694/6
f 2798/5660/4 2809/5671/4 2807/5695/4
f 2801/5663/5 2814/5676/5 2810/5687/5
f 2808/5670/1 2811/8073/1 2813/5684/1
f 2818/5696/7 2817/8077/7 2816/5697/7
f 2816/5699/3 2820/8078/3 2819/5700/3
f 2817/5702/4 2821/8079/4 2820/5703/4
f 2818/5705/5 2822/8080/5 2821/5706/5
f 2815/5708/6 2819/8081/6 2822/5709/6
f 2827/5715/17 2826/5714/17 2823/5735/17
f 2832/5737/37 2834/8082/37 2825/5713/37
f 2834/5722/18 2833/5721/18 2829/5738/18
f 2831/5719/28 2830/5718/28 2828/5740/28
f 2845/5742/19 2844/8083/19 2835/5723/19
f 2838/5726/20 2840/5728/20 2837/5725/20
f 2841/5743/21 2843/8084/21 2840/5728/21
f 2846/5734/29 2845/5733/29 2843/5744/29
f 2836/5746/22 2835/8085/22 2824/5712/22
f 2839/5747/23 2838/8086/23 2826/5714/23
f 2842/5730/38 2841/5729/38 2830/5718/38
f 2844/5732/25 2846/5734/25 2833/5721/25
f 2826/5714/3 2838/8086/3 2836/5748/3
f 2834/5749/7 2831/8087/7 2827/5750/7
f 2824/5712/6 2835/8085/6 2844/5752/6
f 2830/5718/4 2841/5729/4 2839/5753/4
f 2833/5721/5 2846/5734/5 2842/5745/5
f 2840/5728/1 2843/8084/1 2845/5742/1
f 2851/5758/17 2850/5757/17 2847/5778/17
f 2856/5780/37 2858/8088/37 2849/5756/37
f 2858/5765/18 2857/5764/18 2853/5781/18
f 2855/5762/28 2854/5761/28 2852/5783/28
f 2869/5785/19 2868/8089/19 2859/5766/19
f 2862/5769/20 2864/5771/20 2861/5768/20
f 2865/5786/21 2867/8090/21 2864/5771/21
f 2870/5777/29 2869/5776/29 2867/5787/29
f 2860/5789/22 2859/8091/22 2848/5755/22
f 2863/5790/23 2862/8092/23 2850/5757/23
f 2866/5773/38 2865/5772/38 2854/5761/38
f 2850/5757/3 2862/8092/3 2860/5791/3
f 2858/5792/7 2855/8093/7 2851/5793/7
f 2848/5755/6 2859/8091/6 2868/5795/6
f 2854/5761/4 2865/5772/4 2863/5796/4
f 2857/5764/5 2870/5777/5 2866/5788/5
f 2864/5771/1 2867/8090/1 2869/5785/1
f 2875/5801/17 2874/5800/17 2871/5821/17
f 2880/5823/37 2882/8094/37 2873/5799/37
f 2882/5808/18 2881/5807/18 2877/5824/18
f 2879/5805/28 2878/5804/28 2876/5826/28
f 2893/5828/19 2892/8095/19 2883/5809/19
f 2886/5812/20 2888/5814/20 2885/5811/20
f 2889/5829/21 2891/8096/21 2888/5814/21
f 2894/5820/29 2893/5819/29 2891/5830/29
f 2887/5832/23 2886/8097/23 2874/5800/23
f 2890/5816/38 2889/5815/38 2878/5804/38
f 2892/5818/25 2894/5820/25 2881/5807/25
f 2874/5800/3 2886/8097/3 2884/5833/3
f 2882/5834/7 2879/8098/7 2875/5835/7
f 2872/5798/6 2883/8099/6 2892/5837/6
f 2878/5804/4 2889/5815/4 2887/5838/4
f 2881/5807/5 2894/5820/5 2890/5831/5
f 2888/5814/1 2891/8096/1 2893/5828/1
f 2899/5843/17 2898/5842/17 2895/5863/17
f 2904/5865/37 2906/8100/37 2897/5841/37
f 2906/5850/18 2905/5849/18 2901/5866/18
f 2903/5847/28 2902/5846/28 2900/5868/28
f 2917/5870/19 2916/8101/19 2907/5851/19
f 2910/5854/20 2912/5856/20 2909/5853/20
f 2913/5871/21 2915/8102/21 2912/5856/21
f 2918/5862/29 2917/5861/29 2915/5872/29
f 2908/5874/22 2907/8103/22 2896/5840/22
f 2916/5860/25 2918/5862/25 2905/5849/25
f 2898/5842/3 2910/8104/3 2908/5875/3
f 2906/5876/7 2903/8105/7 2899/5877/7
f 2896/5840/6 2907/8103/6 2916/5879/6
f 2902/5846/4 2913/8106/4 2911/5880/4
f 2905/5849/5 2918/5862/5 2914/5873/5
f 2912/5856/1 2915/8102/1 2917/5870/1
f 2922/5881/7 2921/8107/7 2920/5882/7
f 2924/5884/1 2925/8108/1 2926/5885/1
f 2920/5887/3 2924/8109/3 2923/5888/3
f 2921/5890/4 2925/8110/4 2924/5891/4
f 2922/5893/5 2926/8111/5 2925/5894/5
f 2919/5896/6 2923/8112/6 2926/5897/6
f 2927/5901/368 2938/8113/368 2937/8114/368
f 2937/8114/4 2936/8115/4 2935/5899/4
f 2935/5899/369 2934/8116/369 2933/8117/369
f 2933/8117/369 2932/8118/369 2931/5900/369
f 2931/5900/4 2930/8119/4 2929/8120/4
f 2929/8120/368 2928/8121/368 2927/5901/368
f 2927/5901/4 2937/8114/4 2935/5899/4
f 2935/5899/4 2933/8117/4 2931/5900/4
f 2931/5900/4 2929/8120/4 2927/5901/4
f 2950/5904/6 2939/8122/6 2940/8123/6
f 2940/8123/6 2941/8124/6 2942/5902/6
f 2942/5902/6 2943/8125/6 2944/8126/6
f 2944/8126/6 2945/8127/6 2946/5903/6
f 2946/5903/6 2947/8128/6 2948/8129/6
f 2948/8129/6 2949/8130/6 2950/5904/6
f 2950/5904/6 2940/8123/6 2942/5902/6
f 2942/5902/6 2944/8126/6 2946/5903/6
f 2946/5903/6 2948/8129/6 2950/5904/6
f 2928/5905/202 2940/8131/202 2939/5906/202
f 2929/5908/20 2941/5912/20 2940/5909/20
f 2930/5911/203 2942/5914/203 2941/5912/203
f 2931/5913/204 2943/8132/204 2942/5914/204
f 2932/5915/29 2944/5919/29 2943/5916/29
f 2933/5918/205 2945/5921/205 2944/5919/205
f 2934/5920/206 2946/5923/206 2945/5921/206
f 2935/5922/18 2947/8133/18 2946/5923/18
f 2936/5924/207 2948/5928/207 2947/5925/207
f 2937/5927/208 2949/8134/208 2948/5928/208
f 2938/5929/17 2950/5932/17 2949/5930/17
f 2927/5907/209 2939/5906/209 2950/5932/209
f 2955/5937/17 2954/5936/17 2951/5957/17
f 2960/5959/37 2962/8135/37 2953/5935/37
f 2962/5944/18 2961/5943/18 2957/5960/18
f 2959/5941/28 2958/5940/28 2956/5962/28
f 2973/5964/19 2972/8136/19 2963/5945/19
f 2966/5948/20 2968/5950/20 2965/5947/20
f 2969/5965/21 2971/8137/21 2968/5950/21
f 2974/5956/29 2973/5955/29 2971/5966/29
f 2964/5968/22 2963/8138/22 2952/5934/22
f 2967/5969/23 2966/8139/23 2954/5936/23
f 2970/5952/38 2969/5951/38 2958/5940/38
f 2972/5954/25 2974/5956/25 2961/5943/25
f 2954/5936/3 2966/8139/3 2964/5970/3
f 2962/5971/7 2959/8140/7 2955/5972/7
f 2952/5934/6 2963/8138/6 2972/5974/6
f 2958/5940/4 2969/5951/4 2967/5975/4
f 2961/5943/5 2974/5956/5 2970/5967/5
f 2968/5950/1 2971/8137/1 2973/5964/1
f 2979/5980/17 2978/5979/17 2975/6000/17
f 2984/6002/37 2986/8141/37 2977/5978/37
f 2986/5987/196 2985/5986/196 2981/6003/196
f 2983/5984/28 2982/5983/28 2980/6005/28
f 2997/6007/19 2996/8142/19 2987/5988/19
f 2990/5991/20 2992/5993/20 2989/5990/20
f 2993/6008/21 2995/8143/21 2992/5993/21
f 2998/5999/29 2997/5998/29 2995/6009/29
f 2988/6011/22 2987/8144/22 2976/5977/22
f 2991/6012/23 2990/8145/23 2978/5979/23
f 2994/5995/38 2993/5994/38 2982/5983/38
f 2996/5997/25 2998/5999/25 2985/5986/25
f 2978/5979/3 2990/8145/3 2988/6013/3
f 2986/6014/7 2983/8146/7 2979/6015/7
f 2976/5977/6 2987/8144/6 2996/6017/6
f 2982/5983/4 2993/5994/4 2991/6018/4
f 2985/5986/5 2998/5999/5 2994/6010/5
f 2992/5993/1 2995/8143/1 2997/6007/1
f 3002/6019/7 3001/8147/7 3000/6020/7
f 3000/6022/3 3004/8148/3 3003/6023/3
f 3001/6025/4 3005/8149/4 3004/6026/4
f 3002/6028/5 3006/8150/5 3005/6029/5
f 2999/6031/6 3003/8151/6 3006/6032/6
f 3010/6034/7 3009/8152/7 3008/6035/7
f 3008/6037/3 3012/8153/3 3011/6038/3
f 3009/6040/4 3013/8154/4 3012/6041/4
f 3010/6043/5 3014/8155/5 3013/6044/5
f 3007/6046/6 3011/8156/6 3014/6047/6
f 3016/6049/210 3032/6053/210 3031/6050/210
f 3017/6052/211 3033/8157/211 3032/6053/211
f 3017/6054/212 3018/6057/212 3034/6055/212
f 3018/6057/213 3019/6060/213 3035/6058/213
f 3020/6059/214 3036/6062/214 3035/6058/214
f 3021/6061/215 3037/6092/215 3036/6062/215
f 3022/6063/216 3038/6067/216 3037/6064/216
f 3023/6066/217 3039/6069/217 3038/6067/217
f 3024/6068/218 3040/6071/218 3039/6069/218
f 3024/6068/219 3025/8158/219 3041/6070/219
f 3025/6072/220 3026/6076/220 3042/6073/220
f 3027/6075/221 3043/6078/221 3042/6073/221
f 3027/6075/222 3028/6080/222 3044/6077/222
f 3029/6079/223 3045/6101/223 3044/6077/223
f 3030/6081/224 3046/6084/224 3045/6082/224
f 3015/6051/225 3031/6050/225 3046/6084/225
f 3032/6053/226 3048/6087/226 3047/6085/226
f 3032/6053/227 3033/8157/227 3049/6086/227
f 3034/6055/228 3050/6089/228 3049/6088/228
f 3035/6058/229 3051/6091/229 3050/6089/229
f 3035/6058/230 3036/6062/230 3052/6090/230
f 3037/6092/231 3053/6111/231 3052/6090/231
f 3038/6067/232 3054/6094/232 3053/6093/232
f 3039/6069/233 3055/6095/233 3054/6094/233
f 3040/6071/234 3056/6096/234 3055/6095/234
f 3041/6070/235 3057/6115/235 3056/6096/235
f 3042/6073/236 3058/6099/236 3057/6097/236
f 3042/6073/237 3043/6078/237 3059/6098/237
f 3043/6078/238 3044/6077/238 3060/6100/238
f 3045/6101/239 3061/6120/239 3060/6100/239
f 3045/6082/240 3046/6084/240 3062/6102/240
f 3031/6050/241 3047/6085/241 3062/6102/241
f 3048/6087/242 3064/6106/242 3063/6104/242
f 3048/6087/243 3049/6086/243 3065/6105/243
f 3050/6089/244 3066/6109/244 3065/6107/244
f 3050/6089/245 3051/6091/245 3067/6108/245
f 3051/6091/246 3052/6090/246 3068/6110/246
f 3053/6111/370 3069/6129/370 3068/6110/370
f 3054/6094/371 3070/6113/371 3069/6112/371
f 3055/6095/249 3071/6114/249 3070/6113/249
f 3056/6096/250 3072/6116/250 3071/6114/250
f 3057/6115/251 3073/8159/251 3072/6116/251
f 3057/6097/252 3058/6099/252 3074/6117/252
f 3059/6098/253 3075/6119/253 3074/6117/253
f 3060/6100/254 3076/6121/254 3075/6119/254
f 3061/6120/372 3077/8160/372 3076/6121/372
f 3062/6102/256 3078/6123/256 3077/6122/256
f 3047/6085/257 3063/6104/257 3078/6123/257
f 3063/6104/373 3064/6106/373 3080/6124/373
f 3065/6105/374 3081/8161/374 3080/6124/374
f 3066/6109/260 3082/6128/260 3081/6126/260
f 3066/6109/261 3067/6108/261 3083/6127/261
f 3068/6110/262 3084/6130/262 3083/6127/262
f 3069/6129/375 3085/8162/375 3084/6130/375
f 3070/6113/264 3086/6132/264 3085/6131/264
f 3071/6114/265 3087/6134/265 3086/6132/265
f 3071/6114/266 3072/6116/266 3088/6133/266
f 3072/6116/267 3073/8159/267 3089/6135/267
f 3073/6118/376 3074/6117/376 3090/6136/376
f 3074/6117/377 3075/6119/377 3091/6138/377
f 3076/6121/378 3092/6140/378 3091/6138/378
f 3076/6121/271 3077/8160/271 3093/6139/271
f 3077/6122/379 3078/6123/379 3094/6141/379
f 3063/6104/380 3079/6125/380 3094/6141/380
f 3080/6143/1 3096/6147/1 3095/6144/1
f 3081/6146/1 3097/6149/1 3096/6147/1
f 3082/6148/1 3098/6151/1 3097/6149/1
f 3082/6148/1 3083/6152/1 3099/6150/1
f 3083/6152/1 3084/6155/1 3100/6153/1
f 3085/6154/1 3101/6157/1 3100/6153/1
f 3085/6154/1 3086/6158/1 3102/6156/1
f 3086/6158/1 3087/6160/1 3103/6159/1
f 3087/6160/1 3088/6162/1 3104/6161/1
f 3088/6162/1 3089/6164/1 3105/6163/1
f 3089/6164/1 3090/6167/1 3106/6165/1
f 3091/6166/1 3107/6169/1 3106/6165/1
f 3092/6168/1 3108/6171/1 3107/6169/1
f 3093/6170/1 3109/6173/1 3108/6171/1
f 3094/6172/1 3110/6174/1 3109/6173/1
f 3079/6145/1 3095/6144/1 3110/6174/1
f 3096/6175/274 3112/6179/274 3111/6176/274
f 3097/6178/275 3113/8163/275 3112/6179/275
f 3098/6180/276 3114/6184/276 3113/6181/276
f 3099/6183/277 3115/6186/277 3114/6184/277
f 3100/6185/278 3116/6188/278 3115/6186/278
f 3101/6187/279 3117/8164/279 3116/6188/279
f 3102/6189/280 3118/6193/280 3117/6190/280
f 3103/6192/281 3119/6195/281 3118/6193/281
f 3104/6194/282 3120/6197/282 3119/6195/282
f 3105/6196/283 3121/8165/283 3120/6197/283
f 3106/6198/284 3122/6202/284 3121/6199/284
f 3107/6201/285 3123/6204/285 3122/6202/285
f 3108/6203/286 3124/6206/286 3123/6204/286
f 3109/6205/287 3125/8166/287 3124/6206/287
f 3110/6207/288 3126/6210/288 3125/6208/288
f 3095/6177/289 3111/6176/289 3126/6210/289
f 3128/6211/290 3144/6215/290 3143/6212/290
f 3128/6211/291 3129/8167/291 3145/6214/291
f 3129/6216/292 3130/6219/292 3146/6217/292
f 3130/6219/293 3131/6222/293 3147/6220/293
f 3132/6221/294 3148/6224/294 3147/6220/294
f 3133/6223/381 3149/6254/381 3148/6224/381
f 3134/6225/296 3150/6229/296 3149/6226/296
f 3134/6225/297 3135/6231/297 3151/6228/297
f 3136/6230/298 3152/6233/298 3151/6228/298
f 3137/6232/382 3153/8168/382 3152/6233/382
f 3138/6234/383 3154/6238/383 3153/6235/383
f 3139/6237/301 3155/6240/301 3154/6238/301
f 3140/6239/302 3156/6242/302 3155/6240/302
f 3140/6239/384 3141/8169/384 3157/6241/384
f 3142/6243/385 3158/6246/385 3157/6244/385
f 3142/6243/305 3127/6213/305 3143/6212/305
f 3144/6215/306 3160/6249/306 3159/6247/306
f 3144/6215/307 3145/6214/307 3161/6248/307
f 3146/6217/308 3162/6251/308 3161/6250/308
f 3147/6220/309 3163/6253/309 3162/6251/309
f 3147/6220/310 3148/6224/310 3164/6252/310
f 3149/6254/311 3165/8170/311 3164/6252/311
f 3150/6229/312 3166/6257/312 3165/6255/312
f 3150/6229/313 3151/6228/313 3167/6256/313
f 3151/6228/314 3152/6233/314 3168/6258/314
f 3152/6233/315 3153/8168/315 3169/6259/315
f 3154/6238/316 3170/6261/316 3169/6260/316
f 3155/6240/317 3171/6263/317 3170/6261/317
f 3155/6240/318 3156/6242/318 3172/6262/318
f 3157/6241/319 3173/8171/319 3172/6262/319
f 3158/6246/320 3174/6265/320 3173/6264/320
f 3143/6212/321 3159/6247/321 3174/6265/321
f 3159/6247/322 3160/6249/322 3176/6266/322
f 3160/6249/323 3161/6248/323 3177/6268/323
f 3161/6250/324 3162/6251/324 3178/6269/324
f 3162/6251/325 3163/6253/325 3179/6271/325
f 3164/6252/326 3180/6273/326 3179/6271/326
f 3164/6252/327 3165/8170/327 3181/6272/327
f 3166/6257/328 3182/6275/328 3181/6274/328
f 3167/6256/386 3183/6276/386 3182/6275/386
f 3168/6258/330 3184/6278/330 3183/6276/330
f 3168/6258/331 3169/6259/331 3185/6277/331
f 3170/6261/387 3186/6281/387 3185/6279/387
f 3170/6261/333 3171/6263/333 3187/6280/333
f 3172/6262/334 3188/6283/334 3187/6280/334
f 3172/6262/335 3173/8171/335 3189/6282/335
f 3174/6265/336 3190/6285/336 3189/6284/336
f 3174/6265/337 3159/6247/337 3175/6267/337
f 3176/6266/388 3192/6287/388 3191/6286/388
f 3177/6268/389 3193/8172/389 3192/6287/389
f 3177/6270/390 3178/6269/390 3194/6288/390
f 3179/6271/391 3195/6290/391 3194/6288/391
f 3180/6273/392 3196/6292/392 3195/6290/392
f 3180/6273/393 3181/6272/393 3197/6291/393
f 3181/6274/394 3182/6275/394 3198/6293/394
f 3183/6276/395 3199/6296/395 3198/6293/395
f 3183/6276/396 3184/6278/396 3200/6295/396
f 3184/6278/397 3185/6277/397 3201/6297/397
f 3186/6281/398 3202/6299/398 3201/6298/398
f 3187/6280/399 3203/6301/399 3202/6299/399
f 3187/6280/400 3188/6283/400 3204/6300/400
f 3189/6282/401 3205/8173/401 3204/6300/401
f 3189/6284/352 3190/6285/352 3206/6302/352
f 3175/6267/353 3191/6286/353 3206/6302/353
f 3192/6304/1 3208/6308/1 3207/6305/1
f 3193/6307/1 3209/6310/1 3208/6308/1
f 3194/6309/1 3210/6312/1 3209/6310/1
f 3195/6311/1 3211/6314/1 3210/6312/1
f 3195/6311/1 3196/6315/1 3212/6313/1
f 3196/6315/1 3197/6317/1 3213/6316/1
f 3197/6317/1 3198/6319/1 3214/6318/1
f 3198/6319/1 3199/6322/1 3215/6320/1
f 3200/6321/1 3216/6324/1 3215/6320/1
f 3201/6323/1 3217/6326/1 3216/6324/1
f 3202/6325/1 3218/6328/1 3217/6326/1
f 3202/6325/1 3203/6330/1 3219/6327/1
f 3204/6329/1 3220/6332/1 3219/6327/1
f 3204/6329/1 3205/6333/1 3221/6331/1
f 3205/6333/1 3206/6335/1 3222/6334/1
f 3206/6335/1 3191/6306/1 3207/6305/1
f 3208/6336/274 3224/6340/274 3223/6337/274
f 3209/6339/275 3225/8174/275 3224/6340/275
f 3210/6341/276 3226/6345/276 3225/6342/276
f 3211/6344/277 3227/6347/277 3226/6345/277
f 3212/6346/278 3228/6349/278 3227/6347/278
f 3213/6348/279 3229/8175/279 3228/6349/279
f 3214/6350/280 3230/6354/280 3229/6351/280
f 3215/6353/281 3231/6356/281 3230/6354/281
f 3216/6355/282 3232/6358/282 3231/6356/282
f 3217/6357/283 3233/8176/283 3232/6358/283
f 3218/6359/284 3234/6363/284 3233/6360/284
f 3219/6362/285 3235/6365/285 3234/6363/285
f 3220/6364/286 3236/6367/286 3235/6365/286
f 3221/6366/287 3237/8177/287 3236/6367/287
f 3222/6368/288 3238/6371/288 3237/6369/288
f 3207/6338/289 3223/6337/289 3238/6371/289
f 3241/6372/7 3242/8178/7 3240/6373/7
f 3244/6375/1 3246/8179/1 3245/6376/1
f 3240/6378/3 3244/8180/3 3243/6379/3
f 3245/6381/5 3246/8181/5 3242/6382/5
f 3243/6384/6 3245/8182/6 3241/6385/6
f 3242/6387/4 3246/8183/4 3244/6388/4
f 3249/6390/7 3250/8184/7 3248/6391/7
f 3252/6393/1 3254/8185/1 3253/6394/1
f 3248/6396/3 3252/8186/3 3251/6397/3
f 3253/6399/5 3254/8187/5 3250/6400/5
f 3251/6402/6 3253/8188/6 3249/6403/6
f 3250/6405/4 3254/8189/4 3252/6406/4
f 3255/6408/354 3256/8190/354 3242/6409/354
f 3246/6411/2 3258/8191/2 3257/6412/2
f 3257/6414/5 3258/8192/5 3256/6415/5
f 3245/6417/6 3257/8193/6 3255/6418/6
f 3256/6420/4 3258/8194/4 3246/6421/4
f 3259/6423/354 3260/8195/354 3250/6424/354
f 3254/6426/2 3262/8196/2 3261/6427/2
f 3261/6429/5 3262/8197/5 3260/6430/5
f 3253/6432/6 3261/8198/6 3259/6433/6
f 3260/6435/4 3262/8199/4 3254/6436/4
f 3263/6438/7 3264/8200/7 3256/6439/7
f 3258/6441/1 3266/8201/1 3265/6442/1
f 3265/6444/5 3266/8202/5 3264/6445/5
f 3257/6447/6 3265/8203/6 3263/6448/6
f 3264/6450/4 3266/8204/4 3258/6451/4
f 3267/6453/7 3268/8205/7 3260/6454/7
f 3262/6456/1 3270/8206/1 3269/6457/1
f 3269/6459/5 3270/8207/5 3268/6460/5
f 3261/6462/6 3269/8208/6 3267/6463/6
f 3268/6465/4 3270/8209/4 3262/6466/4
f 3274/6468/7 3273/8210/7 3272/6469/7
f 3272/6471/3 3276/8211/3 3275/6472/3
f 3273/6474/4 3277/8212/4 3276/6475/4
f 3274/6477/5 3278/8213/5 3277/6478/5
f 3271/6480/6 3275/8214/6 3278/6481/6
f 3283/6487/17 3282/6486/17 3279/6507/17
f 3288/6509/37 3290/8215/37 3281/6485/37
f 3290/6494/18 3289/6493/18 3285/6510/18
f 3287/6491/28 3286/6490/28 3284/6512/28
f 3301/6514/19 3300/8216/19 3291/6495/19
f 3294/6498/20 3296/6500/20 3293/6497/20
f 3297/6515/21 3299/8217/21 3296/6500/21
f 3302/6506/29 3301/6505/29 3299/6516/29
f 3295/6518/23 3294/8218/23 3282/6486/23
f 3298/6502/38 3297/6501/38 3286/6490/38
f 3282/6486/3 3294/8218/3 3292/6519/3
f 3290/6520/7 3287/8219/7 3283/6521/7
f 3286/6490/4 3297/6501/4 3295/6523/4
f 3289/6493/5 3302/6506/5 3298/6517/5
f 3296/6500/1 3299/8217/1 3301/6514/1
f 3306/6524/7 3305/8220/7 3304/6525/7
f 3304/6527/3 3308/8221/3 3307/6528/3
f 3305/6530/4 3309/8222/4 3308/6531/4
f 3306/6533/5 3310/8223/5 3309/6534/5
f 3303/6536/6 3307/8224/6 3310/6537/6
f 3315/6543/17 3314/6542/17 3311/6563/17
f 3320/6565/37 3322/8225/37 3313/6541/37
f 3322/6550/72 3321/6549/72 3317/6566/72
f 3319/6547/28 3318/6546/28 3316/6568/28
f 3333/6570/19 3332/8226/19 3323/6551/19
f 3326/6554/20 3328/6556/20 3325/6553/20
f 3329/6571/21 3331/8227/21 3328/6556/21
f 3334/6562/29 3333/6561/29 3331/6572/29
f 3324/6574/22 3323/8228/22 3312/6540/22
f 3327/6575/23 3326/8229/23 3314/6542/23
f 3330/6558/38 3329/6557/38 3318/6546/38
f 3332/6560/25 3334/6562/25 3321/6549/25
f 3314/6542/3 3326/8229/3 3324/6576/3
f 3322/6577/7 3319/8230/7 3315/6578/7
f 3312/6540/6 3323/8228/6 3332/6580/6
f 3318/6546/4 3329/6557/4 3327/6581/4
f 3321/6549/5 3334/6562/5 3330/6573/5
f 3328/6556/1 3331/8227/1 3333/6570/1
f 3336/6582/3 3340/8231/3 3339/6583/3
f 3337/6585/4 3341/8232/4 3340/6586/4
f 3338/6588/5 3342/8233/5 3341/6589/5
f 3335/6591/6 3339/8234/6 3342/6592/6
f 3346/6594/7 3345/8235/7 3344/6595/7
f 3348/6597/1 3349/8236/1 3350/6598/1
f 3344/6600/3 3348/8237/3 3347/6601/3
f 3345/6603/4 3349/8238/4 3348/6604/4
f 3346/6606/5 3350/8239/5 3349/6607/5
f 3343/6609/6 3347/8240/6 3350/6610/6
f 3354/6612/7 3353/8241/7 3352/6613/7
f 3356/6615/1 3357/8242/1 3358/6616/1
f 3352/6618/3 3356/8243/3 3355/6619/3
f 3353/6621/4 3357/8244/4 3356/6622/4
f 3354/6624/5 3358/8245/5 3357/6625/5
f 3351/6627/6 3355/8246/6 3358/6628/6
f 3360/6630/3 3364/8247/3 3363/6631/3
f 3361/6633/4 3365/8248/4 3364/6634/4
f 3362/6636/5 3366/8249/5 3365/6637/5
f 3359/6639/6 3363/8250/6 3366/6640/6
f 3368/6642/3 3372/8251/3 3371/6643/3
f 3369/6645/4 3373/8252/4 3372/6646/4
f 3370/6648/5 3374/8253/5 3373/6649/5
f 3367/6651/6 3371/8254/6 3374/6652/6
f 3376/6654/3 3380/8255/3 3379/6655/3
f 3377/6657/4 3381/8256/4 3380/6658/4
f 3378/6660/5 3382/8257/5 3381/6661/5
f 3375/6663/6 3379/8258/6 3382/6664/6
f 3386/6666/7 3385/8259/7 3384/6667/7
f 3388/6669/1 3389/8260/1 3390/6670/1
f 3384/6672/3 3388/8261/3 3387/6673/3
f 3385/6675/4 3389/8262/4 3388/6676/4
f 3386/6678/5 3390/8263/5 3389/6679/5
f 3383/6681/6 3387/8264/6 3390/6682/6
f 3394/6684/7 3393/8265/7 3392/6685/7
f 3396/6687/1 3397/8266/1 3398/6688/1
f 3392/6690/3 3396/8267/3 3395/6691/3
f 3393/6693/4 3397/8268/4 3396/6694/4
f 3394/6696/5 3398/8269/5 3397/6697/5
f 3391/6699/6 3395/8270/6 3398/6700/6
f 3400/6702/3 3404/8271/3 3403/6703/3
f 3401/6705/4 3405/8272/4 3404/6706/4
f 3402/6708/5 3406/8273/5 3405/6709/5
f 3399/6711/6 3403/8274/6 3406/6712/6
f 3408/6714/3 3412/8275/3 3411/6715/3
f 3409/6717/4 3413/8276/4 3412/6718/4
f 3410/6720/5 3414/8277/5 3413/6721/5
f 3407/6723/6 3411/8278/6 3414/6724/6
f 3418/6726/7 3417/8279/7 3416/6727/7
f 3416/6729/3 3420/8280/3 3419/6730/3
f 3417/6732/4 3421/8281/4 3420/6733/4
f 3418/6735/5 3422/8282/5 3421/6736/5
f 3415/6738/6 3419/8283/6 3422/6739/6
f 3426/6741/7 3425/8284/7 3424/6742/7
f 3428/6744/1 3429/8285/1 3430/6745/1
f 3424/6747/3 3428/8286/3 3427/6748/3
f 3425/6750/4 3429/8287/4 3428/6751/4
f 3426/6753/5 3430/8288/5 3429/6754/5
f 3423/6756/6 3427/8289/6 3430/6757/6
