# Cortico world-unit floor grid; generated from the adopted blend
mtllib floor.mtl
usemtl CorticoFloor
v -12.015326 0.006000 -32.906000
v -11.015326 0.006000 -32.906000
v -10.015326 0.006000 -32.906000
v -9.015326 0.006000 -32.906000
v -8.015326 0.006000 -32.906000
v -7.015326 0.006000 -32.906000
v -6.015326 0.006000 -32.906000
v -5.015326 0.006000 -32.906000
v -4.015326 0.006000 -32.906000
v -3.015326 0.006000 -32.906000
v -2.015326 0.006000 -32.906000
v -1.015326 0.006000 -32.906000
v -0.015326 0.006000 -32.906000
v 0.984674 0.006000 -32.906000
v 1.984674 0.006000 -32.906000
v 2.984674 0.006000 -32.906000
v 3.984674 0.006000 -32.906000
v 4.984674 0.006000 -32.906000
v 5.984674 0.006000 -32.906000
v 6.984674 0.006000 -32.906000
v 7.984674 0.006000 -32.906000
v 8.984674 0.006000 -32.906000
v 9.984674 0.006000 -32.906000
v 10.984674 0.006000 -32.906000
v 11.984674 0.006000 -32.906000
v 12.984674 0.006000 -32.906000
v 13.984674 0.006000 -32.906000
v 14.984674 0.006000 -32.906000
v 15.984674 0.006000 -32.906000
v 16.984673 0.006000 -32.906000
v 17.984673 0.006000 -32.906000
v 18.984673 0.006000 -32.906000
v 19.984673 0.006000 -32.906000
v 20.984673 0.006000 -32.906000
v 21.984673 0.006000 -32.906000
v 22.000000 0.006000 -32.906000
v -12.015326 0.006000 -31.906000
v -11.015326 0.006000 -31.906000
v -10.015326 0.006000 -31.906000
v -9.015326 0.006000 -31.906000
v -8.015326 0.006000 -31.906000
v -7.015326 0.006000 -31.906000
v -6.015326 0.006000 -31.906000
v -5.015326 0.006000 -31.906000
v -4.015326 0.006000 -31.906000
v -3.015326 0.006000 -31.906000
v -2.015326 0.006000 -31.906000
v -1.015326 0.006000 -31.906000
v -0.015326 0.006000 -31.906000
v 0.984674 0.006000 -31.906000
v 1.984674 0.006000 -31.906000
v 2.984674 0.006000 -31.906000
v 3.984674 0.006000 -31.906000
v 4.984674 0.006000 -31.906000
v 5.984674 0.006000 -31.906000
v 6.984674 0.006000 -31.906000
v 7.984674 0.006000 -31.906000
v 8.984674 0.006000 -31.906000
v 9.984674 0.006000 -31.906000
v 10.984674 0.006000 -31.906000
v 11.984674 0.006000 -31.906000
v 12.984674 0.006000 -31.906000
v 13.984674 0.006000 -31.906000
v 14.984674 0.006000 -31.906000
v 15.984674 0.006000 -31.906000
v 16.984673 0.006000 -31.906000
v 17.984673 0.006000 -31.906000
v 18.984673 0.006000 -31.906000
v 19.984673 0.006000 -31.906000
v 20.984673 0.006000 -31.906000
v 21.984673 0.006000 -31.906000
v 22.000000 0.006000 -31.906000
v -12.015326 0.006000 -30.906000
v -11.015326 0.006000 -30.906000
v -10.015326 0.006000 -30.906000
v -9.015326 0.006000 -30.906000
v -8.015326 0.006000 -30.906000
v -7.015326 0.006000 -30.906000
v -6.015326 0.006000 -30.906000
v -5.015326 0.006000 -30.906000
v -4.015326 0.006000 -30.906000
v -3.015326 0.006000 -30.906000
v -2.015326 0.006000 -30.906000
v -1.015326 0.006000 -30.906000
v -0.015326 0.006000 -30.906000
v 0.984674 0.006000 -30.906000
v 1.984674 0.006000 -30.906000
v 2.984674 0.006000 -30.906000
v 3.984674 0.006000 -30.906000
v 4.984674 0.006000 -30.906000
v 5.984674 0.006000 -30.906000
v 6.984674 0.006000 -30.906000
v 7.984674 0.006000 -30.906000
v 8.984674 0.006000 -30.906000
v 9.984674 0.006000 -30.906000
v 10.984674 0.006000 -30.906000
v 11.984674 0.006000 -30.906000
v 12.984674 0.006000 -30.906000
v 13.984674 0.006000 -30.906000
v 14.984674 0.006000 -30.906000
v 15.984674 0.006000 -30.906000
v 16.984673 0.006000 -30.906000
v 17.984673 0.006000 -30.906000
v 18.984673 0.006000 -30.906000
v 19.984673 0.006000 -30.906000
v 20.984673 0.006000 -30.906000
v 21.984673 0.006000 -30.906000
v 22.000000 0.006000 -30.906000
v -12.015326 0.006000 -29.906000
v -11.015326 0.006000 -29.906000
v -10.015326 0.006000 -29.906000
v -9.015326 0.006000 -29.906000
v -8.015326 0.006000 -29.906000
v -7.015326 0.006000 -29.906000
v -6.015326 0.006000 -29.906000
v -5.015326 0.006000 -29.906000
v -4.015326 0.006000 -29.906000
v -3.015326 0.006000 -29.906000
v -2.015326 0.006000 -29.906000
v -1.015326 0.006000 -29.906000
v -0.015326 0.006000 -29.906000
v 0.984674 0.006000 -29.906000
v 1.984674 0.006000 -29.906000
v 2.984674 0.006000 -29.906000
v 3.984674 0.006000 -29.906000
v 4.984674 0.006000 -29.906000
v 5.984674 0.006000 -29.906000
v 6.984674 0.006000 -29.906000
v 7.984674 0.006000 -29.906000
v 8.984674 0.006000 -29.906000
v 9.984674 0.006000 -29.906000
v 10.984674 0.006000 -29.906000
v 11.984674 0.006000 -29.906000
v 12.984674 0.006000 -29.906000
v 13.984674 0.006000 -29.906000
v 14.984674 0.006000 -29.906000
v 15.984674 0.006000 -29.906000
v 16.984673 0.006000 -29.906000
v 17.984673 0.006000 -29.906000
v 18.984673 0.006000 -29.906000
v 19.984673 0.006000 -29.906000
v 20.984673 0.006000 -29.906000
v 21.984673 0.006000 -29.906000
v 22.000000 0.006000 -29.906000
v -12.015326 0.006000 -28.906000
v -11.015326 0.006000 -28.906000
v -10.015326 0.006000 -28.906000
v -9.015326 0.006000 -28.906000
v -8.015326 0.006000 -28.906000
v -7.015326 0.006000 -28.906000
v -6.015326 0.006000 -28.906000
v -5.015326 0.006000 -28.906000
v -4.015326 0.006000 -28.906000
v -3.015326 0.006000 -28.906000
v -2.015326 0.006000 -28.906000
v -1.015326 0.006000 -28.906000
v -0.015326 0.006000 -28.906000
v 0.984674 0.006000 -28.906000
v 1.984674 0.006000 -28.906000
v 2.984674 0.006000 -28.906000
v 3.984674 0.006000 -28.906000
v 4.984674 0.006000 -28.906000
v 5.984674 0.006000 -28.906000
v 6.984674 0.006000 -28.906000
v 7.984674 0.006000 -28.906000
v 8.984674 0.006000 -28.906000
v 9.984674 0.006000 -28.906000
v 10.984674 0.006000 -28.906000
v 11.984674 0.006000 -28.906000
v 12.984674 0.006000 -28.906000
v 13.984674 0.006000 -28.906000
v 14.984674 0.006000 -28.906000
v 15.984674 0.006000 -28.906000
v 16.984673 0.006000 -28.906000
v 17.984673 0.006000 -28.906000
v 18.984673 0.006000 -28.906000
v 19.984673 0.006000 -28.906000
v 20.984673 0.006000 -28.906000
v 21.984673 0.006000 -28.906000
v 22.000000 0.006000 -28.906000
v -12.015326 0.006000 -27.906000
v -11.015326 0.006000 -27.906000
v -10.015326 0.006000 -27.906000
v -9.015326 0.006000 -27.906000
v -8.015326 0.006000 -27.906000
v -7.015326 0.006000 -27.906000
v -6.015326 0.006000 -27.906000
v -5.015326 0.006000 -27.906000
v -4.015326 0.006000 -27.906000
v -3.015326 0.006000 -27.906000
v -2.015326 0.006000 -27.906000
v -1.015326 0.006000 -27.906000
v -0.015326 0.006000 -27.906000
v 0.984674 0.006000 -27.906000
v 1.984674 0.006000 -27.906000
v 2.984674 0.006000 -27.906000
v 3.984674 0.006000 -27.906000
v 4.984674 0.006000 -27.906000
v 5.984674 0.006000 -27.906000
v 6.984674 0.006000 -27.906000
v 7.984674 0.006000 -27.906000
v 8.984674 0.006000 -27.906000
v 9.984674 0.006000 -27.906000
v 10.984674 0.006000 -27.906000
v 11.984674 0.006000 -27.906000
v 12.984674 0.006000 -27.906000
v 13.984674 0.006000 -27.906000
v 14.984674 0.006000 -27.906000
v 15.984674 0.006000 -27.906000
v 16.984673 0.006000 -27.906000
v 17.984673 0.006000 -27.906000
v 18.984673 0.006000 -27.906000
v 19.984673 0.006000 -27.906000
v 20.984673 0.006000 -27.906000
v 21.984673 0.006000 -27.906000
v 22.000000 0.006000 -27.906000
v -12.015326 0.006000 -26.906000
v -11.015326 0.006000 -26.906000
v -10.015326 0.006000 -26.906000
v -9.015326 0.006000 -26.906000
v -8.015326 0.006000 -26.906000
v -7.015326 0.006000 -26.906000
v -6.015326 0.006000 -26.906000
v -5.015326 0.006000 -26.906000
v -4.015326 0.006000 -26.906000
v -3.015326 0.006000 -26.906000
v -2.015326 0.006000 -26.906000
v -1.015326 0.006000 -26.906000
v -0.015326 0.006000 -26.906000
v 0.984674 0.006000 -26.906000
v 1.984674 0.006000 -26.906000
v 2.984674 0.006000 -26.906000
v 3.984674 0.006000 -26.906000
v 4.984674 0.006000 -26.906000
v 5.984674 0.006000 -26.906000
v 6.984674 0.006000 -26.906000
v 7.984674 0.006000 -26.906000
v 8.984674 0.006000 -26.906000
v 9.984674 0.006000 -26.906000
v 10.984674 0.006000 -26.906000
v 11.984674 0.006000 -26.906000
v 12.984674 0.006000 -26.906000
v 13.984674 0.006000 -26.906000
v 14.984674 0.006000 -26.906000
v 15.984674 0.006000 -26.906000
v 16.984673 0.006000 -26.906000
v 17.984673 0.006000 -26.906000
v 18.984673 0.006000 -26.906000
v 19.984673 0.006000 -26.906000
v 20.984673 0.006000 -26.906000
v 21.984673 0.006000 -26.906000
v 22.000000 0.006000 -26.906000
v -12.015326 0.006000 -25.906000
v -11.015326 0.006000 -25.906000
v -10.015326 0.006000 -25.906000
v -9.015326 0.006000 -25.906000
v -8.015326 0.006000 -25.906000
v -7.015326 0.006000 -25.906000
v -6.015326 0.006000 -25.906000
v -5.015326 0.006000 -25.906000
v -4.015326 0.006000 -25.906000
v -3.015326 0.006000 -25.906000
v -2.015326 0.006000 -25.906000
v -1.015326 0.006000 -25.906000
v -0.015326 0.006000 -25.906000
v 0.984674 0.006000 -25.906000
v 1.984674 0.006000 -25.906000
v 2.984674 0.006000 -25.906000
v 3.984674 0.006000 -25.906000
v 4.984674 0.006000 -25.906000
v 5.984674 0.006000 -25.906000
v 6.984674 0.006000 -25.906000
v 7.984674 0.006000 -25.906000
v 8.984674 0.006000 -25.906000
v 9.984674 0.006000 -25.906000
v 10.984674 0.006000 -25.906000
v 11.984674 0.006000 -25.906000
v 12.984674 0.006000 -25.906000
v 13.984674 0.006000 -25.906000
v 14.984674 0.006000 -25.906000
v 15.984674 0.006000 -25.906000
v 16.984673 0.006000 -25.906000
v 17.984673 0.006000 -25.906000
v 18.984673 0.006000 -25.906000
v 19.984673 0.006000 -25.906000
v 20.984673 0.006000 -25.906000
v 21.984673 0.006000 -25.906000
v 22.000000 0.006000 -25.906000
v -12.015326 0.006000 -24.906000
v -11.015326 0.006000 -24.906000
v -10.015326 0.006000 -24.906000
v -9.015326 0.006000 -24.906000
v -8.015326 0.006000 -24.906000
v -7.015326 0.006000 -24.906000
v -6.015326 0.006000 -24.906000
v -5.015326 0.006000 -24.906000
v -4.015326 0.006000 -24.906000
v -3.015326 0.006000 -24.906000
v -2.015326 0.006000 -24.906000
v -1.015326 0.006000 -24.906000
v -0.015326 0.006000 -24.906000
v 0.984674 0.006000 -24.906000
v 1.984674 0.006000 -24.906000
v 2.984674 0.006000 -24.906000
v 3.984674 0.006000 -24.906000
v 4.984674 0.006000 -24.906000
v 5.984674 0.006000 -24.906000
v 6.984674 0.006000 -24.906000
v 7.984674 0.006000 -24.906000
v 8.984674 0.006000 -24.906000
v 9.984674 0.006000 -24.906000
v 10.984674 0.006000 -24.906000
v 11.984674 0.006000 -24.906000
v 12.984674 0.006000 -24.906000
v 13.984674 0.006000 -24.906000
v 14.984674 0.006000 -24.906000
v 15.984674 0.006000 -24.906000
v 16.984673 0.006000 -24.906000
v 17.984673 0.006000 -24.906000
v 18.984673 0.006000 -24.906000
v 19.984673 0.006000 -24.906000
v 20.984673 0.006000 -24.906000
v 21.984673 0.006000 -24.906000
v 22.000000 0.006000 -24.906000
v -12.015326 0.006000 -23.906000
v -11.015326 0.006000 -23.906000
v -10.015326 0.006000 -23.906000
v -9.015326 0.006000 -23.906000
v -8.015326 0.006000 -23.906000
v -7.015326 0.006000 -23.906000
v -6.015326 0.006000 -23.906000
v -5.015326 0.006000 -23.906000
v -4.015326 0.006000 -23.906000
v -3.015326 0.006000 -23.906000
v -2.015326 0.006000 -23.906000
v -1.015326 0.006000 -23.906000
v -0.015326 0.006000 -23.906000
v 0.984674 0.006000 -23.906000
v 1.984674 0.006000 -23.906000
v 2.984674 0.006000 -23.906000
v 3.984674 0.006000 -23.906000
v 4.984674 0.006000 -23.906000
v 5.984674 0.006000 -23.906000
v 6.984674 0.006000 -23.906000
v 7.984674 0.006000 -23.906000
v 8.984674 0.006000 -23.906000
v 9.984674 0.006000 -23.906000
v 10.984674 0.006000 -23.906000
v 11.984674 0.006000 -23.906000
v 12.984674 0.006000 -23.906000
v 13.984674 0.006000 -23.906000
v 14.984674 0.006000 -23.906000
v 15.984674 0.006000 -23.906000
v 16.984673 0.006000 -23.906000
v 17.984673 0.006000 -23.906000
v 18.984673 0.006000 -23.906000
v 19.984673 0.006000 -23.906000
v 20.984673 0.006000 -23.906000
v 21.984673 0.006000 -23.906000
v 22.000000 0.006000 -23.906000
v -12.015326 0.006000 -22.906000
v -11.015326 0.006000 -22.906000
v -10.015326 0.006000 -22.906000
v -9.015326 0.006000 -22.906000
v -8.015326 0.006000 -22.906000
v -7.015326 0.006000 -22.906000
v -6.015326 0.006000 -22.906000
v -5.015326 0.006000 -22.906000
v -4.015326 0.006000 -22.906000
v -3.015326 0.006000 -22.906000
v -2.015326 0.006000 -22.906000
v -1.015326 0.006000 -22.906000
v -0.015326 0.006000 -22.906000
v 0.984674 0.006000 -22.906000
v 1.984674 0.006000 -22.906000
v 2.984674 0.006000 -22.906000
v 3.984674 0.006000 -22.906000
v 4.984674 0.006000 -22.906000
v 5.984674 0.006000 -22.906000
v 6.984674 0.006000 -22.906000
v 7.984674 0.006000 -22.906000
v 8.984674 0.006000 -22.906000
v 9.984674 0.006000 -22.906000
v 10.984674 0.006000 -22.906000
v 11.984674 0.006000 -22.906000
v 12.984674 0.006000 -22.906000
v 13.984674 0.006000 -22.906000
v 14.984674 0.006000 -22.906000
v 15.984674 0.006000 -22.906000
v 16.984673 0.006000 -22.906000
v 17.984673 0.006000 -22.906000
v 18.984673 0.006000 -22.906000
v 19.984673 0.006000 -22.906000
v 20.984673 0.006000 -22.906000
v 21.984673 0.006000 -22.906000
v 22.000000 0.006000 -22.906000
v -12.015326 0.006000 -21.906000
v -11.015326 0.006000 -21.906000
v -10.015326 0.006000 -21.906000
v -9.015326 0.006000 -21.906000
v -8.015326 0.006000 -21.906000
v -7.015326 0.006000 -21.906000
v -6.015326 0.006000 -21.906000
v -5.015326 0.006000 -21.906000
v -4.015326 0.006000 -21.906000
v -3.015326 0.006000 -21.906000
v -2.015326 0.006000 -21.906000
v -1.015326 0.006000 -21.906000
v -0.015326 0.006000 -21.906000
v 0.984674 0.006000 -21.906000
v 1.984674 0.006000 -21.906000
v 2.984674 0.006000 -21.906000
v 3.984674 0.006000 -21.906000
v 4.984674 0.006000 -21.906000
v 5.984674 0.006000 -21.906000
v 6.984674 0.006000 -21.906000
v 7.984674 0.006000 -21.906000
v 8.984674 0.006000 -21.906000
v 9.984674 0.006000 -21.906000
v 10.984674 0.006000 -21.906000
v 11.984674 0.006000 -21.906000
v 12.984674 0.006000 -21.906000
v 13.984674 0.006000 -21.906000
v 14.984674 0.006000 -21.906000
v 15.984674 0.006000 -21.906000
v 16.984673 0.006000 -21.906000
v 17.984673 0.006000 -21.906000
v 18.984673 0.006000 -21.906000
v 19.984673 0.006000 -21.906000
v 20.984673 0.006000 -21.906000
v 21.984673 0.006000 -21.906000
v 22.000000 0.006000 -21.906000
v -12.015326 0.006000 -20.906000
v -11.015326 0.006000 -20.906000
v -10.015326 0.006000 -20.906000
v -9.015326 0.006000 -20.906000
v -8.015326 0.006000 -20.906000
v -7.015326 0.006000 -20.906000
v -6.015326 0.006000 -20.906000
v -5.015326 0.006000 -20.906000
v -4.015326 0.006000 -20.906000
v -3.015326 0.006000 -20.906000
v -2.015326 0.006000 -20.906000
v -1.015326 0.006000 -20.906000
v -0.015326 0.006000 -20.906000
v 0.984674 0.006000 -20.906000
v 1.984674 0.006000 -20.906000
v 2.984674 0.006000 -20.906000
v 3.984674 0.006000 -20.906000
v 4.984674 0.006000 -20.906000
v 5.984674 0.006000 -20.906000
v 6.984674 0.006000 -20.906000
v 7.984674 0.006000 -20.906000
v 8.984674 0.006000 -20.906000
v 9.984674 0.006000 -20.906000
v 10.984674 0.006000 -20.906000
v 11.984674 0.006000 -20.906000
v 12.984674 0.006000 -20.906000
v 13.984674 0.006000 -20.906000
v 14.984674 0.006000 -20.906000
v 15.984674 0.006000 -20.906000
v 16.984673 0.006000 -20.906000
v 17.984673 0.006000 -20.906000
v 18.984673 0.006000 -20.906000
v 19.984673 0.006000 -20.906000
v 20.984673 0.006000 -20.906000
v 21.984673 0.006000 -20.906000
v 22.000000 0.006000 -20.906000
v -12.015326 0.006000 -19.906000
v -11.015326 0.006000 -19.906000
v -10.015326 0.006000 -19.906000
v -9.015326 0.006000 -19.906000
v -8.015326 0.006000 -19.906000
v -7.015326 0.006000 -19.906000
v -6.015326 0.006000 -19.906000
v -5.015326 0.006000 -19.906000
v -4.015326 0.006000 -19.906000
v -3.015326 0.006000 -19.906000
v -2.015326 0.006000 -19.906000
v -1.015326 0.006000 -19.906000
v -0.015326 0.006000 -19.906000
v 0.984674 0.006000 -19.906000
v 1.984674 0.006000 -19.906000
v 2.984674 0.006000 -19.906000
v 3.984674 0.006000 -19.906000
v 4.984674 0.006000 -19.906000
v 5.984674 0.006000 -19.906000
v 6.984674 0.006000 -19.906000
v 7.984674 0.006000 -19.906000
v 8.984674 0.006000 -19.906000
v 9.984674 0.006000 -19.906000
v 10.984674 0.006000 -19.906000
v 11.984674 0.006000 -19.906000
v 12.984674 0.006000 -19.906000
v 13.984674 0.006000 -19.906000
v 14.984674 0.006000 -19.906000
v 15.984674 0.006000 -19.906000
v 16.984673 0.006000 -19.906000
v 17.984673 0.006000 -19.906000
v 18.984673 0.006000 -19.906000
v 19.984673 0.006000 -19.906000
v 20.984673 0.006000 -19.906000
v 21.984673 0.006000 -19.906000
v 22.000000 0.006000 -19.906000
v -12.015326 0.006000 -18.906000
v -11.015326 0.006000 -18.906000
v -10.015326 0.006000 -18.906000
v -9.015326 0.006000 -18.906000
v -8.015326 0.006000 -18.906000
v -7.015326 0.006000 -18.906000
v -6.015326 0.006000 -18.906000
v -5.015326 0.006000 -18.906000
v -4.015326 0.006000 -18.906000
v -3.015326 0.006000 -18.906000
v -2.015326 0.006000 -18.906000
v -1.015326 0.006000 -18.906000
v -0.015326 0.006000 -18.906000
v 0.984674 0.006000 -18.906000
v 1.984674 0.006000 -18.906000
v 2.984674 0.006000 -18.906000
v 3.984674 0.006000 -18.906000
v 4.984674 0.006000 -18.906000
v 5.984674 0.006000 -18.906000
v 6.984674 0.006000 -18.906000
v 7.984674 0.006000 -18.906000
v 8.984674 0.006000 -18.906000
v 9.984674 0.006000 -18.906000
v 10.984674 0.006000 -18.906000
v 11.984674 0.006000 -18.906000
v 12.984674 0.006000 -18.906000
v 13.984674 0.006000 -18.906000
v 14.984674 0.006000 -18.906000
v 15.984674 0.006000 -18.906000
v 16.984673 0.006000 -18.906000
v 17.984673 0.006000 -18.906000
v 18.984673 0.006000 -18.906000
v 19.984673 0.006000 -18.906000
v 20.984673 0.006000 -18.906000
v 21.984673 0.006000 -18.906000
v 22.000000 0.006000 -18.906000
v -12.015326 0.006000 -17.906000
v -11.015326 0.006000 -17.906000
v -10.015326 0.006000 -17.906000
v -9.015326 0.006000 -17.906000
v -8.015326 0.006000 -17.906000
v -7.015326 0.006000 -17.906000
v -6.015326 0.006000 -17.906000
v -5.015326 0.006000 -17.906000
v -4.015326 0.006000 -17.906000
v -3.015326 0.006000 -17.906000
v -2.015326 0.006000 -17.906000
v -1.015326 0.006000 -17.906000
v -0.015326 0.006000 -17.906000
v 0.984674 0.006000 -17.906000
v 1.984674 0.006000 -17.906000
v 2.984674 0.006000 -17.906000
v 3.984674 0.006000 -17.906000
v 4.984674 0.006000 -17.906000
v 5.984674 0.006000 -17.906000
v 6.984674 0.006000 -17.906000
v 7.984674 0.006000 -17.906000
v 8.984674 0.006000 -17.906000
v 9.984674 0.006000 -17.906000
v 10.984674 0.006000 -17.906000
v 11.984674 0.006000 -17.906000
v 12.984674 0.006000 -17.906000
v 13.984674 0.006000 -17.906000
v 14.984674 0.006000 -17.906000
v 15.984674 0.006000 -17.906000
v 16.984673 0.006000 -17.906000
v 17.984673 0.006000 -17.906000
v 18.984673 0.006000 -17.906000
v 19.984673 0.006000 -17.906000
v 20.984673 0.006000 -17.906000
v 21.984673 0.006000 -17.906000
v 22.000000 0.006000 -17.906000
v -12.015326 0.006000 -16.906000
v -11.015326 0.006000 -16.906000
v -10.015326 0.006000 -16.906000
v -9.015326 0.006000 -16.906000
v -8.015326 0.006000 -16.906000
v -7.015326 0.006000 -16.906000
v -6.015326 0.006000 -16.906000
v -5.015326 0.006000 -16.906000
v -4.015326 0.006000 -16.906000
v -3.015326 0.006000 -16.906000
v -2.015326 0.006000 -16.906000
v -1.015326 0.006000 -16.906000
v -0.015326 0.006000 -16.906000
v 0.984674 0.006000 -16.906000
v 1.984674 0.006000 -16.906000
v 2.984674 0.006000 -16.906000
v 3.984674 0.006000 -16.906000
v 4.984674 0.006000 -16.906000
v 5.984674 0.006000 -16.906000
v 6.984674 0.006000 -16.906000
v 7.984674 0.006000 -16.906000
v 8.984674 0.006000 -16.906000
v 9.984674 0.006000 -16.906000
v 10.984674 0.006000 -16.906000
v 11.984674 0.006000 -16.906000
v 12.984674 0.006000 -16.906000
v 13.984674 0.006000 -16.906000
v 14.984674 0.006000 -16.906000
v 15.984674 0.006000 -16.906000
v 16.984673 0.006000 -16.906000
v 17.984673 0.006000 -16.906000
v 18.984673 0.006000 -16.906000
v 19.984673 0.006000 -16.906000
v 20.984673 0.006000 -16.906000
v 21.984673 0.006000 -16.906000
v 22.000000 0.006000 -16.906000
v -12.015326 0.006000 -15.906000
v -11.015326 0.006000 -15.906000
v -10.015326 0.006000 -15.906000
v -9.015326 0.006000 -15.906000
v -8.015326 0.006000 -15.906000
v -7.015326 0.006000 -15.906000
v -6.015326 0.006000 -15.906000
v -5.015326 0.006000 -15.906000
v -4.015326 0.006000 -15.906000
v -3.015326 0.006000 -15.906000
v -2.015326 0.006000 -15.906000
v -1.015326 0.006000 -15.906000
v -0.015326 0.006000 -15.906000
v 0.984674 0.006000 -15.906000
v 1.984674 0.006000 -15.906000
v 2.984674 0.006000 -15.906000
v 3.984674 0.006000 -15.906000
v 4.984674 0.006000 -15.906000
v 5.984674 0.006000 -15.906000
v 6.984674 0.006000 -15.906000
v 7.984674 0.006000 -15.906000
v 8.984674 0.006000 -15.906000
v 9.984674 0.006000 -15.906000
v 10.984674 0.006000 -15.906000
v 11.984674 0.006000 -15.906000
v 12.984674 0.006000 -15.906000
v 13.984674 0.006000 -15.906000
v 14.984674 0.006000 -15.906000
v 15.984674 0.006000 -15.906000
v 16.984673 0.006000 -15.906000
v 17.984673 0.006000 -15.906000
v 18.984673 0.006000 -15.906000
v 19.984673 0.006000 -15.906000
v 20.984673 0.006000 -15.906000
v 21.984673 0.006000 -15.906000
v 22.000000 0.006000 -15.906000
v -12.015326 0.006000 -14.906000
v -11.015326 0.006000 -14.906000
v -10.015326 0.006000 -14.906000
v -9.015326 0.006000 -14.906000
v -8.015326 0.006000 -14.906000
v -7.015326 0.006000 -14.906000
v -6.015326 0.006000 -14.906000
v -5.015326 0.006000 -14.906000
v -4.015326 0.006000 -14.906000
v -3.015326 0.006000 -14.906000
v -2.015326 0.006000 -14.906000
v -1.015326 0.006000 -14.906000
v -0.015326 0.006000 -14.906000
v 0.984674 0.006000 -14.906000
v 1.984674 0.006000 -14.906000
v 2.984674 0.006000 -14.906000
v 3.984674 0.006000 -14.906000
v 4.984674 0.006000 -14.906000
v 5.984674 0.006000 -14.906000
v 6.984674 0.006000 -14.906000
v 7.984674 0.006000 -14.906000
v 8.984674 0.006000 -14.906000
v 9.984674 0.006000 -14.906000
v 10.984674 0.006000 -14.906000
v 11.984674 0.006000 -14.906000
v 12.984674 0.006000 -14.906000
v 13.984674 0.006000 -14.906000
v 14.984674 0.006000 -14.906000
v 15.984674 0.006000 -14.906000
v 16.984673 0.006000 -14.906000
v 17.984673 0.006000 -14.906000
v 18.984673 0.006000 -14.906000
v 19.984673 0.006000 -14.906000
v 20.984673 0.006000 -14.906000
v 21.984673 0.006000 -14.906000
v 22.000000 0.006000 -14.906000
v -12.015326 0.006000 -13.906000
v -11.015326 0.006000 -13.906000
v -10.015326 0.006000 -13.906000
v -9.015326 0.006000 -13.906000
v -8.015326 0.006000 -13.906000
v -7.015326 0.006000 -13.906000
v -6.015326 0.006000 -13.906000
v -5.015326 0.006000 -13.906000
v -4.015326 0.006000 -13.906000
v -3.015326 0.006000 -13.906000
v -2.015326 0.006000 -13.906000
v -1.015326 0.006000 -13.906000
v -0.015326 0.006000 -13.906000
v 0.984674 0.006000 -13.906000
v 1.984674 0.006000 -13.906000
v 2.984674 0.006000 -13.906000
v 3.984674 0.006000 -13.906000
v 4.984674 0.006000 -13.906000
v 5.984674 0.006000 -13.906000
v 6.984674 0.006000 -13.906000
v 7.984674 0.006000 -13.906000
v 8.984674 0.006000 -13.906000
v 9.984674 0.006000 -13.906000
v 10.984674 0.006000 -13.906000
v 11.984674 0.006000 -13.906000
v 12.984674 0.006000 -13.906000
v 13.984674 0.006000 -13.906000
v 14.984674 0.006000 -13.906000
v 15.984674 0.006000 -13.906000
v 16.984673 0.006000 -13.906000
v 17.984673 0.006000 -13.906000
v 18.984673 0.006000 -13.906000
v 19.984673 0.006000 -13.906000
v 20.984673 0.006000 -13.906000
v 21.984673 0.006000 -13.906000
v 22.000000 0.006000 -13.906000
v -12.015326 0.006000 -12.906000
v -11.015326 0.006000 -12.906000
v -10.015326 0.006000 -12.906000
v -9.015326 0.006000 -12.906000
v -8.015326 0.006000 -12.906000
v -7.015326 0.006000 -12.906000
v -6.015326 0.006000 -12.906000
v -5.015326 0.006000 -12.906000
v -4.015326 0.006000 -12.906000
v -3.015326 0.006000 -12.906000
v -2.015326 0.006000 -12.906000
v -1.015326 0.006000 -12.906000
v -0.015326 0.006000 -12.906000
v 0.984674 0.006000 -12.906000
v 1.984674 0.006000 -12.906000
v 2.984674 0.006000 -12.906000
v 3.984674 0.006000 -12.906000
v 4.984674 0.006000 -12.906000
v 5.984674 0.006000 -12.906000
v 6.984674 0.006000 -12.906000
v 7.984674 0.006000 -12.906000
v 8.984674 0.006000 -12.906000
v 9.984674 0.006000 -12.906000
v 10.984674 0.006000 -12.906000
v 11.984674 0.006000 -12.906000
v 12.984674 0.006000 -12.906000
v 13.984674 0.006000 -12.906000
v 14.984674 0.006000 -12.906000
v 15.984674 0.006000 -12.906000
v 16.984673 0.006000 -12.906000
v 17.984673 0.006000 -12.906000
v 18.984673 0.006000 -12.906000
v 19.984673 0.006000 -12.906000
v 20.984673 0.006000 -12.906000
v 21.984673 0.006000 -12.906000
v 22.000000 0.006000 -12.906000
v -12.015326 0.006000 -11.906000
v -11.015326 0.006000 -11.906000
v -10.015326 0.006000 -11.906000
v -9.015326 0.006000 -11.906000
v -8.015326 0.006000 -11.906000
v -7.015326 0.006000 -11.906000
v -6.015326 0.006000 -11.906000
v -5.015326 0.006000 -11.906000
v -4.015326 0.006000 -11.906000
v -3.015326 0.006000 -11.906000
v -2.015326 0.006000 -11.906000
v -1.015326 0.006000 -11.906000
v -0.015326 0.006000 -11.906000
v 0.984674 0.006000 -11.906000
v 1.984674 0.006000 -11.906000
v 2.984674 0.006000 -11.906000
v 3.984674 0.006000 -11.906000
v 4.984674 0.006000 -11.906000
v 5.984674 0.006000 -11.906000
v 6.984674 0.006000 -11.906000
v 7.984674 0.006000 -11.906000
v 8.984674 0.006000 -11.906000
v 9.984674 0.006000 -11.906000
v 10.984674 0.006000 -11.906000
v 11.984674 0.006000 -11.906000
v 12.984674 0.006000 -11.906000
v 13.984674 0.006000 -11.906000
v 14.984674 0.006000 -11.906000
v 15.984674 0.006000 -11.906000
v 16.984673 0.006000 -11.906000
v 17.984673 0.006000 -11.906000
v 18.984673 0.006000 -11.906000
v 19.984673 0.006000 -11.906000
v 20.984673 0.006000 -11.906000
v 21.984673 0.006000 -11.906000
v 22.000000 0.006000 -11.906000
v -12.015326 0.006000 -10.906000
v -11.015326 0.006000 -10.906000
v -10.015326 0.006000 -10.906000
v -9.015326 0.006000 -10.906000
v -8.015326 0.006000 -10.906000
v -7.015326 0.006000 -10.906000
v -6.015326 0.006000 -10.906000
v -5.015326 0.006000 -10.906000
v -4.015326 0.006000 -10.906000
v -3.015326 0.006000 -10.906000
v -2.015326 0.006000 -10.906000
v -1.015326 0.006000 -10.906000
v -0.015326 0.006000 -10.906000
v 0.984674 0.006000 -10.906000
v 1.984674 0.006000 -10.906000
v 2.984674 0.006000 -10.906000
v 3.984674 0.006000 -10.906000
v 4.984674 0.006000 -10.906000
v 5.984674 0.006000 -10.906000
v 6.984674 0.006000 -10.906000
v 7.984674 0.006000 -10.906000
v 8.984674 0.006000 -10.906000
v 9.984674 0.006000 -10.906000
v 10.984674 0.006000 -10.906000
v 11.984674 0.006000 -10.906000
v 12.984674 0.006000 -10.906000
v 13.984674 0.006000 -10.906000
v 14.984674 0.006000 -10.906000
v 15.984674 0.006000 -10.906000
v 16.984673 0.006000 -10.906000
v 17.984673 0.006000 -10.906000
v 18.984673 0.006000 -10.906000
v 19.984673 0.006000 -10.906000
v 20.984673 0.006000 -10.906000
v 21.984673 0.006000 -10.906000
v 22.000000 0.006000 -10.906000
v -12.015326 0.006000 -9.906000
v -11.015326 0.006000 -9.906000
v -10.015326 0.006000 -9.906000
v -9.015326 0.006000 -9.906000
v -8.015326 0.006000 -9.906000
v -7.015326 0.006000 -9.906000
v -6.015326 0.006000 -9.906000
v -5.015326 0.006000 -9.906000
v -4.015326 0.006000 -9.906000
v -3.015326 0.006000 -9.906000
v -2.015326 0.006000 -9.906000
v -1.015326 0.006000 -9.906000
v -0.015326 0.006000 -9.906000
v 0.984674 0.006000 -9.906000
v 1.984674 0.006000 -9.906000
v 2.984674 0.006000 -9.906000
v 3.984674 0.006000 -9.906000
v 4.984674 0.006000 -9.906000
v 5.984674 0.006000 -9.906000
v 6.984674 0.006000 -9.906000
v 7.984674 0.006000 -9.906000
v 8.984674 0.006000 -9.906000
v 9.984674 0.006000 -9.906000
v 10.984674 0.006000 -9.906000
v 11.984674 0.006000 -9.906000
v 12.984674 0.006000 -9.906000
v 13.984674 0.006000 -9.906000
v 14.984674 0.006000 -9.906000
v 15.984674 0.006000 -9.906000
v 16.984673 0.006000 -9.906000
v 17.984673 0.006000 -9.906000
v 18.984673 0.006000 -9.906000
v 19.984673 0.006000 -9.906000
v 20.984673 0.006000 -9.906000
v 21.984673 0.006000 -9.906000
v 22.000000 0.006000 -9.906000
v -12.015326 0.006000 -8.906000
v -11.015326 0.006000 -8.906000
v -10.015326 0.006000 -8.906000
v -9.015326 0.006000 -8.906000
v -8.015326 0.006000 -8.906000
v -7.015326 0.006000 -8.906000
v -6.015326 0.006000 -8.906000
v -5.015326 0.006000 -8.906000
v -4.015326 0.006000 -8.906000
v -3.015326 0.006000 -8.906000
v -2.015326 0.006000 -8.906000
v -1.015326 0.006000 -8.906000
v -0.015326 0.006000 -8.906000
v 0.984674 0.006000 -8.906000
v 1.984674 0.006000 -8.906000
v 2.984674 0.006000 -8.906000
v 3.984674 0.006000 -8.906000
v 4.984674 0.006000 -8.906000
v 5.984674 0.006000 -8.906000
v 6.984674 0.006000 -8.906000
v 7.984674 0.006000 -8.906000
v 8.984674 0.006000 -8.906000
v 9.984674 0.006000 -8.906000
v 10.984674 0.006000 -8.906000
v 11.984674 0.006000 -8.906000
v 12.984674 0.006000 -8.906000
v 13.984674 0.006000 -8.906000
v 14.984674 0.006000 -8.906000
v 15.984674 0.006000 -8.906000
v 16.984673 0.006000 -8.906000
v 17.984673 0.006000 -8.906000
v 18.984673 0.006000 -8.906000
v 19.984673 0.006000 -8.906000
v 20.984673 0.006000 -8.906000
v 21.984673 0.006000 -8.906000
v 22.000000 0.006000 -8.906000
v -12.015326 0.006000 -7.906000
v -11.015326 0.006000 -7.906000
v -10.015326 0.006000 -7.906000
v -9.015326 0.006000 -7.906000
v -8.015326 0.006000 -7.906000
v -7.015326 0.006000 -7.906000
v -6.015326 0.006000 -7.906000
v -5.015326 0.006000 -7.906000
v -4.015326 0.006000 -7.906000
v -3.015326 0.006000 -7.906000
v -2.015326 0.006000 -7.906000
v -1.015326 0.006000 -7.906000
v -0.015326 0.006000 -7.906000
v 0.984674 0.006000 -7.906000
v 1.984674 0.006000 -7.906000
v 2.984674 0.006000 -7.906000
v 3.984674 0.006000 -7.906000
v 4.984674 0.006000 -7.906000
v 5.984674 0.006000 -7.906000
v 6.984674 0.006000 -7.906000
v 7.984674 0.006000 -7.906000
v 8.984674 0.006000 -7.906000
v 9.984674 0.006000 -7.906000
v 10.984674 0.006000 -7.906000
v 11.984674 0.006000 -7.906000
v 12.984674 0.006000 -7.906000
v 13.984674 0.006000 -7.906000
v 14.984674 0.006000 -7.906000
v 15.984674 0.006000 -7.906000
v 16.984673 0.006000 -7.906000
v 17.984673 0.006000 -7.906000
v 18.984673 0.006000 -7.906000
v 19.984673 0.006000 -7.906000
v 20.984673 0.006000 -7.906000
v 21.984673 0.006000 -7.906000
v 22.000000 0.006000 -7.906000
v -12.015326 0.006000 -6.906000
v -11.015326 0.006000 -6.906000
v -10.015326 0.006000 -6.906000
v -9.015326 0.006000 -6.906000
v -8.015326 0.006000 -6.906000
v -7.015326 0.006000 -6.906000
v -6.015326 0.006000 -6.906000
v -5.015326 0.006000 -6.906000
v -4.015326 0.006000 -6.906000
v -3.015326 0.006000 -6.906000
v -2.015326 0.006000 -6.906000
v -1.015326 0.006000 -6.906000
v -0.015326 0.006000 -6.906000
v 0.984674 0.006000 -6.906000
v 1.984674 0.006000 -6.906000
v 2.984674 0.006000 -6.906000
v 3.984674 0.006000 -6.906000
v 4.984674 0.006000 -6.906000
v 5.984674 0.006000 -6.906000
v 6.984674 0.006000 -6.906000
v 7.984674 0.006000 -6.906000
v 8.984674 0.006000 -6.906000
v 9.984674 0.006000 -6.906000
v 10.984674 0.006000 -6.906000
v 11.984674 0.006000 -6.906000
v 12.984674 0.006000 -6.906000
v 13.984674 0.006000 -6.906000
v 14.984674 0.006000 -6.906000
v 15.984674 0.006000 -6.906000
v 16.984673 0.006000 -6.906000
v 17.984673 0.006000 -6.906000
v 18.984673 0.006000 -6.906000
v 19.984673 0.006000 -6.906000
v 20.984673 0.006000 -6.906000
v 21.984673 0.006000 -6.906000
v 22.000000 0.006000 -6.906000
v -12.015326 0.006000 -5.906000
v -11.015326 0.006000 -5.906000
v -10.015326 0.006000 -5.906000
v -9.015326 0.006000 -5.906000
v -8.015326 0.006000 -5.906000
v -7.015326 0.006000 -5.906000
v -6.015326 0.006000 -5.906000
v -5.015326 0.006000 -5.906000
v -4.015326 0.006000 -5.906000
v -3.015326 0.006000 -5.906000
v -2.015326 0.006000 -5.906000
v -1.015326 0.006000 -5.906000
v -0.015326 0.006000 -5.906000
v 0.984674 0.006000 -5.906000
v 1.984674 0.006000 -5.906000
v 2.984674 0.006000 -5.906000
v 3.984674 0.006000 -5.906000
v 4.984674 0.006000 -5.906000
v 5.984674 0.006000 -5.906000
v 6.984674 0.006000 -5.906000
v 7.984674 0.006000 -5.906000
v 8.984674 0.006000 -5.906000
v 9.984674 0.006000 -5.906000
v 10.984674 0.006000 -5.906000
v 11.984674 0.006000 -5.906000
v 12.984674 0.006000 -5.906000
v 13.984674 0.006000 -5.906000
v 14.984674 0.006000 -5.906000
v 15.984674 0.006000 -5.906000
v 16.984673 0.006000 -5.906000
v 17.984673 0.006000 -5.906000
v 18.984673 0.006000 -5.906000
v 19.984673 0.006000 -5.906000
v 20.984673 0.006000 -5.906000
v 21.984673 0.006000 -5.906000
v 22.000000 0.006000 -5.906000
v -12.015326 0.006000 -4.906000
v -11.015326 0.006000 -4.906000
v -10.015326 0.006000 -4.906000
v -9.015326 0.006000 -4.906000
v -8.015326 0.006000 -4.906000
v -7.015326 0.006000 -4.906000
v -6.015326 0.006000 -4.906000
v -5.015326 0.006000 -4.906000
v -4.015326 0.006000 -4.906000
v -3.015326 0.006000 -4.906000
v -2.015326 0.006000 -4.906000
v -1.015326 0.006000 -4.906000
v -0.015326 0.006000 -4.906000
v 0.984674 0.006000 -4.906000
v 1.984674 0.006000 -4.906000
v 2.984674 0.006000 -4.906000
v 3.984674 0.006000 -4.906000
v 4.984674 0.006000 -4.906000
v 5.984674 0.006000 -4.906000
v 6.984674 0.006000 -4.906000
v 7.984674 0.006000 -4.906000
v 8.984674 0.006000 -4.906000
v 9.984674 0.006000 -4.906000
v 10.984674 0.006000 -4.906000
v 11.984674 0.006000 -4.906000
v 12.984674 0.006000 -4.906000
v 13.984674 0.006000 -4.906000
v 14.984674 0.006000 -4.906000
v 15.984674 0.006000 -4.906000
v 16.984673 0.006000 -4.906000
v 17.984673 0.006000 -4.906000
v 18.984673 0.006000 -4.906000
v 19.984673 0.006000 -4.906000
v 20.984673 0.006000 -4.906000
v 21.984673 0.006000 -4.906000
v 22.000000 0.006000 -4.906000
v -12.015326 0.006000 -3.906000
v -11.015326 0.006000 -3.906000
v -10.015326 0.006000 -3.906000
v -9.015326 0.006000 -3.906000
v -8.015326 0.006000 -3.906000
v -7.015326 0.006000 -3.906000
v -6.015326 0.006000 -3.906000
v -5.015326 0.006000 -3.906000
v -4.015326 0.006000 -3.906000
v -3.015326 0.006000 -3.906000
v -2.015326 0.006000 -3.906000
v -1.015326 0.006000 -3.906000
v -0.015326 0.006000 -3.906000
v 0.984674 0.006000 -3.906000
v 1.984674 0.006000 -3.906000
v 2.984674 0.006000 -3.906000
v 3.984674 0.006000 -3.906000
v 4.984674 0.006000 -3.906000
v 5.984674 0.006000 -3.906000
v 6.984674 0.006000 -3.906000
v 7.984674 0.006000 -3.906000
v 8.984674 0.006000 -3.906000
v 9.984674 0.006000 -3.906000
v 10.984674 0.006000 -3.906000
v 11.984674 0.006000 -3.906000
v 12.984674 0.006000 -3.906000
v 13.984674 0.006000 -3.906000
v 14.984674 0.006000 -3.906000
v 15.984674 0.006000 -3.906000
v 16.984673 0.006000 -3.906000
v 17.984673 0.006000 -3.906000
v 18.984673 0.006000 -3.906000
v 19.984673 0.006000 -3.906000
v 20.984673 0.006000 -3.906000
v 21.984673 0.006000 -3.906000
v 22.000000 0.006000 -3.906000
v -12.015326 0.006000 -2.906000
v -11.015326 0.006000 -2.906000
v -10.015326 0.006000 -2.906000
v -9.015326 0.006000 -2.906000
v -8.015326 0.006000 -2.906000
v -7.015326 0.006000 -2.906000
v -6.015326 0.006000 -2.906000
v -5.015326 0.006000 -2.906000
v -4.015326 0.006000 -2.906000
v -3.015326 0.006000 -2.906000
v -2.015326 0.006000 -2.906000
v -1.015326 0.006000 -2.906000
v -0.015326 0.006000 -2.906000
v 0.984674 0.006000 -2.906000
v 1.984674 0.006000 -2.906000
v 2.984674 0.006000 -2.906000
v 3.984674 0.006000 -2.906000
v 4.984674 0.006000 -2.906000
v 5.984674 0.006000 -2.906000
v 6.984674 0.006000 -2.906000
v 7.984674 0.006000 -2.906000
v 8.984674 0.006000 -2.906000
v 9.984674 0.006000 -2.906000
v 10.984674 0.006000 -2.906000
v 11.984674 0.006000 -2.906000
v 12.984674 0.006000 -2.906000
v 13.984674 0.006000 -2.906000
v 14.984674 0.006000 -2.906000
v 15.984674 0.006000 -2.906000
v 16.984673 0.006000 -2.906000
v 17.984673 0.006000 -2.906000
v 18.984673 0.006000 -2.906000
v 19.984673 0.006000 -2.906000
v 20.984673 0.006000 -2.906000
v 21.984673 0.006000 -2.906000
v 22.000000 0.006000 -2.906000
v -12.015326 0.006000 -1.906000
v -11.015326 0.006000 -1.906000
v -10.015326 0.006000 -1.906000
v -9.015326 0.006000 -1.906000
v -8.015326 0.006000 -1.906000
v -7.015326 0.006000 -1.906000
v -6.015326 0.006000 -1.906000
v -5.015326 0.006000 -1.906000
v -4.015326 0.006000 -1.906000
v -3.015326 0.006000 -1.906000
v -2.015326 0.006000 -1.906000
v -1.015326 0.006000 -1.906000
v -0.015326 0.006000 -1.906000
v 0.984674 0.006000 -1.906000
v 1.984674 0.006000 -1.906000
v 2.984674 0.006000 -1.906000
v 3.984674 0.006000 -1.906000
v 4.984674 0.006000 -1.906000
v 5.984674 0.006000 -1.906000
v 6.984674 0.006000 -1.906000
v 7.984674 0.006000 -1.906000
v 8.984674 0.006000 -1.906000
v 9.984674 0.006000 -1.906000
v 10.984674 0.006000 -1.906000
v 11.984674 0.006000 -1.906000
v 12.984674 0.006000 -1.906000
v 13.984674 0.006000 -1.906000
v 14.984674 0.006000 -1.906000
v 15.984674 0.006000 -1.906000
v 16.984673 0.006000 -1.906000
v 17.984673 0.006000 -1.906000
v 18.984673 0.006000 -1.906000
v 19.984673 0.006000 -1.906000
v 20.984673 0.006000 -1.906000
v 21.984673 0.006000 -1.906000
v 22.000000 0.006000 -1.906000
v -12.015326 0.006000 -0.906000
v -11.015326 0.006000 -0.906000
v -10.015326 0.006000 -0.906000
v -9.015326 0.006000 -0.906000
v -8.015326 0.006000 -0.906000
v -7.015326 0.006000 -0.906000
v -6.015326 0.006000 -0.906000
v -5.015326 0.006000 -0.906000
v -4.015326 0.006000 -0.906000
v -3.015326 0.006000 -0.906000
v -2.015326 0.006000 -0.906000
v -1.015326 0.006000 -0.906000
v -0.015326 0.006000 -0.906000
v 0.984674 0.006000 -0.906000
v 1.984674 0.006000 -0.906000
v 2.984674 0.006000 -0.906000
v 3.984674 0.006000 -0.906000
v 4.984674 0.006000 -0.906000
v 5.984674 0.006000 -0.906000
v 6.984674 0.006000 -0.906000
v 7.984674 0.006000 -0.906000
v 8.984674 0.006000 -0.906000
v 9.984674 0.006000 -0.906000
v 10.984674 0.006000 -0.906000
v 11.984674 0.006000 -0.906000
v 12.984674 0.006000 -0.906000
v 13.984674 0.006000 -0.906000
v 14.984674 0.006000 -0.906000
v 15.984674 0.006000 -0.906000
v 16.984673 0.006000 -0.906000
v 17.984673 0.006000 -0.906000
v 18.984673 0.006000 -0.906000
v 19.984673 0.006000 -0.906000
v 20.984673 0.006000 -0.906000
v 21.984673 0.006000 -0.906000
v 22.000000 0.006000 -0.906000
v -12.015326 0.006000 0.094000
v -11.015326 0.006000 0.094000
v -10.015326 0.006000 0.094000
v -9.015326 0.006000 0.094000
v -8.015326 0.006000 0.094000
v -7.015326 0.006000 0.094000
v -6.015326 0.006000 0.094000
v -5.015326 0.006000 0.094000
v -4.015326 0.006000 0.094000
v -3.015326 0.006000 0.094000
v -2.015326 0.006000 0.094000
v -1.015326 0.006000 0.094000
v -0.015326 0.006000 0.094000
v 0.984674 0.006000 0.094000
v 1.984674 0.006000 0.094000
v 2.984674 0.006000 0.094000
v 3.984674 0.006000 0.094000
v 4.984674 0.006000 0.094000
v 5.984674 0.006000 0.094000
v 6.984674 0.006000 0.094000
v 7.984674 0.006000 0.094000
v 8.984674 0.006000 0.094000
v 9.984674 0.006000 0.094000
v 10.984674 0.006000 0.094000
v 11.984674 0.006000 0.094000
v 12.984674 0.006000 0.094000
v 13.984674 0.006000 0.094000
v 14.984674 0.006000 0.094000
v 15.984674 0.006000 0.094000
v 16.984673 0.006000 0.094000
v 17.984673 0.006000 0.094000
v 18.984673 0.006000 0.094000
v 19.984673 0.006000 0.094000
v 20.984673 0.006000 0.094000
v 21.984673 0.006000 0.094000
v 22.000000 0.006000 0.094000
v -12.015326 0.006000 1.094000
v -11.015326 0.006000 1.094000
v -10.015326 0.006000 1.094000
v -9.015326 0.006000 1.094000
v -8.015326 0.006000 1.094000
v -7.015326 0.006000 1.094000
v -6.015326 0.006000 1.094000
v -5.015326 0.006000 1.094000
v -4.015326 0.006000 1.094000
v -3.015326 0.006000 1.094000
v -2.015326 0.006000 1.094000
v -1.015326 0.006000 1.094000
v -0.015326 0.006000 1.094000
v 0.984674 0.006000 1.094000
v 1.984674 0.006000 1.094000
v 2.984674 0.006000 1.094000
v 3.984674 0.006000 1.094000
v 4.984674 0.006000 1.094000
v 5.984674 0.006000 1.094000
v 6.984674 0.006000 1.094000
v 7.984674 0.006000 1.094000
v 8.984674 0.006000 1.094000
v 9.984674 0.006000 1.094000
v 10.984674 0.006000 1.094000
v 11.984674 0.006000 1.094000
v 12.984674 0.006000 1.094000
v 13.984674 0.006000 1.094000
v 14.984674 0.006000 1.094000
v 15.984674 0.006000 1.094000
v 16.984673 0.006000 1.094000
v 17.984673 0.006000 1.094000
v 18.984673 0.006000 1.094000
v 19.984673 0.006000 1.094000
v 20.984673 0.006000 1.094000
v 21.984673 0.006000 1.094000
v 22.000000 0.006000 1.094000
v -12.015326 0.006000 2.094000
v -11.015326 0.006000 2.094000
v -10.015326 0.006000 2.094000
v -9.015326 0.006000 2.094000
v -8.015326 0.006000 2.094000
v -7.015326 0.006000 2.094000
v -6.015326 0.006000 2.094000
v -5.015326 0.006000 2.094000
v -4.015326 0.006000 2.094000
v -3.015326 0.006000 2.094000
v -2.015326 0.006000 2.094000
v -1.015326 0.006000 2.094000
v -0.015326 0.006000 2.094000
v 0.984674 0.006000 2.094000
v 1.984674 0.006000 2.094000
v 2.984674 0.006000 2.094000
v 3.984674 0.006000 2.094000
v 4.984674 0.006000 2.094000
v 5.984674 0.006000 2.094000
v 6.984674 0.006000 2.094000
v 7.984674 0.006000 2.094000
v 8.984674 0.006000 2.094000
v 9.984674 0.006000 2.094000
v 10.984674 0.006000 2.094000
v 11.984674 0.006000 2.094000
v 12.984674 0.006000 2.094000
v 13.984674 0.006000 2.094000
v 14.984674 0.006000 2.094000
v 15.984674 0.006000 2.094000
v 16.984673 0.006000 2.094000
v 17.984673 0.006000 2.094000
v 18.984673 0.006000 2.094000
v 19.984673 0.006000 2.094000
v 20.984673 0.006000 2.094000
v 21.984673 0.006000 2.094000
v 22.000000 0.006000 2.094000
v -12.015326 0.006000 3.094000
v -11.015326 0.006000 3.094000
v -10.015326 0.006000 3.094000
v -9.015326 0.006000 3.094000
v -8.015326 0.006000 3.094000
v -7.015326 0.006000 3.094000
v -6.015326 0.006000 3.094000
v -5.015326 0.006000 3.094000
v -4.015326 0.006000 3.094000
v -3.015326 0.006000 3.094000
v -2.015326 0.006000 3.094000
v -1.015326 0.006000 3.094000
v -0.015326 0.006000 3.094000
v 0.984674 0.006000 3.094000
v 1.984674 0.006000 3.094000
v 2.984674 0.006000 3.094000
v 3.984674 0.006000 3.094000
v 4.984674 0.006000 3.094000
v 5.984674 0.006000 3.094000
v 6.984674 0.006000 3.094000
v 7.984674 0.006000 3.094000
v 8.984674 0.006000 3.094000
v 9.984674 0.006000 3.094000
v 10.984674 0.006000 3.094000
v 11.984674 0.006000 3.094000
v 12.984674 0.006000 3.094000
v 13.984674 0.006000 3.094000
v 14.984674 0.006000 3.094000
v 15.984674 0.006000 3.094000
v 16.984673 0.006000 3.094000
v 17.984673 0.006000 3.094000
v 18.984673 0.006000 3.094000
v 19.984673 0.006000 3.094000
v 20.984673 0.006000 3.094000
v 21.984673 0.006000 3.094000
v 22.000000 0.006000 3.094000
v -12.015326 0.006000 4.094000
v -11.015326 0.006000 4.094000
v -10.015326 0.006000 4.094000
v -9.015326 0.006000 4.094000
v -8.015326 0.006000 4.094000
v -7.015326 0.006000 4.094000
v -6.015326 0.006000 4.094000
v -5.015326 0.006000 4.094000
v -4.015326 0.006000 4.094000
v -3.015326 0.006000 4.094000
v -2.015326 0.006000 4.094000
v -1.015326 0.006000 4.094000
v -0.015326 0.006000 4.094000
v 0.984674 0.006000 4.094000
v 1.984674 0.006000 4.094000
v 2.984674 0.006000 4.094000
v 3.984674 0.006000 4.094000
v 4.984674 0.006000 4.094000
v 5.984674 0.006000 4.094000
v 6.984674 0.006000 4.094000
v 7.984674 0.006000 4.094000
v 8.984674 0.006000 4.094000
v 9.984674 0.006000 4.094000
v 10.984674 0.006000 4.094000
v 11.984674 0.006000 4.094000
v 12.984674 0.006000 4.094000
v 13.984674 0.006000 4.094000
v 14.984674 0.006000 4.094000
v 15.984674 0.006000 4.094000
v 16.984673 0.006000 4.094000
v 17.984673 0.006000 4.094000
v 18.984673 0.006000 4.094000
v 19.984673 0.006000 4.094000
v 20.984673 0.006000 4.094000
v 21.984673 0.006000 4.094000
v 22.000000 0.006000 4.094000
v -12.015326 0.006000 5.094000
v -11.015326 0.006000 5.094000
v -10.015326 0.006000 5.094000
v -9.015326 0.006000 5.094000
v -8.015326 0.006000 5.094000
v -7.015326 0.006000 5.094000
v -6.015326 0.006000 5.094000
v -5.015326 0.006000 5.094000
v -4.015326 0.006000 5.094000
v -3.015326 0.006000 5.094000
v -2.015326 0.006000 5.094000
v -1.015326 0.006000 5.094000
v -0.015326 0.006000 5.094000
v 0.984674 0.006000 5.094000
v 1.984674 0.006000 5.094000
v 2.984674 0.006000 5.094000
v 3.984674 0.006000 5.094000
v 4.984674 0.006000 5.094000
v 5.984674 0.006000 5.094000
v 6.984674 0.006000 5.094000
v 7.984674 0.006000 5.094000
v 8.984674 0.006000 5.094000
v 9.984674 0.006000 5.094000
v 10.984674 0.006000 5.094000
v 11.984674 0.006000 5.094000
v 12.984674 0.006000 5.094000
v 13.984674 0.006000 5.094000
v 14.984674 0.006000 5.094000
v 15.984674 0.006000 5.094000
v 16.984673 0.006000 5.094000
v 17.984673 0.006000 5.094000
v 18.984673 0.006000 5.094000
v 19.984673 0.006000 5.094000
v 20.984673 0.006000 5.094000
v 21.984673 0.006000 5.094000
v 22.000000 0.006000 5.094000
v -12.015326 0.006000 6.094000
v -11.015326 0.006000 6.094000
v -10.015326 0.006000 6.094000
v -9.015326 0.006000 6.094000
v -8.015326 0.006000 6.094000
v -7.015326 0.006000 6.094000
v -6.015326 0.006000 6.094000
v -5.015326 0.006000 6.094000
v -4.015326 0.006000 6.094000
v -3.015326 0.006000 6.094000
v -2.015326 0.006000 6.094000
v -1.015326 0.006000 6.094000
v -0.015326 0.006000 6.094000
v 0.984674 0.006000 6.094000
v 1.984674 0.006000 6.094000
v 2.984674 0.006000 6.094000
v 3.984674 0.006000 6.094000
v 4.984674 0.006000 6.094000
v 5.984674 0.006000 6.094000
v 6.984674 0.006000 6.094000
v 7.984674 0.006000 6.094000
v 8.984674 0.006000 6.094000
v 9.984674 0.006000 6.094000
v 10.984674 0.006000 6.094000
v 11.984674 0.006000 6.094000
v 12.984674 0.006000 6.094000
v 13.984674 0.006000 6.094000
v 14.984674 0.006000 6.094000
v 15.984674 0.006000 6.094000
v 16.984673 0.006000 6.094000
v 17.984673 0.006000 6.094000
v 18.984673 0.006000 6.094000
v 19.984673 0.006000 6.094000
v 20.984673 0.006000 6.094000
v 21.984673 0.006000 6.094000
v 22.000000 0.006000 6.094000
v -12.015326 0.006000 7.094000
v -11.015326 0.006000 7.094000
v -10.015326 0.006000 7.094000
v -9.015326 0.006000 7.094000
v -8.015326 0.006000 7.094000
v -7.015326 0.006000 7.094000
v -6.015326 0.006000 7.094000
v -5.015326 0.006000 7.094000
v -4.015326 0.006000 7.094000
v -3.015326 0.006000 7.094000
v -2.015326 0.006000 7.094000
v -1.015326 0.006000 7.094000
v -0.015326 0.006000 7.094000
v 0.984674 0.006000 7.094000
v 1.984674 0.006000 7.094000
v 2.984674 0.006000 7.094000
v 3.984674 0.006000 7.094000
v 4.984674 0.006000 7.094000
v 5.984674 0.006000 7.094000
v 6.984674 0.006000 7.094000
v 7.984674 0.006000 7.094000
v 8.984674 0.006000 7.094000
v 9.984674 0.006000 7.094000
v 10.984674 0.006000 7.094000
v 11.984674 0.006000 7.094000
v 12.984674 0.006000 7.094000
v 13.984674 0.006000 7.094000
v 14.984674 0.006000 7.094000
v 15.984674 0.006000 7.094000
v 16.984673 0.006000 7.094000
v 17.984673 0.006000 7.094000
v 18.984673 0.006000 7.094000
v 19.984673 0.006000 7.094000
v 20.984673 0.006000 7.094000
v 21.984673 0.006000 7.094000
v 22.000000 0.006000 7.094000
v -12.015326 0.006000 8.094000
v -11.015326 0.006000 8.094000
v -10.015326 0.006000 8.094000
v -9.015326 0.006000 8.094000
v -8.015326 0.006000 8.094000
v -7.015326 0.006000 8.094000
v -6.015326 0.006000 8.094000
v -5.015326 0.006000 8.094000
v -4.015326 0.006000 8.094000
v -3.015326 0.006000 8.094000
v -2.015326 0.006000 8.094000
v -1.015326 0.006000 8.094000
v -0.015326 0.006000 8.094000
v 0.984674 0.006000 8.094000
v 1.984674 0.006000 8.094000
v 2.984674 0.006000 8.094000
v 3.984674 0.006000 8.094000
v 4.984674 0.006000 8.094000
v 5.984674 0.006000 8.094000
v 6.984674 0.006000 8.094000
v 7.984674 0.006000 8.094000
v 8.984674 0.006000 8.094000
v 9.984674 0.006000 8.094000
v 10.984674 0.006000 8.094000
v 11.984674 0.006000 8.094000
v 12.984674 0.006000 8.094000
v 13.984674 0.006000 8.094000
v 14.984674 0.006000 8.094000
v 15.984674 0.006000 8.094000
v 16.984673 0.006000 8.094000
v 17.984673 0.006000 8.094000
v 18.984673 0.006000 8.094000
v 19.984673 0.006000 8.094000
v 20.984673 0.006000 8.094000
v 21.984673 0.006000 8.094000
v 22.000000 0.006000 8.094000
v -12.015326 0.006000 8.844000
v -11.015326 0.006000 8.844000
v -10.015326 0.006000 8.844000
v -9.015326 0.006000 8.844000
v -8.015326 0.006000 8.844000
v -7.015326 0.006000 8.844000
v -6.015326 0.006000 8.844000
v -5.015326 0.006000 8.844000
v -4.015326 0.006000 8.844000
v -3.015326 0.006000 8.844000
v -2.015326 0.006000 8.844000
v -1.015326 0.006000 8.844000
v -0.015326 0.006000 8.844000
v 0.984674 0.006000 8.844000
v 1.984674 0.006000 8.844000
v 2.984674 0.006000 8.844000
v 3.984674 0.006000 8.844000
v 4.984674 0.006000 8.844000
v 5.984674 0.006000 8.844000
v 6.984674 0.006000 8.844000
v 7.984674 0.006000 8.844000
v 8.984674 0.006000 8.844000
v 9.984674 0.006000 8.844000
v 10.984674 0.006000 8.844000
v 11.984674 0.006000 8.844000
v 12.984674 0.006000 8.844000
v 13.984674 0.006000 8.844000
v 14.984674 0.006000 8.844000
v 15.984674 0.006000 8.844000
v 16.984673 0.006000 8.844000
v 17.984673 0.006000 8.844000
v 18.984673 0.006000 8.844000
v 19.984673 0.006000 8.844000
v 20.984673 0.006000 8.844000
v 21.984673 0.006000 8.844000
v 22.000000 0.006000 8.844000
vt 0.000000 20.875000
vt 0.500000 20.875000
vt 1.000000 20.875000
vt 1.500000 20.875000
vt 2.000000 20.875000
vt 2.500000 20.875000
vt 3.000000 20.875000
vt 3.500000 20.875000
vt 4.000000 20.875000
vt 4.500000 20.875000
vt 5.000000 20.875000
vt 5.500000 20.875000
vt 6.000000 20.875000
vt 6.500000 20.875000
vt 7.000000 20.875000
vt 7.500000 20.875000
vt 8.000000 20.875000
vt 8.500000 20.875000
vt 9.000000 20.875000
vt 9.500000 20.875000
vt 10.000000 20.875000
vt 10.500000 20.875000
vt 11.000000 20.875000
vt 11.500000 20.875000
vt 12.000000 20.875000
vt 12.500000 20.875000
vt 13.000000 20.875000
vt 13.500000 20.875000
vt 14.000000 20.875000
vt 14.500000 20.875000
vt 15.000000 20.875000
vt 15.500000 20.875000
vt 16.000000 20.875000
vt 16.500000 20.875000
vt 17.000000 20.875000
vt 17.007663 20.875000
vt 0.000000 20.375000
vt 0.500000 20.375000
vt 1.000000 20.375000
vt 1.500000 20.375000
vt 2.000000 20.375000
vt 2.500000 20.375000
vt 3.000000 20.375000
vt 3.500000 20.375000
vt 4.000000 20.375000
vt 4.500000 20.375000
vt 5.000000 20.375000
vt 5.500000 20.375000
vt 6.000000 20.375000
vt 6.500000 20.375000
vt 7.000000 20.375000
vt 7.500000 20.375000
vt 8.000000 20.375000
vt 8.500000 20.375000
vt 9.000000 20.375000
vt 9.500000 20.375000
vt 10.000000 20.375000
vt 10.500000 20.375000
vt 11.000000 20.375000
vt 11.500000 20.375000
vt 12.000000 20.375000
vt 12.500000 20.375000
vt 13.000000 20.375000
vt 13.500000 20.375000
vt 14.000000 20.375000
vt 14.500000 20.375000
vt 15.000000 20.375000
vt 15.500000 20.375000
vt 16.000000 20.375000
vt 16.500000 20.375000
vt 17.000000 20.375000
vt 17.007663 20.375000
vt 0.000000 19.875000
vt 0.500000 19.875000
vt 1.000000 19.875000
vt 1.500000 19.875000
vt 2.000000 19.875000
vt 2.500000 19.875000
vt 3.000000 19.875000
vt 3.500000 19.875000
vt 4.000000 19.875000
vt 4.500000 19.875000
vt 5.000000 19.875000
vt 5.500000 19.875000
vt 6.000000 19.875000
vt 6.500000 19.875000
vt 7.000000 19.875000
vt 7.500000 19.875000
vt 8.000000 19.875000
vt 8.500000 19.875000
vt 9.000000 19.875000
vt 9.500000 19.875000
vt 10.000000 19.875000
vt 10.500000 19.875000
vt 11.000000 19.875000
vt 11.500000 19.875000
vt 12.000000 19.875000
vt 12.500000 19.875000
vt 13.000000 19.875000
vt 13.500000 19.875000
vt 14.000000 19.875000
vt 14.500000 19.875000
vt 15.000000 19.875000
vt 15.500000 19.875000
vt 16.000000 19.875000
vt 16.500000 19.875000
vt 17.000000 19.875000
vt 17.007663 19.875000
vt 0.000000 19.375000
vt 0.500000 19.375000
vt 1.000000 19.375000
vt 1.500000 19.375000
vt 2.000000 19.375000
vt 2.500000 19.375000
vt 3.000000 19.375000
vt 3.500000 19.375000
vt 4.000000 19.375000
vt 4.500000 19.375000
vt 5.000000 19.375000
vt 5.500000 19.375000
vt 6.000000 19.375000
vt 6.500000 19.375000
vt 7.000000 19.375000
vt 7.500000 19.375000
vt 8.000000 19.375000
vt 8.500000 19.375000
vt 9.000000 19.375000
vt 9.500000 19.375000
vt 10.000000 19.375000
vt 10.500000 19.375000
vt 11.000000 19.375000
vt 11.500000 19.375000
vt 12.000000 19.375000
vt 12.500000 19.375000
vt 13.000000 19.375000
vt 13.500000 19.375000
vt 14.000000 19.375000
vt 14.500000 19.375000
vt 15.000000 19.375000
vt 15.500000 19.375000
vt 16.000000 19.375000
vt 16.500000 19.375000
vt 17.000000 19.375000
vt 17.007663 19.375000
vt 0.000000 18.875000
vt 0.500000 18.875000
vt 1.000000 18.875000
vt 1.500000 18.875000
vt 2.000000 18.875000
vt 2.500000 18.875000
vt 3.000000 18.875000
vt 3.500000 18.875000
vt 4.000000 18.875000
vt 4.500000 18.875000
vt 5.000000 18.875000
vt 5.500000 18.875000
vt 6.000000 18.875000
vt 6.500000 18.875000
vt 7.000000 18.875000
vt 7.500000 18.875000
vt 8.000000 18.875000
vt 8.500000 18.875000
vt 9.000000 18.875000
vt 9.500000 18.875000
vt 10.000000 18.875000
vt 10.500000 18.875000
vt 11.000000 18.875000
vt 11.500000 18.875000
vt 12.000000 18.875000
vt 12.500000 18.875000
vt 13.000000 18.875000
vt 13.500000 18.875000
vt 14.000000 18.875000
vt 14.500000 18.875000
vt 15.000000 18.875000
vt 15.500000 18.875000
vt 16.000000 18.875000
vt 16.500000 18.875000
vt 17.000000 18.875000
vt 17.007663 18.875000
vt 0.000000 18.375000
vt 0.500000 18.375000
vt 1.000000 18.375000
vt 1.500000 18.375000
vt 2.000000 18.375000
vt 2.500000 18.375000
vt 3.000000 18.375000
vt 3.500000 18.375000
vt 4.000000 18.375000
vt 4.500000 18.375000
vt 5.000000 18.375000
vt 5.500000 18.375000
vt 6.000000 18.375000
vt 6.500000 18.375000
vt 7.000000 18.375000
vt 7.500000 18.375000
vt 8.000000 18.375000
vt 8.500000 18.375000
vt 9.000000 18.375000
vt 9.500000 18.375000
vt 10.000000 18.375000
vt 10.500000 18.375000
vt 11.000000 18.375000
vt 11.500000 18.375000
vt 12.000000 18.375000
vt 12.500000 18.375000
vt 13.000000 18.375000
vt 13.500000 18.375000
vt 14.000000 18.375000
vt 14.500000 18.375000
vt 15.000000 18.375000
vt 15.500000 18.375000
vt 16.000000 18.375000
vt 16.500000 18.375000
vt 17.000000 18.375000
vt 17.007663 18.375000
vt 0.000000 17.875000
vt 0.500000 17.875000
vt 1.000000 17.875000
vt 1.500000 17.875000
vt 2.000000 17.875000
vt 2.500000 17.875000
vt 3.000000 17.875000
vt 3.500000 17.875000
vt 4.000000 17.875000
vt 4.500000 17.875000
vt 5.000000 17.875000
vt 5.500000 17.875000
vt 6.000000 17.875000
vt 6.500000 17.875000
vt 7.000000 17.875000
vt 7.500000 17.875000
vt 8.000000 17.875000
vt 8.500000 17.875000
vt 9.000000 17.875000
vt 9.500000 17.875000
vt 10.000000 17.875000
vt 10.500000 17.875000
vt 11.000000 17.875000
vt 11.500000 17.875000
vt 12.000000 17.875000
vt 12.500000 17.875000
vt 13.000000 17.875000
vt 13.500000 17.875000
vt 14.000000 17.875000
vt 14.500000 17.875000
vt 15.000000 17.875000
vt 15.500000 17.875000
vt 16.000000 17.875000
vt 16.500000 17.875000
vt 17.000000 17.875000
vt 17.007663 17.875000
vt 0.000000 17.375000
vt 0.500000 17.375000
vt 1.000000 17.375000
vt 1.500000 17.375000
vt 2.000000 17.375000
vt 2.500000 17.375000
vt 3.000000 17.375000
vt 3.500000 17.375000
vt 4.000000 17.375000
vt 4.500000 17.375000
vt 5.000000 17.375000
vt 5.500000 17.375000
vt 6.000000 17.375000
vt 6.500000 17.375000
vt 7.000000 17.375000
vt 7.500000 17.375000
vt 8.000000 17.375000
vt 8.500000 17.375000
vt 9.000000 17.375000
vt 9.500000 17.375000
vt 10.000000 17.375000
vt 10.500000 17.375000
vt 11.000000 17.375000
vt 11.500000 17.375000
vt 12.000000 17.375000
vt 12.500000 17.375000
vt 13.000000 17.375000
vt 13.500000 17.375000
vt 14.000000 17.375000
vt 14.500000 17.375000
vt 15.000000 17.375000
vt 15.500000 17.375000
vt 16.000000 17.375000
vt 16.500000 17.375000
vt 17.000000 17.375000
vt 17.007663 17.375000
vt 0.000000 16.875000
vt 0.500000 16.875000
vt 1.000000 16.875000
vt 1.500000 16.875000
vt 2.000000 16.875000
vt 2.500000 16.875000
vt 3.000000 16.875000
vt 3.500000 16.875000
vt 4.000000 16.875000
vt 4.500000 16.875000
vt 5.000000 16.875000
vt 5.500000 16.875000
vt 6.000000 16.875000
vt 6.500000 16.875000
vt 7.000000 16.875000
vt 7.500000 16.875000
vt 8.000000 16.875000
vt 8.500000 16.875000
vt 9.000000 16.875000
vt 9.500000 16.875000
vt 10.000000 16.875000
vt 10.500000 16.875000
vt 11.000000 16.875000
vt 11.500000 16.875000
vt 12.000000 16.875000
vt 12.500000 16.875000
vt 13.000000 16.875000
vt 13.500000 16.875000
vt 14.000000 16.875000
vt 14.500000 16.875000
vt 15.000000 16.875000
vt 15.500000 16.875000
vt 16.000000 16.875000
vt 16.500000 16.875000
vt 17.000000 16.875000
vt 17.007663 16.875000
vt 0.000000 16.375000
vt 0.500000 16.375000
vt 1.000000 16.375000
vt 1.500000 16.375000
vt 2.000000 16.375000
vt 2.500000 16.375000
vt 3.000000 16.375000
vt 3.500000 16.375000
vt 4.000000 16.375000
vt 4.500000 16.375000
vt 5.000000 16.375000
vt 5.500000 16.375000
vt 6.000000 16.375000
vt 6.500000 16.375000
vt 7.000000 16.375000
vt 7.500000 16.375000
vt 8.000000 16.375000
vt 8.500000 16.375000
vt 9.000000 16.375000
vt 9.500000 16.375000
vt 10.000000 16.375000
vt 10.500000 16.375000
vt 11.000000 16.375000
vt 11.500000 16.375000
vt 12.000000 16.375000
vt 12.500000 16.375000
vt 13.000000 16.375000
vt 13.500000 16.375000
vt 14.000000 16.375000
vt 14.500000 16.375000
vt 15.000000 16.375000
vt 15.500000 16.375000
vt 16.000000 16.375000
vt 16.500000 16.375000
vt 17.000000 16.375000
vt 17.007663 16.375000
vt 0.000000 15.875000
vt 0.500000 15.875000
vt 1.000000 15.875000
vt 1.500000 15.875000
vt 2.000000 15.875000
vt 2.500000 15.875000
vt 3.000000 15.875000
vt 3.500000 15.875000
vt 4.000000 15.875000
vt 4.500000 15.875000
vt 5.000000 15.875000
vt 5.500000 15.875000
vt 6.000000 15.875000
vt 6.500000 15.875000
vt 7.000000 15.875000
vt 7.500000 15.875000
vt 8.000000 15.875000
vt 8.500000 15.875000
vt 9.000000 15.875000
vt 9.500000 15.875000
vt 10.000000 15.875000
vt 10.500000 15.875000
vt 11.000000 15.875000
vt 11.500000 15.875000
vt 12.000000 15.875000
vt 12.500000 15.875000
vt 13.000000 15.875000
vt 13.500000 15.875000
vt 14.000000 15.875000
vt 14.500000 15.875000
vt 15.000000 15.875000
vt 15.500000 15.875000
vt 16.000000 15.875000
vt 16.500000 15.875000
vt 17.000000 15.875000
vt 17.007663 15.875000
vt 0.000000 15.375000
vt 0.500000 15.375000
vt 1.000000 15.375000
vt 1.500000 15.375000
vt 2.000000 15.375000
vt 2.500000 15.375000
vt 3.000000 15.375000
vt 3.500000 15.375000
vt 4.000000 15.375000
vt 4.500000 15.375000
vt 5.000000 15.375000
vt 5.500000 15.375000
vt 6.000000 15.375000
vt 6.500000 15.375000
vt 7.000000 15.375000
vt 7.500000 15.375000
vt 8.000000 15.375000
vt 8.500000 15.375000
vt 9.000000 15.375000
vt 9.500000 15.375000
vt 10.000000 15.375000
vt 10.500000 15.375000
vt 11.000000 15.375000
vt 11.500000 15.375000
vt 12.000000 15.375000
vt 12.500000 15.375000
vt 13.000000 15.375000
vt 13.500000 15.375000
vt 14.000000 15.375000
vt 14.500000 15.375000
vt 15.000000 15.375000
vt 15.500000 15.375000
vt 16.000000 15.375000
vt 16.500000 15.375000
vt 17.000000 15.375000
vt 17.007663 15.375000
vt 0.000000 14.875000
vt 0.500000 14.875000
vt 1.000000 14.875000
vt 1.500000 14.875000
vt 2.000000 14.875000
vt 2.500000 14.875000
vt 3.000000 14.875000
vt 3.500000 14.875000
vt 4.000000 14.875000
vt 4.500000 14.875000
vt 5.000000 14.875000
vt 5.500000 14.875000
vt 6.000000 14.875000
vt 6.500000 14.875000
vt 7.000000 14.875000
vt 7.500000 14.875000
vt 8.000000 14.875000
vt 8.500000 14.875000
vt 9.000000 14.875000
vt 9.500000 14.875000
vt 10.000000 14.875000
vt 10.500000 14.875000
vt 11.000000 14.875000
vt 11.500000 14.875000
vt 12.000000 14.875000
vt 12.500000 14.875000
vt 13.000000 14.875000
vt 13.500000 14.875000
vt 14.000000 14.875000
vt 14.500000 14.875000
vt 15.000000 14.875000
vt 15.500000 14.875000
vt 16.000000 14.875000
vt 16.500000 14.875000
vt 17.000000 14.875000
vt 17.007663 14.875000
vt 0.000000 14.375000
vt 0.500000 14.375000
vt 1.000000 14.375000
vt 1.500000 14.375000
vt 2.000000 14.375000
vt 2.500000 14.375000
vt 3.000000 14.375000
vt 3.500000 14.375000
vt 4.000000 14.375000
vt 4.500000 14.375000
vt 5.000000 14.375000
vt 5.500000 14.375000
vt 6.000000 14.375000
vt 6.500000 14.375000
vt 7.000000 14.375000
vt 7.500000 14.375000
vt 8.000000 14.375000
vt 8.500000 14.375000
vt 9.000000 14.375000
vt 9.500000 14.375000
vt 10.000000 14.375000
vt 10.500000 14.375000
vt 11.000000 14.375000
vt 11.500000 14.375000
vt 12.000000 14.375000
vt 12.500000 14.375000
vt 13.000000 14.375000
vt 13.500000 14.375000
vt 14.000000 14.375000
vt 14.500000 14.375000
vt 15.000000 14.375000
vt 15.500000 14.375000
vt 16.000000 14.375000
vt 16.500000 14.375000
vt 17.000000 14.375000
vt 17.007663 14.375000
vt 0.000000 13.875000
vt 0.500000 13.875000
vt 1.000000 13.875000
vt 1.500000 13.875000
vt 2.000000 13.875000
vt 2.500000 13.875000
vt 3.000000 13.875000
vt 3.500000 13.875000
vt 4.000000 13.875000
vt 4.500000 13.875000
vt 5.000000 13.875000
vt 5.500000 13.875000
vt 6.000000 13.875000
vt 6.500000 13.875000
vt 7.000000 13.875000
vt 7.500000 13.875000
vt 8.000000 13.875000
vt 8.500000 13.875000
vt 9.000000 13.875000
vt 9.500000 13.875000
vt 10.000000 13.875000
vt 10.500000 13.875000
vt 11.000000 13.875000
vt 11.500000 13.875000
vt 12.000000 13.875000
vt 12.500000 13.875000
vt 13.000000 13.875000
vt 13.500000 13.875000
vt 14.000000 13.875000
vt 14.500000 13.875000
vt 15.000000 13.875000
vt 15.500000 13.875000
vt 16.000000 13.875000
vt 16.500000 13.875000
vt 17.000000 13.875000
vt 17.007663 13.875000
vt 0.000000 13.375000
vt 0.500000 13.375000
vt 1.000000 13.375000
vt 1.500000 13.375000
vt 2.000000 13.375000
vt 2.500000 13.375000
vt 3.000000 13.375000
vt 3.500000 13.375000
vt 4.000000 13.375000
vt 4.500000 13.375000
vt 5.000000 13.375000
vt 5.500000 13.375000
vt 6.000000 13.375000
vt 6.500000 13.375000
vt 7.000000 13.375000
vt 7.500000 13.375000
vt 8.000000 13.375000
vt 8.500000 13.375000
vt 9.000000 13.375000
vt 9.500000 13.375000
vt 10.000000 13.375000
vt 10.500000 13.375000
vt 11.000000 13.375000
vt 11.500000 13.375000
vt 12.000000 13.375000
vt 12.500000 13.375000
vt 13.000000 13.375000
vt 13.500000 13.375000
vt 14.000000 13.375000
vt 14.500000 13.375000
vt 15.000000 13.375000
vt 15.500000 13.375000
vt 16.000000 13.375000
vt 16.500000 13.375000
vt 17.000000 13.375000
vt 17.007663 13.375000
vt 0.000000 12.875000
vt 0.500000 12.875000
vt 1.000000 12.875000
vt 1.500000 12.875000
vt 2.000000 12.875000
vt 2.500000 12.875000
vt 3.000000 12.875000
vt 3.500000 12.875000
vt 4.000000 12.875000
vt 4.500000 12.875000
vt 5.000000 12.875000
vt 5.500000 12.875000
vt 6.000000 12.875000
vt 6.500000 12.875000
vt 7.000000 12.875000
vt 7.500000 12.875000
vt 8.000000 12.875000
vt 8.500000 12.875000
vt 9.000000 12.875000
vt 9.500000 12.875000
vt 10.000000 12.875000
vt 10.500000 12.875000
vt 11.000000 12.875000
vt 11.500000 12.875000
vt 12.000000 12.875000
vt 12.500000 12.875000
vt 13.000000 12.875000
vt 13.500000 12.875000
vt 14.000000 12.875000
vt 14.500000 12.875000
vt 15.000000 12.875000
vt 15.500000 12.875000
vt 16.000000 12.875000
vt 16.500000 12.875000
vt 17.000000 12.875000
vt 17.007663 12.875000
vt 0.000000 12.375000
vt 0.500000 12.375000
vt 1.000000 12.375000
vt 1.500000 12.375000
vt 2.000000 12.375000
vt 2.500000 12.375000
vt 3.000000 12.375000
vt 3.500000 12.375000
vt 4.000000 12.375000
vt 4.500000 12.375000
vt 5.000000 12.375000
vt 5.500000 12.375000
vt 6.000000 12.375000
vt 6.500000 12.375000
vt 7.000000 12.375000
vt 7.500000 12.375000
vt 8.000000 12.375000
vt 8.500000 12.375000
vt 9.000000 12.375000
vt 9.500000 12.375000
vt 10.000000 12.375000
vt 10.500000 12.375000
vt 11.000000 12.375000
vt 11.500000 12.375000
vt 12.000000 12.375000
vt 12.500000 12.375000
vt 13.000000 12.375000
vt 13.500000 12.375000
vt 14.000000 12.375000
vt 14.500000 12.375000
vt 15.000000 12.375000
vt 15.500000 12.375000
vt 16.000000 12.375000
vt 16.500000 12.375000
vt 17.000000 12.375000
vt 17.007663 12.375000
vt 0.000000 11.875000
vt 0.500000 11.875000
vt 1.000000 11.875000
vt 1.500000 11.875000
vt 2.000000 11.875000
vt 2.500000 11.875000
vt 3.000000 11.875000
vt 3.500000 11.875000
vt 4.000000 11.875000
vt 4.500000 11.875000
vt 5.000000 11.875000
vt 5.500000 11.875000
vt 6.000000 11.875000
vt 6.500000 11.875000
vt 7.000000 11.875000
vt 7.500000 11.875000
vt 8.000000 11.875000
vt 8.500000 11.875000
vt 9.000000 11.875000
vt 9.500000 11.875000
vt 10.000000 11.875000
vt 10.500000 11.875000
vt 11.000000 11.875000
vt 11.500000 11.875000
vt 12.000000 11.875000
vt 12.500000 11.875000
vt 13.000000 11.875000
vt 13.500000 11.875000
vt 14.000000 11.875000
vt 14.500000 11.875000
vt 15.000000 11.875000
vt 15.500000 11.875000
vt 16.000000 11.875000
vt 16.500000 11.875000
vt 17.000000 11.875000
vt 17.007663 11.875000
vt 0.000000 11.375000
vt 0.500000 11.375000
vt 1.000000 11.375000
vt 1.500000 11.375000
vt 2.000000 11.375000
vt 2.500000 11.375000
vt 3.000000 11.375000
vt 3.500000 11.375000
vt 4.000000 11.375000
vt 4.500000 11.375000
vt 5.000000 11.375000
vt 5.500000 11.375000
vt 6.000000 11.375000
vt 6.500000 11.375000
vt 7.000000 11.375000
vt 7.500000 11.375000
vt 8.000000 11.375000
vt 8.500000 11.375000
vt 9.000000 11.375000
vt 9.500000 11.375000
vt 10.000000 11.375000
vt 10.500000 11.375000
vt 11.000000 11.375000
vt 11.500000 11.375000
vt 12.000000 11.375000
vt 12.500000 11.375000
vt 13.000000 11.375000
vt 13.500000 11.375000
vt 14.000000 11.375000
vt 14.500000 11.375000
vt 15.000000 11.375000
vt 15.500000 11.375000
vt 16.000000 11.375000
vt 16.500000 11.375000
vt 17.000000 11.375000
vt 17.007663 11.375000
vt 0.000000 10.875000
vt 0.500000 10.875000
vt 1.000000 10.875000
vt 1.500000 10.875000
vt 2.000000 10.875000
vt 2.500000 10.875000
vt 3.000000 10.875000
vt 3.500000 10.875000
vt 4.000000 10.875000
vt 4.500000 10.875000
vt 5.000000 10.875000
vt 5.500000 10.875000
vt 6.000000 10.875000
vt 6.500000 10.875000
vt 7.000000 10.875000
vt 7.500000 10.875000
vt 8.000000 10.875000
vt 8.500000 10.875000
vt 9.000000 10.875000
vt 9.500000 10.875000
vt 10.000000 10.875000
vt 10.500000 10.875000
vt 11.000000 10.875000
vt 11.500000 10.875000
vt 12.000000 10.875000
vt 12.500000 10.875000
vt 13.000000 10.875000
vt 13.500000 10.875000
vt 14.000000 10.875000
vt 14.500000 10.875000
vt 15.000000 10.875000
vt 15.500000 10.875000
vt 16.000000 10.875000
vt 16.500000 10.875000
vt 17.000000 10.875000
vt 17.007663 10.875000
vt 0.000000 10.375000
vt 0.500000 10.375000
vt 1.000000 10.375000
vt 1.500000 10.375000
vt 2.000000 10.375000
vt 2.500000 10.375000
vt 3.000000 10.375000
vt 3.500000 10.375000
vt 4.000000 10.375000
vt 4.500000 10.375000
vt 5.000000 10.375000
vt 5.500000 10.375000
vt 6.000000 10.375000
vt 6.500000 10.375000
vt 7.000000 10.375000
vt 7.500000 10.375000
vt 8.000000 10.375000
vt 8.500000 10.375000
vt 9.000000 10.375000
vt 9.500000 10.375000
vt 10.000000 10.375000
vt 10.500000 10.375000
vt 11.000000 10.375000
vt 11.500000 10.375000
vt 12.000000 10.375000
vt 12.500000 10.375000
vt 13.000000 10.375000
vt 13.500000 10.375000
vt 14.000000 10.375000
vt 14.500000 10.375000
vt 15.000000 10.375000
vt 15.500000 10.375000
vt 16.000000 10.375000
vt 16.500000 10.375000
vt 17.000000 10.375000
vt 17.007663 10.375000
vt 0.000000 9.875000
vt 0.500000 9.875000
vt 1.000000 9.875000
vt 1.500000 9.875000
vt 2.000000 9.875000
vt 2.500000 9.875000
vt 3.000000 9.875000
vt 3.500000 9.875000
vt 4.000000 9.875000
vt 4.500000 9.875000
vt 5.000000 9.875000
vt 5.500000 9.875000
vt 6.000000 9.875000
vt 6.500000 9.875000
vt 7.000000 9.875000
vt 7.500000 9.875000
vt 8.000000 9.875000
vt 8.500000 9.875000
vt 9.000000 9.875000
vt 9.500000 9.875000
vt 10.000000 9.875000
vt 10.500000 9.875000
vt 11.000000 9.875000
vt 11.500000 9.875000
vt 12.000000 9.875000
vt 12.500000 9.875000
vt 13.000000 9.875000
vt 13.500000 9.875000
vt 14.000000 9.875000
vt 14.500000 9.875000
vt 15.000000 9.875000
vt 15.500000 9.875000
vt 16.000000 9.875000
vt 16.500000 9.875000
vt 17.000000 9.875000
vt 17.007663 9.875000
vt 0.000000 9.375000
vt 0.500000 9.375000
vt 1.000000 9.375000
vt 1.500000 9.375000
vt 2.000000 9.375000
vt 2.500000 9.375000
vt 3.000000 9.375000
vt 3.500000 9.375000
vt 4.000000 9.375000
vt 4.500000 9.375000
vt 5.000000 9.375000
vt 5.500000 9.375000
vt 6.000000 9.375000
vt 6.500000 9.375000
vt 7.000000 9.375000
vt 7.500000 9.375000
vt 8.000000 9.375000
vt 8.500000 9.375000
vt 9.000000 9.375000
vt 9.500000 9.375000
vt 10.000000 9.375000
vt 10.500000 9.375000
vt 11.000000 9.375000
vt 11.500000 9.375000
vt 12.000000 9.375000
vt 12.500000 9.375000
vt 13.000000 9.375000
vt 13.500000 9.375000
vt 14.000000 9.375000
vt 14.500000 9.375000
vt 15.000000 9.375000
vt 15.500000 9.375000
vt 16.000000 9.375000
vt 16.500000 9.375000
vt 17.000000 9.375000
vt 17.007663 9.375000
vt 0.000000 8.875000
vt 0.500000 8.875000
vt 1.000000 8.875000
vt 1.500000 8.875000
vt 2.000000 8.875000
vt 2.500000 8.875000
vt 3.000000 8.875000
vt 3.500000 8.875000
vt 4.000000 8.875000
vt 4.500000 8.875000
vt 5.000000 8.875000
vt 5.500000 8.875000
vt 6.000000 8.875000
vt 6.500000 8.875000
vt 7.000000 8.875000
vt 7.500000 8.875000
vt 8.000000 8.875000
vt 8.500000 8.875000
vt 9.000000 8.875000
vt 9.500000 8.875000
vt 10.000000 8.875000
vt 10.500000 8.875000
vt 11.000000 8.875000
vt 11.500000 8.875000
vt 12.000000 8.875000
vt 12.500000 8.875000
vt 13.000000 8.875000
vt 13.500000 8.875000
vt 14.000000 8.875000
vt 14.500000 8.875000
vt 15.000000 8.875000
vt 15.500000 8.875000
vt 16.000000 8.875000
vt 16.500000 8.875000
vt 17.000000 8.875000
vt 17.007663 8.875000
vt 0.000000 8.375000
vt 0.500000 8.375000
vt 1.000000 8.375000
vt 1.500000 8.375000
vt 2.000000 8.375000
vt 2.500000 8.375000
vt 3.000000 8.375000
vt 3.500000 8.375000
vt 4.000000 8.375000
vt 4.500000 8.375000
vt 5.000000 8.375000
vt 5.500000 8.375000
vt 6.000000 8.375000
vt 6.500000 8.375000
vt 7.000000 8.375000
vt 7.500000 8.375000
vt 8.000000 8.375000
vt 8.500000 8.375000
vt 9.000000 8.375000
vt 9.500000 8.375000
vt 10.000000 8.375000
vt 10.500000 8.375000
vt 11.000000 8.375000
vt 11.500000 8.375000
vt 12.000000 8.375000
vt 12.500000 8.375000
vt 13.000000 8.375000
vt 13.500000 8.375000
vt 14.000000 8.375000
vt 14.500000 8.375000
vt 15.000000 8.375000
vt 15.500000 8.375000
vt 16.000000 8.375000
vt 16.500000 8.375000
vt 17.000000 8.375000
vt 17.007663 8.375000
vt 0.000000 7.875000
vt 0.500000 7.875000
vt 1.000000 7.875000
vt 1.500000 7.875000
vt 2.000000 7.875000
vt 2.500000 7.875000
vt 3.000000 7.875000
vt 3.500000 7.875000
vt 4.000000 7.875000
vt 4.500000 7.875000
vt 5.000000 7.875000
vt 5.500000 7.875000
vt 6.000000 7.875000
vt 6.500000 7.875000
vt 7.000000 7.875000
vt 7.500000 7.875000
vt 8.000000 7.875000
vt 8.500000 7.875000
vt 9.000000 7.875000
vt 9.500000 7.875000
vt 10.000000 7.875000
vt 10.500000 7.875000
vt 11.000000 7.875000
vt 11.500000 7.875000
vt 12.000000 7.875000
vt 12.500000 7.875000
vt 13.000000 7.875000
vt 13.500000 7.875000
vt 14.000000 7.875000
vt 14.500000 7.875000
vt 15.000000 7.875000
vt 15.500000 7.875000
vt 16.000000 7.875000
vt 16.500000 7.875000
vt 17.000000 7.875000
vt 17.007663 7.875000
vt 0.000000 7.375000
vt 0.500000 7.375000
vt 1.000000 7.375000
vt 1.500000 7.375000
vt 2.000000 7.375000
vt 2.500000 7.375000
vt 3.000000 7.375000
vt 3.500000 7.375000
vt 4.000000 7.375000
vt 4.500000 7.375000
vt 5.000000 7.375000
vt 5.500000 7.375000
vt 6.000000 7.375000
vt 6.500000 7.375000
vt 7.000000 7.375000
vt 7.500000 7.375000
vt 8.000000 7.375000
vt 8.500000 7.375000
vt 9.000000 7.375000
vt 9.500000 7.375000
vt 10.000000 7.375000
vt 10.500000 7.375000
vt 11.000000 7.375000
vt 11.500000 7.375000
vt 12.000000 7.375000
vt 12.500000 7.375000
vt 13.000000 7.375000
vt 13.500000 7.375000
vt 14.000000 7.375000
vt 14.500000 7.375000
vt 15.000000 7.375000
vt 15.500000 7.375000
vt 16.000000 7.375000
vt 16.500000 7.375000
vt 17.000000 7.375000
vt 17.007663 7.375000
vt 0.000000 6.875000
vt 0.500000 6.875000
vt 1.000000 6.875000
vt 1.500000 6.875000
vt 2.000000 6.875000
vt 2.500000 6.875000
vt 3.000000 6.875000
vt 3.500000 6.875000
vt 4.000000 6.875000
vt 4.500000 6.875000
vt 5.000000 6.875000
vt 5.500000 6.875000
vt 6.000000 6.875000
vt 6.500000 6.875000
vt 7.000000 6.875000
vt 7.500000 6.875000
vt 8.000000 6.875000
vt 8.500000 6.875000
vt 9.000000 6.875000
vt 9.500000 6.875000
vt 10.000000 6.875000
vt 10.500000 6.875000
vt 11.000000 6.875000
vt 11.500000 6.875000
vt 12.000000 6.875000
vt 12.500000 6.875000
vt 13.000000 6.875000
vt 13.500000 6.875000
vt 14.000000 6.875000
vt 14.500000 6.875000
vt 15.000000 6.875000
vt 15.500000 6.875000
vt 16.000000 6.875000
vt 16.500000 6.875000
vt 17.000000 6.875000
vt 17.007663 6.875000
vt 0.000000 6.375000
vt 0.500000 6.375000
vt 1.000000 6.375000
vt 1.500000 6.375000
vt 2.000000 6.375000
vt 2.500000 6.375000
vt 3.000000 6.375000
vt 3.500000 6.375000
vt 4.000000 6.375000
vt 4.500000 6.375000
vt 5.000000 6.375000
vt 5.500000 6.375000
vt 6.000000 6.375000
vt 6.500000 6.375000
vt 7.000000 6.375000
vt 7.500000 6.375000
vt 8.000000 6.375000
vt 8.500000 6.375000
vt 9.000000 6.375000
vt 9.500000 6.375000
vt 10.000000 6.375000
vt 10.500000 6.375000
vt 11.000000 6.375000
vt 11.500000 6.375000
vt 12.000000 6.375000
vt 12.500000 6.375000
vt 13.000000 6.375000
vt 13.500000 6.375000
vt 14.000000 6.375000
vt 14.500000 6.375000
vt 15.000000 6.375000
vt 15.500000 6.375000
vt 16.000000 6.375000
vt 16.500000 6.375000
vt 17.000000 6.375000
vt 17.007663 6.375000
vt 0.000000 5.875000
vt 0.500000 5.875000
vt 1.000000 5.875000
vt 1.500000 5.875000
vt 2.000000 5.875000
vt 2.500000 5.875000
vt 3.000000 5.875000
vt 3.500000 5.875000
vt 4.000000 5.875000
vt 4.500000 5.875000
vt 5.000000 5.875000
vt 5.500000 5.875000
vt 6.000000 5.875000
vt 6.500000 5.875000
vt 7.000000 5.875000
vt 7.500000 5.875000
vt 8.000000 5.875000
vt 8.500000 5.875000
vt 9.000000 5.875000
vt 9.500000 5.875000
vt 10.000000 5.875000
vt 10.500000 5.875000
vt 11.000000 5.875000
vt 11.500000 5.875000
vt 12.000000 5.875000
vt 12.500000 5.875000
vt 13.000000 5.875000
vt 13.500000 5.875000
vt 14.000000 5.875000
vt 14.500000 5.875000
vt 15.000000 5.875000
vt 15.500000 5.875000
vt 16.000000 5.875000
vt 16.500000 5.875000
vt 17.000000 5.875000
vt 17.007663 5.875000
vt 0.000000 5.375000
vt 0.500000 5.375000
vt 1.000000 5.375000
vt 1.500000 5.375000
vt 2.000000 5.375000
vt 2.500000 5.375000
vt 3.000000 5.375000
vt 3.500000 5.375000
vt 4.000000 5.375000
vt 4.500000 5.375000
vt 5.000000 5.375000
vt 5.500000 5.375000
vt 6.000000 5.375000
vt 6.500000 5.375000
vt 7.000000 5.375000
vt 7.500000 5.375000
vt 8.000000 5.375000
vt 8.500000 5.375000
vt 9.000000 5.375000
vt 9.500000 5.375000
vt 10.000000 5.375000
vt 10.500000 5.375000
vt 11.000000 5.375000
vt 11.500000 5.375000
vt 12.000000 5.375000
vt 12.500000 5.375000
vt 13.000000 5.375000
vt 13.500000 5.375000
vt 14.000000 5.375000
vt 14.500000 5.375000
vt 15.000000 5.375000
vt 15.500000 5.375000
vt 16.000000 5.375000
vt 16.500000 5.375000
vt 17.000000 5.375000
vt 17.007663 5.375000
vt 0.000000 4.875000
vt 0.500000 4.875000
vt 1.000000 4.875000
vt 1.500000 4.875000
vt 2.000000 4.875000
vt 2.500000 4.875000
vt 3.000000 4.875000
vt 3.500000 4.875000
vt 4.000000 4.875000
vt 4.500000 4.875000
vt 5.000000 4.875000
vt 5.500000 4.875000
vt 6.000000 4.875000
vt 6.500000 4.875000
vt 7.000000 4.875000
vt 7.500000 4.875000
vt 8.000000 4.875000
vt 8.500000 4.875000
vt 9.000000 4.875000
vt 9.500000 4.875000
vt 10.000000 4.875000
vt 10.500000 4.875000
vt 11.000000 4.875000
vt 11.500000 4.875000
vt 12.000000 4.875000
vt 12.500000 4.875000
vt 13.000000 4.875000
vt 13.500000 4.875000
vt 14.000000 4.875000
vt 14.500000 4.875000
vt 15.000000 4.875000
vt 15.500000 4.875000
vt 16.000000 4.875000
vt 16.500000 4.875000
vt 17.000000 4.875000
vt 17.007663 4.875000
vt 0.000000 4.375000
vt 0.500000 4.375000
vt 1.000000 4.375000
vt 1.500000 4.375000
vt 2.000000 4.375000
vt 2.500000 4.375000
vt 3.000000 4.375000
vt 3.500000 4.375000
vt 4.000000 4.375000
vt 4.500000 4.375000
vt 5.000000 4.375000
vt 5.500000 4.375000
vt 6.000000 4.375000
vt 6.500000 4.375000
vt 7.000000 4.375000
vt 7.500000 4.375000
vt 8.000000 4.375000
vt 8.500000 4.375000
vt 9.000000 4.375000
vt 9.500000 4.375000
vt 10.000000 4.375000
vt 10.500000 4.375000
vt 11.000000 4.375000
vt 11.500000 4.375000
vt 12.000000 4.375000
vt 12.500000 4.375000
vt 13.000000 4.375000
vt 13.500000 4.375000
vt 14.000000 4.375000
vt 14.500000 4.375000
vt 15.000000 4.375000
vt 15.500000 4.375000
vt 16.000000 4.375000
vt 16.500000 4.375000
vt 17.000000 4.375000
vt 17.007663 4.375000
vt 0.000000 3.875000
vt 0.500000 3.875000
vt 1.000000 3.875000
vt 1.500000 3.875000
vt 2.000000 3.875000
vt 2.500000 3.875000
vt 3.000000 3.875000
vt 3.500000 3.875000
vt 4.000000 3.875000
vt 4.500000 3.875000
vt 5.000000 3.875000
vt 5.500000 3.875000
vt 6.000000 3.875000
vt 6.500000 3.875000
vt 7.000000 3.875000
vt 7.500000 3.875000
vt 8.000000 3.875000
vt 8.500000 3.875000
vt 9.000000 3.875000
vt 9.500000 3.875000
vt 10.000000 3.875000
vt 10.500000 3.875000
vt 11.000000 3.875000
vt 11.500000 3.875000
vt 12.000000 3.875000
vt 12.500000 3.875000
vt 13.000000 3.875000
vt 13.500000 3.875000
vt 14.000000 3.875000
vt 14.500000 3.875000
vt 15.000000 3.875000
vt 15.500000 3.875000
vt 16.000000 3.875000
vt 16.500000 3.875000
vt 17.000000 3.875000
vt 17.007663 3.875000
vt 0.000000 3.375000
vt 0.500000 3.375000
vt 1.000000 3.375000
vt 1.500000 3.375000
vt 2.000000 3.375000
vt 2.500000 3.375000
vt 3.000000 3.375000
vt 3.500000 3.375000
vt 4.000000 3.375000
vt 4.500000 3.375000
vt 5.000000 3.375000
vt 5.500000 3.375000
vt 6.000000 3.375000
vt 6.500000 3.375000
vt 7.000000 3.375000
vt 7.500000 3.375000
vt 8.000000 3.375000
vt 8.500000 3.375000
vt 9.000000 3.375000
vt 9.500000 3.375000
vt 10.000000 3.375000
vt 10.500000 3.375000
vt 11.000000 3.375000
vt 11.500000 3.375000
vt 12.000000 3.375000
vt 12.500000 3.375000
vt 13.000000 3.375000
vt 13.500000 3.375000
vt 14.000000 3.375000
vt 14.500000 3.375000
vt 15.000000 3.375000
vt 15.500000 3.375000
vt 16.000000 3.375000
vt 16.500000 3.375000
vt 17.000000 3.375000
vt 17.007663 3.375000
vt 0.000000 2.875000
vt 0.500000 2.875000
vt 1.000000 2.875000
vt 1.500000 2.875000
vt 2.000000 2.875000
vt 2.500000 2.875000
vt 3.000000 2.875000
vt 3.500000 2.875000
vt 4.000000 2.875000
vt 4.500000 2.875000
vt 5.000000 2.875000
vt 5.500000 2.875000
vt 6.000000 2.875000
vt 6.500000 2.875000
vt 7.000000 2.875000
vt 7.500000 2.875000
vt 8.000000 2.875000
vt 8.500000 2.875000
vt 9.000000 2.875000
vt 9.500000 2.875000
vt 10.000000 2.875000
vt 10.500000 2.875000
vt 11.000000 2.875000
vt 11.500000 2.875000
vt 12.000000 2.875000
vt 12.500000 2.875000
vt 13.000000 2.875000
vt 13.500000 2.875000
vt 14.000000 2.875000
vt 14.500000 2.875000
vt 15.000000 2.875000
vt 15.500000 2.875000
vt 16.000000 2.875000
vt 16.500000 2.875000
vt 17.000000 2.875000
vt 17.007663 2.875000
vt 0.000000 2.375000
vt 0.500000 2.375000
vt 1.000000 2.375000
vt 1.500000 2.375000
vt 2.000000 2.375000
vt 2.500000 2.375000
vt 3.000000 2.375000
vt 3.500000 2.375000
vt 4.000000 2.375000
vt 4.500000 2.375000
vt 5.000000 2.375000
vt 5.500000 2.375000
vt 6.000000 2.375000
vt 6.500000 2.375000
vt 7.000000 2.375000
vt 7.500000 2.375000
vt 8.000000 2.375000
vt 8.500000 2.375000
vt 9.000000 2.375000
vt 9.500000 2.375000
vt 10.000000 2.375000
vt 10.500000 2.375000
vt 11.000000 2.375000
vt 11.500000 2.375000
vt 12.000000 2.375000
vt 12.500000 2.375000
vt 13.000000 2.375000
vt 13.500000 2.375000
vt 14.000000 2.375000
vt 14.500000 2.375000
vt 15.000000 2.375000
vt 15.500000 2.375000
vt 16.000000 2.375000
vt 16.500000 2.375000
vt 17.000000 2.375000
vt 17.007663 2.375000
vt 0.000000 1.875000
vt 0.500000 1.875000
vt 1.000000 1.875000
vt 1.500000 1.875000
vt 2.000000 1.875000
vt 2.500000 1.875000
vt 3.000000 1.875000
vt 3.500000 1.875000
vt 4.000000 1.875000
vt 4.500000 1.875000
vt 5.000000 1.875000
vt 5.500000 1.875000
vt 6.000000 1.875000
vt 6.500000 1.875000
vt 7.000000 1.875000
vt 7.500000 1.875000
vt 8.000000 1.875000
vt 8.500000 1.875000
vt 9.000000 1.875000
vt 9.500000 1.875000
vt 10.000000 1.875000
vt 10.500000 1.875000
vt 11.000000 1.875000
vt 11.500000 1.875000
vt 12.000000 1.875000
vt 12.500000 1.875000
vt 13.000000 1.875000
vt 13.500000 1.875000
vt 14.000000 1.875000
vt 14.500000 1.875000
vt 15.000000 1.875000
vt 15.500000 1.875000
vt 16.000000 1.875000
vt 16.500000 1.875000
vt 17.000000 1.875000
vt 17.007663 1.875000
vt 0.000000 1.375000
vt 0.500000 1.375000
vt 1.000000 1.375000
vt 1.500000 1.375000
vt 2.000000 1.375000
vt 2.500000 1.375000
vt 3.000000 1.375000
vt 3.500000 1.375000
vt 4.000000 1.375000
vt 4.500000 1.375000
vt 5.000000 1.375000
vt 5.500000 1.375000
vt 6.000000 1.375000
vt 6.500000 1.375000
vt 7.000000 1.375000
vt 7.500000 1.375000
vt 8.000000 1.375000
vt 8.500000 1.375000
vt 9.000000 1.375000
vt 9.500000 1.375000
vt 10.000000 1.375000
vt 10.500000 1.375000
vt 11.000000 1.375000
vt 11.500000 1.375000
vt 12.000000 1.375000
vt 12.500000 1.375000
vt 13.000000 1.375000
vt 13.500000 1.375000
vt 14.000000 1.375000
vt 14.500000 1.375000
vt 15.000000 1.375000
vt 15.500000 1.375000
vt 16.000000 1.375000
vt 16.500000 1.375000
vt 17.000000 1.375000
vt 17.007663 1.375000
vt 0.000000 0.875000
vt 0.500000 0.875000
vt 1.000000 0.875000
vt 1.500000 0.875000
vt 2.000000 0.875000
vt 2.500000 0.875000
vt 3.000000 0.875000
vt 3.500000 0.875000
vt 4.000000 0.875000
vt 4.500000 0.875000
vt 5.000000 0.875000
vt 5.500000 0.875000
vt 6.000000 0.875000
vt 6.500000 0.875000
vt 7.000000 0.875000
vt 7.500000 0.875000
vt 8.000000 0.875000
vt 8.500000 0.875000
vt 9.000000 0.875000
vt 9.500000 0.875000
vt 10.000000 0.875000
vt 10.500000 0.875000
vt 11.000000 0.875000
vt 11.500000 0.875000
vt 12.000000 0.875000
vt 12.500000 0.875000
vt 13.000000 0.875000
vt 13.500000 0.875000
vt 14.000000 0.875000
vt 14.500000 0.875000
vt 15.000000 0.875000
vt 15.500000 0.875000
vt 16.000000 0.875000
vt 16.500000 0.875000
vt 17.000000 0.875000
vt 17.007663 0.875000
vt 0.000000 0.375000
vt 0.500000 0.375000
vt 1.000000 0.375000
vt 1.500000 0.375000
vt 2.000000 0.375000
vt 2.500000 0.375000
vt 3.000000 0.375000
vt 3.500000 0.375000
vt 4.000000 0.375000
vt 4.500000 0.375000
vt 5.000000 0.375000
vt 5.500000 0.375000
vt 6.000000 0.375000
vt 6.500000 0.375000
vt 7.000000 0.375000
vt 7.500000 0.375000
vt 8.000000 0.375000
vt 8.500000 0.375000
vt 9.000000 0.375000
vt 9.500000 0.375000
vt 10.000000 0.375000
vt 10.500000 0.375000
vt 11.000000 0.375000
vt 11.500000 0.375000
vt 12.000000 0.375000
vt 12.500000 0.375000
vt 13.000000 0.375000
vt 13.500000 0.375000
vt 14.000000 0.375000
vt 14.500000 0.375000
vt 15.000000 0.375000
vt 15.500000 0.375000
vt 16.000000 0.375000
vt 16.500000 0.375000
vt 17.000000 0.375000
vt 17.007663 0.375000
vt 0.000000 0.000000
vt 0.500000 0.000000
vt 1.000000 0.000000
vt 1.500000 0.000000
vt 2.000000 0.000000
vt 2.500000 0.000000
vt 3.000000 0.000000
vt 3.500000 0.000000
vt 4.000000 0.000000
vt 4.500000 0.000000
vt 5.000000 0.000000
vt 5.500000 0.000000
vt 6.000000 0.000000
vt 6.500000 0.000000
vt 7.000000 0.000000
vt 7.500000 0.000000
vt 8.000000 0.000000
vt 8.500000 0.000000
vt 9.000000 0.000000
vt 9.500000 0.000000
vt 10.000000 0.000000
vt 10.500000 0.000000
vt 11.000000 0.000000
vt 11.500000 0.000000
vt 12.000000 0.000000
vt 12.500000 0.000000
vt 13.000000 0.000000
vt 13.500000 0.000000
vt 14.000000 0.000000
vt 14.500000 0.000000
vt 15.000000 0.000000
vt 15.500000 0.000000
vt 16.000000 0.000000
vt 16.500000 0.000000
vt 17.000000 0.000000
vt 17.007663 0.000000
vn 0.000000 1.000000 0.000000
vn 0.000000 1.000000 0.000000
vn 0.000000 1.000000 0.000000
vn 0.000000 1.000000 0.000000
vn 0.000000 1.000000 0.000000
vn 0.000000 1.000000 0.000000
vn 0.000000 1.000000 0.000000
vn 0.000000 1.000000 0.000000
vn 0.000000 1.000000 0.000000
vn 0.000000 1.000000 0.000000
vn 0.000000 1.000000 0.000000
vn 0.000000 1.000000 0.000000
vn 0.000000 1.000000 0.000000
vn 0.000000 1.000000 0.000000
vn 0.000000 1.000000 0.000000
vn 0.000000 1.000000 0.000000
vn 0.000000 1.000000 0.000000
vn 0.000000 1.000000 0.000000
vn 0.000000 1.000000 0.000000
vn 0.000000 1.000000 0.000000
vn 0.000000 1.000000 0.000000
vn 0.000000 1.000000 0.000000
vn 0.000000 1.000000 0.000000
vn 0.000000 1.000000 0.000000
vn 0.000000 1.000000 0.000000
vn 0.000000 1.000000 0.000000
vn 0.000000 1.000000 0.000000
vn 0.000000 1.000000 0.000000
vn 0.000000 1.000000 0.000000
vn 0.000000 1.000000 0.000000
vn 0.000000 1.000000 0.000000
vn 0.000000 1.000000 0.000000
vn 0.000000 1.000000 0.000000
vn 0.000000 1.000000 0.000000
vn 0.000000 1.000000 0.000000
vn 0.000000 1.000000 0.000000
vn 0.000000 1.000000 0.000000
vn 0.000000 1.000000 0.000000
vn 0.000000 1.000000 0.000000
vn 0.000000 1.000000 0.000000
vn 0.000000 1.000000 0.000000
vn 0.000000 1.000000 0.000000
vn 0.000000 1.000000 0.000000
vn 0.000000 1.000000 0.000000
vn 0.000000 1.000000 0.000000
vn 0.000000 1.000000 0.000000
vn 0.000000 1.000000 0.000000
vn 0.000000 1.000000 0.000000
vn 0.000000 1.000000 0.000000
vn 0.000000 1.000000 0.000000
vn 0.000000 1.000000 0.000000
vn 0.000000 1.000000 0.000000
vn 0.000000 1.000000 0.000000
vn 0.000000 1.000000 0.000000
vn 0.000000 1.000000 0.000000
vn 0.000000 1.000000 0.000000
vn 0.000000 1.000000 0.000000
vn 0.000000 1.000000 0.000000
vn 0.000000 1.000000 0.000000
vn 0.000000 1.000000 0.000000
vn 0.000000 1.000000 0.000000
vn 0.000000 1.000000 0.000000
vn 0.000000 1.000000 0.000000
vn 0.000000 1.000000 0.000000
vn 0.000000 1.000000 0.000000
vn 0.000000 1.000000 0.000000
vn 0.000000 1.000000 0.000000
vn 0.000000 1.000000 0.000000
vn 0.000000 1.000000 0.000000
vn 0.000000 1.000000 0.000000
vn 0.000000 1.000000 0.000000
vn 0.000000 1.000000 0.000000
vn 0.000000 1.000000 0.000000
vn 0.000000 1.000000 0.000000
vn 0.000000 1.000000 0.000000
vn 0.000000 1.000000 0.000000
vn 0.000000 1.000000 0.000000
vn 0.000000 1.000000 0.000000
vn 0.000000 1.000000 0.000000
vn 0.000000 1.000000 0.000000
vn 0.000000 1.000000 0.000000
vn 0.000000 1.000000 0.000000
vn 0.000000 1.000000 0.000000
vn 0.000000 1.000000 0.000000
vn 0.000000 1.000000 0.000000
vn 0.000000 1.000000 0.000000
vn 0.000000 1.000000 0.000000
vn 0.000000 1.000000 0.000000
vn 0.000000 1.000000 0.000000
vn 0.000000 1.000000 0.000000
vn 0.000000 1.000000 0.000000
vn 0.000000 1.000000 0.000000
vn 0.000000 1.000000 0.000000
vn 0.000000 1.000000 0.000000
vn 0.000000 1.000000 0.000000
vn 0.000000 1.000000 0.000000
vn 0.000000 1.000000 0.000000
vn 0.000000 1.000000 0.000000
vn 0.000000 1.000000 0.000000
vn 0.000000 1.000000 0.000000
vn 0.000000 1.000000 0.000000
vn 0.000000 1.000000 0.000000
vn 0.000000 1.000000 0.000000
vn 0.000000 1.000000 0.000000
vn 0.000000 1.000000 0.000000
vn 0.000000 1.000000 0.000000
vn 0.000000 1.000000 0.000000
vn 0.000000 1.000000 0.000000
vn 0.000000 1.000000 0.000000
vn 0.000000 1.000000 0.000000
vn 0.000000 1.000000 0.000000
vn 0.000000 1.000000 0.000000
vn 0.000000 1.000000 0.000000
vn 0.000000 1.000000 0.000000
vn 0.000000 1.000000 0.000000
vn 0.000000 1.000000 0.000000
vn 0.000000 1.000000 0.000000
vn 0.000000 1.000000 0.000000
vn 0.000000 1.000000 0.000000
vn 0.000000 1.000000 0.000000
vn 0.000000 1.000000 0.000000
vn 0.000000 1.000000 0.000000
vn 0.000000 1.000000 0.000000
vn 0.000000 1.000000 0.000000
vn 0.000000 1.000000 0.000000
vn 0.000000 1.000000 0.000000
vn 0.000000 1.000000 0.000000
vn 0.000000 1.000000 0.000000
vn 0.000000 1.000000 0.000000
vn 0.000000 1.000000 0.000000
vn 0.000000 1.000000 0.000000
vn 0.000000 1.000000 0.000000
vn 0.000000 1.000000 0.000000
vn 0.000000 1.000000 0.000000
vn 0.000000 1.000000 0.000000
vn 0.000000 1.000000 0.000000
vn 0.000000 1.000000 0.000000
vn 0.000000 1.000000 0.000000
vn 0.000000 1.000000 0.000000
vn 0.000000 1.000000 0.000000
vn 0.000000 1.000000 0.000000
vn 0.000000 1.000000 0.000000
vn 0.000000 1.000000 0.000000
vn 0.000000 1.000000 0.000000
vn 0.000000 1.000000 0.000000
vn 0.000000 1.000000 0.000000
vn 0.000000 1.000000 0.000000
vn 0.000000 1.000000 0.000000
vn 0.000000 1.000000 0.000000
vn 0.000000 1.000000 0.000000
vn 0.000000 1.000000 0.000000
vn 0.000000 1.000000 0.000000
vn 0.000000 1.000000 0.000000
vn 0.000000 1.000000 0.000000
vn 0.000000 1.000000 0.000000
vn 0.000000 1.000000 0.000000
vn 0.000000 1.000000 0.000000
vn 0.000000 1.000000 0.000000
vn 0.000000 1.000000 0.000000
vn 0.000000 1.000000 0.000000
vn 0.000000 1.000000 0.000000
vn 0.000000 1.000000 0.000000
vn 0.000000 1.000000 0.000000
vn 0.000000 1.000000 0.000000
vn 0.000000 1.000000 0.000000
vn 0.000000 1.000000 0.000000
vn 0.000000 1.000000 0.000000
vn 0.000000 1.000000 0.000000
vn 0.000000 1.000000 0.000000
vn 0.000000 1.000000 0.000000
vn 0.000000 1.000000 0.000000
vn 0.000000 1.000000 0.000000
vn 0.000000 1.000000 0.000000
vn 0.000000 1.000000 0.000000
vn 0.000000 1.000000 0.000000
vn 0.000000 1.000000 0.000000
vn 0.000000 1.000000 0.000000
vn 0.000000 1.000000 0.000000
vn 0.000000 1.000000 0.000000
vn 0.000000 1.000000 0.000000
vn 0.000000 1.000000 0.000000
vn 0.000000 1.000000 0.000000
vn 0.000000 1.000000 0.000000
vn 0.000000 1.000000 0.000000
vn 0.000000 1.000000 0.000000
vn 0.000000 1.000000 0.000000
vn 0.000000 1.000000 0.000000
vn 0.000000 1.000000 0.000000
vn 0.000000 1.000000 0.000000
vn 0.000000 1.000000 0.000000
vn 0.000000 1.000000 0.000000
vn 0.000000 1.000000 0.000000
vn 0.000000 1.000000 0.000000
vn 0.000000 1.000000 0.000000
vn 0.000000 1.000000 0.000000
vn 0.000000 1.000000 0.000000
vn 0.000000 1.000000 0.000000
vn 0.000000 1.000000 0.000000
vn 0.000000 1.000000 0.000000
vn 0.000000 1.000000 0.000000
vn 0.000000 1.000000 0.000000
vn 0.000000 1.000000 0.000000
vn 0.000000 1.000000 0.000000
vn 0.000000 1.000000 0.000000
vn 0.000000 1.000000 0.000000
vn 0.000000 1.000000 0.000000
vn 0.000000 1.000000 0.000000
vn 0.000000 1.000000 0.000000
vn 0.000000 1.000000 0.000000
vn 0.000000 1.000000 0.000000
vn 0.000000 1.000000 0.000000
vn 0.000000 1.000000 0.000000
vn 0.000000 1.000000 0.000000
vn 0.000000 1.000000 0.000000
vn 0.000000 1.000000 0.000000
vn 0.000000 1.000000 0.000000
vn 0.000000 1.000000 0.000000
vn 0.000000 1.000000 0.000000
vn 0.000000 1.000000 0.000000
vn 0.000000 1.000000 0.000000
vn 0.000000 1.000000 0.000000
vn 0.000000 1.000000 0.000000
vn 0.000000 1.000000 0.000000
vn 0.000000 1.000000 0.000000
vn 0.000000 1.000000 0.000000
vn 0.000000 1.000000 0.000000
vn 0.000000 1.000000 0.000000
vn 0.000000 1.000000 0.000000
vn 0.000000 1.000000 0.000000
vn 0.000000 1.000000 0.000000
vn 0.000000 1.000000 0.000000
vn 0.000000 1.000000 0.000000
vn 0.000000 1.000000 0.000000
vn 0.000000 1.000000 0.000000
vn 0.000000 1.000000 0.000000
vn 0.000000 1.000000 0.000000
vn 0.000000 1.000000 0.000000
vn 0.000000 1.000000 0.000000
vn 0.000000 1.000000 0.000000
vn 0.000000 1.000000 0.000000
vn 0.000000 1.000000 0.000000
vn 0.000000 1.000000 0.000000
vn 0.000000 1.000000 0.000000
vn 0.000000 1.000000 0.000000
vn 0.000000 1.000000 0.000000
vn 0.000000 1.000000 0.000000
vn 0.000000 1.000000 0.000000
vn 0.000000 1.000000 0.000000
vn 0.000000 1.000000 0.000000
vn 0.000000 1.000000 0.000000
vn 0.000000 1.000000 0.000000
vn 0.000000 1.000000 0.000000
vn 0.000000 1.000000 0.000000
vn 0.000000 1.000000 0.000000
vn 0.000000 1.000000 0.000000
vn 0.000000 1.000000 0.000000
vn 0.000000 1.000000 0.000000
vn 0.000000 1.000000 0.000000
vn 0.000000 1.000000 0.000000
vn 0.000000 1.000000 0.000000
vn 0.000000 1.000000 0.000000
vn 0.000000 1.000000 0.000000
vn 0.000000 1.000000 0.000000
vn 0.000000 1.000000 0.000000
vn 0.000000 1.000000 0.000000
vn 0.000000 1.000000 0.000000
vn 0.000000 1.000000 0.000000
vn 0.000000 1.000000 0.000000
vn 0.000000 1.000000 0.000000
vn 0.000000 1.000000 0.000000
vn 0.000000 1.000000 0.000000
vn 0.000000 1.000000 0.000000
vn 0.000000 1.000000 0.000000
vn 0.000000 1.000000 0.000000
vn 0.000000 1.000000 0.000000
vn 0.000000 1.000000 0.000000
vn 0.000000 1.000000 0.000000
vn 0.000000 1.000000 0.000000
vn 0.000000 1.000000 0.000000
vn 0.000000 1.000000 0.000000
vn 0.000000 1.000000 0.000000
vn 0.000000 1.000000 0.000000
vn 0.000000 1.000000 0.000000
vn 0.000000 1.000000 0.000000
vn 0.000000 1.000000 0.000000
vn 0.000000 1.000000 0.000000
vn 0.000000 1.000000 0.000000
vn 0.000000 1.000000 0.000000
vn 0.000000 1.000000 0.000000
vn 0.000000 1.000000 0.000000
vn 0.000000 1.000000 0.000000
vn 0.000000 1.000000 0.000000
vn 0.000000 1.000000 0.000000
vn 0.000000 1.000000 0.000000
vn 0.000000 1.000000 0.000000
vn 0.000000 1.000000 0.000000
vn 0.000000 1.000000 0.000000
vn 0.000000 1.000000 0.000000
vn 0.000000 1.000000 0.000000
vn 0.000000 1.000000 0.000000
vn 0.000000 1.000000 0.000000
vn 0.000000 1.000000 0.000000
vn 0.000000 1.000000 0.000000
vn 0.000000 1.000000 0.000000
vn 0.000000 1.000000 0.000000
vn 0.000000 1.000000 0.000000
vn 0.000000 1.000000 0.000000
vn 0.000000 1.000000 0.000000
vn 0.000000 1.000000 0.000000
vn 0.000000 1.000000 0.000000
vn 0.000000 1.000000 0.000000
vn 0.000000 1.000000 0.000000
vn 0.000000 1.000000 0.000000
vn 0.000000 1.000000 0.000000
vn 0.000000 1.000000 0.000000
vn 0.000000 1.000000 0.000000
vn 0.000000 1.000000 0.000000
vn 0.000000 1.000000 0.000000
vn 0.000000 1.000000 0.000000
vn 0.000000 1.000000 0.000000
vn 0.000000 1.000000 0.000000
vn 0.000000 1.000000 0.000000
vn 0.000000 1.000000 0.000000
vn 0.000000 1.000000 0.000000
vn 0.000000 1.000000 0.000000
vn 0.000000 1.000000 0.000000
vn 0.000000 1.000000 0.000000
vn 0.000000 1.000000 0.000000
vn 0.000000 1.000000 0.000000
vn 0.000000 1.000000 0.000000
vn 0.000000 1.000000 0.000000
vn 0.000000 1.000000 0.000000
vn 0.000000 1.000000 0.000000
vn 0.000000 1.000000 0.000000
vn 0.000000 1.000000 0.000000
vn 0.000000 1.000000 0.000000
vn 0.000000 1.000000 0.000000
vn 0.000000 1.000000 0.000000
vn 0.000000 1.000000 0.000000
vn 0.000000 1.000000 0.000000
vn 0.000000 1.000000 0.000000
vn 0.000000 1.000000 0.000000
vn 0.000000 1.000000 0.000000
vn 0.000000 1.000000 0.000000
vn 0.000000 1.000000 0.000000
vn 0.000000 1.000000 0.000000
vn 0.000000 1.000000 0.000000
vn 0.000000 1.000000 0.000000
vn 0.000000 1.000000 0.000000
vn 0.000000 1.000000 0.000000
vn 0.000000 1.000000 0.000000
vn 0.000000 1.000000 0.000000
vn 0.000000 1.000000 0.000000
vn 0.000000 1.000000 0.000000
vn 0.000000 1.000000 0.000000
vn 0.000000 1.000000 0.000000
vn 0.000000 1.000000 0.000000
vn 0.000000 1.000000 0.000000
vn 0.000000 1.000000 0.000000
vn 0.000000 1.000000 0.000000
vn 0.000000 1.000000 0.000000
vn 0.000000 1.000000 0.000000
vn 0.000000 1.000000 0.000000
vn 0.000000 1.000000 0.000000
vn 0.000000 1.000000 0.000000
vn 0.000000 1.000000 0.000000
vn 0.000000 1.000000 0.000000
vn 0.000000 1.000000 0.000000
vn 0.000000 1.000000 0.000000
vn 0.000000 1.000000 0.000000
vn 0.000000 1.000000 0.000000
vn 0.000000 1.000000 0.000000
vn 0.000000 1.000000 0.000000
vn 0.000000 1.000000 0.000000
vn 0.000000 1.000000 0.000000
vn 0.000000 1.000000 0.000000
vn 0.000000 1.000000 0.000000
vn 0.000000 1.000000 0.000000
vn 0.000000 1.000000 0.000000
vn 0.000000 1.000000 0.000000
vn 0.000000 1.000000 0.000000
vn 0.000000 1.000000 0.000000
vn 0.000000 1.000000 0.000000
vn 0.000000 1.000000 0.000000
vn 0.000000 1.000000 0.000000
vn 0.000000 1.000000 0.000000
vn 0.000000 1.000000 0.000000
vn 0.000000 1.000000 0.000000
vn 0.000000 1.000000 0.000000
vn 0.000000 1.000000 0.000000
vn 0.000000 1.000000 0.000000
vn 0.000000 1.000000 0.000000
vn 0.000000 1.000000 0.000000
vn 0.000000 1.000000 0.000000
vn 0.000000 1.000000 0.000000
vn 0.000000 1.000000 0.000000
vn 0.000000 1.000000 0.000000
vn 0.000000 1.000000 0.000000
vn 0.000000 1.000000 0.000000
vn 0.000000 1.000000 0.000000
vn 0.000000 1.000000 0.000000
vn 0.000000 1.000000 0.000000
vn 0.000000 1.000000 0.000000
vn 0.000000 1.000000 0.000000
vn 0.000000 1.000000 0.000000
vn 0.000000 1.000000 0.000000
vn 0.000000 1.000000 0.000000
vn 0.000000 1.000000 0.000000
vn 0.000000 1.000000 0.000000
vn 0.000000 1.000000 0.000000
vn 0.000000 1.000000 0.000000
vn 0.000000 1.000000 0.000000
vn 0.000000 1.000000 0.000000
vn 0.000000 1.000000 0.000000
vn 0.000000 1.000000 0.000000
vn 0.000000 1.000000 0.000000
vn 0.000000 1.000000 0.000000
vn 0.000000 1.000000 0.000000
vn 0.000000 1.000000 0.000000
vn 0.000000 1.000000 0.000000
vn 0.000000 1.000000 0.000000
vn 0.000000 1.000000 0.000000
vn 0.000000 1.000000 0.000000
vn 0.000000 1.000000 0.000000
vn 0.000000 1.000000 0.000000
vn 0.000000 1.000000 0.000000
vn 0.000000 1.000000 0.000000
vn 0.000000 1.000000 0.000000
vn 0.000000 1.000000 0.000000
vn 0.000000 1.000000 0.000000
vn 0.000000 1.000000 0.000000
vn 0.000000 1.000000 0.000000
vn 0.000000 1.000000 0.000000
vn 0.000000 1.000000 0.000000
vn 0.000000 1.000000 0.000000
vn 0.000000 1.000000 0.000000
vn 0.000000 1.000000 0.000000
vn 0.000000 1.000000 0.000000
vn 0.000000 1.000000 0.000000
vn 0.000000 1.000000 0.000000
vn 0.000000 1.000000 0.000000
vn 0.000000 1.000000 0.000000
vn 0.000000 1.000000 0.000000
vn 0.000000 1.000000 0.000000
vn 0.000000 1.000000 0.000000
vn 0.000000 1.000000 0.000000
vn 0.000000 1.000000 0.000000
vn 0.000000 1.000000 0.000000
vn 0.000000 1.000000 0.000000
vn 0.000000 1.000000 0.000000
vn 0.000000 1.000000 0.000000
vn 0.000000 1.000000 0.000000
vn 0.000000 1.000000 0.000000
vn 0.000000 1.000000 0.000000
vn 0.000000 1.000000 0.000000
vn 0.000000 1.000000 0.000000
vn 0.000000 1.000000 0.000000
vn 0.000000 1.000000 0.000000
vn 0.000000 1.000000 0.000000
vn 0.000000 1.000000 0.000000
vn 0.000000 1.000000 0.000000
vn 0.000000 1.000000 0.000000
vn 0.000000 1.000000 0.000000
vn 0.000000 1.000000 0.000000
vn 0.000000 1.000000 0.000000
vn 0.000000 1.000000 0.000000
vn 0.000000 1.000000 0.000000
vn 0.000000 1.000000 0.000000
vn 0.000000 1.000000 0.000000
vn 0.000000 1.000000 0.000000
vn 0.000000 1.000000 0.000000
vn 0.000000 1.000000 0.000000
vn 0.000000 1.000000 0.000000
vn 0.000000 1.000000 0.000000
vn 0.000000 1.000000 0.000000
vn 0.000000 1.000000 0.000000
vn 0.000000 1.000000 0.000000
vn 0.000000 1.000000 0.000000
vn 0.000000 1.000000 0.000000
vn 0.000000 1.000000 0.000000
vn 0.000000 1.000000 0.000000
vn 0.000000 1.000000 0.000000
vn 0.000000 1.000000 0.000000
vn 0.000000 1.000000 0.000000
vn 0.000000 1.000000 0.000000
vn 0.000000 1.000000 0.000000
vn 0.000000 1.000000 0.000000
vn 0.000000 1.000000 0.000000
vn 0.000000 1.000000 0.000000
vn 0.000000 1.000000 0.000000
vn 0.000000 1.000000 0.000000
vn 0.000000 1.000000 0.000000
vn 0.000000 1.000000 0.000000
vn 0.000000 1.000000 0.000000
vn 0.000000 1.000000 0.000000
vn 0.000000 1.000000 0.000000
vn 0.000000 1.000000 0.000000
vn 0.000000 1.000000 0.000000
vn 0.000000 1.000000 0.000000
vn 0.000000 1.000000 0.000000
vn 0.000000 1.000000 0.000000
vn 0.000000 1.000000 0.000000
vn 0.000000 1.000000 0.000000
vn 0.000000 1.000000 0.000000
vn 0.000000 1.000000 0.000000
vn 0.000000 1.000000 0.000000
vn 0.000000 1.000000 0.000000
vn 0.000000 1.000000 0.000000
vn 0.000000 1.000000 0.000000
vn 0.000000 1.000000 0.000000
vn 0.000000 1.000000 0.000000
vn 0.000000 1.000000 0.000000
vn 0.000000 1.000000 0.000000
vn 0.000000 1.000000 0.000000
vn 0.000000 1.000000 0.000000
vn 0.000000 1.000000 0.000000
vn 0.000000 1.000000 0.000000
vn 0.000000 1.000000 0.000000
vn 0.000000 1.000000 0.000000
vn 0.000000 1.000000 0.000000
vn 0.000000 1.000000 0.000000
vn 0.000000 1.000000 0.000000
vn 0.000000 1.000000 0.000000
vn 0.000000 1.000000 0.000000
vn 0.000000 1.000000 0.000000
vn 0.000000 1.000000 0.000000
vn 0.000000 1.000000 0.000000
vn 0.000000 1.000000 0.000000
vn 0.000000 1.000000 0.000000
vn 0.000000 1.000000 0.000000
vn 0.000000 1.000000 0.000000
vn 0.000000 1.000000 0.000000
vn 0.000000 1.000000 0.000000
vn 0.000000 1.000000 0.000000
vn 0.000000 1.000000 0.000000
vn 0.000000 1.000000 0.000000
vn 0.000000 1.000000 0.000000
vn 0.000000 1.000000 0.000000
vn 0.000000 1.000000 0.000000
vn 0.000000 1.000000 0.000000
vn 0.000000 1.000000 0.000000
vn 0.000000 1.000000 0.000000
vn 0.000000 1.000000 0.000000
vn 0.000000 1.000000 0.000000
vn 0.000000 1.000000 0.000000
vn 0.000000 1.000000 0.000000
vn 0.000000 1.000000 0.000000
vn 0.000000 1.000000 0.000000
vn 0.000000 1.000000 0.000000
vn 0.000000 1.000000 0.000000
vn 0.000000 1.000000 0.000000
vn 0.000000 1.000000 0.000000
vn 0.000000 1.000000 0.000000
vn 0.000000 1.000000 0.000000
vn 0.000000 1.000000 0.000000
vn 0.000000 1.000000 0.000000
vn 0.000000 1.000000 0.000000
vn 0.000000 1.000000 0.000000
vn 0.000000 1.000000 0.000000
vn 0.000000 1.000000 0.000000
vn 0.000000 1.000000 0.000000
vn 0.000000 1.000000 0.000000
vn 0.000000 1.000000 0.000000
vn 0.000000 1.000000 0.000000
vn 0.000000 1.000000 0.000000
vn 0.000000 1.000000 0.000000
vn 0.000000 1.000000 0.000000
vn 0.000000 1.000000 0.000000
vn 0.000000 1.000000 0.000000
vn 0.000000 1.000000 0.000000
vn 0.000000 1.000000 0.000000
vn 0.000000 1.000000 0.000000
vn 0.000000 1.000000 0.000000
vn 0.000000 1.000000 0.000000
vn 0.000000 1.000000 0.000000
vn 0.000000 1.000000 0.000000
vn 0.000000 1.000000 0.000000
vn 0.000000 1.000000 0.000000
vn 0.000000 1.000000 0.000000
vn 0.000000 1.000000 0.000000
vn 0.000000 1.000000 0.000000
vn 0.000000 1.000000 0.000000
vn 0.000000 1.000000 0.000000
vn 0.000000 1.000000 0.000000
vn 0.000000 1.000000 0.000000
vn 0.000000 1.000000 0.000000
vn 0.000000 1.000000 0.000000
vn 0.000000 1.000000 0.000000
vn 0.000000 1.000000 0.000000
vn 0.000000 1.000000 0.000000
vn 0.000000 1.000000 0.000000
vn 0.000000 1.000000 0.000000
vn 0.000000 1.000000 0.000000
vn 0.000000 1.000000 0.000000
vn 0.000000 1.000000 0.000000
vn 0.000000 1.000000 0.000000
vn 0.000000 1.000000 0.000000
vn 0.000000 1.000000 0.000000
vn 0.000000 1.000000 0.000000
vn 0.000000 1.000000 0.000000
vn 0.000000 1.000000 0.000000
vn 0.000000 1.000000 0.000000
vn 0.000000 1.000000 0.000000
vn 0.000000 1.000000 0.000000
vn 0.000000 1.000000 0.000000
vn 0.000000 1.000000 0.000000
vn 0.000000 1.000000 0.000000
vn 0.000000 1.000000 0.000000
vn 0.000000 1.000000 0.000000
vn 0.000000 1.000000 0.000000
vn 0.000000 1.000000 0.000000
vn 0.000000 1.000000 0.000000
vn 0.000000 1.000000 0.000000
vn 0.000000 1.000000 0.000000
vn 0.000000 1.000000 0.000000
vn 0.000000 1.000000 0.000000
vn 0.000000 1.000000 0.000000
vn 0.000000 1.000000 0.000000
vn 0.000000 1.000000 0.000000
vn 0.000000 1.000000 0.000000
vn 0.000000 1.000000 0.000000
vn 0.000000 1.000000 0.000000
vn 0.000000 1.000000 0.000000
vn 0.000000 1.000000 0.000000
vn 0.000000 1.000000 0.000000
vn 0.000000 1.000000 0.000000
vn 0.000000 1.000000 0.000000
vn 0.000000 1.000000 0.000000
vn 0.000000 1.000000 0.000000
vn 0.000000 1.000000 0.000000
vn 0.000000 1.000000 0.000000
vn 0.000000 1.000000 0.000000
vn 0.000000 1.000000 0.000000
vn 0.000000 1.000000 0.000000
vn 0.000000 1.000000 0.000000
vn 0.000000 1.000000 0.000000
vn 0.000000 1.000000 0.000000
vn 0.000000 1.000000 0.000000
vn 0.000000 1.000000 0.000000
vn 0.000000 1.000000 0.000000
vn 0.000000 1.000000 0.000000
vn 0.000000 1.000000 0.000000
vn 0.000000 1.000000 0.000000
vn 0.000000 1.000000 0.000000
vn 0.000000 1.000000 0.000000
vn 0.000000 1.000000 0.000000
vn 0.000000 1.000000 0.000000
vn 0.000000 1.000000 0.000000
vn 0.000000 1.000000 0.000000
vn 0.000000 1.000000 0.000000
vn 0.000000 1.000000 0.000000
vn 0.000000 1.000000 0.000000
vn 0.000000 1.000000 0.000000
vn 0.000000 1.000000 0.000000
vn 0.000000 1.000000 0.000000
vn 0.000000 1.000000 0.000000
vn 0.000000 1.000000 0.000000
vn 0.000000 1.000000 0.000000
vn 0.000000 1.000000 0.000000
vn 0.000000 1.000000 0.000000
vn 0.000000 1.000000 0.000000
vn 0.000000 1.000000 0.000000
vn 0.000000 1.000000 0.000000
vn 0.000000 1.000000 0.000000
vn 0.000000 1.000000 0.000000
vn 0.000000 1.000000 0.000000
vn 0.000000 1.000000 0.000000
vn 0.000000 1.000000 0.000000
vn 0.000000 1.000000 0.000000
vn 0.000000 1.000000 0.000000
vn 0.000000 1.000000 0.000000
vn 0.000000 1.000000 0.000000
vn 0.000000 1.000000 0.000000
vn 0.000000 1.000000 0.000000
vn 0.000000 1.000000 0.000000
vn 0.000000 1.000000 0.000000
vn 0.000000 1.000000 0.000000
vn 0.000000 1.000000 0.000000
vn 0.000000 1.000000 0.000000
vn 0.000000 1.000000 0.000000
vn 0.000000 1.000000 0.000000
vn 0.000000 1.000000 0.000000
vn 0.000000 1.000000 0.000000
vn 0.000000 1.000000 0.000000
vn 0.000000 1.000000 0.000000
vn 0.000000 1.000000 0.000000
vn 0.000000 1.000000 0.000000
vn 0.000000 1.000000 0.000000
vn 0.000000 1.000000 0.000000
vn 0.000000 1.000000 0.000000
vn 0.000000 1.000000 0.000000
vn 0.000000 1.000000 0.000000
vn 0.000000 1.000000 0.000000
vn 0.000000 1.000000 0.000000
vn 0.000000 1.000000 0.000000
vn 0.000000 1.000000 0.000000
vn 0.000000 1.000000 0.000000
vn 0.000000 1.000000 0.000000
vn 0.000000 1.000000 0.000000
vn 0.000000 1.000000 0.000000
vn 0.000000 1.000000 0.000000
vn 0.000000 1.000000 0.000000
vn 0.000000 1.000000 0.000000
vn 0.000000 1.000000 0.000000
vn 0.000000 1.000000 0.000000
vn 0.000000 1.000000 0.000000
vn 0.000000 1.000000 0.000000
vn 0.000000 1.000000 0.000000
vn 0.000000 1.000000 0.000000
vn 0.000000 1.000000 0.000000
vn 0.000000 1.000000 0.000000
vn 0.000000 1.000000 0.000000
vn 0.000000 1.000000 0.000000
vn 0.000000 1.000000 0.000000
vn 0.000000 1.000000 0.000000
vn 0.000000 1.000000 0.000000
vn 0.000000 1.000000 0.000000
vn 0.000000 1.000000 0.000000
vn 0.000000 1.000000 0.000000
vn 0.000000 1.000000 0.000000
vn 0.000000 1.000000 0.000000
vn 0.000000 1.000000 0.000000
vn 0.000000 1.000000 0.000000
vn 0.000000 1.000000 0.000000
vn 0.000000 1.000000 0.000000
vn 0.000000 1.000000 0.000000
vn 0.000000 1.000000 0.000000
vn 0.000000 1.000000 0.000000
vn 0.000000 1.000000 0.000000
vn 0.000000 1.000000 0.000000
vn 0.000000 1.000000 0.000000
vn 0.000000 1.000000 0.000000
vn 0.000000 1.000000 0.000000
vn 0.000000 1.000000 0.000000
vn 0.000000 1.000000 0.000000
vn 0.000000 1.000000 0.000000
vn 0.000000 1.000000 0.000000
vn 0.000000 1.000000 0.000000
vn 0.000000 1.000000 0.000000
vn 0.000000 1.000000 0.000000
vn 0.000000 1.000000 0.000000
vn 0.000000 1.000000 0.000000
vn 0.000000 1.000000 0.000000
vn 0.000000 1.000000 0.000000
vn 0.000000 1.000000 0.000000
vn 0.000000 1.000000 0.000000
vn 0.000000 1.000000 0.000000
vn 0.000000 1.000000 0.000000
vn 0.000000 1.000000 0.000000
vn 0.000000 1.000000 0.000000
vn 0.000000 1.000000 0.000000
vn 0.000000 1.000000 0.000000
vn 0.000000 1.000000 0.000000
vn 0.000000 1.000000 0.000000
vn 0.000000 1.000000 0.000000
vn 0.000000 1.000000 0.000000
vn 0.000000 1.000000 0.000000
vn 0.000000 1.000000 0.000000
vn 0.000000 1.000000 0.000000
vn 0.000000 1.000000 0.000000
vn 0.000000 1.000000 0.000000
vn 0.000000 1.000000 0.000000
vn 0.000000 1.000000 0.000000
vn 0.000000 1.000000 0.000000
vn 0.000000 1.000000 0.000000
vn 0.000000 1.000000 0.000000
vn 0.000000 1.000000 0.000000
vn 0.000000 1.000000 0.000000
vn 0.000000 1.000000 0.000000
vn 0.000000 1.000000 0.000000
vn 0.000000 1.000000 0.000000
vn 0.000000 1.000000 0.000000
vn 0.000000 1.000000 0.000000
vn 0.000000 1.000000 0.000000
vn 0.000000 1.000000 0.000000
vn 0.000000 1.000000 0.000000
vn 0.000000 1.000000 0.000000
vn 0.000000 1.000000 0.000000
vn 0.000000 1.000000 0.000000
vn 0.000000 1.000000 0.000000
vn 0.000000 1.000000 0.000000
vn 0.000000 1.000000 0.000000
vn 0.000000 1.000000 0.000000
vn 0.000000 1.000000 0.000000
vn 0.000000 1.000000 0.000000
vn 0.000000 1.000000 0.000000
vn 0.000000 1.000000 0.000000
vn 0.000000 1.000000 0.000000
vn 0.000000 1.000000 0.000000
vn 0.000000 1.000000 0.000000
vn 0.000000 1.000000 0.000000
vn 0.000000 1.000000 0.000000
vn 0.000000 1.000000 0.000000
vn 0.000000 1.000000 0.000000
vn 0.000000 1.000000 0.000000
vn 0.000000 1.000000 0.000000
vn 0.000000 1.000000 0.000000
vn 0.000000 1.000000 0.000000
vn 0.000000 1.000000 0.000000
vn 0.000000 1.000000 0.000000
vn 0.000000 1.000000 0.000000
vn 0.000000 1.000000 0.000000
vn 0.000000 1.000000 0.000000
vn 0.000000 1.000000 0.000000
vn 0.000000 1.000000 0.000000
vn 0.000000 1.000000 0.000000
vn 0.000000 1.000000 0.000000
vn 0.000000 1.000000 0.000000
vn 0.000000 1.000000 0.000000
vn 0.000000 1.000000 0.000000
vn 0.000000 1.000000 0.000000
vn 0.000000 1.000000 0.000000
vn 0.000000 1.000000 0.000000
vn 0.000000 1.000000 0.000000
vn 0.000000 1.000000 0.000000
vn 0.000000 1.000000 0.000000
vn 0.000000 1.000000 0.000000
vn 0.000000 1.000000 0.000000
vn 0.000000 1.000000 0.000000
vn 0.000000 1.000000 0.000000
vn 0.000000 1.000000 0.000000
vn 0.000000 1.000000 0.000000
vn 0.000000 1.000000 0.000000
vn 0.000000 1.000000 0.000000
vn 0.000000 1.000000 0.000000
vn 0.000000 1.000000 0.000000
vn 0.000000 1.000000 0.000000
vn 0.000000 1.000000 0.000000
vn 0.000000 1.000000 0.000000
vn 0.000000 1.000000 0.000000
vn 0.000000 1.000000 0.000000
vn 0.000000 1.000000 0.000000
vn 0.000000 1.000000 0.000000
vn 0.000000 1.000000 0.000000
vn 0.000000 1.000000 0.000000
vn 0.000000 1.000000 0.000000
vn 0.000000 1.000000 0.000000
vn 0.000000 1.000000 0.000000
vn 0.000000 1.000000 0.000000
vn 0.000000 1.000000 0.000000
vn 0.000000 1.000000 0.000000
vn 0.000000 1.000000 0.000000
vn 0.000000 1.000000 0.000000
vn 0.000000 1.000000 0.000000
vn 0.000000 1.000000 0.000000
vn 0.000000 1.000000 0.000000
vn 0.000000 1.000000 0.000000
vn 0.000000 1.000000 0.000000
vn 0.000000 1.000000 0.000000
vn 0.000000 1.000000 0.000000
vn 0.000000 1.000000 0.000000
vn 0.000000 1.000000 0.000000
vn 0.000000 1.000000 0.000000
vn 0.000000 1.000000 0.000000
vn 0.000000 1.000000 0.000000
vn 0.000000 1.000000 0.000000
vn 0.000000 1.000000 0.000000
vn 0.000000 1.000000 0.000000
vn 0.000000 1.000000 0.000000
vn 0.000000 1.000000 0.000000
vn 0.000000 1.000000 0.000000
vn 0.000000 1.000000 0.000000
vn 0.000000 1.000000 0.000000
vn 0.000000 1.000000 0.000000
vn 0.000000 1.000000 0.000000
vn 0.000000 1.000000 0.000000
vn 0.000000 1.000000 0.000000
vn 0.000000 1.000000 0.000000
vn 0.000000 1.000000 0.000000
vn 0.000000 1.000000 0.000000
vn 0.000000 1.000000 0.000000
vn 0.000000 1.000000 0.000000
vn 0.000000 1.000000 0.000000
vn 0.000000 1.000000 0.000000
vn 0.000000 1.000000 0.000000
vn 0.000000 1.000000 0.000000
vn 0.000000 1.000000 0.000000
vn 0.000000 1.000000 0.000000
vn 0.000000 1.000000 0.000000
vn 0.000000 1.000000 0.000000
vn 0.000000 1.000000 0.000000
vn 0.000000 1.000000 0.000000
vn 0.000000 1.000000 0.000000
vn 0.000000 1.000000 0.000000
vn 0.000000 1.000000 0.000000
vn 0.000000 1.000000 0.000000
vn 0.000000 1.000000 0.000000
vn 0.000000 1.000000 0.000000
vn 0.000000 1.000000 0.000000
vn 0.000000 1.000000 0.000000
vn 0.000000 1.000000 0.000000
vn 0.000000 1.000000 0.000000
vn 0.000000 1.000000 0.000000
vn 0.000000 1.000000 0.000000
vn 0.000000 1.000000 0.000000
vn 0.000000 1.000000 0.000000
vn 0.000000 1.000000 0.000000
vn 0.000000 1.000000 0.000000
vn 0.000000 1.000000 0.000000
vn 0.000000 1.000000 0.000000
vn 0.000000 1.000000 0.000000
vn 0.000000 1.000000 0.000000
vn 0.000000 1.000000 0.000000
vn 0.000000 1.000000 0.000000
vn 0.000000 1.000000 0.000000
vn 0.000000 1.000000 0.000000
vn 0.000000 1.000000 0.000000
vn 0.000000 1.000000 0.000000
vn 0.000000 1.000000 0.000000
vn 0.000000 1.000000 0.000000
vn 0.000000 1.000000 0.000000
vn 0.000000 1.000000 0.000000
vn 0.000000 1.000000 0.000000
vn 0.000000 1.000000 0.000000
vn 0.000000 1.000000 0.000000
vn 0.000000 1.000000 0.000000
vn 0.000000 1.000000 0.000000
vn 0.000000 1.000000 0.000000
vn 0.000000 1.000000 0.000000
vn 0.000000 1.000000 0.000000
vn 0.000000 1.000000 0.000000
vn 0.000000 1.000000 0.000000
vn 0.000000 1.000000 0.000000
vn 0.000000 1.000000 0.000000
vn 0.000000 1.000000 0.000000
vn 0.000000 1.000000 0.000000
vn 0.000000 1.000000 0.000000
vn 0.000000 1.000000 0.000000
vn 0.000000 1.000000 0.000000
vn 0.000000 1.000000 0.000000
vn 0.000000 1.000000 0.000000
vn 0.000000 1.000000 0.000000
vn 0.000000 1.000000 0.000000
vn 0.000000 1.000000 0.000000
vn 0.000000 1.000000 0.000000
vn 0.000000 1.000000 0.000000
vn 0.000000 1.000000 0.000000
vn 0.000000 1.000000 0.000000
vn 0.000000 1.000000 0.000000
vn 0.000000 1.000000 0.000000
vn 0.000000 1.000000 0.000000
vn 0.000000 1.000000 0.000000
vn 0.000000 1.000000 0.000000
vn 0.000000 1.000000 0.000000
vn 0.000000 1.000000 0.000000
vn 0.000000 1.000000 0.000000
vn 0.000000 1.000000 0.000000
vn 0.000000 1.000000 0.000000
vn 0.000000 1.000000 0.000000
vn 0.000000 1.000000 0.000000
vn 0.000000 1.000000 0.000000
vn 0.000000 1.000000 0.000000
vn 0.000000 1.000000 0.000000
vn 0.000000 1.000000 0.000000
vn 0.000000 1.000000 0.000000
vn 0.000000 1.000000 0.000000
vn 0.000000 1.000000 0.000000
vn 0.000000 1.000000 0.000000
vn 0.000000 1.000000 0.000000
vn 0.000000 1.000000 0.000000
vn 0.000000 1.000000 0.000000
vn 0.000000 1.000000 0.000000
vn 0.000000 1.000000 0.000000
vn 0.000000 1.000000 0.000000
vn 0.000000 1.000000 0.000000
vn 0.000000 1.000000 0.000000
vn 0.000000 1.000000 0.000000
vn 0.000000 1.000000 0.000000
vn 0.000000 1.000000 0.000000
vn 0.000000 1.000000 0.000000
vn 0.000000 1.000000 0.000000
vn 0.000000 1.000000 0.000000
vn 0.000000 1.000000 0.000000
vn 0.000000 1.000000 0.000000
vn 0.000000 1.000000 0.000000
vn 0.000000 1.000000 0.000000
vn 0.000000 1.000000 0.000000
vn 0.000000 1.000000 0.000000
vn 0.000000 1.000000 0.000000
vn 0.000000 1.000000 0.000000
vn 0.000000 1.000000 0.000000
vn 0.000000 1.000000 0.000000
vn 0.000000 1.000000 0.000000
vn 0.000000 1.000000 0.000000
vn 0.000000 1.000000 0.000000
vn 0.000000 1.000000 0.000000
vn 0.000000 1.000000 0.000000
vn 0.000000 1.000000 0.000000
vn 0.000000 1.000000 0.000000
vn 0.000000 1.000000 0.000000
vn 0.000000 1.000000 0.000000
vn 0.000000 1.000000 0.000000
vn 0.000000 1.000000 0.000000
vn 0.000000 1.000000 0.000000
vn 0.000000 1.000000 0.000000
vn 0.000000 1.000000 0.000000
vn 0.000000 1.000000 0.000000
vn 0.000000 1.000000 0.000000
vn 0.000000 1.000000 0.000000
vn 0.000000 1.000000 0.000000
vn 0.000000 1.000000 0.000000
vn 0.000000 1.000000 0.000000
vn 0.000000 1.000000 0.000000
vn 0.000000 1.000000 0.000000
vn 0.000000 1.000000 0.000000
vn 0.000000 1.000000 0.000000
vn 0.000000 1.000000 0.000000
vn 0.000000 1.000000 0.000000
vn 0.000000 1.000000 0.000000
vn 0.000000 1.000000 0.000000
vn 0.000000 1.000000 0.000000
vn 0.000000 1.000000 0.000000
vn 0.000000 1.000000 0.000000
vn 0.000000 1.000000 0.000000
vn 0.000000 1.000000 0.000000
vn 0.000000 1.000000 0.000000
vn 0.000000 1.000000 0.000000
vn 0.000000 1.000000 0.000000
vn 0.000000 1.000000 0.000000
vn 0.000000 1.000000 0.000000
vn 0.000000 1.000000 0.000000
vn 0.000000 1.000000 0.000000
vn 0.000000 1.000000 0.000000
vn 0.000000 1.000000 0.000000
vn 0.000000 1.000000 0.000000
vn 0.000000 1.000000 0.000000
vn 0.000000 1.000000 0.000000
vn 0.000000 1.000000 0.000000
vn 0.000000 1.000000 0.000000
vn 0.000000 1.000000 0.000000
vn 0.000000 1.000000 0.000000
vn 0.000000 1.000000 0.000000
vn 0.000000 1.000000 0.000000
vn 0.000000 1.000000 0.000000
vn 0.000000 1.000000 0.000000
vn 0.000000 1.000000 0.000000
vn 0.000000 1.000000 0.000000
vn 0.000000 1.000000 0.000000
vn 0.000000 1.000000 0.000000
vn 0.000000 1.000000 0.000000
vn 0.000000 1.000000 0.000000
vn 0.000000 1.000000 0.000000
vn 0.000000 1.000000 0.000000
vn 0.000000 1.000000 0.000000
vn 0.000000 1.000000 0.000000
vn 0.000000 1.000000 0.000000
vn 0.000000 1.000000 0.000000
vn 0.000000 1.000000 0.000000
vn 0.000000 1.000000 0.000000
vn 0.000000 1.000000 0.000000
vn 0.000000 1.000000 0.000000
vn 0.000000 1.000000 0.000000
vn 0.000000 1.000000 0.000000
vn 0.000000 1.000000 0.000000
vn 0.000000 1.000000 0.000000
vn 0.000000 1.000000 0.000000
vn 0.000000 1.000000 0.000000
vn 0.000000 1.000000 0.000000
vn 0.000000 1.000000 0.000000
vn 0.000000 1.000000 0.000000
vn 0.000000 1.000000 0.000000
vn 0.000000 1.000000 0.000000
vn 0.000000 1.000000 0.000000
vn 0.000000 1.000000 0.000000
vn 0.000000 1.000000 0.000000
vn 0.000000 1.000000 0.000000
vn 0.000000 1.000000 0.000000
vn 0.000000 1.000000 0.000000
vn 0.000000 1.000000 0.000000
vn 0.000000 1.000000 0.000000
vn 0.000000 1.000000 0.000000
vn 0.000000 1.000000 0.000000
vn 0.000000 1.000000 0.000000
vn 0.000000 1.000000 0.000000
vn 0.000000 1.000000 0.000000
vn 0.000000 1.000000 0.000000
vn 0.000000 1.000000 0.000000
vn 0.000000 1.000000 0.000000
vn 0.000000 1.000000 0.000000
vn 0.000000 1.000000 0.000000
vn 0.000000 1.000000 0.000000
vn 0.000000 1.000000 0.000000
vn 0.000000 1.000000 0.000000
vn 0.000000 1.000000 0.000000
vn 0.000000 1.000000 0.000000
vn 0.000000 1.000000 0.000000
vn 0.000000 1.000000 0.000000
vn 0.000000 1.000000 0.000000
vn 0.000000 1.000000 0.000000
vn 0.000000 1.000000 0.000000
vn 0.000000 1.000000 0.000000
vn 0.000000 1.000000 0.000000
vn 0.000000 1.000000 0.000000
vn 0.000000 1.000000 0.000000
vn 0.000000 1.000000 0.000000
vn 0.000000 1.000000 0.000000
vn 0.000000 1.000000 0.000000
vn 0.000000 1.000000 0.000000
vn 0.000000 1.000000 0.000000
vn 0.000000 1.000000 0.000000
vn 0.000000 1.000000 0.000000
vn 0.000000 1.000000 0.000000
vn 0.000000 1.000000 0.000000
vn 0.000000 1.000000 0.000000
vn 0.000000 1.000000 0.000000
vn 0.000000 1.000000 0.000000
vn 0.000000 1.000000 0.000000
vn 0.000000 1.000000 0.000000
vn 0.000000 1.000000 0.000000
vn 0.000000 1.000000 0.000000
vn 0.000000 1.000000 0.000000
vn 0.000000 1.000000 0.000000
vn 0.000000 1.000000 0.000000
vn 0.000000 1.000000 0.000000
vn 0.000000 1.000000 0.000000
vn 0.000000 1.000000 0.000000
vn 0.000000 1.000000 0.000000
vn 0.000000 1.000000 0.000000
vn 0.000000 1.000000 0.000000
vn 0.000000 1.000000 0.000000
vn 0.000000 1.000000 0.000000
vn 0.000000 1.000000 0.000000
vn 0.000000 1.000000 0.000000
vn 0.000000 1.000000 0.000000
vn 0.000000 1.000000 0.000000
vn 0.000000 1.000000 0.000000
vn 0.000000 1.000000 0.000000
vn 0.000000 1.000000 0.000000
vn 0.000000 1.000000 0.000000
vn 0.000000 1.000000 0.000000
vn 0.000000 1.000000 0.000000
vn 0.000000 1.000000 0.000000
vn 0.000000 1.000000 0.000000
vn 0.000000 1.000000 0.000000
vn 0.000000 1.000000 0.000000
vn 0.000000 1.000000 0.000000
vn 0.000000 1.000000 0.000000
vn 0.000000 1.000000 0.000000
vn 0.000000 1.000000 0.000000
vn 0.000000 1.000000 0.000000
vn 0.000000 1.000000 0.000000
vn 0.000000 1.000000 0.000000
vn 0.000000 1.000000 0.000000
vn 0.000000 1.000000 0.000000
vn 0.000000 1.000000 0.000000
vn 0.000000 1.000000 0.000000
vn 0.000000 1.000000 0.000000
vn 0.000000 1.000000 0.000000
vn 0.000000 1.000000 0.000000
vn 0.000000 1.000000 0.000000
vn 0.000000 1.000000 0.000000
vn 0.000000 1.000000 0.000000
vn 0.000000 1.000000 0.000000
vn 0.000000 1.000000 0.000000
vn 0.000000 1.000000 0.000000
vn 0.000000 1.000000 0.000000
vn 0.000000 1.000000 0.000000
vn 0.000000 1.000000 0.000000
vn 0.000000 1.000000 0.000000
vn 0.000000 1.000000 0.000000
vn 0.000000 1.000000 0.000000
vn 0.000000 1.000000 0.000000
vn 0.000000 1.000000 0.000000
vn 0.000000 1.000000 0.000000
vn 0.000000 1.000000 0.000000
vn 0.000000 1.000000 0.000000
vn 0.000000 1.000000 0.000000
vn 0.000000 1.000000 0.000000
vn 0.000000 1.000000 0.000000
vn 0.000000 1.000000 0.000000
vn 0.000000 1.000000 0.000000
vn 0.000000 1.000000 0.000000
vn 0.000000 1.000000 0.000000
vn 0.000000 1.000000 0.000000
vn 0.000000 1.000000 0.000000
vn 0.000000 1.000000 0.000000
vn 0.000000 1.000000 0.000000
vn 0.000000 1.000000 0.000000
vn 0.000000 1.000000 0.000000
vn 0.000000 1.000000 0.000000
vn 0.000000 1.000000 0.000000
vn 0.000000 1.000000 0.000000
vn 0.000000 1.000000 0.000000
vn 0.000000 1.000000 0.000000
vn 0.000000 1.000000 0.000000
vn 0.000000 1.000000 0.000000
vn 0.000000 1.000000 0.000000
vn 0.000000 1.000000 0.000000
vn 0.000000 1.000000 0.000000
vn 0.000000 1.000000 0.000000
vn 0.000000 1.000000 0.000000
vn 0.000000 1.000000 0.000000
vn 0.000000 1.000000 0.000000
vn 0.000000 1.000000 0.000000
vn 0.000000 1.000000 0.000000
vn 0.000000 1.000000 0.000000
vn 0.000000 1.000000 0.000000
vn 0.000000 1.000000 0.000000
vn 0.000000 1.000000 0.000000
vn 0.000000 1.000000 0.000000
vn 0.000000 1.000000 0.000000
vn 0.000000 1.000000 0.000000
vn 0.000000 1.000000 0.000000
vn 0.000000 1.000000 0.000000
vn 0.000000 1.000000 0.000000
vn 0.000000 1.000000 0.000000
vn 0.000000 1.000000 0.000000
vn 0.000000 1.000000 0.000000
vn 0.000000 1.000000 0.000000
vn 0.000000 1.000000 0.000000
vn 0.000000 1.000000 0.000000
vn 0.000000 1.000000 0.000000
vn 0.000000 1.000000 0.000000
vn 0.000000 1.000000 0.000000
vn 0.000000 1.000000 0.000000
vn 0.000000 1.000000 0.000000
vn 0.000000 1.000000 0.000000
vn 0.000000 1.000000 0.000000
vn 0.000000 1.000000 0.000000
vn 0.000000 1.000000 0.000000
vn 0.000000 1.000000 0.000000
vn 0.000000 1.000000 0.000000
vn 0.000000 1.000000 0.000000
vn 0.000000 1.000000 0.000000
vn 0.000000 1.000000 0.000000
vn 0.000000 1.000000 0.000000
vn 0.000000 1.000000 0.000000
vn 0.000000 1.000000 0.000000
vn 0.000000 1.000000 0.000000
vn 0.000000 1.000000 0.000000
vn 0.000000 1.000000 0.000000
vn 0.000000 1.000000 0.000000
vn 0.000000 1.000000 0.000000
vn 0.000000 1.000000 0.000000
vn 0.000000 1.000000 0.000000
vn 0.000000 1.000000 0.000000
vn 0.000000 1.000000 0.000000
vn 0.000000 1.000000 0.000000
vn 0.000000 1.000000 0.000000
vn 0.000000 1.000000 0.000000
vn 0.000000 1.000000 0.000000
vn 0.000000 1.000000 0.000000
vn 0.000000 1.000000 0.000000
vn 0.000000 1.000000 0.000000
vn 0.000000 1.000000 0.000000
vn 0.000000 1.000000 0.000000
vn 0.000000 1.000000 0.000000
vn 0.000000 1.000000 0.000000
vn 0.000000 1.000000 0.000000
vn 0.000000 1.000000 0.000000
vn 0.000000 1.000000 0.000000
vn 0.000000 1.000000 0.000000
vn 0.000000 1.000000 0.000000
vn 0.000000 1.000000 0.000000
vn 0.000000 1.000000 0.000000
vn 0.000000 1.000000 0.000000
vn 0.000000 1.000000 0.000000
vn 0.000000 1.000000 0.000000
vn 0.000000 1.000000 0.000000
vn 0.000000 1.000000 0.000000
vn 0.000000 1.000000 0.000000
vn 0.000000 1.000000 0.000000
vn 0.000000 1.000000 0.000000
vn 0.000000 1.000000 0.000000
vn 0.000000 1.000000 0.000000
vn 0.000000 1.000000 0.000000
vn 0.000000 1.000000 0.000000
vn 0.000000 1.000000 0.000000
vn 0.000000 1.000000 0.000000
vn 0.000000 1.000000 0.000000
vn 0.000000 1.000000 0.000000
vn 0.000000 1.000000 0.000000
vn 0.000000 1.000000 0.000000
vn 0.000000 1.000000 0.000000
vn 0.000000 1.000000 0.000000
vn 0.000000 1.000000 0.000000
vn 0.000000 1.000000 0.000000
vn 0.000000 1.000000 0.000000
vn 0.000000 1.000000 0.000000
vn 0.000000 1.000000 0.000000
vn 0.000000 1.000000 0.000000
vn 0.000000 1.000000 0.000000
vn 0.000000 1.000000 0.000000
vn 0.000000 1.000000 0.000000
vn 0.000000 1.000000 0.000000
vn 0.000000 1.000000 0.000000
vn 0.000000 1.000000 0.000000
vn 0.000000 1.000000 0.000000
vn 0.000000 1.000000 0.000000
vn 0.000000 1.000000 0.000000
vn 0.000000 1.000000 0.000000
vn 0.000000 1.000000 0.000000
vn 0.000000 1.000000 0.000000
vn 0.000000 1.000000 0.000000
vn 0.000000 1.000000 0.000000
vn 0.000000 1.000000 0.000000
vn 0.000000 1.000000 0.000000
vn 0.000000 1.000000 0.000000
vn 0.000000 1.000000 0.000000
vn 0.000000 1.000000 0.000000
vn 0.000000 1.000000 0.000000
vn 0.000000 1.000000 0.000000
vn 0.000000 1.000000 0.000000
vn 0.000000 1.000000 0.000000
vn 0.000000 1.000000 0.000000
vn 0.000000 1.000000 0.000000
vn 0.000000 1.000000 0.000000
vn 0.000000 1.000000 0.000000
vn 0.000000 1.000000 0.000000
vn 0.000000 1.000000 0.000000
vn 0.000000 1.000000 0.000000
vn 0.000000 1.000000 0.000000
vn 0.000000 1.000000 0.000000
vn 0.000000 1.000000 0.000000
vn 0.000000 1.000000 0.000000
vn 0.000000 1.000000 0.000000
vn 0.000000 1.000000 0.000000
vn 0.000000 1.000000 0.000000
vn 0.000000 1.000000 0.000000
vn 0.000000 1.000000 0.000000
vn 0.000000 1.000000 0.000000
vn 0.000000 1.000000 0.000000
vn 0.000000 1.000000 0.000000
vn 0.000000 1.000000 0.000000
vn 0.000000 1.000000 0.000000
vn 0.000000 1.000000 0.000000
vn 0.000000 1.000000 0.000000
vn 0.000000 1.000000 0.000000
vn 0.000000 1.000000 0.000000
vn 0.000000 1.000000 0.000000
vn 0.000000 1.000000 0.000000
vn 0.000000 1.000000 0.000000
vn 0.000000 1.000000 0.000000
vn 0.000000 1.000000 0.000000
vn 0.000000 1.000000 0.000000
vn 0.000000 1.000000 0.000000
vn 0.000000 1.000000 0.000000
vn 0.000000 1.000000 0.000000
vn 0.000000 1.000000 0.000000
vn 0.000000 1.000000 0.000000
vn 0.000000 1.000000 0.000000
vn 0.000000 1.000000 0.000000
vn 0.000000 1.000000 0.000000
vn 0.000000 1.000000 0.000000
vn 0.000000 1.000000 0.000000
vn 0.000000 1.000000 0.000000
vn 0.000000 1.000000 0.000000
vn 0.000000 1.000000 0.000000
vn 0.000000 1.000000 0.000000
vn 0.000000 1.000000 0.000000
vn 0.000000 1.000000 0.000000
vn 0.000000 1.000000 0.000000
vn 0.000000 1.000000 0.000000
vn 0.000000 1.000000 0.000000
vn 0.000000 1.000000 0.000000
vn 0.000000 1.000000 0.000000
vn 0.000000 1.000000 0.000000
vn 0.000000 1.000000 0.000000
vn 0.000000 1.000000 0.000000
vn 0.000000 1.000000 0.000000
vn 0.000000 1.000000 0.000000
vn 0.000000 1.000000 0.000000
vn 0.000000 1.000000 0.000000
vn 0.000000 1.000000 0.000000
vn 0.000000 1.000000 0.000000
vn 0.000000 1.000000 0.000000
vn 0.000000 1.000000 0.000000
vn 0.000000 1.000000 0.000000
vn 0.000000 1.000000 0.000000
vn 0.000000 1.000000 0.000000
vn 0.000000 1.000000 0.000000
vn 0.000000 1.000000 0.000000
vn 0.000000 1.000000 0.000000
vn 0.000000 1.000000 0.000000
vn 0.000000 1.000000 0.000000
vn 0.000000 1.000000 0.000000
vn 0.000000 1.000000 0.000000
vn 0.000000 1.000000 0.000000
vn 0.000000 1.000000 0.000000
vn 0.000000 1.000000 0.000000
vn 0.000000 1.000000 0.000000
vn 0.000000 1.000000 0.000000
vn 0.000000 1.000000 0.000000
vn 0.000000 1.000000 0.000000
vn 0.000000 1.000000 0.000000
vn 0.000000 1.000000 0.000000
vn 0.000000 1.000000 0.000000
vn 0.000000 1.000000 0.000000
vn 0.000000 1.000000 0.000000
vn 0.000000 1.000000 0.000000
vn 0.000000 1.000000 0.000000
vn 0.000000 1.000000 0.000000
vn 0.000000 1.000000 0.000000
vn 0.000000 1.000000 0.000000
vn 0.000000 1.000000 0.000000
vn 0.000000 1.000000 0.000000
vn 0.000000 1.000000 0.000000
vn 0.000000 1.000000 0.000000
vn 0.000000 1.000000 0.000000
vn 0.000000 1.000000 0.000000
vn 0.000000 1.000000 0.000000
vn 0.000000 1.000000 0.000000
vn 0.000000 1.000000 0.000000
vn 0.000000 1.000000 0.000000
vn 0.000000 1.000000 0.000000
vn 0.000000 1.000000 0.000000
vn 0.000000 1.000000 0.000000
vn 0.000000 1.000000 0.000000
vn 0.000000 1.000000 0.000000
vn 0.000000 1.000000 0.000000
vn 0.000000 1.000000 0.000000
vn 0.000000 1.000000 0.000000
vn 0.000000 1.000000 0.000000
vn 0.000000 1.000000 0.000000
vn 0.000000 1.000000 0.000000
vn 0.000000 1.000000 0.000000
vn 0.000000 1.000000 0.000000
vn 0.000000 1.000000 0.000000
vn 0.000000 1.000000 0.000000
vn 0.000000 1.000000 0.000000
vn 0.000000 1.000000 0.000000
vn 0.000000 1.000000 0.000000
vn 0.000000 1.000000 0.000000
vn 0.000000 1.000000 0.000000
vn 0.000000 1.000000 0.000000
vn 0.000000 1.000000 0.000000
vn 0.000000 1.000000 0.000000
vn 0.000000 1.000000 0.000000
vn 0.000000 1.000000 0.000000
vn 0.000000 1.000000 0.000000
vn 0.000000 1.000000 0.000000
vn 0.000000 1.000000 0.000000
vn 0.000000 1.000000 0.000000
vn 0.000000 1.000000 0.000000
vn 0.000000 1.000000 0.000000
vn 0.000000 1.000000 0.000000
vn 0.000000 1.000000 0.000000
vn 0.000000 1.000000 0.000000
vn 0.000000 1.000000 0.000000
vn 0.000000 1.000000 0.000000
vn 0.000000 1.000000 0.000000
vn 0.000000 1.000000 0.000000
vn 0.000000 1.000000 0.000000
vn 0.000000 1.000000 0.000000
vn 0.000000 1.000000 0.000000
vn 0.000000 1.000000 0.000000
vn 0.000000 1.000000 0.000000
vn 0.000000 1.000000 0.000000
vn 0.000000 1.000000 0.000000
vn 0.000000 1.000000 0.000000
vn 0.000000 1.000000 0.000000
vn 0.000000 1.000000 0.000000
vn 0.000000 1.000000 0.000000
vn 0.000000 1.000000 0.000000
vn 0.000000 1.000000 0.000000
vn 0.000000 1.000000 0.000000
vn 0.000000 1.000000 0.000000
vn 0.000000 1.000000 0.000000
vn 0.000000 1.000000 0.000000
vn 0.000000 1.000000 0.000000
vn 0.000000 1.000000 0.000000
vn 0.000000 1.000000 0.000000
vn 0.000000 1.000000 0.000000
vn 0.000000 1.000000 0.000000
vn 0.000000 1.000000 0.000000
vn 0.000000 1.000000 0.000000
vn 0.000000 1.000000 0.000000
vn 0.000000 1.000000 0.000000
vn 0.000000 1.000000 0.000000
vn 0.000000 1.000000 0.000000
f 37/37/1 38/38/1 2/2/1 1/1/1
f 38/38/2 39/39/2 3/3/2 2/2/2
f 39/39/3 40/40/3 4/4/3 3/3/3
f 40/40/4 41/41/4 5/5/4 4/4/4
f 41/41/5 42/42/5 6/6/5 5/5/5
f 42/42/6 43/43/6 7/7/6 6/6/6
f 43/43/7 44/44/7 8/8/7 7/7/7
f 44/44/8 45/45/8 9/9/8 8/8/8
f 45/45/9 46/46/9 10/10/9 9/9/9
f 46/46/10 47/47/10 11/11/10 10/10/10
f 47/47/11 48/48/11 12/12/11 11/11/11
f 48/48/12 49/49/12 13/13/12 12/12/12
f 49/49/13 50/50/13 14/14/13 13/13/13
f 50/50/14 51/51/14 15/15/14 14/14/14
f 51/51/15 52/52/15 16/16/15 15/15/15
f 52/52/16 53/53/16 17/17/16 16/16/16
f 53/53/17 54/54/17 18/18/17 17/17/17
f 54/54/18 55/55/18 19/19/18 18/18/18
f 55/55/19 56/56/19 20/20/19 19/19/19
f 56/56/20 57/57/20 21/21/20 20/20/20
f 57/57/21 58/58/21 22/22/21 21/21/21
f 58/58/22 59/59/22 23/23/22 22/22/22
f 59/59/23 60/60/23 24/24/23 23/23/23
f 60/60/24 61/61/24 25/25/24 24/24/24
f 61/61/25 62/62/25 26/26/25 25/25/25
f 62/62/26 63/63/26 27/27/26 26/26/26
f 63/63/27 64/64/27 28/28/27 27/27/27
f 64/64/28 65/65/28 29/29/28 28/28/28
f 65/65/29 66/66/29 30/30/29 29/29/29
f 66/66/30 67/67/30 31/31/30 30/30/30
f 67/67/31 68/68/31 32/32/31 31/31/31
f 68/68/32 69/69/32 33/33/32 32/32/32
f 69/69/33 70/70/33 34/34/33 33/33/33
f 70/70/34 71/71/34 35/35/34 34/34/34
f 71/71/35 72/72/35 36/36/35 35/35/35
f 73/73/36 74/74/36 38/38/36 37/37/36
f 74/74/37 75/75/37 39/39/37 38/38/37
f 75/75/38 76/76/38 40/40/38 39/39/38
f 76/76/39 77/77/39 41/41/39 40/40/39
f 77/77/40 78/78/40 42/42/40 41/41/40
f 78/78/41 79/79/41 43/43/41 42/42/41
f 79/79/42 80/80/42 44/44/42 43/43/42
f 80/80/43 81/81/43 45/45/43 44/44/43
f 81/81/44 82/82/44 46/46/44 45/45/44
f 82/82/45 83/83/45 47/47/45 46/46/45
f 83/83/46 84/84/46 48/48/46 47/47/46
f 84/84/47 85/85/47 49/49/47 48/48/47
f 85/85/48 86/86/48 50/50/48 49/49/48
f 86/86/49 87/87/49 51/51/49 50/50/49
f 87/87/50 88/88/50 52/52/50 51/51/50
f 88/88/51 89/89/51 53/53/51 52/52/51
f 89/89/52 90/90/52 54/54/52 53/53/52
f 90/90/53 91/91/53 55/55/53 54/54/53
f 91/91/54 92/92/54 56/56/54 55/55/54
f 92/92/55 93/93/55 57/57/55 56/56/55
f 93/93/56 94/94/56 58/58/56 57/57/56
f 94/94/57 95/95/57 59/59/57 58/58/57
f 95/95/58 96/96/58 60/60/58 59/59/58
f 96/96/59 97/97/59 61/61/59 60/60/59
f 97/97/60 98/98/60 62/62/60 61/61/60
f 98/98/61 99/99/61 63/63/61 62/62/61
f 99/99/62 100/100/62 64/64/62 63/63/62
f 100/100/63 101/101/63 65/65/63 64/64/63
f 101/101/64 102/102/64 66/66/64 65/65/64
f 102/102/65 103/103/65 67/67/65 66/66/65
f 103/103/66 104/104/66 68/68/66 67/67/66
f 104/104/67 105/105/67 69/69/67 68/68/67
f 105/105/68 106/106/68 70/70/68 69/69/68
f 106/106/69 107/107/69 71/71/69 70/70/69
f 107/107/70 108/108/70 72/72/70 71/71/70
f 109/109/71 110/110/71 74/74/71 73/73/71
f 110/110/72 111/111/72 75/75/72 74/74/72
f 111/111/73 112/112/73 76/76/73 75/75/73
f 112/112/74 113/113/74 77/77/74 76/76/74
f 113/113/75 114/114/75 78/78/75 77/77/75
f 114/114/76 115/115/76 79/79/76 78/78/76
f 115/115/77 116/116/77 80/80/77 79/79/77
f 116/116/78 117/117/78 81/81/78 80/80/78
f 117/117/79 118/118/79 82/82/79 81/81/79
f 118/118/80 119/119/80 83/83/80 82/82/80
f 119/119/81 120/120/81 84/84/81 83/83/81
f 120/120/82 121/121/82 85/85/82 84/84/82
f 121/121/83 122/122/83 86/86/83 85/85/83
f 122/122/84 123/123/84 87/87/84 86/86/84
f 123/123/85 124/124/85 88/88/85 87/87/85
f 124/124/86 125/125/86 89/89/86 88/88/86
f 125/125/87 126/126/87 90/90/87 89/89/87
f 126/126/88 127/127/88 91/91/88 90/90/88
f 127/127/89 128/128/89 92/92/89 91/91/89
f 128/128/90 129/129/90 93/93/90 92/92/90
f 129/129/91 130/130/91 94/94/91 93/93/91
f 130/130/92 131/131/92 95/95/92 94/94/92
f 131/131/93 132/132/93 96/96/93 95/95/93
f 132/132/94 133/133/94 97/97/94 96/96/94
f 133/133/95 134/134/95 98/98/95 97/97/95
f 134/134/96 135/135/96 99/99/96 98/98/96
f 135/135/97 136/136/97 100/100/97 99/99/97
f 136/136/98 137/137/98 101/101/98 100/100/98
f 137/137/99 138/138/99 102/102/99 101/101/99
f 138/138/100 139/139/100 103/103/100 102/102/100
f 139/139/101 140/140/101 104/104/101 103/103/101
f 140/140/102 141/141/102 105/105/102 104/104/102
f 141/141/103 142/142/103 106/106/103 105/105/103
f 142/142/104 143/143/104 107/107/104 106/106/104
f 143/143/105 144/144/105 108/108/105 107/107/105
f 145/145/106 146/146/106 110/110/106 109/109/106
f 146/146/107 147/147/107 111/111/107 110/110/107
f 147/147/108 148/148/108 112/112/108 111/111/108
f 148/148/109 149/149/109 113/113/109 112/112/109
f 149/149/110 150/150/110 114/114/110 113/113/110
f 150/150/111 151/151/111 115/115/111 114/114/111
f 151/151/112 152/152/112 116/116/112 115/115/112
f 152/152/113 153/153/113 117/117/113 116/116/113
f 153/153/114 154/154/114 118/118/114 117/117/114
f 154/154/115 155/155/115 119/119/115 118/118/115
f 155/155/116 156/156/116 120/120/116 119/119/116
f 156/156/117 157/157/117 121/121/117 120/120/117
f 157/157/118 158/158/118 122/122/118 121/121/118
f 158/158/119 159/159/119 123/123/119 122/122/119
f 159/159/120 160/160/120 124/124/120 123/123/120
f 160/160/121 161/161/121 125/125/121 124/124/121
f 161/161/122 162/162/122 126/126/122 125/125/122
f 162/162/123 163/163/123 127/127/123 126/126/123
f 163/163/124 164/164/124 128/128/124 127/127/124
f 164/164/125 165/165/125 129/129/125 128/128/125
f 165/165/126 166/166/126 130/130/126 129/129/126
f 166/166/127 167/167/127 131/131/127 130/130/127
f 167/167/128 168/168/128 132/132/128 131/131/128
f 168/168/129 169/169/129 133/133/129 132/132/129
f 169/169/130 170/170/130 134/134/130 133/133/130
f 170/170/131 171/171/131 135/135/131 134/134/131
f 171/171/132 172/172/132 136/136/132 135/135/132
f 172/172/133 173/173/133 137/137/133 136/136/133
f 173/173/134 174/174/134 138/138/134 137/137/134
f 174/174/135 175/175/135 139/139/135 138/138/135
f 175/175/136 176/176/136 140/140/136 139/139/136
f 176/176/137 177/177/137 141/141/137 140/140/137
f 177/177/138 178/178/138 142/142/138 141/141/138
f 178/178/139 179/179/139 143/143/139 142/142/139
f 179/179/140 180/180/140 144/144/140 143/143/140
f 181/181/141 182/182/141 146/146/141 145/145/141
f 182/182/142 183/183/142 147/147/142 146/146/142
f 183/183/143 184/184/143 148/148/143 147/147/143
f 184/184/144 185/185/144 149/149/144 148/148/144
f 185/185/145 186/186/145 150/150/145 149/149/145
f 186/186/146 187/187/146 151/151/146 150/150/146
f 187/187/147 188/188/147 152/152/147 151/151/147
f 188/188/148 189/189/148 153/153/148 152/152/148
f 189/189/149 190/190/149 154/154/149 153/153/149
f 190/190/150 191/191/150 155/155/150 154/154/150
f 191/191/151 192/192/151 156/156/151 155/155/151
f 192/192/152 193/193/152 157/157/152 156/156/152
f 193/193/153 194/194/153 158/158/153 157/157/153
f 194/194/154 195/195/154 159/159/154 158/158/154
f 195/195/155 196/196/155 160/160/155 159/159/155
f 196/196/156 197/197/156 161/161/156 160/160/156
f 197/197/157 198/198/157 162/162/157 161/161/157
f 198/198/158 199/199/158 163/163/158 162/162/158
f 199/199/159 200/200/159 164/164/159 163/163/159
f 200/200/160 201/201/160 165/165/160 164/164/160
f 201/201/161 202/202/161 166/166/161 165/165/161
f 202/202/162 203/203/162 167/167/162 166/166/162
f 203/203/163 204/204/163 168/168/163 167/167/163
f 204/204/164 205/205/164 169/169/164 168/168/164
f 205/205/165 206/206/165 170/170/165 169/169/165
f 206/206/166 207/207/166 171/171/166 170/170/166
f 207/207/167 208/208/167 172/172/167 171/171/167
f 208/208/168 209/209/168 173/173/168 172/172/168
f 209/209/169 210/210/169 174/174/169 173/173/169
f 210/210/170 211/211/170 175/175/170 174/174/170
f 211/211/171 212/212/171 176/176/171 175/175/171
f 212/212/172 213/213/172 177/177/172 176/176/172
f 213/213/173 214/214/173 178/178/173 177/177/173
f 214/214/174 215/215/174 179/179/174 178/178/174
f 215/215/175 216/216/175 180/180/175 179/179/175
f 217/217/176 218/218/176 182/182/176 181/181/176
f 218/218/177 219/219/177 183/183/177 182/182/177
f 219/219/178 220/220/178 184/184/178 183/183/178
f 220/220/179 221/221/179 185/185/179 184/184/179
f 221/221/180 222/222/180 186/186/180 185/185/180
f 222/222/181 223/223/181 187/187/181 186/186/181
f 223/223/182 224/224/182 188/188/182 187/187/182
f 224/224/183 225/225/183 189/189/183 188/188/183
f 225/225/184 226/226/184 190/190/184 189/189/184
f 226/226/185 227/227/185 191/191/185 190/190/185
f 227/227/186 228/228/186 192/192/186 191/191/186
f 228/228/187 229/229/187 193/193/187 192/192/187
f 229/229/188 230/230/188 194/194/188 193/193/188
f 230/230/189 231/231/189 195/195/189 194/194/189
f 231/231/190 232/232/190 196/196/190 195/195/190
f 232/232/191 233/233/191 197/197/191 196/196/191
f 233/233/192 234/234/192 198/198/192 197/197/192
f 234/234/193 235/235/193 199/199/193 198/198/193
f 235/235/194 236/236/194 200/200/194 199/199/194
f 236/236/195 237/237/195 201/201/195 200/200/195
f 237/237/196 238/238/196 202/202/196 201/201/196
f 238/238/197 239/239/197 203/203/197 202/202/197
f 239/239/198 240/240/198 204/204/198 203/203/198
f 240/240/199 241/241/199 205/205/199 204/204/199
f 241/241/200 242/242/200 206/206/200 205/205/200
f 242/242/201 243/243/201 207/207/201 206/206/201
f 243/243/202 244/244/202 208/208/202 207/207/202
f 244/244/203 245/245/203 209/209/203 208/208/203
f 245/245/204 246/246/204 210/210/204 209/209/204
f 246/246/205 247/247/205 211/211/205 210/210/205
f 247/247/206 248/248/206 212/212/206 211/211/206
f 248/248/207 249/249/207 213/213/207 212/212/207
f 249/249/208 250/250/208 214/214/208 213/213/208
f 250/250/209 251/251/209 215/215/209 214/214/209
f 251/251/210 252/252/210 216/216/210 215/215/210
f 253/253/211 254/254/211 218/218/211 217/217/211
f 254/254/212 255/255/212 219/219/212 218/218/212
f 255/255/213 256/256/213 220/220/213 219/219/213
f 256/256/214 257/257/214 221/221/214 220/220/214
f 257/257/215 258/258/215 222/222/215 221/221/215
f 258/258/216 259/259/216 223/223/216 222/222/216
f 259/259/217 260/260/217 224/224/217 223/223/217
f 260/260/218 261/261/218 225/225/218 224/224/218
f 261/261/219 262/262/219 226/226/219 225/225/219
f 262/262/220 263/263/220 227/227/220 226/226/220
f 263/263/221 264/264/221 228/228/221 227/227/221
f 264/264/222 265/265/222 229/229/222 228/228/222
f 265/265/223 266/266/223 230/230/223 229/229/223
f 266/266/224 267/267/224 231/231/224 230/230/224
f 267/267/225 268/268/225 232/232/225 231/231/225
f 268/268/226 269/269/226 233/233/226 232/232/226
f 269/269/227 270/270/227 234/234/227 233/233/227
f 270/270/228 271/271/228 235/235/228 234/234/228
f 271/271/229 272/272/229 236/236/229 235/235/229
f 272/272/230 273/273/230 237/237/230 236/236/230
f 273/273/231 274/274/231 238/238/231 237/237/231
f 274/274/232 275/275/232 239/239/232 238/238/232
f 275/275/233 276/276/233 240/240/233 239/239/233
f 276/276/234 277/277/234 241/241/234 240/240/234
f 277/277/235 278/278/235 242/242/235 241/241/235
f 278/278/236 279/279/236 243/243/236 242/242/236
f 279/279/237 280/280/237 244/244/237 243/243/237
f 280/280/238 281/281/238 245/245/238 244/244/238
f 281/281/239 282/282/239 246/246/239 245/245/239
f 282/282/240 283/283/240 247/247/240 246/246/240
f 283/283/241 284/284/241 248/248/241 247/247/241
f 284/284/242 285/285/242 249/249/242 248/248/242
f 285/285/243 286/286/243 250/250/243 249/249/243
f 286/286/244 287/287/244 251/251/244 250/250/244
f 287/287/245 288/288/245 252/252/245 251/251/245
f 289/289/246 290/290/246 254/254/246 253/253/246
f 290/290/247 291/291/247 255/255/247 254/254/247
f 291/291/248 292/292/248 256/256/248 255/255/248
f 292/292/249 293/293/249 257/257/249 256/256/249
f 293/293/250 294/294/250 258/258/250 257/257/250
f 294/294/251 295/295/251 259/259/251 258/258/251
f 295/295/252 296/296/252 260/260/252 259/259/252
f 296/296/253 297/297/253 261/261/253 260/260/253
f 297/297/254 298/298/254 262/262/254 261/261/254
f 298/298/255 299/299/255 263/263/255 262/262/255
f 299/299/256 300/300/256 264/264/256 263/263/256
f 300/300/257 301/301/257 265/265/257 264/264/257
f 301/301/258 302/302/258 266/266/258 265/265/258
f 302/302/259 303/303/259 267/267/259 266/266/259
f 303/303/260 304/304/260 268/268/260 267/267/260
f 304/304/261 305/305/261 269/269/261 268/268/261
f 305/305/262 306/306/262 270/270/262 269/269/262
f 306/306/263 307/307/263 271/271/263 270/270/263
f 307/307/264 308/308/264 272/272/264 271/271/264
f 308/308/265 309/309/265 273/273/265 272/272/265
f 309/309/266 310/310/266 274/274/266 273/273/266
f 310/310/267 311/311/267 275/275/267 274/274/267
f 311/311/268 312/312/268 276/276/268 275/275/268
f 312/312/269 313/313/269 277/277/269 276/276/269
f 313/313/270 314/314/270 278/278/270 277/277/270
f 314/314/271 315/315/271 279/279/271 278/278/271
f 315/315/272 316/316/272 280/280/272 279/279/272
f 316/316/273 317/317/273 281/281/273 280/280/273
f 317/317/274 318/318/274 282/282/274 281/281/274
f 318/318/275 319/319/275 283/283/275 282/282/275
f 319/319/276 320/320/276 284/284/276 283/283/276
f 320/320/277 321/321/277 285/285/277 284/284/277
f 321/321/278 322/322/278 286/286/278 285/285/278
f 322/322/279 323/323/279 287/287/279 286/286/279
f 323/323/280 324/324/280 288/288/280 287/287/280
f 325/325/281 326/326/281 290/290/281 289/289/281
f 326/326/282 327/327/282 291/291/282 290/290/282
f 327/327/283 328/328/283 292/292/283 291/291/283
f 328/328/284 329/329/284 293/293/284 292/292/284
f 329/329/285 330/330/285 294/294/285 293/293/285
f 330/330/286 331/331/286 295/295/286 294/294/286
f 331/331/287 332/332/287 296/296/287 295/295/287
f 332/332/288 333/333/288 297/297/288 296/296/288
f 333/333/289 334/334/289 298/298/289 297/297/289
f 334/334/290 335/335/290 299/299/290 298/298/290
f 335/335/291 336/336/291 300/300/291 299/299/291
f 336/336/292 337/337/292 301/301/292 300/300/292
f 337/337/293 338/338/293 302/302/293 301/301/293
f 338/338/294 339/339/294 303/303/294 302/302/294
f 339/339/295 340/340/295 304/304/295 303/303/295
f 340/340/296 341/341/296 305/305/296 304/304/296
f 341/341/297 342/342/297 306/306/297 305/305/297
f 342/342/298 343/343/298 307/307/298 306/306/298
f 343/343/299 344/344/299 308/308/299 307/307/299
f 344/344/300 345/345/300 309/309/300 308/308/300
f 345/345/301 346/346/301 310/310/301 309/309/301
f 346/346/302 347/347/302 311/311/302 310/310/302
f 347/347/303 348/348/303 312/312/303 311/311/303
f 348/348/304 349/349/304 313/313/304 312/312/304
f 349/349/305 350/350/305 314/314/305 313/313/305
f 350/350/306 351/351/306 315/315/306 314/314/306
f 351/351/307 352/352/307 316/316/307 315/315/307
f 352/352/308 353/353/308 317/317/308 316/316/308
f 353/353/309 354/354/309 318/318/309 317/317/309
f 354/354/310 355/355/310 319/319/310 318/318/310
f 355/355/311 356/356/311 320/320/311 319/319/311
f 356/356/312 357/357/312 321/321/312 320/320/312
f 357/357/313 358/358/313 322/322/313 321/321/313
f 358/358/314 359/359/314 323/323/314 322/322/314
f 359/359/315 360/360/315 324/324/315 323/323/315
f 361/361/316 362/362/316 326/326/316 325/325/316
f 362/362/317 363/363/317 327/327/317 326/326/317
f 363/363/318 364/364/318 328/328/318 327/327/318
f 364/364/319 365/365/319 329/329/319 328/328/319
f 365/365/320 366/366/320 330/330/320 329/329/320
f 366/366/321 367/367/321 331/331/321 330/330/321
f 367/367/322 368/368/322 332/332/322 331/331/322
f 368/368/323 369/369/323 333/333/323 332/332/323
f 369/369/324 370/370/324 334/334/324 333/333/324
f 370/370/325 371/371/325 335/335/325 334/334/325
f 371/371/326 372/372/326 336/336/326 335/335/326
f 372/372/327 373/373/327 337/337/327 336/336/327
f 373/373/328 374/374/328 338/338/328 337/337/328
f 374/374/329 375/375/329 339/339/329 338/338/329
f 375/375/330 376/376/330 340/340/330 339/339/330
f 376/376/331 377/377/331 341/341/331 340/340/331
f 377/377/332 378/378/332 342/342/332 341/341/332
f 378/378/333 379/379/333 343/343/333 342/342/333
f 379/379/334 380/380/334 344/344/334 343/343/334
f 380/380/335 381/381/335 345/345/335 344/344/335
f 381/381/336 382/382/336 346/346/336 345/345/336
f 382/382/337 383/383/337 347/347/337 346/346/337
f 383/383/338 384/384/338 348/348/338 347/347/338
f 384/384/339 385/385/339 349/349/339 348/348/339
f 385/385/340 386/386/340 350/350/340 349/349/340
f 386/386/341 387/387/341 351/351/341 350/350/341
f 387/387/342 388/388/342 352/352/342 351/351/342
f 388/388/343 389/389/343 353/353/343 352/352/343
f 389/389/344 390/390/344 354/354/344 353/353/344
f 390/390/345 391/391/345 355/355/345 354/354/345
f 391/391/346 392/392/346 356/356/346 355/355/346
f 392/392/347 393/393/347 357/357/347 356/356/347
f 393/393/348 394/394/348 358/358/348 357/357/348
f 394/394/349 395/395/349 359/359/349 358/358/349
f 395/395/350 396/396/350 360/360/350 359/359/350
f 397/397/351 398/398/351 362/362/351 361/361/351
f 398/398/352 399/399/352 363/363/352 362/362/352
f 399/399/353 400/400/353 364/364/353 363/363/353
f 400/400/354 401/401/354 365/365/354 364/364/354
f 401/401/355 402/402/355 366/366/355 365/365/355
f 402/402/356 403/403/356 367/367/356 366/366/356
f 403/403/357 404/404/357 368/368/357 367/367/357
f 404/404/358 405/405/358 369/369/358 368/368/358
f 405/405/359 406/406/359 370/370/359 369/369/359
f 406/406/360 407/407/360 371/371/360 370/370/360
f 407/407/361 408/408/361 372/372/361 371/371/361
f 408/408/362 409/409/362 373/373/362 372/372/362
f 409/409/363 410/410/363 374/374/363 373/373/363
f 410/410/364 411/411/364 375/375/364 374/374/364
f 411/411/365 412/412/365 376/376/365 375/375/365
f 412/412/366 413/413/366 377/377/366 376/376/366
f 413/413/367 414/414/367 378/378/367 377/377/367
f 414/414/368 415/415/368 379/379/368 378/378/368
f 415/415/369 416/416/369 380/380/369 379/379/369
f 416/416/370 417/417/370 381/381/370 380/380/370
f 417/417/371 418/418/371 382/382/371 381/381/371
f 418/418/372 419/419/372 383/383/372 382/382/372
f 419/419/373 420/420/373 384/384/373 383/383/373
f 420/420/374 421/421/374 385/385/374 384/384/374
f 421/421/375 422/422/375 386/386/375 385/385/375
f 422/422/376 423/423/376 387/387/376 386/386/376
f 423/423/377 424/424/377 388/388/377 387/387/377
f 424/424/378 425/425/378 389/389/378 388/388/378
f 425/425/379 426/426/379 390/390/379 389/389/379
f 426/426/380 427/427/380 391/391/380 390/390/380
f 427/427/381 428/428/381 392/392/381 391/391/381
f 428/428/382 429/429/382 393/393/382 392/392/382
f 429/429/383 430/430/383 394/394/383 393/393/383
f 430/430/384 431/431/384 395/395/384 394/394/384
f 431/431/385 432/432/385 396/396/385 395/395/385
f 433/433/386 434/434/386 398/398/386 397/397/386
f 434/434/387 435/435/387 399/399/387 398/398/387
f 435/435/388 436/436/388 400/400/388 399/399/388
f 436/436/389 437/437/389 401/401/389 400/400/389
f 437/437/390 438/438/390 402/402/390 401/401/390
f 438/438/391 439/439/391 403/403/391 402/402/391
f 439/439/392 440/440/392 404/404/392 403/403/392
f 440/440/393 441/441/393 405/405/393 404/404/393
f 441/441/394 442/442/394 406/406/394 405/405/394
f 442/442/395 443/443/395 407/407/395 406/406/395
f 443/443/396 444/444/396 408/408/396 407/407/396
f 444/444/397 445/445/397 409/409/397 408/408/397
f 445/445/398 446/446/398 410/410/398 409/409/398
f 446/446/399 447/447/399 411/411/399 410/410/399
f 447/447/400 448/448/400 412/412/400 411/411/400
f 448/448/401 449/449/401 413/413/401 412/412/401
f 449/449/402 450/450/402 414/414/402 413/413/402
f 450/450/403 451/451/403 415/415/403 414/414/403
f 451/451/404 452/452/404 416/416/404 415/415/404
f 452/452/405 453/453/405 417/417/405 416/416/405
f 453/453/406 454/454/406 418/418/406 417/417/406
f 454/454/407 455/455/407 419/419/407 418/418/407
f 455/455/408 456/456/408 420/420/408 419/419/408
f 456/456/409 457/457/409 421/421/409 420/420/409
f 457/457/410 458/458/410 422/422/410 421/421/410
f 458/458/411 459/459/411 423/423/411 422/422/411
f 459/459/412 460/460/412 424/424/412 423/423/412
f 460/460/413 461/461/413 425/425/413 424/424/413
f 461/461/414 462/462/414 426/426/414 425/425/414
f 462/462/415 463/463/415 427/427/415 426/426/415
f 463/463/416 464/464/416 428/428/416 427/427/416
f 464/464/417 465/465/417 429/429/417 428/428/417
f 465/465/418 466/466/418 430/430/418 429/429/418
f 466/466/419 467/467/419 431/431/419 430/430/419
f 467/467/420 468/468/420 432/432/420 431/431/420
f 469/469/421 470/470/421 434/434/421 433/433/421
f 470/470/422 471/471/422 435/435/422 434/434/422
f 471/471/423 472/472/423 436/436/423 435/435/423
f 472/472/424 473/473/424 437/437/424 436/436/424
f 473/473/425 474/474/425 438/438/425 437/437/425
f 474/474/426 475/475/426 439/439/426 438/438/426
f 475/475/427 476/476/427 440/440/427 439/439/427
f 476/476/428 477/477/428 441/441/428 440/440/428
f 477/477/429 478/478/429 442/442/429 441/441/429
f 478/478/430 479/479/430 443/443/430 442/442/430
f 479/479/431 480/480/431 444/444/431 443/443/431
f 480/480/432 481/481/432 445/445/432 444/444/432
f 481/481/433 482/482/433 446/446/433 445/445/433
f 482/482/434 483/483/434 447/447/434 446/446/434
f 483/483/435 484/484/435 448/448/435 447/447/435
f 484/484/436 485/485/436 449/449/436 448/448/436
f 485/485/437 486/486/437 450/450/437 449/449/437
f 486/486/438 487/487/438 451/451/438 450/450/438
f 487/487/439 488/488/439 452/452/439 451/451/439
f 488/488/440 489/489/440 453/453/440 452/452/440
f 489/489/441 490/490/441 454/454/441 453/453/441
f 490/490/442 491/491/442 455/455/442 454/454/442
f 491/491/443 492/492/443 456/456/443 455/455/443
f 492/492/444 493/493/444 457/457/444 456/456/444
f 493/493/445 494/494/445 458/458/445 457/457/445
f 494/494/446 495/495/446 459/459/446 458/458/446
f 495/495/447 496/496/447 460/460/447 459/459/447
f 496/496/448 497/497/448 461/461/448 460/460/448
f 497/497/449 498/498/449 462/462/449 461/461/449
f 498/498/450 499/499/450 463/463/450 462/462/450
f 499/499/451 500/500/451 464/464/451 463/463/451
f 500/500/452 501/501/452 465/465/452 464/464/452
f 501/501/453 502/502/453 466/466/453 465/465/453
f 502/502/454 503/503/454 467/467/454 466/466/454
f 503/503/455 504/504/455 468/468/455 467/467/455
f 505/505/456 506/506/456 470/470/456 469/469/456
f 506/506/457 507/507/457 471/471/457 470/470/457
f 507/507/458 508/508/458 472/472/458 471/471/458
f 508/508/459 509/509/459 473/473/459 472/472/459
f 509/509/460 510/510/460 474/474/460 473/473/460
f 510/510/461 511/511/461 475/475/461 474/474/461
f 511/511/462 512/512/462 476/476/462 475/475/462
f 512/512/463 513/513/463 477/477/463 476/476/463
f 513/513/464 514/514/464 478/478/464 477/477/464
f 514/514/465 515/515/465 479/479/465 478/478/465
f 515/515/466 516/516/466 480/480/466 479/479/466
f 516/516/467 517/517/467 481/481/467 480/480/467
f 517/517/468 518/518/468 482/482/468 481/481/468
f 518/518/469 519/519/469 483/483/469 482/482/469
f 519/519/470 520/520/470 484/484/470 483/483/470
f 520/520/471 521/521/471 485/485/471 484/484/471
f 521/521/472 522/522/472 486/486/472 485/485/472
f 522/522/473 523/523/473 487/487/473 486/486/473
f 523/523/474 524/524/474 488/488/474 487/487/474
f 524/524/475 525/525/475 489/489/475 488/488/475
f 525/525/476 526/526/476 490/490/476 489/489/476
f 526/526/477 527/527/477 491/491/477 490/490/477
f 527/527/478 528/528/478 492/492/478 491/491/478
f 528/528/479 529/529/479 493/493/479 492/492/479
f 529/529/480 530/530/480 494/494/480 493/493/480
f 530/530/481 531/531/481 495/495/481 494/494/481
f 531/531/482 532/532/482 496/496/482 495/495/482
f 532/532/483 533/533/483 497/497/483 496/496/483
f 533/533/484 534/534/484 498/498/484 497/497/484
f 534/534/485 535/535/485 499/499/485 498/498/485
f 535/535/486 536/536/486 500/500/486 499/499/486
f 536/536/487 537/537/487 501/501/487 500/500/487
f 537/537/488 538/538/488 502/502/488 501/501/488
f 538/538/489 539/539/489 503/503/489 502/502/489
f 539/539/490 540/540/490 504/504/490 503/503/490
f 541/541/491 542/542/491 506/506/491 505/505/491
f 542/542/492 543/543/492 507/507/492 506/506/492
f 543/543/493 544/544/493 508/508/493 507/507/493
f 544/544/494 545/545/494 509/509/494 508/508/494
f 545/545/495 546/546/495 510/510/495 509/509/495
f 546/546/496 547/547/496 511/511/496 510/510/496
f 547/547/497 548/548/497 512/512/497 511/511/497
f 548/548/498 549/549/498 513/513/498 512/512/498
f 549/549/499 550/550/499 514/514/499 513/513/499
f 550/550/500 551/551/500 515/515/500 514/514/500
f 551/551/501 552/552/501 516/516/501 515/515/501
f 552/552/502 553/553/502 517/517/502 516/516/502
f 553/553/503 554/554/503 518/518/503 517/517/503
f 554/554/504 555/555/504 519/519/504 518/518/504
f 555/555/505 556/556/505 520/520/505 519/519/505
f 556/556/506 557/557/506 521/521/506 520/520/506
f 557/557/507 558/558/507 522/522/507 521/521/507
f 558/558/508 559/559/508 523/523/508 522/522/508
f 559/559/509 560/560/509 524/524/509 523/523/509
f 560/560/510 561/561/510 525/525/510 524/524/510
f 561/561/511 562/562/511 526/526/511 525/525/511
f 562/562/512 563/563/512 527/527/512 526/526/512
f 563/563/513 564/564/513 528/528/513 527/527/513
f 564/564/514 565/565/514 529/529/514 528/528/514
f 565/565/515 566/566/515 530/530/515 529/529/515
f 566/566/516 567/567/516 531/531/516 530/530/516
f 567/567/517 568/568/517 532/532/517 531/531/517
f 568/568/518 569/569/518 533/533/518 532/532/518
f 569/569/519 570/570/519 534/534/519 533/533/519
f 570/570/520 571/571/520 535/535/520 534/534/520
f 571/571/521 572/572/521 536/536/521 535/535/521
f 572/572/522 573/573/522 537/537/522 536/536/522
f 573/573/523 574/574/523 538/538/523 537/537/523
f 574/574/524 575/575/524 539/539/524 538/538/524
f 575/575/525 576/576/525 540/540/525 539/539/525
f 577/577/526 578/578/526 542/542/526 541/541/526
f 578/578/527 579/579/527 543/543/527 542/542/527
f 579/579/528 580/580/528 544/544/528 543/543/528
f 580/580/529 581/581/529 545/545/529 544/544/529
f 581/581/530 582/582/530 546/546/530 545/545/530
f 582/582/531 583/583/531 547/547/531 546/546/531
f 583/583/532 584/584/532 548/548/532 547/547/532
f 584/584/533 585/585/533 549/549/533 548/548/533
f 585/585/534 586/586/534 550/550/534 549/549/534
f 586/586/535 587/587/535 551/551/535 550/550/535
f 587/587/536 588/588/536 552/552/536 551/551/536
f 588/588/537 589/589/537 553/553/537 552/552/537
f 589/589/538 590/590/538 554/554/538 553/553/538
f 590/590/539 591/591/539 555/555/539 554/554/539
f 591/591/540 592/592/540 556/556/540 555/555/540
f 592/592/541 593/593/541 557/557/541 556/556/541
f 593/593/542 594/594/542 558/558/542 557/557/542
f 594/594/543 595/595/543 559/559/543 558/558/543
f 595/595/544 596/596/544 560/560/544 559/559/544
f 596/596/545 597/597/545 561/561/545 560/560/545
f 597/597/546 598/598/546 562/562/546 561/561/546
f 598/598/547 599/599/547 563/563/547 562/562/547
f 599/599/548 600/600/548 564/564/548 563/563/548
f 600/600/549 601/601/549 565/565/549 564/564/549
f 601/601/550 602/602/550 566/566/550 565/565/550
f 602/602/551 603/603/551 567/567/551 566/566/551
f 603/603/552 604/604/552 568/568/552 567/567/552
f 604/604/553 605/605/553 569/569/553 568/568/553
f 605/605/554 606/606/554 570/570/554 569/569/554
f 606/606/555 607/607/555 571/571/555 570/570/555
f 607/607/556 608/608/556 572/572/556 571/571/556
f 608/608/557 609/609/557 573/573/557 572/572/557
f 609/609/558 610/610/558 574/574/558 573/573/558
f 610/610/559 611/611/559 575/575/559 574/574/559
f 611/611/560 612/612/560 576/576/560 575/575/560
f 613/613/561 614/614/561 578/578/561 577/577/561
f 614/614/562 615/615/562 579/579/562 578/578/562
f 615/615/563 616/616/563 580/580/563 579/579/563
f 616/616/564 617/617/564 581/581/564 580/580/564
f 617/617/565 618/618/565 582/582/565 581/581/565
f 618/618/566 619/619/566 583/583/566 582/582/566
f 619/619/567 620/620/567 584/584/567 583/583/567
f 620/620/568 621/621/568 585/585/568 584/584/568
f 621/621/569 622/622/569 586/586/569 585/585/569
f 622/622/570 623/623/570 587/587/570 586/586/570
f 623/623/571 624/624/571 588/588/571 587/587/571
f 624/624/572 625/625/572 589/589/572 588/588/572
f 625/625/573 626/626/573 590/590/573 589/589/573
f 626/626/574 627/627/574 591/591/574 590/590/574
f 627/627/575 628/628/575 592/592/575 591/591/575
f 628/628/576 629/629/576 593/593/576 592/592/576
f 629/629/577 630/630/577 594/594/577 593/593/577
f 630/630/578 631/631/578 595/595/578 594/594/578
f 631/631/579 632/632/579 596/596/579 595/595/579
f 632/632/580 633/633/580 597/597/580 596/596/580
f 633/633/581 634/634/581 598/598/581 597/597/581
f 634/634/582 635/635/582 599/599/582 598/598/582
f 635/635/583 636/636/583 600/600/583 599/599/583
f 636/636/584 637/637/584 601/601/584 600/600/584
f 637/637/585 638/638/585 602/602/585 601/601/585
f 638/638/586 639/639/586 603/603/586 602/602/586
f 639/639/587 640/640/587 604/604/587 603/603/587
f 640/640/588 641/641/588 605/605/588 604/604/588
f 641/641/589 642/642/589 606/606/589 605/605/589
f 642/642/590 643/643/590 607/607/590 606/606/590
f 643/643/591 644/644/591 608/608/591 607/607/591
f 644/644/592 645/645/592 609/609/592 608/608/592
f 645/645/593 646/646/593 610/610/593 609/609/593
f 646/646/594 647/647/594 611/611/594 610/610/594
f 647/647/595 648/648/595 612/612/595 611/611/595
f 649/649/596 650/650/596 614/614/596 613/613/596
f 650/650/597 651/651/597 615/615/597 614/614/597
f 651/651/598 652/652/598 616/616/598 615/615/598
f 652/652/599 653/653/599 617/617/599 616/616/599
f 653/653/600 654/654/600 618/618/600 617/617/600
f 654/654/601 655/655/601 619/619/601 618/618/601
f 655/655/602 656/656/602 620/620/602 619/619/602
f 656/656/603 657/657/603 621/621/603 620/620/603
f 657/657/604 658/658/604 622/622/604 621/621/604
f 658/658/605 659/659/605 623/623/605 622/622/605
f 659/659/606 660/660/606 624/624/606 623/623/606
f 660/660/607 661/661/607 625/625/607 624/624/607
f 661/661/608 662/662/608 626/626/608 625/625/608
f 662/662/609 663/663/609 627/627/609 626/626/609
f 663/663/610 664/664/610 628/628/610 627/627/610
f 664/664/611 665/665/611 629/629/611 628/628/611
f 665/665/612 666/666/612 630/630/612 629/629/612
f 666/666/613 667/667/613 631/631/613 630/630/613
f 667/667/614 668/668/614 632/632/614 631/631/614
f 668/668/615 669/669/615 633/633/615 632/632/615
f 669/669/616 670/670/616 634/634/616 633/633/616
f 670/670/617 671/671/617 635/635/617 634/634/617
f 671/671/618 672/672/618 636/636/618 635/635/618
f 672/672/619 673/673/619 637/637/619 636/636/619
f 673/673/620 674/674/620 638/638/620 637/637/620
f 674/674/621 675/675/621 639/639/621 638/638/621
f 675/675/622 676/676/622 640/640/622 639/639/622
f 676/676/623 677/677/623 641/641/623 640/640/623
f 677/677/624 678/678/624 642/642/624 641/641/624
f 678/678/625 679/679/625 643/643/625 642/642/625
f 679/679/626 680/680/626 644/644/626 643/643/626
f 680/680/627 681/681/627 645/645/627 644/644/627
f 681/681/628 682/682/628 646/646/628 645/645/628
f 682/682/629 683/683/629 647/647/629 646/646/629
f 683/683/630 684/684/630 648/648/630 647/647/630
f 685/685/631 686/686/631 650/650/631 649/649/631
f 686/686/632 687/687/632 651/651/632 650/650/632
f 687/687/633 688/688/633 652/652/633 651/651/633
f 688/688/634 689/689/634 653/653/634 652/652/634
f 689/689/635 690/690/635 654/654/635 653/653/635
f 690/690/636 691/691/636 655/655/636 654/654/636
f 691/691/637 692/692/637 656/656/637 655/655/637
f 692/692/638 693/693/638 657/657/638 656/656/638
f 693/693/639 694/694/639 658/658/639 657/657/639
f 694/694/640 695/695/640 659/659/640 658/658/640
f 695/695/641 696/696/641 660/660/641 659/659/641
f 696/696/642 697/697/642 661/661/642 660/660/642
f 697/697/643 698/698/643 662/662/643 661/661/643
f 698/698/644 699/699/644 663/663/644 662/662/644
f 699/699/645 700/700/645 664/664/645 663/663/645
f 700/700/646 701/701/646 665/665/646 664/664/646
f 701/701/647 702/702/647 666/666/647 665/665/647
f 702/702/648 703/703/648 667/667/648 666/666/648
f 703/703/649 704/704/649 668/668/649 667/667/649
f 704/704/650 705/705/650 669/669/650 668/668/650
f 705/705/651 706/706/651 670/670/651 669/669/651
f 706/706/652 707/707/652 671/671/652 670/670/652
f 707/707/653 708/708/653 672/672/653 671/671/653
f 708/708/654 709/709/654 673/673/654 672/672/654
f 709/709/655 710/710/655 674/674/655 673/673/655
f 710/710/656 711/711/656 675/675/656 674/674/656
f 711/711/657 712/712/657 676/676/657 675/675/657
f 712/712/658 713/713/658 677/677/658 676/676/658
f 713/713/659 714/714/659 678/678/659 677/677/659
f 714/714/660 715/715/660 679/679/660 678/678/660
f 715/715/661 716/716/661 680/680/661 679/679/661
f 716/716/662 717/717/662 681/681/662 680/680/662
f 717/717/663 718/718/663 682/682/663 681/681/663
f 718/718/664 719/719/664 683/683/664 682/682/664
f 719/719/665 720/720/665 684/684/665 683/683/665
f 721/721/666 722/722/666 686/686/666 685/685/666
f 722/722/667 723/723/667 687/687/667 686/686/667
f 723/723/668 724/724/668 688/688/668 687/687/668
f 724/724/669 725/725/669 689/689/669 688/688/669
f 725/725/670 726/726/670 690/690/670 689/689/670
f 726/726/671 727/727/671 691/691/671 690/690/671
f 727/727/672 728/728/672 692/692/672 691/691/672
f 728/728/673 729/729/673 693/693/673 692/692/673
f 729/729/674 730/730/674 694/694/674 693/693/674
f 730/730/675 731/731/675 695/695/675 694/694/675
f 731/731/676 732/732/676 696/696/676 695/695/676
f 732/732/677 733/733/677 697/697/677 696/696/677
f 733/733/678 734/734/678 698/698/678 697/697/678
f 734/734/679 735/735/679 699/699/679 698/698/679
f 735/735/680 736/736/680 700/700/680 699/699/680
f 736/736/681 737/737/681 701/701/681 700/700/681
f 737/737/682 738/738/682 702/702/682 701/701/682
f 738/738/683 739/739/683 703/703/683 702/702/683
f 739/739/684 740/740/684 704/704/684 703/703/684
f 740/740/685 741/741/685 705/705/685 704/704/685
f 741/741/686 742/742/686 706/706/686 705/705/686
f 742/742/687 743/743/687 707/707/687 706/706/687
f 743/743/688 744/744/688 708/708/688 707/707/688
f 744/744/689 745/745/689 709/709/689 708/708/689
f 745/745/690 746/746/690 710/710/690 709/709/690
f 746/746/691 747/747/691 711/711/691 710/710/691
f 747/747/692 748/748/692 712/712/692 711/711/692
f 748/748/693 749/749/693 713/713/693 712/712/693
f 749/749/694 750/750/694 714/714/694 713/713/694
f 750/750/695 751/751/695 715/715/695 714/714/695
f 751/751/696 752/752/696 716/716/696 715/715/696
f 752/752/697 753/753/697 717/717/697 716/716/697
f 753/753/698 754/754/698 718/718/698 717/717/698
f 754/754/699 755/755/699 719/719/699 718/718/699
f 755/755/700 756/756/700 720/720/700 719/719/700
f 757/757/701 758/758/701 722/722/701 721/721/701
f 758/758/702 759/759/702 723/723/702 722/722/702
f 759/759/703 760/760/703 724/724/703 723/723/703
f 760/760/704 761/761/704 725/725/704 724/724/704
f 761/761/705 762/762/705 726/726/705 725/725/705
f 762/762/706 763/763/706 727/727/706 726/726/706
f 763/763/707 764/764/707 728/728/707 727/727/707
f 764/764/708 765/765/708 729/729/708 728/728/708
f 765/765/709 766/766/709 730/730/709 729/729/709
f 766/766/710 767/767/710 731/731/710 730/730/710
f 767/767/711 768/768/711 732/732/711 731/731/711
f 768/768/712 769/769/712 733/733/712 732/732/712
f 769/769/713 770/770/713 734/734/713 733/733/713
f 770/770/714 771/771/714 735/735/714 734/734/714
f 771/771/715 772/772/715 736/736/715 735/735/715
f 772/772/716 773/773/716 737/737/716 736/736/716
f 773/773/717 774/774/717 738/738/717 737/737/717
f 774/774/718 775/775/718 739/739/718 738/738/718
f 775/775/719 776/776/719 740/740/719 739/739/719
f 776/776/720 777/777/720 741/741/720 740/740/720
f 777/777/721 778/778/721 742/742/721 741/741/721
f 778/778/722 779/779/722 743/743/722 742/742/722
f 779/779/723 780/780/723 744/744/723 743/743/723
f 780/780/724 781/781/724 745/745/724 744/744/724
f 781/781/725 782/782/725 746/746/725 745/745/725
f 782/782/726 783/783/726 747/747/726 746/746/726
f 783/783/727 784/784/727 748/748/727 747/747/727
f 784/784/728 785/785/728 749/749/728 748/748/728
f 785/785/729 786/786/729 750/750/729 749/749/729
f 786/786/730 787/787/730 751/751/730 750/750/730
f 787/787/731 788/788/731 752/752/731 751/751/731
f 788/788/732 789/789/732 753/753/732 752/752/732
f 789/789/733 790/790/733 754/754/733 753/753/733
f 790/790/734 791/791/734 755/755/734 754/754/734
f 791/791/735 792/792/735 756/756/735 755/755/735
f 793/793/736 794/794/736 758/758/736 757/757/736
f 794/794/737 795/795/737 759/759/737 758/758/737
f 795/795/738 796/796/738 760/760/738 759/759/738
f 796/796/739 797/797/739 761/761/739 760/760/739
f 797/797/740 798/798/740 762/762/740 761/761/740
f 798/798/741 799/799/741 763/763/741 762/762/741
f 799/799/742 800/800/742 764/764/742 763/763/742
f 800/800/743 801/801/743 765/765/743 764/764/743
f 801/801/744 802/802/744 766/766/744 765/765/744
f 802/802/745 803/803/745 767/767/745 766/766/745
f 803/803/746 804/804/746 768/768/746 767/767/746
f 804/804/747 805/805/747 769/769/747 768/768/747
f 805/805/748 806/806/748 770/770/748 769/769/748
f 806/806/749 807/807/749 771/771/749 770/770/749
f 807/807/750 808/808/750 772/772/750 771/771/750
f 808/808/751 809/809/751 773/773/751 772/772/751
f 809/809/752 810/810/752 774/774/752 773/773/752
f 810/810/753 811/811/753 775/775/753 774/774/753
f 811/811/754 812/812/754 776/776/754 775/775/754
f 812/812/755 813/813/755 777/777/755 776/776/755
f 813/813/756 814/814/756 778/778/756 777/777/756
f 814/814/757 815/815/757 779/779/757 778/778/757
f 815/815/758 816/816/758 780/780/758 779/779/758
f 816/816/759 817/817/759 781/781/759 780/780/759
f 817/817/760 818/818/760 782/782/760 781/781/760
f 818/818/761 819/819/761 783/783/761 782/782/761
f 819/819/762 820/820/762 784/784/762 783/783/762
f 820/820/763 821/821/763 785/785/763 784/784/763
f 821/821/764 822/822/764 786/786/764 785/785/764
f 822/822/765 823/823/765 787/787/765 786/786/765
f 823/823/766 824/824/766 788/788/766 787/787/766
f 824/824/767 825/825/767 789/789/767 788/788/767
f 825/825/768 826/826/768 790/790/768 789/789/768
f 826/826/769 827/827/769 791/791/769 790/790/769
f 827/827/770 828/828/770 792/792/770 791/791/770
f 829/829/771 830/830/771 794/794/771 793/793/771
f 830/830/772 831/831/772 795/795/772 794/794/772
f 831/831/773 832/832/773 796/796/773 795/795/773
f 832/832/774 833/833/774 797/797/774 796/796/774
f 833/833/775 834/834/775 798/798/775 797/797/775
f 834/834/776 835/835/776 799/799/776 798/798/776
f 835/835/777 836/836/777 800/800/777 799/799/777
f 836/836/778 837/837/778 801/801/778 800/800/778
f 837/837/779 838/838/779 802/802/779 801/801/779
f 838/838/780 839/839/780 803/803/780 802/802/780
f 839/839/781 840/840/781 804/804/781 803/803/781
f 840/840/782 841/841/782 805/805/782 804/804/782
f 841/841/783 842/842/783 806/806/783 805/805/783
f 842/842/784 843/843/784 807/807/784 806/806/784
f 843/843/785 844/844/785 808/808/785 807/807/785
f 844/844/786 845/845/786 809/809/786 808/808/786
f 845/845/787 846/846/787 810/810/787 809/809/787
f 846/846/788 847/847/788 811/811/788 810/810/788
f 847/847/789 848/848/789 812/812/789 811/811/789
f 848/848/790 849/849/790 813/813/790 812/812/790
f 849/849/791 850/850/791 814/814/791 813/813/791
f 850/850/792 851/851/792 815/815/792 814/814/792
f 851/851/793 852/852/793 816/816/793 815/815/793
f 852/852/794 853/853/794 817/817/794 816/816/794
f 853/853/795 854/854/795 818/818/795 817/817/795
f 854/854/796 855/855/796 819/819/796 818/818/796
f 855/855/797 856/856/797 820/820/797 819/819/797
f 856/856/798 857/857/798 821/821/798 820/820/798
f 857/857/799 858/858/799 822/822/799 821/821/799
f 858/858/800 859/859/800 823/823/800 822/822/800
f 859/859/801 860/860/801 824/824/801 823/823/801
f 860/860/802 861/861/802 825/825/802 824/824/802
f 861/861/803 862/862/803 826/826/803 825/825/803
f 862/862/804 863/863/804 827/827/804 826/826/804
f 863/863/805 864/864/805 828/828/805 827/827/805
f 865/865/806 866/866/806 830/830/806 829/829/806
f 866/866/807 867/867/807 831/831/807 830/830/807
f 867/867/808 868/868/808 832/832/808 831/831/808
f 868/868/809 869/869/809 833/833/809 832/832/809
f 869/869/810 870/870/810 834/834/810 833/833/810
f 870/870/811 871/871/811 835/835/811 834/834/811
f 871/871/812 872/872/812 836/836/812 835/835/812
f 872/872/813 873/873/813 837/837/813 836/836/813
f 873/873/814 874/874/814 838/838/814 837/837/814
f 874/874/815 875/875/815 839/839/815 838/838/815
f 875/875/816 876/876/816 840/840/816 839/839/816
f 876/876/817 877/877/817 841/841/817 840/840/817
f 877/877/818 878/878/818 842/842/818 841/841/818
f 878/878/819 879/879/819 843/843/819 842/842/819
f 879/879/820 880/880/820 844/844/820 843/843/820
f 880/880/821 881/881/821 845/845/821 844/844/821
f 881/881/822 882/882/822 846/846/822 845/845/822
f 882/882/823 883/883/823 847/847/823 846/846/823
f 883/883/824 884/884/824 848/848/824 847/847/824
f 884/884/825 885/885/825 849/849/825 848/848/825
f 885/885/826 886/886/826 850/850/826 849/849/826
f 886/886/827 887/887/827 851/851/827 850/850/827
f 887/887/828 888/888/828 852/852/828 851/851/828
f 888/888/829 889/889/829 853/853/829 852/852/829
f 889/889/830 890/890/830 854/854/830 853/853/830
f 890/890/831 891/891/831 855/855/831 854/854/831
f 891/891/832 892/892/832 856/856/832 855/855/832
f 892/892/833 893/893/833 857/857/833 856/856/833
f 893/893/834 894/894/834 858/858/834 857/857/834
f 894/894/835 895/895/835 859/859/835 858/858/835
f 895/895/836 896/896/836 860/860/836 859/859/836
f 896/896/837 897/897/837 861/861/837 860/860/837
f 897/897/838 898/898/838 862/862/838 861/861/838
f 898/898/839 899/899/839 863/863/839 862/862/839
f 899/899/840 900/900/840 864/864/840 863/863/840
f 901/901/841 902/902/841 866/866/841 865/865/841
f 902/902/842 903/903/842 867/867/842 866/866/842
f 903/903/843 904/904/843 868/868/843 867/867/843
f 904/904/844 905/905/844 869/869/844 868/868/844
f 905/905/845 906/906/845 870/870/845 869/869/845
f 906/906/846 907/907/846 871/871/846 870/870/846
f 907/907/847 908/908/847 872/872/847 871/871/847
f 908/908/848 909/909/848 873/873/848 872/872/848
f 909/909/849 910/910/849 874/874/849 873/873/849
f 910/910/850 911/911/850 875/875/850 874/874/850
f 911/911/851 912/912/851 876/876/851 875/875/851
f 912/912/852 913/913/852 877/877/852 876/876/852
f 913/913/853 914/914/853 878/878/853 877/877/853
f 914/914/854 915/915/854 879/879/854 878/878/854
f 915/915/855 916/916/855 880/880/855 879/879/855
f 916/916/856 917/917/856 881/881/856 880/880/856
f 917/917/857 918/918/857 882/882/857 881/881/857
f 918/918/858 919/919/858 883/883/858 882/882/858
f 919/919/859 920/920/859 884/884/859 883/883/859
f 920/920/860 921/921/860 885/885/860 884/884/860
f 921/921/861 922/922/861 886/886/861 885/885/861
f 922/922/862 923/923/862 887/887/862 886/886/862
f 923/923/863 924/924/863 888/888/863 887/887/863
f 924/924/864 925/925/864 889/889/864 888/888/864
f 925/925/865 926/926/865 890/890/865 889/889/865
f 926/926/866 927/927/866 891/891/866 890/890/866
f 927/927/867 928/928/867 892/892/867 891/891/867
f 928/928/868 929/929/868 893/893/868 892/892/868
f 929/929/869 930/930/869 894/894/869 893/893/869
f 930/930/870 931/931/870 895/895/870 894/894/870
f 931/931/871 932/932/871 896/896/871 895/895/871
f 932/932/872 933/933/872 897/897/872 896/896/872
f 933/933/873 934/934/873 898/898/873 897/897/873
f 934/934/874 935/935/874 899/899/874 898/898/874
f 935/935/875 936/936/875 900/900/875 899/899/875
f 937/937/876 938/938/876 902/902/876 901/901/876
f 938/938/877 939/939/877 903/903/877 902/902/877
f 939/939/878 940/940/878 904/904/878 903/903/878
f 940/940/879 941/941/879 905/905/879 904/904/879
f 941/941/880 942/942/880 906/906/880 905/905/880
f 942/942/881 943/943/881 907/907/881 906/906/881
f 943/943/882 944/944/882 908/908/882 907/907/882
f 944/944/883 945/945/883 909/909/883 908/908/883
f 945/945/884 946/946/884 910/910/884 909/909/884
f 946/946/885 947/947/885 911/911/885 910/910/885
f 947/947/886 948/948/886 912/912/886 911/911/886
f 948/948/887 949/949/887 913/913/887 912/912/887
f 949/949/888 950/950/888 914/914/888 913/913/888
f 950/950/889 951/951/889 915/915/889 914/914/889
f 951/951/890 952/952/890 916/916/890 915/915/890
f 952/952/891 953/953/891 917/917/891 916/916/891
f 953/953/892 954/954/892 918/918/892 917/917/892
f 954/954/893 955/955/893 919/919/893 918/918/893
f 955/955/894 956/956/894 920/920/894 919/919/894
f 956/956/895 957/957/895 921/921/895 920/920/895
f 957/957/896 958/958/896 922/922/896 921/921/896
f 958/958/897 959/959/897 923/923/897 922/922/897
f 959/959/898 960/960/898 924/924/898 923/923/898
f 960/960/899 961/961/899 925/925/899 924/924/899
f 961/961/900 962/962/900 926/926/900 925/925/900
f 962/962/901 963/963/901 927/927/901 926/926/901
f 963/963/902 964/964/902 928/928/902 927/927/902
f 964/964/903 965/965/903 929/929/903 928/928/903
f 965/965/904 966/966/904 930/930/904 929/929/904
f 966/966/905 967/967/905 931/931/905 930/930/905
f 967/967/906 968/968/906 932/932/906 931/931/906
f 968/968/907 969/969/907 933/933/907 932/932/907
f 969/969/908 970/970/908 934/934/908 933/933/908
f 970/970/909 971/971/909 935/935/909 934/934/909
f 971/971/910 972/972/910 936/936/910 935/935/910
f 973/973/911 974/974/911 938/938/911 937/937/911
f 974/974/912 975/975/912 939/939/912 938/938/912
f 975/975/913 976/976/913 940/940/913 939/939/913
f 976/976/914 977/977/914 941/941/914 940/940/914
f 977/977/915 978/978/915 942/942/915 941/941/915
f 978/978/916 979/979/916 943/943/916 942/942/916
f 979/979/917 980/980/917 944/944/917 943/943/917
f 980/980/918 981/981/918 945/945/918 944/944/918
f 981/981/919 982/982/919 946/946/919 945/945/919
f 982/982/920 983/983/920 947/947/920 946/946/920
f 983/983/921 984/984/921 948/948/921 947/947/921
f 984/984/922 985/985/922 949/949/922 948/948/922
f 985/985/923 986/986/923 950/950/923 949/949/923
f 986/986/924 987/987/924 951/951/924 950/950/924
f 987/987/925 988/988/925 952/952/925 951/951/925
f 988/988/926 989/989/926 953/953/926 952/952/926
f 989/989/927 990/990/927 954/954/927 953/953/927
f 990/990/928 991/991/928 955/955/928 954/954/928
f 991/991/929 992/992/929 956/956/929 955/955/929
f 992/992/930 993/993/930 957/957/930 956/956/930
f 993/993/931 994/994/931 958/958/931 957/957/931
f 994/994/932 995/995/932 959/959/932 958/958/932
f 995/995/933 996/996/933 960/960/933 959/959/933
f 996/996/934 997/997/934 961/961/934 960/960/934
f 997/997/935 998/998/935 962/962/935 961/961/935
f 998/998/936 999/999/936 963/963/936 962/962/936
f 999/999/937 1000/1000/937 964/964/937 963/963/937
f 1000/1000/938 1001/1001/938 965/965/938 964/964/938
f 1001/1001/939 1002/1002/939 966/966/939 965/965/939
f 1002/1002/940 1003/1003/940 967/967/940 966/966/940
f 1003/1003/941 1004/1004/941 968/968/941 967/967/941
f 1004/1004/942 1005/1005/942 969/969/942 968/968/942
f 1005/1005/943 1006/1006/943 970/970/943 969/969/943
f 1006/1006/944 1007/1007/944 971/971/944 970/970/944
f 1007/1007/945 1008/1008/945 972/972/945 971/971/945
f 1009/1009/946 1010/1010/946 974/974/946 973/973/946
f 1010/1010/947 1011/1011/947 975/975/947 974/974/947
f 1011/1011/948 1012/1012/948 976/976/948 975/975/948
f 1012/1012/949 1013/1013/949 977/977/949 976/976/949
f 1013/1013/950 1014/1014/950 978/978/950 977/977/950
f 1014/1014/951 1015/1015/951 979/979/951 978/978/951
f 1015/1015/952 1016/1016/952 980/980/952 979/979/952
f 1016/1016/953 1017/1017/953 981/981/953 980/980/953
f 1017/1017/954 1018/1018/954 982/982/954 981/981/954
f 1018/1018/955 1019/1019/955 983/983/955 982/982/955
f 1019/1019/956 1020/1020/956 984/984/956 983/983/956
f 1020/1020/957 1021/1021/957 985/985/957 984/984/957
f 1021/1021/958 1022/1022/958 986/986/958 985/985/958
f 1022/1022/959 1023/1023/959 987/987/959 986/986/959
f 1023/1023/960 1024/1024/960 988/988/960 987/987/960
f 1024/1024/961 1025/1025/961 989/989/961 988/988/961
f 1025/1025/962 1026/1026/962 990/990/962 989/989/962
f 1026/1026/963 1027/1027/963 991/991/963 990/990/963
f 1027/1027/964 1028/1028/964 992/992/964 991/991/964
f 1028/1028/965 1029/1029/965 993/993/965 992/992/965
f 1029/1029/966 1030/1030/966 994/994/966 993/993/966
f 1030/1030/967 1031/1031/967 995/995/967 994/994/967
f 1031/1031/968 1032/1032/968 996/996/968 995/995/968
f 1032/1032/969 1033/1033/969 997/997/969 996/996/969
f 1033/1033/970 1034/1034/970 998/998/970 997/997/970
f 1034/1034/971 1035/1035/971 999/999/971 998/998/971
f 1035/1035/972 1036/1036/972 1000/1000/972 999/999/972
f 1036/1036/973 1037/1037/973 1001/1001/973 1000/1000/973
f 1037/1037/974 1038/1038/974 1002/1002/974 1001/1001/974
f 1038/1038/975 1039/1039/975 1003/1003/975 1002/1002/975
f 1039/1039/976 1040/1040/976 1004/1004/976 1003/1003/976
f 1040/1040/977 1041/1041/977 1005/1005/977 1004/1004/977
f 1041/1041/978 1042/1042/978 1006/1006/978 1005/1005/978
f 1042/1042/979 1043/1043/979 1007/1007/979 1006/1006/979
f 1043/1043/980 1044/1044/980 1008/1008/980 1007/1007/980
f 1045/1045/981 1046/1046/981 1010/1010/981 1009/1009/981
f 1046/1046/982 1047/1047/982 1011/1011/982 1010/1010/982
f 1047/1047/983 1048/1048/983 1012/1012/983 1011/1011/983
f 1048/1048/984 1049/1049/984 1013/1013/984 1012/1012/984
f 1049/1049/985 1050/1050/985 1014/1014/985 1013/1013/985
f 1050/1050/986 1051/1051/986 1015/1015/986 1014/1014/986
f 1051/1051/987 1052/1052/987 1016/1016/987 1015/1015/987
f 1052/1052/988 1053/1053/988 1017/1017/988 1016/1016/988
f 1053/1053/989 1054/1054/989 1018/1018/989 1017/1017/989
f 1054/1054/990 1055/1055/990 1019/1019/990 1018/1018/990
f 1055/1055/991 1056/1056/991 1020/1020/991 1019/1019/991
f 1056/1056/992 1057/1057/992 1021/1021/992 1020/1020/992
f 1057/1057/993 1058/1058/993 1022/1022/993 1021/1021/993
f 1058/1058/994 1059/1059/994 1023/1023/994 1022/1022/994
f 1059/1059/995 1060/1060/995 1024/1024/995 1023/1023/995
f 1060/1060/996 1061/1061/996 1025/1025/996 1024/1024/996
f 1061/1061/997 1062/1062/997 1026/1026/997 1025/1025/997
f 1062/1062/998 1063/1063/998 1027/1027/998 1026/1026/998
f 1063/1063/999 1064/1064/999 1028/1028/999 1027/1027/999
f 1064/1064/1000 1065/1065/1000 1029/1029/1000 1028/1028/1000
f 1065/1065/1001 1066/1066/1001 1030/1030/1001 1029/1029/1001
f 1066/1066/1002 1067/1067/1002 1031/1031/1002 1030/1030/1002
f 1067/1067/1003 1068/1068/1003 1032/1032/1003 1031/1031/1003
f 1068/1068/1004 1069/1069/1004 1033/1033/1004 1032/1032/1004
f 1069/1069/1005 1070/1070/1005 1034/1034/1005 1033/1033/1005
f 1070/1070/1006 1071/1071/1006 1035/1035/1006 1034/1034/1006
f 1071/1071/1007 1072/1072/1007 1036/1036/1007 1035/1035/1007
f 1072/1072/1008 1073/1073/1008 1037/1037/1008 1036/1036/1008
f 1073/1073/1009 1074/1074/1009 1038/1038/1009 1037/1037/1009
f 1074/1074/1010 1075/1075/1010 1039/1039/1010 1038/1038/1010
f 1075/1075/1011 1076/1076/1011 1040/1040/1011 1039/1039/1011
f 1076/1076/1012 1077/1077/1012 1041/1041/1012 1040/1040/1012
f 1077/1077/1013 1078/1078/1013 1042/1042/1013 1041/1041/1013
f 1078/1078/1014 1079/1079/1014 1043/1043/1014 1042/1042/1014
f 1079/1079/1015 1080/1080/1015 1044/1044/1015 1043/1043/1015
f 1081/1081/1016 1082/1082/1016 1046/1046/1016 1045/1045/1016
f 1082/1082/1017 1083/1083/1017 1047/1047/1017 1046/1046/1017
f 1083/1083/1018 1084/1084/1018 1048/1048/1018 1047/1047/1018
f 1084/1084/1019 1085/1085/1019 1049/1049/1019 1048/1048/1019
f 1085/1085/1020 1086/1086/1020 1050/1050/1020 1049/1049/1020
f 1086/1086/1021 1087/1087/1021 1051/1051/1021 1050/1050/1021
f 1087/1087/1022 1088/1088/1022 1052/1052/1022 1051/1051/1022
f 1088/1088/1023 1089/1089/1023 1053/1053/1023 1052/1052/1023
f 1089/1089/1024 1090/1090/1024 1054/1054/1024 1053/1053/1024
f 1090/1090/1025 1091/1091/1025 1055/1055/1025 1054/1054/1025
f 1091/1091/1026 1092/1092/1026 1056/1056/1026 1055/1055/1026
f 1092/1092/1027 1093/1093/1027 1057/1057/1027 1056/1056/1027
f 1093/1093/1028 1094/1094/1028 1058/1058/1028 1057/1057/1028
f 1094/1094/1029 1095/1095/1029 1059/1059/1029 1058/1058/1029
f 1095/1095/1030 1096/1096/1030 1060/1060/1030 1059/1059/1030
f 1096/1096/1031 1097/1097/1031 1061/1061/1031 1060/1060/1031
f 1097/1097/1032 1098/1098/1032 1062/1062/1032 1061/1061/1032
f 1098/1098/1033 1099/1099/1033 1063/1063/1033 1062/1062/1033
f 1099/1099/1034 1100/1100/1034 1064/1064/1034 1063/1063/1034
f 1100/1100/1035 1101/1101/1035 1065/1065/1035 1064/1064/1035
f 1101/1101/1036 1102/1102/1036 1066/1066/1036 1065/1065/1036
f 1102/1102/1037 1103/1103/1037 1067/1067/1037 1066/1066/1037
f 1103/1103/1038 1104/1104/1038 1068/1068/1038 1067/1067/1038
f 1104/1104/1039 1105/1105/1039 1069/1069/1039 1068/1068/1039
f 1105/1105/1040 1106/1106/1040 1070/1070/1040 1069/1069/1040
f 1106/1106/1041 1107/1107/1041 1071/1071/1041 1070/1070/1041
f 1107/1107/1042 1108/1108/1042 1072/1072/1042 1071/1071/1042
f 1108/1108/1043 1109/1109/1043 1073/1073/1043 1072/1072/1043
f 1109/1109/1044 1110/1110/1044 1074/1074/1044 1073/1073/1044
f 1110/1110/1045 1111/1111/1045 1075/1075/1045 1074/1074/1045
f 1111/1111/1046 1112/1112/1046 1076/1076/1046 1075/1075/1046
f 1112/1112/1047 1113/1113/1047 1077/1077/1047 1076/1076/1047
f 1113/1113/1048 1114/1114/1048 1078/1078/1048 1077/1077/1048
f 1114/1114/1049 1115/1115/1049 1079/1079/1049 1078/1078/1049
f 1115/1115/1050 1116/1116/1050 1080/1080/1050 1079/1079/1050
f 1117/1117/1051 1118/1118/1051 1082/1082/1051 1081/1081/1051
f 1118/1118/1052 1119/1119/1052 1083/1083/1052 1082/1082/1052
f 1119/1119/1053 1120/1120/1053 1084/1084/1053 1083/1083/1053
f 1120/1120/1054 1121/1121/1054 1085/1085/1054 1084/1084/1054
f 1121/1121/1055 1122/1122/1055 1086/1086/1055 1085/1085/1055
f 1122/1122/1056 1123/1123/1056 1087/1087/1056 1086/1086/1056
f 1123/1123/1057 1124/1124/1057 1088/1088/1057 1087/1087/1057
f 1124/1124/1058 1125/1125/1058 1089/1089/1058 1088/1088/1058
f 1125/1125/1059 1126/1126/1059 1090/1090/1059 1089/1089/1059
f 1126/1126/1060 1127/1127/1060 1091/1091/1060 1090/1090/1060
f 1127/1127/1061 1128/1128/1061 1092/1092/1061 1091/1091/1061
f 1128/1128/1062 1129/1129/1062 1093/1093/1062 1092/1092/1062
f 1129/1129/1063 1130/1130/1063 1094/1094/1063 1093/1093/1063
f 1130/1130/1064 1131/1131/1064 1095/1095/1064 1094/1094/1064
f 1131/1131/1065 1132/1132/1065 1096/1096/1065 1095/1095/1065
f 1132/1132/1066 1133/1133/1066 1097/1097/1066 1096/1096/1066
f 1133/1133/1067 1134/1134/1067 1098/1098/1067 1097/1097/1067
f 1134/1134/1068 1135/1135/1068 1099/1099/1068 1098/1098/1068
f 1135/1135/1069 1136/1136/1069 1100/1100/1069 1099/1099/1069
f 1136/1136/1070 1137/1137/1070 1101/1101/1070 1100/1100/1070
f 1137/1137/1071 1138/1138/1071 1102/1102/1071 1101/1101/1071
f 1138/1138/1072 1139/1139/1072 1103/1103/1072 1102/1102/1072
f 1139/1139/1073 1140/1140/1073 1104/1104/1073 1103/1103/1073
f 1140/1140/1074 1141/1141/1074 1105/1105/1074 1104/1104/1074
f 1141/1141/1075 1142/1142/1075 1106/1106/1075 1105/1105/1075
f 1142/1142/1076 1143/1143/1076 1107/1107/1076 1106/1106/1076
f 1143/1143/1077 1144/1144/1077 1108/1108/1077 1107/1107/1077
f 1144/1144/1078 1145/1145/1078 1109/1109/1078 1108/1108/1078
f 1145/1145/1079 1146/1146/1079 1110/1110/1079 1109/1109/1079
f 1146/1146/1080 1147/1147/1080 1111/1111/1080 1110/1110/1080
f 1147/1147/1081 1148/1148/1081 1112/1112/1081 1111/1111/1081
f 1148/1148/1082 1149/1149/1082 1113/1113/1082 1112/1112/1082
f 1149/1149/1083 1150/1150/1083 1114/1114/1083 1113/1113/1083
f 1150/1150/1084 1151/1151/1084 1115/1115/1084 1114/1114/1084
f 1151/1151/1085 1152/1152/1085 1116/1116/1085 1115/1115/1085
f 1153/1153/1086 1154/1154/1086 1118/1118/1086 1117/1117/1086
f 1154/1154/1087 1155/1155/1087 1119/1119/1087 1118/1118/1087
f 1155/1155/1088 1156/1156/1088 1120/1120/1088 1119/1119/1088
f 1156/1156/1089 1157/1157/1089 1121/1121/1089 1120/1120/1089
f 1157/1157/1090 1158/1158/1090 1122/1122/1090 1121/1121/1090
f 1158/1158/1091 1159/1159/1091 1123/1123/1091 1122/1122/1091
f 1159/1159/1092 1160/1160/1092 1124/1124/1092 1123/1123/1092
f 1160/1160/1093 1161/1161/1093 1125/1125/1093 1124/1124/1093
f 1161/1161/1094 1162/1162/1094 1126/1126/1094 1125/1125/1094
f 1162/1162/1095 1163/1163/1095 1127/1127/1095 1126/1126/1095
f 1163/1163/1096 1164/1164/1096 1128/1128/1096 1127/1127/1096
f 1164/1164/1097 1165/1165/1097 1129/1129/1097 1128/1128/1097
f 1165/1165/1098 1166/1166/1098 1130/1130/1098 1129/1129/1098
f 1166/1166/1099 1167/1167/1099 1131/1131/1099 1130/1130/1099
f 1167/1167/1100 1168/1168/1100 1132/1132/1100 1131/1131/1100
f 1168/1168/1101 1169/1169/1101 1133/1133/1101 1132/1132/1101
f 1169/1169/1102 1170/1170/1102 1134/1134/1102 1133/1133/1102
f 1170/1170/1103 1171/1171/1103 1135/1135/1103 1134/1134/1103
f 1171/1171/1104 1172/1172/1104 1136/1136/1104 1135/1135/1104
f 1172/1172/1105 1173/1173/1105 1137/1137/1105 1136/1136/1105
f 1173/1173/1106 1174/1174/1106 1138/1138/1106 1137/1137/1106
f 1174/1174/1107 1175/1175/1107 1139/1139/1107 1138/1138/1107
f 1175/1175/1108 1176/1176/1108 1140/1140/1108 1139/1139/1108
f 1176/1176/1109 1177/1177/1109 1141/1141/1109 1140/1140/1109
f 1177/1177/1110 1178/1178/1110 1142/1142/1110 1141/1141/1110
f 1178/1178/1111 1179/1179/1111 1143/1143/1111 1142/1142/1111
f 1179/1179/1112 1180/1180/1112 1144/1144/1112 1143/1143/1112
f 1180/1180/1113 1181/1181/1113 1145/1145/1113 1144/1144/1113
f 1181/1181/1114 1182/1182/1114 1146/1146/1114 1145/1145/1114
f 1182/1182/1115 1183/1183/1115 1147/1147/1115 1146/1146/1115
f 1183/1183/1116 1184/1184/1116 1148/1148/1116 1147/1147/1116
f 1184/1184/1117 1185/1185/1117 1149/1149/1117 1148/1148/1117
f 1185/1185/1118 1186/1186/1118 1150/1150/1118 1149/1149/1118
f 1186/1186/1119 1187/1187/1119 1151/1151/1119 1150/1150/1119
f 1187/1187/1120 1188/1188/1120 1152/1152/1120 1151/1151/1120
f 1189/1189/1121 1190/1190/1121 1154/1154/1121 1153/1153/1121
f 1190/1190/1122 1191/1191/1122 1155/1155/1122 1154/1154/1122
f 1191/1191/1123 1192/1192/1123 1156/1156/1123 1155/1155/1123
f 1192/1192/1124 1193/1193/1124 1157/1157/1124 1156/1156/1124
f 1193/1193/1125 1194/1194/1125 1158/1158/1125 1157/1157/1125
f 1194/1194/1126 1195/1195/1126 1159/1159/1126 1158/1158/1126
f 1195/1195/1127 1196/1196/1127 1160/1160/1127 1159/1159/1127
f 1196/1196/1128 1197/1197/1128 1161/1161/1128 1160/1160/1128
f 1197/1197/1129 1198/1198/1129 1162/1162/1129 1161/1161/1129
f 1198/1198/1130 1199/1199/1130 1163/1163/1130 1162/1162/1130
f 1199/1199/1131 1200/1200/1131 1164/1164/1131 1163/1163/1131
f 1200/1200/1132 1201/1201/1132 1165/1165/1132 1164/1164/1132
f 1201/1201/1133 1202/1202/1133 1166/1166/1133 1165/1165/1133
f 1202/1202/1134 1203/1203/1134 1167/1167/1134 1166/1166/1134
f 1203/1203/1135 1204/1204/1135 1168/1168/1135 1167/1167/1135
f 1204/1204/1136 1205/1205/1136 1169/1169/1136 1168/1168/1136
f 1205/1205/1137 1206/1206/1137 1170/1170/1137 1169/1169/1137
f 1206/1206/1138 1207/1207/1138 1171/1171/1138 1170/1170/1138
f 1207/1207/1139 1208/1208/1139 1172/1172/1139 1171/1171/1139
f 1208/1208/1140 1209/1209/1140 1173/1173/1140 1172/1172/1140
f 1209/1209/1141 1210/1210/1141 1174/1174/1141 1173/1173/1141
f 1210/1210/1142 1211/1211/1142 1175/1175/1142 1174/1174/1142
f 1211/1211/1143 1212/1212/1143 1176/1176/1143 1175/1175/1143
f 1212/1212/1144 1213/1213/1144 1177/1177/1144 1176/1176/1144
f 1213/1213/1145 1214/1214/1145 1178/1178/1145 1177/1177/1145
f 1214/1214/1146 1215/1215/1146 1179/1179/1146 1178/1178/1146
f 1215/1215/1147 1216/1216/1147 1180/1180/1147 1179/1179/1147
f 1216/1216/1148 1217/1217/1148 1181/1181/1148 1180/1180/1148
f 1217/1217/1149 1218/1218/1149 1182/1182/1149 1181/1181/1149
f 1218/1218/1150 1219/1219/1150 1183/1183/1150 1182/1182/1150
f 1219/1219/1151 1220/1220/1151 1184/1184/1151 1183/1183/1151
f 1220/1220/1152 1221/1221/1152 1185/1185/1152 1184/1184/1152
f 1221/1221/1153 1222/1222/1153 1186/1186/1153 1185/1185/1153
f 1222/1222/1154 1223/1223/1154 1187/1187/1154 1186/1186/1154
f 1223/1223/1155 1224/1224/1155 1188/1188/1155 1187/1187/1155
f 1225/1225/1156 1226/1226/1156 1190/1190/1156 1189/1189/1156
f 1226/1226/1157 1227/1227/1157 1191/1191/1157 1190/1190/1157
f 1227/1227/1158 1228/1228/1158 1192/1192/1158 1191/1191/1158
f 1228/1228/1159 1229/1229/1159 1193/1193/1159 1192/1192/1159
f 1229/1229/1160 1230/1230/1160 1194/1194/1160 1193/1193/1160
f 1230/1230/1161 1231/1231/1161 1195/1195/1161 1194/1194/1161
f 1231/1231/1162 1232/1232/1162 1196/1196/1162 1195/1195/1162
f 1232/1232/1163 1233/1233/1163 1197/1197/1163 1196/1196/1163
f 1233/1233/1164 1234/1234/1164 1198/1198/1164 1197/1197/1164
f 1234/1234/1165 1235/1235/1165 1199/1199/1165 1198/1198/1165
f 1235/1235/1166 1236/1236/1166 1200/1200/1166 1199/1199/1166
f 1236/1236/1167 1237/1237/1167 1201/1201/1167 1200/1200/1167
f 1237/1237/1168 1238/1238/1168 1202/1202/1168 1201/1201/1168
f 1238/1238/1169 1239/1239/1169 1203/1203/1169 1202/1202/1169
f 1239/1239/1170 1240/1240/1170 1204/1204/1170 1203/1203/1170
f 1240/1240/1171 1241/1241/1171 1205/1205/1171 1204/1204/1171
f 1241/1241/1172 1242/1242/1172 1206/1206/1172 1205/1205/1172
f 1242/1242/1173 1243/1243/1173 1207/1207/1173 1206/1206/1173
f 1243/1243/1174 1244/1244/1174 1208/1208/1174 1207/1207/1174
f 1244/1244/1175 1245/1245/1175 1209/1209/1175 1208/1208/1175
f 1245/1245/1176 1246/1246/1176 1210/1210/1176 1209/1209/1176
f 1246/1246/1177 1247/1247/1177 1211/1211/1177 1210/1210/1177
f 1247/1247/1178 1248/1248/1178 1212/1212/1178 1211/1211/1178
f 1248/1248/1179 1249/1249/1179 1213/1213/1179 1212/1212/1179
f 1249/1249/1180 1250/1250/1180 1214/1214/1180 1213/1213/1180
f 1250/1250/1181 1251/1251/1181 1215/1215/1181 1214/1214/1181
f 1251/1251/1182 1252/1252/1182 1216/1216/1182 1215/1215/1182
f 1252/1252/1183 1253/1253/1183 1217/1217/1183 1216/1216/1183
f 1253/1253/1184 1254/1254/1184 1218/1218/1184 1217/1217/1184
f 1254/1254/1185 1255/1255/1185 1219/1219/1185 1218/1218/1185
f 1255/1255/1186 1256/1256/1186 1220/1220/1186 1219/1219/1186
f 1256/1256/1187 1257/1257/1187 1221/1221/1187 1220/1220/1187
f 1257/1257/1188 1258/1258/1188 1222/1222/1188 1221/1221/1188
f 1258/1258/1189 1259/1259/1189 1223/1223/1189 1222/1222/1189
f 1259/1259/1190 1260/1260/1190 1224/1224/1190 1223/1223/1190
f 1261/1261/1191 1262/1262/1191 1226/1226/1191 1225/1225/1191
f 1262/1262/1192 1263/1263/1192 1227/1227/1192 1226/1226/1192
f 1263/1263/1193 1264/1264/1193 1228/1228/1193 1227/1227/1193
f 1264/1264/1194 1265/1265/1194 1229/1229/1194 1228/1228/1194
f 1265/1265/1195 1266/1266/1195 1230/1230/1195 1229/1229/1195
f 1266/1266/1196 1267/1267/1196 1231/1231/1196 1230/1230/1196
f 1267/1267/1197 1268/1268/1197 1232/1232/1197 1231/1231/1197
f 1268/1268/1198 1269/1269/1198 1233/1233/1198 1232/1232/1198
f 1269/1269/1199 1270/1270/1199 1234/1234/1199 1233/1233/1199
f 1270/1270/1200 1271/1271/1200 1235/1235/1200 1234/1234/1200
f 1271/1271/1201 1272/1272/1201 1236/1236/1201 1235/1235/1201
f 1272/1272/1202 1273/1273/1202 1237/1237/1202 1236/1236/1202
f 1273/1273/1203 1274/1274/1203 1238/1238/1203 1237/1237/1203
f 1274/1274/1204 1275/1275/1204 1239/1239/1204 1238/1238/1204
f 1275/1275/1205 1276/1276/1205 1240/1240/1205 1239/1239/1205
f 1276/1276/1206 1277/1277/1206 1241/1241/1206 1240/1240/1206
f 1277/1277/1207 1278/1278/1207 1242/1242/1207 1241/1241/1207
f 1278/1278/1208 1279/1279/1208 1243/1243/1208 1242/1242/1208
f 1279/1279/1209 1280/1280/1209 1244/1244/1209 1243/1243/1209
f 1280/1280/1210 1281/1281/1210 1245/1245/1210 1244/1244/1210
f 1281/1281/1211 1282/1282/1211 1246/1246/1211 1245/1245/1211
f 1282/1282/1212 1283/1283/1212 1247/1247/1212 1246/1246/1212
f 1283/1283/1213 1284/1284/1213 1248/1248/1213 1247/1247/1213
f 1284/1284/1214 1285/1285/1214 1249/1249/1214 1248/1248/1214
f 1285/1285/1215 1286/1286/1215 1250/1250/1215 1249/1249/1215
f 1286/1286/1216 1287/1287/1216 1251/1251/1216 1250/1250/1216
f 1287/1287/1217 1288/1288/1217 1252/1252/1217 1251/1251/1217
f 1288/1288/1218 1289/1289/1218 1253/1253/1218 1252/1252/1218
f 1289/1289/1219 1290/1290/1219 1254/1254/1219 1253/1253/1219
f 1290/1290/1220 1291/1291/1220 1255/1255/1220 1254/1254/1220
f 1291/1291/1221 1292/1292/1221 1256/1256/1221 1255/1255/1221
f 1292/1292/1222 1293/1293/1222 1257/1257/1222 1256/1256/1222
f 1293/1293/1223 1294/1294/1223 1258/1258/1223 1257/1257/1223
f 1294/1294/1224 1295/1295/1224 1259/1259/1224 1258/1258/1224
f 1295/1295/1225 1296/1296/1225 1260/1260/1225 1259/1259/1225
f 1297/1297/1226 1298/1298/1226 1262/1262/1226 1261/1261/1226
f 1298/1298/1227 1299/1299/1227 1263/1263/1227 1262/1262/1227
f 1299/1299/1228 1300/1300/1228 1264/1264/1228 1263/1263/1228
f 1300/1300/1229 1301/1301/1229 1265/1265/1229 1264/1264/1229
f 1301/1301/1230 1302/1302/1230 1266/1266/1230 1265/1265/1230
f 1302/1302/1231 1303/1303/1231 1267/1267/1231 1266/1266/1231
f 1303/1303/1232 1304/1304/1232 1268/1268/1232 1267/1267/1232
f 1304/1304/1233 1305/1305/1233 1269/1269/1233 1268/1268/1233
f 1305/1305/1234 1306/1306/1234 1270/1270/1234 1269/1269/1234
f 1306/1306/1235 1307/1307/1235 1271/1271/1235 1270/1270/1235
f 1307/1307/1236 1308/1308/1236 1272/1272/1236 1271/1271/1236
f 1308/1308/1237 1309/1309/1237 1273/1273/1237 1272/1272/1237
f 1309/1309/1238 1310/1310/1238 1274/1274/1238 1273/1273/1238
f 1310/1310/1239 1311/1311/1239 1275/1275/1239 1274/1274/1239
f 1311/1311/1240 1312/1312/1240 1276/1276/1240 1275/1275/1240
f 1312/1312/1241 1313/1313/1241 1277/1277/1241 1276/1276/1241
f 1313/1313/1242 1314/1314/1242 1278/1278/1242 1277/1277/1242
f 1314/1314/1243 1315/1315/1243 1279/1279/1243 1278/1278/1243
f 1315/1315/1244 1316/1316/1244 1280/1280/1244 1279/1279/1244
f 1316/1316/1245 1317/1317/1245 1281/1281/1245 1280/1280/1245
f 1317/1317/1246 1318/1318/1246 1282/1282/1246 1281/1281/1246
f 1318/1318/1247 1319/1319/1247 1283/1283/1247 1282/1282/1247
f 1319/1319/1248 1320/1320/1248 1284/1284/1248 1283/1283/1248
f 1320/1320/1249 1321/1321/1249 1285/1285/1249 1284/1284/1249
f 1321/1321/1250 1322/1322/1250 1286/1286/1250 1285/1285/1250
f 1322/1322/1251 1323/1323/1251 1287/1287/1251 1286/1286/1251
f 1323/1323/1252 1324/1324/1252 1288/1288/1252 1287/1287/1252
f 1324/1324/1253 1325/1325/1253 1289/1289/1253 1288/1288/1253
f 1325/1325/1254 1326/1326/1254 1290/1290/1254 1289/1289/1254
f 1326/1326/1255 1327/1327/1255 1291/1291/1255 1290/1290/1255
f 1327/1327/1256 1328/1328/1256 1292/1292/1256 1291/1291/1256
f 1328/1328/1257 1329/1329/1257 1293/1293/1257 1292/1292/1257
f 1329/1329/1258 1330/1330/1258 1294/1294/1258 1293/1293/1258
f 1330/1330/1259 1331/1331/1259 1295/1295/1259 1294/1294/1259
f 1331/1331/1260 1332/1332/1260 1296/1296/1260 1295/1295/1260
f 1333/1333/1261 1334/1334/1261 1298/1298/1261 1297/1297/1261
f 1334/1334/1262 1335/1335/1262 1299/1299/1262 1298/1298/1262
f 1335/1335/1263 1336/1336/1263 1300/1300/1263 1299/1299/1263
f 1336/1336/1264 1337/1337/1264 1301/1301/1264 1300/1300/1264
f 1337/1337/1265 1338/1338/1265 1302/1302/1265 1301/1301/1265
f 1338/1338/1266 1339/1339/1266 1303/1303/1266 1302/1302/1266
f 1339/1339/1267 1340/1340/1267 1304/1304/1267 1303/1303/1267
f 1340/1340/1268 1341/1341/1268 1305/1305/1268 1304/1304/1268
f 1341/1341/1269 1342/1342/1269 1306/1306/1269 1305/1305/1269
f 1342/1342/1270 1343/1343/1270 1307/1307/1270 1306/1306/1270
f 1343/1343/1271 1344/1344/1271 1308/1308/1271 1307/1307/1271
f 1344/1344/1272 1345/1345/1272 1309/1309/1272 1308/1308/1272
f 1345/1345/1273 1346/1346/1273 1310/1310/1273 1309/1309/1273
f 1346/1346/1274 1347/1347/1274 1311/1311/1274 1310/1310/1274
f 1347/1347/1275 1348/1348/1275 1312/1312/1275 1311/1311/1275
f 1348/1348/1276 1349/1349/1276 1313/1313/1276 1312/1312/1276
f 1349/1349/1277 1350/1350/1277 1314/1314/1277 1313/1313/1277
f 1350/1350/1278 1351/1351/1278 1315/1315/1278 1314/1314/1278
f 1351/1351/1279 1352/1352/1279 1316/1316/1279 1315/1315/1279
f 1352/1352/1280 1353/1353/1280 1317/1317/1280 1316/1316/1280
f 1353/1353/1281 1354/1354/1281 1318/1318/1281 1317/1317/1281
f 1354/1354/1282 1355/1355/1282 1319/1319/1282 1318/1318/1282
f 1355/1355/1283 1356/1356/1283 1320/1320/1283 1319/1319/1283
f 1356/1356/1284 1357/1357/1284 1321/1321/1284 1320/1320/1284
f 1357/1357/1285 1358/1358/1285 1322/1322/1285 1321/1321/1285
f 1358/1358/1286 1359/1359/1286 1323/1323/1286 1322/1322/1286
f 1359/1359/1287 1360/1360/1287 1324/1324/1287 1323/1323/1287
f 1360/1360/1288 1361/1361/1288 1325/1325/1288 1324/1324/1288
f 1361/1361/1289 1362/1362/1289 1326/1326/1289 1325/1325/1289
f 1362/1362/1290 1363/1363/1290 1327/1327/1290 1326/1326/1290
f 1363/1363/1291 1364/1364/1291 1328/1328/1291 1327/1327/1291
f 1364/1364/1292 1365/1365/1292 1329/1329/1292 1328/1328/1292
f 1365/1365/1293 1366/1366/1293 1330/1330/1293 1329/1329/1293
f 1366/1366/1294 1367/1367/1294 1331/1331/1294 1330/1330/1294
f 1367/1367/1295 1368/1368/1295 1332/1332/1295 1331/1331/1295
f 1369/1369/1296 1370/1370/1296 1334/1334/1296 1333/1333/1296
f 1370/1370/1297 1371/1371/1297 1335/1335/1297 1334/1334/1297
f 1371/1371/1298 1372/1372/1298 1336/1336/1298 1335/1335/1298
f 1372/1372/1299 1373/1373/1299 1337/1337/1299 1336/1336/1299
f 1373/1373/1300 1374/1374/1300 1338/1338/1300 1337/1337/1300
f 1374/1374/1301 1375/1375/1301 1339/1339/1301 1338/1338/1301
f 1375/1375/1302 1376/1376/1302 1340/1340/1302 1339/1339/1302
f 1376/1376/1303 1377/1377/1303 1341/1341/1303 1340/1340/1303
f 1377/1377/1304 1378/1378/1304 1342/1342/1304 1341/1341/1304
f 1378/1378/1305 1379/1379/1305 1343/1343/1305 1342/1342/1305
f 1379/1379/1306 1380/1380/1306 1344/1344/1306 1343/1343/1306
f 1380/1380/1307 1381/1381/1307 1345/1345/1307 1344/1344/1307
f 1381/1381/1308 1382/1382/1308 1346/1346/1308 1345/1345/1308
f 1382/1382/1309 1383/1383/1309 1347/1347/1309 1346/1346/1309
f 1383/1383/1310 1384/1384/1310 1348/1348/1310 1347/1347/1310
f 1384/1384/1311 1385/1385/1311 1349/1349/1311 1348/1348/1311
f 1385/1385/1312 1386/1386/1312 1350/1350/1312 1349/1349/1312
f 1386/1386/1313 1387/1387/1313 1351/1351/1313 1350/1350/1313
f 1387/1387/1314 1388/1388/1314 1352/1352/1314 1351/1351/1314
f 1388/1388/1315 1389/1389/1315 1353/1353/1315 1352/1352/1315
f 1389/1389/1316 1390/1390/1316 1354/1354/1316 1353/1353/1316
f 1390/1390/1317 1391/1391/1317 1355/1355/1317 1354/1354/1317
f 1391/1391/1318 1392/1392/1318 1356/1356/1318 1355/1355/1318
f 1392/1392/1319 1393/1393/1319 1357/1357/1319 1356/1356/1319
f 1393/1393/1320 1394/1394/1320 1358/1358/1320 1357/1357/1320
f 1394/1394/1321 1395/1395/1321 1359/1359/1321 1358/1358/1321
f 1395/1395/1322 1396/1396/1322 1360/1360/1322 1359/1359/1322
f 1396/1396/1323 1397/1397/1323 1361/1361/1323 1360/1360/1323
f 1397/1397/1324 1398/1398/1324 1362/1362/1324 1361/1361/1324
f 1398/1398/1325 1399/1399/1325 1363/1363/1325 1362/1362/1325
f 1399/1399/1326 1400/1400/1326 1364/1364/1326 1363/1363/1326
f 1400/1400/1327 1401/1401/1327 1365/1365/1327 1364/1364/1327
f 1401/1401/1328 1402/1402/1328 1366/1366/1328 1365/1365/1328
f 1402/1402/1329 1403/1403/1329 1367/1367/1329 1366/1366/1329
f 1403/1403/1330 1404/1404/1330 1368/1368/1330 1367/1367/1330
f 1405/1405/1331 1406/1406/1331 1370/1370/1331 1369/1369/1331
f 1406/1406/1332 1407/1407/1332 1371/1371/1332 1370/1370/1332
f 1407/1407/1333 1408/1408/1333 1372/1372/1333 1371/1371/1333
f 1408/1408/1334 1409/1409/1334 1373/1373/1334 1372/1372/1334
f 1409/1409/1335 1410/1410/1335 1374/1374/1335 1373/1373/1335
f 1410/1410/1336 1411/1411/1336 1375/1375/1336 1374/1374/1336
f 1411/1411/1337 1412/1412/1337 1376/1376/1337 1375/1375/1337
f 1412/1412/1338 1413/1413/1338 1377/1377/1338 1376/1376/1338
f 1413/1413/1339 1414/1414/1339 1378/1378/1339 1377/1377/1339
f 1414/1414/1340 1415/1415/1340 1379/1379/1340 1378/1378/1340
f 1415/1415/1341 1416/1416/1341 1380/1380/1341 1379/1379/1341
f 1416/1416/1342 1417/1417/1342 1381/1381/1342 1380/1380/1342
f 1417/1417/1343 1418/1418/1343 1382/1382/1343 1381/1381/1343
f 1418/1418/1344 1419/1419/1344 1383/1383/1344 1382/1382/1344
f 1419/1419/1345 1420/1420/1345 1384/1384/1345 1383/1383/1345
f 1420/1420/1346 1421/1421/1346 1385/1385/1346 1384/1384/1346
f 1421/1421/1347 1422/1422/1347 1386/1386/1347 1385/1385/1347
f 1422/1422/1348 1423/1423/1348 1387/1387/1348 1386/1386/1348
f 1423/1423/1349 1424/1424/1349 1388/1388/1349 1387/1387/1349
f 1424/1424/1350 1425/1425/1350 1389/1389/1350 1388/1388/1350
f 1425/1425/1351 1426/1426/1351 1390/1390/1351 1389/1389/1351
f 1426/1426/1352 1427/1427/1352 1391/1391/1352 1390/1390/1352
f 1427/1427/1353 1428/1428/1353 1392/1392/1353 1391/1391/1353
f 1428/1428/1354 1429/1429/1354 1393/1393/1354 1392/1392/1354
f 1429/1429/1355 1430/1430/1355 1394/1394/1355 1393/1393/1355
f 1430/1430/1356 1431/1431/1356 1395/1395/1356 1394/1394/1356
f 1431/1431/1357 1432/1432/1357 1396/1396/1357 1395/1395/1357
f 1432/1432/1358 1433/1433/1358 1397/1397/1358 1396/1396/1358
f 1433/1433/1359 1434/1434/1359 1398/1398/1359 1397/1397/1359
f 1434/1434/1360 1435/1435/1360 1399/1399/1360 1398/1398/1360
f 1435/1435/1361 1436/1436/1361 1400/1400/1361 1399/1399/1361
f 1436/1436/1362 1437/1437/1362 1401/1401/1362 1400/1400/1362
f 1437/1437/1363 1438/1438/1363 1402/1402/1363 1401/1401/1363
f 1438/1438/1364 1439/1439/1364 1403/1403/1364 1402/1402/1364
f 1439/1439/1365 1440/1440/1365 1404/1404/1365 1403/1403/1365
f 1441/1441/1366 1442/1442/1366 1406/1406/1366 1405/1405/1366
f 1442/1442/1367 1443/1443/1367 1407/1407/1367 1406/1406/1367
f 1443/1443/1368 1444/1444/1368 1408/1408/1368 1407/1407/1368
f 1444/1444/1369 1445/1445/1369 1409/1409/1369 1408/1408/1369
f 1445/1445/1370 1446/1446/1370 1410/1410/1370 1409/1409/1370
f 1446/1446/1371 1447/1447/1371 1411/1411/1371 1410/1410/1371
f 1447/1447/1372 1448/1448/1372 1412/1412/1372 1411/1411/1372
f 1448/1448/1373 1449/1449/1373 1413/1413/1373 1412/1412/1373
f 1449/1449/1374 1450/1450/1374 1414/1414/1374 1413/1413/1374
f 1450/1450/1375 1451/1451/1375 1415/1415/1375 1414/1414/1375
f 1451/1451/1376 1452/1452/1376 1416/1416/1376 1415/1415/1376
f 1452/1452/1377 1453/1453/1377 1417/1417/1377 1416/1416/1377
f 1453/1453/1378 1454/1454/1378 1418/1418/1378 1417/1417/1378
f 1454/1454/1379 1455/1455/1379 1419/1419/1379 1418/1418/1379
f 1455/1455/1380 1456/1456/1380 1420/1420/1380 1419/1419/1380
f 1456/1456/1381 1457/1457/1381 1421/1421/1381 1420/1420/1381
f 1457/1457/1382 1458/1458/1382 1422/1422/1382 1421/1421/1382
f 1458/1458/1383 1459/1459/1383 1423/1423/1383 1422/1422/1383
f 1459/1459/1384 1460/1460/1384 1424/1424/1384 1423/1423/1384
f 1460/1460/1385 1461/1461/1385 1425/1425/1385 1424/1424/1385
f 1461/1461/1386 1462/1462/1386 1426/1426/1386 1425/1425/1386
f 1462/1462/1387 1463/1463/1387 1427/1427/1387 1426/1426/1387
f 1463/1463/1388 1464/1464/1388 1428/1428/1388 1427/1427/1388
f 1464/1464/1389 1465/1465/1389 1429/1429/1389 1428/1428/1389
f 1465/1465/1390 1466/1466/1390 1430/1430/1390 1429/1429/1390
f 1466/1466/1391 1467/1467/1391 1431/1431/1391 1430/1430/1391
f 1467/1467/1392 1468/1468/1392 1432/1432/1392 1431/1431/1392
f 1468/1468/1393 1469/1469/1393 1433/1433/1393 1432/1432/1393
f 1469/1469/1394 1470/1470/1394 1434/1434/1394 1433/1433/1394
f 1470/1470/1395 1471/1471/1395 1435/1435/1395 1434/1434/1395
f 1471/1471/1396 1472/1472/1396 1436/1436/1396 1435/1435/1396
f 1472/1472/1397 1473/1473/1397 1437/1437/1397 1436/1436/1397
f 1473/1473/1398 1474/1474/1398 1438/1438/1398 1437/1437/1398
f 1474/1474/1399 1475/1475/1399 1439/1439/1399 1438/1438/1399
f 1475/1475/1400 1476/1476/1400 1440/1440/1400 1439/1439/1400
f 1477/1477/1401 1478/1478/1401 1442/1442/1401 1441/1441/1401
f 1478/1478/1402 1479/1479/1402 1443/1443/1402 1442/1442/1402
f 1479/1479/1403 1480/1480/1403 1444/1444/1403 1443/1443/1403
f 1480/1480/1404 1481/1481/1404 1445/1445/1404 1444/1444/1404
f 1481/1481/1405 1482/1482/1405 1446/1446/1405 1445/1445/1405
f 1482/1482/1406 1483/1483/1406 1447/1447/1406 1446/1446/1406
f 1483/1483/1407 1484/1484/1407 1448/1448/1407 1447/1447/1407
f 1484/1484/1408 1485/1485/1408 1449/1449/1408 1448/1448/1408
f 1485/1485/1409 1486/1486/1409 1450/1450/1409 1449/1449/1409
f 1486/1486/1410 1487/1487/1410 1451/1451/1410 1450/1450/1410
f 1487/1487/1411 1488/1488/1411 1452/1452/1411 1451/1451/1411
f 1488/1488/1412 1489/1489/1412 1453/1453/1412 1452/1452/1412
f 1489/1489/1413 1490/1490/1413 1454/1454/1413 1453/1453/1413
f 1490/1490/1414 1491/1491/1414 1455/1455/1414 1454/1454/1414
f 1491/1491/1415 1492/1492/1415 1456/1456/1415 1455/1455/1415
f 1492/1492/1416 1493/1493/1416 1457/1457/1416 1456/1456/1416
f 1493/1493/1417 1494/1494/1417 1458/1458/1417 1457/1457/1417
f 1494/1494/1418 1495/1495/1418 1459/1459/1418 1458/1458/1418
f 1495/1495/1419 1496/1496/1419 1460/1460/1419 1459/1459/1419
f 1496/1496/1420 1497/1497/1420 1461/1461/1420 1460/1460/1420
f 1497/1497/1421 1498/1498/1421 1462/1462/1421 1461/1461/1421
f 1498/1498/1422 1499/1499/1422 1463/1463/1422 1462/1462/1422
f 1499/1499/1423 1500/1500/1423 1464/1464/1423 1463/1463/1423
f 1500/1500/1424 1501/1501/1424 1465/1465/1424 1464/1464/1424
f 1501/1501/1425 1502/1502/1425 1466/1466/1425 1465/1465/1425
f 1502/1502/1426 1503/1503/1426 1467/1467/1426 1466/1466/1426
f 1503/1503/1427 1504/1504/1427 1468/1468/1427 1467/1467/1427
f 1504/1504/1428 1505/1505/1428 1469/1469/1428 1468/1468/1428
f 1505/1505/1429 1506/1506/1429 1470/1470/1429 1469/1469/1429
f 1506/1506/1430 1507/1507/1430 1471/1471/1430 1470/1470/1430
f 1507/1507/1431 1508/1508/1431 1472/1472/1431 1471/1471/1431
f 1508/1508/1432 1509/1509/1432 1473/1473/1432 1472/1472/1432
f 1509/1509/1433 1510/1510/1433 1474/1474/1433 1473/1473/1433
f 1510/1510/1434 1511/1511/1434 1475/1475/1434 1474/1474/1434
f 1511/1511/1435 1512/1512/1435 1476/1476/1435 1475/1475/1435
f 1513/1513/1436 1514/1514/1436 1478/1478/1436 1477/1477/1436
f 1514/1514/1437 1515/1515/1437 1479/1479/1437 1478/1478/1437
f 1515/1515/1438 1516/1516/1438 1480/1480/1438 1479/1479/1438
f 1516/1516/1439 1517/1517/1439 1481/1481/1439 1480/1480/1439
f 1517/1517/1440 1518/1518/1440 1482/1482/1440 1481/1481/1440
f 1518/1518/1441 1519/1519/1441 1483/1483/1441 1482/1482/1441
f 1519/1519/1442 1520/1520/1442 1484/1484/1442 1483/1483/1442
f 1520/1520/1443 1521/1521/1443 1485/1485/1443 1484/1484/1443
f 1521/1521/1444 1522/1522/1444 1486/1486/1444 1485/1485/1444
f 1522/1522/1445 1523/1523/1445 1487/1487/1445 1486/1486/1445
f 1523/1523/1446 1524/1524/1446 1488/1488/1446 1487/1487/1446
f 1524/1524/1447 1525/1525/1447 1489/1489/1447 1488/1488/1447
f 1525/1525/1448 1526/1526/1448 1490/1490/1448 1489/1489/1448
f 1526/1526/1449 1527/1527/1449 1491/1491/1449 1490/1490/1449
f 1527/1527/1450 1528/1528/1450 1492/1492/1450 1491/1491/1450
f 1528/1528/1451 1529/1529/1451 1493/1493/1451 1492/1492/1451
f 1529/1529/1452 1530/1530/1452 1494/1494/1452 1493/1493/1452
f 1530/1530/1453 1531/1531/1453 1495/1495/1453 1494/1494/1453
f 1531/1531/1454 1532/1532/1454 1496/1496/1454 1495/1495/1454
f 1532/1532/1455 1533/1533/1455 1497/1497/1455 1496/1496/1455
f 1533/1533/1456 1534/1534/1456 1498/1498/1456 1497/1497/1456
f 1534/1534/1457 1535/1535/1457 1499/1499/1457 1498/1498/1457
f 1535/1535/1458 1536/1536/1458 1500/1500/1458 1499/1499/1458
f 1536/1536/1459 1537/1537/1459 1501/1501/1459 1500/1500/1459
f 1537/1537/1460 1538/1538/1460 1502/1502/1460 1501/1501/1460
f 1538/1538/1461 1539/1539/1461 1503/1503/1461 1502/1502/1461
f 1539/1539/1462 1540/1540/1462 1504/1504/1462 1503/1503/1462
f 1540/1540/1463 1541/1541/1463 1505/1505/1463 1504/1504/1463
f 1541/1541/1464 1542/1542/1464 1506/1506/1464 1505/1505/1464
f 1542/1542/1465 1543/1543/1465 1507/1507/1465 1506/1506/1465
f 1543/1543/1466 1544/1544/1466 1508/1508/1466 1507/1507/1466
f 1544/1544/1467 1545/1545/1467 1509/1509/1467 1508/1508/1467
f 1545/1545/1468 1546/1546/1468 1510/1510/1468 1509/1509/1468
f 1546/1546/1469 1547/1547/1469 1511/1511/1469 1510/1510/1469
f 1547/1547/1470 1548/1548/1470 1512/1512/1470 1511/1511/1470
