# Blender 5.1.2
# www.blender.org
mtllib dungeon_chest_variant_a.mtl
o dungeon_chest_variant_a
v -0.305000 0.000000 0.205000
v -0.305000 0.015000 0.220000
v -0.320000 0.015000 0.205000
v -0.305000 0.004393 0.215607
v -0.313660 0.006340 0.213660
v -0.315607 0.015000 0.215607
v -0.315607 0.004393 0.205000
v -0.305000 0.265000 0.220000
v -0.305000 0.280000 0.205000
v -0.320000 0.265000 0.205000
v -0.305000 0.275607 0.215607
v -0.313660 0.273660 0.213660
v -0.315607 0.275607 0.205000
v -0.315607 0.265000 0.215607
v -0.305000 0.000000 -0.205000
v -0.320000 0.015000 -0.205000
v -0.305000 0.015000 -0.220000
v -0.315607 0.004393 -0.205000
v -0.313660 0.006340 -0.213660
v -0.315607 0.015000 -0.215607
v -0.305000 0.004393 -0.215607
v -0.305000 0.280000 -0.205000
v -0.305000 0.265000 -0.220000
v -0.320000 0.265000 -0.205000
v -0.305000 0.275607 -0.215607
v -0.313660 0.273660 -0.213660
v -0.315607 0.265000 -0.215607
v -0.315607 0.275607 -0.205000
v 0.305000 0.000000 0.205000
v 0.320000 0.015000 0.205000
v 0.305000 0.015000 0.220000
v 0.315607 0.004393 0.205000
v 0.313660 0.006340 0.213660
v 0.315607 0.015000 0.215607
v 0.305000 0.004393 0.215607
v 0.305000 0.280000 0.205000
v 0.305000 0.265000 0.220000
v 0.320000 0.265000 0.205000
v 0.305000 0.275607 0.215607
v 0.313660 0.273660 0.213660
v 0.315607 0.265000 0.215607
v 0.315607 0.275607 0.205000
v 0.305000 0.000000 -0.205000
v 0.305000 0.015000 -0.220000
v 0.320000 0.015000 -0.205000
v 0.305000 0.004393 -0.215607
v 0.313660 0.006340 -0.213660
v 0.315607 0.015000 -0.215607
v 0.315607 0.004393 -0.205000
v 0.305000 0.280000 -0.205000
v 0.320000 0.265000 -0.205000
v 0.305000 0.265000 -0.220000
v 0.315607 0.275607 -0.205000
v 0.313660 0.273660 -0.213660
v 0.315607 0.265000 -0.215607
v 0.305000 0.275607 -0.215607
v -0.320000 0.280000 -0.220000
v 0.320000 0.280000 -0.220000
v -0.320000 0.280000 0.220000
v 0.320000 0.280000 0.220000
v -0.320000 0.364190 0.203253
v 0.320000 0.364190 0.203253
v -0.320000 0.435564 0.155563
v 0.320000 0.435563 0.155563
v -0.320000 0.483254 0.084190
v 0.320000 0.483253 0.084190
v -0.320000 0.500000 0.000000
v 0.320000 0.500000 0.000000
v -0.320000 0.483254 -0.084190
v 0.320000 0.483253 -0.084190
v -0.320000 0.435564 -0.155563
v 0.320000 0.435563 -0.155563
v -0.320000 0.364190 -0.203253
v 0.320000 0.364190 -0.203253
v -0.330000 0.265000 0.230000
v -0.330000 0.295000 0.230000
v -0.330000 0.265000 -0.230000
v -0.330000 0.295000 -0.230000
v 0.330000 0.265000 0.230000
v 0.330000 0.295000 0.230000
v 0.330000 0.265000 -0.230000
v 0.330000 0.295000 -0.230000
v -0.340000 -0.005000 0.240000
v -0.340000 0.285000 0.240000
v -0.340000 -0.005000 0.180000
v -0.340000 0.285000 0.180000
v -0.280000 -0.005000 0.240000
v -0.280000 0.285000 0.240000
v -0.280000 -0.005000 0.180000
v -0.280000 0.285000 0.180000
v -0.340000 -0.005000 -0.180000
v -0.340000 0.285000 -0.180000
v -0.340000 -0.005000 -0.240000
v -0.340000 0.285000 -0.240000
v -0.280000 -0.005000 -0.180000
v -0.280000 0.285000 -0.180000
v -0.280000 -0.005000 -0.240000
v -0.280000 0.285000 -0.240000
v 0.280000 -0.005000 0.240000
v 0.280000 0.285000 0.240000
v 0.280000 -0.005000 0.180000
v 0.280000 0.285000 0.180000
v 0.340000 -0.005000 0.240000
v 0.340000 0.285000 0.240000
v 0.340000 -0.005000 0.180000
v 0.340000 0.285000 0.180000
v 0.280000 -0.005000 -0.180000
v 0.280000 0.285000 -0.180000
v 0.280000 -0.005000 -0.240000
v 0.280000 0.285000 -0.240000
v 0.340000 -0.005000 -0.180000
v 0.340000 0.285000 -0.180000
v 0.340000 -0.005000 -0.240000
v 0.340000 0.285000 -0.240000
v -0.040000 -0.005000 0.230000
v -0.040000 0.285000 0.230000
v -0.040000 -0.005000 -0.230000
v -0.040000 0.285000 -0.230000
v 0.040000 -0.005000 0.230000
v 0.040000 0.285000 0.230000
v 0.040000 -0.005000 -0.230000
v 0.040000 0.285000 -0.230000
v 0.000000 0.220000 -0.240000
v 0.000000 0.220000 -0.220000
v 0.060622 0.185000 -0.240000
v 0.060622 0.185000 -0.220000
v 0.060622 0.115000 -0.240000
v 0.060622 0.115000 -0.220000
v 0.000000 0.080000 -0.240000
v 0.000000 0.080000 -0.220000
v -0.060622 0.115000 -0.240000
v -0.060622 0.115000 -0.220000
v -0.060622 0.185000 -0.240000
v -0.060622 0.185000 -0.220000
v -0.330000 0.090000 0.000000
v -0.325000 0.091340 0.000000
v -0.321340 0.095000 0.000000
v -0.320000 0.100000 0.000000
v -0.321340 0.105000 0.000000
v -0.325000 0.108660 0.000000
v -0.330000 0.110000 0.000000
v -0.335000 0.108660 0.000000
v -0.338660 0.105000 0.000000
v -0.340000 0.100000 0.000000
v -0.338660 0.095000 0.000000
v -0.335000 0.091340 0.000000
v -0.330000 0.090428 -0.006526
v -0.325000 0.091756 -0.006351
v -0.321340 0.095385 -0.005874
v -0.320000 0.100342 -0.005221
v -0.321340 0.105299 -0.004568
v -0.325000 0.108928 -0.004091
v -0.330000 0.110257 -0.003916
v -0.335000 0.108928 -0.004091
v -0.338660 0.105299 -0.004568
v -0.340000 0.100342 -0.005221
v -0.338660 0.095385 -0.005874
v -0.335000 0.091756 -0.006351
v -0.330000 0.091704 -0.012941
v -0.325000 0.092998 -0.012594
v -0.321340 0.096533 -0.011647
v -0.320000 0.101363 -0.010353
v -0.321340 0.106193 -0.009059
v -0.325000 0.109728 -0.008111
v -0.330000 0.111022 -0.007765
v -0.335000 0.109728 -0.008111
v -0.338660 0.106193 -0.009059
v -0.340000 0.101363 -0.010353
v -0.338660 0.096533 -0.011647
v -0.335000 0.092998 -0.012594
v -0.330000 0.093806 -0.019134
v -0.325000 0.095044 -0.018621
v -0.321340 0.098425 -0.017221
v -0.320000 0.103045 -0.015307
v -0.321340 0.107664 -0.013394
v -0.325000 0.111046 -0.011993
v -0.330000 0.112284 -0.011481
v -0.335000 0.111046 -0.011993
v -0.338660 0.107664 -0.013394
v -0.340000 0.103045 -0.015307
v -0.338660 0.098425 -0.017221
v -0.335000 0.095044 -0.018621
v -0.330000 0.096699 -0.025000
v -0.325000 0.097859 -0.024330
v -0.321340 0.101029 -0.022500
v -0.320000 0.105359 -0.020000
v -0.321340 0.109689 -0.017500
v -0.325000 0.112859 -0.015670
v -0.330000 0.114019 -0.015000
v -0.335000 0.112859 -0.015670
v -0.338660 0.109689 -0.017500
v -0.340000 0.105359 -0.020000
v -0.338660 0.101029 -0.022500
v -0.335000 0.097859 -0.024330
v -0.330000 0.100332 -0.030438
v -0.325000 0.101395 -0.029622
v -0.321340 0.104299 -0.027394
v -0.320000 0.108266 -0.024350
v -0.321340 0.112233 -0.021307
v -0.325000 0.115137 -0.019078
v -0.330000 0.116199 -0.018263
v -0.335000 0.115137 -0.019078
v -0.338660 0.112233 -0.021307
v -0.340000 0.108266 -0.024350
v -0.338660 0.104299 -0.027394
v -0.335000 0.101395 -0.029622
v -0.330000 0.104645 -0.035355
v -0.325000 0.105592 -0.034408
v -0.321340 0.108180 -0.031820
v -0.320000 0.111716 -0.028284
v -0.321340 0.115251 -0.024749
v -0.325000 0.117839 -0.022161
v -0.330000 0.118787 -0.021213
v -0.335000 0.117839 -0.022161
v -0.338660 0.115251 -0.024749
v -0.340000 0.111716 -0.028284
v -0.338660 0.108180 -0.031820
v -0.335000 0.105592 -0.034408
v -0.330000 0.109562 -0.039668
v -0.325000 0.110378 -0.038605
v -0.321340 0.112606 -0.035701
v -0.320000 0.115650 -0.031734
v -0.321340 0.118693 -0.027767
v -0.325000 0.120922 -0.024863
v -0.330000 0.121737 -0.023801
v -0.335000 0.120922 -0.024863
v -0.338660 0.118693 -0.027767
v -0.340000 0.115650 -0.031734
v -0.338660 0.112606 -0.035701
v -0.335000 0.110378 -0.038605
v -0.330000 0.115000 -0.043301
v -0.325000 0.115670 -0.042141
v -0.321340 0.117500 -0.038971
v -0.320000 0.120000 -0.034641
v -0.321340 0.122500 -0.030311
v -0.325000 0.124330 -0.027141
v -0.330000 0.125000 -0.025981
v -0.335000 0.124330 -0.027141
v -0.338660 0.122500 -0.030311
v -0.340000 0.120000 -0.034641
v -0.338660 0.117500 -0.038971
v -0.335000 0.115670 -0.042141
v -0.330000 0.120866 -0.046194
v -0.325000 0.121379 -0.044956
v -0.321340 0.122779 -0.041575
v -0.320000 0.124693 -0.036955
v -0.321340 0.126606 -0.032336
v -0.325000 0.128007 -0.028954
v -0.330000 0.128519 -0.027716
v -0.335000 0.128007 -0.028954
v -0.338660 0.126606 -0.032336
v -0.340000 0.124693 -0.036955
v -0.338660 0.122779 -0.041575
v -0.335000 0.121379 -0.044956
v -0.330000 0.127059 -0.048296
v -0.325000 0.127406 -0.047002
v -0.321340 0.128353 -0.043467
v -0.320000 0.129647 -0.038637
v -0.321340 0.130941 -0.033807
v -0.325000 0.131889 -0.030272
v -0.330000 0.132235 -0.028978
v -0.335000 0.131889 -0.030272
v -0.338660 0.130941 -0.033807
v -0.340000 0.129647 -0.038637
v -0.338660 0.128353 -0.043467
v -0.335000 0.127406 -0.047002
v -0.330000 0.133474 -0.049572
v -0.325000 0.133649 -0.048244
v -0.321340 0.134126 -0.044615
v -0.320000 0.134779 -0.039658
v -0.321340 0.135432 -0.034701
v -0.325000 0.135909 -0.031072
v -0.330000 0.136084 -0.029743
v -0.335000 0.135909 -0.031072
v -0.338660 0.135432 -0.034701
v -0.340000 0.134779 -0.039658
v -0.338660 0.134126 -0.044615
v -0.335000 0.133649 -0.048244
v -0.330000 0.140000 -0.050000
v -0.325000 0.140000 -0.048660
v -0.321340 0.140000 -0.045000
v -0.320000 0.140000 -0.040000
v -0.321340 0.140000 -0.035000
v -0.325000 0.140000 -0.031340
v -0.330000 0.140000 -0.030000
v -0.335000 0.140000 -0.031340
v -0.338660 0.140000 -0.035000
v -0.340000 0.140000 -0.040000
v -0.338660 0.140000 -0.045000
v -0.335000 0.140000 -0.048660
v -0.330000 0.146526 -0.049572
v -0.325000 0.146351 -0.048244
v -0.321340 0.145874 -0.044615
v -0.320000 0.145221 -0.039658
v -0.321340 0.144568 -0.034701
v -0.325000 0.144091 -0.031072
v -0.330000 0.143916 -0.029743
v -0.335000 0.144091 -0.031072
v -0.338660 0.144568 -0.034701
v -0.340000 0.145221 -0.039658
v -0.338660 0.145874 -0.044615
v -0.335000 0.146351 -0.048244
v -0.330000 0.152941 -0.048296
v -0.325000 0.152594 -0.047002
v -0.321340 0.151647 -0.043467
v -0.320000 0.150353 -0.038637
v -0.321340 0.149059 -0.033807
v -0.325000 0.148111 -0.030272
v -0.330000 0.147765 -0.028978
v -0.335000 0.148111 -0.030272
v -0.338660 0.149059 -0.033807
v -0.340000 0.150353 -0.038637
v -0.338660 0.151647 -0.043467
v -0.335000 0.152594 -0.047002
v -0.330000 0.159134 -0.046194
v -0.325000 0.158621 -0.044956
v -0.321340 0.157221 -0.041575
v -0.320000 0.155307 -0.036955
v -0.321340 0.153394 -0.032336
v -0.325000 0.151993 -0.028954
v -0.330000 0.151481 -0.027716
v -0.335000 0.151993 -0.028954
v -0.338660 0.153394 -0.032336
v -0.340000 0.155307 -0.036955
v -0.338660 0.157221 -0.041575
v -0.335000 0.158621 -0.044956
v -0.330000 0.165000 -0.043301
v -0.325000 0.164330 -0.042141
v -0.321340 0.162500 -0.038971
v -0.320000 0.160000 -0.034641
v -0.321340 0.157500 -0.030311
v -0.325000 0.155670 -0.027141
v -0.330000 0.155000 -0.025981
v -0.335000 0.155670 -0.027141
v -0.338660 0.157500 -0.030311
v -0.340000 0.160000 -0.034641
v -0.338660 0.162500 -0.038971
v -0.335000 0.164330 -0.042141
v -0.330000 0.170438 -0.039668
v -0.325000 0.169622 -0.038605
v -0.321340 0.167394 -0.035701
v -0.320000 0.164350 -0.031734
v -0.321340 0.161307 -0.027767
v -0.325000 0.159078 -0.024863
v -0.330000 0.158263 -0.023801
v -0.335000 0.159078 -0.024863
v -0.338660 0.161307 -0.027767
v -0.340000 0.164350 -0.031734
v -0.338660 0.167394 -0.035701
v -0.335000 0.169622 -0.038605
v -0.330000 0.175355 -0.035355
v -0.325000 0.174408 -0.034408
v -0.321340 0.171820 -0.031820
v -0.320000 0.168284 -0.028284
v -0.321340 0.164749 -0.024749
v -0.325000 0.162161 -0.022161
v -0.330000 0.161213 -0.021213
v -0.335000 0.162161 -0.022161
v -0.338660 0.164749 -0.024749
v -0.340000 0.168284 -0.028284
v -0.338660 0.171820 -0.031820
v -0.335000 0.174408 -0.034408
v -0.330000 0.179668 -0.030438
v -0.325000 0.178605 -0.029622
v -0.321340 0.175701 -0.027394
v -0.320000 0.171734 -0.024350
v -0.321340 0.167767 -0.021307
v -0.325000 0.164863 -0.019078
v -0.330000 0.163801 -0.018263
v -0.335000 0.164863 -0.019078
v -0.338660 0.167767 -0.021307
v -0.340000 0.171734 -0.024350
v -0.338660 0.175701 -0.027394
v -0.335000 0.178605 -0.029622
v -0.330000 0.183301 -0.025000
v -0.325000 0.182141 -0.024330
v -0.321340 0.178971 -0.022500
v -0.320000 0.174641 -0.020000
v -0.321340 0.170311 -0.017500
v -0.325000 0.167141 -0.015670
v -0.330000 0.165981 -0.015000
v -0.335000 0.167141 -0.015670
v -0.338660 0.170311 -0.017500
v -0.340000 0.174641 -0.020000
v -0.338660 0.178971 -0.022500
v -0.335000 0.182141 -0.024330
v -0.330000 0.186194 -0.019134
v -0.325000 0.184956 -0.018621
v -0.321340 0.181575 -0.017221
v -0.320000 0.176955 -0.015307
v -0.321340 0.172336 -0.013394
v -0.325000 0.168954 -0.011993
v -0.330000 0.167716 -0.011481
v -0.335000 0.168954 -0.011993
v -0.338660 0.172336 -0.013394
v -0.340000 0.176955 -0.015307
v -0.338660 0.181575 -0.017221
v -0.335000 0.184956 -0.018621
v -0.330000 0.188296 -0.012941
v -0.325000 0.187002 -0.012594
v -0.321340 0.183467 -0.011647
v -0.320000 0.178637 -0.010353
v -0.321340 0.173807 -0.009059
v -0.325000 0.170272 -0.008111
v -0.330000 0.168978 -0.007765
v -0.335000 0.170272 -0.008111
v -0.338660 0.173807 -0.009059
v -0.340000 0.178637 -0.010353
v -0.338660 0.183467 -0.011647
v -0.335000 0.187002 -0.012594
v -0.330000 0.189572 -0.006526
v -0.325000 0.188244 -0.006351
v -0.321340 0.184615 -0.005874
v -0.320000 0.179658 -0.005221
v -0.321340 0.174701 -0.004568
v -0.325000 0.171072 -0.004091
v -0.330000 0.169743 -0.003916
v -0.335000 0.171072 -0.004091
v -0.338660 0.174701 -0.004568
v -0.340000 0.179658 -0.005221
v -0.338660 0.184615 -0.005874
v -0.335000 0.188244 -0.006351
v -0.330000 0.190000 -0.000000
v -0.325000 0.188660 -0.000000
v -0.321340 0.185000 -0.000000
v -0.320000 0.180000 -0.000000
v -0.321340 0.175000 -0.000000
v -0.325000 0.171340 -0.000000
v -0.330000 0.170000 -0.000000
v -0.335000 0.171340 -0.000000
v -0.338660 0.175000 -0.000000
v -0.340000 0.180000 -0.000000
v -0.338660 0.185000 -0.000000
v -0.335000 0.188660 -0.000000
v -0.330000 0.189572 0.006526
v -0.325000 0.188244 0.006351
v -0.321340 0.184615 0.005874
v -0.320000 0.179658 0.005221
v -0.321340 0.174701 0.004568
v -0.325000 0.171072 0.004091
v -0.330000 0.169743 0.003916
v -0.335000 0.171072 0.004091
v -0.338660 0.174701 0.004568
v -0.340000 0.179658 0.005221
v -0.338660 0.184615 0.005874
v -0.335000 0.188244 0.006351
v -0.330000 0.188296 0.012941
v -0.325000 0.187002 0.012594
v -0.321340 0.183467 0.011647
v -0.320000 0.178637 0.010353
v -0.321340 0.173807 0.009059
v -0.325000 0.170272 0.008111
v -0.330000 0.168978 0.007765
v -0.335000 0.170272 0.008111
v -0.338660 0.173807 0.009059
v -0.340000 0.178637 0.010353
v -0.338660 0.183467 0.011647
v -0.335000 0.187002 0.012594
v -0.330000 0.186194 0.019134
v -0.325000 0.184956 0.018621
v -0.321340 0.181575 0.017221
v -0.320000 0.176955 0.015307
v -0.321340 0.172336 0.013394
v -0.325000 0.168954 0.011993
v -0.330000 0.167716 0.011480
v -0.335000 0.168954 0.011993
v -0.338660 0.172336 0.013394
v -0.340000 0.176955 0.015307
v -0.338660 0.181575 0.017221
v -0.335000 0.184956 0.018621
v -0.330000 0.183301 0.025000
v -0.325000 0.182141 0.024330
v -0.321340 0.178971 0.022500
v -0.320000 0.174641 0.020000
v -0.321340 0.170311 0.017500
v -0.325000 0.167141 0.015670
v -0.330000 0.165981 0.015000
v -0.335000 0.167141 0.015670
v -0.338660 0.170311 0.017500
v -0.340000 0.174641 0.020000
v -0.338660 0.178971 0.022500
v -0.335000 0.182141 0.024330
v -0.330000 0.179668 0.030438
v -0.325000 0.178605 0.029622
v -0.321340 0.175701 0.027394
v -0.320000 0.171734 0.024350
v -0.321340 0.167767 0.021307
v -0.325000 0.164863 0.019078
v -0.330000 0.163801 0.018263
v -0.335000 0.164863 0.019078
v -0.338660 0.167767 0.021307
v -0.340000 0.171734 0.024350
v -0.338660 0.175701 0.027394
v -0.335000 0.178605 0.029622
v -0.330000 0.175355 0.035355
v -0.325000 0.174408 0.034408
v -0.321340 0.171820 0.031820
v -0.320000 0.168284 0.028284
v -0.321340 0.164749 0.024749
v -0.325000 0.162161 0.022161
v -0.330000 0.161213 0.021213
v -0.335000 0.162161 0.022161
v -0.338660 0.164749 0.024749
v -0.340000 0.168284 0.028284
v -0.338660 0.171820 0.031820
v -0.335000 0.174408 0.034408
v -0.330000 0.170438 0.039668
v -0.325000 0.169623 0.038605
v -0.321340 0.167394 0.035701
v -0.320000 0.164350 0.031734
v -0.321340 0.161307 0.027767
v -0.325000 0.159078 0.024863
v -0.330000 0.158263 0.023801
v -0.335000 0.159078 0.024863
v -0.338660 0.161307 0.027767
v -0.340000 0.164350 0.031734
v -0.338660 0.167394 0.035701
v -0.335000 0.169623 0.038605
v -0.330000 0.165000 0.043301
v -0.325000 0.164330 0.042141
v -0.321340 0.162500 0.038971
v -0.320000 0.160000 0.034641
v -0.321340 0.157500 0.030311
v -0.325000 0.155670 0.027141
v -0.330000 0.155000 0.025981
v -0.335000 0.155670 0.027141
v -0.338660 0.157500 0.030311
v -0.340000 0.160000 0.034641
v -0.338660 0.162500 0.038971
v -0.335000 0.164330 0.042141
v -0.330000 0.159134 0.046194
v -0.325000 0.158621 0.044956
v -0.321340 0.157221 0.041575
v -0.320000 0.155307 0.036955
v -0.321340 0.153394 0.032336
v -0.325000 0.151993 0.028954
v -0.330000 0.151481 0.027716
v -0.335000 0.151993 0.028954
v -0.338660 0.153394 0.032336
v -0.340000 0.155307 0.036955
v -0.338660 0.157221 0.041575
v -0.335000 0.158621 0.044956
v -0.330000 0.152941 0.048296
v -0.325000 0.152594 0.047002
v -0.321340 0.151647 0.043467
v -0.320000 0.150353 0.038637
v -0.321340 0.149059 0.033807
v -0.325000 0.148111 0.030272
v -0.330000 0.147765 0.028978
v -0.335000 0.148111 0.030272
v -0.338660 0.149059 0.033807
v -0.340000 0.150353 0.038637
v -0.338660 0.151647 0.043467
v -0.335000 0.152594 0.047002
v -0.330000 0.146526 0.049572
v -0.325000 0.146351 0.048244
v -0.321340 0.145874 0.044615
v -0.320000 0.145221 0.039658
v -0.321340 0.144568 0.034701
v -0.325000 0.144091 0.031072
v -0.330000 0.143916 0.029743
v -0.335000 0.144091 0.031072
v -0.338660 0.144568 0.034701
v -0.340000 0.145221 0.039658
v -0.338660 0.145874 0.044615
v -0.335000 0.146351 0.048244
v -0.330000 0.140000 0.050000
v -0.325000 0.140000 0.048660
v -0.321340 0.140000 0.045000
v -0.320000 0.140000 0.040000
v -0.321340 0.140000 0.035000
v -0.325000 0.140000 0.031340
v -0.330000 0.140000 0.030000
v -0.335000 0.140000 0.031340
v -0.338660 0.140000 0.035000
v -0.340000 0.140000 0.040000
v -0.338660 0.140000 0.045000
v -0.335000 0.140000 0.048660
v -0.330000 0.133474 0.049572
v -0.325000 0.133649 0.048244
v -0.321340 0.134126 0.044615
v -0.320000 0.134779 0.039658
v -0.321340 0.135432 0.034701
v -0.325000 0.135909 0.031072
v -0.330000 0.136084 0.029743
v -0.335000 0.135909 0.031072
v -0.338660 0.135432 0.034701
v -0.340000 0.134779 0.039658
v -0.338660 0.134126 0.044615
v -0.335000 0.133649 0.048244
v -0.330000 0.127059 0.048296
v -0.325000 0.127406 0.047002
v -0.321340 0.128353 0.043467
v -0.320000 0.129647 0.038637
v -0.321340 0.130941 0.033807
v -0.325000 0.131889 0.030272
v -0.330000 0.132235 0.028978
v -0.335000 0.131889 0.030272
v -0.338660 0.130941 0.033807
v -0.340000 0.129647 0.038637
v -0.338660 0.128353 0.043467
v -0.335000 0.127406 0.047002
v -0.330000 0.120866 0.046194
v -0.325000 0.121379 0.044956
v -0.321340 0.122779 0.041575
v -0.320000 0.124693 0.036955
v -0.321340 0.126606 0.032336
v -0.325000 0.128007 0.028954
v -0.330000 0.128519 0.027716
v -0.335000 0.128007 0.028954
v -0.338660 0.126606 0.032336
v -0.340000 0.124693 0.036955
v -0.338660 0.122779 0.041575
v -0.335000 0.121379 0.044956
v -0.330000 0.115000 0.043301
v -0.325000 0.115670 0.042141
v -0.321340 0.117500 0.038971
v -0.320000 0.120000 0.034641
v -0.321340 0.122500 0.030311
v -0.325000 0.124330 0.027141
v -0.330000 0.125000 0.025981
v -0.335000 0.124330 0.027141
v -0.338660 0.122500 0.030311
v -0.340000 0.120000 0.034641
v -0.338660 0.117500 0.038971
v -0.335000 0.115670 0.042141
v -0.330000 0.109562 0.039668
v -0.325000 0.110378 0.038605
v -0.321340 0.112606 0.035701
v -0.320000 0.115650 0.031734
v -0.321340 0.118693 0.027767
v -0.325000 0.120922 0.024863
v -0.330000 0.121737 0.023801
v -0.335000 0.120922 0.024863
v -0.338660 0.118693 0.027767
v -0.340000 0.115650 0.031734
v -0.338660 0.112606 0.035701
v -0.335000 0.110378 0.038605
v -0.330000 0.104645 0.035355
v -0.325000 0.105592 0.034408
v -0.321340 0.108180 0.031820
v -0.320000 0.111716 0.028284
v -0.321340 0.115251 0.024749
v -0.325000 0.117839 0.022161
v -0.330000 0.118787 0.021213
v -0.335000 0.117839 0.022161
v -0.338660 0.115251 0.024749
v -0.340000 0.111716 0.028284
v -0.338660 0.108180 0.031820
v -0.335000 0.105592 0.034408
v -0.330000 0.100332 0.030438
v -0.325000 0.101395 0.029622
v -0.321340 0.104299 0.027394
v -0.320000 0.108266 0.024350
v -0.321340 0.112233 0.021307
v -0.325000 0.115137 0.019078
v -0.330000 0.116199 0.018263
v -0.335000 0.115137 0.019078
v -0.338660 0.112233 0.021307
v -0.340000 0.108266 0.024350
v -0.338660 0.104299 0.027394
v -0.335000 0.101395 0.029622
v -0.330000 0.096699 0.025000
v -0.325000 0.097859 0.024330
v -0.321340 0.101029 0.022500
v -0.320000 0.105359 0.020000
v -0.321340 0.109689 0.017500
v -0.325000 0.112859 0.015670
v -0.330000 0.114019 0.015000
v -0.335000 0.112859 0.015670
v -0.338660 0.109689 0.017500
v -0.340000 0.105359 0.020000
v -0.338660 0.101029 0.022500
v -0.335000 0.097859 0.024330
v -0.330000 0.093806 0.019134
v -0.325000 0.095044 0.018621
v -0.321340 0.098425 0.017221
v -0.320000 0.103045 0.015307
v -0.321340 0.107664 0.013394
v -0.325000 0.111046 0.011993
v -0.330000 0.112284 0.011481
v -0.335000 0.111046 0.011993
v -0.338660 0.107664 0.013394
v -0.340000 0.103045 0.015307
v -0.338660 0.098425 0.017221
v -0.335000 0.095044 0.018621
v -0.330000 0.091704 0.012941
v -0.325000 0.092998 0.012594
v -0.321340 0.096533 0.011647
v -0.320000 0.101363 0.010353
v -0.321340 0.106193 0.009059
v -0.325000 0.109728 0.008111
v -0.330000 0.111022 0.007765
v -0.335000 0.109728 0.008111
v -0.338660 0.106193 0.009059
v -0.340000 0.101363 0.010353
v -0.338660 0.096533 0.011647
v -0.335000 0.092998 0.012594
v -0.330000 0.090428 0.006526
v -0.325000 0.091756 0.006351
v -0.321340 0.095385 0.005874
v -0.320000 0.100342 0.005221
v -0.321340 0.105299 0.004568
v -0.325000 0.108928 0.004091
v -0.330000 0.110257 0.003916
v -0.335000 0.108928 0.004091
v -0.338660 0.105299 0.004568
v -0.340000 0.100342 0.005221
v -0.338660 0.095385 0.005874
v -0.335000 0.091756 0.006351
v 0.330000 0.090000 0.000000
v 0.335000 0.091340 0.000000
v 0.338660 0.095000 0.000000
v 0.340000 0.100000 0.000000
v 0.338660 0.105000 0.000000
v 0.335000 0.108660 0.000000
v 0.330000 0.110000 0.000000
v 0.325000 0.108660 0.000000
v 0.321340 0.105000 0.000000
v 0.320000 0.100000 0.000000
v 0.321340 0.095000 0.000000
v 0.325000 0.091340 0.000000
v 0.330000 0.090428 -0.006526
v 0.335000 0.091756 -0.006351
v 0.338660 0.095385 -0.005874
v 0.340000 0.100342 -0.005221
v 0.338660 0.105299 -0.004568
v 0.335000 0.108928 -0.004091
v 0.330000 0.110257 -0.003916
v 0.325000 0.108928 -0.004091
v 0.321340 0.105299 -0.004568
v 0.320000 0.100342 -0.005221
v 0.321340 0.095385 -0.005874
v 0.325000 0.091756 -0.006351
v 0.330000 0.091704 -0.012941
v 0.335000 0.092998 -0.012594
v 0.338660 0.096533 -0.011647
v 0.340000 0.101363 -0.010353
v 0.338660 0.106193 -0.009059
v 0.335000 0.109728 -0.008111
v 0.330000 0.111022 -0.007765
v 0.325000 0.109728 -0.008111
v 0.321340 0.106193 -0.009059
v 0.320000 0.101363 -0.010353
v 0.321340 0.096533 -0.011647
v 0.325000 0.092998 -0.012594
v 0.330000 0.093806 -0.019134
v 0.335000 0.095044 -0.018621
v 0.338660 0.098425 -0.017221
v 0.340000 0.103045 -0.015307
v 0.338660 0.107664 -0.013394
v 0.335000 0.111046 -0.011993
v 0.330000 0.112284 -0.011481
v 0.325000 0.111046 -0.011993
v 0.321340 0.107664 -0.013394
v 0.320000 0.103045 -0.015307
v 0.321340 0.098425 -0.017221
v 0.325000 0.095044 -0.018621
v 0.330000 0.096699 -0.025000
v 0.335000 0.097859 -0.024330
v 0.338660 0.101029 -0.022500
v 0.340000 0.105359 -0.020000
v 0.338660 0.109689 -0.017500
v 0.335000 0.112859 -0.015670
v 0.330000 0.114019 -0.015000
v 0.325000 0.112859 -0.015670
v 0.321340 0.109689 -0.017500
v 0.320000 0.105359 -0.020000
v 0.321340 0.101029 -0.022500
v 0.325000 0.097859 -0.024330
v 0.330000 0.100332 -0.030438
v 0.335000 0.101395 -0.029622
v 0.338660 0.104299 -0.027394
v 0.340000 0.108266 -0.024350
v 0.338660 0.112233 -0.021307
v 0.335000 0.115137 -0.019078
v 0.330000 0.116199 -0.018263
v 0.325000 0.115137 -0.019078
v 0.321340 0.112233 -0.021307
v 0.320000 0.108266 -0.024350
v 0.321340 0.104299 -0.027394
v 0.325000 0.101395 -0.029622
v 0.330000 0.104645 -0.035355
v 0.335000 0.105592 -0.034408
v 0.338660 0.108180 -0.031820
v 0.340000 0.111716 -0.028284
v 0.338660 0.115251 -0.024749
v 0.335000 0.117839 -0.022161
v 0.330000 0.118787 -0.021213
v 0.325000 0.117839 -0.022161
v 0.321340 0.115251 -0.024749
v 0.320000 0.111716 -0.028284
v 0.321340 0.108180 -0.031820
v 0.325000 0.105592 -0.034408
v 0.330000 0.109562 -0.039668
v 0.335000 0.110378 -0.038605
v 0.338660 0.112606 -0.035701
v 0.340000 0.115650 -0.031734
v 0.338660 0.118693 -0.027767
v 0.335000 0.120922 -0.024863
v 0.330000 0.121737 -0.023801
v 0.325000 0.120922 -0.024863
v 0.321340 0.118693 -0.027767
v 0.320000 0.115650 -0.031734
v 0.321340 0.112606 -0.035701
v 0.325000 0.110378 -0.038605
v 0.330000 0.115000 -0.043301
v 0.335000 0.115670 -0.042141
v 0.338660 0.117500 -0.038971
v 0.340000 0.120000 -0.034641
v 0.338660 0.122500 -0.030311
v 0.335000 0.124330 -0.027141
v 0.330000 0.125000 -0.025981
v 0.325000 0.124330 -0.027141
v 0.321340 0.122500 -0.030311
v 0.320000 0.120000 -0.034641
v 0.321340 0.117500 -0.038971
v 0.325000 0.115670 -0.042141
v 0.330000 0.120866 -0.046194
v 0.335000 0.121379 -0.044956
v 0.338660 0.122779 -0.041575
v 0.340000 0.124693 -0.036955
v 0.338660 0.126606 -0.032336
v 0.335000 0.128007 -0.028954
v 0.330000 0.128519 -0.027716
v 0.325000 0.128007 -0.028954
v 0.321340 0.126606 -0.032336
v 0.320000 0.124693 -0.036955
v 0.321340 0.122779 -0.041575
v 0.325000 0.121379 -0.044956
v 0.330000 0.127059 -0.048296
v 0.335000 0.127406 -0.047002
v 0.338660 0.128353 -0.043467
v 0.340000 0.129647 -0.038637
v 0.338660 0.130941 -0.033807
v 0.335000 0.131889 -0.030272
v 0.330000 0.132235 -0.028978
v 0.325000 0.131889 -0.030272
v 0.321340 0.130941 -0.033807
v 0.320000 0.129647 -0.038637
v 0.321340 0.128353 -0.043467
v 0.325000 0.127406 -0.047002
v 0.330000 0.133474 -0.049572
v 0.335000 0.133649 -0.048244
v 0.338660 0.134126 -0.044615
v 0.340000 0.134779 -0.039658
v 0.338660 0.135432 -0.034701
v 0.335000 0.135909 -0.031072
v 0.330000 0.136084 -0.029743
v 0.325000 0.135909 -0.031072
v 0.321340 0.135432 -0.034701
v 0.320000 0.134779 -0.039658
v 0.321340 0.134126 -0.044615
v 0.325000 0.133649 -0.048244
v 0.330000 0.140000 -0.050000
v 0.335000 0.140000 -0.048660
v 0.338660 0.140000 -0.045000
v 0.340000 0.140000 -0.040000
v 0.338660 0.140000 -0.035000
v 0.335000 0.140000 -0.031340
v 0.330000 0.140000 -0.030000
v 0.325000 0.140000 -0.031340
v 0.321340 0.140000 -0.035000
v 0.320000 0.140000 -0.040000
v 0.321340 0.140000 -0.045000
v 0.325000 0.140000 -0.048660
v 0.330000 0.146526 -0.049572
v 0.335000 0.146351 -0.048244
v 0.338660 0.145874 -0.044615
v 0.340000 0.145221 -0.039658
v 0.338660 0.144568 -0.034701
v 0.335000 0.144091 -0.031072
v 0.330000 0.143916 -0.029743
v 0.325000 0.144091 -0.031072
v 0.321340 0.144568 -0.034701
v 0.320000 0.145221 -0.039658
v 0.321340 0.145874 -0.044615
v 0.325000 0.146351 -0.048244
v 0.330000 0.152941 -0.048296
v 0.335000 0.152594 -0.047002
v 0.338660 0.151647 -0.043467
v 0.340000 0.150353 -0.038637
v 0.338660 0.149059 -0.033807
v 0.335000 0.148111 -0.030272
v 0.330000 0.147765 -0.028978
v 0.325000 0.148111 -0.030272
v 0.321340 0.149059 -0.033807
v 0.320000 0.150353 -0.038637
v 0.321340 0.151647 -0.043467
v 0.325000 0.152594 -0.047002
v 0.330000 0.159134 -0.046194
v 0.335000 0.158621 -0.044956
v 0.338660 0.157221 -0.041575
v 0.340000 0.155307 -0.036955
v 0.338660 0.153394 -0.032336
v 0.335000 0.151993 -0.028954
v 0.330000 0.151481 -0.027716
v 0.325000 0.151993 -0.028954
v 0.321340 0.153394 -0.032336
v 0.320000 0.155307 -0.036955
v 0.321340 0.157221 -0.041575
v 0.325000 0.158621 -0.044956
v 0.330000 0.165000 -0.043301
v 0.335000 0.164330 -0.042141
v 0.338660 0.162500 -0.038971
v 0.340000 0.160000 -0.034641
v 0.338660 0.157500 -0.030311
v 0.335000 0.155670 -0.027141
v 0.330000 0.155000 -0.025981
v 0.325000 0.155670 -0.027141
v 0.321340 0.157500 -0.030311
v 0.320000 0.160000 -0.034641
v 0.321340 0.162500 -0.038971
v 0.325000 0.164330 -0.042141
v 0.330000 0.170438 -0.039668
v 0.335000 0.169622 -0.038605
v 0.338660 0.167394 -0.035701
v 0.340000 0.164350 -0.031734
v 0.338660 0.161307 -0.027767
v 0.335000 0.159078 -0.024863
v 0.330000 0.158263 -0.023801
v 0.325000 0.159078 -0.024863
v 0.321340 0.161307 -0.027767
v 0.320000 0.164350 -0.031734
v 0.321340 0.167394 -0.035701
v 0.325000 0.169622 -0.038605
v 0.330000 0.175355 -0.035355
v 0.335000 0.174408 -0.034408
v 0.338660 0.171820 -0.031820
v 0.340000 0.168284 -0.028284
v 0.338660 0.164749 -0.024749
v 0.335000 0.162161 -0.022161
v 0.330000 0.161213 -0.021213
v 0.325000 0.162161 -0.022161
v 0.321340 0.164749 -0.024749
v 0.320000 0.168284 -0.028284
v 0.321340 0.171820 -0.031820
v 0.325000 0.174408 -0.034408
v 0.330000 0.179668 -0.030438
v 0.335000 0.178605 -0.029622
v 0.338660 0.175701 -0.027394
v 0.340000 0.171734 -0.024350
v 0.338660 0.167767 -0.021307
v 0.335000 0.164863 -0.019078
v 0.330000 0.163801 -0.018263
v 0.325000 0.164863 -0.019078
v 0.321340 0.167767 -0.021307
v 0.320000 0.171734 -0.024350
v 0.321340 0.175701 -0.027394
v 0.325000 0.178605 -0.029622
v 0.330000 0.183301 -0.025000
v 0.335000 0.182141 -0.024330
v 0.338660 0.178971 -0.022500
v 0.340000 0.174641 -0.020000
v 0.338660 0.170311 -0.017500
v 0.335000 0.167141 -0.015670
v 0.330000 0.165981 -0.015000
v 0.325000 0.167141 -0.015670
v 0.321340 0.170311 -0.017500
v 0.320000 0.174641 -0.020000
v 0.321340 0.178971 -0.022500
v 0.325000 0.182141 -0.024330
v 0.330000 0.186194 -0.019134
v 0.335000 0.184956 -0.018621
v 0.338660 0.181575 -0.017221
v 0.340000 0.176955 -0.015307
v 0.338660 0.172336 -0.013394
v 0.335000 0.168954 -0.011993
v 0.330000 0.167716 -0.011481
v 0.325000 0.168954 -0.011993
v 0.321340 0.172336 -0.013394
v 0.320000 0.176955 -0.015307
v 0.321340 0.181575 -0.017221
v 0.325000 0.184956 -0.018621
v 0.330000 0.188296 -0.012941
v 0.335000 0.187002 -0.012594
v 0.338660 0.183467 -0.011647
v 0.340000 0.178637 -0.010353
v 0.338660 0.173807 -0.009059
v 0.335000 0.170272 -0.008111
v 0.330000 0.168978 -0.007765
v 0.325000 0.170272 -0.008111
v 0.321340 0.173807 -0.009059
v 0.320000 0.178637 -0.010353
v 0.321340 0.183467 -0.011647
v 0.325000 0.187002 -0.012594
v 0.330000 0.189572 -0.006526
v 0.335000 0.188244 -0.006351
v 0.338660 0.184615 -0.005874
v 0.340000 0.179658 -0.005221
v 0.338660 0.174701 -0.004568
v 0.335000 0.171072 -0.004091
v 0.330000 0.169743 -0.003916
v 0.325000 0.171072 -0.004091
v 0.321340 0.174701 -0.004568
v 0.320000 0.179658 -0.005221
v 0.321340 0.184615 -0.005874
v 0.325000 0.188244 -0.006351
v 0.330000 0.190000 -0.000000
v 0.335000 0.188660 -0.000000
v 0.338660 0.185000 -0.000000
v 0.340000 0.180000 -0.000000
v 0.338660 0.175000 -0.000000
v 0.335000 0.171340 -0.000000
v 0.330000 0.170000 -0.000000
v 0.325000 0.171340 -0.000000
v 0.321340 0.175000 -0.000000
v 0.320000 0.180000 -0.000000
v 0.321340 0.185000 -0.000000
v 0.325000 0.188660 -0.000000
v 0.330000 0.189572 0.006526
v 0.335000 0.188244 0.006351
v 0.338660 0.184615 0.005874
v 0.340000 0.179658 0.005221
v 0.338660 0.174701 0.004568
v 0.335000 0.171072 0.004091
v 0.330000 0.169743 0.003916
v 0.325000 0.171072 0.004091
v 0.321340 0.174701 0.004568
v 0.320000 0.179658 0.005221
v 0.321340 0.184615 0.005874
v 0.325000 0.188244 0.006351
v 0.330000 0.188296 0.012941
v 0.335000 0.187002 0.012594
v 0.338660 0.183467 0.011647
v 0.340000 0.178637 0.010353
v 0.338660 0.173807 0.009059
v 0.335000 0.170272 0.008111
v 0.330000 0.168978 0.007765
v 0.325000 0.170272 0.008111
v 0.321340 0.173807 0.009059
v 0.320000 0.178637 0.010353
v 0.321340 0.183467 0.011647
v 0.325000 0.187002 0.012594
v 0.330000 0.186194 0.019134
v 0.335000 0.184956 0.018621
v 0.338660 0.181575 0.017221
v 0.340000 0.176955 0.015307
v 0.338660 0.172336 0.013394
v 0.335000 0.168954 0.011993
v 0.330000 0.167716 0.011480
v 0.325000 0.168954 0.011993
v 0.321340 0.172336 0.013394
v 0.320000 0.176955 0.015307
v 0.321340 0.181575 0.017221
v 0.325000 0.184956 0.018621
v 0.330000 0.183301 0.025000
v 0.335000 0.182141 0.024330
v 0.338660 0.178971 0.022500
v 0.340000 0.174641 0.020000
v 0.338660 0.170311 0.017500
v 0.335000 0.167141 0.015670
v 0.330000 0.165981 0.015000
v 0.325000 0.167141 0.015670
v 0.321340 0.170311 0.017500
v 0.320000 0.174641 0.020000
v 0.321340 0.178971 0.022500
v 0.325000 0.182141 0.024330
v 0.330000 0.179668 0.030438
v 0.335000 0.178605 0.029622
v 0.338660 0.175701 0.027394
v 0.340000 0.171734 0.024350
v 0.338660 0.167767 0.021307
v 0.335000 0.164863 0.019078
v 0.330000 0.163801 0.018263
v 0.325000 0.164863 0.019078
v 0.321340 0.167767 0.021307
v 0.320000 0.171734 0.024350
v 0.321340 0.175701 0.027394
v 0.325000 0.178605 0.029622
v 0.330000 0.175355 0.035355
v 0.335000 0.174408 0.034408
v 0.338660 0.171820 0.031820
v 0.340000 0.168284 0.028284
v 0.338660 0.164749 0.024749
v 0.335000 0.162161 0.022161
v 0.330000 0.161213 0.021213
v 0.325000 0.162161 0.022161
v 0.321340 0.164749 0.024749
v 0.320000 0.168284 0.028284
v 0.321340 0.171820 0.031820
v 0.325000 0.174408 0.034408
v 0.330000 0.170438 0.039668
v 0.335000 0.169623 0.038605
v 0.338660 0.167394 0.035701
v 0.340000 0.164350 0.031734
v 0.338660 0.161307 0.027767
v 0.335000 0.159078 0.024863
v 0.330000 0.158263 0.023801
v 0.325000 0.159078 0.024863
v 0.321340 0.161307 0.027767
v 0.320000 0.164350 0.031734
v 0.321340 0.167394 0.035701
v 0.325000 0.169623 0.038605
v 0.330000 0.165000 0.043301
v 0.335000 0.164330 0.042141
v 0.338660 0.162500 0.038971
v 0.340000 0.160000 0.034641
v 0.338660 0.157500 0.030311
v 0.335000 0.155670 0.027141
v 0.330000 0.155000 0.025981
v 0.325000 0.155670 0.027141
v 0.321340 0.157500 0.030311
v 0.320000 0.160000 0.034641
v 0.321340 0.162500 0.038971
v 0.325000 0.164330 0.042141
v 0.330000 0.159134 0.046194
v 0.335000 0.158621 0.044956
v 0.338660 0.157221 0.041575
v 0.340000 0.155307 0.036955
v 0.338660 0.153394 0.032336
v 0.335000 0.151993 0.028954
v 0.330000 0.151481 0.027716
v 0.325000 0.151993 0.028954
v 0.321340 0.153394 0.032336
v 0.320000 0.155307 0.036955
v 0.321340 0.157221 0.041575
v 0.325000 0.158621 0.044956
v 0.330000 0.152941 0.048296
v 0.335000 0.152594 0.047002
v 0.338660 0.151647 0.043467
v 0.340000 0.150353 0.038637
v 0.338660 0.149059 0.033807
v 0.335000 0.148111 0.030272
v 0.330000 0.147765 0.028978
v 0.325000 0.148111 0.030272
v 0.321340 0.149059 0.033807
v 0.320000 0.150353 0.038637
v 0.321340 0.151647 0.043467
v 0.325000 0.152594 0.047002
v 0.330000 0.146526 0.049572
v 0.335000 0.146351 0.048244
v 0.338660 0.145874 0.044615
v 0.340000 0.145221 0.039658
v 0.338660 0.144568 0.034701
v 0.335000 0.144091 0.031072
v 0.330000 0.143916 0.029743
v 0.325000 0.144091 0.031072
v 0.321340 0.144568 0.034701
v 0.320000 0.145221 0.039658
v 0.321340 0.145874 0.044615
v 0.325000 0.146351 0.048244
v 0.330000 0.140000 0.050000
v 0.335000 0.140000 0.048660
v 0.338660 0.140000 0.045000
v 0.340000 0.140000 0.040000
v 0.338660 0.140000 0.035000
v 0.335000 0.140000 0.031340
v 0.330000 0.140000 0.030000
v 0.325000 0.140000 0.031340
v 0.321340 0.140000 0.035000
v 0.320000 0.140000 0.040000
v 0.321340 0.140000 0.045000
v 0.325000 0.140000 0.048660
v 0.330000 0.133474 0.049572
v 0.335000 0.133649 0.048244
v 0.338660 0.134126 0.044615
v 0.340000 0.134779 0.039658
v 0.338660 0.135432 0.034701
v 0.335000 0.135909 0.031072
v 0.330000 0.136084 0.029743
v 0.325000 0.135909 0.031072
v 0.321340 0.135432 0.034701
v 0.320000 0.134779 0.039658
v 0.321340 0.134126 0.044615
v 0.325000 0.133649 0.048244
v 0.330000 0.127059 0.048296
v 0.335000 0.127406 0.047002
v 0.338660 0.128353 0.043467
v 0.340000 0.129647 0.038637
v 0.338660 0.130941 0.033807
v 0.335000 0.131889 0.030272
v 0.330000 0.132235 0.028978
v 0.325000 0.131889 0.030272
v 0.321340 0.130941 0.033807
v 0.320000 0.129647 0.038637
v 0.321340 0.128353 0.043467
v 0.325000 0.127406 0.047002
v 0.330000 0.120866 0.046194
v 0.335000 0.121379 0.044956
v 0.338660 0.122779 0.041575
v 0.340000 0.124693 0.036955
v 0.338660 0.126606 0.032336
v 0.335000 0.128007 0.028954
v 0.330000 0.128519 0.027716
v 0.325000 0.128007 0.028954
v 0.321340 0.126606 0.032336
v 0.320000 0.124693 0.036955
v 0.321340 0.122779 0.041575
v 0.325000 0.121379 0.044956
v 0.330000 0.115000 0.043301
v 0.335000 0.115670 0.042141
v 0.338660 0.117500 0.038971
v 0.340000 0.120000 0.034641
v 0.338660 0.122500 0.030311
v 0.335000 0.124330 0.027141
v 0.330000 0.125000 0.025981
v 0.325000 0.124330 0.027141
v 0.321340 0.122500 0.030311
v 0.320000 0.120000 0.034641
v 0.321340 0.117500 0.038971
v 0.325000 0.115670 0.042141
v 0.330000 0.109562 0.039668
v 0.335000 0.110378 0.038605
v 0.338660 0.112606 0.035701
v 0.340000 0.115650 0.031734
v 0.338660 0.118693 0.027767
v 0.335000 0.120922 0.024863
v 0.330000 0.121737 0.023801
v 0.325000 0.120922 0.024863
v 0.321340 0.118693 0.027767
v 0.320000 0.115650 0.031734
v 0.321340 0.112606 0.035701
v 0.325000 0.110378 0.038605
v 0.330000 0.104645 0.035355
v 0.335000 0.105592 0.034408
v 0.338660 0.108180 0.031820
v 0.340000 0.111716 0.028284
v 0.338660 0.115251 0.024749
v 0.335000 0.117839 0.022161
v 0.330000 0.118787 0.021213
v 0.325000 0.117839 0.022161
v 0.321340 0.115251 0.024749
v 0.320000 0.111716 0.028284
v 0.321340 0.108180 0.031820
v 0.325000 0.105592 0.034408
v 0.330000 0.100332 0.030438
v 0.335000 0.101395 0.029622
v 0.338660 0.104299 0.027394
v 0.340000 0.108266 0.024350
v 0.338660 0.112233 0.021307
v 0.335000 0.115137 0.019078
v 0.330000 0.116199 0.018263
v 0.325000 0.115137 0.019078
v 0.321340 0.112233 0.021307
v 0.320000 0.108266 0.024350
v 0.321340 0.104299 0.027394
v 0.325000 0.101395 0.029622
v 0.330000 0.096699 0.025000
v 0.335000 0.097859 0.024330
v 0.338660 0.101029 0.022500
v 0.340000 0.105359 0.020000
v 0.338660 0.109689 0.017500
v 0.335000 0.112859 0.015670
v 0.330000 0.114019 0.015000
v 0.325000 0.112859 0.015670
v 0.321340 0.109689 0.017500
v 0.320000 0.105359 0.020000
v 0.321340 0.101029 0.022500
v 0.325000 0.097859 0.024330
v 0.330000 0.093806 0.019134
v 0.335000 0.095044 0.018621
v 0.338660 0.098425 0.017221
v 0.340000 0.103045 0.015307
v 0.338660 0.107664 0.013394
v 0.335000 0.111046 0.011993
v 0.330000 0.112284 0.011481
v 0.325000 0.111046 0.011993
v 0.321340 0.107664 0.013394
v 0.320000 0.103045 0.015307
v 0.321340 0.098425 0.017221
v 0.325000 0.095044 0.018621
v 0.330000 0.091704 0.012941
v 0.335000 0.092998 0.012594
v 0.338660 0.096533 0.011647
v 0.340000 0.101363 0.010353
v 0.338660 0.106193 0.009059
v 0.335000 0.109728 0.008111
v 0.330000 0.111022 0.007765
v 0.325000 0.109728 0.008111
v 0.321340 0.106193 0.009059
v 0.320000 0.101363 0.010353
v 0.321340 0.096533 0.011647
v 0.325000 0.092998 0.012594
v 0.330000 0.090428 0.006526
v 0.335000 0.091756 0.006351
v 0.338660 0.095385 0.005874
v 0.340000 0.100342 0.005221
v 0.338660 0.105299 0.004568
v 0.335000 0.108928 0.004091
v 0.330000 0.110257 0.003916
v 0.325000 0.108928 0.004091
v 0.321340 0.105299 0.004568
v 0.320000 0.100342 0.005221
v 0.321340 0.095385 0.005874
v 0.325000 0.091756 0.006351
vn -0.3672 -0.8865 0.2817
vn -0.2817 -0.3672 0.8865
vn -0.8865 -0.2817 0.3672
vn -0.3672 0.2817 0.8865
vn -0.2817 0.8865 0.3672
vn -0.8865 0.3672 0.2817
vn -0.2817 -0.8865 -0.3672
vn -0.8865 -0.3672 -0.2817
vn -0.3672 -0.2817 -0.8865
vn -0.3672 0.8865 -0.2817
vn -0.2817 0.3672 -0.8865
vn -0.8865 0.2817 -0.3672
vn 0.2817 -0.8865 0.3672
vn 0.8865 -0.3672 0.2817
vn 0.3672 -0.2817 0.8865
vn 0.3672 0.8865 0.2817
vn 0.2817 0.3672 0.8865
vn 0.8865 0.2817 0.3672
vn 0.3672 -0.8865 -0.2817
vn 0.2817 -0.3672 -0.8865
vn 0.8865 -0.2817 -0.3672
vn 0.2817 0.8865 -0.3672
vn 0.8865 0.3672 -0.2817
vn 0.3672 0.2817 -0.8865
vn -0.3827 -0.9239 -0.0000
vn -0.9239 -0.3827 -0.0000
vn -0.3827 -0.0000 0.9239
vn -0.9239 -0.0000 0.3827
vn -0.3827 0.9239 -0.0000
vn -0.9239 0.3827 -0.0000
vn -0.3827 -0.0000 -0.9239
vn -0.9239 -0.0000 -0.3827
vn -0.0000 -0.9239 -0.3827
vn -0.0000 -0.3827 -0.9239
vn -0.0000 0.9239 -0.3827
vn -0.0000 0.3827 -0.9239
vn 0.9239 -0.0000 -0.3827
vn 0.3827 -0.0000 -0.9239
vn 0.3827 -0.9239 -0.0000
vn 0.9239 -0.3827 -0.0000
vn 0.3827 0.9239 -0.0000
vn 0.9239 0.3827 -0.0000
vn 0.3827 -0.0000 0.9239
vn 0.9239 -0.0000 0.3827
vn -0.0000 -0.9239 0.3827
vn -0.0000 -0.3827 0.9239
vn -0.0000 0.9239 0.3827
vn -0.0000 0.3827 0.9239
vn -0.0000 -1.0000 -0.0000
vn -1.0000 -0.0000 -0.0000
vn -0.0000 -0.0000 1.0000
vn -0.0000 1.0000 -0.0000
vn -0.0000 -0.0000 -1.0000
vn 1.0000 -0.0000 -0.0000
vn -0.0000 0.5556 -0.8315
vn 0.5000 0.8660 -0.0000
vn 0.5000 -0.8660 -0.0000
vn -0.5000 -0.8660 -0.0000
vn -0.5000 0.8660 -0.0000
vn 0.2583 -0.9640 -0.0632
vn 0.7063 -0.7063 -0.0463
vn 0.9658 -0.2588 -0.0170
vn 0.9658 0.2588 0.0170
vn 0.7063 0.7064 0.0463
vn 0.2583 0.9640 0.0632
vn -0.2583 0.9640 0.0632
vn -0.7063 0.7064 0.0463
vn -0.9658 0.2588 0.0170
vn -0.9658 -0.2588 -0.0170
vn -0.7063 -0.7063 -0.0463
vn -0.2583 -0.9640 -0.0632
vn 0.2583 -0.9475 -0.1885
vn 0.7063 -0.6943 -0.1381
vn 0.9658 -0.2544 -0.0506
vn 0.9658 0.2544 0.0506
vn 0.7063 0.6943 0.1381
vn 0.2583 0.9475 0.1885
vn -0.2583 0.9475 0.1885
vn -0.7063 0.6943 0.1381
vn -0.9658 0.2544 0.0506
vn -0.9658 -0.2544 -0.0506
vn -0.7063 -0.6943 -0.1381
vn -0.2583 -0.9475 -0.1885
vn 0.2583 -0.9148 -0.3105
vn 0.7063 -0.6703 -0.2275
vn 0.9658 -0.2456 -0.0834
vn 0.9658 0.2456 0.0834
vn 0.7063 0.6703 0.2275
vn 0.2583 0.9148 0.3105
vn -0.2583 0.9148 0.3105
vn -0.7063 0.6703 0.2275
vn -0.9658 0.2456 0.0834
vn -0.9658 -0.2456 -0.0834
vn -0.7063 -0.6703 -0.2275
vn -0.2583 -0.9148 -0.3105
vn 0.2583 -0.8664 -0.4273
vn 0.7063 -0.6349 -0.3131
vn 0.9658 -0.2326 -0.1147
vn 0.9658 0.2326 0.1147
vn 0.7063 0.6349 0.3131
vn 0.2583 0.8664 0.4273
vn -0.2583 0.8664 0.4273
vn -0.7063 0.6349 0.3131
vn -0.9658 0.2326 0.1147
vn -0.9658 -0.2326 -0.1147
vn -0.7063 -0.6349 -0.3131
vn -0.2583 -0.8664 -0.4273
vn 0.2583 -0.8033 -0.5367
vn 0.7063 -0.5886 -0.3933
vn 0.9658 -0.2156 -0.1441
vn 0.9658 0.2156 0.1441
vn 0.7064 0.5886 0.3933
vn 0.2583 0.8033 0.5367
vn -0.2583 0.8033 0.5367
vn -0.7063 0.5886 0.3933
vn -0.9658 0.2156 0.1441
vn -0.9658 -0.2156 -0.1441
vn -0.7063 -0.5886 -0.3933
vn -0.2583 -0.8033 -0.5367
vn 0.2583 -0.7263 -0.6370
vn 0.7063 -0.5322 -0.4667
vn 0.9658 -0.1950 -0.1710
vn 0.9658 0.1950 0.1710
vn 0.7063 0.5322 0.4667
vn 0.2583 0.7263 0.6370
vn -0.2583 0.7263 0.6370
vn -0.7063 0.5322 0.4667
vn -0.9658 0.1950 0.1710
vn -0.9658 -0.1950 -0.1710
vn -0.7063 -0.5322 -0.4667
vn -0.2583 -0.7263 -0.6370
vn 0.2583 -0.6370 -0.7263
vn 0.7063 -0.4667 -0.5322
vn 0.9658 -0.1710 -0.1950
vn 0.9658 0.1710 0.1950
vn 0.7063 0.4667 0.5322
vn 0.2583 0.6370 0.7263
vn -0.2583 0.6370 0.7263
vn -0.7063 0.4667 0.5322
vn -0.9658 0.1710 0.1950
vn -0.9658 -0.1710 -0.1950
vn -0.7063 -0.4667 -0.5322
vn -0.2583 -0.6370 -0.7263
vn 0.2583 -0.5367 -0.8033
vn 0.7063 -0.3933 -0.5886
vn 0.9658 -0.1441 -0.2156
vn 0.9658 0.1441 0.2156
vn 0.7063 0.3933 0.5886
vn 0.2583 0.5367 0.8032
vn -0.2583 0.5367 0.8033
vn -0.7063 0.3933 0.5886
vn -0.9658 0.1441 0.2156
vn -0.9658 -0.1441 -0.2156
vn -0.7063 -0.3933 -0.5886
vn -0.2583 -0.5367 -0.8033
vn 0.2583 -0.4273 -0.8664
vn 0.7063 -0.3131 -0.6349
vn 0.9658 -0.1147 -0.2326
vn 0.9658 0.1147 0.2326
vn 0.7063 0.3131 0.6349
vn 0.2583 0.4273 0.8664
vn -0.2583 0.4273 0.8664
vn -0.7064 0.3131 0.6349
vn -0.9658 0.1147 0.2326
vn -0.9658 -0.1147 -0.2326
vn -0.7063 -0.3131 -0.6349
vn -0.2583 -0.4273 -0.8664
vn 0.2583 -0.3105 -0.9148
vn 0.7063 -0.2275 -0.6703
vn 0.9658 -0.0834 -0.2456
vn 0.9658 0.0834 0.2456
vn 0.7063 0.2275 0.6703
vn 0.2583 0.3105 0.9148
vn -0.2583 0.3105 0.9148
vn -0.7063 0.2275 0.6703
vn -0.9658 0.0834 0.2456
vn -0.9658 -0.0834 -0.2456
vn -0.7063 -0.2275 -0.6703
vn -0.2583 -0.3105 -0.9148
vn 0.2583 -0.1885 -0.9475
vn 0.7063 -0.1381 -0.6943
vn 0.9658 -0.0506 -0.2543
vn 0.9658 0.0506 0.2543
vn 0.7064 0.1381 0.6943
vn 0.2583 0.1885 0.9475
vn -0.2583 0.1885 0.9475
vn -0.7063 0.1381 0.6943
vn -0.9658 0.0506 0.2544
vn -0.9658 -0.0506 -0.2543
vn -0.7063 -0.1381 -0.6943
vn -0.2583 -0.1885 -0.9475
vn 0.2583 -0.0632 -0.9640
vn 0.7063 -0.0463 -0.7063
vn 0.9658 -0.0170 -0.2588
vn 0.9658 0.0170 0.2588
vn 0.7063 0.0463 0.7063
vn 0.2583 0.0632 0.9640
vn -0.2583 0.0632 0.9640
vn -0.7063 0.0463 0.7063
vn -0.9658 0.0170 0.2588
vn -0.9658 -0.0170 -0.2588
vn -0.7064 -0.0463 -0.7063
vn -0.2583 -0.0632 -0.9640
vn 0.2583 0.0632 -0.9640
vn 0.7063 0.0463 -0.7064
vn 0.9658 0.0170 -0.2588
vn 0.9658 -0.0170 0.2588
vn 0.7063 -0.0463 0.7064
vn 0.2583 -0.0632 0.9640
vn -0.2583 -0.0632 0.9640
vn -0.7064 -0.0463 0.7063
vn -0.9658 -0.0170 0.2588
vn -0.9658 0.0170 -0.2588
vn -0.7064 0.0463 -0.7063
vn -0.2583 0.0632 -0.9640
vn 0.2583 0.1885 -0.9475
vn 0.7064 0.1381 -0.6943
vn 0.9658 0.0506 -0.2544
vn 0.9658 -0.0506 0.2544
vn 0.7063 -0.1381 0.6943
vn 0.2583 -0.1885 0.9475
vn -0.2583 -0.1885 0.9475
vn -0.7063 -0.1381 0.6943
vn -0.9658 -0.0506 0.2543
vn -0.9658 0.0506 -0.2543
vn -0.7064 0.1381 -0.6943
vn -0.2583 0.1885 -0.9475
vn 0.2583 0.3105 -0.9148
vn 0.7063 0.2275 -0.6703
vn 0.9658 0.0834 -0.2456
vn 0.9658 -0.0834 0.2456
vn 0.7063 -0.2275 0.6703
vn 0.2583 -0.3105 0.9148
vn -0.2583 -0.3105 0.9148
vn -0.7063 -0.2275 0.6703
vn -0.9658 -0.0834 0.2456
vn -0.9658 0.0834 -0.2456
vn -0.7063 0.2275 -0.6703
vn -0.2583 0.3105 -0.9148
vn 0.2583 0.4273 -0.8664
vn 0.7063 0.3131 -0.6349
vn 0.9658 0.1147 -0.2326
vn 0.9658 -0.1147 0.2326
vn 0.7063 -0.3131 0.6349
vn 0.2583 -0.4273 0.8664
vn -0.2583 -0.4273 0.8664
vn -0.7063 -0.3131 0.6349
vn -0.9658 -0.1147 0.2326
vn -0.9658 0.1147 -0.2326
vn -0.7063 0.3131 -0.6349
vn -0.2583 0.4273 -0.8664
vn 0.2583 0.5367 -0.8033
vn 0.7064 0.3933 -0.5886
vn 0.9658 0.1441 -0.2156
vn 0.9658 -0.1441 0.2156
vn 0.7063 -0.3933 0.5886
vn 0.2583 -0.5367 0.8033
vn -0.2583 -0.5367 0.8033
vn -0.7063 -0.3933 0.5886
vn -0.9658 -0.1441 0.2156
vn -0.9658 0.1441 -0.2156
vn -0.7063 0.3933 -0.5886
vn -0.2583 0.5367 -0.8033
vn 0.2583 0.6370 -0.7263
vn 0.7063 0.4667 -0.5322
vn 0.9658 0.1710 -0.1950
vn 0.9658 -0.1710 0.1950
vn 0.7063 -0.4667 0.5322
vn 0.2583 -0.6370 0.7263
vn -0.2583 -0.6370 0.7263
vn -0.7063 -0.4667 0.5322
vn -0.9658 -0.1710 0.1950
vn -0.9658 0.1710 -0.1950
vn -0.7063 0.4667 -0.5322
vn -0.2583 0.6370 -0.7263
vn 0.2583 0.7263 -0.6370
vn 0.7064 0.5322 -0.4667
vn 0.9658 0.1950 -0.1710
vn 0.9658 -0.1950 0.1710
vn 0.7063 -0.5322 0.4667
vn 0.2583 -0.7263 0.6370
vn -0.2583 -0.7263 0.6370
vn -0.7063 -0.5322 0.4667
vn -0.9658 -0.1950 0.1710
vn -0.9658 0.1950 -0.1710
vn -0.7064 0.5322 -0.4667
vn -0.2583 0.7263 -0.6370
vn 0.2583 0.8033 -0.5367
vn 0.7064 0.5886 -0.3933
vn 0.9658 0.2156 -0.1441
vn 0.9658 -0.2156 0.1441
vn 0.7063 -0.5886 0.3933
vn 0.2583 -0.8033 0.5367
vn -0.2583 -0.8033 0.5367
vn -0.7063 -0.5886 0.3933
vn -0.9658 -0.2156 0.1441
vn -0.9658 0.2156 -0.1441
vn -0.7064 0.5886 -0.3933
vn -0.2583 0.8033 -0.5367
vn 0.2583 0.8664 -0.4273
vn 0.7063 0.6349 -0.3131
vn 0.9658 0.2326 -0.1147
vn 0.9658 -0.2326 0.1147
vn 0.7064 -0.6349 0.3131
vn 0.2583 -0.8664 0.4273
vn -0.2583 -0.8664 0.4273
vn -0.7063 -0.6349 0.3131
vn -0.9658 -0.2326 0.1147
vn -0.9658 0.2326 -0.1147
vn -0.7063 0.6349 -0.3131
vn -0.2583 0.8664 -0.4273
vn 0.2583 0.9148 -0.3105
vn 0.7063 0.6703 -0.2275
vn 0.9658 0.2456 -0.0834
vn 0.9658 -0.2456 0.0834
vn 0.7063 -0.6703 0.2275
vn 0.2583 -0.9148 0.3105
vn -0.2583 -0.9148 0.3105
vn -0.7063 -0.6703 0.2275
vn -0.9658 -0.2456 0.0834
vn -0.9658 0.2456 -0.0834
vn -0.7063 0.6703 -0.2275
vn -0.2583 0.9148 -0.3105
vn 0.2583 0.9475 -0.1885
vn 0.7064 0.6943 -0.1381
vn 0.9658 0.2544 -0.0506
vn 0.9658 -0.2544 0.0506
vn 0.7064 -0.6943 0.1381
vn 0.2583 -0.9475 0.1885
vn -0.2583 -0.9475 0.1885
vn -0.7064 -0.6943 0.1381
vn -0.9658 -0.2544 0.0506
vn -0.9658 0.2544 -0.0506
vn -0.7063 0.6943 -0.1381
vn -0.2583 0.9475 -0.1885
vn 0.2583 0.9640 -0.0632
vn 0.7063 0.7064 -0.0463
vn 0.9658 0.2588 -0.0170
vn 0.9658 -0.2588 0.0170
vn 0.7063 -0.7063 0.0463
vn 0.2583 -0.9640 0.0632
vn -0.2583 -0.9640 0.0632
vn -0.7063 -0.7064 0.0463
vn -0.9658 -0.2588 0.0170
vn -0.9658 0.2588 -0.0170
vn -0.7063 0.7063 -0.0463
vn -0.2583 0.9640 -0.0632
vn 0.7063 -0.7064 -0.0463
vn -0.7063 0.7063 0.0463
vn 0.7064 0.6943 0.1381
vn -0.7064 0.6943 0.1381
vn 0.7064 0.6703 0.2275
vn -0.7064 0.6349 0.3131
vn 0.7063 0.5886 0.3933
vn 0.7064 -0.5886 -0.3933
vn -0.7064 -0.5886 -0.3933
vn 0.7064 -0.4667 -0.5322
vn 0.7064 0.3933 0.5886
vn 0.7064 0.3131 0.6349
vn -0.7064 0.2275 0.6703
vn 0.7063 0.1381 0.6943
vn 0.9658 0.0506 0.2544
vn -0.9658 0.0506 0.2543
vn 0.7063 0.0463 0.7064
vn 0.7064 -0.0463 -0.7063
vn -0.7063 -0.0463 -0.7063
vn -0.7064 0.0463 0.7063
vn 0.7063 -0.0463 0.7063
vn -0.7063 0.0463 -0.7064
vn 0.7063 0.1381 -0.6943
vn -0.7064 -0.1381 0.6943
vn 0.7063 0.3933 -0.5886
vn 0.7064 -0.5322 0.4667
vn 0.7063 0.5322 -0.4667
vn -0.7063 0.5322 -0.4667
vn 0.7063 0.5886 -0.3933
vn -0.7063 0.5886 -0.3933
vn 0.7063 -0.6349 0.3131
vn 0.7063 -0.6943 0.1381
vn 0.7063 0.6943 -0.1381
vn -0.7063 -0.6943 0.1381
vn 0.7063 0.7063 -0.0463
vn -0.7063 -0.7063 0.0463
vn -0.2583 -0.8032 -0.5367
vn 0.2583 0.5367 0.8033
vn -0.2583 0.5367 0.8032
vn -0.7063 0.3131 0.6349
vn -0.7063 0.0463 0.7064
vn 0.7064 -0.0463 0.7063
vn -0.7063 -0.0463 0.7064
vn 0.9658 0.0506 -0.2543
vn -0.9658 -0.0506 0.2544
vn -0.9658 0.0506 -0.2544
vn -0.7063 0.1381 -0.6943
vn -0.7064 0.3933 -0.5886
vn -0.7064 -0.6349 0.3131
vn 0.7064 -0.6703 0.2275
vn 0.7063 -0.7064 0.0463
vn -0.7063 0.7064 -0.0463
vn -0.7063 -0.7064 -0.0463
vn -0.9658 0.2456 0.0833
vn -0.7064 0.6703 0.2275
vn -0.2583 0.8032 0.5367
vn 0.7064 0.4667 0.5322
vn -0.7064 -0.3131 -0.6349
vn 0.7064 0.2275 0.6703
vn 0.7064 -0.1381 -0.6943
vn 0.7063 -0.0463 -0.7064
vn -0.7063 -0.0463 0.7063
vn 0.7064 -0.1381 0.6943
vn 0.9658 -0.0506 0.2543
vn -0.7064 -0.3933 0.5886
vn -0.7064 -0.4667 0.5322
vn -0.7064 -0.5322 0.4667
vn -0.2817 -0.8865 0.3672
vn -0.3672 -0.2817 0.8865
vn -0.8865 -0.3672 0.2817
vn -0.2817 0.3672 0.8865
vn -0.3672 0.8865 0.2817
vn -0.8865 0.2817 0.3672
vn -0.3672 -0.8865 -0.2817
vn -0.8865 -0.2817 -0.3672
vn -0.2817 -0.3672 -0.8865
vn -0.2817 0.8865 -0.3672
vn -0.3672 0.2817 -0.8865
vn -0.8865 0.3672 -0.2817
vn 0.3672 -0.8865 0.2817
vn 0.8865 -0.2817 0.3672
vn 0.2817 -0.3672 0.8865
vn 0.2817 0.8865 0.3672
vn 0.3672 0.2817 0.8865
vn 0.8865 0.3672 0.2817
vn 0.2817 -0.8865 -0.3672
vn 0.3672 -0.2817 -0.8865
vn 0.8865 -0.3672 -0.2817
vn 0.3672 0.8865 -0.2817
vn 0.8865 0.2817 -0.3672
vn 0.2817 0.3672 -0.8865
vn -0.0000 0.1951 0.9808
vn -0.0000 0.5556 0.8315
vn -0.0000 0.8315 0.5556
vn -0.0000 0.9808 0.1951
vn -0.0000 0.9808 -0.1951
vn -0.0000 0.8315 -0.5556
vn -0.0000 0.1951 -0.9808
vn 0.7063 0.7063 0.0463
vn 0.7064 -0.6943 -0.1381
vn -0.9658 -0.0506 -0.2544
vn 0.7063 0.0463 -0.7063
vn 0.7064 0.3131 -0.6349
vn -0.7064 0.3131 -0.6349
vn 0.2583 -0.5367 0.8032
vn -0.7064 0.4667 -0.5322
vn -0.7064 -0.6703 0.2275
vn -0.7064 0.6943 -0.1381
vn 0.7064 0.7063 -0.0463
vn -0.7064 -0.6943 -0.1381
vn 0.7064 -0.6703 -0.2275
vn -0.7064 -0.6703 -0.2275
vn 0.2583 -0.8032 -0.5367
vn 0.7064 0.5322 0.4667
vn -0.7064 0.5322 0.4667
vn 0.7064 -0.2275 -0.6703
vn 0.9658 -0.0506 -0.2544
vn -0.7064 0.1381 0.6943
vn 0.7064 0.0463 0.7063
vn 0.7064 -0.2275 0.6703
vn 0.7064 0.2275 -0.6703
vn 0.2583 0.5367 -0.8032
vn -0.7064 -0.1381 -0.6943
vn -0.7064 -0.3131 0.6349
vn 0.7064 -0.3933 0.5886
vn 0.7064 0.4667 -0.5322
vn -0.2583 0.8032 -0.5367
vn -0.7064 -0.2275 -0.6703
vn -0.7064 0.2275 -0.6703
vn -0.7064 -0.2275 0.6703
vt 0.130859 0.741477
vt 0.127476 0.750000
vt 0.125000 0.741477
vt 0.388393 0.994141
vt 0.380660 1.000000
vt 0.375000 0.994141
vt 0.388393 0.008523
vt 0.375000 0.003602
vt 0.388393 0.000000
vt 0.611607 0.994141
vt 0.625000 0.997524
vt 0.611607 1.000000
vt 0.869141 0.741477
vt 0.875000 0.746398
vt 0.869141 0.750000
vt 0.611607 0.008523
vt 0.619340 0.000000
vt 0.625000 0.008523
vt 0.130859 0.508523
vt 0.125000 0.503602
vt 0.130859 0.500000
vt 0.388393 0.241477
vt 0.377830 0.251238
vt 0.375000 0.241477
vt 0.388393 0.255859
vt 0.388393 0.250000
vt 0.869141 0.508523
vt 0.872524 0.500000
vt 0.875000 0.508523
vt 0.611607 0.255859
vt 0.622170 0.248199
vt 0.625000 0.255859
vt 0.611607 0.241477
vt 0.611607 0.250000
vt 0.369141 0.741477
vt 0.376887 0.749625
vt 0.372070 0.752930
vt 0.388393 0.741477
vt 0.375000 0.741477
vt 0.388393 0.755859
vt 0.388393 0.750000
vt 0.630859 0.741477
vt 0.623939 0.748799
vt 0.625000 0.741477
vt 0.611607 0.755859
vt 0.627930 0.752930
vt 0.611607 0.741477
vt 0.611607 0.750000
vt 0.369141 0.508523
vt 0.376061 0.501201
vt 0.375000 0.508523
vt 0.388393 0.494141
vt 0.372070 0.497070
vt 0.388393 0.508523
vt 0.388393 0.500000
vt 0.630859 0.508523
vt 0.623113 0.500375
vt 0.627930 0.497070
vt 0.611607 0.508523
vt 0.625000 0.508523
vt 0.611607 0.494141
vt 0.611607 0.500000
vt 0.125000 0.508523
vt 0.375000 0.008523
vt 0.388393 1.000000
vt 0.875000 0.741477
vt 0.625000 0.241477
vt 0.375000 0.255859
vt 0.869141 0.500000
vt 0.130859 0.750000
vt 0.625000 0.994141
vt 0.125000 1.000000
vt 0.062500 1.000000
vt 0.062500 0.500000
vt 0.625000 0.000000
vt 0.375000 0.250000
vt 0.375000 0.000000
vt 0.625000 0.250000
vt 0.375000 0.500000
vt 0.625000 0.500000
vt 0.375000 0.750000
vt 0.625000 0.750000
vt 0.375000 1.000000
vt 0.125000 0.750000
vt 0.125000 0.500000
vt 0.875000 0.500000
vt 1.000000 1.000000
vt 0.833333 0.500000
vt 1.000000 0.500000
vt 0.833333 1.000000
vt 0.666667 0.500000
vt 0.666667 1.000000
vt 0.500000 0.500000
vt 0.500000 1.000000
vt 0.333333 0.500000
vt 0.250000 0.490000
vt 0.042154 0.130000
vt 0.457846 0.130000
vt 0.333333 1.000000
vt 0.166667 0.500000
vt 0.166667 1.000000
vt -0.000000 0.500000
vt 0.957846 0.370000
vt 0.750000 0.010000
vt 0.542154 0.370000
vt 0.520833 0.500000
vt 0.500000 0.583333
vt 0.500000 0.500000
vt 0.520833 0.666667
vt 0.500000 0.666667
vt 0.500000 0.750000
vt 0.520833 0.833333
vt 0.500000 0.833333
vt 0.520833 0.916667
vt 0.500000 0.916667
vt 0.500000 1.000000
vt 0.500000 0.000000
vt 0.520833 0.083333
vt 0.500000 0.083333
vt 0.520833 0.166667
vt 0.500000 0.166667
vt 0.500000 0.250000
vt 0.520833 0.333333
vt 0.500000 0.333333
vt 0.500000 0.416667
vt 0.541667 0.500000
vt 0.520833 0.583333
vt 0.541667 0.666667
vt 0.520833 0.750000
vt 0.541667 0.833333
vt 0.541667 0.916667
vt 0.541667 1.000000
vt 0.520833 1.000000
vt 0.541667 0.000000
vt 0.520833 0.000000
vt 0.541667 0.083333
vt 0.541667 0.250000
vt 0.520833 0.250000
vt 0.541667 0.333333
vt 0.541667 0.416667
vt 0.520833 0.416667
vt 0.562500 0.500000
vt 0.541667 0.583333
vt 0.562500 0.666667
vt 0.562500 0.750000
vt 0.541667 0.750000
vt 0.562500 0.833333
vt 0.562500 0.916667
vt 0.562500 0.000000
vt 0.562500 0.083333
vt 0.541667 0.166667
vt 0.562500 0.166667
vt 0.562500 0.333333
vt 0.562500 0.416667
vt 0.583333 0.500000
vt 0.562500 0.583333
vt 0.583333 0.583333
vt 0.583333 0.750000
vt 0.583333 0.833333
vt 0.583333 0.916667
vt 0.562500 1.000000
vt 0.583333 0.083333
vt 0.583333 0.166667
vt 0.583333 0.250000
vt 0.562500 0.250000
vt 0.583333 0.333333
vt 0.583333 0.416667
vt 0.604167 0.583333
vt 0.583333 0.666667
vt 0.604167 0.666667
vt 0.604167 0.750000
vt 0.604167 0.916667
vt 0.604167 1.000000
vt 0.583333 1.000000
vt 0.583333 0.000000
vt 0.604167 0.083333
vt 0.604167 0.166667
vt 0.604167 0.333333
vt 0.604167 0.416667
vt 0.604167 0.500000
vt 0.625000 0.583333
vt 0.625000 0.666667
vt 0.625000 0.833333
vt 0.604167 0.833333
vt 0.625000 0.916667
vt 0.604167 0.000000
vt 0.625000 0.083333
vt 0.625000 0.166667
vt 0.604167 0.250000
vt 0.625000 0.333333
vt 0.625000 0.416667
vt 0.645833 0.583333
vt 0.645833 0.666667
vt 0.645833 0.833333
vt 0.645833 1.000000
vt 0.625000 1.000000
vt 0.645833 0.000000
vt 0.625000 0.000000
vt 0.645833 0.083333
vt 0.645833 0.166667
vt 0.645833 0.250000
vt 0.645833 0.333333
vt 0.645833 0.416667
vt 0.645833 0.500000
vt 0.666667 0.583333
vt 0.666667 0.750000
vt 0.645833 0.750000
vt 0.666667 0.833333
vt 0.666667 0.916667
vt 0.645833 0.916667
vt 0.666667 1.000000
vt 0.666667 0.000000
vt 0.666667 0.083333
vt 0.666667 0.250000
vt 0.666667 0.416667
vt 0.666667 0.500000
vt 0.687500 0.583333
vt 0.666667 0.666667
vt 0.687500 0.750000
vt 0.687500 0.833333
vt 0.687500 0.916667
vt 0.687500 0.000000
vt 0.687500 0.083333
vt 0.666667 0.166667
vt 0.687500 0.166667
vt 0.687500 0.250000
vt 0.666667 0.333333
vt 0.687500 0.333333
vt 0.687500 0.416667
vt 0.708333 0.500000
vt 0.687500 0.500000
vt 0.708333 0.666667
vt 0.687500 0.666667
vt 0.708333 0.833333
vt 0.708333 0.916667
vt 0.708333 1.000000
vt 0.687500 1.000000
vt 0.708333 0.000000
vt 0.708333 0.083333
vt 0.708333 0.166667
vt 0.708333 0.250000
vt 0.708333 0.416667
vt 0.729167 0.583333
vt 0.708333 0.583333
vt 0.729167 0.666667
vt 0.708333 0.750000
vt 0.729167 0.833333
vt 0.729167 0.916667
vt 0.729167 1.000000
vt 0.729167 0.000000
vt 0.729167 0.166667
vt 0.729167 0.250000
vt 0.708333 0.333333
vt 0.729167 0.333333
vt 0.729167 0.500000
vt 0.750000 0.500000
vt 0.750000 0.583333
vt 0.750000 0.750000
vt 0.729167 0.750000
vt 0.750000 0.833333
vt 0.750000 0.916667
vt 0.750000 0.083333
vt 0.729167 0.083333
vt 0.750000 0.166667
vt 0.750000 0.250000
vt 0.750000 0.333333
vt 0.729167 0.416667
vt 0.770833 0.583333
vt 0.750000 0.666667
vt 0.770833 0.666667
vt 0.770833 0.750000
vt 0.770833 0.916667
vt 0.770833 1.000000
vt 0.750000 1.000000
vt 0.770833 0.000000
vt 0.750000 0.000000
vt 0.770833 0.083333
vt 0.770833 0.250000
vt 0.770833 0.333333
vt 0.750000 0.416667
vt 0.770833 0.416667
vt 0.791667 0.500000
vt 0.770833 0.500000
vt 0.791667 0.666667
vt 0.791667 0.750000
vt 0.770833 0.833333
vt 0.791667 0.916667
vt 0.791667 1.000000
vt 0.791667 0.000000
vt 0.791667 0.083333
vt 0.770833 0.166667
vt 0.791667 0.250000
vt 0.791667 0.416667
vt 0.812500 0.500000
vt 0.791667 0.583333
vt 0.812500 0.666667
vt 0.812500 0.750000
vt 0.791667 0.833333
vt 0.812500 0.916667
vt 0.812500 0.000000
vt 0.812500 0.083333
vt 0.791667 0.166667
vt 0.812500 0.250000
vt 0.812500 0.333333
vt 0.791667 0.333333
vt 0.812500 0.416667
vt 0.812500 0.583333
vt 0.833333 0.666667
vt 0.833333 0.750000
vt 0.812500 0.833333
vt 0.833333 0.833333
vt 0.812500 1.000000
vt 0.833333 0.000000
vt 0.833333 0.083333
vt 0.812500 0.166667
vt 0.833333 0.166667
vt 0.833333 0.250000
vt 0.833333 0.333333
vt 0.854167 0.583333
vt 0.833333 0.583333
vt 0.854167 0.666667
vt 0.854167 0.750000
vt 0.854167 0.833333
vt 0.833333 0.916667
vt 0.854167 0.916667
vt 0.854167 0.083333
vt 0.854167 0.166667
vt 0.854167 0.250000
vt 0.854167 0.333333
vt 0.854167 0.416667
vt 0.833333 0.416667
vt 0.854167 0.500000
vt 0.875000 0.666667
vt 0.875000 0.750000
vt 0.875000 0.833333
vt 0.875000 1.000000
vt 0.854167 1.000000
vt 0.875000 0.000000
vt 0.854167 0.000000
vt 0.875000 0.166667
vt 0.875000 0.250000
vt 0.875000 0.416667
vt 0.895833 0.500000
vt 0.875000 0.583333
vt 0.895833 0.666667
vt 0.895833 0.750000
vt 0.895833 0.833333
vt 0.875000 0.916667
vt 0.895833 1.000000
vt 0.895833 0.083333
vt 0.875000 0.083333
vt 0.895833 0.166667
vt 0.895833 0.250000
vt 0.895833 0.333333
vt 0.875000 0.333333
vt 0.895833 0.416667
vt 0.916667 0.500000
vt 0.895833 0.583333
vt 0.916667 0.666667
vt 0.916667 0.750000
vt 0.916667 0.833333
vt 0.895833 0.916667
vt 0.916667 0.916667
vt 0.916667 0.000000
vt 0.895833 0.000000
vt 0.916667 0.083333
vt 0.916667 0.166667
vt 0.916667 0.250000
vt 0.916667 0.416667
vt 0.937500 0.500000
vt 0.916667 0.583333
vt 0.937500 0.666667
vt 0.937500 0.750000
vt 0.937500 0.833333
vt 0.937500 0.916667
vt 0.937500 1.000000
vt 0.916667 1.000000
vt 0.937500 0.083333
vt 0.937500 0.166667
vt 0.937500 0.333333
vt 0.916667 0.333333
vt 0.958333 0.500000
vt 0.937500 0.583333
vt 0.958333 0.583333
vt 0.958333 0.666667
vt 0.958333 0.750000
vt 0.958333 0.833333
vt 0.958333 0.916667
vt 0.937500 0.000000
vt 0.958333 0.083333
vt 0.958333 0.166667
vt 0.958333 0.250000
vt 0.937500 0.250000
vt 0.958333 0.333333
vt 0.958333 0.416667
vt 0.937500 0.416667
vt 0.979167 0.583333
vt 0.979167 0.666667
vt 0.979167 0.750000
vt 0.979167 0.833333
vt 0.979167 0.916667
vt 0.958333 1.000000
vt 0.958333 0.000000
vt 0.979167 0.083333
vt 0.979167 0.166667
vt 0.979167 0.333333
vt 0.979167 0.416667
vt 0.979167 0.500000
vt 1.000000 0.583333
vt 1.000000 0.666667
vt 1.000000 0.833333
vt 0.979167 1.000000
vt 1.000000 0.000000
vt 0.979167 0.000000
vt 1.000000 0.083333
vt 1.000000 0.250000
vt 0.979167 0.250000
vt 1.000000 0.333333
vt 1.000000 0.416667
vt 0.020833 0.500000
vt 0.000000 0.583333
vt 0.000000 0.500000
vt 0.020833 0.666667
vt 0.000000 0.666667
vt 0.020833 0.750000
vt 0.000000 0.750000
vt 0.000000 0.833333
vt 0.020833 0.916667
vt 0.000000 0.916667
vt 0.000000 1.000000
vt 0.000000 0.000000
vt 0.020833 0.083333
vt 0.000000 0.083333
vt 0.020833 0.166667
vt 0.000000 0.166667
vt 0.020833 0.250000
vt 0.000000 0.250000
vt 0.000000 0.333333
vt 0.020833 0.333333
vt 0.000000 0.416667
vt 0.020833 0.416667
vt 0.041667 0.500000
vt 0.020833 0.583333
vt 0.041667 0.583333
vt 0.041667 0.750000
vt 0.041667 0.833333
vt 0.020833 0.833333
vt 0.041667 0.916667
vt 0.041667 1.000000
vt 0.020833 1.000000
vt 0.041667 0.000000
vt 0.020833 0.000000
vt 0.041667 0.083333
vt 0.041667 0.250000
vt 0.041667 0.416667
vt 0.062500 0.583333
vt 0.041667 0.666667
vt 0.062500 0.666667
vt 0.062500 0.833333
vt 0.062500 0.916667
vt 0.062500 0.000000
vt 0.062500 0.166667
vt 0.041667 0.166667
vt 0.062500 0.250000
vt 0.041667 0.333333
vt 0.062500 0.333333
vt 0.083333 0.583333
vt 0.083333 0.750000
vt 0.062500 0.750000
vt 0.083333 0.833333
vt 0.083333 0.916667
vt 0.083333 0.083333
vt 0.062500 0.083333
vt 0.083333 0.166667
vt 0.083333 0.333333
vt 0.062500 0.416667
vt 0.083333 0.416667
vt 0.083333 0.500000
vt 0.104167 0.583333
vt 0.104167 0.666667
vt 0.083333 0.666667
vt 0.104167 0.750000
vt 0.104167 0.833333
vt 0.104167 0.916667
vt 0.083333 1.000000
vt 0.104167 0.000000
vt 0.083333 0.000000
vt 0.104167 0.166667
vt 0.104167 0.250000
vt 0.083333 0.250000
vt 0.104167 0.416667
vt 0.104167 0.500000
vt 0.125000 0.583333
vt 0.125000 0.666667
vt 0.125000 0.833333
vt 0.125000 0.916667
vt 0.104167 1.000000
vt 0.125000 0.000000
vt 0.104167 0.083333
vt 0.125000 0.083333
vt 0.125000 0.166667
vt 0.125000 0.250000
vt 0.104167 0.333333
vt 0.125000 0.416667
vt 0.145833 0.500000
vt 0.145833 0.666667
vt 0.145833 0.750000
vt 0.145833 0.916667
vt 0.145833 1.000000
vt 0.145833 0.000000
vt 0.145833 0.083333
vt 0.145833 0.250000
vt 0.125000 0.333333
vt 0.145833 0.333333
vt 0.145833 0.416667
vt 0.166667 0.583333
vt 0.145833 0.583333
vt 0.166667 0.666667
vt 0.166667 0.750000
vt 0.145833 0.833333
vt 0.166667 0.833333
vt 0.166667 0.916667
vt 0.166667 0.083333
vt 0.145833 0.166667
vt 0.166667 0.166667
vt 0.166667 0.250000
vt 0.166667 0.416667
vt 0.166667 0.500000
vt 0.187500 0.583333
vt 0.187500 0.750000
vt 0.187500 0.833333
vt 0.187500 0.916667
vt 0.166667 1.000000
vt 0.166667 0.000000
vt 0.187500 0.083333
vt 0.187500 0.166667
vt 0.187500 0.250000
vt 0.187500 0.333333
vt 0.166667 0.333333
vt 0.187500 0.416667
vt 0.208333 0.500000
vt 0.187500 0.500000
vt 0.208333 0.583333
vt 0.187500 0.666667
vt 0.208333 0.750000
vt 0.208333 0.833333
vt 0.208333 0.916667
vt 0.187500 1.000000
vt 0.187500 0.000000
vt 0.208333 0.083333
vt 0.208333 0.166667
vt 0.208333 0.250000
vt 0.208333 0.333333
vt 0.229167 0.583333
vt 0.208333 0.666667
vt 0.229167 0.666667
vt 0.229167 0.833333
vt 0.229167 0.916667
vt 0.208333 1.000000
vt 0.208333 0.000000
vt 0.229167 0.083333
vt 0.229167 0.166667
vt 0.229167 0.250000
vt 0.229167 0.416667
vt 0.208333 0.416667
vt 0.229167 0.500000
vt 0.250000 0.583333
vt 0.250000 0.666667
vt 0.229167 0.750000
vt 0.250000 0.833333
vt 0.250000 0.916667
vt 0.229167 1.000000
vt 0.229167 0.000000
vt 0.250000 0.083333
vt 0.250000 0.250000
vt 0.250000 0.333333
vt 0.229167 0.333333
vt 0.250000 0.416667
vt 0.250000 0.500000
vt 0.270833 0.583333
vt 0.270833 0.666667
vt 0.250000 0.750000
vt 0.270833 0.750000
vt 0.270833 0.916667
vt 0.270833 1.000000
vt 0.250000 1.000000
vt 0.270833 0.000000
vt 0.250000 0.000000
vt 0.270833 0.083333
vt 0.250000 0.166667
vt 0.270833 0.250000
vt 0.270833 0.333333
vt 0.270833 0.416667
vt 0.270833 0.500000
vt 0.291667 0.583333
vt 0.291667 0.666667
vt 0.291667 0.750000
vt 0.270833 0.833333
vt 0.291667 0.833333
vt 0.291667 1.000000
vt 0.291667 0.000000
vt 0.291667 0.083333
vt 0.270833 0.166667
vt 0.291667 0.250000
vt 0.291667 0.416667
vt 0.291667 0.500000
vt 0.312500 0.583333
vt 0.312500 0.666667
vt 0.312500 0.750000
vt 0.312500 0.916667
vt 0.291667 0.916667
vt 0.312500 0.083333
vt 0.312500 0.166667
vt 0.291667 0.166667
vt 0.312500 0.250000
vt 0.291667 0.333333
vt 0.312500 0.333333
vt 0.312500 0.416667
vt 0.333333 0.500000
vt 0.312500 0.500000
vt 0.333333 0.666667
vt 0.333333 0.833333
vt 0.312500 0.833333
vt 0.333333 0.916667
vt 0.333333 1.000000
vt 0.312500 1.000000
vt 0.333333 0.000000
vt 0.312500 0.000000
vt 0.333333 0.166667
vt 0.333333 0.333333
vt 0.333333 0.416667
vt 0.354167 0.583333
vt 0.333333 0.583333
vt 0.354167 0.666667
vt 0.333333 0.750000
vt 0.354167 0.750000
vt 0.354167 0.916667
vt 0.354167 0.083333
vt 0.333333 0.083333
vt 0.354167 0.250000
vt 0.333333 0.250000
vt 0.354167 0.333333
vt 0.354167 0.416667
vt 0.354167 0.500000
vt 0.375000 0.583333
vt 0.375000 0.833333
vt 0.354167 0.833333
vt 0.375000 0.916667
vt 0.354167 1.000000
vt 0.375000 0.000000
vt 0.354167 0.000000
vt 0.375000 0.166667
vt 0.354167 0.166667
vt 0.375000 0.333333
vt 0.375000 0.416667
vt 0.395833 0.500000
vt 0.395833 0.583333
vt 0.375000 0.666667
vt 0.395833 0.666667
vt 0.395833 0.750000
vt 0.395833 0.833333
vt 0.395833 0.916667
vt 0.395833 0.000000
vt 0.375000 0.083333
vt 0.395833 0.166667
vt 0.395833 0.250000
vt 0.395833 0.333333
vt 0.395833 0.416667
vt 0.416667 0.500000
vt 0.416667 0.666667
vt 0.416667 0.833333
vt 0.416667 0.916667
vt 0.395833 1.000000
vt 0.416667 0.000000
vt 0.395833 0.083333
vt 0.416667 0.083333
vt 0.416667 0.166667
vt 0.416667 0.250000
vt 0.416667 0.333333
vt 0.437500 0.583333
vt 0.416667 0.583333
vt 0.437500 0.750000
vt 0.416667 0.750000
vt 0.437500 0.833333
vt 0.437500 0.916667
vt 0.416667 1.000000
vt 0.437500 0.083333
vt 0.437500 0.166667
vt 0.437500 0.250000
vt 0.437500 0.333333
vt 0.416667 0.416667
vt 0.437500 0.416667
vt 0.437500 0.500000
vt 0.458333 0.583333
vt 0.437500 0.666667
vt 0.458333 0.666667
vt 0.458333 0.833333
vt 0.458333 0.916667
vt 0.437500 1.000000
vt 0.458333 0.000000
vt 0.437500 0.000000
vt 0.458333 0.083333
vt 0.458333 0.166667
vt 0.458333 0.250000
vt 0.458333 0.333333
vt 0.458333 0.500000
vt 0.479167 0.583333
vt 0.479167 0.666667
vt 0.479167 0.750000
vt 0.458333 0.750000
vt 0.479167 0.833333
vt 0.479167 0.916667
vt 0.458333 1.000000
vt 0.479167 0.000000
vt 0.479167 0.083333
vt 0.479167 0.166667
vt 0.479167 0.333333
vt 0.458333 0.416667
vt 0.479167 0.416667
vt 0.479167 0.500000
vt 0.479167 1.000000
vt 0.479167 0.250000
vt 1.000000 0.750000
vt 1.000000 0.916667
vt 1.000000 0.166667
vt 0.611607 0.000000
vt 0.000000 1.000000
vt 0.000000 0.500000
vt 0.457846 0.370000
vt 0.042154 0.370000
vt 0.250000 0.010000
vt -0.000000 1.000000
vt 0.750000 0.490000
vt 0.957846 0.130000
vt 0.542154 0.130000
s 0
usemtl wood_body
f 1/1/1 5/2/1 7/3/1
f 2/4/2 5/5/2 4/6/2
f 3/7/3 5/8/3 6/9/3
f 8/10/4 12/11/4 14/12/4
f 9/13/5 12/14/5 11/15/5
f 10/16/6 12/17/6 13/18/6
f 15/19/7 19/20/7 21/21/7
f 16/22/8 19/23/8 18/24/8
f 17/25/9 19/23/9 20/26/9
f 22/27/10 26/28/10 28/29/10
f 23/30/11 26/31/11 25/32/11
f 24/33/12 26/31/12 27/34/12
f 29/35/13 33/36/13 35/37/13
f 30/38/14 33/36/14 32/39/14
f 31/40/15 33/36/15 34/41/15
f 36/42/16 40/43/16 42/44/16
f 37/45/17 40/43/17 39/46/17
f 38/47/18 40/43/18 41/48/18
f 43/49/19 47/50/19 49/51/19
f 44/52/20 47/50/20 46/53/20
f 45/54/21 47/50/21 48/55/21
f 50/56/22 54/57/22 56/58/22
f 51/59/23 54/57/23 53/60/23
f 52/61/24 54/57/24 55/62/24
f 1/1/25 18/63/25 15/19/25
f 7/64/26 16/22/26 18/24/26
f 8/10/27 6/65/27 2/4/27
f 6/9/28 10/16/28 3/7/28
f 22/27/29 13/66/29 9/13/29
f 28/67/30 10/16/30 13/18/30
f 17/25/31 27/34/31 23/30/31
f 20/26/32 24/33/32 27/34/32
f 15/19/33 46/53/33 43/49/33
f 21/68/34 44/52/34 46/53/34
f 50/56/35 25/69/35 22/27/35
f 56/58/36 23/30/36 25/32/36
f 45/54/37 55/62/37 51/59/37
f 48/55/38 52/61/38 55/62/38
f 43/49/39 32/39/39 29/35/39
f 49/51/40 30/38/40 32/39/40
f 36/42/41 53/60/41 50/56/41
f 42/44/42 51/59/42 53/60/42
f 31/40/43 41/48/43 37/45/43
f 34/41/44 38/47/44 41/48/44
f 29/35/45 4/70/45 1/1/45
f 35/37/46 2/4/46 4/6/46
f 9/13/47 39/46/47 36/42/47
f 11/71/48 37/45/48 39/46/48
f 43/49/49 1/1/49 15/19/49
f 10/16/50 16/22/50 3/7/50
f 37/45/51 2/4/51 31/40/51
f 22/27/52 36/42/52 50/56/52
f 23/30/53 44/52/53 17/25/53
f 51/59/54 30/38/54 45/54/54
f 72/72/55 74/73/55 73/74/55
f 1/1/415 4/70/415 5/2/415
f 2/4/416 6/65/416 5/5/416
f 3/7/417 7/64/417 5/8/417
f 8/10/418 11/71/418 12/11/418
f 9/13/419 13/66/419 12/14/419
f 10/16/420 14/726/420 12/17/420
f 15/19/421 18/63/421 19/20/421
f 16/22/422 20/26/422 19/23/422
f 17/25/423 21/68/423 19/23/423
f 22/27/424 25/69/424 26/28/424
f 23/30/425 27/34/425 26/31/425
f 24/33/426 28/67/426 26/31/426
f 29/35/427 32/39/427 33/36/427
f 30/38/428 34/41/428 33/36/428
f 31/40/429 35/37/429 33/36/429
f 36/42/430 39/46/430 40/43/430
f 37/45/431 41/48/431 40/43/431
f 38/47/432 42/44/432 40/43/432
f 43/49/433 46/53/433 47/50/433
f 44/52/434 48/55/434 47/50/434
f 45/54/435 49/51/435 47/50/435
f 50/56/436 53/60/436 54/57/436
f 51/59/437 55/62/437 54/57/437
f 52/61/438 56/58/438 54/57/438
f 1/1/25 7/3/25 18/63/25
f 7/64/26 3/7/26 16/22/26
f 8/10/27 14/12/27 6/65/27
f 6/9/28 14/726/28 10/16/28
f 22/27/29 28/29/29 13/66/29
f 28/67/30 24/33/30 10/16/30
f 17/25/31 20/26/31 27/34/31
f 20/26/32 16/22/32 24/33/32
f 15/19/33 21/21/33 46/53/33
f 21/68/34 17/25/34 44/52/34
f 50/56/35 56/58/35 25/69/35
f 56/58/36 52/61/36 23/30/36
f 45/54/37 48/55/37 55/62/37
f 48/55/38 44/52/38 52/61/38
f 43/49/39 49/51/39 32/39/39
f 49/51/40 45/54/40 30/38/40
f 36/42/41 42/44/41 53/60/41
f 42/44/42 38/47/42 51/59/42
f 31/40/43 34/41/43 41/48/43
f 34/41/44 30/38/44 38/47/44
f 29/35/45 35/37/45 4/70/45
f 35/37/46 31/40/46 2/4/46
f 9/13/47 11/15/47 39/46/47
f 11/71/48 8/10/48 37/45/48
f 43/49/49 29/35/49 1/1/49
f 10/16/50 24/33/50 16/22/50
f 37/45/51 8/10/51 2/4/51
f 22/27/52 9/13/52 36/42/52
f 23/30/53 52/61/53 44/52/53
f 51/59/54 38/47/54 30/38/54
f 61/693/439 59/108/439 60/116/439
f 61/693/439 60/116/439 62/699/439
f 63/79/440 61/693/440 62/699/440
f 63/79/440 62/699/440 64/83/440
f 65/620/441 63/79/441 64/83/441
f 65/620/441 64/83/441 66/626/441
f 67/579/442 65/620/442 66/626/442
f 67/579/442 66/626/442 68/586/442
f 69/542/443 67/579/443 68/586/443
f 69/542/443 68/586/443 70/548/443
f 71/85/444 69/542/444 70/548/444
f 71/85/444 70/548/444 72/72/444
f 58/727/445 57/728/445 73/74/445
f 73/74/55 71/85/55 72/72/55
f 74/73/445 58/727/445 73/74/445
usemtl iron_trim
f 76/75/50 77/76/50 75/77/50
f 78/78/53 81/79/53 77/76/53
f 82/80/54 79/81/54 81/79/54
f 80/82/51 75/83/51 79/81/51
f 81/79/49 75/84/49 77/85/49
f 78/86/52 80/82/52 82/80/52
f 84/75/50 85/76/50 83/77/50
f 86/78/53 89/79/53 85/76/53
f 90/80/54 87/81/54 89/79/54
f 88/82/51 83/83/51 87/81/51
f 89/79/49 83/84/49 85/85/49
f 86/86/52 88/82/52 90/80/52
f 92/75/50 93/76/50 91/77/50
f 94/78/53 97/79/53 93/76/53
f 98/80/54 95/81/54 97/79/54
f 96/82/51 91/83/51 95/81/51
f 97/79/49 91/84/49 93/85/49
f 94/86/52 96/82/52 98/80/52
f 100/75/50 101/76/50 99/77/50
f 102/78/53 105/79/53 101/76/53
f 106/80/54 103/81/54 105/79/54
f 104/82/51 99/83/51 103/81/51
f 105/79/49 99/84/49 101/85/49
f 102/86/52 104/82/52 106/80/52
f 108/75/50 109/76/50 107/77/50
f 110/78/53 113/79/53 109/76/53
f 114/80/54 111/81/54 113/79/54
f 112/82/51 107/83/51 111/81/51
f 113/79/49 107/84/49 109/85/49
f 110/86/52 112/82/52 114/80/52
f 116/75/50 117/76/50 115/77/50
f 118/78/53 121/79/53 117/76/53
f 122/80/54 119/81/54 121/79/54
f 120/82/51 115/83/51 119/81/51
f 121/79/49 115/84/49 117/85/49
f 118/86/52 120/82/52 122/80/52
f 147/106/60 136/107/60 135/108/60
f 136/107/61 149/109/61 137/110/61
f 149/109/62 138/111/62 137/110/62
f 138/111/63 151/112/63 139/113/63
f 139/113/64 152/114/64 140/115/64
f 152/114/65 141/116/65 140/115/65
f 141/117/66 154/118/66 142/119/66
f 142/119/67 155/120/67 143/121/67
f 155/120/68 144/122/68 143/121/68
f 144/122/69 157/123/69 145/124/69
f 157/123/70 146/125/70 145/124/70
f 146/125/71 147/106/71 135/108/71
f 159/126/72 148/127/72 147/106/72
f 148/127/73 161/128/73 149/109/73
f 161/128/74 150/129/74 149/109/74
f 150/129/75 163/130/75 151/112/75
f 151/112/76 164/131/76 152/114/76
f 152/114/77 165/132/77 153/133/77
f 165/134/78 154/118/78 153/135/78
f 166/136/79 155/120/79 154/118/79
f 155/120/80 168/137/80 156/138/80
f 156/138/81 169/139/81 157/123/81
f 157/123/82 170/140/82 158/141/82
f 158/141/83 159/126/83 147/106/83
f 171/142/84 160/143/84 159/126/84
f 160/143/85 173/144/85 161/128/85
f 161/128/86 174/145/86 162/146/86
f 162/146/87 175/147/87 163/130/87
f 163/130/88 176/148/88 164/131/88
f 176/148/89 165/132/89 164/131/89
f 177/149/90 166/136/90 165/134/90
f 178/150/91 167/151/91 166/136/91
f 179/152/92 168/137/92 167/151/92
f 168/137/93 181/153/93 169/139/93
f 169/139/94 182/154/94 170/140/94
f 170/140/95 171/142/95 159/126/95
f 183/155/96 172/156/96 171/142/96
f 184/157/97 173/144/97 172/156/97
f 173/144/98 186/158/98 174/145/98
f 174/145/99 187/159/99 175/147/99
f 187/159/100 176/148/100 175/147/100
f 188/160/101 177/161/101 176/148/101
f 177/149/102 190/162/102 178/150/102
f 178/150/103 191/163/103 179/152/103
f 179/152/104 192/164/104 180/165/104
f 192/164/105 181/153/105 180/165/105
f 193/166/106 182/154/106 181/153/106
f 194/167/107 171/142/107 182/154/107
f 183/155/108 196/168/108 184/157/108
f 196/168/109 185/169/109 184/157/109
f 197/170/110 186/158/110 185/169/110
f 198/171/111 187/159/111 186/158/111
f 187/159/112 200/172/112 188/160/112
f 188/160/113 201/173/113 189/174/113
f 189/175/114 202/176/114 190/162/114
f 202/176/115 191/163/115 190/162/115
f 203/177/116 192/164/116 191/163/116
f 192/164/117 205/178/117 193/166/117
f 193/166/118 206/179/118 194/167/118
f 194/167/119 195/180/119 183/155/119
f 195/180/120 208/181/120 196/168/120
f 196/168/121 209/182/121 197/170/121
f 209/182/122 198/171/122 197/170/122
f 198/171/123 211/183/123 199/184/123
f 211/183/124 200/172/124 199/184/124
f 212/185/125 201/173/125 200/172/125
f 201/186/126 214/187/126 202/176/126
f 214/187/127 203/177/127 202/176/127
f 215/188/128 204/189/128 203/177/128
f 204/189/129 217/190/129 205/178/129
f 217/190/130 206/179/130 205/178/130
f 218/191/131 195/180/131 206/179/131
f 207/80/132 220/192/132 208/181/132
f 220/192/133 209/182/133 208/181/133
f 221/193/134 210/82/134 209/182/134
f 210/82/135 223/194/135 211/183/135
f 223/194/136 212/185/136 211/183/136
f 212/185/137 225/195/137 213/196/137
f 225/197/138 214/187/138 213/198/138
f 226/199/139 215/188/139 214/187/139
f 227/200/140 216/78/140 215/188/140
f 228/201/141 217/190/141 216/78/141
f 229/202/142 218/191/142 217/190/142
f 230/203/143 207/80/143 218/191/143
f 219/204/144 232/205/144 220/192/144
f 232/205/145 221/193/145 220/192/145
f 221/193/146 234/206/146 222/207/146
f 222/207/147 235/208/147 223/194/147
f 223/194/148 236/209/148 224/210/148
f 224/210/149 237/211/149 225/195/149
f 237/212/150 226/199/150 225/197/150
f 238/213/151 227/200/151 226/199/151
f 227/200/152 240/214/152 228/201/152
f 240/214/153 229/202/153 228/201/153
f 229/202/154 242/215/154 230/203/154
f 242/215/155 219/204/155 230/203/155
f 231/216/156 244/217/156 232/205/156
f 244/217/157 233/218/157 232/205/157
f 233/218/158 246/219/158 234/206/158
f 246/219/159 235/208/159 234/206/159
f 247/220/160 236/209/160 235/208/160
f 248/221/161 237/211/161 236/209/161
f 249/222/162 238/213/162 237/212/162
f 250/223/163 239/224/163 238/213/163
f 251/225/164 240/214/164 239/224/164
f 252/226/165 241/227/165 240/214/165
f 253/228/166 242/215/166 241/227/166
f 254/229/167 231/216/167 242/215/167
f 255/230/168 244/217/168 243/231/168
f 244/217/169 257/232/169 245/233/169
f 257/232/170 246/219/170 245/233/170
f 246/219/171 259/234/171 247/220/171
f 247/220/172 260/235/172 248/221/172
f 248/221/173 261/236/173 249/237/173
f 261/238/174 250/223/174 249/222/174
f 262/239/175 251/225/175 250/223/175
f 263/240/176 252/226/176 251/225/176
f 264/241/177 253/228/177 252/226/177
f 253/228/178 266/242/178 254/229/178
f 266/242/179 243/231/179 254/229/179
f 255/230/180 268/243/180 256/244/180
f 256/244/181 269/245/181 257/232/181
f 269/245/182 258/246/182 257/232/182
f 258/246/183 271/247/183 259/234/183
f 259/234/184 272/248/184 260/235/184
f 260/235/185 273/249/185 261/236/185
f 273/250/186 262/239/186 261/238/186
f 262/239/187 275/251/187 263/240/187
f 275/251/188 264/241/188 263/240/188
f 276/252/189 265/253/189 264/241/189
f 277/254/190 266/242/190 265/253/190
f 266/242/191 267/255/191 255/230/191
f 279/256/192 268/243/192 267/255/192
f 280/257/193 269/245/193 268/243/193
f 269/245/194 282/258/194 270/259/194
f 270/259/195 283/260/195 271/247/195
f 283/260/196 272/248/196 271/247/196
f 284/261/197 273/249/197 272/248/197
f 273/250/198 286/262/198 274/263/198
f 286/262/199 275/251/199 274/263/199
f 287/264/200 276/252/200 275/251/200
f 288/265/201 277/254/201 276/252/201
f 289/266/202 278/267/202 277/254/202
f 278/267/203 279/256/203 267/255/203
f 279/256/204 292/268/204 280/257/204
f 292/268/205 281/269/205 280/257/205
f 293/270/206 282/258/206 281/269/206
f 294/271/207 283/260/207 282/258/207
f 283/260/208 296/272/208 284/261/208
f 284/261/209 297/273/209 285/274/209
f 297/275/210 286/262/210 285/276/210
f 298/277/211 287/264/211 286/262/211
f 287/264/212 300/278/212 288/265/212
f 288/265/213 301/279/213 289/266/213
f 301/279/214 290/280/214 289/266/214
f 302/281/215 279/256/215 290/280/215
f 303/282/216 292/268/216 291/283/216
f 292/268/217 305/284/217 293/270/217
f 293/270/218 306/285/218 294/271/218
f 306/285/219 295/286/219 294/271/219
f 295/286/220 308/287/220 296/272/220
f 296/272/221 309/288/221 297/273/221
f 309/289/222 298/277/222 297/275/222
f 310/290/223 299/291/223 298/277/223
f 299/291/224 312/292/224 300/278/224
f 312/292/225 301/279/225 300/278/225
f 301/279/226 314/293/226 302/281/226
f 302/281/227 303/282/227 291/283/227
f 315/294/228 304/295/228 303/282/228
f 304/295/229 317/296/229 305/284/229
f 317/296/230 306/285/230 305/284/230
f 318/297/231 307/298/231 306/285/231
f 307/298/232 320/299/232 308/287/232
f 320/299/233 309/288/233 308/287/233
f 321/300/234 310/290/234 309/289/234
f 322/301/235 311/302/235 310/290/235
f 311/302/236 324/303/236 312/292/236
f 312/292/237 325/304/237 313/305/237
f 313/305/238 326/306/238 314/293/238
f 314/293/239 315/294/239 303/282/239
f 327/88/240 316/307/240 315/294/240
f 316/307/241 329/308/241 317/296/241
f 329/308/242 318/297/242 317/296/242
f 330/309/243 319/310/243 318/297/243
f 331/311/244 320/299/244 319/310/244
f 320/299/245 333/90/245 321/312/245
f 333/313/246 322/301/246 321/300/246
f 334/314/247 323/315/247 322/301/247
f 335/316/248 324/303/248 323/315/248
f 336/317/249 325/304/249 324/303/249
f 337/318/250 326/306/250 325/304/250
f 326/306/251 327/88/251 315/294/251
f 327/88/252 340/319/252 328/320/252
f 340/319/253 329/308/253 328/320/253
f 341/321/254 330/309/254 329/308/254
f 342/322/255 331/311/255 330/309/255
f 343/323/256 332/324/256 331/311/256
f 344/325/257 333/90/257 332/324/257
f 333/313/258 346/326/258 334/314/258
f 334/314/259 347/327/259 335/316/259
f 335/316/260 348/328/260 336/317/260
f 336/317/261 349/329/261 337/318/261
f 337/318/262 350/330/262 338/331/262
f 350/330/263 327/88/263 338/331/263
f 351/86/264 340/319/264 339/332/264
f 340/319/265 353/333/265 341/321/265
f 341/321/266 354/334/266 342/322/266
f 354/334/267 343/323/267 342/322/267
f 355/335/268 344/325/268 343/323/268
f 344/325/269 357/336/269 345/337/269
f 357/338/270 346/326/270 345/339/270
f 346/326/271 359/340/271 347/327/271
f 359/340/272 348/328/272 347/327/272
f 360/341/273 349/329/273 348/328/273
f 349/329/274 362/342/274 350/330/274
f 362/342/275 339/332/275 350/330/275
f 363/343/276 352/344/276 351/86/276
f 352/344/277 365/345/277 353/333/277
f 365/345/278 354/334/278 353/333/278
f 366/346/279 355/335/279 354/334/279
f 367/347/280 356/348/280 355/335/280
f 356/348/281 369/349/281 357/336/281
f 357/338/282 370/350/282 358/351/282
f 358/351/283 371/352/283 359/340/283
f 359/340/284 372/353/284 360/341/284
f 360/341/285 373/354/285 361/355/285
f 373/354/286 362/342/286 361/355/286
f 374/356/287 351/86/287 362/342/287
f 375/357/288 364/358/288 363/343/288
f 364/358/289 377/359/289 365/345/289
f 365/345/290 378/360/290 366/346/290
f 366/346/291 379/361/291 367/347/291
f 379/361/292 368/362/292 367/347/292
f 380/363/293 369/349/293 368/362/293
f 381/364/294 370/350/294 369/365/294
f 382/366/295 371/352/295 370/350/295
f 383/367/296 372/353/296 371/352/296
f 384/368/297 373/354/297 372/353/297
f 373/354/298 386/369/298 374/356/298
f 374/356/299 375/357/299 363/343/299
f 387/370/300 376/371/300 375/357/300
f 376/371/301 389/372/301 377/359/301
f 377/359/302 390/373/302 378/360/302
f 378/360/303 391/374/303 379/361/303
f 379/361/304 392/375/304 380/363/304
f 380/363/305 393/376/305 381/377/305
f 381/364/306 394/378/306 382/366/306
f 394/378/307 383/367/307 382/366/307
f 395/379/308 384/368/308 383/367/308
f 384/368/309 397/380/309 385/381/309
f 397/380/310 386/369/310 385/381/310
f 386/369/311 387/370/311 375/357/311
f 399/382/312 388/383/312 387/370/312
f 400/384/313 389/372/313 388/383/313
f 401/385/314 390/373/314 389/372/314
f 402/386/315 391/374/315 390/373/315
f 403/387/316 392/375/316 391/374/316
f 404/388/317 393/376/317 392/375/317
f 393/389/318 406/390/318 394/378/318
f 394/378/319 407/391/319 395/379/319
f 395/379/320 408/392/320 396/393/320
f 396/393/321 409/394/321 397/380/321
f 397/380/322 410/395/322 398/396/322
f 410/395/323 387/370/323 398/396/323
f 399/382/324 412/397/324 400/384/324
f 412/397/325 401/385/325 400/384/325
f 413/398/326 402/386/326 401/385/326
f 414/399/327 403/387/327 402/386/327
f 415/400/328 404/388/328 403/387/328
f 416/401/329 405/402/329 404/388/329
f 405/403/330 418/404/330 406/390/330
f 406/390/331 419/405/331 407/391/331
f 419/405/332 408/392/332 407/391/332
f 408/392/333 421/406/333 409/394/333
f 421/406/334 410/395/334 409/394/334
f 422/407/335 399/382/335 410/395/335
f 423/89/336 412/397/336 411/408/336
f 424/409/337 413/398/337 412/397/337
f 425/410/338 414/399/338 413/398/338
f 414/399/339 427/411/339 415/400/339
f 427/411/340 416/401/340 415/400/340
f 416/401/341 429/87/341 417/412/341
f 429/413/342 418/404/342 417/414/342
f 430/415/343 419/405/343 418/404/343
f 419/405/344 432/416/344 420/417/344
f 420/417/345 433/418/345 421/406/345
f 433/418/346 422/407/346 421/406/346
f 434/419/347 411/408/347 422/407/347
f 435/420/65 424/421/65 423/422/65
f 424/421/64 437/423/64 425/424/64
f 425/424/63 438/425/63 426/426/63
f 438/425/62 427/427/62 426/426/62
f 427/427/348 440/428/348 428/429/348
f 440/428/60 429/430/60 428/429/60
f 429/431/71 442/432/71 430/433/71
f 430/433/70 443/434/70 431/435/70
f 431/435/69 444/436/69 432/437/69
f 444/436/68 433/438/68 432/437/68
f 445/439/349 434/440/349 433/438/349
f 446/441/66 423/422/66 434/440/66
f 447/442/77 436/443/77 435/420/77
f 448/444/350 437/423/350 436/443/350
f 437/423/75 450/445/75 438/425/75
f 438/425/74 451/446/74 439/447/74
f 439/447/73 452/448/73 440/428/73
f 440/428/72 453/449/72 441/450/72
f 453/451/83 442/432/83 441/452/83
f 454/453/82 443/434/82 442/432/82
f 443/434/81 456/454/81 444/436/81
f 456/454/80 445/439/80 444/436/80
f 445/439/351 458/455/351 446/441/351
f 446/441/78 447/442/78 435/420/78
f 459/74/89 448/444/89 447/442/89
f 460/456/352 449/457/352 448/444/352
f 461/458/87 450/445/87 449/457/87
f 450/445/86 463/459/86 451/446/86
f 463/459/85 452/448/85 451/446/85
f 464/460/84 453/449/84 452/448/84
f 465/461/95 454/453/95 453/451/95
f 454/453/94 467/462/94 455/463/94
f 455/463/93 468/464/93 456/454/93
f 468/464/92 457/465/92 456/454/92
f 469/466/91 458/455/91 457/465/91
f 458/455/90 459/74/90 447/442/90
f 459/74/101 472/467/101 460/456/101
f 472/467/100 461/458/100 460/456/100
f 461/458/99 474/468/99 462/469/99
f 462/469/98 475/470/98 463/459/98
f 463/459/97 476/471/97 464/460/97
f 476/471/96 465/73/96 464/460/96
f 465/461/107 478/472/107 466/473/107
f 466/473/106 479/474/106 467/462/106
f 479/474/105 468/464/105 467/462/105
f 468/464/104 481/475/104 469/466/104
f 481/475/353 470/476/353 469/466/353
f 482/477/102 459/74/102 470/476/102
f 471/478/113 484/479/113 472/467/113
f 472/467/354 485/480/354 473/481/354
f 473/481/111 486/482/111 474/468/111
f 474/468/110 487/483/110 475/470/110
f 487/483/355 476/471/355 475/470/355
f 488/484/108 477/485/108 476/471/108
f 489/486/119 478/472/119 477/487/119
f 478/472/356 491/488/356 479/474/356
f 479/474/117 492/489/117 480/490/117
f 492/489/116 481/475/116 480/490/116
f 481/475/115 494/491/115 482/477/115
f 482/477/114 483/492/114 471/478/114
f 483/492/125 496/493/125 484/479/125
f 496/493/124 485/480/124 484/479/124
f 497/494/123 486/482/123 485/480/123
f 486/482/122 499/495/122 487/483/122
f 487/483/121 500/496/121 488/484/121
f 500/496/120 489/497/120 488/484/120
f 501/498/131 490/499/131 489/486/131
f 502/500/130 491/488/130 490/499/130
f 503/501/129 492/489/129 491/488/129
f 504/502/128 493/503/128 492/489/128
f 493/503/127 506/504/127 494/491/127
f 506/504/126 483/492/126 494/491/126
f 507/505/137 496/493/137 495/85/137
f 496/493/136 509/506/136 497/494/136
f 497/494/135 510/507/135 498/84/135
f 510/507/134 499/495/134 498/84/134
f 499/495/357 512/508/357 500/496/357
f 500/496/132 513/509/132 501/72/132
f 513/510/143 502/500/143 501/498/143
f 514/511/142 503/501/142 502/500/142
f 503/501/141 516/512/141 504/502/141
f 516/512/140 505/513/140 504/502/140
f 517/514/139 506/504/139 505/513/139
f 518/515/138 495/85/138 506/504/138
f 507/505/149 520/516/149 508/517/149
f 508/517/358 521/518/358 509/506/358
f 509/506/147 522/519/147 510/507/147
f 522/519/146 511/520/146 510/507/146
f 523/521/145 512/508/145 511/520/145
f 524/522/144 513/509/144 512/508/144
f 513/510/155 526/523/155 514/511/155
f 526/523/154 515/524/154 514/511/154
f 527/525/153 516/512/153 515/524/153
f 528/526/152 517/514/152 516/512/152
f 517/514/151 530/527/151 518/515/151
f 530/527/150 507/505/150 518/515/150
f 519/528/161 532/529/161 520/516/161
f 532/529/359 521/518/359 520/516/359
f 521/518/159 534/530/159 522/519/159
f 534/530/158 523/521/158 522/519/158
f 535/531/157 524/522/157 523/521/157
f 536/532/156 525/533/156 524/522/156
f 525/534/167 538/535/167 526/523/167
f 526/523/166 539/536/166 527/525/166
f 527/525/165 540/537/165 528/526/165
f 528/526/164 541/538/164 529/539/164
f 529/539/163 542/540/163 530/527/163
f 542/540/162 519/528/162 530/527/162
f 543/541/173 532/529/173 531/542/173
f 544/543/172 533/544/172 532/529/172
f 533/544/171 546/545/171 534/530/171
f 534/530/170 547/546/170 535/531/170
f 547/546/169 536/532/169 535/531/169
f 548/547/168 537/548/168 536/532/168
f 537/549/179 550/550/179 538/535/179
f 538/535/178 551/551/178 539/536/178
f 551/551/177 540/537/177 539/536/177
f 552/552/176 541/538/176 540/537/176
f 553/553/360 542/540/360 541/538/360
f 542/540/174 543/541/174 531/542/174
f 543/541/185 556/554/185 544/543/185
f 556/554/361 545/555/361 544/543/361
f 557/556/362 546/545/362 545/555/362
f 546/545/182 559/557/182 547/546/182
f 559/557/181 548/547/181 547/546/181
f 560/558/180 549/559/180 548/547/180
f 549/560/191 562/561/191 550/550/191
f 562/561/190 551/551/190 550/550/190
f 563/562/189 552/552/189 551/551/189
f 564/563/363 553/553/363 552/552/363
f 553/553/187 566/564/187 554/565/187
f 566/564/186 543/541/186 554/565/186
f 555/566/197 568/567/197 556/554/197
f 556/554/364 569/568/364 557/556/364
f 569/568/195 558/569/195 557/556/195
f 558/569/194 571/570/194 559/557/194
f 559/557/365 572/571/365 560/558/365
f 572/571/192 561/572/192 560/558/192
f 561/573/203 574/574/203 562/561/203
f 574/574/366 563/562/366 562/561/366
f 563/562/201 576/575/201 564/563/201
f 564/563/200 577/576/200 565/577/200
f 577/576/367 566/564/367 565/577/367
f 578/578/198 555/566/198 566/564/198
f 567/579/209 580/580/209 568/567/209
f 568/567/368 581/581/368 569/568/368
f 581/581/207 570/582/207 569/568/207
f 582/583/206 571/570/206 570/582/206
f 571/570/205 584/584/205 572/571/205
f 572/571/204 585/585/204 573/586/204
f 585/587/215 574/574/215 573/588/215
f 586/589/369 575/590/369 574/574/369
f 575/590/213 588/591/213 576/575/213
f 576/575/212 589/592/212 577/576/212
f 577/576/211 590/593/211 578/578/211
f 590/593/210 567/579/210 578/578/210
f 579/594/221 592/595/221 580/580/221
f 592/595/220 581/581/220 580/580/220
f 593/596/219 582/583/219 581/581/219
f 594/597/218 583/598/218 582/583/218
f 595/599/370 584/584/370 583/598/370
f 584/584/216 597/600/216 585/585/216
f 597/601/227 586/589/227 585/587/227
f 598/602/226 587/603/226 586/589/226
f 587/603/225 600/604/225 588/591/225
f 600/604/224 589/592/224 588/591/224
f 589/592/371 602/605/371 590/593/371
f 602/605/222 579/594/222 590/593/222
f 591/606/233 604/607/233 592/595/233
f 592/595/232 605/608/232 593/596/232
f 593/596/231 606/609/231 594/597/231
f 606/609/230 595/599/230 594/597/230
f 595/599/229 608/610/229 596/611/229
f 608/610/228 597/600/228 596/611/228
f 597/601/239 610/612/239 598/602/239
f 598/602/238 611/613/238 599/614/238
f 611/613/237 600/604/237 599/614/237
f 612/615/236 601/616/236 600/604/236
f 613/617/235 602/605/235 601/616/235
f 614/618/234 591/606/234 602/605/234
f 615/619/245 604/607/245 603/620/245
f 604/607/244 617/621/244 605/608/244
f 617/621/243 606/609/243 605/608/243
f 606/609/242 619/622/242 607/623/242
f 607/623/241 620/624/241 608/610/241
f 608/610/240 621/625/240 609/626/240
f 621/627/251 610/612/251 609/628/251
f 610/612/250 623/629/250 611/613/250
f 623/629/249 612/615/249 611/613/249
f 612/615/248 625/630/248 613/617/248
f 613/617/247 626/631/247 614/618/247
f 614/618/246 615/619/246 603/620/246
f 615/619/257 628/632/257 616/633/257
f 616/633/256 629/634/256 617/621/256
f 629/634/255 618/635/255 617/621/255
f 630/636/254 619/622/254 618/635/254
f 619/622/372 632/637/372 620/624/372
f 632/637/252 621/625/252 620/624/252
f 621/627/263 634/638/263 622/639/263
f 634/638/262 623/629/262 622/639/262
f 623/629/261 636/640/261 624/641/261
f 624/641/260 637/642/260 625/630/260
f 637/642/259 626/631/259 625/630/259
f 638/643/258 615/619/258 626/631/258
f 627/644/269 640/645/269 628/632/269
f 640/645/268 629/634/268 628/632/268
f 629/634/267 642/81/267 630/636/267
f 630/636/266 643/646/266 631/647/266
f 631/647/265 644/648/265 632/637/265
f 632/637/264 645/83/264 633/649/264
f 645/650/275 634/638/275 633/651/275
f 634/638/274 647/652/274 635/653/274
f 647/652/273 636/640/273 635/653/273
f 648/76/272 637/642/272 636/640/272
f 649/654/271 638/643/271 637/642/271
f 650/655/270 627/644/270 638/643/270
f 651/656/281 640/645/281 639/79/281
f 652/657/373 641/658/373 640/645/373
f 653/659/279 642/81/279 641/658/279
f 654/660/278 643/646/278 642/81/278
f 655/661/374 644/648/374 643/646/374
f 656/662/276 645/83/276 644/648/276
f 657/663/287 646/664/287 645/650/287
f 646/664/375 659/665/375 647/652/375
f 647/652/285 660/666/285 648/76/285
f 648/76/284 661/667/284 649/654/284
f 649/654/283 662/668/283 650/655/283
f 650/655/282 651/656/282 639/79/282
f 663/669/293 652/657/293 651/656/293
f 652/657/292 665/670/292 653/659/292
f 665/670/291 654/660/291 653/659/291
f 654/660/290 667/671/290 655/661/290
f 667/671/376 656/662/376 655/661/376
f 668/672/288 657/673/288 656/662/288
f 669/674/299 658/675/299 657/663/299
f 670/676/377 659/665/377 658/675/377
f 671/677/297 660/666/297 659/665/297
f 672/678/296 661/667/296 660/666/296
f 673/679/295 662/668/295 661/667/295
f 662/668/294 663/669/294 651/656/294
f 663/669/305 676/680/305 664/681/305
f 676/680/378 665/670/378 664/681/378
f 665/670/303 678/682/303 666/683/303
f 666/683/302 679/684/302 667/671/302
f 679/684/301 668/672/301 667/671/301
f 680/685/300 669/686/300 668/672/300
f 669/674/311 682/687/311 670/676/311
f 670/676/310 683/688/310 671/677/310
f 683/688/309 672/678/309 671/677/309
f 684/689/308 673/679/308 672/678/308
f 685/690/307 674/691/307 673/679/307
f 686/692/306 663/669/306 674/691/306
f 675/693/317 688/694/317 676/680/317
f 688/694/316 677/695/316 676/680/316
f 689/696/315 678/682/315 677/695/315
f 678/682/314 691/697/314 679/684/314
f 691/697/313 680/685/313 679/684/313
f 692/698/312 681/699/312 680/685/312
f 693/700/323 682/687/323 681/701/323
f 694/702/322 683/688/322 682/687/322
f 695/703/321 684/689/321 683/688/321
f 696/704/320 685/690/320 684/689/320
f 697/705/319 686/692/319 685/690/319
f 686/692/318 687/706/318 675/693/318
f 687/706/329 700/707/329 688/694/329
f 688/694/379 701/708/379 689/696/379
f 689/696/327 702/709/327 690/710/327
f 690/710/326 703/711/326 691/697/326
f 691/697/380 704/712/380 692/698/380
f 704/712/324 693/713/324 692/698/324
f 705/714/335 694/702/335 693/700/335
f 706/715/334 695/703/334 694/702/334
f 707/716/333 696/704/333 695/703/333
f 696/704/332 709/717/332 697/705/332
f 709/717/381 698/718/381 697/705/381
f 710/719/330 687/706/330 698/718/330
f 699/720/341 136/107/341 700/707/341
f 136/107/340 701/708/340 700/707/340
f 701/708/339 138/111/339 702/709/339
f 138/111/338 703/711/338 702/709/338
f 139/113/382 704/712/382 703/711/382
f 704/712/336 141/116/336 705/721/336
f 141/117/347 706/715/347 705/714/347
f 142/119/346 707/716/346 706/715/346
f 707/716/345 144/122/345 708/722/345
f 144/122/344 709/717/344 708/722/344
f 709/717/383 146/125/383 710/719/383
f 146/125/342 699/720/342 710/719/342
f 723/106/60 712/107/60 711/108/60
f 712/107/61 725/109/61 713/110/61
f 725/109/62 714/111/62 713/110/62
f 714/111/63 727/112/63 715/113/63
f 727/112/64 716/115/64 715/113/64
f 728/114/65 717/116/65 716/115/65
f 717/117/66 730/118/66 718/119/66
f 730/118/349 719/121/349 718/119/349
f 731/120/68 720/122/68 719/121/68
f 720/122/69 733/123/69 721/124/69
f 733/123/70 722/125/70 721/124/70
f 722/125/71 723/106/71 711/108/71
f 735/126/72 724/127/72 723/106/72
f 736/143/73 725/109/73 724/127/73
f 737/128/74 726/129/74 725/109/74
f 738/146/75 727/112/75 726/129/75
f 727/112/76 740/131/76 728/114/76
f 728/114/77 741/132/77 729/133/77
f 741/134/78 730/118/78 729/135/78
f 742/136/79 731/120/79 730/118/79
f 743/151/80 732/138/80 731/120/80
f 732/138/81 745/139/81 733/123/81
f 733/123/82 746/140/82 734/141/82
f 734/141/83 735/126/83 723/106/83
f 735/126/84 748/156/84 736/143/84
f 748/156/85 737/128/85 736/143/85
f 737/128/86 750/145/86 738/146/86
f 738/146/87 751/147/87 739/130/87
f 739/130/88 752/148/88 740/131/88
f 752/148/89 741/132/89 740/131/89
f 741/134/90 754/150/90 742/136/90
f 754/150/91 743/151/91 742/136/91
f 755/152/92 744/137/92 743/151/92
f 744/137/93 757/153/93 745/139/93
f 757/153/94 746/140/94 745/139/94
f 746/140/95 747/142/95 735/126/95
f 759/155/96 748/156/96 747/142/96
f 760/157/97 749/144/97 748/156/97
f 749/144/98 762/158/98 750/145/98
f 762/158/99 751/147/99 750/145/99
f 763/159/100 752/148/100 751/147/100
f 764/160/101 753/161/101 752/148/101
f 753/149/102 766/162/102 754/150/102
f 754/150/103 767/163/103 755/152/103
f 767/163/104 756/165/104 755/152/104
f 768/164/105 757/153/105 756/165/105
f 757/153/106 770/167/106 758/154/106
f 758/154/107 759/155/107 747/142/107
f 759/155/108 772/168/108 760/157/108
f 772/168/109 761/169/109 760/157/109
f 773/170/110 762/158/110 761/169/110
f 774/171/111 763/159/111 762/158/111
f 775/184/354 764/160/354 763/159/354
f 764/160/113 777/173/113 765/174/113
f 765/175/114 778/176/114 766/162/114
f 778/176/115 767/163/115 766/162/115
f 767/163/116 780/189/116 768/164/116
f 768/164/117 781/178/117 769/166/117
f 769/166/118 782/179/118 770/167/118
f 770/167/384 771/180/384 759/155/384
f 771/180/120 784/181/120 772/168/120
f 784/181/121 773/170/121 772/168/121
f 785/182/122 774/171/122 773/170/122
f 786/82/123 775/184/123 774/171/123
f 787/183/124 776/172/124 775/184/124
f 788/185/125 777/173/125 776/172/125
f 777/186/126 790/187/126 778/176/126
f 778/176/127 791/188/127 779/177/127
f 791/188/128 780/189/128 779/177/128
f 780/189/129 793/190/129 781/178/129
f 781/178/130 794/191/130 782/179/130
f 794/191/131 771/180/131 782/179/131
f 783/80/132 796/192/132 784/181/132
f 784/181/133 797/193/133 785/182/133
f 797/193/134 786/82/134 785/182/134
f 786/82/135 799/194/135 787/183/135
f 787/183/136 800/210/136 788/185/136
f 788/185/137 801/195/137 789/196/137
f 801/197/138 790/187/138 789/198/138
f 790/187/139 803/200/139 791/188/139
f 803/200/140 792/78/140 791/188/140
f 792/78/141 805/202/141 793/190/141
f 793/190/142 806/203/142 794/191/142
f 806/203/143 783/80/143 794/191/143
f 795/204/144 808/205/144 796/192/144
f 808/205/145 797/193/145 796/192/145
f 797/193/146 810/206/146 798/207/146
f 810/206/147 799/194/147 798/207/147
f 799/194/148 812/209/148 800/210/148
f 800/210/385 813/211/385 801/195/385
f 813/212/386 802/199/386 801/197/386
f 814/213/151 803/200/151 802/199/151
f 815/224/152 804/201/152 803/200/152
f 816/214/153 805/202/153 804/201/153
f 805/202/154 818/215/154 806/203/154
f 818/215/155 795/204/155 806/203/155
f 807/216/156 820/217/156 808/205/156
f 808/205/157 821/233/157 809/218/157
f 809/218/158 822/219/158 810/206/158
f 822/219/159 811/208/159 810/206/159
f 811/208/359 824/221/359 812/209/359
f 812/209/161 825/237/161 813/211/161
f 813/212/162 826/223/162 814/213/162
f 814/213/387 827/225/387 815/224/387
f 827/225/164 816/214/164 815/224/164
f 828/226/165 817/227/165 816/214/165
f 829/228/166 818/215/166 817/227/166
f 830/229/167 807/216/167 818/215/167
f 819/231/168 832/244/168 820/217/168
f 832/244/169 821/233/169 820/217/169
f 833/232/170 822/219/170 821/233/170
f 822/219/171 835/234/171 823/220/171
f 823/220/172 836/235/172 824/221/172
f 824/221/173 837/236/173 825/237/173
f 837/238/174 826/223/174 825/222/174
f 838/239/175 827/225/175 826/223/175
f 839/240/176 828/226/176 827/225/176
f 828/226/177 841/253/177 829/228/177
f 841/253/178 830/229/178 829/228/178
f 842/242/179 819/231/179 830/229/179
f 843/255/180 832/244/180 831/230/180
f 832/244/181 845/245/181 833/232/181
f 833/232/182 846/259/182 834/246/182
f 834/246/362 847/247/362 835/234/362
f 847/247/361 836/235/361 835/234/361
f 836/235/185 849/249/185 837/236/185
f 849/250/186 838/239/186 837/238/186
f 850/263/187 839/240/187 838/239/187
f 851/251/363 840/241/363 839/240/363
f 840/241/189 853/254/189 841/253/189
f 853/254/190 842/242/190 841/253/190
f 854/267/191 831/230/191 842/242/191
f 855/256/192 844/243/192 843/255/192
f 844/243/193 857/269/193 845/245/193
f 845/245/194 858/258/194 846/259/194
f 846/259/195 859/260/195 847/247/195
f 859/260/196 848/248/196 847/247/196
f 860/261/197 849/249/197 848/248/197
f 849/250/198 862/262/198 850/263/198
f 850/263/388 863/264/388 851/251/388
f 863/264/200 852/252/200 851/251/200
f 864/265/201 853/254/201 852/252/201
f 853/254/202 866/280/202 854/267/202
f 854/267/203 855/256/203 843/255/203
f 855/256/204 868/268/204 856/257/204
f 868/268/205 857/269/205 856/257/205
f 869/270/206 858/258/206 857/269/206
f 870/271/207 859/260/207 858/258/207
f 859/260/389 872/272/389 860/261/389
f 860/261/209 873/273/209 861/274/209
f 873/275/210 862/262/210 861/276/210
f 874/277/390 863/264/390 862/262/390
f 863/264/212 876/278/212 864/265/212
f 864/265/213 877/279/213 865/266/213
f 865/266/369 878/281/369 866/280/369
f 878/281/215 855/256/215 866/280/215
f 879/282/216 868/268/216 867/283/216
f 868/268/217 881/284/217 869/270/217
f 869/270/391 882/285/391 870/271/391
f 882/285/219 871/286/219 870/271/219
f 871/286/220 884/287/220 872/272/220
f 872/272/221 885/288/221 873/273/221
f 885/289/222 874/277/222 873/275/222
f 886/290/223 875/291/223 874/277/223
f 875/291/392 888/292/392 876/278/392
f 888/292/393 877/279/393 876/278/393
f 889/305/394 878/281/394 877/279/394
f 878/281/227 879/282/227 867/283/227
f 891/294/228 880/295/228 879/282/228
f 880/295/229 893/296/229 881/284/229
f 893/296/230 882/285/230 881/284/230
f 894/297/231 883/298/231 882/285/231
f 883/298/232 896/299/232 884/287/232
f 884/287/233 897/312/233 885/288/233
f 885/289/234 898/301/234 886/290/234
f 898/301/235 887/302/235 886/290/235
f 887/302/236 900/303/236 888/292/236
f 888/292/237 901/304/237 889/305/237
f 901/304/238 890/293/238 889/305/238
f 890/293/239 891/294/239 879/282/239
f 903/88/240 892/307/240 891/294/240
f 892/307/241 905/308/241 893/296/241
f 893/296/242 906/309/242 894/297/242
f 894/297/243 907/311/243 895/310/243
f 907/311/244 896/299/244 895/310/244
f 896/299/245 909/90/245 897/312/245
f 909/313/246 898/301/246 897/300/246
f 910/314/247 899/315/247 898/301/247
f 911/316/248 900/303/248 899/315/248
f 900/303/249 913/318/249 901/304/249
f 913/318/250 902/306/250 901/304/250
f 902/306/251 903/88/251 891/294/251
f 903/88/252 916/319/252 904/320/252
f 904/320/253 917/321/253 905/308/253
f 917/321/254 906/309/254 905/308/254
f 918/322/255 907/311/255 906/309/255
f 919/323/256 908/324/256 907/311/256
f 920/325/257 909/90/257 908/324/257
f 909/313/258 922/326/258 910/314/258
f 910/314/259 923/327/259 911/316/259
f 911/316/260 924/328/260 912/317/260
f 912/317/261 925/329/261 913/318/261
f 913/318/395 926/330/395 914/331/395
f 926/330/263 903/88/263 914/331/263
f 915/332/264 928/344/264 916/319/264
f 928/344/265 917/321/265 916/319/265
f 917/321/266 930/334/266 918/322/266
f 930/334/267 919/323/267 918/322/267
f 931/335/268 920/325/268 919/323/268
f 920/325/269 933/336/269 921/337/269
f 933/338/270 922/326/270 921/339/270
f 922/326/271 935/340/271 923/327/271
f 935/340/272 924/328/272 923/327/272
f 936/341/273 925/329/273 924/328/273
f 937/355/274 926/330/274 925/329/274
f 938/342/275 915/332/275 926/330/275
f 927/86/276 940/358/276 928/344/276
f 928/344/277 941/345/277 929/333/277
f 941/345/278 930/334/278 929/333/278
f 942/346/279 931/335/279 930/334/279
f 943/347/280 932/348/280 931/335/280
f 944/362/281 933/336/281 932/348/281
f 945/365/282 934/351/282 933/338/282
f 934/351/283 947/352/283 935/340/283
f 935/340/284 948/353/284 936/341/284
f 948/353/285 937/355/285 936/341/285
f 949/354/286 938/342/286 937/355/286
f 938/342/287 939/343/287 927/86/287
f 951/357/288 940/358/288 939/343/288
f 952/371/289 941/345/289 940/358/289
f 941/345/290 954/360/290 942/346/290
f 942/346/291 955/361/291 943/347/291
f 943/347/292 956/363/292 944/362/292
f 944/362/293 957/377/293 945/349/293
f 945/365/294 958/366/294 946/350/294
f 946/350/295 959/367/295 947/352/295
f 959/367/296 948/353/296 947/352/296
f 960/368/297 949/354/297 948/353/297
f 961/381/298 950/356/298 949/354/298
f 962/369/299 939/343/299 950/356/299
f 963/370/300 952/371/300 951/357/300
f 952/371/301 965/372/301 953/359/301
f 965/372/302 954/360/302 953/359/302
f 954/360/303 967/374/303 955/361/303
f 955/361/304 968/375/304 956/363/304
f 968/375/305 957/377/305 956/363/305
f 969/389/306 958/366/306 957/364/306
f 970/378/396 959/367/396 958/366/396
f 971/379/308 960/368/308 959/367/308
f 972/393/309 961/381/309 960/368/309
f 973/380/310 962/369/310 961/381/310
f 962/369/311 963/370/311 951/357/311
f 963/370/312 976/384/312 964/383/312
f 976/384/313 965/372/313 964/383/313
f 977/385/314 966/373/314 965/372/314
f 978/386/315 967/374/315 966/373/315
f 967/374/397 980/388/397 968/375/397
f 980/388/317 969/376/317 968/375/317
f 969/389/318 982/390/318 970/378/318
f 970/378/319 983/391/319 971/379/319
f 971/379/320 984/392/320 972/393/320
f 972/393/321 985/394/321 973/380/321
f 973/380/322 986/395/322 974/396/322
f 974/396/323 975/382/323 963/370/323
f 975/382/324 988/397/324 976/384/324
f 976/384/380 989/398/380 977/385/380
f 989/398/326 978/386/326 977/385/326
f 978/386/327 991/400/327 979/387/327
f 991/400/328 980/388/328 979/387/328
f 992/401/329 981/402/329 980/388/329
f 981/403/330 994/404/330 982/390/330
f 982/390/331 995/405/331 983/391/331
f 983/391/332 996/417/332 984/392/332
f 984/392/333 997/406/333 985/394/333
f 997/406/334 986/395/334 985/394/334
f 998/407/335 975/382/335 986/395/335
f 999/89/336 988/397/336 987/408/336
f 1000/409/337 989/398/337 988/397/337
f 1001/410/338 990/399/338 989/398/338
f 1002/723/339 991/400/339 990/399/339
f 991/400/398 1004/724/398 992/401/398
f 1004/724/341 993/412/341 992/401/341
f 1005/413/342 994/404/342 993/414/342
f 994/404/383 1007/725/383 995/405/383
f 1007/725/344 996/417/344 995/405/344
f 996/417/345 1009/418/345 997/406/345
f 997/406/399 1010/419/399 998/407/399
f 1010/419/347 987/408/347 998/407/347
f 999/422/65 1012/443/65 1000/421/65
f 1000/421/64 1013/423/64 1001/424/64
f 1001/424/63 1014/425/63 1002/426/63
f 1014/425/62 1003/427/62 1002/426/62
f 1015/447/61 1004/429/61 1003/427/61
f 1016/428/60 1005/430/60 1004/429/60
f 1005/431/71 1018/432/71 1006/433/71
f 1018/432/400 1007/435/400 1006/433/400
f 1007/435/69 1020/436/69 1008/437/69
f 1020/436/68 1009/438/68 1008/437/68
f 1021/439/349 1010/440/349 1009/438/349
f 1022/441/66 999/422/66 1010/440/66
f 1023/442/77 1012/443/77 1011/420/77
f 1024/444/350 1013/423/350 1012/443/350
f 1013/423/75 1026/445/75 1014/425/75
f 1026/445/74 1015/447/74 1014/425/74
f 1015/447/73 1028/448/73 1016/428/73
f 1016/428/72 1029/449/72 1017/450/72
f 1029/451/83 1018/432/83 1017/452/83
f 1030/453/82 1019/434/82 1018/432/82
f 1031/463/81 1020/436/81 1019/434/81
f 1032/454/80 1021/439/80 1020/436/80
f 1033/465/79 1022/441/79 1021/439/79
f 1022/441/78 1023/442/78 1011/420/78
f 1035/74/89 1024/444/89 1023/442/89
f 1024/444/88 1037/458/88 1025/457/88
f 1025/457/87 1038/469/87 1026/445/87
f 1038/469/86 1027/446/86 1026/445/86
f 1039/459/85 1028/448/85 1027/446/85
f 1028/448/84 1041/73/84 1029/449/84
f 1029/451/95 1042/473/95 1030/453/95
f 1030/453/94 1043/462/94 1031/463/94
f 1043/462/93 1032/454/93 1031/463/93
f 1044/464/401 1033/465/401 1032/454/401
f 1033/465/402 1046/476/402 1034/455/402
f 1034/455/90 1035/74/90 1023/442/90
f 1035/74/101 1048/467/101 1036/456/101
f 1048/467/100 1037/458/100 1036/456/100
f 1049/481/99 1038/469/99 1037/458/99
f 1050/468/98 1039/459/98 1038/469/98
f 1051/470/97 1040/460/97 1039/459/97
f 1052/471/96 1041/73/96 1040/460/96
f 1041/461/107 1054/472/107 1042/473/107
f 1054/472/106 1043/462/106 1042/473/106
f 1055/474/105 1044/464/105 1043/462/105
f 1056/490/104 1045/466/104 1044/464/104
f 1045/466/103 1058/477/103 1046/476/103
f 1046/476/102 1047/478/102 1035/74/102
f 1059/492/113 1048/467/113 1047/478/113
f 1060/479/354 1049/481/354 1048/467/354
f 1049/481/111 1062/482/111 1050/468/111
f 1062/482/110 1051/470/110 1050/468/110
f 1063/483/355 1052/471/355 1051/470/355
f 1064/484/108 1053/485/108 1052/471/108
f 1053/487/119 1066/499/119 1054/472/119
f 1054/472/356 1067/488/356 1055/474/356
f 1067/488/117 1056/490/117 1055/474/117
f 1068/489/116 1057/475/116 1056/490/116
f 1069/503/115 1058/477/115 1057/475/115
f 1070/491/403 1047/478/403 1058/477/403
f 1071/85/125 1060/479/125 1059/492/125
f 1072/493/124 1061/480/124 1060/479/124
f 1061/480/123 1074/84/123 1062/482/123
f 1062/482/122 1075/495/122 1063/483/122
f 1063/483/121 1076/496/121 1064/484/121
f 1064/484/120 1077/72/120 1065/497/120
f 1065/486/131 1078/500/131 1066/499/131
f 1078/500/130 1067/488/130 1066/499/130
f 1079/501/129 1068/489/129 1067/488/129
f 1080/502/128 1069/503/128 1068/489/128
f 1069/503/127 1082/504/127 1070/491/127
f 1082/504/126 1059/492/126 1070/491/126
f 1071/85/137 1084/517/137 1072/493/137
f 1072/493/404 1085/506/404 1073/494/404
f 1073/494/135 1086/507/135 1074/84/135
f 1086/507/134 1075/495/134 1074/84/134
f 1075/495/357 1088/508/357 1076/496/357
f 1076/496/132 1089/509/132 1077/72/132
f 1089/510/143 1078/500/143 1077/498/143
f 1090/511/142 1079/501/142 1078/500/142
f 1079/501/141 1092/512/141 1080/502/141
f 1092/512/140 1081/513/140 1080/502/140
f 1093/514/139 1082/504/139 1081/513/139
f 1082/504/138 1083/505/138 1071/85/138
f 1083/505/149 1096/516/149 1084/517/149
f 1084/517/148 1097/518/148 1085/506/148
f 1085/506/147 1098/519/147 1086/507/147
f 1086/507/146 1099/521/146 1087/520/146
f 1099/521/145 1088/508/145 1087/520/145
f 1100/522/144 1089/509/144 1088/508/144
f 1089/510/155 1102/523/155 1090/511/155
f 1102/523/154 1091/524/154 1090/511/154
f 1091/524/153 1104/526/153 1092/512/153
f 1104/526/152 1093/514/152 1092/512/152
f 1093/514/151 1106/527/151 1094/515/151
f 1106/527/150 1083/505/150 1094/515/150
f 1095/528/161 1108/529/161 1096/516/161
f 1108/529/359 1097/518/359 1096/516/359
f 1109/544/159 1098/519/159 1097/518/159
f 1110/530/158 1099/521/158 1098/519/158
f 1111/531/157 1100/522/157 1099/521/157
f 1112/532/156 1101/533/156 1100/522/156
f 1101/534/167 1114/535/167 1102/523/167
f 1102/523/405 1115/536/405 1103/525/405
f 1115/536/165 1104/526/165 1103/525/165
f 1116/537/164 1105/539/164 1104/526/164
f 1105/539/163 1118/540/163 1106/527/163
f 1118/540/162 1095/528/162 1106/527/162
f 1119/541/173 1108/529/173 1107/542/173
f 1108/529/406 1121/555/406 1109/544/406
f 1109/544/171 1122/545/171 1110/530/171
f 1110/530/170 1123/546/170 1111/531/170
f 1123/546/169 1112/532/169 1111/531/169
f 1124/547/168 1113/548/168 1112/532/168
f 1113/549/179 1126/550/179 1114/535/179
f 1114/535/178 1127/551/178 1115/536/178
f 1127/551/177 1116/537/177 1115/536/177
f 1128/552/176 1117/538/176 1116/537/176
f 1117/538/175 1130/565/175 1118/540/175
f 1118/540/174 1119/541/174 1107/542/174
f 1119/541/185 1132/554/185 1120/543/185
f 1132/554/361 1121/555/361 1120/543/361
f 1133/556/362 1122/545/362 1121/555/362
f 1122/545/182 1135/557/182 1123/546/182
f 1123/546/407 1136/558/407 1124/547/407
f 1136/558/180 1125/559/180 1124/547/180
f 1125/560/191 1138/561/191 1126/550/191
f 1126/550/190 1139/562/190 1127/551/190
f 1139/562/189 1128/552/189 1127/551/189
f 1140/563/363 1129/553/363 1128/552/363
f 1129/553/187 1142/564/187 1130/565/187
f 1130/565/186 1131/566/186 1119/541/186
f 1131/566/197 1144/567/197 1132/554/197
f 1144/567/196 1133/556/196 1132/554/196
f 1145/568/195 1134/569/195 1133/556/195
f 1134/569/194 1147/570/194 1135/557/194
f 1135/557/408 1148/571/408 1136/558/408
f 1148/571/192 1137/572/192 1136/558/192
f 1137/573/203 1150/574/203 1138/561/203
f 1150/574/366 1139/562/366 1138/561/366
f 1151/590/201 1140/563/201 1139/562/201
f 1152/575/200 1141/577/200 1140/563/200
f 1153/576/388 1142/564/388 1141/577/388
f 1154/578/198 1131/566/198 1142/564/198
f 1143/579/209 1156/580/209 1144/567/209
f 1156/580/389 1145/568/389 1144/567/389
f 1157/581/207 1146/582/207 1145/568/207
f 1158/583/206 1147/570/206 1146/582/206
f 1147/570/205 1160/584/205 1148/571/205
f 1148/571/204 1161/585/204 1149/586/204
f 1161/587/215 1150/574/215 1149/588/215
f 1162/589/369 1151/590/369 1150/574/369
f 1151/590/213 1164/591/213 1152/575/213
f 1152/575/212 1165/592/212 1153/576/212
f 1165/592/409 1154/578/409 1153/576/409
f 1166/593/210 1143/579/210 1154/578/210
f 1155/594/221 1168/595/221 1156/580/221
f 1168/595/410 1157/581/410 1156/580/410
f 1157/581/411 1170/597/411 1158/583/411
f 1170/597/391 1159/598/391 1158/583/391
f 1171/599/370 1160/584/370 1159/598/370
f 1160/584/216 1173/600/216 1161/585/216
f 1173/601/227 1162/589/227 1161/587/227
f 1162/589/226 1175/614/226 1163/603/226
f 1163/603/393 1176/604/393 1164/591/393
f 1164/591/392 1177/616/392 1165/592/392
f 1165/592/223 1178/605/223 1166/593/223
f 1178/605/222 1155/594/222 1166/593/222
f 1179/620/233 1168/595/233 1167/606/233
f 1180/607/232 1169/596/232 1168/595/232
f 1169/596/231 1182/609/231 1170/597/231
f 1170/597/230 1183/623/230 1171/599/230
f 1183/623/229 1172/611/229 1171/599/229
f 1184/610/228 1173/600/228 1172/611/228
f 1173/601/239 1186/612/239 1174/602/239
f 1186/612/238 1175/614/238 1174/602/238
f 1187/613/237 1176/604/237 1175/614/237
f 1188/615/236 1177/616/236 1176/604/236
f 1189/617/235 1178/605/235 1177/616/235
f 1190/618/234 1167/606/234 1178/605/234
f 1191/619/245 1180/607/245 1179/620/245
f 1192/633/244 1181/608/244 1180/607/244
f 1193/621/243 1182/609/243 1181/608/243
f 1182/609/242 1195/622/242 1183/623/242
f 1195/622/241 1184/610/241 1183/623/241
f 1196/624/240 1185/626/240 1184/610/240
f 1197/627/251 1186/612/251 1185/628/251
f 1198/639/250 1187/613/250 1186/612/250
f 1199/629/249 1188/615/249 1187/613/249
f 1188/615/248 1201/630/248 1189/617/248
f 1201/630/247 1190/618/247 1189/617/247
f 1190/618/246 1191/619/246 1179/620/246
f 1191/619/257 1204/632/257 1192/633/257
f 1192/633/256 1205/634/256 1193/621/256
f 1205/634/255 1194/635/255 1193/621/255
f 1206/636/254 1195/622/254 1194/635/254
f 1195/622/372 1208/637/372 1196/624/372
f 1208/637/252 1197/625/252 1196/624/252
f 1197/627/263 1210/638/263 1198/639/263
f 1210/638/262 1199/629/262 1198/639/262
f 1211/653/261 1200/641/261 1199/629/261
f 1212/640/260 1201/630/260 1200/641/260
f 1201/630/412 1214/643/412 1202/631/412
f 1214/643/258 1191/619/258 1202/631/258
f 1203/644/269 1216/645/269 1204/632/269
f 1204/632/268 1217/658/268 1205/634/268
f 1205/634/267 1218/81/267 1206/636/267
f 1218/81/266 1207/647/266 1206/636/266
f 1219/646/265 1208/637/265 1207/647/265
f 1208/637/264 1221/83/264 1209/649/264
f 1221/650/275 1210/638/275 1209/651/275
f 1222/664/274 1211/653/274 1210/638/274
f 1223/652/273 1212/640/273 1211/653/273
f 1224/76/272 1213/642/272 1212/640/272
f 1213/642/413 1226/655/413 1214/643/413
f 1226/655/270 1203/644/270 1214/643/270
f 1227/656/281 1216/645/281 1215/79/281
f 1228/657/280 1217/658/280 1216/645/280
f 1217/658/279 1230/660/279 1218/81/279
f 1230/660/278 1219/646/278 1218/81/278
f 1231/661/374 1220/648/374 1219/646/374
f 1220/648/276 1233/673/276 1221/83/276
f 1221/650/287 1234/675/287 1222/664/287
f 1222/664/375 1235/665/375 1223/652/375
f 1223/652/285 1236/666/285 1224/76/285
f 1236/666/284 1225/654/284 1224/76/284
f 1225/654/414 1238/668/414 1226/655/414
f 1226/655/282 1227/656/282 1215/79/282
f 1239/669/293 1228/657/293 1227/656/293
f 1228/657/292 1241/670/292 1229/659/292
f 1241/670/291 1230/660/291 1229/659/291
f 1242/683/290 1231/661/290 1230/660/290
f 1231/661/376 1244/672/376 1232/662/376
f 1244/672/288 1233/673/288 1232/662/288
f 1245/674/299 1234/675/299 1233/663/299
f 1234/675/377 1247/677/377 1235/665/377
f 1247/677/297 1236/666/297 1235/665/297
f 1248/678/296 1237/667/296 1236/666/296
f 1249/679/295 1238/668/295 1237/667/295
f 1238/668/294 1239/669/294 1227/656/294
f 1239/669/305 1252/680/305 1240/681/305
f 1252/680/378 1241/670/378 1240/681/378
f 1241/670/303 1254/682/303 1242/683/303
f 1242/683/302 1255/684/302 1243/671/302
f 1255/684/301 1244/672/301 1243/671/301
f 1256/685/300 1245/686/300 1244/672/300
f 1245/674/311 1258/687/311 1246/676/311
f 1246/676/310 1259/688/310 1247/677/310
f 1259/688/309 1248/678/309 1247/677/309
f 1260/689/308 1249/679/308 1248/678/308
f 1249/679/307 1262/692/307 1250/691/307
f 1262/692/306 1239/669/306 1250/691/306
f 1263/706/317 1252/680/317 1251/693/317
f 1252/680/316 1265/696/316 1253/695/316
f 1265/696/315 1254/682/315 1253/695/315
f 1254/682/314 1267/697/314 1255/684/314
f 1255/684/313 1268/698/313 1256/685/313
f 1256/685/312 1269/713/312 1257/699/312
f 1257/701/323 1270/702/323 1258/687/323
f 1258/687/322 1271/703/322 1259/688/322
f 1271/703/321 1260/689/321 1259/688/321
f 1272/704/320 1261/690/320 1260/689/320
f 1261/690/319 1274/718/319 1262/692/319
f 1274/718/318 1251/693/318 1262/692/318
f 1263/706/329 1276/707/329 1264/694/329
f 1264/694/379 1277/708/379 1265/696/379
f 1277/708/327 1266/710/327 1265/696/327
f 1266/710/326 1279/711/326 1267/697/326
f 1267/697/380 1280/712/380 1268/698/380
f 1280/712/324 1269/713/324 1268/698/324
f 1269/700/335 1282/715/335 1270/702/335
f 1282/715/334 1271/703/334 1270/702/334
f 1283/716/333 1272/704/333 1271/703/333
f 1284/722/332 1273/705/332 1272/704/332
f 1285/717/381 1274/718/381 1273/705/381
f 1274/718/330 1275/720/330 1263/706/330
f 1275/720/341 712/107/341 1276/707/341
f 712/107/340 1277/708/340 1276/707/340
f 1277/708/339 714/111/339 1278/709/339
f 714/111/338 1279/711/338 1278/709/338
f 1279/711/382 716/115/382 1280/712/382
f 1280/712/336 717/116/336 1281/721/336
f 717/117/347 1282/715/347 1281/714/347
f 1282/715/346 719/121/346 1283/716/346
f 719/121/345 1284/722/345 1283/716/345
f 720/122/344 1285/717/344 1284/722/344
f 1285/717/383 722/125/383 1286/719/383
f 722/125/342 1275/720/342 1286/719/342
f 76/75/50 78/78/50 77/76/50
f 78/78/53 82/80/53 81/79/53
f 82/80/54 80/82/54 79/81/54
f 80/82/51 76/196/51 75/83/51
f 81/79/49 79/81/49 75/84/49
f 78/86/52 76/334/52 80/82/52
f 84/75/50 86/78/50 85/76/50
f 86/78/53 90/80/53 89/79/53
f 90/80/54 88/82/54 87/81/54
f 88/82/51 84/196/51 83/83/51
f 89/79/49 87/81/49 83/84/49
f 86/86/52 84/334/52 88/82/52
f 92/75/50 94/78/50 93/76/50
f 94/78/53 98/80/53 97/79/53
f 98/80/54 96/82/54 95/81/54
f 96/82/51 92/196/51 91/83/51
f 97/79/49 95/81/49 91/84/49
f 94/86/52 92/334/52 96/82/52
f 100/75/50 102/78/50 101/76/50
f 102/78/53 106/80/53 105/79/53
f 106/80/54 104/82/54 103/81/54
f 104/82/51 100/196/51 99/83/51
f 105/79/49 103/81/49 99/84/49
f 102/86/52 100/334/52 104/82/52
f 108/75/50 110/78/50 109/76/50
f 110/78/53 114/80/53 113/79/53
f 114/80/54 112/82/54 111/81/54
f 112/82/51 108/196/51 107/83/51
f 113/79/49 111/81/49 107/84/49
f 110/86/52 108/334/52 112/82/52
f 116/75/50 118/78/50 117/76/50
f 118/78/53 122/80/53 121/79/53
f 122/80/54 120/82/54 119/81/54
f 120/82/51 116/196/51 115/83/51
f 121/79/49 119/81/49 115/84/49
f 118/86/52 116/334/52 120/82/52
f 147/106/60 148/127/60 136/107/60
f 136/107/61 148/127/61 149/109/61
f 149/109/62 150/129/62 138/111/62
f 138/111/63 150/129/63 151/112/63
f 139/113/446 151/112/446 152/114/446
f 152/114/65 153/133/65 141/116/65
f 141/117/66 153/135/66 154/118/66
f 142/119/349 154/118/349 155/120/349
f 155/120/68 156/138/68 144/122/68
f 144/122/69 156/138/69 157/123/69
f 157/123/70 158/141/70 146/125/70
f 146/125/71 158/141/71 147/106/71
f 159/126/72 160/143/72 148/127/72
f 148/127/447 160/143/447 161/128/447
f 161/128/74 162/146/74 150/129/74
f 150/129/75 162/146/75 163/130/75
f 151/112/76 163/130/76 164/131/76
f 152/114/77 164/131/77 165/132/77
f 165/134/78 166/136/78 154/118/78
f 166/136/79 167/151/79 155/120/79
f 155/120/80 167/151/80 168/137/80
f 156/138/81 168/137/81 169/139/81
f 157/123/82 169/139/82 170/140/82
f 158/141/83 170/140/83 159/126/83
f 171/142/84 172/156/84 160/143/84
f 160/143/85 172/156/85 173/144/85
f 161/128/86 173/144/86 174/145/86
f 162/146/87 174/145/87 175/147/87
f 163/130/88 175/147/88 176/148/88
f 176/148/89 177/161/89 165/132/89
f 177/149/90 178/150/90 166/136/90
f 178/150/91 179/152/91 167/151/91
f 179/152/92 180/165/92 168/137/92
f 168/137/93 180/165/93 181/153/93
f 169/139/94 181/153/94 182/154/94
f 170/140/95 182/154/95 171/142/95
f 183/155/96 184/157/96 172/156/96
f 184/157/97 185/169/97 173/144/97
f 173/144/98 185/169/98 186/158/98
f 174/145/99 186/158/99 187/159/99
f 187/159/100 188/160/100 176/148/100
f 188/160/101 189/174/101 177/161/101
f 177/149/102 189/175/102 190/162/102
f 178/150/103 190/162/103 191/163/103
f 179/152/104 191/163/104 192/164/104
f 192/164/105 193/166/105 181/153/105
f 193/166/106 194/167/106 182/154/106
f 194/167/107 183/155/107 171/142/107
f 183/155/108 195/180/108 196/168/108
f 196/168/109 197/170/109 185/169/109
f 197/170/110 198/171/110 186/158/110
f 198/171/111 199/184/111 187/159/111
f 187/159/354 199/184/354 200/172/354
f 188/160/113 200/172/113 201/173/113
f 189/175/114 201/186/114 202/176/114
f 202/176/115 203/177/115 191/163/115
f 203/177/116 204/189/116 192/164/116
f 192/164/117 204/189/117 205/178/117
f 193/166/118 205/178/118 206/179/118
f 194/167/119 206/179/119 195/180/119
f 195/180/120 207/80/120 208/181/120
f 196/168/121 208/181/121 209/182/121
f 209/182/122 210/82/122 198/171/122
f 198/171/123 210/82/123 211/183/123
f 211/183/124 212/185/124 200/172/124
f 212/185/125 213/196/125 201/173/125
f 201/186/126 213/198/126 214/187/126
f 214/187/127 215/188/127 203/177/127
f 215/188/128 216/78/128 204/189/128
f 204/189/129 216/78/129 217/190/129
f 217/190/130 218/191/130 206/179/130
f 218/191/131 207/80/131 195/180/131
f 207/80/132 219/204/132 220/192/132
f 220/192/133 221/193/133 209/182/133
f 221/193/134 222/207/134 210/82/134
f 210/82/135 222/207/135 223/194/135
f 223/194/136 224/210/136 212/185/136
f 212/185/137 224/210/137 225/195/137
f 225/197/138 226/199/138 214/187/138
f 226/199/139 227/200/139 215/188/139
f 227/200/140 228/201/140 216/78/140
f 228/201/141 229/202/141 217/190/141
f 229/202/142 230/203/142 218/191/142
f 230/203/143 219/204/143 207/80/143
f 219/204/144 231/216/144 232/205/144
f 232/205/145 233/218/145 221/193/145
f 221/193/146 233/218/146 234/206/146
f 222/207/147 234/206/147 235/208/147
f 223/194/148 235/208/148 236/209/148
f 224/210/385 236/209/385 237/211/385
f 237/212/150 238/213/150 226/199/150
f 238/213/151 239/224/151 227/200/151
f 227/200/152 239/224/152 240/214/152
f 240/214/153 241/227/153 229/202/153
f 229/202/154 241/227/154 242/215/154
f 242/215/155 231/216/155 219/204/155
f 231/216/156 243/231/156 244/217/156
f 244/217/157 245/233/157 233/218/157
f 233/218/158 245/233/158 246/219/158
f 246/219/159 247/220/159 235/208/159
f 247/220/160 248/221/160 236/209/160
f 248/221/161 249/237/161 237/211/161
f 249/222/162 250/223/162 238/213/162
f 250/223/387 251/225/387 239/224/387
f 251/225/164 252/226/164 240/214/164
f 252/226/165 253/228/165 241/227/165
f 253/228/166 254/229/166 242/215/166
f 254/229/167 243/231/167 231/216/167
f 255/230/168 256/244/168 244/217/168
f 244/217/169 256/244/169 257/232/169
f 257/232/170 258/246/170 246/219/170
f 246/219/171 258/246/171 259/234/171
f 247/220/406 259/234/406 260/235/406
f 248/221/173 260/235/173 261/236/173
f 261/238/174 262/239/174 250/223/174
f 262/239/175 263/240/175 251/225/175
f 263/240/176 264/241/176 252/226/176
f 264/241/177 265/253/177 253/228/177
f 253/228/178 265/253/178 266/242/178
f 266/242/179 255/230/179 243/231/179
f 255/230/180 267/255/180 268/243/180
f 256/244/181 268/243/181 269/245/181
f 269/245/182 270/259/182 258/246/182
f 258/246/362 270/259/362 271/247/362
f 259/234/361 271/247/361 272/248/361
f 260/235/185 272/248/185 273/249/185
f 273/250/186 274/263/186 262/239/186
f 262/239/187 274/263/187 275/251/187
f 275/251/363 276/252/363 264/241/363
f 276/252/448 277/254/448 265/253/448
f 277/254/190 278/267/190 266/242/190
f 266/242/191 278/267/191 267/255/191
f 279/256/192 280/257/192 268/243/192
f 280/257/193 281/269/193 269/245/193
f 269/245/194 281/269/194 282/258/194
f 270/259/195 282/258/195 283/260/195
f 283/260/364 284/261/364 272/248/364
f 284/261/197 285/274/197 273/249/197
f 273/250/198 285/276/198 286/262/198
f 286/262/388 287/264/388 275/251/388
f 287/264/200 288/265/200 276/252/200
f 288/265/201 289/266/201 277/254/201
f 289/266/202 290/280/202 278/267/202
f 278/267/203 290/280/203 279/256/203
f 279/256/204 291/283/204 292/268/204
f 292/268/449 293/270/449 281/269/449
f 293/270/206 294/271/206 282/258/206
f 294/271/207 295/286/207 283/260/207
f 283/260/368 295/286/368 296/272/368
f 284/261/209 296/272/209 297/273/209
f 297/275/210 298/277/210 286/262/210
f 298/277/390 299/291/390 287/264/390
f 287/264/212 299/291/212 300/278/212
f 288/265/213 300/278/213 301/279/213
f 301/279/369 302/281/369 290/280/369
f 302/281/215 291/283/215 279/256/215
f 303/282/216 304/295/216 292/268/216
f 292/268/370 304/295/370 305/284/370
f 293/270/391 305/284/391 306/285/391
f 306/285/411 307/298/411 295/286/411
f 295/286/220 307/298/220 308/287/220
f 296/272/221 308/287/221 309/288/221
f 309/289/222 310/290/222 298/277/222
f 310/290/223 311/302/223 299/291/223
f 299/291/224 311/302/224 312/292/224
f 312/292/393 313/305/393 301/279/393
f 301/279/394 313/305/394 314/293/394
f 302/281/227 314/293/227 303/282/227
f 315/294/228 316/307/228 304/295/228
f 304/295/229 316/307/229 317/296/229
f 317/296/230 318/297/230 306/285/230
f 318/297/231 319/310/231 307/298/231
f 307/298/232 319/310/232 320/299/232
f 320/299/233 321/312/233 309/288/233
f 321/300/234 322/301/234 310/290/234
f 322/301/235 323/315/235 311/302/235
f 311/302/236 323/315/236 324/303/236
f 312/292/237 324/303/237 325/304/237
f 313/305/238 325/304/238 326/306/238
f 314/293/239 326/306/239 315/294/239
f 327/88/240 328/320/240 316/307/240
f 316/307/450 328/320/450 329/308/450
f 329/308/242 330/309/242 318/297/242
f 330/309/243 331/311/243 319/310/243
f 331/311/244 332/324/244 320/299/244
f 320/299/245 332/324/245 333/90/245
f 333/313/246 334/314/246 322/301/246
f 334/314/247 335/316/247 323/315/247
f 335/316/248 336/317/248 324/303/248
f 336/317/249 337/318/249 325/304/249
f 337/318/451 338/331/451 326/306/451
f 326/306/251 338/331/251 327/88/251
f 327/88/252 339/332/252 340/319/252
f 340/319/372 341/321/372 329/308/372
f 341/321/254 342/322/254 330/309/254
f 342/322/255 343/323/255 331/311/255
f 343/323/256 344/325/256 332/324/256
f 344/325/452 345/337/452 333/90/452
f 333/313/258 345/339/258 346/326/258
f 334/314/412 346/326/412 347/327/412
f 335/316/260 347/327/260 348/328/260
f 336/317/261 348/328/261 349/329/261
f 337/318/395 349/329/395 350/330/395
f 350/330/263 339/332/263 327/88/263
f 351/86/264 352/344/264 340/319/264
f 340/319/265 352/344/265 353/333/265
f 341/321/266 353/333/266 354/334/266
f 354/334/267 355/335/267 343/323/267
f 355/335/268 356/348/268 344/325/268
f 344/325/269 356/348/269 357/336/269
f 357/338/270 358/351/270 346/326/270
f 346/326/271 358/351/271 359/340/271
f 359/340/272 360/341/272 348/328/272
f 360/341/273 361/355/273 349/329/273
f 349/329/453 361/355/453 362/342/453
f 362/342/275 351/86/275 339/332/275
f 363/343/276 364/358/276 352/344/276
f 352/344/374 364/358/374 365/345/374
f 365/345/278 366/346/278 354/334/278
f 366/346/279 367/347/279 355/335/279
f 367/347/280 368/362/280 356/348/280
f 356/348/281 368/362/281 369/349/281
f 357/338/282 369/365/282 370/350/282
f 358/351/283 370/350/283 371/352/283
f 359/340/284 371/352/284 372/353/284
f 360/341/285 372/353/285 373/354/285
f 373/354/375 374/356/375 362/342/375
f 374/356/287 363/343/287 351/86/287
f 375/357/288 376/371/288 364/358/288
f 364/358/376 376/371/376 377/359/376
f 365/345/290 377/359/290 378/360/290
f 366/346/291 378/360/291 379/361/291
f 379/361/292 380/363/292 368/362/292
f 380/363/293 381/377/293 369/349/293
f 381/364/294 382/366/294 370/350/294
f 382/366/295 383/367/295 371/352/295
f 383/367/296 384/368/296 372/353/296
f 384/368/297 385/381/297 373/354/297
f 373/354/377 385/381/377 386/369/377
f 374/356/299 386/369/299 375/357/299
f 387/370/300 388/383/300 376/371/300
f 376/371/301 388/383/301 389/372/301
f 377/359/302 389/372/302 390/373/302
f 378/360/303 390/373/303 391/374/303
f 379/361/378 391/374/378 392/375/378
f 380/363/305 392/375/305 393/376/305
f 381/364/306 393/389/306 394/378/306
f 394/378/307 395/379/307 383/367/307
f 395/379/308 396/393/308 384/368/308
f 384/368/309 396/393/309 397/380/309
f 397/380/310 398/396/310 386/369/310
f 386/369/311 398/396/311 387/370/311
f 399/382/312 400/384/312 388/383/312
f 400/384/313 401/385/313 389/372/313
f 401/385/314 402/386/314 390/373/314
f 402/386/315 403/387/315 391/374/315
f 403/387/397 404/388/397 392/375/397
f 404/388/317 405/402/317 393/376/317
f 393/389/318 405/403/318 406/390/318
f 394/378/454 406/390/454 407/391/454
f 395/379/320 407/391/320 408/392/320
f 396/393/321 408/392/321 409/394/321
f 397/380/322 409/394/322 410/395/322
f 410/395/323 399/382/323 387/370/323
f 399/382/324 411/408/324 412/397/324
f 412/397/380 413/398/380 401/385/380
f 413/398/326 414/399/326 402/386/326
f 414/399/327 415/400/327 403/387/327
f 415/400/379 416/401/379 404/388/379
f 416/401/329 417/412/329 405/402/329
f 405/403/330 417/414/330 418/404/330
f 406/390/381 418/404/381 419/405/381
f 419/405/332 420/417/332 408/392/332
f 408/392/333 420/417/333 421/406/333
f 421/406/455 422/407/455 410/395/455
f 422/407/335 411/408/335 399/382/335
f 423/89/336 424/409/336 412/397/336
f 424/409/456 425/410/456 413/398/456
f 425/410/338 426/723/338 414/399/338
f 414/399/339 426/723/339 427/411/339
f 427/411/398 428/724/398 416/401/398
f 416/401/341 428/724/341 429/87/341
f 429/413/342 430/415/342 418/404/342
f 430/415/383 431/725/383 419/405/383
f 419/405/344 431/725/344 432/416/344
f 420/417/345 432/416/345 433/418/345
f 433/418/346 434/419/346 422/407/346
f 434/419/347 423/89/347 411/408/347
f 435/420/65 436/443/65 424/421/65
f 424/421/64 436/443/64 437/423/64
f 425/424/63 437/423/63 438/425/63
f 438/425/62 439/447/62 427/427/62
f 427/427/61 439/447/61 440/428/61
f 440/428/60 441/450/60 429/430/60
f 429/431/71 441/452/71 442/432/71
f 430/433/400 442/432/400 443/434/400
f 431/435/69 443/434/69 444/436/69
f 444/436/68 445/439/68 433/438/68
f 445/439/67 446/441/67 434/440/67
f 446/441/66 435/420/66 423/422/66
f 447/442/77 448/444/77 436/443/77
f 448/444/76 449/457/76 437/423/76
f 437/423/75 449/457/75 450/445/75
f 438/425/74 450/445/74 451/446/74
f 439/447/447 451/446/447 452/448/447
f 440/428/72 452/448/72 453/449/72
f 453/451/83 454/453/83 442/432/83
f 454/453/457 455/463/457 443/434/457
f 443/434/81 455/463/81 456/454/81
f 456/454/80 457/465/80 445/439/80
f 445/439/79 457/465/79 458/455/79
f 446/441/78 458/455/78 447/442/78
f 459/74/89 460/456/89 448/444/89
f 460/456/88 461/458/88 449/457/88
f 461/458/87 462/469/87 450/445/87
f 450/445/86 462/469/86 463/459/86
f 463/459/458 464/460/458 452/448/458
f 464/460/84 465/73/84 453/449/84
f 465/461/95 466/473/95 454/453/95
f 454/453/459 466/473/459 467/462/459
f 455/463/93 467/462/93 468/464/93
f 468/464/92 469/466/92 457/465/92
f 469/466/91 470/476/91 458/455/91
f 458/455/90 470/476/90 459/74/90
f 459/74/101 471/478/101 472/467/101
f 472/467/100 473/481/100 461/458/100
f 461/458/99 473/481/99 474/468/99
f 462/469/98 474/468/98 475/470/98
f 463/459/97 475/470/97 476/471/97
f 476/471/96 477/485/96 465/73/96
f 465/461/107 477/487/107 478/472/107
f 466/473/106 478/472/106 479/474/106
f 479/474/105 480/490/105 468/464/105
f 468/464/104 480/490/104 481/475/104
f 481/475/103 482/477/103 470/476/103
f 482/477/102 471/478/102 459/74/102
f 471/478/113 483/492/113 484/479/113
f 472/467/354 484/479/354 485/480/354
f 473/481/111 485/480/111 486/482/111
f 474/468/110 486/482/110 487/483/110
f 487/483/109 488/484/109 476/471/109
f 488/484/460 489/497/460 477/485/460
f 489/486/119 490/499/119 478/472/119
f 478/472/118 490/499/118 491/488/118
f 479/474/117 491/488/117 492/489/117
f 492/489/116 493/503/116 481/475/116
f 481/475/115 493/503/115 494/491/115
f 482/477/114 494/491/114 483/492/114
f 483/492/125 495/85/125 496/493/125
f 496/493/461 497/494/461 485/480/461
f 497/494/123 498/84/123 486/482/123
f 486/482/122 498/84/122 499/495/122
f 487/483/121 499/495/121 500/496/121
f 500/496/120 501/72/120 489/497/120
f 501/498/131 502/500/131 490/499/131
f 502/500/130 503/501/130 491/488/130
f 503/501/129 504/502/129 492/489/129
f 504/502/128 505/513/128 493/503/128
f 493/503/462 505/513/462 506/504/462
f 506/504/126 495/85/126 483/492/126
f 507/505/137 508/517/137 496/493/137
f 496/493/136 508/517/136 509/506/136
f 497/494/135 509/506/135 510/507/135
f 510/507/134 511/520/134 499/495/134
f 499/495/133 511/520/133 512/508/133
f 500/496/132 512/508/132 513/509/132
f 513/510/143 514/511/143 502/500/143
f 514/511/142 515/524/142 503/501/142
f 503/501/141 515/524/141 516/512/141
f 516/512/140 517/514/140 505/513/140
f 517/514/139 518/515/139 506/504/139
f 518/515/138 507/505/138 495/85/138
f 507/505/385 519/528/385 520/516/385
f 508/517/148 520/516/148 521/518/148
f 509/506/147 521/518/147 522/519/147
f 522/519/146 523/521/146 511/520/146
f 523/521/145 524/522/145 512/508/145
f 524/522/144 525/533/144 513/509/144
f 513/510/155 525/534/155 526/523/155
f 526/523/154 527/525/154 515/524/154
f 527/525/153 528/526/153 516/512/153
f 528/526/152 529/539/152 517/514/152
f 517/514/151 529/539/151 530/527/151
f 530/527/150 519/528/150 507/505/150
f 519/528/161 531/542/161 532/529/161
f 532/529/160 533/544/160 521/518/160
f 521/518/159 533/544/159 534/530/159
f 534/530/158 535/531/158 523/521/158
f 535/531/157 536/532/157 524/522/157
f 536/532/156 537/548/156 525/533/156
f 525/534/167 537/549/167 538/535/167
f 526/523/166 538/535/166 539/536/166
f 527/525/165 539/536/165 540/537/165
f 528/526/164 540/537/164 541/538/164
f 529/539/387 541/538/387 542/540/387
f 542/540/162 531/542/162 519/528/162
f 543/541/173 544/543/173 532/529/173
f 544/543/406 545/555/406 533/544/406
f 533/544/171 545/555/171 546/545/171
f 534/530/170 546/545/170 547/546/170
f 547/546/463 548/547/463 536/532/463
f 548/547/168 549/559/168 537/548/168
f 537/549/179 549/560/179 550/550/179
f 538/535/178 550/550/178 551/551/178
f 551/551/177 552/552/177 540/537/177
f 552/552/176 553/553/176 541/538/176
f 553/553/360 554/565/360 542/540/360
f 542/540/174 554/565/174 543/541/174
f 543/541/185 555/566/185 556/554/185
f 556/554/184 557/556/184 545/555/184
f 557/556/362 558/569/362 546/545/362
f 546/545/464 558/569/464 559/557/464
f 559/557/181 560/558/181 548/547/181
f 560/558/180 561/572/180 549/559/180
f 549/560/191 561/573/191 562/561/191
f 562/561/190 563/562/190 551/551/190
f 563/562/189 564/563/189 552/552/189
f 564/563/188 565/577/188 553/553/188
f 553/553/465 565/577/465 566/564/465
f 566/564/186 555/566/186 543/541/186
f 555/566/197 567/579/197 568/567/197
f 556/554/466 568/567/466 569/568/466
f 569/568/195 570/582/195 558/569/195
f 558/569/194 570/582/194 571/570/194
f 559/557/193 571/570/193 572/571/193
f 572/571/192 573/586/192 561/572/192
f 561/573/203 573/588/203 574/574/203
f 574/574/366 575/590/366 563/562/366
f 563/562/201 575/590/201 576/575/201
f 564/563/200 576/575/200 577/576/200
f 577/576/199 578/578/199 566/564/199
f 578/578/198 567/579/198 555/566/198
f 567/579/209 579/594/209 580/580/209
f 568/567/368 580/580/368 581/581/368
f 581/581/207 582/583/207 570/582/207
f 582/583/206 583/598/206 571/570/206
f 571/570/449 583/598/449 584/584/449
f 572/571/204 584/584/204 585/585/204
f 585/587/215 586/589/215 574/574/215
f 586/589/369 587/603/369 575/590/369
f 575/590/213 587/603/213 588/591/213
f 576/575/212 588/591/212 589/592/212
f 577/576/211 589/592/211 590/593/211
f 590/593/210 579/594/210 567/579/210
f 579/594/221 591/606/221 592/595/221
f 592/595/220 593/596/220 581/581/220
f 593/596/411 594/597/411 582/583/411
f 594/597/391 595/599/391 583/598/391
f 595/599/370 596/611/370 584/584/370
f 584/584/216 596/611/216 597/600/216
f 597/601/227 598/602/227 586/589/227
f 598/602/394 599/614/394 587/603/394
f 587/603/225 599/614/225 600/604/225
f 600/604/392 601/616/392 589/592/392
f 589/592/223 601/616/223 602/605/223
f 602/605/222 591/606/222 579/594/222
f 591/606/233 603/620/233 604/607/233
f 592/595/467 604/607/467 605/608/467
f 593/596/231 605/608/231 606/609/231
f 606/609/230 607/623/230 595/599/230
f 595/599/468 607/623/468 608/610/468
f 608/610/228 609/626/228 597/600/228
f 597/601/239 609/628/239 610/612/239
f 598/602/238 610/612/238 611/613/238
f 611/613/237 612/615/237 600/604/237
f 612/615/236 613/617/236 601/616/236
f 613/617/235 614/618/235 602/605/235
f 614/618/234 603/620/234 591/606/234
f 615/619/245 616/633/245 604/607/245
f 604/607/244 616/633/244 617/621/244
f 617/621/243 618/635/243 606/609/243
f 606/609/242 618/635/242 619/622/242
f 607/623/241 619/622/241 620/624/241
f 608/610/240 620/624/240 621/625/240
f 621/627/251 622/639/251 610/612/251
f 610/612/451 622/639/451 623/629/451
f 623/629/249 624/641/249 612/615/249
f 612/615/248 624/641/248 625/630/248
f 613/617/247 625/630/247 626/631/247
f 614/618/246 626/631/246 615/619/246
f 615/619/257 627/644/257 628/632/257
f 616/633/256 628/632/256 629/634/256
f 629/634/255 630/636/255 618/635/255
f 630/636/254 631/647/254 619/622/254
f 619/622/253 631/647/253 632/637/253
f 632/637/469 633/649/469 621/625/469
f 621/627/263 633/651/263 634/638/263
f 634/638/395 635/653/395 623/629/395
f 623/629/261 635/653/261 636/640/261
f 624/641/260 636/640/260 637/642/260
f 637/642/259 638/643/259 626/631/259
f 638/643/258 627/644/258 615/619/258
f 627/644/269 639/79/269 640/645/269
f 640/645/268 641/658/268 629/634/268
f 629/634/267 641/658/267 642/81/267
f 630/636/266 642/81/266 643/646/266
f 631/647/265 643/646/265 644/648/265
f 632/637/264 644/648/264 645/83/264
f 645/650/275 646/664/275 634/638/275
f 634/638/274 646/664/274 647/652/274
f 647/652/273 648/76/273 636/640/273
f 648/76/272 649/654/272 637/642/272
f 649/654/271 650/655/271 638/643/271
f 650/655/270 639/79/270 627/644/270
f 651/656/281 652/657/281 640/645/281
f 652/657/280 653/659/280 641/658/280
f 653/659/279 654/660/279 642/81/279
f 654/660/278 655/661/278 643/646/278
f 655/661/374 656/662/374 644/648/374
f 656/662/276 657/673/276 645/83/276
f 657/663/287 658/675/287 646/664/287
f 646/664/375 658/675/375 659/665/375
f 647/652/285 659/665/285 660/666/285
f 648/76/284 660/666/284 661/667/284
f 649/654/283 661/667/283 662/668/283
f 650/655/282 662/668/282 651/656/282
f 663/669/293 664/681/293 652/657/293
f 652/657/292 664/681/292 665/670/292
f 665/670/291 666/683/291 654/660/291
f 654/660/290 666/683/290 667/671/290
f 667/671/289 668/672/289 656/662/289
f 668/672/288 669/686/288 657/673/288
f 669/674/299 670/676/299 658/675/299
f 670/676/377 671/677/377 659/665/377
f 671/677/297 672/678/297 660/666/297
f 672/678/296 673/679/296 661/667/296
f 673/679/295 674/691/295 662/668/295
f 662/668/294 674/691/294 663/669/294
f 663/669/305 675/693/305 676/680/305
f 676/680/304 677/695/304 665/670/304
f 665/670/303 677/695/303 678/682/303
f 666/683/302 678/682/302 679/684/302
f 679/684/301 680/685/301 668/672/301
f 680/685/300 681/699/300 669/686/300
f 669/674/311 681/701/311 682/687/311
f 670/676/310 682/687/310 683/688/310
f 683/688/309 684/689/309 672/678/309
f 684/689/308 685/690/308 673/679/308
f 685/690/307 686/692/307 674/691/307
f 686/692/306 675/693/306 663/669/306
f 675/693/317 687/706/317 688/694/317
f 688/694/316 689/696/316 677/695/316
f 689/696/315 690/710/315 678/682/315
f 678/682/314 690/710/314 691/697/314
f 691/697/313 692/698/313 680/685/313
f 692/698/312 693/713/312 681/699/312
f 693/700/323 694/702/323 682/687/323
f 694/702/322 695/703/322 683/688/322
f 695/703/321 696/704/321 684/689/321
f 696/704/320 697/705/320 685/690/320
f 697/705/319 698/718/319 686/692/319
f 686/692/318 698/718/318 687/706/318
f 687/706/329 699/720/329 700/707/329
f 688/694/379 700/707/379 701/708/379
f 689/696/327 701/708/327 702/709/327
f 690/710/326 702/709/326 703/711/326
f 691/697/380 703/711/380 704/712/380
f 704/712/324 705/721/324 693/713/324
f 705/714/335 706/715/335 694/702/335
f 706/715/334 707/716/334 695/703/334
f 707/716/333 708/722/333 696/704/333
f 696/704/332 708/722/332 709/717/332
f 709/717/381 710/719/381 698/718/381
f 710/719/330 699/720/330 687/706/330
f 699/720/341 135/108/341 136/107/341
f 136/107/340 137/110/340 701/708/340
f 701/708/339 137/110/339 138/111/339
f 138/111/338 139/113/338 703/711/338
f 139/113/337 140/115/337 704/712/337
f 704/712/336 140/115/336 141/116/336
f 141/117/347 142/119/347 706/715/347
f 142/119/399 143/121/399 707/716/399
f 707/716/345 143/121/345 144/122/345
f 144/122/344 145/124/344 709/717/344
f 709/717/383 145/124/383 146/125/383
f 146/125/342 135/108/342 699/720/342
f 723/106/60 724/127/60 712/107/60
f 712/107/61 724/127/61 725/109/61
f 725/109/62 726/129/62 714/111/62
f 714/111/63 726/129/63 727/112/63
f 727/112/446 728/114/446 716/115/446
f 728/114/65 729/133/65 717/116/65
f 717/117/66 729/135/66 730/118/66
f 730/118/349 731/120/349 719/121/349
f 731/120/68 732/138/68 720/122/68
f 720/122/69 732/138/69 733/123/69
f 733/123/70 734/141/70 722/125/70
f 722/125/71 734/141/71 723/106/71
f 735/126/72 736/143/72 724/127/72
f 736/143/73 737/128/73 725/109/73
f 737/128/74 738/146/74 726/129/74
f 738/146/75 739/130/75 727/112/75
f 727/112/76 739/130/76 740/131/76
f 728/114/77 740/131/77 741/132/77
f 741/134/78 742/136/78 730/118/78
f 742/136/79 743/151/79 731/120/79
f 743/151/80 744/137/80 732/138/80
f 732/138/81 744/137/81 745/139/81
f 733/123/82 745/139/82 746/140/82
f 734/141/83 746/140/83 735/126/83
f 735/126/84 747/142/84 748/156/84
f 748/156/85 749/144/85 737/128/85
f 737/128/86 749/144/86 750/145/86
f 738/146/87 750/145/87 751/147/87
f 739/130/88 751/147/88 752/148/88
f 752/148/89 753/161/89 741/132/89
f 741/134/90 753/149/90 754/150/90
f 754/150/91 755/152/91 743/151/91
f 755/152/92 756/165/92 744/137/92
f 744/137/93 756/165/93 757/153/93
f 757/153/94 758/154/94 746/140/94
f 746/140/95 758/154/95 747/142/95
f 759/155/96 760/157/96 748/156/96
f 760/157/97 761/169/97 749/144/97
f 749/144/98 761/169/98 762/158/98
f 762/158/99 763/159/99 751/147/99
f 763/159/100 764/160/100 752/148/100
f 764/160/101 765/174/101 753/161/101
f 753/149/102 765/175/102 766/162/102
f 754/150/103 766/162/103 767/163/103
f 767/163/104 768/164/104 756/165/104
f 768/164/105 769/166/105 757/153/105
f 757/153/106 769/166/106 770/167/106
f 758/154/107 770/167/107 759/155/107
f 759/155/108 771/180/108 772/168/108
f 772/168/109 773/170/109 761/169/109
f 773/170/110 774/171/110 762/158/110
f 774/171/111 775/184/111 763/159/111
f 775/184/354 776/172/354 764/160/354
f 764/160/113 776/172/113 777/173/113
f 765/175/114 777/186/114 778/176/114
f 778/176/115 779/177/115 767/163/115
f 767/163/116 779/177/116 780/189/116
f 768/164/117 780/189/117 781/178/117
f 769/166/118 781/178/118 782/179/118
f 770/167/119 782/179/119 771/180/119
f 771/180/120 783/80/120 784/181/120
f 784/181/121 785/182/121 773/170/121
f 785/182/122 786/82/122 774/171/122
f 786/82/123 787/183/123 775/184/123
f 787/183/124 788/185/124 776/172/124
f 788/185/125 789/196/125 777/173/125
f 777/186/126 789/198/126 790/187/126
f 778/176/127 790/187/127 791/188/127
f 791/188/128 792/78/128 780/189/128
f 780/189/129 792/78/129 793/190/129
f 781/178/130 793/190/130 794/191/130
f 794/191/131 783/80/131 771/180/131
f 783/80/132 795/204/132 796/192/132
f 784/181/133 796/192/133 797/193/133
f 797/193/134 798/207/134 786/82/134
f 786/82/135 798/207/135 799/194/135
f 787/183/136 799/194/136 800/210/136
f 788/185/137 800/210/137 801/195/137
f 801/197/138 802/199/138 790/187/138
f 790/187/139 802/199/139 803/200/139
f 803/200/140 804/201/140 792/78/140
f 792/78/141 804/201/141 805/202/141
f 793/190/142 805/202/142 806/203/142
f 806/203/143 795/204/143 783/80/143
f 795/204/144 807/216/144 808/205/144
f 808/205/145 809/218/145 797/193/145
f 797/193/146 809/218/146 810/206/146
f 810/206/147 811/208/147 799/194/147
f 799/194/148 811/208/148 812/209/148
f 800/210/385 812/209/385 813/211/385
f 813/212/150 814/213/150 802/199/150
f 814/213/151 815/224/151 803/200/151
f 815/224/152 816/214/152 804/201/152
f 816/214/153 817/227/153 805/202/153
f 805/202/154 817/227/154 818/215/154
f 818/215/155 807/216/155 795/204/155
f 807/216/156 819/231/156 820/217/156
f 808/205/157 820/217/157 821/233/157
f 809/218/158 821/233/158 822/219/158
f 822/219/159 823/220/159 811/208/159
f 811/208/160 823/220/160 824/221/160
f 812/209/161 824/221/161 825/237/161
f 813/212/162 825/222/162 826/223/162
f 814/213/387 826/223/387 827/225/387
f 827/225/164 828/226/164 816/214/164
f 828/226/165 829/228/165 817/227/165
f 829/228/166 830/229/166 818/215/166
f 830/229/167 819/231/167 807/216/167
f 819/231/168 831/230/168 832/244/168
f 832/244/169 833/232/169 821/233/169
f 833/232/170 834/246/170 822/219/170
f 822/219/171 834/246/171 835/234/171
f 823/220/172 835/234/172 836/235/172
f 824/221/173 836/235/173 837/236/173
f 837/238/174 838/239/174 826/223/174
f 838/239/360 839/240/360 827/225/360
f 839/240/176 840/241/176 828/226/176
f 828/226/177 840/241/177 841/253/177
f 841/253/178 842/242/178 830/229/178
f 842/242/179 831/230/179 819/231/179
f 843/255/180 844/243/180 832/244/180
f 832/244/181 844/243/181 845/245/181
f 833/232/464 845/245/464 846/259/464
f 834/246/183 846/259/183 847/247/183
f 847/247/184 848/248/184 836/235/184
f 836/235/185 848/248/185 849/249/185
f 849/250/186 850/263/186 838/239/186
f 850/263/187 851/251/187 839/240/187
f 851/251/363 852/252/363 840/241/363
f 840/241/448 852/252/448 853/254/448
f 853/254/470 854/267/470 842/242/470
f 854/267/191 843/255/191 831/230/191
f 855/256/192 856/257/192 844/243/192
f 844/243/365 856/257/365 857/269/365
f 845/245/194 857/269/194 858/258/194
f 846/259/195 858/258/195 859/260/195
f 859/260/364 860/261/364 848/248/364
f 860/261/197 861/274/197 849/249/197
f 849/250/198 861/276/198 862/262/198
f 850/263/388 862/262/388 863/264/388
f 863/264/200 864/265/200 852/252/200
f 864/265/201 865/266/201 853/254/201
f 853/254/366 865/266/366 866/280/366
f 854/267/203 866/280/203 855/256/203
f 855/256/204 867/283/204 868/268/204
f 868/268/449 869/270/449 857/269/449
f 869/270/206 870/271/206 858/258/206
f 870/271/207 871/286/207 859/260/207
f 859/260/368 871/286/368 872/272/368
f 860/261/209 872/272/209 873/273/209
f 873/275/210 874/277/210 862/262/210
f 874/277/211 875/291/211 863/264/211
f 863/264/212 875/291/212 876/278/212
f 864/265/213 876/278/213 877/279/213
f 865/266/214 877/279/214 878/281/214
f 878/281/215 867/283/215 855/256/215
f 879/282/216 880/295/216 868/268/216
f 868/268/217 880/295/217 881/284/217
f 869/270/218 881/284/218 882/285/218
f 882/285/411 883/298/411 871/286/411
f 871/286/220 883/298/220 884/287/220
f 872/272/221 884/287/221 885/288/221
f 885/289/222 886/290/222 874/277/222
f 886/290/223 887/302/223 875/291/223
f 875/291/224 887/302/224 888/292/224
f 888/292/225 889/305/225 877/279/225
f 889/305/226 890/293/226 878/281/226
f 878/281/227 890/293/227 879/282/227
f 891/294/228 892/307/228 880/295/228
f 880/295/229 892/307/229 893/296/229
f 893/296/230 894/297/230 882/285/230
f 894/297/231 895/310/231 883/298/231
f 883/298/232 895/310/232 896/299/232
f 884/287/233 896/299/233 897/312/233
f 885/289/234 897/300/234 898/301/234
f 898/301/235 899/315/235 887/302/235
f 887/302/236 899/315/236 900/303/236
f 888/292/237 900/303/237 901/304/237
f 901/304/238 902/306/238 890/293/238
f 890/293/239 902/306/239 891/294/239
f 903/88/240 904/320/240 892/307/240
f 892/307/450 904/320/450 905/308/450
f 893/296/242 905/308/242 906/309/242
f 894/297/243 906/309/243 907/311/243
f 907/311/244 908/324/244 896/299/244
f 896/299/245 908/324/245 909/90/245
f 909/313/246 910/314/246 898/301/246
f 910/314/471 911/316/471 899/315/471
f 911/316/248 912/317/248 900/303/248
f 900/303/249 912/317/249 913/318/249
f 913/318/451 914/331/451 902/306/451
f 902/306/251 914/331/251 903/88/251
f 903/88/252 915/332/252 916/319/252
f 904/320/372 916/319/372 917/321/372
f 917/321/254 918/322/254 906/309/254
f 918/322/255 919/323/255 907/311/255
f 919/323/472 920/325/472 908/324/472
f 920/325/257 921/337/257 909/90/257
f 909/313/258 921/339/258 922/326/258
f 910/314/259 922/326/259 923/327/259
f 911/316/260 923/327/260 924/328/260
f 912/317/261 924/328/261 925/329/261
f 913/318/262 925/329/262 926/330/262
f 926/330/263 915/332/263 903/88/263
f 915/332/264 927/86/264 928/344/264
f 928/344/473 929/333/473 917/321/473
f 917/321/266 929/333/266 930/334/266
f 930/334/267 931/335/267 919/323/267
f 931/335/268 932/348/268 920/325/268
f 920/325/269 932/348/269 933/336/269
f 933/338/270 934/351/270 922/326/270
f 922/326/271 934/351/271 935/340/271
f 935/340/272 936/341/272 924/328/272
f 936/341/273 937/355/273 925/329/273
f 937/355/274 938/342/274 926/330/274
f 938/342/275 927/86/275 915/332/275
f 927/86/276 939/343/276 940/358/276
f 928/344/374 940/358/374 941/345/374
f 941/345/278 942/346/278 930/334/278
f 942/346/279 943/347/279 931/335/279
f 943/347/280 944/362/280 932/348/280
f 944/362/281 945/349/281 933/336/281
f 945/365/282 946/350/282 934/351/282
f 934/351/283 946/350/283 947/352/283
f 935/340/284 947/352/284 948/353/284
f 948/353/285 949/354/285 937/355/285
f 949/354/375 950/356/375 938/342/375
f 938/342/287 950/356/287 939/343/287
f 951/357/288 952/371/288 940/358/288
f 952/371/376 953/359/376 941/345/376
f 941/345/290 953/359/290 954/360/290
f 942/346/291 954/360/291 955/361/291
f 943/347/292 955/361/292 956/363/292
f 944/362/293 956/363/293 957/377/293
f 945/365/294 957/364/294 958/366/294
f 946/350/295 958/366/295 959/367/295
f 959/367/296 960/368/296 948/353/296
f 960/368/297 961/381/297 949/354/297
f 961/381/377 962/369/377 950/356/377
f 962/369/474 951/357/474 939/343/474
f 963/370/300 964/383/300 952/371/300
f 952/371/301 964/383/301 965/372/301
f 965/372/302 966/373/302 954/360/302
f 954/360/303 966/373/303 967/374/303
f 955/361/378 967/374/378 968/375/378
f 968/375/305 969/376/305 957/377/305
f 969/389/306 970/378/306 958/366/306
f 970/378/307 971/379/307 959/367/307
f 971/379/308 972/393/308 960/368/308
f 972/393/309 973/380/309 961/381/309
f 973/380/310 974/396/310 962/369/310
f 962/369/311 974/396/311 963/370/311
f 963/370/312 975/382/312 976/384/312
f 976/384/313 977/385/313 965/372/313
f 977/385/314 978/386/314 966/373/314
f 978/386/315 979/387/315 967/374/315
f 967/374/316 979/387/316 980/388/316
f 980/388/317 981/402/317 969/376/317
f 969/389/318 981/403/318 982/390/318
f 970/378/454 982/390/454 983/391/454
f 971/379/320 983/391/320 984/392/320
f 972/393/321 984/392/321 985/394/321
f 973/380/322 985/394/322 986/395/322
f 974/396/323 986/395/323 975/382/323
f 975/382/324 987/408/324 988/397/324
f 976/384/325 988/397/325 989/398/325
f 989/398/326 990/399/326 978/386/326
f 978/386/327 990/399/327 991/400/327
f 991/400/379 992/401/379 980/388/379
f 992/401/329 993/412/329 981/402/329
f 981/403/330 993/414/330 994/404/330
f 982/390/381 994/404/381 995/405/381
f 983/391/332 995/405/332 996/417/332
f 984/392/333 996/417/333 997/406/333
f 997/406/455 998/407/455 986/395/455
f 998/407/335 987/408/335 975/382/335
f 999/89/336 1000/409/336 988/397/336
f 1000/409/456 1001/410/456 989/398/456
f 1001/410/338 1002/723/338 990/399/338
f 1002/723/339 1003/411/339 991/400/339
f 991/400/398 1003/411/398 1004/724/398
f 1004/724/341 1005/87/341 993/412/341
f 1005/413/342 1006/415/342 994/404/342
f 994/404/343 1006/415/343 1007/725/343
f 1007/725/344 1008/416/344 996/417/344
f 996/417/345 1008/416/345 1009/418/345
f 997/406/346 1009/418/346 1010/419/346
f 1010/419/347 999/89/347 987/408/347
f 999/422/65 1011/420/65 1012/443/65
f 1000/421/64 1012/443/64 1013/423/64
f 1001/424/63 1013/423/63 1014/425/63
f 1014/425/62 1015/447/62 1003/427/62
f 1015/447/348 1016/428/348 1004/429/348
f 1016/428/60 1017/450/60 1005/430/60
f 1005/431/71 1017/452/71 1018/432/71
f 1018/432/400 1019/434/400 1007/435/400
f 1007/435/69 1019/434/69 1020/436/69
f 1020/436/68 1021/439/68 1009/438/68
f 1021/439/67 1022/441/67 1010/440/67
f 1022/441/66 1011/420/66 999/422/66
f 1023/442/77 1024/444/77 1012/443/77
f 1024/444/76 1025/457/76 1013/423/76
f 1013/423/75 1025/457/75 1026/445/75
f 1026/445/74 1027/446/74 1015/447/74
f 1015/447/447 1027/446/447 1028/448/447
f 1016/428/72 1028/448/72 1029/449/72
f 1029/451/83 1030/453/83 1018/432/83
f 1030/453/457 1031/463/457 1019/434/457
f 1031/463/81 1032/454/81 1020/436/81
f 1032/454/80 1033/465/80 1021/439/80
f 1033/465/79 1034/455/79 1022/441/79
f 1022/441/78 1034/455/78 1023/442/78
f 1035/74/89 1036/456/89 1024/444/89
f 1024/444/352 1036/456/352 1037/458/352
f 1025/457/87 1037/458/87 1038/469/87
f 1038/469/86 1039/459/86 1027/446/86
f 1039/459/458 1040/460/458 1028/448/458
f 1028/448/84 1040/460/84 1041/73/84
f 1029/451/95 1041/461/95 1042/473/95
f 1030/453/459 1042/473/459 1043/462/459
f 1043/462/93 1044/464/93 1032/454/93
f 1044/464/92 1045/466/92 1033/465/92
f 1033/465/91 1045/466/91 1046/476/91
f 1034/455/90 1046/476/90 1035/74/90
f 1035/74/101 1047/478/101 1048/467/101
f 1048/467/100 1049/481/100 1037/458/100
f 1049/481/99 1050/468/99 1038/469/99
f 1050/468/98 1051/470/98 1039/459/98
f 1051/470/97 1052/471/97 1040/460/97
f 1052/471/96 1053/485/96 1041/73/96
f 1041/461/107 1053/487/107 1054/472/107
f 1054/472/106 1055/474/106 1043/462/106
f 1055/474/105 1056/490/105 1044/464/105
f 1056/490/104 1057/475/104 1045/466/104
f 1045/466/103 1057/475/103 1058/477/103
f 1046/476/102 1058/477/102 1047/478/102
f 1059/492/113 1060/479/113 1048/467/113
f 1060/479/354 1061/480/354 1049/481/354
f 1049/481/111 1061/480/111 1062/482/111
f 1062/482/110 1063/483/110 1051/470/110
f 1063/483/109 1064/484/109 1052/471/109
f 1064/484/108 1065/497/108 1053/485/108
f 1053/487/384 1065/486/384 1066/499/384
f 1054/472/118 1066/499/118 1067/488/118
f 1067/488/117 1068/489/117 1056/490/117
f 1068/489/116 1069/503/116 1057/475/116
f 1069/503/115 1070/491/115 1058/477/115
f 1070/491/114 1059/492/114 1047/478/114
f 1071/85/125 1072/493/125 1060/479/125
f 1072/493/461 1073/494/461 1061/480/461
f 1061/480/123 1073/494/123 1074/84/123
f 1062/482/122 1074/84/122 1075/495/122
f 1063/483/121 1075/495/121 1076/496/121
f 1064/484/120 1076/496/120 1077/72/120
f 1065/486/131 1077/498/131 1078/500/131
f 1078/500/130 1079/501/130 1067/488/130
f 1079/501/129 1080/502/129 1068/489/129
f 1080/502/128 1081/513/128 1069/503/128
f 1069/503/462 1081/513/462 1082/504/462
f 1082/504/126 1071/85/126 1059/492/126
f 1071/85/137 1083/505/137 1084/517/137
f 1072/493/136 1084/517/136 1085/506/136
f 1073/494/135 1085/506/135 1086/507/135
f 1086/507/134 1087/520/134 1075/495/134
f 1075/495/133 1087/520/133 1088/508/133
f 1076/496/132 1088/508/132 1089/509/132
f 1089/510/143 1090/511/143 1078/500/143
f 1090/511/142 1091/524/142 1079/501/142
f 1079/501/141 1091/524/141 1092/512/141
f 1092/512/140 1093/514/140 1081/513/140
f 1093/514/139 1094/515/139 1082/504/139
f 1082/504/138 1094/515/138 1083/505/138
f 1083/505/385 1095/528/385 1096/516/385
f 1084/517/148 1096/516/148 1097/518/148
f 1085/506/147 1097/518/147 1098/519/147
f 1086/507/146 1098/519/146 1099/521/146
f 1099/521/145 1100/522/145 1088/508/145
f 1100/522/144 1101/533/144 1089/509/144
f 1089/510/155 1101/534/155 1102/523/155
f 1102/523/154 1103/525/154 1091/524/154
f 1091/524/153 1103/525/153 1104/526/153
f 1104/526/152 1105/539/152 1093/514/152
f 1093/514/151 1105/539/151 1106/527/151
f 1106/527/150 1095/528/150 1083/505/150
f 1095/528/161 1107/542/161 1108/529/161
f 1108/529/160 1109/544/160 1097/518/160
f 1109/544/159 1110/530/159 1098/519/159
f 1110/530/158 1111/531/158 1099/521/158
f 1111/531/157 1112/532/157 1100/522/157
f 1112/532/156 1113/548/156 1101/533/156
f 1101/534/167 1113/549/167 1114/535/167
f 1102/523/166 1114/535/166 1115/536/166
f 1115/536/165 1116/537/165 1104/526/165
f 1116/537/164 1117/538/164 1105/539/164
f 1105/539/387 1117/538/387 1118/540/387
f 1118/540/162 1107/542/162 1095/528/162
f 1119/541/173 1120/543/173 1108/529/173
f 1108/529/172 1120/543/172 1121/555/172
f 1109/544/171 1121/555/171 1122/545/171
f 1110/530/170 1122/545/170 1123/546/170
f 1123/546/169 1124/547/169 1112/532/169
f 1124/547/168 1125/559/168 1113/548/168
f 1113/549/179 1125/560/179 1126/550/179
f 1114/535/475 1126/550/475 1127/551/475
f 1127/551/177 1128/552/177 1116/537/177
f 1128/552/176 1129/553/176 1117/538/176
f 1117/538/175 1129/553/175 1130/565/175
f 1118/540/174 1130/565/174 1119/541/174
f 1119/541/185 1131/566/185 1132/554/185
f 1132/554/184 1133/556/184 1121/555/184
f 1133/556/183 1134/569/183 1122/545/183
f 1122/545/182 1134/569/182 1135/557/182
f 1123/546/181 1135/557/181 1136/558/181
f 1136/558/180 1137/572/180 1125/559/180
f 1125/560/191 1137/573/191 1138/561/191
f 1126/550/190 1138/561/190 1139/562/190
f 1139/562/448 1140/563/448 1128/552/448
f 1140/563/188 1141/577/188 1129/553/188
f 1129/553/465 1141/577/465 1142/564/465
f 1130/565/186 1142/564/186 1131/566/186
f 1131/566/197 1143/579/197 1144/567/197
f 1144/567/466 1145/568/466 1133/556/466
f 1145/568/195 1146/582/195 1134/569/195
f 1134/569/194 1146/582/194 1147/570/194
f 1135/557/193 1147/570/193 1148/571/193
f 1148/571/192 1149/586/192 1137/572/192
f 1137/573/203 1149/588/203 1150/574/203
f 1150/574/366 1151/590/366 1139/562/366
f 1151/590/201 1152/575/201 1140/563/201
f 1152/575/200 1153/576/200 1141/577/200
f 1153/576/367 1154/578/367 1142/564/367
f 1154/578/198 1143/579/198 1131/566/198
f 1143/579/209 1155/594/209 1156/580/209
f 1156/580/368 1157/581/368 1145/568/368
f 1157/581/207 1158/583/207 1146/582/207
f 1158/583/206 1159/598/206 1147/570/206
f 1147/570/449 1159/598/449 1160/584/449
f 1148/571/204 1160/584/204 1161/585/204
f 1161/587/215 1162/589/215 1150/574/215
f 1162/589/369 1163/603/369 1151/590/369
f 1151/590/213 1163/603/213 1164/591/213
f 1152/575/212 1164/591/212 1165/592/212
f 1165/592/211 1166/593/211 1154/578/211
f 1166/593/210 1155/594/210 1143/579/210
f 1155/594/221 1167/606/221 1168/595/221
f 1168/595/220 1169/596/220 1157/581/220
f 1157/581/219 1169/596/219 1170/597/219
f 1170/597/391 1171/599/391 1159/598/391
f 1171/599/217 1172/611/217 1160/584/217
f 1160/584/216 1172/611/216 1173/600/216
f 1173/601/227 1174/602/227 1162/589/227
f 1162/589/394 1174/602/394 1175/614/394
f 1163/603/225 1175/614/225 1176/604/225
f 1164/591/224 1176/604/224 1177/616/224
f 1165/592/223 1177/616/223 1178/605/223
f 1178/605/222 1167/606/222 1155/594/222
f 1179/620/233 1180/607/233 1168/595/233
f 1180/607/467 1181/608/467 1169/596/467
f 1169/596/231 1181/608/231 1182/609/231
f 1170/597/230 1182/609/230 1183/623/230
f 1183/623/229 1184/610/229 1172/611/229
f 1184/610/228 1185/626/228 1173/600/228
f 1173/601/239 1185/628/239 1186/612/239
f 1186/612/476 1187/613/476 1175/614/476
f 1187/613/237 1188/615/237 1176/604/237
f 1188/615/236 1189/617/236 1177/616/236
f 1189/617/477 1190/618/477 1178/605/477
f 1190/618/234 1179/620/234 1167/606/234
f 1191/619/245 1192/633/245 1180/607/245
f 1192/633/244 1193/621/244 1181/608/244
f 1193/621/243 1194/635/243 1182/609/243
f 1182/609/242 1194/635/242 1195/622/242
f 1195/622/450 1196/624/450 1184/610/450
f 1196/624/240 1197/625/240 1185/626/240
f 1197/627/251 1198/639/251 1186/612/251
f 1198/639/250 1199/629/250 1187/613/250
f 1199/629/249 1200/641/249 1188/615/249
f 1188/615/248 1200/641/248 1201/630/248
f 1201/630/247 1202/631/247 1190/618/247
f 1190/618/246 1202/631/246 1191/619/246
f 1191/619/257 1203/644/257 1204/632/257
f 1192/633/256 1204/632/256 1205/634/256
f 1205/634/255 1206/636/255 1194/635/255
f 1206/636/254 1207/647/254 1195/622/254
f 1195/622/253 1207/647/253 1208/637/253
f 1208/637/469 1209/649/469 1197/625/469
f 1197/627/263 1209/651/263 1210/638/263
f 1210/638/395 1211/653/395 1199/629/395
f 1211/653/261 1212/640/261 1200/641/261
f 1212/640/260 1213/642/260 1201/630/260
f 1201/630/259 1213/642/259 1214/643/259
f 1214/643/258 1203/644/258 1191/619/258
f 1203/644/269 1215/79/269 1216/645/269
f 1204/632/268 1216/645/268 1217/658/268
f 1205/634/267 1217/658/267 1218/81/267
f 1218/81/266 1219/646/266 1207/647/266
f 1219/646/265 1220/648/265 1208/637/265
f 1208/637/264 1220/648/264 1221/83/264
f 1221/650/275 1222/664/275 1210/638/275
f 1222/664/274 1223/652/274 1211/653/274
f 1223/652/273 1224/76/273 1212/640/273
f 1224/76/272 1225/654/272 1213/642/272
f 1213/642/271 1225/654/271 1226/655/271
f 1226/655/270 1215/79/270 1203/644/270
f 1227/656/281 1228/657/281 1216/645/281
f 1228/657/280 1229/659/280 1217/658/280
f 1217/658/279 1229/659/279 1230/660/279
f 1230/660/278 1231/661/278 1219/646/278
f 1231/661/374 1232/662/374 1220/648/374
f 1220/648/276 1232/662/276 1233/673/276
f 1221/650/287 1233/663/287 1234/675/287
f 1222/664/375 1234/675/375 1235/665/375
f 1223/652/285 1235/665/285 1236/666/285
f 1236/666/284 1237/667/284 1225/654/284
f 1225/654/283 1237/667/283 1238/668/283
f 1226/655/282 1238/668/282 1227/656/282
f 1239/669/293 1240/681/293 1228/657/293
f 1228/657/292 1240/681/292 1241/670/292
f 1241/670/291 1242/683/291 1230/660/291
f 1242/683/290 1243/671/290 1231/661/290
f 1231/661/376 1243/671/376 1244/672/376
f 1244/672/288 1245/686/288 1233/673/288
f 1245/674/299 1246/676/299 1234/675/299
f 1234/675/377 1246/676/377 1247/677/377
f 1247/677/297 1248/678/297 1236/666/297
f 1248/678/296 1249/679/296 1237/667/296
f 1249/679/295 1250/691/295 1238/668/295
f 1238/668/294 1250/691/294 1239/669/294
f 1239/669/305 1251/693/305 1252/680/305
f 1252/680/378 1253/695/378 1241/670/378
f 1241/670/303 1253/695/303 1254/682/303
f 1242/683/302 1254/682/302 1255/684/302
f 1255/684/301 1256/685/301 1244/672/301
f 1256/685/300 1257/699/300 1245/686/300
f 1245/674/311 1257/701/311 1258/687/311
f 1246/676/310 1258/687/310 1259/688/310
f 1259/688/309 1260/689/309 1248/678/309
f 1260/689/308 1261/690/308 1249/679/308
f 1249/679/396 1261/690/396 1262/692/396
f 1262/692/306 1251/693/306 1239/669/306
f 1263/706/317 1264/694/317 1252/680/317
f 1252/680/316 1264/694/316 1265/696/316
f 1265/696/315 1266/710/315 1254/682/315
f 1254/682/314 1266/710/314 1267/697/314
f 1255/684/313 1267/697/313 1268/698/313
f 1256/685/312 1268/698/312 1269/713/312
f 1257/701/323 1269/700/323 1270/702/323
f 1258/687/322 1270/702/322 1271/703/322
f 1271/703/321 1272/704/321 1260/689/321
f 1272/704/320 1273/705/320 1261/690/320
f 1261/690/319 1273/705/319 1274/718/319
f 1274/718/318 1263/706/318 1251/693/318
f 1263/706/329 1275/720/329 1276/707/329
f 1264/694/379 1276/707/379 1277/708/379
f 1277/708/327 1278/709/327 1266/710/327
f 1266/710/326 1278/709/326 1279/711/326
f 1267/697/380 1279/711/380 1280/712/380
f 1280/712/324 1281/721/324 1269/713/324
f 1269/700/335 1281/714/335 1282/715/335
f 1282/715/334 1283/716/334 1271/703/334
f 1283/716/333 1284/722/333 1272/704/333
f 1284/722/332 1285/717/332 1273/705/332
f 1285/717/381 1286/719/381 1274/718/381
f 1274/718/330 1286/719/330 1275/720/330
f 1275/720/341 711/108/341 712/107/341
f 712/107/340 713/110/340 1277/708/340
f 1277/708/339 713/110/339 714/111/339
f 714/111/338 715/113/338 1279/711/338
f 1279/711/337 715/113/337 716/115/337
f 1280/712/336 716/115/336 717/116/336
f 717/117/347 718/119/347 1282/715/347
f 1282/715/346 718/119/346 719/121/346
f 719/121/345 720/122/345 1284/722/345
f 720/122/344 721/124/344 1285/717/344
f 1285/717/383 721/124/383 722/125/383
f 722/125/342 711/108/342 1275/720/342
usemtl gold_lock
f 124/87/56 125/88/56 123/89/56
f 126/90/54 127/91/54 125/88/54
f 128/92/57 129/93/57 127/91/57
f 130/94/58 131/95/58 129/93/58
f 124/96/51 132/97/51 128/98/51
f 132/99/50 133/100/50 131/95/50
f 134/101/59 123/102/59 133/100/59
f 125/103/53 129/104/53 133/105/53
f 124/87/56 126/90/56 125/88/56
f 126/90/54 128/92/54 127/91/54
f 128/92/57 130/94/57 129/93/57
f 130/94/58 132/99/58 131/95/58
f 128/98/51 126/729/51 124/96/51
f 124/96/51 134/730/51 132/97/51
f 132/97/51 130/731/51 128/98/51
f 132/99/50 134/101/50 133/100/50
f 134/101/59 124/732/59 123/102/59
f 133/105/53 123/733/53 125/103/53
f 125/103/53 127/734/53 129/104/53
f 129/104/53 131/735/53 133/105/53
